
[2026-07-30 14:50:48] $ /usr/bin/python3 /home/an/RaybanMeta/uav-continual-learning/scripts/run_g1.py --config /home/an/RaybanMeta/uav-continual-learning/configs/g2_titans_resisc45_selfmod_m3_ncm.yaml --method titans --skip-existing --set seed=0 log.run_tag=ncm-head log.dir=/home/an/RaybanMeta/uav-continual-learning/artifacts_ncm_head_study
== G1 run: dataset=resisc45 method=titans seed=0 device=cuda
Warning: You are sending unauthenticated requests to the HF Hub. Please set a HF_TOKEN to enable higher rate limits and faster downloads.
task 0: 5 classes [airplane, airport, desert, runway, stadium] | train 2800 / val 350 / test 350
task 1: 5 classes [church, dense_residential, lake, tennis_court, thermal_power_station] | train 2800 / val 350 / test 350
task 2: 5 classes [bridge, chaparral, freeway, island, railway] | train 2800 / val 350 / test 350
task 3: 5 classes [commercial_area, golf_course, medium_residential, parking_lot, terrace] | train 2800 / val 350 / test 350
task 4: 5 classes [cloud, harbor, palace, sea_ice, ship] | train 2800 / val 350 / test 350
task 5: 5 classes [basketball_court, roundabout, snowberg, sparse_residential, wetland] | train 2800 / val 350 / test 350
task 6: 5 classes [beach, circular_farmland, forest, industrial_area, storage_tank] | train 2800 / val 350 / test 350
task 7: 5 classes [intersection, meadow, mountain, railway_station, rectangular_farmland] | train 2800 / val 350 / test 350
task 8: 5 classes [baseball_diamond, ground_track_field, mobile_home_park, overpass, river] | train 2800 / val 350 / test 350
[titans] seq=image_seq reset=never chunk=32
[task 0] classes=[0, 1, 12, 34, 39] | train=2800

  epoch 1/3:   0%|          | 0/88 [00:00<?, ?it/s]
  epoch 1/3:   0%|          | 0/88 [00:01<?, ?it/s, loss=1.746]
  epoch 1/3:   1%|          | 1/88 [00:01<02:35,  1.79s/it, loss=1.746]
  epoch 1/3:   1%|          | 1/88 [00:02<02:35,  1.79s/it, loss=1.819]
  epoch 1/3:   2%|▏         | 2/88 [00:02<01:16,  1.13it/s, loss=1.819]
  epoch 1/3:   2%|▏         | 2/88 [00:02<01:16,  1.13it/s, loss=1.780]
  epoch 1/3:   3%|▎         | 3/88 [00:02<00:49,  1.72it/s, loss=1.780]
  epoch 1/3:   3%|▎         | 3/88 [00:02<00:49,  1.72it/s, loss=1.767]
  epoch 1/3:   5%|▍         | 4/88 [00:02<00:36,  2.28it/s, loss=1.767]
  epoch 1/3:   5%|▍         | 4/88 [00:02<00:36,  2.28it/s, loss=1.777]
  epoch 1/3:   6%|▌         | 5/88 [00:02<00:29,  2.78it/s, loss=1.777]
  epoch 1/3:   6%|▌         | 5/88 [00:02<00:29,  2.78it/s, loss=1.777]
  epoch 1/3:   7%|▋         | 6/88 [00:02<00:25,  3.19it/s, loss=1.777]
  epoch 1/3:   7%|▋         | 6/88 [00:03<00:25,  3.19it/s, loss=1.773]
  epoch 1/3:   8%|▊         | 7/88 [00:03<00:22,  3.52it/s, loss=1.773]
  epoch 1/3:   8%|▊         | 7/88 [00:03<00:22,  3.52it/s, loss=1.765]
  epoch 1/3:   9%|▉         | 8/88 [00:03<00:21,  3.77it/s, loss=1.765]
  epoch 1/3:   9%|▉         | 8/88 [00:03<00:21,  3.77it/s, loss=1.759]
  epoch 1/3:  10%|█         | 9/88 [00:03<00:20,  3.94it/s, loss=1.759]
  epoch 1/3:  10%|█         | 9/88 [00:03<00:20,  3.94it/s, loss=1.748]
  epoch 1/3:  11%|█▏        | 10/88 [00:03<00:19,  4.10it/s, loss=1.748]
  epoch 1/3:  11%|█▏        | 10/88 [00:04<00:19,  4.10it/s, loss=1.746]
  epoch 1/3:  12%|█▎        | 11/88 [00:04<00:18,  4.22it/s, loss=1.746]
  epoch 1/3:  12%|█▎        | 11/88 [00:04<00:18,  4.22it/s, loss=1.745]
  epoch 1/3:  14%|█▎        | 12/88 [00:04<00:17,  4.30it/s, loss=1.745]
  epoch 1/3:  14%|█▎        | 12/88 [00:04<00:17,  4.30it/s, loss=1.742]
  epoch 1/3:  15%|█▍        | 13/88 [00:04<00:17,  4.36it/s, loss=1.742]
  epoch 1/3:  15%|█▍        | 13/88 [00:04<00:17,  4.36it/s, loss=1.735]
  epoch 1/3:  16%|█▌        | 14/88 [00:04<00:16,  4.37it/s, loss=1.735]
  epoch 1/3:  16%|█▌        | 14/88 [00:04<00:16,  4.37it/s, loss=1.734]
  epoch 1/3:  17%|█▋        | 15/88 [00:04<00:16,  4.41it/s, loss=1.734]
  epoch 1/3:  17%|█▋        | 15/88 [00:05<00:16,  4.41it/s, loss=1.731]
  epoch 1/3:  18%|█▊        | 16/88 [00:05<00:16,  4.38it/s, loss=1.731]
  epoch 1/3:  18%|█▊        | 16/88 [00:05<00:16,  4.38it/s, loss=1.728]
  epoch 1/3:  19%|█▉        | 17/88 [00:05<00:16,  4.42it/s, loss=1.728]
  epoch 1/3:  19%|█▉        | 17/88 [00:05<00:16,  4.42it/s, loss=1.719]
  epoch 1/3:  20%|██        | 18/88 [00:05<00:15,  4.46it/s, loss=1.719]
  epoch 1/3:  20%|██        | 18/88 [00:05<00:15,  4.46it/s, loss=1.713]
  epoch 1/3:  22%|██▏       | 19/88 [00:05<00:15,  4.46it/s, loss=1.713]
  epoch 1/3:  22%|██▏       | 19/88 [00:06<00:15,  4.46it/s, loss=1.709]
  epoch 1/3:  23%|██▎       | 20/88 [00:06<00:15,  4.49it/s, loss=1.709]
  epoch 1/3:  23%|██▎       | 20/88 [00:06<00:15,  4.49it/s, loss=1.706]
  epoch 1/3:  24%|██▍       | 21/88 [00:06<00:14,  4.49it/s, loss=1.706]
  epoch 1/3:  24%|██▍       | 21/88 [00:06<00:14,  4.49it/s, loss=1.699]
  epoch 1/3:  25%|██▌       | 22/88 [00:06<00:14,  4.49it/s, loss=1.699]
  epoch 1/3:  25%|██▌       | 22/88 [00:06<00:14,  4.49it/s, loss=1.695]
  epoch 1/3:  26%|██▌       | 23/88 [00:06<00:14,  4.46it/s, loss=1.695]
  epoch 1/3:  26%|██▌       | 23/88 [00:06<00:14,  4.46it/s, loss=1.686]
  epoch 1/3:  27%|██▋       | 24/88 [00:06<00:14,  4.49it/s, loss=1.686]
  epoch 1/3:  27%|██▋       | 24/88 [00:07<00:14,  4.49it/s, loss=1.679]
  epoch 1/3:  28%|██▊       | 25/88 [00:07<00:14,  4.48it/s, loss=1.679]
  epoch 1/3:  28%|██▊       | 25/88 [00:07<00:14,  4.48it/s, loss=1.669]
  epoch 1/3:  30%|██▉       | 26/88 [00:07<00:13,  4.47it/s, loss=1.669]
  epoch 1/3:  30%|██▉       | 26/88 [00:07<00:13,  4.47it/s, loss=1.665]
  epoch 1/3:  31%|███       | 27/88 [00:07<00:13,  4.49it/s, loss=1.665]
  epoch 1/3:  31%|███       | 27/88 [00:07<00:13,  4.49it/s, loss=1.657]
  epoch 1/3:  32%|███▏      | 28/88 [00:07<00:13,  4.48it/s, loss=1.657]
  epoch 1/3:  32%|███▏      | 28/88 [00:08<00:13,  4.48it/s, loss=1.649]
  epoch 1/3:  33%|███▎      | 29/88 [00:08<00:13,  4.49it/s, loss=1.649]
  epoch 1/3:  33%|███▎      | 29/88 [00:08<00:13,  4.49it/s, loss=1.645]
  epoch 1/3:  34%|███▍      | 30/88 [00:08<00:12,  4.47it/s, loss=1.645]
  epoch 1/3:  34%|███▍      | 30/88 [00:08<00:12,  4.47it/s, loss=1.638]
  epoch 1/3:  35%|███▌      | 31/88 [00:08<00:12,  4.48it/s, loss=1.638]
  epoch 1/3:  35%|███▌      | 31/88 [00:08<00:12,  4.48it/s, loss=1.637]
  epoch 1/3:  36%|███▋      | 32/88 [00:08<00:12,  4.41it/s, loss=1.637]
  epoch 1/3:  36%|███▋      | 32/88 [00:08<00:12,  4.41it/s, loss=1.631]
  epoch 1/3:  38%|███▊      | 33/88 [00:08<00:12,  4.44it/s, loss=1.631]
  epoch 1/3:  38%|███▊      | 33/88 [00:09<00:12,  4.44it/s, loss=1.626]
  epoch 1/3:  39%|███▊      | 34/88 [00:09<00:12,  4.45it/s, loss=1.626]
  epoch 1/3:  39%|███▊      | 34/88 [00:09<00:12,  4.45it/s, loss=1.622]
  epoch 1/3:  40%|███▉      | 35/88 [00:09<00:11,  4.43it/s, loss=1.622]
  epoch 1/3:  40%|███▉      | 35/88 [00:09<00:11,  4.43it/s, loss=1.614]
  epoch 1/3:  41%|████      | 36/88 [00:09<00:11,  4.44it/s, loss=1.614]
  epoch 1/3:  41%|████      | 36/88 [00:09<00:11,  4.44it/s, loss=1.604]
  epoch 1/3:  42%|████▏     | 37/88 [00:09<00:11,  4.43it/s, loss=1.604]
  epoch 1/3:  42%|████▏     | 37/88 [00:10<00:11,  4.43it/s, loss=1.597]
  epoch 1/3:  43%|████▎     | 38/88 [00:10<00:11,  4.45it/s, loss=1.597]
  epoch 1/3:  43%|████▎     | 38/88 [00:10<00:11,  4.45it/s, loss=1.589]
  epoch 1/3:  44%|████▍     | 39/88 [00:10<00:11,  4.44it/s, loss=1.589]
  epoch 1/3:  44%|████▍     | 39/88 [00:10<00:11,  4.44it/s, loss=1.580]
  epoch 1/3:  45%|████▌     | 40/88 [00:10<00:10,  4.45it/s, loss=1.580]
  epoch 1/3:  45%|████▌     | 40/88 [00:10<00:10,  4.45it/s, loss=1.573]
  epoch 1/3:  47%|████▋     | 41/88 [00:10<00:10,  4.45it/s, loss=1.573]
  epoch 1/3:  47%|████▋     | 41/88 [00:10<00:10,  4.45it/s, loss=1.568]
  epoch 1/3:  48%|████▊     | 42/88 [00:10<00:10,  4.47it/s, loss=1.568]
  epoch 1/3:  48%|████▊     | 42/88 [00:11<00:10,  4.47it/s, loss=1.561]
  epoch 1/3:  49%|████▉     | 43/88 [00:11<00:10,  4.43it/s, loss=1.561]
  epoch 1/3:  49%|████▉     | 43/88 [00:11<00:10,  4.43it/s, loss=1.551]
  epoch 1/3:  50%|█████     | 44/88 [00:11<00:09,  4.41it/s, loss=1.551]
  epoch 1/3:  50%|█████     | 44/88 [00:11<00:09,  4.41it/s, loss=1.544]
  epoch 1/3:  51%|█████     | 45/88 [00:11<00:09,  4.43it/s, loss=1.544]
  epoch 1/3:  51%|█████     | 45/88 [00:11<00:09,  4.43it/s, loss=1.538]
  epoch 1/3:  52%|█████▏    | 46/88 [00:11<00:09,  4.41it/s, loss=1.538]
  epoch 1/3:  52%|█████▏    | 46/88 [00:12<00:09,  4.41it/s, loss=1.532]
  epoch 1/3:  53%|█████▎    | 47/88 [00:12<00:09,  4.41it/s, loss=1.532]
  epoch 1/3:  53%|█████▎    | 47/88 [00:12<00:09,  4.41it/s, loss=1.525]
  epoch 1/3:  55%|█████▍    | 48/88 [00:12<00:09,  4.34it/s, loss=1.525]
  epoch 1/3:  55%|█████▍    | 48/88 [00:12<00:09,  4.34it/s, loss=1.516]
  epoch 1/3:  56%|█████▌    | 49/88 [00:12<00:08,  4.36it/s, loss=1.516]
  epoch 1/3:  56%|█████▌    | 49/88 [00:12<00:08,  4.36it/s, loss=1.511]
  epoch 1/3:  57%|█████▋    | 50/88 [00:12<00:08,  4.39it/s, loss=1.511]
  epoch 1/3:  57%|█████▋    | 50/88 [00:13<00:08,  4.39it/s, loss=1.505]
  epoch 1/3:  58%|█████▊    | 51/88 [00:13<00:08,  4.38it/s, loss=1.505]
  epoch 1/3:  58%|█████▊    | 51/88 [00:13<00:08,  4.38it/s, loss=1.499]
  epoch 1/3:  59%|█████▉    | 52/88 [00:13<00:08,  4.40it/s, loss=1.499]
  epoch 1/3:  59%|█████▉    | 52/88 [00:13<00:08,  4.40it/s, loss=1.490]
  epoch 1/3:  60%|██████    | 53/88 [00:13<00:07,  4.42it/s, loss=1.490]
  epoch 1/3:  60%|██████    | 53/88 [00:13<00:07,  4.42it/s, loss=1.486]
  epoch 1/3:  61%|██████▏   | 54/88 [00:13<00:07,  4.44it/s, loss=1.486]
  epoch 1/3:  61%|██████▏   | 54/88 [00:13<00:07,  4.44it/s, loss=1.480]
  epoch 1/3:  62%|██████▎   | 55/88 [00:13<00:07,  4.45it/s, loss=1.480]
  epoch 1/3:  62%|██████▎   | 55/88 [00:14<00:07,  4.45it/s, loss=1.474]
  epoch 1/3:  64%|██████▎   | 56/88 [00:14<00:07,  4.45it/s, loss=1.474]
  epoch 1/3:  64%|██████▎   | 56/88 [00:14<00:07,  4.45it/s, loss=1.467]
  epoch 1/3:  65%|██████▍   | 57/88 [00:14<00:07,  4.43it/s, loss=1.467]
  epoch 1/3:  65%|██████▍   | 57/88 [00:14<00:07,  4.43it/s, loss=1.461]
  epoch 1/3:  66%|██████▌   | 58/88 [00:14<00:06,  4.41it/s, loss=1.461]
  epoch 1/3:  66%|██████▌   | 58/88 [00:14<00:06,  4.41it/s, loss=1.453]
  epoch 1/3:  67%|██████▋   | 59/88 [00:14<00:06,  4.42it/s, loss=1.453]
  epoch 1/3:  67%|██████▋   | 59/88 [00:15<00:06,  4.42it/s, loss=1.446]
  epoch 1/3:  68%|██████▊   | 60/88 [00:15<00:06,  4.43it/s, loss=1.446]
  epoch 1/3:  68%|██████▊   | 60/88 [00:15<00:06,  4.43it/s, loss=1.442]
  epoch 1/3:  69%|██████▉   | 61/88 [00:15<00:06,  4.43it/s, loss=1.442]
  epoch 1/3:  69%|██████▉   | 61/88 [00:15<00:06,  4.43it/s, loss=1.436]
  epoch 1/3:  70%|███████   | 62/88 [00:15<00:05,  4.42it/s, loss=1.436]
  epoch 1/3:  70%|███████   | 62/88 [00:15<00:05,  4.42it/s, loss=1.432]
  epoch 1/3:  72%|███████▏  | 63/88 [00:15<00:05,  4.42it/s, loss=1.432]
  epoch 1/3:  72%|███████▏  | 63/88 [00:15<00:05,  4.42it/s, loss=1.426]
  epoch 1/3:  73%|███████▎  | 64/88 [00:15<00:05,  4.35it/s, loss=1.426]
  epoch 1/3:  73%|███████▎  | 64/88 [00:16<00:05,  4.35it/s, loss=1.420]
  epoch 1/3:  74%|███████▍  | 65/88 [00:16<00:05,  4.37it/s, loss=1.420]
  epoch 1/3:  74%|███████▍  | 65/88 [00:16<00:05,  4.37it/s, loss=1.412]
  epoch 1/3:  75%|███████▌  | 66/88 [00:16<00:05,  4.36it/s, loss=1.412]
  epoch 1/3:  75%|███████▌  | 66/88 [00:16<00:05,  4.36it/s, loss=1.405]
  epoch 1/3:  76%|███████▌  | 67/88 [00:16<00:04,  4.37it/s, loss=1.405]
  epoch 1/3:  76%|███████▌  | 67/88 [00:16<00:04,  4.37it/s, loss=1.398]
  epoch 1/3:  77%|███████▋  | 68/88 [00:16<00:04,  4.37it/s, loss=1.398]
  epoch 1/3:  77%|███████▋  | 68/88 [00:17<00:04,  4.37it/s, loss=1.392]
  epoch 1/3:  78%|███████▊  | 69/88 [00:17<00:04,  4.40it/s, loss=1.392]
  epoch 1/3:  78%|███████▊  | 69/88 [00:17<00:04,  4.40it/s, loss=1.386]
  epoch 1/3:  80%|███████▉  | 70/88 [00:17<00:04,  4.41it/s, loss=1.386]
  epoch 1/3:  80%|███████▉  | 70/88 [00:17<00:04,  4.41it/s, loss=1.381]
  epoch 1/3:  81%|████████  | 71/88 [00:17<00:03,  4.38it/s, loss=1.381]
  epoch 1/3:  81%|████████  | 71/88 [00:17<00:03,  4.38it/s, loss=1.375]
  epoch 1/3:  82%|████████▏ | 72/88 [00:17<00:03,  4.40it/s, loss=1.375]
  epoch 1/3:  82%|████████▏ | 72/88 [00:18<00:03,  4.40it/s, loss=1.371]
  epoch 1/3:  83%|████████▎ | 73/88 [00:18<00:03,  4.41it/s, loss=1.371]
  epoch 1/3:  83%|████████▎ | 73/88 [00:18<00:03,  4.41it/s, loss=1.364]
  epoch 1/3:  84%|████████▍ | 74/88 [00:18<00:03,  4.40it/s, loss=1.364]
  epoch 1/3:  84%|████████▍ | 74/88 [00:18<00:03,  4.40it/s, loss=1.357]
  epoch 1/3:  85%|████████▌ | 75/88 [00:18<00:02,  4.41it/s, loss=1.357]
  epoch 1/3:  85%|████████▌ | 75/88 [00:18<00:02,  4.41it/s, loss=1.350]
  epoch 1/3:  86%|████████▋ | 76/88 [00:18<00:02,  4.39it/s, loss=1.350]
  epoch 1/3:  86%|████████▋ | 76/88 [00:18<00:02,  4.39it/s, loss=1.345]
  epoch 1/3:  88%|████████▊ | 77/88 [00:18<00:02,  4.39it/s, loss=1.345]
  epoch 1/3:  88%|████████▊ | 77/88 [00:19<00:02,  4.39it/s, loss=1.337]
  epoch 1/3:  89%|████████▊ | 78/88 [00:19<00:02,  4.42it/s, loss=1.337]
  epoch 1/3:  89%|████████▊ | 78/88 [00:19<00:02,  4.42it/s, loss=1.332]
  epoch 1/3:  90%|████████▉ | 79/88 [00:19<00:02,  4.44it/s, loss=1.332]
  epoch 1/3:  90%|████████▉ | 79/88 [00:19<00:02,  4.44it/s, loss=1.325]
  epoch 1/3:  91%|█████████ | 80/88 [00:19<00:01,  4.36it/s, loss=1.325]
  epoch 1/3:  91%|█████████ | 80/88 [00:19<00:01,  4.36it/s, loss=1.319]
  epoch 1/3:  92%|█████████▏| 81/88 [00:19<00:01,  4.36it/s, loss=1.319]
  epoch 1/3:  92%|█████████▏| 81/88 [00:20<00:01,  4.36it/s, loss=1.314]
  epoch 1/3:  93%|█████████▎| 82/88 [00:20<00:01,  4.39it/s, loss=1.314]
  epoch 1/3:  93%|█████████▎| 82/88 [00:20<00:01,  4.39it/s, loss=1.307]
  epoch 1/3:  94%|█████████▍| 83/88 [00:20<00:01,  4.39it/s, loss=1.307]
  epoch 1/3:  94%|█████████▍| 83/88 [00:20<00:01,  4.39it/s, loss=1.302]
  epoch 1/3:  95%|█████████▌| 84/88 [00:20<00:00,  4.37it/s, loss=1.302]
  epoch 1/3:  95%|█████████▌| 84/88 [00:20<00:00,  4.37it/s, loss=1.296]
  epoch 1/3:  97%|█████████▋| 85/88 [00:20<00:00,  4.38it/s, loss=1.296]
  epoch 1/3:  97%|█████████▋| 85/88 [00:20<00:00,  4.38it/s, loss=1.291]
  epoch 1/3:  98%|█████████▊| 86/88 [00:20<00:00,  4.40it/s, loss=1.291]
  epoch 1/3:  98%|█████████▊| 86/88 [00:21<00:00,  4.40it/s, loss=1.286]
  epoch 1/3:  99%|█████████▉| 87/88 [00:21<00:00,  4.39it/s, loss=1.286]
  epoch 1/3:  99%|█████████▉| 87/88 [00:21<00:00,  4.39it/s, loss=1.282]
  epoch 1/3: 100%|██████████| 88/88 [00:21<00:00,  4.74it/s, loss=1.282]
                                                                        

  epoch 2/3:   0%|          | 0/88 [00:00<?, ?it/s]
  epoch 2/3:   0%|          | 0/88 [00:00<?, ?it/s, loss=0.823]
  epoch 2/3:   1%|          | 1/88 [00:00<00:39,  2.21it/s, loss=0.823]
  epoch 2/3:   1%|          | 1/88 [00:00<00:39,  2.21it/s, loss=0.801]
  epoch 2/3:   2%|▏         | 2/88 [00:00<00:27,  3.12it/s, loss=0.801]
  epoch 2/3:   2%|▏         | 2/88 [00:00<00:27,  3.12it/s, loss=0.780]
  epoch 2/3:   3%|▎         | 3/88 [00:00<00:23,  3.58it/s, loss=0.780]
  epoch 2/3:   3%|▎         | 3/88 [00:01<00:23,  3.58it/s, loss=0.760]
  epoch 2/3:   5%|▍         | 4/88 [00:01<00:21,  3.86it/s, loss=0.760]
  epoch 2/3:   5%|▍         | 4/88 [00:01<00:21,  3.86it/s, loss=0.748]
  epoch 2/3:   6%|▌         | 5/88 [00:01<00:20,  4.02it/s, loss=0.748]
  epoch 2/3:   6%|▌         | 5/88 [00:01<00:20,  4.02it/s, loss=0.746]
  epoch 2/3:   7%|▋         | 6/88 [00:01<00:19,  4.13it/s, loss=0.746]
  epoch 2/3:   7%|▋         | 6/88 [00:01<00:19,  4.13it/s, loss=0.732]
  epoch 2/3:   8%|▊         | 7/88 [00:01<00:19,  4.21it/s, loss=0.732]
  epoch 2/3:   8%|▊         | 7/88 [00:02<00:19,  4.21it/s, loss=0.726]
  epoch 2/3:   9%|▉         | 8/88 [00:02<00:19,  4.18it/s, loss=0.726]
  epoch 2/3:   9%|▉         | 8/88 [00:02<00:19,  4.18it/s, loss=0.726]
  epoch 2/3:  10%|█         | 9/88 [00:02<00:18,  4.27it/s, loss=0.726]
  epoch 2/3:  10%|█         | 9/88 [00:02<00:18,  4.27it/s, loss=0.744]
  epoch 2/3:  11%|█▏        | 10/88 [00:02<00:18,  4.29it/s, loss=0.744]
  epoch 2/3:  11%|█▏        | 10/88 [00:02<00:18,  4.29it/s, loss=0.742]
  epoch 2/3:  12%|█▎        | 11/88 [00:02<00:18,  4.28it/s, loss=0.742]
  epoch 2/3:  12%|█▎        | 11/88 [00:02<00:18,  4.28it/s, loss=0.742]
  epoch 2/3:  14%|█▎        | 12/88 [00:02<00:17,  4.29it/s, loss=0.742]
  epoch 2/3:  14%|█▎        | 12/88 [00:03<00:17,  4.29it/s, loss=0.732]
  epoch 2/3:  15%|█▍        | 13/88 [00:03<00:17,  4.31it/s, loss=0.732]
  epoch 2/3:  15%|█▍        | 13/88 [00:03<00:17,  4.31it/s, loss=0.729]
  epoch 2/3:  16%|█▌        | 14/88 [00:03<00:17,  4.33it/s, loss=0.729]
  epoch 2/3:  16%|█▌        | 14/88 [00:03<00:17,  4.33it/s, loss=0.725]
  epoch 2/3:  17%|█▋        | 15/88 [00:03<00:16,  4.34it/s, loss=0.725]
  epoch 2/3:  17%|█▋        | 15/88 [00:03<00:16,  4.34it/s, loss=0.720]
  epoch 2/3:  18%|█▊        | 16/88 [00:03<00:16,  4.33it/s, loss=0.720]
  epoch 2/3:  18%|█▊        | 16/88 [00:04<00:16,  4.33it/s, loss=0.717]
  epoch 2/3:  19%|█▉        | 17/88 [00:04<00:16,  4.36it/s, loss=0.717]
  epoch 2/3:  19%|█▉        | 17/88 [00:04<00:16,  4.36it/s, loss=0.712]
  epoch 2/3:  20%|██        | 18/88 [00:04<00:16,  4.35it/s, loss=0.712]
  epoch 2/3:  20%|██        | 18/88 [00:04<00:16,  4.35it/s, loss=0.709]
  epoch 2/3:  22%|██▏       | 19/88 [00:04<00:16,  4.30it/s, loss=0.709]
  epoch 2/3:  22%|██▏       | 19/88 [00:04<00:16,  4.30it/s, loss=0.699]
  epoch 2/3:  23%|██▎       | 20/88 [00:04<00:15,  4.33it/s, loss=0.699]
  epoch 2/3:  23%|██▎       | 20/88 [00:05<00:15,  4.33it/s, loss=0.692]
  epoch 2/3:  24%|██▍       | 21/88 [00:05<00:15,  4.34it/s, loss=0.692]
  epoch 2/3:  24%|██▍       | 21/88 [00:05<00:15,  4.34it/s, loss=0.686]
  epoch 2/3:  25%|██▌       | 22/88 [00:05<00:15,  4.33it/s, loss=0.686]
  epoch 2/3:  25%|██▌       | 22/88 [00:05<00:15,  4.33it/s, loss=0.684]
  epoch 2/3:  26%|██▌       | 23/88 [00:05<00:14,  4.35it/s, loss=0.684]
  epoch 2/3:  26%|██▌       | 23/88 [00:05<00:14,  4.35it/s, loss=0.678]
  epoch 2/3:  27%|██▋       | 24/88 [00:05<00:14,  4.29it/s, loss=0.678]
  epoch 2/3:  27%|██▋       | 24/88 [00:05<00:14,  4.29it/s, loss=0.672]
  epoch 2/3:  28%|██▊       | 25/88 [00:05<00:14,  4.32it/s, loss=0.672]
  epoch 2/3:  28%|██▊       | 25/88 [00:06<00:14,  4.32it/s, loss=0.672]
  epoch 2/3:  30%|██▉       | 26/88 [00:06<00:14,  4.34it/s, loss=0.672]
  epoch 2/3:  30%|██▉       | 26/88 [00:06<00:14,  4.34it/s, loss=0.668]
  epoch 2/3:  31%|███       | 27/88 [00:06<00:14,  4.32it/s, loss=0.668]
  epoch 2/3:  31%|███       | 27/88 [00:06<00:14,  4.32it/s, loss=0.672]
  epoch 2/3:  32%|███▏      | 28/88 [00:06<00:13,  4.35it/s, loss=0.672]
  epoch 2/3:  32%|███▏      | 28/88 [00:06<00:13,  4.35it/s, loss=0.666]
  epoch 2/3:  33%|███▎      | 29/88 [00:06<00:13,  4.35it/s, loss=0.666]
  epoch 2/3:  33%|███▎      | 29/88 [00:07<00:13,  4.35it/s, loss=0.660]
  epoch 2/3:  34%|███▍      | 30/88 [00:07<00:13,  4.32it/s, loss=0.660]
  epoch 2/3:  34%|███▍      | 30/88 [00:07<00:13,  4.32it/s, loss=0.655]
  epoch 2/3:  35%|███▌      | 31/88 [00:07<00:13,  4.35it/s, loss=0.655]
  epoch 2/3:  35%|███▌      | 31/88 [00:07<00:13,  4.35it/s, loss=0.649]
  epoch 2/3:  36%|███▋      | 32/88 [00:07<00:12,  4.34it/s, loss=0.649]
  epoch 2/3:  36%|███▋      | 32/88 [00:07<00:12,  4.34it/s, loss=0.644]
  epoch 2/3:  38%|███▊      | 33/88 [00:07<00:12,  4.32it/s, loss=0.644]
  epoch 2/3:  38%|███▊      | 33/88 [00:08<00:12,  4.32it/s, loss=0.640]
  epoch 2/3:  39%|███▊      | 34/88 [00:08<00:12,  4.32it/s, loss=0.640]
  epoch 2/3:  39%|███▊      | 34/88 [00:08<00:12,  4.32it/s, loss=0.636]
  epoch 2/3:  40%|███▉      | 35/88 [00:08<00:12,  4.31it/s, loss=0.636]
  epoch 2/3:  40%|███▉      | 35/88 [00:08<00:12,  4.31it/s, loss=0.636]
  epoch 2/3:  41%|████      | 36/88 [00:08<00:11,  4.33it/s, loss=0.636]
  epoch 2/3:  41%|████      | 36/88 [00:08<00:11,  4.33it/s, loss=0.632]
  epoch 2/3:  42%|████▏     | 37/88 [00:08<00:11,  4.33it/s, loss=0.632]
  epoch 2/3:  42%|████▏     | 37/88 [00:08<00:11,  4.33it/s, loss=0.629]
  epoch 2/3:  43%|████▎     | 38/88 [00:08<00:11,  4.31it/s, loss=0.629]
  epoch 2/3:  43%|████▎     | 38/88 [00:09<00:11,  4.31it/s, loss=0.625]
  epoch 2/3:  44%|████▍     | 39/88 [00:09<00:11,  4.33it/s, loss=0.625]
  epoch 2/3:  44%|████▍     | 39/88 [00:09<00:11,  4.33it/s, loss=0.623]
  epoch 2/3:  45%|████▌     | 40/88 [00:09<00:11,  4.26it/s, loss=0.623]
  epoch 2/3:  45%|████▌     | 40/88 [00:09<00:11,  4.26it/s, loss=0.622]
  epoch 2/3:  47%|████▋     | 41/88 [00:09<00:11,  4.26it/s, loss=0.622]
  epoch 2/3:  47%|████▋     | 41/88 [00:09<00:11,  4.26it/s, loss=0.618]
  epoch 2/3:  48%|████▊     | 42/88 [00:09<00:10,  4.28it/s, loss=0.618]
  epoch 2/3:  48%|████▊     | 42/88 [00:10<00:10,  4.28it/s, loss=0.617]
  epoch 2/3:  49%|████▉     | 43/88 [00:10<00:10,  4.28it/s, loss=0.617]
  epoch 2/3:  49%|████▉     | 43/88 [00:10<00:10,  4.28it/s, loss=0.614]
  epoch 2/3:  50%|█████     | 44/88 [00:10<00:10,  4.31it/s, loss=0.614]
  epoch 2/3:  50%|█████     | 44/88 [00:10<00:10,  4.31it/s, loss=0.611]
  epoch 2/3:  51%|█████     | 45/88 [00:10<00:09,  4.32it/s, loss=0.611]
  epoch 2/3:  51%|█████     | 45/88 [00:10<00:09,  4.32it/s, loss=0.610]
  epoch 2/3:  52%|█████▏    | 46/88 [00:10<00:09,  4.30it/s, loss=0.610]
  epoch 2/3:  52%|█████▏    | 46/88 [00:11<00:09,  4.30it/s, loss=0.607]
  epoch 2/3:  53%|█████▎    | 47/88 [00:11<00:09,  4.30it/s, loss=0.607]
  epoch 2/3:  53%|█████▎    | 47/88 [00:11<00:09,  4.30it/s, loss=0.603]
  epoch 2/3:  55%|█████▍    | 48/88 [00:11<00:09,  4.30it/s, loss=0.603]
  epoch 2/3:  55%|█████▍    | 48/88 [00:11<00:09,  4.30it/s, loss=0.599]
  epoch 2/3:  56%|█████▌    | 49/88 [00:11<00:09,  4.30it/s, loss=0.599]
  epoch 2/3:  56%|█████▌    | 49/88 [00:11<00:09,  4.30it/s, loss=0.596]
  epoch 2/3:  57%|█████▋    | 50/88 [00:11<00:08,  4.29it/s, loss=0.596]
  epoch 2/3:  57%|█████▋    | 50/88 [00:12<00:08,  4.29it/s, loss=0.593]
  epoch 2/3:  58%|█████▊    | 51/88 [00:12<00:08,  4.31it/s, loss=0.593]
  epoch 2/3:  58%|█████▊    | 51/88 [00:12<00:08,  4.31it/s, loss=0.589]
  epoch 2/3:  59%|█████▉    | 52/88 [00:12<00:08,  4.30it/s, loss=0.589]
  epoch 2/3:  59%|█████▉    | 52/88 [00:12<00:08,  4.30it/s, loss=0.587]
  epoch 2/3:  60%|██████    | 53/88 [00:12<00:08,  4.30it/s, loss=0.587]
  epoch 2/3:  60%|██████    | 53/88 [00:12<00:08,  4.30it/s, loss=0.585]
  epoch 2/3:  61%|██████▏   | 54/88 [00:12<00:07,  4.31it/s, loss=0.585]
  epoch 2/3:  61%|██████▏   | 54/88 [00:12<00:07,  4.31it/s, loss=0.583]
  epoch 2/3:  62%|██████▎   | 55/88 [00:12<00:07,  4.29it/s, loss=0.583]
  epoch 2/3:  62%|██████▎   | 55/88 [00:13<00:07,  4.29it/s, loss=0.579]
  epoch 2/3:  64%|██████▎   | 56/88 [00:13<00:07,  4.24it/s, loss=0.579]
  epoch 2/3:  64%|██████▎   | 56/88 [00:13<00:07,  4.24it/s, loss=0.577]
  epoch 2/3:  65%|██████▍   | 57/88 [00:13<00:07,  4.26it/s, loss=0.577]
  epoch 2/3:  65%|██████▍   | 57/88 [00:13<00:07,  4.26it/s, loss=0.576]
  epoch 2/3:  66%|██████▌   | 58/88 [00:13<00:07,  4.26it/s, loss=0.576]
  epoch 2/3:  66%|██████▌   | 58/88 [00:13<00:07,  4.26it/s, loss=0.572]
  epoch 2/3:  67%|██████▋   | 59/88 [00:13<00:06,  4.28it/s, loss=0.572]
  epoch 2/3:  67%|██████▋   | 59/88 [00:14<00:06,  4.28it/s, loss=0.569]
  epoch 2/3:  68%|██████▊   | 60/88 [00:14<00:06,  4.26it/s, loss=0.569]
  epoch 2/3:  68%|██████▊   | 60/88 [00:14<00:06,  4.26it/s, loss=0.567]
  epoch 2/3:  69%|██████▉   | 61/88 [00:14<00:06,  4.29it/s, loss=0.567]
  epoch 2/3:  69%|██████▉   | 61/88 [00:14<00:06,  4.29it/s, loss=0.567]
  epoch 2/3:  70%|███████   | 62/88 [00:14<00:06,  4.28it/s, loss=0.567]
  epoch 2/3:  70%|███████   | 62/88 [00:14<00:06,  4.28it/s, loss=0.564]
  epoch 2/3:  72%|███████▏  | 63/88 [00:14<00:05,  4.29it/s, loss=0.564]
  epoch 2/3:  72%|███████▏  | 63/88 [00:15<00:05,  4.29it/s, loss=0.561]
  epoch 2/3:  73%|███████▎  | 64/88 [00:15<00:05,  4.27it/s, loss=0.561]
  epoch 2/3:  73%|███████▎  | 64/88 [00:15<00:05,  4.27it/s, loss=0.561]
  epoch 2/3:  74%|███████▍  | 65/88 [00:15<00:05,  4.28it/s, loss=0.561]
  epoch 2/3:  74%|███████▍  | 65/88 [00:15<00:05,  4.28it/s, loss=0.558]
  epoch 2/3:  75%|███████▌  | 66/88 [00:15<00:05,  4.26it/s, loss=0.558]
  epoch 2/3:  75%|███████▌  | 66/88 [00:15<00:05,  4.26it/s, loss=0.555]
  epoch 2/3:  76%|███████▌  | 67/88 [00:15<00:04,  4.27it/s, loss=0.555]
  epoch 2/3:  76%|███████▌  | 67/88 [00:16<00:04,  4.27it/s, loss=0.552]
  epoch 2/3:  77%|███████▋  | 68/88 [00:16<00:04,  4.26it/s, loss=0.552]
  epoch 2/3:  77%|███████▋  | 68/88 [00:16<00:04,  4.26it/s, loss=0.551]
  epoch 2/3:  78%|███████▊  | 69/88 [00:16<00:04,  4.25it/s, loss=0.551]
  epoch 2/3:  78%|███████▊  | 69/88 [00:16<00:04,  4.25it/s, loss=0.549]
  epoch 2/3:  80%|███████▉  | 70/88 [00:16<00:04,  4.26it/s, loss=0.549]
  epoch 2/3:  80%|███████▉  | 70/88 [00:16<00:04,  4.26it/s, loss=0.547]
  epoch 2/3:  81%|████████  | 71/88 [00:16<00:03,  4.28it/s, loss=0.547]
  epoch 2/3:  81%|████████  | 71/88 [00:16<00:03,  4.28it/s, loss=0.546]
  epoch 2/3:  82%|████████▏ | 72/88 [00:16<00:03,  4.21it/s, loss=0.546]
  epoch 2/3:  82%|████████▏ | 72/88 [00:17<00:03,  4.21it/s, loss=0.542]
  epoch 2/3:  83%|████████▎ | 73/88 [00:17<00:03,  4.22it/s, loss=0.542]
  epoch 2/3:  83%|████████▎ | 73/88 [00:17<00:03,  4.22it/s, loss=0.540]
  epoch 2/3:  84%|████████▍ | 74/88 [00:17<00:03,  4.22it/s, loss=0.540]
  epoch 2/3:  84%|████████▍ | 74/88 [00:17<00:03,  4.22it/s, loss=0.540]
  epoch 2/3:  85%|████████▌ | 75/88 [00:17<00:03,  4.22it/s, loss=0.540]
  epoch 2/3:  85%|████████▌ | 75/88 [00:17<00:03,  4.22it/s, loss=0.537]
  epoch 2/3:  86%|████████▋ | 76/88 [00:17<00:02,  4.25it/s, loss=0.537]
  epoch 2/3:  86%|████████▋ | 76/88 [00:18<00:02,  4.25it/s, loss=0.535]
  epoch 2/3:  88%|████████▊ | 77/88 [00:18<00:02,  4.25it/s, loss=0.535]
  epoch 2/3:  88%|████████▊ | 77/88 [00:18<00:02,  4.25it/s, loss=0.533]
  epoch 2/3:  89%|████████▊ | 78/88 [00:18<00:02,  4.24it/s, loss=0.533]
  epoch 2/3:  89%|████████▊ | 78/88 [00:18<00:02,  4.24it/s, loss=0.530]
  epoch 2/3:  90%|████████▉ | 79/88 [00:18<00:02,  4.23it/s, loss=0.530]
  epoch 2/3:  90%|████████▉ | 79/88 [00:18<00:02,  4.23it/s, loss=0.528]
  epoch 2/3:  91%|█████████ | 80/88 [00:18<00:01,  4.22it/s, loss=0.528]
  epoch 2/3:  91%|█████████ | 80/88 [00:19<00:01,  4.22it/s, loss=0.525]
  epoch 2/3:  92%|█████████▏| 81/88 [00:19<00:01,  4.24it/s, loss=0.525]
  epoch 2/3:  92%|█████████▏| 81/88 [00:19<00:01,  4.24it/s, loss=0.525]
  epoch 2/3:  93%|█████████▎| 82/88 [00:19<00:01,  4.23it/s, loss=0.525]
  epoch 2/3:  93%|█████████▎| 82/88 [00:19<00:01,  4.23it/s, loss=0.523]
  epoch 2/3:  94%|█████████▍| 83/88 [00:19<00:01,  4.23it/s, loss=0.523]
  epoch 2/3:  94%|█████████▍| 83/88 [00:19<00:01,  4.23it/s, loss=0.522]
  epoch 2/3:  95%|█████████▌| 84/88 [00:19<00:00,  4.22it/s, loss=0.522]
  epoch 2/3:  95%|█████████▌| 84/88 [00:20<00:00,  4.22it/s, loss=0.521]
  epoch 2/3:  97%|█████████▋| 85/88 [00:20<00:00,  4.22it/s, loss=0.521]
  epoch 2/3:  97%|█████████▋| 85/88 [00:20<00:00,  4.22it/s, loss=0.519]
  epoch 2/3:  98%|█████████▊| 86/88 [00:20<00:00,  4.23it/s, loss=0.519]
  epoch 2/3:  98%|█████████▊| 86/88 [00:20<00:00,  4.23it/s, loss=0.519]
  epoch 2/3:  99%|█████████▉| 87/88 [00:20<00:00,  4.23it/s, loss=0.519]
  epoch 2/3:  99%|█████████▉| 87/88 [00:20<00:00,  4.23it/s, loss=0.519]
  epoch 2/3: 100%|██████████| 88/88 [00:20<00:00,  4.51it/s, loss=0.519]
                                                                        

  epoch 3/3:   0%|          | 0/88 [00:00<?, ?it/s]
  epoch 3/3:   0%|          | 0/88 [00:00<?, ?it/s, loss=0.371]
  epoch 3/3:   1%|          | 1/88 [00:00<00:41,  2.09it/s, loss=0.371]
  epoch 3/3:   1%|          | 1/88 [00:00<00:41,  2.09it/s, loss=0.383]
  epoch 3/3:   2%|▏         | 2/88 [00:00<00:28,  2.97it/s, loss=0.383]
  epoch 3/3:   2%|▏         | 2/88 [00:00<00:28,  2.97it/s, loss=0.392]
  epoch 3/3:   3%|▎         | 3/88 [00:00<00:24,  3.44it/s, loss=0.392]
  epoch 3/3:   3%|▎         | 3/88 [00:01<00:24,  3.44it/s, loss=0.389]
  epoch 3/3:   5%|▍         | 4/88 [00:01<00:22,  3.70it/s, loss=0.389]
  epoch 3/3:   5%|▍         | 4/88 [00:01<00:22,  3.70it/s, loss=0.362]
  epoch 3/3:   6%|▌         | 5/88 [00:01<00:21,  3.86it/s, loss=0.362]
  epoch 3/3:   6%|▌         | 5/88 [00:01<00:21,  3.86it/s, loss=0.371]
  epoch 3/3:   7%|▋         | 6/88 [00:01<00:20,  3.97it/s, loss=0.371]
  epoch 3/3:   7%|▋         | 6/88 [00:01<00:20,  3.97it/s, loss=0.352]
  epoch 3/3:   8%|▊         | 7/88 [00:01<00:20,  4.04it/s, loss=0.352]
  epoch 3/3:   8%|▊         | 7/88 [00:02<00:20,  4.04it/s, loss=0.343]
  epoch 3/3:   9%|▉         | 8/88 [00:02<00:19,  4.10it/s, loss=0.343]
  epoch 3/3:   9%|▉         | 8/88 [00:02<00:19,  4.10it/s, loss=0.329]
  epoch 3/3:  10%|█         | 9/88 [00:02<00:19,  4.12it/s, loss=0.329]
  epoch 3/3:  10%|█         | 9/88 [00:02<00:19,  4.12it/s, loss=0.318]
  epoch 3/3:  11%|█▏        | 10/88 [00:02<00:18,  4.12it/s, loss=0.318]
  epoch 3/3:  11%|█▏        | 10/88 [00:02<00:18,  4.12it/s, loss=0.316]
  epoch 3/3:  12%|█▎        | 11/88 [00:02<00:18,  4.14it/s, loss=0.316]
  epoch 3/3:  12%|█▎        | 11/88 [00:03<00:18,  4.14it/s, loss=0.308]
  epoch 3/3:  14%|█▎        | 12/88 [00:03<00:18,  4.16it/s, loss=0.308]
  epoch 3/3:  14%|█▎        | 12/88 [00:03<00:18,  4.16it/s, loss=0.306]
  epoch 3/3:  15%|█▍        | 13/88 [00:03<00:18,  4.15it/s, loss=0.306]
  epoch 3/3:  15%|█▍        | 13/88 [00:03<00:18,  4.15it/s, loss=0.308]
  epoch 3/3:  16%|█▌        | 14/88 [00:03<00:17,  4.14it/s, loss=0.308]
  epoch 3/3:  16%|█▌        | 14/88 [00:03<00:17,  4.14it/s, loss=0.311]
  epoch 3/3:  17%|█▋        | 15/88 [00:03<00:17,  4.15it/s, loss=0.311]
  epoch 3/3:  17%|█▋        | 15/88 [00:04<00:17,  4.15it/s, loss=0.307]
  epoch 3/3:  18%|█▊        | 16/88 [00:04<00:17,  4.11it/s, loss=0.307]
  epoch 3/3:  18%|█▊        | 16/88 [00:04<00:17,  4.11it/s, loss=0.309]
  epoch 3/3:  19%|█▉        | 17/88 [00:04<00:17,  4.12it/s, loss=0.309]
  epoch 3/3:  19%|█▉        | 17/88 [00:04<00:17,  4.12it/s, loss=0.309]
  epoch 3/3:  20%|██        | 18/88 [00:04<00:16,  4.12it/s, loss=0.309]
  epoch 3/3:  20%|██        | 18/88 [00:04<00:16,  4.12it/s, loss=0.306]
  epoch 3/3:  22%|██▏       | 19/88 [00:04<00:16,  4.13it/s, loss=0.306]
  epoch 3/3:  22%|██▏       | 19/88 [00:05<00:16,  4.13it/s, loss=0.303]
  epoch 3/3:  23%|██▎       | 20/88 [00:05<00:16,  4.14it/s, loss=0.303]
  epoch 3/3:  23%|██▎       | 20/88 [00:05<00:16,  4.14it/s, loss=0.310]
  epoch 3/3:  24%|██▍       | 21/88 [00:05<00:16,  4.15it/s, loss=0.310]
  epoch 3/3:  24%|██▍       | 21/88 [00:05<00:16,  4.15it/s, loss=0.305]
  epoch 3/3:  25%|██▌       | 22/88 [00:05<00:15,  4.15it/s, loss=0.305]
  epoch 3/3:  25%|██▌       | 22/88 [00:05<00:15,  4.15it/s, loss=0.309]
  epoch 3/3:  26%|██▌       | 23/88 [00:05<00:15,  4.15it/s, loss=0.309]
  epoch 3/3:  26%|██▌       | 23/88 [00:06<00:15,  4.15it/s, loss=0.310]
  epoch 3/3:  27%|██▋       | 24/88 [00:06<00:15,  4.15it/s, loss=0.310]
  epoch 3/3:  27%|██▋       | 24/88 [00:06<00:15,  4.15it/s, loss=0.310]
  epoch 3/3:  28%|██▊       | 25/88 [00:06<00:15,  4.14it/s, loss=0.310]
  epoch 3/3:  28%|██▊       | 25/88 [00:06<00:15,  4.14it/s, loss=0.305]
  epoch 3/3:  30%|██▉       | 26/88 [00:06<00:14,  4.13it/s, loss=0.305]
  epoch 3/3:  30%|██▉       | 26/88 [00:06<00:14,  4.13it/s, loss=0.300]
  epoch 3/3:  31%|███       | 27/88 [00:06<00:14,  4.13it/s, loss=0.300]
  epoch 3/3:  31%|███       | 27/88 [00:06<00:14,  4.13it/s, loss=0.299]
  epoch 3/3:  32%|███▏      | 28/88 [00:06<00:14,  4.11it/s, loss=0.299]
  epoch 3/3:  32%|███▏      | 28/88 [00:07<00:14,  4.11it/s, loss=0.299]
  epoch 3/3:  33%|███▎      | 29/88 [00:07<00:14,  4.12it/s, loss=0.299]
  epoch 3/3:  33%|███▎      | 29/88 [00:07<00:14,  4.12it/s, loss=0.297]
  epoch 3/3:  34%|███▍      | 30/88 [00:07<00:14,  4.12it/s, loss=0.297]
  epoch 3/3:  34%|███▍      | 30/88 [00:07<00:14,  4.12it/s, loss=0.297]
  epoch 3/3:  35%|███▌      | 31/88 [00:07<00:13,  4.11it/s, loss=0.297]
  epoch 3/3:  35%|███▌      | 31/88 [00:07<00:13,  4.11it/s, loss=0.296]
  epoch 3/3:  36%|███▋      | 32/88 [00:07<00:13,  4.05it/s, loss=0.296]
  epoch 3/3:  36%|███▋      | 32/88 [00:08<00:13,  4.05it/s, loss=0.294]
  epoch 3/3:  38%|███▊      | 33/88 [00:08<00:13,  4.06it/s, loss=0.294]
  epoch 3/3:  38%|███▊      | 33/88 [00:08<00:13,  4.06it/s, loss=0.292]
  epoch 3/3:  39%|███▊      | 34/88 [00:08<00:13,  4.08it/s, loss=0.292]
  epoch 3/3:  39%|███▊      | 34/88 [00:08<00:13,  4.08it/s, loss=0.293]
  epoch 3/3:  40%|███▉      | 35/88 [00:08<00:12,  4.10it/s, loss=0.293]
  epoch 3/3:  40%|███▉      | 35/88 [00:08<00:12,  4.10it/s, loss=0.296]
  epoch 3/3:  41%|████      | 36/88 [00:08<00:12,  4.11it/s, loss=0.296]
  epoch 3/3:  41%|████      | 36/88 [00:09<00:12,  4.11it/s, loss=0.294]
  epoch 3/3:  42%|████▏     | 37/88 [00:09<00:12,  4.11it/s, loss=0.294]
  epoch 3/3:  42%|████▏     | 37/88 [00:09<00:12,  4.11it/s, loss=0.292]
  epoch 3/3:  43%|████▎     | 38/88 [00:09<00:12,  4.12it/s, loss=0.292]
  epoch 3/3:  43%|████▎     | 38/88 [00:09<00:12,  4.12it/s, loss=0.289]
  epoch 3/3:  44%|████▍     | 39/88 [00:09<00:11,  4.11it/s, loss=0.289]
  epoch 3/3:  44%|████▍     | 39/88 [00:09<00:11,  4.11it/s, loss=0.287]
  epoch 3/3:  45%|████▌     | 40/88 [00:09<00:11,  4.13it/s, loss=0.287]
  epoch 3/3:  45%|████▌     | 40/88 [00:10<00:11,  4.13it/s, loss=0.284]
  epoch 3/3:  47%|████▋     | 41/88 [00:10<00:11,  4.12it/s, loss=0.284]
  epoch 3/3:  47%|████▋     | 41/88 [00:10<00:11,  4.12it/s, loss=0.285]
  epoch 3/3:  48%|████▊     | 42/88 [00:10<00:11,  4.12it/s, loss=0.285]
  epoch 3/3:  48%|████▊     | 42/88 [00:10<00:11,  4.12it/s, loss=0.285]
  epoch 3/3:  49%|████▉     | 43/88 [00:10<00:10,  4.12it/s, loss=0.285]
  epoch 3/3:  49%|████▉     | 43/88 [00:10<00:10,  4.12it/s, loss=0.283]
  epoch 3/3:  50%|█████     | 44/88 [00:10<00:10,  4.13it/s, loss=0.283]
  epoch 3/3:  50%|█████     | 44/88 [00:11<00:10,  4.13it/s, loss=0.282]
  epoch 3/3:  51%|█████     | 45/88 [00:11<00:10,  4.13it/s, loss=0.282]
  epoch 3/3:  51%|█████     | 45/88 [00:11<00:10,  4.13it/s, loss=0.279]
  epoch 3/3:  52%|█████▏    | 46/88 [00:11<00:10,  4.12it/s, loss=0.279]
  epoch 3/3:  52%|█████▏    | 46/88 [00:11<00:10,  4.12it/s, loss=0.280]
  epoch 3/3:  53%|█████▎    | 47/88 [00:11<00:09,  4.10it/s, loss=0.280]
  epoch 3/3:  53%|█████▎    | 47/88 [00:11<00:09,  4.10it/s, loss=0.279]
  epoch 3/3:  55%|█████▍    | 48/88 [00:11<00:09,  4.05it/s, loss=0.279]
  epoch 3/3:  55%|█████▍    | 48/88 [00:12<00:09,  4.05it/s, loss=0.278]
  epoch 3/3:  56%|█████▌    | 49/88 [00:12<00:09,  4.07it/s, loss=0.278]
  epoch 3/3:  56%|█████▌    | 49/88 [00:12<00:09,  4.07it/s, loss=0.277]
  epoch 3/3:  57%|█████▋    | 50/88 [00:12<00:09,  4.07it/s, loss=0.277]
  epoch 3/3:  57%|█████▋    | 50/88 [00:12<00:09,  4.07it/s, loss=0.276]
  epoch 3/3:  58%|█████▊    | 51/88 [00:12<00:09,  4.07it/s, loss=0.276]
  epoch 3/3:  58%|█████▊    | 51/88 [00:12<00:09,  4.07it/s, loss=0.275]
  epoch 3/3:  59%|█████▉    | 52/88 [00:12<00:08,  4.07it/s, loss=0.275]
  epoch 3/3:  59%|█████▉    | 52/88 [00:13<00:08,  4.07it/s, loss=0.272]
  epoch 3/3:  60%|██████    | 53/88 [00:13<00:08,  4.07it/s, loss=0.272]
  epoch 3/3:  60%|██████    | 53/88 [00:13<00:08,  4.07it/s, loss=0.270]
  epoch 3/3:  61%|██████▏   | 54/88 [00:13<00:08,  4.08it/s, loss=0.270]
  epoch 3/3:  61%|██████▏   | 54/88 [00:13<00:08,  4.08it/s, loss=0.269]
  epoch 3/3:  62%|██████▎   | 55/88 [00:13<00:08,  4.08it/s, loss=0.269]
  epoch 3/3:  62%|██████▎   | 55/88 [00:13<00:08,  4.08it/s, loss=0.269]
  epoch 3/3:  64%|██████▎   | 56/88 [00:13<00:07,  4.09it/s, loss=0.269]
  epoch 3/3:  64%|██████▎   | 56/88 [00:14<00:07,  4.09it/s, loss=0.267]
  epoch 3/3:  65%|██████▍   | 57/88 [00:14<00:07,  4.20it/s, loss=0.267]
  epoch 3/3:  65%|██████▍   | 57/88 [00:14<00:07,  4.20it/s, loss=0.267]
  epoch 3/3:  66%|██████▌   | 58/88 [00:14<00:07,  4.17it/s, loss=0.267]
  epoch 3/3:  66%|██████▌   | 58/88 [00:14<00:07,  4.17it/s, loss=0.267]
  epoch 3/3:  67%|██████▋   | 59/88 [00:14<00:06,  4.15it/s, loss=0.267]
  epoch 3/3:  67%|██████▋   | 59/88 [00:14<00:06,  4.15it/s, loss=0.266]
  epoch 3/3:  68%|██████▊   | 60/88 [00:14<00:06,  4.12it/s, loss=0.266]
  epoch 3/3:  68%|██████▊   | 60/88 [00:15<00:06,  4.12it/s, loss=0.265]
  epoch 3/3:  69%|██████▉   | 61/88 [00:15<00:06,  4.11it/s, loss=0.265]
  epoch 3/3:  69%|██████▉   | 61/88 [00:15<00:06,  4.11it/s, loss=0.263]
  epoch 3/3:  70%|███████   | 62/88 [00:15<00:06,  4.12it/s, loss=0.263]
  epoch 3/3:  70%|███████   | 62/88 [00:15<00:06,  4.12it/s, loss=0.262]
  epoch 3/3:  72%|███████▏  | 63/88 [00:15<00:06,  4.13it/s, loss=0.262]
  epoch 3/3:  72%|███████▏  | 63/88 [00:15<00:06,  4.13it/s, loss=0.262]
  epoch 3/3:  73%|███████▎  | 64/88 [00:15<00:05,  4.07it/s, loss=0.262]
  epoch 3/3:  73%|███████▎  | 64/88 [00:16<00:05,  4.07it/s, loss=0.260]
  epoch 3/3:  74%|███████▍  | 65/88 [00:16<00:05,  4.05it/s, loss=0.260]
  epoch 3/3:  74%|███████▍  | 65/88 [00:16<00:05,  4.05it/s, loss=0.259]
  epoch 3/3:  75%|███████▌  | 66/88 [00:16<00:05,  4.06it/s, loss=0.259]
  epoch 3/3:  75%|███████▌  | 66/88 [00:16<00:05,  4.06it/s, loss=0.258]
  epoch 3/3:  76%|███████▌  | 67/88 [00:16<00:05,  4.07it/s, loss=0.258]
  epoch 3/3:  76%|███████▌  | 67/88 [00:16<00:05,  4.07it/s, loss=0.257]
  epoch 3/3:  77%|███████▋  | 68/88 [00:16<00:04,  4.08it/s, loss=0.257]
  epoch 3/3:  77%|███████▋  | 68/88 [00:16<00:04,  4.08it/s, loss=0.257]
  epoch 3/3:  78%|███████▊  | 69/88 [00:16<00:04,  4.09it/s, loss=0.257]
  epoch 3/3:  78%|███████▊  | 69/88 [00:17<00:04,  4.09it/s, loss=0.257]
  epoch 3/3:  80%|███████▉  | 70/88 [00:17<00:04,  4.09it/s, loss=0.257]
  epoch 3/3:  80%|███████▉  | 70/88 [00:17<00:04,  4.09it/s, loss=0.257]
  epoch 3/3:  81%|████████  | 71/88 [00:17<00:04,  4.07it/s, loss=0.257]
  epoch 3/3:  81%|████████  | 71/88 [00:17<00:04,  4.07it/s, loss=0.255]
  epoch 3/3:  82%|████████▏ | 72/88 [00:17<00:03,  4.06it/s, loss=0.255]
  epoch 3/3:  82%|████████▏ | 72/88 [00:17<00:03,  4.06it/s, loss=0.255]
  epoch 3/3:  83%|████████▎ | 73/88 [00:17<00:03,  4.05it/s, loss=0.255]
  epoch 3/3:  83%|████████▎ | 73/88 [00:18<00:03,  4.05it/s, loss=0.253]
  epoch 3/3:  84%|████████▍ | 74/88 [00:18<00:03,  4.05it/s, loss=0.253]
  epoch 3/3:  84%|████████▍ | 74/88 [00:18<00:03,  4.05it/s, loss=0.251]
  epoch 3/3:  85%|████████▌ | 75/88 [00:18<00:03,  4.05it/s, loss=0.251]
  epoch 3/3:  85%|████████▌ | 75/88 [00:18<00:03,  4.05it/s, loss=0.252]
  epoch 3/3:  86%|████████▋ | 76/88 [00:18<00:02,  4.03it/s, loss=0.252]
  epoch 3/3:  86%|████████▋ | 76/88 [00:18<00:02,  4.03it/s, loss=0.251]
  epoch 3/3:  88%|████████▊ | 77/88 [00:18<00:02,  4.03it/s, loss=0.251]
  epoch 3/3:  88%|████████▊ | 77/88 [00:19<00:02,  4.03it/s, loss=0.249]
  epoch 3/3:  89%|████████▊ | 78/88 [00:19<00:02,  4.03it/s, loss=0.249]
  epoch 3/3:  89%|████████▊ | 78/88 [00:19<00:02,  4.03it/s, loss=0.247]
  epoch 3/3:  90%|████████▉ | 79/88 [00:19<00:02,  4.04it/s, loss=0.247]
  epoch 3/3:  90%|████████▉ | 79/88 [00:19<00:02,  4.04it/s, loss=0.246]
  epoch 3/3:  91%|█████████ | 80/88 [00:19<00:02,  4.00it/s, loss=0.246]
  epoch 3/3:  91%|█████████ | 80/88 [00:19<00:02,  4.00it/s, loss=0.246]
  epoch 3/3:  92%|█████████▏| 81/88 [00:19<00:01,  4.00it/s, loss=0.246]
  epoch 3/3:  92%|█████████▏| 81/88 [00:20<00:01,  4.00it/s, loss=0.244]
  epoch 3/3:  93%|█████████▎| 82/88 [00:20<00:01,  4.02it/s, loss=0.244]
  epoch 3/3:  93%|█████████▎| 82/88 [00:20<00:01,  4.02it/s, loss=0.242]
  epoch 3/3:  94%|█████████▍| 83/88 [00:20<00:01,  4.04it/s, loss=0.242]
  epoch 3/3:  94%|█████████▍| 83/88 [00:20<00:01,  4.04it/s, loss=0.244]
  epoch 3/3:  95%|█████████▌| 84/88 [00:20<00:00,  4.06it/s, loss=0.244]
  epoch 3/3:  95%|█████████▌| 84/88 [00:20<00:00,  4.06it/s, loss=0.243]
  epoch 3/3:  97%|█████████▋| 85/88 [00:20<00:00,  4.08it/s, loss=0.243]
  epoch 3/3:  97%|█████████▋| 85/88 [00:21<00:00,  4.08it/s, loss=0.242]
  epoch 3/3:  98%|█████████▊| 86/88 [00:21<00:00,  4.08it/s, loss=0.242]
  epoch 3/3:  98%|█████████▊| 86/88 [00:21<00:00,  4.08it/s, loss=0.241]
  epoch 3/3:  99%|█████████▉| 87/88 [00:21<00:00,  4.05it/s, loss=0.241]
  epoch 3/3:  99%|█████████▉| 87/88 [00:21<00:00,  4.05it/s, loss=0.240]
  epoch 3/3: 100%|██████████| 88/88 [00:21<00:00,  4.39it/s, loss=0.240]
                                                                        
[titans] reset=never | norm(state) sau task = 96.2230
[titans]   self-mod v:β=0.94 |W|=0.65
[titans]   eta_t(avg)=0.7642  alpha_t/forget-gate(avg)=0.8732
[task 0] test acc so far: 0.940
[task 0] NCM-online acc so far: 0.929
[task 0] NCM-posthoc acc so far: 0.929
[task 1] classes=[7, 11, 21, 41, 43] | train=2800

  epoch 1/3:   0%|          | 0/88 [00:00<?, ?it/s]
  epoch 1/3:   0%|          | 0/88 [00:00<?, ?it/s, loss=1.491]
  epoch 1/3:   1%|          | 1/88 [00:00<01:14,  1.16it/s, loss=1.491]
  epoch 1/3:   1%|          | 1/88 [00:01<01:14,  1.16it/s, loss=1.493]
  epoch 1/3:   2%|▏         | 2/88 [00:01<00:42,  2.02it/s, loss=1.493]
  epoch 1/3:   2%|▏         | 2/88 [00:01<00:42,  2.02it/s, loss=1.464]
  epoch 1/3:   3%|▎         | 3/88 [00:01<00:32,  2.65it/s, loss=1.464]
  epoch 1/3:   3%|▎         | 3/88 [00:01<00:32,  2.65it/s, loss=1.487]
  epoch 1/3:   5%|▍         | 4/88 [00:01<00:27,  3.09it/s, loss=1.487]
  epoch 1/3:   5%|▍         | 4/88 [00:01<00:27,  3.09it/s, loss=1.499]
  epoch 1/3:   6%|▌         | 5/88 [00:01<00:24,  3.41it/s, loss=1.499]
  epoch 1/3:   6%|▌         | 5/88 [00:02<00:24,  3.41it/s, loss=1.491]
  epoch 1/3:   7%|▋         | 6/88 [00:02<00:22,  3.63it/s, loss=1.491]
  epoch 1/3:   7%|▋         | 6/88 [00:02<00:22,  3.63it/s, loss=1.491]
  epoch 1/3:   8%|▊         | 7/88 [00:02<00:21,  3.79it/s, loss=1.491]
  epoch 1/3:   8%|▊         | 7/88 [00:02<00:21,  3.79it/s, loss=1.490]
  epoch 1/3:   9%|▉         | 8/88 [00:02<00:20,  3.85it/s, loss=1.490]
  epoch 1/3:   9%|▉         | 8/88 [00:02<00:20,  3.85it/s, loss=1.485]
  epoch 1/3:  10%|█         | 9/88 [00:02<00:20,  3.93it/s, loss=1.485]
  epoch 1/3:  10%|█         | 9/88 [00:03<00:20,  3.93it/s, loss=1.484]
  epoch 1/3:  11%|█▏        | 10/88 [00:03<00:19,  4.00it/s, loss=1.484]
  epoch 1/3:  11%|█▏        | 10/88 [00:03<00:19,  4.00it/s, loss=1.483]
  epoch 1/3:  12%|█▎        | 11/88 [00:03<00:19,  3.99it/s, loss=1.483]
  epoch 1/3:  12%|█▎        | 11/88 [00:03<00:19,  3.99it/s, loss=1.469]
  epoch 1/3:  14%|█▎        | 12/88 [00:03<00:18,  4.05it/s, loss=1.469]
  epoch 1/3:  14%|█▎        | 12/88 [00:03<00:18,  4.05it/s, loss=1.471]
  epoch 1/3:  15%|█▍        | 13/88 [00:03<00:18,  4.07it/s, loss=1.471]
  epoch 1/3:  15%|█▍        | 13/88 [00:04<00:18,  4.07it/s, loss=1.466]
  epoch 1/3:  16%|█▌        | 14/88 [00:04<00:18,  4.08it/s, loss=1.466]
  epoch 1/3:  16%|█▌        | 14/88 [00:04<00:18,  4.08it/s, loss=1.458]
  epoch 1/3:  17%|█▋        | 15/88 [00:04<00:17,  4.09it/s, loss=1.458]
  epoch 1/3:  17%|█▋        | 15/88 [00:04<00:17,  4.09it/s, loss=1.448]
  epoch 1/3:  18%|█▊        | 16/88 [00:04<00:17,  4.09it/s, loss=1.448]
  epoch 1/3:  18%|█▊        | 16/88 [00:04<00:17,  4.09it/s, loss=1.436]
  epoch 1/3:  19%|█▉        | 17/88 [00:04<00:17,  4.09it/s, loss=1.436]
  epoch 1/3:  19%|█▉        | 17/88 [00:04<00:17,  4.09it/s, loss=1.429]
  epoch 1/3:  20%|██        | 18/88 [00:04<00:17,  4.10it/s, loss=1.429]
  epoch 1/3:  20%|██        | 18/88 [00:05<00:17,  4.10it/s, loss=1.427]
  epoch 1/3:  22%|██▏       | 19/88 [00:05<00:16,  4.10it/s, loss=1.427]
  epoch 1/3:  22%|██▏       | 19/88 [00:05<00:16,  4.10it/s, loss=1.418]
  epoch 1/3:  23%|██▎       | 20/88 [00:05<00:16,  4.11it/s, loss=1.418]
  epoch 1/3:  23%|██▎       | 20/88 [00:05<00:16,  4.11it/s, loss=1.411]
  epoch 1/3:  24%|██▍       | 21/88 [00:05<00:16,  4.13it/s, loss=1.411]
  epoch 1/3:  24%|██▍       | 21/88 [00:05<00:16,  4.13it/s, loss=1.406]
  epoch 1/3:  25%|██▌       | 22/88 [00:05<00:15,  4.13it/s, loss=1.406]
  epoch 1/3:  25%|██▌       | 22/88 [00:06<00:15,  4.13it/s, loss=1.400]
  epoch 1/3:  26%|██▌       | 23/88 [00:06<00:15,  4.16it/s, loss=1.400]
  epoch 1/3:  26%|██▌       | 23/88 [00:06<00:15,  4.16it/s, loss=1.393]
  epoch 1/3:  27%|██▋       | 24/88 [00:06<00:15,  4.11it/s, loss=1.393]
  epoch 1/3:  27%|██▋       | 24/88 [00:06<00:15,  4.11it/s, loss=1.389]
  epoch 1/3:  28%|██▊       | 25/88 [00:06<00:15,  4.13it/s, loss=1.389]
  epoch 1/3:  28%|██▊       | 25/88 [00:06<00:15,  4.13it/s, loss=1.383]
  epoch 1/3:  30%|██▉       | 26/88 [00:06<00:14,  4.15it/s, loss=1.383]
  epoch 1/3:  30%|██▉       | 26/88 [00:07<00:14,  4.15it/s, loss=1.375]
  epoch 1/3:  31%|███       | 27/88 [00:07<00:14,  4.14it/s, loss=1.375]
  epoch 1/3:  31%|███       | 27/88 [00:07<00:14,  4.14it/s, loss=1.370]
  epoch 1/3:  32%|███▏      | 28/88 [00:07<00:14,  4.14it/s, loss=1.370]
  epoch 1/3:  32%|███▏      | 28/88 [00:07<00:14,  4.14it/s, loss=1.365]
  epoch 1/3:  33%|███▎      | 29/88 [00:07<00:14,  4.14it/s, loss=1.365]
  epoch 1/3:  33%|███▎      | 29/88 [00:07<00:14,  4.14it/s, loss=1.360]
  epoch 1/3:  34%|███▍      | 30/88 [00:07<00:14,  4.13it/s, loss=1.360]
  epoch 1/3:  34%|███▍      | 30/88 [00:08<00:14,  4.13it/s, loss=1.355]
  epoch 1/3:  35%|███▌      | 31/88 [00:08<00:13,  4.12it/s, loss=1.355]
  epoch 1/3:  35%|███▌      | 31/88 [00:08<00:13,  4.12it/s, loss=1.353]
  epoch 1/3:  36%|███▋      | 32/88 [00:08<00:13,  4.12it/s, loss=1.353]
  epoch 1/3:  36%|███▋      | 32/88 [00:08<00:13,  4.12it/s, loss=1.348]
  epoch 1/3:  38%|███▊      | 33/88 [00:08<00:13,  4.12it/s, loss=1.348]
  epoch 1/3:  38%|███▊      | 33/88 [00:08<00:13,  4.12it/s, loss=1.343]
  epoch 1/3:  39%|███▊      | 34/88 [00:08<00:13,  4.13it/s, loss=1.343]
  epoch 1/3:  39%|███▊      | 34/88 [00:09<00:13,  4.13it/s, loss=1.337]
  epoch 1/3:  40%|███▉      | 35/88 [00:09<00:12,  4.13it/s, loss=1.337]
  epoch 1/3:  40%|███▉      | 35/88 [00:09<00:12,  4.13it/s, loss=1.333]
  epoch 1/3:  41%|████      | 36/88 [00:09<00:12,  4.16it/s, loss=1.333]
  epoch 1/3:  41%|████      | 36/88 [00:09<00:12,  4.16it/s, loss=1.328]
  epoch 1/3:  42%|████▏     | 37/88 [00:09<00:12,  4.16it/s, loss=1.328]
  epoch 1/3:  42%|████▏     | 37/88 [00:09<00:12,  4.16it/s, loss=1.321]
  epoch 1/3:  43%|████▎     | 38/88 [00:09<00:12,  4.16it/s, loss=1.321]
  epoch 1/3:  43%|████▎     | 38/88 [00:10<00:12,  4.16it/s, loss=1.318]
  epoch 1/3:  44%|████▍     | 39/88 [00:10<00:11,  4.15it/s, loss=1.318]
  epoch 1/3:  44%|████▍     | 39/88 [00:10<00:11,  4.15it/s, loss=1.312]
  epoch 1/3:  45%|████▌     | 40/88 [00:10<00:11,  4.09it/s, loss=1.312]
  epoch 1/3:  45%|████▌     | 40/88 [00:10<00:11,  4.09it/s, loss=1.308]
  epoch 1/3:  47%|████▋     | 41/88 [00:10<00:11,  4.11it/s, loss=1.308]
  epoch 1/3:  47%|████▋     | 41/88 [00:10<00:11,  4.11it/s, loss=1.304]
  epoch 1/3:  48%|████▊     | 42/88 [00:10<00:11,  4.13it/s, loss=1.304]
  epoch 1/3:  48%|████▊     | 42/88 [00:11<00:11,  4.13it/s, loss=1.299]
  epoch 1/3:  49%|████▉     | 43/88 [00:11<00:10,  4.13it/s, loss=1.299]
  epoch 1/3:  49%|████▉     | 43/88 [00:11<00:10,  4.13it/s, loss=1.291]
  epoch 1/3:  50%|█████     | 44/88 [00:11<00:10,  4.13it/s, loss=1.291]
  epoch 1/3:  50%|█████     | 44/88 [00:11<00:10,  4.13it/s, loss=1.285]
  epoch 1/3:  51%|█████     | 45/88 [00:11<00:10,  4.12it/s, loss=1.285]
  epoch 1/3:  51%|█████     | 45/88 [00:11<00:10,  4.12it/s, loss=1.279]
  epoch 1/3:  52%|█████▏    | 46/88 [00:11<00:10,  4.13it/s, loss=1.279]
  epoch 1/3:  52%|█████▏    | 46/88 [00:12<00:10,  4.13it/s, loss=1.274]
  epoch 1/3:  53%|█████▎    | 47/88 [00:12<00:09,  4.13it/s, loss=1.274]
  epoch 1/3:  53%|█████▎    | 47/88 [00:12<00:09,  4.13it/s, loss=1.269]
  epoch 1/3:  55%|█████▍    | 48/88 [00:12<00:09,  4.14it/s, loss=1.269]
  epoch 1/3:  55%|█████▍    | 48/88 [00:12<00:09,  4.14it/s, loss=1.261]
  epoch 1/3:  56%|█████▌    | 49/88 [00:12<00:09,  4.15it/s, loss=1.261]
  epoch 1/3:  56%|█████▌    | 49/88 [00:12<00:09,  4.15it/s, loss=1.255]
  epoch 1/3:  57%|█████▋    | 50/88 [00:12<00:09,  4.17it/s, loss=1.255]
  epoch 1/3:  57%|█████▋    | 50/88 [00:12<00:09,  4.17it/s, loss=1.251]
  epoch 1/3:  58%|█████▊    | 51/88 [00:12<00:08,  4.16it/s, loss=1.251]
  epoch 1/3:  58%|█████▊    | 51/88 [00:13<00:08,  4.16it/s, loss=1.249]
  epoch 1/3:  59%|█████▉    | 52/88 [00:13<00:08,  4.16it/s, loss=1.249]
  epoch 1/3:  59%|█████▉    | 52/88 [00:13<00:08,  4.16it/s, loss=1.245]
  epoch 1/3:  60%|██████    | 53/88 [00:13<00:08,  4.15it/s, loss=1.245]
  epoch 1/3:  60%|██████    | 53/88 [00:13<00:08,  4.15it/s, loss=1.240]
  epoch 1/3:  61%|██████▏   | 54/88 [00:13<00:08,  4.14it/s, loss=1.240]
  epoch 1/3:  61%|██████▏   | 54/88 [00:13<00:08,  4.14it/s, loss=1.235]
  epoch 1/3:  62%|██████▎   | 55/88 [00:13<00:08,  4.12it/s, loss=1.235]
  epoch 1/3:  62%|██████▎   | 55/88 [00:14<00:08,  4.12it/s, loss=1.231]
  epoch 1/3:  64%|██████▎   | 56/88 [00:14<00:07,  4.08it/s, loss=1.231]
  epoch 1/3:  64%|██████▎   | 56/88 [00:14<00:07,  4.08it/s, loss=1.228]
  epoch 1/3:  65%|██████▍   | 57/88 [00:14<00:07,  4.11it/s, loss=1.228]
  epoch 1/3:  65%|██████▍   | 57/88 [00:14<00:07,  4.11it/s, loss=1.223]
  epoch 1/3:  66%|██████▌   | 58/88 [00:14<00:07,  4.12it/s, loss=1.223]
  epoch 1/3:  66%|██████▌   | 58/88 [00:14<00:07,  4.12it/s, loss=1.218]
  epoch 1/3:  67%|██████▋   | 59/88 [00:14<00:07,  4.12it/s, loss=1.218]
  epoch 1/3:  67%|██████▋   | 59/88 [00:15<00:07,  4.12it/s, loss=1.212]
  epoch 1/3:  68%|██████▊   | 60/88 [00:15<00:06,  4.12it/s, loss=1.212]
  epoch 1/3:  68%|██████▊   | 60/88 [00:15<00:06,  4.12it/s, loss=1.207]
  epoch 1/3:  69%|██████▉   | 61/88 [00:15<00:06,  4.12it/s, loss=1.207]
  epoch 1/3:  69%|██████▉   | 61/88 [00:15<00:06,  4.12it/s, loss=1.202]
  epoch 1/3:  70%|███████   | 62/88 [00:15<00:06,  4.11it/s, loss=1.202]
  epoch 1/3:  70%|███████   | 62/88 [00:15<00:06,  4.11it/s, loss=1.197]
  epoch 1/3:  72%|███████▏  | 63/88 [00:15<00:06,  4.11it/s, loss=1.197]
  epoch 1/3:  72%|███████▏  | 63/88 [00:16<00:06,  4.11it/s, loss=1.192]
  epoch 1/3:  73%|███████▎  | 64/88 [00:16<00:05,  4.12it/s, loss=1.192]
  epoch 1/3:  73%|███████▎  | 64/88 [00:16<00:05,  4.12it/s, loss=1.188]
  epoch 1/3:  74%|███████▍  | 65/88 [00:16<00:05,  4.10it/s, loss=1.188]
  epoch 1/3:  74%|███████▍  | 65/88 [00:16<00:05,  4.10it/s, loss=1.184]
  epoch 1/3:  75%|███████▌  | 66/88 [00:16<00:05,  4.11it/s, loss=1.184]
  epoch 1/3:  75%|███████▌  | 66/88 [00:16<00:05,  4.11it/s, loss=1.180]
  epoch 1/3:  76%|███████▌  | 67/88 [00:16<00:05,  4.11it/s, loss=1.180]
  epoch 1/3:  76%|███████▌  | 67/88 [00:17<00:05,  4.11it/s, loss=1.175]
  epoch 1/3:  77%|███████▋  | 68/88 [00:17<00:04,  4.11it/s, loss=1.175]
  epoch 1/3:  77%|███████▋  | 68/88 [00:17<00:04,  4.11it/s, loss=1.170]
  epoch 1/3:  78%|███████▊  | 69/88 [00:17<00:04,  4.11it/s, loss=1.170]
  epoch 1/3:  78%|███████▊  | 69/88 [00:17<00:04,  4.11it/s, loss=1.165]
  epoch 1/3:  80%|███████▉  | 70/88 [00:17<00:04,  4.11it/s, loss=1.165]
  epoch 1/3:  80%|███████▉  | 70/88 [00:17<00:04,  4.11it/s, loss=1.161]
  epoch 1/3:  81%|████████  | 71/88 [00:17<00:04,  4.12it/s, loss=1.161]
  epoch 1/3:  81%|████████  | 71/88 [00:18<00:04,  4.12it/s, loss=1.156]
  epoch 1/3:  82%|████████▏ | 72/88 [00:18<00:03,  4.05it/s, loss=1.156]
  epoch 1/3:  82%|████████▏ | 72/88 [00:18<00:03,  4.05it/s, loss=1.153]
  epoch 1/3:  83%|████████▎ | 73/88 [00:18<00:03,  4.09it/s, loss=1.153]
  epoch 1/3:  83%|████████▎ | 73/88 [00:18<00:03,  4.09it/s, loss=1.148]
  epoch 1/3:  84%|████████▍ | 74/88 [00:18<00:03,  4.11it/s, loss=1.148]
  epoch 1/3:  84%|████████▍ | 74/88 [00:18<00:03,  4.11it/s, loss=1.145]
  epoch 1/3:  85%|████████▌ | 75/88 [00:18<00:03,  4.11it/s, loss=1.145]
  epoch 1/3:  85%|████████▌ | 75/88 [00:19<00:03,  4.11it/s, loss=1.142]
  epoch 1/3:  86%|████████▋ | 76/88 [00:19<00:02,  4.12it/s, loss=1.142]
  epoch 1/3:  86%|████████▋ | 76/88 [00:19<00:02,  4.12it/s, loss=1.137]
  epoch 1/3:  88%|████████▊ | 77/88 [00:19<00:02,  4.12it/s, loss=1.137]
  epoch 1/3:  88%|████████▊ | 77/88 [00:19<00:02,  4.12it/s, loss=1.132]
  epoch 1/3:  89%|████████▊ | 78/88 [00:19<00:02,  4.12it/s, loss=1.132]
  epoch 1/3:  89%|████████▊ | 78/88 [00:19<00:02,  4.12it/s, loss=1.126]
  epoch 1/3:  90%|████████▉ | 79/88 [00:19<00:02,  4.12it/s, loss=1.126]
  epoch 1/3:  90%|████████▉ | 79/88 [00:20<00:02,  4.12it/s, loss=1.123]
  epoch 1/3:  91%|█████████ | 80/88 [00:20<00:01,  4.12it/s, loss=1.123]
  epoch 1/3:  91%|█████████ | 80/88 [00:20<00:01,  4.12it/s, loss=1.120]
  epoch 1/3:  92%|█████████▏| 81/88 [00:20<00:01,  4.11it/s, loss=1.120]
  epoch 1/3:  92%|█████████▏| 81/88 [00:20<00:01,  4.11it/s, loss=1.116]
  epoch 1/3:  93%|█████████▎| 82/88 [00:20<00:01,  4.10it/s, loss=1.116]
  epoch 1/3:  93%|█████████▎| 82/88 [00:20<00:01,  4.10it/s, loss=1.111]
  epoch 1/3:  94%|█████████▍| 83/88 [00:20<00:01,  4.12it/s, loss=1.111]
  epoch 1/3:  94%|█████████▍| 83/88 [00:20<00:01,  4.12it/s, loss=1.106]
  epoch 1/3:  95%|█████████▌| 84/88 [00:20<00:00,  4.12it/s, loss=1.106]
  epoch 1/3:  95%|█████████▌| 84/88 [00:21<00:00,  4.12it/s, loss=1.103]
  epoch 1/3:  97%|█████████▋| 85/88 [00:21<00:00,  4.12it/s, loss=1.103]
  epoch 1/3:  97%|█████████▋| 85/88 [00:21<00:00,  4.12it/s, loss=1.099]
  epoch 1/3:  98%|█████████▊| 86/88 [00:21<00:00,  4.11it/s, loss=1.099]
  epoch 1/3:  98%|█████████▊| 86/88 [00:21<00:00,  4.11it/s, loss=1.096]
  epoch 1/3:  99%|█████████▉| 87/88 [00:21<00:00,  4.11it/s, loss=1.096]
  epoch 1/3:  99%|█████████▉| 87/88 [00:21<00:00,  4.11it/s, loss=1.093]
  epoch 1/3: 100%|██████████| 88/88 [00:21<00:00,  4.41it/s, loss=1.093]
                                                                        

  epoch 2/3:   0%|          | 0/88 [00:00<?, ?it/s]
  epoch 2/3:   0%|          | 0/88 [00:00<?, ?it/s, loss=0.628]
  epoch 2/3:   1%|          | 1/88 [00:00<00:42,  2.07it/s, loss=0.628]
  epoch 2/3:   1%|          | 1/88 [00:00<00:42,  2.07it/s, loss=0.665]
  epoch 2/3:   2%|▏         | 2/88 [00:00<00:29,  2.92it/s, loss=0.665]
  epoch 2/3:   2%|▏         | 2/88 [00:00<00:29,  2.92it/s, loss=0.667]
  epoch 2/3:   3%|▎         | 3/88 [00:00<00:25,  3.38it/s, loss=0.667]
  epoch 2/3:   3%|▎         | 3/88 [00:01<00:25,  3.38it/s, loss=0.663]
  epoch 2/3:   5%|▍         | 4/88 [00:01<00:23,  3.64it/s, loss=0.663]
  epoch 2/3:   5%|▍         | 4/88 [00:01<00:23,  3.64it/s, loss=0.662]
  epoch 2/3:   6%|▌         | 5/88 [00:01<00:21,  3.80it/s, loss=0.662]
  epoch 2/3:   6%|▌         | 5/88 [00:01<00:21,  3.80it/s, loss=0.665]
  epoch 2/3:   7%|▋         | 6/88 [00:01<00:21,  3.90it/s, loss=0.665]
  epoch 2/3:   7%|▋         | 6/88 [00:01<00:21,  3.90it/s, loss=0.660]
  epoch 2/3:   8%|▊         | 7/88 [00:01<00:20,  3.97it/s, loss=0.660]
  epoch 2/3:   8%|▊         | 7/88 [00:02<00:20,  3.97it/s, loss=0.675]
  epoch 2/3:   9%|▉         | 8/88 [00:02<00:19,  4.01it/s, loss=0.675]
  epoch 2/3:   9%|▉         | 8/88 [00:02<00:19,  4.01it/s, loss=0.677]
  epoch 2/3:  10%|█         | 9/88 [00:02<00:19,  4.04it/s, loss=0.677]
  epoch 2/3:  10%|█         | 9/88 [00:02<00:19,  4.04it/s, loss=0.671]
  epoch 2/3:  11%|█▏        | 10/88 [00:02<00:19,  4.05it/s, loss=0.671]
  epoch 2/3:  11%|█▏        | 10/88 [00:02<00:19,  4.05it/s, loss=0.663]
  epoch 2/3:  12%|█▎        | 11/88 [00:02<00:18,  4.08it/s, loss=0.663]
  epoch 2/3:  12%|█▎        | 11/88 [00:03<00:18,  4.08it/s, loss=0.668]
  epoch 2/3:  14%|█▎        | 12/88 [00:03<00:18,  4.08it/s, loss=0.668]
  epoch 2/3:  14%|█▎        | 12/88 [00:03<00:18,  4.08it/s, loss=0.667]
  epoch 2/3:  15%|█▍        | 13/88 [00:03<00:18,  4.10it/s, loss=0.667]
  epoch 2/3:  15%|█▍        | 13/88 [00:03<00:18,  4.10it/s, loss=0.665]
  epoch 2/3:  16%|█▌        | 14/88 [00:03<00:18,  4.10it/s, loss=0.665]
  epoch 2/3:  16%|█▌        | 14/88 [00:03<00:18,  4.10it/s, loss=0.660]
  epoch 2/3:  17%|█▋        | 15/88 [00:03<00:17,  4.11it/s, loss=0.660]
  epoch 2/3:  17%|█▋        | 15/88 [00:04<00:17,  4.11it/s, loss=0.648]
  epoch 2/3:  18%|█▊        | 16/88 [00:04<00:17,  4.06it/s, loss=0.648]
  epoch 2/3:  18%|█▊        | 16/88 [00:04<00:17,  4.06it/s, loss=0.650]
  epoch 2/3:  19%|█▉        | 17/88 [00:04<00:17,  4.09it/s, loss=0.650]
  epoch 2/3:  19%|█▉        | 17/88 [00:04<00:17,  4.09it/s, loss=0.655]
  epoch 2/3:  20%|██        | 18/88 [00:04<00:17,  4.12it/s, loss=0.655]
  epoch 2/3:  20%|██        | 18/88 [00:04<00:17,  4.12it/s, loss=0.651]
  epoch 2/3:  22%|██▏       | 19/88 [00:04<00:16,  4.13it/s, loss=0.651]
  epoch 2/3:  22%|██▏       | 19/88 [00:05<00:16,  4.13it/s, loss=0.648]
  epoch 2/3:  23%|██▎       | 20/88 [00:05<00:16,  4.12it/s, loss=0.648]
  epoch 2/3:  23%|██▎       | 20/88 [00:05<00:16,  4.12it/s, loss=0.644]
  epoch 2/3:  24%|██▍       | 21/88 [00:05<00:16,  4.12it/s, loss=0.644]
  epoch 2/3:  24%|██▍       | 21/88 [00:05<00:16,  4.12it/s, loss=0.637]
  epoch 2/3:  25%|██▌       | 22/88 [00:05<00:16,  4.12it/s, loss=0.637]
  epoch 2/3:  25%|██▌       | 22/88 [00:05<00:16,  4.12it/s, loss=0.640]
  epoch 2/3:  26%|██▌       | 23/88 [00:05<00:15,  4.12it/s, loss=0.640]
  epoch 2/3:  26%|██▌       | 23/88 [00:06<00:15,  4.12it/s, loss=0.639]
  epoch 2/3:  27%|██▋       | 24/88 [00:06<00:15,  4.12it/s, loss=0.639]
  epoch 2/3:  27%|██▋       | 24/88 [00:06<00:15,  4.12it/s, loss=0.635]
  epoch 2/3:  28%|██▊       | 25/88 [00:06<00:15,  4.12it/s, loss=0.635]
  epoch 2/3:  28%|██▊       | 25/88 [00:06<00:15,  4.12it/s, loss=0.639]
  epoch 2/3:  30%|██▉       | 26/88 [00:06<00:15,  4.12it/s, loss=0.639]
  epoch 2/3:  30%|██▉       | 26/88 [00:06<00:15,  4.12it/s, loss=0.634]
  epoch 2/3:  31%|███       | 27/88 [00:06<00:14,  4.11it/s, loss=0.634]
  epoch 2/3:  31%|███       | 27/88 [00:07<00:14,  4.11it/s, loss=0.629]
  epoch 2/3:  32%|███▏      | 28/88 [00:07<00:14,  4.11it/s, loss=0.629]
  epoch 2/3:  32%|███▏      | 28/88 [00:07<00:14,  4.11it/s, loss=0.622]
  epoch 2/3:  33%|███▎      | 29/88 [00:07<00:14,  4.11it/s, loss=0.622]
  epoch 2/3:  33%|███▎      | 29/88 [00:07<00:14,  4.11it/s, loss=0.620]
  epoch 2/3:  34%|███▍      | 30/88 [00:07<00:14,  4.11it/s, loss=0.620]
  epoch 2/3:  34%|███▍      | 30/88 [00:07<00:14,  4.11it/s, loss=0.619]
  epoch 2/3:  35%|███▌      | 31/88 [00:07<00:13,  4.11it/s, loss=0.619]
  epoch 2/3:  35%|███▌      | 31/88 [00:08<00:13,  4.11it/s, loss=0.616]
  epoch 2/3:  36%|███▋      | 32/88 [00:08<00:13,  4.05it/s, loss=0.616]
  epoch 2/3:  36%|███▋      | 32/88 [00:08<00:13,  4.05it/s, loss=0.617]
  epoch 2/3:  38%|███▊      | 33/88 [00:08<00:13,  4.09it/s, loss=0.617]
  epoch 2/3:  38%|███▊      | 33/88 [00:08<00:13,  4.09it/s, loss=0.613]
  epoch 2/3:  39%|███▊      | 34/88 [00:08<00:13,  4.12it/s, loss=0.613]
  epoch 2/3:  39%|███▊      | 34/88 [00:08<00:13,  4.12it/s, loss=0.610]
  epoch 2/3:  40%|███▉      | 35/88 [00:08<00:12,  4.12it/s, loss=0.610]
  epoch 2/3:  40%|███▉      | 35/88 [00:08<00:12,  4.12it/s, loss=0.611]
  epoch 2/3:  41%|████      | 36/88 [00:08<00:12,  4.13it/s, loss=0.611]
  epoch 2/3:  41%|████      | 36/88 [00:09<00:12,  4.13it/s, loss=0.609]
  epoch 2/3:  42%|████▏     | 37/88 [00:09<00:12,  4.13it/s, loss=0.609]
  epoch 2/3:  42%|████▏     | 37/88 [00:09<00:12,  4.13it/s, loss=0.610]
  epoch 2/3:  43%|████▎     | 38/88 [00:09<00:12,  4.13it/s, loss=0.610]
  epoch 2/3:  43%|████▎     | 38/88 [00:09<00:12,  4.13it/s, loss=0.608]
  epoch 2/3:  44%|████▍     | 39/88 [00:09<00:11,  4.11it/s, loss=0.608]
  epoch 2/3:  44%|████▍     | 39/88 [00:09<00:11,  4.11it/s, loss=0.605]
  epoch 2/3:  45%|████▌     | 40/88 [00:09<00:11,  4.11it/s, loss=0.605]
  epoch 2/3:  45%|████▌     | 40/88 [00:10<00:11,  4.11it/s, loss=0.601]
  epoch 2/3:  47%|████▋     | 41/88 [00:10<00:11,  4.11it/s, loss=0.601]
  epoch 2/3:  47%|████▋     | 41/88 [00:10<00:11,  4.11it/s, loss=0.599]
  epoch 2/3:  48%|████▊     | 42/88 [00:10<00:11,  4.11it/s, loss=0.599]
  epoch 2/3:  48%|████▊     | 42/88 [00:10<00:11,  4.11it/s, loss=0.596]
  epoch 2/3:  49%|████▉     | 43/88 [00:10<00:10,  4.11it/s, loss=0.596]
  epoch 2/3:  49%|████▉     | 43/88 [00:10<00:10,  4.11it/s, loss=0.594]
  epoch 2/3:  50%|█████     | 44/88 [00:10<00:10,  4.11it/s, loss=0.594]
  epoch 2/3:  50%|█████     | 44/88 [00:11<00:10,  4.11it/s, loss=0.592]
  epoch 2/3:  51%|█████     | 45/88 [00:11<00:10,  4.10it/s, loss=0.592]
  epoch 2/3:  51%|█████     | 45/88 [00:11<00:10,  4.10it/s, loss=0.589]
  epoch 2/3:  52%|█████▏    | 46/88 [00:11<00:10,  4.10it/s, loss=0.589]
  epoch 2/3:  52%|█████▏    | 46/88 [00:11<00:10,  4.10it/s, loss=0.586]
  epoch 2/3:  53%|█████▎    | 47/88 [00:11<00:09,  4.10it/s, loss=0.586]
  epoch 2/3:  53%|█████▎    | 47/88 [00:11<00:09,  4.10it/s, loss=0.582]
  epoch 2/3:  55%|█████▍    | 48/88 [00:11<00:09,  4.06it/s, loss=0.582]
  epoch 2/3:  55%|█████▍    | 48/88 [00:12<00:09,  4.06it/s, loss=0.579]
  epoch 2/3:  56%|█████▌    | 49/88 [00:12<00:09,  4.09it/s, loss=0.579]
  epoch 2/3:  56%|█████▌    | 49/88 [00:12<00:09,  4.09it/s, loss=0.578]
  epoch 2/3:  57%|█████▋    | 50/88 [00:12<00:09,  4.10it/s, loss=0.578]
  epoch 2/3:  57%|█████▋    | 50/88 [00:12<00:09,  4.10it/s, loss=0.575]
  epoch 2/3:  58%|█████▊    | 51/88 [00:12<00:08,  4.11it/s, loss=0.575]
  epoch 2/3:  58%|█████▊    | 51/88 [00:12<00:08,  4.11it/s, loss=0.574]
  epoch 2/3:  59%|█████▉    | 52/88 [00:12<00:08,  4.12it/s, loss=0.574]
  epoch 2/3:  59%|█████▉    | 52/88 [00:13<00:08,  4.12it/s, loss=0.571]
  epoch 2/3:  60%|██████    | 53/88 [00:13<00:08,  4.12it/s, loss=0.571]
  epoch 2/3:  60%|██████    | 53/88 [00:13<00:08,  4.12it/s, loss=0.569]
  epoch 2/3:  61%|██████▏   | 54/88 [00:13<00:08,  4.13it/s, loss=0.569]
  epoch 2/3:  61%|██████▏   | 54/88 [00:13<00:08,  4.13it/s, loss=0.566]
  epoch 2/3:  62%|██████▎   | 55/88 [00:13<00:08,  4.11it/s, loss=0.566]
  epoch 2/3:  62%|██████▎   | 55/88 [00:13<00:08,  4.11it/s, loss=0.563]
  epoch 2/3:  64%|██████▎   | 56/88 [00:13<00:07,  4.12it/s, loss=0.563]
  epoch 2/3:  64%|██████▎   | 56/88 [00:14<00:07,  4.12it/s, loss=0.563]
  epoch 2/3:  65%|██████▍   | 57/88 [00:14<00:07,  4.12it/s, loss=0.563]
  epoch 2/3:  65%|██████▍   | 57/88 [00:14<00:07,  4.12it/s, loss=0.560]
  epoch 2/3:  66%|██████▌   | 58/88 [00:14<00:07,  4.11it/s, loss=0.560]
  epoch 2/3:  66%|██████▌   | 58/88 [00:14<00:07,  4.11it/s, loss=0.558]
  epoch 2/3:  67%|██████▋   | 59/88 [00:14<00:07,  4.12it/s, loss=0.558]
  epoch 2/3:  67%|██████▋   | 59/88 [00:14<00:07,  4.12it/s, loss=0.557]
  epoch 2/3:  68%|██████▊   | 60/88 [00:14<00:06,  4.11it/s, loss=0.557]
  epoch 2/3:  68%|██████▊   | 60/88 [00:15<00:06,  4.11it/s, loss=0.554]
  epoch 2/3:  69%|██████▉   | 61/88 [00:15<00:06,  4.11it/s, loss=0.554]
  epoch 2/3:  69%|██████▉   | 61/88 [00:15<00:06,  4.11it/s, loss=0.552]
  epoch 2/3:  70%|███████   | 62/88 [00:15<00:06,  4.11it/s, loss=0.552]
  epoch 2/3:  70%|███████   | 62/88 [00:15<00:06,  4.11it/s, loss=0.550]
  epoch 2/3:  72%|███████▏  | 63/88 [00:15<00:06,  4.12it/s, loss=0.550]
  epoch 2/3:  72%|███████▏  | 63/88 [00:15<00:06,  4.12it/s, loss=0.547]
  epoch 2/3:  73%|███████▎  | 64/88 [00:15<00:05,  4.05it/s, loss=0.547]
  epoch 2/3:  73%|███████▎  | 64/88 [00:16<00:05,  4.05it/s, loss=0.545]
  epoch 2/3:  74%|███████▍  | 65/88 [00:16<00:05,  4.08it/s, loss=0.545]
  epoch 2/3:  74%|███████▍  | 65/88 [00:16<00:05,  4.08it/s, loss=0.543]
  epoch 2/3:  75%|███████▌  | 66/88 [00:16<00:05,  4.10it/s, loss=0.543]
  epoch 2/3:  75%|███████▌  | 66/88 [00:16<00:05,  4.10it/s, loss=0.540]
  epoch 2/3:  76%|███████▌  | 67/88 [00:16<00:05,  4.12it/s, loss=0.540]
  epoch 2/3:  76%|███████▌  | 67/88 [00:16<00:05,  4.12it/s, loss=0.539]
  epoch 2/3:  77%|███████▋  | 68/88 [00:16<00:04,  4.12it/s, loss=0.539]
  epoch 2/3:  77%|███████▋  | 68/88 [00:17<00:04,  4.12it/s, loss=0.537]
  epoch 2/3:  78%|███████▊  | 69/88 [00:17<00:04,  4.12it/s, loss=0.537]
  epoch 2/3:  78%|███████▊  | 69/88 [00:17<00:04,  4.12it/s, loss=0.534]
  epoch 2/3:  80%|███████▉  | 70/88 [00:17<00:04,  4.12it/s, loss=0.534]
  epoch 2/3:  80%|███████▉  | 70/88 [00:17<00:04,  4.12it/s, loss=0.532]
  epoch 2/3:  81%|████████  | 71/88 [00:17<00:04,  4.12it/s, loss=0.532]
  epoch 2/3:  81%|████████  | 71/88 [00:17<00:04,  4.12it/s, loss=0.531]
  epoch 2/3:  82%|████████▏ | 72/88 [00:17<00:03,  4.12it/s, loss=0.531]
  epoch 2/3:  82%|████████▏ | 72/88 [00:17<00:03,  4.12it/s, loss=0.530]
  epoch 2/3:  83%|████████▎ | 73/88 [00:17<00:03,  4.13it/s, loss=0.530]
  epoch 2/3:  83%|████████▎ | 73/88 [00:18<00:03,  4.13it/s, loss=0.527]
  epoch 2/3:  84%|████████▍ | 74/88 [00:18<00:03,  4.12it/s, loss=0.527]
  epoch 2/3:  84%|████████▍ | 74/88 [00:18<00:03,  4.12it/s, loss=0.525]
  epoch 2/3:  85%|████████▌ | 75/88 [00:18<00:03,  4.13it/s, loss=0.525]
  epoch 2/3:  85%|████████▌ | 75/88 [00:18<00:03,  4.13it/s, loss=0.524]
  epoch 2/3:  86%|████████▋ | 76/88 [00:18<00:02,  4.13it/s, loss=0.524]
  epoch 2/3:  86%|████████▋ | 76/88 [00:18<00:02,  4.13it/s, loss=0.521]
  epoch 2/3:  88%|████████▊ | 77/88 [00:18<00:02,  4.14it/s, loss=0.521]
  epoch 2/3:  88%|████████▊ | 77/88 [00:19<00:02,  4.14it/s, loss=0.517]
  epoch 2/3:  89%|████████▊ | 78/88 [00:19<00:02,  4.15it/s, loss=0.517]
  epoch 2/3:  89%|████████▊ | 78/88 [00:19<00:02,  4.15it/s, loss=0.515]
  epoch 2/3:  90%|████████▉ | 79/88 [00:19<00:02,  4.16it/s, loss=0.515]
  epoch 2/3:  90%|████████▉ | 79/88 [00:19<00:02,  4.16it/s, loss=0.514]
  epoch 2/3:  91%|█████████ | 80/88 [00:19<00:01,  4.09it/s, loss=0.514]
  epoch 2/3:  91%|█████████ | 80/88 [00:19<00:01,  4.09it/s, loss=0.512]
  epoch 2/3:  92%|█████████▏| 81/88 [00:19<00:01,  4.12it/s, loss=0.512]
  epoch 2/3:  92%|█████████▏| 81/88 [00:20<00:01,  4.12it/s, loss=0.511]
  epoch 2/3:  93%|█████████▎| 82/88 [00:20<00:01,  4.13it/s, loss=0.511]
  epoch 2/3:  93%|█████████▎| 82/88 [00:20<00:01,  4.13it/s, loss=0.508]
  epoch 2/3:  94%|█████████▍| 83/88 [00:20<00:01,  4.13it/s, loss=0.508]
  epoch 2/3:  94%|█████████▍| 83/88 [00:20<00:01,  4.13it/s, loss=0.507]
  epoch 2/3:  95%|█████████▌| 84/88 [00:20<00:00,  4.14it/s, loss=0.507]
  epoch 2/3:  95%|█████████▌| 84/88 [00:20<00:00,  4.14it/s, loss=0.505]
  epoch 2/3:  97%|█████████▋| 85/88 [00:20<00:00,  4.14it/s, loss=0.505]
  epoch 2/3:  97%|█████████▋| 85/88 [00:21<00:00,  4.14it/s, loss=0.505]
  epoch 2/3:  98%|█████████▊| 86/88 [00:21<00:00,  4.14it/s, loss=0.505]
  epoch 2/3:  98%|█████████▊| 86/88 [00:21<00:00,  4.14it/s, loss=0.504]
  epoch 2/3:  99%|█████████▉| 87/88 [00:21<00:00,  4.14it/s, loss=0.504]
  epoch 2/3:  99%|█████████▉| 87/88 [00:21<00:00,  4.14it/s, loss=0.503]
  epoch 2/3: 100%|██████████| 88/88 [00:21<00:00,  4.48it/s, loss=0.503]
                                                                        

  epoch 3/3:   0%|          | 0/88 [00:00<?, ?it/s]
  epoch 3/3:   0%|          | 0/88 [00:00<?, ?it/s, loss=0.222]
  epoch 3/3:   1%|          | 1/88 [00:00<00:41,  2.12it/s, loss=0.222]
  epoch 3/3:   1%|          | 1/88 [00:00<00:41,  2.12it/s, loss=0.258]
  epoch 3/3:   2%|▏         | 2/88 [00:00<00:28,  2.99it/s, loss=0.258]
  epoch 3/3:   2%|▏         | 2/88 [00:00<00:28,  2.99it/s, loss=0.287]
  epoch 3/3:   3%|▎         | 3/88 [00:00<00:24,  3.43it/s, loss=0.287]
  epoch 3/3:   3%|▎         | 3/88 [00:01<00:24,  3.43it/s, loss=0.314]
  epoch 3/3:   5%|▍         | 4/88 [00:01<00:22,  3.69it/s, loss=0.314]
  epoch 3/3:   5%|▍         | 4/88 [00:01<00:22,  3.69it/s, loss=0.325]
  epoch 3/3:   6%|▌         | 5/88 [00:01<00:21,  3.83it/s, loss=0.325]
  epoch 3/3:   6%|▌         | 5/88 [00:01<00:21,  3.83it/s, loss=0.319]
  epoch 3/3:   7%|▋         | 6/88 [00:01<00:20,  3.92it/s, loss=0.319]
  epoch 3/3:   7%|▋         | 6/88 [00:01<00:20,  3.92it/s, loss=0.321]
  epoch 3/3:   8%|▊         | 7/88 [00:01<00:20,  4.00it/s, loss=0.321]
  epoch 3/3:   8%|▊         | 7/88 [00:02<00:20,  4.00it/s, loss=0.318]
  epoch 3/3:   9%|▉         | 8/88 [00:02<00:20,  3.98it/s, loss=0.318]
  epoch 3/3:   9%|▉         | 8/88 [00:02<00:20,  3.98it/s, loss=0.311]
  epoch 3/3:  10%|█         | 9/88 [00:02<00:19,  4.04it/s, loss=0.311]
  epoch 3/3:  10%|█         | 9/88 [00:02<00:19,  4.04it/s, loss=0.314]
  epoch 3/3:  11%|█▏        | 10/88 [00:02<00:19,  4.09it/s, loss=0.314]
  epoch 3/3:  11%|█▏        | 10/88 [00:02<00:19,  4.09it/s, loss=0.309]
  epoch 3/3:  12%|█▎        | 11/88 [00:02<00:18,  4.10it/s, loss=0.309]
  epoch 3/3:  12%|█▎        | 11/88 [00:03<00:18,  4.10it/s, loss=0.313]
  epoch 3/3:  14%|█▎        | 12/88 [00:03<00:18,  4.13it/s, loss=0.313]
  epoch 3/3:  14%|█▎        | 12/88 [00:03<00:18,  4.13it/s, loss=0.318]
  epoch 3/3:  15%|█▍        | 13/88 [00:03<00:18,  4.13it/s, loss=0.318]
  epoch 3/3:  15%|█▍        | 13/88 [00:03<00:18,  4.13it/s, loss=0.317]
  epoch 3/3:  16%|█▌        | 14/88 [00:03<00:17,  4.15it/s, loss=0.317]
  epoch 3/3:  16%|█▌        | 14/88 [00:03<00:17,  4.15it/s, loss=0.312]
  epoch 3/3:  17%|█▋        | 15/88 [00:03<00:17,  4.17it/s, loss=0.312]
  epoch 3/3:  17%|█▋        | 15/88 [00:04<00:17,  4.17it/s, loss=0.311]
  epoch 3/3:  18%|█▊        | 16/88 [00:04<00:17,  4.17it/s, loss=0.311]
  epoch 3/3:  18%|█▊        | 16/88 [00:04<00:17,  4.17it/s, loss=0.309]
  epoch 3/3:  19%|█▉        | 17/88 [00:04<00:17,  4.16it/s, loss=0.309]
  epoch 3/3:  19%|█▉        | 17/88 [00:04<00:17,  4.16it/s, loss=0.311]
  epoch 3/3:  20%|██        | 18/88 [00:04<00:16,  4.15it/s, loss=0.311]
  epoch 3/3:  20%|██        | 18/88 [00:04<00:16,  4.15it/s, loss=0.317]
  epoch 3/3:  22%|██▏       | 19/88 [00:04<00:16,  4.16it/s, loss=0.317]
  epoch 3/3:  22%|██▏       | 19/88 [00:05<00:16,  4.16it/s, loss=0.315]
  epoch 3/3:  23%|██▎       | 20/88 [00:05<00:16,  4.17it/s, loss=0.315]
  epoch 3/3:  23%|██▎       | 20/88 [00:05<00:16,  4.17it/s, loss=0.310]
  epoch 3/3:  24%|██▍       | 21/88 [00:05<00:16,  4.18it/s, loss=0.310]
  epoch 3/3:  24%|██▍       | 21/88 [00:05<00:16,  4.18it/s, loss=0.307]
  epoch 3/3:  25%|██▌       | 22/88 [00:05<00:15,  4.18it/s, loss=0.307]
  epoch 3/3:  25%|██▌       | 22/88 [00:05<00:15,  4.18it/s, loss=0.302]
  epoch 3/3:  26%|██▌       | 23/88 [00:05<00:15,  4.15it/s, loss=0.302]
  epoch 3/3:  26%|██▌       | 23/88 [00:06<00:15,  4.15it/s, loss=0.303]
  epoch 3/3:  27%|██▋       | 24/88 [00:06<00:15,  4.09it/s, loss=0.303]
  epoch 3/3:  27%|██▋       | 24/88 [00:06<00:15,  4.09it/s, loss=0.301]
  epoch 3/3:  28%|██▊       | 25/88 [00:06<00:15,  4.11it/s, loss=0.301]
  epoch 3/3:  28%|██▊       | 25/88 [00:06<00:15,  4.11it/s, loss=0.300]
  epoch 3/3:  30%|██▉       | 26/88 [00:06<00:14,  4.14it/s, loss=0.300]
  epoch 3/3:  30%|██▉       | 26/88 [00:06<00:14,  4.14it/s, loss=0.297]
  epoch 3/3:  31%|███       | 27/88 [00:06<00:14,  4.14it/s, loss=0.297]
  epoch 3/3:  31%|███       | 27/88 [00:06<00:14,  4.14it/s, loss=0.296]
  epoch 3/3:  32%|███▏      | 28/88 [00:06<00:14,  4.13it/s, loss=0.296]
  epoch 3/3:  32%|███▏      | 28/88 [00:07<00:14,  4.13it/s, loss=0.297]
  epoch 3/3:  33%|███▎      | 29/88 [00:07<00:14,  4.13it/s, loss=0.297]
  epoch 3/3:  33%|███▎      | 29/88 [00:07<00:14,  4.13it/s, loss=0.296]
  epoch 3/3:  34%|███▍      | 30/88 [00:07<00:14,  4.13it/s, loss=0.296]
  epoch 3/3:  34%|███▍      | 30/88 [00:07<00:14,  4.13it/s, loss=0.296]
  epoch 3/3:  35%|███▌      | 31/88 [00:07<00:13,  4.13it/s, loss=0.296]
  epoch 3/3:  35%|███▌      | 31/88 [00:07<00:13,  4.13it/s, loss=0.299]
  epoch 3/3:  36%|███▋      | 32/88 [00:07<00:13,  4.14it/s, loss=0.299]
  epoch 3/3:  36%|███▋      | 32/88 [00:08<00:13,  4.14it/s, loss=0.297]
  epoch 3/3:  38%|███▊      | 33/88 [00:08<00:13,  4.16it/s, loss=0.297]
  epoch 3/3:  38%|███▊      | 33/88 [00:08<00:13,  4.16it/s, loss=0.294]
  epoch 3/3:  39%|███▊      | 34/88 [00:08<00:12,  4.16it/s, loss=0.294]
  epoch 3/3:  39%|███▊      | 34/88 [00:08<00:12,  4.16it/s, loss=0.294]
  epoch 3/3:  40%|███▉      | 35/88 [00:08<00:12,  4.14it/s, loss=0.294]
  epoch 3/3:  40%|███▉      | 35/88 [00:08<00:12,  4.14it/s, loss=0.293]
  epoch 3/3:  41%|████      | 36/88 [00:08<00:12,  4.13it/s, loss=0.293]
  epoch 3/3:  41%|████      | 36/88 [00:09<00:12,  4.13it/s, loss=0.295]
  epoch 3/3:  42%|████▏     | 37/88 [00:09<00:12,  4.12it/s, loss=0.295]
  epoch 3/3:  42%|████▏     | 37/88 [00:09<00:12,  4.12it/s, loss=0.296]
  epoch 3/3:  43%|████▎     | 38/88 [00:09<00:12,  4.12it/s, loss=0.296]
  epoch 3/3:  43%|████▎     | 38/88 [00:09<00:12,  4.12it/s, loss=0.293]
  epoch 3/3:  44%|████▍     | 39/88 [00:09<00:11,  4.12it/s, loss=0.293]
  epoch 3/3:  44%|████▍     | 39/88 [00:09<00:11,  4.12it/s, loss=0.290]
  epoch 3/3:  45%|████▌     | 40/88 [00:09<00:11,  4.06it/s, loss=0.290]
  epoch 3/3:  45%|████▌     | 40/88 [00:10<00:11,  4.06it/s, loss=0.288]
  epoch 3/3:  47%|████▋     | 41/88 [00:10<00:11,  4.10it/s, loss=0.288]
  epoch 3/3:  47%|████▋     | 41/88 [00:10<00:11,  4.10it/s, loss=0.289]
  epoch 3/3:  48%|████▊     | 42/88 [00:10<00:11,  4.13it/s, loss=0.289]
  epoch 3/3:  48%|████▊     | 42/88 [00:10<00:11,  4.13it/s, loss=0.287]
  epoch 3/3:  49%|████▉     | 43/88 [00:10<00:10,  4.13it/s, loss=0.287]
  epoch 3/3:  49%|████▉     | 43/88 [00:10<00:10,  4.13it/s, loss=0.285]
  epoch 3/3:  50%|█████     | 44/88 [00:10<00:10,  4.11it/s, loss=0.285]
  epoch 3/3:  50%|█████     | 44/88 [00:11<00:10,  4.11it/s, loss=0.285]
  epoch 3/3:  51%|█████     | 45/88 [00:11<00:10,  4.12it/s, loss=0.285]
  epoch 3/3:  51%|█████     | 45/88 [00:11<00:10,  4.12it/s, loss=0.284]
  epoch 3/3:  52%|█████▏    | 46/88 [00:11<00:10,  4.11it/s, loss=0.284]
  epoch 3/3:  52%|█████▏    | 46/88 [00:11<00:10,  4.11it/s, loss=0.286]
  epoch 3/3:  53%|█████▎    | 47/88 [00:11<00:09,  4.12it/s, loss=0.286]
  epoch 3/3:  53%|█████▎    | 47/88 [00:11<00:09,  4.12it/s, loss=0.287]
  epoch 3/3:  55%|█████▍    | 48/88 [00:11<00:09,  4.12it/s, loss=0.287]
  epoch 3/3:  55%|█████▍    | 48/88 [00:12<00:09,  4.12it/s, loss=0.288]
  epoch 3/3:  56%|█████▌    | 49/88 [00:12<00:09,  4.13it/s, loss=0.288]
  epoch 3/3:  56%|█████▌    | 49/88 [00:12<00:09,  4.13it/s, loss=0.285]
  epoch 3/3:  57%|█████▋    | 50/88 [00:12<00:09,  4.12it/s, loss=0.285]
  epoch 3/3:  57%|█████▋    | 50/88 [00:12<00:09,  4.12it/s, loss=0.284]
  epoch 3/3:  58%|█████▊    | 51/88 [00:12<00:08,  4.12it/s, loss=0.284]
  epoch 3/3:  58%|█████▊    | 51/88 [00:12<00:08,  4.12it/s, loss=0.282]
  epoch 3/3:  59%|█████▉    | 52/88 [00:12<00:08,  4.11it/s, loss=0.282]
  epoch 3/3:  59%|█████▉    | 52/88 [00:13<00:08,  4.11it/s, loss=0.283]
  epoch 3/3:  60%|██████    | 53/88 [00:13<00:08,  4.11it/s, loss=0.283]
  epoch 3/3:  60%|██████    | 53/88 [00:13<00:08,  4.11it/s, loss=0.282]
  epoch 3/3:  61%|██████▏   | 54/88 [00:13<00:08,  4.12it/s, loss=0.282]
  epoch 3/3:  61%|██████▏   | 54/88 [00:13<00:08,  4.12it/s, loss=0.280]
  epoch 3/3:  62%|██████▎   | 55/88 [00:13<00:07,  4.13it/s, loss=0.280]
  epoch 3/3:  62%|██████▎   | 55/88 [00:13<00:07,  4.13it/s, loss=0.282]
  epoch 3/3:  64%|██████▎   | 56/88 [00:13<00:07,  4.08it/s, loss=0.282]
  epoch 3/3:  64%|██████▎   | 56/88 [00:14<00:07,  4.08it/s, loss=0.282]
  epoch 3/3:  65%|██████▍   | 57/88 [00:14<00:07,  4.10it/s, loss=0.282]
  epoch 3/3:  65%|██████▍   | 57/88 [00:14<00:07,  4.10it/s, loss=0.284]
  epoch 3/3:  66%|██████▌   | 58/88 [00:14<00:07,  4.10it/s, loss=0.284]
  epoch 3/3:  66%|██████▌   | 58/88 [00:14<00:07,  4.10it/s, loss=0.283]
  epoch 3/3:  67%|██████▋   | 59/88 [00:14<00:07,  4.11it/s, loss=0.283]
  epoch 3/3:  67%|██████▋   | 59/88 [00:14<00:07,  4.11it/s, loss=0.282]
  epoch 3/3:  68%|██████▊   | 60/88 [00:14<00:06,  4.11it/s, loss=0.282]
  epoch 3/3:  68%|██████▊   | 60/88 [00:15<00:06,  4.11it/s, loss=0.282]
  epoch 3/3:  69%|██████▉   | 61/88 [00:15<00:06,  4.10it/s, loss=0.282]
  epoch 3/3:  69%|██████▉   | 61/88 [00:15<00:06,  4.10it/s, loss=0.281]
  epoch 3/3:  70%|███████   | 62/88 [00:15<00:06,  4.11it/s, loss=0.281]
  epoch 3/3:  70%|███████   | 62/88 [00:15<00:06,  4.11it/s, loss=0.280]
  epoch 3/3:  72%|███████▏  | 63/88 [00:15<00:06,  4.11it/s, loss=0.280]
  epoch 3/3:  72%|███████▏  | 63/88 [00:15<00:06,  4.11it/s, loss=0.281]
  epoch 3/3:  73%|███████▎  | 64/88 [00:15<00:05,  4.10it/s, loss=0.281]
  epoch 3/3:  73%|███████▎  | 64/88 [00:15<00:05,  4.10it/s, loss=0.279]
  epoch 3/3:  74%|███████▍  | 65/88 [00:15<00:05,  4.11it/s, loss=0.279]
  epoch 3/3:  74%|███████▍  | 65/88 [00:16<00:05,  4.11it/s, loss=0.280]
  epoch 3/3:  75%|███████▌  | 66/88 [00:16<00:05,  4.13it/s, loss=0.280]
  epoch 3/3:  75%|███████▌  | 66/88 [00:16<00:05,  4.13it/s, loss=0.278]
  epoch 3/3:  76%|███████▌  | 67/88 [00:16<00:05,  4.13it/s, loss=0.278]
  epoch 3/3:  76%|███████▌  | 67/88 [00:16<00:05,  4.13it/s, loss=0.276]
  epoch 3/3:  77%|███████▋  | 68/88 [00:16<00:04,  4.12it/s, loss=0.276]
  epoch 3/3:  77%|███████▋  | 68/88 [00:16<00:04,  4.12it/s, loss=0.275]
  epoch 3/3:  78%|███████▊  | 69/88 [00:16<00:04,  4.12it/s, loss=0.275]
  epoch 3/3:  78%|███████▊  | 69/88 [00:17<00:04,  4.12it/s, loss=0.275]
  epoch 3/3:  80%|███████▉  | 70/88 [00:17<00:04,  4.14it/s, loss=0.275]
  epoch 3/3:  80%|███████▉  | 70/88 [00:17<00:04,  4.14it/s, loss=0.273]
  epoch 3/3:  81%|████████  | 71/88 [00:17<00:04,  4.14it/s, loss=0.273]
  epoch 3/3:  81%|████████  | 71/88 [00:17<00:04,  4.14it/s, loss=0.272]
  epoch 3/3:  82%|████████▏ | 72/88 [00:17<00:03,  4.10it/s, loss=0.272]
  epoch 3/3:  82%|████████▏ | 72/88 [00:17<00:03,  4.10it/s, loss=0.272]
  epoch 3/3:  83%|████████▎ | 73/88 [00:17<00:03,  4.12it/s, loss=0.272]
  epoch 3/3:  83%|████████▎ | 73/88 [00:18<00:03,  4.12it/s, loss=0.271]
  epoch 3/3:  84%|████████▍ | 74/88 [00:18<00:03,  4.13it/s, loss=0.271]
  epoch 3/3:  84%|████████▍ | 74/88 [00:18<00:03,  4.13it/s, loss=0.271]
  epoch 3/3:  85%|████████▌ | 75/88 [00:18<00:03,  4.13it/s, loss=0.271]
  epoch 3/3:  85%|████████▌ | 75/88 [00:18<00:03,  4.13it/s, loss=0.271]
  epoch 3/3:  86%|████████▋ | 76/88 [00:18<00:02,  4.14it/s, loss=0.271]
  epoch 3/3:  86%|████████▋ | 76/88 [00:18<00:02,  4.14it/s, loss=0.270]
  epoch 3/3:  88%|████████▊ | 77/88 [00:18<00:02,  4.13it/s, loss=0.270]
  epoch 3/3:  88%|████████▊ | 77/88 [00:19<00:02,  4.13it/s, loss=0.268]
  epoch 3/3:  89%|████████▊ | 78/88 [00:19<00:02,  4.13it/s, loss=0.268]
  epoch 3/3:  89%|████████▊ | 78/88 [00:19<00:02,  4.13it/s, loss=0.267]
  epoch 3/3:  90%|████████▉ | 79/88 [00:19<00:02,  4.12it/s, loss=0.267]
  epoch 3/3:  90%|████████▉ | 79/88 [00:19<00:02,  4.12it/s, loss=0.266]
  epoch 3/3:  91%|█████████ | 80/88 [00:19<00:01,  4.12it/s, loss=0.266]
  epoch 3/3:  91%|█████████ | 80/88 [00:19<00:01,  4.12it/s, loss=0.268]
  epoch 3/3:  92%|█████████▏| 81/88 [00:19<00:01,  4.11it/s, loss=0.268]
  epoch 3/3:  92%|█████████▏| 81/88 [00:20<00:01,  4.11it/s, loss=0.267]
  epoch 3/3:  93%|█████████▎| 82/88 [00:20<00:01,  4.11it/s, loss=0.267]
  epoch 3/3:  93%|█████████▎| 82/88 [00:20<00:01,  4.11it/s, loss=0.267]
  epoch 3/3:  94%|█████████▍| 83/88 [00:20<00:01,  4.11it/s, loss=0.267]
  epoch 3/3:  94%|█████████▍| 83/88 [00:20<00:01,  4.11it/s, loss=0.267]
  epoch 3/3:  95%|█████████▌| 84/88 [00:20<00:00,  4.10it/s, loss=0.267]
  epoch 3/3:  95%|█████████▌| 84/88 [00:20<00:00,  4.10it/s, loss=0.266]
  epoch 3/3:  97%|█████████▋| 85/88 [00:20<00:00,  4.11it/s, loss=0.266]
  epoch 3/3:  97%|█████████▋| 85/88 [00:21<00:00,  4.11it/s, loss=0.266]
  epoch 3/3:  98%|█████████▊| 86/88 [00:21<00:00,  4.11it/s, loss=0.266]
  epoch 3/3:  98%|█████████▊| 86/88 [00:21<00:00,  4.11it/s, loss=0.265]
  epoch 3/3:  99%|█████████▉| 87/88 [00:21<00:00,  4.11it/s, loss=0.265]
  epoch 3/3:  99%|█████████▉| 87/88 [00:21<00:00,  4.11it/s, loss=0.264]
  epoch 3/3: 100%|██████████| 88/88 [00:21<00:00,  4.40it/s, loss=0.264]
                                                                        
[titans] reset=never | norm(state) sau task = 80.5136
[titans]   self-mod v:β=0.82 |W|=1.15
[titans]   eta_t(avg)=2.0240  alpha_t/forget-gate(avg)=0.9997
[task 1] test acc so far: 0.909  0.769
[task 1] NCM-online acc so far: 0.880  0.891
[task 1] NCM-posthoc acc so far: 0.891  0.891
[task 2] classes=[5, 6, 14, 20, 29] | train=2800

  epoch 1/3:   0%|          | 0/88 [00:00<?, ?it/s]
  epoch 1/3:   0%|          | 0/88 [00:00<?, ?it/s, loss=1.803]
  epoch 1/3:   1%|          | 1/88 [00:00<00:42,  2.06it/s, loss=1.803]
  epoch 1/3:   1%|          | 1/88 [00:00<00:42,  2.06it/s, loss=1.825]
  epoch 1/3:   2%|▏         | 2/88 [00:00<00:29,  2.92it/s, loss=1.825]
  epoch 1/3:   2%|▏         | 2/88 [00:00<00:29,  2.92it/s, loss=1.827]
  epoch 1/3:   3%|▎         | 3/88 [00:00<00:25,  3.37it/s, loss=1.827]
  epoch 1/3:   3%|▎         | 3/88 [00:01<00:25,  3.37it/s, loss=1.840]
  epoch 1/3:   5%|▍         | 4/88 [00:01<00:23,  3.64it/s, loss=1.840]
  epoch 1/3:   5%|▍         | 4/88 [00:01<00:23,  3.64it/s, loss=1.819]
  epoch 1/3:   6%|▌         | 5/88 [00:01<00:21,  3.81it/s, loss=1.819]
  epoch 1/3:   6%|▌         | 5/88 [00:01<00:21,  3.81it/s, loss=1.795]
  epoch 1/3:   7%|▋         | 6/88 [00:01<00:20,  3.91it/s, loss=1.795]
  epoch 1/3:   7%|▋         | 6/88 [00:01<00:20,  3.91it/s, loss=1.790]
  epoch 1/3:   8%|▊         | 7/88 [00:01<00:20,  3.98it/s, loss=1.790]
  epoch 1/3:   8%|▊         | 7/88 [00:02<00:20,  3.98it/s, loss=1.803]
  epoch 1/3:   9%|▉         | 8/88 [00:02<00:19,  4.01it/s, loss=1.803]
  epoch 1/3:   9%|▉         | 8/88 [00:02<00:19,  4.01it/s, loss=1.786]
  epoch 1/3:  10%|█         | 9/88 [00:02<00:19,  4.04it/s, loss=1.786]
  epoch 1/3:  10%|█         | 9/88 [00:02<00:19,  4.04it/s, loss=1.760]
  epoch 1/3:  11%|█▏        | 10/88 [00:02<00:19,  4.06it/s, loss=1.760]
  epoch 1/3:  11%|█▏        | 10/88 [00:02<00:19,  4.06it/s, loss=1.749]
  epoch 1/3:  12%|█▎        | 11/88 [00:02<00:18,  4.09it/s, loss=1.749]
  epoch 1/3:  12%|█▎        | 11/88 [00:03<00:18,  4.09it/s, loss=1.748]
  epoch 1/3:  14%|█▎        | 12/88 [00:03<00:18,  4.13it/s, loss=1.748]
  epoch 1/3:  14%|█▎        | 12/88 [00:03<00:18,  4.13it/s, loss=1.740]
  epoch 1/3:  15%|█▍        | 13/88 [00:03<00:18,  4.14it/s, loss=1.740]
  epoch 1/3:  15%|█▍        | 13/88 [00:03<00:18,  4.14it/s, loss=1.726]
  epoch 1/3:  16%|█▌        | 14/88 [00:03<00:17,  4.14it/s, loss=1.726]
  epoch 1/3:  16%|█▌        | 14/88 [00:03<00:17,  4.14it/s, loss=1.724]
  epoch 1/3:  17%|█▋        | 15/88 [00:03<00:17,  4.14it/s, loss=1.724]
  epoch 1/3:  17%|█▋        | 15/88 [00:04<00:17,  4.14it/s, loss=1.722]
  epoch 1/3:  18%|█▊        | 16/88 [00:04<00:17,  4.09it/s, loss=1.722]
  epoch 1/3:  18%|█▊        | 16/88 [00:04<00:17,  4.09it/s, loss=1.703]
  epoch 1/3:  19%|█▉        | 17/88 [00:04<00:17,  4.10it/s, loss=1.703]
  epoch 1/3:  19%|█▉        | 17/88 [00:04<00:17,  4.10it/s, loss=1.698]
  epoch 1/3:  20%|██        | 18/88 [00:04<00:16,  4.12it/s, loss=1.698]
  epoch 1/3:  20%|██        | 18/88 [00:04<00:16,  4.12it/s, loss=1.691]
  epoch 1/3:  22%|██▏       | 19/88 [00:04<00:16,  4.11it/s, loss=1.691]
  epoch 1/3:  22%|██▏       | 19/88 [00:05<00:16,  4.11it/s, loss=1.682]
  epoch 1/3:  23%|██▎       | 20/88 [00:05<00:16,  4.12it/s, loss=1.682]
  epoch 1/3:  23%|██▎       | 20/88 [00:05<00:16,  4.12it/s, loss=1.672]
  epoch 1/3:  24%|██▍       | 21/88 [00:05<00:16,  4.12it/s, loss=1.672]
  epoch 1/3:  24%|██▍       | 21/88 [00:05<00:16,  4.12it/s, loss=1.659]
  epoch 1/3:  25%|██▌       | 22/88 [00:05<00:16,  4.12it/s, loss=1.659]
  epoch 1/3:  25%|██▌       | 22/88 [00:05<00:16,  4.12it/s, loss=1.654]
  epoch 1/3:  26%|██▌       | 23/88 [00:05<00:15,  4.12it/s, loss=1.654]
  epoch 1/3:  26%|██▌       | 23/88 [00:06<00:15,  4.12it/s, loss=1.647]
  epoch 1/3:  27%|██▋       | 24/88 [00:06<00:15,  4.15it/s, loss=1.647]
  epoch 1/3:  27%|██▋       | 24/88 [00:06<00:15,  4.15it/s, loss=1.639]
  epoch 1/3:  28%|██▊       | 25/88 [00:06<00:15,  4.17it/s, loss=1.639]
  epoch 1/3:  28%|██▊       | 25/88 [00:06<00:15,  4.17it/s, loss=1.632]
  epoch 1/3:  30%|██▉       | 26/88 [00:06<00:14,  4.16it/s, loss=1.632]
  epoch 1/3:  30%|██▉       | 26/88 [00:06<00:14,  4.16it/s, loss=1.628]
  epoch 1/3:  31%|███       | 27/88 [00:06<00:14,  4.17it/s, loss=1.628]
  epoch 1/3:  31%|███       | 27/88 [00:07<00:14,  4.17it/s, loss=1.621]
  epoch 1/3:  32%|███▏      | 28/88 [00:07<00:14,  4.16it/s, loss=1.621]
  epoch 1/3:  32%|███▏      | 28/88 [00:07<00:14,  4.16it/s, loss=1.617]
  epoch 1/3:  33%|███▎      | 29/88 [00:07<00:14,  4.20it/s, loss=1.617]
  epoch 1/3:  33%|███▎      | 29/88 [00:07<00:14,  4.20it/s, loss=1.605]
  epoch 1/3:  34%|███▍      | 30/88 [00:07<00:13,  4.19it/s, loss=1.605]
  epoch 1/3:  34%|███▍      | 30/88 [00:07<00:13,  4.19it/s, loss=1.596]
  epoch 1/3:  35%|███▌      | 31/88 [00:07<00:13,  4.18it/s, loss=1.596]
  epoch 1/3:  35%|███▌      | 31/88 [00:07<00:13,  4.18it/s, loss=1.592]
  epoch 1/3:  36%|███▋      | 32/88 [00:07<00:13,  4.12it/s, loss=1.592]
  epoch 1/3:  36%|███▋      | 32/88 [00:08<00:13,  4.12it/s, loss=1.582]
  epoch 1/3:  38%|███▊      | 33/88 [00:08<00:13,  4.13it/s, loss=1.582]
  epoch 1/3:  38%|███▊      | 33/88 [00:08<00:13,  4.13it/s, loss=1.574]
  epoch 1/3:  39%|███▊      | 34/88 [00:08<00:13,  4.13it/s, loss=1.574]
  epoch 1/3:  39%|███▊      | 34/88 [00:08<00:13,  4.13it/s, loss=1.569]
  epoch 1/3:  40%|███▉      | 35/88 [00:08<00:12,  4.14it/s, loss=1.569]
  epoch 1/3:  40%|███▉      | 35/88 [00:08<00:12,  4.14it/s, loss=1.560]
  epoch 1/3:  41%|████      | 36/88 [00:08<00:12,  4.15it/s, loss=1.560]
  epoch 1/3:  41%|████      | 36/88 [00:09<00:12,  4.15it/s, loss=1.553]
  epoch 1/3:  42%|████▏     | 37/88 [00:09<00:12,  4.18it/s, loss=1.553]
  epoch 1/3:  42%|████▏     | 37/88 [00:09<00:12,  4.18it/s, loss=1.546]
  epoch 1/3:  43%|████▎     | 38/88 [00:09<00:11,  4.18it/s, loss=1.546]
  epoch 1/3:  43%|████▎     | 38/88 [00:09<00:11,  4.18it/s, loss=1.538]
  epoch 1/3:  44%|████▍     | 39/88 [00:09<00:11,  4.16it/s, loss=1.538]
  epoch 1/3:  44%|████▍     | 39/88 [00:09<00:11,  4.16it/s, loss=1.532]
  epoch 1/3:  45%|████▌     | 40/88 [00:09<00:11,  4.17it/s, loss=1.532]
  epoch 1/3:  45%|████▌     | 40/88 [00:10<00:11,  4.17it/s, loss=1.526]
  epoch 1/3:  47%|████▋     | 41/88 [00:10<00:11,  4.18it/s, loss=1.526]
  epoch 1/3:  47%|████▋     | 41/88 [00:10<00:11,  4.18it/s, loss=1.520]
  epoch 1/3:  48%|████▊     | 42/88 [00:10<00:10,  4.18it/s, loss=1.520]
  epoch 1/3:  48%|████▊     | 42/88 [00:10<00:10,  4.18it/s, loss=1.513]
  epoch 1/3:  49%|████▉     | 43/88 [00:10<00:10,  4.17it/s, loss=1.513]
  epoch 1/3:  49%|████▉     | 43/88 [00:10<00:10,  4.17it/s, loss=1.507]
  epoch 1/3:  50%|█████     | 44/88 [00:10<00:10,  4.16it/s, loss=1.507]
  epoch 1/3:  50%|█████     | 44/88 [00:11<00:10,  4.16it/s, loss=1.499]
  epoch 1/3:  51%|█████     | 45/88 [00:11<00:10,  4.15it/s, loss=1.499]
  epoch 1/3:  51%|█████     | 45/88 [00:11<00:10,  4.15it/s, loss=1.493]
  epoch 1/3:  52%|█████▏    | 46/88 [00:11<00:10,  4.15it/s, loss=1.493]
  epoch 1/3:  52%|█████▏    | 46/88 [00:11<00:10,  4.15it/s, loss=1.488]
  epoch 1/3:  53%|█████▎    | 47/88 [00:11<00:09,  4.15it/s, loss=1.488]
  epoch 1/3:  53%|█████▎    | 47/88 [00:11<00:09,  4.15it/s, loss=1.483]
  epoch 1/3:  55%|█████▍    | 48/88 [00:11<00:09,  4.11it/s, loss=1.483]
  epoch 1/3:  55%|█████▍    | 48/88 [00:12<00:09,  4.11it/s, loss=1.476]
  epoch 1/3:  56%|█████▌    | 49/88 [00:12<00:09,  4.13it/s, loss=1.476]
  epoch 1/3:  56%|█████▌    | 49/88 [00:12<00:09,  4.13it/s, loss=1.471]
  epoch 1/3:  57%|█████▋    | 50/88 [00:12<00:09,  4.15it/s, loss=1.471]
  epoch 1/3:  57%|█████▋    | 50/88 [00:12<00:09,  4.15it/s, loss=1.465]
  epoch 1/3:  58%|█████▊    | 51/88 [00:12<00:08,  4.17it/s, loss=1.465]
  epoch 1/3:  58%|█████▊    | 51/88 [00:12<00:08,  4.17it/s, loss=1.460]
  epoch 1/3:  59%|█████▉    | 52/88 [00:12<00:08,  4.16it/s, loss=1.460]
  epoch 1/3:  59%|█████▉    | 52/88 [00:13<00:08,  4.16it/s, loss=1.453]
  epoch 1/3:  60%|██████    | 53/88 [00:13<00:08,  4.15it/s, loss=1.453]
  epoch 1/3:  60%|██████    | 53/88 [00:13<00:08,  4.15it/s, loss=1.448]
  epoch 1/3:  61%|██████▏   | 54/88 [00:13<00:08,  4.14it/s, loss=1.448]
  epoch 1/3:  61%|██████▏   | 54/88 [00:13<00:08,  4.14it/s, loss=1.443]
  epoch 1/3:  62%|██████▎   | 55/88 [00:13<00:07,  4.13it/s, loss=1.443]
  epoch 1/3:  62%|██████▎   | 55/88 [00:13<00:07,  4.13it/s, loss=1.438]
  epoch 1/3:  64%|██████▎   | 56/88 [00:13<00:07,  4.12it/s, loss=1.438]
  epoch 1/3:  64%|██████▎   | 56/88 [00:14<00:07,  4.12it/s, loss=1.436]
  epoch 1/3:  65%|██████▍   | 57/88 [00:14<00:07,  4.12it/s, loss=1.436]
  epoch 1/3:  65%|██████▍   | 57/88 [00:14<00:07,  4.12it/s, loss=1.432]
  epoch 1/3:  66%|██████▌   | 58/88 [00:14<00:07,  4.14it/s, loss=1.432]
  epoch 1/3:  66%|██████▌   | 58/88 [00:14<00:07,  4.14it/s, loss=1.424]
  epoch 1/3:  67%|██████▋   | 59/88 [00:14<00:06,  4.16it/s, loss=1.424]
  epoch 1/3:  67%|██████▋   | 59/88 [00:14<00:06,  4.16it/s, loss=1.421]
  epoch 1/3:  68%|██████▊   | 60/88 [00:14<00:06,  4.18it/s, loss=1.421]
  epoch 1/3:  68%|██████▊   | 60/88 [00:14<00:06,  4.18it/s, loss=1.413]
  epoch 1/3:  69%|██████▉   | 61/88 [00:14<00:06,  4.18it/s, loss=1.413]
  epoch 1/3:  69%|██████▉   | 61/88 [00:15<00:06,  4.18it/s, loss=1.408]
  epoch 1/3:  70%|███████   | 62/88 [00:15<00:06,  4.17it/s, loss=1.408]
  epoch 1/3:  70%|███████   | 62/88 [00:15<00:06,  4.17it/s, loss=1.403]
  epoch 1/3:  72%|███████▏  | 63/88 [00:15<00:06,  4.15it/s, loss=1.403]
  epoch 1/3:  72%|███████▏  | 63/88 [00:15<00:06,  4.15it/s, loss=1.396]
  epoch 1/3:  73%|███████▎  | 64/88 [00:15<00:05,  4.08it/s, loss=1.396]
  epoch 1/3:  73%|███████▎  | 64/88 [00:15<00:05,  4.08it/s, loss=1.388]
  epoch 1/3:  74%|███████▍  | 65/88 [00:15<00:05,  4.10it/s, loss=1.388]
  epoch 1/3:  74%|███████▍  | 65/88 [00:16<00:05,  4.10it/s, loss=1.382]
  epoch 1/3:  75%|███████▌  | 66/88 [00:16<00:05,  4.13it/s, loss=1.382]
  epoch 1/3:  75%|███████▌  | 66/88 [00:16<00:05,  4.13it/s, loss=1.375]
  epoch 1/3:  76%|███████▌  | 67/88 [00:16<00:05,  4.13it/s, loss=1.375]
  epoch 1/3:  76%|███████▌  | 67/88 [00:16<00:05,  4.13it/s, loss=1.370]
  epoch 1/3:  77%|███████▋  | 68/88 [00:16<00:04,  4.14it/s, loss=1.370]
  epoch 1/3:  77%|███████▋  | 68/88 [00:16<00:04,  4.14it/s, loss=1.364]
  epoch 1/3:  78%|███████▊  | 69/88 [00:16<00:04,  4.13it/s, loss=1.364]
  epoch 1/3:  78%|███████▊  | 69/88 [00:17<00:04,  4.13it/s, loss=1.357]
  epoch 1/3:  80%|███████▉  | 70/88 [00:17<00:04,  4.13it/s, loss=1.357]
  epoch 1/3:  80%|███████▉  | 70/88 [00:17<00:04,  4.13it/s, loss=1.352]
  epoch 1/3:  81%|████████  | 71/88 [00:17<00:04,  4.13it/s, loss=1.352]
  epoch 1/3:  81%|████████  | 71/88 [00:17<00:04,  4.13it/s, loss=1.347]
  epoch 1/3:  82%|████████▏ | 72/88 [00:17<00:03,  4.12it/s, loss=1.347]
  epoch 1/3:  82%|████████▏ | 72/88 [00:17<00:03,  4.12it/s, loss=1.342]
  epoch 1/3:  83%|████████▎ | 73/88 [00:17<00:03,  4.12it/s, loss=1.342]
  epoch 1/3:  83%|████████▎ | 73/88 [00:18<00:03,  4.12it/s, loss=1.337]
  epoch 1/3:  84%|████████▍ | 74/88 [00:18<00:03,  4.13it/s, loss=1.337]
  epoch 1/3:  84%|████████▍ | 74/88 [00:18<00:03,  4.13it/s, loss=1.331]
  epoch 1/3:  85%|████████▌ | 75/88 [00:18<00:03,  4.13it/s, loss=1.331]
  epoch 1/3:  85%|████████▌ | 75/88 [00:18<00:03,  4.13it/s, loss=1.325]
  epoch 1/3:  86%|████████▋ | 76/88 [00:18<00:02,  4.15it/s, loss=1.325]
  epoch 1/3:  86%|████████▋ | 76/88 [00:18<00:02,  4.15it/s, loss=1.319]
  epoch 1/3:  88%|████████▊ | 77/88 [00:18<00:02,  4.17it/s, loss=1.319]
  epoch 1/3:  88%|████████▊ | 77/88 [00:19<00:02,  4.17it/s, loss=1.313]
  epoch 1/3:  89%|████████▊ | 78/88 [00:19<00:02,  4.17it/s, loss=1.313]
  epoch 1/3:  89%|████████▊ | 78/88 [00:19<00:02,  4.17it/s, loss=1.308]
  epoch 1/3:  90%|████████▉ | 79/88 [00:19<00:02,  4.16it/s, loss=1.308]
  epoch 1/3:  90%|████████▉ | 79/88 [00:19<00:02,  4.16it/s, loss=1.302]
  epoch 1/3:  91%|█████████ | 80/88 [00:19<00:01,  4.08it/s, loss=1.302]
  epoch 1/3:  91%|█████████ | 80/88 [00:19<00:01,  4.08it/s, loss=1.296]
  epoch 1/3:  92%|█████████▏| 81/88 [00:19<00:01,  4.12it/s, loss=1.296]
  epoch 1/3:  92%|█████████▏| 81/88 [00:20<00:01,  4.12it/s, loss=1.290]
  epoch 1/3:  93%|█████████▎| 82/88 [00:20<00:01,  4.13it/s, loss=1.290]
  epoch 1/3:  93%|█████████▎| 82/88 [00:20<00:01,  4.13it/s, loss=1.283]
  epoch 1/3:  94%|█████████▍| 83/88 [00:20<00:01,  4.14it/s, loss=1.283]
  epoch 1/3:  94%|█████████▍| 83/88 [00:20<00:01,  4.14it/s, loss=1.278]
  epoch 1/3:  95%|█████████▌| 84/88 [00:20<00:00,  4.13it/s, loss=1.278]
  epoch 1/3:  95%|█████████▌| 84/88 [00:20<00:00,  4.13it/s, loss=1.273]
  epoch 1/3:  97%|█████████▋| 85/88 [00:20<00:00,  4.13it/s, loss=1.273]
  epoch 1/3:  97%|█████████▋| 85/88 [00:21<00:00,  4.13it/s, loss=1.268]
  epoch 1/3:  98%|█████████▊| 86/88 [00:21<00:00,  4.12it/s, loss=1.268]
  epoch 1/3:  98%|█████████▊| 86/88 [00:21<00:00,  4.12it/s, loss=1.264]
  epoch 1/3:  99%|█████████▉| 87/88 [00:21<00:00,  4.13it/s, loss=1.264]
  epoch 1/3:  99%|█████████▉| 87/88 [00:21<00:00,  4.13it/s, loss=1.261]
  epoch 1/3: 100%|██████████| 88/88 [00:21<00:00,  4.48it/s, loss=1.261]
                                                                        

  epoch 2/3:   0%|          | 0/88 [00:00<?, ?it/s]
  epoch 2/3:   0%|          | 0/88 [00:00<?, ?it/s, loss=0.777]
  epoch 2/3:   1%|          | 1/88 [00:00<00:40,  2.16it/s, loss=0.777]
  epoch 2/3:   1%|          | 1/88 [00:00<00:40,  2.16it/s, loss=0.802]
  epoch 2/3:   2%|▏         | 2/88 [00:00<00:28,  3.01it/s, loss=0.802]
  epoch 2/3:   2%|▏         | 2/88 [00:00<00:28,  3.01it/s, loss=0.744]
  epoch 2/3:   3%|▎         | 3/88 [00:00<00:24,  3.44it/s, loss=0.744]
  epoch 2/3:   3%|▎         | 3/88 [00:01<00:24,  3.44it/s, loss=0.787]
  epoch 2/3:   5%|▍         | 4/88 [00:01<00:22,  3.70it/s, loss=0.787]
  epoch 2/3:   5%|▍         | 4/88 [00:01<00:22,  3.70it/s, loss=0.788]
  epoch 2/3:   6%|▌         | 5/88 [00:01<00:21,  3.85it/s, loss=0.788]
  epoch 2/3:   6%|▌         | 5/88 [00:01<00:21,  3.85it/s, loss=0.769]
  epoch 2/3:   7%|▋         | 6/88 [00:01<00:20,  3.95it/s, loss=0.769]
  epoch 2/3:   7%|▋         | 6/88 [00:01<00:20,  3.95it/s, loss=0.773]
  epoch 2/3:   8%|▊         | 7/88 [00:01<00:20,  4.01it/s, loss=0.773]
  epoch 2/3:   8%|▊         | 7/88 [00:02<00:20,  4.01it/s, loss=0.760]
  epoch 2/3:   9%|▉         | 8/88 [00:02<00:20,  3.98it/s, loss=0.760]
  epoch 2/3:   9%|▉         | 8/88 [00:02<00:20,  3.98it/s, loss=0.753]
  epoch 2/3:  10%|█         | 9/88 [00:02<00:19,  4.05it/s, loss=0.753]
  epoch 2/3:  10%|█         | 9/88 [00:02<00:19,  4.05it/s, loss=0.749]
  epoch 2/3:  11%|█▏        | 10/88 [00:02<00:19,  4.08it/s, loss=0.749]
  epoch 2/3:  11%|█▏        | 10/88 [00:02<00:19,  4.08it/s, loss=0.745]
  epoch 2/3:  12%|█▎        | 11/88 [00:02<00:18,  4.09it/s, loss=0.745]
  epoch 2/3:  12%|█▎        | 11/88 [00:03<00:18,  4.09it/s, loss=0.746]
  epoch 2/3:  14%|█▎        | 12/88 [00:03<00:18,  4.11it/s, loss=0.746]
  epoch 2/3:  14%|█▎        | 12/88 [00:03<00:18,  4.11it/s, loss=0.741]
  epoch 2/3:  15%|█▍        | 13/88 [00:03<00:18,  4.11it/s, loss=0.741]
  epoch 2/3:  15%|█▍        | 13/88 [00:03<00:18,  4.11it/s, loss=0.735]
  epoch 2/3:  16%|█▌        | 14/88 [00:03<00:18,  4.10it/s, loss=0.735]
  epoch 2/3:  16%|█▌        | 14/88 [00:03<00:18,  4.10it/s, loss=0.727]
  epoch 2/3:  17%|█▋        | 15/88 [00:03<00:17,  4.11it/s, loss=0.727]
  epoch 2/3:  17%|█▋        | 15/88 [00:04<00:17,  4.11it/s, loss=0.725]
  epoch 2/3:  18%|█▊        | 16/88 [00:04<00:17,  4.11it/s, loss=0.725]
  epoch 2/3:  18%|█▊        | 16/88 [00:04<00:17,  4.11it/s, loss=0.724]
  epoch 2/3:  19%|█▉        | 17/88 [00:04<00:17,  4.11it/s, loss=0.724]
  epoch 2/3:  19%|█▉        | 17/88 [00:04<00:17,  4.11it/s, loss=0.725]
  epoch 2/3:  20%|██        | 18/88 [00:04<00:16,  4.12it/s, loss=0.725]
  epoch 2/3:  20%|██        | 18/88 [00:04<00:16,  4.12it/s, loss=0.719]
  epoch 2/3:  22%|██▏       | 19/88 [00:04<00:16,  4.13it/s, loss=0.719]
  epoch 2/3:  22%|██▏       | 19/88 [00:05<00:16,  4.13it/s, loss=0.715]
  epoch 2/3:  23%|██▎       | 20/88 [00:05<00:16,  4.13it/s, loss=0.715]
  epoch 2/3:  23%|██▎       | 20/88 [00:05<00:16,  4.13it/s, loss=0.718]
  epoch 2/3:  24%|██▍       | 21/88 [00:05<00:16,  4.16it/s, loss=0.718]
  epoch 2/3:  24%|██▍       | 21/88 [00:05<00:16,  4.16it/s, loss=0.715]
  epoch 2/3:  25%|██▌       | 22/88 [00:05<00:15,  4.16it/s, loss=0.715]
  epoch 2/3:  25%|██▌       | 22/88 [00:05<00:15,  4.16it/s, loss=0.715]
  epoch 2/3:  26%|██▌       | 23/88 [00:05<00:15,  4.16it/s, loss=0.715]
  epoch 2/3:  26%|██▌       | 23/88 [00:06<00:15,  4.16it/s, loss=0.711]
  epoch 2/3:  27%|██▋       | 24/88 [00:06<00:15,  4.08it/s, loss=0.711]
  epoch 2/3:  27%|██▋       | 24/88 [00:06<00:15,  4.08it/s, loss=0.706]
  epoch 2/3:  28%|██▊       | 25/88 [00:06<00:15,  4.11it/s, loss=0.706]
  epoch 2/3:  28%|██▊       | 25/88 [00:06<00:15,  4.11it/s, loss=0.705]
  epoch 2/3:  30%|██▉       | 26/88 [00:06<00:14,  4.14it/s, loss=0.705]
  epoch 2/3:  30%|██▉       | 26/88 [00:06<00:14,  4.14it/s, loss=0.703]
  epoch 2/3:  31%|███       | 27/88 [00:06<00:14,  4.14it/s, loss=0.703]
  epoch 2/3:  31%|███       | 27/88 [00:06<00:14,  4.14it/s, loss=0.701]
  epoch 2/3:  32%|███▏      | 28/88 [00:06<00:14,  4.14it/s, loss=0.701]
  epoch 2/3:  32%|███▏      | 28/88 [00:07<00:14,  4.14it/s, loss=0.701]
  epoch 2/3:  33%|███▎      | 29/88 [00:07<00:14,  4.13it/s, loss=0.701]
  epoch 2/3:  33%|███▎      | 29/88 [00:07<00:14,  4.13it/s, loss=0.694]
  epoch 2/3:  34%|███▍      | 30/88 [00:07<00:14,  4.13it/s, loss=0.694]
  epoch 2/3:  34%|███▍      | 30/88 [00:07<00:14,  4.13it/s, loss=0.690]
  epoch 2/3:  35%|███▌      | 31/88 [00:07<00:13,  4.13it/s, loss=0.690]
  epoch 2/3:  35%|███▌      | 31/88 [00:07<00:13,  4.13it/s, loss=0.684]
  epoch 2/3:  36%|███▋      | 32/88 [00:07<00:13,  4.13it/s, loss=0.684]
  epoch 2/3:  36%|███▋      | 32/88 [00:08<00:13,  4.13it/s, loss=0.680]
  epoch 2/3:  38%|███▊      | 33/88 [00:08<00:13,  4.14it/s, loss=0.680]
  epoch 2/3:  38%|███▊      | 33/88 [00:08<00:13,  4.14it/s, loss=0.684]
  epoch 2/3:  39%|███▊      | 34/88 [00:08<00:13,  4.15it/s, loss=0.684]
  epoch 2/3:  39%|███▊      | 34/88 [00:08<00:13,  4.15it/s, loss=0.676]
  epoch 2/3:  40%|███▉      | 35/88 [00:08<00:12,  4.14it/s, loss=0.676]
  epoch 2/3:  40%|███▉      | 35/88 [00:08<00:12,  4.14it/s, loss=0.673]
  epoch 2/3:  41%|████      | 36/88 [00:08<00:12,  4.15it/s, loss=0.673]
  epoch 2/3:  41%|████      | 36/88 [00:09<00:12,  4.15it/s, loss=0.671]
  epoch 2/3:  42%|████▏     | 37/88 [00:09<00:12,  4.16it/s, loss=0.671]
  epoch 2/3:  42%|████▏     | 37/88 [00:09<00:12,  4.16it/s, loss=0.666]
  epoch 2/3:  43%|████▎     | 38/88 [00:09<00:12,  4.16it/s, loss=0.666]
  epoch 2/3:  43%|████▎     | 38/88 [00:09<00:12,  4.16it/s, loss=0.664]
  epoch 2/3:  44%|████▍     | 39/88 [00:09<00:11,  4.15it/s, loss=0.664]
  epoch 2/3:  44%|████▍     | 39/88 [00:09<00:11,  4.15it/s, loss=0.663]
  epoch 2/3:  45%|████▌     | 40/88 [00:09<00:11,  4.08it/s, loss=0.663]
  epoch 2/3:  45%|████▌     | 40/88 [00:10<00:11,  4.08it/s, loss=0.663]
  epoch 2/3:  47%|████▋     | 41/88 [00:10<00:11,  4.11it/s, loss=0.663]
  epoch 2/3:  47%|████▋     | 41/88 [00:10<00:11,  4.11it/s, loss=0.658]
  epoch 2/3:  48%|████▊     | 42/88 [00:10<00:11,  4.13it/s, loss=0.658]
  epoch 2/3:  48%|████▊     | 42/88 [00:10<00:11,  4.13it/s, loss=0.655]
  epoch 2/3:  49%|████▉     | 43/88 [00:10<00:10,  4.13it/s, loss=0.655]
  epoch 2/3:  49%|████▉     | 43/88 [00:10<00:10,  4.13it/s, loss=0.653]
  epoch 2/3:  50%|█████     | 44/88 [00:10<00:10,  4.12it/s, loss=0.653]
  epoch 2/3:  50%|█████     | 44/88 [00:11<00:10,  4.12it/s, loss=0.647]
  epoch 2/3:  51%|█████     | 45/88 [00:11<00:10,  4.13it/s, loss=0.647]
  epoch 2/3:  51%|█████     | 45/88 [00:11<00:10,  4.13it/s, loss=0.646]
  epoch 2/3:  52%|█████▏    | 46/88 [00:11<00:10,  4.13it/s, loss=0.646]
  epoch 2/3:  52%|█████▏    | 46/88 [00:11<00:10,  4.13it/s, loss=0.640]
  epoch 2/3:  53%|█████▎    | 47/88 [00:11<00:09,  4.13it/s, loss=0.640]
  epoch 2/3:  53%|█████▎    | 47/88 [00:11<00:09,  4.13it/s, loss=0.638]
  epoch 2/3:  55%|█████▍    | 48/88 [00:11<00:09,  4.13it/s, loss=0.638]
  epoch 2/3:  55%|█████▍    | 48/88 [00:12<00:09,  4.13it/s, loss=0.634]
  epoch 2/3:  56%|█████▌    | 49/88 [00:12<00:09,  4.13it/s, loss=0.634]
  epoch 2/3:  56%|█████▌    | 49/88 [00:12<00:09,  4.13it/s, loss=0.630]
  epoch 2/3:  57%|█████▋    | 50/88 [00:12<00:09,  4.13it/s, loss=0.630]
  epoch 2/3:  57%|█████▋    | 50/88 [00:12<00:09,  4.13it/s, loss=0.628]
  epoch 2/3:  58%|█████▊    | 51/88 [00:12<00:08,  4.13it/s, loss=0.628]
  epoch 2/3:  58%|█████▊    | 51/88 [00:12<00:08,  4.13it/s, loss=0.623]
  epoch 2/3:  59%|█████▉    | 52/88 [00:12<00:08,  4.12it/s, loss=0.623]
  epoch 2/3:  59%|█████▉    | 52/88 [00:13<00:08,  4.12it/s, loss=0.618]
  epoch 2/3:  60%|██████    | 53/88 [00:13<00:08,  4.13it/s, loss=0.618]
  epoch 2/3:  60%|██████    | 53/88 [00:13<00:08,  4.13it/s, loss=0.614]
  epoch 2/3:  61%|██████▏   | 54/88 [00:13<00:08,  4.12it/s, loss=0.614]
  epoch 2/3:  61%|██████▏   | 54/88 [00:13<00:08,  4.12it/s, loss=0.612]
  epoch 2/3:  62%|██████▎   | 55/88 [00:13<00:07,  4.14it/s, loss=0.612]
  epoch 2/3:  62%|██████▎   | 55/88 [00:13<00:07,  4.14it/s, loss=0.608]
  epoch 2/3:  64%|██████▎   | 56/88 [00:13<00:07,  4.10it/s, loss=0.608]
  epoch 2/3:  64%|██████▎   | 56/88 [00:14<00:07,  4.10it/s, loss=0.606]
  epoch 2/3:  65%|██████▍   | 57/88 [00:14<00:07,  4.14it/s, loss=0.606]
  epoch 2/3:  65%|██████▍   | 57/88 [00:14<00:07,  4.14it/s, loss=0.602]
  epoch 2/3:  66%|██████▌   | 58/88 [00:14<00:07,  4.16it/s, loss=0.602]
  epoch 2/3:  66%|██████▌   | 58/88 [00:14<00:07,  4.16it/s, loss=0.602]
  epoch 2/3:  67%|██████▋   | 59/88 [00:14<00:06,  4.16it/s, loss=0.602]
  epoch 2/3:  67%|██████▋   | 59/88 [00:14<00:06,  4.16it/s, loss=0.600]
  epoch 2/3:  68%|██████▊   | 60/88 [00:14<00:06,  4.16it/s, loss=0.600]
  epoch 2/3:  68%|██████▊   | 60/88 [00:14<00:06,  4.16it/s, loss=0.599]
  epoch 2/3:  69%|██████▉   | 61/88 [00:14<00:06,  4.15it/s, loss=0.599]
  epoch 2/3:  69%|██████▉   | 61/88 [00:15<00:06,  4.15it/s, loss=0.596]
  epoch 2/3:  70%|███████   | 62/88 [00:15<00:06,  4.14it/s, loss=0.596]
  epoch 2/3:  70%|███████   | 62/88 [00:15<00:06,  4.14it/s, loss=0.595]
  epoch 2/3:  72%|███████▏  | 63/88 [00:15<00:06,  4.14it/s, loss=0.595]
  epoch 2/3:  72%|███████▏  | 63/88 [00:15<00:06,  4.14it/s, loss=0.593]
  epoch 2/3:  73%|███████▎  | 64/88 [00:15<00:05,  4.15it/s, loss=0.593]
  epoch 2/3:  73%|███████▎  | 64/88 [00:15<00:05,  4.15it/s, loss=0.593]
  epoch 2/3:  74%|███████▍  | 65/88 [00:15<00:05,  4.16it/s, loss=0.593]
  epoch 2/3:  74%|███████▍  | 65/88 [00:16<00:05,  4.16it/s, loss=0.591]
  epoch 2/3:  75%|███████▌  | 66/88 [00:16<00:05,  4.16it/s, loss=0.591]
  epoch 2/3:  75%|███████▌  | 66/88 [00:16<00:05,  4.16it/s, loss=0.589]
  epoch 2/3:  76%|███████▌  | 67/88 [00:16<00:05,  4.15it/s, loss=0.589]
  epoch 2/3:  76%|███████▌  | 67/88 [00:16<00:05,  4.15it/s, loss=0.585]
  epoch 2/3:  77%|███████▋  | 68/88 [00:16<00:04,  4.14it/s, loss=0.585]
  epoch 2/3:  77%|███████▋  | 68/88 [00:16<00:04,  4.14it/s, loss=0.584]
  epoch 2/3:  78%|███████▊  | 69/88 [00:16<00:04,  4.13it/s, loss=0.584]
  epoch 2/3:  78%|███████▊  | 69/88 [00:17<00:04,  4.13it/s, loss=0.582]
  epoch 2/3:  80%|███████▉  | 70/88 [00:17<00:04,  4.13it/s, loss=0.582]
  epoch 2/3:  80%|███████▉  | 70/88 [00:17<00:04,  4.13it/s, loss=0.581]
  epoch 2/3:  81%|████████  | 71/88 [00:17<00:04,  4.12it/s, loss=0.581]
  epoch 2/3:  81%|████████  | 71/88 [00:17<00:04,  4.12it/s, loss=0.577]
  epoch 2/3:  82%|████████▏ | 72/88 [00:17<00:03,  4.06it/s, loss=0.577]
  epoch 2/3:  82%|████████▏ | 72/88 [00:17<00:03,  4.06it/s, loss=0.574]
  epoch 2/3:  83%|████████▎ | 73/88 [00:17<00:03,  4.09it/s, loss=0.574]
  epoch 2/3:  83%|████████▎ | 73/88 [00:18<00:03,  4.09it/s, loss=0.573]
  epoch 2/3:  84%|████████▍ | 74/88 [00:18<00:03,  4.11it/s, loss=0.573]
  epoch 2/3:  84%|████████▍ | 74/88 [00:18<00:03,  4.11it/s, loss=0.572]
  epoch 2/3:  85%|████████▌ | 75/88 [00:18<00:03,  4.13it/s, loss=0.572]
  epoch 2/3:  85%|████████▌ | 75/88 [00:18<00:03,  4.13it/s, loss=0.570]
  epoch 2/3:  86%|████████▋ | 76/88 [00:18<00:02,  4.14it/s, loss=0.570]
  epoch 2/3:  86%|████████▋ | 76/88 [00:18<00:02,  4.14it/s, loss=0.571]
  epoch 2/3:  88%|████████▊ | 77/88 [00:18<00:02,  4.13it/s, loss=0.571]
  epoch 2/3:  88%|████████▊ | 77/88 [00:19<00:02,  4.13it/s, loss=0.569]
  epoch 2/3:  89%|████████▊ | 78/88 [00:19<00:02,  4.13it/s, loss=0.569]
  epoch 2/3:  89%|████████▊ | 78/88 [00:19<00:02,  4.13it/s, loss=0.565]
  epoch 2/3:  90%|████████▉ | 79/88 [00:19<00:02,  4.11it/s, loss=0.565]
  epoch 2/3:  90%|████████▉ | 79/88 [00:19<00:02,  4.11it/s, loss=0.562]
  epoch 2/3:  91%|█████████ | 80/88 [00:19<00:01,  4.12it/s, loss=0.562]
  epoch 2/3:  91%|█████████ | 80/88 [00:19<00:01,  4.12it/s, loss=0.560]
  epoch 2/3:  92%|█████████▏| 81/88 [00:19<00:01,  4.13it/s, loss=0.560]
  epoch 2/3:  92%|█████████▏| 81/88 [00:20<00:01,  4.13it/s, loss=0.557]
  epoch 2/3:  93%|█████████▎| 82/88 [00:20<00:01,  4.12it/s, loss=0.557]
  epoch 2/3:  93%|█████████▎| 82/88 [00:20<00:01,  4.12it/s, loss=0.555]
  epoch 2/3:  94%|█████████▍| 83/88 [00:20<00:01,  4.14it/s, loss=0.555]
  epoch 2/3:  94%|█████████▍| 83/88 [00:20<00:01,  4.14it/s, loss=0.555]
  epoch 2/3:  95%|█████████▌| 84/88 [00:20<00:00,  4.15it/s, loss=0.555]
  epoch 2/3:  95%|█████████▌| 84/88 [00:20<00:00,  4.15it/s, loss=0.553]
  epoch 2/3:  97%|█████████▋| 85/88 [00:20<00:00,  4.17it/s, loss=0.553]
  epoch 2/3:  97%|█████████▋| 85/88 [00:21<00:00,  4.17it/s, loss=0.550]
  epoch 2/3:  98%|█████████▊| 86/88 [00:21<00:00,  4.17it/s, loss=0.550]
  epoch 2/3:  98%|█████████▊| 86/88 [00:21<00:00,  4.17it/s, loss=0.549]
  epoch 2/3:  99%|█████████▉| 87/88 [00:21<00:00,  4.16it/s, loss=0.549]
  epoch 2/3:  99%|█████████▉| 87/88 [00:21<00:00,  4.16it/s, loss=0.548]
  epoch 2/3: 100%|██████████| 88/88 [00:21<00:00,  4.43it/s, loss=0.548]
                                                                        

  epoch 3/3:   0%|          | 0/88 [00:00<?, ?it/s]
  epoch 3/3:   0%|          | 0/88 [00:00<?, ?it/s, loss=0.286]
  epoch 3/3:   1%|          | 1/88 [00:00<00:41,  2.11it/s, loss=0.286]
  epoch 3/3:   1%|          | 1/88 [00:00<00:41,  2.11it/s, loss=0.364]
  epoch 3/3:   2%|▏         | 2/88 [00:00<00:29,  2.96it/s, loss=0.364]
  epoch 3/3:   2%|▏         | 2/88 [00:00<00:29,  2.96it/s, loss=0.335]
  epoch 3/3:   3%|▎         | 3/88 [00:00<00:24,  3.41it/s, loss=0.335]
  epoch 3/3:   3%|▎         | 3/88 [00:01<00:24,  3.41it/s, loss=0.309]
  epoch 3/3:   5%|▍         | 4/88 [00:01<00:23,  3.65it/s, loss=0.309]
  epoch 3/3:   5%|▍         | 4/88 [00:01<00:23,  3.65it/s, loss=0.311]
  epoch 3/3:   6%|▌         | 5/88 [00:01<00:21,  3.82it/s, loss=0.311]
  epoch 3/3:   6%|▌         | 5/88 [00:01<00:21,  3.82it/s, loss=0.358]
  epoch 3/3:   7%|▋         | 6/88 [00:01<00:20,  3.92it/s, loss=0.358]
  epoch 3/3:   7%|▋         | 6/88 [00:01<00:20,  3.92it/s, loss=0.362]
  epoch 3/3:   8%|▊         | 7/88 [00:01<00:20,  3.99it/s, loss=0.362]
  epoch 3/3:   8%|▊         | 7/88 [00:02<00:20,  3.99it/s, loss=0.359]
  epoch 3/3:   9%|▉         | 8/88 [00:02<00:19,  4.05it/s, loss=0.359]
  epoch 3/3:   9%|▉         | 8/88 [00:02<00:19,  4.05it/s, loss=0.373]
  epoch 3/3:  10%|█         | 9/88 [00:02<00:19,  4.10it/s, loss=0.373]
  epoch 3/3:  10%|█         | 9/88 [00:02<00:19,  4.10it/s, loss=0.388]
  epoch 3/3:  11%|█▏        | 10/88 [00:02<00:18,  4.12it/s, loss=0.388]
  epoch 3/3:  11%|█▏        | 10/88 [00:02<00:18,  4.12it/s, loss=0.377]
  epoch 3/3:  12%|█▎        | 11/88 [00:02<00:18,  4.12it/s, loss=0.377]
  epoch 3/3:  12%|█▎        | 11/88 [00:03<00:18,  4.12it/s, loss=0.371]
  epoch 3/3:  14%|█▎        | 12/88 [00:03<00:18,  4.12it/s, loss=0.371]
  epoch 3/3:  14%|█▎        | 12/88 [00:03<00:18,  4.12it/s, loss=0.369]
  epoch 3/3:  15%|█▍        | 13/88 [00:03<00:18,  4.13it/s, loss=0.369]
  epoch 3/3:  15%|█▍        | 13/88 [00:03<00:18,  4.13it/s, loss=0.360]
  epoch 3/3:  16%|█▌        | 14/88 [00:03<00:17,  4.12it/s, loss=0.360]
  epoch 3/3:  16%|█▌        | 14/88 [00:03<00:17,  4.12it/s, loss=0.362]
  epoch 3/3:  17%|█▋        | 15/88 [00:03<00:17,  4.12it/s, loss=0.362]
  epoch 3/3:  17%|█▋        | 15/88 [00:04<00:17,  4.12it/s, loss=0.358]
  epoch 3/3:  18%|█▊        | 16/88 [00:04<00:17,  4.08it/s, loss=0.358]
  epoch 3/3:  18%|█▊        | 16/88 [00:04<00:17,  4.08it/s, loss=0.351]
  epoch 3/3:  19%|█▉        | 17/88 [00:04<00:17,  4.11it/s, loss=0.351]
  epoch 3/3:  19%|█▉        | 17/88 [00:04<00:17,  4.11it/s, loss=0.346]
  epoch 3/3:  20%|██        | 18/88 [00:04<00:17,  4.11it/s, loss=0.346]
  epoch 3/3:  20%|██        | 18/88 [00:04<00:17,  4.11it/s, loss=0.341]
  epoch 3/3:  22%|██▏       | 19/88 [00:04<00:16,  4.11it/s, loss=0.341]
  epoch 3/3:  22%|██▏       | 19/88 [00:05<00:16,  4.11it/s, loss=0.346]
  epoch 3/3:  23%|██▎       | 20/88 [00:05<00:16,  4.11it/s, loss=0.346]
  epoch 3/3:  23%|██▎       | 20/88 [00:05<00:16,  4.11it/s, loss=0.342]
  epoch 3/3:  24%|██▍       | 21/88 [00:05<00:16,  4.11it/s, loss=0.342]
  epoch 3/3:  24%|██▍       | 21/88 [00:05<00:16,  4.11it/s, loss=0.341]
  epoch 3/3:  25%|██▌       | 22/88 [00:05<00:16,  4.10it/s, loss=0.341]
  epoch 3/3:  25%|██▌       | 22/88 [00:05<00:16,  4.10it/s, loss=0.345]
  epoch 3/3:  26%|██▌       | 23/88 [00:05<00:15,  4.11it/s, loss=0.345]
  epoch 3/3:  26%|██▌       | 23/88 [00:06<00:15,  4.11it/s, loss=0.343]
  epoch 3/3:  27%|██▋       | 24/88 [00:06<00:15,  4.12it/s, loss=0.343]
  epoch 3/3:  27%|██▋       | 24/88 [00:06<00:15,  4.12it/s, loss=0.341]
  epoch 3/3:  28%|██▊       | 25/88 [00:06<00:15,  4.13it/s, loss=0.341]
  epoch 3/3:  28%|██▊       | 25/88 [00:06<00:15,  4.13it/s, loss=0.334]
  epoch 3/3:  30%|██▉       | 26/88 [00:06<00:15,  4.13it/s, loss=0.334]
  epoch 3/3:  30%|██▉       | 26/88 [00:06<00:15,  4.13it/s, loss=0.332]
  epoch 3/3:  31%|███       | 27/88 [00:06<00:14,  4.15it/s, loss=0.332]
  epoch 3/3:  31%|███       | 27/88 [00:07<00:14,  4.15it/s, loss=0.337]
  epoch 3/3:  32%|███▏      | 28/88 [00:07<00:14,  4.15it/s, loss=0.337]
  epoch 3/3:  32%|███▏      | 28/88 [00:07<00:14,  4.15it/s, loss=0.337]
  epoch 3/3:  33%|███▎      | 29/88 [00:07<00:14,  4.17it/s, loss=0.337]
  epoch 3/3:  33%|███▎      | 29/88 [00:07<00:14,  4.17it/s, loss=0.336]
  epoch 3/3:  34%|███▍      | 30/88 [00:07<00:13,  4.16it/s, loss=0.336]
  epoch 3/3:  34%|███▍      | 30/88 [00:07<00:13,  4.16it/s, loss=0.331]
  epoch 3/3:  35%|███▌      | 31/88 [00:07<00:13,  4.14it/s, loss=0.331]
  epoch 3/3:  35%|███▌      | 31/88 [00:07<00:13,  4.14it/s, loss=0.328]
  epoch 3/3:  36%|███▋      | 32/88 [00:07<00:13,  4.07it/s, loss=0.328]
  epoch 3/3:  36%|███▋      | 32/88 [00:08<00:13,  4.07it/s, loss=0.326]
  epoch 3/3:  38%|███▊      | 33/88 [00:08<00:13,  4.10it/s, loss=0.326]
  epoch 3/3:  38%|███▊      | 33/88 [00:08<00:13,  4.10it/s, loss=0.327]
  epoch 3/3:  39%|███▊      | 34/88 [00:08<00:13,  4.13it/s, loss=0.327]
  epoch 3/3:  39%|███▊      | 34/88 [00:08<00:13,  4.13it/s, loss=0.326]
  epoch 3/3:  40%|███▉      | 35/88 [00:08<00:12,  4.12it/s, loss=0.326]
  epoch 3/3:  40%|███▉      | 35/88 [00:08<00:12,  4.12it/s, loss=0.328]
  epoch 3/3:  41%|████      | 36/88 [00:08<00:12,  4.13it/s, loss=0.328]
  epoch 3/3:  41%|████      | 36/88 [00:09<00:12,  4.13it/s, loss=0.325]
  epoch 3/3:  42%|████▏     | 37/88 [00:09<00:12,  4.13it/s, loss=0.325]
  epoch 3/3:  42%|████▏     | 37/88 [00:09<00:12,  4.13it/s, loss=0.323]
  epoch 3/3:  43%|████▎     | 38/88 [00:09<00:12,  4.12it/s, loss=0.323]
  epoch 3/3:  43%|████▎     | 38/88 [00:09<00:12,  4.12it/s, loss=0.322]
  epoch 3/3:  44%|████▍     | 39/88 [00:09<00:11,  4.13it/s, loss=0.322]
  epoch 3/3:  44%|████▍     | 39/88 [00:09<00:11,  4.13it/s, loss=0.318]
  epoch 3/3:  45%|████▌     | 40/88 [00:09<00:11,  4.11it/s, loss=0.318]
  epoch 3/3:  45%|████▌     | 40/88 [00:10<00:11,  4.11it/s, loss=0.316]
  epoch 3/3:  47%|████▋     | 41/88 [00:10<00:11,  4.12it/s, loss=0.316]
  epoch 3/3:  47%|████▋     | 41/88 [00:10<00:11,  4.12it/s, loss=0.312]
  epoch 3/3:  48%|████▊     | 42/88 [00:10<00:11,  4.13it/s, loss=0.312]
  epoch 3/3:  48%|████▊     | 42/88 [00:10<00:11,  4.13it/s, loss=0.311]
  epoch 3/3:  49%|████▉     | 43/88 [00:10<00:10,  4.12it/s, loss=0.311]
  epoch 3/3:  49%|████▉     | 43/88 [00:10<00:10,  4.12it/s, loss=0.310]
  epoch 3/3:  50%|█████     | 44/88 [00:10<00:10,  4.12it/s, loss=0.310]
  epoch 3/3:  50%|█████     | 44/88 [00:11<00:10,  4.12it/s, loss=0.309]
  epoch 3/3:  51%|█████     | 45/88 [00:11<00:10,  4.12it/s, loss=0.309]
  epoch 3/3:  51%|█████     | 45/88 [00:11<00:10,  4.12it/s, loss=0.308]
  epoch 3/3:  52%|█████▏    | 46/88 [00:11<00:10,  4.12it/s, loss=0.308]
  epoch 3/3:  52%|█████▏    | 46/88 [00:11<00:10,  4.12it/s, loss=0.310]
  epoch 3/3:  53%|█████▎    | 47/88 [00:11<00:09,  4.12it/s, loss=0.310]
  epoch 3/3:  53%|█████▎    | 47/88 [00:11<00:09,  4.12it/s, loss=0.309]
  epoch 3/3:  55%|█████▍    | 48/88 [00:11<00:09,  4.05it/s, loss=0.309]
  epoch 3/3:  55%|█████▍    | 48/88 [00:12<00:09,  4.05it/s, loss=0.307]
  epoch 3/3:  56%|█████▌    | 49/88 [00:12<00:09,  4.09it/s, loss=0.307]
  epoch 3/3:  56%|█████▌    | 49/88 [00:12<00:09,  4.09it/s, loss=0.306]
  epoch 3/3:  57%|█████▋    | 50/88 [00:12<00:09,  4.11it/s, loss=0.306]
  epoch 3/3:  57%|█████▋    | 50/88 [00:12<00:09,  4.11it/s, loss=0.305]
  epoch 3/3:  58%|█████▊    | 51/88 [00:12<00:08,  4.12it/s, loss=0.305]
  epoch 3/3:  58%|█████▊    | 51/88 [00:12<00:08,  4.12it/s, loss=0.305]
  epoch 3/3:  59%|█████▉    | 52/88 [00:12<00:08,  4.11it/s, loss=0.305]
  epoch 3/3:  59%|█████▉    | 52/88 [00:13<00:08,  4.11it/s, loss=0.303]
  epoch 3/3:  60%|██████    | 53/88 [00:13<00:08,  4.11it/s, loss=0.303]
  epoch 3/3:  60%|██████    | 53/88 [00:13<00:08,  4.11it/s, loss=0.303]
  epoch 3/3:  61%|██████▏   | 54/88 [00:13<00:08,  4.11it/s, loss=0.303]
  epoch 3/3:  61%|██████▏   | 54/88 [00:13<00:08,  4.11it/s, loss=0.303]
  epoch 3/3:  62%|██████▎   | 55/88 [00:13<00:08,  4.12it/s, loss=0.303]
  epoch 3/3:  62%|██████▎   | 55/88 [00:13<00:08,  4.12it/s, loss=0.302]
  epoch 3/3:  64%|██████▎   | 56/88 [00:13<00:07,  4.12it/s, loss=0.302]
  epoch 3/3:  64%|██████▎   | 56/88 [00:14<00:07,  4.12it/s, loss=0.305]
  epoch 3/3:  65%|██████▍   | 57/88 [00:14<00:07,  4.13it/s, loss=0.305]
  epoch 3/3:  65%|██████▍   | 57/88 [00:14<00:07,  4.13it/s, loss=0.303]
  epoch 3/3:  66%|██████▌   | 58/88 [00:14<00:07,  4.12it/s, loss=0.303]
  epoch 3/3:  66%|██████▌   | 58/88 [00:14<00:07,  4.12it/s, loss=0.302]
  epoch 3/3:  67%|██████▋   | 59/88 [00:14<00:07,  4.12it/s, loss=0.302]
  epoch 3/3:  67%|██████▋   | 59/88 [00:14<00:07,  4.12it/s, loss=0.301]
  epoch 3/3:  68%|██████▊   | 60/88 [00:14<00:06,  4.14it/s, loss=0.301]
  epoch 3/3:  68%|██████▊   | 60/88 [00:15<00:06,  4.14it/s, loss=0.300]
  epoch 3/3:  69%|██████▉   | 61/88 [00:15<00:06,  4.14it/s, loss=0.300]
  epoch 3/3:  69%|██████▉   | 61/88 [00:15<00:06,  4.14it/s, loss=0.299]
  epoch 3/3:  70%|███████   | 62/88 [00:15<00:06,  4.16it/s, loss=0.299]
  epoch 3/3:  70%|███████   | 62/88 [00:15<00:06,  4.16it/s, loss=0.298]
  epoch 3/3:  72%|███████▏  | 63/88 [00:15<00:05,  4.17it/s, loss=0.298]
  epoch 3/3:  72%|███████▏  | 63/88 [00:15<00:05,  4.17it/s, loss=0.298]
  epoch 3/3:  73%|███████▎  | 64/88 [00:15<00:05,  4.11it/s, loss=0.298]
  epoch 3/3:  73%|███████▎  | 64/88 [00:15<00:05,  4.11it/s, loss=0.298]
  epoch 3/3:  74%|███████▍  | 65/88 [00:15<00:05,  4.13it/s, loss=0.298]
  epoch 3/3:  74%|███████▍  | 65/88 [00:16<00:05,  4.13it/s, loss=0.296]
  epoch 3/3:  75%|███████▌  | 66/88 [00:16<00:05,  4.14it/s, loss=0.296]
  epoch 3/3:  75%|███████▌  | 66/88 [00:16<00:05,  4.14it/s, loss=0.294]
  epoch 3/3:  76%|███████▌  | 67/88 [00:16<00:05,  4.15it/s, loss=0.294]
  epoch 3/3:  76%|███████▌  | 67/88 [00:16<00:05,  4.15it/s, loss=0.296]
  epoch 3/3:  77%|███████▋  | 68/88 [00:16<00:04,  4.14it/s, loss=0.296]
  epoch 3/3:  77%|███████▋  | 68/88 [00:16<00:04,  4.14it/s, loss=0.295]
  epoch 3/3:  78%|███████▊  | 69/88 [00:16<00:04,  4.13it/s, loss=0.295]
  epoch 3/3:  78%|███████▊  | 69/88 [00:17<00:04,  4.13it/s, loss=0.294]
  epoch 3/3:  80%|███████▉  | 70/88 [00:17<00:04,  4.15it/s, loss=0.294]
  epoch 3/3:  80%|███████▉  | 70/88 [00:17<00:04,  4.15it/s, loss=0.293]
  epoch 3/3:  81%|████████  | 71/88 [00:17<00:04,  4.18it/s, loss=0.293]
  epoch 3/3:  81%|████████  | 71/88 [00:17<00:04,  4.18it/s, loss=0.293]
  epoch 3/3:  82%|████████▏ | 72/88 [00:17<00:03,  4.17it/s, loss=0.293]
  epoch 3/3:  82%|████████▏ | 72/88 [00:17<00:03,  4.17it/s, loss=0.294]
  epoch 3/3:  83%|████████▎ | 73/88 [00:17<00:03,  4.15it/s, loss=0.294]
  epoch 3/3:  83%|████████▎ | 73/88 [00:18<00:03,  4.15it/s, loss=0.293]
  epoch 3/3:  84%|████████▍ | 74/88 [00:18<00:03,  4.15it/s, loss=0.293]
  epoch 3/3:  84%|████████▍ | 74/88 [00:18<00:03,  4.15it/s, loss=0.292]
  epoch 3/3:  85%|████████▌ | 75/88 [00:18<00:03,  4.15it/s, loss=0.292]
  epoch 3/3:  85%|████████▌ | 75/88 [00:18<00:03,  4.15it/s, loss=0.291]
  epoch 3/3:  86%|████████▋ | 76/88 [00:18<00:02,  4.14it/s, loss=0.291]
  epoch 3/3:  86%|████████▋ | 76/88 [00:18<00:02,  4.14it/s, loss=0.294]
  epoch 3/3:  88%|████████▊ | 77/88 [00:18<00:02,  4.14it/s, loss=0.294]
  epoch 3/3:  88%|████████▊ | 77/88 [00:19<00:02,  4.14it/s, loss=0.293]
  epoch 3/3:  89%|████████▊ | 78/88 [00:19<00:02,  4.13it/s, loss=0.293]
  epoch 3/3:  89%|████████▊ | 78/88 [00:19<00:02,  4.13it/s, loss=0.293]
  epoch 3/3:  90%|████████▉ | 79/88 [00:19<00:02,  4.14it/s, loss=0.293]
  epoch 3/3:  90%|████████▉ | 79/88 [00:19<00:02,  4.14it/s, loss=0.293]
  epoch 3/3:  91%|█████████ | 80/88 [00:19<00:01,  4.10it/s, loss=0.293]
  epoch 3/3:  91%|█████████ | 80/88 [00:19<00:01,  4.10it/s, loss=0.294]
  epoch 3/3:  92%|█████████▏| 81/88 [00:19<00:01,  4.13it/s, loss=0.294]
  epoch 3/3:  92%|█████████▏| 81/88 [00:20<00:01,  4.13it/s, loss=0.294]
  epoch 3/3:  93%|█████████▎| 82/88 [00:20<00:01,  4.15it/s, loss=0.294]
  epoch 3/3:  93%|█████████▎| 82/88 [00:20<00:01,  4.15it/s, loss=0.292]
  epoch 3/3:  94%|█████████▍| 83/88 [00:20<00:01,  4.16it/s, loss=0.292]
  epoch 3/3:  94%|█████████▍| 83/88 [00:20<00:01,  4.16it/s, loss=0.291]
  epoch 3/3:  95%|█████████▌| 84/88 [00:20<00:00,  4.16it/s, loss=0.291]
  epoch 3/3:  95%|█████████▌| 84/88 [00:20<00:00,  4.16it/s, loss=0.291]
  epoch 3/3:  97%|█████████▋| 85/88 [00:20<00:00,  4.15it/s, loss=0.291]
  epoch 3/3:  97%|█████████▋| 85/88 [00:21<00:00,  4.15it/s, loss=0.291]
  epoch 3/3:  98%|█████████▊| 86/88 [00:21<00:00,  4.13it/s, loss=0.291]
  epoch 3/3:  98%|█████████▊| 86/88 [00:21<00:00,  4.13it/s, loss=0.291]
  epoch 3/3:  99%|█████████▉| 87/88 [00:21<00:00,  4.13it/s, loss=0.291]
  epoch 3/3:  99%|█████████▉| 87/88 [00:21<00:00,  4.13it/s, loss=0.292]
  epoch 3/3: 100%|██████████| 88/88 [00:21<00:00,  4.50it/s, loss=0.292]
                                                                        
[titans] reset=never | norm(state) sau task = 80.7114
[titans]   self-mod v:β=0.80 |W|=1.64
[titans]   eta_t(avg)=0.3862  alpha_t/forget-gate(avg)=1.0000
[task 2] test acc so far: 0.889  0.814  0.451
[task 2] NCM-online acc so far: 0.846  0.869  0.837
[task 2] NCM-posthoc acc so far: 0.854  0.874  0.834
[task 3] classes=[10, 15, 23, 28, 42] | train=2800

  epoch 1/3:   0%|          | 0/88 [00:00<?, ?it/s]
  epoch 1/3:   0%|          | 0/88 [00:00<?, ?it/s, loss=1.815]
  epoch 1/3:   1%|          | 1/88 [00:00<00:49,  1.76it/s, loss=1.815]
  epoch 1/3:   1%|          | 1/88 [00:00<00:49,  1.76it/s, loss=1.817]
  epoch 1/3:   2%|▏         | 2/88 [00:00<00:32,  2.66it/s, loss=1.817]
  epoch 1/3:   2%|▏         | 2/88 [00:01<00:32,  2.66it/s, loss=1.777]
  epoch 1/3:   3%|▎         | 3/88 [00:01<00:26,  3.17it/s, loss=1.777]
  epoch 1/3:   3%|▎         | 3/88 [00:01<00:26,  3.17it/s, loss=1.778]
  epoch 1/3:   5%|▍         | 4/88 [00:01<00:24,  3.49it/s, loss=1.778]
  epoch 1/3:   5%|▍         | 4/88 [00:01<00:24,  3.49it/s, loss=1.750]
  epoch 1/3:   6%|▌         | 5/88 [00:01<00:22,  3.69it/s, loss=1.750]
  epoch 1/3:   6%|▌         | 5/88 [00:01<00:22,  3.69it/s, loss=1.756]
  epoch 1/3:   7%|▋         | 6/88 [00:01<00:21,  3.84it/s, loss=1.756]
  epoch 1/3:   7%|▋         | 6/88 [00:02<00:21,  3.84it/s, loss=1.746]
  epoch 1/3:   8%|▊         | 7/88 [00:02<00:20,  3.93it/s, loss=1.746]
  epoch 1/3:   8%|▊         | 7/88 [00:02<00:20,  3.93it/s, loss=1.756]
  epoch 1/3:   9%|▉         | 8/88 [00:02<00:20,  3.93it/s, loss=1.756]
  epoch 1/3:   9%|▉         | 8/88 [00:02<00:20,  3.93it/s, loss=1.752]
  epoch 1/3:  10%|█         | 9/88 [00:02<00:19,  3.99it/s, loss=1.752]
  epoch 1/3:  10%|█         | 9/88 [00:02<00:19,  3.99it/s, loss=1.744]
  epoch 1/3:  11%|█▏        | 10/88 [00:02<00:19,  4.05it/s, loss=1.744]
  epoch 1/3:  11%|█▏        | 10/88 [00:02<00:19,  4.05it/s, loss=1.729]
  epoch 1/3:  12%|█▎        | 11/88 [00:02<00:18,  4.07it/s, loss=1.729]
  epoch 1/3:  12%|█▎        | 11/88 [00:03<00:18,  4.07it/s, loss=1.712]
  epoch 1/3:  14%|█▎        | 12/88 [00:03<00:18,  4.10it/s, loss=1.712]
  epoch 1/3:  14%|█▎        | 12/88 [00:03<00:18,  4.10it/s, loss=1.705]
  epoch 1/3:  15%|█▍        | 13/88 [00:03<00:18,  4.11it/s, loss=1.705]
  epoch 1/3:  15%|█▍        | 13/88 [00:03<00:18,  4.11it/s, loss=1.702]
  epoch 1/3:  16%|█▌        | 14/88 [00:03<00:18,  4.10it/s, loss=1.702]
  epoch 1/3:  16%|█▌        | 14/88 [00:03<00:18,  4.10it/s, loss=1.695]
  epoch 1/3:  17%|█▋        | 15/88 [00:03<00:17,  4.10it/s, loss=1.695]
  epoch 1/3:  17%|█▋        | 15/88 [00:04<00:17,  4.10it/s, loss=1.686]
  epoch 1/3:  18%|█▊        | 16/88 [00:04<00:17,  4.11it/s, loss=1.686]
  epoch 1/3:  18%|█▊        | 16/88 [00:04<00:17,  4.11it/s, loss=1.676]
  epoch 1/3:  19%|█▉        | 17/88 [00:04<00:17,  4.12it/s, loss=1.676]
  epoch 1/3:  19%|█▉        | 17/88 [00:04<00:17,  4.12it/s, loss=1.666]
  epoch 1/3:  20%|██        | 18/88 [00:04<00:16,  4.12it/s, loss=1.666]
  epoch 1/3:  20%|██        | 18/88 [00:04<00:16,  4.12it/s, loss=1.650]
  epoch 1/3:  22%|██▏       | 19/88 [00:04<00:16,  4.12it/s, loss=1.650]
  epoch 1/3:  22%|██▏       | 19/88 [00:05<00:16,  4.12it/s, loss=1.642]
  epoch 1/3:  23%|██▎       | 20/88 [00:05<00:16,  4.11it/s, loss=1.642]
  epoch 1/3:  23%|██▎       | 20/88 [00:05<00:16,  4.11it/s, loss=1.638]
  epoch 1/3:  24%|██▍       | 21/88 [00:05<00:16,  4.10it/s, loss=1.638]
  epoch 1/3:  24%|██▍       | 21/88 [00:05<00:16,  4.10it/s, loss=1.634]
  epoch 1/3:  25%|██▌       | 22/88 [00:05<00:16,  4.09it/s, loss=1.634]
  epoch 1/3:  25%|██▌       | 22/88 [00:05<00:16,  4.09it/s, loss=1.627]
  epoch 1/3:  26%|██▌       | 23/88 [00:05<00:15,  4.10it/s, loss=1.627]
  epoch 1/3:  26%|██▌       | 23/88 [00:06<00:15,  4.10it/s, loss=1.620]
  epoch 1/3:  27%|██▋       | 24/88 [00:06<00:15,  4.05it/s, loss=1.620]
  epoch 1/3:  27%|██▋       | 24/88 [00:06<00:15,  4.05it/s, loss=1.613]
  epoch 1/3:  28%|██▊       | 25/88 [00:06<00:15,  4.06it/s, loss=1.613]
  epoch 1/3:  28%|██▊       | 25/88 [00:06<00:15,  4.06it/s, loss=1.604]
  epoch 1/3:  30%|██▉       | 26/88 [00:06<00:15,  4.07it/s, loss=1.604]
  epoch 1/3:  30%|██▉       | 26/88 [00:06<00:15,  4.07it/s, loss=1.597]
  epoch 1/3:  31%|███       | 27/88 [00:06<00:14,  4.08it/s, loss=1.597]
  epoch 1/3:  31%|███       | 27/88 [00:07<00:14,  4.08it/s, loss=1.587]
  epoch 1/3:  32%|███▏      | 28/88 [00:07<00:14,  4.08it/s, loss=1.587]
  epoch 1/3:  32%|███▏      | 28/88 [00:07<00:14,  4.08it/s, loss=1.577]
  epoch 1/3:  33%|███▎      | 29/88 [00:07<00:14,  4.09it/s, loss=1.577]
  epoch 1/3:  33%|███▎      | 29/88 [00:07<00:14,  4.09it/s, loss=1.569]
  epoch 1/3:  34%|███▍      | 30/88 [00:07<00:14,  4.10it/s, loss=1.569]
  epoch 1/3:  34%|███▍      | 30/88 [00:07<00:14,  4.10it/s, loss=1.566]
  epoch 1/3:  35%|███▌      | 31/88 [00:07<00:13,  4.11it/s, loss=1.566]
  epoch 1/3:  35%|███▌      | 31/88 [00:08<00:13,  4.11it/s, loss=1.557]
  epoch 1/3:  36%|███▋      | 32/88 [00:08<00:13,  4.11it/s, loss=1.557]
  epoch 1/3:  36%|███▋      | 32/88 [00:08<00:13,  4.11it/s, loss=1.549]
  epoch 1/3:  38%|███▊      | 33/88 [00:08<00:13,  4.10it/s, loss=1.549]
  epoch 1/3:  38%|███▊      | 33/88 [00:08<00:13,  4.10it/s, loss=1.539]
  epoch 1/3:  39%|███▊      | 34/88 [00:08<00:13,  4.10it/s, loss=1.539]
  epoch 1/3:  39%|███▊      | 34/88 [00:08<00:13,  4.10it/s, loss=1.533]
  epoch 1/3:  40%|███▉      | 35/88 [00:08<00:12,  4.12it/s, loss=1.533]
  epoch 1/3:  40%|███▉      | 35/88 [00:09<00:12,  4.12it/s, loss=1.525]
  epoch 1/3:  41%|████      | 36/88 [00:09<00:12,  4.12it/s, loss=1.525]
  epoch 1/3:  41%|████      | 36/88 [00:09<00:12,  4.12it/s, loss=1.519]
  epoch 1/3:  42%|████▏     | 37/88 [00:09<00:12,  4.12it/s, loss=1.519]
  epoch 1/3:  42%|████▏     | 37/88 [00:09<00:12,  4.12it/s, loss=1.511]
  epoch 1/3:  43%|████▎     | 38/88 [00:09<00:12,  4.12it/s, loss=1.511]
  epoch 1/3:  43%|████▎     | 38/88 [00:09<00:12,  4.12it/s, loss=1.503]
  epoch 1/3:  44%|████▍     | 39/88 [00:09<00:11,  4.11it/s, loss=1.503]
  epoch 1/3:  44%|████▍     | 39/88 [00:10<00:11,  4.11it/s, loss=1.493]
  epoch 1/3:  45%|████▌     | 40/88 [00:10<00:11,  4.05it/s, loss=1.493]
  epoch 1/3:  45%|████▌     | 40/88 [00:10<00:11,  4.05it/s, loss=1.486]
  epoch 1/3:  47%|████▋     | 41/88 [00:10<00:11,  4.10it/s, loss=1.486]
  epoch 1/3:  47%|████▋     | 41/88 [00:10<00:11,  4.10it/s, loss=1.481]
  epoch 1/3:  48%|████▊     | 42/88 [00:10<00:11,  4.12it/s, loss=1.481]
  epoch 1/3:  48%|████▊     | 42/88 [00:10<00:11,  4.12it/s, loss=1.473]
  epoch 1/3:  49%|████▉     | 43/88 [00:10<00:10,  4.13it/s, loss=1.473]
  epoch 1/3:  49%|████▉     | 43/88 [00:11<00:10,  4.13it/s, loss=1.466]
  epoch 1/3:  50%|█████     | 44/88 [00:11<00:10,  4.13it/s, loss=1.466]
  epoch 1/3:  50%|█████     | 44/88 [00:11<00:10,  4.13it/s, loss=1.461]
  epoch 1/3:  51%|█████     | 45/88 [00:11<00:10,  4.12it/s, loss=1.461]
  epoch 1/3:  51%|█████     | 45/88 [00:11<00:10,  4.12it/s, loss=1.454]
  epoch 1/3:  52%|█████▏    | 46/88 [00:11<00:10,  4.12it/s, loss=1.454]
  epoch 1/3:  52%|█████▏    | 46/88 [00:11<00:10,  4.12it/s, loss=1.451]
  epoch 1/3:  53%|█████▎    | 47/88 [00:11<00:09,  4.11it/s, loss=1.451]
  epoch 1/3:  53%|█████▎    | 47/88 [00:12<00:09,  4.11it/s, loss=1.444]
  epoch 1/3:  55%|█████▍    | 48/88 [00:12<00:09,  4.11it/s, loss=1.444]
  epoch 1/3:  55%|█████▍    | 48/88 [00:12<00:09,  4.11it/s, loss=1.437]
  epoch 1/3:  56%|█████▌    | 49/88 [00:12<00:09,  4.10it/s, loss=1.437]
  epoch 1/3:  56%|█████▌    | 49/88 [00:12<00:09,  4.10it/s, loss=1.429]
  epoch 1/3:  57%|█████▋    | 50/88 [00:12<00:09,  4.12it/s, loss=1.429]
  epoch 1/3:  57%|█████▋    | 50/88 [00:12<00:09,  4.12it/s, loss=1.421]
  epoch 1/3:  58%|█████▊    | 51/88 [00:12<00:08,  4.12it/s, loss=1.421]
  epoch 1/3:  58%|█████▊    | 51/88 [00:12<00:08,  4.12it/s, loss=1.416]
  epoch 1/3:  59%|█████▉    | 52/88 [00:12<00:08,  4.12it/s, loss=1.416]
  epoch 1/3:  59%|█████▉    | 52/88 [00:13<00:08,  4.12it/s, loss=1.410]
  epoch 1/3:  60%|██████    | 53/88 [00:13<00:08,  4.10it/s, loss=1.410]
  epoch 1/3:  60%|██████    | 53/88 [00:13<00:08,  4.10it/s, loss=1.402]
  epoch 1/3:  61%|██████▏   | 54/88 [00:13<00:08,  4.12it/s, loss=1.402]
  epoch 1/3:  61%|██████▏   | 54/88 [00:13<00:08,  4.12it/s, loss=1.395]
  epoch 1/3:  62%|██████▎   | 55/88 [00:13<00:08,  4.11it/s, loss=1.395]
  epoch 1/3:  62%|██████▎   | 55/88 [00:13<00:08,  4.11it/s, loss=1.389]
  epoch 1/3:  64%|██████▎   | 56/88 [00:13<00:07,  4.05it/s, loss=1.389]
  epoch 1/3:  64%|██████▎   | 56/88 [00:14<00:07,  4.05it/s, loss=1.385]
  epoch 1/3:  65%|██████▍   | 57/88 [00:14<00:07,  4.09it/s, loss=1.385]
  epoch 1/3:  65%|██████▍   | 57/88 [00:14<00:07,  4.09it/s, loss=1.380]
  epoch 1/3:  66%|██████▌   | 58/88 [00:14<00:07,  4.10it/s, loss=1.380]
  epoch 1/3:  66%|██████▌   | 58/88 [00:14<00:07,  4.10it/s, loss=1.376]
  epoch 1/3:  67%|██████▋   | 59/88 [00:14<00:07,  4.13it/s, loss=1.376]
  epoch 1/3:  67%|██████▋   | 59/88 [00:14<00:07,  4.13it/s, loss=1.369]
  epoch 1/3:  68%|██████▊   | 60/88 [00:14<00:06,  4.14it/s, loss=1.369]
  epoch 1/3:  68%|██████▊   | 60/88 [00:15<00:06,  4.14it/s, loss=1.362]
  epoch 1/3:  69%|██████▉   | 61/88 [00:15<00:06,  4.13it/s, loss=1.362]
  epoch 1/3:  69%|██████▉   | 61/88 [00:15<00:06,  4.13it/s, loss=1.357]
  epoch 1/3:  70%|███████   | 62/88 [00:15<00:06,  4.13it/s, loss=1.357]
  epoch 1/3:  70%|███████   | 62/88 [00:15<00:06,  4.13it/s, loss=1.351]
  epoch 1/3:  72%|███████▏  | 63/88 [00:15<00:06,  4.12it/s, loss=1.351]
  epoch 1/3:  72%|███████▏  | 63/88 [00:15<00:06,  4.12it/s, loss=1.343]
  epoch 1/3:  73%|███████▎  | 64/88 [00:15<00:05,  4.11it/s, loss=1.343]
  epoch 1/3:  73%|███████▎  | 64/88 [00:16<00:05,  4.11it/s, loss=1.338]
  epoch 1/3:  74%|███████▍  | 65/88 [00:16<00:05,  4.12it/s, loss=1.338]
  epoch 1/3:  74%|███████▍  | 65/88 [00:16<00:05,  4.12it/s, loss=1.333]
  epoch 1/3:  75%|███████▌  | 66/88 [00:16<00:05,  4.12it/s, loss=1.333]
  epoch 1/3:  75%|███████▌  | 66/88 [00:16<00:05,  4.12it/s, loss=1.327]
  epoch 1/3:  76%|███████▌  | 67/88 [00:16<00:05,  4.12it/s, loss=1.327]
  epoch 1/3:  76%|███████▌  | 67/88 [00:16<00:05,  4.12it/s, loss=1.322]
  epoch 1/3:  77%|███████▋  | 68/88 [00:16<00:04,  4.12it/s, loss=1.322]
  epoch 1/3:  77%|███████▋  | 68/88 [00:17<00:04,  4.12it/s, loss=1.315]
  epoch 1/3:  78%|███████▊  | 69/88 [00:17<00:04,  4.10it/s, loss=1.315]
  epoch 1/3:  78%|███████▊  | 69/88 [00:17<00:04,  4.10it/s, loss=1.310]
  epoch 1/3:  80%|███████▉  | 70/88 [00:17<00:04,  4.10it/s, loss=1.310]
  epoch 1/3:  80%|███████▉  | 70/88 [00:17<00:04,  4.10it/s, loss=1.303]
  epoch 1/3:  81%|████████  | 71/88 [00:17<00:04,  4.10it/s, loss=1.303]
  epoch 1/3:  81%|████████  | 71/88 [00:17<00:04,  4.10it/s, loss=1.297]
  epoch 1/3:  82%|████████▏ | 72/88 [00:17<00:03,  4.05it/s, loss=1.297]
  epoch 1/3:  82%|████████▏ | 72/88 [00:18<00:03,  4.05it/s, loss=1.290]
  epoch 1/3:  83%|████████▎ | 73/88 [00:18<00:03,  4.07it/s, loss=1.290]
  epoch 1/3:  83%|████████▎ | 73/88 [00:18<00:03,  4.07it/s, loss=1.283]
  epoch 1/3:  84%|████████▍ | 74/88 [00:18<00:03,  4.09it/s, loss=1.283]
  epoch 1/3:  84%|████████▍ | 74/88 [00:18<00:03,  4.09it/s, loss=1.278]
  epoch 1/3:  85%|████████▌ | 75/88 [00:18<00:03,  4.12it/s, loss=1.278]
  epoch 1/3:  85%|████████▌ | 75/88 [00:18<00:03,  4.12it/s, loss=1.274]
  epoch 1/3:  86%|████████▋ | 76/88 [00:18<00:02,  4.13it/s, loss=1.274]
  epoch 1/3:  86%|████████▋ | 76/88 [00:19<00:02,  4.13it/s, loss=1.269]
  epoch 1/3:  88%|████████▊ | 77/88 [00:19<00:02,  4.13it/s, loss=1.269]
  epoch 1/3:  88%|████████▊ | 77/88 [00:19<00:02,  4.13it/s, loss=1.264]
  epoch 1/3:  89%|████████▊ | 78/88 [00:19<00:02,  4.11it/s, loss=1.264]
  epoch 1/3:  89%|████████▊ | 78/88 [00:19<00:02,  4.11it/s, loss=1.258]
  epoch 1/3:  90%|████████▉ | 79/88 [00:19<00:02,  4.12it/s, loss=1.258]
  epoch 1/3:  90%|████████▉ | 79/88 [00:19<00:02,  4.12it/s, loss=1.253]
  epoch 1/3:  91%|█████████ | 80/88 [00:19<00:01,  4.12it/s, loss=1.253]
  epoch 1/3:  91%|█████████ | 80/88 [00:20<00:01,  4.12it/s, loss=1.247]
  epoch 1/3:  92%|█████████▏| 81/88 [00:20<00:01,  4.12it/s, loss=1.247]
  epoch 1/3:  92%|█████████▏| 81/88 [00:20<00:01,  4.12it/s, loss=1.241]
  epoch 1/3:  93%|█████████▎| 82/88 [00:20<00:01,  4.11it/s, loss=1.241]
  epoch 1/3:  93%|█████████▎| 82/88 [00:20<00:01,  4.11it/s, loss=1.235]
  epoch 1/3:  94%|█████████▍| 83/88 [00:20<00:01,  4.11it/s, loss=1.235]
  epoch 1/3:  94%|█████████▍| 83/88 [00:20<00:01,  4.11it/s, loss=1.230]
  epoch 1/3:  95%|█████████▌| 84/88 [00:20<00:00,  4.11it/s, loss=1.230]
  epoch 1/3:  95%|█████████▌| 84/88 [00:21<00:00,  4.11it/s, loss=1.223]
  epoch 1/3:  97%|█████████▋| 85/88 [00:21<00:00,  4.10it/s, loss=1.223]
  epoch 1/3:  97%|█████████▋| 85/88 [00:21<00:00,  4.10it/s, loss=1.217]
  epoch 1/3:  98%|█████████▊| 86/88 [00:21<00:00,  4.11it/s, loss=1.217]
  epoch 1/3:  98%|█████████▊| 86/88 [00:21<00:00,  4.11it/s, loss=1.213]
  epoch 1/3:  99%|█████████▉| 87/88 [00:21<00:00,  4.12it/s, loss=1.213]
  epoch 1/3:  99%|█████████▉| 87/88 [00:21<00:00,  4.12it/s, loss=1.209]
  epoch 1/3: 100%|██████████| 88/88 [00:21<00:00,  4.41it/s, loss=1.209]
                                                                        

  epoch 2/3:   0%|          | 0/88 [00:00<?, ?it/s]
  epoch 2/3:   0%|          | 0/88 [00:00<?, ?it/s, loss=0.709]
  epoch 2/3:   1%|          | 1/88 [00:00<00:44,  1.96it/s, loss=0.709]
  epoch 2/3:   1%|          | 1/88 [00:00<00:44,  1.96it/s, loss=0.721]
  epoch 2/3:   2%|▏         | 2/88 [00:00<00:30,  2.85it/s, loss=0.721]
  epoch 2/3:   2%|▏         | 2/88 [00:00<00:30,  2.85it/s, loss=0.715]
  epoch 2/3:   3%|▎         | 3/88 [00:00<00:25,  3.32it/s, loss=0.715]
  epoch 2/3:   3%|▎         | 3/88 [00:01<00:25,  3.32it/s, loss=0.736]
  epoch 2/3:   5%|▍         | 4/88 [00:01<00:23,  3.62it/s, loss=0.736]
  epoch 2/3:   5%|▍         | 4/88 [00:01<00:23,  3.62it/s, loss=0.721]
  epoch 2/3:   6%|▌         | 5/88 [00:01<00:21,  3.79it/s, loss=0.721]
  epoch 2/3:   6%|▌         | 5/88 [00:01<00:21,  3.79it/s, loss=0.709]
  epoch 2/3:   7%|▋         | 6/88 [00:01<00:21,  3.90it/s, loss=0.709]
  epoch 2/3:   7%|▋         | 6/88 [00:01<00:21,  3.90it/s, loss=0.707]
  epoch 2/3:   8%|▊         | 7/88 [00:01<00:20,  3.97it/s, loss=0.707]
  epoch 2/3:   8%|▊         | 7/88 [00:02<00:20,  3.97it/s, loss=0.707]
  epoch 2/3:   9%|▉         | 8/88 [00:02<00:19,  4.01it/s, loss=0.707]
  epoch 2/3:   9%|▉         | 8/88 [00:02<00:19,  4.01it/s, loss=0.719]
  epoch 2/3:  10%|█         | 9/88 [00:02<00:19,  4.04it/s, loss=0.719]
  epoch 2/3:  10%|█         | 9/88 [00:02<00:19,  4.04it/s, loss=0.715]
  epoch 2/3:  11%|█▏        | 10/88 [00:02<00:19,  4.06it/s, loss=0.715]
  epoch 2/3:  11%|█▏        | 10/88 [00:02<00:19,  4.06it/s, loss=0.707]
  epoch 2/3:  12%|█▎        | 11/88 [00:02<00:18,  4.08it/s, loss=0.707]
  epoch 2/3:  12%|█▎        | 11/88 [00:03<00:18,  4.08it/s, loss=0.694]
  epoch 2/3:  14%|█▎        | 12/88 [00:03<00:18,  4.09it/s, loss=0.694]
  epoch 2/3:  14%|█▎        | 12/88 [00:03<00:18,  4.09it/s, loss=0.689]
  epoch 2/3:  15%|█▍        | 13/88 [00:03<00:18,  4.10it/s, loss=0.689]
  epoch 2/3:  15%|█▍        | 13/88 [00:03<00:18,  4.10it/s, loss=0.687]
  epoch 2/3:  16%|█▌        | 14/88 [00:03<00:18,  4.10it/s, loss=0.687]
  epoch 2/3:  16%|█▌        | 14/88 [00:03<00:18,  4.10it/s, loss=0.685]
  epoch 2/3:  17%|█▋        | 15/88 [00:03<00:17,  4.10it/s, loss=0.685]
  epoch 2/3:  17%|█▋        | 15/88 [00:04<00:17,  4.10it/s, loss=0.678]
  epoch 2/3:  18%|█▊        | 16/88 [00:04<00:17,  4.04it/s, loss=0.678]
  epoch 2/3:  18%|█▊        | 16/88 [00:04<00:17,  4.04it/s, loss=0.682]
  epoch 2/3:  19%|█▉        | 17/88 [00:04<00:17,  4.07it/s, loss=0.682]
  epoch 2/3:  19%|█▉        | 17/88 [00:04<00:17,  4.07it/s, loss=0.673]
  epoch 2/3:  20%|██        | 18/88 [00:04<00:17,  4.11it/s, loss=0.673]
  epoch 2/3:  20%|██        | 18/88 [00:04<00:17,  4.11it/s, loss=0.672]
  epoch 2/3:  22%|██▏       | 19/88 [00:04<00:16,  4.12it/s, loss=0.672]
  epoch 2/3:  22%|██▏       | 19/88 [00:05<00:16,  4.12it/s, loss=0.665]
  epoch 2/3:  23%|██▎       | 20/88 [00:05<00:16,  4.12it/s, loss=0.665]
  epoch 2/3:  23%|██▎       | 20/88 [00:05<00:16,  4.12it/s, loss=0.660]
  epoch 2/3:  24%|██▍       | 21/88 [00:05<00:16,  4.12it/s, loss=0.660]
  epoch 2/3:  24%|██▍       | 21/88 [00:05<00:16,  4.12it/s, loss=0.665]
  epoch 2/3:  25%|██▌       | 22/88 [00:05<00:16,  4.12it/s, loss=0.665]
  epoch 2/3:  25%|██▌       | 22/88 [00:05<00:16,  4.12it/s, loss=0.659]
  epoch 2/3:  26%|██▌       | 23/88 [00:05<00:15,  4.12it/s, loss=0.659]
  epoch 2/3:  26%|██▌       | 23/88 [00:06<00:15,  4.12it/s, loss=0.656]
  epoch 2/3:  27%|██▋       | 24/88 [00:06<00:15,  4.12it/s, loss=0.656]
  epoch 2/3:  27%|██▋       | 24/88 [00:06<00:15,  4.12it/s, loss=0.657]
  epoch 2/3:  28%|██▊       | 25/88 [00:06<00:15,  4.12it/s, loss=0.657]
  epoch 2/3:  28%|██▊       | 25/88 [00:06<00:15,  4.12it/s, loss=0.652]
  epoch 2/3:  30%|██▉       | 26/88 [00:06<00:15,  4.12it/s, loss=0.652]
  epoch 2/3:  30%|██▉       | 26/88 [00:06<00:15,  4.12it/s, loss=0.654]
  epoch 2/3:  31%|███       | 27/88 [00:06<00:14,  4.11it/s, loss=0.654]
  epoch 2/3:  31%|███       | 27/88 [00:07<00:14,  4.11it/s, loss=0.652]
  epoch 2/3:  32%|███▏      | 28/88 [00:07<00:14,  4.11it/s, loss=0.652]
  epoch 2/3:  32%|███▏      | 28/88 [00:07<00:14,  4.11it/s, loss=0.645]
  epoch 2/3:  33%|███▎      | 29/88 [00:07<00:14,  4.11it/s, loss=0.645]
  epoch 2/3:  33%|███▎      | 29/88 [00:07<00:14,  4.11it/s, loss=0.639]
  epoch 2/3:  34%|███▍      | 30/88 [00:07<00:14,  4.12it/s, loss=0.639]
  epoch 2/3:  34%|███▍      | 30/88 [00:07<00:14,  4.12it/s, loss=0.631]
  epoch 2/3:  35%|███▌      | 31/88 [00:07<00:13,  4.11it/s, loss=0.631]
  epoch 2/3:  35%|███▌      | 31/88 [00:08<00:13,  4.11it/s, loss=0.631]
  epoch 2/3:  36%|███▋      | 32/88 [00:08<00:13,  4.05it/s, loss=0.631]
  epoch 2/3:  36%|███▋      | 32/88 [00:08<00:13,  4.05it/s, loss=0.625]
  epoch 2/3:  38%|███▊      | 33/88 [00:08<00:13,  4.09it/s, loss=0.625]
  epoch 2/3:  38%|███▊      | 33/88 [00:08<00:13,  4.09it/s, loss=0.622]
  epoch 2/3:  39%|███▊      | 34/88 [00:08<00:13,  4.11it/s, loss=0.622]
  epoch 2/3:  39%|███▊      | 34/88 [00:08<00:13,  4.11it/s, loss=0.618]
  epoch 2/3:  40%|███▉      | 35/88 [00:08<00:12,  4.12it/s, loss=0.618]
  epoch 2/3:  40%|███▉      | 35/88 [00:09<00:12,  4.12it/s, loss=0.612]
  epoch 2/3:  41%|████      | 36/88 [00:09<00:12,  4.12it/s, loss=0.612]
  epoch 2/3:  41%|████      | 36/88 [00:09<00:12,  4.12it/s, loss=0.609]
  epoch 2/3:  42%|████▏     | 37/88 [00:09<00:12,  4.12it/s, loss=0.609]
  epoch 2/3:  42%|████▏     | 37/88 [00:09<00:12,  4.12it/s, loss=0.606]
  epoch 2/3:  43%|████▎     | 38/88 [00:09<00:12,  4.11it/s, loss=0.606]
  epoch 2/3:  43%|████▎     | 38/88 [00:09<00:12,  4.11it/s, loss=0.601]
  epoch 2/3:  44%|████▍     | 39/88 [00:09<00:11,  4.10it/s, loss=0.601]
  epoch 2/3:  44%|████▍     | 39/88 [00:09<00:11,  4.10it/s, loss=0.601]
  epoch 2/3:  45%|████▌     | 40/88 [00:09<00:11,  4.11it/s, loss=0.601]
  epoch 2/3:  45%|████▌     | 40/88 [00:10<00:11,  4.11it/s, loss=0.599]
  epoch 2/3:  47%|████▋     | 41/88 [00:10<00:11,  4.11it/s, loss=0.599]
  epoch 2/3:  47%|████▋     | 41/88 [00:10<00:11,  4.11it/s, loss=0.600]
  epoch 2/3:  48%|████▊     | 42/88 [00:10<00:11,  4.12it/s, loss=0.600]
  epoch 2/3:  48%|████▊     | 42/88 [00:10<00:11,  4.12it/s, loss=0.597]
  epoch 2/3:  49%|████▉     | 43/88 [00:10<00:10,  4.12it/s, loss=0.597]
  epoch 2/3:  49%|████▉     | 43/88 [00:10<00:10,  4.12it/s, loss=0.593]
  epoch 2/3:  50%|█████     | 44/88 [00:10<00:10,  4.11it/s, loss=0.593]
  epoch 2/3:  50%|█████     | 44/88 [00:11<00:10,  4.11it/s, loss=0.591]
  epoch 2/3:  51%|█████     | 45/88 [00:11<00:10,  4.12it/s, loss=0.591]
  epoch 2/3:  51%|█████     | 45/88 [00:11<00:10,  4.12it/s, loss=0.588]
  epoch 2/3:  52%|█████▏    | 46/88 [00:11<00:10,  4.12it/s, loss=0.588]
  epoch 2/3:  52%|█████▏    | 46/88 [00:11<00:10,  4.12it/s, loss=0.587]
  epoch 2/3:  53%|█████▎    | 47/88 [00:11<00:09,  4.12it/s, loss=0.587]
  epoch 2/3:  53%|█████▎    | 47/88 [00:11<00:09,  4.12it/s, loss=0.584]
  epoch 2/3:  55%|█████▍    | 48/88 [00:11<00:09,  4.07it/s, loss=0.584]
  epoch 2/3:  55%|█████▍    | 48/88 [00:12<00:09,  4.07it/s, loss=0.581]
  epoch 2/3:  56%|█████▌    | 49/88 [00:12<00:09,  4.10it/s, loss=0.581]
  epoch 2/3:  56%|█████▌    | 49/88 [00:12<00:09,  4.10it/s, loss=0.578]
  epoch 2/3:  57%|█████▋    | 50/88 [00:12<00:09,  4.11it/s, loss=0.578]
  epoch 2/3:  57%|█████▋    | 50/88 [00:12<00:09,  4.11it/s, loss=0.575]
  epoch 2/3:  58%|█████▊    | 51/88 [00:12<00:08,  4.12it/s, loss=0.575]
  epoch 2/3:  58%|█████▊    | 51/88 [00:12<00:08,  4.12it/s, loss=0.573]
  epoch 2/3:  59%|█████▉    | 52/88 [00:12<00:08,  4.11it/s, loss=0.573]
  epoch 2/3:  59%|█████▉    | 52/88 [00:13<00:08,  4.11it/s, loss=0.574]
  epoch 2/3:  60%|██████    | 53/88 [00:13<00:08,  4.11it/s, loss=0.574]
  epoch 2/3:  60%|██████    | 53/88 [00:13<00:08,  4.11it/s, loss=0.572]
  epoch 2/3:  61%|██████▏   | 54/88 [00:13<00:08,  4.11it/s, loss=0.572]
  epoch 2/3:  61%|██████▏   | 54/88 [00:13<00:08,  4.11it/s, loss=0.570]
  epoch 2/3:  62%|██████▎   | 55/88 [00:13<00:08,  4.12it/s, loss=0.570]
  epoch 2/3:  62%|██████▎   | 55/88 [00:13<00:08,  4.12it/s, loss=0.568]
  epoch 2/3:  64%|██████▎   | 56/88 [00:13<00:07,  4.12it/s, loss=0.568]
  epoch 2/3:  64%|██████▎   | 56/88 [00:14<00:07,  4.12it/s, loss=0.567]
  epoch 2/3:  65%|██████▍   | 57/88 [00:14<00:07,  4.11it/s, loss=0.567]
  epoch 2/3:  65%|██████▍   | 57/88 [00:14<00:07,  4.11it/s, loss=0.563]
  epoch 2/3:  66%|██████▌   | 58/88 [00:14<00:07,  4.11it/s, loss=0.563]
  epoch 2/3:  66%|██████▌   | 58/88 [00:14<00:07,  4.11it/s, loss=0.560]
  epoch 2/3:  67%|██████▋   | 59/88 [00:14<00:07,  4.11it/s, loss=0.560]
  epoch 2/3:  67%|██████▋   | 59/88 [00:14<00:07,  4.11it/s, loss=0.559]
  epoch 2/3:  68%|██████▊   | 60/88 [00:14<00:06,  4.11it/s, loss=0.559]
  epoch 2/3:  68%|██████▊   | 60/88 [00:15<00:06,  4.11it/s, loss=0.556]
  epoch 2/3:  69%|██████▉   | 61/88 [00:15<00:06,  4.12it/s, loss=0.556]
  epoch 2/3:  69%|██████▉   | 61/88 [00:15<00:06,  4.12it/s, loss=0.551]
  epoch 2/3:  70%|███████   | 62/88 [00:15<00:06,  4.11it/s, loss=0.551]
  epoch 2/3:  70%|███████   | 62/88 [00:15<00:06,  4.11it/s, loss=0.547]
  epoch 2/3:  72%|███████▏  | 63/88 [00:15<00:06,  4.10it/s, loss=0.547]
  epoch 2/3:  72%|███████▏  | 63/88 [00:15<00:06,  4.10it/s, loss=0.545]
  epoch 2/3:  73%|███████▎  | 64/88 [00:15<00:05,  4.04it/s, loss=0.545]
  epoch 2/3:  73%|███████▎  | 64/88 [00:16<00:05,  4.04it/s, loss=0.544]
  epoch 2/3:  74%|███████▍  | 65/88 [00:16<00:05,  4.10it/s, loss=0.544]
  epoch 2/3:  74%|███████▍  | 65/88 [00:16<00:05,  4.10it/s, loss=0.544]
  epoch 2/3:  75%|███████▌  | 66/88 [00:16<00:05,  4.11it/s, loss=0.544]
  epoch 2/3:  75%|███████▌  | 66/88 [00:16<00:05,  4.11it/s, loss=0.540]
  epoch 2/3:  76%|███████▌  | 67/88 [00:16<00:05,  4.13it/s, loss=0.540]
  epoch 2/3:  76%|███████▌  | 67/88 [00:16<00:05,  4.13it/s, loss=0.538]
  epoch 2/3:  77%|███████▋  | 68/88 [00:16<00:04,  4.12it/s, loss=0.538]
  epoch 2/3:  77%|███████▋  | 68/88 [00:17<00:04,  4.12it/s, loss=0.534]
  epoch 2/3:  78%|███████▊  | 69/88 [00:17<00:04,  4.11it/s, loss=0.534]
  epoch 2/3:  78%|███████▊  | 69/88 [00:17<00:04,  4.11it/s, loss=0.533]
  epoch 2/3:  80%|███████▉  | 70/88 [00:17<00:04,  4.11it/s, loss=0.533]
  epoch 2/3:  80%|███████▉  | 70/88 [00:17<00:04,  4.11it/s, loss=0.530]
  epoch 2/3:  81%|████████  | 71/88 [00:17<00:04,  4.12it/s, loss=0.530]
  epoch 2/3:  81%|████████  | 71/88 [00:17<00:04,  4.12it/s, loss=0.527]
  epoch 2/3:  82%|████████▏ | 72/88 [00:17<00:03,  4.10it/s, loss=0.527]
  epoch 2/3:  82%|████████▏ | 72/88 [00:18<00:03,  4.10it/s, loss=0.527]
  epoch 2/3:  83%|████████▎ | 73/88 [00:18<00:03,  4.11it/s, loss=0.527]
  epoch 2/3:  83%|████████▎ | 73/88 [00:18<00:03,  4.11it/s, loss=0.524]
  epoch 2/3:  84%|████████▍ | 74/88 [00:18<00:03,  4.10it/s, loss=0.524]
  epoch 2/3:  84%|████████▍ | 74/88 [00:18<00:03,  4.10it/s, loss=0.523]
  epoch 2/3:  85%|████████▌ | 75/88 [00:18<00:03,  4.11it/s, loss=0.523]
  epoch 2/3:  85%|████████▌ | 75/88 [00:18<00:03,  4.11it/s, loss=0.522]
  epoch 2/3:  86%|████████▋ | 76/88 [00:18<00:02,  4.12it/s, loss=0.522]
  epoch 2/3:  86%|████████▋ | 76/88 [00:18<00:02,  4.12it/s, loss=0.519]
  epoch 2/3:  88%|████████▊ | 77/88 [00:18<00:02,  4.11it/s, loss=0.519]
  epoch 2/3:  88%|████████▊ | 77/88 [00:19<00:02,  4.11it/s, loss=0.517]
  epoch 2/3:  89%|████████▊ | 78/88 [00:19<00:02,  4.10it/s, loss=0.517]
  epoch 2/3:  89%|████████▊ | 78/88 [00:19<00:02,  4.10it/s, loss=0.514]
  epoch 2/3:  90%|████████▉ | 79/88 [00:19<00:02,  4.09it/s, loss=0.514]
  epoch 2/3:  90%|████████▉ | 79/88 [00:19<00:02,  4.09it/s, loss=0.512]
  epoch 2/3:  91%|█████████ | 80/88 [00:19<00:01,  4.04it/s, loss=0.512]
  epoch 2/3:  91%|█████████ | 80/88 [00:19<00:01,  4.04it/s, loss=0.510]
  epoch 2/3:  92%|█████████▏| 81/88 [00:19<00:01,  4.07it/s, loss=0.510]
  epoch 2/3:  92%|█████████▏| 81/88 [00:20<00:01,  4.07it/s, loss=0.508]
  epoch 2/3:  93%|█████████▎| 82/88 [00:20<00:01,  4.11it/s, loss=0.508]
  epoch 2/3:  93%|█████████▎| 82/88 [00:20<00:01,  4.11it/s, loss=0.506]
  epoch 2/3:  94%|█████████▍| 83/88 [00:20<00:01,  4.12it/s, loss=0.506]
  epoch 2/3:  94%|█████████▍| 83/88 [00:20<00:01,  4.12it/s, loss=0.505]
  epoch 2/3:  95%|█████████▌| 84/88 [00:20<00:00,  4.13it/s, loss=0.505]
  epoch 2/3:  95%|█████████▌| 84/88 [00:20<00:00,  4.13it/s, loss=0.502]
  epoch 2/3:  97%|█████████▋| 85/88 [00:20<00:00,  4.13it/s, loss=0.502]
  epoch 2/3:  97%|█████████▋| 85/88 [00:21<00:00,  4.13it/s, loss=0.501]
  epoch 2/3:  98%|█████████▊| 86/88 [00:21<00:00,  4.13it/s, loss=0.501]
  epoch 2/3:  98%|█████████▊| 86/88 [00:21<00:00,  4.13it/s, loss=0.500]
  epoch 2/3:  99%|█████████▉| 87/88 [00:21<00:00,  4.12it/s, loss=0.500]
  epoch 2/3:  99%|█████████▉| 87/88 [00:21<00:00,  4.12it/s, loss=0.498]
  epoch 2/3: 100%|██████████| 88/88 [00:21<00:00,  4.47it/s, loss=0.498]
                                                                        

  epoch 3/3:   0%|          | 0/88 [00:00<?, ?it/s]
  epoch 3/3:   0%|          | 0/88 [00:00<?, ?it/s, loss=0.278]
  epoch 3/3:   1%|          | 1/88 [00:00<00:42,  2.06it/s, loss=0.278]
  epoch 3/3:   1%|          | 1/88 [00:00<00:42,  2.06it/s, loss=0.294]
  epoch 3/3:   2%|▏         | 2/88 [00:00<00:29,  2.91it/s, loss=0.294]
  epoch 3/3:   2%|▏         | 2/88 [00:00<00:29,  2.91it/s, loss=0.335]
  epoch 3/3:   3%|▎         | 3/88 [00:00<00:25,  3.35it/s, loss=0.335]
  epoch 3/3:   3%|▎         | 3/88 [00:01<00:25,  3.35it/s, loss=0.325]
  epoch 3/3:   5%|▍         | 4/88 [00:01<00:23,  3.61it/s, loss=0.325]
  epoch 3/3:   5%|▍         | 4/88 [00:01<00:23,  3.61it/s, loss=0.332]
  epoch 3/3:   6%|▌         | 5/88 [00:01<00:21,  3.78it/s, loss=0.332]
  epoch 3/3:   6%|▌         | 5/88 [00:01<00:21,  3.78it/s, loss=0.317]
  epoch 3/3:   7%|▋         | 6/88 [00:01<00:21,  3.87it/s, loss=0.317]
  epoch 3/3:   7%|▋         | 6/88 [00:01<00:21,  3.87it/s, loss=0.305]
  epoch 3/3:   8%|▊         | 7/88 [00:01<00:20,  3.95it/s, loss=0.305]
  epoch 3/3:   8%|▊         | 7/88 [00:02<00:20,  3.95it/s, loss=0.302]
  epoch 3/3:   9%|▉         | 8/88 [00:02<00:20,  3.94it/s, loss=0.302]
  epoch 3/3:   9%|▉         | 8/88 [00:02<00:20,  3.94it/s, loss=0.311]
  epoch 3/3:  10%|█         | 9/88 [00:02<00:19,  4.00it/s, loss=0.311]
  epoch 3/3:  10%|█         | 9/88 [00:02<00:19,  4.00it/s, loss=0.310]
  epoch 3/3:  11%|█▏        | 10/88 [00:02<00:19,  4.05it/s, loss=0.310]
  epoch 3/3:  11%|█▏        | 10/88 [00:02<00:19,  4.05it/s, loss=0.300]
  epoch 3/3:  12%|█▎        | 11/88 [00:02<00:19,  4.05it/s, loss=0.300]
  epoch 3/3:  12%|█▎        | 11/88 [00:03<00:19,  4.05it/s, loss=0.305]
  epoch 3/3:  14%|█▎        | 12/88 [00:03<00:18,  4.08it/s, loss=0.305]
  epoch 3/3:  14%|█▎        | 12/88 [00:03<00:18,  4.08it/s, loss=0.311]
  epoch 3/3:  15%|█▍        | 13/88 [00:03<00:18,  4.10it/s, loss=0.311]
  epoch 3/3:  15%|█▍        | 13/88 [00:03<00:18,  4.10it/s, loss=0.312]
  epoch 3/3:  16%|█▌        | 14/88 [00:03<00:18,  4.11it/s, loss=0.312]
  epoch 3/3:  16%|█▌        | 14/88 [00:03<00:18,  4.11it/s, loss=0.311]
  epoch 3/3:  17%|█▋        | 15/88 [00:03<00:17,  4.12it/s, loss=0.311]
  epoch 3/3:  17%|█▋        | 15/88 [00:04<00:17,  4.12it/s, loss=0.316]
  epoch 3/3:  18%|█▊        | 16/88 [00:04<00:17,  4.13it/s, loss=0.316]
  epoch 3/3:  18%|█▊        | 16/88 [00:04<00:17,  4.13it/s, loss=0.316]
  epoch 3/3:  19%|█▉        | 17/88 [00:04<00:17,  4.13it/s, loss=0.316]
  epoch 3/3:  19%|█▉        | 17/88 [00:04<00:17,  4.13it/s, loss=0.311]
  epoch 3/3:  20%|██        | 18/88 [00:04<00:16,  4.12it/s, loss=0.311]
  epoch 3/3:  20%|██        | 18/88 [00:04<00:16,  4.12it/s, loss=0.310]
  epoch 3/3:  22%|██▏       | 19/88 [00:04<00:16,  4.10it/s, loss=0.310]
  epoch 3/3:  22%|██▏       | 19/88 [00:05<00:16,  4.10it/s, loss=0.313]
  epoch 3/3:  23%|██▎       | 20/88 [00:05<00:16,  4.11it/s, loss=0.313]
  epoch 3/3:  23%|██▎       | 20/88 [00:05<00:16,  4.11it/s, loss=0.308]
  epoch 3/3:  24%|██▍       | 21/88 [00:05<00:16,  4.11it/s, loss=0.308]
  epoch 3/3:  24%|██▍       | 21/88 [00:05<00:16,  4.11it/s, loss=0.304]
  epoch 3/3:  25%|██▌       | 22/88 [00:05<00:16,  4.11it/s, loss=0.304]
  epoch 3/3:  25%|██▌       | 22/88 [00:05<00:16,  4.11it/s, loss=0.302]
  epoch 3/3:  26%|██▌       | 23/88 [00:05<00:15,  4.11it/s, loss=0.302]
  epoch 3/3:  26%|██▌       | 23/88 [00:06<00:15,  4.11it/s, loss=0.304]
  epoch 3/3:  27%|██▋       | 24/88 [00:06<00:15,  4.05it/s, loss=0.304]
  epoch 3/3:  27%|██▋       | 24/88 [00:06<00:15,  4.05it/s, loss=0.302]
  epoch 3/3:  28%|██▊       | 25/88 [00:06<00:15,  4.06it/s, loss=0.302]
  epoch 3/3:  28%|██▊       | 25/88 [00:06<00:15,  4.06it/s, loss=0.302]
  epoch 3/3:  30%|██▉       | 26/88 [00:06<00:15,  4.09it/s, loss=0.302]
  epoch 3/3:  30%|██▉       | 26/88 [00:06<00:15,  4.09it/s, loss=0.302]
  epoch 3/3:  31%|███       | 27/88 [00:06<00:14,  4.10it/s, loss=0.302]
  epoch 3/3:  31%|███       | 27/88 [00:07<00:14,  4.10it/s, loss=0.300]
  epoch 3/3:  32%|███▏      | 28/88 [00:07<00:14,  4.13it/s, loss=0.300]
  epoch 3/3:  32%|███▏      | 28/88 [00:07<00:14,  4.13it/s, loss=0.297]
  epoch 3/3:  33%|███▎      | 29/88 [00:07<00:14,  4.13it/s, loss=0.297]
  epoch 3/3:  33%|███▎      | 29/88 [00:07<00:14,  4.13it/s, loss=0.296]
  epoch 3/3:  34%|███▍      | 30/88 [00:07<00:14,  4.11it/s, loss=0.296]
  epoch 3/3:  34%|███▍      | 30/88 [00:07<00:14,  4.11it/s, loss=0.296]
  epoch 3/3:  35%|███▌      | 31/88 [00:07<00:13,  4.12it/s, loss=0.296]
  epoch 3/3:  35%|███▌      | 31/88 [00:08<00:13,  4.12it/s, loss=0.293]
  epoch 3/3:  36%|███▋      | 32/88 [00:08<00:13,  4.11it/s, loss=0.293]
  epoch 3/3:  36%|███▋      | 32/88 [00:08<00:13,  4.11it/s, loss=0.294]
  epoch 3/3:  38%|███▊      | 33/88 [00:08<00:13,  4.12it/s, loss=0.294]
  epoch 3/3:  38%|███▊      | 33/88 [00:08<00:13,  4.12it/s, loss=0.293]
  epoch 3/3:  39%|███▊      | 34/88 [00:08<00:13,  4.11it/s, loss=0.293]
  epoch 3/3:  39%|███▊      | 34/88 [00:08<00:13,  4.11it/s, loss=0.292]
  epoch 3/3:  40%|███▉      | 35/88 [00:08<00:12,  4.11it/s, loss=0.292]
  epoch 3/3:  40%|███▉      | 35/88 [00:09<00:12,  4.11it/s, loss=0.290]
  epoch 3/3:  41%|████      | 36/88 [00:09<00:12,  4.10it/s, loss=0.290]
  epoch 3/3:  41%|████      | 36/88 [00:09<00:12,  4.10it/s, loss=0.290]
  epoch 3/3:  42%|████▏     | 37/88 [00:09<00:12,  4.10it/s, loss=0.290]
  epoch 3/3:  42%|████▏     | 37/88 [00:09<00:12,  4.10it/s, loss=0.289]
  epoch 3/3:  43%|████▎     | 38/88 [00:09<00:12,  4.11it/s, loss=0.289]
  epoch 3/3:  43%|████▎     | 38/88 [00:09<00:12,  4.11it/s, loss=0.287]
  epoch 3/3:  44%|████▍     | 39/88 [00:09<00:11,  4.10it/s, loss=0.287]
  epoch 3/3:  44%|████▍     | 39/88 [00:09<00:11,  4.10it/s, loss=0.284]
  epoch 3/3:  45%|████▌     | 40/88 [00:09<00:11,  4.05it/s, loss=0.284]
  epoch 3/3:  45%|████▌     | 40/88 [00:10<00:11,  4.05it/s, loss=0.283]
  epoch 3/3:  47%|████▋     | 41/88 [00:10<00:11,  4.10it/s, loss=0.283]
  epoch 3/3:  47%|████▋     | 41/88 [00:10<00:11,  4.10it/s, loss=0.283]
  epoch 3/3:  48%|████▊     | 42/88 [00:10<00:11,  4.11it/s, loss=0.283]
  epoch 3/3:  48%|████▊     | 42/88 [00:10<00:11,  4.11it/s, loss=0.284]
  epoch 3/3:  49%|████▉     | 43/88 [00:10<00:10,  4.12it/s, loss=0.284]
  epoch 3/3:  49%|████▉     | 43/88 [00:10<00:10,  4.12it/s, loss=0.284]
  epoch 3/3:  50%|█████     | 44/88 [00:10<00:10,  4.13it/s, loss=0.284]
  epoch 3/3:  50%|█████     | 44/88 [00:11<00:10,  4.13it/s, loss=0.280]
  epoch 3/3:  51%|█████     | 45/88 [00:11<00:10,  4.12it/s, loss=0.280]
  epoch 3/3:  51%|█████     | 45/88 [00:11<00:10,  4.12it/s, loss=0.277]
  epoch 3/3:  52%|█████▏    | 46/88 [00:11<00:10,  4.12it/s, loss=0.277]
  epoch 3/3:  52%|█████▏    | 46/88 [00:11<00:10,  4.12it/s, loss=0.276]
  epoch 3/3:  53%|█████▎    | 47/88 [00:11<00:09,  4.11it/s, loss=0.276]
  epoch 3/3:  53%|█████▎    | 47/88 [00:11<00:09,  4.11it/s, loss=0.274]
  epoch 3/3:  55%|█████▍    | 48/88 [00:11<00:09,  4.09it/s, loss=0.274]
  epoch 3/3:  55%|█████▍    | 48/88 [00:12<00:09,  4.09it/s, loss=0.273]
  epoch 3/3:  56%|█████▌    | 49/88 [00:12<00:09,  4.10it/s, loss=0.273]
  epoch 3/3:  56%|█████▌    | 49/88 [00:12<00:09,  4.10it/s, loss=0.274]
  epoch 3/3:  57%|█████▋    | 50/88 [00:12<00:09,  4.10it/s, loss=0.274]
  epoch 3/3:  57%|█████▋    | 50/88 [00:12<00:09,  4.10it/s, loss=0.273]
  epoch 3/3:  58%|█████▊    | 51/88 [00:12<00:08,  4.12it/s, loss=0.273]
  epoch 3/3:  58%|█████▊    | 51/88 [00:12<00:08,  4.12it/s, loss=0.274]
  epoch 3/3:  59%|█████▉    | 52/88 [00:12<00:08,  4.11it/s, loss=0.274]
  epoch 3/3:  59%|█████▉    | 52/88 [00:13<00:08,  4.11it/s, loss=0.273]
  epoch 3/3:  60%|██████    | 53/88 [00:13<00:08,  4.11it/s, loss=0.273]
  epoch 3/3:  60%|██████    | 53/88 [00:13<00:08,  4.11it/s, loss=0.272]
  epoch 3/3:  61%|██████▏   | 54/88 [00:13<00:08,  4.11it/s, loss=0.272]
  epoch 3/3:  61%|██████▏   | 54/88 [00:13<00:08,  4.11it/s, loss=0.270]
  epoch 3/3:  62%|██████▎   | 55/88 [00:13<00:08,  4.11it/s, loss=0.270]
  epoch 3/3:  62%|██████▎   | 55/88 [00:13<00:08,  4.11it/s, loss=0.269]
  epoch 3/3:  64%|██████▎   | 56/88 [00:13<00:07,  4.05it/s, loss=0.269]
  epoch 3/3:  64%|██████▎   | 56/88 [00:14<00:07,  4.05it/s, loss=0.267]
  epoch 3/3:  65%|██████▍   | 57/88 [00:14<00:07,  4.09it/s, loss=0.267]
  epoch 3/3:  65%|██████▍   | 57/88 [00:14<00:07,  4.09it/s, loss=0.267]
  epoch 3/3:  66%|██████▌   | 58/88 [00:14<00:07,  4.12it/s, loss=0.267]
  epoch 3/3:  66%|██████▌   | 58/88 [00:14<00:07,  4.12it/s, loss=0.266]
  epoch 3/3:  67%|██████▋   | 59/88 [00:14<00:07,  4.12it/s, loss=0.266]
  epoch 3/3:  67%|██████▋   | 59/88 [00:14<00:07,  4.12it/s, loss=0.265]
  epoch 3/3:  68%|██████▊   | 60/88 [00:14<00:06,  4.12it/s, loss=0.265]
  epoch 3/3:  68%|██████▊   | 60/88 [00:15<00:06,  4.12it/s, loss=0.264]
  epoch 3/3:  69%|██████▉   | 61/88 [00:15<00:06,  4.11it/s, loss=0.264]
  epoch 3/3:  69%|██████▉   | 61/88 [00:15<00:06,  4.11it/s, loss=0.263]
  epoch 3/3:  70%|███████   | 62/88 [00:15<00:06,  4.12it/s, loss=0.263]
  epoch 3/3:  70%|███████   | 62/88 [00:15<00:06,  4.12it/s, loss=0.262]
  epoch 3/3:  72%|███████▏  | 63/88 [00:15<00:06,  4.12it/s, loss=0.262]
  epoch 3/3:  72%|███████▏  | 63/88 [00:15<00:06,  4.12it/s, loss=0.260]
  epoch 3/3:  73%|███████▎  | 64/88 [00:15<00:05,  4.10it/s, loss=0.260]
  epoch 3/3:  73%|███████▎  | 64/88 [00:16<00:05,  4.10it/s, loss=0.258]
  epoch 3/3:  74%|███████▍  | 65/88 [00:16<00:05,  4.11it/s, loss=0.258]
  epoch 3/3:  74%|███████▍  | 65/88 [00:16<00:05,  4.11it/s, loss=0.256]
  epoch 3/3:  75%|███████▌  | 66/88 [00:16<00:05,  4.12it/s, loss=0.256]
  epoch 3/3:  75%|███████▌  | 66/88 [00:16<00:05,  4.12it/s, loss=0.254]
  epoch 3/3:  76%|███████▌  | 67/88 [00:16<00:05,  4.11it/s, loss=0.254]
  epoch 3/3:  76%|███████▌  | 67/88 [00:16<00:05,  4.11it/s, loss=0.254]
  epoch 3/3:  77%|███████▋  | 68/88 [00:16<00:04,  4.11it/s, loss=0.254]
  epoch 3/3:  77%|███████▋  | 68/88 [00:17<00:04,  4.11it/s, loss=0.253]
  epoch 3/3:  78%|███████▊  | 69/88 [00:17<00:04,  4.11it/s, loss=0.253]
  epoch 3/3:  78%|███████▊  | 69/88 [00:17<00:04,  4.11it/s, loss=0.253]
  epoch 3/3:  80%|███████▉  | 70/88 [00:17<00:04,  4.11it/s, loss=0.253]
  epoch 3/3:  80%|███████▉  | 70/88 [00:17<00:04,  4.11it/s, loss=0.251]
  epoch 3/3:  81%|████████  | 71/88 [00:17<00:04,  4.11it/s, loss=0.251]
  epoch 3/3:  81%|████████  | 71/88 [00:17<00:04,  4.11it/s, loss=0.250]
  epoch 3/3:  82%|████████▏ | 72/88 [00:17<00:03,  4.06it/s, loss=0.250]
  epoch 3/3:  82%|████████▏ | 72/88 [00:18<00:03,  4.06it/s, loss=0.250]
  epoch 3/3:  83%|████████▎ | 73/88 [00:18<00:03,  4.10it/s, loss=0.250]
  epoch 3/3:  83%|████████▎ | 73/88 [00:18<00:03,  4.10it/s, loss=0.249]
  epoch 3/3:  84%|████████▍ | 74/88 [00:18<00:03,  4.11it/s, loss=0.249]
  epoch 3/3:  84%|████████▍ | 74/88 [00:18<00:03,  4.11it/s, loss=0.247]
  epoch 3/3:  85%|████████▌ | 75/88 [00:18<00:03,  4.12it/s, loss=0.247]
  epoch 3/3:  85%|████████▌ | 75/88 [00:18<00:03,  4.12it/s, loss=0.247]
  epoch 3/3:  86%|████████▋ | 76/88 [00:18<00:02,  4.13it/s, loss=0.247]
  epoch 3/3:  86%|████████▋ | 76/88 [00:18<00:02,  4.13it/s, loss=0.246]
  epoch 3/3:  88%|████████▊ | 77/88 [00:18<00:02,  4.12it/s, loss=0.246]
  epoch 3/3:  88%|████████▊ | 77/88 [00:19<00:02,  4.12it/s, loss=0.245]
  epoch 3/3:  89%|████████▊ | 78/88 [00:19<00:02,  4.13it/s, loss=0.245]
  epoch 3/3:  89%|████████▊ | 78/88 [00:19<00:02,  4.13it/s, loss=0.245]
  epoch 3/3:  90%|████████▉ | 79/88 [00:19<00:02,  4.11it/s, loss=0.245]
  epoch 3/3:  90%|████████▉ | 79/88 [00:19<00:02,  4.11it/s, loss=0.243]
  epoch 3/3:  91%|█████████ | 80/88 [00:19<00:01,  4.10it/s, loss=0.243]
  epoch 3/3:  91%|█████████ | 80/88 [00:19<00:01,  4.10it/s, loss=0.243]
  epoch 3/3:  92%|█████████▏| 81/88 [00:19<00:01,  4.11it/s, loss=0.243]
  epoch 3/3:  92%|█████████▏| 81/88 [00:20<00:01,  4.11it/s, loss=0.243]
  epoch 3/3:  93%|█████████▎| 82/88 [00:20<00:01,  4.10it/s, loss=0.243]
  epoch 3/3:  93%|█████████▎| 82/88 [00:20<00:01,  4.10it/s, loss=0.244]
  epoch 3/3:  94%|█████████▍| 83/88 [00:20<00:01,  4.11it/s, loss=0.244]
  epoch 3/3:  94%|█████████▍| 83/88 [00:20<00:01,  4.11it/s, loss=0.244]
  epoch 3/3:  95%|█████████▌| 84/88 [00:20<00:00,  4.12it/s, loss=0.244]
  epoch 3/3:  95%|█████████▌| 84/88 [00:20<00:00,  4.12it/s, loss=0.243]
  epoch 3/3:  97%|█████████▋| 85/88 [00:20<00:00,  4.12it/s, loss=0.243]
  epoch 3/3:  97%|█████████▋| 85/88 [00:21<00:00,  4.12it/s, loss=0.243]
  epoch 3/3:  98%|█████████▊| 86/88 [00:21<00:00,  4.12it/s, loss=0.243]
  epoch 3/3:  98%|█████████▊| 86/88 [00:21<00:00,  4.12it/s, loss=0.241]
  epoch 3/3:  99%|█████████▉| 87/88 [00:21<00:00,  4.11it/s, loss=0.241]
  epoch 3/3:  99%|█████████▉| 87/88 [00:21<00:00,  4.11it/s, loss=0.240]
  epoch 3/3: 100%|██████████| 88/88 [00:21<00:00,  4.40it/s, loss=0.240]
                                                                        
[titans] reset=never | norm(state) sau task = 78.6361
[titans]   self-mod v:β=0.88 |W|=2.03
[titans]   eta_t(avg)=-2.5822  alpha_t/forget-gate(avg)=1.0000
[task 3] test acc so far: 0.883  0.800  0.631  0.317
[task 3] NCM-online acc so far: 0.826  0.760  0.831  0.800
[task 3] NCM-posthoc acc so far: 0.837  0.797  0.831  0.780
[task 4] classes=[9, 17, 27, 35, 36] | train=2800

  epoch 1/3:   0%|          | 0/88 [00:00<?, ?it/s]
  epoch 1/3:   0%|          | 0/88 [00:00<?, ?it/s, loss=1.597]
  epoch 1/3:   1%|          | 1/88 [00:00<00:42,  2.05it/s, loss=1.597]
  epoch 1/3:   1%|          | 1/88 [00:00<00:42,  2.05it/s, loss=1.518]
  epoch 1/3:   2%|▏         | 2/88 [00:00<00:29,  2.93it/s, loss=1.518]
  epoch 1/3:   2%|▏         | 2/88 [00:00<00:29,  2.93it/s, loss=1.520]
  epoch 1/3:   3%|▎         | 3/88 [00:00<00:25,  3.37it/s, loss=1.520]
  epoch 1/3:   3%|▎         | 3/88 [00:01<00:25,  3.37it/s, loss=1.541]
  epoch 1/3:   5%|▍         | 4/88 [00:01<00:23,  3.64it/s, loss=1.541]
  epoch 1/3:   5%|▍         | 4/88 [00:01<00:23,  3.64it/s, loss=1.574]
  epoch 1/3:   6%|▌         | 5/88 [00:01<00:21,  3.80it/s, loss=1.574]
  epoch 1/3:   6%|▌         | 5/88 [00:01<00:21,  3.80it/s, loss=1.545]
  epoch 1/3:   7%|▋         | 6/88 [00:01<00:21,  3.90it/s, loss=1.545]
  epoch 1/3:   7%|▋         | 6/88 [00:01<00:21,  3.90it/s, loss=1.531]
  epoch 1/3:   8%|▊         | 7/88 [00:01<00:20,  3.96it/s, loss=1.531]
  epoch 1/3:   8%|▊         | 7/88 [00:02<00:20,  3.96it/s, loss=1.537]
  epoch 1/3:   9%|▉         | 8/88 [00:02<00:19,  4.01it/s, loss=1.537]
  epoch 1/3:   9%|▉         | 8/88 [00:02<00:19,  4.01it/s, loss=1.515]
  epoch 1/3:  10%|█         | 9/88 [00:02<00:19,  4.03it/s, loss=1.515]
  epoch 1/3:  10%|█         | 9/88 [00:02<00:19,  4.03it/s, loss=1.508]
  epoch 1/3:  11%|█▏        | 10/88 [00:02<00:19,  4.05it/s, loss=1.508]
  epoch 1/3:  11%|█▏        | 10/88 [00:02<00:19,  4.05it/s, loss=1.502]
  epoch 1/3:  12%|█▎        | 11/88 [00:02<00:18,  4.07it/s, loss=1.502]
  epoch 1/3:  12%|█▎        | 11/88 [00:03<00:18,  4.07it/s, loss=1.493]
  epoch 1/3:  14%|█▎        | 12/88 [00:03<00:18,  4.07it/s, loss=1.493]
  epoch 1/3:  14%|█▎        | 12/88 [00:03<00:18,  4.07it/s, loss=1.493]
  epoch 1/3:  15%|█▍        | 13/88 [00:03<00:18,  4.08it/s, loss=1.493]
  epoch 1/3:  15%|█▍        | 13/88 [00:03<00:18,  4.08it/s, loss=1.490]
  epoch 1/3:  16%|█▌        | 14/88 [00:03<00:18,  4.08it/s, loss=1.490]
  epoch 1/3:  16%|█▌        | 14/88 [00:03<00:18,  4.08it/s, loss=1.487]
  epoch 1/3:  17%|█▋        | 15/88 [00:03<00:17,  4.09it/s, loss=1.487]
  epoch 1/3:  17%|█▋        | 15/88 [00:04<00:17,  4.09it/s, loss=1.488]
  epoch 1/3:  18%|█▊        | 16/88 [00:04<00:17,  4.04it/s, loss=1.488]
  epoch 1/3:  18%|█▊        | 16/88 [00:04<00:17,  4.04it/s, loss=1.482]
  epoch 1/3:  19%|█▉        | 17/88 [00:04<00:17,  4.07it/s, loss=1.482]
  epoch 1/3:  19%|█▉        | 17/88 [00:04<00:17,  4.07it/s, loss=1.474]
  epoch 1/3:  20%|██        | 18/88 [00:04<00:17,  4.08it/s, loss=1.474]
  epoch 1/3:  20%|██        | 18/88 [00:04<00:17,  4.08it/s, loss=1.468]
  epoch 1/3:  22%|██▏       | 19/88 [00:04<00:16,  4.12it/s, loss=1.468]
  epoch 1/3:  22%|██▏       | 19/88 [00:05<00:16,  4.12it/s, loss=1.462]
  epoch 1/3:  23%|██▎       | 20/88 [00:05<00:16,  4.12it/s, loss=1.462]
  epoch 1/3:  23%|██▎       | 20/88 [00:05<00:16,  4.12it/s, loss=1.454]
  epoch 1/3:  24%|██▍       | 21/88 [00:05<00:16,  4.12it/s, loss=1.454]
  epoch 1/3:  24%|██▍       | 21/88 [00:05<00:16,  4.12it/s, loss=1.448]
  epoch 1/3:  25%|██▌       | 22/88 [00:05<00:15,  4.13it/s, loss=1.448]
  epoch 1/3:  25%|██▌       | 22/88 [00:05<00:15,  4.13it/s, loss=1.440]
  epoch 1/3:  26%|██▌       | 23/88 [00:05<00:15,  4.13it/s, loss=1.440]
  epoch 1/3:  26%|██▌       | 23/88 [00:06<00:15,  4.13it/s, loss=1.425]
  epoch 1/3:  27%|██▋       | 24/88 [00:06<00:15,  4.13it/s, loss=1.425]
  epoch 1/3:  27%|██▋       | 24/88 [00:06<00:15,  4.13it/s, loss=1.415]
  epoch 1/3:  28%|██▊       | 25/88 [00:06<00:15,  4.12it/s, loss=1.415]
  epoch 1/3:  28%|██▊       | 25/88 [00:06<00:15,  4.12it/s, loss=1.408]
  epoch 1/3:  30%|██▉       | 26/88 [00:06<00:15,  4.11it/s, loss=1.408]
  epoch 1/3:  30%|██▉       | 26/88 [00:06<00:15,  4.11it/s, loss=1.396]
  epoch 1/3:  31%|███       | 27/88 [00:06<00:14,  4.12it/s, loss=1.396]
  epoch 1/3:  31%|███       | 27/88 [00:07<00:14,  4.12it/s, loss=1.388]
  epoch 1/3:  32%|███▏      | 28/88 [00:07<00:14,  4.12it/s, loss=1.388]
  epoch 1/3:  32%|███▏      | 28/88 [00:07<00:14,  4.12it/s, loss=1.383]
  epoch 1/3:  33%|███▎      | 29/88 [00:07<00:14,  4.12it/s, loss=1.383]
  epoch 1/3:  33%|███▎      | 29/88 [00:07<00:14,  4.12it/s, loss=1.370]
  epoch 1/3:  34%|███▍      | 30/88 [00:07<00:14,  4.10it/s, loss=1.370]
  epoch 1/3:  34%|███▍      | 30/88 [00:07<00:14,  4.10it/s, loss=1.361]
  epoch 1/3:  35%|███▌      | 31/88 [00:07<00:13,  4.11it/s, loss=1.361]
  epoch 1/3:  35%|███▌      | 31/88 [00:08<00:13,  4.11it/s, loss=1.353]
  epoch 1/3:  36%|███▋      | 32/88 [00:08<00:13,  4.05it/s, loss=1.353]
  epoch 1/3:  36%|███▋      | 32/88 [00:08<00:13,  4.05it/s, loss=1.347]
  epoch 1/3:  38%|███▊      | 33/88 [00:08<00:13,  4.08it/s, loss=1.347]
  epoch 1/3:  38%|███▊      | 33/88 [00:08<00:13,  4.08it/s, loss=1.341]
  epoch 1/3:  39%|███▊      | 34/88 [00:08<00:13,  4.11it/s, loss=1.341]
  epoch 1/3:  39%|███▊      | 34/88 [00:08<00:13,  4.11it/s, loss=1.331]
  epoch 1/3:  40%|███▉      | 35/88 [00:08<00:12,  4.12it/s, loss=1.331]
  epoch 1/3:  40%|███▉      | 35/88 [00:09<00:12,  4.12it/s, loss=1.325]
  epoch 1/3:  41%|████      | 36/88 [00:09<00:12,  4.12it/s, loss=1.325]
  epoch 1/3:  41%|████      | 36/88 [00:09<00:12,  4.12it/s, loss=1.319]
  epoch 1/3:  42%|████▏     | 37/88 [00:09<00:12,  4.12it/s, loss=1.319]
  epoch 1/3:  42%|████▏     | 37/88 [00:09<00:12,  4.12it/s, loss=1.312]
  epoch 1/3:  43%|████▎     | 38/88 [00:09<00:12,  4.10it/s, loss=1.312]
  epoch 1/3:  43%|████▎     | 38/88 [00:09<00:12,  4.10it/s, loss=1.306]
  epoch 1/3:  44%|████▍     | 39/88 [00:09<00:11,  4.11it/s, loss=1.306]
  epoch 1/3:  44%|████▍     | 39/88 [00:09<00:11,  4.11it/s, loss=1.300]
  epoch 1/3:  45%|████▌     | 40/88 [00:09<00:11,  4.11it/s, loss=1.300]
  epoch 1/3:  45%|████▌     | 40/88 [00:10<00:11,  4.11it/s, loss=1.292]
  epoch 1/3:  47%|████▋     | 41/88 [00:10<00:11,  4.10it/s, loss=1.292]
  epoch 1/3:  47%|████▋     | 41/88 [00:10<00:11,  4.10it/s, loss=1.285]
  epoch 1/3:  48%|████▊     | 42/88 [00:10<00:11,  4.10it/s, loss=1.285]
  epoch 1/3:  48%|████▊     | 42/88 [00:10<00:11,  4.10it/s, loss=1.277]
  epoch 1/3:  49%|████▉     | 43/88 [00:10<00:10,  4.11it/s, loss=1.277]
  epoch 1/3:  49%|████▉     | 43/88 [00:10<00:10,  4.11it/s, loss=1.267]
  epoch 1/3:  50%|█████     | 44/88 [00:10<00:10,  4.11it/s, loss=1.267]
  epoch 1/3:  50%|█████     | 44/88 [00:11<00:10,  4.11it/s, loss=1.261]
  epoch 1/3:  51%|█████     | 45/88 [00:11<00:10,  4.12it/s, loss=1.261]
  epoch 1/3:  51%|█████     | 45/88 [00:11<00:10,  4.12it/s, loss=1.255]
  epoch 1/3:  52%|█████▏    | 46/88 [00:11<00:10,  4.11it/s, loss=1.255]
  epoch 1/3:  52%|█████▏    | 46/88 [00:11<00:10,  4.11it/s, loss=1.248]
  epoch 1/3:  53%|█████▎    | 47/88 [00:11<00:09,  4.10it/s, loss=1.248]
  epoch 1/3:  53%|█████▎    | 47/88 [00:11<00:09,  4.10it/s, loss=1.243]
  epoch 1/3:  55%|█████▍    | 48/88 [00:11<00:09,  4.06it/s, loss=1.243]
  epoch 1/3:  55%|█████▍    | 48/88 [00:12<00:09,  4.06it/s, loss=1.239]
  epoch 1/3:  56%|█████▌    | 49/88 [00:12<00:09,  4.09it/s, loss=1.239]
  epoch 1/3:  56%|█████▌    | 49/88 [00:12<00:09,  4.09it/s, loss=1.229]
  epoch 1/3:  57%|█████▋    | 50/88 [00:12<00:09,  4.12it/s, loss=1.229]
  epoch 1/3:  57%|█████▋    | 50/88 [00:12<00:09,  4.12it/s, loss=1.223]
  epoch 1/3:  58%|█████▊    | 51/88 [00:12<00:08,  4.12it/s, loss=1.223]
  epoch 1/3:  58%|█████▊    | 51/88 [00:12<00:08,  4.12it/s, loss=1.218]
  epoch 1/3:  59%|█████▉    | 52/88 [00:12<00:08,  4.12it/s, loss=1.218]
  epoch 1/3:  59%|█████▉    | 52/88 [00:13<00:08,  4.12it/s, loss=1.210]
  epoch 1/3:  60%|██████    | 53/88 [00:13<00:08,  4.12it/s, loss=1.210]
  epoch 1/3:  60%|██████    | 53/88 [00:13<00:08,  4.12it/s, loss=1.204]
  epoch 1/3:  61%|██████▏   | 54/88 [00:13<00:08,  4.12it/s, loss=1.204]
  epoch 1/3:  61%|██████▏   | 54/88 [00:13<00:08,  4.12it/s, loss=1.197]
  epoch 1/3:  62%|██████▎   | 55/88 [00:13<00:08,  4.12it/s, loss=1.197]
  epoch 1/3:  62%|██████▎   | 55/88 [00:13<00:08,  4.12it/s, loss=1.192]
  epoch 1/3:  64%|██████▎   | 56/88 [00:13<00:07,  4.11it/s, loss=1.192]
  epoch 1/3:  64%|██████▎   | 56/88 [00:14<00:07,  4.11it/s, loss=1.185]
  epoch 1/3:  65%|██████▍   | 57/88 [00:14<00:07,  4.12it/s, loss=1.185]
  epoch 1/3:  65%|██████▍   | 57/88 [00:14<00:07,  4.12it/s, loss=1.180]
  epoch 1/3:  66%|██████▌   | 58/88 [00:14<00:07,  4.12it/s, loss=1.180]
  epoch 1/3:  66%|██████▌   | 58/88 [00:14<00:07,  4.12it/s, loss=1.173]
  epoch 1/3:  67%|██████▋   | 59/88 [00:14<00:07,  4.12it/s, loss=1.173]
  epoch 1/3:  67%|██████▋   | 59/88 [00:14<00:07,  4.12it/s, loss=1.166]
  epoch 1/3:  68%|██████▊   | 60/88 [00:14<00:06,  4.13it/s, loss=1.166]
  epoch 1/3:  68%|██████▊   | 60/88 [00:15<00:06,  4.13it/s, loss=1.159]
  epoch 1/3:  69%|██████▉   | 61/88 [00:15<00:06,  4.12it/s, loss=1.159]
  epoch 1/3:  69%|██████▉   | 61/88 [00:15<00:06,  4.12it/s, loss=1.154]
  epoch 1/3:  70%|███████   | 62/88 [00:15<00:06,  4.10it/s, loss=1.154]
  epoch 1/3:  70%|███████   | 62/88 [00:15<00:06,  4.10it/s, loss=1.147]
  epoch 1/3:  72%|███████▏  | 63/88 [00:15<00:06,  4.10it/s, loss=1.147]
  epoch 1/3:  72%|███████▏  | 63/88 [00:15<00:06,  4.10it/s, loss=1.142]
  epoch 1/3:  73%|███████▎  | 64/88 [00:15<00:05,  4.04it/s, loss=1.142]
  epoch 1/3:  73%|███████▎  | 64/88 [00:16<00:05,  4.04it/s, loss=1.137]
  epoch 1/3:  74%|███████▍  | 65/88 [00:16<00:05,  4.07it/s, loss=1.137]
  epoch 1/3:  74%|███████▍  | 65/88 [00:16<00:05,  4.07it/s, loss=1.133]
  epoch 1/3:  75%|███████▌  | 66/88 [00:16<00:05,  4.09it/s, loss=1.133]
  epoch 1/3:  75%|███████▌  | 66/88 [00:16<00:05,  4.09it/s, loss=1.129]
  epoch 1/3:  76%|███████▌  | 67/88 [00:16<00:05,  4.10it/s, loss=1.129]
  epoch 1/3:  76%|███████▌  | 67/88 [00:16<00:05,  4.10it/s, loss=1.122]
  epoch 1/3:  77%|███████▋  | 68/88 [00:16<00:04,  4.12it/s, loss=1.122]
  epoch 1/3:  77%|███████▋  | 68/88 [00:17<00:04,  4.12it/s, loss=1.114]
  epoch 1/3:  78%|███████▊  | 69/88 [00:17<00:04,  4.14it/s, loss=1.114]
  epoch 1/3:  78%|███████▊  | 69/88 [00:17<00:04,  4.14it/s, loss=1.110]
  epoch 1/3:  80%|███████▉  | 70/88 [00:17<00:04,  4.13it/s, loss=1.110]
  epoch 1/3:  80%|███████▉  | 70/88 [00:17<00:04,  4.13it/s, loss=1.103]
  epoch 1/3:  81%|████████  | 71/88 [00:17<00:04,  4.14it/s, loss=1.103]
  epoch 1/3:  81%|████████  | 71/88 [00:17<00:04,  4.14it/s, loss=1.099]
  epoch 1/3:  82%|████████▏ | 72/88 [00:17<00:03,  4.14it/s, loss=1.099]
  epoch 1/3:  82%|████████▏ | 72/88 [00:18<00:03,  4.14it/s, loss=1.093]
  epoch 1/3:  83%|████████▎ | 73/88 [00:18<00:03,  4.13it/s, loss=1.093]
  epoch 1/3:  83%|████████▎ | 73/88 [00:18<00:03,  4.13it/s, loss=1.087]
  epoch 1/3:  84%|████████▍ | 74/88 [00:18<00:03,  4.12it/s, loss=1.087]
  epoch 1/3:  84%|████████▍ | 74/88 [00:18<00:03,  4.12it/s, loss=1.082]
  epoch 1/3:  85%|████████▌ | 75/88 [00:18<00:03,  4.11it/s, loss=1.082]
  epoch 1/3:  85%|████████▌ | 75/88 [00:18<00:03,  4.11it/s, loss=1.076]
  epoch 1/3:  86%|████████▋ | 76/88 [00:18<00:02,  4.11it/s, loss=1.076]
  epoch 1/3:  86%|████████▋ | 76/88 [00:18<00:02,  4.11it/s, loss=1.069]
  epoch 1/3:  88%|████████▊ | 77/88 [00:18<00:02,  4.11it/s, loss=1.069]
  epoch 1/3:  88%|████████▊ | 77/88 [00:19<00:02,  4.11it/s, loss=1.063]
  epoch 1/3:  89%|████████▊ | 78/88 [00:19<00:02,  4.11it/s, loss=1.063]
  epoch 1/3:  89%|████████▊ | 78/88 [00:19<00:02,  4.11it/s, loss=1.057]
  epoch 1/3:  90%|████████▉ | 79/88 [00:19<00:02,  4.11it/s, loss=1.057]
  epoch 1/3:  90%|████████▉ | 79/88 [00:19<00:02,  4.11it/s, loss=1.051]
  epoch 1/3:  91%|█████████ | 80/88 [00:19<00:01,  4.05it/s, loss=1.051]
  epoch 1/3:  91%|█████████ | 80/88 [00:19<00:01,  4.05it/s, loss=1.045]
  epoch 1/3:  92%|█████████▏| 81/88 [00:19<00:01,  4.09it/s, loss=1.045]
  epoch 1/3:  92%|█████████▏| 81/88 [00:20<00:01,  4.09it/s, loss=1.040]
  epoch 1/3:  93%|█████████▎| 82/88 [00:20<00:01,  4.12it/s, loss=1.040]
  epoch 1/3:  93%|█████████▎| 82/88 [00:20<00:01,  4.12it/s, loss=1.034]
  epoch 1/3:  94%|█████████▍| 83/88 [00:20<00:01,  4.13it/s, loss=1.034]
  epoch 1/3:  94%|█████████▍| 83/88 [00:20<00:01,  4.13it/s, loss=1.028]
  epoch 1/3:  95%|█████████▌| 84/88 [00:20<00:00,  4.11it/s, loss=1.028]
  epoch 1/3:  95%|█████████▌| 84/88 [00:20<00:00,  4.11it/s, loss=1.023]
  epoch 1/3:  97%|█████████▋| 85/88 [00:20<00:00,  4.13it/s, loss=1.023]
  epoch 1/3:  97%|█████████▋| 85/88 [00:21<00:00,  4.13it/s, loss=1.018]
  epoch 1/3:  98%|█████████▊| 86/88 [00:21<00:00,  4.12it/s, loss=1.018]
  epoch 1/3:  98%|█████████▊| 86/88 [00:21<00:00,  4.12it/s, loss=1.013]
  epoch 1/3:  99%|█████████▉| 87/88 [00:21<00:00,  4.12it/s, loss=1.013]
  epoch 1/3:  99%|█████████▉| 87/88 [00:21<00:00,  4.12it/s, loss=1.010]
  epoch 1/3: 100%|██████████| 88/88 [00:21<00:00,  4.47it/s, loss=1.010]
                                                                        

  epoch 2/3:   0%|          | 0/88 [00:00<?, ?it/s]
  epoch 2/3:   0%|          | 0/88 [00:00<?, ?it/s, loss=0.516]
  epoch 2/3:   1%|          | 1/88 [00:00<00:43,  2.01it/s, loss=0.516]
  epoch 2/3:   1%|          | 1/88 [00:00<00:43,  2.01it/s, loss=0.556]
  epoch 2/3:   2%|▏         | 2/88 [00:00<00:29,  2.89it/s, loss=0.556]
  epoch 2/3:   2%|▏         | 2/88 [00:00<00:29,  2.89it/s, loss=0.567]
  epoch 2/3:   3%|▎         | 3/88 [00:00<00:25,  3.36it/s, loss=0.567]
  epoch 2/3:   3%|▎         | 3/88 [00:01<00:25,  3.36it/s, loss=0.556]
  epoch 2/3:   5%|▍         | 4/88 [00:01<00:23,  3.64it/s, loss=0.556]
  epoch 2/3:   5%|▍         | 4/88 [00:01<00:23,  3.64it/s, loss=0.545]
  epoch 2/3:   6%|▌         | 5/88 [00:01<00:21,  3.80it/s, loss=0.545]
  epoch 2/3:   6%|▌         | 5/88 [00:01<00:21,  3.80it/s, loss=0.528]
  epoch 2/3:   7%|▋         | 6/88 [00:01<00:20,  3.92it/s, loss=0.528]
  epoch 2/3:   7%|▋         | 6/88 [00:01<00:20,  3.92it/s, loss=0.532]
  epoch 2/3:   8%|▊         | 7/88 [00:01<00:20,  3.98it/s, loss=0.532]
  epoch 2/3:   8%|▊         | 7/88 [00:02<00:20,  3.98it/s, loss=0.543]
  epoch 2/3:   9%|▉         | 8/88 [00:02<00:20,  3.96it/s, loss=0.543]
  epoch 2/3:   9%|▉         | 8/88 [00:02<00:20,  3.96it/s, loss=0.547]
  epoch 2/3:  10%|█         | 9/88 [00:02<00:19,  4.02it/s, loss=0.547]
  epoch 2/3:  10%|█         | 9/88 [00:02<00:19,  4.02it/s, loss=0.542]
  epoch 2/3:  11%|█▏        | 10/88 [00:02<00:19,  4.08it/s, loss=0.542]
  epoch 2/3:  11%|█▏        | 10/88 [00:02<00:19,  4.08it/s, loss=0.528]
  epoch 2/3:  12%|█▎        | 11/88 [00:02<00:18,  4.10it/s, loss=0.528]
  epoch 2/3:  12%|█▎        | 11/88 [00:03<00:18,  4.10it/s, loss=0.513]
  epoch 2/3:  14%|█▎        | 12/88 [00:03<00:18,  4.10it/s, loss=0.513]
  epoch 2/3:  14%|█▎        | 12/88 [00:03<00:18,  4.10it/s, loss=0.526]
  epoch 2/3:  15%|█▍        | 13/88 [00:03<00:18,  4.09it/s, loss=0.526]
  epoch 2/3:  15%|█▍        | 13/88 [00:03<00:18,  4.09it/s, loss=0.519]
  epoch 2/3:  16%|█▌        | 14/88 [00:03<00:18,  4.11it/s, loss=0.519]
  epoch 2/3:  16%|█▌        | 14/88 [00:03<00:18,  4.11it/s, loss=0.517]
  epoch 2/3:  17%|█▋        | 15/88 [00:03<00:17,  4.11it/s, loss=0.517]
  epoch 2/3:  17%|█▋        | 15/88 [00:04<00:17,  4.11it/s, loss=0.512]
  epoch 2/3:  18%|█▊        | 16/88 [00:04<00:17,  4.11it/s, loss=0.512]
  epoch 2/3:  18%|█▊        | 16/88 [00:04<00:17,  4.11it/s, loss=0.502]
  epoch 2/3:  19%|█▉        | 17/88 [00:04<00:17,  4.11it/s, loss=0.502]
  epoch 2/3:  19%|█▉        | 17/88 [00:04<00:17,  4.11it/s, loss=0.504]
  epoch 2/3:  20%|██        | 18/88 [00:04<00:17,  4.12it/s, loss=0.504]
  epoch 2/3:  20%|██        | 18/88 [00:04<00:17,  4.12it/s, loss=0.500]
  epoch 2/3:  22%|██▏       | 19/88 [00:04<00:16,  4.12it/s, loss=0.500]
  epoch 2/3:  22%|██▏       | 19/88 [00:05<00:16,  4.12it/s, loss=0.498]
  epoch 2/3:  23%|██▎       | 20/88 [00:05<00:16,  4.11it/s, loss=0.498]
  epoch 2/3:  23%|██▎       | 20/88 [00:05<00:16,  4.11it/s, loss=0.492]
  epoch 2/3:  24%|██▍       | 21/88 [00:05<00:16,  4.11it/s, loss=0.492]
  epoch 2/3:  24%|██▍       | 21/88 [00:05<00:16,  4.11it/s, loss=0.486]
  epoch 2/3:  25%|██▌       | 22/88 [00:05<00:16,  4.11it/s, loss=0.486]
  epoch 2/3:  25%|██▌       | 22/88 [00:05<00:16,  4.11it/s, loss=0.483]
  epoch 2/3:  26%|██▌       | 23/88 [00:05<00:15,  4.11it/s, loss=0.483]
  epoch 2/3:  26%|██▌       | 23/88 [00:06<00:15,  4.11it/s, loss=0.485]
  epoch 2/3:  27%|██▋       | 24/88 [00:06<00:15,  4.05it/s, loss=0.485]
  epoch 2/3:  27%|██▋       | 24/88 [00:06<00:15,  4.05it/s, loss=0.484]
  epoch 2/3:  28%|██▊       | 25/88 [00:06<00:15,  4.08it/s, loss=0.484]
  epoch 2/3:  28%|██▊       | 25/88 [00:06<00:15,  4.08it/s, loss=0.481]
  epoch 2/3:  30%|██▉       | 26/88 [00:06<00:15,  4.11it/s, loss=0.481]
  epoch 2/3:  30%|██▉       | 26/88 [00:06<00:15,  4.11it/s, loss=0.478]
  epoch 2/3:  31%|███       | 27/88 [00:06<00:14,  4.13it/s, loss=0.478]
  epoch 2/3:  31%|███       | 27/88 [00:07<00:14,  4.13it/s, loss=0.474]
  epoch 2/3:  32%|███▏      | 28/88 [00:07<00:14,  4.12it/s, loss=0.474]
  epoch 2/3:  32%|███▏      | 28/88 [00:07<00:14,  4.12it/s, loss=0.468]
  epoch 2/3:  33%|███▎      | 29/88 [00:07<00:14,  4.12it/s, loss=0.468]
  epoch 2/3:  33%|███▎      | 29/88 [00:07<00:14,  4.12it/s, loss=0.465]
  epoch 2/3:  34%|███▍      | 30/88 [00:07<00:14,  4.12it/s, loss=0.465]
  epoch 2/3:  34%|███▍      | 30/88 [00:07<00:14,  4.12it/s, loss=0.462]
  epoch 2/3:  35%|███▌      | 31/88 [00:07<00:13,  4.12it/s, loss=0.462]
  epoch 2/3:  35%|███▌      | 31/88 [00:08<00:13,  4.12it/s, loss=0.461]
  epoch 2/3:  36%|███▋      | 32/88 [00:08<00:13,  4.11it/s, loss=0.461]
  epoch 2/3:  36%|███▋      | 32/88 [00:08<00:13,  4.11it/s, loss=0.457]
  epoch 2/3:  38%|███▊      | 33/88 [00:08<00:13,  4.11it/s, loss=0.457]
  epoch 2/3:  38%|███▊      | 33/88 [00:08<00:13,  4.11it/s, loss=0.449]
  epoch 2/3:  39%|███▊      | 34/88 [00:08<00:13,  4.12it/s, loss=0.449]
  epoch 2/3:  39%|███▊      | 34/88 [00:08<00:13,  4.12it/s, loss=0.445]
  epoch 2/3:  40%|███▉      | 35/88 [00:08<00:12,  4.12it/s, loss=0.445]
  epoch 2/3:  40%|███▉      | 35/88 [00:08<00:12,  4.12it/s, loss=0.446]
  epoch 2/3:  41%|████      | 36/88 [00:08<00:12,  4.12it/s, loss=0.446]
  epoch 2/3:  41%|████      | 36/88 [00:09<00:12,  4.12it/s, loss=0.444]
  epoch 2/3:  42%|████▏     | 37/88 [00:09<00:12,  4.12it/s, loss=0.444]
  epoch 2/3:  42%|████▏     | 37/88 [00:09<00:12,  4.12it/s, loss=0.444]
  epoch 2/3:  43%|████▎     | 38/88 [00:09<00:12,  4.12it/s, loss=0.444]
  epoch 2/3:  43%|████▎     | 38/88 [00:09<00:12,  4.12it/s, loss=0.444]
  epoch 2/3:  44%|████▍     | 39/88 [00:09<00:11,  4.11it/s, loss=0.444]
  epoch 2/3:  44%|████▍     | 39/88 [00:09<00:11,  4.11it/s, loss=0.440]
  epoch 2/3:  45%|████▌     | 40/88 [00:09<00:11,  4.05it/s, loss=0.440]
  epoch 2/3:  45%|████▌     | 40/88 [00:10<00:11,  4.05it/s, loss=0.438]
  epoch 2/3:  47%|████▋     | 41/88 [00:10<00:11,  4.09it/s, loss=0.438]
  epoch 2/3:  47%|████▋     | 41/88 [00:10<00:11,  4.09it/s, loss=0.434]
  epoch 2/3:  48%|████▊     | 42/88 [00:10<00:11,  4.11it/s, loss=0.434]
  epoch 2/3:  48%|████▊     | 42/88 [00:10<00:11,  4.11it/s, loss=0.430]
  epoch 2/3:  49%|████▉     | 43/88 [00:10<00:10,  4.12it/s, loss=0.430]
  epoch 2/3:  49%|████▉     | 43/88 [00:10<00:10,  4.12it/s, loss=0.431]
  epoch 2/3:  50%|█████     | 44/88 [00:10<00:10,  4.11it/s, loss=0.431]
  epoch 2/3:  50%|█████     | 44/88 [00:11<00:10,  4.11it/s, loss=0.430]
  epoch 2/3:  51%|█████     | 45/88 [00:11<00:10,  4.12it/s, loss=0.430]
  epoch 2/3:  51%|█████     | 45/88 [00:11<00:10,  4.12it/s, loss=0.430]
  epoch 2/3:  52%|█████▏    | 46/88 [00:11<00:10,  4.12it/s, loss=0.430]
  epoch 2/3:  52%|█████▏    | 46/88 [00:11<00:10,  4.12it/s, loss=0.428]
  epoch 2/3:  53%|█████▎    | 47/88 [00:11<00:09,  4.11it/s, loss=0.428]
  epoch 2/3:  53%|█████▎    | 47/88 [00:11<00:09,  4.11it/s, loss=0.425]
  epoch 2/3:  55%|█████▍    | 48/88 [00:11<00:09,  4.11it/s, loss=0.425]
  epoch 2/3:  55%|█████▍    | 48/88 [00:12<00:09,  4.11it/s, loss=0.425]
  epoch 2/3:  56%|█████▌    | 49/88 [00:12<00:09,  4.11it/s, loss=0.425]
  epoch 2/3:  56%|█████▌    | 49/88 [00:12<00:09,  4.11it/s, loss=0.422]
  epoch 2/3:  57%|█████▋    | 50/88 [00:12<00:09,  4.11it/s, loss=0.422]
  epoch 2/3:  57%|█████▋    | 50/88 [00:12<00:09,  4.11it/s, loss=0.420]
  epoch 2/3:  58%|█████▊    | 51/88 [00:12<00:08,  4.12it/s, loss=0.420]
  epoch 2/3:  58%|█████▊    | 51/88 [00:12<00:08,  4.12it/s, loss=0.418]
  epoch 2/3:  59%|█████▉    | 52/88 [00:12<00:08,  4.11it/s, loss=0.418]
  epoch 2/3:  59%|█████▉    | 52/88 [00:13<00:08,  4.11it/s, loss=0.414]
  epoch 2/3:  60%|██████    | 53/88 [00:13<00:08,  4.11it/s, loss=0.414]
  epoch 2/3:  60%|██████    | 53/88 [00:13<00:08,  4.11it/s, loss=0.411]
  epoch 2/3:  61%|██████▏   | 54/88 [00:13<00:08,  4.11it/s, loss=0.411]
  epoch 2/3:  61%|██████▏   | 54/88 [00:13<00:08,  4.11it/s, loss=0.410]
  epoch 2/3:  62%|██████▎   | 55/88 [00:13<00:08,  4.11it/s, loss=0.410]
  epoch 2/3:  62%|██████▎   | 55/88 [00:13<00:08,  4.11it/s, loss=0.407]
  epoch 2/3:  64%|██████▎   | 56/88 [00:13<00:07,  4.05it/s, loss=0.407]
  epoch 2/3:  64%|██████▎   | 56/88 [00:14<00:07,  4.05it/s, loss=0.408]
  epoch 2/3:  65%|██████▍   | 57/88 [00:14<00:07,  4.10it/s, loss=0.408]
  epoch 2/3:  65%|██████▍   | 57/88 [00:14<00:07,  4.10it/s, loss=0.406]
  epoch 2/3:  66%|██████▌   | 58/88 [00:14<00:07,  4.12it/s, loss=0.406]
  epoch 2/3:  66%|██████▌   | 58/88 [00:14<00:07,  4.12it/s, loss=0.404]
  epoch 2/3:  67%|██████▋   | 59/88 [00:14<00:07,  4.13it/s, loss=0.404]
  epoch 2/3:  67%|██████▋   | 59/88 [00:14<00:07,  4.13it/s, loss=0.402]
  epoch 2/3:  68%|██████▊   | 60/88 [00:14<00:06,  4.13it/s, loss=0.402]
  epoch 2/3:  68%|██████▊   | 60/88 [00:15<00:06,  4.13it/s, loss=0.400]
  epoch 2/3:  69%|██████▉   | 61/88 [00:15<00:06,  4.12it/s, loss=0.400]
  epoch 2/3:  69%|██████▉   | 61/88 [00:15<00:06,  4.12it/s, loss=0.398]
  epoch 2/3:  70%|███████   | 62/88 [00:15<00:06,  4.11it/s, loss=0.398]
  epoch 2/3:  70%|███████   | 62/88 [00:15<00:06,  4.11it/s, loss=0.395]
  epoch 2/3:  72%|███████▏  | 63/88 [00:15<00:06,  4.10it/s, loss=0.395]
  epoch 2/3:  72%|███████▏  | 63/88 [00:15<00:06,  4.10it/s, loss=0.394]
  epoch 2/3:  73%|███████▎  | 64/88 [00:15<00:05,  4.11it/s, loss=0.394]
  epoch 2/3:  73%|███████▎  | 64/88 [00:16<00:05,  4.11it/s, loss=0.393]
  epoch 2/3:  74%|███████▍  | 65/88 [00:16<00:05,  4.12it/s, loss=0.393]
  epoch 2/3:  74%|███████▍  | 65/88 [00:16<00:05,  4.12it/s, loss=0.392]
  epoch 2/3:  75%|███████▌  | 66/88 [00:16<00:05,  4.12it/s, loss=0.392]
  epoch 2/3:  75%|███████▌  | 66/88 [00:16<00:05,  4.12it/s, loss=0.390]
  epoch 2/3:  76%|███████▌  | 67/88 [00:16<00:05,  4.11it/s, loss=0.390]
  epoch 2/3:  76%|███████▌  | 67/88 [00:16<00:05,  4.11it/s, loss=0.387]
  epoch 2/3:  77%|███████▋  | 68/88 [00:16<00:04,  4.11it/s, loss=0.387]
  epoch 2/3:  77%|███████▋  | 68/88 [00:17<00:04,  4.11it/s, loss=0.385]
  epoch 2/3:  78%|███████▊  | 69/88 [00:17<00:04,  4.11it/s, loss=0.385]
  epoch 2/3:  78%|███████▊  | 69/88 [00:17<00:04,  4.11it/s, loss=0.382]
  epoch 2/3:  80%|███████▉  | 70/88 [00:17<00:04,  4.12it/s, loss=0.382]
  epoch 2/3:  80%|███████▉  | 70/88 [00:17<00:04,  4.12it/s, loss=0.380]
  epoch 2/3:  81%|████████  | 71/88 [00:17<00:04,  4.12it/s, loss=0.380]
  epoch 2/3:  81%|████████  | 71/88 [00:17<00:04,  4.12it/s, loss=0.379]
  epoch 2/3:  82%|████████▏ | 72/88 [00:17<00:03,  4.05it/s, loss=0.379]
  epoch 2/3:  82%|████████▏ | 72/88 [00:18<00:03,  4.05it/s, loss=0.378]
  epoch 2/3:  83%|████████▎ | 73/88 [00:18<00:03,  4.09it/s, loss=0.378]
  epoch 2/3:  83%|████████▎ | 73/88 [00:18<00:03,  4.09it/s, loss=0.376]
  epoch 2/3:  84%|████████▍ | 74/88 [00:18<00:03,  4.11it/s, loss=0.376]
  epoch 2/3:  84%|████████▍ | 74/88 [00:18<00:03,  4.11it/s, loss=0.375]
  epoch 2/3:  85%|████████▌ | 75/88 [00:18<00:03,  4.13it/s, loss=0.375]
  epoch 2/3:  85%|████████▌ | 75/88 [00:18<00:03,  4.13it/s, loss=0.374]
  epoch 2/3:  86%|████████▋ | 76/88 [00:18<00:02,  4.12it/s, loss=0.374]
  epoch 2/3:  86%|████████▋ | 76/88 [00:18<00:02,  4.12it/s, loss=0.372]
  epoch 2/3:  88%|████████▊ | 77/88 [00:18<00:02,  4.12it/s, loss=0.372]
  epoch 2/3:  88%|████████▊ | 77/88 [00:19<00:02,  4.12it/s, loss=0.369]
  epoch 2/3:  89%|████████▊ | 78/88 [00:19<00:02,  4.11it/s, loss=0.369]
  epoch 2/3:  89%|████████▊ | 78/88 [00:19<00:02,  4.11it/s, loss=0.367]
  epoch 2/3:  90%|████████▉ | 79/88 [00:19<00:02,  4.12it/s, loss=0.367]
  epoch 2/3:  90%|████████▉ | 79/88 [00:19<00:02,  4.12it/s, loss=0.364]
  epoch 2/3:  91%|█████████ | 80/88 [00:19<00:01,  4.10it/s, loss=0.364]
  epoch 2/3:  91%|█████████ | 80/88 [00:19<00:01,  4.10it/s, loss=0.363]
  epoch 2/3:  92%|█████████▏| 81/88 [00:19<00:01,  4.11it/s, loss=0.363]
  epoch 2/3:  92%|█████████▏| 81/88 [00:20<00:01,  4.11it/s, loss=0.360]
  epoch 2/3:  93%|█████████▎| 82/88 [00:20<00:01,  4.10it/s, loss=0.360]
  epoch 2/3:  93%|█████████▎| 82/88 [00:20<00:01,  4.10it/s, loss=0.359]
  epoch 2/3:  94%|█████████▍| 83/88 [00:20<00:01,  4.12it/s, loss=0.359]
  epoch 2/3:  94%|█████████▍| 83/88 [00:20<00:01,  4.12it/s, loss=0.357]
  epoch 2/3:  95%|█████████▌| 84/88 [00:20<00:00,  4.12it/s, loss=0.357]
  epoch 2/3:  95%|█████████▌| 84/88 [00:20<00:00,  4.12it/s, loss=0.355]
  epoch 2/3:  97%|█████████▋| 85/88 [00:20<00:00,  4.11it/s, loss=0.355]
  epoch 2/3:  97%|█████████▋| 85/88 [00:21<00:00,  4.11it/s, loss=0.354]
  epoch 2/3:  98%|█████████▊| 86/88 [00:21<00:00,  4.10it/s, loss=0.354]
  epoch 2/3:  98%|█████████▊| 86/88 [00:21<00:00,  4.10it/s, loss=0.352]
  epoch 2/3:  99%|█████████▉| 87/88 [00:21<00:00,  4.11it/s, loss=0.352]
  epoch 2/3:  99%|█████████▉| 87/88 [00:21<00:00,  4.11it/s, loss=0.352]
  epoch 2/3: 100%|██████████| 88/88 [00:21<00:00,  4.38it/s, loss=0.352]
                                                                        

  epoch 3/3:   0%|          | 0/88 [00:00<?, ?it/s]
  epoch 3/3:   0%|          | 0/88 [00:00<?, ?it/s, loss=0.221]
  epoch 3/3:   1%|          | 1/88 [00:00<00:42,  2.02it/s, loss=0.221]
  epoch 3/3:   1%|          | 1/88 [00:00<00:42,  2.02it/s, loss=0.249]
  epoch 3/3:   2%|▏         | 2/88 [00:00<00:29,  2.90it/s, loss=0.249]
  epoch 3/3:   2%|▏         | 2/88 [00:00<00:29,  2.90it/s, loss=0.255]
  epoch 3/3:   3%|▎         | 3/88 [00:00<00:25,  3.36it/s, loss=0.255]
  epoch 3/3:   3%|▎         | 3/88 [00:01<00:25,  3.36it/s, loss=0.239]
  epoch 3/3:   5%|▍         | 4/88 [00:01<00:23,  3.62it/s, loss=0.239]
  epoch 3/3:   5%|▍         | 4/88 [00:01<00:23,  3.62it/s, loss=0.231]
  epoch 3/3:   6%|▌         | 5/88 [00:01<00:21,  3.78it/s, loss=0.231]
  epoch 3/3:   6%|▌         | 5/88 [00:01<00:21,  3.78it/s, loss=0.239]
  epoch 3/3:   7%|▋         | 6/88 [00:01<00:21,  3.88it/s, loss=0.239]
  epoch 3/3:   7%|▋         | 6/88 [00:01<00:21,  3.88it/s, loss=0.237]
  epoch 3/3:   8%|▊         | 7/88 [00:01<00:20,  3.96it/s, loss=0.237]
  epoch 3/3:   8%|▊         | 7/88 [00:02<00:20,  3.96it/s, loss=0.235]
  epoch 3/3:   9%|▉         | 8/88 [00:02<00:19,  4.02it/s, loss=0.235]
  epoch 3/3:   9%|▉         | 8/88 [00:02<00:19,  4.02it/s, loss=0.227]
  epoch 3/3:  10%|█         | 9/88 [00:02<00:19,  4.05it/s, loss=0.227]
  epoch 3/3:  10%|█         | 9/88 [00:02<00:19,  4.05it/s, loss=0.224]
  epoch 3/3:  11%|█▏        | 10/88 [00:02<00:19,  4.07it/s, loss=0.224]
  epoch 3/3:  11%|█▏        | 10/88 [00:02<00:19,  4.07it/s, loss=0.225]
  epoch 3/3:  12%|█▎        | 11/88 [00:02<00:18,  4.07it/s, loss=0.225]
  epoch 3/3:  12%|█▎        | 11/88 [00:03<00:18,  4.07it/s, loss=0.230]
  epoch 3/3:  14%|█▎        | 12/88 [00:03<00:18,  4.08it/s, loss=0.230]
  epoch 3/3:  14%|█▎        | 12/88 [00:03<00:18,  4.08it/s, loss=0.225]
  epoch 3/3:  15%|█▍        | 13/88 [00:03<00:18,  4.09it/s, loss=0.225]
  epoch 3/3:  15%|█▍        | 13/88 [00:03<00:18,  4.09it/s, loss=0.225]
  epoch 3/3:  16%|█▌        | 14/88 [00:03<00:18,  4.07it/s, loss=0.225]
  epoch 3/3:  16%|█▌        | 14/88 [00:03<00:18,  4.07it/s, loss=0.221]
  epoch 3/3:  17%|█▋        | 15/88 [00:03<00:17,  4.10it/s, loss=0.221]
  epoch 3/3:  17%|█▋        | 15/88 [00:04<00:17,  4.10it/s, loss=0.218]
  epoch 3/3:  18%|█▊        | 16/88 [00:04<00:17,  4.03it/s, loss=0.218]
  epoch 3/3:  18%|█▊        | 16/88 [00:04<00:17,  4.03it/s, loss=0.221]
  epoch 3/3:  19%|█▉        | 17/88 [00:04<00:17,  4.05it/s, loss=0.221]
  epoch 3/3:  19%|█▉        | 17/88 [00:04<00:17,  4.05it/s, loss=0.218]
  epoch 3/3:  20%|██        | 18/88 [00:04<00:17,  4.07it/s, loss=0.218]
  epoch 3/3:  20%|██        | 18/88 [00:04<00:17,  4.07it/s, loss=0.215]
  epoch 3/3:  22%|██▏       | 19/88 [00:04<00:16,  4.09it/s, loss=0.215]
  epoch 3/3:  22%|██▏       | 19/88 [00:05<00:16,  4.09it/s, loss=0.213]
  epoch 3/3:  23%|██▎       | 20/88 [00:05<00:16,  4.08it/s, loss=0.213]
  epoch 3/3:  23%|██▎       | 20/88 [00:05<00:16,  4.08it/s, loss=0.208]
  epoch 3/3:  24%|██▍       | 21/88 [00:05<00:16,  4.09it/s, loss=0.208]
  epoch 3/3:  24%|██▍       | 21/88 [00:05<00:16,  4.09it/s, loss=0.204]
  epoch 3/3:  25%|██▌       | 22/88 [00:05<00:16,  4.09it/s, loss=0.204]
  epoch 3/3:  25%|██▌       | 22/88 [00:05<00:16,  4.09it/s, loss=0.202]
  epoch 3/3:  26%|██▌       | 23/88 [00:05<00:15,  4.09it/s, loss=0.202]
  epoch 3/3:  26%|██▌       | 23/88 [00:06<00:15,  4.09it/s, loss=0.203]
  epoch 3/3:  27%|██▋       | 24/88 [00:06<00:15,  4.09it/s, loss=0.203]
  epoch 3/3:  27%|██▋       | 24/88 [00:06<00:15,  4.09it/s, loss=0.200]
  epoch 3/3:  28%|██▊       | 25/88 [00:06<00:15,  4.09it/s, loss=0.200]
  epoch 3/3:  28%|██▊       | 25/88 [00:06<00:15,  4.09it/s, loss=0.203]
  epoch 3/3:  30%|██▉       | 26/88 [00:06<00:15,  4.08it/s, loss=0.203]
  epoch 3/3:  30%|██▉       | 26/88 [00:06<00:15,  4.08it/s, loss=0.201]
  epoch 3/3:  31%|███       | 27/88 [00:06<00:14,  4.09it/s, loss=0.201]
  epoch 3/3:  31%|███       | 27/88 [00:07<00:14,  4.09it/s, loss=0.199]
  epoch 3/3:  32%|███▏      | 28/88 [00:07<00:14,  4.11it/s, loss=0.199]
  epoch 3/3:  32%|███▏      | 28/88 [00:07<00:14,  4.11it/s, loss=0.196]
  epoch 3/3:  33%|███▎      | 29/88 [00:07<00:14,  4.12it/s, loss=0.196]
  epoch 3/3:  33%|███▎      | 29/88 [00:07<00:14,  4.12it/s, loss=0.194]
  epoch 3/3:  34%|███▍      | 30/88 [00:07<00:14,  4.12it/s, loss=0.194]
  epoch 3/3:  34%|███▍      | 30/88 [00:07<00:14,  4.12it/s, loss=0.190]
  epoch 3/3:  35%|███▌      | 31/88 [00:07<00:13,  4.11it/s, loss=0.190]
  epoch 3/3:  35%|███▌      | 31/88 [00:08<00:13,  4.11it/s, loss=0.193]
  epoch 3/3:  36%|███▋      | 32/88 [00:08<00:13,  4.05it/s, loss=0.193]
  epoch 3/3:  36%|███▋      | 32/88 [00:08<00:13,  4.05it/s, loss=0.193]
  epoch 3/3:  38%|███▊      | 33/88 [00:08<00:13,  4.07it/s, loss=0.193]
  epoch 3/3:  38%|███▊      | 33/88 [00:08<00:13,  4.07it/s, loss=0.191]
  epoch 3/3:  39%|███▊      | 34/88 [00:08<00:13,  4.09it/s, loss=0.191]
  epoch 3/3:  39%|███▊      | 34/88 [00:08<00:13,  4.09it/s, loss=0.190]
  epoch 3/3:  40%|███▉      | 35/88 [00:08<00:12,  4.13it/s, loss=0.190]
  epoch 3/3:  40%|███▉      | 35/88 [00:09<00:12,  4.13it/s, loss=0.188]
  epoch 3/3:  41%|████      | 36/88 [00:09<00:12,  4.14it/s, loss=0.188]
  epoch 3/3:  41%|████      | 36/88 [00:09<00:12,  4.14it/s, loss=0.186]
  epoch 3/3:  42%|████▏     | 37/88 [00:09<00:12,  4.12it/s, loss=0.186]
  epoch 3/3:  42%|████▏     | 37/88 [00:09<00:12,  4.12it/s, loss=0.187]
  epoch 3/3:  43%|████▎     | 38/88 [00:09<00:12,  4.13it/s, loss=0.187]
  epoch 3/3:  43%|████▎     | 38/88 [00:09<00:12,  4.13it/s, loss=0.184]
  epoch 3/3:  44%|████▍     | 39/88 [00:09<00:11,  4.12it/s, loss=0.184]
  epoch 3/3:  44%|████▍     | 39/88 [00:10<00:11,  4.12it/s, loss=0.183]
  epoch 3/3:  45%|████▌     | 40/88 [00:10<00:11,  4.11it/s, loss=0.183]
  epoch 3/3:  45%|████▌     | 40/88 [00:10<00:11,  4.11it/s, loss=0.183]
  epoch 3/3:  47%|████▋     | 41/88 [00:10<00:11,  4.11it/s, loss=0.183]
  epoch 3/3:  47%|████▋     | 41/88 [00:10<00:11,  4.11it/s, loss=0.182]
  epoch 3/3:  48%|████▊     | 42/88 [00:10<00:11,  4.11it/s, loss=0.182]
  epoch 3/3:  48%|████▊     | 42/88 [00:10<00:11,  4.11it/s, loss=0.180]
  epoch 3/3:  49%|████▉     | 43/88 [00:10<00:10,  4.11it/s, loss=0.180]
  epoch 3/3:  49%|████▉     | 43/88 [00:10<00:10,  4.11it/s, loss=0.179]
  epoch 3/3:  50%|█████     | 44/88 [00:10<00:10,  4.10it/s, loss=0.179]
  epoch 3/3:  50%|█████     | 44/88 [00:11<00:10,  4.10it/s, loss=0.179]
  epoch 3/3:  51%|█████     | 45/88 [00:11<00:10,  4.11it/s, loss=0.179]
  epoch 3/3:  51%|█████     | 45/88 [00:11<00:10,  4.11it/s, loss=0.178]
  epoch 3/3:  52%|█████▏    | 46/88 [00:11<00:10,  4.11it/s, loss=0.178]
  epoch 3/3:  52%|█████▏    | 46/88 [00:11<00:10,  4.11it/s, loss=0.180]
  epoch 3/3:  53%|█████▎    | 47/88 [00:11<00:09,  4.11it/s, loss=0.180]
  epoch 3/3:  53%|█████▎    | 47/88 [00:11<00:09,  4.11it/s, loss=0.178]
  epoch 3/3:  55%|█████▍    | 48/88 [00:11<00:09,  4.05it/s, loss=0.178]
  epoch 3/3:  55%|█████▍    | 48/88 [00:12<00:09,  4.05it/s, loss=0.178]
  epoch 3/3:  56%|█████▌    | 49/88 [00:12<00:09,  4.08it/s, loss=0.178]
  epoch 3/3:  56%|█████▌    | 49/88 [00:12<00:09,  4.08it/s, loss=0.178]
  epoch 3/3:  57%|█████▋    | 50/88 [00:12<00:09,  4.11it/s, loss=0.178]
  epoch 3/3:  57%|█████▋    | 50/88 [00:12<00:09,  4.11it/s, loss=0.176]
  epoch 3/3:  58%|█████▊    | 51/88 [00:12<00:08,  4.12it/s, loss=0.176]
  epoch 3/3:  58%|█████▊    | 51/88 [00:12<00:08,  4.12it/s, loss=0.176]
  epoch 3/3:  59%|█████▉    | 52/88 [00:12<00:08,  4.12it/s, loss=0.176]
  epoch 3/3:  59%|█████▉    | 52/88 [00:13<00:08,  4.12it/s, loss=0.175]
  epoch 3/3:  60%|██████    | 53/88 [00:13<00:08,  4.12it/s, loss=0.175]
  epoch 3/3:  60%|██████    | 53/88 [00:13<00:08,  4.12it/s, loss=0.175]
  epoch 3/3:  61%|██████▏   | 54/88 [00:13<00:08,  4.11it/s, loss=0.175]
  epoch 3/3:  61%|██████▏   | 54/88 [00:13<00:08,  4.11it/s, loss=0.176]
  epoch 3/3:  62%|██████▎   | 55/88 [00:13<00:08,  4.12it/s, loss=0.176]
  epoch 3/3:  62%|██████▎   | 55/88 [00:13<00:08,  4.12it/s, loss=0.174]
  epoch 3/3:  64%|██████▎   | 56/88 [00:13<00:07,  4.11it/s, loss=0.174]
  epoch 3/3:  64%|██████▎   | 56/88 [00:14<00:07,  4.11it/s, loss=0.174]
  epoch 3/3:  65%|██████▍   | 57/88 [00:14<00:07,  4.11it/s, loss=0.174]
  epoch 3/3:  65%|██████▍   | 57/88 [00:14<00:07,  4.11it/s, loss=0.175]
  epoch 3/3:  66%|██████▌   | 58/88 [00:14<00:07,  4.11it/s, loss=0.175]
  epoch 3/3:  66%|██████▌   | 58/88 [00:14<00:07,  4.11it/s, loss=0.174]
  epoch 3/3:  67%|██████▋   | 59/88 [00:14<00:07,  4.11it/s, loss=0.174]
  epoch 3/3:  67%|██████▋   | 59/88 [00:14<00:07,  4.11it/s, loss=0.173]
  epoch 3/3:  68%|██████▊   | 60/88 [00:14<00:06,  4.10it/s, loss=0.173]

[2026-07-30 16:05:29] $ /usr/bin/python3 /home/an/RaybanMeta/uav-continual-learning/scripts/run_g1.py --config /home/an/RaybanMeta/uav-continual-learning/configs/g2_titans_resisc45_selfmod_m3_ncm.yaml --method titans --skip-existing --set seed=0 log.run_tag=ncm-head log.dir=/home/an/RaybanMeta/uav-continual-learning/artifacts_ncm_head_study
== G1 run: dataset=resisc45 method=titans seed=0 device=cuda
Warning: You are sending unauthenticated requests to the HF Hub. Please set a HF_TOKEN to enable higher rate limits and faster downloads.
task 0: 5 classes [airplane, airport, desert, runway, stadium] | train 2800 / val 350 / test 350
task 1: 5 classes [church, dense_residential, lake, tennis_court, thermal_power_station] | train 2800 / val 350 / test 350
task 2: 5 classes [bridge, chaparral, freeway, island, railway] | train 2800 / val 350 / test 350
task 3: 5 classes [commercial_area, golf_course, medium_residential, parking_lot, terrace] | train 2800 / val 350 / test 350
task 4: 5 classes [cloud, harbor, palace, sea_ice, ship] | train 2800 / val 350 / test 350
task 5: 5 classes [basketball_court, roundabout, snowberg, sparse_residential, wetland] | train 2800 / val 350 / test 350
task 6: 5 classes [beach, circular_farmland, forest, industrial_area, storage_tank] | train 2800 / val 350 / test 350
task 7: 5 classes [intersection, meadow, mountain, railway_station, rectangular_farmland] | train 2800 / val 350 / test 350
task 8: 5 classes [baseball_diamond, ground_track_field, mobile_home_park, overpass, river] | train 2800 / val 350 / test 350
[titans] seq=image_seq reset=never chunk=32
[task 0] classes=[0, 1, 12, 34, 39] | train=2800

  epoch 1/3:   0%|          | 0/88 [00:00<?, ?it/s]
  epoch 1/3:   0%|          | 0/88 [00:03<?, ?it/s, loss=1.746]
  epoch 1/3:   1%|          | 1/88 [00:03<05:15,  3.63s/it, loss=1.746]
  epoch 1/3:   1%|          | 1/88 [00:03<05:15,  3.63s/it, loss=1.819]
  epoch 1/3:   2%|▏         | 2/88 [00:03<02:25,  1.69s/it, loss=1.819]
  epoch 1/3:   2%|▏         | 2/88 [00:04<02:25,  1.69s/it, loss=1.780]
  epoch 1/3:   3%|▎         | 3/88 [00:04<01:26,  1.02s/it, loss=1.780]
  epoch 1/3:   3%|▎         | 3/88 [00:04<01:26,  1.02s/it, loss=1.767]
  epoch 1/3:   5%|▍         | 4/88 [00:04<00:59,  1.41it/s, loss=1.767]
  epoch 1/3:   5%|▍         | 4/88 [00:04<00:59,  1.41it/s, loss=1.777]
  epoch 1/3:   6%|▌         | 5/88 [00:04<00:44,  1.87it/s, loss=1.777]
  epoch 1/3:   6%|▌         | 5/88 [00:04<00:44,  1.87it/s, loss=1.777]
  epoch 1/3:   7%|▋         | 6/88 [00:04<00:35,  2.32it/s, loss=1.777]
  epoch 1/3:   7%|▋         | 6/88 [00:05<00:35,  2.32it/s, loss=1.773]
  epoch 1/3:   8%|▊         | 7/88 [00:05<00:29,  2.74it/s, loss=1.773]
  epoch 1/3:   8%|▊         | 7/88 [00:05<00:29,  2.74it/s, loss=1.765]
  epoch 1/3:   9%|▉         | 8/88 [00:05<00:25,  3.12it/s, loss=1.765]
  epoch 1/3:   9%|▉         | 8/88 [00:05<00:25,  3.12it/s, loss=1.759]
  epoch 1/3:  10%|█         | 9/88 [00:05<00:22,  3.44it/s, loss=1.759]
  epoch 1/3:  10%|█         | 9/88 [00:05<00:22,  3.44it/s, loss=1.748]
  epoch 1/3:  11%|█▏        | 10/88 [00:05<00:21,  3.68it/s, loss=1.748]
  epoch 1/3:  11%|█▏        | 10/88 [00:06<00:21,  3.68it/s, loss=1.746]
  epoch 1/3:  12%|█▎        | 11/88 [00:06<00:19,  3.86it/s, loss=1.746]
  epoch 1/3:  12%|█▎        | 11/88 [00:06<00:19,  3.86it/s, loss=1.745]
  epoch 1/3:  14%|█▎        | 12/88 [00:06<00:18,  4.01it/s, loss=1.745]
  epoch 1/3:  14%|█▎        | 12/88 [00:06<00:18,  4.01it/s, loss=1.742]
  epoch 1/3:  15%|█▍        | 13/88 [00:06<00:18,  4.12it/s, loss=1.742]
  epoch 1/3:  15%|█▍        | 13/88 [00:06<00:18,  4.12it/s, loss=1.735]
  epoch 1/3:  16%|█▌        | 14/88 [00:06<00:17,  4.22it/s, loss=1.735]
  epoch 1/3:  16%|█▌        | 14/88 [00:06<00:17,  4.22it/s, loss=1.734]
  epoch 1/3:  17%|█▋        | 15/88 [00:06<00:17,  4.25it/s, loss=1.734]
  epoch 1/3:  17%|█▋        | 15/88 [00:07<00:17,  4.25it/s, loss=1.731]
  epoch 1/3:  18%|█▊        | 16/88 [00:07<00:17,  4.23it/s, loss=1.731]
  epoch 1/3:  18%|█▊        | 16/88 [00:07<00:17,  4.23it/s, loss=1.728]
  epoch 1/3:  19%|█▉        | 17/88 [00:07<00:16,  4.26it/s, loss=1.728]
  epoch 1/3:  19%|█▉        | 17/88 [00:07<00:16,  4.26it/s, loss=1.719]
  epoch 1/3:  20%|██        | 18/88 [00:07<00:16,  4.31it/s, loss=1.719]
  epoch 1/3:  20%|██        | 18/88 [00:07<00:16,  4.31it/s, loss=1.713]
  epoch 1/3:  22%|██▏       | 19/88 [00:07<00:15,  4.32it/s, loss=1.713]
  epoch 1/3:  22%|██▏       | 19/88 [00:08<00:15,  4.32it/s, loss=1.709]
  epoch 1/3:  23%|██▎       | 20/88 [00:08<00:15,  4.33it/s, loss=1.709]
  epoch 1/3:  23%|██▎       | 20/88 [00:08<00:15,  4.33it/s, loss=1.706]
  epoch 1/3:  24%|██▍       | 21/88 [00:08<00:15,  4.34it/s, loss=1.706]
  epoch 1/3:  24%|██▍       | 21/88 [00:08<00:15,  4.34it/s, loss=1.699]
  epoch 1/3:  25%|██▌       | 22/88 [00:08<00:15,  4.35it/s, loss=1.699]
  epoch 1/3:  25%|██▌       | 22/88 [00:08<00:15,  4.35it/s, loss=1.695]
  epoch 1/3:  26%|██▌       | 23/88 [00:08<00:14,  4.36it/s, loss=1.695]
  epoch 1/3:  26%|██▌       | 23/88 [00:08<00:14,  4.36it/s, loss=1.686]
  epoch 1/3:  27%|██▋       | 24/88 [00:08<00:14,  4.35it/s, loss=1.686]
  epoch 1/3:  27%|██▋       | 24/88 [00:09<00:14,  4.35it/s, loss=1.679]
  epoch 1/3:  28%|██▊       | 25/88 [00:09<00:14,  4.37it/s, loss=1.679]
  epoch 1/3:  28%|██▊       | 25/88 [00:09<00:14,  4.37it/s, loss=1.669]
  epoch 1/3:  30%|██▉       | 26/88 [00:09<00:14,  4.38it/s, loss=1.669]
  epoch 1/3:  30%|██▉       | 26/88 [00:09<00:14,  4.38it/s, loss=1.665]
  epoch 1/3:  31%|███       | 27/88 [00:09<00:14,  4.35it/s, loss=1.665]
  epoch 1/3:  31%|███       | 27/88 [00:09<00:14,  4.35it/s, loss=1.657]
  epoch 1/3:  32%|███▏      | 28/88 [00:09<00:13,  4.31it/s, loss=1.657]
  epoch 1/3:  32%|███▏      | 28/88 [00:10<00:13,  4.31it/s, loss=1.649]
  epoch 1/3:  33%|███▎      | 29/88 [00:10<00:13,  4.30it/s, loss=1.649]
  epoch 1/3:  33%|███▎      | 29/88 [00:10<00:13,  4.30it/s, loss=1.645]
  epoch 1/3:  34%|███▍      | 30/88 [00:10<00:13,  4.32it/s, loss=1.645]
  epoch 1/3:  34%|███▍      | 30/88 [00:10<00:13,  4.32it/s, loss=1.638]
  epoch 1/3:  35%|███▌      | 31/88 [00:10<00:13,  4.34it/s, loss=1.638]
  epoch 1/3:  35%|███▌      | 31/88 [00:10<00:13,  4.34it/s, loss=1.637]
  epoch 1/3:  36%|███▋      | 32/88 [00:10<00:13,  4.27it/s, loss=1.637]
  epoch 1/3:  36%|███▋      | 32/88 [00:11<00:13,  4.27it/s, loss=1.631]
  epoch 1/3:  38%|███▊      | 33/88 [00:11<00:12,  4.28it/s, loss=1.631]
  epoch 1/3:  38%|███▊      | 33/88 [00:11<00:12,  4.28it/s, loss=1.626]
  epoch 1/3:  39%|███▊      | 34/88 [00:11<00:12,  4.33it/s, loss=1.626]
  epoch 1/3:  39%|███▊      | 34/88 [00:11<00:12,  4.33it/s, loss=1.622]
  epoch 1/3:  40%|███▉      | 35/88 [00:11<00:12,  4.34it/s, loss=1.622]
  epoch 1/3:  40%|███▉      | 35/88 [00:11<00:12,  4.34it/s, loss=1.614]
  epoch 1/3:  41%|████      | 36/88 [00:11<00:12,  4.32it/s, loss=1.614]
  epoch 1/3:  41%|████      | 36/88 [00:12<00:12,  4.32it/s, loss=1.604]
  epoch 1/3:  42%|████▏     | 37/88 [00:12<00:11,  4.30it/s, loss=1.604]
  epoch 1/3:  42%|████▏     | 37/88 [00:12<00:11,  4.30it/s, loss=1.597]
  epoch 1/3:  43%|████▎     | 38/88 [00:12<00:11,  4.31it/s, loss=1.597]
  epoch 1/3:  43%|████▎     | 38/88 [00:12<00:11,  4.31it/s, loss=1.589]
  epoch 1/3:  44%|████▍     | 39/88 [00:12<00:11,  4.31it/s, loss=1.589]
  epoch 1/3:  44%|████▍     | 39/88 [00:12<00:11,  4.31it/s, loss=1.580]
  epoch 1/3:  45%|████▌     | 40/88 [00:12<00:11,  4.32it/s, loss=1.580]
  epoch 1/3:  45%|████▌     | 40/88 [00:12<00:11,  4.32it/s, loss=1.573]
  epoch 1/3:  47%|████▋     | 41/88 [00:12<00:10,  4.31it/s, loss=1.573]
  epoch 1/3:  47%|████▋     | 41/88 [00:13<00:10,  4.31it/s, loss=1.568]
  epoch 1/3:  48%|████▊     | 42/88 [00:13<00:10,  4.33it/s, loss=1.568]
  epoch 1/3:  48%|████▊     | 42/88 [00:13<00:10,  4.33it/s, loss=1.561]
  epoch 1/3:  49%|████▉     | 43/88 [00:13<00:10,  4.28it/s, loss=1.561]
  epoch 1/3:  49%|████▉     | 43/88 [00:13<00:10,  4.28it/s, loss=1.551]
  epoch 1/3:  50%|█████     | 44/88 [00:13<00:10,  4.30it/s, loss=1.551]
  epoch 1/3:  50%|█████     | 44/88 [00:13<00:10,  4.30it/s, loss=1.544]
  epoch 1/3:  51%|█████     | 45/88 [00:13<00:09,  4.30it/s, loss=1.544]
  epoch 1/3:  51%|█████     | 45/88 [00:14<00:09,  4.30it/s, loss=1.538]
  epoch 1/3:  52%|█████▏    | 46/88 [00:14<00:09,  4.30it/s, loss=1.538]
  epoch 1/3:  52%|█████▏    | 46/88 [00:14<00:09,  4.30it/s, loss=1.532]
  epoch 1/3:  53%|█████▎    | 47/88 [00:14<00:09,  4.31it/s, loss=1.532]
  epoch 1/3:  53%|█████▎    | 47/88 [00:14<00:09,  4.31it/s, loss=1.525]
  epoch 1/3:  55%|█████▍    | 48/88 [00:14<00:09,  4.26it/s, loss=1.525]
  epoch 1/3:  55%|█████▍    | 48/88 [00:14<00:09,  4.26it/s, loss=1.516]
  epoch 1/3:  56%|█████▌    | 49/88 [00:14<00:09,  4.26it/s, loss=1.516]
  epoch 1/3:  56%|█████▌    | 49/88 [00:15<00:09,  4.26it/s, loss=1.511]
  epoch 1/3:  57%|█████▋    | 50/88 [00:15<00:08,  4.28it/s, loss=1.511]
  epoch 1/3:  57%|█████▋    | 50/88 [00:15<00:08,  4.28it/s, loss=1.505]
  epoch 1/3:  58%|█████▊    | 51/88 [00:15<00:08,  4.29it/s, loss=1.505]
  epoch 1/3:  58%|█████▊    | 51/88 [00:15<00:08,  4.29it/s, loss=1.499]
  epoch 1/3:  59%|█████▉    | 52/88 [00:15<00:08,  4.31it/s, loss=1.499]
  epoch 1/3:  59%|█████▉    | 52/88 [00:15<00:08,  4.31it/s, loss=1.490]
  epoch 1/3:  60%|██████    | 53/88 [00:15<00:08,  4.28it/s, loss=1.490]
  epoch 1/3:  60%|██████    | 53/88 [00:15<00:08,  4.28it/s, loss=1.486]
  epoch 1/3:  61%|██████▏   | 54/88 [00:15<00:07,  4.31it/s, loss=1.486]
  epoch 1/3:  61%|██████▏   | 54/88 [00:16<00:07,  4.31it/s, loss=1.480]
  epoch 1/3:  62%|██████▎   | 55/88 [00:16<00:07,  4.32it/s, loss=1.480]
  epoch 1/3:  62%|██████▎   | 55/88 [00:16<00:07,  4.32it/s, loss=1.474]
  epoch 1/3:  64%|██████▎   | 56/88 [00:16<00:07,  4.32it/s, loss=1.474]
  epoch 1/3:  64%|██████▎   | 56/88 [00:16<00:07,  4.32it/s, loss=1.467]
  epoch 1/3:  65%|██████▍   | 57/88 [00:16<00:07,  4.32it/s, loss=1.467]
  epoch 1/3:  65%|██████▍   | 57/88 [00:16<00:07,  4.32it/s, loss=1.461]
  epoch 1/3:  66%|██████▌   | 58/88 [00:16<00:06,  4.29it/s, loss=1.461]
  epoch 1/3:  66%|██████▌   | 58/88 [00:17<00:06,  4.29it/s, loss=1.453]
  epoch 1/3:  67%|██████▋   | 59/88 [00:17<00:06,  4.31it/s, loss=1.453]
  epoch 1/3:  67%|██████▋   | 59/88 [00:17<00:06,  4.31it/s, loss=1.446]
  epoch 1/3:  68%|██████▊   | 60/88 [00:17<00:06,  4.29it/s, loss=1.446]
  epoch 1/3:  68%|██████▊   | 60/88 [00:17<00:06,  4.29it/s, loss=1.442]
  epoch 1/3:  69%|██████▉   | 61/88 [00:17<00:06,  4.31it/s, loss=1.442]
  epoch 1/3:  69%|██████▉   | 61/88 [00:17<00:06,  4.31it/s, loss=1.436]
  epoch 1/3:  70%|███████   | 62/88 [00:17<00:06,  4.30it/s, loss=1.436]
  epoch 1/3:  70%|███████   | 62/88 [00:18<00:06,  4.30it/s, loss=1.432]
  epoch 1/3:  72%|███████▏  | 63/88 [00:18<00:05,  4.29it/s, loss=1.432]
  epoch 1/3:  72%|███████▏  | 63/88 [00:18<00:05,  4.29it/s, loss=1.426]
  epoch 1/3:  73%|███████▎  | 64/88 [00:18<00:05,  4.21it/s, loss=1.426]
  epoch 1/3:  73%|███████▎  | 64/88 [00:18<00:05,  4.21it/s, loss=1.420]
  epoch 1/3:  74%|███████▍  | 65/88 [00:18<00:05,  4.23it/s, loss=1.420]
  epoch 1/3:  74%|███████▍  | 65/88 [00:18<00:05,  4.23it/s, loss=1.412]
  epoch 1/3:  75%|███████▌  | 66/88 [00:18<00:05,  4.25it/s, loss=1.412]
  epoch 1/3:  75%|███████▌  | 66/88 [00:19<00:05,  4.25it/s, loss=1.405]
  epoch 1/3:  76%|███████▌  | 67/88 [00:19<00:04,  4.26it/s, loss=1.405]
  epoch 1/3:  76%|███████▌  | 67/88 [00:19<00:04,  4.26it/s, loss=1.398]
  epoch 1/3:  77%|███████▋  | 68/88 [00:19<00:04,  4.28it/s, loss=1.398]
  epoch 1/3:  77%|███████▋  | 68/88 [00:19<00:04,  4.28it/s, loss=1.392]
  epoch 1/3:  78%|███████▊  | 69/88 [00:19<00:04,  4.28it/s, loss=1.392]
  epoch 1/3:  78%|███████▊  | 69/88 [00:19<00:04,  4.28it/s, loss=1.386]
  epoch 1/3:  80%|███████▉  | 70/88 [00:19<00:04,  4.28it/s, loss=1.386]
  epoch 1/3:  80%|███████▉  | 70/88 [00:19<00:04,  4.28it/s, loss=1.381]
  epoch 1/3:  81%|████████  | 71/88 [00:19<00:03,  4.27it/s, loss=1.381]
  epoch 1/3:  81%|████████  | 71/88 [00:20<00:03,  4.27it/s, loss=1.375]
  epoch 1/3:  82%|████████▏ | 72/88 [00:20<00:03,  4.27it/s, loss=1.375]
  epoch 1/3:  82%|████████▏ | 72/88 [00:20<00:03,  4.27it/s, loss=1.371]
  epoch 1/3:  83%|████████▎ | 73/88 [00:20<00:03,  4.28it/s, loss=1.371]
  epoch 1/3:  83%|████████▎ | 73/88 [00:20<00:03,  4.28it/s, loss=1.364]
  epoch 1/3:  84%|████████▍ | 74/88 [00:20<00:03,  4.28it/s, loss=1.364]
  epoch 1/3:  84%|████████▍ | 74/88 [00:20<00:03,  4.28it/s, loss=1.357]
  epoch 1/3:  85%|████████▌ | 75/88 [00:20<00:03,  4.29it/s, loss=1.357]
  epoch 1/3:  85%|████████▌ | 75/88 [00:21<00:03,  4.29it/s, loss=1.350]
  epoch 1/3:  86%|████████▋ | 76/88 [00:21<00:02,  4.31it/s, loss=1.350]
  epoch 1/3:  86%|████████▋ | 76/88 [00:21<00:02,  4.31it/s, loss=1.345]
  epoch 1/3:  88%|████████▊ | 77/88 [00:21<00:02,  4.29it/s, loss=1.345]
  epoch 1/3:  88%|████████▊ | 77/88 [00:21<00:02,  4.29it/s, loss=1.337]
  epoch 1/3:  89%|████████▊ | 78/88 [00:21<00:02,  4.29it/s, loss=1.337]
  epoch 1/3:  89%|████████▊ | 78/88 [00:21<00:02,  4.29it/s, loss=1.332]
  epoch 1/3:  90%|████████▉ | 79/88 [00:21<00:02,  4.28it/s, loss=1.332]
  epoch 1/3:  90%|████████▉ | 79/88 [00:22<00:02,  4.28it/s, loss=1.325]
  epoch 1/3:  91%|█████████ | 80/88 [00:22<00:01,  4.21it/s, loss=1.325]
  epoch 1/3:  91%|█████████ | 80/88 [00:22<00:01,  4.21it/s, loss=1.319]
  epoch 1/3:  92%|█████████▏| 81/88 [00:22<00:01,  4.25it/s, loss=1.319]
  epoch 1/3:  92%|█████████▏| 81/88 [00:22<00:01,  4.25it/s, loss=1.314]
  epoch 1/3:  93%|█████████▎| 82/88 [00:22<00:01,  4.24it/s, loss=1.314]
  epoch 1/3:  93%|█████████▎| 82/88 [00:22<00:01,  4.24it/s, loss=1.307]
  epoch 1/3:  94%|█████████▍| 83/88 [00:22<00:01,  4.26it/s, loss=1.307]
  epoch 1/3:  94%|█████████▍| 83/88 [00:22<00:01,  4.26it/s, loss=1.302]
  epoch 1/3:  95%|█████████▌| 84/88 [00:22<00:00,  4.23it/s, loss=1.302]
  epoch 1/3:  95%|█████████▌| 84/88 [00:23<00:00,  4.23it/s, loss=1.296]
  epoch 1/3:  97%|█████████▋| 85/88 [00:23<00:00,  4.21it/s, loss=1.296]
  epoch 1/3:  97%|█████████▋| 85/88 [00:23<00:00,  4.21it/s, loss=1.291]
  epoch 1/3:  98%|█████████▊| 86/88 [00:23<00:00,  4.22it/s, loss=1.291]
  epoch 1/3:  98%|█████████▊| 86/88 [00:23<00:00,  4.22it/s, loss=1.286]
  epoch 1/3:  99%|█████████▉| 87/88 [00:23<00:00,  4.24it/s, loss=1.286]
  epoch 1/3:  99%|█████████▉| 87/88 [00:23<00:00,  4.24it/s, loss=1.282]
  epoch 1/3: 100%|██████████| 88/88 [00:23<00:00,  4.60it/s, loss=1.282]
                                                                        

  epoch 2/3:   0%|          | 0/88 [00:00<?, ?it/s]
  epoch 2/3:   0%|          | 0/88 [00:00<?, ?it/s, loss=0.823]
  epoch 2/3:   1%|          | 1/88 [00:00<00:41,  2.07it/s, loss=0.823]
  epoch 2/3:   1%|          | 1/88 [00:00<00:41,  2.07it/s, loss=0.801]
  epoch 2/3:   2%|▏         | 2/88 [00:00<00:29,  2.96it/s, loss=0.801]
  epoch 2/3:   2%|▏         | 2/88 [00:00<00:29,  2.96it/s, loss=0.780]
  epoch 2/3:   3%|▎         | 3/88 [00:00<00:24,  3.42it/s, loss=0.780]
  epoch 2/3:   3%|▎         | 3/88 [00:01<00:24,  3.42it/s, loss=0.760]
  epoch 2/3:   5%|▍         | 4/88 [00:01<00:22,  3.70it/s, loss=0.760]
  epoch 2/3:   5%|▍         | 4/88 [00:01<00:22,  3.70it/s, loss=0.748]
  epoch 2/3:   6%|▌         | 5/88 [00:01<00:21,  3.86it/s, loss=0.748]
  epoch 2/3:   6%|▌         | 5/88 [00:01<00:21,  3.86it/s, loss=0.746]
  epoch 2/3:   7%|▋         | 6/88 [00:01<00:20,  3.95it/s, loss=0.746]
  epoch 2/3:   7%|▋         | 6/88 [00:01<00:20,  3.95it/s, loss=0.732]
  epoch 2/3:   8%|▊         | 7/88 [00:01<00:20,  4.03it/s, loss=0.732]
  epoch 2/3:   8%|▊         | 7/88 [00:02<00:20,  4.03it/s, loss=0.726]
  epoch 2/3:   9%|▉         | 8/88 [00:02<00:19,  4.03it/s, loss=0.726]
  epoch 2/3:   9%|▉         | 8/88 [00:02<00:19,  4.03it/s, loss=0.726]
  epoch 2/3:  10%|█         | 9/88 [00:02<00:19,  4.11it/s, loss=0.726]
  epoch 2/3:  10%|█         | 9/88 [00:02<00:19,  4.11it/s, loss=0.744]
  epoch 2/3:  11%|█▏        | 10/88 [00:02<00:18,  4.14it/s, loss=0.744]
  epoch 2/3:  11%|█▏        | 10/88 [00:02<00:18,  4.14it/s, loss=0.742]
  epoch 2/3:  12%|█▎        | 11/88 [00:02<00:18,  4.18it/s, loss=0.742]
  epoch 2/3:  12%|█▎        | 11/88 [00:03<00:18,  4.18it/s, loss=0.742]
  epoch 2/3:  14%|█▎        | 12/88 [00:03<00:18,  4.19it/s, loss=0.742]
  epoch 2/3:  14%|█▎        | 12/88 [00:03<00:18,  4.19it/s, loss=0.732]
  epoch 2/3:  15%|█▍        | 13/88 [00:03<00:17,  4.20it/s, loss=0.732]
  epoch 2/3:  15%|█▍        | 13/88 [00:03<00:17,  4.20it/s, loss=0.729]
  epoch 2/3:  16%|█▌        | 14/88 [00:03<00:17,  4.30it/s, loss=0.729]
  epoch 2/3:  16%|█▌        | 14/88 [00:03<00:17,  4.30it/s, loss=0.725]
  epoch 2/3:  17%|█▋        | 15/88 [00:03<00:17,  4.29it/s, loss=0.725]
  epoch 2/3:  17%|█▋        | 15/88 [00:04<00:17,  4.29it/s, loss=0.720]
  epoch 2/3:  18%|█▊        | 16/88 [00:04<00:16,  4.30it/s, loss=0.720]
  epoch 2/3:  18%|█▊        | 16/88 [00:04<00:16,  4.30it/s, loss=0.717]
  epoch 2/3:  19%|█▉        | 17/88 [00:04<00:16,  4.29it/s, loss=0.717]
  epoch 2/3:  19%|█▉        | 17/88 [00:04<00:16,  4.29it/s, loss=0.712]
  epoch 2/3:  20%|██        | 18/88 [00:04<00:16,  4.26it/s, loss=0.712]
  epoch 2/3:  20%|██        | 18/88 [00:04<00:16,  4.26it/s, loss=0.709]
  epoch 2/3:  22%|██▏       | 19/88 [00:04<00:16,  4.25it/s, loss=0.709]
  epoch 2/3:  22%|██▏       | 19/88 [00:04<00:16,  4.25it/s, loss=0.699]
  epoch 2/3:  23%|██▎       | 20/88 [00:04<00:15,  4.25it/s, loss=0.699]
  epoch 2/3:  23%|██▎       | 20/88 [00:05<00:15,  4.25it/s, loss=0.692]
  epoch 2/3:  24%|██▍       | 21/88 [00:05<00:15,  4.26it/s, loss=0.692]
  epoch 2/3:  24%|██▍       | 21/88 [00:05<00:15,  4.26it/s, loss=0.686]
  epoch 2/3:  25%|██▌       | 22/88 [00:05<00:15,  4.25it/s, loss=0.686]
  epoch 2/3:  25%|██▌       | 22/88 [00:05<00:15,  4.25it/s, loss=0.684]
  epoch 2/3:  26%|██▌       | 23/88 [00:05<00:15,  4.24it/s, loss=0.684]
  epoch 2/3:  26%|██▌       | 23/88 [00:05<00:15,  4.24it/s, loss=0.678]
  epoch 2/3:  27%|██▋       | 24/88 [00:05<00:15,  4.20it/s, loss=0.678]
  epoch 2/3:  27%|██▋       | 24/88 [00:06<00:15,  4.20it/s, loss=0.672]
  epoch 2/3:  28%|██▊       | 25/88 [00:06<00:14,  4.22it/s, loss=0.672]
  epoch 2/3:  28%|██▊       | 25/88 [00:06<00:14,  4.22it/s, loss=0.672]
  epoch 2/3:  30%|██▉       | 26/88 [00:06<00:14,  4.22it/s, loss=0.672]
  epoch 2/3:  30%|██▉       | 26/88 [00:06<00:14,  4.22it/s, loss=0.668]
  epoch 2/3:  31%|███       | 27/88 [00:06<00:14,  4.23it/s, loss=0.668]
  epoch 2/3:  31%|███       | 27/88 [00:06<00:14,  4.23it/s, loss=0.672]
  epoch 2/3:  32%|███▏      | 28/88 [00:06<00:14,  4.22it/s, loss=0.672]
  epoch 2/3:  32%|███▏      | 28/88 [00:07<00:14,  4.22it/s, loss=0.666]
  epoch 2/3:  33%|███▎      | 29/88 [00:07<00:14,  4.18it/s, loss=0.666]
  epoch 2/3:  33%|███▎      | 29/88 [00:07<00:14,  4.18it/s, loss=0.660]
  epoch 2/3:  34%|███▍      | 30/88 [00:07<00:13,  4.20it/s, loss=0.660]
  epoch 2/3:  34%|███▍      | 30/88 [00:07<00:13,  4.20it/s, loss=0.655]
  epoch 2/3:  35%|███▌      | 31/88 [00:07<00:13,  4.21it/s, loss=0.655]
  epoch 2/3:  35%|███▌      | 31/88 [00:07<00:13,  4.21it/s, loss=0.649]
  epoch 2/3:  36%|███▋      | 32/88 [00:07<00:13,  4.22it/s, loss=0.649]
  epoch 2/3:  36%|███▋      | 32/88 [00:08<00:13,  4.22it/s, loss=0.644]
  epoch 2/3:  38%|███▊      | 33/88 [00:08<00:13,  4.21it/s, loss=0.644]
  epoch 2/3:  38%|███▊      | 33/88 [00:08<00:13,  4.21it/s, loss=0.640]
  epoch 2/3:  39%|███▊      | 34/88 [00:08<00:12,  4.20it/s, loss=0.640]
  epoch 2/3:  39%|███▊      | 34/88 [00:08<00:12,  4.20it/s, loss=0.636]
  epoch 2/3:  40%|███▉      | 35/88 [00:08<00:12,  4.21it/s, loss=0.636]
  epoch 2/3:  40%|███▉      | 35/88 [00:08<00:12,  4.21it/s, loss=0.636]
  epoch 2/3:  41%|████      | 36/88 [00:08<00:12,  4.21it/s, loss=0.636]
  epoch 2/3:  41%|████      | 36/88 [00:09<00:12,  4.21it/s, loss=0.632]
  epoch 2/3:  42%|████▏     | 37/88 [00:09<00:12,  4.19it/s, loss=0.632]
  epoch 2/3:  42%|████▏     | 37/88 [00:09<00:12,  4.19it/s, loss=0.629]
  epoch 2/3:  43%|████▎     | 38/88 [00:09<00:11,  4.19it/s, loss=0.629]
  epoch 2/3:  43%|████▎     | 38/88 [00:09<00:11,  4.19it/s, loss=0.625]
  epoch 2/3:  44%|████▍     | 39/88 [00:09<00:11,  4.21it/s, loss=0.625]
  epoch 2/3:  44%|████▍     | 39/88 [00:09<00:11,  4.21it/s, loss=0.623]
  epoch 2/3:  45%|████▌     | 40/88 [00:09<00:11,  4.15it/s, loss=0.623]
  epoch 2/3:  45%|████▌     | 40/88 [00:09<00:11,  4.15it/s, loss=0.622]
  epoch 2/3:  47%|████▋     | 41/88 [00:09<00:11,  4.17it/s, loss=0.622]
  epoch 2/3:  47%|████▋     | 41/88 [00:10<00:11,  4.17it/s, loss=0.618]
  epoch 2/3:  48%|████▊     | 42/88 [00:10<00:11,  4.16it/s, loss=0.618]
  epoch 2/3:  48%|████▊     | 42/88 [00:10<00:11,  4.16it/s, loss=0.617]
  epoch 2/3:  49%|████▉     | 43/88 [00:10<00:10,  4.16it/s, loss=0.617]
  epoch 2/3:  49%|████▉     | 43/88 [00:10<00:10,  4.16it/s, loss=0.614]
  epoch 2/3:  50%|█████     | 44/88 [00:10<00:10,  4.16it/s, loss=0.614]
  epoch 2/3:  50%|█████     | 44/88 [00:10<00:10,  4.16it/s, loss=0.611]
  epoch 2/3:  51%|█████     | 45/88 [00:10<00:10,  4.15it/s, loss=0.611]
  epoch 2/3:  51%|█████     | 45/88 [00:11<00:10,  4.15it/s, loss=0.610]
  epoch 2/3:  52%|█████▏    | 46/88 [00:11<00:10,  4.18it/s, loss=0.610]
  epoch 2/3:  52%|█████▏    | 46/88 [00:11<00:10,  4.18it/s, loss=0.607]
  epoch 2/3:  53%|█████▎    | 47/88 [00:11<00:09,  4.19it/s, loss=0.607]
  epoch 2/3:  53%|█████▎    | 47/88 [00:11<00:09,  4.19it/s, loss=0.603]
  epoch 2/3:  55%|█████▍    | 48/88 [00:11<00:09,  4.17it/s, loss=0.603]
  epoch 2/3:  55%|█████▍    | 48/88 [00:11<00:09,  4.17it/s, loss=0.599]
  epoch 2/3:  56%|█████▌    | 49/88 [00:11<00:09,  4.18it/s, loss=0.599]
  epoch 2/3:  56%|█████▌    | 49/88 [00:12<00:09,  4.18it/s, loss=0.596]
  epoch 2/3:  57%|█████▋    | 50/88 [00:12<00:09,  4.18it/s, loss=0.596]
  epoch 2/3:  57%|█████▋    | 50/88 [00:12<00:09,  4.18it/s, loss=0.593]
  epoch 2/3:  58%|█████▊    | 51/88 [00:12<00:08,  4.19it/s, loss=0.593]
  epoch 2/3:  58%|█████▊    | 51/88 [00:12<00:08,  4.19it/s, loss=0.589]
  epoch 2/3:  59%|█████▉    | 52/88 [00:12<00:08,  4.20it/s, loss=0.589]
  epoch 2/3:  59%|█████▉    | 52/88 [00:12<00:08,  4.20it/s, loss=0.587]
  epoch 2/3:  60%|██████    | 53/88 [00:12<00:08,  4.18it/s, loss=0.587]
  epoch 2/3:  60%|██████    | 53/88 [00:13<00:08,  4.18it/s, loss=0.585]
  epoch 2/3:  61%|██████▏   | 54/88 [00:13<00:08,  4.17it/s, loss=0.585]
  epoch 2/3:  61%|██████▏   | 54/88 [00:13<00:08,  4.17it/s, loss=0.583]
  epoch 2/3:  62%|██████▎   | 55/88 [00:13<00:07,  4.18it/s, loss=0.583]
  epoch 2/3:  62%|██████▎   | 55/88 [00:13<00:07,  4.18it/s, loss=0.579]
  epoch 2/3:  64%|██████▎   | 56/88 [00:13<00:07,  4.13it/s, loss=0.579]
  epoch 2/3:  64%|██████▎   | 56/88 [00:13<00:07,  4.13it/s, loss=0.577]
  epoch 2/3:  65%|██████▍   | 57/88 [00:13<00:07,  4.17it/s, loss=0.577]
  epoch 2/3:  65%|██████▍   | 57/88 [00:14<00:07,  4.17it/s, loss=0.576]
  epoch 2/3:  66%|██████▌   | 58/88 [00:14<00:07,  4.19it/s, loss=0.576]
  epoch 2/3:  66%|██████▌   | 58/88 [00:14<00:07,  4.19it/s, loss=0.572]
  epoch 2/3:  67%|██████▋   | 59/88 [00:14<00:06,  4.17it/s, loss=0.572]
  epoch 2/3:  67%|██████▋   | 59/88 [00:14<00:06,  4.17it/s, loss=0.569]
  epoch 2/3:  68%|██████▊   | 60/88 [00:14<00:06,  4.17it/s, loss=0.569]
  epoch 2/3:  68%|██████▊   | 60/88 [00:14<00:06,  4.17it/s, loss=0.567]
  epoch 2/3:  69%|██████▉   | 61/88 [00:14<00:06,  4.19it/s, loss=0.567]
  epoch 2/3:  69%|██████▉   | 61/88 [00:14<00:06,  4.19it/s, loss=0.567]
  epoch 2/3:  70%|███████   | 62/88 [00:14<00:06,  4.19it/s, loss=0.567]
  epoch 2/3:  70%|███████   | 62/88 [00:15<00:06,  4.19it/s, loss=0.564]
  epoch 2/3:  72%|███████▏  | 63/88 [00:15<00:05,  4.17it/s, loss=0.564]
  epoch 2/3:  72%|███████▏  | 63/88 [00:15<00:05,  4.17it/s, loss=0.561]
  epoch 2/3:  73%|███████▎  | 64/88 [00:15<00:05,  4.17it/s, loss=0.561]
  epoch 2/3:  73%|███████▎  | 64/88 [00:15<00:05,  4.17it/s, loss=0.561]
  epoch 2/3:  74%|███████▍  | 65/88 [00:15<00:05,  4.16it/s, loss=0.561]
  epoch 2/3:  74%|███████▍  | 65/88 [00:15<00:05,  4.16it/s, loss=0.558]
  epoch 2/3:  75%|███████▌  | 66/88 [00:15<00:05,  4.17it/s, loss=0.558]
  epoch 2/3:  75%|███████▌  | 66/88 [00:16<00:05,  4.17it/s, loss=0.555]
  epoch 2/3:  76%|███████▌  | 67/88 [00:16<00:05,  4.17it/s, loss=0.555]
  epoch 2/3:  76%|███████▌  | 67/88 [00:16<00:05,  4.17it/s, loss=0.552]
  epoch 2/3:  77%|███████▋  | 68/88 [00:16<00:04,  4.17it/s, loss=0.552]
  epoch 2/3:  77%|███████▋  | 68/88 [00:16<00:04,  4.17it/s, loss=0.551]
  epoch 2/3:  78%|███████▊  | 69/88 [00:16<00:04,  4.17it/s, loss=0.551]
  epoch 2/3:  78%|███████▊  | 69/88 [00:16<00:04,  4.17it/s, loss=0.549]
  epoch 2/3:  80%|███████▉  | 70/88 [00:16<00:04,  4.16it/s, loss=0.549]
  epoch 2/3:  80%|███████▉  | 70/88 [00:17<00:04,  4.16it/s, loss=0.547]
  epoch 2/3:  81%|████████  | 71/88 [00:17<00:04,  4.16it/s, loss=0.547]
  epoch 2/3:  81%|████████  | 71/88 [00:17<00:04,  4.16it/s, loss=0.546]
  epoch 2/3:  82%|████████▏ | 72/88 [00:17<00:03,  4.11it/s, loss=0.546]
  epoch 2/3:  82%|████████▏ | 72/88 [00:17<00:03,  4.11it/s, loss=0.542]
  epoch 2/3:  83%|████████▎ | 73/88 [00:17<00:03,  4.12it/s, loss=0.542]
  epoch 2/3:  83%|████████▎ | 73/88 [00:17<00:03,  4.12it/s, loss=0.540]
  epoch 2/3:  84%|████████▍ | 74/88 [00:17<00:03,  4.13it/s, loss=0.540]
  epoch 2/3:  84%|████████▍ | 74/88 [00:18<00:03,  4.13it/s, loss=0.540]
  epoch 2/3:  85%|████████▌ | 75/88 [00:18<00:03,  4.13it/s, loss=0.540]
  epoch 2/3:  85%|████████▌ | 75/88 [00:18<00:03,  4.13it/s, loss=0.537]
  epoch 2/3:  86%|████████▋ | 76/88 [00:18<00:02,  4.12it/s, loss=0.537]
  epoch 2/3:  86%|████████▋ | 76/88 [00:18<00:02,  4.12it/s, loss=0.535]
  epoch 2/3:  88%|████████▊ | 77/88 [00:18<00:02,  4.13it/s, loss=0.535]
  epoch 2/3:  88%|████████▊ | 77/88 [00:18<00:02,  4.13it/s, loss=0.533]
  epoch 2/3:  89%|████████▊ | 78/88 [00:18<00:02,  4.13it/s, loss=0.533]
  epoch 2/3:  89%|████████▊ | 78/88 [00:19<00:02,  4.13it/s, loss=0.530]
  epoch 2/3:  90%|████████▉ | 79/88 [00:19<00:02,  4.15it/s, loss=0.530]
  epoch 2/3:  90%|████████▉ | 79/88 [00:19<00:02,  4.15it/s, loss=0.528]
  epoch 2/3:  91%|█████████ | 80/88 [00:19<00:01,  4.14it/s, loss=0.528]
  epoch 2/3:  91%|█████████ | 80/88 [00:19<00:01,  4.14it/s, loss=0.525]
  epoch 2/3:  92%|█████████▏| 81/88 [00:19<00:01,  4.14it/s, loss=0.525]
  epoch 2/3:  92%|█████████▏| 81/88 [00:19<00:01,  4.14it/s, loss=0.525]
  epoch 2/3:  93%|█████████▎| 82/88 [00:19<00:01,  4.13it/s, loss=0.525]
  epoch 2/3:  93%|█████████▎| 82/88 [00:20<00:01,  4.13it/s, loss=0.523]
  epoch 2/3:  94%|█████████▍| 83/88 [00:20<00:01,  4.09it/s, loss=0.523]
  epoch 2/3:  94%|█████████▍| 83/88 [00:20<00:01,  4.09it/s, loss=0.522]
  epoch 2/3:  95%|█████████▌| 84/88 [00:20<00:00,  4.07it/s, loss=0.522]
  epoch 2/3:  95%|█████████▌| 84/88 [00:20<00:00,  4.07it/s, loss=0.521]
  epoch 2/3:  97%|█████████▋| 85/88 [00:20<00:00,  4.10it/s, loss=0.521]
  epoch 2/3:  97%|█████████▋| 85/88 [00:20<00:00,  4.10it/s, loss=0.519]
  epoch 2/3:  98%|█████████▊| 86/88 [00:20<00:00,  4.11it/s, loss=0.519]
  epoch 2/3:  98%|█████████▊| 86/88 [00:21<00:00,  4.11it/s, loss=0.519]
  epoch 2/3:  99%|█████████▉| 87/88 [00:21<00:00,  4.11it/s, loss=0.519]
  epoch 2/3:  99%|█████████▉| 87/88 [00:21<00:00,  4.11it/s, loss=0.519]
  epoch 2/3: 100%|██████████| 88/88 [00:21<00:00,  4.40it/s, loss=0.519]
                                                                        

  epoch 3/3:   0%|          | 0/88 [00:00<?, ?it/s]
  epoch 3/3:   0%|          | 0/88 [00:00<?, ?it/s, loss=0.371]
  epoch 3/3:   1%|          | 1/88 [00:00<00:42,  2.03it/s, loss=0.371]
  epoch 3/3:   1%|          | 1/88 [00:00<00:42,  2.03it/s, loss=0.383]
  epoch 3/3:   2%|▏         | 2/88 [00:00<00:29,  2.90it/s, loss=0.383]
  epoch 3/3:   2%|▏         | 2/88 [00:00<00:29,  2.90it/s, loss=0.392]
  epoch 3/3:   3%|▎         | 3/88 [00:00<00:25,  3.30it/s, loss=0.392]
  epoch 3/3:   3%|▎         | 3/88 [00:01<00:25,  3.30it/s, loss=0.389]
  epoch 3/3:   5%|▍         | 4/88 [00:01<00:23,  3.60it/s, loss=0.389]
  epoch 3/3:   5%|▍         | 4/88 [00:01<00:23,  3.60it/s, loss=0.362]
  epoch 3/3:   6%|▌         | 5/88 [00:01<00:21,  3.79it/s, loss=0.362]
  epoch 3/3:   6%|▌         | 5/88 [00:01<00:21,  3.79it/s, loss=0.371]
  epoch 3/3:   7%|▋         | 6/88 [00:01<00:21,  3.89it/s, loss=0.371]
  epoch 3/3:   7%|▋         | 6/88 [00:01<00:21,  3.89it/s, loss=0.352]
  epoch 3/3:   8%|▊         | 7/88 [00:01<00:20,  3.96it/s, loss=0.352]
  epoch 3/3:   8%|▊         | 7/88 [00:02<00:20,  3.96it/s, loss=0.343]
  epoch 3/3:   9%|▉         | 8/88 [00:02<00:19,  4.01it/s, loss=0.343]
  epoch 3/3:   9%|▉         | 8/88 [00:02<00:19,  4.01it/s, loss=0.329]
  epoch 3/3:  10%|█         | 9/88 [00:02<00:19,  4.03it/s, loss=0.329]
  epoch 3/3:  10%|█         | 9/88 [00:02<00:19,  4.03it/s, loss=0.318]
  epoch 3/3:  11%|█▏        | 10/88 [00:02<00:19,  4.06it/s, loss=0.318]
  epoch 3/3:  11%|█▏        | 10/88 [00:02<00:19,  4.06it/s, loss=0.316]
  epoch 3/3:  12%|█▎        | 11/88 [00:02<00:18,  4.07it/s, loss=0.316]
  epoch 3/3:  12%|█▎        | 11/88 [00:03<00:18,  4.07it/s, loss=0.308]
  epoch 3/3:  14%|█▎        | 12/88 [00:03<00:18,  4.07it/s, loss=0.308]
  epoch 3/3:  14%|█▎        | 12/88 [00:03<00:18,  4.07it/s, loss=0.306]
  epoch 3/3:  15%|█▍        | 13/88 [00:03<00:18,  4.06it/s, loss=0.306]
  epoch 3/3:  15%|█▍        | 13/88 [00:03<00:18,  4.06it/s, loss=0.308]
  epoch 3/3:  16%|█▌        | 14/88 [00:03<00:18,  4.09it/s, loss=0.308]
  epoch 3/3:  16%|█▌        | 14/88 [00:03<00:18,  4.09it/s, loss=0.311]
  epoch 3/3:  17%|█▋        | 15/88 [00:03<00:17,  4.10it/s, loss=0.311]
  epoch 3/3:  17%|█▋        | 15/88 [00:04<00:17,  4.10it/s, loss=0.307]
  epoch 3/3:  18%|█▊        | 16/88 [00:04<00:17,  4.04it/s, loss=0.307]
  epoch 3/3:  18%|█▊        | 16/88 [00:04<00:17,  4.04it/s, loss=0.309]
  epoch 3/3:  19%|█▉        | 17/88 [00:04<00:17,  4.04it/s, loss=0.309]
  epoch 3/3:  19%|█▉        | 17/88 [00:04<00:17,  4.04it/s, loss=0.309]
  epoch 3/3:  20%|██        | 18/88 [00:04<00:17,  4.06it/s, loss=0.309]
  epoch 3/3:  20%|██        | 18/88 [00:04<00:17,  4.06it/s, loss=0.306]
  epoch 3/3:  22%|██▏       | 19/88 [00:04<00:17,  4.05it/s, loss=0.306]
  epoch 3/3:  22%|██▏       | 19/88 [00:05<00:17,  4.05it/s, loss=0.303]
  epoch 3/3:  23%|██▎       | 20/88 [00:05<00:16,  4.06it/s, loss=0.303]
  epoch 3/3:  23%|██▎       | 20/88 [00:05<00:16,  4.06it/s, loss=0.310]
  epoch 3/3:  24%|██▍       | 21/88 [00:05<00:16,  4.08it/s, loss=0.310]
  epoch 3/3:  24%|██▍       | 21/88 [00:05<00:16,  4.08it/s, loss=0.305]
  epoch 3/3:  25%|██▌       | 22/88 [00:05<00:16,  4.09it/s, loss=0.305]
  epoch 3/3:  25%|██▌       | 22/88 [00:05<00:16,  4.09it/s, loss=0.309]
  epoch 3/3:  26%|██▌       | 23/88 [00:05<00:15,  4.09it/s, loss=0.309]
  epoch 3/3:  26%|██▌       | 23/88 [00:06<00:15,  4.09it/s, loss=0.310]
  epoch 3/3:  27%|██▋       | 24/88 [00:06<00:15,  4.09it/s, loss=0.310]
  epoch 3/3:  27%|██▋       | 24/88 [00:06<00:15,  4.09it/s, loss=0.310]
  epoch 3/3:  28%|██▊       | 25/88 [00:06<00:15,  4.10it/s, loss=0.310]
  epoch 3/3:  28%|██▊       | 25/88 [00:06<00:15,  4.10it/s, loss=0.305]
  epoch 3/3:  30%|██▉       | 26/88 [00:06<00:15,  4.11it/s, loss=0.305]
  epoch 3/3:  30%|██▉       | 26/88 [00:06<00:15,  4.11it/s, loss=0.300]
  epoch 3/3:  31%|███       | 27/88 [00:06<00:14,  4.08it/s, loss=0.300]
  epoch 3/3:  31%|███       | 27/88 [00:07<00:14,  4.08it/s, loss=0.299]
  epoch 3/3:  32%|███▏      | 28/88 [00:07<00:14,  4.09it/s, loss=0.299]
  epoch 3/3:  32%|███▏      | 28/88 [00:07<00:14,  4.09it/s, loss=0.299]
  epoch 3/3:  33%|███▎      | 29/88 [00:07<00:14,  4.09it/s, loss=0.299]
  epoch 3/3:  33%|███▎      | 29/88 [00:07<00:14,  4.09it/s, loss=0.297]
  epoch 3/3:  34%|███▍      | 30/88 [00:07<00:14,  4.10it/s, loss=0.297]
  epoch 3/3:  34%|███▍      | 30/88 [00:07<00:14,  4.10it/s, loss=0.297]
  epoch 3/3:  35%|███▌      | 31/88 [00:07<00:13,  4.10it/s, loss=0.297]
  epoch 3/3:  35%|███▌      | 31/88 [00:08<00:13,  4.10it/s, loss=0.296]
  epoch 3/3:  36%|███▋      | 32/88 [00:08<00:13,  4.06it/s, loss=0.296]
  epoch 3/3:  36%|███▋      | 32/88 [00:08<00:13,  4.06it/s, loss=0.294]
  epoch 3/3:  38%|███▊      | 33/88 [00:08<00:13,  4.06it/s, loss=0.294]
  epoch 3/3:  38%|███▊      | 33/88 [00:08<00:13,  4.06it/s, loss=0.292]
  epoch 3/3:  39%|███▊      | 34/88 [00:08<00:13,  4.07it/s, loss=0.292]
  epoch 3/3:  39%|███▊      | 34/88 [00:08<00:13,  4.07it/s, loss=0.293]
  epoch 3/3:  40%|███▉      | 35/88 [00:08<00:13,  4.08it/s, loss=0.293]
  epoch 3/3:  40%|███▉      | 35/88 [00:09<00:13,  4.08it/s, loss=0.296]
  epoch 3/3:  41%|████      | 36/88 [00:09<00:12,  4.08it/s, loss=0.296]
  epoch 3/3:  41%|████      | 36/88 [00:09<00:12,  4.08it/s, loss=0.294]
  epoch 3/3:  42%|████▏     | 37/88 [00:09<00:12,  4.08it/s, loss=0.294]
  epoch 3/3:  42%|████▏     | 37/88 [00:09<00:12,  4.08it/s, loss=0.292]
  epoch 3/3:  43%|████▎     | 38/88 [00:09<00:12,  4.09it/s, loss=0.292]
  epoch 3/3:  43%|████▎     | 38/88 [00:09<00:12,  4.09it/s, loss=0.289]
  epoch 3/3:  44%|████▍     | 39/88 [00:09<00:11,  4.10it/s, loss=0.289]
  epoch 3/3:  44%|████▍     | 39/88 [00:10<00:11,  4.10it/s, loss=0.287]
  epoch 3/3:  45%|████▌     | 40/88 [00:10<00:11,  4.09it/s, loss=0.287]
  epoch 3/3:  45%|████▌     | 40/88 [00:10<00:11,  4.09it/s, loss=0.284]
  epoch 3/3:  47%|████▋     | 41/88 [00:10<00:11,  4.09it/s, loss=0.284]
  epoch 3/3:  47%|████▋     | 41/88 [00:10<00:11,  4.09it/s, loss=0.285]
  epoch 3/3:  48%|████▊     | 42/88 [00:10<00:11,  4.10it/s, loss=0.285]
  epoch 3/3:  48%|████▊     | 42/88 [00:10<00:11,  4.10it/s, loss=0.285]
  epoch 3/3:  49%|████▉     | 43/88 [00:10<00:10,  4.11it/s, loss=0.285]
  epoch 3/3:  49%|████▉     | 43/88 [00:11<00:10,  4.11it/s, loss=0.283]
  epoch 3/3:  50%|█████     | 44/88 [00:11<00:10,  4.11it/s, loss=0.283]
  epoch 3/3:  50%|█████     | 44/88 [00:11<00:10,  4.11it/s, loss=0.282]
  epoch 3/3:  51%|█████     | 45/88 [00:11<00:10,  4.10it/s, loss=0.282]
  epoch 3/3:  51%|█████     | 45/88 [00:11<00:10,  4.10it/s, loss=0.279]
  epoch 3/3:  52%|█████▏    | 46/88 [00:11<00:10,  4.11it/s, loss=0.279]
  epoch 3/3:  52%|█████▏    | 46/88 [00:11<00:10,  4.11it/s, loss=0.280]
  epoch 3/3:  53%|█████▎    | 47/88 [00:11<00:09,  4.10it/s, loss=0.280]
  epoch 3/3:  53%|█████▎    | 47/88 [00:11<00:09,  4.10it/s, loss=0.279]
  epoch 3/3:  55%|█████▍    | 48/88 [00:11<00:09,  4.05it/s, loss=0.279]
  epoch 3/3:  55%|█████▍    | 48/88 [00:12<00:09,  4.05it/s, loss=0.278]
  epoch 3/3:  56%|█████▌    | 49/88 [00:12<00:09,  4.06it/s, loss=0.278]
  epoch 3/3:  56%|█████▌    | 49/88 [00:12<00:09,  4.06it/s, loss=0.277]
  epoch 3/3:  57%|█████▋    | 50/88 [00:12<00:09,  4.06it/s, loss=0.277]
  epoch 3/3:  57%|█████▋    | 50/88 [00:12<00:09,  4.06it/s, loss=0.276]
  epoch 3/3:  58%|█████▊    | 51/88 [00:12<00:09,  4.06it/s, loss=0.276]
  epoch 3/3:  58%|█████▊    | 51/88 [00:12<00:09,  4.06it/s, loss=0.275]
  epoch 3/3:  59%|█████▉    | 52/88 [00:12<00:08,  4.06it/s, loss=0.275]
  epoch 3/3:  59%|█████▉    | 52/88 [00:13<00:08,  4.06it/s, loss=0.272]
  epoch 3/3:  60%|██████    | 53/88 [00:13<00:08,  4.03it/s, loss=0.272]
  epoch 3/3:  60%|██████    | 53/88 [00:13<00:08,  4.03it/s, loss=0.270]
  epoch 3/3:  61%|██████▏   | 54/88 [00:13<00:08,  4.03it/s, loss=0.270]
  epoch 3/3:  61%|██████▏   | 54/88 [00:13<00:08,  4.03it/s, loss=0.269]
  epoch 3/3:  62%|██████▎   | 55/88 [00:13<00:08,  4.02it/s, loss=0.269]
  epoch 3/3:  62%|██████▎   | 55/88 [00:13<00:08,  4.02it/s, loss=0.269]
  epoch 3/3:  64%|██████▎   | 56/88 [00:13<00:07,  4.01it/s, loss=0.269]
  epoch 3/3:  64%|██████▎   | 56/88 [00:14<00:07,  4.01it/s, loss=0.267]
  epoch 3/3:  65%|██████▍   | 57/88 [00:14<00:07,  4.01it/s, loss=0.267]
  epoch 3/3:  65%|██████▍   | 57/88 [00:14<00:07,  4.01it/s, loss=0.267]
  epoch 3/3:  66%|██████▌   | 58/88 [00:14<00:07,  4.01it/s, loss=0.267]
  epoch 3/3:  66%|██████▌   | 58/88 [00:14<00:07,  4.01it/s, loss=0.267]
  epoch 3/3:  67%|██████▋   | 59/88 [00:14<00:07,  4.02it/s, loss=0.267]
  epoch 3/3:  67%|██████▋   | 59/88 [00:14<00:07,  4.02it/s, loss=0.266]
  epoch 3/3:  68%|██████▊   | 60/88 [00:14<00:06,  4.02it/s, loss=0.266]
  epoch 3/3:  68%|██████▊   | 60/88 [00:15<00:06,  4.02it/s, loss=0.265]
  epoch 3/3:  69%|██████▉   | 61/88 [00:15<00:06,  4.02it/s, loss=0.265]
  epoch 3/3:  69%|██████▉   | 61/88 [00:15<00:06,  4.02it/s, loss=0.263]
  epoch 3/3:  70%|███████   | 62/88 [00:15<00:06,  4.04it/s, loss=0.263]
  epoch 3/3:  70%|███████   | 62/88 [00:15<00:06,  4.04it/s, loss=0.262]
  epoch 3/3:  72%|███████▏  | 63/88 [00:15<00:06,  4.05it/s, loss=0.262]
  epoch 3/3:  72%|███████▏  | 63/88 [00:15<00:06,  4.05it/s, loss=0.262]
  epoch 3/3:  73%|███████▎  | 64/88 [00:15<00:06,  3.97it/s, loss=0.262]
  epoch 3/3:  73%|███████▎  | 64/88 [00:16<00:06,  3.97it/s, loss=0.260]
  epoch 3/3:  74%|███████▍  | 65/88 [00:16<00:05,  4.00it/s, loss=0.260]
  epoch 3/3:  74%|███████▍  | 65/88 [00:16<00:05,  4.00it/s, loss=0.259]
  epoch 3/3:  75%|███████▌  | 66/88 [00:16<00:05,  3.99it/s, loss=0.259]
  epoch 3/3:  75%|███████▌  | 66/88 [00:16<00:05,  3.99it/s, loss=0.258]
  epoch 3/3:  76%|███████▌  | 67/88 [00:16<00:05,  3.99it/s, loss=0.258]
  epoch 3/3:  76%|███████▌  | 67/88 [00:16<00:05,  3.99it/s, loss=0.257]
  epoch 3/3:  77%|███████▋  | 68/88 [00:16<00:04,  4.02it/s, loss=0.257]
  epoch 3/3:  77%|███████▋  | 68/88 [00:17<00:04,  4.02it/s, loss=0.257]
  epoch 3/3:  78%|███████▊  | 69/88 [00:17<00:04,  4.03it/s, loss=0.257]
  epoch 3/3:  78%|███████▊  | 69/88 [00:17<00:04,  4.03it/s, loss=0.257]
  epoch 3/3:  80%|███████▉  | 70/88 [00:17<00:04,  4.02it/s, loss=0.257]
  epoch 3/3:  80%|███████▉  | 70/88 [00:17<00:04,  4.02it/s, loss=0.257]
  epoch 3/3:  81%|████████  | 71/88 [00:17<00:04,  4.01it/s, loss=0.257]
  epoch 3/3:  81%|████████  | 71/88 [00:17<00:04,  4.01it/s, loss=0.255]
  epoch 3/3:  82%|████████▏ | 72/88 [00:17<00:03,  4.02it/s, loss=0.255]
  epoch 3/3:  82%|████████▏ | 72/88 [00:18<00:03,  4.02it/s, loss=0.255]
  epoch 3/3:  83%|████████▎ | 73/88 [00:18<00:03,  4.02it/s, loss=0.255]
  epoch 3/3:  83%|████████▎ | 73/88 [00:18<00:03,  4.02it/s, loss=0.253]
  epoch 3/3:  84%|████████▍ | 74/88 [00:18<00:03,  4.01it/s, loss=0.253]
  epoch 3/3:  84%|████████▍ | 74/88 [00:18<00:03,  4.01it/s, loss=0.251]
  epoch 3/3:  85%|████████▌ | 75/88 [00:18<00:03,  4.02it/s, loss=0.251]
  epoch 3/3:  85%|████████▌ | 75/88 [00:18<00:03,  4.02it/s, loss=0.252]
  epoch 3/3:  86%|████████▋ | 76/88 [00:18<00:02,  4.03it/s, loss=0.252]
  epoch 3/3:  86%|████████▋ | 76/88 [00:19<00:02,  4.03it/s, loss=0.251]
  epoch 3/3:  88%|████████▊ | 77/88 [00:19<00:02,  4.04it/s, loss=0.251]
  epoch 3/3:  88%|████████▊ | 77/88 [00:19<00:02,  4.04it/s, loss=0.249]
  epoch 3/3:  89%|████████▊ | 78/88 [00:19<00:02,  4.02it/s, loss=0.249]
  epoch 3/3:  89%|████████▊ | 78/88 [00:19<00:02,  4.02it/s, loss=0.247]
  epoch 3/3:  90%|████████▉ | 79/88 [00:19<00:02,  4.02it/s, loss=0.247]
  epoch 3/3:  90%|████████▉ | 79/88 [00:19<00:02,  4.02it/s, loss=0.246]
  epoch 3/3:  91%|█████████ | 80/88 [00:19<00:02,  3.98it/s, loss=0.246]
  epoch 3/3:  91%|█████████ | 80/88 [00:20<00:02,  3.98it/s, loss=0.246]
  epoch 3/3:  92%|█████████▏| 81/88 [00:20<00:01,  3.99it/s, loss=0.246]
  epoch 3/3:  92%|█████████▏| 81/88 [00:20<00:01,  3.99it/s, loss=0.244]
  epoch 3/3:  93%|█████████▎| 82/88 [00:20<00:01,  3.98it/s, loss=0.244]
  epoch 3/3:  93%|█████████▎| 82/88 [00:20<00:01,  3.98it/s, loss=0.242]
  epoch 3/3:  94%|█████████▍| 83/88 [00:20<00:01,  3.99it/s, loss=0.242]
  epoch 3/3:  94%|█████████▍| 83/88 [00:20<00:01,  3.99it/s, loss=0.244]
  epoch 3/3:  95%|█████████▌| 84/88 [00:20<00:00,  4.00it/s, loss=0.244]
  epoch 3/3:  95%|█████████▌| 84/88 [00:21<00:00,  4.00it/s, loss=0.243]
  epoch 3/3:  97%|█████████▋| 85/88 [00:21<00:00,  3.99it/s, loss=0.243]
  epoch 3/3:  97%|█████████▋| 85/88 [00:21<00:00,  3.99it/s, loss=0.242]
  epoch 3/3:  98%|█████████▊| 86/88 [00:21<00:00,  3.99it/s, loss=0.242]
  epoch 3/3:  98%|█████████▊| 86/88 [00:21<00:00,  3.99it/s, loss=0.241]
  epoch 3/3:  99%|█████████▉| 87/88 [00:21<00:00,  4.01it/s, loss=0.241]
  epoch 3/3:  99%|█████████▉| 87/88 [00:21<00:00,  4.01it/s, loss=0.240]
  epoch 3/3: 100%|██████████| 88/88 [00:21<00:00,  4.33it/s, loss=0.240]
                                                                        
[titans] reset=never | norm(state) sau task = 96.2230
[titans]   self-mod v:β=0.94 |W|=0.65
[titans]   eta_t(avg)=0.7642  alpha_t/forget-gate(avg)=0.8732
[task 0] test acc so far: 0.940
[task 0] NCM-online acc so far: 0.929
[task 0] NCM-posthoc acc so far: 0.929
[checkpoint] đã lưu tiến độ sau task 0
[task 1] classes=[7, 11, 21, 41, 43] | train=2800

  epoch 1/3:   0%|          | 0/88 [00:00<?, ?it/s]
  epoch 1/3:   0%|          | 0/88 [00:00<?, ?it/s, loss=1.491]
  epoch 1/3:   1%|          | 1/88 [00:00<01:09,  1.26it/s, loss=1.491]
  epoch 1/3:   1%|          | 1/88 [00:01<01:09,  1.26it/s, loss=1.493]
  epoch 1/3:   2%|▏         | 2/88 [00:01<00:40,  2.12it/s, loss=1.493]
  epoch 1/3:   2%|▏         | 2/88 [00:01<00:40,  2.12it/s, loss=1.464]
  epoch 1/3:   3%|▎         | 3/88 [00:01<00:31,  2.72it/s, loss=1.464]
  epoch 1/3:   3%|▎         | 3/88 [00:01<00:31,  2.72it/s, loss=1.487]
  epoch 1/3:   5%|▍         | 4/88 [00:01<00:26,  3.12it/s, loss=1.487]
  epoch 1/3:   5%|▍         | 4/88 [00:01<00:26,  3.12it/s, loss=1.499]
  epoch 1/3:   6%|▌         | 5/88 [00:01<00:24,  3.42it/s, loss=1.499]
  epoch 1/3:   6%|▌         | 5/88 [00:02<00:24,  3.42it/s, loss=1.491]
  epoch 1/3:   7%|▋         | 6/88 [00:02<00:22,  3.63it/s, loss=1.491]
  epoch 1/3:   7%|▋         | 6/88 [00:02<00:22,  3.63it/s, loss=1.491]
  epoch 1/3:   8%|▊         | 7/88 [00:02<00:21,  3.77it/s, loss=1.491]
  epoch 1/3:   8%|▊         | 7/88 [00:02<00:21,  3.77it/s, loss=1.490]
  epoch 1/3:   9%|▉         | 8/88 [00:02<00:20,  3.81it/s, loss=1.490]
  epoch 1/3:   9%|▉         | 8/88 [00:02<00:20,  3.81it/s, loss=1.485]
  epoch 1/3:  10%|█         | 9/88 [00:02<00:20,  3.89it/s, loss=1.485]
  epoch 1/3:  10%|█         | 9/88 [00:03<00:20,  3.89it/s, loss=1.484]
  epoch 1/3:  11%|█▏        | 10/88 [00:03<00:19,  3.95it/s, loss=1.484]
  epoch 1/3:  11%|█▏        | 10/88 [00:03<00:19,  3.95it/s, loss=1.483]
  epoch 1/3:  12%|█▎        | 11/88 [00:03<00:19,  4.00it/s, loss=1.483]
  epoch 1/3:  12%|█▎        | 11/88 [00:03<00:19,  4.00it/s, loss=1.469]
  epoch 1/3:  14%|█▎        | 12/88 [00:03<00:18,  4.02it/s, loss=1.469]
  epoch 1/3:  14%|█▎        | 12/88 [00:03<00:18,  4.02it/s, loss=1.471]
  epoch 1/3:  15%|█▍        | 13/88 [00:03<00:18,  4.02it/s, loss=1.471]
  epoch 1/3:  15%|█▍        | 13/88 [00:03<00:18,  4.02it/s, loss=1.466]
  epoch 1/3:  16%|█▌        | 14/88 [00:03<00:18,  4.04it/s, loss=1.466]
  epoch 1/3:  16%|█▌        | 14/88 [00:04<00:18,  4.04it/s, loss=1.458]
  epoch 1/3:  17%|█▋        | 15/88 [00:04<00:17,  4.07it/s, loss=1.458]
  epoch 1/3:  17%|█▋        | 15/88 [00:04<00:17,  4.07it/s, loss=1.448]
  epoch 1/3:  18%|█▊        | 16/88 [00:04<00:17,  4.08it/s, loss=1.448]
  epoch 1/3:  18%|█▊        | 16/88 [00:04<00:17,  4.08it/s, loss=1.436]
  epoch 1/3:  19%|█▉        | 17/88 [00:04<00:17,  4.09it/s, loss=1.436]
  epoch 1/3:  19%|█▉        | 17/88 [00:04<00:17,  4.09it/s, loss=1.429]
  epoch 1/3:  20%|██        | 18/88 [00:04<00:17,  4.10it/s, loss=1.429]
  epoch 1/3:  20%|██        | 18/88 [00:05<00:17,  4.10it/s, loss=1.427]
  epoch 1/3:  22%|██▏       | 19/88 [00:05<00:16,  4.10it/s, loss=1.427]
  epoch 1/3:  22%|██▏       | 19/88 [00:05<00:16,  4.10it/s, loss=1.418]
  epoch 1/3:  23%|██▎       | 20/88 [00:05<00:16,  4.10it/s, loss=1.418]
  epoch 1/3:  23%|██▎       | 20/88 [00:05<00:16,  4.10it/s, loss=1.411]
  epoch 1/3:  24%|██▍       | 21/88 [00:05<00:16,  4.10it/s, loss=1.411]
  epoch 1/3:  24%|██▍       | 21/88 [00:05<00:16,  4.10it/s, loss=1.406]
  epoch 1/3:  25%|██▌       | 22/88 [00:05<00:16,  4.11it/s, loss=1.406]
  epoch 1/3:  25%|██▌       | 22/88 [00:06<00:16,  4.11it/s, loss=1.400]
  epoch 1/3:  26%|██▌       | 23/88 [00:06<00:15,  4.12it/s, loss=1.400]
  epoch 1/3:  26%|██▌       | 23/88 [00:06<00:15,  4.12it/s, loss=1.393]
  epoch 1/3:  27%|██▋       | 24/88 [00:06<00:15,  4.06it/s, loss=1.393]
  epoch 1/3:  27%|██▋       | 24/88 [00:06<00:15,  4.06it/s, loss=1.389]
  epoch 1/3:  28%|██▊       | 25/88 [00:06<00:15,  4.07it/s, loss=1.389]
  epoch 1/3:  28%|██▊       | 25/88 [00:06<00:15,  4.07it/s, loss=1.383]
  epoch 1/3:  30%|██▉       | 26/88 [00:06<00:15,  4.11it/s, loss=1.383]
  epoch 1/3:  30%|██▉       | 26/88 [00:07<00:15,  4.11it/s, loss=1.375]
  epoch 1/3:  31%|███       | 27/88 [00:07<00:14,  4.12it/s, loss=1.375]
  epoch 1/3:  31%|███       | 27/88 [00:07<00:14,  4.12it/s, loss=1.370]
  epoch 1/3:  32%|███▏      | 28/88 [00:07<00:14,  4.12it/s, loss=1.370]
  epoch 1/3:  32%|███▏      | 28/88 [00:07<00:14,  4.12it/s, loss=1.365]
  epoch 1/3:  33%|███▎      | 29/88 [00:07<00:14,  4.09it/s, loss=1.365]
  epoch 1/3:  33%|███▎      | 29/88 [00:07<00:14,  4.09it/s, loss=1.360]
  epoch 1/3:  34%|███▍      | 30/88 [00:07<00:14,  4.11it/s, loss=1.360]
  epoch 1/3:  34%|███▍      | 30/88 [00:08<00:14,  4.11it/s, loss=1.355]
  epoch 1/3:  35%|███▌      | 31/88 [00:08<00:13,  4.11it/s, loss=1.355]
  epoch 1/3:  35%|███▌      | 31/88 [00:08<00:13,  4.11it/s, loss=1.353]
  epoch 1/3:  36%|███▋      | 32/88 [00:08<00:13,  4.12it/s, loss=1.353]
  epoch 1/3:  36%|███▋      | 32/88 [00:08<00:13,  4.12it/s, loss=1.348]
  epoch 1/3:  38%|███▊      | 33/88 [00:08<00:13,  4.12it/s, loss=1.348]
  epoch 1/3:  38%|███▊      | 33/88 [00:08<00:13,  4.12it/s, loss=1.343]
  epoch 1/3:  39%|███▊      | 34/88 [00:08<00:13,  4.11it/s, loss=1.343]
  epoch 1/3:  39%|███▊      | 34/88 [00:09<00:13,  4.11it/s, loss=1.337]
  epoch 1/3:  40%|███▉      | 35/88 [00:09<00:12,  4.10it/s, loss=1.337]
  epoch 1/3:  40%|███▉      | 35/88 [00:09<00:12,  4.10it/s, loss=1.333]
  epoch 1/3:  41%|████      | 36/88 [00:09<00:12,  4.11it/s, loss=1.333]
  epoch 1/3:  41%|████      | 36/88 [00:09<00:12,  4.11it/s, loss=1.328]
  epoch 1/3:  42%|████▏     | 37/88 [00:09<00:12,  4.11it/s, loss=1.328]
  epoch 1/3:  42%|████▏     | 37/88 [00:09<00:12,  4.11it/s, loss=1.321]
  epoch 1/3:  43%|████▎     | 38/88 [00:09<00:12,  4.13it/s, loss=1.321]
  epoch 1/3:  43%|████▎     | 38/88 [00:10<00:12,  4.13it/s, loss=1.318]
  epoch 1/3:  44%|████▍     | 39/88 [00:10<00:11,  4.12it/s, loss=1.318]
  epoch 1/3:  44%|████▍     | 39/88 [00:10<00:11,  4.12it/s, loss=1.312]
  epoch 1/3:  45%|████▌     | 40/88 [00:10<00:11,  4.05it/s, loss=1.312]
  epoch 1/3:  45%|████▌     | 40/88 [00:10<00:11,  4.05it/s, loss=1.308]
  epoch 1/3:  47%|████▋     | 41/88 [00:10<00:11,  4.07it/s, loss=1.308]
  epoch 1/3:  47%|████▋     | 41/88 [00:10<00:11,  4.07it/s, loss=1.304]
  epoch 1/3:  48%|████▊     | 42/88 [00:10<00:11,  4.07it/s, loss=1.304]
  epoch 1/3:  48%|████▊     | 42/88 [00:11<00:11,  4.07it/s, loss=1.299]
  epoch 1/3:  49%|████▉     | 43/88 [00:11<00:11,  4.06it/s, loss=1.299]
  epoch 1/3:  49%|████▉     | 43/88 [00:11<00:11,  4.06it/s, loss=1.291]
  epoch 1/3:  50%|█████     | 44/88 [00:11<00:10,  4.07it/s, loss=1.291]
  epoch 1/3:  50%|█████     | 44/88 [00:11<00:10,  4.07it/s, loss=1.285]
  epoch 1/3:  51%|█████     | 45/88 [00:11<00:10,  4.02it/s, loss=1.285]
  epoch 1/3:  51%|█████     | 45/88 [00:11<00:10,  4.02it/s, loss=1.279]
  epoch 1/3:  52%|█████▏    | 46/88 [00:11<00:10,  4.06it/s, loss=1.279]
  epoch 1/3:  52%|█████▏    | 46/88 [00:12<00:10,  4.06it/s, loss=1.274]
  epoch 1/3:  53%|█████▎    | 47/88 [00:12<00:10,  4.08it/s, loss=1.274]
  epoch 1/3:  53%|█████▎    | 47/88 [00:12<00:10,  4.08it/s, loss=1.269]
  epoch 1/3:  55%|█████▍    | 48/88 [00:12<00:09,  4.09it/s, loss=1.269]
  epoch 1/3:  55%|█████▍    | 48/88 [00:12<00:09,  4.09it/s, loss=1.261]
  epoch 1/3:  56%|█████▌    | 49/88 [00:12<00:09,  4.10it/s, loss=1.261]
  epoch 1/3:  56%|█████▌    | 49/88 [00:12<00:09,  4.10it/s, loss=1.255]
  epoch 1/3:  57%|█████▋    | 50/88 [00:12<00:09,  4.11it/s, loss=1.255]
  epoch 1/3:  57%|█████▋    | 50/88 [00:13<00:09,  4.11it/s, loss=1.251]
  epoch 1/3:  58%|█████▊    | 51/88 [00:13<00:09,  4.10it/s, loss=1.251]
  epoch 1/3:  58%|█████▊    | 51/88 [00:13<00:09,  4.10it/s, loss=1.249]
  epoch 1/3:  59%|█████▉    | 52/88 [00:13<00:08,  4.11it/s, loss=1.249]
  epoch 1/3:  59%|█████▉    | 52/88 [00:13<00:08,  4.11it/s, loss=1.245]
  epoch 1/3:  60%|██████    | 53/88 [00:13<00:08,  4.14it/s, loss=1.245]
  epoch 1/3:  60%|██████    | 53/88 [00:13<00:08,  4.14it/s, loss=1.240]
  epoch 1/3:  61%|██████▏   | 54/88 [00:13<00:08,  4.13it/s, loss=1.240]
  epoch 1/3:  61%|██████▏   | 54/88 [00:13<00:08,  4.13it/s, loss=1.235]
  epoch 1/3:  62%|██████▎   | 55/88 [00:13<00:07,  4.13it/s, loss=1.235]
  epoch 1/3:  62%|██████▎   | 55/88 [00:14<00:07,  4.13it/s, loss=1.231]
  epoch 1/3:  64%|██████▎   | 56/88 [00:14<00:07,  4.06it/s, loss=1.231]
  epoch 1/3:  64%|██████▎   | 56/88 [00:14<00:07,  4.06it/s, loss=1.228]
  epoch 1/3:  65%|██████▍   | 57/88 [00:14<00:07,  4.07it/s, loss=1.228]
  epoch 1/3:  65%|██████▍   | 57/88 [00:14<00:07,  4.07it/s, loss=1.223]
  epoch 1/3:  66%|██████▌   | 58/88 [00:14<00:07,  4.09it/s, loss=1.223]
  epoch 1/3:  66%|██████▌   | 58/88 [00:14<00:07,  4.09it/s, loss=1.218]
  epoch 1/3:  67%|██████▋   | 59/88 [00:14<00:07,  4.08it/s, loss=1.218]
  epoch 1/3:  67%|██████▋   | 59/88 [00:15<00:07,  4.08it/s, loss=1.212]
  epoch 1/3:  68%|██████▊   | 60/88 [00:15<00:06,  4.09it/s, loss=1.212]
  epoch 1/3:  68%|██████▊   | 60/88 [00:15<00:06,  4.09it/s, loss=1.207]
  epoch 1/3:  69%|██████▉   | 61/88 [00:15<00:06,  4.09it/s, loss=1.207]
  epoch 1/3:  69%|██████▉   | 61/88 [00:15<00:06,  4.09it/s, loss=1.202]
  epoch 1/3:  70%|███████   | 62/88 [00:15<00:06,  4.09it/s, loss=1.202]
  epoch 1/3:  70%|███████   | 62/88 [00:15<00:06,  4.09it/s, loss=1.197]
  epoch 1/3:  72%|███████▏  | 63/88 [00:15<00:06,  4.07it/s, loss=1.197]
  epoch 1/3:  72%|███████▏  | 63/88 [00:16<00:06,  4.07it/s, loss=1.192]
  epoch 1/3:  73%|███████▎  | 64/88 [00:16<00:05,  4.09it/s, loss=1.192]
  epoch 1/3:  73%|███████▎  | 64/88 [00:16<00:05,  4.09it/s, loss=1.188]
  epoch 1/3:  74%|███████▍  | 65/88 [00:16<00:05,  4.09it/s, loss=1.188]
  epoch 1/3:  74%|███████▍  | 65/88 [00:16<00:05,  4.09it/s, loss=1.184]
  epoch 1/3:  75%|███████▌  | 66/88 [00:16<00:05,  4.11it/s, loss=1.184]
  epoch 1/3:  75%|███████▌  | 66/88 [00:16<00:05,  4.11it/s, loss=1.180]
  epoch 1/3:  76%|███████▌  | 67/88 [00:16<00:05,  4.12it/s, loss=1.180]
  epoch 1/3:  76%|███████▌  | 67/88 [00:17<00:05,  4.12it/s, loss=1.175]
  epoch 1/3:  77%|███████▋  | 68/88 [00:17<00:04,  4.11it/s, loss=1.175]
  epoch 1/3:  77%|███████▋  | 68/88 [00:17<00:04,  4.11it/s, loss=1.170]
  epoch 1/3:  78%|███████▊  | 69/88 [00:17<00:04,  4.11it/s, loss=1.170]
  epoch 1/3:  78%|███████▊  | 69/88 [00:17<00:04,  4.11it/s, loss=1.165]
  epoch 1/3:  80%|███████▉  | 70/88 [00:17<00:04,  4.11it/s, loss=1.165]
  epoch 1/3:  80%|███████▉  | 70/88 [00:17<00:04,  4.11it/s, loss=1.161]
  epoch 1/3:  81%|████████  | 71/88 [00:17<00:04,  4.11it/s, loss=1.161]
  epoch 1/3:  81%|████████  | 71/88 [00:18<00:04,  4.11it/s, loss=1.156]
  epoch 1/3:  82%|████████▏ | 72/88 [00:18<00:03,  4.05it/s, loss=1.156]
  epoch 1/3:  82%|████████▏ | 72/88 [00:18<00:03,  4.05it/s, loss=1.153]
  epoch 1/3:  83%|████████▎ | 73/88 [00:18<00:03,  4.08it/s, loss=1.153]
  epoch 1/3:  83%|████████▎ | 73/88 [00:18<00:03,  4.08it/s, loss=1.148]
  epoch 1/3:  84%|████████▍ | 74/88 [00:18<00:03,  4.09it/s, loss=1.148]
  epoch 1/3:  84%|████████▍ | 74/88 [00:18<00:03,  4.09it/s, loss=1.145]
  epoch 1/3:  85%|████████▌ | 75/88 [00:18<00:03,  4.11it/s, loss=1.145]
  epoch 1/3:  85%|████████▌ | 75/88 [00:19<00:03,  4.11it/s, loss=1.142]
  epoch 1/3:  86%|████████▋ | 76/88 [00:19<00:02,  4.12it/s, loss=1.142]
  epoch 1/3:  86%|████████▋ | 76/88 [00:19<00:02,  4.12it/s, loss=1.137]
  epoch 1/3:  88%|████████▊ | 77/88 [00:19<00:02,  4.12it/s, loss=1.137]
  epoch 1/3:  88%|████████▊ | 77/88 [00:19<00:02,  4.12it/s, loss=1.132]
  epoch 1/3:  89%|████████▊ | 78/88 [00:19<00:02,  4.13it/s, loss=1.132]
  epoch 1/3:  89%|████████▊ | 78/88 [00:19<00:02,  4.13it/s, loss=1.126]
  epoch 1/3:  90%|████████▉ | 79/88 [00:19<00:02,  4.13it/s, loss=1.126]
  epoch 1/3:  90%|████████▉ | 79/88 [00:20<00:02,  4.13it/s, loss=1.123]
  epoch 1/3:  91%|█████████ | 80/88 [00:20<00:01,  4.11it/s, loss=1.123]
  epoch 1/3:  91%|█████████ | 80/88 [00:20<00:01,  4.11it/s, loss=1.120]
  epoch 1/3:  92%|█████████▏| 81/88 [00:20<00:01,  4.11it/s, loss=1.120]
  epoch 1/3:  92%|█████████▏| 81/88 [00:20<00:01,  4.11it/s, loss=1.116]
  epoch 1/3:  93%|█████████▎| 82/88 [00:20<00:01,  4.11it/s, loss=1.116]
  epoch 1/3:  93%|█████████▎| 82/88 [00:20<00:01,  4.11it/s, loss=1.111]
  epoch 1/3:  94%|█████████▍| 83/88 [00:20<00:01,  4.11it/s, loss=1.111]
  epoch 1/3:  94%|█████████▍| 83/88 [00:21<00:01,  4.11it/s, loss=1.106]
  epoch 1/3:  95%|█████████▌| 84/88 [00:21<00:00,  4.11it/s, loss=1.106]
  epoch 1/3:  95%|█████████▌| 84/88 [00:21<00:00,  4.11it/s, loss=1.103]
  epoch 1/3:  97%|█████████▋| 85/88 [00:21<00:00,  4.11it/s, loss=1.103]
  epoch 1/3:  97%|█████████▋| 85/88 [00:21<00:00,  4.11it/s, loss=1.099]
  epoch 1/3:  98%|█████████▊| 86/88 [00:21<00:00,  4.11it/s, loss=1.099]
  epoch 1/3:  98%|█████████▊| 86/88 [00:21<00:00,  4.11it/s, loss=1.096]
  epoch 1/3:  99%|█████████▉| 87/88 [00:21<00:00,  4.11it/s, loss=1.096]
  epoch 1/3:  99%|█████████▉| 87/88 [00:21<00:00,  4.11it/s, loss=1.093]
  epoch 1/3: 100%|██████████| 88/88 [00:21<00:00,  4.40it/s, loss=1.093]
                                                                        

  epoch 2/3:   0%|          | 0/88 [00:00<?, ?it/s]
  epoch 2/3:   0%|          | 0/88 [00:00<?, ?it/s, loss=0.628]
  epoch 2/3:   1%|          | 1/88 [00:00<00:45,  1.91it/s, loss=0.628]
  epoch 2/3:   1%|          | 1/88 [00:00<00:45,  1.91it/s, loss=0.665]
  epoch 2/3:   2%|▏         | 2/88 [00:00<00:30,  2.79it/s, loss=0.665]
  epoch 2/3:   2%|▏         | 2/88 [00:01<00:30,  2.79it/s, loss=0.667]
  epoch 2/3:   3%|▎         | 3/88 [00:01<00:26,  3.26it/s, loss=0.667]
  epoch 2/3:   3%|▎         | 3/88 [00:01<00:26,  3.26it/s, loss=0.663]
  epoch 2/3:   5%|▍         | 4/88 [00:01<00:23,  3.55it/s, loss=0.663]
  epoch 2/3:   5%|▍         | 4/88 [00:01<00:23,  3.55it/s, loss=0.662]
  epoch 2/3:   6%|▌         | 5/88 [00:01<00:22,  3.73it/s, loss=0.662]
  epoch 2/3:   6%|▌         | 5/88 [00:01<00:22,  3.73it/s, loss=0.665]
  epoch 2/3:   7%|▋         | 6/88 [00:01<00:21,  3.84it/s, loss=0.665]
  epoch 2/3:   7%|▋         | 6/88 [00:01<00:21,  3.84it/s, loss=0.660]
  epoch 2/3:   8%|▊         | 7/88 [00:01<00:20,  3.93it/s, loss=0.660]
  epoch 2/3:   8%|▊         | 7/88 [00:02<00:20,  3.93it/s, loss=0.675]
  epoch 2/3:   9%|▉         | 8/88 [00:02<00:20,  3.98it/s, loss=0.675]
  epoch 2/3:   9%|▉         | 8/88 [00:02<00:20,  3.98it/s, loss=0.677]
  epoch 2/3:  10%|█         | 9/88 [00:02<00:19,  4.02it/s, loss=0.677]
  epoch 2/3:  10%|█         | 9/88 [00:02<00:19,  4.02it/s, loss=0.671]
  epoch 2/3:  11%|█▏        | 10/88 [00:02<00:19,  4.04it/s, loss=0.671]
  epoch 2/3:  11%|█▏        | 10/88 [00:02<00:19,  4.04it/s, loss=0.663]
  epoch 2/3:  12%|█▎        | 11/88 [00:02<00:18,  4.06it/s, loss=0.663]
  epoch 2/3:  12%|█▎        | 11/88 [00:03<00:18,  4.06it/s, loss=0.668]
  epoch 2/3:  14%|█▎        | 12/88 [00:03<00:18,  4.08it/s, loss=0.668]
  epoch 2/3:  14%|█▎        | 12/88 [00:03<00:18,  4.08it/s, loss=0.667]
  epoch 2/3:  15%|█▍        | 13/88 [00:03<00:18,  4.09it/s, loss=0.667]
  epoch 2/3:  15%|█▍        | 13/88 [00:03<00:18,  4.09it/s, loss=0.665]
  epoch 2/3:  16%|█▌        | 14/88 [00:03<00:18,  4.09it/s, loss=0.665]
  epoch 2/3:  16%|█▌        | 14/88 [00:03<00:18,  4.09it/s, loss=0.660]
  epoch 2/3:  17%|█▋        | 15/88 [00:03<00:17,  4.10it/s, loss=0.660]
  epoch 2/3:  17%|█▋        | 15/88 [00:04<00:17,  4.10it/s, loss=0.648]
  epoch 2/3:  18%|█▊        | 16/88 [00:04<00:17,  4.04it/s, loss=0.648]
  epoch 2/3:  18%|█▊        | 16/88 [00:04<00:17,  4.04it/s, loss=0.650]
  epoch 2/3:  19%|█▉        | 17/88 [00:04<00:17,  4.07it/s, loss=0.650]
  epoch 2/3:  19%|█▉        | 17/88 [00:04<00:17,  4.07it/s, loss=0.655]
  epoch 2/3:  20%|██        | 18/88 [00:04<00:17,  4.08it/s, loss=0.655]
  epoch 2/3:  20%|██        | 18/88 [00:04<00:17,  4.08it/s, loss=0.651]
  epoch 2/3:  22%|██▏       | 19/88 [00:04<00:16,  4.09it/s, loss=0.651]
  epoch 2/3:  22%|██▏       | 19/88 [00:05<00:16,  4.09it/s, loss=0.648]
  epoch 2/3:  23%|██▎       | 20/88 [00:05<00:16,  4.12it/s, loss=0.648]
  epoch 2/3:  23%|██▎       | 20/88 [00:05<00:16,  4.12it/s, loss=0.644]
  epoch 2/3:  24%|██▍       | 21/88 [00:05<00:16,  4.13it/s, loss=0.644]
  epoch 2/3:  24%|██▍       | 21/88 [00:05<00:16,  4.13it/s, loss=0.637]
  epoch 2/3:  25%|██▌       | 22/88 [00:05<00:15,  4.13it/s, loss=0.637]
  epoch 2/3:  25%|██▌       | 22/88 [00:05<00:15,  4.13it/s, loss=0.640]
  epoch 2/3:  26%|██▌       | 23/88 [00:05<00:15,  4.13it/s, loss=0.640]
  epoch 2/3:  26%|██▌       | 23/88 [00:06<00:15,  4.13it/s, loss=0.639]
  epoch 2/3:  27%|██▋       | 24/88 [00:06<00:15,  4.12it/s, loss=0.639]
  epoch 2/3:  27%|██▋       | 24/88 [00:06<00:15,  4.12it/s, loss=0.635]
  epoch 2/3:  28%|██▊       | 25/88 [00:06<00:15,  4.13it/s, loss=0.635]
  epoch 2/3:  28%|██▊       | 25/88 [00:06<00:15,  4.13it/s, loss=0.639]
  epoch 2/3:  30%|██▉       | 26/88 [00:06<00:15,  4.13it/s, loss=0.639]
  epoch 2/3:  30%|██▉       | 26/88 [00:06<00:15,  4.13it/s, loss=0.634]
  epoch 2/3:  31%|███       | 27/88 [00:06<00:14,  4.11it/s, loss=0.634]
  epoch 2/3:  31%|███       | 27/88 [00:07<00:14,  4.11it/s, loss=0.629]
  epoch 2/3:  32%|███▏      | 28/88 [00:07<00:14,  4.11it/s, loss=0.629]
  epoch 2/3:  32%|███▏      | 28/88 [00:07<00:14,  4.11it/s, loss=0.622]
  epoch 2/3:  33%|███▎      | 29/88 [00:07<00:14,  4.11it/s, loss=0.622]
  epoch 2/3:  33%|███▎      | 29/88 [00:07<00:14,  4.11it/s, loss=0.620]
  epoch 2/3:  34%|███▍      | 30/88 [00:07<00:14,  4.10it/s, loss=0.620]
  epoch 2/3:  34%|███▍      | 30/88 [00:07<00:14,  4.10it/s, loss=0.619]
  epoch 2/3:  35%|███▌      | 31/88 [00:07<00:13,  4.11it/s, loss=0.619]
  epoch 2/3:  35%|███▌      | 31/88 [00:08<00:13,  4.11it/s, loss=0.616]
  epoch 2/3:  36%|███▋      | 32/88 [00:08<00:13,  4.05it/s, loss=0.616]
  epoch 2/3:  36%|███▋      | 32/88 [00:08<00:13,  4.05it/s, loss=0.617]
  epoch 2/3:  38%|███▊      | 33/88 [00:08<00:13,  4.07it/s, loss=0.617]
  epoch 2/3:  38%|███▊      | 33/88 [00:08<00:13,  4.07it/s, loss=0.613]
  epoch 2/3:  39%|███▊      | 34/88 [00:08<00:13,  4.06it/s, loss=0.613]
  epoch 2/3:  39%|███▊      | 34/88 [00:08<00:13,  4.06it/s, loss=0.610]
  epoch 2/3:  40%|███▉      | 35/88 [00:08<00:13,  4.07it/s, loss=0.610]
  epoch 2/3:  40%|███▉      | 35/88 [00:09<00:13,  4.07it/s, loss=0.611]
  epoch 2/3:  41%|████      | 36/88 [00:09<00:12,  4.08it/s, loss=0.611]
  epoch 2/3:  41%|████      | 36/88 [00:09<00:12,  4.08it/s, loss=0.609]
  epoch 2/3:  42%|████▏     | 37/88 [00:09<00:12,  4.09it/s, loss=0.609]
  epoch 2/3:  42%|████▏     | 37/88 [00:09<00:12,  4.09it/s, loss=0.610]
  epoch 2/3:  43%|████▎     | 38/88 [00:09<00:12,  4.08it/s, loss=0.610]
  epoch 2/3:  43%|████▎     | 38/88 [00:09<00:12,  4.08it/s, loss=0.608]
  epoch 2/3:  44%|████▍     | 39/88 [00:09<00:11,  4.09it/s, loss=0.608]
  epoch 2/3:  44%|████▍     | 39/88 [00:10<00:11,  4.09it/s, loss=0.605]
  epoch 2/3:  45%|████▌     | 40/88 [00:10<00:11,  4.10it/s, loss=0.605]
  epoch 2/3:  45%|████▌     | 40/88 [00:10<00:11,  4.10it/s, loss=0.601]
  epoch 2/3:  47%|████▋     | 41/88 [00:10<00:11,  4.09it/s, loss=0.601]
  epoch 2/3:  47%|████▋     | 41/88 [00:10<00:11,  4.09it/s, loss=0.599]
  epoch 2/3:  48%|████▊     | 42/88 [00:10<00:11,  4.10it/s, loss=0.599]
  epoch 2/3:  48%|████▊     | 42/88 [00:10<00:11,  4.10it/s, loss=0.596]
  epoch 2/3:  49%|████▉     | 43/88 [00:10<00:10,  4.10it/s, loss=0.596]
  epoch 2/3:  49%|████▉     | 43/88 [00:11<00:10,  4.10it/s, loss=0.594]
  epoch 2/3:  50%|█████     | 44/88 [00:11<00:10,  4.10it/s, loss=0.594]
  epoch 2/3:  50%|█████     | 44/88 [00:11<00:10,  4.10it/s, loss=0.592]
  epoch 2/3:  51%|█████     | 45/88 [00:11<00:10,  4.10it/s, loss=0.592]
  epoch 2/3:  51%|█████     | 45/88 [00:11<00:10,  4.10it/s, loss=0.589]
  epoch 2/3:  52%|█████▏    | 46/88 [00:11<00:10,  4.10it/s, loss=0.589]
  epoch 2/3:  52%|█████▏    | 46/88 [00:11<00:10,  4.10it/s, loss=0.586]
  epoch 2/3:  53%|█████▎    | 47/88 [00:11<00:09,  4.10it/s, loss=0.586]
  epoch 2/3:  53%|█████▎    | 47/88 [00:11<00:09,  4.10it/s, loss=0.582]
  epoch 2/3:  55%|█████▍    | 48/88 [00:11<00:09,  4.05it/s, loss=0.582]
  epoch 2/3:  55%|█████▍    | 48/88 [00:12<00:09,  4.05it/s, loss=0.579]
  epoch 2/3:  56%|█████▌    | 49/88 [00:12<00:09,  4.09it/s, loss=0.579]
  epoch 2/3:  56%|█████▌    | 49/88 [00:12<00:09,  4.09it/s, loss=0.578]
  epoch 2/3:  57%|█████▋    | 50/88 [00:12<00:09,  4.10it/s, loss=0.578]
  epoch 2/3:  57%|█████▋    | 50/88 [00:12<00:09,  4.10it/s, loss=0.575]
  epoch 2/3:  58%|█████▊    | 51/88 [00:12<00:08,  4.11it/s, loss=0.575]
  epoch 2/3:  58%|█████▊    | 51/88 [00:12<00:08,  4.11it/s, loss=0.574]
  epoch 2/3:  59%|█████▉    | 52/88 [00:12<00:08,  4.12it/s, loss=0.574]
  epoch 2/3:  59%|█████▉    | 52/88 [00:13<00:08,  4.12it/s, loss=0.571]
  epoch 2/3:  60%|██████    | 53/88 [00:13<00:08,  4.11it/s, loss=0.571]
  epoch 2/3:  60%|██████    | 53/88 [00:13<00:08,  4.11it/s, loss=0.569]
  epoch 2/3:  61%|██████▏   | 54/88 [00:13<00:08,  4.10it/s, loss=0.569]
  epoch 2/3:  61%|██████▏   | 54/88 [00:13<00:08,  4.10it/s, loss=0.566]
  epoch 2/3:  62%|██████▎   | 55/88 [00:13<00:08,  4.12it/s, loss=0.566]
  epoch 2/3:  62%|██████▎   | 55/88 [00:13<00:08,  4.12it/s, loss=0.563]
  epoch 2/3:  64%|██████▎   | 56/88 [00:13<00:07,  4.11it/s, loss=0.563]
  epoch 2/3:  64%|██████▎   | 56/88 [00:14<00:07,  4.11it/s, loss=0.563]
  epoch 2/3:  65%|██████▍   | 57/88 [00:14<00:07,  4.11it/s, loss=0.563]
  epoch 2/3:  65%|██████▍   | 57/88 [00:14<00:07,  4.11it/s, loss=0.560]
  epoch 2/3:  66%|██████▌   | 58/88 [00:14<00:07,  4.11it/s, loss=0.560]
  epoch 2/3:  66%|██████▌   | 58/88 [00:14<00:07,  4.11it/s, loss=0.558]
  epoch 2/3:  67%|██████▋   | 59/88 [00:14<00:07,  4.11it/s, loss=0.558]
  epoch 2/3:  67%|██████▋   | 59/88 [00:14<00:07,  4.11it/s, loss=0.557]
  epoch 2/3:  68%|██████▊   | 60/88 [00:14<00:06,  4.12it/s, loss=0.557]
  epoch 2/3:  68%|██████▊   | 60/88 [00:15<00:06,  4.12it/s, loss=0.554]
  epoch 2/3:  69%|██████▉   | 61/88 [00:15<00:06,  4.11it/s, loss=0.554]
  epoch 2/3:  69%|██████▉   | 61/88 [00:15<00:06,  4.11it/s, loss=0.552]
  epoch 2/3:  70%|███████   | 62/88 [00:15<00:06,  4.11it/s, loss=0.552]
  epoch 2/3:  70%|███████   | 62/88 [00:15<00:06,  4.11it/s, loss=0.550]
  epoch 2/3:  72%|███████▏  | 63/88 [00:15<00:06,  4.11it/s, loss=0.550]
  epoch 2/3:  72%|███████▏  | 63/88 [00:15<00:06,  4.11it/s, loss=0.547]
  epoch 2/3:  73%|███████▎  | 64/88 [00:15<00:05,  4.05it/s, loss=0.547]
  epoch 2/3:  73%|███████▎  | 64/88 [00:16<00:05,  4.05it/s, loss=0.545]
  epoch 2/3:  74%|███████▍  | 65/88 [00:16<00:05,  4.06it/s, loss=0.545]
  epoch 2/3:  74%|███████▍  | 65/88 [00:16<00:05,  4.06it/s, loss=0.543]
  epoch 2/3:  75%|███████▌  | 66/88 [00:16<00:05,  4.06it/s, loss=0.543]
  epoch 2/3:  75%|███████▌  | 66/88 [00:16<00:05,  4.06it/s, loss=0.540]
  epoch 2/3:  76%|███████▌  | 67/88 [00:16<00:05,  4.06it/s, loss=0.540]
  epoch 2/3:  76%|███████▌  | 67/88 [00:16<00:05,  4.06it/s, loss=0.539]
  epoch 2/3:  77%|███████▋  | 68/88 [00:16<00:04,  4.08it/s, loss=0.539]
  epoch 2/3:  77%|███████▋  | 68/88 [00:17<00:04,  4.08it/s, loss=0.537]
  epoch 2/3:  78%|███████▊  | 69/88 [00:17<00:04,  4.08it/s, loss=0.537]
  epoch 2/3:  78%|███████▊  | 69/88 [00:17<00:04,  4.08it/s, loss=0.534]
  epoch 2/3:  80%|███████▉  | 70/88 [00:17<00:04,  4.09it/s, loss=0.534]
  epoch 2/3:  80%|███████▉  | 70/88 [00:17<00:04,  4.09it/s, loss=0.532]
  epoch 2/3:  81%|████████  | 71/88 [00:17<00:04,  4.10it/s, loss=0.532]
  epoch 2/3:  81%|████████  | 71/88 [00:17<00:04,  4.10it/s, loss=0.531]
  epoch 2/3:  82%|████████▏ | 72/88 [00:17<00:03,  4.11it/s, loss=0.531]
  epoch 2/3:  82%|████████▏ | 72/88 [00:18<00:03,  4.11it/s, loss=0.530]
  epoch 2/3:  83%|████████▎ | 73/88 [00:18<00:03,  4.10it/s, loss=0.530]
  epoch 2/3:  83%|████████▎ | 73/88 [00:18<00:03,  4.10it/s, loss=0.527]
  epoch 2/3:  84%|████████▍ | 74/88 [00:18<00:03,  4.11it/s, loss=0.527]
  epoch 2/3:  84%|████████▍ | 74/88 [00:18<00:03,  4.11it/s, loss=0.525]
  epoch 2/3:  85%|████████▌ | 75/88 [00:18<00:03,  4.10it/s, loss=0.525]
  epoch 2/3:  85%|████████▌ | 75/88 [00:18<00:03,  4.10it/s, loss=0.524]
  epoch 2/3:  86%|████████▋ | 76/88 [00:18<00:02,  4.11it/s, loss=0.524]
  epoch 2/3:  86%|████████▋ | 76/88 [00:19<00:02,  4.11it/s, loss=0.521]
  epoch 2/3:  88%|████████▊ | 77/88 [00:19<00:02,  4.11it/s, loss=0.521]
  epoch 2/3:  88%|████████▊ | 77/88 [00:19<00:02,  4.11it/s, loss=0.517]
  epoch 2/3:  89%|████████▊ | 78/88 [00:19<00:02,  4.11it/s, loss=0.517]
  epoch 2/3:  89%|████████▊ | 78/88 [00:19<00:02,  4.11it/s, loss=0.515]
  epoch 2/3:  90%|████████▉ | 79/88 [00:19<00:02,  4.11it/s, loss=0.515]
  epoch 2/3:  90%|████████▉ | 79/88 [00:19<00:02,  4.11it/s, loss=0.514]
  epoch 2/3:  91%|█████████ | 80/88 [00:19<00:01,  4.05it/s, loss=0.514]
  epoch 2/3:  91%|█████████ | 80/88 [00:20<00:01,  4.05it/s, loss=0.512]
  epoch 2/3:  92%|█████████▏| 81/88 [00:20<00:01,  4.06it/s, loss=0.512]
  epoch 2/3:  92%|█████████▏| 81/88 [00:20<00:01,  4.06it/s, loss=0.511]
  epoch 2/3:  93%|█████████▎| 82/88 [00:20<00:01,  4.06it/s, loss=0.511]
  epoch 2/3:  93%|█████████▎| 82/88 [00:20<00:01,  4.06it/s, loss=0.508]
  epoch 2/3:  94%|█████████▍| 83/88 [00:20<00:01,  4.07it/s, loss=0.508]
  epoch 2/3:  94%|█████████▍| 83/88 [00:20<00:01,  4.07it/s, loss=0.507]
  epoch 2/3:  95%|█████████▌| 84/88 [00:20<00:00,  4.08it/s, loss=0.507]
  epoch 2/3:  95%|█████████▌| 84/88 [00:21<00:00,  4.08it/s, loss=0.505]
  epoch 2/3:  97%|█████████▋| 85/88 [00:21<00:00,  4.08it/s, loss=0.505]
  epoch 2/3:  97%|█████████▋| 85/88 [00:21<00:00,  4.08it/s, loss=0.505]
  epoch 2/3:  98%|█████████▊| 86/88 [00:21<00:00,  4.09it/s, loss=0.505]
  epoch 2/3:  98%|█████████▊| 86/88 [00:21<00:00,  4.09it/s, loss=0.504]
  epoch 2/3:  99%|█████████▉| 87/88 [00:21<00:00,  4.09it/s, loss=0.504]
  epoch 2/3:  99%|█████████▉| 87/88 [00:21<00:00,  4.09it/s, loss=0.503]
  epoch 2/3: 100%|██████████| 88/88 [00:21<00:00,  4.44it/s, loss=0.503]
                                                                        

  epoch 3/3:   0%|          | 0/88 [00:00<?, ?it/s]
  epoch 3/3:   0%|          | 0/88 [00:00<?, ?it/s, loss=0.222]
  epoch 3/3:   1%|          | 1/88 [00:00<00:45,  1.91it/s, loss=0.222]
  epoch 3/3:   1%|          | 1/88 [00:00<00:45,  1.91it/s, loss=0.258]
  epoch 3/3:   2%|▏         | 2/88 [00:00<00:31,  2.75it/s, loss=0.258]
  epoch 3/3:   2%|▏         | 2/88 [00:01<00:31,  2.75it/s, loss=0.287]
  epoch 3/3:   3%|▎         | 3/88 [00:01<00:26,  3.26it/s, loss=0.287]
  epoch 3/3:   3%|▎         | 3/88 [00:01<00:26,  3.26it/s, loss=0.314]
  epoch 3/3:   5%|▍         | 4/88 [00:01<00:23,  3.56it/s, loss=0.314]
  epoch 3/3:   5%|▍         | 4/88 [00:01<00:23,  3.56it/s, loss=0.325]
  epoch 3/3:   6%|▌         | 5/88 [00:01<00:22,  3.74it/s, loss=0.325]
  epoch 3/3:   6%|▌         | 5/88 [00:01<00:22,  3.74it/s, loss=0.319]
  epoch 3/3:   7%|▋         | 6/88 [00:01<00:21,  3.87it/s, loss=0.319]
  epoch 3/3:   7%|▋         | 6/88 [00:01<00:21,  3.87it/s, loss=0.321]
  epoch 3/3:   8%|▊         | 7/88 [00:01<00:20,  3.95it/s, loss=0.321]
  epoch 3/3:   8%|▊         | 7/88 [00:02<00:20,  3.95it/s, loss=0.318]
  epoch 3/3:   9%|▉         | 8/88 [00:02<00:20,  3.93it/s, loss=0.318]
  epoch 3/3:   9%|▉         | 8/88 [00:02<00:20,  3.93it/s, loss=0.311]
  epoch 3/3:  10%|█         | 9/88 [00:02<00:19,  3.98it/s, loss=0.311]
  epoch 3/3:  10%|█         | 9/88 [00:02<00:19,  3.98it/s, loss=0.314]
  epoch 3/3:  11%|█▏        | 10/88 [00:02<00:19,  4.01it/s, loss=0.314]
  epoch 3/3:  11%|█▏        | 10/88 [00:02<00:19,  4.01it/s, loss=0.309]
  epoch 3/3:  12%|█▎        | 11/88 [00:02<00:19,  4.03it/s, loss=0.309]
  epoch 3/3:  12%|█▎        | 11/88 [00:03<00:19,  4.03it/s, loss=0.313]
  epoch 3/3:  14%|█▎        | 12/88 [00:03<00:18,  4.05it/s, loss=0.313]
  epoch 3/3:  14%|█▎        | 12/88 [00:03<00:18,  4.05it/s, loss=0.318]
  epoch 3/3:  15%|█▍        | 13/88 [00:03<00:18,  4.06it/s, loss=0.318]
  epoch 3/3:  15%|█▍        | 13/88 [00:03<00:18,  4.06it/s, loss=0.317]
  epoch 3/3:  16%|█▌        | 14/88 [00:03<00:18,  4.06it/s, loss=0.317]
  epoch 3/3:  16%|█▌        | 14/88 [00:03<00:18,  4.06it/s, loss=0.312]
  epoch 3/3:  17%|█▋        | 15/88 [00:03<00:17,  4.09it/s, loss=0.312]
  epoch 3/3:  17%|█▋        | 15/88 [00:04<00:17,  4.09it/s, loss=0.311]
  epoch 3/3:  18%|█▊        | 16/88 [00:04<00:17,  4.09it/s, loss=0.311]
  epoch 3/3:  18%|█▊        | 16/88 [00:04<00:17,  4.09it/s, loss=0.309]
  epoch 3/3:  19%|█▉        | 17/88 [00:04<00:17,  4.07it/s, loss=0.309]
  epoch 3/3:  19%|█▉        | 17/88 [00:04<00:17,  4.07it/s, loss=0.311]
  epoch 3/3:  20%|██        | 18/88 [00:04<00:17,  4.10it/s, loss=0.311]
  epoch 3/3:  20%|██        | 18/88 [00:04<00:17,  4.10it/s, loss=0.317]
  epoch 3/3:  22%|██▏       | 19/88 [00:04<00:16,  4.11it/s, loss=0.317]
  epoch 3/3:  22%|██▏       | 19/88 [00:05<00:16,  4.11it/s, loss=0.315]
  epoch 3/3:  23%|██▎       | 20/88 [00:05<00:16,  4.11it/s, loss=0.315]
  epoch 3/3:  23%|██▎       | 20/88 [00:05<00:16,  4.11it/s, loss=0.310]
  epoch 3/3:  24%|██▍       | 21/88 [00:05<00:16,  4.11it/s, loss=0.310]
  epoch 3/3:  24%|██▍       | 21/88 [00:05<00:16,  4.11it/s, loss=0.307]
  epoch 3/3:  25%|██▌       | 22/88 [00:05<00:16,  4.10it/s, loss=0.307]
  epoch 3/3:  25%|██▌       | 22/88 [00:05<00:16,  4.10it/s, loss=0.302]
  epoch 3/3:  26%|██▌       | 23/88 [00:05<00:15,  4.11it/s, loss=0.302]
  epoch 3/3:  26%|██▌       | 23/88 [00:06<00:15,  4.11it/s, loss=0.303]
  epoch 3/3:  27%|██▋       | 24/88 [00:06<00:15,  4.05it/s, loss=0.303]
  epoch 3/3:  27%|██▋       | 24/88 [00:06<00:15,  4.05it/s, loss=0.301]
  epoch 3/3:  28%|██▊       | 25/88 [00:06<00:15,  4.07it/s, loss=0.301]
  epoch 3/3:  28%|██▊       | 25/88 [00:06<00:15,  4.07it/s, loss=0.300]
  epoch 3/3:  30%|██▉       | 26/88 [00:06<00:15,  4.07it/s, loss=0.300]
  epoch 3/3:  30%|██▉       | 26/88 [00:06<00:15,  4.07it/s, loss=0.297]
  epoch 3/3:  31%|███       | 27/88 [00:06<00:14,  4.08it/s, loss=0.297]
  epoch 3/3:  31%|███       | 27/88 [00:07<00:14,  4.08it/s, loss=0.296]
  epoch 3/3:  32%|███▏      | 28/88 [00:07<00:14,  4.07it/s, loss=0.296]
  epoch 3/3:  32%|███▏      | 28/88 [00:07<00:14,  4.07it/s, loss=0.297]
  epoch 3/3:  33%|███▎      | 29/88 [00:07<00:14,  4.07it/s, loss=0.297]
  epoch 3/3:  33%|███▎      | 29/88 [00:07<00:14,  4.07it/s, loss=0.296]
  epoch 3/3:  34%|███▍      | 30/88 [00:07<00:14,  4.07it/s, loss=0.296]
  epoch 3/3:  34%|███▍      | 30/88 [00:07<00:14,  4.07it/s, loss=0.296]
  epoch 3/3:  35%|███▌      | 31/88 [00:07<00:13,  4.09it/s, loss=0.296]
  epoch 3/3:  35%|███▌      | 31/88 [00:08<00:13,  4.09it/s, loss=0.299]
  epoch 3/3:  36%|███▋      | 32/88 [00:08<00:13,  4.09it/s, loss=0.299]
  epoch 3/3:  36%|███▋      | 32/88 [00:08<00:13,  4.09it/s, loss=0.297]
  epoch 3/3:  38%|███▊      | 33/88 [00:08<00:13,  4.10it/s, loss=0.297]
  epoch 3/3:  38%|███▊      | 33/88 [00:08<00:13,  4.10it/s, loss=0.294]
  epoch 3/3:  39%|███▊      | 34/88 [00:08<00:13,  4.10it/s, loss=0.294]
  epoch 3/3:  39%|███▊      | 34/88 [00:08<00:13,  4.10it/s, loss=0.294]
  epoch 3/3:  40%|███▉      | 35/88 [00:08<00:12,  4.10it/s, loss=0.294]
  epoch 3/3:  40%|███▉      | 35/88 [00:09<00:12,  4.10it/s, loss=0.293]
  epoch 3/3:  41%|████      | 36/88 [00:09<00:12,  4.09it/s, loss=0.293]
  epoch 3/3:  41%|████      | 36/88 [00:09<00:12,  4.09it/s, loss=0.295]
  epoch 3/3:  42%|████▏     | 37/88 [00:09<00:12,  4.09it/s, loss=0.295]
  epoch 3/3:  42%|████▏     | 37/88 [00:09<00:12,  4.09it/s, loss=0.296]
  epoch 3/3:  43%|████▎     | 38/88 [00:09<00:12,  4.09it/s, loss=0.296]
  epoch 3/3:  43%|████▎     | 38/88 [00:09<00:12,  4.09it/s, loss=0.293]
  epoch 3/3:  44%|████▍     | 39/88 [00:09<00:11,  4.10it/s, loss=0.293]
  epoch 3/3:  44%|████▍     | 39/88 [00:10<00:11,  4.10it/s, loss=0.290]
  epoch 3/3:  45%|████▌     | 40/88 [00:10<00:11,  4.05it/s, loss=0.290]
  epoch 3/3:  45%|████▌     | 40/88 [00:10<00:11,  4.05it/s, loss=0.288]
  epoch 3/3:  47%|████▋     | 41/88 [00:10<00:11,  4.06it/s, loss=0.288]
  epoch 3/3:  47%|████▋     | 41/88 [00:10<00:11,  4.06it/s, loss=0.289]
  epoch 3/3:  48%|████▊     | 42/88 [00:10<00:11,  4.09it/s, loss=0.289]
  epoch 3/3:  48%|████▊     | 42/88 [00:10<00:11,  4.09it/s, loss=0.287]
  epoch 3/3:  49%|████▉     | 43/88 [00:10<00:11,  4.05it/s, loss=0.287]
  epoch 3/3:  49%|████▉     | 43/88 [00:11<00:11,  4.05it/s, loss=0.285]
  epoch 3/3:  50%|█████     | 44/88 [00:11<00:10,  4.07it/s, loss=0.285]
  epoch 3/3:  50%|█████     | 44/88 [00:11<00:10,  4.07it/s, loss=0.285]
  epoch 3/3:  51%|█████     | 45/88 [00:11<00:10,  4.06it/s, loss=0.285]
  epoch 3/3:  51%|█████     | 45/88 [00:11<00:10,  4.06it/s, loss=0.284]
  epoch 3/3:  52%|█████▏    | 46/88 [00:11<00:10,  4.08it/s, loss=0.284]
  epoch 3/3:  52%|█████▏    | 46/88 [00:11<00:10,  4.08it/s, loss=0.286]
  epoch 3/3:  53%|█████▎    | 47/88 [00:11<00:10,  4.09it/s, loss=0.286]
  epoch 3/3:  53%|█████▎    | 47/88 [00:12<00:10,  4.09it/s, loss=0.287]
  epoch 3/3:  55%|█████▍    | 48/88 [00:12<00:09,  4.08it/s, loss=0.287]
  epoch 3/3:  55%|█████▍    | 48/88 [00:12<00:09,  4.08it/s, loss=0.288]
  epoch 3/3:  56%|█████▌    | 49/88 [00:12<00:09,  4.09it/s, loss=0.288]
  epoch 3/3:  56%|█████▌    | 49/88 [00:12<00:09,  4.09it/s, loss=0.285]
  epoch 3/3:  57%|█████▋    | 50/88 [00:12<00:09,  4.09it/s, loss=0.285]
  epoch 3/3:  57%|█████▋    | 50/88 [00:12<00:09,  4.09it/s, loss=0.284]
  epoch 3/3:  58%|█████▊    | 51/88 [00:12<00:09,  4.08it/s, loss=0.284]
  epoch 3/3:  58%|█████▊    | 51/88 [00:13<00:09,  4.08it/s, loss=0.282]
  epoch 3/3:  59%|█████▉    | 52/88 [00:13<00:08,  4.11it/s, loss=0.282]
  epoch 3/3:  59%|█████▉    | 52/88 [00:13<00:08,  4.11it/s, loss=0.283]
  epoch 3/3:  60%|██████    | 53/88 [00:13<00:08,  4.10it/s, loss=0.283]
  epoch 3/3:  60%|██████    | 53/88 [00:13<00:08,  4.10it/s, loss=0.282]
  epoch 3/3:  61%|██████▏   | 54/88 [00:13<00:08,  4.10it/s, loss=0.282]
  epoch 3/3:  61%|██████▏   | 54/88 [00:13<00:08,  4.10it/s, loss=0.280]
  epoch 3/3:  62%|██████▎   | 55/88 [00:13<00:08,  4.11it/s, loss=0.280]
  epoch 3/3:  62%|██████▎   | 55/88 [00:13<00:08,  4.11it/s, loss=0.282]
  epoch 3/3:  64%|██████▎   | 56/88 [00:13<00:07,  4.05it/s, loss=0.282]
  epoch 3/3:  64%|██████▎   | 56/88 [00:14<00:07,  4.05it/s, loss=0.282]
  epoch 3/3:  65%|██████▍   | 57/88 [00:14<00:07,  4.07it/s, loss=0.282]
  epoch 3/3:  65%|██████▍   | 57/88 [00:14<00:07,  4.07it/s, loss=0.284]
  epoch 3/3:  66%|██████▌   | 58/88 [00:14<00:07,  4.10it/s, loss=0.284]
  epoch 3/3:  66%|██████▌   | 58/88 [00:14<00:07,  4.10it/s, loss=0.283]
  epoch 3/3:  67%|██████▋   | 59/88 [00:14<00:07,  4.11it/s, loss=0.283]
  epoch 3/3:  67%|██████▋   | 59/88 [00:14<00:07,  4.11it/s, loss=0.282]
  epoch 3/3:  68%|██████▊   | 60/88 [00:14<00:06,  4.12it/s, loss=0.282]
  epoch 3/3:  68%|██████▊   | 60/88 [00:15<00:06,  4.12it/s, loss=0.282]
  epoch 3/3:  69%|██████▉   | 61/88 [00:15<00:06,  4.13it/s, loss=0.282]
  epoch 3/3:  69%|██████▉   | 61/88 [00:15<00:06,  4.13it/s, loss=0.281]
  epoch 3/3:  70%|███████   | 62/88 [00:15<00:06,  4.11it/s, loss=0.281]
  epoch 3/3:  70%|███████   | 62/88 [00:15<00:06,  4.11it/s, loss=0.280]
  epoch 3/3:  72%|███████▏  | 63/88 [00:15<00:06,  4.12it/s, loss=0.280]
  epoch 3/3:  72%|███████▏  | 63/88 [00:15<00:06,  4.12it/s, loss=0.281]
  epoch 3/3:  73%|███████▎  | 64/88 [00:15<00:05,  4.11it/s, loss=0.281]
  epoch 3/3:  73%|███████▎  | 64/88 [00:16<00:05,  4.11it/s, loss=0.279]
  epoch 3/3:  74%|███████▍  | 65/88 [00:16<00:05,  4.05it/s, loss=0.279]
  epoch 3/3:  74%|███████▍  | 65/88 [00:16<00:05,  4.05it/s, loss=0.280]
  epoch 3/3:  75%|███████▌  | 66/88 [00:16<00:05,  4.07it/s, loss=0.280]
  epoch 3/3:  75%|███████▌  | 66/88 [00:16<00:05,  4.07it/s, loss=0.278]
  epoch 3/3:  76%|███████▌  | 67/88 [00:16<00:05,  4.08it/s, loss=0.278]
  epoch 3/3:  76%|███████▌  | 67/88 [00:16<00:05,  4.08it/s, loss=0.276]
  epoch 3/3:  77%|███████▋  | 68/88 [00:16<00:04,  4.05it/s, loss=0.276]
  epoch 3/3:  77%|███████▋  | 68/88 [00:17<00:04,  4.05it/s, loss=0.275]
  epoch 3/3:  78%|███████▊  | 69/88 [00:17<00:04,  4.07it/s, loss=0.275]
  epoch 3/3:  78%|███████▊  | 69/88 [00:17<00:04,  4.07it/s, loss=0.275]
  epoch 3/3:  80%|███████▉  | 70/88 [00:17<00:04,  4.07it/s, loss=0.275]
  epoch 3/3:  80%|███████▉  | 70/88 [00:17<00:04,  4.07it/s, loss=0.273]
  epoch 3/3:  81%|████████  | 71/88 [00:17<00:04,  4.08it/s, loss=0.273]
  epoch 3/3:  81%|████████  | 71/88 [00:17<00:04,  4.08it/s, loss=0.272]
  epoch 3/3:  82%|████████▏ | 72/88 [00:17<00:03,  4.03it/s, loss=0.272]
  epoch 3/3:  82%|████████▏ | 72/88 [00:18<00:03,  4.03it/s, loss=0.272]
  epoch 3/3:  83%|████████▎ | 73/88 [00:18<00:03,  4.05it/s, loss=0.272]
  epoch 3/3:  83%|████████▎ | 73/88 [00:18<00:03,  4.05it/s, loss=0.271]
  epoch 3/3:  84%|████████▍ | 74/88 [00:18<00:03,  4.05it/s, loss=0.271]
  epoch 3/3:  84%|████████▍ | 74/88 [00:18<00:03,  4.05it/s, loss=0.271]
  epoch 3/3:  85%|████████▌ | 75/88 [00:18<00:03,  4.05it/s, loss=0.271]
  epoch 3/3:  85%|████████▌ | 75/88 [00:18<00:03,  4.05it/s, loss=0.271]
  epoch 3/3:  86%|████████▋ | 76/88 [00:18<00:02,  4.06it/s, loss=0.271]
  epoch 3/3:  86%|████████▋ | 76/88 [00:19<00:02,  4.06it/s, loss=0.270]
  epoch 3/3:  88%|████████▊ | 77/88 [00:19<00:02,  4.07it/s, loss=0.270]
  epoch 3/3:  88%|████████▊ | 77/88 [00:19<00:02,  4.07it/s, loss=0.268]
  epoch 3/3:  89%|████████▊ | 78/88 [00:19<00:02,  4.09it/s, loss=0.268]
  epoch 3/3:  89%|████████▊ | 78/88 [00:19<00:02,  4.09it/s, loss=0.267]
  epoch 3/3:  90%|████████▉ | 79/88 [00:19<00:02,  4.09it/s, loss=0.267]
  epoch 3/3:  90%|████████▉ | 79/88 [00:19<00:02,  4.09it/s, loss=0.266]
  epoch 3/3:  91%|█████████ | 80/88 [00:19<00:01,  4.09it/s, loss=0.266]
  epoch 3/3:  91%|█████████ | 80/88 [00:20<00:01,  4.09it/s, loss=0.268]
  epoch 3/3:  92%|█████████▏| 81/88 [00:20<00:01,  4.10it/s, loss=0.268]
  epoch 3/3:  92%|█████████▏| 81/88 [00:20<00:01,  4.10it/s, loss=0.267]
  epoch 3/3:  93%|█████████▎| 82/88 [00:20<00:01,  4.10it/s, loss=0.267]
  epoch 3/3:  93%|█████████▎| 82/88 [00:20<00:01,  4.10it/s, loss=0.267]
  epoch 3/3:  94%|█████████▍| 83/88 [00:20<00:01,  4.10it/s, loss=0.267]
  epoch 3/3:  94%|█████████▍| 83/88 [00:20<00:01,  4.10it/s, loss=0.267]
  epoch 3/3:  95%|█████████▌| 84/88 [00:20<00:00,  4.10it/s, loss=0.267]
  epoch 3/3:  95%|█████████▌| 84/88 [00:21<00:00,  4.10it/s, loss=0.266]
  epoch 3/3:  97%|█████████▋| 85/88 [00:21<00:00,  4.10it/s, loss=0.266]
  epoch 3/3:  97%|█████████▋| 85/88 [00:21<00:00,  4.10it/s, loss=0.266]
  epoch 3/3:  98%|█████████▊| 86/88 [00:21<00:00,  4.12it/s, loss=0.266]
  epoch 3/3:  98%|█████████▊| 86/88 [00:21<00:00,  4.12it/s, loss=0.265]
  epoch 3/3:  99%|█████████▉| 87/88 [00:21<00:00,  4.11it/s, loss=0.265]
  epoch 3/3:  99%|█████████▉| 87/88 [00:21<00:00,  4.11it/s, loss=0.264]
  epoch 3/3: 100%|██████████| 88/88 [00:21<00:00,  4.39it/s, loss=0.264]
                                                                        
[titans] reset=never | norm(state) sau task = 80.5136
[titans]   self-mod v:β=0.82 |W|=1.15
[titans]   eta_t(avg)=2.0240  alpha_t/forget-gate(avg)=0.9997
[task 1] test acc so far: 0.909  0.769
[task 1] NCM-online acc so far: 0.880  0.891
[task 1] NCM-posthoc acc so far: 0.891  0.891
[checkpoint] đã lưu tiến độ sau task 1
[task 2] classes=[5, 6, 14, 20, 29] | train=2800

  epoch 1/3:   0%|          | 0/88 [00:00<?, ?it/s]
  epoch 1/3:   0%|          | 0/88 [00:00<?, ?it/s, loss=1.803]
  epoch 1/3:   1%|          | 1/88 [00:00<00:58,  1.50it/s, loss=1.803]
  epoch 1/3:   1%|          | 1/88 [00:00<00:58,  1.50it/s, loss=1.825]
  epoch 1/3:   2%|▏         | 2/88 [00:00<00:35,  2.40it/s, loss=1.825]
  epoch 1/3:   2%|▏         | 2/88 [00:01<00:35,  2.40it/s, loss=1.827]
  epoch 1/3:   3%|▎         | 3/88 [00:01<00:28,  2.97it/s, loss=1.827]
  epoch 1/3:   3%|▎         | 3/88 [00:01<00:28,  2.97it/s, loss=1.840]
  epoch 1/3:   5%|▍         | 4/88 [00:01<00:24,  3.36it/s, loss=1.840]
  epoch 1/3:   5%|▍         | 4/88 [00:01<00:24,  3.36it/s, loss=1.819]
  epoch 1/3:   6%|▌         | 5/88 [00:01<00:22,  3.61it/s, loss=1.819]
  epoch 1/3:   6%|▌         | 5/88 [00:01<00:22,  3.61it/s, loss=1.795]
  epoch 1/3:   7%|▋         | 6/88 [00:01<00:21,  3.78it/s, loss=1.795]
  epoch 1/3:   7%|▋         | 6/88 [00:02<00:21,  3.78it/s, loss=1.790]
  epoch 1/3:   8%|▊         | 7/88 [00:02<00:20,  3.89it/s, loss=1.790]
  epoch 1/3:   8%|▊         | 7/88 [00:02<00:20,  3.89it/s, loss=1.803]
  epoch 1/3:   9%|▉         | 8/88 [00:02<00:20,  3.96it/s, loss=1.803]
  epoch 1/3:   9%|▉         | 8/88 [00:02<00:20,  3.96it/s, loss=1.786]
  epoch 1/3:  10%|█         | 9/88 [00:02<00:19,  4.02it/s, loss=1.786]
  epoch 1/3:  10%|█         | 9/88 [00:02<00:19,  4.02it/s, loss=1.760]
  epoch 1/3:  11%|█▏        | 10/88 [00:02<00:19,  4.07it/s, loss=1.760]
  epoch 1/3:  11%|█▏        | 10/88 [00:03<00:19,  4.07it/s, loss=1.749]
  epoch 1/3:  12%|█▎        | 11/88 [00:03<00:18,  4.10it/s, loss=1.749]
  epoch 1/3:  12%|█▎        | 11/88 [00:03<00:18,  4.10it/s, loss=1.748]
  epoch 1/3:  14%|█▎        | 12/88 [00:03<00:18,  4.11it/s, loss=1.748]
  epoch 1/3:  14%|█▎        | 12/88 [00:03<00:18,  4.11it/s, loss=1.740]
  epoch 1/3:  15%|█▍        | 13/88 [00:03<00:18,  4.08it/s, loss=1.740]
  epoch 1/3:  15%|█▍        | 13/88 [00:03<00:18,  4.08it/s, loss=1.726]
  epoch 1/3:  16%|█▌        | 14/88 [00:03<00:18,  4.11it/s, loss=1.726]
  epoch 1/3:  16%|█▌        | 14/88 [00:04<00:18,  4.11it/s, loss=1.724]
  epoch 1/3:  17%|█▋        | 15/88 [00:04<00:17,  4.13it/s, loss=1.724]
  epoch 1/3:  17%|█▋        | 15/88 [00:04<00:17,  4.13it/s, loss=1.722]
  epoch 1/3:  18%|█▊        | 16/88 [00:04<00:17,  4.07it/s, loss=1.722]
  epoch 1/3:  18%|█▊        | 16/88 [00:04<00:17,  4.07it/s, loss=1.703]
  epoch 1/3:  19%|█▉        | 17/88 [00:04<00:17,  4.11it/s, loss=1.703]
  epoch 1/3:  19%|█▉        | 17/88 [00:04<00:17,  4.11it/s, loss=1.698]
  epoch 1/3:  20%|██        | 18/88 [00:04<00:17,  4.11it/s, loss=1.698]
  epoch 1/3:  20%|██        | 18/88 [00:05<00:17,  4.11it/s, loss=1.691]
  epoch 1/3:  22%|██▏       | 19/88 [00:05<00:16,  4.13it/s, loss=1.691]
  epoch 1/3:  22%|██▏       | 19/88 [00:05<00:16,  4.13it/s, loss=1.682]
  epoch 1/3:  23%|██▎       | 20/88 [00:05<00:16,  4.12it/s, loss=1.682]
  epoch 1/3:  23%|██▎       | 20/88 [00:05<00:16,  4.12it/s, loss=1.672]
  epoch 1/3:  24%|██▍       | 21/88 [00:05<00:16,  4.12it/s, loss=1.672]
  epoch 1/3:  24%|██▍       | 21/88 [00:05<00:16,  4.12it/s, loss=1.659]
  epoch 1/3:  25%|██▌       | 22/88 [00:05<00:16,  4.12it/s, loss=1.659]
  epoch 1/3:  25%|██▌       | 22/88 [00:05<00:16,  4.12it/s, loss=1.654]
  epoch 1/3:  26%|██▌       | 23/88 [00:05<00:15,  4.13it/s, loss=1.654]
  epoch 1/3:  26%|██▌       | 23/88 [00:06<00:15,  4.13it/s, loss=1.647]
  epoch 1/3:  27%|██▋       | 24/88 [00:06<00:15,  4.12it/s, loss=1.647]
  epoch 1/3:  27%|██▋       | 24/88 [00:06<00:15,  4.12it/s, loss=1.639]
  epoch 1/3:  28%|██▊       | 25/88 [00:06<00:15,  4.13it/s, loss=1.639]
  epoch 1/3:  28%|██▊       | 25/88 [00:06<00:15,  4.13it/s, loss=1.632]
  epoch 1/3:  30%|██▉       | 26/88 [00:06<00:15,  4.13it/s, loss=1.632]
  epoch 1/3:  30%|██▉       | 26/88 [00:06<00:15,  4.13it/s, loss=1.628]
  epoch 1/3:  31%|███       | 27/88 [00:06<00:14,  4.14it/s, loss=1.628]
  epoch 1/3:  31%|███       | 27/88 [00:07<00:14,  4.14it/s, loss=1.621]
  epoch 1/3:  32%|███▏      | 28/88 [00:07<00:14,  4.15it/s, loss=1.621]
  epoch 1/3:  32%|███▏      | 28/88 [00:07<00:14,  4.15it/s, loss=1.617]
  epoch 1/3:  33%|███▎      | 29/88 [00:07<00:14,  4.16it/s, loss=1.617]
  epoch 1/3:  33%|███▎      | 29/88 [00:07<00:14,  4.16it/s, loss=1.605]
  epoch 1/3:  34%|███▍      | 30/88 [00:07<00:13,  4.15it/s, loss=1.605]
  epoch 1/3:  34%|███▍      | 30/88 [00:07<00:13,  4.15it/s, loss=1.596]
  epoch 1/3:  35%|███▌      | 31/88 [00:07<00:13,  4.15it/s, loss=1.596]
  epoch 1/3:  35%|███▌      | 31/88 [00:08<00:13,  4.15it/s, loss=1.592]
  epoch 1/3:  36%|███▋      | 32/88 [00:08<00:13,  4.08it/s, loss=1.592]
  epoch 1/3:  36%|███▋      | 32/88 [00:08<00:13,  4.08it/s, loss=1.582]
  epoch 1/3:  38%|███▊      | 33/88 [00:08<00:13,  4.11it/s, loss=1.582]
  epoch 1/3:  38%|███▊      | 33/88 [00:08<00:13,  4.11it/s, loss=1.574]
  epoch 1/3:  39%|███▊      | 34/88 [00:08<00:13,  4.13it/s, loss=1.574]
  epoch 1/3:  39%|███▊      | 34/88 [00:08<00:13,  4.13it/s, loss=1.569]
  epoch 1/3:  40%|███▉      | 35/88 [00:08<00:12,  4.13it/s, loss=1.569]
  epoch 1/3:  40%|███▉      | 35/88 [00:09<00:12,  4.13it/s, loss=1.560]
  epoch 1/3:  41%|████      | 36/88 [00:09<00:12,  4.12it/s, loss=1.560]
  epoch 1/3:  41%|████      | 36/88 [00:09<00:12,  4.12it/s, loss=1.553]
  epoch 1/3:  42%|████▏     | 37/88 [00:09<00:12,  4.13it/s, loss=1.553]
  epoch 1/3:  42%|████▏     | 37/88 [00:09<00:12,  4.13it/s, loss=1.546]
  epoch 1/3:  43%|████▎     | 38/88 [00:09<00:12,  4.12it/s, loss=1.546]
  epoch 1/3:  43%|████▎     | 38/88 [00:09<00:12,  4.12it/s, loss=1.538]
  epoch 1/3:  44%|████▍     | 39/88 [00:09<00:11,  4.08it/s, loss=1.538]
  epoch 1/3:  44%|████▍     | 39/88 [00:10<00:11,  4.08it/s, loss=1.532]
  epoch 1/3:  45%|████▌     | 40/88 [00:10<00:11,  4.11it/s, loss=1.532]
  epoch 1/3:  45%|████▌     | 40/88 [00:10<00:11,  4.11it/s, loss=1.526]
  epoch 1/3:  47%|████▋     | 41/88 [00:10<00:11,  4.12it/s, loss=1.526]
  epoch 1/3:  47%|████▋     | 41/88 [00:10<00:11,  4.12it/s, loss=1.520]
  epoch 1/3:  48%|████▊     | 42/88 [00:10<00:11,  4.13it/s, loss=1.520]
  epoch 1/3:  48%|████▊     | 42/88 [00:10<00:11,  4.13it/s, loss=1.513]
  epoch 1/3:  49%|████▉     | 43/88 [00:10<00:10,  4.12it/s, loss=1.513]
  epoch 1/3:  49%|████▉     | 43/88 [00:11<00:10,  4.12it/s, loss=1.507]
  epoch 1/3:  50%|█████     | 44/88 [00:11<00:10,  4.12it/s, loss=1.507]
  epoch 1/3:  50%|█████     | 44/88 [00:11<00:10,  4.12it/s, loss=1.499]
  epoch 1/3:  51%|█████     | 45/88 [00:11<00:10,  4.12it/s, loss=1.499]
  epoch 1/3:  51%|█████     | 45/88 [00:11<00:10,  4.12it/s, loss=1.493]
  epoch 1/3:  52%|█████▏    | 46/88 [00:11<00:10,  4.11it/s, loss=1.493]
  epoch 1/3:  52%|█████▏    | 46/88 [00:11<00:10,  4.11it/s, loss=1.488]
  epoch 1/3:  53%|█████▎    | 47/88 [00:11<00:09,  4.11it/s, loss=1.488]
  epoch 1/3:  53%|█████▎    | 47/88 [00:12<00:09,  4.11it/s, loss=1.483]
  epoch 1/3:  55%|█████▍    | 48/88 [00:12<00:09,  4.05it/s, loss=1.483]
  epoch 1/3:  55%|█████▍    | 48/88 [00:12<00:09,  4.05it/s, loss=1.476]
  epoch 1/3:  56%|█████▌    | 49/88 [00:12<00:09,  4.08it/s, loss=1.476]
  epoch 1/3:  56%|█████▌    | 49/88 [00:12<00:09,  4.08it/s, loss=1.471]
  epoch 1/3:  57%|█████▋    | 50/88 [00:12<00:09,  4.09it/s, loss=1.471]
  epoch 1/3:  57%|█████▋    | 50/88 [00:12<00:09,  4.09it/s, loss=1.465]
  epoch 1/3:  58%|█████▊    | 51/88 [00:12<00:08,  4.12it/s, loss=1.465]
  epoch 1/3:  58%|█████▊    | 51/88 [00:13<00:08,  4.12it/s, loss=1.460]
  epoch 1/3:  59%|█████▉    | 52/88 [00:13<00:08,  4.12it/s, loss=1.460]
  epoch 1/3:  59%|█████▉    | 52/88 [00:13<00:08,  4.12it/s, loss=1.453]
  epoch 1/3:  60%|██████    | 53/88 [00:13<00:08,  4.07it/s, loss=1.453]
  epoch 1/3:  60%|██████    | 53/88 [00:13<00:08,  4.07it/s, loss=1.448]
  epoch 1/3:  61%|██████▏   | 54/88 [00:13<00:08,  4.10it/s, loss=1.448]
  epoch 1/3:  61%|██████▏   | 54/88 [00:13<00:08,  4.10it/s, loss=1.443]
  epoch 1/3:  62%|██████▎   | 55/88 [00:13<00:08,  4.12it/s, loss=1.443]
  epoch 1/3:  62%|██████▎   | 55/88 [00:14<00:08,  4.12it/s, loss=1.438]
  epoch 1/3:  64%|██████▎   | 56/88 [00:14<00:07,  4.12it/s, loss=1.438]
  epoch 1/3:  64%|██████▎   | 56/88 [00:14<00:07,  4.12it/s, loss=1.436]
  epoch 1/3:  65%|██████▍   | 57/88 [00:14<00:07,  4.12it/s, loss=1.436]
  epoch 1/3:  65%|██████▍   | 57/88 [00:14<00:07,  4.12it/s, loss=1.432]
  epoch 1/3:  66%|██████▌   | 58/88 [00:14<00:07,  4.12it/s, loss=1.432]
  epoch 1/3:  66%|██████▌   | 58/88 [00:14<00:07,  4.12it/s, loss=1.424]
  epoch 1/3:  67%|██████▋   | 59/88 [00:14<00:07,  4.11it/s, loss=1.424]
  epoch 1/3:  67%|██████▋   | 59/88 [00:14<00:07,  4.11it/s, loss=1.421]
  epoch 1/3:  68%|██████▊   | 60/88 [00:14<00:06,  4.13it/s, loss=1.421]
  epoch 1/3:  68%|██████▊   | 60/88 [00:15<00:06,  4.13it/s, loss=1.413]
  epoch 1/3:  69%|██████▉   | 61/88 [00:15<00:06,  4.11it/s, loss=1.413]
  epoch 1/3:  69%|██████▉   | 61/88 [00:15<00:06,  4.11it/s, loss=1.408]
  epoch 1/3:  70%|███████   | 62/88 [00:15<00:06,  4.11it/s, loss=1.408]
  epoch 1/3:  70%|███████   | 62/88 [00:15<00:06,  4.11it/s, loss=1.403]
  epoch 1/3:  72%|███████▏  | 63/88 [00:15<00:06,  4.10it/s, loss=1.403]
  epoch 1/3:  72%|███████▏  | 63/88 [00:15<00:06,  4.10it/s, loss=1.396]
  epoch 1/3:  73%|███████▎  | 64/88 [00:15<00:05,  4.05it/s, loss=1.396]
  epoch 1/3:  73%|███████▎  | 64/88 [00:16<00:05,  4.05it/s, loss=1.388]
  epoch 1/3:  74%|███████▍  | 65/88 [00:16<00:05,  4.07it/s, loss=1.388]
  epoch 1/3:  74%|███████▍  | 65/88 [00:16<00:05,  4.07it/s, loss=1.382]
  epoch 1/3:  75%|███████▌  | 66/88 [00:16<00:05,  4.06it/s, loss=1.382]
  epoch 1/3:  75%|███████▌  | 66/88 [00:16<00:05,  4.06it/s, loss=1.375]
  epoch 1/3:  76%|███████▌  | 67/88 [00:16<00:05,  4.07it/s, loss=1.375]
  epoch 1/3:  76%|███████▌  | 67/88 [00:16<00:05,  4.07it/s, loss=1.370]
  epoch 1/3:  77%|███████▋  | 68/88 [00:16<00:04,  4.08it/s, loss=1.370]
  epoch 1/3:  77%|███████▋  | 68/88 [00:17<00:04,  4.08it/s, loss=1.364]
  epoch 1/3:  78%|███████▊  | 69/88 [00:17<00:04,  4.07it/s, loss=1.364]
  epoch 1/3:  78%|███████▊  | 69/88 [00:17<00:04,  4.07it/s, loss=1.357]
  epoch 1/3:  80%|███████▉  | 70/88 [00:17<00:04,  4.10it/s, loss=1.357]
  epoch 1/3:  80%|███████▉  | 70/88 [00:17<00:04,  4.10it/s, loss=1.352]
  epoch 1/3:  81%|████████  | 71/88 [00:17<00:04,  4.10it/s, loss=1.352]
  epoch 1/3:  81%|████████  | 71/88 [00:17<00:04,  4.10it/s, loss=1.347]
  epoch 1/3:  82%|████████▏ | 72/88 [00:17<00:03,  4.10it/s, loss=1.347]
  epoch 1/3:  82%|████████▏ | 72/88 [00:18<00:03,  4.10it/s, loss=1.342]
  epoch 1/3:  83%|████████▎ | 73/88 [00:18<00:03,  4.10it/s, loss=1.342]
  epoch 1/3:  83%|████████▎ | 73/88 [00:18<00:03,  4.10it/s, loss=1.337]
  epoch 1/3:  84%|████████▍ | 74/88 [00:18<00:03,  4.11it/s, loss=1.337]
  epoch 1/3:  84%|████████▍ | 74/88 [00:18<00:03,  4.11it/s, loss=1.331]
  epoch 1/3:  85%|████████▌ | 75/88 [00:18<00:03,  4.10it/s, loss=1.331]
  epoch 1/3:  85%|████████▌ | 75/88 [00:18<00:03,  4.10it/s, loss=1.325]
  epoch 1/3:  86%|████████▋ | 76/88 [00:18<00:02,  4.11it/s, loss=1.325]
  epoch 1/3:  86%|████████▋ | 76/88 [00:19<00:02,  4.11it/s, loss=1.319]
  epoch 1/3:  88%|████████▊ | 77/88 [00:19<00:02,  4.11it/s, loss=1.319]
  epoch 1/3:  88%|████████▊ | 77/88 [00:19<00:02,  4.11it/s, loss=1.313]
  epoch 1/3:  89%|████████▊ | 78/88 [00:19<00:02,  4.11it/s, loss=1.313]
  epoch 1/3:  89%|████████▊ | 78/88 [00:19<00:02,  4.11it/s, loss=1.308]
  epoch 1/3:  90%|████████▉ | 79/88 [00:19<00:02,  4.11it/s, loss=1.308]
  epoch 1/3:  90%|████████▉ | 79/88 [00:19<00:02,  4.11it/s, loss=1.302]
  epoch 1/3:  91%|█████████ | 80/88 [00:19<00:01,  4.04it/s, loss=1.302]
  epoch 1/3:  91%|█████████ | 80/88 [00:20<00:01,  4.04it/s, loss=1.296]
  epoch 1/3:  92%|█████████▏| 81/88 [00:20<00:01,  4.09it/s, loss=1.296]
  epoch 1/3:  92%|█████████▏| 81/88 [00:20<00:01,  4.09it/s, loss=1.290]
  epoch 1/3:  93%|█████████▎| 82/88 [00:20<00:01,  4.11it/s, loss=1.290]
  epoch 1/3:  93%|█████████▎| 82/88 [00:20<00:01,  4.11it/s, loss=1.283]
  epoch 1/3:  94%|█████████▍| 83/88 [00:20<00:01,  4.13it/s, loss=1.283]
  epoch 1/3:  94%|█████████▍| 83/88 [00:20<00:01,  4.13it/s, loss=1.278]
  epoch 1/3:  95%|█████████▌| 84/88 [00:20<00:00,  4.12it/s, loss=1.278]
  epoch 1/3:  95%|█████████▌| 84/88 [00:21<00:00,  4.12it/s, loss=1.273]
  epoch 1/3:  97%|█████████▋| 85/88 [00:21<00:00,  4.12it/s, loss=1.273]
  epoch 1/3:  97%|█████████▋| 85/88 [00:21<00:00,  4.12it/s, loss=1.268]
  epoch 1/3:  98%|█████████▊| 86/88 [00:21<00:00,  4.11it/s, loss=1.268]
  epoch 1/3:  98%|█████████▊| 86/88 [00:21<00:00,  4.11it/s, loss=1.264]
  epoch 1/3:  99%|█████████▉| 87/88 [00:21<00:00,  4.11it/s, loss=1.264]
  epoch 1/3:  99%|█████████▉| 87/88 [00:21<00:00,  4.11it/s, loss=1.261]
  epoch 1/3: 100%|██████████| 88/88 [00:21<00:00,  4.46it/s, loss=1.261]
                                                                        

  epoch 2/3:   0%|          | 0/88 [00:00<?, ?it/s]
  epoch 2/3:   0%|          | 0/88 [00:00<?, ?it/s, loss=0.777]
  epoch 2/3:   1%|          | 1/88 [00:00<00:45,  1.91it/s, loss=0.777]
  epoch 2/3:   1%|          | 1/88 [00:00<00:45,  1.91it/s, loss=0.802]
  epoch 2/3:   2%|▏         | 2/88 [00:00<00:30,  2.81it/s, loss=0.802]
  epoch 2/3:   2%|▏         | 2/88 [00:01<00:30,  2.81it/s, loss=0.744]
  epoch 2/3:   3%|▎         | 3/88 [00:01<00:25,  3.28it/s, loss=0.744]
  epoch 2/3:   3%|▎         | 3/88 [00:01<00:25,  3.28it/s, loss=0.787]
  epoch 2/3:   5%|▍         | 4/88 [00:01<00:23,  3.58it/s, loss=0.787]
  epoch 2/3:   5%|▍         | 4/88 [00:01<00:23,  3.58it/s, loss=0.788]
  epoch 2/3:   6%|▌         | 5/88 [00:01<00:22,  3.75it/s, loss=0.788]
  epoch 2/3:   6%|▌         | 5/88 [00:01<00:22,  3.75it/s, loss=0.769]
  epoch 2/3:   7%|▋         | 6/88 [00:01<00:21,  3.86it/s, loss=0.769]
  epoch 2/3:   7%|▋         | 6/88 [00:01<00:21,  3.86it/s, loss=0.773]
  epoch 2/3:   8%|▊         | 7/88 [00:01<00:20,  3.94it/s, loss=0.773]
  epoch 2/3:   8%|▊         | 7/88 [00:02<00:20,  3.94it/s, loss=0.760]
  epoch 2/3:   9%|▉         | 8/88 [00:02<00:20,  3.94it/s, loss=0.760]
  epoch 2/3:   9%|▉         | 8/88 [00:02<00:20,  3.94it/s, loss=0.753]
  epoch 2/3:  10%|█         | 9/88 [00:02<00:19,  4.01it/s, loss=0.753]
  epoch 2/3:  10%|█         | 9/88 [00:02<00:19,  4.01it/s, loss=0.749]
  epoch 2/3:  11%|█▏        | 10/88 [00:02<00:19,  4.05it/s, loss=0.749]
  epoch 2/3:  11%|█▏        | 10/88 [00:02<00:19,  4.05it/s, loss=0.745]
  epoch 2/3:  12%|█▎        | 11/88 [00:02<00:18,  4.07it/s, loss=0.745]
  epoch 2/3:  12%|█▎        | 11/88 [00:03<00:18,  4.07it/s, loss=0.746]
  epoch 2/3:  14%|█▎        | 12/88 [00:03<00:18,  4.10it/s, loss=0.746]
  epoch 2/3:  14%|█▎        | 12/88 [00:03<00:18,  4.10it/s, loss=0.741]
  epoch 2/3:  15%|█▍        | 13/88 [00:03<00:18,  4.12it/s, loss=0.741]
  epoch 2/3:  15%|█▍        | 13/88 [00:03<00:18,  4.12it/s, loss=0.735]
  epoch 2/3:  16%|█▌        | 14/88 [00:03<00:18,  4.11it/s, loss=0.735]
  epoch 2/3:  16%|█▌        | 14/88 [00:03<00:18,  4.11it/s, loss=0.727]
  epoch 2/3:  17%|█▋        | 15/88 [00:03<00:17,  4.10it/s, loss=0.727]
  epoch 2/3:  17%|█▋        | 15/88 [00:04<00:17,  4.10it/s, loss=0.725]
  epoch 2/3:  18%|█▊        | 16/88 [00:04<00:17,  4.11it/s, loss=0.725]
  epoch 2/3:  18%|█▊        | 16/88 [00:04<00:17,  4.11it/s, loss=0.724]
  epoch 2/3:  19%|█▉        | 17/88 [00:04<00:17,  4.12it/s, loss=0.724]
  epoch 2/3:  19%|█▉        | 17/88 [00:04<00:17,  4.12it/s, loss=0.725]
  epoch 2/3:  20%|██        | 18/88 [00:04<00:16,  4.12it/s, loss=0.725]
  epoch 2/3:  20%|██        | 18/88 [00:04<00:16,  4.12it/s, loss=0.719]
  epoch 2/3:  22%|██▏       | 19/88 [00:04<00:16,  4.12it/s, loss=0.719]
  epoch 2/3:  22%|██▏       | 19/88 [00:05<00:16,  4.12it/s, loss=0.715]
  epoch 2/3:  23%|██▎       | 20/88 [00:05<00:16,  4.07it/s, loss=0.715]
  epoch 2/3:  23%|██▎       | 20/88 [00:05<00:16,  4.07it/s, loss=0.718]
  epoch 2/3:  24%|██▍       | 21/88 [00:05<00:16,  4.11it/s, loss=0.718]
  epoch 2/3:  24%|██▍       | 21/88 [00:05<00:16,  4.11it/s, loss=0.715]
  epoch 2/3:  25%|██▌       | 22/88 [00:05<00:15,  4.13it/s, loss=0.715]
  epoch 2/3:  25%|██▌       | 22/88 [00:05<00:15,  4.13it/s, loss=0.715]
  epoch 2/3:  26%|██▌       | 23/88 [00:05<00:15,  4.12it/s, loss=0.715]
  epoch 2/3:  26%|██▌       | 23/88 [00:06<00:15,  4.12it/s, loss=0.711]
  epoch 2/3:  27%|██▋       | 24/88 [00:06<00:15,  4.05it/s, loss=0.711]
  epoch 2/3:  27%|██▋       | 24/88 [00:06<00:15,  4.05it/s, loss=0.706]
  epoch 2/3:  28%|██▊       | 25/88 [00:06<00:15,  4.09it/s, loss=0.706]
  epoch 2/3:  28%|██▊       | 25/88 [00:06<00:15,  4.09it/s, loss=0.705]
  epoch 2/3:  30%|██▉       | 26/88 [00:06<00:15,  4.08it/s, loss=0.705]
  epoch 2/3:  30%|██▉       | 26/88 [00:06<00:15,  4.08it/s, loss=0.703]
  epoch 2/3:  31%|███       | 27/88 [00:06<00:14,  4.07it/s, loss=0.703]
  epoch 2/3:  31%|███       | 27/88 [00:07<00:14,  4.07it/s, loss=0.701]
  epoch 2/3:  32%|███▏      | 28/88 [00:07<00:14,  4.09it/s, loss=0.701]
  epoch 2/3:  32%|███▏      | 28/88 [00:07<00:14,  4.09it/s, loss=0.701]
  epoch 2/3:  33%|███▎      | 29/88 [00:07<00:14,  4.08it/s, loss=0.701]
  epoch 2/3:  33%|███▎      | 29/88 [00:07<00:14,  4.08it/s, loss=0.694]
  epoch 2/3:  34%|███▍      | 30/88 [00:07<00:14,  4.08it/s, loss=0.694]
  epoch 2/3:  34%|███▍      | 30/88 [00:07<00:14,  4.08it/s, loss=0.690]
  epoch 2/3:  35%|███▌      | 31/88 [00:07<00:13,  4.09it/s, loss=0.690]
  epoch 2/3:  35%|███▌      | 31/88 [00:08<00:13,  4.09it/s, loss=0.684]
  epoch 2/3:  36%|███▋      | 32/88 [00:08<00:13,  4.09it/s, loss=0.684]
  epoch 2/3:  36%|███▋      | 32/88 [00:08<00:13,  4.09it/s, loss=0.680]
  epoch 2/3:  38%|███▊      | 33/88 [00:08<00:13,  4.09it/s, loss=0.680]
  epoch 2/3:  38%|███▊      | 33/88 [00:08<00:13,  4.09it/s, loss=0.684]
  epoch 2/3:  39%|███▊      | 34/88 [00:08<00:13,  4.10it/s, loss=0.684]
  epoch 2/3:  39%|███▊      | 34/88 [00:08<00:13,  4.10it/s, loss=0.676]
  epoch 2/3:  40%|███▉      | 35/88 [00:08<00:12,  4.10it/s, loss=0.676]
  epoch 2/3:  40%|███▉      | 35/88 [00:09<00:12,  4.10it/s, loss=0.673]
  epoch 2/3:  41%|████      | 36/88 [00:09<00:12,  4.11it/s, loss=0.673]
  epoch 2/3:  41%|████      | 36/88 [00:09<00:12,  4.11it/s, loss=0.671]
  epoch 2/3:  42%|████▏     | 37/88 [00:09<00:12,  4.06it/s, loss=0.671]
  epoch 2/3:  42%|████▏     | 37/88 [00:09<00:12,  4.06it/s, loss=0.666]
  epoch 2/3:  43%|████▎     | 38/88 [00:09<00:12,  4.09it/s, loss=0.666]
  epoch 2/3:  43%|████▎     | 38/88 [00:09<00:12,  4.09it/s, loss=0.664]
  epoch 2/3:  44%|████▍     | 39/88 [00:09<00:11,  4.11it/s, loss=0.664]
  epoch 2/3:  44%|████▍     | 39/88 [00:10<00:11,  4.11it/s, loss=0.663]
  epoch 2/3:  45%|████▌     | 40/88 [00:10<00:11,  4.06it/s, loss=0.663]
  epoch 2/3:  45%|████▌     | 40/88 [00:10<00:11,  4.06it/s, loss=0.663]
  epoch 2/3:  47%|████▋     | 41/88 [00:10<00:11,  4.08it/s, loss=0.663]
  epoch 2/3:  47%|████▋     | 41/88 [00:10<00:11,  4.08it/s, loss=0.658]
  epoch 2/3:  48%|████▊     | 42/88 [00:10<00:11,  4.07it/s, loss=0.658]
  epoch 2/3:  48%|████▊     | 42/88 [00:10<00:11,  4.07it/s, loss=0.655]
  epoch 2/3:  49%|████▉     | 43/88 [00:10<00:11,  4.09it/s, loss=0.655]
  epoch 2/3:  49%|████▉     | 43/88 [00:11<00:11,  4.09it/s, loss=0.653]
  epoch 2/3:  50%|█████     | 44/88 [00:11<00:10,  4.09it/s, loss=0.653]
  epoch 2/3:  50%|█████     | 44/88 [00:11<00:10,  4.09it/s, loss=0.647]
  epoch 2/3:  51%|█████     | 45/88 [00:11<00:10,  4.06it/s, loss=0.647]
  epoch 2/3:  51%|█████     | 45/88 [00:11<00:10,  4.06it/s, loss=0.646]
  epoch 2/3:  52%|█████▏    | 46/88 [00:11<00:10,  4.07it/s, loss=0.646]
  epoch 2/3:  52%|█████▏    | 46/88 [00:11<00:10,  4.07it/s, loss=0.640]
  epoch 2/3:  53%|█████▎    | 47/88 [00:11<00:10,  4.08it/s, loss=0.640]
  epoch 2/3:  53%|█████▎    | 47/88 [00:12<00:10,  4.08it/s, loss=0.638]
  epoch 2/3:  55%|█████▍    | 48/88 [00:12<00:09,  4.06it/s, loss=0.638]
  epoch 2/3:  55%|█████▍    | 48/88 [00:12<00:09,  4.06it/s, loss=0.634]
  epoch 2/3:  56%|█████▌    | 49/88 [00:12<00:09,  4.09it/s, loss=0.634]
  epoch 2/3:  56%|█████▌    | 49/88 [00:12<00:09,  4.09it/s, loss=0.630]
  epoch 2/3:  57%|█████▋    | 50/88 [00:12<00:09,  4.10it/s, loss=0.630]
  epoch 2/3:  57%|█████▋    | 50/88 [00:12<00:09,  4.10it/s, loss=0.628]
  epoch 2/3:  58%|█████▊    | 51/88 [00:12<00:08,  4.11it/s, loss=0.628]
  epoch 2/3:  58%|█████▊    | 51/88 [00:12<00:08,  4.11it/s, loss=0.623]
  epoch 2/3:  59%|█████▉    | 52/88 [00:12<00:08,  4.11it/s, loss=0.623]
  epoch 2/3:  59%|█████▉    | 52/88 [00:13<00:08,  4.11it/s, loss=0.618]
  epoch 2/3:  60%|██████    | 53/88 [00:13<00:08,  4.10it/s, loss=0.618]
  epoch 2/3:  60%|██████    | 53/88 [00:13<00:08,  4.10it/s, loss=0.614]
  epoch 2/3:  61%|██████▏   | 54/88 [00:13<00:08,  4.11it/s, loss=0.614]
  epoch 2/3:  61%|██████▏   | 54/88 [00:13<00:08,  4.11it/s, loss=0.612]
  epoch 2/3:  62%|██████▎   | 55/88 [00:13<00:08,  4.11it/s, loss=0.612]
  epoch 2/3:  62%|██████▎   | 55/88 [00:13<00:08,  4.11it/s, loss=0.608]
  epoch 2/3:  64%|██████▎   | 56/88 [00:13<00:07,  4.05it/s, loss=0.608]
  epoch 2/3:  64%|██████▎   | 56/88 [00:14<00:07,  4.05it/s, loss=0.606]
  epoch 2/3:  65%|██████▍   | 57/88 [00:14<00:07,  4.06it/s, loss=0.606]
  epoch 2/3:  65%|██████▍   | 57/88 [00:14<00:07,  4.06it/s, loss=0.602]
  epoch 2/3:  66%|██████▌   | 58/88 [00:14<00:07,  4.07it/s, loss=0.602]
  epoch 2/3:  66%|██████▌   | 58/88 [00:14<00:07,  4.07it/s, loss=0.602]
  epoch 2/3:  67%|██████▋   | 59/88 [00:14<00:07,  4.08it/s, loss=0.602]
  epoch 2/3:  67%|██████▋   | 59/88 [00:14<00:07,  4.08it/s, loss=0.600]
  epoch 2/3:  68%|██████▊   | 60/88 [00:14<00:06,  4.07it/s, loss=0.600]
  epoch 2/3:  68%|██████▊   | 60/88 [00:15<00:06,  4.07it/s, loss=0.599]
  epoch 2/3:  69%|██████▉   | 61/88 [00:15<00:06,  4.07it/s, loss=0.599]
  epoch 2/3:  69%|██████▉   | 61/88 [00:15<00:06,  4.07it/s, loss=0.596]
  epoch 2/3:  70%|███████   | 62/88 [00:15<00:06,  4.10it/s, loss=0.596]
  epoch 2/3:  70%|███████   | 62/88 [00:15<00:06,  4.10it/s, loss=0.595]
  epoch 2/3:  72%|███████▏  | 63/88 [00:15<00:06,  4.10it/s, loss=0.595]
  epoch 2/3:  72%|███████▏  | 63/88 [00:15<00:06,  4.10it/s, loss=0.593]
  epoch 2/3:  73%|███████▎  | 64/88 [00:15<00:05,  4.10it/s, loss=0.593]
  epoch 2/3:  73%|███████▎  | 64/88 [00:16<00:05,  4.10it/s, loss=0.593]
  epoch 2/3:  74%|███████▍  | 65/88 [00:16<00:05,  4.10it/s, loss=0.593]
  epoch 2/3:  74%|███████▍  | 65/88 [00:16<00:05,  4.10it/s, loss=0.591]
  epoch 2/3:  75%|███████▌  | 66/88 [00:16<00:05,  4.11it/s, loss=0.591]
  epoch 2/3:  75%|███████▌  | 66/88 [00:16<00:05,  4.11it/s, loss=0.589]
  epoch 2/3:  76%|███████▌  | 67/88 [00:16<00:05,  4.11it/s, loss=0.589]
  epoch 2/3:  76%|███████▌  | 67/88 [00:16<00:05,  4.11it/s, loss=0.585]
  epoch 2/3:  77%|███████▋  | 68/88 [00:16<00:04,  4.11it/s, loss=0.585]
  epoch 2/3:  77%|███████▋  | 68/88 [00:17<00:04,  4.11it/s, loss=0.584]
  epoch 2/3:  78%|███████▊  | 69/88 [00:17<00:04,  4.11it/s, loss=0.584]
  epoch 2/3:  78%|███████▊  | 69/88 [00:17<00:04,  4.11it/s, loss=0.582]
  epoch 2/3:  80%|███████▉  | 70/88 [00:17<00:04,  4.10it/s, loss=0.582]
  epoch 2/3:  80%|███████▉  | 70/88 [00:17<00:04,  4.10it/s, loss=0.581]
  epoch 2/3:  81%|████████  | 71/88 [00:17<00:04,  4.10it/s, loss=0.581]
  epoch 2/3:  81%|████████  | 71/88 [00:17<00:04,  4.10it/s, loss=0.577]
  epoch 2/3:  82%|████████▏ | 72/88 [00:17<00:03,  4.05it/s, loss=0.577]
  epoch 2/3:  82%|████████▏ | 72/88 [00:18<00:03,  4.05it/s, loss=0.574]
  epoch 2/3:  83%|████████▎ | 73/88 [00:18<00:03,  4.07it/s, loss=0.574]
  epoch 2/3:  83%|████████▎ | 73/88 [00:18<00:03,  4.07it/s, loss=0.573]
  epoch 2/3:  84%|████████▍ | 74/88 [00:18<00:03,  4.07it/s, loss=0.573]
  epoch 2/3:  84%|████████▍ | 74/88 [00:18<00:03,  4.07it/s, loss=0.572]
  epoch 2/3:  85%|████████▌ | 75/88 [00:18<00:03,  4.07it/s, loss=0.572]
  epoch 2/3:  85%|████████▌ | 75/88 [00:18<00:03,  4.07it/s, loss=0.570]
  epoch 2/3:  86%|████████▋ | 76/88 [00:18<00:02,  4.08it/s, loss=0.570]
  epoch 2/3:  86%|████████▋ | 76/88 [00:19<00:02,  4.08it/s, loss=0.571]
  epoch 2/3:  88%|████████▊ | 77/88 [00:19<00:02,  4.08it/s, loss=0.571]
  epoch 2/3:  88%|████████▊ | 77/88 [00:19<00:02,  4.08it/s, loss=0.569]
  epoch 2/3:  89%|████████▊ | 78/88 [00:19<00:02,  4.07it/s, loss=0.569]
  epoch 2/3:  89%|████████▊ | 78/88 [00:19<00:02,  4.07it/s, loss=0.565]
  epoch 2/3:  90%|████████▉ | 79/88 [00:19<00:02,  4.08it/s, loss=0.565]
  epoch 2/3:  90%|████████▉ | 79/88 [00:19<00:02,  4.08it/s, loss=0.562]
  epoch 2/3:  91%|█████████ | 80/88 [00:19<00:01,  4.09it/s, loss=0.562]
  epoch 2/3:  91%|█████████ | 80/88 [00:20<00:01,  4.09it/s, loss=0.560]
  epoch 2/3:  92%|█████████▏| 81/88 [00:20<00:01,  4.09it/s, loss=0.560]
  epoch 2/3:  92%|█████████▏| 81/88 [00:20<00:01,  4.09it/s, loss=0.557]
  epoch 2/3:  93%|█████████▎| 82/88 [00:20<00:01,  4.11it/s, loss=0.557]
  epoch 2/3:  93%|█████████▎| 82/88 [00:20<00:01,  4.11it/s, loss=0.555]
  epoch 2/3:  94%|█████████▍| 83/88 [00:20<00:01,  4.11it/s, loss=0.555]
  epoch 2/3:  94%|█████████▍| 83/88 [00:20<00:01,  4.11it/s, loss=0.555]
  epoch 2/3:  95%|█████████▌| 84/88 [00:20<00:00,  4.11it/s, loss=0.555]
  epoch 2/3:  95%|█████████▌| 84/88 [00:21<00:00,  4.11it/s, loss=0.553]
  epoch 2/3:  97%|█████████▋| 85/88 [00:21<00:00,  4.11it/s, loss=0.553]
  epoch 2/3:  97%|█████████▋| 85/88 [00:21<00:00,  4.11it/s, loss=0.550]
  epoch 2/3:  98%|█████████▊| 86/88 [00:21<00:00,  4.10it/s, loss=0.550]
  epoch 2/3:  98%|█████████▊| 86/88 [00:21<00:00,  4.10it/s, loss=0.549]
  epoch 2/3:  99%|█████████▉| 87/88 [00:21<00:00,  4.11it/s, loss=0.549]
  epoch 2/3:  99%|█████████▉| 87/88 [00:21<00:00,  4.11it/s, loss=0.548]
  epoch 2/3: 100%|██████████| 88/88 [00:21<00:00,  4.39it/s, loss=0.548]
                                                                        

  epoch 3/3:   0%|          | 0/88 [00:00<?, ?it/s]
  epoch 3/3:   0%|          | 0/88 [00:00<?, ?it/s, loss=0.286]
  epoch 3/3:   1%|          | 1/88 [00:00<00:44,  1.94it/s, loss=0.286]
  epoch 3/3:   1%|          | 1/88 [00:00<00:44,  1.94it/s, loss=0.364]
  epoch 3/3:   2%|▏         | 2/88 [00:00<00:30,  2.83it/s, loss=0.364]
  epoch 3/3:   2%|▏         | 2/88 [00:00<00:30,  2.83it/s, loss=0.335]
  epoch 3/3:   3%|▎         | 3/88 [00:00<00:25,  3.32it/s, loss=0.335]
  epoch 3/3:   3%|▎         | 3/88 [00:01<00:25,  3.32it/s, loss=0.309]
  epoch 3/3:   5%|▍         | 4/88 [00:01<00:23,  3.59it/s, loss=0.309]
  epoch 3/3:   5%|▍         | 4/88 [00:01<00:23,  3.59it/s, loss=0.311]
  epoch 3/3:   6%|▌         | 5/88 [00:01<00:22,  3.76it/s, loss=0.311]
  epoch 3/3:   6%|▌         | 5/88 [00:01<00:22,  3.76it/s, loss=0.358]
  epoch 3/3:   7%|▋         | 6/88 [00:01<00:21,  3.87it/s, loss=0.358]
  epoch 3/3:   7%|▋         | 6/88 [00:01<00:21,  3.87it/s, loss=0.362]
  epoch 3/3:   8%|▊         | 7/88 [00:01<00:20,  3.95it/s, loss=0.362]
  epoch 3/3:   8%|▊         | 7/88 [00:02<00:20,  3.95it/s, loss=0.359]
  epoch 3/3:   9%|▉         | 8/88 [00:02<00:20,  4.00it/s, loss=0.359]
  epoch 3/3:   9%|▉         | 8/88 [00:02<00:20,  4.00it/s, loss=0.373]
  epoch 3/3:  10%|█         | 9/88 [00:02<00:19,  4.02it/s, loss=0.373]
  epoch 3/3:  10%|█         | 9/88 [00:02<00:19,  4.02it/s, loss=0.388]
  epoch 3/3:  11%|█▏        | 10/88 [00:02<00:19,  4.05it/s, loss=0.388]
  epoch 3/3:  11%|█▏        | 10/88 [00:02<00:19,  4.05it/s, loss=0.377]
  epoch 3/3:  12%|█▎        | 11/88 [00:02<00:18,  4.08it/s, loss=0.377]
  epoch 3/3:  12%|█▎        | 11/88 [00:03<00:18,  4.08it/s, loss=0.371]
  epoch 3/3:  14%|█▎        | 12/88 [00:03<00:18,  4.09it/s, loss=0.371]
  epoch 3/3:  14%|█▎        | 12/88 [00:03<00:18,  4.09it/s, loss=0.369]
  epoch 3/3:  15%|█▍        | 13/88 [00:03<00:18,  4.09it/s, loss=0.369]
  epoch 3/3:  15%|█▍        | 13/88 [00:03<00:18,  4.09it/s, loss=0.360]
  epoch 3/3:  16%|█▌        | 14/88 [00:03<00:18,  4.09it/s, loss=0.360]
  epoch 3/3:  16%|█▌        | 14/88 [00:03<00:18,  4.09it/s, loss=0.362]
  epoch 3/3:  17%|█▋        | 15/88 [00:03<00:17,  4.10it/s, loss=0.362]
  epoch 3/3:  17%|█▋        | 15/88 [00:04<00:17,  4.10it/s, loss=0.358]
  epoch 3/3:  18%|█▊        | 16/88 [00:04<00:17,  4.04it/s, loss=0.358]
  epoch 3/3:  18%|█▊        | 16/88 [00:04<00:17,  4.04it/s, loss=0.351]
  epoch 3/3:  19%|█▉        | 17/88 [00:04<00:17,  4.05it/s, loss=0.351]
  epoch 3/3:  19%|█▉        | 17/88 [00:04<00:17,  4.05it/s, loss=0.346]
  epoch 3/3:  20%|██        | 18/88 [00:04<00:17,  4.07it/s, loss=0.346]
  epoch 3/3:  20%|██        | 18/88 [00:04<00:17,  4.07it/s, loss=0.341]
  epoch 3/3:  22%|██▏       | 19/88 [00:04<00:16,  4.07it/s, loss=0.341]
  epoch 3/3:  22%|██▏       | 19/88 [00:05<00:16,  4.07it/s, loss=0.346]
  epoch 3/3:  23%|██▎       | 20/88 [00:05<00:16,  4.06it/s, loss=0.346]
  epoch 3/3:  23%|██▎       | 20/88 [00:05<00:16,  4.06it/s, loss=0.342]
  epoch 3/3:  24%|██▍       | 21/88 [00:05<00:16,  4.07it/s, loss=0.342]
  epoch 3/3:  24%|██▍       | 21/88 [00:05<00:16,  4.07it/s, loss=0.341]
  epoch 3/3:  25%|██▌       | 22/88 [00:05<00:16,  4.08it/s, loss=0.341]
  epoch 3/3:  25%|██▌       | 22/88 [00:05<00:16,  4.08it/s, loss=0.345]
  epoch 3/3:  26%|██▌       | 23/88 [00:05<00:15,  4.10it/s, loss=0.345]
  epoch 3/3:  26%|██▌       | 23/88 [00:06<00:15,  4.10it/s, loss=0.343]
  epoch 3/3:  27%|██▋       | 24/88 [00:06<00:15,  4.10it/s, loss=0.343]
  epoch 3/3:  27%|██▋       | 24/88 [00:06<00:15,  4.10it/s, loss=0.341]
  epoch 3/3:  28%|██▊       | 25/88 [00:06<00:15,  4.12it/s, loss=0.341]
  epoch 3/3:  28%|██▊       | 25/88 [00:06<00:15,  4.12it/s, loss=0.334]
  epoch 3/3:  30%|██▉       | 26/88 [00:06<00:15,  4.10it/s, loss=0.334]
  epoch 3/3:  30%|██▉       | 26/88 [00:06<00:15,  4.10it/s, loss=0.332]
  epoch 3/3:  31%|███       | 27/88 [00:06<00:14,  4.10it/s, loss=0.332]
  epoch 3/3:  31%|███       | 27/88 [00:07<00:14,  4.10it/s, loss=0.337]
  epoch 3/3:  32%|███▏      | 28/88 [00:07<00:14,  4.10it/s, loss=0.337]
  epoch 3/3:  32%|███▏      | 28/88 [00:07<00:14,  4.10it/s, loss=0.337]
  epoch 3/3:  33%|███▎      | 29/88 [00:07<00:14,  4.10it/s, loss=0.337]
  epoch 3/3:  33%|███▎      | 29/88 [00:07<00:14,  4.10it/s, loss=0.336]
  epoch 3/3:  34%|███▍      | 30/88 [00:07<00:14,  4.11it/s, loss=0.336]
  epoch 3/3:  34%|███▍      | 30/88 [00:07<00:14,  4.11it/s, loss=0.331]
  epoch 3/3:  35%|███▌      | 31/88 [00:07<00:13,  4.11it/s, loss=0.331]
  epoch 3/3:  35%|███▌      | 31/88 [00:08<00:13,  4.11it/s, loss=0.328]
  epoch 3/3:  36%|███▋      | 32/88 [00:08<00:13,  4.05it/s, loss=0.328]
  epoch 3/3:  36%|███▋      | 32/88 [00:08<00:13,  4.05it/s, loss=0.326]
  epoch 3/3:  38%|███▊      | 33/88 [00:08<00:13,  4.07it/s, loss=0.326]
  epoch 3/3:  38%|███▊      | 33/88 [00:08<00:13,  4.07it/s, loss=0.327]
  epoch 3/3:  39%|███▊      | 34/88 [00:08<00:13,  4.07it/s, loss=0.327]
  epoch 3/3:  39%|███▊      | 34/88 [00:08<00:13,  4.07it/s, loss=0.326]
  epoch 3/3:  40%|███▉      | 35/88 [00:08<00:13,  4.07it/s, loss=0.326]
  epoch 3/3:  40%|███▉      | 35/88 [00:09<00:13,  4.07it/s, loss=0.328]
  epoch 3/3:  41%|████      | 36/88 [00:09<00:12,  4.08it/s, loss=0.328]
  epoch 3/3:  41%|████      | 36/88 [00:09<00:12,  4.08it/s, loss=0.325]
  epoch 3/3:  42%|████▏     | 37/88 [00:09<00:12,  4.09it/s, loss=0.325]
  epoch 3/3:  42%|████▏     | 37/88 [00:09<00:12,  4.09it/s, loss=0.323]
  epoch 3/3:  43%|████▎     | 38/88 [00:09<00:12,  4.08it/s, loss=0.323]
  epoch 3/3:  43%|████▎     | 38/88 [00:09<00:12,  4.08it/s, loss=0.322]
  epoch 3/3:  44%|████▍     | 39/88 [00:09<00:11,  4.09it/s, loss=0.322]
  epoch 3/3:  44%|████▍     | 39/88 [00:10<00:11,  4.09it/s, loss=0.318]
  epoch 3/3:  45%|████▌     | 40/88 [00:10<00:11,  4.08it/s, loss=0.318]
  epoch 3/3:  45%|████▌     | 40/88 [00:10<00:11,  4.08it/s, loss=0.316]
  epoch 3/3:  47%|████▋     | 41/88 [00:10<00:11,  4.08it/s, loss=0.316]
  epoch 3/3:  47%|████▋     | 41/88 [00:10<00:11,  4.08it/s, loss=0.312]
  epoch 3/3:  48%|████▊     | 42/88 [00:10<00:11,  4.09it/s, loss=0.312]
  epoch 3/3:  48%|████▊     | 42/88 [00:10<00:11,  4.09it/s, loss=0.311]
  epoch 3/3:  49%|████▉     | 43/88 [00:10<00:10,  4.10it/s, loss=0.311]
  epoch 3/3:  49%|████▉     | 43/88 [00:11<00:10,  4.10it/s, loss=0.310]
  epoch 3/3:  50%|█████     | 44/88 [00:11<00:10,  4.11it/s, loss=0.310]
  epoch 3/3:  50%|█████     | 44/88 [00:11<00:10,  4.11it/s, loss=0.309]
  epoch 3/3:  51%|█████     | 45/88 [00:11<00:10,  4.12it/s, loss=0.309]
  epoch 3/3:  51%|█████     | 45/88 [00:11<00:10,  4.12it/s, loss=0.308]
  epoch 3/3:  52%|█████▏    | 46/88 [00:11<00:10,  4.11it/s, loss=0.308]
  epoch 3/3:  52%|█████▏    | 46/88 [00:11<00:10,  4.11it/s, loss=0.310]
  epoch 3/3:  53%|█████▎    | 47/88 [00:11<00:10,  4.10it/s, loss=0.310]
  epoch 3/3:  53%|█████▎    | 47/88 [00:12<00:10,  4.10it/s, loss=0.309]
  epoch 3/3:  55%|█████▍    | 48/88 [00:12<00:09,  4.05it/s, loss=0.309]
  epoch 3/3:  55%|█████▍    | 48/88 [00:12<00:09,  4.05it/s, loss=0.307]
  epoch 3/3:  56%|█████▌    | 49/88 [00:12<00:09,  4.06it/s, loss=0.307]
  epoch 3/3:  56%|█████▌    | 49/88 [00:12<00:09,  4.06it/s, loss=0.306]
  epoch 3/3:  57%|█████▋    | 50/88 [00:12<00:09,  4.09it/s, loss=0.306]
  epoch 3/3:  57%|█████▋    | 50/88 [00:12<00:09,  4.09it/s, loss=0.305]
  epoch 3/3:  58%|█████▊    | 51/88 [00:12<00:09,  4.11it/s, loss=0.305]
  epoch 3/3:  58%|█████▊    | 51/88 [00:12<00:09,  4.11it/s, loss=0.305]
  epoch 3/3:  59%|█████▉    | 52/88 [00:12<00:08,  4.12it/s, loss=0.305]
  epoch 3/3:  59%|█████▉    | 52/88 [00:13<00:08,  4.12it/s, loss=0.303]
  epoch 3/3:  60%|██████    | 53/88 [00:13<00:08,  4.12it/s, loss=0.303]
  epoch 3/3:  60%|██████    | 53/88 [00:13<00:08,  4.12it/s, loss=0.303]
  epoch 3/3:  61%|██████▏   | 54/88 [00:13<00:08,  4.11it/s, loss=0.303]
  epoch 3/3:  61%|██████▏   | 54/88 [00:13<00:08,  4.11it/s, loss=0.303]
  epoch 3/3:  62%|██████▎   | 55/88 [00:13<00:08,  4.11it/s, loss=0.303]
  epoch 3/3:  62%|██████▎   | 55/88 [00:13<00:08,  4.11it/s, loss=0.302]
  epoch 3/3:  64%|██████▎   | 56/88 [00:13<00:07,  4.11it/s, loss=0.302]
  epoch 3/3:  64%|██████▎   | 56/88 [00:14<00:07,  4.11it/s, loss=0.305]
  epoch 3/3:  65%|██████▍   | 57/88 [00:14<00:07,  4.11it/s, loss=0.305]
  epoch 3/3:  65%|██████▍   | 57/88 [00:14<00:07,  4.11it/s, loss=0.303]
  epoch 3/3:  66%|██████▌   | 58/88 [00:14<00:07,  4.11it/s, loss=0.303]
  epoch 3/3:  66%|██████▌   | 58/88 [00:14<00:07,  4.11it/s, loss=0.302]
  epoch 3/3:  67%|██████▋   | 59/88 [00:14<00:07,  4.11it/s, loss=0.302]
  epoch 3/3:  67%|██████▋   | 59/88 [00:14<00:07,  4.11it/s, loss=0.301]
  epoch 3/3:  68%|██████▊   | 60/88 [00:14<00:06,  4.12it/s, loss=0.301]
  epoch 3/3:  68%|██████▊   | 60/88 [00:15<00:06,  4.12it/s, loss=0.300]
  epoch 3/3:  69%|██████▉   | 61/88 [00:15<00:06,  4.10it/s, loss=0.300]
  epoch 3/3:  69%|██████▉   | 61/88 [00:15<00:06,  4.10it/s, loss=0.299]
  epoch 3/3:  70%|███████   | 62/88 [00:15<00:06,  4.11it/s, loss=0.299]
  epoch 3/3:  70%|███████   | 62/88 [00:15<00:06,  4.11it/s, loss=0.298]
  epoch 3/3:  72%|███████▏  | 63/88 [00:15<00:06,  4.10it/s, loss=0.298]
  epoch 3/3:  72%|███████▏  | 63/88 [00:15<00:06,  4.10it/s, loss=0.298]
  epoch 3/3:  73%|███████▎  | 64/88 [00:15<00:05,  4.04it/s, loss=0.298]
  epoch 3/3:  73%|███████▎  | 64/88 [00:16<00:05,  4.04it/s, loss=0.298]
  epoch 3/3:  74%|███████▍  | 65/88 [00:16<00:05,  4.09it/s, loss=0.298]
  epoch 3/3:  74%|███████▍  | 65/88 [00:16<00:05,  4.09it/s, loss=0.296]
  epoch 3/3:  75%|███████▌  | 66/88 [00:16<00:05,  4.09it/s, loss=0.296]
  epoch 3/3:  75%|███████▌  | 66/88 [00:16<00:05,  4.09it/s, loss=0.294]
  epoch 3/3:  76%|███████▌  | 67/88 [00:16<00:05,  4.11it/s, loss=0.294]
  epoch 3/3:  76%|███████▌  | 67/88 [00:16<00:05,  4.11it/s, loss=0.296]
  epoch 3/3:  77%|███████▋  | 68/88 [00:16<00:04,  4.13it/s, loss=0.296]
  epoch 3/3:  77%|███████▋  | 68/88 [00:17<00:04,  4.13it/s, loss=0.295]
  epoch 3/3:  78%|███████▊  | 69/88 [00:17<00:04,  4.13it/s, loss=0.295]
  epoch 3/3:  78%|███████▊  | 69/88 [00:17<00:04,  4.13it/s, loss=0.294]
  epoch 3/3:  80%|███████▉  | 70/88 [00:17<00:04,  4.13it/s, loss=0.294]
  epoch 3/3:  80%|███████▉  | 70/88 [00:17<00:04,  4.13it/s, loss=0.293]
  epoch 3/3:  81%|████████  | 71/88 [00:17<00:04,  4.12it/s, loss=0.293]
  epoch 3/3:  81%|████████  | 71/88 [00:17<00:04,  4.12it/s, loss=0.293]
  epoch 3/3:  82%|████████▏ | 72/88 [00:17<00:03,  4.07it/s, loss=0.293]
  epoch 3/3:  82%|████████▏ | 72/88 [00:18<00:03,  4.07it/s, loss=0.294]
  epoch 3/3:  83%|████████▎ | 73/88 [00:18<00:03,  4.10it/s, loss=0.294]
  epoch 3/3:  83%|████████▎ | 73/88 [00:18<00:03,  4.10it/s, loss=0.293]
  epoch 3/3:  84%|████████▍ | 74/88 [00:18<00:03,  4.11it/s, loss=0.293]
  epoch 3/3:  84%|████████▍ | 74/88 [00:18<00:03,  4.11it/s, loss=0.292]
  epoch 3/3:  85%|████████▌ | 75/88 [00:18<00:03,  4.11it/s, loss=0.292]
  epoch 3/3:  85%|████████▌ | 75/88 [00:18<00:03,  4.11it/s, loss=0.291]
  epoch 3/3:  86%|████████▋ | 76/88 [00:18<00:02,  4.11it/s, loss=0.291]
  epoch 3/3:  86%|████████▋ | 76/88 [00:19<00:02,  4.11it/s, loss=0.294]
  epoch 3/3:  88%|████████▊ | 77/88 [00:19<00:02,  4.11it/s, loss=0.294]
  epoch 3/3:  88%|████████▊ | 77/88 [00:19<00:02,  4.11it/s, loss=0.293]
  epoch 3/3:  89%|████████▊ | 78/88 [00:19<00:02,  4.09it/s, loss=0.293]
  epoch 3/3:  89%|████████▊ | 78/88 [00:19<00:02,  4.09it/s, loss=0.293]
  epoch 3/3:  90%|████████▉ | 79/88 [00:19<00:02,  4.11it/s, loss=0.293]
  epoch 3/3:  90%|████████▉ | 79/88 [00:19<00:02,  4.11it/s, loss=0.293]
  epoch 3/3:  91%|█████████ | 80/88 [00:19<00:02,  4.00it/s, loss=0.293]
  epoch 3/3:  91%|█████████ | 80/88 [00:20<00:02,  4.00it/s, loss=0.294]
  epoch 3/3:  92%|█████████▏| 81/88 [00:20<00:01,  4.04it/s, loss=0.294]
  epoch 3/3:  92%|█████████▏| 81/88 [00:20<00:01,  4.04it/s, loss=0.294]
  epoch 3/3:  93%|█████████▎| 82/88 [00:20<00:01,  4.06it/s, loss=0.294]
  epoch 3/3:  93%|█████████▎| 82/88 [00:20<00:01,  4.06it/s, loss=0.292]
  epoch 3/3:  94%|█████████▍| 83/88 [00:20<00:01,  4.08it/s, loss=0.292]
  epoch 3/3:  94%|█████████▍| 83/88 [00:20<00:01,  4.08it/s, loss=0.291]
  epoch 3/3:  95%|█████████▌| 84/88 [00:20<00:00,  4.09it/s, loss=0.291]
  epoch 3/3:  95%|█████████▌| 84/88 [00:21<00:00,  4.09it/s, loss=0.291]
  epoch 3/3:  97%|█████████▋| 85/88 [00:21<00:00,  4.09it/s, loss=0.291]
  epoch 3/3:  97%|█████████▋| 85/88 [00:21<00:00,  4.09it/s, loss=0.291]
  epoch 3/3:  98%|█████████▊| 86/88 [00:21<00:00,  4.10it/s, loss=0.291]
  epoch 3/3:  98%|█████████▊| 86/88 [00:21<00:00,  4.10it/s, loss=0.291]
  epoch 3/3:  99%|█████████▉| 87/88 [00:21<00:00,  4.10it/s, loss=0.291]
  epoch 3/3:  99%|█████████▉| 87/88 [00:21<00:00,  4.10it/s, loss=0.292]
  epoch 3/3: 100%|██████████| 88/88 [00:21<00:00,  4.45it/s, loss=0.292]
                                                                        
[titans] reset=never | norm(state) sau task = 80.7114
[titans]   self-mod v:β=0.80 |W|=1.64
[titans]   eta_t(avg)=0.3862  alpha_t/forget-gate(avg)=1.0000
[task 2] test acc so far: 0.889  0.814  0.451
[task 2] NCM-online acc so far: 0.846  0.869  0.837
[task 2] NCM-posthoc acc so far: 0.854  0.874  0.834
[checkpoint] đã lưu tiến độ sau task 2
[task 3] classes=[10, 15, 23, 28, 42] | train=2800

  epoch 1/3:   0%|          | 0/88 [00:00<?, ?it/s]
  epoch 1/3:   0%|          | 0/88 [00:00<?, ?it/s, loss=1.815]
  epoch 1/3:   1%|          | 1/88 [00:00<00:56,  1.54it/s, loss=1.815]
  epoch 1/3:   1%|          | 1/88 [00:00<00:56,  1.54it/s, loss=1.817]
  epoch 1/3:   2%|▏         | 2/88 [00:00<00:35,  2.45it/s, loss=1.817]
  epoch 1/3:   2%|▏         | 2/88 [00:01<00:35,  2.45it/s, loss=1.777]
  epoch 1/3:   3%|▎         | 3/88 [00:01<00:28,  3.01it/s, loss=1.777]
  epoch 1/3:   3%|▎         | 3/88 [00:01<00:28,  3.01it/s, loss=1.778]
  epoch 1/3:   5%|▍         | 4/88 [00:01<00:24,  3.37it/s, loss=1.778]
  epoch 1/3:   5%|▍         | 4/88 [00:01<00:24,  3.37it/s, loss=1.750]
  epoch 1/3:   6%|▌         | 5/88 [00:01<00:23,  3.61it/s, loss=1.750]
  epoch 1/3:   6%|▌         | 5/88 [00:01<00:23,  3.61it/s, loss=1.756]
  epoch 1/3:   7%|▋         | 6/88 [00:01<00:21,  3.76it/s, loss=1.756]
  epoch 1/3:   7%|▋         | 6/88 [00:02<00:21,  3.76it/s, loss=1.746]
  epoch 1/3:   8%|▊         | 7/88 [00:02<00:20,  3.88it/s, loss=1.746]
  epoch 1/3:   8%|▊         | 7/88 [00:02<00:20,  3.88it/s, loss=1.756]
  epoch 1/3:   9%|▉         | 8/88 [00:02<00:20,  3.89it/s, loss=1.756]
  epoch 1/3:   9%|▉         | 8/88 [00:02<00:20,  3.89it/s, loss=1.752]
  epoch 1/3:  10%|█         | 9/88 [00:02<00:19,  3.97it/s, loss=1.752]
  epoch 1/3:  10%|█         | 9/88 [00:02<00:19,  3.97it/s, loss=1.744]
  epoch 1/3:  11%|█▏        | 10/88 [00:02<00:19,  4.04it/s, loss=1.744]
  epoch 1/3:  11%|█▏        | 10/88 [00:03<00:19,  4.04it/s, loss=1.729]
  epoch 1/3:  12%|█▎        | 11/88 [00:03<00:18,  4.06it/s, loss=1.729]
  epoch 1/3:  12%|█▎        | 11/88 [00:03<00:18,  4.06it/s, loss=1.712]
  epoch 1/3:  14%|█▎        | 12/88 [00:03<00:18,  4.06it/s, loss=1.712]
  epoch 1/3:  14%|█▎        | 12/88 [00:03<00:18,  4.06it/s, loss=1.705]
  epoch 1/3:  15%|█▍        | 13/88 [00:03<00:18,  4.10it/s, loss=1.705]
  epoch 1/3:  15%|█▍        | 13/88 [00:03<00:18,  4.10it/s, loss=1.702]
  epoch 1/3:  16%|█▌        | 14/88 [00:03<00:18,  4.11it/s, loss=1.702]
  epoch 1/3:  16%|█▌        | 14/88 [00:04<00:18,  4.11it/s, loss=1.695]
  epoch 1/3:  17%|█▋        | 15/88 [00:04<00:17,  4.11it/s, loss=1.695]
  epoch 1/3:  17%|█▋        | 15/88 [00:04<00:17,  4.11it/s, loss=1.686]
  epoch 1/3:  18%|█▊        | 16/88 [00:04<00:17,  4.11it/s, loss=1.686]
  epoch 1/3:  18%|█▊        | 16/88 [00:04<00:17,  4.11it/s, loss=1.676]
  epoch 1/3:  19%|█▉        | 17/88 [00:04<00:17,  4.10it/s, loss=1.676]
  epoch 1/3:  19%|█▉        | 17/88 [00:04<00:17,  4.10it/s, loss=1.666]
  epoch 1/3:  20%|██        | 18/88 [00:04<00:17,  4.11it/s, loss=1.666]
  epoch 1/3:  20%|██        | 18/88 [00:05<00:17,  4.11it/s, loss=1.650]
  epoch 1/3:  22%|██▏       | 19/88 [00:05<00:16,  4.10it/s, loss=1.650]
  epoch 1/3:  22%|██▏       | 19/88 [00:05<00:16,  4.10it/s, loss=1.642]
  epoch 1/3:  23%|██▎       | 20/88 [00:05<00:16,  4.06it/s, loss=1.642]
  epoch 1/3:  23%|██▎       | 20/88 [00:05<00:16,  4.06it/s, loss=1.638]
  epoch 1/3:  24%|██▍       | 21/88 [00:05<00:16,  4.10it/s, loss=1.638]
  epoch 1/3:  24%|██▍       | 21/88 [00:05<00:16,  4.10it/s, loss=1.634]
  epoch 1/3:  25%|██▌       | 22/88 [00:05<00:16,  4.11it/s, loss=1.634]
  epoch 1/3:  25%|██▌       | 22/88 [00:05<00:16,  4.11it/s, loss=1.627]
  epoch 1/3:  26%|██▌       | 23/88 [00:05<00:15,  4.13it/s, loss=1.627]
  epoch 1/3:  26%|██▌       | 23/88 [00:06<00:15,  4.13it/s, loss=1.620]
  epoch 1/3:  27%|██▋       | 24/88 [00:06<00:15,  4.05it/s, loss=1.620]
  epoch 1/3:  27%|██▋       | 24/88 [00:06<00:15,  4.05it/s, loss=1.613]
  epoch 1/3:  28%|██▊       | 25/88 [00:06<00:15,  4.08it/s, loss=1.613]
  epoch 1/3:  28%|██▊       | 25/88 [00:06<00:15,  4.08it/s, loss=1.604]
  epoch 1/3:  30%|██▉       | 26/88 [00:06<00:15,  4.11it/s, loss=1.604]
  epoch 1/3:  30%|██▉       | 26/88 [00:06<00:15,  4.11it/s, loss=1.597]
  epoch 1/3:  31%|███       | 27/88 [00:06<00:14,  4.11it/s, loss=1.597]
  epoch 1/3:  31%|███       | 27/88 [00:07<00:14,  4.11it/s, loss=1.587]
  epoch 1/3:  32%|███▏      | 28/88 [00:07<00:14,  4.12it/s, loss=1.587]
  epoch 1/3:  32%|███▏      | 28/88 [00:07<00:14,  4.12it/s, loss=1.577]
  epoch 1/3:  33%|███▎      | 29/88 [00:07<00:14,  4.13it/s, loss=1.577]
  epoch 1/3:  33%|███▎      | 29/88 [00:07<00:14,  4.13it/s, loss=1.569]
  epoch 1/3:  34%|███▍      | 30/88 [00:07<00:14,  4.12it/s, loss=1.569]
  epoch 1/3:  34%|███▍      | 30/88 [00:07<00:14,  4.12it/s, loss=1.566]
  epoch 1/3:  35%|███▌      | 31/88 [00:07<00:13,  4.12it/s, loss=1.566]
  epoch 1/3:  35%|███▌      | 31/88 [00:08<00:13,  4.12it/s, loss=1.557]
  epoch 1/3:  36%|███▋      | 32/88 [00:08<00:13,  4.12it/s, loss=1.557]
  epoch 1/3:  36%|███▋      | 32/88 [00:08<00:13,  4.12it/s, loss=1.549]
  epoch 1/3:  38%|███▊      | 33/88 [00:08<00:13,  4.11it/s, loss=1.549]
  epoch 1/3:  38%|███▊      | 33/88 [00:08<00:13,  4.11it/s, loss=1.539]
  epoch 1/3:  39%|███▊      | 34/88 [00:08<00:13,  4.12it/s, loss=1.539]
  epoch 1/3:  39%|███▊      | 34/88 [00:08<00:13,  4.12it/s, loss=1.533]
  epoch 1/3:  40%|███▉      | 35/88 [00:08<00:12,  4.11it/s, loss=1.533]
  epoch 1/3:  40%|███▉      | 35/88 [00:09<00:12,  4.11it/s, loss=1.525]
  epoch 1/3:  41%|████      | 36/88 [00:09<00:12,  4.11it/s, loss=1.525]
  epoch 1/3:  41%|████      | 36/88 [00:09<00:12,  4.11it/s, loss=1.519]
  epoch 1/3:  42%|████▏     | 37/88 [00:09<00:12,  4.10it/s, loss=1.519]
  epoch 1/3:  42%|████▏     | 37/88 [00:09<00:12,  4.10it/s, loss=1.511]
  epoch 1/3:  43%|████▎     | 38/88 [00:09<00:12,  4.12it/s, loss=1.511]
  epoch 1/3:  43%|████▎     | 38/88 [00:09<00:12,  4.12it/s, loss=1.503]
  epoch 1/3:  44%|████▍     | 39/88 [00:09<00:11,  4.11it/s, loss=1.503]
  epoch 1/3:  44%|████▍     | 39/88 [00:10<00:11,  4.11it/s, loss=1.493]
  epoch 1/3:  45%|████▌     | 40/88 [00:10<00:11,  4.06it/s, loss=1.493]
  epoch 1/3:  45%|████▌     | 40/88 [00:10<00:11,  4.06it/s, loss=1.486]
  epoch 1/3:  47%|████▋     | 41/88 [00:10<00:11,  4.07it/s, loss=1.486]
  epoch 1/3:  47%|████▋     | 41/88 [00:10<00:11,  4.07it/s, loss=1.481]
  epoch 1/3:  48%|████▊     | 42/88 [00:10<00:11,  4.10it/s, loss=1.481]
  epoch 1/3:  48%|████▊     | 42/88 [00:10<00:11,  4.10it/s, loss=1.473]
  epoch 1/3:  49%|████▉     | 43/88 [00:10<00:11,  4.07it/s, loss=1.473]
  epoch 1/3:  49%|████▉     | 43/88 [00:11<00:11,  4.07it/s, loss=1.466]
  epoch 1/3:  50%|█████     | 44/88 [00:11<00:10,  4.10it/s, loss=1.466]
  epoch 1/3:  50%|█████     | 44/88 [00:11<00:10,  4.10it/s, loss=1.461]
  epoch 1/3:  51%|█████     | 45/88 [00:11<00:10,  4.11it/s, loss=1.461]
  epoch 1/3:  51%|█████     | 45/88 [00:11<00:10,  4.11it/s, loss=1.454]
  epoch 1/3:  52%|█████▏    | 46/88 [00:11<00:10,  4.11it/s, loss=1.454]
  epoch 1/3:  52%|█████▏    | 46/88 [00:11<00:10,  4.11it/s, loss=1.451]
  epoch 1/3:  53%|█████▎    | 47/88 [00:11<00:09,  4.13it/s, loss=1.451]
  epoch 1/3:  53%|█████▎    | 47/88 [00:12<00:09,  4.13it/s, loss=1.444]
  epoch 1/3:  55%|█████▍    | 48/88 [00:12<00:09,  4.14it/s, loss=1.444]
  epoch 1/3:  55%|█████▍    | 48/88 [00:12<00:09,  4.14it/s, loss=1.437]
  epoch 1/3:  56%|█████▌    | 49/88 [00:12<00:09,  4.09it/s, loss=1.437]
  epoch 1/3:  56%|█████▌    | 49/88 [00:12<00:09,  4.09it/s, loss=1.429]
  epoch 1/3:  57%|█████▋    | 50/88 [00:12<00:09,  4.11it/s, loss=1.429]
  epoch 1/3:  57%|█████▋    | 50/88 [00:12<00:09,  4.11it/s, loss=1.421]
  epoch 1/3:  58%|█████▊    | 51/88 [00:12<00:08,  4.12it/s, loss=1.421]
  epoch 1/3:  58%|█████▊    | 51/88 [00:13<00:08,  4.12it/s, loss=1.416]
  epoch 1/3:  59%|█████▉    | 52/88 [00:13<00:08,  4.13it/s, loss=1.416]
  epoch 1/3:  59%|█████▉    | 52/88 [00:13<00:08,  4.13it/s, loss=1.410]
  epoch 1/3:  60%|██████    | 53/88 [00:13<00:08,  4.12it/s, loss=1.410]
  epoch 1/3:  60%|██████    | 53/88 [00:13<00:08,  4.12it/s, loss=1.402]
  epoch 1/3:  61%|██████▏   | 54/88 [00:13<00:08,  4.12it/s, loss=1.402]
  epoch 1/3:  61%|██████▏   | 54/88 [00:13<00:08,  4.12it/s, loss=1.395]
  epoch 1/3:  62%|██████▎   | 55/88 [00:13<00:08,  4.12it/s, loss=1.395]
  epoch 1/3:  62%|██████▎   | 55/88 [00:14<00:08,  4.12it/s, loss=1.389]
  epoch 1/3:  64%|██████▎   | 56/88 [00:14<00:07,  4.06it/s, loss=1.389]
  epoch 1/3:  64%|██████▎   | 56/88 [00:14<00:07,  4.06it/s, loss=1.385]
  epoch 1/3:  65%|██████▍   | 57/88 [00:14<00:07,  4.08it/s, loss=1.385]
  epoch 1/3:  65%|██████▍   | 57/88 [00:14<00:07,  4.08it/s, loss=1.380]
  epoch 1/3:  66%|██████▌   | 58/88 [00:14<00:07,  4.09it/s, loss=1.380]
  epoch 1/3:  66%|██████▌   | 58/88 [00:14<00:07,  4.09it/s, loss=1.376]
  epoch 1/3:  67%|██████▋   | 59/88 [00:14<00:07,  4.08it/s, loss=1.376]
  epoch 1/3:  67%|██████▋   | 59/88 [00:15<00:07,  4.08it/s, loss=1.369]
  epoch 1/3:  68%|██████▊   | 60/88 [00:15<00:06,  4.08it/s, loss=1.369]
  epoch 1/3:  68%|██████▊   | 60/88 [00:15<00:06,  4.08it/s, loss=1.362]
  epoch 1/3:  69%|██████▉   | 61/88 [00:15<00:06,  4.08it/s, loss=1.362]
  epoch 1/3:  69%|██████▉   | 61/88 [00:15<00:06,  4.08it/s, loss=1.357]
  epoch 1/3:  70%|███████   | 62/88 [00:15<00:06,  4.09it/s, loss=1.357]
  epoch 1/3:  70%|███████   | 62/88 [00:15<00:06,  4.09it/s, loss=1.351]
  epoch 1/3:  72%|███████▏  | 63/88 [00:15<00:06,  4.09it/s, loss=1.351]
  epoch 1/3:  72%|███████▏  | 63/88 [00:16<00:06,  4.09it/s, loss=1.343]
  epoch 1/3:  73%|███████▎  | 64/88 [00:16<00:05,  4.07it/s, loss=1.343]
  epoch 1/3:  73%|███████▎  | 64/88 [00:16<00:05,  4.07it/s, loss=1.338]
  epoch 1/3:  74%|███████▍  | 65/88 [00:16<00:05,  4.08it/s, loss=1.338]
  epoch 1/3:  74%|███████▍  | 65/88 [00:16<00:05,  4.08it/s, loss=1.333]
  epoch 1/3:  75%|███████▌  | 66/88 [00:16<00:05,  4.09it/s, loss=1.333]
  epoch 1/3:  75%|███████▌  | 66/88 [00:16<00:05,  4.09it/s, loss=1.327]
  epoch 1/3:  76%|███████▌  | 67/88 [00:16<00:05,  4.09it/s, loss=1.327]
  epoch 1/3:  76%|███████▌  | 67/88 [00:16<00:05,  4.09it/s, loss=1.322]
  epoch 1/3:  77%|███████▋  | 68/88 [00:16<00:04,  4.10it/s, loss=1.322]
  epoch 1/3:  77%|███████▋  | 68/88 [00:17<00:04,  4.10it/s, loss=1.315]
  epoch 1/3:  78%|███████▊  | 69/88 [00:17<00:04,  4.11it/s, loss=1.315]
  epoch 1/3:  78%|███████▊  | 69/88 [00:17<00:04,  4.11it/s, loss=1.310]
  epoch 1/3:  80%|███████▉  | 70/88 [00:17<00:04,  4.10it/s, loss=1.310]
  epoch 1/3:  80%|███████▉  | 70/88 [00:17<00:04,  4.10it/s, loss=1.303]
  epoch 1/3:  81%|████████  | 71/88 [00:17<00:04,  4.11it/s, loss=1.303]
  epoch 1/3:  81%|████████  | 71/88 [00:17<00:04,  4.11it/s, loss=1.297]
  epoch 1/3:  82%|████████▏ | 72/88 [00:17<00:03,  4.04it/s, loss=1.297]
  epoch 1/3:  82%|████████▏ | 72/88 [00:18<00:03,  4.04it/s, loss=1.290]
  epoch 1/3:  83%|████████▎ | 73/88 [00:18<00:03,  4.06it/s, loss=1.290]
  epoch 1/3:  83%|████████▎ | 73/88 [00:18<00:03,  4.06it/s, loss=1.283]
  epoch 1/3:  84%|████████▍ | 74/88 [00:18<00:03,  4.06it/s, loss=1.283]
  epoch 1/3:  84%|████████▍ | 74/88 [00:18<00:03,  4.06it/s, loss=1.278]
  epoch 1/3:  85%|████████▌ | 75/88 [00:18<00:03,  4.04it/s, loss=1.278]
  epoch 1/3:  85%|████████▌ | 75/88 [00:18<00:03,  4.04it/s, loss=1.274]
  epoch 1/3:  86%|████████▋ | 76/88 [00:18<00:02,  4.07it/s, loss=1.274]
  epoch 1/3:  86%|████████▋ | 76/88 [00:19<00:02,  4.07it/s, loss=1.269]
  epoch 1/3:  88%|████████▊ | 77/88 [00:19<00:02,  4.09it/s, loss=1.269]
  epoch 1/3:  88%|████████▊ | 77/88 [00:19<00:02,  4.09it/s, loss=1.264]
  epoch 1/3:  89%|████████▊ | 78/88 [00:19<00:02,  4.09it/s, loss=1.264]
  epoch 1/3:  89%|████████▊ | 78/88 [00:19<00:02,  4.09it/s, loss=1.258]
  epoch 1/3:  90%|████████▉ | 79/88 [00:19<00:02,  4.09it/s, loss=1.258]
  epoch 1/3:  90%|████████▉ | 79/88 [00:19<00:02,  4.09it/s, loss=1.253]
  epoch 1/3:  91%|█████████ | 80/88 [00:19<00:01,  4.08it/s, loss=1.253]
  epoch 1/3:  91%|█████████ | 80/88 [00:20<00:01,  4.08it/s, loss=1.247]
  epoch 1/3:  92%|█████████▏| 81/88 [00:20<00:01,  4.09it/s, loss=1.247]
  epoch 1/3:  92%|█████████▏| 81/88 [00:20<00:01,  4.09it/s, loss=1.241]
  epoch 1/3:  93%|█████████▎| 82/88 [00:20<00:01,  4.07it/s, loss=1.241]
  epoch 1/3:  93%|█████████▎| 82/88 [00:20<00:01,  4.07it/s, loss=1.235]
  epoch 1/3:  94%|█████████▍| 83/88 [00:20<00:01,  4.07it/s, loss=1.235]
  epoch 1/3:  94%|█████████▍| 83/88 [00:20<00:01,  4.07it/s, loss=1.230]
  epoch 1/3:  95%|█████████▌| 84/88 [00:20<00:00,  4.06it/s, loss=1.230]
  epoch 1/3:  95%|█████████▌| 84/88 [00:21<00:00,  4.06it/s, loss=1.223]
  epoch 1/3:  97%|█████████▋| 85/88 [00:21<00:00,  4.06it/s, loss=1.223]
  epoch 1/3:  97%|█████████▋| 85/88 [00:21<00:00,  4.06it/s, loss=1.217]
  epoch 1/3:  98%|█████████▊| 86/88 [00:21<00:00,  4.07it/s, loss=1.217]
  epoch 1/3:  98%|█████████▊| 86/88 [00:21<00:00,  4.07it/s, loss=1.213]
  epoch 1/3:  99%|█████████▉| 87/88 [00:21<00:00,  4.08it/s, loss=1.213]
  epoch 1/3:  99%|█████████▉| 87/88 [00:21<00:00,  4.08it/s, loss=1.209]
  epoch 1/3: 100%|██████████| 88/88 [00:21<00:00,  4.36it/s, loss=1.209]
                                                                        

  epoch 2/3:   0%|          | 0/88 [00:00<?, ?it/s]
  epoch 2/3:   0%|          | 0/88 [00:00<?, ?it/s, loss=0.709]
  epoch 2/3:   1%|          | 1/88 [00:00<00:44,  1.94it/s, loss=0.709]
  epoch 2/3:   1%|          | 1/88 [00:00<00:44,  1.94it/s, loss=0.721]
  epoch 2/3:   2%|▏         | 2/88 [00:00<00:30,  2.79it/s, loss=0.721]
  epoch 2/3:   2%|▏         | 2/88 [00:01<00:30,  2.79it/s, loss=0.715]
  epoch 2/3:   3%|▎         | 3/88 [00:01<00:26,  3.25it/s, loss=0.715]
  epoch 2/3:   3%|▎         | 3/88 [00:01<00:26,  3.25it/s, loss=0.736]
  epoch 2/3:   5%|▍         | 4/88 [00:01<00:23,  3.53it/s, loss=0.736]
  epoch 2/3:   5%|▍         | 4/88 [00:01<00:23,  3.53it/s, loss=0.721]
  epoch 2/3:   6%|▌         | 5/88 [00:01<00:22,  3.71it/s, loss=0.721]
  epoch 2/3:   6%|▌         | 5/88 [00:01<00:22,  3.71it/s, loss=0.709]
  epoch 2/3:   7%|▋         | 6/88 [00:01<00:21,  3.84it/s, loss=0.709]
  epoch 2/3:   7%|▋         | 6/88 [00:01<00:21,  3.84it/s, loss=0.707]
  epoch 2/3:   8%|▊         | 7/88 [00:01<00:20,  3.93it/s, loss=0.707]
  epoch 2/3:   8%|▊         | 7/88 [00:02<00:20,  3.93it/s, loss=0.707]
  epoch 2/3:   9%|▉         | 8/88 [00:02<00:20,  3.97it/s, loss=0.707]
  epoch 2/3:   9%|▉         | 8/88 [00:02<00:20,  3.97it/s, loss=0.719]
  epoch 2/3:  10%|█         | 9/88 [00:02<00:19,  4.01it/s, loss=0.719]
  epoch 2/3:  10%|█         | 9/88 [00:02<00:19,  4.01it/s, loss=0.715]
  epoch 2/3:  11%|█▏        | 10/88 [00:02<00:19,  4.05it/s, loss=0.715]
  epoch 2/3:  11%|█▏        | 10/88 [00:02<00:19,  4.05it/s, loss=0.707]
  epoch 2/3:  12%|█▎        | 11/88 [00:02<00:18,  4.08it/s, loss=0.707]
  epoch 2/3:  12%|█▎        | 11/88 [00:03<00:18,  4.08it/s, loss=0.694]
  epoch 2/3:  14%|█▎        | 12/88 [00:03<00:18,  4.08it/s, loss=0.694]
  epoch 2/3:  14%|█▎        | 12/88 [00:03<00:18,  4.08it/s, loss=0.689]
  epoch 2/3:  15%|█▍        | 13/88 [00:03<00:18,  4.08it/s, loss=0.689]
  epoch 2/3:  15%|█▍        | 13/88 [00:03<00:18,  4.08it/s, loss=0.687]
  epoch 2/3:  16%|█▌        | 14/88 [00:03<00:18,  4.09it/s, loss=0.687]
  epoch 2/3:  16%|█▌        | 14/88 [00:03<00:18,  4.09it/s, loss=0.685]
  epoch 2/3:  17%|█▋        | 15/88 [00:03<00:17,  4.10it/s, loss=0.685]
  epoch 2/3:  17%|█▋        | 15/88 [00:04<00:17,  4.10it/s, loss=0.678]
  epoch 2/3:  18%|█▊        | 16/88 [00:04<00:17,  4.04it/s, loss=0.678]
  epoch 2/3:  18%|█▊        | 16/88 [00:04<00:17,  4.04it/s, loss=0.682]
  epoch 2/3:  19%|█▉        | 17/88 [00:04<00:17,  4.03it/s, loss=0.682]
  epoch 2/3:  19%|█▉        | 17/88 [00:04<00:17,  4.03it/s, loss=0.673]
  epoch 2/3:  20%|██        | 18/88 [00:04<00:17,  4.06it/s, loss=0.673]
  epoch 2/3:  20%|██        | 18/88 [00:04<00:17,  4.06it/s, loss=0.672]
  epoch 2/3:  22%|██▏       | 19/88 [00:04<00:16,  4.07it/s, loss=0.672]
  epoch 2/3:  22%|██▏       | 19/88 [00:05<00:16,  4.07it/s, loss=0.665]
  epoch 2/3:  23%|██▎       | 20/88 [00:05<00:16,  4.06it/s, loss=0.665]
  epoch 2/3:  23%|██▎       | 20/88 [00:05<00:16,  4.06it/s, loss=0.660]
  epoch 2/3:  24%|██▍       | 21/88 [00:05<00:16,  4.08it/s, loss=0.660]
  epoch 2/3:  24%|██▍       | 21/88 [00:05<00:16,  4.08it/s, loss=0.665]
  epoch 2/3:  25%|██▌       | 22/88 [00:05<00:16,  4.05it/s, loss=0.665]
  epoch 2/3:  25%|██▌       | 22/88 [00:05<00:16,  4.05it/s, loss=0.659]
  epoch 2/3:  26%|██▌       | 23/88 [00:05<00:15,  4.07it/s, loss=0.659]
  epoch 2/3:  26%|██▌       | 23/88 [00:06<00:15,  4.07it/s, loss=0.656]
  epoch 2/3:  27%|██▋       | 24/88 [00:06<00:15,  4.06it/s, loss=0.656]
  epoch 2/3:  27%|██▋       | 24/88 [00:06<00:15,  4.06it/s, loss=0.657]
  epoch 2/3:  28%|██▊       | 25/88 [00:06<00:15,  4.06it/s, loss=0.657]
  epoch 2/3:  28%|██▊       | 25/88 [00:06<00:15,  4.06it/s, loss=0.652]
  epoch 2/3:  30%|██▉       | 26/88 [00:06<00:15,  4.06it/s, loss=0.652]
  epoch 2/3:  30%|██▉       | 26/88 [00:06<00:15,  4.06it/s, loss=0.654]
  epoch 2/3:  31%|███       | 27/88 [00:06<00:15,  4.06it/s, loss=0.654]
  epoch 2/3:  31%|███       | 27/88 [00:07<00:15,  4.06it/s, loss=0.652]
  epoch 2/3:  32%|███▏      | 28/88 [00:07<00:14,  4.06it/s, loss=0.652]
  epoch 2/3:  32%|███▏      | 28/88 [00:07<00:14,  4.06it/s, loss=0.645]
  epoch 2/3:  33%|███▎      | 29/88 [00:07<00:14,  4.08it/s, loss=0.645]
  epoch 2/3:  33%|███▎      | 29/88 [00:07<00:14,  4.08it/s, loss=0.639]
  epoch 2/3:  34%|███▍      | 30/88 [00:07<00:14,  4.09it/s, loss=0.639]
  epoch 2/3:  34%|███▍      | 30/88 [00:07<00:14,  4.09it/s, loss=0.631]
  epoch 2/3:  35%|███▌      | 31/88 [00:07<00:13,  4.10it/s, loss=0.631]
  epoch 2/3:  35%|███▌      | 31/88 [00:08<00:13,  4.10it/s, loss=0.631]
  epoch 2/3:  36%|███▋      | 32/88 [00:08<00:13,  4.04it/s, loss=0.631]
  epoch 2/3:  36%|███▋      | 32/88 [00:08<00:13,  4.04it/s, loss=0.625]
  epoch 2/3:  38%|███▊      | 33/88 [00:08<00:13,  4.05it/s, loss=0.625]
  epoch 2/3:  38%|███▊      | 33/88 [00:08<00:13,  4.05it/s, loss=0.622]
  epoch 2/3:  39%|███▊      | 34/88 [00:08<00:13,  4.06it/s, loss=0.622]
  epoch 2/3:  39%|███▊      | 34/88 [00:08<00:13,  4.06it/s, loss=0.618]
  epoch 2/3:  40%|███▉      | 35/88 [00:08<00:13,  4.06it/s, loss=0.618]
  epoch 2/3:  40%|███▉      | 35/88 [00:09<00:13,  4.06it/s, loss=0.612]
  epoch 2/3:  41%|████      | 36/88 [00:09<00:12,  4.06it/s, loss=0.612]
  epoch 2/3:  41%|████      | 36/88 [00:09<00:12,  4.06it/s, loss=0.609]
  epoch 2/3:  42%|████▏     | 37/88 [00:09<00:12,  4.07it/s, loss=0.609]
  epoch 2/3:  42%|████▏     | 37/88 [00:09<00:12,  4.07it/s, loss=0.606]
  epoch 2/3:  43%|████▎     | 38/88 [00:09<00:12,  4.08it/s, loss=0.606]
  epoch 2/3:  43%|████▎     | 38/88 [00:09<00:12,  4.08it/s, loss=0.601]
  epoch 2/3:  44%|████▍     | 39/88 [00:09<00:11,  4.09it/s, loss=0.601]
  epoch 2/3:  44%|████▍     | 39/88 [00:10<00:11,  4.09it/s, loss=0.601]
  epoch 2/3:  45%|████▌     | 40/88 [00:10<00:11,  4.09it/s, loss=0.601]
  epoch 2/3:  45%|████▌     | 40/88 [00:10<00:11,  4.09it/s, loss=0.599]
  epoch 2/3:  47%|████▋     | 41/88 [00:10<00:11,  4.08it/s, loss=0.599]
  epoch 2/3:  47%|████▋     | 41/88 [00:10<00:11,  4.08it/s, loss=0.600]
  epoch 2/3:  48%|████▊     | 42/88 [00:10<00:11,  4.09it/s, loss=0.600]
  epoch 2/3:  48%|████▊     | 42/88 [00:10<00:11,  4.09it/s, loss=0.597]
  epoch 2/3:  49%|████▉     | 43/88 [00:10<00:10,  4.10it/s, loss=0.597]
  epoch 2/3:  49%|████▉     | 43/88 [00:11<00:10,  4.10it/s, loss=0.593]
  epoch 2/3:  50%|█████     | 44/88 [00:11<00:10,  4.11it/s, loss=0.593]
  epoch 2/3:  50%|█████     | 44/88 [00:11<00:10,  4.11it/s, loss=0.591]
  epoch 2/3:  51%|█████     | 45/88 [00:11<00:10,  4.10it/s, loss=0.591]
  epoch 2/3:  51%|█████     | 45/88 [00:11<00:10,  4.10it/s, loss=0.588]
  epoch 2/3:  52%|█████▏    | 46/88 [00:11<00:10,  4.10it/s, loss=0.588]
  epoch 2/3:  52%|█████▏    | 46/88 [00:11<00:10,  4.10it/s, loss=0.587]
  epoch 2/3:  53%|█████▎    | 47/88 [00:11<00:09,  4.11it/s, loss=0.587]
  epoch 2/3:  53%|█████▎    | 47/88 [00:12<00:09,  4.11it/s, loss=0.584]
  epoch 2/3:  55%|█████▍    | 48/88 [00:12<00:09,  4.05it/s, loss=0.584]
  epoch 2/3:  55%|█████▍    | 48/88 [00:12<00:09,  4.05it/s, loss=0.581]
  epoch 2/3:  56%|█████▌    | 49/88 [00:12<00:09,  4.07it/s, loss=0.581]
  epoch 2/3:  56%|█████▌    | 49/88 [00:12<00:09,  4.07it/s, loss=0.578]
  epoch 2/3:  57%|█████▋    | 50/88 [00:12<00:09,  4.07it/s, loss=0.578]
  epoch 2/3:  57%|█████▋    | 50/88 [00:12<00:09,  4.07it/s, loss=0.575]
  epoch 2/3:  58%|█████▊    | 51/88 [00:12<00:09,  4.06it/s, loss=0.575]
  epoch 2/3:  58%|█████▊    | 51/88 [00:13<00:09,  4.06it/s, loss=0.573]
  epoch 2/3:  59%|█████▉    | 52/88 [00:13<00:08,  4.07it/s, loss=0.573]
  epoch 2/3:  59%|█████▉    | 52/88 [00:13<00:08,  4.07it/s, loss=0.574]
  epoch 2/3:  60%|██████    | 53/88 [00:13<00:08,  4.08it/s, loss=0.574]
  epoch 2/3:  60%|██████    | 53/88 [00:13<00:08,  4.08it/s, loss=0.572]
  epoch 2/3:  61%|██████▏   | 54/88 [00:13<00:08,  4.07it/s, loss=0.572]
  epoch 2/3:  61%|██████▏   | 54/88 [00:13<00:08,  4.07it/s, loss=0.570]
  epoch 2/3:  62%|██████▎   | 55/88 [00:13<00:08,  4.09it/s, loss=0.570]
  epoch 2/3:  62%|██████▎   | 55/88 [00:14<00:08,  4.09it/s, loss=0.568]
  epoch 2/3:  64%|██████▎   | 56/88 [00:14<00:07,  4.10it/s, loss=0.568]
  epoch 2/3:  64%|██████▎   | 56/88 [00:14<00:07,  4.10it/s, loss=0.567]
  epoch 2/3:  65%|██████▍   | 57/88 [00:14<00:07,  4.10it/s, loss=0.567]
  epoch 2/3:  65%|██████▍   | 57/88 [00:14<00:07,  4.10it/s, loss=0.563]
  epoch 2/3:  66%|██████▌   | 58/88 [00:14<00:07,  4.10it/s, loss=0.563]
  epoch 2/3:  66%|██████▌   | 58/88 [00:14<00:07,  4.10it/s, loss=0.560]
  epoch 2/3:  67%|██████▋   | 59/88 [00:14<00:07,  4.11it/s, loss=0.560]
  epoch 2/3:  67%|██████▋   | 59/88 [00:14<00:07,  4.11it/s, loss=0.559]
  epoch 2/3:  68%|██████▊   | 60/88 [00:14<00:06,  4.10it/s, loss=0.559]
  epoch 2/3:  68%|██████▊   | 60/88 [00:15<00:06,  4.10it/s, loss=0.556]
  epoch 2/3:  69%|██████▉   | 61/88 [00:15<00:06,  4.11it/s, loss=0.556]
  epoch 2/3:  69%|██████▉   | 61/88 [00:15<00:06,  4.11it/s, loss=0.551]
  epoch 2/3:  70%|███████   | 62/88 [00:15<00:06,  4.10it/s, loss=0.551]
  epoch 2/3:  70%|███████   | 62/88 [00:15<00:06,  4.10it/s, loss=0.547]
  epoch 2/3:  72%|███████▏  | 63/88 [00:15<00:06,  4.11it/s, loss=0.547]
  epoch 2/3:  72%|███████▏  | 63/88 [00:15<00:06,  4.11it/s, loss=0.545]
  epoch 2/3:  73%|███████▎  | 64/88 [00:15<00:05,  4.05it/s, loss=0.545]
  epoch 2/3:  73%|███████▎  | 64/88 [00:16<00:05,  4.05it/s, loss=0.544]
  epoch 2/3:  74%|███████▍  | 65/88 [00:16<00:05,  4.07it/s, loss=0.544]
  epoch 2/3:  74%|███████▍  | 65/88 [00:16<00:05,  4.07it/s, loss=0.544]
  epoch 2/3:  75%|███████▌  | 66/88 [00:16<00:05,  4.08it/s, loss=0.544]
  epoch 2/3:  75%|███████▌  | 66/88 [00:16<00:05,  4.08it/s, loss=0.540]
  epoch 2/3:  76%|███████▌  | 67/88 [00:16<00:05,  4.08it/s, loss=0.540]
  epoch 2/3:  76%|███████▌  | 67/88 [00:16<00:05,  4.08it/s, loss=0.538]
  epoch 2/3:  77%|███████▋  | 68/88 [00:16<00:04,  4.08it/s, loss=0.538]
  epoch 2/3:  77%|███████▋  | 68/88 [00:17<00:04,  4.08it/s, loss=0.534]
  epoch 2/3:  78%|███████▊  | 69/88 [00:17<00:04,  4.08it/s, loss=0.534]
  epoch 2/3:  78%|███████▊  | 69/88 [00:17<00:04,  4.08it/s, loss=0.533]
  epoch 2/3:  80%|███████▉  | 70/88 [00:17<00:04,  4.09it/s, loss=0.533]
  epoch 2/3:  80%|███████▉  | 70/88 [00:17<00:04,  4.09it/s, loss=0.530]
  epoch 2/3:  81%|████████  | 71/88 [00:17<00:04,  4.07it/s, loss=0.530]
  epoch 2/3:  81%|████████  | 71/88 [00:17<00:04,  4.07it/s, loss=0.527]
  epoch 2/3:  82%|████████▏ | 72/88 [00:17<00:03,  4.07it/s, loss=0.527]
  epoch 2/3:  82%|████████▏ | 72/88 [00:18<00:03,  4.07it/s, loss=0.527]
  epoch 2/3:  83%|████████▎ | 73/88 [00:18<00:03,  4.08it/s, loss=0.527]
  epoch 2/3:  83%|████████▎ | 73/88 [00:18<00:03,  4.08it/s, loss=0.524]
  epoch 2/3:  84%|████████▍ | 74/88 [00:18<00:03,  4.09it/s, loss=0.524]
  epoch 2/3:  84%|████████▍ | 74/88 [00:18<00:03,  4.09it/s, loss=0.523]
  epoch 2/3:  85%|████████▌ | 75/88 [00:18<00:03,  4.10it/s, loss=0.523]
  epoch 2/3:  85%|████████▌ | 75/88 [00:18<00:03,  4.10it/s, loss=0.522]
  epoch 2/3:  86%|████████▋ | 76/88 [00:18<00:02,  4.09it/s, loss=0.522]
  epoch 2/3:  86%|████████▋ | 76/88 [00:19<00:02,  4.09it/s, loss=0.519]
  epoch 2/3:  88%|████████▊ | 77/88 [00:19<00:02,  4.10it/s, loss=0.519]
  epoch 2/3:  88%|████████▊ | 77/88 [00:19<00:02,  4.10it/s, loss=0.517]
  epoch 2/3:  89%|████████▊ | 78/88 [00:19<00:02,  4.11it/s, loss=0.517]
  epoch 2/3:  89%|████████▊ | 78/88 [00:19<00:02,  4.11it/s, loss=0.514]
  epoch 2/3:  90%|████████▉ | 79/88 [00:19<00:02,  4.10it/s, loss=0.514]
  epoch 2/3:  90%|████████▉ | 79/88 [00:19<00:02,  4.10it/s, loss=0.512]
  epoch 2/3:  91%|█████████ | 80/88 [00:19<00:01,  4.05it/s, loss=0.512]
  epoch 2/3:  91%|█████████ | 80/88 [00:20<00:01,  4.05it/s, loss=0.510]
  epoch 2/3:  92%|█████████▏| 81/88 [00:20<00:01,  4.08it/s, loss=0.510]
  epoch 2/3:  92%|█████████▏| 81/88 [00:20<00:01,  4.08it/s, loss=0.508]
  epoch 2/3:  93%|█████████▎| 82/88 [00:20<00:01,  4.11it/s, loss=0.508]
  epoch 2/3:  93%|█████████▎| 82/88 [00:20<00:01,  4.11it/s, loss=0.506]
  epoch 2/3:  94%|█████████▍| 83/88 [00:20<00:01,  4.12it/s, loss=0.506]
  epoch 2/3:  94%|█████████▍| 83/88 [00:20<00:01,  4.12it/s, loss=0.505]
  epoch 2/3:  95%|█████████▌| 84/88 [00:20<00:00,  4.12it/s, loss=0.505]
  epoch 2/3:  95%|█████████▌| 84/88 [00:21<00:00,  4.12it/s, loss=0.502]
  epoch 2/3:  97%|█████████▋| 85/88 [00:21<00:00,  4.12it/s, loss=0.502]
  epoch 2/3:  97%|█████████▋| 85/88 [00:21<00:00,  4.12it/s, loss=0.501]
  epoch 2/3:  98%|█████████▊| 86/88 [00:21<00:00,  4.11it/s, loss=0.501]
  epoch 2/3:  98%|█████████▊| 86/88 [00:21<00:00,  4.11it/s, loss=0.500]
  epoch 2/3:  99%|█████████▉| 87/88 [00:21<00:00,  4.11it/s, loss=0.500]
  epoch 2/3:  99%|█████████▉| 87/88 [00:21<00:00,  4.11it/s, loss=0.498]
  epoch 2/3: 100%|██████████| 88/88 [00:21<00:00,  4.45it/s, loss=0.498]
                                                                        

  epoch 3/3:   0%|          | 0/88 [00:00<?, ?it/s]
  epoch 3/3:   0%|          | 0/88 [00:00<?, ?it/s, loss=0.278]
  epoch 3/3:   1%|          | 1/88 [00:00<00:45,  1.91it/s, loss=0.278]
  epoch 3/3:   1%|          | 1/88 [00:00<00:45,  1.91it/s, loss=0.294]
  epoch 3/3:   2%|▏         | 2/88 [00:00<00:30,  2.79it/s, loss=0.294]
  epoch 3/3:   2%|▏         | 2/88 [00:01<00:30,  2.79it/s, loss=0.335]
  epoch 3/3:   3%|▎         | 3/88 [00:01<00:25,  3.28it/s, loss=0.335]
  epoch 3/3:   3%|▎         | 3/88 [00:01<00:25,  3.28it/s, loss=0.325]
  epoch 3/3:   5%|▍         | 4/88 [00:01<00:23,  3.56it/s, loss=0.325]
  epoch 3/3:   5%|▍         | 4/88 [00:01<00:23,  3.56it/s, loss=0.332]
  epoch 3/3:   6%|▌         | 5/88 [00:01<00:22,  3.75it/s, loss=0.332]
  epoch 3/3:   6%|▌         | 5/88 [00:01<00:22,  3.75it/s, loss=0.317]
  epoch 3/3:   7%|▋         | 6/88 [00:01<00:21,  3.87it/s, loss=0.317]
  epoch 3/3:   7%|▋         | 6/88 [00:01<00:21,  3.87it/s, loss=0.305]
  epoch 3/3:   8%|▊         | 7/88 [00:01<00:20,  3.94it/s, loss=0.305]
  epoch 3/3:   8%|▊         | 7/88 [00:02<00:20,  3.94it/s, loss=0.302]
  epoch 3/3:   9%|▉         | 8/88 [00:02<00:20,  3.93it/s, loss=0.302]
  epoch 3/3:   9%|▉         | 8/88 [00:02<00:20,  3.93it/s, loss=0.311]
  epoch 3/3:  10%|█         | 9/88 [00:02<00:19,  4.00it/s, loss=0.311]
  epoch 3/3:  10%|█         | 9/88 [00:02<00:19,  4.00it/s, loss=0.310]
  epoch 3/3:  11%|█▏        | 10/88 [00:02<00:19,  4.04it/s, loss=0.310]
  epoch 3/3:  11%|█▏        | 10/88 [00:02<00:19,  4.04it/s, loss=0.300]
  epoch 3/3:  12%|█▎        | 11/88 [00:02<00:18,  4.07it/s, loss=0.300]
  epoch 3/3:  12%|█▎        | 11/88 [00:03<00:18,  4.07it/s, loss=0.305]
  epoch 3/3:  14%|█▎        | 12/88 [00:03<00:18,  4.09it/s, loss=0.305]
  epoch 3/3:  14%|█▎        | 12/88 [00:03<00:18,  4.09it/s, loss=0.311]
  epoch 3/3:  15%|█▍        | 13/88 [00:03<00:18,  4.11it/s, loss=0.311]
  epoch 3/3:  15%|█▍        | 13/88 [00:03<00:18,  4.11it/s, loss=0.312]
  epoch 3/3:  16%|█▌        | 14/88 [00:03<00:18,  4.10it/s, loss=0.312]
  epoch 3/3:  16%|█▌        | 14/88 [00:03<00:18,  4.10it/s, loss=0.311]
  epoch 3/3:  17%|█▋        | 15/88 [00:03<00:17,  4.11it/s, loss=0.311]
  epoch 3/3:  17%|█▋        | 15/88 [00:04<00:17,  4.11it/s, loss=0.316]
  epoch 3/3:  18%|█▊        | 16/88 [00:04<00:17,  4.10it/s, loss=0.316]
  epoch 3/3:  18%|█▊        | 16/88 [00:04<00:17,  4.10it/s, loss=0.316]
  epoch 3/3:  19%|█▉        | 17/88 [00:04<00:17,  4.10it/s, loss=0.316]
  epoch 3/3:  19%|█▉        | 17/88 [00:04<00:17,  4.10it/s, loss=0.311]
  epoch 3/3:  20%|██        | 18/88 [00:04<00:17,  4.10it/s, loss=0.311]
  epoch 3/3:  20%|██        | 18/88 [00:04<00:17,  4.10it/s, loss=0.310]
  epoch 3/3:  22%|██▏       | 19/88 [00:04<00:16,  4.10it/s, loss=0.310]
  epoch 3/3:  22%|██▏       | 19/88 [00:05<00:16,  4.10it/s, loss=0.313]
  epoch 3/3:  23%|██▎       | 20/88 [00:05<00:16,  4.11it/s, loss=0.313]
  epoch 3/3:  23%|██▎       | 20/88 [00:05<00:16,  4.11it/s, loss=0.308]
  epoch 3/3:  24%|██▍       | 21/88 [00:05<00:16,  4.10it/s, loss=0.308]
  epoch 3/3:  24%|██▍       | 21/88 [00:05<00:16,  4.10it/s, loss=0.304]
  epoch 3/3:  25%|██▌       | 22/88 [00:05<00:16,  4.11it/s, loss=0.304]
  epoch 3/3:  25%|██▌       | 22/88 [00:05<00:16,  4.11it/s, loss=0.302]
  epoch 3/3:  26%|██▌       | 23/88 [00:05<00:15,  4.11it/s, loss=0.302]
  epoch 3/3:  26%|██▌       | 23/88 [00:06<00:15,  4.11it/s, loss=0.304]
  epoch 3/3:  27%|██▋       | 24/88 [00:06<00:15,  4.05it/s, loss=0.304]
  epoch 3/3:  27%|██▋       | 24/88 [00:06<00:15,  4.05it/s, loss=0.302]
  epoch 3/3:  28%|██▊       | 25/88 [00:06<00:15,  4.09it/s, loss=0.302]
  epoch 3/3:  28%|██▊       | 25/88 [00:06<00:15,  4.09it/s, loss=0.302]
  epoch 3/3:  30%|██▉       | 26/88 [00:06<00:15,  4.10it/s, loss=0.302]
  epoch 3/3:  30%|██▉       | 26/88 [00:06<00:15,  4.10it/s, loss=0.302]
  epoch 3/3:  31%|███       | 27/88 [00:06<00:14,  4.13it/s, loss=0.302]
  epoch 3/3:  31%|███       | 27/88 [00:07<00:14,  4.13it/s, loss=0.300]
  epoch 3/3:  32%|███▏      | 28/88 [00:07<00:14,  4.13it/s, loss=0.300]
  epoch 3/3:  32%|███▏      | 28/88 [00:07<00:14,  4.13it/s, loss=0.297]
  epoch 3/3:  33%|███▎      | 29/88 [00:07<00:14,  4.12it/s, loss=0.297]
  epoch 3/3:  33%|███▎      | 29/88 [00:07<00:14,  4.12it/s, loss=0.296]
  epoch 3/3:  34%|███▍      | 30/88 [00:07<00:14,  4.12it/s, loss=0.296]
  epoch 3/3:  34%|███▍      | 30/88 [00:07<00:14,  4.12it/s, loss=0.296]
  epoch 3/3:  35%|███▌      | 31/88 [00:07<00:13,  4.12it/s, loss=0.296]
  epoch 3/3:  35%|███▌      | 31/88 [00:08<00:13,  4.12it/s, loss=0.293]
  epoch 3/3:  36%|███▋      | 32/88 [00:08<00:13,  4.12it/s, loss=0.293]
  epoch 3/3:  36%|███▋      | 32/88 [00:08<00:13,  4.12it/s, loss=0.294]
  epoch 3/3:  38%|███▊      | 33/88 [00:08<00:13,  4.11it/s, loss=0.294]
  epoch 3/3:  38%|███▊      | 33/88 [00:08<00:13,  4.11it/s, loss=0.293]
  epoch 3/3:  39%|███▊      | 34/88 [00:08<00:13,  4.11it/s, loss=0.293]
  epoch 3/3:  39%|███▊      | 34/88 [00:08<00:13,  4.11it/s, loss=0.292]
  epoch 3/3:  40%|███▉      | 35/88 [00:08<00:12,  4.11it/s, loss=0.292]
  epoch 3/3:  40%|███▉      | 35/88 [00:09<00:12,  4.11it/s, loss=0.290]
  epoch 3/3:  41%|████      | 36/88 [00:09<00:12,  4.11it/s, loss=0.290]
  epoch 3/3:  41%|████      | 36/88 [00:09<00:12,  4.11it/s, loss=0.290]
  epoch 3/3:  42%|████▏     | 37/88 [00:09<00:12,  4.11it/s, loss=0.290]
  epoch 3/3:  42%|████▏     | 37/88 [00:09<00:12,  4.11it/s, loss=0.289]
  epoch 3/3:  43%|████▎     | 38/88 [00:09<00:12,  4.11it/s, loss=0.289]
  epoch 3/3:  43%|████▎     | 38/88 [00:09<00:12,  4.11it/s, loss=0.287]
  epoch 3/3:  44%|████▍     | 39/88 [00:09<00:11,  4.11it/s, loss=0.287]
  epoch 3/3:  44%|████▍     | 39/88 [00:10<00:11,  4.11it/s, loss=0.284]
  epoch 3/3:  45%|████▌     | 40/88 [00:10<00:11,  4.05it/s, loss=0.284]
  epoch 3/3:  45%|████▌     | 40/88 [00:10<00:11,  4.05it/s, loss=0.283]
  epoch 3/3:  47%|████▋     | 41/88 [00:10<00:11,  4.09it/s, loss=0.283]
  epoch 3/3:  47%|████▋     | 41/88 [00:10<00:11,  4.09it/s, loss=0.283]
  epoch 3/3:  48%|████▊     | 42/88 [00:10<00:11,  4.12it/s, loss=0.283]
  epoch 3/3:  48%|████▊     | 42/88 [00:10<00:11,  4.12it/s, loss=0.284]
  epoch 3/3:  49%|████▉     | 43/88 [00:10<00:10,  4.11it/s, loss=0.284]
  epoch 3/3:  49%|████▉     | 43/88 [00:10<00:10,  4.11it/s, loss=0.284]
  epoch 3/3:  50%|█████     | 44/88 [00:10<00:10,  4.12it/s, loss=0.284]
  epoch 3/3:  50%|█████     | 44/88 [00:11<00:10,  4.12it/s, loss=0.280]
  epoch 3/3:  51%|█████     | 45/88 [00:11<00:10,  4.11it/s, loss=0.280]
  epoch 3/3:  51%|█████     | 45/88 [00:11<00:10,  4.11it/s, loss=0.277]
  epoch 3/3:  52%|█████▏    | 46/88 [00:11<00:10,  4.12it/s, loss=0.277]
  epoch 3/3:  52%|█████▏    | 46/88 [00:11<00:10,  4.12it/s, loss=0.276]
  epoch 3/3:  53%|█████▎    | 47/88 [00:11<00:09,  4.12it/s, loss=0.276]
  epoch 3/3:  53%|█████▎    | 47/88 [00:11<00:09,  4.12it/s, loss=0.274]
  epoch 3/3:  55%|█████▍    | 48/88 [00:11<00:09,  4.12it/s, loss=0.274]
  epoch 3/3:  55%|█████▍    | 48/88 [00:12<00:09,  4.12it/s, loss=0.273]
  epoch 3/3:  56%|█████▌    | 49/88 [00:12<00:09,  4.12it/s, loss=0.273]
  epoch 3/3:  56%|█████▌    | 49/88 [00:12<00:09,  4.12it/s, loss=0.274]
  epoch 3/3:  57%|█████▋    | 50/88 [00:12<00:09,  4.11it/s, loss=0.274]
  epoch 3/3:  57%|█████▋    | 50/88 [00:12<00:09,  4.11it/s, loss=0.273]
  epoch 3/3:  58%|█████▊    | 51/88 [00:12<00:09,  4.11it/s, loss=0.273]
  epoch 3/3:  58%|█████▊    | 51/88 [00:12<00:09,  4.11it/s, loss=0.274]
  epoch 3/3:  59%|█████▉    | 52/88 [00:12<00:08,  4.11it/s, loss=0.274]
  epoch 3/3:  59%|█████▉    | 52/88 [00:13<00:08,  4.11it/s, loss=0.273]
  epoch 3/3:  60%|██████    | 53/88 [00:13<00:08,  4.11it/s, loss=0.273]
  epoch 3/3:  60%|██████    | 53/88 [00:13<00:08,  4.11it/s, loss=0.272]
  epoch 3/3:  61%|██████▏   | 54/88 [00:13<00:08,  4.11it/s, loss=0.272]
  epoch 3/3:  61%|██████▏   | 54/88 [00:13<00:08,  4.11it/s, loss=0.270]
  epoch 3/3:  62%|██████▎   | 55/88 [00:13<00:08,  4.11it/s, loss=0.270]
  epoch 3/3:  62%|██████▎   | 55/88 [00:13<00:08,  4.11it/s, loss=0.269]
  epoch 3/3:  64%|██████▎   | 56/88 [00:13<00:07,  4.06it/s, loss=0.269]
  epoch 3/3:  64%|██████▎   | 56/88 [00:14<00:07,  4.06it/s, loss=0.267]
  epoch 3/3:  65%|██████▍   | 57/88 [00:14<00:07,  4.08it/s, loss=0.267]
  epoch 3/3:  65%|██████▍   | 57/88 [00:14<00:07,  4.08it/s, loss=0.267]
  epoch 3/3:  66%|██████▌   | 58/88 [00:14<00:07,  4.11it/s, loss=0.267]
  epoch 3/3:  66%|██████▌   | 58/88 [00:14<00:07,  4.11it/s, loss=0.266]
  epoch 3/3:  67%|██████▋   | 59/88 [00:14<00:07,  4.13it/s, loss=0.266]
  epoch 3/3:  67%|██████▋   | 59/88 [00:14<00:07,  4.13it/s, loss=0.265]
  epoch 3/3:  68%|██████▊   | 60/88 [00:14<00:06,  4.12it/s, loss=0.265]
  epoch 3/3:  68%|██████▊   | 60/88 [00:15<00:06,  4.12it/s, loss=0.264]
  epoch 3/3:  69%|██████▉   | 61/88 [00:15<00:06,  4.07it/s, loss=0.264]
  epoch 3/3:  69%|██████▉   | 61/88 [00:15<00:06,  4.07it/s, loss=0.263]
  epoch 3/3:  70%|███████   | 62/88 [00:15<00:06,  4.11it/s, loss=0.263]
  epoch 3/3:  70%|███████   | 62/88 [00:15<00:06,  4.11it/s, loss=0.262]
  epoch 3/3:  72%|███████▏  | 63/88 [00:15<00:06,  4.07it/s, loss=0.262]
  epoch 3/3:  72%|███████▏  | 63/88 [00:15<00:06,  4.07it/s, loss=0.260]
  epoch 3/3:  73%|███████▎  | 64/88 [00:15<00:05,  4.11it/s, loss=0.260]
  epoch 3/3:  73%|███████▎  | 64/88 [00:16<00:05,  4.11it/s, loss=0.258]
  epoch 3/3:  74%|███████▍  | 65/88 [00:16<00:05,  4.13it/s, loss=0.258]
  epoch 3/3:  74%|███████▍  | 65/88 [00:16<00:05,  4.13it/s, loss=0.256]
  epoch 3/3:  75%|███████▌  | 66/88 [00:16<00:05,  4.13it/s, loss=0.256]
  epoch 3/3:  75%|███████▌  | 66/88 [00:16<00:05,  4.13it/s, loss=0.254]
  epoch 3/3:  76%|███████▌  | 67/88 [00:16<00:05,  4.12it/s, loss=0.254]
  epoch 3/3:  76%|███████▌  | 67/88 [00:16<00:05,  4.12it/s, loss=0.254]
  epoch 3/3:  77%|███████▋  | 68/88 [00:16<00:04,  4.12it/s, loss=0.254]
  epoch 3/3:  77%|███████▋  | 68/88 [00:17<00:04,  4.12it/s, loss=0.253]
  epoch 3/3:  78%|███████▊  | 69/88 [00:17<00:04,  4.12it/s, loss=0.253]
  epoch 3/3:  78%|███████▊  | 69/88 [00:17<00:04,  4.12it/s, loss=0.253]
  epoch 3/3:  80%|███████▉  | 70/88 [00:17<00:04,  4.12it/s, loss=0.253]
  epoch 3/3:  80%|███████▉  | 70/88 [00:17<00:04,  4.12it/s, loss=0.251]
  epoch 3/3:  81%|████████  | 71/88 [00:17<00:04,  4.10it/s, loss=0.251]
  epoch 3/3:  81%|████████  | 71/88 [00:17<00:04,  4.10it/s, loss=0.250]
  epoch 3/3:  82%|████████▏ | 72/88 [00:17<00:03,  4.06it/s, loss=0.250]
  epoch 3/3:  82%|████████▏ | 72/88 [00:18<00:03,  4.06it/s, loss=0.250]
  epoch 3/3:  83%|████████▎ | 73/88 [00:18<00:03,  4.09it/s, loss=0.250]
  epoch 3/3:  83%|████████▎ | 73/88 [00:18<00:03,  4.09it/s, loss=0.249]
  epoch 3/3:  84%|████████▍ | 74/88 [00:18<00:03,  4.12it/s, loss=0.249]
  epoch 3/3:  84%|████████▍ | 74/88 [00:18<00:03,  4.12it/s, loss=0.247]
  epoch 3/3:  85%|████████▌ | 75/88 [00:18<00:03,  4.12it/s, loss=0.247]
  epoch 3/3:  85%|████████▌ | 75/88 [00:18<00:03,  4.12it/s, loss=0.247]
  epoch 3/3:  86%|████████▋ | 76/88 [00:18<00:02,  4.13it/s, loss=0.247]
  epoch 3/3:  86%|████████▋ | 76/88 [00:19<00:02,  4.13it/s, loss=0.246]
  epoch 3/3:  88%|████████▊ | 77/88 [00:19<00:02,  4.13it/s, loss=0.246]
  epoch 3/3:  88%|████████▊ | 77/88 [00:19<00:02,  4.13it/s, loss=0.245]
  epoch 3/3:  89%|████████▊ | 78/88 [00:19<00:02,  4.12it/s, loss=0.245]
  epoch 3/3:  89%|████████▊ | 78/88 [00:19<00:02,  4.12it/s, loss=0.245]
  epoch 3/3:  90%|████████▉ | 79/88 [00:19<00:02,  4.13it/s, loss=0.245]
  epoch 3/3:  90%|████████▉ | 79/88 [00:19<00:02,  4.13it/s, loss=0.243]
  epoch 3/3:  91%|█████████ | 80/88 [00:19<00:01,  4.12it/s, loss=0.243]
  epoch 3/3:  91%|█████████ | 80/88 [00:19<00:01,  4.12it/s, loss=0.243]
  epoch 3/3:  92%|█████████▏| 81/88 [00:19<00:01,  4.11it/s, loss=0.243]
  epoch 3/3:  92%|█████████▏| 81/88 [00:20<00:01,  4.11it/s, loss=0.243]
  epoch 3/3:  93%|█████████▎| 82/88 [00:20<00:01,  4.12it/s, loss=0.243]
  epoch 3/3:  93%|█████████▎| 82/88 [00:20<00:01,  4.12it/s, loss=0.244]

[2026-07-30 17:20:35] $ /usr/bin/python3 /home/an/RaybanMeta/uav-continual-learning/scripts/run_g1.py --config /home/an/RaybanMeta/uav-continual-learning/configs/g2_titans_resisc45_selfmod_m3_ncm.yaml --method titans --skip-existing --set seed=0 log.run_tag=ncm-head log.dir=/home/an/RaybanMeta/uav-continual-learning/artifacts_ncm_head_study
== G1 run: dataset=resisc45 method=titans seed=0 device=cuda
Warning: You are sending unauthenticated requests to the HF Hub. Please set a HF_TOKEN to enable higher rate limits and faster downloads.
task 0: 5 classes [airplane, airport, desert, runway, stadium] | train 2800 / val 350 / test 350
task 1: 5 classes [church, dense_residential, lake, tennis_court, thermal_power_station] | train 2800 / val 350 / test 350
task 2: 5 classes [bridge, chaparral, freeway, island, railway] | train 2800 / val 350 / test 350
task 3: 5 classes [commercial_area, golf_course, medium_residential, parking_lot, terrace] | train 2800 / val 350 / test 350
task 4: 5 classes [cloud, harbor, palace, sea_ice, ship] | train 2800 / val 350 / test 350
task 5: 5 classes [basketball_court, roundabout, snowberg, sparse_residential, wetland] | train 2800 / val 350 / test 350
task 6: 5 classes [beach, circular_farmland, forest, industrial_area, storage_tank] | train 2800 / val 350 / test 350
task 7: 5 classes [intersection, meadow, mountain, railway_station, rectangular_farmland] | train 2800 / val 350 / test 350
task 8: 5 classes [baseball_diamond, ground_track_field, mobile_home_park, overpass, river] | train 2800 / val 350 / test 350
[titans] seq=image_seq reset=never chunk=32
Traceback (most recent call last):
  File "/home/an/RaybanMeta/uav-continual-learning/scripts/run_g1.py", line 369, in <module>
    raise SystemExit(main())
  File "/home/an/RaybanMeta/uav-continual-learning/scripts/run_g1.py", line 204, in main
    R, log = run_continual(model, method, stream, loaders, device, cfg["train"])
  File "/home/an/RaybanMeta/uav-continual-learning/src/uavcl/engine.py", line 328, in run_continual
    resumed = load_progress_checkpoint(
  File "/home/an/RaybanMeta/uav-continual-learning/src/uavcl/checkpoint.py", line 177, in load_progress_checkpoint
    torch.cuda.set_rng_state_all(rng["cuda"])
  File "/usr/local/lib/python3.10/dist-packages/torch/cuda/random.py", line 89, in set_rng_state_all
    set_rng_state(state, i)
  File "/usr/local/lib/python3.10/dist-packages/torch/cuda/random.py", line 79, in set_rng_state
    _lazy_call(cb)
  File "/usr/local/lib/python3.10/dist-packages/torch/cuda/__init__.py", line 341, in _lazy_call
    callable()
  File "/usr/local/lib/python3.10/dist-packages/torch/cuda/random.py", line 77, in cb
    default_generator.set_state(new_state)
TypeError: RNG state must be a torch.ByteTensor

[2026-07-30 17:26:02] $ /usr/bin/python3 /home/an/RaybanMeta/uav-continual-learning/scripts/run_g1.py --config /home/an/RaybanMeta/uav-continual-learning/configs/g2_titans_resisc45_selfmod_m3_ncm.yaml --method titans --skip-existing --set seed=0 log.run_tag=ncm-head log.dir=/home/an/RaybanMeta/uav-continual-learning/artifacts_ncm_head_study
== G1 run: dataset=resisc45 method=titans seed=0 device=cuda
Warning: You are sending unauthenticated requests to the HF Hub. Please set a HF_TOKEN to enable higher rate limits and faster downloads.
task 0: 5 classes [airplane, airport, desert, runway, stadium] | train 2800 / val 350 / test 350
task 1: 5 classes [church, dense_residential, lake, tennis_court, thermal_power_station] | train 2800 / val 350 / test 350
task 2: 5 classes [bridge, chaparral, freeway, island, railway] | train 2800 / val 350 / test 350
task 3: 5 classes [commercial_area, golf_course, medium_residential, parking_lot, terrace] | train 2800 / val 350 / test 350
task 4: 5 classes [cloud, harbor, palace, sea_ice, ship] | train 2800 / val 350 / test 350
task 5: 5 classes [basketball_court, roundabout, snowberg, sparse_residential, wetland] | train 2800 / val 350 / test 350
task 6: 5 classes [beach, circular_farmland, forest, industrial_area, storage_tank] | train 2800 / val 350 / test 350
task 7: 5 classes [intersection, meadow, mountain, railway_station, rectangular_farmland] | train 2800 / val 350 / test 350
task 8: 5 classes [baseball_diamond, ground_track_field, mobile_home_park, overpass, river] | train 2800 / val 350 / test 350
[titans] seq=image_seq reset=never chunk=32
Traceback (most recent call last):
  File "/home/an/RaybanMeta/uav-continual-learning/scripts/run_g1.py", line 369, in <module>
    raise SystemExit(main())
  File "/home/an/RaybanMeta/uav-continual-learning/scripts/run_g1.py", line 204, in main
    R, log = run_continual(model, method, stream, loaders, device, cfg["train"])
  File "/home/an/RaybanMeta/uav-continual-learning/src/uavcl/engine.py", line 328, in run_continual
    resumed = load_progress_checkpoint(
  File "/home/an/RaybanMeta/uav-continual-learning/src/uavcl/checkpoint.py", line 177, in load_progress_checkpoint
    torch.cuda.set_rng_state_all(rng["cuda"])
  File "/usr/local/lib/python3.10/dist-packages/torch/cuda/random.py", line 89, in set_rng_state_all
    set_rng_state(state, i)
  File "/usr/local/lib/python3.10/dist-packages/torch/cuda/random.py", line 79, in set_rng_state
    _lazy_call(cb)
  File "/usr/local/lib/python3.10/dist-packages/torch/cuda/__init__.py", line 341, in _lazy_call
    callable()
  File "/usr/local/lib/python3.10/dist-packages/torch/cuda/random.py", line 77, in cb
    default_generator.set_state(new_state)
TypeError: RNG state must be a torch.ByteTensor

[2026-07-30 17:29:37] $ /usr/bin/python3 /home/an/RaybanMeta/uav-continual-learning/scripts/run_g1.py --config /home/an/RaybanMeta/uav-continual-learning/configs/g2_titans_resisc45_selfmod_m3_ncm.yaml --method titans --skip-existing --set seed=0 log.run_tag=ncm-head log.dir=/home/an/RaybanMeta/uav-continual-learning/artifacts_ncm_head_study
== G1 run: dataset=resisc45 method=titans seed=0 device=cuda
Warning: You are sending unauthenticated requests to the HF Hub. Please set a HF_TOKEN to enable higher rate limits and faster downloads.
task 0: 5 classes [airplane, airport, desert, runway, stadium] | train 2800 / val 350 / test 350
task 1: 5 classes [church, dense_residential, lake, tennis_court, thermal_power_station] | train 2800 / val 350 / test 350
task 2: 5 classes [bridge, chaparral, freeway, island, railway] | train 2800 / val 350 / test 350
task 3: 5 classes [commercial_area, golf_course, medium_residential, parking_lot, terrace] | train 2800 / val 350 / test 350
task 4: 5 classes [cloud, harbor, palace, sea_ice, ship] | train 2800 / val 350 / test 350
task 5: 5 classes [basketball_court, roundabout, snowberg, sparse_residential, wetland] | train 2800 / val 350 / test 350
task 6: 5 classes [beach, circular_farmland, forest, industrial_area, storage_tank] | train 2800 / val 350 / test 350
task 7: 5 classes [intersection, meadow, mountain, railway_station, rectangular_farmland] | train 2800 / val 350 / test 350
task 8: 5 classes [baseball_diamond, ground_track_field, mobile_home_park, overpass, river] | train 2800 / val 350 / test 350
[titans] seq=image_seq reset=never chunk=32
[RESUME] task-boundary checkpoint -> tiếp tục từ task 3/9
[task 3] classes=[10, 15, 23, 28, 42] | train=2800

  epoch 1/3:   0%|          | 0/88 [00:00<?, ?it/s]
  epoch 1/3:   0%|          | 0/88 [00:04<?, ?it/s, loss=1.815]
  epoch 1/3:   1%|          | 1/88 [00:04<06:42,  4.63s/it, loss=1.815]
  epoch 1/3:   1%|          | 1/88 [00:04<06:42,  4.63s/it, loss=1.817]
  epoch 1/3:   2%|▏         | 2/88 [00:04<02:57,  2.06s/it, loss=1.817]
  epoch 1/3:   2%|▏         | 2/88 [00:05<02:57,  2.06s/it, loss=1.777]
  epoch 1/3:   3%|▎         | 3/88 [00:05<01:44,  1.23s/it, loss=1.777]
  epoch 1/3:   3%|▎         | 3/88 [00:05<01:44,  1.23s/it, loss=1.778]
  epoch 1/3:   5%|▍         | 4/88 [00:05<01:10,  1.19it/s, loss=1.778]
  epoch 1/3:   5%|▍         | 4/88 [00:05<01:10,  1.19it/s, loss=1.750]
  epoch 1/3:   6%|▌         | 5/88 [00:05<00:51,  1.60it/s, loss=1.750]
  epoch 1/3:   6%|▌         | 5/88 [00:05<00:51,  1.60it/s, loss=1.756]
  epoch 1/3:   7%|▋         | 6/88 [00:05<00:40,  2.02it/s, loss=1.756]
  epoch 1/3:   7%|▋         | 6/88 [00:06<00:40,  2.02it/s, loss=1.746]
  epoch 1/3:   8%|▊         | 7/88 [00:06<00:33,  2.42it/s, loss=1.746]
  epoch 1/3:   8%|▊         | 7/88 [00:06<00:33,  2.42it/s, loss=1.756]
  epoch 1/3:   9%|▉         | 8/88 [00:06<00:29,  2.75it/s, loss=1.756]
  epoch 1/3:   9%|▉         | 8/88 [00:06<00:29,  2.75it/s, loss=1.752]
  epoch 1/3:  10%|█         | 9/88 [00:06<00:25,  3.05it/s, loss=1.752]
  epoch 1/3:  10%|█         | 9/88 [00:06<00:25,  3.05it/s, loss=1.744]
  epoch 1/3:  11%|█▏        | 10/88 [00:06<00:23,  3.32it/s, loss=1.744]
  epoch 1/3:  11%|█▏        | 10/88 [00:07<00:23,  3.32it/s, loss=1.729]
  epoch 1/3:  12%|█▎        | 11/88 [00:07<00:21,  3.52it/s, loss=1.729]
  epoch 1/3:  12%|█▎        | 11/88 [00:07<00:21,  3.52it/s, loss=1.712]
  epoch 1/3:  14%|█▎        | 12/88 [00:07<00:20,  3.68it/s, loss=1.712]
  epoch 1/3:  14%|█▎        | 12/88 [00:07<00:20,  3.68it/s, loss=1.705]
  epoch 1/3:  15%|█▍        | 13/88 [00:07<00:19,  3.80it/s, loss=1.705]
  epoch 1/3:  15%|█▍        | 13/88 [00:07<00:19,  3.80it/s, loss=1.702]
  epoch 1/3:  16%|█▌        | 14/88 [00:07<00:19,  3.86it/s, loss=1.702]
  epoch 1/3:  16%|█▌        | 14/88 [00:08<00:19,  3.86it/s, loss=1.695]
  epoch 1/3:  17%|█▋        | 15/88 [00:08<00:18,  3.91it/s, loss=1.695]
  epoch 1/3:  17%|█▋        | 15/88 [00:08<00:18,  3.91it/s, loss=1.686]
  epoch 1/3:  18%|█▊        | 16/88 [00:08<00:18,  3.94it/s, loss=1.686]
  epoch 1/3:  18%|█▊        | 16/88 [00:08<00:18,  3.94it/s, loss=1.676]
  epoch 1/3:  19%|█▉        | 17/88 [00:08<00:17,  3.98it/s, loss=1.676]
  epoch 1/3:  19%|█▉        | 17/88 [00:08<00:17,  3.98it/s, loss=1.666]
  epoch 1/3:  20%|██        | 18/88 [00:08<00:17,  3.99it/s, loss=1.666]
  epoch 1/3:  20%|██        | 18/88 [00:09<00:17,  3.99it/s, loss=1.650]
  epoch 1/3:  22%|██▏       | 19/88 [00:09<00:17,  3.98it/s, loss=1.650]
  epoch 1/3:  22%|██▏       | 19/88 [00:09<00:17,  3.98it/s, loss=1.642]
  epoch 1/3:  23%|██▎       | 20/88 [00:09<00:17,  3.99it/s, loss=1.642]
  epoch 1/3:  23%|██▎       | 20/88 [00:09<00:17,  3.99it/s, loss=1.638]
  epoch 1/3:  24%|██▍       | 21/88 [00:09<00:16,  4.01it/s, loss=1.638]
  epoch 1/3:  24%|██▍       | 21/88 [00:09<00:16,  4.01it/s, loss=1.634]
  epoch 1/3:  25%|██▌       | 22/88 [00:09<00:16,  3.99it/s, loss=1.634]
  epoch 1/3:  25%|██▌       | 22/88 [00:10<00:16,  3.99it/s, loss=1.627]
  epoch 1/3:  26%|██▌       | 23/88 [00:10<00:16,  3.99it/s, loss=1.627]
  epoch 1/3:  26%|██▌       | 23/88 [00:10<00:16,  3.99it/s, loss=1.620]
  epoch 1/3:  27%|██▋       | 24/88 [00:10<00:16,  3.93it/s, loss=1.620]
  epoch 1/3:  27%|██▋       | 24/88 [00:10<00:16,  3.93it/s, loss=1.613]
  epoch 1/3:  28%|██▊       | 25/88 [00:10<00:15,  3.96it/s, loss=1.613]
  epoch 1/3:  28%|██▊       | 25/88 [00:10<00:15,  3.96it/s, loss=1.604]
  epoch 1/3:  30%|██▉       | 26/88 [00:10<00:15,  3.95it/s, loss=1.604]
  epoch 1/3:  30%|██▉       | 26/88 [00:11<00:15,  3.95it/s, loss=1.597]
  epoch 1/3:  31%|███       | 27/88 [00:11<00:15,  3.98it/s, loss=1.597]
  epoch 1/3:  31%|███       | 27/88 [00:11<00:15,  3.98it/s, loss=1.587]
  epoch 1/3:  32%|███▏      | 28/88 [00:11<00:14,  4.03it/s, loss=1.587]
  epoch 1/3:  32%|███▏      | 28/88 [00:11<00:14,  4.03it/s, loss=1.577]
  epoch 1/3:  33%|███▎      | 29/88 [00:11<00:14,  4.04it/s, loss=1.577]
  epoch 1/3:  33%|███▎      | 29/88 [00:11<00:14,  4.04it/s, loss=1.569]
  epoch 1/3:  34%|███▍      | 30/88 [00:11<00:14,  4.04it/s, loss=1.569]
  epoch 1/3:  34%|███▍      | 30/88 [00:12<00:14,  4.04it/s, loss=1.566]
  epoch 1/3:  35%|███▌      | 31/88 [00:12<00:14,  4.01it/s, loss=1.566]
  epoch 1/3:  35%|███▌      | 31/88 [00:12<00:14,  4.01it/s, loss=1.557]
  epoch 1/3:  36%|███▋      | 32/88 [00:12<00:13,  4.01it/s, loss=1.557]
  epoch 1/3:  36%|███▋      | 32/88 [00:12<00:13,  4.01it/s, loss=1.549]
  epoch 1/3:  38%|███▊      | 33/88 [00:12<00:13,  4.02it/s, loss=1.549]
  epoch 1/3:  38%|███▊      | 33/88 [00:12<00:13,  4.02it/s, loss=1.539]
  epoch 1/3:  39%|███▊      | 34/88 [00:12<00:13,  4.00it/s, loss=1.539]
  epoch 1/3:  39%|███▊      | 34/88 [00:13<00:13,  4.00it/s, loss=1.533]
  epoch 1/3:  40%|███▉      | 35/88 [00:13<00:13,  3.99it/s, loss=1.533]
  epoch 1/3:  40%|███▉      | 35/88 [00:13<00:13,  3.99it/s, loss=1.525]
  epoch 1/3:  41%|████      | 36/88 [00:13<00:13,  3.95it/s, loss=1.525]
  epoch 1/3:  41%|████      | 36/88 [00:13<00:13,  3.95it/s, loss=1.519]
  epoch 1/3:  42%|████▏     | 37/88 [00:13<00:12,  3.96it/s, loss=1.519]
  epoch 1/3:  42%|████▏     | 37/88 [00:13<00:12,  3.96it/s, loss=1.511]
  epoch 1/3:  43%|████▎     | 38/88 [00:13<00:12,  4.00it/s, loss=1.511]
  epoch 1/3:  43%|████▎     | 38/88 [00:14<00:12,  4.00it/s, loss=1.503]
  epoch 1/3:  44%|████▍     | 39/88 [00:14<00:12,  3.97it/s, loss=1.503]
  epoch 1/3:  44%|████▍     | 39/88 [00:14<00:12,  3.97it/s, loss=1.493]
  epoch 1/3:  45%|████▌     | 40/88 [00:14<00:12,  3.92it/s, loss=1.493]
  epoch 1/3:  45%|████▌     | 40/88 [00:14<00:12,  3.92it/s, loss=1.486]
  epoch 1/3:  47%|████▋     | 41/88 [00:14<00:11,  3.94it/s, loss=1.486]
  epoch 1/3:  47%|████▋     | 41/88 [00:14<00:11,  3.94it/s, loss=1.481]
  epoch 1/3:  48%|████▊     | 42/88 [00:14<00:11,  3.96it/s, loss=1.481]
  epoch 1/3:  48%|████▊     | 42/88 [00:15<00:11,  3.96it/s, loss=1.473]
  epoch 1/3:  49%|████▉     | 43/88 [00:15<00:11,  3.95it/s, loss=1.473]
  epoch 1/3:  49%|████▉     | 43/88 [00:15<00:11,  3.95it/s, loss=1.466]
  epoch 1/3:  50%|█████     | 44/88 [00:15<00:11,  3.98it/s, loss=1.466]
  epoch 1/3:  50%|█████     | 44/88 [00:15<00:11,  3.98it/s, loss=1.461]
  epoch 1/3:  51%|█████     | 45/88 [00:15<00:10,  3.94it/s, loss=1.461]
  epoch 1/3:  51%|█████     | 45/88 [00:15<00:10,  3.94it/s, loss=1.454]
  epoch 1/3:  52%|█████▏    | 46/88 [00:15<00:10,  3.94it/s, loss=1.454]
  epoch 1/3:  52%|█████▏    | 46/88 [00:16<00:10,  3.94it/s, loss=1.451]
  epoch 1/3:  53%|█████▎    | 47/88 [00:16<00:10,  3.94it/s, loss=1.451]
  epoch 1/3:  53%|█████▎    | 47/88 [00:16<00:10,  3.94it/s, loss=1.444]
  epoch 1/3:  55%|█████▍    | 48/88 [00:16<00:10,  3.90it/s, loss=1.444]
  epoch 1/3:  55%|█████▍    | 48/88 [00:16<00:10,  3.90it/s, loss=1.437]
  epoch 1/3:  56%|█████▌    | 49/88 [00:16<00:09,  3.90it/s, loss=1.437]
  epoch 1/3:  56%|█████▌    | 49/88 [00:16<00:09,  3.90it/s, loss=1.429]
  epoch 1/3:  57%|█████▋    | 50/88 [00:16<00:09,  3.91it/s, loss=1.429]
  epoch 1/3:  57%|█████▋    | 50/88 [00:17<00:09,  3.91it/s, loss=1.421]
  epoch 1/3:  58%|█████▊    | 51/88 [00:17<00:09,  3.89it/s, loss=1.421]
  epoch 1/3:  58%|█████▊    | 51/88 [00:17<00:09,  3.89it/s, loss=1.416]
  epoch 1/3:  59%|█████▉    | 52/88 [00:17<00:09,  3.90it/s, loss=1.416]
  epoch 1/3:  59%|█████▉    | 52/88 [00:17<00:09,  3.90it/s, loss=1.410]
  epoch 1/3:  60%|██████    | 53/88 [00:17<00:08,  3.90it/s, loss=1.410]
  epoch 1/3:  60%|██████    | 53/88 [00:17<00:08,  3.90it/s, loss=1.402]
  epoch 1/3:  61%|██████▏   | 54/88 [00:17<00:08,  3.86it/s, loss=1.402]
  epoch 1/3:  61%|██████▏   | 54/88 [00:18<00:08,  3.86it/s, loss=1.395]
  epoch 1/3:  62%|██████▎   | 55/88 [00:18<00:08,  3.84it/s, loss=1.395]
  epoch 1/3:  62%|██████▎   | 55/88 [00:18<00:08,  3.84it/s, loss=1.389]
  epoch 1/3:  64%|██████▎   | 56/88 [00:18<00:08,  3.81it/s, loss=1.389]
  epoch 1/3:  64%|██████▎   | 56/88 [00:18<00:08,  3.81it/s, loss=1.385]
  epoch 1/3:  65%|██████▍   | 57/88 [00:18<00:08,  3.84it/s, loss=1.385]
  epoch 1/3:  65%|██████▍   | 57/88 [00:18<00:08,  3.84it/s, loss=1.380]
  epoch 1/3:  66%|██████▌   | 58/88 [00:18<00:07,  3.83it/s, loss=1.380]
  epoch 1/3:  66%|██████▌   | 58/88 [00:19<00:07,  3.83it/s, loss=1.376]
  epoch 1/3:  67%|██████▋   | 59/88 [00:19<00:07,  3.81it/s, loss=1.376]
  epoch 1/3:  67%|██████▋   | 59/88 [00:19<00:07,  3.81it/s, loss=1.369]
  epoch 1/3:  68%|██████▊   | 60/88 [00:19<00:07,  3.84it/s, loss=1.369]
  epoch 1/3:  68%|██████▊   | 60/88 [00:19<00:07,  3.84it/s, loss=1.362]
  epoch 1/3:  69%|██████▉   | 61/88 [00:19<00:06,  3.87it/s, loss=1.362]
  epoch 1/3:  69%|██████▉   | 61/88 [00:20<00:06,  3.87it/s, loss=1.357]
  epoch 1/3:  70%|███████   | 62/88 [00:20<00:06,  3.87it/s, loss=1.357]
  epoch 1/3:  70%|███████   | 62/88 [00:20<00:06,  3.87it/s, loss=1.351]
  epoch 1/3:  72%|███████▏  | 63/88 [00:20<00:06,  3.86it/s, loss=1.351]
  epoch 1/3:  72%|███████▏  | 63/88 [00:20<00:06,  3.86it/s, loss=1.343]
  epoch 1/3:  73%|███████▎  | 64/88 [00:20<00:06,  3.85it/s, loss=1.343]
  epoch 1/3:  73%|███████▎  | 64/88 [00:20<00:06,  3.85it/s, loss=1.338]
  epoch 1/3:  74%|███████▍  | 65/88 [00:20<00:05,  3.85it/s, loss=1.338]
  epoch 1/3:  74%|███████▍  | 65/88 [00:21<00:05,  3.85it/s, loss=1.333]
  epoch 1/3:  75%|███████▌  | 66/88 [00:21<00:05,  3.87it/s, loss=1.333]
  epoch 1/3:  75%|███████▌  | 66/88 [00:21<00:05,  3.87it/s, loss=1.327]
  epoch 1/3:  76%|███████▌  | 67/88 [00:21<00:05,  3.86it/s, loss=1.327]
  epoch 1/3:  76%|███████▌  | 67/88 [00:21<00:05,  3.86it/s, loss=1.322]
  epoch 1/3:  77%|███████▋  | 68/88 [00:21<00:05,  3.84it/s, loss=1.322]
  epoch 1/3:  77%|███████▋  | 68/88 [00:21<00:05,  3.84it/s, loss=1.315]
  epoch 1/3:  78%|███████▊  | 69/88 [00:21<00:04,  3.83it/s, loss=1.315]
  epoch 1/3:  78%|███████▊  | 69/88 [00:22<00:04,  3.83it/s, loss=1.310]
  epoch 1/3:  80%|███████▉  | 70/88 [00:22<00:04,  3.82it/s, loss=1.310]
  epoch 1/3:  80%|███████▉  | 70/88 [00:22<00:04,  3.82it/s, loss=1.303]
  epoch 1/3:  81%|████████  | 71/88 [00:22<00:04,  3.81it/s, loss=1.303]
  epoch 1/3:  81%|████████  | 71/88 [00:22<00:04,  3.81it/s, loss=1.297]
  epoch 1/3:  82%|████████▏ | 72/88 [00:22<00:04,  3.75it/s, loss=1.297]
  epoch 1/3:  82%|████████▏ | 72/88 [00:22<00:04,  3.75it/s, loss=1.290]
  epoch 1/3:  83%|████████▎ | 73/88 [00:22<00:03,  3.79it/s, loss=1.290]
  epoch 1/3:  83%|████████▎ | 73/88 [00:23<00:03,  3.79it/s, loss=1.283]
  epoch 1/3:  84%|████████▍ | 74/88 [00:23<00:03,  3.81it/s, loss=1.283]
  epoch 1/3:  84%|████████▍ | 74/88 [00:23<00:03,  3.81it/s, loss=1.278]
  epoch 1/3:  85%|████████▌ | 75/88 [00:23<00:03,  3.81it/s, loss=1.278]
  epoch 1/3:  85%|████████▌ | 75/88 [00:23<00:03,  3.81it/s, loss=1.274]
  epoch 1/3:  86%|████████▋ | 76/88 [00:23<00:03,  3.81it/s, loss=1.274]
  epoch 1/3:  86%|████████▋ | 76/88 [00:23<00:03,  3.81it/s, loss=1.269]
  epoch 1/3:  88%|████████▊ | 77/88 [00:23<00:02,  3.81it/s, loss=1.269]
  epoch 1/3:  88%|████████▊ | 77/88 [00:24<00:02,  3.81it/s, loss=1.264]
  epoch 1/3:  89%|████████▊ | 78/88 [00:24<00:02,  3.80it/s, loss=1.264]
  epoch 1/3:  89%|████████▊ | 78/88 [00:24<00:02,  3.80it/s, loss=1.258]
  epoch 1/3:  90%|████████▉ | 79/88 [00:24<00:02,  3.80it/s, loss=1.258]
  epoch 1/3:  90%|████████▉ | 79/88 [00:24<00:02,  3.80it/s, loss=1.253]
  epoch 1/3:  91%|█████████ | 80/88 [00:24<00:02,  3.80it/s, loss=1.253]
  epoch 1/3:  91%|█████████ | 80/88 [00:25<00:02,  3.80it/s, loss=1.247]
  epoch 1/3:  92%|█████████▏| 81/88 [00:25<00:01,  3.79it/s, loss=1.247]
  epoch 1/3:  92%|█████████▏| 81/88 [00:25<00:01,  3.79it/s, loss=1.241]
  epoch 1/3:  93%|█████████▎| 82/88 [00:25<00:01,  3.80it/s, loss=1.241]
  epoch 1/3:  93%|█████████▎| 82/88 [00:25<00:01,  3.80it/s, loss=1.235]
  epoch 1/3:  94%|█████████▍| 83/88 [00:25<00:01,  3.79it/s, loss=1.235]
  epoch 1/3:  94%|█████████▍| 83/88 [00:25<00:01,  3.79it/s, loss=1.230]
  epoch 1/3:  95%|█████████▌| 84/88 [00:25<00:01,  3.80it/s, loss=1.230]
  epoch 1/3:  95%|█████████▌| 84/88 [00:26<00:01,  3.80it/s, loss=1.223]
  epoch 1/3:  97%|█████████▋| 85/88 [00:26<00:00,  3.80it/s, loss=1.223]
  epoch 1/3:  97%|█████████▋| 85/88 [00:26<00:00,  3.80it/s, loss=1.217]
  epoch 1/3:  98%|█████████▊| 86/88 [00:26<00:00,  3.79it/s, loss=1.217]
  epoch 1/3:  98%|█████████▊| 86/88 [00:26<00:00,  3.79it/s, loss=1.213]
  epoch 1/3:  99%|█████████▉| 87/88 [00:26<00:00,  3.79it/s, loss=1.213]
  epoch 1/3:  99%|█████████▉| 87/88 [00:26<00:00,  3.79it/s, loss=1.209]
  epoch 1/3: 100%|██████████| 88/88 [00:26<00:00,  4.08it/s, loss=1.209]
                                                                        

  epoch 2/3:   0%|          | 0/88 [00:00<?, ?it/s]
  epoch 2/3:   0%|          | 0/88 [00:00<?, ?it/s, loss=0.709]
  epoch 2/3:   1%|          | 1/88 [00:00<00:42,  2.03it/s, loss=0.709]
  epoch 2/3:   1%|          | 1/88 [00:00<00:42,  2.03it/s, loss=0.721]
  epoch 2/3:   2%|▏         | 2/88 [00:00<00:30,  2.78it/s, loss=0.721]
  epoch 2/3:   2%|▏         | 2/88 [00:01<00:30,  2.78it/s, loss=0.715]
  epoch 2/3:   3%|▎         | 3/88 [00:01<00:26,  3.15it/s, loss=0.715]
  epoch 2/3:   3%|▎         | 3/88 [00:01<00:26,  3.15it/s, loss=0.736]
  epoch 2/3:   5%|▍         | 4/88 [00:01<00:25,  3.34it/s, loss=0.736]
  epoch 2/3:   5%|▍         | 4/88 [00:01<00:25,  3.34it/s, loss=0.721]
  epoch 2/3:   6%|▌         | 5/88 [00:01<00:23,  3.48it/s, loss=0.721]
  epoch 2/3:   6%|▌         | 5/88 [00:01<00:23,  3.48it/s, loss=0.709]
  epoch 2/3:   7%|▋         | 6/88 [00:01<00:22,  3.57it/s, loss=0.709]
  epoch 2/3:   7%|▋         | 6/88 [00:02<00:22,  3.57it/s, loss=0.707]
  epoch 2/3:   8%|▊         | 7/88 [00:02<00:22,  3.63it/s, loss=0.707]
  epoch 2/3:   8%|▊         | 7/88 [00:02<00:22,  3.63it/s, loss=0.707]
  epoch 2/3:   9%|▉         | 8/88 [00:02<00:21,  3.80it/s, loss=0.707]
  epoch 2/3:   9%|▉         | 8/88 [00:02<00:21,  3.80it/s, loss=0.719]
  epoch 2/3:  10%|█         | 9/88 [00:02<00:20,  3.79it/s, loss=0.719]
  epoch 2/3:  10%|█         | 9/88 [00:02<00:20,  3.79it/s, loss=0.715]
  epoch 2/3:  11%|█▏        | 10/88 [00:02<00:20,  3.77it/s, loss=0.715]
  epoch 2/3:  11%|█▏        | 10/88 [00:03<00:20,  3.77it/s, loss=0.707]
  epoch 2/3:  12%|█▎        | 11/88 [00:03<00:20,  3.76it/s, loss=0.707]
  epoch 2/3:  12%|█▎        | 11/88 [00:03<00:20,  3.76it/s, loss=0.694]
  epoch 2/3:  14%|█▎        | 12/88 [00:03<00:20,  3.74it/s, loss=0.694]
  epoch 2/3:  14%|█▎        | 12/88 [00:03<00:20,  3.74it/s, loss=0.689]
  epoch 2/3:  15%|█▍        | 13/88 [00:03<00:20,  3.73it/s, loss=0.689]
  epoch 2/3:  15%|█▍        | 13/88 [00:03<00:20,  3.73it/s, loss=0.687]
  epoch 2/3:  16%|█▌        | 14/88 [00:03<00:19,  3.72it/s, loss=0.687]
  epoch 2/3:  16%|█▌        | 14/88 [00:04<00:19,  3.72it/s, loss=0.685]
  epoch 2/3:  17%|█▋        | 15/88 [00:04<00:19,  3.72it/s, loss=0.685]
  epoch 2/3:  17%|█▋        | 15/88 [00:04<00:19,  3.72it/s, loss=0.678]
  epoch 2/3:  18%|█▊        | 16/88 [00:04<00:19,  3.64it/s, loss=0.678]
  epoch 2/3:  18%|█▊        | 16/88 [00:04<00:19,  3.64it/s, loss=0.682]
  epoch 2/3:  19%|█▉        | 17/88 [00:04<00:19,  3.66it/s, loss=0.682]
  epoch 2/3:  19%|█▉        | 17/88 [00:05<00:19,  3.66it/s, loss=0.673]
  epoch 2/3:  20%|██        | 18/88 [00:05<00:19,  3.68it/s, loss=0.673]
  epoch 2/3:  20%|██        | 18/88 [00:05<00:19,  3.68it/s, loss=0.672]
  epoch 2/3:  22%|██▏       | 19/88 [00:05<00:18,  3.69it/s, loss=0.672]
  epoch 2/3:  22%|██▏       | 19/88 [00:05<00:18,  3.69it/s, loss=0.665]
  epoch 2/3:  23%|██▎       | 20/88 [00:05<00:18,  3.68it/s, loss=0.665]
  epoch 2/3:  23%|██▎       | 20/88 [00:05<00:18,  3.68it/s, loss=0.660]
  epoch 2/3:  24%|██▍       | 21/88 [00:05<00:18,  3.68it/s, loss=0.660]
  epoch 2/3:  24%|██▍       | 21/88 [00:06<00:18,  3.68it/s, loss=0.665]
  epoch 2/3:  25%|██▌       | 22/88 [00:06<00:17,  3.69it/s, loss=0.665]
  epoch 2/3:  25%|██▌       | 22/88 [00:06<00:17,  3.69it/s, loss=0.659]
  epoch 2/3:  26%|██▌       | 23/88 [00:06<00:17,  3.69it/s, loss=0.659]
  epoch 2/3:  26%|██▌       | 23/88 [00:06<00:17,  3.69it/s, loss=0.656]
  epoch 2/3:  27%|██▋       | 24/88 [00:06<00:17,  3.68it/s, loss=0.656]
  epoch 2/3:  27%|██▋       | 24/88 [00:06<00:17,  3.68it/s, loss=0.657]
  epoch 2/3:  28%|██▊       | 25/88 [00:06<00:17,  3.67it/s, loss=0.657]
  epoch 2/3:  28%|██▊       | 25/88 [00:07<00:17,  3.67it/s, loss=0.652]
  epoch 2/3:  30%|██▉       | 26/88 [00:07<00:16,  3.66it/s, loss=0.652]
  epoch 2/3:  30%|██▉       | 26/88 [00:07<00:16,  3.66it/s, loss=0.654]
  epoch 2/3:  31%|███       | 27/88 [00:07<00:16,  3.66it/s, loss=0.654]
  epoch 2/3:  31%|███       | 27/88 [00:07<00:16,  3.66it/s, loss=0.652]
  epoch 2/3:  32%|███▏      | 28/88 [00:07<00:16,  3.65it/s, loss=0.652]
  epoch 2/3:  32%|███▏      | 28/88 [00:08<00:16,  3.65it/s, loss=0.645]
  epoch 2/3:  33%|███▎      | 29/88 [00:08<00:16,  3.66it/s, loss=0.645]
  epoch 2/3:  33%|███▎      | 29/88 [00:08<00:16,  3.66it/s, loss=0.639]
  epoch 2/3:  34%|███▍      | 30/88 [00:08<00:15,  3.65it/s, loss=0.639]
  epoch 2/3:  34%|███▍      | 30/88 [00:08<00:15,  3.65it/s, loss=0.631]
  epoch 2/3:  35%|███▌      | 31/88 [00:08<00:15,  3.65it/s, loss=0.631]
  epoch 2/3:  35%|███▌      | 31/88 [00:08<00:15,  3.65it/s, loss=0.631]
  epoch 2/3:  36%|███▋      | 32/88 [00:08<00:15,  3.60it/s, loss=0.631]
  epoch 2/3:  36%|███▋      | 32/88 [00:09<00:15,  3.60it/s, loss=0.625]
  epoch 2/3:  38%|███▊      | 33/88 [00:09<00:15,  3.62it/s, loss=0.625]
  epoch 2/3:  38%|███▊      | 33/88 [00:09<00:15,  3.62it/s, loss=0.622]
  epoch 2/3:  39%|███▊      | 34/88 [00:09<00:14,  3.63it/s, loss=0.622]
  epoch 2/3:  39%|███▊      | 34/88 [00:09<00:14,  3.63it/s, loss=0.618]
  epoch 2/3:  40%|███▉      | 35/88 [00:09<00:14,  3.63it/s, loss=0.618]
  epoch 2/3:  40%|███▉      | 35/88 [00:09<00:14,  3.63it/s, loss=0.612]
  epoch 2/3:  41%|████      | 36/88 [00:09<00:14,  3.65it/s, loss=0.612]
  epoch 2/3:  41%|████      | 36/88 [00:10<00:14,  3.65it/s, loss=0.609]
  epoch 2/3:  42%|████▏     | 37/88 [00:10<00:14,  3.63it/s, loss=0.609]
  epoch 2/3:  42%|████▏     | 37/88 [00:10<00:14,  3.63it/s, loss=0.606]
  epoch 2/3:  43%|████▎     | 38/88 [00:10<00:13,  3.62it/s, loss=0.606]
  epoch 2/3:  43%|████▎     | 38/88 [00:10<00:13,  3.62it/s, loss=0.601]
  epoch 2/3:  44%|████▍     | 39/88 [00:10<00:13,  3.62it/s, loss=0.601]
  epoch 2/3:  44%|████▍     | 39/88 [00:11<00:13,  3.62it/s, loss=0.601]
  epoch 2/3:  45%|████▌     | 40/88 [00:11<00:13,  3.60it/s, loss=0.601]
  epoch 2/3:  45%|████▌     | 40/88 [00:11<00:13,  3.60it/s, loss=0.599]
  epoch 2/3:  47%|████▋     | 41/88 [00:11<00:13,  3.59it/s, loss=0.599]
  epoch 2/3:  47%|████▋     | 41/88 [00:11<00:13,  3.59it/s, loss=0.600]
  epoch 2/3:  48%|████▊     | 42/88 [00:11<00:12,  3.58it/s, loss=0.600]
  epoch 2/3:  48%|████▊     | 42/88 [00:11<00:12,  3.58it/s, loss=0.597]
  epoch 2/3:  49%|████▉     | 43/88 [00:11<00:12,  3.60it/s, loss=0.597]
  epoch 2/3:  49%|████▉     | 43/88 [00:12<00:12,  3.60it/s, loss=0.593]
  epoch 2/3:  50%|█████     | 44/88 [00:12<00:12,  3.58it/s, loss=0.593]
  epoch 2/3:  50%|█████     | 44/88 [00:12<00:12,  3.58it/s, loss=0.591]
  epoch 2/3:  51%|█████     | 45/88 [00:12<00:12,  3.57it/s, loss=0.591]
  epoch 2/3:  51%|█████     | 45/88 [00:12<00:12,  3.57it/s, loss=0.588]
  epoch 2/3:  52%|█████▏    | 46/88 [00:12<00:11,  3.56it/s, loss=0.588]
  epoch 2/3:  52%|█████▏    | 46/88 [00:13<00:11,  3.56it/s, loss=0.587]
  epoch 2/3:  53%|█████▎    | 47/88 [00:13<00:11,  3.57it/s, loss=0.587]
  epoch 2/3:  53%|█████▎    | 47/88 [00:13<00:11,  3.57it/s, loss=0.584]
  epoch 2/3:  55%|█████▍    | 48/88 [00:13<00:11,  3.54it/s, loss=0.584]
  epoch 2/3:  55%|█████▍    | 48/88 [00:13<00:11,  3.54it/s, loss=0.581]
  epoch 2/3:  56%|█████▌    | 49/88 [00:13<00:10,  3.55it/s, loss=0.581]
  epoch 2/3:  56%|█████▌    | 49/88 [00:13<00:10,  3.55it/s, loss=0.578]
  epoch 2/3:  57%|█████▋    | 50/88 [00:13<00:10,  3.57it/s, loss=0.578]
  epoch 2/3:  57%|█████▋    | 50/88 [00:14<00:10,  3.57it/s, loss=0.575]
  epoch 2/3:  58%|█████▊    | 51/88 [00:14<00:10,  3.57it/s, loss=0.575]
  epoch 2/3:  58%|█████▊    | 51/88 [00:14<00:10,  3.57it/s, loss=0.573]
  epoch 2/3:  59%|█████▉    | 52/88 [00:14<00:10,  3.55it/s, loss=0.573]
  epoch 2/3:  59%|█████▉    | 52/88 [00:14<00:10,  3.55it/s, loss=0.574]
  epoch 2/3:  60%|██████    | 53/88 [00:14<00:09,  3.54it/s, loss=0.574]
  epoch 2/3:  60%|██████    | 53/88 [00:15<00:09,  3.54it/s, loss=0.572]
  epoch 2/3:  61%|██████▏   | 54/88 [00:15<00:09,  3.53it/s, loss=0.572]
  epoch 2/3:  61%|██████▏   | 54/88 [00:15<00:09,  3.53it/s, loss=0.570]
  epoch 2/3:  62%|██████▎   | 55/88 [00:15<00:09,  3.53it/s, loss=0.570]
  epoch 2/3:  62%|██████▎   | 55/88 [00:15<00:09,  3.53it/s, loss=0.568]
  epoch 2/3:  64%|██████▎   | 56/88 [00:15<00:09,  3.53it/s, loss=0.568]
  epoch 2/3:  64%|██████▎   | 56/88 [00:15<00:09,  3.53it/s, loss=0.567]
  epoch 2/3:  65%|██████▍   | 57/88 [00:15<00:08,  3.53it/s, loss=0.567]
  epoch 2/3:  65%|██████▍   | 57/88 [00:16<00:08,  3.53it/s, loss=0.563]
  epoch 2/3:  66%|██████▌   | 58/88 [00:16<00:08,  3.53it/s, loss=0.563]
  epoch 2/3:  66%|██████▌   | 58/88 [00:16<00:08,  3.53it/s, loss=0.560]
  epoch 2/3:  67%|██████▋   | 59/88 [00:16<00:08,  3.52it/s, loss=0.560]
  epoch 2/3:  67%|██████▋   | 59/88 [00:16<00:08,  3.52it/s, loss=0.559]
  epoch 2/3:  68%|██████▊   | 60/88 [00:16<00:07,  3.52it/s, loss=0.559]
  epoch 2/3:  68%|██████▊   | 60/88 [00:17<00:07,  3.52it/s, loss=0.556]
  epoch 2/3:  69%|██████▉   | 61/88 [00:17<00:07,  3.52it/s, loss=0.556]
  epoch 2/3:  69%|██████▉   | 61/88 [00:17<00:07,  3.52it/s, loss=0.551]
  epoch 2/3:  70%|███████   | 62/88 [00:17<00:07,  3.51it/s, loss=0.551]
  epoch 2/3:  70%|███████   | 62/88 [00:17<00:07,  3.51it/s, loss=0.547]
  epoch 2/3:  72%|███████▏  | 63/88 [00:17<00:07,  3.51it/s, loss=0.547]
  epoch 2/3:  72%|███████▏  | 63/88 [00:17<00:07,  3.51it/s, loss=0.545]
  epoch 2/3:  73%|███████▎  | 64/88 [00:17<00:06,  3.47it/s, loss=0.545]
  epoch 2/3:  73%|███████▎  | 64/88 [00:18<00:06,  3.47it/s, loss=0.544]
  epoch 2/3:  74%|███████▍  | 65/88 [00:18<00:06,  3.48it/s, loss=0.544]
  epoch 2/3:  74%|███████▍  | 65/88 [00:18<00:06,  3.48it/s, loss=0.544]
  epoch 2/3:  75%|███████▌  | 66/88 [00:18<00:06,  3.47it/s, loss=0.544]
  epoch 2/3:  75%|███████▌  | 66/88 [00:18<00:06,  3.47it/s, loss=0.540]
  epoch 2/3:  76%|███████▌  | 67/88 [00:18<00:06,  3.48it/s, loss=0.540]
  epoch 2/3:  76%|███████▌  | 67/88 [00:19<00:06,  3.48it/s, loss=0.538]
  epoch 2/3:  77%|███████▋  | 68/88 [00:19<00:05,  3.49it/s, loss=0.538]
  epoch 2/3:  77%|███████▋  | 68/88 [00:19<00:05,  3.49it/s, loss=0.534]
  epoch 2/3:  78%|███████▊  | 69/88 [00:19<00:05,  3.48it/s, loss=0.534]
  epoch 2/3:  78%|███████▊  | 69/88 [00:19<00:05,  3.48it/s, loss=0.533]
  epoch 2/3:  80%|███████▉  | 70/88 [00:19<00:05,  3.49it/s, loss=0.533]
  epoch 2/3:  80%|███████▉  | 70/88 [00:19<00:05,  3.49it/s, loss=0.530]
  epoch 2/3:  81%|████████  | 71/88 [00:19<00:04,  3.49it/s, loss=0.530]
  epoch 2/3:  81%|████████  | 71/88 [00:20<00:04,  3.49it/s, loss=0.527]
  epoch 2/3:  82%|████████▏ | 72/88 [00:20<00:04,  3.49it/s, loss=0.527]
  epoch 2/3:  82%|████████▏ | 72/88 [00:20<00:04,  3.49it/s, loss=0.527]
  epoch 2/3:  83%|████████▎ | 73/88 [00:20<00:04,  3.48it/s, loss=0.527]
  epoch 2/3:  83%|████████▎ | 73/88 [00:20<00:04,  3.48it/s, loss=0.524]
  epoch 2/3:  84%|████████▍ | 74/88 [00:20<00:04,  3.47it/s, loss=0.524]
  epoch 2/3:  84%|████████▍ | 74/88 [00:21<00:04,  3.47it/s, loss=0.523]
  epoch 2/3:  85%|████████▌ | 75/88 [00:21<00:03,  3.49it/s, loss=0.523]
  epoch 2/3:  85%|████████▌ | 75/88 [00:21<00:03,  3.49it/s, loss=0.522]
  epoch 2/3:  86%|████████▋ | 76/88 [00:21<00:03,  3.49it/s, loss=0.522]
  epoch 2/3:  86%|████████▋ | 76/88 [00:21<00:03,  3.49it/s, loss=0.519]
  epoch 2/3:  88%|████████▊ | 77/88 [00:21<00:03,  3.49it/s, loss=0.519]
  epoch 2/3:  88%|████████▊ | 77/88 [00:21<00:03,  3.49it/s, loss=0.517]
  epoch 2/3:  89%|████████▊ | 78/88 [00:21<00:02,  3.47it/s, loss=0.517]
  epoch 2/3:  89%|████████▊ | 78/88 [00:22<00:02,  3.47it/s, loss=0.514]
  epoch 2/3:  90%|████████▉ | 79/88 [00:22<00:02,  3.46it/s, loss=0.514]
  epoch 2/3:  90%|████████▉ | 79/88 [00:22<00:02,  3.46it/s, loss=0.512]
  epoch 2/3:  91%|█████████ | 80/88 [00:22<00:02,  3.42it/s, loss=0.512]
  epoch 2/3:  91%|█████████ | 80/88 [00:22<00:02,  3.42it/s, loss=0.510]
  epoch 2/3:  92%|█████████▏| 81/88 [00:22<00:02,  3.44it/s, loss=0.510]
  epoch 2/3:  92%|█████████▏| 81/88 [00:23<00:02,  3.44it/s, loss=0.508]
  epoch 2/3:  93%|█████████▎| 82/88 [00:23<00:01,  3.48it/s, loss=0.508]
  epoch 2/3:  93%|█████████▎| 82/88 [00:23<00:01,  3.48it/s, loss=0.506]
  epoch 2/3:  94%|█████████▍| 83/88 [00:23<00:01,  3.46it/s, loss=0.506]
  epoch 2/3:  94%|█████████▍| 83/88 [00:23<00:01,  3.46it/s, loss=0.505]
  epoch 2/3:  95%|█████████▌| 84/88 [00:23<00:01,  3.45it/s, loss=0.505]
  epoch 2/3:  95%|█████████▌| 84/88 [00:23<00:01,  3.45it/s, loss=0.502]
  epoch 2/3:  97%|█████████▋| 85/88 [00:23<00:00,  3.44it/s, loss=0.502]
  epoch 2/3:  97%|█████████▋| 85/88 [00:24<00:00,  3.44it/s, loss=0.501]
  epoch 2/3:  98%|█████████▊| 86/88 [00:24<00:00,  3.44it/s, loss=0.501]
  epoch 2/3:  98%|█████████▊| 86/88 [00:24<00:00,  3.44it/s, loss=0.500]
  epoch 2/3:  99%|█████████▉| 87/88 [00:24<00:00,  3.44it/s, loss=0.500]
  epoch 2/3:  99%|█████████▉| 87/88 [00:24<00:00,  3.44it/s, loss=0.498]
  epoch 2/3: 100%|██████████| 88/88 [00:24<00:00,  3.76it/s, loss=0.498]
                                                                        

  epoch 3/3:   0%|          | 0/88 [00:00<?, ?it/s]
  epoch 3/3:   0%|          | 0/88 [00:00<?, ?it/s, loss=0.278]
  epoch 3/3:   1%|          | 1/88 [00:00<00:44,  1.94it/s, loss=0.278]
  epoch 3/3:   1%|          | 1/88 [00:00<00:44,  1.94it/s, loss=0.294]
  epoch 3/3:   2%|▏         | 2/88 [00:00<00:33,  2.59it/s, loss=0.294]
  epoch 3/3:   2%|▏         | 2/88 [00:01<00:33,  2.59it/s, loss=0.335]
  epoch 3/3:   3%|▎         | 3/88 [00:01<00:29,  2.91it/s, loss=0.335]
  epoch 3/3:   3%|▎         | 3/88 [00:01<00:29,  2.91it/s, loss=0.325]
  epoch 3/3:   5%|▍         | 4/88 [00:01<00:27,  3.09it/s, loss=0.325]
  epoch 3/3:   5%|▍         | 4/88 [00:01<00:27,  3.09it/s, loss=0.332]
  epoch 3/3:   6%|▌         | 5/88 [00:01<00:25,  3.20it/s, loss=0.332]
  epoch 3/3:   6%|▌         | 5/88 [00:01<00:25,  3.20it/s, loss=0.317]
  epoch 3/3:   7%|▋         | 6/88 [00:01<00:25,  3.26it/s, loss=0.317]
  epoch 3/3:   7%|▋         | 6/88 [00:02<00:25,  3.26it/s, loss=0.305]
  epoch 3/3:   8%|▊         | 7/88 [00:02<00:24,  3.31it/s, loss=0.305]
  epoch 3/3:   8%|▊         | 7/88 [00:02<00:24,  3.31it/s, loss=0.302]
  epoch 3/3:   9%|▉         | 8/88 [00:02<00:24,  3.29it/s, loss=0.302]
  epoch 3/3:   9%|▉         | 8/88 [00:02<00:24,  3.29it/s, loss=0.311]
  epoch 3/3:  10%|█         | 9/88 [00:02<00:23,  3.32it/s, loss=0.311]
  epoch 3/3:  10%|█         | 9/88 [00:03<00:23,  3.32it/s, loss=0.310]
  epoch 3/3:  11%|█▏        | 10/88 [00:03<00:22,  3.43it/s, loss=0.310]
  epoch 3/3:  11%|█▏        | 10/88 [00:03<00:22,  3.43it/s, loss=0.300]
  epoch 3/3:  12%|█▎        | 11/88 [00:03<00:22,  3.41it/s, loss=0.300]
  epoch 3/3:  12%|█▎        | 11/88 [00:03<00:22,  3.41it/s, loss=0.305]
  epoch 3/3:  14%|█▎        | 12/88 [00:03<00:22,  3.40it/s, loss=0.305]
  epoch 3/3:  14%|█▎        | 12/88 [00:04<00:22,  3.40it/s, loss=0.311]
  epoch 3/3:  15%|█▍        | 13/88 [00:04<00:22,  3.39it/s, loss=0.311]
  epoch 3/3:  15%|█▍        | 13/88 [00:04<00:22,  3.39it/s, loss=0.312]
  epoch 3/3:  16%|█▌        | 14/88 [00:04<00:21,  3.38it/s, loss=0.312]
  epoch 3/3:  16%|█▌        | 14/88 [00:04<00:21,  3.38it/s, loss=0.311]
  epoch 3/3:  17%|█▋        | 15/88 [00:04<00:21,  3.37it/s, loss=0.311]
  epoch 3/3:  17%|█▋        | 15/88 [00:04<00:21,  3.37it/s, loss=0.316]
  epoch 3/3:  18%|█▊        | 16/88 [00:04<00:21,  3.38it/s, loss=0.316]
  epoch 3/3:  18%|█▊        | 16/88 [00:05<00:21,  3.38it/s, loss=0.316]
  epoch 3/3:  19%|█▉        | 17/88 [00:05<00:21,  3.37it/s, loss=0.316]
  epoch 3/3:  19%|█▉        | 17/88 [00:05<00:21,  3.37it/s, loss=0.311]
  epoch 3/3:  20%|██        | 18/88 [00:05<00:20,  3.38it/s, loss=0.311]
  epoch 3/3:  20%|██        | 18/88 [00:05<00:20,  3.38it/s, loss=0.310]
  epoch 3/3:  22%|██▏       | 19/88 [00:05<00:20,  3.37it/s, loss=0.310]
  epoch 3/3:  22%|██▏       | 19/88 [00:06<00:20,  3.37it/s, loss=0.313]
  epoch 3/3:  23%|██▎       | 20/88 [00:06<00:20,  3.37it/s, loss=0.313]
  epoch 3/3:  23%|██▎       | 20/88 [00:06<00:20,  3.37it/s, loss=0.308]
  epoch 3/3:  24%|██▍       | 21/88 [00:06<00:19,  3.38it/s, loss=0.308]
  epoch 3/3:  24%|██▍       | 21/88 [00:06<00:19,  3.38it/s, loss=0.304]
  epoch 3/3:  25%|██▌       | 22/88 [00:06<00:19,  3.37it/s, loss=0.304]
  epoch 3/3:  25%|██▌       | 22/88 [00:07<00:19,  3.37it/s, loss=0.302]
  epoch 3/3:  26%|██▌       | 23/88 [00:07<00:19,  3.37it/s, loss=0.302]
  epoch 3/3:  26%|██▌       | 23/88 [00:07<00:19,  3.37it/s, loss=0.304]
  epoch 3/3:  27%|██▋       | 24/88 [00:07<00:19,  3.33it/s, loss=0.304]
  epoch 3/3:  27%|██▋       | 24/88 [00:07<00:19,  3.33it/s, loss=0.302]
  epoch 3/3:  28%|██▊       | 25/88 [00:07<00:18,  3.34it/s, loss=0.302]
  epoch 3/3:  28%|██▊       | 25/88 [00:07<00:18,  3.34it/s, loss=0.302]
  epoch 3/3:  30%|██▉       | 26/88 [00:07<00:18,  3.36it/s, loss=0.302]
  epoch 3/3:  30%|██▉       | 26/88 [00:08<00:18,  3.36it/s, loss=0.302]
  epoch 3/3:  31%|███       | 27/88 [00:08<00:18,  3.35it/s, loss=0.302]
  epoch 3/3:  31%|███       | 27/88 [00:08<00:18,  3.35it/s, loss=0.300]
  epoch 3/3:  32%|███▏      | 28/88 [00:08<00:17,  3.35it/s, loss=0.300]
  epoch 3/3:  32%|███▏      | 28/88 [00:08<00:17,  3.35it/s, loss=0.297]
  epoch 3/3:  33%|███▎      | 29/88 [00:08<00:17,  3.35it/s, loss=0.297]
  epoch 3/3:  33%|███▎      | 29/88 [00:09<00:17,  3.35it/s, loss=0.296]
  epoch 3/3:  34%|███▍      | 30/88 [00:09<00:17,  3.36it/s, loss=0.296]
  epoch 3/3:  34%|███▍      | 30/88 [00:09<00:17,  3.36it/s, loss=0.296]
  epoch 3/3:  35%|███▌      | 31/88 [00:09<00:16,  3.37it/s, loss=0.296]
  epoch 3/3:  35%|███▌      | 31/88 [00:09<00:16,  3.37it/s, loss=0.293]
  epoch 3/3:  36%|███▋      | 32/88 [00:09<00:16,  3.37it/s, loss=0.293]
  epoch 3/3:  36%|███▋      | 32/88 [00:09<00:16,  3.37it/s, loss=0.294]
  epoch 3/3:  38%|███▊      | 33/88 [00:09<00:16,  3.38it/s, loss=0.294]
  epoch 3/3:  38%|███▊      | 33/88 [00:10<00:16,  3.38it/s, loss=0.293]
  epoch 3/3:  39%|███▊      | 34/88 [00:10<00:15,  3.38it/s, loss=0.293]
  epoch 3/3:  39%|███▊      | 34/88 [00:10<00:15,  3.38it/s, loss=0.292]
  epoch 3/3:  40%|███▉      | 35/88 [00:10<00:15,  3.38it/s, loss=0.292]
  epoch 3/3:  40%|███▉      | 35/88 [00:10<00:15,  3.38it/s, loss=0.290]
  epoch 3/3:  41%|████      | 36/88 [00:10<00:15,  3.39it/s, loss=0.290]
  epoch 3/3:  41%|████      | 36/88 [00:11<00:15,  3.39it/s, loss=0.290]
  epoch 3/3:  42%|████▏     | 37/88 [00:11<00:15,  3.39it/s, loss=0.290]
  epoch 3/3:  42%|████▏     | 37/88 [00:11<00:15,  3.39it/s, loss=0.289]
  epoch 3/3:  43%|████▎     | 38/88 [00:11<00:14,  3.39it/s, loss=0.289]
  epoch 3/3:  43%|████▎     | 38/88 [00:11<00:14,  3.39it/s, loss=0.287]
  epoch 3/3:  44%|████▍     | 39/88 [00:11<00:14,  3.40it/s, loss=0.287]
  epoch 3/3:  44%|████▍     | 39/88 [00:12<00:14,  3.40it/s, loss=0.284]
  epoch 3/3:  45%|████▌     | 40/88 [00:12<00:14,  3.37it/s, loss=0.284]
  epoch 3/3:  45%|████▌     | 40/88 [00:12<00:14,  3.37it/s, loss=0.283]
  epoch 3/3:  47%|████▋     | 41/88 [00:12<00:13,  3.38it/s, loss=0.283]
  epoch 3/3:  47%|████▋     | 41/88 [00:12<00:13,  3.38it/s, loss=0.283]
  epoch 3/3:  48%|████▊     | 42/88 [00:12<00:13,  3.39it/s, loss=0.283]
  epoch 3/3:  48%|████▊     | 42/88 [00:12<00:13,  3.39it/s, loss=0.284]
  epoch 3/3:  49%|████▉     | 43/88 [00:12<00:13,  3.40it/s, loss=0.284]
  epoch 3/3:  49%|████▉     | 43/88 [00:13<00:13,  3.40it/s, loss=0.284]
  epoch 3/3:  50%|█████     | 44/88 [00:13<00:12,  3.42it/s, loss=0.284]
  epoch 3/3:  50%|█████     | 44/88 [00:13<00:12,  3.42it/s, loss=0.280]
  epoch 3/3:  51%|█████     | 45/88 [00:13<00:12,  3.42it/s, loss=0.280]
  epoch 3/3:  51%|█████     | 45/88 [00:13<00:12,  3.42it/s, loss=0.277]
  epoch 3/3:  52%|█████▏    | 46/88 [00:13<00:12,  3.43it/s, loss=0.277]
  epoch 3/3:  52%|█████▏    | 46/88 [00:14<00:12,  3.43it/s, loss=0.276]
  epoch 3/3:  53%|█████▎    | 47/88 [00:14<00:11,  3.45it/s, loss=0.276]
  epoch 3/3:  53%|█████▎    | 47/88 [00:14<00:11,  3.45it/s, loss=0.274]
  epoch 3/3:  55%|█████▍    | 48/88 [00:14<00:11,  3.46it/s, loss=0.274]
  epoch 3/3:  55%|█████▍    | 48/88 [00:14<00:11,  3.46it/s, loss=0.273]
  epoch 3/3:  56%|█████▌    | 49/88 [00:14<00:11,  3.47it/s, loss=0.273]
  epoch 3/3:  56%|█████▌    | 49/88 [00:14<00:11,  3.47it/s, loss=0.274]
  epoch 3/3:  57%|█████▋    | 50/88 [00:14<00:10,  3.46it/s, loss=0.274]
  epoch 3/3:  57%|█████▋    | 50/88 [00:15<00:10,  3.46it/s, loss=0.273]
  epoch 3/3:  58%|█████▊    | 51/88 [00:15<00:10,  3.47it/s, loss=0.273]
  epoch 3/3:  58%|█████▊    | 51/88 [00:15<00:10,  3.47it/s, loss=0.274]
  epoch 3/3:  59%|█████▉    | 52/88 [00:15<00:10,  3.48it/s, loss=0.274]
  epoch 3/3:  59%|█████▉    | 52/88 [00:15<00:10,  3.48it/s, loss=0.273]
  epoch 3/3:  60%|██████    | 53/88 [00:15<00:10,  3.49it/s, loss=0.273]
  epoch 3/3:  60%|██████    | 53/88 [00:16<00:10,  3.49it/s, loss=0.272]
  epoch 3/3:  61%|██████▏   | 54/88 [00:16<00:09,  3.49it/s, loss=0.272]
  epoch 3/3:  61%|██████▏   | 54/88 [00:16<00:09,  3.49it/s, loss=0.270]
  epoch 3/3:  62%|██████▎   | 55/88 [00:16<00:09,  3.47it/s, loss=0.270]
  epoch 3/3:  62%|██████▎   | 55/88 [00:16<00:09,  3.47it/s, loss=0.269]
  epoch 3/3:  64%|██████▎   | 56/88 [00:16<00:09,  3.44it/s, loss=0.269]
  epoch 3/3:  64%|██████▎   | 56/88 [00:16<00:09,  3.44it/s, loss=0.267]
  epoch 3/3:  65%|██████▍   | 57/88 [00:16<00:08,  3.46it/s, loss=0.267]
  epoch 3/3:  65%|██████▍   | 57/88 [00:17<00:08,  3.46it/s, loss=0.267]
  epoch 3/3:  66%|██████▌   | 58/88 [00:17<00:08,  3.47it/s, loss=0.267]
  epoch 3/3:  66%|██████▌   | 58/88 [00:17<00:08,  3.47it/s, loss=0.266]
  epoch 3/3:  67%|██████▋   | 59/88 [00:17<00:08,  3.48it/s, loss=0.266]
  epoch 3/3:  67%|██████▋   | 59/88 [00:17<00:08,  3.48it/s, loss=0.265]
  epoch 3/3:  68%|██████▊   | 60/88 [00:17<00:08,  3.49it/s, loss=0.265]
  epoch 3/3:  68%|██████▊   | 60/88 [00:18<00:08,  3.49it/s, loss=0.264]
  epoch 3/3:  69%|██████▉   | 61/88 [00:18<00:07,  3.51it/s, loss=0.264]
  epoch 3/3:  69%|██████▉   | 61/88 [00:18<00:07,  3.51it/s, loss=0.263]
  epoch 3/3:  70%|███████   | 62/88 [00:18<00:07,  3.51it/s, loss=0.263]
  epoch 3/3:  70%|███████   | 62/88 [00:18<00:07,  3.51it/s, loss=0.262]
  epoch 3/3:  72%|███████▏  | 63/88 [00:18<00:07,  3.51it/s, loss=0.262]
  epoch 3/3:  72%|███████▏  | 63/88 [00:18<00:07,  3.51it/s, loss=0.260]
  epoch 3/3:  73%|███████▎  | 64/88 [00:18<00:06,  3.52it/s, loss=0.260]
  epoch 3/3:  73%|███████▎  | 64/88 [00:19<00:06,  3.52it/s, loss=0.258]
  epoch 3/3:  74%|███████▍  | 65/88 [00:19<00:06,  3.52it/s, loss=0.258]
  epoch 3/3:  74%|███████▍  | 65/88 [00:19<00:06,  3.52it/s, loss=0.256]
  epoch 3/3:  75%|███████▌  | 66/88 [00:19<00:06,  3.52it/s, loss=0.256]
  epoch 3/3:  75%|███████▌  | 66/88 [00:19<00:06,  3.52it/s, loss=0.254]
  epoch 3/3:  76%|███████▌  | 67/88 [00:19<00:05,  3.52it/s, loss=0.254]
  epoch 3/3:  76%|███████▌  | 67/88 [00:20<00:05,  3.52it/s, loss=0.254]
  epoch 3/3:  77%|███████▋  | 68/88 [00:20<00:05,  3.52it/s, loss=0.254]
  epoch 3/3:  77%|███████▋  | 68/88 [00:20<00:05,  3.52it/s, loss=0.253]
  epoch 3/3:  78%|███████▊  | 69/88 [00:20<00:05,  3.52it/s, loss=0.253]
  epoch 3/3:  78%|███████▊  | 69/88 [00:20<00:05,  3.52it/s, loss=0.253]
  epoch 3/3:  80%|███████▉  | 70/88 [00:20<00:05,  3.53it/s, loss=0.253]
  epoch 3/3:  80%|███████▉  | 70/88 [00:20<00:05,  3.53it/s, loss=0.251]
  epoch 3/3:  81%|████████  | 71/88 [00:20<00:04,  3.54it/s, loss=0.251]
  epoch 3/3:  81%|████████  | 71/88 [00:21<00:04,  3.54it/s, loss=0.250]
  epoch 3/3:  82%|████████▏ | 72/88 [00:21<00:04,  3.49it/s, loss=0.250]
  epoch 3/3:  82%|████████▏ | 72/88 [00:21<00:04,  3.49it/s, loss=0.250]
  epoch 3/3:  83%|████████▎ | 73/88 [00:21<00:04,  3.52it/s, loss=0.250]
  epoch 3/3:  83%|████████▎ | 73/88 [00:21<00:04,  3.52it/s, loss=0.249]
  epoch 3/3:  84%|████████▍ | 74/88 [00:21<00:03,  3.54it/s, loss=0.249]
  epoch 3/3:  84%|████████▍ | 74/88 [00:22<00:03,  3.54it/s, loss=0.247]
  epoch 3/3:  85%|████████▌ | 75/88 [00:22<00:03,  3.54it/s, loss=0.247]
  epoch 3/3:  85%|████████▌ | 75/88 [00:22<00:03,  3.54it/s, loss=0.247]
  epoch 3/3:  86%|████████▋ | 76/88 [00:22<00:03,  3.53it/s, loss=0.247]
  epoch 3/3:  86%|████████▋ | 76/88 [00:22<00:03,  3.53it/s, loss=0.246]
  epoch 3/3:  88%|████████▊ | 77/88 [00:22<00:03,  3.53it/s, loss=0.246]
  epoch 3/3:  88%|████████▊ | 77/88 [00:22<00:03,  3.53it/s, loss=0.245]
  epoch 3/3:  89%|████████▊ | 78/88 [00:22<00:02,  3.53it/s, loss=0.245]
  epoch 3/3:  89%|████████▊ | 78/88 [00:23<00:02,  3.53it/s, loss=0.245]
  epoch 3/3:  90%|████████▉ | 79/88 [00:23<00:02,  3.55it/s, loss=0.245]
  epoch 3/3:  90%|████████▉ | 79/88 [00:23<00:02,  3.55it/s, loss=0.243]
  epoch 3/3:  91%|█████████ | 80/88 [00:23<00:02,  3.55it/s, loss=0.243]
  epoch 3/3:  91%|█████████ | 80/88 [00:23<00:02,  3.55it/s, loss=0.243]
  epoch 3/3:  92%|█████████▏| 81/88 [00:23<00:01,  3.58it/s, loss=0.243]
  epoch 3/3:  92%|█████████▏| 81/88 [00:24<00:01,  3.58it/s, loss=0.243]
  epoch 3/3:  93%|█████████▎| 82/88 [00:24<00:01,  3.57it/s, loss=0.243]
  epoch 3/3:  93%|█████████▎| 82/88 [00:24<00:01,  3.57it/s, loss=0.244]
  epoch 3/3:  94%|█████████▍| 83/88 [00:24<00:01,  3.59it/s, loss=0.244]
  epoch 3/3:  94%|█████████▍| 83/88 [00:24<00:01,  3.59it/s, loss=0.244]
  epoch 3/3:  95%|█████████▌| 84/88 [00:24<00:01,  3.61it/s, loss=0.244]
  epoch 3/3:  95%|█████████▌| 84/88 [00:24<00:01,  3.61it/s, loss=0.243]
  epoch 3/3:  97%|█████████▋| 85/88 [00:24<00:00,  3.60it/s, loss=0.243]
  epoch 3/3:  97%|█████████▋| 85/88 [00:25<00:00,  3.60it/s, loss=0.243]
  epoch 3/3:  98%|█████████▊| 86/88 [00:25<00:00,  3.61it/s, loss=0.243]
  epoch 3/3:  98%|█████████▊| 86/88 [00:25<00:00,  3.61it/s, loss=0.241]
  epoch 3/3:  99%|█████████▉| 87/88 [00:25<00:00,  3.63it/s, loss=0.241]
  epoch 3/3:  99%|█████████▉| 87/88 [00:25<00:00,  3.63it/s, loss=0.240]
  epoch 3/3: 100%|██████████| 88/88 [00:25<00:00,  3.92it/s, loss=0.240]
                                                                        
[titans] reset=never | norm(state) sau task = 78.6361
[titans]   self-mod v:β=0.88 |W|=2.03
[titans]   eta_t(avg)=-2.5822  alpha_t/forget-gate(avg)=1.0000
[task 3] test acc so far: 0.883  0.800  0.631  0.317
[task 3] NCM-online acc so far: 0.826  0.760  0.831  0.800
[task 3] NCM-posthoc acc so far: 0.837  0.797  0.831  0.780
[checkpoint] đã lưu tiến độ sau task 3
[task 4] classes=[9, 17, 27, 35, 36] | train=2800

  epoch 1/3:   0%|          | 0/88 [00:00<?, ?it/s]
  epoch 1/3:   0%|          | 0/88 [00:00<?, ?it/s, loss=1.597]
  epoch 1/3:   1%|          | 1/88 [00:00<00:49,  1.75it/s, loss=1.597]
  epoch 1/3:   1%|          | 1/88 [00:00<00:49,  1.75it/s, loss=1.518]
  epoch 1/3:   2%|▏         | 2/88 [00:00<00:34,  2.52it/s, loss=1.518]
  epoch 1/3:   2%|▏         | 2/88 [00:01<00:34,  2.52it/s, loss=1.520]
  epoch 1/3:   3%|▎         | 3/88 [00:01<00:28,  2.93it/s, loss=1.520]
  epoch 1/3:   3%|▎         | 3/88 [00:01<00:28,  2.93it/s, loss=1.541]
  epoch 1/3:   5%|▍         | 4/88 [00:01<00:26,  3.19it/s, loss=1.541]
  epoch 1/3:   5%|▍         | 4/88 [00:01<00:26,  3.19it/s, loss=1.574]
  epoch 1/3:   6%|▌         | 5/88 [00:01<00:24,  3.35it/s, loss=1.574]
  epoch 1/3:   6%|▌         | 5/88 [00:01<00:24,  3.35it/s, loss=1.545]
  epoch 1/3:   7%|▋         | 6/88 [00:01<00:23,  3.44it/s, loss=1.545]
  epoch 1/3:   7%|▋         | 6/88 [00:02<00:23,  3.44it/s, loss=1.531]
  epoch 1/3:   8%|▊         | 7/88 [00:02<00:23,  3.49it/s, loss=1.531]
  epoch 1/3:   8%|▊         | 7/88 [00:02<00:23,  3.49it/s, loss=1.537]
  epoch 1/3:   9%|▉         | 8/88 [00:02<00:22,  3.54it/s, loss=1.537]
  epoch 1/3:   9%|▉         | 8/88 [00:02<00:22,  3.54it/s, loss=1.515]
  epoch 1/3:  10%|█         | 9/88 [00:02<00:22,  3.58it/s, loss=1.515]
  epoch 1/3:  10%|█         | 9/88 [00:03<00:22,  3.58it/s, loss=1.508]
  epoch 1/3:  11%|█▏        | 10/88 [00:03<00:21,  3.61it/s, loss=1.508]
  epoch 1/3:  11%|█▏        | 10/88 [00:03<00:21,  3.61it/s, loss=1.502]
  epoch 1/3:  12%|█▎        | 11/88 [00:03<00:21,  3.61it/s, loss=1.502]
  epoch 1/3:  12%|█▎        | 11/88 [00:03<00:21,  3.61it/s, loss=1.493]
  epoch 1/3:  14%|█▎        | 12/88 [00:03<00:20,  3.62it/s, loss=1.493]
  epoch 1/3:  14%|█▎        | 12/88 [00:03<00:20,  3.62it/s, loss=1.493]
  epoch 1/3:  15%|█▍        | 13/88 [00:03<00:20,  3.62it/s, loss=1.493]
  epoch 1/3:  15%|█▍        | 13/88 [00:04<00:20,  3.62it/s, loss=1.490]
  epoch 1/3:  16%|█▌        | 14/88 [00:04<00:20,  3.62it/s, loss=1.490]
  epoch 1/3:  16%|█▌        | 14/88 [00:04<00:20,  3.62it/s, loss=1.487]
  epoch 1/3:  17%|█▋        | 15/88 [00:04<00:20,  3.62it/s, loss=1.487]
  epoch 1/3:  17%|█▋        | 15/88 [00:04<00:20,  3.62it/s, loss=1.488]
  epoch 1/3:  18%|█▊        | 16/88 [00:04<00:20,  3.58it/s, loss=1.488]
  epoch 1/3:  18%|█▊        | 16/88 [00:04<00:20,  3.58it/s, loss=1.482]
  epoch 1/3:  19%|█▉        | 17/88 [00:04<00:19,  3.61it/s, loss=1.482]
  epoch 1/3:  19%|█▉        | 17/88 [00:05<00:19,  3.61it/s, loss=1.474]
  epoch 1/3:  20%|██        | 18/88 [00:05<00:19,  3.63it/s, loss=1.474]
  epoch 1/3:  20%|██        | 18/88 [00:05<00:19,  3.63it/s, loss=1.468]
  epoch 1/3:  22%|██▏       | 19/88 [00:05<00:18,  3.64it/s, loss=1.468]
  epoch 1/3:  22%|██▏       | 19/88 [00:05<00:18,  3.64it/s, loss=1.462]
  epoch 1/3:  23%|██▎       | 20/88 [00:05<00:18,  3.64it/s, loss=1.462]
  epoch 1/3:  23%|██▎       | 20/88 [00:06<00:18,  3.64it/s, loss=1.454]
  epoch 1/3:  24%|██▍       | 21/88 [00:06<00:18,  3.63it/s, loss=1.454]
  epoch 1/3:  24%|██▍       | 21/88 [00:06<00:18,  3.63it/s, loss=1.448]
  epoch 1/3:  25%|██▌       | 22/88 [00:06<00:18,  3.65it/s, loss=1.448]
  epoch 1/3:  25%|██▌       | 22/88 [00:06<00:18,  3.65it/s, loss=1.440]
  epoch 1/3:  26%|██▌       | 23/88 [00:06<00:17,  3.64it/s, loss=1.440]
  epoch 1/3:  26%|██▌       | 23/88 [00:06<00:17,  3.64it/s, loss=1.425]
  epoch 1/3:  27%|██▋       | 24/88 [00:06<00:17,  3.65it/s, loss=1.425]
  epoch 1/3:  27%|██▋       | 24/88 [00:07<00:17,  3.65it/s, loss=1.415]
  epoch 1/3:  28%|██▊       | 25/88 [00:07<00:17,  3.65it/s, loss=1.415]
  epoch 1/3:  28%|██▊       | 25/88 [00:07<00:17,  3.65it/s, loss=1.408]
  epoch 1/3:  30%|██▉       | 26/88 [00:07<00:16,  3.66it/s, loss=1.408]
  epoch 1/3:  30%|██▉       | 26/88 [00:07<00:16,  3.66it/s, loss=1.396]
  epoch 1/3:  31%|███       | 27/88 [00:07<00:16,  3.66it/s, loss=1.396]
  epoch 1/3:  31%|███       | 27/88 [00:07<00:16,  3.66it/s, loss=1.388]
  epoch 1/3:  32%|███▏      | 28/88 [00:07<00:16,  3.65it/s, loss=1.388]
  epoch 1/3:  32%|███▏      | 28/88 [00:08<00:16,  3.65it/s, loss=1.383]
  epoch 1/3:  33%|███▎      | 29/88 [00:08<00:16,  3.63it/s, loss=1.383]
  epoch 1/3:  33%|███▎      | 29/88 [00:08<00:16,  3.63it/s, loss=1.370]
  epoch 1/3:  34%|███▍      | 30/88 [00:08<00:16,  3.62it/s, loss=1.370]
  epoch 1/3:  34%|███▍      | 30/88 [00:08<00:16,  3.62it/s, loss=1.361]
  epoch 1/3:  35%|███▌      | 31/88 [00:08<00:15,  3.64it/s, loss=1.361]
  epoch 1/3:  35%|███▌      | 31/88 [00:09<00:15,  3.64it/s, loss=1.353]
  epoch 1/3:  36%|███▋      | 32/88 [00:09<00:15,  3.57it/s, loss=1.353]
  epoch 1/3:  36%|███▋      | 32/88 [00:09<00:15,  3.57it/s, loss=1.347]
  epoch 1/3:  38%|███▊      | 33/88 [00:09<00:15,  3.59it/s, loss=1.347]
  epoch 1/3:  38%|███▊      | 33/88 [00:09<00:15,  3.59it/s, loss=1.341]
  epoch 1/3:  39%|███▊      | 34/88 [00:09<00:15,  3.59it/s, loss=1.341]
  epoch 1/3:  39%|███▊      | 34/88 [00:09<00:15,  3.59it/s, loss=1.331]
  epoch 1/3:  40%|███▉      | 35/88 [00:09<00:14,  3.62it/s, loss=1.331]
  epoch 1/3:  40%|███▉      | 35/88 [00:10<00:14,  3.62it/s, loss=1.325]
  epoch 1/3:  41%|████      | 36/88 [00:10<00:14,  3.61it/s, loss=1.325]
  epoch 1/3:  41%|████      | 36/88 [00:10<00:14,  3.61it/s, loss=1.319]
  epoch 1/3:  42%|████▏     | 37/88 [00:10<00:14,  3.60it/s, loss=1.319]
  epoch 1/3:  42%|████▏     | 37/88 [00:10<00:14,  3.60it/s, loss=1.312]
  epoch 1/3:  43%|████▎     | 38/88 [00:10<00:13,  3.60it/s, loss=1.312]
  epoch 1/3:  43%|████▎     | 38/88 [00:11<00:13,  3.60it/s, loss=1.306]
  epoch 1/3:  44%|████▍     | 39/88 [00:11<00:13,  3.60it/s, loss=1.306]
  epoch 1/3:  44%|████▍     | 39/88 [00:11<00:13,  3.60it/s, loss=1.300]
  epoch 1/3:  45%|████▌     | 40/88 [00:11<00:13,  3.60it/s, loss=1.300]
  epoch 1/3:  45%|████▌     | 40/88 [00:11<00:13,  3.60it/s, loss=1.292]
  epoch 1/3:  47%|████▋     | 41/88 [00:11<00:13,  3.59it/s, loss=1.292]
  epoch 1/3:  47%|████▋     | 41/88 [00:11<00:13,  3.59it/s, loss=1.285]
  epoch 1/3:  48%|████▊     | 42/88 [00:11<00:12,  3.61it/s, loss=1.285]
  epoch 1/3:  48%|████▊     | 42/88 [00:12<00:12,  3.61it/s, loss=1.277]
  epoch 1/3:  49%|████▉     | 43/88 [00:12<00:12,  3.61it/s, loss=1.277]
  epoch 1/3:  49%|████▉     | 43/88 [00:12<00:12,  3.61it/s, loss=1.267]
  epoch 1/3:  50%|█████     | 44/88 [00:12<00:12,  3.61it/s, loss=1.267]
  epoch 1/3:  50%|█████     | 44/88 [00:12<00:12,  3.61it/s, loss=1.261]
  epoch 1/3:  51%|█████     | 45/88 [00:12<00:11,  3.61it/s, loss=1.261]
  epoch 1/3:  51%|█████     | 45/88 [00:12<00:11,  3.61it/s, loss=1.255]
  epoch 1/3:  52%|█████▏    | 46/88 [00:12<00:11,  3.61it/s, loss=1.255]
  epoch 1/3:  52%|█████▏    | 46/88 [00:13<00:11,  3.61it/s, loss=1.248]
  epoch 1/3:  53%|█████▎    | 47/88 [00:13<00:11,  3.62it/s, loss=1.248]
  epoch 1/3:  53%|█████▎    | 47/88 [00:13<00:11,  3.62it/s, loss=1.243]
  epoch 1/3:  55%|█████▍    | 48/88 [00:13<00:11,  3.55it/s, loss=1.243]
  epoch 1/3:  55%|█████▍    | 48/88 [00:13<00:11,  3.55it/s, loss=1.239]
  epoch 1/3:  56%|█████▌    | 49/88 [00:13<00:10,  3.57it/s, loss=1.239]
  epoch 1/3:  56%|█████▌    | 49/88 [00:14<00:10,  3.57it/s, loss=1.229]
  epoch 1/3:  57%|█████▋    | 50/88 [00:14<00:10,  3.57it/s, loss=1.229]
  epoch 1/3:  57%|█████▋    | 50/88 [00:14<00:10,  3.57it/s, loss=1.223]
  epoch 1/3:  58%|█████▊    | 51/88 [00:14<00:10,  3.57it/s, loss=1.223]
  epoch 1/3:  58%|█████▊    | 51/88 [00:14<00:10,  3.57it/s, loss=1.218]
  epoch 1/3:  59%|█████▉    | 52/88 [00:14<00:10,  3.57it/s, loss=1.218]
  epoch 1/3:  59%|█████▉    | 52/88 [00:14<00:10,  3.57it/s, loss=1.210]
  epoch 1/3:  60%|██████    | 53/88 [00:14<00:09,  3.60it/s, loss=1.210]
  epoch 1/3:  60%|██████    | 53/88 [00:15<00:09,  3.60it/s, loss=1.204]
  epoch 1/3:  61%|██████▏   | 54/88 [00:15<00:09,  3.59it/s, loss=1.204]
  epoch 1/3:  61%|██████▏   | 54/88 [00:15<00:09,  3.59it/s, loss=1.197]
  epoch 1/3:  62%|██████▎   | 55/88 [00:15<00:09,  3.58it/s, loss=1.197]
  epoch 1/3:  62%|██████▎   | 55/88 [00:15<00:09,  3.58it/s, loss=1.192]
  epoch 1/3:  64%|██████▎   | 56/88 [00:15<00:08,  3.60it/s, loss=1.192]
  epoch 1/3:  64%|██████▎   | 56/88 [00:16<00:08,  3.60it/s, loss=1.185]
  epoch 1/3:  65%|██████▍   | 57/88 [00:16<00:08,  3.59it/s, loss=1.185]
  epoch 1/3:  65%|██████▍   | 57/88 [00:16<00:08,  3.59it/s, loss=1.180]
  epoch 1/3:  66%|██████▌   | 58/88 [00:16<00:08,  3.56it/s, loss=1.180]
  epoch 1/3:  66%|██████▌   | 58/88 [00:16<00:08,  3.56it/s, loss=1.173]
  epoch 1/3:  67%|██████▋   | 59/88 [00:16<00:08,  3.56it/s, loss=1.173]
  epoch 1/3:  67%|██████▋   | 59/88 [00:16<00:08,  3.56it/s, loss=1.166]
  epoch 1/3:  68%|██████▊   | 60/88 [00:16<00:07,  3.56it/s, loss=1.166]
  epoch 1/3:  68%|██████▊   | 60/88 [00:17<00:07,  3.56it/s, loss=1.159]
  epoch 1/3:  69%|██████▉   | 61/88 [00:17<00:07,  3.56it/s, loss=1.159]
  epoch 1/3:  69%|██████▉   | 61/88 [00:17<00:07,  3.56it/s, loss=1.154]
  epoch 1/3:  70%|███████   | 62/88 [00:17<00:07,  3.56it/s, loss=1.154]
  epoch 1/3:  70%|███████   | 62/88 [00:17<00:07,  3.56it/s, loss=1.147]
  epoch 1/3:  72%|███████▏  | 63/88 [00:17<00:06,  3.58it/s, loss=1.147]
  epoch 1/3:  72%|███████▏  | 63/88 [00:18<00:06,  3.58it/s, loss=1.142]
  epoch 1/3:  73%|███████▎  | 64/88 [00:18<00:06,  3.51it/s, loss=1.142]
  epoch 1/3:  73%|███████▎  | 64/88 [00:18<00:06,  3.51it/s, loss=1.137]
  epoch 1/3:  74%|███████▍  | 65/88 [00:18<00:06,  3.54it/s, loss=1.137]
  epoch 1/3:  74%|███████▍  | 65/88 [00:18<00:06,  3.54it/s, loss=1.133]
  epoch 1/3:  75%|███████▌  | 66/88 [00:18<00:06,  3.56it/s, loss=1.133]
  epoch 1/3:  75%|███████▌  | 66/88 [00:18<00:06,  3.56it/s, loss=1.129]
  epoch 1/3:  76%|███████▌  | 67/88 [00:18<00:05,  3.55it/s, loss=1.129]
  epoch 1/3:  76%|███████▌  | 67/88 [00:19<00:05,  3.55it/s, loss=1.122]
  epoch 1/3:  77%|███████▋  | 68/88 [00:19<00:05,  3.55it/s, loss=1.122]
  epoch 1/3:  77%|███████▋  | 68/88 [00:19<00:05,  3.55it/s, loss=1.114]
  epoch 1/3:  78%|███████▊  | 69/88 [00:19<00:05,  3.54it/s, loss=1.114]
  epoch 1/3:  78%|███████▊  | 69/88 [00:19<00:05,  3.54it/s, loss=1.110]
  epoch 1/3:  80%|███████▉  | 70/88 [00:19<00:05,  3.53it/s, loss=1.110]
  epoch 1/3:  80%|███████▉  | 70/88 [00:20<00:05,  3.53it/s, loss=1.103]
  epoch 1/3:  81%|████████  | 71/88 [00:20<00:04,  3.53it/s, loss=1.103]
  epoch 1/3:  81%|████████  | 71/88 [00:20<00:04,  3.53it/s, loss=1.099]
  epoch 1/3:  82%|████████▏ | 72/88 [00:20<00:04,  3.53it/s, loss=1.099]
  epoch 1/3:  82%|████████▏ | 72/88 [00:20<00:04,  3.53it/s, loss=1.093]
  epoch 1/3:  83%|████████▎ | 73/88 [00:20<00:04,  3.53it/s, loss=1.093]
  epoch 1/3:  83%|████████▎ | 73/88 [00:20<00:04,  3.53it/s, loss=1.087]
  epoch 1/3:  84%|████████▍ | 74/88 [00:20<00:03,  3.53it/s, loss=1.087]
  epoch 1/3:  84%|████████▍ | 74/88 [00:21<00:03,  3.53it/s, loss=1.082]
  epoch 1/3:  85%|████████▌ | 75/88 [00:21<00:03,  3.53it/s, loss=1.082]
  epoch 1/3:  85%|████████▌ | 75/88 [00:21<00:03,  3.53it/s, loss=1.076]
  epoch 1/3:  86%|████████▋ | 76/88 [00:21<00:03,  3.52it/s, loss=1.076]
  epoch 1/3:  86%|████████▋ | 76/88 [00:21<00:03,  3.52it/s, loss=1.069]
  epoch 1/3:  88%|████████▊ | 77/88 [00:21<00:03,  3.53it/s, loss=1.069]
  epoch 1/3:  88%|████████▊ | 77/88 [00:21<00:03,  3.53it/s, loss=1.063]
  epoch 1/3:  89%|████████▊ | 78/88 [00:21<00:02,  3.55it/s, loss=1.063]
  epoch 1/3:  89%|████████▊ | 78/88 [00:22<00:02,  3.55it/s, loss=1.057]
  epoch 1/3:  90%|████████▉ | 79/88 [00:22<00:02,  3.52it/s, loss=1.057]
  epoch 1/3:  90%|████████▉ | 79/88 [00:22<00:02,  3.52it/s, loss=1.051]
  epoch 1/3:  91%|█████████ | 80/88 [00:22<00:02,  3.49it/s, loss=1.051]
  epoch 1/3:  91%|█████████ | 80/88 [00:22<00:02,  3.49it/s, loss=1.045]
  epoch 1/3:  92%|█████████▏| 81/88 [00:22<00:01,  3.51it/s, loss=1.045]
  epoch 1/3:  92%|█████████▏| 81/88 [00:23<00:01,  3.51it/s, loss=1.040]
  epoch 1/3:  93%|█████████▎| 82/88 [00:23<00:01,  3.52it/s, loss=1.040]
  epoch 1/3:  93%|█████████▎| 82/88 [00:23<00:01,  3.52it/s, loss=1.034]
  epoch 1/3:  94%|█████████▍| 83/88 [00:23<00:01,  3.52it/s, loss=1.034]
  epoch 1/3:  94%|█████████▍| 83/88 [00:23<00:01,  3.52it/s, loss=1.028]
  epoch 1/3:  95%|█████████▌| 84/88 [00:23<00:01,  3.52it/s, loss=1.028]
  epoch 1/3:  95%|█████████▌| 84/88 [00:23<00:01,  3.52it/s, loss=1.023]
  epoch 1/3:  97%|█████████▋| 85/88 [00:23<00:00,  3.52it/s, loss=1.023]
  epoch 1/3:  97%|█████████▋| 85/88 [00:24<00:00,  3.52it/s, loss=1.018]
  epoch 1/3:  98%|█████████▊| 86/88 [00:24<00:00,  3.52it/s, loss=1.018]
  epoch 1/3:  98%|█████████▊| 86/88 [00:24<00:00,  3.52it/s, loss=1.013]
  epoch 1/3:  99%|█████████▉| 87/88 [00:24<00:00,  3.52it/s, loss=1.013]
  epoch 1/3:  99%|█████████▉| 87/88 [00:24<00:00,  3.52it/s, loss=1.010]
  epoch 1/3: 100%|██████████| 88/88 [00:24<00:00,  3.85it/s, loss=1.010]
                                                                        

  epoch 2/3:   0%|          | 0/88 [00:00<?, ?it/s]
  epoch 2/3:   0%|          | 0/88 [00:00<?, ?it/s, loss=0.516]
  epoch 2/3:   1%|          | 1/88 [00:00<00:45,  1.91it/s, loss=0.516]
  epoch 2/3:   1%|          | 1/88 [00:00<00:45,  1.91it/s, loss=0.556]
  epoch 2/3:   2%|▏         | 2/88 [00:00<00:32,  2.63it/s, loss=0.556]
  epoch 2/3:   2%|▏         | 2/88 [00:01<00:32,  2.63it/s, loss=0.567]
  epoch 2/3:   3%|▎         | 3/88 [00:01<00:28,  2.97it/s, loss=0.567]
  epoch 2/3:   3%|▎         | 3/88 [00:01<00:28,  2.97it/s, loss=0.556]
  epoch 2/3:   5%|▍         | 4/88 [00:01<00:26,  3.17it/s, loss=0.556]
  epoch 2/3:   5%|▍         | 4/88 [00:01<00:26,  3.17it/s, loss=0.545]
  epoch 2/3:   6%|▌         | 5/88 [00:01<00:25,  3.29it/s, loss=0.545]
  epoch 2/3:   6%|▌         | 5/88 [00:01<00:25,  3.29it/s, loss=0.528]
  epoch 2/3:   7%|▋         | 6/88 [00:01<00:24,  3.36it/s, loss=0.528]
  epoch 2/3:   7%|▋         | 6/88 [00:02<00:24,  3.36it/s, loss=0.532]
  epoch 2/3:   8%|▊         | 7/88 [00:02<00:23,  3.42it/s, loss=0.532]
  epoch 2/3:   8%|▊         | 7/88 [00:02<00:23,  3.42it/s, loss=0.543]
  epoch 2/3:   9%|▉         | 8/88 [00:02<00:23,  3.40it/s, loss=0.543]
  epoch 2/3:   9%|▉         | 8/88 [00:02<00:23,  3.40it/s, loss=0.547]
  epoch 2/3:  10%|█         | 9/88 [00:02<00:22,  3.45it/s, loss=0.547]
  epoch 2/3:  10%|█         | 9/88 [00:03<00:22,  3.45it/s, loss=0.542]
  epoch 2/3:  11%|█▏        | 10/88 [00:03<00:22,  3.50it/s, loss=0.542]
  epoch 2/3:  11%|█▏        | 10/88 [00:03<00:22,  3.50it/s, loss=0.528]
  epoch 2/3:  12%|█▎        | 11/88 [00:03<00:21,  3.51it/s, loss=0.528]
  epoch 2/3:  12%|█▎        | 11/88 [00:03<00:21,  3.51it/s, loss=0.513]
  epoch 2/3:  14%|█▎        | 12/88 [00:03<00:21,  3.51it/s, loss=0.513]
  epoch 2/3:  14%|█▎        | 12/88 [00:03<00:21,  3.51it/s, loss=0.526]
  epoch 2/3:  15%|█▍        | 13/88 [00:03<00:21,  3.52it/s, loss=0.526]
  epoch 2/3:  15%|█▍        | 13/88 [00:04<00:21,  3.52it/s, loss=0.519]
  epoch 2/3:  16%|█▌        | 14/88 [00:04<00:21,  3.52it/s, loss=0.519]
  epoch 2/3:  16%|█▌        | 14/88 [00:04<00:21,  3.52it/s, loss=0.517]
  epoch 2/3:  17%|█▋        | 15/88 [00:04<00:20,  3.52it/s, loss=0.517]
  epoch 2/3:  17%|█▋        | 15/88 [00:04<00:20,  3.52it/s, loss=0.512]
  epoch 2/3:  18%|█▊        | 16/88 [00:04<00:20,  3.52it/s, loss=0.512]
  epoch 2/3:  18%|█▊        | 16/88 [00:05<00:20,  3.52it/s, loss=0.502]
  epoch 2/3:  19%|█▉        | 17/88 [00:05<00:20,  3.53it/s, loss=0.502]
  epoch 2/3:  19%|█▉        | 17/88 [00:05<00:20,  3.53it/s, loss=0.504]
  epoch 2/3:  20%|██        | 18/88 [00:05<00:19,  3.52it/s, loss=0.504]
  epoch 2/3:  20%|██        | 18/88 [00:05<00:19,  3.52it/s, loss=0.500]
  epoch 2/3:  22%|██▏       | 19/88 [00:05<00:19,  3.52it/s, loss=0.500]
  epoch 2/3:  22%|██▏       | 19/88 [00:05<00:19,  3.52it/s, loss=0.498]
  epoch 2/3:  23%|██▎       | 20/88 [00:05<00:19,  3.53it/s, loss=0.498]
  epoch 2/3:  23%|██▎       | 20/88 [00:06<00:19,  3.53it/s, loss=0.492]
  epoch 2/3:  24%|██▍       | 21/88 [00:06<00:18,  3.53it/s, loss=0.492]
  epoch 2/3:  24%|██▍       | 21/88 [00:06<00:18,  3.53it/s, loss=0.486]
  epoch 2/3:  25%|██▌       | 22/88 [00:06<00:18,  3.54it/s, loss=0.486]
  epoch 2/3:  25%|██▌       | 22/88 [00:06<00:18,  3.54it/s, loss=0.483]
  epoch 2/3:  26%|██▌       | 23/88 [00:06<00:18,  3.55it/s, loss=0.483]
  epoch 2/3:  26%|██▌       | 23/88 [00:07<00:18,  3.55it/s, loss=0.485]
  epoch 2/3:  27%|██▋       | 24/88 [00:07<00:18,  3.51it/s, loss=0.485]
  epoch 2/3:  27%|██▋       | 24/88 [00:07<00:18,  3.51it/s, loss=0.484]
  epoch 2/3:  28%|██▊       | 25/88 [00:07<00:17,  3.53it/s, loss=0.484]
  epoch 2/3:  28%|██▊       | 25/88 [00:07<00:17,  3.53it/s, loss=0.481]
  epoch 2/3:  30%|██▉       | 26/88 [00:07<00:17,  3.55it/s, loss=0.481]
  epoch 2/3:  30%|██▉       | 26/88 [00:07<00:17,  3.55it/s, loss=0.478]
  epoch 2/3:  31%|███       | 27/88 [00:07<00:17,  3.57it/s, loss=0.478]
  epoch 2/3:  31%|███       | 27/88 [00:08<00:17,  3.57it/s, loss=0.474]
  epoch 2/3:  32%|███▏      | 28/88 [00:08<00:16,  3.58it/s, loss=0.474]
  epoch 2/3:  32%|███▏      | 28/88 [00:08<00:16,  3.58it/s, loss=0.468]
  epoch 2/3:  33%|███▎      | 29/88 [00:08<00:16,  3.57it/s, loss=0.468]
  epoch 2/3:  33%|███▎      | 29/88 [00:08<00:16,  3.57it/s, loss=0.465]
  epoch 2/3:  34%|███▍      | 30/88 [00:08<00:16,  3.56it/s, loss=0.465]
  epoch 2/3:  34%|███▍      | 30/88 [00:09<00:16,  3.56it/s, loss=0.462]
  epoch 2/3:  35%|███▌      | 31/88 [00:09<00:15,  3.58it/s, loss=0.462]
  epoch 2/3:  35%|███▌      | 31/88 [00:09<00:15,  3.58it/s, loss=0.461]
  epoch 2/3:  36%|███▋      | 32/88 [00:09<00:15,  3.61it/s, loss=0.461]
  epoch 2/3:  36%|███▋      | 32/88 [00:09<00:15,  3.61it/s, loss=0.457]
  epoch 2/3:  38%|███▊      | 33/88 [00:09<00:15,  3.59it/s, loss=0.457]
  epoch 2/3:  38%|███▊      | 33/88 [00:09<00:15,  3.59it/s, loss=0.449]
  epoch 2/3:  39%|███▊      | 34/88 [00:09<00:14,  3.60it/s, loss=0.449]
  epoch 2/3:  39%|███▊      | 34/88 [00:10<00:14,  3.60it/s, loss=0.445]
  epoch 2/3:  40%|███▉      | 35/88 [00:10<00:14,  3.62it/s, loss=0.445]
  epoch 2/3:  40%|███▉      | 35/88 [00:10<00:14,  3.62it/s, loss=0.446]
  epoch 2/3:  41%|████      | 36/88 [00:10<00:14,  3.60it/s, loss=0.446]
  epoch 2/3:  41%|████      | 36/88 [00:10<00:14,  3.60it/s, loss=0.444]
  epoch 2/3:  42%|████▏     | 37/88 [00:10<00:14,  3.58it/s, loss=0.444]
  epoch 2/3:  42%|████▏     | 37/88 [00:10<00:14,  3.58it/s, loss=0.444]
  epoch 2/3:  43%|████▎     | 38/88 [00:10<00:13,  3.59it/s, loss=0.444]
  epoch 2/3:  43%|████▎     | 38/88 [00:11<00:13,  3.59it/s, loss=0.444]
  epoch 2/3:  44%|████▍     | 39/88 [00:11<00:13,  3.59it/s, loss=0.444]
  epoch 2/3:  44%|████▍     | 39/88 [00:11<00:13,  3.59it/s, loss=0.440]
  epoch 2/3:  45%|████▌     | 40/88 [00:11<00:13,  3.55it/s, loss=0.440]
  epoch 2/3:  45%|████▌     | 40/88 [00:11<00:13,  3.55it/s, loss=0.438]
  epoch 2/3:  47%|████▋     | 41/88 [00:11<00:13,  3.59it/s, loss=0.438]
  epoch 2/3:  47%|████▋     | 41/88 [00:12<00:13,  3.59it/s, loss=0.434]
  epoch 2/3:  48%|████▊     | 42/88 [00:12<00:12,  3.57it/s, loss=0.434]
  epoch 2/3:  48%|████▊     | 42/88 [00:12<00:12,  3.57it/s, loss=0.430]
  epoch 2/3:  49%|████▉     | 43/88 [00:12<00:12,  3.56it/s, loss=0.430]
  epoch 2/3:  49%|████▉     | 43/88 [00:12<00:12,  3.56it/s, loss=0.431]
  epoch 2/3:  50%|█████     | 44/88 [00:12<00:12,  3.57it/s, loss=0.431]
  epoch 2/3:  50%|█████     | 44/88 [00:12<00:12,  3.57it/s, loss=0.430]
  epoch 2/3:  51%|█████     | 45/88 [00:12<00:12,  3.57it/s, loss=0.430]
  epoch 2/3:  51%|█████     | 45/88 [00:13<00:12,  3.57it/s, loss=0.430]
  epoch 2/3:  52%|█████▏    | 46/88 [00:13<00:11,  3.59it/s, loss=0.430]
  epoch 2/3:  52%|█████▏    | 46/88 [00:13<00:11,  3.59it/s, loss=0.428]
  epoch 2/3:  53%|█████▎    | 47/88 [00:13<00:11,  3.58it/s, loss=0.428]
  epoch 2/3:  53%|█████▎    | 47/88 [00:13<00:11,  3.58it/s, loss=0.425]
  epoch 2/3:  55%|█████▍    | 48/88 [00:13<00:11,  3.59it/s, loss=0.425]
  epoch 2/3:  55%|█████▍    | 48/88 [00:14<00:11,  3.59it/s, loss=0.425]
  epoch 2/3:  56%|█████▌    | 49/88 [00:14<00:10,  3.58it/s, loss=0.425]
  epoch 2/3:  56%|█████▌    | 49/88 [00:14<00:10,  3.58it/s, loss=0.422]
  epoch 2/3:  57%|█████▋    | 50/88 [00:14<00:10,  3.60it/s, loss=0.422]
  epoch 2/3:  57%|█████▋    | 50/88 [00:14<00:10,  3.60it/s, loss=0.420]
  epoch 2/3:  58%|█████▊    | 51/88 [00:14<00:10,  3.58it/s, loss=0.420]
  epoch 2/3:  58%|█████▊    | 51/88 [00:14<00:10,  3.58it/s, loss=0.418]
  epoch 2/3:  59%|█████▉    | 52/88 [00:14<00:10,  3.58it/s, loss=0.418]
  epoch 2/3:  59%|█████▉    | 52/88 [00:15<00:10,  3.58it/s, loss=0.414]
  epoch 2/3:  60%|██████    | 53/88 [00:15<00:09,  3.58it/s, loss=0.414]
  epoch 2/3:  60%|██████    | 53/88 [00:15<00:09,  3.58it/s, loss=0.411]
  epoch 2/3:  61%|██████▏   | 54/88 [00:15<00:09,  3.62it/s, loss=0.411]
  epoch 2/3:  61%|██████▏   | 54/88 [00:15<00:09,  3.62it/s, loss=0.410]
  epoch 2/3:  62%|██████▎   | 55/88 [00:15<00:09,  3.62it/s, loss=0.410]
  epoch 2/3:  62%|██████▎   | 55/88 [00:15<00:09,  3.62it/s, loss=0.407]
  epoch 2/3:  64%|██████▎   | 56/88 [00:15<00:08,  3.58it/s, loss=0.407]
  epoch 2/3:  64%|██████▎   | 56/88 [00:16<00:08,  3.58it/s, loss=0.408]
  epoch 2/3:  65%|██████▍   | 57/88 [00:16<00:08,  3.61it/s, loss=0.408]
  epoch 2/3:  65%|██████▍   | 57/88 [00:16<00:08,  3.61it/s, loss=0.406]
  epoch 2/3:  66%|██████▌   | 58/88 [00:16<00:08,  3.59it/s, loss=0.406]
  epoch 2/3:  66%|██████▌   | 58/88 [00:16<00:08,  3.59it/s, loss=0.404]
  epoch 2/3:  67%|██████▋   | 59/88 [00:16<00:08,  3.60it/s, loss=0.404]
  epoch 2/3:  67%|██████▋   | 59/88 [00:17<00:08,  3.60it/s, loss=0.402]
  epoch 2/3:  68%|██████▊   | 60/88 [00:17<00:07,  3.63it/s, loss=0.402]
  epoch 2/3:  68%|██████▊   | 60/88 [00:17<00:07,  3.63it/s, loss=0.400]
  epoch 2/3:  69%|██████▉   | 61/88 [00:17<00:07,  3.62it/s, loss=0.400]
  epoch 2/3:  69%|██████▉   | 61/88 [00:17<00:07,  3.62it/s, loss=0.398]
  epoch 2/3:  70%|███████   | 62/88 [00:17<00:07,  3.64it/s, loss=0.398]
  epoch 2/3:  70%|███████   | 62/88 [00:17<00:07,  3.64it/s, loss=0.395]
  epoch 2/3:  72%|███████▏  | 63/88 [00:17<00:06,  3.63it/s, loss=0.395]
  epoch 2/3:  72%|███████▏  | 63/88 [00:18<00:06,  3.63it/s, loss=0.394]
  epoch 2/3:  73%|███████▎  | 64/88 [00:18<00:06,  3.62it/s, loss=0.394]
  epoch 2/3:  73%|███████▎  | 64/88 [00:18<00:06,  3.62it/s, loss=0.393]
  epoch 2/3:  74%|███████▍  | 65/88 [00:18<00:06,  3.63it/s, loss=0.393]
  epoch 2/3:  74%|███████▍  | 65/88 [00:18<00:06,  3.63it/s, loss=0.392]
  epoch 2/3:  75%|███████▌  | 66/88 [00:18<00:06,  3.62it/s, loss=0.392]
  epoch 2/3:  75%|███████▌  | 66/88 [00:18<00:06,  3.62it/s, loss=0.390]
  epoch 2/3:  76%|███████▌  | 67/88 [00:19<00:05,  3.61it/s, loss=0.390]
  epoch 2/3:  76%|███████▌  | 67/88 [00:19<00:05,  3.61it/s, loss=0.387]
  epoch 2/3:  77%|███████▋  | 68/88 [00:19<00:05,  3.62it/s, loss=0.387]
  epoch 2/3:  77%|███████▋  | 68/88 [00:19<00:05,  3.62it/s, loss=0.385]
  epoch 2/3:  78%|███████▊  | 69/88 [00:19<00:05,  3.60it/s, loss=0.385]
  epoch 2/3:  78%|███████▊  | 69/88 [00:19<00:05,  3.60it/s, loss=0.382]
  epoch 2/3:  80%|███████▉  | 70/88 [00:19<00:04,  3.61it/s, loss=0.382]
  epoch 2/3:  80%|███████▉  | 70/88 [00:20<00:04,  3.61it/s, loss=0.380]
  epoch 2/3:  81%|████████  | 71/88 [00:20<00:04,  3.62it/s, loss=0.380]
  epoch 2/3:  81%|████████  | 71/88 [00:20<00:04,  3.62it/s, loss=0.379]
  epoch 2/3:  82%|████████▏ | 72/88 [00:20<00:04,  3.56it/s, loss=0.379]
  epoch 2/3:  82%|████████▏ | 72/88 [00:20<00:04,  3.56it/s, loss=0.378]
  epoch 2/3:  83%|████████▎ | 73/88 [00:20<00:04,  3.58it/s, loss=0.378]
  epoch 2/3:  83%|████████▎ | 73/88 [00:20<00:04,  3.58it/s, loss=0.376]
  epoch 2/3:  84%|████████▍ | 74/88 [00:20<00:03,  3.60it/s, loss=0.376]
  epoch 2/3:  84%|████████▍ | 74/88 [00:21<00:03,  3.60it/s, loss=0.375]
  epoch 2/3:  85%|████████▌ | 75/88 [00:21<00:03,  3.63it/s, loss=0.375]
  epoch 2/3:  85%|████████▌ | 75/88 [00:21<00:03,  3.63it/s, loss=0.374]
  epoch 2/3:  86%|████████▋ | 76/88 [00:21<00:03,  3.62it/s, loss=0.374]
  epoch 2/3:  86%|████████▋ | 76/88 [00:21<00:03,  3.62it/s, loss=0.372]
  epoch 2/3:  88%|████████▊ | 77/88 [00:21<00:03,  3.61it/s, loss=0.372]
  epoch 2/3:  88%|████████▊ | 77/88 [00:22<00:03,  3.61it/s, loss=0.369]
  epoch 2/3:  89%|████████▊ | 78/88 [00:22<00:02,  3.63it/s, loss=0.369]
  epoch 2/3:  89%|████████▊ | 78/88 [00:22<00:02,  3.63it/s, loss=0.367]
  epoch 2/3:  90%|████████▉ | 79/88 [00:22<00:02,  3.62it/s, loss=0.367]
  epoch 2/3:  90%|████████▉ | 79/88 [00:22<00:02,  3.62it/s, loss=0.364]
  epoch 2/3:  91%|█████████ | 80/88 [00:22<00:02,  3.64it/s, loss=0.364]
  epoch 2/3:  91%|█████████ | 80/88 [00:22<00:02,  3.64it/s, loss=0.363]
  epoch 2/3:  92%|█████████▏| 81/88 [00:22<00:01,  3.62it/s, loss=0.363]
  epoch 2/3:  92%|█████████▏| 81/88 [00:23<00:01,  3.62it/s, loss=0.360]
  epoch 2/3:  93%|█████████▎| 82/88 [00:23<00:01,  3.61it/s, loss=0.360]
  epoch 2/3:  93%|█████████▎| 82/88 [00:23<00:01,  3.61it/s, loss=0.359]
  epoch 2/3:  94%|█████████▍| 83/88 [00:23<00:01,  3.63it/s, loss=0.359]
  epoch 2/3:  94%|█████████▍| 83/88 [00:23<00:01,  3.63it/s, loss=0.357]
  epoch 2/3:  95%|█████████▌| 84/88 [00:23<00:01,  3.61it/s, loss=0.357]
  epoch 2/3:  95%|█████████▌| 84/88 [00:23<00:01,  3.61it/s, loss=0.355]
  epoch 2/3:  97%|█████████▋| 85/88 [00:23<00:00,  3.61it/s, loss=0.355]
  epoch 2/3:  97%|█████████▋| 85/88 [00:24<00:00,  3.61it/s, loss=0.354]
  epoch 2/3:  98%|█████████▊| 86/88 [00:24<00:00,  3.63it/s, loss=0.354]
  epoch 2/3:  98%|█████████▊| 86/88 [00:24<00:00,  3.63it/s, loss=0.352]
  epoch 2/3:  99%|█████████▉| 87/88 [00:24<00:00,  3.64it/s, loss=0.352]
  epoch 2/3:  99%|█████████▉| 87/88 [00:24<00:00,  3.64it/s, loss=0.352]
  epoch 2/3: 100%|██████████| 88/88 [00:24<00:00,  3.93it/s, loss=0.352]
                                                                        

  epoch 3/3:   0%|          | 0/88 [00:00<?, ?it/s]
  epoch 3/3:   0%|          | 0/88 [00:00<?, ?it/s, loss=0.221]
  epoch 3/3:   1%|          | 1/88 [00:00<00:46,  1.88it/s, loss=0.221]
  epoch 3/3:   1%|          | 1/88 [00:00<00:46,  1.88it/s, loss=0.249]
  epoch 3/3:   2%|▏         | 2/88 [00:00<00:32,  2.61it/s, loss=0.249]
  epoch 3/3:   2%|▏         | 2/88 [00:01<00:32,  2.61it/s, loss=0.255]
  epoch 3/3:   3%|▎         | 3/88 [00:01<00:28,  3.01it/s, loss=0.255]
  epoch 3/3:   3%|▎         | 3/88 [00:01<00:28,  3.01it/s, loss=0.239]
  epoch 3/3:   5%|▍         | 4/88 [00:01<00:26,  3.22it/s, loss=0.239]
  epoch 3/3:   5%|▍         | 4/88 [00:01<00:26,  3.22it/s, loss=0.231]
  epoch 3/3:   6%|▌         | 5/88 [00:01<00:24,  3.38it/s, loss=0.231]
  epoch 3/3:   6%|▌         | 5/88 [00:01<00:24,  3.38it/s, loss=0.239]
  epoch 3/3:   7%|▋         | 6/88 [00:01<00:23,  3.48it/s, loss=0.239]
  epoch 3/3:   7%|▋         | 6/88 [00:02<00:23,  3.48it/s, loss=0.237]
  epoch 3/3:   8%|▊         | 7/88 [00:02<00:22,  3.53it/s, loss=0.237]
  epoch 3/3:   8%|▊         | 7/88 [00:02<00:22,  3.53it/s, loss=0.235]
  epoch 3/3:   9%|▉         | 8/88 [00:02<00:22,  3.56it/s, loss=0.235]
  epoch 3/3:   9%|▉         | 8/88 [00:02<00:22,  3.56it/s, loss=0.227]
  epoch 3/3:  10%|█         | 9/88 [00:02<00:21,  3.60it/s, loss=0.227]
  epoch 3/3:  10%|█         | 9/88 [00:03<00:21,  3.60it/s, loss=0.224]
  epoch 3/3:  11%|█▏        | 10/88 [00:03<00:21,  3.59it/s, loss=0.224]
  epoch 3/3:  11%|█▏        | 10/88 [00:03<00:21,  3.59it/s, loss=0.225]
  epoch 3/3:  12%|█▎        | 11/88 [00:03<00:21,  3.60it/s, loss=0.225]
  epoch 3/3:  12%|█▎        | 11/88 [00:03<00:21,  3.60it/s, loss=0.230]
  epoch 3/3:  14%|█▎        | 12/88 [00:03<00:21,  3.61it/s, loss=0.230]
  epoch 3/3:  14%|█▎        | 12/88 [00:03<00:21,  3.61it/s, loss=0.225]
  epoch 3/3:  15%|█▍        | 13/88 [00:03<00:20,  3.62it/s, loss=0.225]
  epoch 3/3:  15%|█▍        | 13/88 [00:04<00:20,  3.62it/s, loss=0.225]
  epoch 3/3:  16%|█▌        | 14/88 [00:04<00:20,  3.64it/s, loss=0.225]
  epoch 3/3:  16%|█▌        | 14/88 [00:04<00:20,  3.64it/s, loss=0.221]
  epoch 3/3:  17%|█▋        | 15/88 [00:04<00:20,  3.62it/s, loss=0.221]
  epoch 3/3:  17%|█▋        | 15/88 [00:04<00:20,  3.62it/s, loss=0.218]
  epoch 3/3:  18%|█▊        | 16/88 [00:04<00:20,  3.57it/s, loss=0.218]
  epoch 3/3:  18%|█▊        | 16/88 [00:04<00:20,  3.57it/s, loss=0.221]
  epoch 3/3:  19%|█▉        | 17/88 [00:04<00:19,  3.58it/s, loss=0.221]
  epoch 3/3:  19%|█▉        | 17/88 [00:05<00:19,  3.58it/s, loss=0.218]
  epoch 3/3:  20%|██        | 18/88 [00:05<00:19,  3.62it/s, loss=0.218]
  epoch 3/3:  20%|██        | 18/88 [00:05<00:19,  3.62it/s, loss=0.215]
  epoch 3/3:  22%|██▏       | 19/88 [00:05<00:19,  3.62it/s, loss=0.215]
  epoch 3/3:  22%|██▏       | 19/88 [00:05<00:19,  3.62it/s, loss=0.213]
  epoch 3/3:  23%|██▎       | 20/88 [00:05<00:18,  3.61it/s, loss=0.213]
  epoch 3/3:  23%|██▎       | 20/88 [00:06<00:18,  3.61it/s, loss=0.208]
  epoch 3/3:  24%|██▍       | 21/88 [00:06<00:18,  3.63it/s, loss=0.208]
  epoch 3/3:  24%|██▍       | 21/88 [00:06<00:18,  3.63it/s, loss=0.204]
  epoch 3/3:  25%|██▌       | 22/88 [00:06<00:18,  3.62it/s, loss=0.204]
  epoch 3/3:  25%|██▌       | 22/88 [00:06<00:18,  3.62it/s, loss=0.202]
  epoch 3/3:  26%|██▌       | 23/88 [00:06<00:17,  3.62it/s, loss=0.202]
  epoch 3/3:  26%|██▌       | 23/88 [00:06<00:17,  3.62it/s, loss=0.203]
  epoch 3/3:  27%|██▋       | 24/88 [00:06<00:17,  3.62it/s, loss=0.203]
  epoch 3/3:  27%|██▋       | 24/88 [00:07<00:17,  3.62it/s, loss=0.200]
  epoch 3/3:  28%|██▊       | 25/88 [00:07<00:17,  3.62it/s, loss=0.200]
  epoch 3/3:  28%|██▊       | 25/88 [00:07<00:17,  3.62it/s, loss=0.203]
  epoch 3/3:  30%|██▉       | 26/88 [00:07<00:17,  3.64it/s, loss=0.203]
  epoch 3/3:  30%|██▉       | 26/88 [00:07<00:17,  3.64it/s, loss=0.201]
  epoch 3/3:  31%|███       | 27/88 [00:07<00:16,  3.64it/s, loss=0.201]
  epoch 3/3:  31%|███       | 27/88 [00:07<00:16,  3.64it/s, loss=0.199]
  epoch 3/3:  32%|███▏      | 28/88 [00:07<00:16,  3.64it/s, loss=0.199]
  epoch 3/3:  32%|███▏      | 28/88 [00:08<00:16,  3.64it/s, loss=0.196]
  epoch 3/3:  33%|███▎      | 29/88 [00:08<00:16,  3.63it/s, loss=0.196]
  epoch 3/3:  33%|███▎      | 29/88 [00:08<00:16,  3.63it/s, loss=0.194]
  epoch 3/3:  34%|███▍      | 30/88 [00:08<00:16,  3.62it/s, loss=0.194]
  epoch 3/3:  34%|███▍      | 30/88 [00:08<00:16,  3.62it/s, loss=0.190]
  epoch 3/3:  35%|███▌      | 31/88 [00:08<00:15,  3.62it/s, loss=0.190]
  epoch 3/3:  35%|███▌      | 31/88 [00:09<00:15,  3.62it/s, loss=0.193]
  epoch 3/3:  36%|███▋      | 32/88 [00:09<00:15,  3.58it/s, loss=0.193]
  epoch 3/3:  36%|███▋      | 32/88 [00:09<00:15,  3.58it/s, loss=0.193]
  epoch 3/3:  38%|███▊      | 33/88 [00:09<00:15,  3.59it/s, loss=0.193]
  epoch 3/3:  38%|███▊      | 33/88 [00:09<00:15,  3.59it/s, loss=0.191]
  epoch 3/3:  39%|███▊      | 34/88 [00:09<00:15,  3.60it/s, loss=0.191]
  epoch 3/3:  39%|███▊      | 34/88 [00:09<00:15,  3.60it/s, loss=0.190]
  epoch 3/3:  40%|███▉      | 35/88 [00:09<00:14,  3.62it/s, loss=0.190]
  epoch 3/3:  40%|███▉      | 35/88 [00:10<00:14,  3.62it/s, loss=0.188]
  epoch 3/3:  41%|████      | 36/88 [00:10<00:14,  3.62it/s, loss=0.188]
  epoch 3/3:  41%|████      | 36/88 [00:10<00:14,  3.62it/s, loss=0.186]
  epoch 3/3:  42%|████▏     | 37/88 [00:10<00:13,  3.65it/s, loss=0.186]
  epoch 3/3:  42%|████▏     | 37/88 [00:10<00:13,  3.65it/s, loss=0.187]
  epoch 3/3:  43%|████▎     | 38/88 [00:10<00:13,  3.64it/s, loss=0.187]
  epoch 3/3:  43%|████▎     | 38/88 [00:11<00:13,  3.64it/s, loss=0.184]
  epoch 3/3:  44%|████▍     | 39/88 [00:11<00:13,  3.66it/s, loss=0.184]
  epoch 3/3:  44%|████▍     | 39/88 [00:11<00:13,  3.66it/s, loss=0.183]
  epoch 3/3:  45%|████▌     | 40/88 [00:11<00:13,  3.65it/s, loss=0.183]
  epoch 3/3:  45%|████▌     | 40/88 [00:11<00:13,  3.65it/s, loss=0.183]
  epoch 3/3:  47%|████▋     | 41/88 [00:11<00:12,  3.67it/s, loss=0.183]
  epoch 3/3:  47%|████▋     | 41/88 [00:11<00:12,  3.67it/s, loss=0.182]
  epoch 3/3:  48%|████▊     | 42/88 [00:11<00:12,  3.65it/s, loss=0.182]
  epoch 3/3:  48%|████▊     | 42/88 [00:12<00:12,  3.65it/s, loss=0.180]
  epoch 3/3:  49%|████▉     | 43/88 [00:12<00:12,  3.65it/s, loss=0.180]
  epoch 3/3:  49%|████▉     | 43/88 [00:12<00:12,  3.65it/s, loss=0.179]
  epoch 3/3:  50%|█████     | 44/88 [00:12<00:12,  3.64it/s, loss=0.179]
  epoch 3/3:  50%|█████     | 44/88 [00:12<00:12,  3.64it/s, loss=0.179]
  epoch 3/3:  51%|█████     | 45/88 [00:12<00:11,  3.66it/s, loss=0.179]
  epoch 3/3:  51%|█████     | 45/88 [00:12<00:11,  3.66it/s, loss=0.178]
  epoch 3/3:  52%|█████▏    | 46/88 [00:12<00:11,  3.65it/s, loss=0.178]
  epoch 3/3:  52%|█████▏    | 46/88 [00:13<00:11,  3.65it/s, loss=0.180]
  epoch 3/3:  53%|█████▎    | 47/88 [00:13<00:11,  3.66it/s, loss=0.180]
  epoch 3/3:  53%|█████▎    | 47/88 [00:13<00:11,  3.66it/s, loss=0.178]
  epoch 3/3:  55%|█████▍    | 48/88 [00:13<00:11,  3.61it/s, loss=0.178]
  epoch 3/3:  55%|█████▍    | 48/88 [00:13<00:11,  3.61it/s, loss=0.178]
  epoch 3/3:  56%|█████▌    | 49/88 [00:13<00:10,  3.62it/s, loss=0.178]
  epoch 3/3:  56%|█████▌    | 49/88 [00:14<00:10,  3.62it/s, loss=0.178]
  epoch 3/3:  57%|█████▋    | 50/88 [00:14<00:10,  3.64it/s, loss=0.178]
  epoch 3/3:  57%|█████▋    | 50/88 [00:14<00:10,  3.64it/s, loss=0.176]
  epoch 3/3:  58%|█████▊    | 51/88 [00:14<00:10,  3.62it/s, loss=0.176]
  epoch 3/3:  58%|█████▊    | 51/88 [00:14<00:10,  3.62it/s, loss=0.176]
  epoch 3/3:  59%|█████▉    | 52/88 [00:14<00:09,  3.61it/s, loss=0.176]
  epoch 3/3:  59%|█████▉    | 52/88 [00:14<00:09,  3.61it/s, loss=0.175]
  epoch 3/3:  60%|██████    | 53/88 [00:14<00:09,  3.63it/s, loss=0.175]
  epoch 3/3:  60%|██████    | 53/88 [00:15<00:09,  3.63it/s, loss=0.175]
  epoch 3/3:  61%|██████▏   | 54/88 [00:15<00:09,  3.61it/s, loss=0.175]
  epoch 3/3:  61%|██████▏   | 54/88 [00:15<00:09,  3.61it/s, loss=0.176]
  epoch 3/3:  62%|██████▎   | 55/88 [00:15<00:09,  3.61it/s, loss=0.176]
  epoch 3/3:  62%|██████▎   | 55/88 [00:15<00:09,  3.61it/s, loss=0.174]
  epoch 3/3:  64%|██████▎   | 56/88 [00:15<00:08,  3.63it/s, loss=0.174]
  epoch 3/3:  64%|██████▎   | 56/88 [00:15<00:08,  3.63it/s, loss=0.174]
  epoch 3/3:  65%|██████▍   | 57/88 [00:15<00:08,  3.63it/s, loss=0.174]
  epoch 3/3:  65%|██████▍   | 57/88 [00:16<00:08,  3.63it/s, loss=0.175]
  epoch 3/3:  66%|██████▌   | 58/88 [00:16<00:08,  3.64it/s, loss=0.175]
  epoch 3/3:  66%|██████▌   | 58/88 [00:16<00:08,  3.64it/s, loss=0.174]
  epoch 3/3:  67%|██████▋   | 59/88 [00:16<00:07,  3.63it/s, loss=0.174]
  epoch 3/3:  67%|██████▋   | 59/88 [00:16<00:07,  3.63it/s, loss=0.173]
  epoch 3/3:  68%|██████▊   | 60/88 [00:16<00:07,  3.65it/s, loss=0.173]
  epoch 3/3:  68%|██████▊   | 60/88 [00:17<00:07,  3.65it/s, loss=0.174]
  epoch 3/3:  69%|██████▉   | 61/88 [00:17<00:07,  3.63it/s, loss=0.174]
  epoch 3/3:  69%|██████▉   | 61/88 [00:17<00:07,  3.63it/s, loss=0.174]
  epoch 3/3:  70%|███████   | 62/88 [00:17<00:07,  3.62it/s, loss=0.174]
  epoch 3/3:  70%|███████   | 62/88 [00:17<00:07,  3.62it/s, loss=0.174]
  epoch 3/3:  72%|███████▏  | 63/88 [00:17<00:06,  3.64it/s, loss=0.174]
  epoch 3/3:  72%|███████▏  | 63/88 [00:17<00:06,  3.64it/s, loss=0.173]
  epoch 3/3:  73%|███████▎  | 64/88 [00:17<00:06,  3.59it/s, loss=0.173]
  epoch 3/3:  73%|███████▎  | 64/88 [00:18<00:06,  3.59it/s, loss=0.173]
  epoch 3/3:  74%|███████▍  | 65/88 [00:18<00:06,  3.61it/s, loss=0.173]
  epoch 3/3:  74%|███████▍  | 65/88 [00:18<00:06,  3.61it/s, loss=0.173]
  epoch 3/3:  75%|███████▌  | 66/88 [00:18<00:06,  3.64it/s, loss=0.173]
  epoch 3/3:  75%|███████▌  | 66/88 [00:18<00:06,  3.64it/s, loss=0.172]
  epoch 3/3:  76%|███████▌  | 67/88 [00:18<00:05,  3.64it/s, loss=0.172]
  epoch 3/3:  76%|███████▌  | 67/88 [00:18<00:05,  3.64it/s, loss=0.174]
  epoch 3/3:  77%|███████▋  | 68/88 [00:18<00:05,  3.65it/s, loss=0.174]
  epoch 3/3:  77%|███████▋  | 68/88 [00:19<00:05,  3.65it/s, loss=0.173]
  epoch 3/3:  78%|███████▊  | 69/88 [00:19<00:05,  3.65it/s, loss=0.173]
  epoch 3/3:  78%|███████▊  | 69/88 [00:19<00:05,  3.65it/s, loss=0.173]
  epoch 3/3:  80%|███████▉  | 70/88 [00:19<00:04,  3.65it/s, loss=0.173]
  epoch 3/3:  80%|███████▉  | 70/88 [00:19<00:04,  3.65it/s, loss=0.172]
  epoch 3/3:  81%|████████  | 71/88 [00:19<00:04,  3.65it/s, loss=0.172]
  epoch 3/3:  81%|████████  | 71/88 [00:20<00:04,  3.65it/s, loss=0.172]
  epoch 3/3:  82%|████████▏ | 72/88 [00:20<00:04,  3.64it/s, loss=0.172]
  epoch 3/3:  82%|████████▏ | 72/88 [00:20<00:04,  3.64it/s, loss=0.171]
  epoch 3/3:  83%|████████▎ | 73/88 [00:20<00:04,  3.63it/s, loss=0.171]
  epoch 3/3:  83%|████████▎ | 73/88 [00:20<00:04,  3.63it/s, loss=0.170]
  epoch 3/3:  84%|████████▍ | 74/88 [00:20<00:03,  3.64it/s, loss=0.170]
  epoch 3/3:  84%|████████▍ | 74/88 [00:20<00:03,  3.64it/s, loss=0.170]
  epoch 3/3:  85%|████████▌ | 75/88 [00:20<00:03,  3.63it/s, loss=0.170]
  epoch 3/3:  85%|████████▌ | 75/88 [00:21<00:03,  3.63it/s, loss=0.170]
  epoch 3/3:  86%|████████▋ | 76/88 [00:21<00:03,  3.63it/s, loss=0.170]
  epoch 3/3:  86%|████████▋ | 76/88 [00:21<00:03,  3.63it/s, loss=0.169]
  epoch 3/3:  88%|████████▊ | 77/88 [00:21<00:03,  3.64it/s, loss=0.169]
  epoch 3/3:  88%|████████▊ | 77/88 [00:21<00:03,  3.64it/s, loss=0.169]
  epoch 3/3:  89%|████████▊ | 78/88 [00:21<00:02,  3.62it/s, loss=0.169]
  epoch 3/3:  89%|████████▊ | 78/88 [00:22<00:02,  3.62it/s, loss=0.168]
  epoch 3/3:  90%|████████▉ | 79/88 [00:22<00:02,  3.63it/s, loss=0.168]
  epoch 3/3:  90%|████████▉ | 79/88 [00:22<00:02,  3.63it/s, loss=0.168]
  epoch 3/3:  91%|█████████ | 80/88 [00:22<00:02,  3.59it/s, loss=0.168]
  epoch 3/3:  91%|█████████ | 80/88 [00:22<00:02,  3.59it/s, loss=0.169]
  epoch 3/3:  92%|█████████▏| 81/88 [00:22<00:01,  3.62it/s, loss=0.169]
  epoch 3/3:  92%|█████████▏| 81/88 [00:22<00:01,  3.62it/s, loss=0.169]
  epoch 3/3:  93%|█████████▎| 82/88 [00:22<00:01,  3.62it/s, loss=0.169]
  epoch 3/3:  93%|█████████▎| 82/88 [00:23<00:01,  3.62it/s, loss=0.169]
  epoch 3/3:  94%|█████████▍| 83/88 [00:23<00:01,  3.63it/s, loss=0.169]
  epoch 3/3:  94%|█████████▍| 83/88 [00:23<00:01,  3.63it/s, loss=0.168]
  epoch 3/3:  95%|█████████▌| 84/88 [00:23<00:01,  3.63it/s, loss=0.168]
  epoch 3/3:  95%|█████████▌| 84/88 [00:23<00:01,  3.63it/s, loss=0.168]
  epoch 3/3:  97%|█████████▋| 85/88 [00:23<00:00,  3.64it/s, loss=0.168]
  epoch 3/3:  97%|█████████▋| 85/88 [00:23<00:00,  3.64it/s, loss=0.169]
  epoch 3/3:  98%|█████████▊| 86/88 [00:23<00:00,  3.64it/s, loss=0.169]
  epoch 3/3:  98%|█████████▊| 86/88 [00:24<00:00,  3.64it/s, loss=0.168]
  epoch 3/3:  99%|█████████▉| 87/88 [00:24<00:00,  3.65it/s, loss=0.168]
  epoch 3/3:  99%|█████████▉| 87/88 [00:24<00:00,  3.65it/s, loss=0.168]
  epoch 3/3: 100%|██████████| 88/88 [00:24<00:00,  3.98it/s, loss=0.168]
                                                                        
[titans] reset=never | norm(state) sau task = 64.2340
[titans]   self-mod v:β=0.96 |W|=2.34
[titans]   eta_t(avg)=-6.9365  alpha_t/forget-gate(avg)=1.0000
[task 4] test acc so far: 0.877  0.811  0.717  0.506  0.394
[task 4] NCM-online acc so far: 0.809  0.669  0.831  0.791  0.803
[task 4] NCM-posthoc acc so far: 0.843  0.783  0.826  0.783  0.737
[checkpoint] đã lưu tiến độ sau task 4
[task 5] classes=[3, 33, 37, 38, 44] | train=2800

  epoch 1/3:   0%|          | 0/88 [00:00<?, ?it/s]
  epoch 1/3:   0%|          | 0/88 [00:00<?, ?it/s, loss=1.666]
  epoch 1/3:   1%|          | 1/88 [00:00<00:50,  1.73it/s, loss=1.666]
  epoch 1/3:   1%|          | 1/88 [00:00<00:50,  1.73it/s, loss=1.750]
  epoch 1/3:   2%|▏         | 2/88 [00:00<00:34,  2.52it/s, loss=1.750]
  epoch 1/3:   2%|▏         | 2/88 [00:01<00:34,  2.52it/s, loss=1.727]
  epoch 1/3:   3%|▎         | 3/88 [00:01<00:28,  2.94it/s, loss=1.727]
  epoch 1/3:   3%|▎         | 3/88 [00:01<00:28,  2.94it/s, loss=1.709]
  epoch 1/3:   5%|▍         | 4/88 [00:01<00:26,  3.19it/s, loss=1.709]
  epoch 1/3:   5%|▍         | 4/88 [00:01<00:26,  3.19it/s, loss=1.682]
  epoch 1/3:   6%|▌         | 5/88 [00:01<00:24,  3.35it/s, loss=1.682]
  epoch 1/3:   6%|▌         | 5/88 [00:01<00:24,  3.35it/s, loss=1.674]
  epoch 1/3:   7%|▋         | 6/88 [00:01<00:23,  3.44it/s, loss=1.674]
  epoch 1/3:   7%|▋         | 6/88 [00:02<00:23,  3.44it/s, loss=1.676]
  epoch 1/3:   8%|▊         | 7/88 [00:02<00:23,  3.50it/s, loss=1.676]
  epoch 1/3:   8%|▊         | 7/88 [00:02<00:23,  3.50it/s, loss=1.668]
  epoch 1/3:   9%|▉         | 8/88 [00:02<00:22,  3.51it/s, loss=1.668]
  epoch 1/3:   9%|▉         | 8/88 [00:02<00:22,  3.51it/s, loss=1.649]
  epoch 1/3:  10%|█         | 9/88 [00:02<00:22,  3.56it/s, loss=1.649]
  epoch 1/3:  10%|█         | 9/88 [00:03<00:22,  3.56it/s, loss=1.629]
  epoch 1/3:  11%|█▏        | 10/88 [00:03<00:21,  3.58it/s, loss=1.629]
  epoch 1/3:  11%|█▏        | 10/88 [00:03<00:21,  3.58it/s, loss=1.623]
  epoch 1/3:  12%|█▎        | 11/88 [00:03<00:21,  3.61it/s, loss=1.623]
  epoch 1/3:  12%|█▎        | 11/88 [00:03<00:21,  3.61it/s, loss=1.616]
  epoch 1/3:  14%|█▎        | 12/88 [00:03<00:20,  3.63it/s, loss=1.616]
  epoch 1/3:  14%|█▎        | 12/88 [00:03<00:20,  3.63it/s, loss=1.600]
  epoch 1/3:  15%|█▍        | 13/88 [00:03<00:20,  3.64it/s, loss=1.600]
  epoch 1/3:  15%|█▍        | 13/88 [00:04<00:20,  3.64it/s, loss=1.581]
  epoch 1/3:  16%|█▌        | 14/88 [00:04<00:20,  3.64it/s, loss=1.581]
  epoch 1/3:  16%|█▌        | 14/88 [00:04<00:20,  3.64it/s, loss=1.571]
  epoch 1/3:  17%|█▋        | 15/88 [00:04<00:20,  3.63it/s, loss=1.571]
  epoch 1/3:  17%|█▋        | 15/88 [00:04<00:20,  3.63it/s, loss=1.559]
  epoch 1/3:  18%|█▊        | 16/88 [00:04<00:19,  3.66it/s, loss=1.559]
  epoch 1/3:  18%|█▊        | 16/88 [00:04<00:19,  3.66it/s, loss=1.550]
  epoch 1/3:  19%|█▉        | 17/88 [00:04<00:19,  3.65it/s, loss=1.550]
  epoch 1/3:  19%|█▉        | 17/88 [00:05<00:19,  3.65it/s, loss=1.542]
  epoch 1/3:  20%|██        | 18/88 [00:05<00:19,  3.65it/s, loss=1.542]
  epoch 1/3:  20%|██        | 18/88 [00:05<00:19,  3.65it/s, loss=1.538]
  epoch 1/3:  22%|██▏       | 19/88 [00:05<00:18,  3.64it/s, loss=1.538]
  epoch 1/3:  22%|██▏       | 19/88 [00:05<00:18,  3.64it/s, loss=1.528]
  epoch 1/3:  23%|██▎       | 20/88 [00:05<00:18,  3.66it/s, loss=1.528]
  epoch 1/3:  23%|██▎       | 20/88 [00:06<00:18,  3.66it/s, loss=1.525]
  epoch 1/3:  24%|██▍       | 21/88 [00:06<00:18,  3.65it/s, loss=1.525]
  epoch 1/3:  24%|██▍       | 21/88 [00:06<00:18,  3.65it/s, loss=1.520]
  epoch 1/3:  25%|██▌       | 22/88 [00:06<00:18,  3.66it/s, loss=1.520]
  epoch 1/3:  25%|██▌       | 22/88 [00:06<00:18,  3.66it/s, loss=1.513]
  epoch 1/3:  26%|██▌       | 23/88 [00:06<00:17,  3.64it/s, loss=1.513]
  epoch 1/3:  26%|██▌       | 23/88 [00:06<00:17,  3.64it/s, loss=1.503]
  epoch 1/3:  27%|██▋       | 24/88 [00:06<00:17,  3.61it/s, loss=1.503]
  epoch 1/3:  27%|██▋       | 24/88 [00:07<00:17,  3.61it/s, loss=1.494]
  epoch 1/3:  28%|██▊       | 25/88 [00:07<00:17,  3.63it/s, loss=1.494]
  epoch 1/3:  28%|██▊       | 25/88 [00:07<00:17,  3.63it/s, loss=1.486]
  epoch 1/3:  30%|██▉       | 26/88 [00:07<00:17,  3.63it/s, loss=1.486]
  epoch 1/3:  30%|██▉       | 26/88 [00:07<00:17,  3.63it/s, loss=1.477]
  epoch 1/3:  31%|███       | 27/88 [00:07<00:16,  3.65it/s, loss=1.477]
  epoch 1/3:  31%|███       | 27/88 [00:07<00:16,  3.65it/s, loss=1.470]
  epoch 1/3:  32%|███▏      | 28/88 [00:07<00:16,  3.64it/s, loss=1.470]
  epoch 1/3:  32%|███▏      | 28/88 [00:08<00:16,  3.64it/s, loss=1.465]
  epoch 1/3:  33%|███▎      | 29/88 [00:08<00:16,  3.65it/s, loss=1.465]
  epoch 1/3:  33%|███▎      | 29/88 [00:08<00:16,  3.65it/s, loss=1.457]
  epoch 1/3:  34%|███▍      | 30/88 [00:08<00:15,  3.64it/s, loss=1.457]
  epoch 1/3:  34%|███▍      | 30/88 [00:08<00:15,  3.64it/s, loss=1.450]
  epoch 1/3:  35%|███▌      | 31/88 [00:08<00:15,  3.61it/s, loss=1.450]
  epoch 1/3:  35%|███▌      | 31/88 [00:09<00:15,  3.61it/s, loss=1.437]
  epoch 1/3:  36%|███▋      | 32/88 [00:09<00:15,  3.63it/s, loss=1.437]
  epoch 1/3:  36%|███▋      | 32/88 [00:09<00:15,  3.63it/s, loss=1.431]
  epoch 1/3:  38%|███▊      | 33/88 [00:09<00:15,  3.63it/s, loss=1.431]
  epoch 1/3:  38%|███▊      | 33/88 [00:09<00:15,  3.63it/s, loss=1.426]
  epoch 1/3:  39%|███▊      | 34/88 [00:09<00:14,  3.65it/s, loss=1.426]
  epoch 1/3:  39%|███▊      | 34/88 [00:09<00:14,  3.65it/s, loss=1.418]
  epoch 1/3:  40%|███▉      | 35/88 [00:09<00:14,  3.62it/s, loss=1.418]
  epoch 1/3:  40%|███▉      | 35/88 [00:10<00:14,  3.62it/s, loss=1.410]
  epoch 1/3:  41%|████      | 36/88 [00:10<00:14,  3.61it/s, loss=1.410]
  epoch 1/3:  41%|████      | 36/88 [00:10<00:14,  3.61it/s, loss=1.401]
  epoch 1/3:  42%|████▏     | 37/88 [00:10<00:14,  3.63it/s, loss=1.401]
  epoch 1/3:  42%|████▏     | 37/88 [00:10<00:14,  3.63it/s, loss=1.391]
  epoch 1/3:  43%|████▎     | 38/88 [00:10<00:13,  3.62it/s, loss=1.391]
  epoch 1/3:  43%|████▎     | 38/88 [00:11<00:13,  3.62it/s, loss=1.383]
  epoch 1/3:  44%|████▍     | 39/88 [00:11<00:13,  3.59it/s, loss=1.383]
  epoch 1/3:  44%|████▍     | 39/88 [00:11<00:13,  3.59it/s, loss=1.377]
  epoch 1/3:  45%|████▌     | 40/88 [00:11<00:13,  3.56it/s, loss=1.377]
  epoch 1/3:  45%|████▌     | 40/88 [00:11<00:13,  3.56it/s, loss=1.369]
  epoch 1/3:  47%|████▋     | 41/88 [00:11<00:13,  3.57it/s, loss=1.369]
  epoch 1/3:  47%|████▋     | 41/88 [00:11<00:13,  3.57it/s, loss=1.361]
  epoch 1/3:  48%|████▊     | 42/88 [00:11<00:12,  3.60it/s, loss=1.361]
  epoch 1/3:  48%|████▊     | 42/88 [00:12<00:12,  3.60it/s, loss=1.355]
  epoch 1/3:  49%|████▉     | 43/88 [00:12<00:12,  3.58it/s, loss=1.355]
  epoch 1/3:  49%|████▉     | 43/88 [00:12<00:12,  3.58it/s, loss=1.349]
  epoch 1/3:  50%|█████     | 44/88 [00:12<00:12,  3.59it/s, loss=1.349]
  epoch 1/3:  50%|█████     | 44/88 [00:12<00:12,  3.59it/s, loss=1.343]
  epoch 1/3:  51%|█████     | 45/88 [00:12<00:11,  3.61it/s, loss=1.343]
  epoch 1/3:  51%|█████     | 45/88 [00:12<00:11,  3.61it/s, loss=1.334]
  epoch 1/3:  52%|█████▏    | 46/88 [00:12<00:11,  3.60it/s, loss=1.334]
  epoch 1/3:  52%|█████▏    | 46/88 [00:13<00:11,  3.60it/s, loss=1.325]
  epoch 1/3:  53%|█████▎    | 47/88 [00:13<00:11,  3.60it/s, loss=1.325]
  epoch 1/3:  53%|█████▎    | 47/88 [00:13<00:11,  3.60it/s, loss=1.320]
  epoch 1/3:  55%|█████▍    | 48/88 [00:13<00:11,  3.62it/s, loss=1.320]
  epoch 1/3:  55%|█████▍    | 48/88 [00:13<00:11,  3.62it/s, loss=1.313]
  epoch 1/3:  56%|█████▌    | 49/88 [00:13<00:10,  3.61it/s, loss=1.313]
  epoch 1/3:  56%|█████▌    | 49/88 [00:14<00:10,  3.61it/s, loss=1.306]
  epoch 1/3:  57%|█████▋    | 50/88 [00:14<00:10,  3.60it/s, loss=1.306]
  epoch 1/3:  57%|█████▋    | 50/88 [00:14<00:10,  3.60it/s, loss=1.299]
  epoch 1/3:  58%|█████▊    | 51/88 [00:14<00:10,  3.61it/s, loss=1.299]
  epoch 1/3:  58%|█████▊    | 51/88 [00:14<00:10,  3.61it/s, loss=1.293]
  epoch 1/3:  59%|█████▉    | 52/88 [00:14<00:10,  3.59it/s, loss=1.293]
  epoch 1/3:  59%|█████▉    | 52/88 [00:14<00:10,  3.59it/s, loss=1.283]
  epoch 1/3:  60%|██████    | 53/88 [00:14<00:09,  3.59it/s, loss=1.283]
  epoch 1/3:  60%|██████    | 53/88 [00:15<00:09,  3.59it/s, loss=1.279]
  epoch 1/3:  61%|██████▏   | 54/88 [00:15<00:09,  3.59it/s, loss=1.279]
  epoch 1/3:  61%|██████▏   | 54/88 [00:15<00:09,  3.59it/s, loss=1.273]
  epoch 1/3:  62%|██████▎   | 55/88 [00:15<00:09,  3.60it/s, loss=1.273]
  epoch 1/3:  62%|██████▎   | 55/88 [00:15<00:09,  3.60it/s, loss=1.267]
  epoch 1/3:  64%|██████▎   | 56/88 [00:15<00:09,  3.54it/s, loss=1.267]
  epoch 1/3:  64%|██████▎   | 56/88 [00:16<00:09,  3.54it/s, loss=1.259]
  epoch 1/3:  65%|██████▍   | 57/88 [00:16<00:08,  3.56it/s, loss=1.259]
  epoch 1/3:  65%|██████▍   | 57/88 [00:16<00:08,  3.56it/s, loss=1.252]
  epoch 1/3:  66%|██████▌   | 58/88 [00:16<00:08,  3.56it/s, loss=1.252]
  epoch 1/3:  66%|██████▌   | 58/88 [00:16<00:08,  3.56it/s, loss=1.247]
  epoch 1/3:  67%|██████▋   | 59/88 [00:16<00:08,  3.57it/s, loss=1.247]
  epoch 1/3:  67%|██████▋   | 59/88 [00:16<00:08,  3.57it/s, loss=1.240]
  epoch 1/3:  68%|██████▊   | 60/88 [00:16<00:07,  3.61it/s, loss=1.240]
  epoch 1/3:  68%|██████▊   | 60/88 [00:17<00:07,  3.61it/s, loss=1.233]
  epoch 1/3:  69%|██████▉   | 61/88 [00:17<00:07,  3.58it/s, loss=1.233]
  epoch 1/3:  69%|██████▉   | 61/88 [00:17<00:07,  3.58it/s, loss=1.225]
  epoch 1/3:  70%|███████   | 62/88 [00:17<00:07,  3.58it/s, loss=1.225]
  epoch 1/3:  70%|███████   | 62/88 [00:17<00:07,  3.58it/s, loss=1.220]
  epoch 1/3:  72%|███████▏  | 63/88 [00:17<00:06,  3.57it/s, loss=1.220]
  epoch 1/3:  72%|███████▏  | 63/88 [00:17<00:06,  3.57it/s, loss=1.214]
  epoch 1/3:  73%|███████▎  | 64/88 [00:17<00:06,  3.60it/s, loss=1.214]
  epoch 1/3:  73%|███████▎  | 64/88 [00:18<00:06,  3.60it/s, loss=1.207]
  epoch 1/3:  74%|███████▍  | 65/88 [00:18<00:06,  3.60it/s, loss=1.207]
  epoch 1/3:  74%|███████▍  | 65/88 [00:18<00:06,  3.60it/s, loss=1.202]
  epoch 1/3:  75%|███████▌  | 66/88 [00:18<00:06,  3.59it/s, loss=1.202]
  epoch 1/3:  75%|███████▌  | 66/88 [00:18<00:06,  3.59it/s, loss=1.195]
  epoch 1/3:  76%|███████▌  | 67/88 [00:18<00:05,  3.60it/s, loss=1.195]
  epoch 1/3:  76%|███████▌  | 67/88 [00:19<00:05,  3.60it/s, loss=1.188]
  epoch 1/3:  77%|███████▋  | 68/88 [00:19<00:05,  3.59it/s, loss=1.188]
  epoch 1/3:  77%|███████▋  | 68/88 [00:19<00:05,  3.59it/s, loss=1.183]
  epoch 1/3:  78%|███████▊  | 69/88 [00:19<00:05,  3.60it/s, loss=1.183]
  epoch 1/3:  78%|███████▊  | 69/88 [00:19<00:05,  3.60it/s, loss=1.177]
  epoch 1/3:  80%|███████▉  | 70/88 [00:19<00:04,  3.61it/s, loss=1.177]
  epoch 1/3:  80%|███████▉  | 70/88 [00:19<00:04,  3.61it/s, loss=1.170]
  epoch 1/3:  81%|████████  | 71/88 [00:19<00:04,  3.59it/s, loss=1.170]
  epoch 1/3:  81%|████████  | 71/88 [00:20<00:04,  3.59it/s, loss=1.163]
  epoch 1/3:  82%|████████▏ | 72/88 [00:20<00:04,  3.53it/s, loss=1.163]
  epoch 1/3:  82%|████████▏ | 72/88 [00:20<00:04,  3.53it/s, loss=1.157]
  epoch 1/3:  83%|████████▎ | 73/88 [00:20<00:04,  3.56it/s, loss=1.157]
  epoch 1/3:  83%|████████▎ | 73/88 [00:20<00:04,  3.56it/s, loss=1.151]
  epoch 1/3:  84%|████████▍ | 74/88 [00:20<00:03,  3.56it/s, loss=1.151]
  epoch 1/3:  84%|████████▍ | 74/88 [00:21<00:03,  3.56it/s, loss=1.145]
  epoch 1/3:  85%|████████▌ | 75/88 [00:21<00:03,  3.55it/s, loss=1.145]
  epoch 1/3:  85%|████████▌ | 75/88 [00:21<00:03,  3.55it/s, loss=1.138]
  epoch 1/3:  86%|████████▋ | 76/88 [00:21<00:03,  3.56it/s, loss=1.138]
  epoch 1/3:  86%|████████▋ | 76/88 [00:21<00:03,  3.56it/s, loss=1.135]
  epoch 1/3:  88%|████████▊ | 77/88 [00:21<00:03,  3.55it/s, loss=1.135]
  epoch 1/3:  88%|████████▊ | 77/88 [00:21<00:03,  3.55it/s, loss=1.129]
  epoch 1/3:  89%|████████▊ | 78/88 [00:21<00:02,  3.56it/s, loss=1.129]
  epoch 1/3:  89%|████████▊ | 78/88 [00:22<00:02,  3.56it/s, loss=1.125]
  epoch 1/3:  90%|████████▉ | 79/88 [00:22<00:02,  3.58it/s, loss=1.125]
  epoch 1/3:  90%|████████▉ | 79/88 [00:22<00:02,  3.58it/s, loss=1.120]
  epoch 1/3:  91%|█████████ | 80/88 [00:22<00:02,  3.56it/s, loss=1.120]
  epoch 1/3:  91%|█████████ | 80/88 [00:22<00:02,  3.56it/s, loss=1.115]
  epoch 1/3:  92%|█████████▏| 81/88 [00:22<00:01,  3.56it/s, loss=1.115]
  epoch 1/3:  92%|█████████▏| 81/88 [00:23<00:01,  3.56it/s, loss=1.108]
  epoch 1/3:  93%|█████████▎| 82/88 [00:23<00:01,  3.57it/s, loss=1.108]
  epoch 1/3:  93%|█████████▎| 82/88 [00:23<00:01,  3.57it/s, loss=1.102]
  epoch 1/3:  94%|█████████▍| 83/88 [00:23<00:01,  3.57it/s, loss=1.102]
  epoch 1/3:  94%|█████████▍| 83/88 [00:23<00:01,  3.57it/s, loss=1.097]
  epoch 1/3:  95%|█████████▌| 84/88 [00:23<00:01,  3.59it/s, loss=1.097]
  epoch 1/3:  95%|█████████▌| 84/88 [00:23<00:01,  3.59it/s, loss=1.092]
  epoch 1/3:  97%|█████████▋| 85/88 [00:23<00:00,  3.58it/s, loss=1.092]
  epoch 1/3:  97%|█████████▋| 85/88 [00:24<00:00,  3.58it/s, loss=1.086]
  epoch 1/3:  98%|█████████▊| 86/88 [00:24<00:00,  3.59it/s, loss=1.086]
  epoch 1/3:  98%|█████████▊| 86/88 [00:24<00:00,  3.59it/s, loss=1.081]
  epoch 1/3:  99%|█████████▉| 87/88 [00:24<00:00,  3.59it/s, loss=1.081]
  epoch 1/3:  99%|█████████▉| 87/88 [00:24<00:00,  3.59it/s, loss=1.078]
  epoch 1/3: 100%|██████████| 88/88 [00:24<00:00,  3.86it/s, loss=1.078]
                                                                        

  epoch 2/3:   0%|          | 0/88 [00:00<?, ?it/s]
  epoch 2/3:   0%|          | 0/88 [00:00<?, ?it/s, loss=0.544]
  epoch 2/3:   1%|          | 1/88 [00:00<00:47,  1.82it/s, loss=0.544]
  epoch 2/3:   1%|          | 1/88 [00:00<00:47,  1.82it/s, loss=0.576]
  epoch 2/3:   2%|▏         | 2/88 [00:00<00:33,  2.58it/s, loss=0.576]
  epoch 2/3:   2%|▏         | 2/88 [00:01<00:33,  2.58it/s, loss=0.587]
  epoch 2/3:   3%|▎         | 3/88 [00:01<00:28,  2.95it/s, loss=0.587]
  epoch 2/3:   3%|▎         | 3/88 [00:01<00:28,  2.95it/s, loss=0.576]
  epoch 2/3:   5%|▍         | 4/88 [00:01<00:26,  3.18it/s, loss=0.576]
  epoch 2/3:   5%|▍         | 4/88 [00:01<00:26,  3.18it/s, loss=0.590]
  epoch 2/3:   6%|▌         | 5/88 [00:01<00:24,  3.33it/s, loss=0.590]
  epoch 2/3:   6%|▌         | 5/88 [00:01<00:24,  3.33it/s, loss=0.598]
  epoch 2/3:   7%|▋         | 6/88 [00:01<00:24,  3.40it/s, loss=0.598]
  epoch 2/3:   7%|▋         | 6/88 [00:02<00:24,  3.40it/s, loss=0.592]
  epoch 2/3:   8%|▊         | 7/88 [00:02<00:23,  3.44it/s, loss=0.592]
  epoch 2/3:   8%|▊         | 7/88 [00:02<00:23,  3.44it/s, loss=0.591]
  epoch 2/3:   9%|▉         | 8/88 [00:02<00:22,  3.48it/s, loss=0.591]
  epoch 2/3:   9%|▉         | 8/88 [00:02<00:22,  3.48it/s, loss=0.582]
  epoch 2/3:  10%|█         | 9/88 [00:02<00:22,  3.51it/s, loss=0.582]
  epoch 2/3:  10%|█         | 9/88 [00:03<00:22,  3.51it/s, loss=0.594]
  epoch 2/3:  11%|█▏        | 10/88 [00:03<00:22,  3.54it/s, loss=0.594]
  epoch 2/3:  11%|█▏        | 10/88 [00:03<00:22,  3.54it/s, loss=0.588]
  epoch 2/3:  12%|█▎        | 11/88 [00:03<00:21,  3.56it/s, loss=0.588]
  epoch 2/3:  12%|█▎        | 11/88 [00:03<00:21,  3.56it/s, loss=0.581]
  epoch 2/3:  14%|█▎        | 12/88 [00:03<00:21,  3.55it/s, loss=0.581]
  epoch 2/3:  14%|█▎        | 12/88 [00:03<00:21,  3.55it/s, loss=0.576]
  epoch 2/3:  15%|█▍        | 13/88 [00:03<00:21,  3.57it/s, loss=0.576]
  epoch 2/3:  15%|█▍        | 13/88 [00:04<00:21,  3.57it/s, loss=0.572]
  epoch 2/3:  16%|█▌        | 14/88 [00:04<00:20,  3.59it/s, loss=0.572]
  epoch 2/3:  16%|█▌        | 14/88 [00:04<00:20,  3.59it/s, loss=0.565]
  epoch 2/3:  17%|█▋        | 15/88 [00:04<00:20,  3.58it/s, loss=0.565]
  epoch 2/3:  17%|█▋        | 15/88 [00:04<00:20,  3.58it/s, loss=0.569]
  epoch 2/3:  18%|█▊        | 16/88 [00:04<00:20,  3.54it/s, loss=0.569]
  epoch 2/3:  18%|█▊        | 16/88 [00:05<00:20,  3.54it/s, loss=0.561]
  epoch 2/3:  19%|█▉        | 17/88 [00:05<00:19,  3.55it/s, loss=0.561]
  epoch 2/3:  19%|█▉        | 17/88 [00:05<00:19,  3.55it/s, loss=0.558]
  epoch 2/3:  20%|██        | 18/88 [00:05<00:19,  3.55it/s, loss=0.558]
  epoch 2/3:  20%|██        | 18/88 [00:05<00:19,  3.55it/s, loss=0.557]
  epoch 2/3:  22%|██▏       | 19/88 [00:05<00:19,  3.56it/s, loss=0.557]
  epoch 2/3:  22%|██▏       | 19/88 [00:05<00:19,  3.56it/s, loss=0.548]
  epoch 2/3:  23%|██▎       | 20/88 [00:05<00:19,  3.55it/s, loss=0.548]
  epoch 2/3:  23%|██▎       | 20/88 [00:06<00:19,  3.55it/s, loss=0.544]
  epoch 2/3:  24%|██▍       | 21/88 [00:06<00:18,  3.55it/s, loss=0.544]
  epoch 2/3:  24%|██▍       | 21/88 [00:06<00:18,  3.55it/s, loss=0.541]
  epoch 2/3:  25%|██▌       | 22/88 [00:06<00:18,  3.58it/s, loss=0.541]
  epoch 2/3:  25%|██▌       | 22/88 [00:06<00:18,  3.58it/s, loss=0.537]
  epoch 2/3:  26%|██▌       | 23/88 [00:06<00:18,  3.56it/s, loss=0.537]
  epoch 2/3:  26%|██▌       | 23/88 [00:06<00:18,  3.56it/s, loss=0.530]
  epoch 2/3:  27%|██▋       | 24/88 [00:06<00:18,  3.55it/s, loss=0.530]
  epoch 2/3:  27%|██▋       | 24/88 [00:07<00:18,  3.55it/s, loss=0.527]
  epoch 2/3:  28%|██▊       | 25/88 [00:07<00:17,  3.55it/s, loss=0.527]
  epoch 2/3:  28%|██▊       | 25/88 [00:07<00:17,  3.55it/s, loss=0.522]
  epoch 2/3:  30%|██▉       | 26/88 [00:07<00:17,  3.55it/s, loss=0.522]
  epoch 2/3:  30%|██▉       | 26/88 [00:07<00:17,  3.55it/s, loss=0.523]
  epoch 2/3:  31%|███       | 27/88 [00:07<00:17,  3.56it/s, loss=0.523]
  epoch 2/3:  31%|███       | 27/88 [00:08<00:17,  3.56it/s, loss=0.522]
  epoch 2/3:  32%|███▏      | 28/88 [00:08<00:16,  3.56it/s, loss=0.522]
  epoch 2/3:  32%|███▏      | 28/88 [00:08<00:16,  3.56it/s, loss=0.521]
  epoch 2/3:  33%|███▎      | 29/88 [00:08<00:16,  3.59it/s, loss=0.521]
  epoch 2/3:  33%|███▎      | 29/88 [00:08<00:16,  3.59it/s, loss=0.520]
  epoch 2/3:  34%|███▍      | 30/88 [00:08<00:16,  3.58it/s, loss=0.520]
  epoch 2/3:  34%|███▍      | 30/88 [00:08<00:16,  3.58it/s, loss=0.517]
  epoch 2/3:  35%|███▌      | 31/88 [00:08<00:15,  3.58it/s, loss=0.517]
  epoch 2/3:  35%|███▌      | 31/88 [00:09<00:15,  3.58it/s, loss=0.513]
  epoch 2/3:  36%|███▋      | 32/88 [00:09<00:15,  3.53it/s, loss=0.513]
  epoch 2/3:  36%|███▋      | 32/88 [00:09<00:15,  3.53it/s, loss=0.511]
  epoch 2/3:  38%|███▊      | 33/88 [00:09<00:15,  3.55it/s, loss=0.511]
  epoch 2/3:  38%|███▊      | 33/88 [00:09<00:15,  3.55it/s, loss=0.505]
  epoch 2/3:  39%|███▊      | 34/88 [00:09<00:15,  3.56it/s, loss=0.505]
  epoch 2/3:  39%|███▊      | 34/88 [00:10<00:15,  3.56it/s, loss=0.501]
  epoch 2/3:  40%|███▉      | 35/88 [00:10<00:14,  3.60it/s, loss=0.501]
  epoch 2/3:  40%|███▉      | 35/88 [00:10<00:14,  3.60it/s, loss=0.500]
  epoch 2/3:  41%|████      | 36/88 [00:10<00:14,  3.59it/s, loss=0.500]
  epoch 2/3:  41%|████      | 36/88 [00:10<00:14,  3.59it/s, loss=0.496]
  epoch 2/3:  42%|████▏     | 37/88 [00:10<00:14,  3.59it/s, loss=0.496]
  epoch 2/3:  42%|████▏     | 37/88 [00:10<00:14,  3.59it/s, loss=0.493]
  epoch 2/3:  43%|████▎     | 38/88 [00:10<00:13,  3.61it/s, loss=0.493]
  epoch 2/3:  43%|████▎     | 38/88 [00:11<00:13,  3.61it/s, loss=0.491]
  epoch 2/3:  44%|████▍     | 39/88 [00:11<00:13,  3.59it/s, loss=0.491]
  epoch 2/3:  44%|████▍     | 39/88 [00:11<00:13,  3.59it/s, loss=0.488]
  epoch 2/3:  45%|████▌     | 40/88 [00:11<00:13,  3.60it/s, loss=0.488]
  epoch 2/3:  45%|████▌     | 40/88 [00:11<00:13,  3.60it/s, loss=0.486]
  epoch 2/3:  47%|████▋     | 41/88 [00:11<00:12,  3.62it/s, loss=0.486]
  epoch 2/3:  47%|████▋     | 41/88 [00:12<00:12,  3.62it/s, loss=0.480]
  epoch 2/3:  48%|████▊     | 42/88 [00:12<00:12,  3.61it/s, loss=0.480]
  epoch 2/3:  48%|████▊     | 42/88 [00:12<00:12,  3.61it/s, loss=0.477]
  epoch 2/3:  49%|████▉     | 43/88 [00:12<00:12,  3.60it/s, loss=0.477]
  epoch 2/3:  49%|████▉     | 43/88 [00:12<00:12,  3.60it/s, loss=0.476]
  epoch 2/3:  50%|█████     | 44/88 [00:12<00:12,  3.62it/s, loss=0.476]
  epoch 2/3:  50%|█████     | 44/88 [00:12<00:12,  3.62it/s, loss=0.472]
  epoch 2/3:  51%|█████     | 45/88 [00:12<00:11,  3.62it/s, loss=0.472]
  epoch 2/3:  51%|█████     | 45/88 [00:13<00:11,  3.62it/s, loss=0.469]
  epoch 2/3:  52%|█████▏    | 46/88 [00:13<00:11,  3.60it/s, loss=0.469]
  epoch 2/3:  52%|█████▏    | 46/88 [00:13<00:11,  3.60it/s, loss=0.468]
  epoch 2/3:  53%|█████▎    | 47/88 [00:13<00:11,  3.59it/s, loss=0.468]
  epoch 2/3:  53%|█████▎    | 47/88 [00:13<00:11,  3.59it/s, loss=0.465]
  epoch 2/3:  55%|█████▍    | 48/88 [00:13<00:11,  3.56it/s, loss=0.465]
  epoch 2/3:  55%|█████▍    | 48/88 [00:13<00:11,  3.56it/s, loss=0.462]
  epoch 2/3:  56%|█████▌    | 49/88 [00:13<00:10,  3.59it/s, loss=0.462]
  epoch 2/3:  56%|█████▌    | 49/88 [00:14<00:10,  3.59it/s, loss=0.461]
  epoch 2/3:  57%|█████▋    | 50/88 [00:14<00:10,  3.58it/s, loss=0.461]
  epoch 2/3:  57%|█████▋    | 50/88 [00:14<00:10,  3.58it/s, loss=0.460]
  epoch 2/3:  58%|█████▊    | 51/88 [00:14<00:10,  3.59it/s, loss=0.460]
  epoch 2/3:  58%|█████▊    | 51/88 [00:14<00:10,  3.59it/s, loss=0.460]
  epoch 2/3:  59%|█████▉    | 52/88 [00:14<00:10,  3.59it/s, loss=0.460]
  epoch 2/3:  59%|█████▉    | 52/88 [00:15<00:10,  3.59it/s, loss=0.456]
  epoch 2/3:  60%|██████    | 53/88 [00:15<00:09,  3.60it/s, loss=0.456]
  epoch 2/3:  60%|██████    | 53/88 [00:15<00:09,  3.60it/s, loss=0.454]
  epoch 2/3:  61%|██████▏   | 54/88 [00:15<00:09,  3.59it/s, loss=0.454]
  epoch 2/3:  61%|██████▏   | 54/88 [00:15<00:09,  3.59it/s, loss=0.452]
  epoch 2/3:  62%|██████▎   | 55/88 [00:15<00:09,  3.60it/s, loss=0.452]
  epoch 2/3:  62%|██████▎   | 55/88 [00:15<00:09,  3.60it/s, loss=0.450]
  epoch 2/3:  64%|██████▎   | 56/88 [00:15<00:08,  3.61it/s, loss=0.450]
  epoch 2/3:  64%|██████▎   | 56/88 [00:16<00:08,  3.61it/s, loss=0.447]
  epoch 2/3:  65%|██████▍   | 57/88 [00:16<00:08,  3.59it/s, loss=0.447]
  epoch 2/3:  65%|██████▍   | 57/88 [00:16<00:08,  3.59it/s, loss=0.443]
  epoch 2/3:  66%|██████▌   | 58/88 [00:16<00:08,  3.59it/s, loss=0.443]
  epoch 2/3:  66%|██████▌   | 58/88 [00:16<00:08,  3.59it/s, loss=0.440]
  epoch 2/3:  67%|██████▋   | 59/88 [00:16<00:08,  3.60it/s, loss=0.440]
  epoch 2/3:  67%|██████▋   | 59/88 [00:17<00:08,  3.60it/s, loss=0.437]
  epoch 2/3:  68%|██████▊   | 60/88 [00:17<00:07,  3.60it/s, loss=0.437]
  epoch 2/3:  68%|██████▊   | 60/88 [00:17<00:07,  3.60it/s, loss=0.434]
  epoch 2/3:  69%|██████▉   | 61/88 [00:17<00:07,  3.61it/s, loss=0.434]
  epoch 2/3:  69%|██████▉   | 61/88 [00:17<00:07,  3.61it/s, loss=0.433]
  epoch 2/3:  70%|███████   | 62/88 [00:17<00:07,  3.60it/s, loss=0.433]
  epoch 2/3:  70%|███████   | 62/88 [00:17<00:07,  3.60it/s, loss=0.431]
  epoch 2/3:  72%|███████▏  | 63/88 [00:17<00:06,  3.61it/s, loss=0.431]
  epoch 2/3:  72%|███████▏  | 63/88 [00:18<00:06,  3.61it/s, loss=0.428]
  epoch 2/3:  73%|███████▎  | 64/88 [00:18<00:06,  3.55it/s, loss=0.428]
  epoch 2/3:  73%|███████▎  | 64/88 [00:18<00:06,  3.55it/s, loss=0.426]
  epoch 2/3:  74%|███████▍  | 65/88 [00:18<00:06,  3.57it/s, loss=0.426]
  epoch 2/3:  74%|███████▍  | 65/88 [00:18<00:06,  3.57it/s, loss=0.424]
  epoch 2/3:  75%|███████▌  | 66/88 [00:18<00:06,  3.59it/s, loss=0.424]
  epoch 2/3:  75%|███████▌  | 66/88 [00:18<00:06,  3.59it/s, loss=0.422]
  epoch 2/3:  76%|███████▌  | 67/88 [00:18<00:05,  3.61it/s, loss=0.422]
  epoch 2/3:  76%|███████▌  | 67/88 [00:19<00:05,  3.61it/s, loss=0.420]
  epoch 2/3:  77%|███████▋  | 68/88 [00:19<00:05,  3.60it/s, loss=0.420]
  epoch 2/3:  77%|███████▋  | 68/88 [00:19<00:05,  3.60it/s, loss=0.418]
  epoch 2/3:  78%|███████▊  | 69/88 [00:19<00:05,  3.59it/s, loss=0.418]
  epoch 2/3:  78%|███████▊  | 69/88 [00:19<00:05,  3.59it/s, loss=0.415]
  epoch 2/3:  80%|███████▉  | 70/88 [00:19<00:05,  3.59it/s, loss=0.415]
  epoch 2/3:  80%|███████▉  | 70/88 [00:20<00:05,  3.59it/s, loss=0.413]
  epoch 2/3:  81%|████████  | 71/88 [00:20<00:04,  3.61it/s, loss=0.413]
  epoch 2/3:  81%|████████  | 71/88 [00:20<00:04,  3.61it/s, loss=0.411]
  epoch 2/3:  82%|████████▏ | 72/88 [00:20<00:04,  3.60it/s, loss=0.411]
  epoch 2/3:  82%|████████▏ | 72/88 [00:20<00:04,  3.60it/s, loss=0.409]
  epoch 2/3:  83%|████████▎ | 73/88 [00:20<00:04,  3.61it/s, loss=0.409]
  epoch 2/3:  83%|████████▎ | 73/88 [00:20<00:04,  3.61it/s, loss=0.407]
  epoch 2/3:  84%|████████▍ | 74/88 [00:20<00:03,  3.62it/s, loss=0.407]
  epoch 2/3:  84%|████████▍ | 74/88 [00:21<00:03,  3.62it/s, loss=0.405]
  epoch 2/3:  85%|████████▌ | 75/88 [00:21<00:03,  3.62it/s, loss=0.405]
  epoch 2/3:  85%|████████▌ | 75/88 [00:21<00:03,  3.62it/s, loss=0.402]
  epoch 2/3:  86%|████████▋ | 76/88 [00:21<00:03,  3.61it/s, loss=0.402]
  epoch 2/3:  86%|████████▋ | 76/88 [00:21<00:03,  3.61it/s, loss=0.400]
  epoch 2/3:  88%|████████▊ | 77/88 [00:21<00:03,  3.63it/s, loss=0.400]
  epoch 2/3:  88%|████████▊ | 77/88 [00:22<00:03,  3.63it/s, loss=0.399]
  epoch 2/3:  89%|████████▊ | 78/88 [00:22<00:02,  3.62it/s, loss=0.399]
  epoch 2/3:  89%|████████▊ | 78/88 [00:22<00:02,  3.62it/s, loss=0.398]
  epoch 2/3:  90%|████████▉ | 79/88 [00:22<00:02,  3.64it/s, loss=0.398]
  epoch 2/3:  90%|████████▉ | 79/88 [00:22<00:02,  3.64it/s, loss=0.396]
  epoch 2/3:  91%|█████████ | 80/88 [00:22<00:02,  3.57it/s, loss=0.396]
  epoch 2/3:  91%|█████████ | 80/88 [00:22<00:02,  3.57it/s, loss=0.394]
  epoch 2/3:  92%|█████████▏| 81/88 [00:22<00:01,  3.59it/s, loss=0.394]
  epoch 2/3:  92%|█████████▏| 81/88 [00:23<00:01,  3.59it/s, loss=0.392]
  epoch 2/3:  93%|█████████▎| 82/88 [00:23<00:01,  3.60it/s, loss=0.392]
  epoch 2/3:  93%|█████████▎| 82/88 [00:23<00:01,  3.60it/s, loss=0.390]
  epoch 2/3:  94%|█████████▍| 83/88 [00:23<00:01,  3.61it/s, loss=0.390]
  epoch 2/3:  94%|█████████▍| 83/88 [00:23<00:01,  3.61it/s, loss=0.388]
  epoch 2/3:  95%|█████████▌| 84/88 [00:23<00:01,  3.62it/s, loss=0.388]
  epoch 2/3:  95%|█████████▌| 84/88 [00:23<00:01,  3.62it/s, loss=0.387]
  epoch 2/3:  97%|█████████▋| 85/88 [00:23<00:00,  3.63it/s, loss=0.387]
  epoch 2/3:  97%|█████████▋| 85/88 [00:24<00:00,  3.63it/s, loss=0.386]
  epoch 2/3:  98%|█████████▊| 86/88 [00:24<00:00,  3.63it/s, loss=0.386]
  epoch 2/3:  98%|█████████▊| 86/88 [00:24<00:00,  3.63it/s, loss=0.384]
  epoch 2/3:  99%|█████████▉| 87/88 [00:24<00:00,  3.63it/s, loss=0.384]
  epoch 2/3:  99%|█████████▉| 87/88 [00:24<00:00,  3.63it/s, loss=0.383]
  epoch 2/3: 100%|██████████| 88/88 [00:24<00:00,  3.97it/s, loss=0.383]
                                                                        

  epoch 3/3:   0%|          | 0/88 [00:00<?, ?it/s]
  epoch 3/3:   0%|          | 0/88 [00:00<?, ?it/s, loss=0.275]
  epoch 3/3:   1%|          | 1/88 [00:00<00:46,  1.88it/s, loss=0.275]
  epoch 3/3:   1%|          | 1/88 [00:00<00:46,  1.88it/s, loss=0.247]
  epoch 3/3:   2%|▏         | 2/88 [00:00<00:32,  2.62it/s, loss=0.247]
  epoch 3/3:   2%|▏         | 2/88 [00:01<00:32,  2.62it/s, loss=0.253]
  epoch 3/3:   3%|▎         | 3/88 [00:01<00:28,  3.00it/s, loss=0.253]
  epoch 3/3:   3%|▎         | 3/88 [00:01<00:28,  3.00it/s, loss=0.244]
  epoch 3/3:   5%|▍         | 4/88 [00:01<00:25,  3.23it/s, loss=0.244]
  epoch 3/3:   5%|▍         | 4/88 [00:01<00:25,  3.23it/s, loss=0.228]
  epoch 3/3:   6%|▌         | 5/88 [00:01<00:24,  3.37it/s, loss=0.228]
  epoch 3/3:   6%|▌         | 5/88 [00:01<00:24,  3.37it/s, loss=0.220]
  epoch 3/3:   7%|▋         | 6/88 [00:01<00:23,  3.46it/s, loss=0.220]
  epoch 3/3:   7%|▋         | 6/88 [00:02<00:23,  3.46it/s, loss=0.230]
  epoch 3/3:   8%|▊         | 7/88 [00:02<00:23,  3.51it/s, loss=0.230]
  epoch 3/3:   8%|▊         | 7/88 [00:02<00:23,  3.51it/s, loss=0.230]
  epoch 3/3:   9%|▉         | 8/88 [00:02<00:22,  3.52it/s, loss=0.230]
  epoch 3/3:   9%|▉         | 8/88 [00:02<00:22,  3.52it/s, loss=0.227]
  epoch 3/3:  10%|█         | 9/88 [00:02<00:22,  3.56it/s, loss=0.227]
  epoch 3/3:  10%|█         | 9/88 [00:03<00:22,  3.56it/s, loss=0.236]
  epoch 3/3:  11%|█▏        | 10/88 [00:03<00:21,  3.57it/s, loss=0.236]
  epoch 3/3:  11%|█▏        | 10/88 [00:03<00:21,  3.57it/s, loss=0.234]
  epoch 3/3:  12%|█▎        | 11/88 [00:03<00:21,  3.58it/s, loss=0.234]
  epoch 3/3:  12%|█▎        | 11/88 [00:03<00:21,  3.58it/s, loss=0.230]
  epoch 3/3:  14%|█▎        | 12/88 [00:03<00:21,  3.59it/s, loss=0.230]
  epoch 3/3:  14%|█▎        | 12/88 [00:03<00:21,  3.59it/s, loss=0.237]
  epoch 3/3:  15%|█▍        | 13/88 [00:03<00:20,  3.59it/s, loss=0.237]
  epoch 3/3:  15%|█▍        | 13/88 [00:04<00:20,  3.59it/s, loss=0.236]
  epoch 3/3:  16%|█▌        | 14/88 [00:04<00:20,  3.60it/s, loss=0.236]
  epoch 3/3:  16%|█▌        | 14/88 [00:04<00:20,  3.60it/s, loss=0.234]
  epoch 3/3:  17%|█▋        | 15/88 [00:04<00:20,  3.61it/s, loss=0.234]
  epoch 3/3:  17%|█▋        | 15/88 [00:04<00:20,  3.61it/s, loss=0.228]
  epoch 3/3:  18%|█▊        | 16/88 [00:04<00:19,  3.62it/s, loss=0.228]
  epoch 3/3:  18%|█▊        | 16/88 [00:04<00:19,  3.62it/s, loss=0.226]
  epoch 3/3:  19%|█▉        | 17/88 [00:04<00:19,  3.61it/s, loss=0.226]
  epoch 3/3:  19%|█▉        | 17/88 [00:05<00:19,  3.61it/s, loss=0.224]
  epoch 3/3:  20%|██        | 18/88 [00:05<00:19,  3.62it/s, loss=0.224]
  epoch 3/3:  20%|██        | 18/88 [00:05<00:19,  3.62it/s, loss=0.229]
  epoch 3/3:  22%|██▏       | 19/88 [00:05<00:19,  3.63it/s, loss=0.229]
  epoch 3/3:  22%|██▏       | 19/88 [00:05<00:19,  3.63it/s, loss=0.230]
  epoch 3/3:  23%|██▎       | 20/88 [00:05<00:18,  3.64it/s, loss=0.230]
  epoch 3/3:  23%|██▎       | 20/88 [00:06<00:18,  3.64it/s, loss=0.229]
  epoch 3/3:  24%|██▍       | 21/88 [00:06<00:18,  3.63it/s, loss=0.229]
  epoch 3/3:  24%|██▍       | 21/88 [00:06<00:18,  3.63it/s, loss=0.229]
  epoch 3/3:  25%|██▌       | 22/88 [00:06<00:18,  3.64it/s, loss=0.229]
  epoch 3/3:  25%|██▌       | 22/88 [00:06<00:18,  3.64it/s, loss=0.229]
  epoch 3/3:  26%|██▌       | 23/88 [00:06<00:17,  3.62it/s, loss=0.229]
  epoch 3/3:  26%|██▌       | 23/88 [00:06<00:17,  3.62it/s, loss=0.224]
  epoch 3/3:  27%|██▋       | 24/88 [00:06<00:17,  3.58it/s, loss=0.224]
  epoch 3/3:  27%|██▋       | 24/88 [00:07<00:17,  3.58it/s, loss=0.224]
  epoch 3/3:  28%|██▊       | 25/88 [00:07<00:17,  3.59it/s, loss=0.224]
  epoch 3/3:  28%|██▊       | 25/88 [00:07<00:17,  3.59it/s, loss=0.225]
  epoch 3/3:  30%|██▉       | 26/88 [00:07<00:17,  3.61it/s, loss=0.225]
  epoch 3/3:  30%|██▉       | 26/88 [00:07<00:17,  3.61it/s, loss=0.224]
  epoch 3/3:  31%|███       | 27/88 [00:07<00:16,  3.62it/s, loss=0.224]
  epoch 3/3:  31%|███       | 27/88 [00:07<00:16,  3.62it/s, loss=0.222]
  epoch 3/3:  32%|███▏      | 28/88 [00:07<00:16,  3.63it/s, loss=0.222]
  epoch 3/3:  32%|███▏      | 28/88 [00:08<00:16,  3.63it/s, loss=0.219]
  epoch 3/3:  33%|███▎      | 29/88 [00:08<00:16,  3.63it/s, loss=0.219]
  epoch 3/3:  33%|███▎      | 29/88 [00:08<00:16,  3.63it/s, loss=0.218]
  epoch 3/3:  34%|███▍      | 30/88 [00:08<00:15,  3.64it/s, loss=0.218]
  epoch 3/3:  34%|███▍      | 30/88 [00:08<00:15,  3.64it/s, loss=0.216]
  epoch 3/3:  35%|███▌      | 31/88 [00:08<00:15,  3.65it/s, loss=0.216]
  epoch 3/3:  35%|███▌      | 31/88 [00:09<00:15,  3.65it/s, loss=0.213]
  epoch 3/3:  36%|███▋      | 32/88 [00:09<00:15,  3.65it/s, loss=0.213]
  epoch 3/3:  36%|███▋      | 32/88 [00:09<00:15,  3.65it/s, loss=0.210]
  epoch 3/3:  38%|███▊      | 33/88 [00:09<00:15,  3.65it/s, loss=0.210]
  epoch 3/3:  38%|███▊      | 33/88 [00:09<00:15,  3.65it/s, loss=0.208]
  epoch 3/3:  39%|███▊      | 34/88 [00:09<00:14,  3.64it/s, loss=0.208]
  epoch 3/3:  39%|███▊      | 34/88 [00:09<00:14,  3.64it/s, loss=0.206]
  epoch 3/3:  40%|███▉      | 35/88 [00:09<00:14,  3.65it/s, loss=0.206]
  epoch 3/3:  40%|███▉      | 35/88 [00:10<00:14,  3.65it/s, loss=0.206]
  epoch 3/3:  41%|████      | 36/88 [00:10<00:14,  3.64it/s, loss=0.206]
  epoch 3/3:  41%|████      | 36/88 [00:10<00:14,  3.64it/s, loss=0.204]
  epoch 3/3:  42%|████▏     | 37/88 [00:10<00:13,  3.66it/s, loss=0.204]
  epoch 3/3:  42%|████▏     | 37/88 [00:10<00:13,  3.66it/s, loss=0.202]
  epoch 3/3:  43%|████▎     | 38/88 [00:10<00:13,  3.65it/s, loss=0.202]
  epoch 3/3:  43%|████▎     | 38/88 [00:10<00:13,  3.65it/s, loss=0.201]
  epoch 3/3:  44%|████▍     | 39/88 [00:10<00:13,  3.67it/s, loss=0.201]
  epoch 3/3:  44%|████▍     | 39/88 [00:11<00:13,  3.67it/s, loss=0.202]
  epoch 3/3:  45%|████▌     | 40/88 [00:11<00:13,  3.61it/s, loss=0.202]
  epoch 3/3:  45%|████▌     | 40/88 [00:11<00:13,  3.61it/s, loss=0.201]
  epoch 3/3:  47%|████▋     | 41/88 [00:11<00:13,  3.61it/s, loss=0.201]
  epoch 3/3:  47%|████▋     | 41/88 [00:11<00:13,  3.61it/s, loss=0.201]
  epoch 3/3:  48%|████▊     | 42/88 [00:11<00:12,  3.65it/s, loss=0.201]
  epoch 3/3:  48%|████▊     | 42/88 [00:12<00:12,  3.65it/s, loss=0.202]
  epoch 3/3:  49%|████▉     | 43/88 [00:12<00:12,  3.64it/s, loss=0.202]
  epoch 3/3:  49%|████▉     | 43/88 [00:12<00:12,  3.64it/s, loss=0.202]
  epoch 3/3:  50%|█████     | 44/88 [00:12<00:12,  3.65it/s, loss=0.202]
  epoch 3/3:  50%|█████     | 44/88 [00:12<00:12,  3.65it/s, loss=0.200]
  epoch 3/3:  51%|█████     | 45/88 [00:12<00:11,  3.65it/s, loss=0.200]
  epoch 3/3:  51%|█████     | 45/88 [00:12<00:11,  3.65it/s, loss=0.200]
  epoch 3/3:  52%|█████▏    | 46/88 [00:12<00:11,  3.66it/s, loss=0.200]
  epoch 3/3:  52%|█████▏    | 46/88 [00:13<00:11,  3.66it/s, loss=0.198]
  epoch 3/3:  53%|█████▎    | 47/88 [00:13<00:11,  3.66it/s, loss=0.198]
  epoch 3/3:  53%|█████▎    | 47/88 [00:13<00:11,  3.66it/s, loss=0.199]
  epoch 3/3:  55%|█████▍    | 48/88 [00:13<00:10,  3.66it/s, loss=0.199]
  epoch 3/3:  55%|█████▍    | 48/88 [00:13<00:10,  3.66it/s, loss=0.198]
  epoch 3/3:  56%|█████▌    | 49/88 [00:13<00:10,  3.65it/s, loss=0.198]
  epoch 3/3:  56%|█████▌    | 49/88 [00:14<00:10,  3.65it/s, loss=0.201]
  epoch 3/3:  57%|█████▋    | 50/88 [00:14<00:10,  3.66it/s, loss=0.201]
  epoch 3/3:  57%|█████▋    | 50/88 [00:14<00:10,  3.66it/s, loss=0.200]
  epoch 3/3:  58%|█████▊    | 51/88 [00:14<00:10,  3.66it/s, loss=0.200]
  epoch 3/3:  58%|█████▊    | 51/88 [00:14<00:10,  3.66it/s, loss=0.198]
  epoch 3/3:  59%|█████▉    | 52/88 [00:14<00:09,  3.66it/s, loss=0.198]
  epoch 3/3:  59%|█████▉    | 52/88 [00:14<00:09,  3.66it/s, loss=0.198]
  epoch 3/3:  60%|██████    | 53/88 [00:14<00:09,  3.65it/s, loss=0.198]
  epoch 3/3:  60%|██████    | 53/88 [00:15<00:09,  3.65it/s, loss=0.197]
  epoch 3/3:  61%|██████▏   | 54/88 [00:15<00:09,  3.65it/s, loss=0.197]
  epoch 3/3:  61%|██████▏   | 54/88 [00:15<00:09,  3.65it/s, loss=0.196]
  epoch 3/3:  62%|██████▎   | 55/88 [00:15<00:09,  3.66it/s, loss=0.196]
  epoch 3/3:  62%|██████▎   | 55/88 [00:15<00:09,  3.66it/s, loss=0.194]
  epoch 3/3:  64%|██████▎   | 56/88 [00:15<00:08,  3.61it/s, loss=0.194]
  epoch 3/3:  64%|██████▎   | 56/88 [00:15<00:08,  3.61it/s, loss=0.194]
  epoch 3/3:  65%|██████▍   | 57/88 [00:15<00:08,  3.62it/s, loss=0.194]
  epoch 3/3:  65%|██████▍   | 57/88 [00:16<00:08,  3.62it/s, loss=0.193]
  epoch 3/3:  66%|██████▌   | 58/88 [00:16<00:08,  3.62it/s, loss=0.193]
  epoch 3/3:  66%|██████▌   | 58/88 [00:16<00:08,  3.62it/s, loss=0.192]
  epoch 3/3:  67%|██████▋   | 59/88 [00:16<00:07,  3.64it/s, loss=0.192]
  epoch 3/3:  67%|██████▋   | 59/88 [00:16<00:07,  3.64it/s, loss=0.192]
  epoch 3/3:  68%|██████▊   | 60/88 [00:16<00:07,  3.64it/s, loss=0.192]
  epoch 3/3:  68%|██████▊   | 60/88 [00:17<00:07,  3.64it/s, loss=0.191]
  epoch 3/3:  69%|██████▉   | 61/88 [00:17<00:07,  3.65it/s, loss=0.191]
  epoch 3/3:  69%|██████▉   | 61/88 [00:17<00:07,  3.65it/s, loss=0.190]
  epoch 3/3:  70%|███████   | 62/88 [00:17<00:07,  3.64it/s, loss=0.190]
  epoch 3/3:  70%|███████   | 62/88 [00:17<00:07,  3.64it/s, loss=0.189]
  epoch 3/3:  72%|███████▏  | 63/88 [00:17<00:06,  3.65it/s, loss=0.189]
  epoch 3/3:  72%|███████▏  | 63/88 [00:17<00:06,  3.65it/s, loss=0.189]
  epoch 3/3:  73%|███████▎  | 64/88 [00:17<00:06,  3.62it/s, loss=0.189]
  epoch 3/3:  73%|███████▎  | 64/88 [00:18<00:06,  3.62it/s, loss=0.188]
  epoch 3/3:  74%|███████▍  | 65/88 [00:18<00:06,  3.63it/s, loss=0.188]
  epoch 3/3:  74%|███████▍  | 65/88 [00:18<00:06,  3.63it/s, loss=0.188]
  epoch 3/3:  75%|███████▌  | 66/88 [00:18<00:06,  3.64it/s, loss=0.188]
  epoch 3/3:  75%|███████▌  | 66/88 [00:18<00:06,  3.64it/s, loss=0.187]
  epoch 3/3:  76%|███████▌  | 67/88 [00:18<00:05,  3.64it/s, loss=0.187]
  epoch 3/3:  76%|███████▌  | 67/88 [00:18<00:05,  3.64it/s, loss=0.187]
  epoch 3/3:  77%|███████▋  | 68/88 [00:18<00:05,  3.64it/s, loss=0.187]
  epoch 3/3:  77%|███████▋  | 68/88 [00:19<00:05,  3.64it/s, loss=0.186]
  epoch 3/3:  78%|███████▊  | 69/88 [00:19<00:05,  3.63it/s, loss=0.186]
  epoch 3/3:  78%|███████▊  | 69/88 [00:19<00:05,  3.63it/s, loss=0.186]
  epoch 3/3:  80%|███████▉  | 70/88 [00:19<00:04,  3.61it/s, loss=0.186]
  epoch 3/3:  80%|███████▉  | 70/88 [00:19<00:04,  3.61it/s, loss=0.187]
  epoch 3/3:  81%|████████  | 71/88 [00:19<00:04,  3.63it/s, loss=0.187]
  epoch 3/3:  81%|████████  | 71/88 [00:20<00:04,  3.63it/s, loss=0.186]
  epoch 3/3:  82%|████████▏ | 72/88 [00:20<00:04,  3.59it/s, loss=0.186]
  epoch 3/3:  82%|████████▏ | 72/88 [00:20<00:04,  3.59it/s, loss=0.186]
  epoch 3/3:  83%|████████▎ | 73/88 [00:20<00:04,  3.61it/s, loss=0.186]
  epoch 3/3:  83%|████████▎ | 73/88 [00:20<00:04,  3.61it/s, loss=0.185]
  epoch 3/3:  84%|████████▍ | 74/88 [00:20<00:03,  3.63it/s, loss=0.185]
  epoch 3/3:  84%|████████▍ | 74/88 [00:20<00:03,  3.63it/s, loss=0.184]
  epoch 3/3:  85%|████████▌ | 75/88 [00:20<00:03,  3.62it/s, loss=0.184]
  epoch 3/3:  85%|████████▌ | 75/88 [00:21<00:03,  3.62it/s, loss=0.184]
  epoch 3/3:  86%|████████▋ | 76/88 [00:21<00:03,  3.61it/s, loss=0.184]
  epoch 3/3:  86%|████████▋ | 76/88 [00:21<00:03,  3.61it/s, loss=0.184]
  epoch 3/3:  88%|████████▊ | 77/88 [00:21<00:03,  3.63it/s, loss=0.184]
  epoch 3/3:  88%|████████▊ | 77/88 [00:21<00:03,  3.63it/s, loss=0.184]
  epoch 3/3:  89%|████████▊ | 78/88 [00:21<00:02,  3.64it/s, loss=0.184]
  epoch 3/3:  89%|████████▊ | 78/88 [00:22<00:02,  3.64it/s, loss=0.184]
  epoch 3/3:  90%|████████▉ | 79/88 [00:22<00:02,  3.64it/s, loss=0.184]
  epoch 3/3:  90%|████████▉ | 79/88 [00:22<00:02,  3.64it/s, loss=0.183]
  epoch 3/3:  91%|█████████ | 80/88 [00:22<00:02,  3.63it/s, loss=0.183]
  epoch 3/3:  91%|█████████ | 80/88 [00:22<00:02,  3.63it/s, loss=0.182]
  epoch 3/3:  92%|█████████▏| 81/88 [00:22<00:01,  3.64it/s, loss=0.182]
  epoch 3/3:  92%|█████████▏| 81/88 [00:22<00:01,  3.64it/s, loss=0.182]
  epoch 3/3:  93%|█████████▎| 82/88 [00:22<00:01,  3.63it/s, loss=0.182]
  epoch 3/3:  93%|█████████▎| 82/88 [00:23<00:01,  3.63it/s, loss=0.181]
  epoch 3/3:  94%|█████████▍| 83/88 [00:23<00:01,  3.63it/s, loss=0.181]
  epoch 3/3:  94%|█████████▍| 83/88 [00:23<00:01,  3.63it/s, loss=0.180]
  epoch 3/3:  95%|█████████▌| 84/88 [00:23<00:01,  3.63it/s, loss=0.180]
  epoch 3/3:  95%|█████████▌| 84/88 [00:23<00:01,  3.63it/s, loss=0.179]
  epoch 3/3:  97%|█████████▋| 85/88 [00:23<00:00,  3.63it/s, loss=0.179]
  epoch 3/3:  97%|█████████▋| 85/88 [00:23<00:00,  3.63it/s, loss=0.178]
  epoch 3/3:  98%|█████████▊| 86/88 [00:23<00:00,  3.64it/s, loss=0.178]
  epoch 3/3:  98%|█████████▊| 86/88 [00:24<00:00,  3.64it/s, loss=0.179]
  epoch 3/3:  99%|█████████▉| 87/88 [00:24<00:00,  3.64it/s, loss=0.179]
  epoch 3/3:  99%|█████████▉| 87/88 [00:24<00:00,  3.64it/s, loss=0.179]
  epoch 3/3: 100%|██████████| 88/88 [00:24<00:00,  3.94it/s, loss=0.179]
                                                                        
[titans] reset=never | norm(state) sau task = 65.4170
[titans]   self-mod v:β=0.87 |W|=2.60
[titans]   eta_t(avg)=-9.6500  alpha_t/forget-gate(avg)=1.0000
[task 5] test acc so far: 0.871  0.803  0.769  0.591  0.537  0.286
[task 5] NCM-online acc so far: 0.766  0.489  0.797  0.734  0.800  0.886
[task 5] NCM-posthoc acc so far: 0.846  0.726  0.823  0.774  0.731  0.806
[checkpoint] đã lưu tiến độ sau task 5
[task 6] classes=[4, 8, 13, 18, 40] | train=2800

  epoch 1/3:   0%|          | 0/88 [00:00<?, ?it/s]
  epoch 1/3:   0%|          | 0/88 [00:00<?, ?it/s, loss=1.631]
  epoch 1/3:   1%|          | 1/88 [00:00<00:50,  1.71it/s, loss=1.631]
  epoch 1/3:   1%|          | 1/88 [00:00<00:50,  1.71it/s, loss=1.746]
  epoch 1/3:   2%|▏         | 2/88 [00:00<00:34,  2.50it/s, loss=1.746]
  epoch 1/3:   2%|▏         | 2/88 [00:01<00:34,  2.50it/s, loss=1.740]
  epoch 1/3:   3%|▎         | 3/88 [00:01<00:29,  2.91it/s, loss=1.740]
  epoch 1/3:   3%|▎         | 3/88 [00:01<00:29,  2.91it/s, loss=1.716]
  epoch 1/3:   5%|▍         | 4/88 [00:01<00:26,  3.15it/s, loss=1.716]
  epoch 1/3:   5%|▍         | 4/88 [00:01<00:26,  3.15it/s, loss=1.690]
  epoch 1/3:   6%|▌         | 5/88 [00:01<00:24,  3.32it/s, loss=1.690]
  epoch 1/3:   6%|▌         | 5/88 [00:01<00:24,  3.32it/s, loss=1.684]
  epoch 1/3:   7%|▋         | 6/88 [00:01<00:23,  3.42it/s, loss=1.684]
  epoch 1/3:   7%|▋         | 6/88 [00:02<00:23,  3.42it/s, loss=1.650]
  epoch 1/3:   8%|▊         | 7/88 [00:02<00:23,  3.50it/s, loss=1.650]
  epoch 1/3:   8%|▊         | 7/88 [00:02<00:23,  3.50it/s, loss=1.618]
  epoch 1/3:   9%|▉         | 8/88 [00:02<00:22,  3.53it/s, loss=1.618]
  epoch 1/3:   9%|▉         | 8/88 [00:02<00:22,  3.53it/s, loss=1.614]
  epoch 1/3:  10%|█         | 9/88 [00:02<00:22,  3.57it/s, loss=1.614]
  epoch 1/3:  10%|█         | 9/88 [00:03<00:22,  3.57it/s, loss=1.599]
  epoch 1/3:  11%|█▏        | 10/88 [00:03<00:21,  3.58it/s, loss=1.599]
  epoch 1/3:  11%|█▏        | 10/88 [00:03<00:21,  3.58it/s, loss=1.578]
  epoch 1/3:  12%|█▎        | 11/88 [00:03<00:21,  3.59it/s, loss=1.578]
  epoch 1/3:  12%|█▎        | 11/88 [00:03<00:21,  3.59it/s, loss=1.569]
  epoch 1/3:  14%|█▎        | 12/88 [00:03<00:20,  3.62it/s, loss=1.569]
  epoch 1/3:  14%|█▎        | 12/88 [00:03<00:20,  3.62it/s, loss=1.569]
  epoch 1/3:  15%|█▍        | 13/88 [00:03<00:20,  3.63it/s, loss=1.569]
  epoch 1/3:  15%|█▍        | 13/88 [00:04<00:20,  3.63it/s, loss=1.560]
  epoch 1/3:  16%|█▌        | 14/88 [00:04<00:20,  3.64it/s, loss=1.560]
  epoch 1/3:  16%|█▌        | 14/88 [00:04<00:20,  3.64it/s, loss=1.544]
  epoch 1/3:  17%|█▋        | 15/88 [00:04<00:20,  3.63it/s, loss=1.544]
  epoch 1/3:  17%|█▋        | 15/88 [00:04<00:20,  3.63it/s, loss=1.542]
  epoch 1/3:  18%|█▊        | 16/88 [00:04<00:20,  3.59it/s, loss=1.542]
  epoch 1/3:  18%|█▊        | 16/88 [00:04<00:20,  3.59it/s, loss=1.536]
  epoch 1/3:  19%|█▉        | 17/88 [00:04<00:19,  3.62it/s, loss=1.536]
  epoch 1/3:  19%|█▉        | 17/88 [00:05<00:19,  3.62it/s, loss=1.523]
  epoch 1/3:  20%|██        | 18/88 [00:05<00:19,  3.60it/s, loss=1.523]
  epoch 1/3:  20%|██        | 18/88 [00:05<00:19,  3.60it/s, loss=1.517]
  epoch 1/3:  22%|██▏       | 19/88 [00:05<00:19,  3.61it/s, loss=1.517]
  epoch 1/3:  22%|██▏       | 19/88 [00:05<00:19,  3.61it/s, loss=1.513]
  epoch 1/3:  23%|██▎       | 20/88 [00:05<00:18,  3.63it/s, loss=1.513]
  epoch 1/3:  23%|██▎       | 20/88 [00:06<00:18,  3.63it/s, loss=1.508]
  epoch 1/3:  24%|██▍       | 21/88 [00:06<00:18,  3.62it/s, loss=1.508]
  epoch 1/3:  24%|██▍       | 21/88 [00:06<00:18,  3.62it/s, loss=1.501]
  epoch 1/3:  25%|██▌       | 22/88 [00:06<00:18,  3.64it/s, loss=1.501]
  epoch 1/3:  25%|██▌       | 22/88 [00:06<00:18,  3.64it/s, loss=1.488]
  epoch 1/3:  26%|██▌       | 23/88 [00:06<00:17,  3.61it/s, loss=1.488]
  epoch 1/3:  26%|██▌       | 23/88 [00:06<00:17,  3.61it/s, loss=1.479]
  epoch 1/3:  27%|██▋       | 24/88 [00:06<00:17,  3.61it/s, loss=1.479]
  epoch 1/3:  27%|██▋       | 24/88 [00:07<00:17,  3.61it/s, loss=1.467]
  epoch 1/3:  28%|██▊       | 25/88 [00:07<00:17,  3.63it/s, loss=1.467]
  epoch 1/3:  28%|██▊       | 25/88 [00:07<00:17,  3.63it/s, loss=1.453]
  epoch 1/3:  30%|██▉       | 26/88 [00:07<00:17,  3.61it/s, loss=1.453]
  epoch 1/3:  30%|██▉       | 26/88 [00:07<00:17,  3.61it/s, loss=1.435]
  epoch 1/3:  31%|███       | 27/88 [00:07<00:16,  3.60it/s, loss=1.435]
  epoch 1/3:  31%|███       | 27/88 [00:08<00:16,  3.60it/s, loss=1.427]
  epoch 1/3:  32%|███▏      | 28/88 [00:08<00:16,  3.63it/s, loss=1.427]
  epoch 1/3:  32%|███▏      | 28/88 [00:08<00:16,  3.63it/s, loss=1.419]
  epoch 1/3:  33%|███▎      | 29/88 [00:08<00:16,  3.61it/s, loss=1.419]
  epoch 1/3:  33%|███▎      | 29/88 [00:08<00:16,  3.61it/s, loss=1.409]
  epoch 1/3:  34%|███▍      | 30/88 [00:08<00:16,  3.61it/s, loss=1.409]
  epoch 1/3:  34%|███▍      | 30/88 [00:08<00:16,  3.61it/s, loss=1.398]
  epoch 1/3:  35%|███▌      | 31/88 [00:08<00:15,  3.63it/s, loss=1.398]
  epoch 1/3:  35%|███▌      | 31/88 [00:09<00:15,  3.63it/s, loss=1.390]
  epoch 1/3:  36%|███▋      | 32/88 [00:09<00:15,  3.55it/s, loss=1.390]
  epoch 1/3:  36%|███▋      | 32/88 [00:09<00:15,  3.55it/s, loss=1.379]
  epoch 1/3:  38%|███▊      | 33/88 [00:09<00:15,  3.58it/s, loss=1.379]
  epoch 1/3:  38%|███▊      | 33/88 [00:09<00:15,  3.58it/s, loss=1.370]
  epoch 1/3:  39%|███▊      | 34/88 [00:09<00:15,  3.57it/s, loss=1.370]
  epoch 1/3:  39%|███▊      | 34/88 [00:09<00:15,  3.57it/s, loss=1.358]
  epoch 1/3:  40%|███▉      | 35/88 [00:09<00:14,  3.57it/s, loss=1.358]
  epoch 1/3:  40%|███▉      | 35/88 [00:10<00:14,  3.57it/s, loss=1.346]
  epoch 1/3:  41%|████      | 36/88 [00:10<00:14,  3.58it/s, loss=1.346]
  epoch 1/3:  41%|████      | 36/88 [00:10<00:14,  3.58it/s, loss=1.343]
  epoch 1/3:  42%|████▏     | 37/88 [00:10<00:14,  3.61it/s, loss=1.343]
  epoch 1/3:  42%|████▏     | 37/88 [00:10<00:14,  3.61it/s, loss=1.332]
  epoch 1/3:  43%|████▎     | 38/88 [00:10<00:13,  3.62it/s, loss=1.332]
  epoch 1/3:  43%|████▎     | 38/88 [00:11<00:13,  3.62it/s, loss=1.325]
  epoch 1/3:  44%|████▍     | 39/88 [00:11<00:13,  3.63it/s, loss=1.325]
  epoch 1/3:  44%|████▍     | 39/88 [00:11<00:13,  3.63it/s, loss=1.316]
  epoch 1/3:  45%|████▌     | 40/88 [00:11<00:13,  3.61it/s, loss=1.316]
  epoch 1/3:  45%|████▌     | 40/88 [00:11<00:13,  3.61it/s, loss=1.309]
  epoch 1/3:  47%|████▋     | 41/88 [00:11<00:12,  3.62it/s, loss=1.309]
  epoch 1/3:  47%|████▋     | 41/88 [00:11<00:12,  3.62it/s, loss=1.299]
  epoch 1/3:  48%|████▊     | 42/88 [00:11<00:12,  3.63it/s, loss=1.299]
  epoch 1/3:  48%|████▊     | 42/88 [00:12<00:12,  3.63it/s, loss=1.292]
  epoch 1/3:  49%|████▉     | 43/88 [00:12<00:12,  3.62it/s, loss=1.292]
  epoch 1/3:  49%|████▉     | 43/88 [00:12<00:12,  3.62it/s, loss=1.284]
  epoch 1/3:  50%|█████     | 44/88 [00:12<00:12,  3.64it/s, loss=1.284]
  epoch 1/3:  50%|█████     | 44/88 [00:12<00:12,  3.64it/s, loss=1.274]
  epoch 1/3:  51%|█████     | 45/88 [00:12<00:11,  3.62it/s, loss=1.274]
  epoch 1/3:  51%|█████     | 45/88 [00:13<00:11,  3.62it/s, loss=1.265]
  epoch 1/3:  52%|█████▏    | 46/88 [00:13<00:11,  3.62it/s, loss=1.265]
  epoch 1/3:  52%|█████▏    | 46/88 [00:13<00:11,  3.62it/s, loss=1.255]
  epoch 1/3:  53%|█████▎    | 47/88 [00:13<00:11,  3.62it/s, loss=1.255]
  epoch 1/3:  53%|█████▎    | 47/88 [00:13<00:11,  3.62it/s, loss=1.248]
  epoch 1/3:  55%|█████▍    | 48/88 [00:13<00:11,  3.56it/s, loss=1.248]
  epoch 1/3:  55%|█████▍    | 48/88 [00:13<00:11,  3.56it/s, loss=1.239]
  epoch 1/3:  56%|█████▌    | 49/88 [00:13<00:10,  3.58it/s, loss=1.239]
  epoch 1/3:  56%|█████▌    | 49/88 [00:14<00:10,  3.58it/s, loss=1.232]
  epoch 1/3:  57%|█████▋    | 50/88 [00:14<00:10,  3.58it/s, loss=1.232]
  epoch 1/3:  57%|█████▋    | 50/88 [00:14<00:10,  3.58it/s, loss=1.224]
  epoch 1/3:  58%|█████▊    | 51/88 [00:14<00:10,  3.59it/s, loss=1.224]
  epoch 1/3:  58%|█████▊    | 51/88 [00:14<00:10,  3.59it/s, loss=1.216]
  epoch 1/3:  59%|█████▉    | 52/88 [00:14<00:09,  3.61it/s, loss=1.216]
  epoch 1/3:  59%|█████▉    | 52/88 [00:14<00:09,  3.61it/s, loss=1.210]
  epoch 1/3:  60%|██████    | 53/88 [00:14<00:09,  3.60it/s, loss=1.210]
  epoch 1/3:  60%|██████    | 53/88 [00:15<00:09,  3.60it/s, loss=1.200]
  epoch 1/3:  61%|██████▏   | 54/88 [00:15<00:09,  3.60it/s, loss=1.200]
  epoch 1/3:  61%|██████▏   | 54/88 [00:15<00:09,  3.60it/s, loss=1.190]
  epoch 1/3:  62%|██████▎   | 55/88 [00:15<00:09,  3.61it/s, loss=1.190]
  epoch 1/3:  62%|██████▎   | 55/88 [00:15<00:09,  3.61it/s, loss=1.184]
  epoch 1/3:  64%|██████▎   | 56/88 [00:15<00:08,  3.60it/s, loss=1.184]
  epoch 1/3:  64%|██████▎   | 56/88 [00:16<00:08,  3.60it/s, loss=1.178]
  epoch 1/3:  65%|██████▍   | 57/88 [00:16<00:08,  3.61it/s, loss=1.178]
  epoch 1/3:  65%|██████▍   | 57/88 [00:16<00:08,  3.61it/s, loss=1.169]
  epoch 1/3:  66%|██████▌   | 58/88 [00:16<00:08,  3.61it/s, loss=1.169]
  epoch 1/3:  66%|██████▌   | 58/88 [00:16<00:08,  3.61it/s, loss=1.161]
  epoch 1/3:  67%|██████▋   | 59/88 [00:16<00:08,  3.60it/s, loss=1.161]
  epoch 1/3:  67%|██████▋   | 59/88 [00:16<00:08,  3.60it/s, loss=1.152]
  epoch 1/3:  68%|██████▊   | 60/88 [00:16<00:07,  3.59it/s, loss=1.152]
  epoch 1/3:  68%|██████▊   | 60/88 [00:17<00:07,  3.59it/s, loss=1.146]
  epoch 1/3:  69%|██████▉   | 61/88 [00:17<00:07,  3.58it/s, loss=1.146]
  epoch 1/3:  69%|██████▉   | 61/88 [00:17<00:07,  3.58it/s, loss=1.139]
  epoch 1/3:  70%|███████   | 62/88 [00:17<00:07,  3.58it/s, loss=1.139]
  epoch 1/3:  70%|███████   | 62/88 [00:17<00:07,  3.58it/s, loss=1.133]
  epoch 1/3:  72%|███████▏  | 63/88 [00:17<00:06,  3.59it/s, loss=1.133]
  epoch 1/3:  72%|███████▏  | 63/88 [00:18<00:06,  3.59it/s, loss=1.125]
  epoch 1/3:  73%|███████▎  | 64/88 [00:18<00:06,  3.53it/s, loss=1.125]
  epoch 1/3:  73%|███████▎  | 64/88 [00:18<00:06,  3.53it/s, loss=1.115]
  epoch 1/3:  74%|███████▍  | 65/88 [00:18<00:06,  3.57it/s, loss=1.115]
  epoch 1/3:  74%|███████▍  | 65/88 [00:18<00:06,  3.57it/s, loss=1.106]
  epoch 1/3:  75%|███████▌  | 66/88 [00:18<00:06,  3.56it/s, loss=1.106]
  epoch 1/3:  75%|███████▌  | 66/88 [00:18<00:06,  3.56it/s, loss=1.099]
  epoch 1/3:  76%|███████▌  | 67/88 [00:18<00:05,  3.56it/s, loss=1.099]
  epoch 1/3:  76%|███████▌  | 67/88 [00:19<00:05,  3.56it/s, loss=1.093]
  epoch 1/3:  77%|███████▋  | 68/88 [00:19<00:05,  3.57it/s, loss=1.093]
  epoch 1/3:  77%|███████▋  | 68/88 [00:19<00:05,  3.57it/s, loss=1.086]
  epoch 1/3:  78%|███████▊  | 69/88 [00:19<00:05,  3.59it/s, loss=1.086]
  epoch 1/3:  78%|███████▊  | 69/88 [00:19<00:05,  3.59it/s, loss=1.078]
  epoch 1/3:  80%|███████▉  | 70/88 [00:19<00:05,  3.58it/s, loss=1.078]
  epoch 1/3:  80%|███████▉  | 70/88 [00:19<00:05,  3.58it/s, loss=1.071]
  epoch 1/3:  81%|████████  | 71/88 [00:19<00:04,  3.57it/s, loss=1.071]
  epoch 1/3:  81%|████████  | 71/88 [00:20<00:04,  3.57it/s, loss=1.065]
  epoch 1/3:  82%|████████▏ | 72/88 [00:20<00:04,  3.57it/s, loss=1.065]
  epoch 1/3:  82%|████████▏ | 72/88 [00:20<00:04,  3.57it/s, loss=1.058]
  epoch 1/3:  83%|████████▎ | 73/88 [00:20<00:04,  3.59it/s, loss=1.058]
  epoch 1/3:  83%|████████▎ | 73/88 [00:20<00:04,  3.59it/s, loss=1.051]
  epoch 1/3:  84%|████████▍ | 74/88 [00:20<00:03,  3.59it/s, loss=1.051]
  epoch 1/3:  84%|████████▍ | 74/88 [00:21<00:03,  3.59it/s, loss=1.044]
  epoch 1/3:  85%|████████▌ | 75/88 [00:21<00:03,  3.58it/s, loss=1.044]
  epoch 1/3:  85%|████████▌ | 75/88 [00:21<00:03,  3.58it/s, loss=1.037]
  epoch 1/3:  86%|████████▋ | 76/88 [00:21<00:03,  3.59it/s, loss=1.037]
  epoch 1/3:  86%|████████▋ | 76/88 [00:21<00:03,  3.59it/s, loss=1.032]
  epoch 1/3:  88%|████████▊ | 77/88 [00:21<00:03,  3.60it/s, loss=1.032]
  epoch 1/3:  88%|████████▊ | 77/88 [00:21<00:03,  3.60it/s, loss=1.027]
  epoch 1/3:  89%|████████▊ | 78/88 [00:21<00:02,  3.59it/s, loss=1.027]
  epoch 1/3:  89%|████████▊ | 78/88 [00:22<00:02,  3.59it/s, loss=1.019]
  epoch 1/3:  90%|████████▉ | 79/88 [00:22<00:02,  3.59it/s, loss=1.019]
  epoch 1/3:  90%|████████▉ | 79/88 [00:22<00:02,  3.59it/s, loss=1.015]
  epoch 1/3:  91%|█████████ | 80/88 [00:22<00:02,  3.57it/s, loss=1.015]
  epoch 1/3:  91%|█████████ | 80/88 [00:22<00:02,  3.57it/s, loss=1.008]
  epoch 1/3:  92%|█████████▏| 81/88 [00:22<00:01,  3.59it/s, loss=1.008]
  epoch 1/3:  92%|█████████▏| 81/88 [00:23<00:01,  3.59it/s, loss=1.002]
  epoch 1/3:  93%|█████████▎| 82/88 [00:23<00:01,  3.59it/s, loss=1.002]
  epoch 1/3:  93%|█████████▎| 82/88 [00:23<00:01,  3.59it/s, loss=0.996]
  epoch 1/3:  94%|█████████▍| 83/88 [00:23<00:01,  3.58it/s, loss=0.996]
  epoch 1/3:  94%|█████████▍| 83/88 [00:23<00:01,  3.58it/s, loss=0.990]
  epoch 1/3:  95%|█████████▌| 84/88 [00:23<00:01,  3.58it/s, loss=0.990]
  epoch 1/3:  95%|█████████▌| 84/88 [00:23<00:01,  3.58it/s, loss=0.985]
  epoch 1/3:  97%|█████████▋| 85/88 [00:23<00:00,  3.59it/s, loss=0.985]
  epoch 1/3:  97%|█████████▋| 85/88 [00:24<00:00,  3.59it/s, loss=0.978]
  epoch 1/3:  98%|█████████▊| 86/88 [00:24<00:00,  3.58it/s, loss=0.978]
  epoch 1/3:  98%|█████████▊| 86/88 [00:24<00:00,  3.58it/s, loss=0.972]
  epoch 1/3:  99%|█████████▉| 87/88 [00:24<00:00,  3.57it/s, loss=0.972]
  epoch 1/3:  99%|█████████▉| 87/88 [00:24<00:00,  3.57it/s, loss=0.970]
  epoch 1/3: 100%|██████████| 88/88 [00:24<00:00,  3.91it/s, loss=0.970]
                                                                        

  epoch 2/3:   0%|          | 0/88 [00:00<?, ?it/s]
  epoch 2/3:   0%|          | 0/88 [00:00<?, ?it/s, loss=0.550]
  epoch 2/3:   1%|          | 1/88 [00:00<00:47,  1.84it/s, loss=0.550]
  epoch 2/3:   1%|          | 1/88 [00:00<00:47,  1.84it/s, loss=0.474]
  epoch 2/3:   2%|▏         | 2/88 [00:00<00:33,  2.58it/s, loss=0.474]
  epoch 2/3:   2%|▏         | 2/88 [00:01<00:33,  2.58it/s, loss=0.447]
  epoch 2/3:   3%|▎         | 3/88 [00:01<00:28,  2.96it/s, loss=0.447]
  epoch 2/3:   3%|▎         | 3/88 [00:01<00:28,  2.96it/s, loss=0.445]
  epoch 2/3:   5%|▍         | 4/88 [00:01<00:26,  3.19it/s, loss=0.445]
  epoch 2/3:   5%|▍         | 4/88 [00:01<00:26,  3.19it/s, loss=0.434]
  epoch 2/3:   6%|▌         | 5/88 [00:01<00:25,  3.32it/s, loss=0.434]
  epoch 2/3:   6%|▌         | 5/88 [00:01<00:25,  3.32it/s, loss=0.439]
  epoch 2/3:   7%|▋         | 6/88 [00:01<00:24,  3.40it/s, loss=0.439]
  epoch 2/3:   7%|▋         | 6/88 [00:02<00:24,  3.40it/s, loss=0.462]
  epoch 2/3:   8%|▊         | 7/88 [00:02<00:23,  3.49it/s, loss=0.462]
  epoch 2/3:   8%|▊         | 7/88 [00:02<00:23,  3.49it/s, loss=0.453]
  epoch 2/3:   9%|▉         | 8/88 [00:02<00:23,  3.47it/s, loss=0.453]
  epoch 2/3:   9%|▉         | 8/88 [00:02<00:23,  3.47it/s, loss=0.445]
  epoch 2/3:  10%|█         | 9/88 [00:02<00:22,  3.51it/s, loss=0.445]
  epoch 2/3:  10%|█         | 9/88 [00:03<00:22,  3.51it/s, loss=0.437]
  epoch 2/3:  11%|█▏        | 10/88 [00:03<00:22,  3.52it/s, loss=0.437]
  epoch 2/3:  11%|█▏        | 10/88 [00:03<00:22,  3.52it/s, loss=0.435]
  epoch 2/3:  12%|█▎        | 11/88 [00:03<00:21,  3.55it/s, loss=0.435]
  epoch 2/3:  12%|█▎        | 11/88 [00:03<00:21,  3.55it/s, loss=0.427]
  epoch 2/3:  14%|█▎        | 12/88 [00:03<00:21,  3.55it/s, loss=0.427]
  epoch 2/3:  14%|█▎        | 12/88 [00:03<00:21,  3.55it/s, loss=0.421]
  epoch 2/3:  15%|█▍        | 13/88 [00:03<00:20,  3.58it/s, loss=0.421]
  epoch 2/3:  15%|█▍        | 13/88 [00:04<00:20,  3.58it/s, loss=0.414]
  epoch 2/3:  16%|█▌        | 14/88 [00:04<00:20,  3.57it/s, loss=0.414]
  epoch 2/3:  16%|█▌        | 14/88 [00:04<00:20,  3.57it/s, loss=0.409]
  epoch 2/3:  17%|█▋        | 15/88 [00:04<00:20,  3.58it/s, loss=0.409]
  epoch 2/3:  17%|█▋        | 15/88 [00:04<00:20,  3.58it/s, loss=0.402]
  epoch 2/3:  18%|█▊        | 16/88 [00:04<00:20,  3.58it/s, loss=0.402]
  epoch 2/3:  18%|█▊        | 16/88 [00:05<00:20,  3.58it/s, loss=0.398]
  epoch 2/3:  19%|█▉        | 17/88 [00:05<00:19,  3.59it/s, loss=0.398]
  epoch 2/3:  19%|█▉        | 17/88 [00:05<00:19,  3.59it/s, loss=0.398]
  epoch 2/3:  20%|██        | 18/88 [00:05<00:19,  3.58it/s, loss=0.398]
  epoch 2/3:  20%|██        | 18/88 [00:05<00:19,  3.58it/s, loss=0.392]
  epoch 2/3:  22%|██▏       | 19/88 [00:05<00:19,  3.56it/s, loss=0.392]
  epoch 2/3:  22%|██▏       | 19/88 [00:05<00:19,  3.56it/s, loss=0.393]
  epoch 2/3:  23%|██▎       | 20/88 [00:05<00:18,  3.58it/s, loss=0.393]
  epoch 2/3:  23%|██▎       | 20/88 [00:06<00:18,  3.58it/s, loss=0.392]
  epoch 2/3:  24%|██▍       | 21/88 [00:06<00:18,  3.59it/s, loss=0.392]
  epoch 2/3:  24%|██▍       | 21/88 [00:06<00:18,  3.59it/s, loss=0.387]
  epoch 2/3:  25%|██▌       | 22/88 [00:06<00:18,  3.58it/s, loss=0.387]
  epoch 2/3:  25%|██▌       | 22/88 [00:06<00:18,  3.58it/s, loss=0.381]
  epoch 2/3:  26%|██▌       | 23/88 [00:06<00:18,  3.57it/s, loss=0.381]
  epoch 2/3:  26%|██▌       | 23/88 [00:06<00:18,  3.57it/s, loss=0.380]
  epoch 2/3:  27%|██▋       | 24/88 [00:06<00:18,  3.51it/s, loss=0.380]
  epoch 2/3:  27%|██▋       | 24/88 [00:07<00:18,  3.51it/s, loss=0.377]
  epoch 2/3:  28%|██▊       | 25/88 [00:07<00:17,  3.56it/s, loss=0.377]
  epoch 2/3:  28%|██▊       | 25/88 [00:07<00:17,  3.56it/s, loss=0.379]
  epoch 2/3:  30%|██▉       | 26/88 [00:07<00:17,  3.55it/s, loss=0.379]
  epoch 2/3:  30%|██▉       | 26/88 [00:07<00:17,  3.55it/s, loss=0.376]
  epoch 2/3:  31%|███       | 27/88 [00:07<00:17,  3.56it/s, loss=0.376]
  epoch 2/3:  31%|███       | 27/88 [00:08<00:17,  3.56it/s, loss=0.377]
  epoch 2/3:  32%|███▏      | 28/88 [00:08<00:16,  3.56it/s, loss=0.377]
  epoch 2/3:  32%|███▏      | 28/88 [00:08<00:16,  3.56it/s, loss=0.374]
  epoch 2/3:  33%|███▎      | 29/88 [00:08<00:16,  3.58it/s, loss=0.374]
  epoch 2/3:  33%|███▎      | 29/88 [00:08<00:16,  3.58it/s, loss=0.372]
  epoch 2/3:  34%|███▍      | 30/88 [00:08<00:16,  3.58it/s, loss=0.372]
  epoch 2/3:  34%|███▍      | 30/88 [00:08<00:16,  3.58it/s, loss=0.370]
  epoch 2/3:  35%|███▌      | 31/88 [00:08<00:15,  3.59it/s, loss=0.370]
  epoch 2/3:  35%|███▌      | 31/88 [00:09<00:15,  3.59it/s, loss=0.368]
  epoch 2/3:  36%|███▋      | 32/88 [00:09<00:15,  3.58it/s, loss=0.368]
  epoch 2/3:  36%|███▋      | 32/88 [00:09<00:15,  3.58it/s, loss=0.366]
  epoch 2/3:  38%|███▊      | 33/88 [00:09<00:15,  3.60it/s, loss=0.366]
  epoch 2/3:  38%|███▊      | 33/88 [00:09<00:15,  3.60it/s, loss=0.364]
  epoch 2/3:  39%|███▊      | 34/88 [00:09<00:15,  3.58it/s, loss=0.364]
  epoch 2/3:  39%|███▊      | 34/88 [00:10<00:15,  3.58it/s, loss=0.361]
  epoch 2/3:  40%|███▉      | 35/88 [00:10<00:14,  3.59it/s, loss=0.361]
  epoch 2/3:  40%|███▉      | 35/88 [00:10<00:14,  3.59it/s, loss=0.361]
  epoch 2/3:  41%|████      | 36/88 [00:10<00:14,  3.62it/s, loss=0.361]
  epoch 2/3:  41%|████      | 36/88 [00:10<00:14,  3.62it/s, loss=0.356]
  epoch 2/3:  42%|████▏     | 37/88 [00:10<00:14,  3.59it/s, loss=0.356]
  epoch 2/3:  42%|████▏     | 37/88 [00:10<00:14,  3.59it/s, loss=0.351]
  epoch 2/3:  43%|████▎     | 38/88 [00:10<00:13,  3.60it/s, loss=0.351]
  epoch 2/3:  43%|████▎     | 38/88 [00:11<00:13,  3.60it/s, loss=0.348]
  epoch 2/3:  44%|████▍     | 39/88 [00:11<00:13,  3.60it/s, loss=0.348]
  epoch 2/3:  44%|████▍     | 39/88 [00:11<00:13,  3.60it/s, loss=0.346]
  epoch 2/3:  45%|████▌     | 40/88 [00:11<00:13,  3.56it/s, loss=0.346]
  epoch 2/3:  45%|████▌     | 40/88 [00:11<00:13,  3.56it/s, loss=0.342]
  epoch 2/3:  47%|████▋     | 41/88 [00:11<00:13,  3.58it/s, loss=0.342]
  epoch 2/3:  47%|████▋     | 41/88 [00:11<00:13,  3.58it/s, loss=0.340]
  epoch 2/3:  48%|████▊     | 42/88 [00:11<00:12,  3.59it/s, loss=0.340]
  epoch 2/3:  48%|████▊     | 42/88 [00:12<00:12,  3.59it/s, loss=0.335]
  epoch 2/3:  49%|████▉     | 43/88 [00:12<00:12,  3.59it/s, loss=0.335]
  epoch 2/3:  49%|████▉     | 43/88 [00:12<00:12,  3.59it/s, loss=0.332]
  epoch 2/3:  50%|█████     | 44/88 [00:12<00:12,  3.60it/s, loss=0.332]
  epoch 2/3:  50%|█████     | 44/88 [00:12<00:12,  3.60it/s, loss=0.329]
  epoch 2/3:  51%|█████     | 45/88 [00:12<00:11,  3.59it/s, loss=0.329]
  epoch 2/3:  51%|█████     | 45/88 [00:13<00:11,  3.59it/s, loss=0.325]
  epoch 2/3:  52%|█████▏    | 46/88 [00:13<00:11,  3.59it/s, loss=0.325]
  epoch 2/3:  52%|█████▏    | 46/88 [00:13<00:11,  3.59it/s, loss=0.325]
  epoch 2/3:  53%|█████▎    | 47/88 [00:13<00:11,  3.62it/s, loss=0.325]
  epoch 2/3:  53%|█████▎    | 47/88 [00:13<00:11,  3.62it/s, loss=0.322]
  epoch 2/3:  55%|█████▍    | 48/88 [00:13<00:11,  3.61it/s, loss=0.322]
  epoch 2/3:  55%|█████▍    | 48/88 [00:13<00:11,  3.61it/s, loss=0.321]
  epoch 2/3:  56%|█████▌    | 49/88 [00:13<00:10,  3.60it/s, loss=0.321]
  epoch 2/3:  56%|█████▌    | 49/88 [00:14<00:10,  3.60it/s, loss=0.321]
  epoch 2/3:  57%|█████▋    | 50/88 [00:14<00:10,  3.60it/s, loss=0.321]
  epoch 2/3:  57%|█████▋    | 50/88 [00:14<00:10,  3.60it/s, loss=0.318]
  epoch 2/3:  58%|█████▊    | 51/88 [00:14<00:10,  3.61it/s, loss=0.318]
  epoch 2/3:  58%|█████▊    | 51/88 [00:14<00:10,  3.61it/s, loss=0.317]
  epoch 2/3:  59%|█████▉    | 52/88 [00:14<00:09,  3.61it/s, loss=0.317]
  epoch 2/3:  59%|█████▉    | 52/88 [00:15<00:09,  3.61it/s, loss=0.315]
  epoch 2/3:  60%|██████    | 53/88 [00:15<00:09,  3.62it/s, loss=0.315]
  epoch 2/3:  60%|██████    | 53/88 [00:15<00:09,  3.62it/s, loss=0.312]
  epoch 2/3:  61%|██████▏   | 54/88 [00:15<00:09,  3.60it/s, loss=0.312]
  epoch 2/3:  61%|██████▏   | 54/88 [00:15<00:09,  3.60it/s, loss=0.309]
  epoch 2/3:  62%|██████▎   | 55/88 [00:15<00:09,  3.60it/s, loss=0.309]
  epoch 2/3:  62%|██████▎   | 55/88 [00:15<00:09,  3.60it/s, loss=0.308]
  epoch 2/3:  64%|██████▎   | 56/88 [00:15<00:09,  3.55it/s, loss=0.308]
  epoch 2/3:  64%|██████▎   | 56/88 [00:16<00:09,  3.55it/s, loss=0.306]
  epoch 2/3:  65%|██████▍   | 57/88 [00:16<00:08,  3.57it/s, loss=0.306]
  epoch 2/3:  65%|██████▍   | 57/88 [00:16<00:08,  3.57it/s, loss=0.305]
  epoch 2/3:  66%|██████▌   | 58/88 [00:16<00:08,  3.56it/s, loss=0.305]
  epoch 2/3:  66%|██████▌   | 58/88 [00:16<00:08,  3.56it/s, loss=0.304]
  epoch 2/3:  67%|██████▋   | 59/88 [00:16<00:08,  3.56it/s, loss=0.304]
  epoch 2/3:  67%|██████▋   | 59/88 [00:17<00:08,  3.56it/s, loss=0.302]
  epoch 2/3:  68%|██████▊   | 60/88 [00:17<00:07,  3.59it/s, loss=0.302]
  epoch 2/3:  68%|██████▊   | 60/88 [00:17<00:07,  3.59it/s, loss=0.301]
  epoch 2/3:  69%|██████▉   | 61/88 [00:17<00:07,  3.60it/s, loss=0.301]
  epoch 2/3:  69%|██████▉   | 61/88 [00:17<00:07,  3.60it/s, loss=0.298]
  epoch 2/3:  70%|███████   | 62/88 [00:17<00:07,  3.61it/s, loss=0.298]
  epoch 2/3:  70%|███████   | 62/88 [00:17<00:07,  3.61it/s, loss=0.296]
  epoch 2/3:  72%|███████▏  | 63/88 [00:17<00:06,  3.60it/s, loss=0.296]
  epoch 2/3:  72%|███████▏  | 63/88 [00:18<00:06,  3.60it/s, loss=0.294]
  epoch 2/3:  73%|███████▎  | 64/88 [00:18<00:06,  3.60it/s, loss=0.294]
  epoch 2/3:  73%|███████▎  | 64/88 [00:18<00:06,  3.60it/s, loss=0.292]
  epoch 2/3:  74%|███████▍  | 65/88 [00:18<00:06,  3.60it/s, loss=0.292]
  epoch 2/3:  74%|███████▍  | 65/88 [00:18<00:06,  3.60it/s, loss=0.291]
  epoch 2/3:  75%|███████▌  | 66/88 [00:18<00:06,  3.61it/s, loss=0.291]
  epoch 2/3:  75%|███████▌  | 66/88 [00:18<00:06,  3.61it/s, loss=0.288]
  epoch 2/3:  76%|███████▌  | 67/88 [00:18<00:05,  3.60it/s, loss=0.288]
  epoch 2/3:  76%|███████▌  | 67/88 [00:19<00:05,  3.60it/s, loss=0.288]
  epoch 2/3:  77%|███████▋  | 68/88 [00:19<00:05,  3.59it/s, loss=0.288]
  epoch 2/3:  77%|███████▋  | 68/88 [00:19<00:05,  3.59it/s, loss=0.287]
  epoch 2/3:  78%|███████▊  | 69/88 [00:19<00:05,  3.62it/s, loss=0.287]
  epoch 2/3:  78%|███████▊  | 69/88 [00:19<00:05,  3.62it/s, loss=0.285]
  epoch 2/3:  80%|███████▉  | 70/88 [00:19<00:05,  3.59it/s, loss=0.285]
  epoch 2/3:  80%|███████▉  | 70/88 [00:20<00:05,  3.59it/s, loss=0.283]
  epoch 2/3:  81%|████████  | 71/88 [00:20<00:04,  3.59it/s, loss=0.283]
  epoch 2/3:  81%|████████  | 71/88 [00:20<00:04,  3.59it/s, loss=0.283]
  epoch 2/3:  82%|████████▏ | 72/88 [00:20<00:04,  3.55it/s, loss=0.283]
  epoch 2/3:  82%|████████▏ | 72/88 [00:20<00:04,  3.55it/s, loss=0.281]
  epoch 2/3:  83%|████████▎ | 73/88 [00:20<00:04,  3.57it/s, loss=0.281]
  epoch 2/3:  83%|████████▎ | 73/88 [00:20<00:04,  3.57it/s, loss=0.280]
  epoch 2/3:  84%|████████▍ | 74/88 [00:20<00:03,  3.60it/s, loss=0.280]
  epoch 2/3:  84%|████████▍ | 74/88 [00:21<00:03,  3.60it/s, loss=0.277]
  epoch 2/3:  85%|████████▌ | 75/88 [00:21<00:03,  3.60it/s, loss=0.277]
  epoch 2/3:  85%|████████▌ | 75/88 [00:21<00:03,  3.60it/s, loss=0.276]
  epoch 2/3:  86%|████████▋ | 76/88 [00:21<00:03,  3.60it/s, loss=0.276]
  epoch 2/3:  86%|████████▋ | 76/88 [00:21<00:03,  3.60it/s, loss=0.274]
  epoch 2/3:  88%|████████▊ | 77/88 [00:21<00:03,  3.62it/s, loss=0.274]
  epoch 2/3:  88%|████████▊ | 77/88 [00:22<00:03,  3.62it/s, loss=0.273]
  epoch 2/3:  89%|████████▊ | 78/88 [00:22<00:02,  3.61it/s, loss=0.273]
  epoch 2/3:  89%|████████▊ | 78/88 [00:22<00:02,  3.61it/s, loss=0.271]
  epoch 2/3:  90%|████████▉ | 79/88 [00:22<00:02,  3.61it/s, loss=0.271]
  epoch 2/3:  90%|████████▉ | 79/88 [00:22<00:02,  3.61it/s, loss=0.270]
  epoch 2/3:  91%|█████████ | 80/88 [00:22<00:02,  3.62it/s, loss=0.270]
  epoch 2/3:  91%|█████████ | 80/88 [00:22<00:02,  3.62it/s, loss=0.268]
  epoch 2/3:  92%|█████████▏| 81/88 [00:22<00:01,  3.61it/s, loss=0.268]
  epoch 2/3:  92%|█████████▏| 81/88 [00:23<00:01,  3.61it/s, loss=0.267]
  epoch 2/3:  93%|█████████▎| 82/88 [00:23<00:01,  3.61it/s, loss=0.267]
  epoch 2/3:  93%|█████████▎| 82/88 [00:23<00:01,  3.61it/s, loss=0.266]
  epoch 2/3:  94%|█████████▍| 83/88 [00:23<00:01,  3.63it/s, loss=0.266]
  epoch 2/3:  94%|█████████▍| 83/88 [00:23<00:01,  3.63it/s, loss=0.265]
  epoch 2/3:  95%|█████████▌| 84/88 [00:23<00:01,  3.63it/s, loss=0.265]
  epoch 2/3:  95%|█████████▌| 84/88 [00:23<00:01,  3.63it/s, loss=0.263]
  epoch 2/3:  97%|█████████▋| 85/88 [00:23<00:00,  3.64it/s, loss=0.263]
  epoch 2/3:  97%|█████████▋| 85/88 [00:24<00:00,  3.64it/s, loss=0.261]
  epoch 2/3:  98%|█████████▊| 86/88 [00:24<00:00,  3.64it/s, loss=0.261]
  epoch 2/3:  98%|█████████▊| 86/88 [00:24<00:00,  3.64it/s, loss=0.259]
  epoch 2/3:  99%|█████████▉| 87/88 [00:24<00:00,  3.65it/s, loss=0.259]
  epoch 2/3:  99%|█████████▉| 87/88 [00:24<00:00,  3.65it/s, loss=0.259]
  epoch 2/3: 100%|██████████| 88/88 [00:24<00:00,  3.93it/s, loss=0.259]
                                                                        

  epoch 3/3:   0%|          | 0/88 [00:00<?, ?it/s]
  epoch 3/3:   0%|          | 0/88 [00:00<?, ?it/s, loss=0.115]
  epoch 3/3:   1%|          | 1/88 [00:00<00:47,  1.84it/s, loss=0.115]
  epoch 3/3:   1%|          | 1/88 [00:00<00:47,  1.84it/s, loss=0.095]
  epoch 3/3:   2%|▏         | 2/88 [00:00<00:33,  2.60it/s, loss=0.095]
  epoch 3/3:   2%|▏         | 2/88 [00:01<00:33,  2.60it/s, loss=0.096]
  epoch 3/3:   3%|▎         | 3/88 [00:01<00:28,  2.98it/s, loss=0.096]
  epoch 3/3:   3%|▎         | 3/88 [00:01<00:28,  2.98it/s, loss=0.096]
  epoch 3/3:   5%|▍         | 4/88 [00:01<00:26,  3.20it/s, loss=0.096]
  epoch 3/3:   5%|▍         | 4/88 [00:01<00:26,  3.20it/s, loss=0.109]
  epoch 3/3:   6%|▌         | 5/88 [00:01<00:24,  3.35it/s, loss=0.109]
  epoch 3/3:   6%|▌         | 5/88 [00:01<00:24,  3.35it/s, loss=0.115]
  epoch 3/3:   7%|▋         | 6/88 [00:01<00:23,  3.42it/s, loss=0.115]
  epoch 3/3:   7%|▋         | 6/88 [00:02<00:23,  3.42it/s, loss=0.122]
  epoch 3/3:   8%|▊         | 7/88 [00:02<00:23,  3.49it/s, loss=0.122]
  epoch 3/3:   8%|▊         | 7/88 [00:02<00:23,  3.49it/s, loss=0.124]
  epoch 3/3:   9%|▉         | 8/88 [00:02<00:22,  3.53it/s, loss=0.124]
  epoch 3/3:   9%|▉         | 8/88 [00:02<00:22,  3.53it/s, loss=0.126]
  epoch 3/3:  10%|█         | 9/88 [00:02<00:22,  3.54it/s, loss=0.126]
  epoch 3/3:  10%|█         | 9/88 [00:03<00:22,  3.54it/s, loss=0.130]
  epoch 3/3:  11%|█▏        | 10/88 [00:03<00:21,  3.56it/s, loss=0.130]
  epoch 3/3:  11%|█▏        | 10/88 [00:03<00:21,  3.56it/s, loss=0.133]
  epoch 3/3:  12%|█▎        | 11/88 [00:03<00:21,  3.60it/s, loss=0.133]
  epoch 3/3:  12%|█▎        | 11/88 [00:03<00:21,  3.60it/s, loss=0.140]
  epoch 3/3:  14%|█▎        | 12/88 [00:03<00:21,  3.60it/s, loss=0.140]
  epoch 3/3:  14%|█▎        | 12/88 [00:03<00:21,  3.60it/s, loss=0.138]
  epoch 3/3:  15%|█▍        | 13/88 [00:03<00:20,  3.63it/s, loss=0.138]
  epoch 3/3:  15%|█▍        | 13/88 [00:04<00:20,  3.63it/s, loss=0.138]
  epoch 3/3:  16%|█▌        | 14/88 [00:04<00:20,  3.63it/s, loss=0.138]
  epoch 3/3:  16%|█▌        | 14/88 [00:04<00:20,  3.63it/s, loss=0.136]
  epoch 3/3:  17%|█▋        | 15/88 [00:04<00:20,  3.64it/s, loss=0.136]
  epoch 3/3:  17%|█▋        | 15/88 [00:04<00:20,  3.64it/s, loss=0.132]
  epoch 3/3:  18%|█▊        | 16/88 [00:04<00:20,  3.58it/s, loss=0.132]
  epoch 3/3:  18%|█▊        | 16/88 [00:04<00:20,  3.58it/s, loss=0.129]
  epoch 3/3:  19%|█▉        | 17/88 [00:04<00:19,  3.60it/s, loss=0.129]
  epoch 3/3:  19%|█▉        | 17/88 [00:05<00:19,  3.60it/s, loss=0.132]
  epoch 3/3:  20%|██        | 18/88 [00:05<00:19,  3.60it/s, loss=0.132]
  epoch 3/3:  20%|██        | 18/88 [00:05<00:19,  3.60it/s, loss=0.136]
  epoch 3/3:  22%|██▏       | 19/88 [00:05<00:19,  3.62it/s, loss=0.136]
  epoch 3/3:  22%|██▏       | 19/88 [00:05<00:19,  3.62it/s, loss=0.133]
  epoch 3/3:  23%|██▎       | 20/88 [00:05<00:18,  3.61it/s, loss=0.133]
  epoch 3/3:  23%|██▎       | 20/88 [00:06<00:18,  3.61it/s, loss=0.130]
  epoch 3/3:  24%|██▍       | 21/88 [00:06<00:18,  3.61it/s, loss=0.130]
  epoch 3/3:  24%|██▍       | 21/88 [00:06<00:18,  3.61it/s, loss=0.133]
  epoch 3/3:  25%|██▌       | 22/88 [00:06<00:18,  3.62it/s, loss=0.133]
  epoch 3/3:  25%|██▌       | 22/88 [00:06<00:18,  3.62it/s, loss=0.133]
  epoch 3/3:  26%|██▌       | 23/88 [00:06<00:18,  3.61it/s, loss=0.133]
  epoch 3/3:  26%|██▌       | 23/88 [00:06<00:18,  3.61it/s, loss=0.134]
  epoch 3/3:  27%|██▋       | 24/88 [00:06<00:17,  3.61it/s, loss=0.134]
  epoch 3/3:  27%|██▋       | 24/88 [00:07<00:17,  3.61it/s, loss=0.132]
  epoch 3/3:  28%|██▊       | 25/88 [00:07<00:17,  3.62it/s, loss=0.132]
  epoch 3/3:  28%|██▊       | 25/88 [00:07<00:17,  3.62it/s, loss=0.130]
  epoch 3/3:  30%|██▉       | 26/88 [00:07<00:17,  3.60it/s, loss=0.130]
  epoch 3/3:  30%|██▉       | 26/88 [00:07<00:17,  3.60it/s, loss=0.128]
  epoch 3/3:  31%|███       | 27/88 [00:07<00:16,  3.60it/s, loss=0.128]
  epoch 3/3:  31%|███       | 27/88 [00:08<00:16,  3.60it/s, loss=0.126]
  epoch 3/3:  32%|███▏      | 28/88 [00:08<00:16,  3.62it/s, loss=0.126]
  epoch 3/3:  32%|███▏      | 28/88 [00:08<00:16,  3.62it/s, loss=0.126]
  epoch 3/3:  33%|███▎      | 29/88 [00:08<00:16,  3.60it/s, loss=0.126]
  epoch 3/3:  33%|███▎      | 29/88 [00:08<00:16,  3.60it/s, loss=0.125]
  epoch 3/3:  34%|███▍      | 30/88 [00:08<00:16,  3.60it/s, loss=0.125]
  epoch 3/3:  34%|███▍      | 30/88 [00:08<00:16,  3.60it/s, loss=0.123]
  epoch 3/3:  35%|███▌      | 31/88 [00:08<00:15,  3.59it/s, loss=0.123]
  epoch 3/3:  35%|███▌      | 31/88 [00:09<00:15,  3.59it/s, loss=0.125]
  epoch 3/3:  36%|███▋      | 32/88 [00:09<00:15,  3.56it/s, loss=0.125]
  epoch 3/3:  36%|███▋      | 32/88 [00:09<00:15,  3.56it/s, loss=0.123]
  epoch 3/3:  38%|███▊      | 33/88 [00:09<00:15,  3.60it/s, loss=0.123]
  epoch 3/3:  38%|███▊      | 33/88 [00:09<00:15,  3.60it/s, loss=0.123]
  epoch 3/3:  39%|███▊      | 34/88 [00:09<00:15,  3.58it/s, loss=0.123]
  epoch 3/3:  39%|███▊      | 34/88 [00:09<00:15,  3.58it/s, loss=0.124]
  epoch 3/3:  40%|███▉      | 35/88 [00:09<00:14,  3.58it/s, loss=0.124]
  epoch 3/3:  40%|███▉      | 35/88 [00:10<00:14,  3.58it/s, loss=0.123]
  epoch 3/3:  41%|████      | 36/88 [00:10<00:14,  3.58it/s, loss=0.123]
  epoch 3/3:  41%|████      | 36/88 [00:10<00:14,  3.58it/s, loss=0.124]
  epoch 3/3:  42%|████▏     | 37/88 [00:10<00:14,  3.60it/s, loss=0.124]
  epoch 3/3:  42%|████▏     | 37/88 [00:10<00:14,  3.60it/s, loss=0.123]
  epoch 3/3:  43%|████▎     | 38/88 [00:10<00:13,  3.59it/s, loss=0.123]
  epoch 3/3:  43%|████▎     | 38/88 [00:11<00:13,  3.59it/s, loss=0.121]
  epoch 3/3:  44%|████▍     | 39/88 [00:11<00:13,  3.60it/s, loss=0.121]
  epoch 3/3:  44%|████▍     | 39/88 [00:11<00:13,  3.60it/s, loss=0.120]
  epoch 3/3:  45%|████▌     | 40/88 [00:11<00:13,  3.62it/s, loss=0.120]
  epoch 3/3:  45%|████▌     | 40/88 [00:11<00:13,  3.62it/s, loss=0.118]
  epoch 3/3:  47%|████▋     | 41/88 [00:11<00:13,  3.60it/s, loss=0.118]
  epoch 3/3:  47%|████▋     | 41/88 [00:11<00:13,  3.60it/s, loss=0.118]
  epoch 3/3:  48%|████▊     | 42/88 [00:11<00:12,  3.60it/s, loss=0.118]
  epoch 3/3:  48%|████▊     | 42/88 [00:12<00:12,  3.60it/s, loss=0.119]
  epoch 3/3:  49%|████▉     | 43/88 [00:12<00:12,  3.63it/s, loss=0.119]
  epoch 3/3:  49%|████▉     | 43/88 [00:12<00:12,  3.63it/s, loss=0.117]
  epoch 3/3:  50%|█████     | 44/88 [00:12<00:12,  3.61it/s, loss=0.117]
  epoch 3/3:  50%|█████     | 44/88 [00:12<00:12,  3.61it/s, loss=0.117]
  epoch 3/3:  51%|█████     | 45/88 [00:12<00:11,  3.61it/s, loss=0.117]
  epoch 3/3:  51%|█████     | 45/88 [00:13<00:11,  3.61it/s, loss=0.116]
  epoch 3/3:  52%|█████▏    | 46/88 [00:13<00:11,  3.61it/s, loss=0.116]
  epoch 3/3:  52%|█████▏    | 46/88 [00:13<00:11,  3.61it/s, loss=0.116]
  epoch 3/3:  53%|█████▎    | 47/88 [00:13<00:11,  3.61it/s, loss=0.116]
  epoch 3/3:  53%|█████▎    | 47/88 [00:13<00:11,  3.61it/s, loss=0.115]
  epoch 3/3:  55%|█████▍    | 48/88 [00:13<00:11,  3.56it/s, loss=0.115]
  epoch 3/3:  55%|█████▍    | 48/88 [00:13<00:11,  3.56it/s, loss=0.114]
  epoch 3/3:  56%|█████▌    | 49/88 [00:13<00:10,  3.57it/s, loss=0.114]
  epoch 3/3:  56%|█████▌    | 49/88 [00:14<00:10,  3.57it/s, loss=0.113]
  epoch 3/3:  57%|█████▋    | 50/88 [00:14<00:10,  3.58it/s, loss=0.113]
  epoch 3/3:  57%|█████▋    | 50/88 [00:14<00:10,  3.58it/s, loss=0.113]
  epoch 3/3:  58%|█████▊    | 51/88 [00:14<00:10,  3.60it/s, loss=0.113]
  epoch 3/3:  58%|█████▊    | 51/88 [00:14<00:10,  3.60it/s, loss=0.114]
  epoch 3/3:  59%|█████▉    | 52/88 [00:14<00:09,  3.61it/s, loss=0.114]
  epoch 3/3:  59%|█████▉    | 52/88 [00:14<00:09,  3.61it/s, loss=0.113]
  epoch 3/3:  60%|██████    | 53/88 [00:14<00:09,  3.61it/s, loss=0.113]
  epoch 3/3:  60%|██████    | 53/88 [00:15<00:09,  3.61it/s, loss=0.112]
  epoch 3/3:  61%|██████▏   | 54/88 [00:15<00:09,  3.63it/s, loss=0.112]
  epoch 3/3:  61%|██████▏   | 54/88 [00:15<00:09,  3.63it/s, loss=0.112]
  epoch 3/3:  62%|██████▎   | 55/88 [00:15<00:09,  3.60it/s, loss=0.112]
  epoch 3/3:  62%|██████▎   | 55/88 [00:15<00:09,  3.60it/s, loss=0.111]
  epoch 3/3:  64%|██████▎   | 56/88 [00:15<00:08,  3.60it/s, loss=0.111]
  epoch 3/3:  64%|██████▎   | 56/88 [00:16<00:08,  3.60it/s, loss=0.110]
  epoch 3/3:  65%|██████▍   | 57/88 [00:16<00:08,  3.62it/s, loss=0.110]
  epoch 3/3:  65%|██████▍   | 57/88 [00:16<00:08,  3.62it/s, loss=0.111]
  epoch 3/3:  66%|██████▌   | 58/88 [00:16<00:08,  3.61it/s, loss=0.111]
  epoch 3/3:  66%|██████▌   | 58/88 [00:16<00:08,  3.61it/s, loss=0.111]
  epoch 3/3:  67%|██████▋   | 59/88 [00:16<00:08,  3.61it/s, loss=0.111]
  epoch 3/3:  67%|██████▋   | 59/88 [00:16<00:08,  3.61it/s, loss=0.110]
  epoch 3/3:  68%|██████▊   | 60/88 [00:16<00:07,  3.59it/s, loss=0.110]
  epoch 3/3:  68%|██████▊   | 60/88 [00:17<00:07,  3.59it/s, loss=0.110]
  epoch 3/3:  69%|██████▉   | 61/88 [00:17<00:07,  3.61it/s, loss=0.110]
  epoch 3/3:  69%|██████▉   | 61/88 [00:17<00:07,  3.61it/s, loss=0.110]
  epoch 3/3:  70%|███████   | 62/88 [00:17<00:07,  3.60it/s, loss=0.110]
  epoch 3/3:  70%|███████   | 62/88 [00:17<00:07,  3.60it/s, loss=0.109]
  epoch 3/3:  72%|███████▏  | 63/88 [00:17<00:06,  3.60it/s, loss=0.109]
  epoch 3/3:  72%|███████▏  | 63/88 [00:18<00:06,  3.60it/s, loss=0.108]
  epoch 3/3:  73%|███████▎  | 64/88 [00:18<00:06,  3.57it/s, loss=0.108]
  epoch 3/3:  73%|███████▎  | 64/88 [00:18<00:06,  3.57it/s, loss=0.107]
  epoch 3/3:  74%|███████▍  | 65/88 [00:18<00:06,  3.60it/s, loss=0.107]
  epoch 3/3:  74%|███████▍  | 65/88 [00:18<00:06,  3.60it/s, loss=0.106]
  epoch 3/3:  75%|███████▌  | 66/88 [00:18<00:06,  3.59it/s, loss=0.106]
  epoch 3/3:  75%|███████▌  | 66/88 [00:18<00:06,  3.59it/s, loss=0.108]
  epoch 3/3:  76%|███████▌  | 67/88 [00:18<00:05,  3.60it/s, loss=0.108]
  epoch 3/3:  76%|███████▌  | 67/88 [00:19<00:05,  3.60it/s, loss=0.107]
  epoch 3/3:  77%|███████▋  | 68/88 [00:19<00:05,  3.62it/s, loss=0.107]
  epoch 3/3:  77%|███████▋  | 68/88 [00:19<00:05,  3.62it/s, loss=0.106]
  epoch 3/3:  78%|███████▊  | 69/88 [00:19<00:05,  3.63it/s, loss=0.106]
  epoch 3/3:  78%|███████▊  | 69/88 [00:19<00:05,  3.63it/s, loss=0.106]
  epoch 3/3:  80%|███████▉  | 70/88 [00:19<00:04,  3.64it/s, loss=0.106]
  epoch 3/3:  80%|███████▉  | 70/88 [00:19<00:04,  3.64it/s, loss=0.105]
  epoch 3/3:  81%|████████  | 71/88 [00:19<00:04,  3.63it/s, loss=0.105]
  epoch 3/3:  81%|████████  | 71/88 [00:20<00:04,  3.63it/s, loss=0.105]
  epoch 3/3:  82%|████████▏ | 72/88 [00:20<00:04,  3.64it/s, loss=0.105]
  epoch 3/3:  82%|████████▏ | 72/88 [00:20<00:04,  3.64it/s, loss=0.104]
  epoch 3/3:  83%|████████▎ | 73/88 [00:20<00:04,  3.62it/s, loss=0.104]
  epoch 3/3:  83%|████████▎ | 73/88 [00:20<00:04,  3.62it/s, loss=0.104]
  epoch 3/3:  84%|████████▍ | 74/88 [00:20<00:03,  3.61it/s, loss=0.104]
  epoch 3/3:  84%|████████▍ | 74/88 [00:21<00:03,  3.61it/s, loss=0.104]
  epoch 3/3:  85%|████████▌ | 75/88 [00:21<00:03,  3.64it/s, loss=0.104]
  epoch 3/3:  85%|████████▌ | 75/88 [00:21<00:03,  3.64it/s, loss=0.103]
  epoch 3/3:  86%|████████▋ | 76/88 [00:21<00:03,  3.63it/s, loss=0.103]
  epoch 3/3:  86%|████████▋ | 76/88 [00:21<00:03,  3.63it/s, loss=0.103]
  epoch 3/3:  88%|████████▊ | 77/88 [00:21<00:03,  3.65it/s, loss=0.103]
  epoch 3/3:  88%|████████▊ | 77/88 [00:21<00:03,  3.65it/s, loss=0.103]
  epoch 3/3:  89%|████████▊ | 78/88 [00:21<00:02,  3.63it/s, loss=0.103]
  epoch 3/3:  89%|████████▊ | 78/88 [00:22<00:02,  3.63it/s, loss=0.103]
  epoch 3/3:  90%|████████▉ | 79/88 [00:22<00:02,  3.63it/s, loss=0.103]
  epoch 3/3:  90%|████████▉ | 79/88 [00:22<00:02,  3.63it/s, loss=0.102]
  epoch 3/3:  91%|█████████ | 80/88 [00:22<00:02,  3.58it/s, loss=0.102]
  epoch 3/3:  91%|█████████ | 80/88 [00:22<00:02,  3.58it/s, loss=0.102]
  epoch 3/3:  92%|█████████▏| 81/88 [00:22<00:01,  3.61it/s, loss=0.102]
  epoch 3/3:  92%|█████████▏| 81/88 [00:22<00:01,  3.61it/s, loss=0.101]
  epoch 3/3:  93%|█████████▎| 82/88 [00:22<00:01,  3.59it/s, loss=0.101]
  epoch 3/3:  93%|█████████▎| 82/88 [00:23<00:01,  3.59it/s, loss=0.102]
  epoch 3/3:  94%|█████████▍| 83/88 [00:23<00:01,  3.60it/s, loss=0.102]
  epoch 3/3:  94%|█████████▍| 83/88 [00:23<00:01,  3.60it/s, loss=0.102]
  epoch 3/3:  95%|█████████▌| 84/88 [00:23<00:01,  3.63it/s, loss=0.102]
  epoch 3/3:  95%|█████████▌| 84/88 [00:23<00:01,  3.63it/s, loss=0.101]
  epoch 3/3:  97%|█████████▋| 85/88 [00:23<00:00,  3.62it/s, loss=0.101]
  epoch 3/3:  97%|█████████▋| 85/88 [00:24<00:00,  3.62it/s, loss=0.101]
  epoch 3/3:  98%|█████████▊| 86/88 [00:24<00:00,  3.60it/s, loss=0.101]
  epoch 3/3:  98%|█████████▊| 86/88 [00:24<00:00,  3.60it/s, loss=0.100]
  epoch 3/3:  99%|█████████▉| 87/88 [00:24<00:00,  3.62it/s, loss=0.100]
  epoch 3/3:  99%|█████████▉| 87/88 [00:24<00:00,  3.62it/s, loss=0.100]
  epoch 3/3: 100%|██████████| 88/88 [00:24<00:00,  3.97it/s, loss=0.100]
                                                                        
[titans] reset=never | norm(state) sau task = 69.5596
[titans]   self-mod v:β=0.91 |W|=2.90
[titans]   eta_t(avg)=-6.1149  alpha_t/forget-gate(avg)=1.0000
[task 6] test acc so far: 0.871  0.783  0.809  0.666  0.611  0.400  0.334
[task 6] NCM-online acc so far: 0.703  0.383  0.746  0.669  0.754  0.874  0.920
[task 6] NCM-posthoc acc so far: 0.837  0.734  0.809  0.774  0.740  0.797  0.854
[checkpoint] đã lưu tiến độ sau task 6
[task 7] classes=[19, 22, 25, 30, 31] | train=2800

  epoch 1/3:   0%|          | 0/88 [00:00<?, ?it/s]
  epoch 1/3:   0%|          | 0/88 [00:00<?, ?it/s, loss=1.732]
  epoch 1/3:   1%|          | 1/88 [00:00<00:53,  1.63it/s, loss=1.732]
  epoch 1/3:   1%|          | 1/88 [00:00<00:53,  1.63it/s, loss=1.843]
  epoch 1/3:   2%|▏         | 2/88 [00:00<00:35,  2.40it/s, loss=1.843]
  epoch 1/3:   2%|▏         | 2/88 [00:01<00:35,  2.40it/s, loss=1.854]
  epoch 1/3:   3%|▎         | 3/88 [00:01<00:29,  2.85it/s, loss=1.854]
  epoch 1/3:   3%|▎         | 3/88 [00:01<00:29,  2.85it/s, loss=1.777]
  epoch 1/3:   5%|▍         | 4/88 [00:01<00:26,  3.12it/s, loss=1.777]
  epoch 1/3:   5%|▍         | 4/88 [00:01<00:26,  3.12it/s, loss=1.742]
  epoch 1/3:   6%|▌         | 5/88 [00:01<00:25,  3.31it/s, loss=1.742]
  epoch 1/3:   6%|▌         | 5/88 [00:01<00:25,  3.31it/s, loss=1.728]
  epoch 1/3:   7%|▋         | 6/88 [00:01<00:24,  3.41it/s, loss=1.728]
  epoch 1/3:   7%|▋         | 6/88 [00:02<00:24,  3.41it/s, loss=1.725]
  epoch 1/3:   8%|▊         | 7/88 [00:02<00:23,  3.50it/s, loss=1.725]
  epoch 1/3:   8%|▊         | 7/88 [00:02<00:23,  3.50it/s, loss=1.719]
  epoch 1/3:   9%|▉         | 8/88 [00:02<00:22,  3.48it/s, loss=1.719]
  epoch 1/3:   9%|▉         | 8/88 [00:02<00:22,  3.48it/s, loss=1.724]
  epoch 1/3:  10%|█         | 9/88 [00:02<00:22,  3.53it/s, loss=1.724]
  epoch 1/3:  10%|█         | 9/88 [00:03<00:22,  3.53it/s, loss=1.709]
  epoch 1/3:  11%|█▏        | 10/88 [00:03<00:21,  3.58it/s, loss=1.709]
  epoch 1/3:  11%|█▏        | 10/88 [00:03<00:21,  3.58it/s, loss=1.711]
  epoch 1/3:  12%|█▎        | 11/88 [00:03<00:21,  3.61it/s, loss=1.711]
  epoch 1/3:  12%|█▎        | 11/88 [00:03<00:21,  3.61it/s, loss=1.697]
  epoch 1/3:  14%|█▎        | 12/88 [00:03<00:21,  3.62it/s, loss=1.697]
  epoch 1/3:  14%|█▎        | 12/88 [00:03<00:21,  3.62it/s, loss=1.685]
  epoch 1/3:  15%|█▍        | 13/88 [00:03<00:20,  3.64it/s, loss=1.685]
  epoch 1/3:  15%|█▍        | 13/88 [00:04<00:20,  3.64it/s, loss=1.679]
  epoch 1/3:  16%|█▌        | 14/88 [00:04<00:20,  3.63it/s, loss=1.679]
  epoch 1/3:  16%|█▌        | 14/88 [00:04<00:20,  3.63it/s, loss=1.669]
  epoch 1/3:  17%|█▋        | 15/88 [00:04<00:20,  3.64it/s, loss=1.669]
  epoch 1/3:  17%|█▋        | 15/88 [00:04<00:20,  3.64it/s, loss=1.669]
  epoch 1/3:  18%|█▊        | 16/88 [00:04<00:19,  3.65it/s, loss=1.669]
  epoch 1/3:  18%|█▊        | 16/88 [00:05<00:19,  3.65it/s, loss=1.665]
  epoch 1/3:  19%|█▉        | 17/88 [00:05<00:19,  3.66it/s, loss=1.665]
  epoch 1/3:  19%|█▉        | 17/88 [00:05<00:19,  3.66it/s, loss=1.651]
  epoch 1/3:  20%|██        | 18/88 [00:05<00:19,  3.65it/s, loss=1.651]
  epoch 1/3:  20%|██        | 18/88 [00:05<00:19,  3.65it/s, loss=1.644]
  epoch 1/3:  22%|██▏       | 19/88 [00:05<00:18,  3.65it/s, loss=1.644]
  epoch 1/3:  22%|██▏       | 19/88 [00:05<00:18,  3.65it/s, loss=1.641]
  epoch 1/3:  23%|██▎       | 20/88 [00:05<00:18,  3.65it/s, loss=1.641]
  epoch 1/3:  23%|██▎       | 20/88 [00:06<00:18,  3.65it/s, loss=1.628]
  epoch 1/3:  24%|██▍       | 21/88 [00:06<00:18,  3.66it/s, loss=1.628]
  epoch 1/3:  24%|██▍       | 21/88 [00:06<00:18,  3.66it/s, loss=1.622]
  epoch 1/3:  25%|██▌       | 22/88 [00:06<00:18,  3.65it/s, loss=1.622]
  epoch 1/3:  25%|██▌       | 22/88 [00:06<00:18,  3.65it/s, loss=1.614]
  epoch 1/3:  26%|██▌       | 23/88 [00:06<00:17,  3.66it/s, loss=1.614]
  epoch 1/3:  26%|██▌       | 23/88 [00:06<00:17,  3.66it/s, loss=1.602]
  epoch 1/3:  27%|██▋       | 24/88 [00:06<00:17,  3.60it/s, loss=1.602]
  epoch 1/3:  27%|██▋       | 24/88 [00:07<00:17,  3.60it/s, loss=1.602]
  epoch 1/3:  28%|██▊       | 25/88 [00:07<00:17,  3.61it/s, loss=1.602]
  epoch 1/3:  28%|██▊       | 25/88 [00:07<00:17,  3.61it/s, loss=1.589]
  epoch 1/3:  30%|██▉       | 26/88 [00:07<00:17,  3.63it/s, loss=1.589]
  epoch 1/3:  30%|██▉       | 26/88 [00:07<00:17,  3.63it/s, loss=1.580]
  epoch 1/3:  31%|███       | 27/88 [00:07<00:16,  3.62it/s, loss=1.580]
  epoch 1/3:  31%|███       | 27/88 [00:08<00:16,  3.62it/s, loss=1.566]
  epoch 1/3:  32%|███▏      | 28/88 [00:08<00:16,  3.63it/s, loss=1.566]
  epoch 1/3:  32%|███▏      | 28/88 [00:08<00:16,  3.63it/s, loss=1.557]
  epoch 1/3:  33%|███▎      | 29/88 [00:08<00:16,  3.63it/s, loss=1.557]
  epoch 1/3:  33%|███▎      | 29/88 [00:08<00:16,  3.63it/s, loss=1.547]
  epoch 1/3:  34%|███▍      | 30/88 [00:08<00:16,  3.62it/s, loss=1.547]
  epoch 1/3:  34%|███▍      | 30/88 [00:08<00:16,  3.62it/s, loss=1.536]
  epoch 1/3:  35%|███▌      | 31/88 [00:08<00:15,  3.64it/s, loss=1.536]
  epoch 1/3:  35%|███▌      | 31/88 [00:09<00:15,  3.64it/s, loss=1.527]
  epoch 1/3:  36%|███▋      | 32/88 [00:09<00:15,  3.62it/s, loss=1.527]
  epoch 1/3:  36%|███▋      | 32/88 [00:09<00:15,  3.62it/s, loss=1.522]
  epoch 1/3:  38%|███▊      | 33/88 [00:09<00:15,  3.61it/s, loss=1.522]
  epoch 1/3:  38%|███▊      | 33/88 [00:09<00:15,  3.61it/s, loss=1.511]
  epoch 1/3:  39%|███▊      | 34/88 [00:09<00:14,  3.63it/s, loss=1.511]
  epoch 1/3:  39%|███▊      | 34/88 [00:09<00:14,  3.63it/s, loss=1.500]
  epoch 1/3:  40%|███▉      | 35/88 [00:09<00:14,  3.63it/s, loss=1.500]
  epoch 1/3:  40%|███▉      | 35/88 [00:10<00:14,  3.63it/s, loss=1.488]
  epoch 1/3:  41%|████      | 36/88 [00:10<00:14,  3.64it/s, loss=1.488]
  epoch 1/3:  41%|████      | 36/88 [00:10<00:14,  3.64it/s, loss=1.477]
  epoch 1/3:  42%|████▏     | 37/88 [00:10<00:14,  3.63it/s, loss=1.477]
  epoch 1/3:  42%|████▏     | 37/88 [00:10<00:14,  3.63it/s, loss=1.469]
  epoch 1/3:  43%|████▎     | 38/88 [00:10<00:13,  3.62it/s, loss=1.469]
  epoch 1/3:  43%|████▎     | 38/88 [00:11<00:13,  3.62it/s, loss=1.461]
  epoch 1/3:  44%|████▍     | 39/88 [00:11<00:13,  3.63it/s, loss=1.461]
  epoch 1/3:  44%|████▍     | 39/88 [00:11<00:13,  3.63it/s, loss=1.452]
  epoch 1/3:  45%|████▌     | 40/88 [00:11<00:13,  3.58it/s, loss=1.452]
  epoch 1/3:  45%|████▌     | 40/88 [00:11<00:13,  3.58it/s, loss=1.446]
  epoch 1/3:  47%|████▋     | 41/88 [00:11<00:13,  3.60it/s, loss=1.446]
  epoch 1/3:  47%|████▋     | 41/88 [00:11<00:13,  3.60it/s, loss=1.438]
  epoch 1/3:  48%|████▊     | 42/88 [00:11<00:12,  3.60it/s, loss=1.438]
  epoch 1/3:  48%|████▊     | 42/88 [00:12<00:12,  3.60it/s, loss=1.429]
  epoch 1/3:  49%|████▉     | 43/88 [00:12<00:12,  3.61it/s, loss=1.429]
  epoch 1/3:  49%|████▉     | 43/88 [00:12<00:12,  3.61it/s, loss=1.419]
  epoch 1/3:  50%|█████     | 44/88 [00:12<00:12,  3.62it/s, loss=1.419]
  epoch 1/3:  50%|█████     | 44/88 [00:12<00:12,  3.62it/s, loss=1.414]
  epoch 1/3:  51%|█████     | 45/88 [00:12<00:11,  3.63it/s, loss=1.414]
  epoch 1/3:  51%|█████     | 45/88 [00:13<00:11,  3.63it/s, loss=1.405]
  epoch 1/3:  52%|█████▏    | 46/88 [00:13<00:11,  3.63it/s, loss=1.405]
  epoch 1/3:  52%|█████▏    | 46/88 [00:13<00:11,  3.63it/s, loss=1.393]
  epoch 1/3:  53%|█████▎    | 47/88 [00:13<00:11,  3.65it/s, loss=1.393]
  epoch 1/3:  53%|█████▎    | 47/88 [00:13<00:11,  3.65it/s, loss=1.385]
  epoch 1/3:  55%|█████▍    | 48/88 [00:13<00:10,  3.64it/s, loss=1.385]
  epoch 1/3:  55%|█████▍    | 48/88 [00:13<00:10,  3.64it/s, loss=1.374]
  epoch 1/3:  56%|█████▌    | 49/88 [00:13<00:10,  3.64it/s, loss=1.374]
  epoch 1/3:  56%|█████▌    | 49/88 [00:14<00:10,  3.64it/s, loss=1.366]
  epoch 1/3:  57%|█████▋    | 50/88 [00:14<00:10,  3.63it/s, loss=1.366]
  epoch 1/3:  57%|█████▋    | 50/88 [00:14<00:10,  3.63it/s, loss=1.356]
  epoch 1/3:  58%|█████▊    | 51/88 [00:14<00:10,  3.62it/s, loss=1.356]
  epoch 1/3:  58%|█████▊    | 51/88 [00:14<00:10,  3.62it/s, loss=1.347]
  epoch 1/3:  59%|█████▉    | 52/88 [00:14<00:09,  3.63it/s, loss=1.347]
  epoch 1/3:  59%|█████▉    | 52/88 [00:14<00:09,  3.63it/s, loss=1.340]
  epoch 1/3:  60%|██████    | 53/88 [00:14<00:09,  3.63it/s, loss=1.340]
  epoch 1/3:  60%|██████    | 53/88 [00:15<00:09,  3.63it/s, loss=1.331]
  epoch 1/3:  61%|██████▏   | 54/88 [00:15<00:09,  3.65it/s, loss=1.331]
  epoch 1/3:  61%|██████▏   | 54/88 [00:15<00:09,  3.65it/s, loss=1.322]
  epoch 1/3:  62%|██████▎   | 55/88 [00:15<00:09,  3.62it/s, loss=1.322]
  epoch 1/3:  62%|██████▎   | 55/88 [00:15<00:09,  3.62it/s, loss=1.314]
  epoch 1/3:  64%|██████▎   | 56/88 [00:15<00:08,  3.57it/s, loss=1.314]
  epoch 1/3:  64%|██████▎   | 56/88 [00:16<00:08,  3.57it/s, loss=1.304]
  epoch 1/3:  65%|██████▍   | 57/88 [00:16<00:08,  3.58it/s, loss=1.304]
  epoch 1/3:  65%|██████▍   | 57/88 [00:16<00:08,  3.58it/s, loss=1.296]
  epoch 1/3:  66%|██████▌   | 58/88 [00:16<00:08,  3.59it/s, loss=1.296]
  epoch 1/3:  66%|██████▌   | 58/88 [00:16<00:08,  3.59it/s, loss=1.291]
  epoch 1/3:  67%|██████▋   | 59/88 [00:16<00:08,  3.61it/s, loss=1.291]
  epoch 1/3:  67%|██████▋   | 59/88 [00:16<00:08,  3.61it/s, loss=1.279]
  epoch 1/3:  68%|██████▊   | 60/88 [00:16<00:07,  3.61it/s, loss=1.279]
  epoch 1/3:  68%|██████▊   | 60/88 [00:17<00:07,  3.61it/s, loss=1.271]
  epoch 1/3:  69%|██████▉   | 61/88 [00:17<00:07,  3.59it/s, loss=1.271]
  epoch 1/3:  69%|██████▉   | 61/88 [00:17<00:07,  3.59it/s, loss=1.263]
  epoch 1/3:  70%|███████   | 62/88 [00:17<00:07,  3.61it/s, loss=1.263]
  epoch 1/3:  70%|███████   | 62/88 [00:17<00:07,  3.61it/s, loss=1.254]
  epoch 1/3:  72%|███████▏  | 63/88 [00:17<00:06,  3.59it/s, loss=1.254]
  epoch 1/3:  72%|███████▏  | 63/88 [00:17<00:06,  3.59it/s, loss=1.247]
  epoch 1/3:  73%|███████▎  | 64/88 [00:17<00:06,  3.59it/s, loss=1.247]
  epoch 1/3:  73%|███████▎  | 64/88 [00:18<00:06,  3.59it/s, loss=1.239]
  epoch 1/3:  74%|███████▍  | 65/88 [00:18<00:06,  3.58it/s, loss=1.239]
  epoch 1/3:  74%|███████▍  | 65/88 [00:18<00:06,  3.58it/s, loss=1.231]
  epoch 1/3:  75%|███████▌  | 66/88 [00:18<00:06,  3.61it/s, loss=1.231]
  epoch 1/3:  75%|███████▌  | 66/88 [00:18<00:06,  3.61it/s, loss=1.225]
  epoch 1/3:  76%|███████▌  | 67/88 [00:18<00:05,  3.59it/s, loss=1.225]
  epoch 1/3:  76%|███████▌  | 67/88 [00:19<00:05,  3.59it/s, loss=1.217]
  epoch 1/3:  77%|███████▋  | 68/88 [00:19<00:05,  3.58it/s, loss=1.217]
  epoch 1/3:  77%|███████▋  | 68/88 [00:19<00:05,  3.58it/s, loss=1.211]
  epoch 1/3:  78%|███████▊  | 69/88 [00:19<00:05,  3.59it/s, loss=1.211]
  epoch 1/3:  78%|███████▊  | 69/88 [00:19<00:05,  3.59it/s, loss=1.201]
  epoch 1/3:  80%|███████▉  | 70/88 [00:19<00:05,  3.60it/s, loss=1.201]
  epoch 1/3:  80%|███████▉  | 70/88 [00:19<00:05,  3.60it/s, loss=1.191]
  epoch 1/3:  81%|████████  | 71/88 [00:19<00:04,  3.59it/s, loss=1.191]
  epoch 1/3:  81%|████████  | 71/88 [00:20<00:04,  3.59it/s, loss=1.184]
  epoch 1/3:  82%|████████▏ | 72/88 [00:20<00:04,  3.54it/s, loss=1.184]
  epoch 1/3:  82%|████████▏ | 72/88 [00:20<00:04,  3.54it/s, loss=1.177]
  epoch 1/3:  83%|████████▎ | 73/88 [00:20<00:04,  3.54it/s, loss=1.177]
  epoch 1/3:  83%|████████▎ | 73/88 [00:20<00:04,  3.54it/s, loss=1.170]
  epoch 1/3:  84%|████████▍ | 74/88 [00:20<00:03,  3.55it/s, loss=1.170]
  epoch 1/3:  84%|████████▍ | 74/88 [00:21<00:03,  3.55it/s, loss=1.163]
  epoch 1/3:  85%|████████▌ | 75/88 [00:21<00:03,  3.55it/s, loss=1.163]
  epoch 1/3:  85%|████████▌ | 75/88 [00:21<00:03,  3.55it/s, loss=1.156]
  epoch 1/3:  86%|████████▋ | 76/88 [00:21<00:03,  3.54it/s, loss=1.156]
  epoch 1/3:  86%|████████▋ | 76/88 [00:21<00:03,  3.54it/s, loss=1.151]
  epoch 1/3:  88%|████████▊ | 77/88 [00:21<00:03,  3.54it/s, loss=1.151]
  epoch 1/3:  88%|████████▊ | 77/88 [00:21<00:03,  3.54it/s, loss=1.143]
  epoch 1/3:  89%|████████▊ | 78/88 [00:21<00:02,  3.56it/s, loss=1.143]
  epoch 1/3:  89%|████████▊ | 78/88 [00:22<00:02,  3.56it/s, loss=1.137]
  epoch 1/3:  90%|████████▉ | 79/88 [00:22<00:02,  3.55it/s, loss=1.137]
  epoch 1/3:  90%|████████▉ | 79/88 [00:22<00:02,  3.55it/s, loss=1.130]
  epoch 1/3:  91%|█████████ | 80/88 [00:22<00:02,  3.57it/s, loss=1.130]
  epoch 1/3:  91%|█████████ | 80/88 [00:22<00:02,  3.57it/s, loss=1.124]
  epoch 1/3:  92%|█████████▏| 81/88 [00:22<00:01,  3.57it/s, loss=1.124]
  epoch 1/3:  92%|█████████▏| 81/88 [00:23<00:01,  3.57it/s, loss=1.118]
  epoch 1/3:  93%|█████████▎| 82/88 [00:23<00:01,  3.56it/s, loss=1.118]
  epoch 1/3:  93%|█████████▎| 82/88 [00:23<00:01,  3.56it/s, loss=1.111]
  epoch 1/3:  94%|█████████▍| 83/88 [00:23<00:01,  3.55it/s, loss=1.111]
  epoch 1/3:  94%|█████████▍| 83/88 [00:23<00:01,  3.55it/s, loss=1.105]
  epoch 1/3:  95%|█████████▌| 84/88 [00:23<00:01,  3.55it/s, loss=1.105]
  epoch 1/3:  95%|█████████▌| 84/88 [00:23<00:01,  3.55it/s, loss=1.098]
  epoch 1/3:  97%|█████████▋| 85/88 [00:23<00:00,  3.54it/s, loss=1.098]
  epoch 1/3:  97%|█████████▋| 85/88 [00:24<00:00,  3.54it/s, loss=1.092]
  epoch 1/3:  98%|█████████▊| 86/88 [00:24<00:00,  3.56it/s, loss=1.092]
  epoch 1/3:  98%|█████████▊| 86/88 [00:24<00:00,  3.56it/s, loss=1.087]
  epoch 1/3:  99%|█████████▉| 87/88 [00:24<00:00,  3.59it/s, loss=1.087]
  epoch 1/3:  99%|█████████▉| 87/88 [00:24<00:00,  3.59it/s, loss=1.083]
  epoch 1/3: 100%|██████████| 88/88 [00:24<00:00,  3.86it/s, loss=1.083]
                                                                        

  epoch 2/3:   0%|          | 0/88 [00:00<?, ?it/s]
  epoch 2/3:   0%|          | 0/88 [00:00<?, ?it/s, loss=0.564]
  epoch 2/3:   1%|          | 1/88 [00:00<00:48,  1.80it/s, loss=0.564]
  epoch 2/3:   1%|          | 1/88 [00:00<00:48,  1.80it/s, loss=0.593]
  epoch 2/3:   2%|▏         | 2/88 [00:00<00:33,  2.55it/s, loss=0.593]
  epoch 2/3:   2%|▏         | 2/88 [00:01<00:33,  2.55it/s, loss=0.568]
  epoch 2/3:   3%|▎         | 3/88 [00:01<00:28,  2.95it/s, loss=0.568]
  epoch 2/3:   3%|▎         | 3/88 [00:01<00:28,  2.95it/s, loss=0.557]
  epoch 2/3:   5%|▍         | 4/88 [00:01<00:26,  3.17it/s, loss=0.557]
  epoch 2/3:   5%|▍         | 4/88 [00:01<00:26,  3.17it/s, loss=0.546]
  epoch 2/3:   6%|▌         | 5/88 [00:01<00:25,  3.31it/s, loss=0.546]
  epoch 2/3:   6%|▌         | 5/88 [00:01<00:25,  3.31it/s, loss=0.536]
  epoch 2/3:   7%|▋         | 6/88 [00:01<00:23,  3.42it/s, loss=0.536]
  epoch 2/3:   7%|▋         | 6/88 [00:02<00:23,  3.42it/s, loss=0.528]
  epoch 2/3:   8%|▊         | 7/88 [00:02<00:23,  3.46it/s, loss=0.528]
  epoch 2/3:   8%|▊         | 7/88 [00:02<00:23,  3.46it/s, loss=0.511]
  epoch 2/3:   9%|▉         | 8/88 [00:02<00:22,  3.51it/s, loss=0.511]
  epoch 2/3:   9%|▉         | 8/88 [00:02<00:22,  3.51it/s, loss=0.515]
  epoch 2/3:  10%|█         | 9/88 [00:02<00:22,  3.55it/s, loss=0.515]
  epoch 2/3:  10%|█         | 9/88 [00:03<00:22,  3.55it/s, loss=0.524]
  epoch 2/3:  11%|█▏        | 10/88 [00:03<00:21,  3.55it/s, loss=0.524]
  epoch 2/3:  11%|█▏        | 10/88 [00:03<00:21,  3.55it/s, loss=0.521]
  epoch 2/3:  12%|█▎        | 11/88 [00:03<00:21,  3.57it/s, loss=0.521]
  epoch 2/3:  12%|█▎        | 11/88 [00:03<00:21,  3.57it/s, loss=0.521]
  epoch 2/3:  14%|█▎        | 12/88 [00:03<00:21,  3.56it/s, loss=0.521]
  epoch 2/3:  14%|█▎        | 12/88 [00:03<00:21,  3.56it/s, loss=0.515]
  epoch 2/3:  15%|█▍        | 13/88 [00:03<00:20,  3.59it/s, loss=0.515]
  epoch 2/3:  15%|█▍        | 13/88 [00:04<00:20,  3.59it/s, loss=0.520]
  epoch 2/3:  16%|█▌        | 14/88 [00:04<00:20,  3.58it/s, loss=0.520]
  epoch 2/3:  16%|█▌        | 14/88 [00:04<00:20,  3.58it/s, loss=0.516]
  epoch 2/3:  17%|█▋        | 15/88 [00:04<00:20,  3.58it/s, loss=0.516]
  epoch 2/3:  17%|█▋        | 15/88 [00:04<00:20,  3.58it/s, loss=0.506]
  epoch 2/3:  18%|█▊        | 16/88 [00:04<00:20,  3.53it/s, loss=0.506]
  epoch 2/3:  18%|█▊        | 16/88 [00:05<00:20,  3.53it/s, loss=0.501]
  epoch 2/3:  19%|█▉        | 17/88 [00:05<00:20,  3.54it/s, loss=0.501]
  epoch 2/3:  19%|█▉        | 17/88 [00:05<00:20,  3.54it/s, loss=0.499]
  epoch 2/3:  20%|██        | 18/88 [00:05<00:19,  3.54it/s, loss=0.499]
  epoch 2/3:  20%|██        | 18/88 [00:05<00:19,  3.54it/s, loss=0.499]
  epoch 2/3:  22%|██▏       | 19/88 [00:05<00:19,  3.55it/s, loss=0.499]
  epoch 2/3:  22%|██▏       | 19/88 [00:05<00:19,  3.55it/s, loss=0.496]
  epoch 2/3:  23%|██▎       | 20/88 [00:05<00:19,  3.56it/s, loss=0.496]
  epoch 2/3:  23%|██▎       | 20/88 [00:06<00:19,  3.56it/s, loss=0.496]
  epoch 2/3:  24%|██▍       | 21/88 [00:06<00:18,  3.58it/s, loss=0.496]
  epoch 2/3:  24%|██▍       | 21/88 [00:06<00:18,  3.58it/s, loss=0.497]
  epoch 2/3:  25%|██▌       | 22/88 [00:06<00:18,  3.57it/s, loss=0.497]
  epoch 2/3:  25%|██▌       | 22/88 [00:06<00:18,  3.57it/s, loss=0.492]
  epoch 2/3:  26%|██▌       | 23/88 [00:06<00:18,  3.57it/s, loss=0.492]
  epoch 2/3:  26%|██▌       | 23/88 [00:06<00:18,  3.57it/s, loss=0.491]
  epoch 2/3:  27%|██▋       | 24/88 [00:06<00:17,  3.57it/s, loss=0.491]
  epoch 2/3:  27%|██▋       | 24/88 [00:07<00:17,  3.57it/s, loss=0.487]
  epoch 2/3:  28%|██▊       | 25/88 [00:07<00:17,  3.59it/s, loss=0.487]
  epoch 2/3:  28%|██▊       | 25/88 [00:07<00:17,  3.59it/s, loss=0.486]
  epoch 2/3:  30%|██▉       | 26/88 [00:07<00:17,  3.58it/s, loss=0.486]
  epoch 2/3:  30%|██▉       | 26/88 [00:07<00:17,  3.58it/s, loss=0.480]
  epoch 2/3:  31%|███       | 27/88 [00:07<00:17,  3.58it/s, loss=0.480]
  epoch 2/3:  31%|███       | 27/88 [00:08<00:17,  3.58it/s, loss=0.477]
  epoch 2/3:  32%|███▏      | 28/88 [00:08<00:16,  3.59it/s, loss=0.477]
  epoch 2/3:  32%|███▏      | 28/88 [00:08<00:16,  3.59it/s, loss=0.472]
  epoch 2/3:  33%|███▎      | 29/88 [00:08<00:16,  3.59it/s, loss=0.472]
  epoch 2/3:  33%|███▎      | 29/88 [00:08<00:16,  3.59it/s, loss=0.468]
  epoch 2/3:  34%|███▍      | 30/88 [00:08<00:16,  3.59it/s, loss=0.468]
  epoch 2/3:  34%|███▍      | 30/88 [00:08<00:16,  3.59it/s, loss=0.465]
  epoch 2/3:  35%|███▌      | 31/88 [00:08<00:15,  3.58it/s, loss=0.465]
  epoch 2/3:  35%|███▌      | 31/88 [00:09<00:15,  3.58it/s, loss=0.464]
  epoch 2/3:  36%|███▋      | 32/88 [00:09<00:15,  3.53it/s, loss=0.464]
  epoch 2/3:  36%|███▋      | 32/88 [00:09<00:15,  3.53it/s, loss=0.459]
  epoch 2/3:  38%|███▊      | 33/88 [00:09<00:15,  3.56it/s, loss=0.459]
  epoch 2/3:  38%|███▊      | 33/88 [00:09<00:15,  3.56it/s, loss=0.458]
  epoch 2/3:  39%|███▊      | 34/88 [00:09<00:15,  3.58it/s, loss=0.458]
  epoch 2/3:  39%|███▊      | 34/88 [00:10<00:15,  3.58it/s, loss=0.454]
  epoch 2/3:  40%|███▉      | 35/88 [00:10<00:14,  3.59it/s, loss=0.454]
  epoch 2/3:  40%|███▉      | 35/88 [00:10<00:14,  3.59it/s, loss=0.449]
  epoch 2/3:  41%|████      | 36/88 [00:10<00:14,  3.57it/s, loss=0.449]
  epoch 2/3:  41%|████      | 36/88 [00:10<00:14,  3.57it/s, loss=0.444]
  epoch 2/3:  42%|████▏     | 37/88 [00:10<00:14,  3.55it/s, loss=0.444]
  epoch 2/3:  42%|████▏     | 37/88 [00:10<00:14,  3.55it/s, loss=0.443]
  epoch 2/3:  43%|████▎     | 38/88 [00:10<00:14,  3.55it/s, loss=0.443]
  epoch 2/3:  43%|████▎     | 38/88 [00:11<00:14,  3.55it/s, loss=0.438]
  epoch 2/3:  44%|████▍     | 39/88 [00:11<00:13,  3.56it/s, loss=0.438]
  epoch 2/3:  44%|████▍     | 39/88 [00:11<00:13,  3.56it/s, loss=0.437]
  epoch 2/3:  45%|████▌     | 40/88 [00:11<00:13,  3.56it/s, loss=0.437]
  epoch 2/3:  45%|████▌     | 40/88 [00:11<00:13,  3.56it/s, loss=0.435]
  epoch 2/3:  47%|████▋     | 41/88 [00:11<00:13,  3.57it/s, loss=0.435]
  epoch 2/3:  47%|████▋     | 41/88 [00:12<00:13,  3.57it/s, loss=0.431]
  epoch 2/3:  48%|████▊     | 42/88 [00:12<00:12,  3.57it/s, loss=0.431]
  epoch 2/3:  48%|████▊     | 42/88 [00:12<00:12,  3.57it/s, loss=0.430]
  epoch 2/3:  49%|████▉     | 43/88 [00:12<00:12,  3.59it/s, loss=0.430]
  epoch 2/3:  49%|████▉     | 43/88 [00:12<00:12,  3.59it/s, loss=0.430]
  epoch 2/3:  50%|█████     | 44/88 [00:12<00:12,  3.59it/s, loss=0.430]
  epoch 2/3:  50%|█████     | 44/88 [00:12<00:12,  3.59it/s, loss=0.426]
  epoch 2/3:  51%|█████     | 45/88 [00:12<00:11,  3.60it/s, loss=0.426]
  epoch 2/3:  51%|█████     | 45/88 [00:13<00:11,  3.60it/s, loss=0.424]
  epoch 2/3:  52%|█████▏    | 46/88 [00:13<00:11,  3.57it/s, loss=0.424]
  epoch 2/3:  52%|█████▏    | 46/88 [00:13<00:11,  3.57it/s, loss=0.421]
  epoch 2/3:  53%|█████▎    | 47/88 [00:13<00:11,  3.58it/s, loss=0.421]
  epoch 2/3:  53%|█████▎    | 47/88 [00:13<00:11,  3.58it/s, loss=0.417]
  epoch 2/3:  55%|█████▍    | 48/88 [00:13<00:11,  3.52it/s, loss=0.417]
  epoch 2/3:  55%|█████▍    | 48/88 [00:13<00:11,  3.52it/s, loss=0.415]
  epoch 2/3:  56%|█████▌    | 49/88 [00:13<00:11,  3.53it/s, loss=0.415]
  epoch 2/3:  56%|█████▌    | 49/88 [00:14<00:11,  3.53it/s, loss=0.411]
  epoch 2/3:  57%|█████▋    | 50/88 [00:14<00:10,  3.54it/s, loss=0.411]
  epoch 2/3:  57%|█████▋    | 50/88 [00:14<00:10,  3.54it/s, loss=0.409]
  epoch 2/3:  58%|█████▊    | 51/88 [00:14<00:10,  3.55it/s, loss=0.409]
  epoch 2/3:  58%|█████▊    | 51/88 [00:14<00:10,  3.55it/s, loss=0.406]
  epoch 2/3:  59%|█████▉    | 52/88 [00:14<00:10,  3.59it/s, loss=0.406]
  epoch 2/3:  59%|█████▉    | 52/88 [00:15<00:10,  3.59it/s, loss=0.405]
  epoch 2/3:  60%|██████    | 53/88 [00:15<00:09,  3.58it/s, loss=0.405]
  epoch 2/3:  60%|██████    | 53/88 [00:15<00:09,  3.58it/s, loss=0.401]
  epoch 2/3:  61%|██████▏   | 54/88 [00:15<00:09,  3.56it/s, loss=0.401]
  epoch 2/3:  61%|██████▏   | 54/88 [00:15<00:09,  3.56it/s, loss=0.398]
  epoch 2/3:  62%|██████▎   | 55/88 [00:15<00:09,  3.56it/s, loss=0.398]
  epoch 2/3:  62%|██████▎   | 55/88 [00:15<00:09,  3.56it/s, loss=0.396]
  epoch 2/3:  64%|██████▎   | 56/88 [00:15<00:08,  3.56it/s, loss=0.396]
  epoch 2/3:  64%|██████▎   | 56/88 [00:16<00:08,  3.56it/s, loss=0.395]
  epoch 2/3:  65%|██████▍   | 57/88 [00:16<00:08,  3.57it/s, loss=0.395]
  epoch 2/3:  65%|██████▍   | 57/88 [00:16<00:08,  3.57it/s, loss=0.393]
  epoch 2/3:  66%|██████▌   | 58/88 [00:16<00:08,  3.58it/s, loss=0.393]
  epoch 2/3:  66%|██████▌   | 58/88 [00:16<00:08,  3.58it/s, loss=0.390]
  epoch 2/3:  67%|██████▋   | 59/88 [00:16<00:08,  3.57it/s, loss=0.390]
  epoch 2/3:  67%|██████▋   | 59/88 [00:17<00:08,  3.57it/s, loss=0.390]
  epoch 2/3:  68%|██████▊   | 60/88 [00:17<00:07,  3.58it/s, loss=0.390]
  epoch 2/3:  68%|██████▊   | 60/88 [00:17<00:07,  3.58it/s, loss=0.387]
  epoch 2/3:  69%|██████▉   | 61/88 [00:17<00:07,  3.61it/s, loss=0.387]
  epoch 2/3:  69%|██████▉   | 61/88 [00:17<00:07,  3.61it/s, loss=0.386]
  epoch 2/3:  70%|███████   | 62/88 [00:17<00:07,  3.60it/s, loss=0.386]
  epoch 2/3:  70%|███████   | 62/88 [00:17<00:07,  3.60it/s, loss=0.383]
  epoch 2/3:  72%|███████▏  | 63/88 [00:17<00:06,  3.60it/s, loss=0.383]
  epoch 2/3:  72%|███████▏  | 63/88 [00:18<00:06,  3.60it/s, loss=0.381]
  epoch 2/3:  73%|███████▎  | 64/88 [00:18<00:06,  3.57it/s, loss=0.381]
  epoch 2/3:  73%|███████▎  | 64/88 [00:18<00:06,  3.57it/s, loss=0.378]
  epoch 2/3:  74%|███████▍  | 65/88 [00:18<00:06,  3.60it/s, loss=0.378]
  epoch 2/3:  74%|███████▍  | 65/88 [00:18<00:06,  3.60it/s, loss=0.376]
  epoch 2/3:  75%|███████▌  | 66/88 [00:18<00:06,  3.59it/s, loss=0.376]
  epoch 2/3:  75%|███████▌  | 66/88 [00:19<00:06,  3.59it/s, loss=0.373]
  epoch 2/3:  76%|███████▌  | 67/88 [00:19<00:05,  3.59it/s, loss=0.373]
  epoch 2/3:  76%|███████▌  | 67/88 [00:19<00:05,  3.59it/s, loss=0.372]
  epoch 2/3:  77%|███████▋  | 68/88 [00:19<00:05,  3.59it/s, loss=0.372]
  epoch 2/3:  77%|███████▋  | 68/88 [00:19<00:05,  3.59it/s, loss=0.368]
  epoch 2/3:  78%|███████▊  | 69/88 [00:19<00:05,  3.60it/s, loss=0.368]
  epoch 2/3:  78%|███████▊  | 69/88 [00:19<00:05,  3.60it/s, loss=0.367]
  epoch 2/3:  80%|███████▉  | 70/88 [00:19<00:05,  3.59it/s, loss=0.367]
  epoch 2/3:  80%|███████▉  | 70/88 [00:20<00:05,  3.59it/s, loss=0.365]
  epoch 2/3:  81%|████████  | 71/88 [00:20<00:04,  3.59it/s, loss=0.365]
  epoch 2/3:  81%|████████  | 71/88 [00:20<00:04,  3.59it/s, loss=0.363]
  epoch 2/3:  82%|████████▏ | 72/88 [00:20<00:04,  3.61it/s, loss=0.363]
  epoch 2/3:  82%|████████▏ | 72/88 [00:20<00:04,  3.61it/s, loss=0.360]
  epoch 2/3:  83%|████████▎ | 73/88 [00:20<00:04,  3.60it/s, loss=0.360]
  epoch 2/3:  83%|████████▎ | 73/88 [00:20<00:04,  3.60it/s, loss=0.359]
  epoch 2/3:  84%|████████▍ | 74/88 [00:20<00:03,  3.60it/s, loss=0.359]
  epoch 2/3:  84%|████████▍ | 74/88 [00:21<00:03,  3.60it/s, loss=0.357]
  epoch 2/3:  85%|████████▌ | 75/88 [00:21<00:03,  3.61it/s, loss=0.357]
  epoch 2/3:  85%|████████▌ | 75/88 [00:21<00:03,  3.61it/s, loss=0.355]
  epoch 2/3:  86%|████████▋ | 76/88 [00:21<00:03,  3.60it/s, loss=0.355]
  epoch 2/3:  86%|████████▋ | 76/88 [00:21<00:03,  3.60it/s, loss=0.353]
  epoch 2/3:  88%|████████▊ | 77/88 [00:21<00:03,  3.60it/s, loss=0.353]
  epoch 2/3:  88%|████████▊ | 77/88 [00:22<00:03,  3.60it/s, loss=0.352]
  epoch 2/3:  89%|████████▊ | 78/88 [00:22<00:02,  3.62it/s, loss=0.352]
  epoch 2/3:  89%|████████▊ | 78/88 [00:22<00:02,  3.62it/s, loss=0.350]
  epoch 2/3:  90%|████████▉ | 79/88 [00:22<00:02,  3.62it/s, loss=0.350]
  epoch 2/3:  90%|████████▉ | 79/88 [00:22<00:02,  3.62it/s, loss=0.348]
  epoch 2/3:  91%|█████████ | 80/88 [00:22<00:02,  3.56it/s, loss=0.348]
  epoch 2/3:  91%|█████████ | 80/88 [00:22<00:02,  3.56it/s, loss=0.346]
  epoch 2/3:  92%|█████████▏| 81/88 [00:22<00:01,  3.58it/s, loss=0.346]
  epoch 2/3:  92%|█████████▏| 81/88 [00:23<00:01,  3.58it/s, loss=0.344]
  epoch 2/3:  93%|█████████▎| 82/88 [00:23<00:01,  3.58it/s, loss=0.344]
  epoch 2/3:  93%|█████████▎| 82/88 [00:23<00:01,  3.58it/s, loss=0.342]
  epoch 2/3:  94%|█████████▍| 83/88 [00:23<00:01,  3.59it/s, loss=0.342]
  epoch 2/3:  94%|█████████▍| 83/88 [00:23<00:01,  3.59it/s, loss=0.340]
  epoch 2/3:  95%|█████████▌| 84/88 [00:23<00:01,  3.58it/s, loss=0.340]
  epoch 2/3:  95%|█████████▌| 84/88 [00:24<00:01,  3.58it/s, loss=0.338]
  epoch 2/3:  97%|█████████▋| 85/88 [00:24<00:00,  3.59it/s, loss=0.338]
  epoch 2/3:  97%|█████████▋| 85/88 [00:24<00:00,  3.59it/s, loss=0.337]
  epoch 2/3:  98%|█████████▊| 86/88 [00:24<00:00,  3.61it/s, loss=0.337]
  epoch 2/3:  98%|█████████▊| 86/88 [00:24<00:00,  3.61it/s, loss=0.336]
  epoch 2/3:  99%|█████████▉| 87/88 [00:24<00:00,  3.60it/s, loss=0.336]
  epoch 2/3:  99%|█████████▉| 87/88 [00:24<00:00,  3.60it/s, loss=0.335]
  epoch 2/3: 100%|██████████| 88/88 [00:24<00:00,  3.96it/s, loss=0.335]
                                                                        

  epoch 3/3:   0%|          | 0/88 [00:00<?, ?it/s]
  epoch 3/3:   0%|          | 0/88 [00:00<?, ?it/s, loss=0.155]
  epoch 3/3:   1%|          | 1/88 [00:00<00:48,  1.79it/s, loss=0.155]
  epoch 3/3:   1%|          | 1/88 [00:00<00:48,  1.79it/s, loss=0.216]
  epoch 3/3:   2%|▏         | 2/88 [00:00<00:33,  2.55it/s, loss=0.216]
  epoch 3/3:   2%|▏         | 2/88 [00:01<00:33,  2.55it/s, loss=0.211]
  epoch 3/3:   3%|▎         | 3/88 [00:01<00:28,  2.95it/s, loss=0.211]
  epoch 3/3:   3%|▎         | 3/88 [00:01<00:28,  2.95it/s, loss=0.197]
  epoch 3/3:   5%|▍         | 4/88 [00:01<00:26,  3.20it/s, loss=0.197]
  epoch 3/3:   5%|▍         | 4/88 [00:01<00:26,  3.20it/s, loss=0.190]
  epoch 3/3:   6%|▌         | 5/88 [00:01<00:24,  3.33it/s, loss=0.190]
  epoch 3/3:   6%|▌         | 5/88 [00:01<00:24,  3.33it/s, loss=0.183]
  epoch 3/3:   7%|▋         | 6/88 [00:01<00:23,  3.43it/s, loss=0.183]
  epoch 3/3:   7%|▋         | 6/88 [00:02<00:23,  3.43it/s, loss=0.179]
  epoch 3/3:   8%|▊         | 7/88 [00:02<00:23,  3.49it/s, loss=0.179]
  epoch 3/3:   8%|▊         | 7/88 [00:02<00:23,  3.49it/s, loss=0.170]
  epoch 3/3:   9%|▉         | 8/88 [00:02<00:22,  3.49it/s, loss=0.170]
  epoch 3/3:   9%|▉         | 8/88 [00:02<00:22,  3.49it/s, loss=0.161]
  epoch 3/3:  10%|█         | 9/88 [00:02<00:22,  3.51it/s, loss=0.161]
  epoch 3/3:  10%|█         | 9/88 [00:03<00:22,  3.51it/s, loss=0.168]
  epoch 3/3:  11%|█▏        | 10/88 [00:03<00:21,  3.55it/s, loss=0.168]
  epoch 3/3:  11%|█▏        | 10/88 [00:03<00:21,  3.55it/s, loss=0.164]
  epoch 3/3:  12%|█▎        | 11/88 [00:03<00:21,  3.58it/s, loss=0.164]
  epoch 3/3:  12%|█▎        | 11/88 [00:03<00:21,  3.58it/s, loss=0.163]
  epoch 3/3:  14%|█▎        | 12/88 [00:03<00:21,  3.58it/s, loss=0.163]
  epoch 3/3:  14%|█▎        | 12/88 [00:03<00:21,  3.58it/s, loss=0.163]
  epoch 3/3:  15%|█▍        | 13/88 [00:03<00:20,  3.59it/s, loss=0.163]
  epoch 3/3:  15%|█▍        | 13/88 [00:04<00:20,  3.59it/s, loss=0.164]
  epoch 3/3:  16%|█▌        | 14/88 [00:04<00:20,  3.61it/s, loss=0.164]
  epoch 3/3:  16%|█▌        | 14/88 [00:04<00:20,  3.61it/s, loss=0.164]
  epoch 3/3:  17%|█▋        | 15/88 [00:04<00:20,  3.61it/s, loss=0.164]
  epoch 3/3:  17%|█▋        | 15/88 [00:04<00:20,  3.61it/s, loss=0.164]
  epoch 3/3:  18%|█▊        | 16/88 [00:04<00:19,  3.63it/s, loss=0.164]
  epoch 3/3:  18%|█▊        | 16/88 [00:04<00:19,  3.63it/s, loss=0.171]
  epoch 3/3:  19%|█▉        | 17/88 [00:04<00:19,  3.61it/s, loss=0.171]
  epoch 3/3:  19%|█▉        | 17/88 [00:05<00:19,  3.61it/s, loss=0.168]
  epoch 3/3:  20%|██        | 18/88 [00:05<00:19,  3.61it/s, loss=0.168]
  epoch 3/3:  20%|██        | 18/88 [00:05<00:19,  3.61it/s, loss=0.173]
  epoch 3/3:  22%|██▏       | 19/88 [00:05<00:18,  3.63it/s, loss=0.173]
  epoch 3/3:  22%|██▏       | 19/88 [00:05<00:18,  3.63it/s, loss=0.174]
  epoch 3/3:  23%|██▎       | 20/88 [00:05<00:18,  3.62it/s, loss=0.174]
  epoch 3/3:  23%|██▎       | 20/88 [00:06<00:18,  3.62it/s, loss=0.172]
  epoch 3/3:  24%|██▍       | 21/88 [00:06<00:18,  3.64it/s, loss=0.172]
  epoch 3/3:  24%|██▍       | 21/88 [00:06<00:18,  3.64it/s, loss=0.173]
  epoch 3/3:  25%|██▌       | 22/88 [00:06<00:18,  3.62it/s, loss=0.173]
  epoch 3/3:  25%|██▌       | 22/88 [00:06<00:18,  3.62it/s, loss=0.174]
  epoch 3/3:  26%|██▌       | 23/88 [00:06<00:17,  3.62it/s, loss=0.174]
  epoch 3/3:  26%|██▌       | 23/88 [00:06<00:17,  3.62it/s, loss=0.171]
  epoch 3/3:  27%|██▋       | 24/88 [00:06<00:17,  3.59it/s, loss=0.171]
  epoch 3/3:  27%|██▋       | 24/88 [00:07<00:17,  3.59it/s, loss=0.172]
  epoch 3/3:  28%|██▊       | 25/88 [00:07<00:17,  3.60it/s, loss=0.172]
  epoch 3/3:  28%|██▊       | 25/88 [00:07<00:17,  3.60it/s, loss=0.173]
  epoch 3/3:  30%|██▉       | 26/88 [00:07<00:17,  3.59it/s, loss=0.173]
  epoch 3/3:  30%|██▉       | 26/88 [00:07<00:17,  3.59it/s, loss=0.176]
  epoch 3/3:  31%|███       | 27/88 [00:07<00:16,  3.60it/s, loss=0.176]
  epoch 3/3:  31%|███       | 27/88 [00:08<00:16,  3.60it/s, loss=0.173]
  epoch 3/3:  32%|███▏      | 28/88 [00:08<00:16,  3.61it/s, loss=0.173]
  epoch 3/3:  32%|███▏      | 28/88 [00:08<00:16,  3.61it/s, loss=0.172]
  epoch 3/3:  33%|███▎      | 29/88 [00:08<00:16,  3.61it/s, loss=0.172]
  epoch 3/3:  33%|███▎      | 29/88 [00:08<00:16,  3.61it/s, loss=0.169]
  epoch 3/3:  34%|███▍      | 30/88 [00:08<00:16,  3.60it/s, loss=0.169]
  epoch 3/3:  34%|███▍      | 30/88 [00:08<00:16,  3.60it/s, loss=0.172]
  epoch 3/3:  35%|███▌      | 31/88 [00:08<00:15,  3.62it/s, loss=0.172]
  epoch 3/3:  35%|███▌      | 31/88 [00:09<00:15,  3.62it/s, loss=0.172]
  epoch 3/3:  36%|███▋      | 32/88 [00:09<00:15,  3.62it/s, loss=0.172]
  epoch 3/3:  36%|███▋      | 32/88 [00:09<00:15,  3.62it/s, loss=0.170]
  epoch 3/3:  38%|███▊      | 33/88 [00:09<00:15,  3.61it/s, loss=0.170]
  epoch 3/3:  38%|███▊      | 33/88 [00:09<00:15,  3.61it/s, loss=0.168]
  epoch 3/3:  39%|███▊      | 34/88 [00:09<00:14,  3.62it/s, loss=0.168]
  epoch 3/3:  39%|███▊      | 34/88 [00:09<00:14,  3.62it/s, loss=0.167]
  epoch 3/3:  40%|███▉      | 35/88 [00:09<00:14,  3.62it/s, loss=0.167]
  epoch 3/3:  40%|███▉      | 35/88 [00:10<00:14,  3.62it/s, loss=0.166]
  epoch 3/3:  41%|████      | 36/88 [00:10<00:14,  3.64it/s, loss=0.166]
  epoch 3/3:  41%|████      | 36/88 [00:10<00:14,  3.64it/s, loss=0.163]
  epoch 3/3:  42%|████▏     | 37/88 [00:10<00:14,  3.63it/s, loss=0.163]
  epoch 3/3:  42%|████▏     | 37/88 [00:10<00:14,  3.63it/s, loss=0.164]
  epoch 3/3:  43%|████▎     | 38/88 [00:10<00:13,  3.65it/s, loss=0.164]
  epoch 3/3:  43%|████▎     | 38/88 [00:11<00:13,  3.65it/s, loss=0.166]
  epoch 3/3:  44%|████▍     | 39/88 [00:11<00:13,  3.63it/s, loss=0.166]
  epoch 3/3:  44%|████▍     | 39/88 [00:11<00:13,  3.63it/s, loss=0.165]
  epoch 3/3:  45%|████▌     | 40/88 [00:11<00:13,  3.58it/s, loss=0.165]
  epoch 3/3:  45%|████▌     | 40/88 [00:11<00:13,  3.58it/s, loss=0.164]
  epoch 3/3:  47%|████▋     | 41/88 [00:11<00:13,  3.59it/s, loss=0.164]
  epoch 3/3:  47%|████▋     | 41/88 [00:11<00:13,  3.59it/s, loss=0.162]
  epoch 3/3:  48%|████▊     | 42/88 [00:11<00:12,  3.59it/s, loss=0.162]
  epoch 3/3:  48%|████▊     | 42/88 [00:12<00:12,  3.59it/s, loss=0.160]
  epoch 3/3:  49%|████▉     | 43/88 [00:12<00:12,  3.61it/s, loss=0.160]
  epoch 3/3:  49%|████▉     | 43/88 [00:12<00:12,  3.61it/s, loss=0.160]
  epoch 3/3:  50%|█████     | 44/88 [00:12<00:12,  3.61it/s, loss=0.160]
  epoch 3/3:  50%|█████     | 44/88 [00:12<00:12,  3.61it/s, loss=0.159]
  epoch 3/3:  51%|█████     | 45/88 [00:12<00:11,  3.61it/s, loss=0.159]
  epoch 3/3:  51%|█████     | 45/88 [00:13<00:11,  3.61it/s, loss=0.159]
  epoch 3/3:  52%|█████▏    | 46/88 [00:13<00:11,  3.61it/s, loss=0.159]
  epoch 3/3:  52%|█████▏    | 46/88 [00:13<00:11,  3.61it/s, loss=0.161]
  epoch 3/3:  53%|█████▎    | 47/88 [00:13<00:11,  3.61it/s, loss=0.161]
  epoch 3/3:  53%|█████▎    | 47/88 [00:13<00:11,  3.61it/s, loss=0.161]
  epoch 3/3:  55%|█████▍    | 48/88 [00:13<00:11,  3.60it/s, loss=0.161]
  epoch 3/3:  55%|█████▍    | 48/88 [00:13<00:11,  3.60it/s, loss=0.163]
  epoch 3/3:  56%|█████▌    | 49/88 [00:13<00:10,  3.62it/s, loss=0.163]
  epoch 3/3:  56%|█████▌    | 49/88 [00:14<00:10,  3.62it/s, loss=0.161]
  epoch 3/3:  57%|█████▋    | 50/88 [00:14<00:10,  3.61it/s, loss=0.161]
  epoch 3/3:  57%|█████▋    | 50/88 [00:14<00:10,  3.61it/s, loss=0.160]
  epoch 3/3:  58%|█████▊    | 51/88 [00:14<00:10,  3.62it/s, loss=0.160]
  epoch 3/3:  58%|█████▊    | 51/88 [00:14<00:10,  3.62it/s, loss=0.159]
  epoch 3/3:  59%|█████▉    | 52/88 [00:14<00:09,  3.62it/s, loss=0.159]
  epoch 3/3:  59%|█████▉    | 52/88 [00:14<00:09,  3.62it/s, loss=0.158]
  epoch 3/3:  60%|██████    | 53/88 [00:14<00:09,  3.62it/s, loss=0.158]
  epoch 3/3:  60%|██████    | 53/88 [00:15<00:09,  3.62it/s, loss=0.157]
  epoch 3/3:  61%|██████▏   | 54/88 [00:15<00:09,  3.64it/s, loss=0.157]
  epoch 3/3:  61%|██████▏   | 54/88 [00:15<00:09,  3.64it/s, loss=0.156]
  epoch 3/3:  62%|██████▎   | 55/88 [00:15<00:09,  3.64it/s, loss=0.156]
  epoch 3/3:  62%|██████▎   | 55/88 [00:15<00:09,  3.64it/s, loss=0.155]
  epoch 3/3:  64%|██████▎   | 56/88 [00:15<00:08,  3.60it/s, loss=0.155]
  epoch 3/3:  64%|██████▎   | 56/88 [00:16<00:08,  3.60it/s, loss=0.154]
  epoch 3/3:  65%|██████▍   | 57/88 [00:16<00:08,  3.61it/s, loss=0.154]

[2026-07-30 19:39:50] $ /usr/bin/python3 /home/an/RaybanMeta/uav-continual-learning/scripts/run_g1.py --config /home/an/RaybanMeta/uav-continual-learning/configs/g2_titans_resisc45_selfmod_m3_ncm.yaml --method titans --skip-existing --set seed=0 log.run_tag=ncm-head log.dir=/home/an/RaybanMeta/uav-continual-learning/artifacts_ncm_head_study
== G1 run: dataset=resisc45 method=titans seed=0 device=cuda
Warning: You are sending unauthenticated requests to the HF Hub. Please set a HF_TOKEN to enable higher rate limits and faster downloads.
task 0: 5 classes [airplane, airport, desert, runway, stadium] | train 2800 / val 350 / test 350
task 1: 5 classes [church, dense_residential, lake, tennis_court, thermal_power_station] | train 2800 / val 350 / test 350
task 2: 5 classes [bridge, chaparral, freeway, island, railway] | train 2800 / val 350 / test 350
task 3: 5 classes [commercial_area, golf_course, medium_residential, parking_lot, terrace] | train 2800 / val 350 / test 350
task 4: 5 classes [cloud, harbor, palace, sea_ice, ship] | train 2800 / val 350 / test 350
task 5: 5 classes [basketball_court, roundabout, snowberg, sparse_residential, wetland] | train 2800 / val 350 / test 350
task 6: 5 classes [beach, circular_farmland, forest, industrial_area, storage_tank] | train 2800 / val 350 / test 350
task 7: 5 classes [intersection, meadow, mountain, railway_station, rectangular_farmland] | train 2800 / val 350 / test 350
task 8: 5 classes [baseball_diamond, ground_track_field, mobile_home_park, overpass, river] | train 2800 / val 350 / test 350
[titans] seq=image_seq reset=never chunk=32
[RESUME] task-boundary checkpoint -> tiếp tục từ task 7/9
[task 7] classes=[19, 22, 25, 30, 31] | train=2800

  epoch 1/3:   0%|          | 0/88 [00:00<?, ?it/s]
  epoch 1/3:   0%|          | 0/88 [00:04<?, ?it/s, loss=1.732]
  epoch 1/3:   1%|          | 1/88 [00:04<06:28,  4.47s/it, loss=1.732]
  epoch 1/3:   1%|          | 1/88 [00:04<06:28,  4.47s/it, loss=1.843]
  epoch 1/3:   2%|▏         | 2/88 [00:04<02:52,  2.00s/it, loss=1.843]
  epoch 1/3:   2%|▏         | 2/88 [00:04<02:52,  2.00s/it, loss=1.854]
  epoch 1/3:   3%|▎         | 3/88 [00:04<01:42,  1.20s/it, loss=1.854]
  epoch 1/3:   3%|▎         | 3/88 [00:05<01:42,  1.20s/it, loss=1.777]
  epoch 1/3:   5%|▍         | 4/88 [00:05<01:09,  1.20it/s, loss=1.777]
  epoch 1/3:   5%|▍         | 4/88 [00:05<01:09,  1.20it/s, loss=1.742]
  epoch 1/3:   6%|▌         | 5/88 [00:05<00:51,  1.61it/s, loss=1.742]
  epoch 1/3:   6%|▌         | 5/88 [00:05<00:51,  1.61it/s, loss=1.728]
  epoch 1/3:   7%|▋         | 6/88 [00:05<00:40,  2.01it/s, loss=1.728]
  epoch 1/3:   7%|▋         | 6/88 [00:06<00:40,  2.01it/s, loss=1.725]
  epoch 1/3:   8%|▊         | 7/88 [00:06<00:33,  2.38it/s, loss=1.725]
  epoch 1/3:   8%|▊         | 7/88 [00:06<00:33,  2.38it/s, loss=1.719]
  epoch 1/3:   9%|▉         | 8/88 [00:06<00:29,  2.69it/s, loss=1.719]
  epoch 1/3:   9%|▉         | 8/88 [00:06<00:29,  2.69it/s, loss=1.724]
  epoch 1/3:  10%|█         | 9/88 [00:06<00:26,  2.97it/s, loss=1.724]
  epoch 1/3:  10%|█         | 9/88 [00:06<00:26,  2.97it/s, loss=1.709]
  epoch 1/3:  11%|█▏        | 10/88 [00:06<00:24,  3.19it/s, loss=1.709]
  epoch 1/3:  11%|█▏        | 10/88 [00:07<00:24,  3.19it/s, loss=1.711]
  epoch 1/3:  12%|█▎        | 11/88 [00:07<00:22,  3.36it/s, loss=1.711]
  epoch 1/3:  12%|█▎        | 11/88 [00:07<00:22,  3.36it/s, loss=1.697]
  epoch 1/3:  14%|█▎        | 12/88 [00:07<00:21,  3.49it/s, loss=1.697]
  epoch 1/3:  14%|█▎        | 12/88 [00:07<00:21,  3.49it/s, loss=1.685]
  epoch 1/3:  15%|█▍        | 13/88 [00:07<00:20,  3.62it/s, loss=1.685]
  epoch 1/3:  15%|█▍        | 13/88 [00:07<00:20,  3.62it/s, loss=1.679]
  epoch 1/3:  16%|█▌        | 14/88 [00:07<00:20,  3.68it/s, loss=1.679]
  epoch 1/3:  16%|█▌        | 14/88 [00:08<00:20,  3.68it/s, loss=1.669]
  epoch 1/3:  17%|█▋        | 15/88 [00:08<00:19,  3.71it/s, loss=1.669]
  epoch 1/3:  17%|█▋        | 15/88 [00:08<00:19,  3.71it/s, loss=1.669]
  epoch 1/3:  18%|█▊        | 16/88 [00:08<00:19,  3.74it/s, loss=1.669]
  epoch 1/3:  18%|█▊        | 16/88 [00:08<00:19,  3.74it/s, loss=1.665]
  epoch 1/3:  19%|█▉        | 17/88 [00:08<00:18,  3.76it/s, loss=1.665]
  epoch 1/3:  19%|█▉        | 17/88 [00:08<00:18,  3.76it/s, loss=1.651]
  epoch 1/3:  20%|██        | 18/88 [00:08<00:18,  3.78it/s, loss=1.651]
  epoch 1/3:  20%|██        | 18/88 [00:09<00:18,  3.78it/s, loss=1.644]
  epoch 1/3:  22%|██▏       | 19/88 [00:09<00:18,  3.79it/s, loss=1.644]
  epoch 1/3:  22%|██▏       | 19/88 [00:09<00:18,  3.79it/s, loss=1.641]
  epoch 1/3:  23%|██▎       | 20/88 [00:09<00:17,  3.83it/s, loss=1.641]
  epoch 1/3:  23%|██▎       | 20/88 [00:09<00:17,  3.83it/s, loss=1.628]
  epoch 1/3:  24%|██▍       | 21/88 [00:09<00:17,  3.84it/s, loss=1.628]
  epoch 1/3:  24%|██▍       | 21/88 [00:09<00:17,  3.84it/s, loss=1.622]
  epoch 1/3:  25%|██▌       | 22/88 [00:09<00:17,  3.83it/s, loss=1.622]
  epoch 1/3:  25%|██▌       | 22/88 [00:10<00:17,  3.83it/s, loss=1.614]
  epoch 1/3:  26%|██▌       | 23/88 [00:10<00:17,  3.81it/s, loss=1.614]
  epoch 1/3:  26%|██▌       | 23/88 [00:10<00:17,  3.81it/s, loss=1.602]
  epoch 1/3:  27%|██▋       | 24/88 [00:10<00:16,  3.77it/s, loss=1.602]
  epoch 1/3:  27%|██▋       | 24/88 [00:10<00:16,  3.77it/s, loss=1.602]
  epoch 1/3:  28%|██▊       | 25/88 [00:10<00:16,  3.79it/s, loss=1.602]
  epoch 1/3:  28%|██▊       | 25/88 [00:10<00:16,  3.79it/s, loss=1.589]
  epoch 1/3:  30%|██▉       | 26/88 [00:10<00:16,  3.81it/s, loss=1.589]
  epoch 1/3:  30%|██▉       | 26/88 [00:11<00:16,  3.81it/s, loss=1.580]
  epoch 1/3:  31%|███       | 27/88 [00:11<00:15,  3.81it/s, loss=1.580]
  epoch 1/3:  31%|███       | 27/88 [00:11<00:15,  3.81it/s, loss=1.566]
  epoch 1/3:  32%|███▏      | 28/88 [00:11<00:15,  3.81it/s, loss=1.566]
  epoch 1/3:  32%|███▏      | 28/88 [00:11<00:15,  3.81it/s, loss=1.557]
  epoch 1/3:  33%|███▎      | 29/88 [00:11<00:15,  3.80it/s, loss=1.557]
  epoch 1/3:  33%|███▎      | 29/88 [00:12<00:15,  3.80it/s, loss=1.547]
  epoch 1/3:  34%|███▍      | 30/88 [00:12<00:15,  3.81it/s, loss=1.547]
  epoch 1/3:  34%|███▍      | 30/88 [00:12<00:15,  3.81it/s, loss=1.536]
  epoch 1/3:  35%|███▌      | 31/88 [00:12<00:15,  3.80it/s, loss=1.536]
  epoch 1/3:  35%|███▌      | 31/88 [00:12<00:15,  3.80it/s, loss=1.527]
  epoch 1/3:  36%|███▋      | 32/88 [00:12<00:14,  3.80it/s, loss=1.527]
  epoch 1/3:  36%|███▋      | 32/88 [00:12<00:14,  3.80it/s, loss=1.522]
  epoch 1/3:  38%|███▊      | 33/88 [00:12<00:14,  3.79it/s, loss=1.522]
  epoch 1/3:  38%|███▊      | 33/88 [00:13<00:14,  3.79it/s, loss=1.511]
  epoch 1/3:  39%|███▊      | 34/88 [00:13<00:14,  3.79it/s, loss=1.511]
  epoch 1/3:  39%|███▊      | 34/88 [00:13<00:14,  3.79it/s, loss=1.500]
  epoch 1/3:  40%|███▉      | 35/88 [00:13<00:13,  3.80it/s, loss=1.500]
  epoch 1/3:  40%|███▉      | 35/88 [00:13<00:13,  3.80it/s, loss=1.488]
  epoch 1/3:  41%|████      | 36/88 [00:13<00:13,  3.79it/s, loss=1.488]
  epoch 1/3:  41%|████      | 36/88 [00:13<00:13,  3.79it/s, loss=1.477]
  epoch 1/3:  42%|████▏     | 37/88 [00:13<00:13,  3.79it/s, loss=1.477]
  epoch 1/3:  42%|████▏     | 37/88 [00:14<00:13,  3.79it/s, loss=1.469]
  epoch 1/3:  43%|████▎     | 38/88 [00:14<00:13,  3.78it/s, loss=1.469]
  epoch 1/3:  43%|████▎     | 38/88 [00:14<00:13,  3.78it/s, loss=1.461]
  epoch 1/3:  44%|████▍     | 39/88 [00:14<00:12,  3.78it/s, loss=1.461]
  epoch 1/3:  44%|████▍     | 39/88 [00:14<00:12,  3.78it/s, loss=1.452]
  epoch 1/3:  45%|████▌     | 40/88 [00:14<00:12,  3.81it/s, loss=1.452]
  epoch 1/3:  45%|████▌     | 40/88 [00:14<00:12,  3.81it/s, loss=1.446]
  epoch 1/3:  47%|████▋     | 41/88 [00:14<00:12,  3.78it/s, loss=1.446]
  epoch 1/3:  47%|████▋     | 41/88 [00:15<00:12,  3.78it/s, loss=1.438]
  epoch 1/3:  48%|████▊     | 42/88 [00:15<00:12,  3.77it/s, loss=1.438]
  epoch 1/3:  48%|████▊     | 42/88 [00:15<00:12,  3.77it/s, loss=1.429]
  epoch 1/3:  49%|████▉     | 43/88 [00:15<00:11,  3.76it/s, loss=1.429]
  epoch 1/3:  49%|████▉     | 43/88 [00:15<00:11,  3.76it/s, loss=1.419]
  epoch 1/3:  50%|█████     | 44/88 [00:15<00:11,  3.74it/s, loss=1.419]
  epoch 1/3:  50%|█████     | 44/88 [00:16<00:11,  3.74it/s, loss=1.414]
  epoch 1/3:  51%|█████     | 45/88 [00:16<00:11,  3.72it/s, loss=1.414]
  epoch 1/3:  51%|█████     | 45/88 [00:16<00:11,  3.72it/s, loss=1.405]
  epoch 1/3:  52%|█████▏    | 46/88 [00:16<00:11,  3.74it/s, loss=1.405]
  epoch 1/3:  52%|█████▏    | 46/88 [00:16<00:11,  3.74it/s, loss=1.393]
  epoch 1/3:  53%|█████▎    | 47/88 [00:16<00:10,  3.76it/s, loss=1.393]
  epoch 1/3:  53%|█████▎    | 47/88 [00:16<00:10,  3.76it/s, loss=1.385]
  epoch 1/3:  55%|█████▍    | 48/88 [00:16<00:10,  3.74it/s, loss=1.385]
  epoch 1/3:  55%|█████▍    | 48/88 [00:17<00:10,  3.74it/s, loss=1.374]
  epoch 1/3:  56%|█████▌    | 49/88 [00:17<00:10,  3.74it/s, loss=1.374]
  epoch 1/3:  56%|█████▌    | 49/88 [00:17<00:10,  3.74it/s, loss=1.366]
  epoch 1/3:  57%|█████▋    | 50/88 [00:17<00:10,  3.71it/s, loss=1.366]
  epoch 1/3:  57%|█████▋    | 50/88 [00:17<00:10,  3.71it/s, loss=1.356]
  epoch 1/3:  58%|█████▊    | 51/88 [00:17<00:09,  3.73it/s, loss=1.356]
  epoch 1/3:  58%|█████▊    | 51/88 [00:17<00:09,  3.73it/s, loss=1.347]
  epoch 1/3:  59%|█████▉    | 52/88 [00:17<00:09,  3.73it/s, loss=1.347]
  epoch 1/3:  59%|█████▉    | 52/88 [00:18<00:09,  3.73it/s, loss=1.340]
  epoch 1/3:  60%|██████    | 53/88 [00:18<00:09,  3.72it/s, loss=1.340]
  epoch 1/3:  60%|██████    | 53/88 [00:18<00:09,  3.72it/s, loss=1.331]
  epoch 1/3:  61%|██████▏   | 54/88 [00:18<00:09,  3.71it/s, loss=1.331]
  epoch 1/3:  61%|██████▏   | 54/88 [00:18<00:09,  3.71it/s, loss=1.322]
  epoch 1/3:  62%|██████▎   | 55/88 [00:18<00:08,  3.73it/s, loss=1.322]
  epoch 1/3:  62%|██████▎   | 55/88 [00:18<00:08,  3.73it/s, loss=1.314]
  epoch 1/3:  64%|██████▎   | 56/88 [00:18<00:08,  3.68it/s, loss=1.314]
  epoch 1/3:  64%|██████▎   | 56/88 [00:19<00:08,  3.68it/s, loss=1.304]
  epoch 1/3:  65%|██████▍   | 57/88 [00:19<00:08,  3.69it/s, loss=1.304]
  epoch 1/3:  65%|██████▍   | 57/88 [00:19<00:08,  3.69it/s, loss=1.296]
  epoch 1/3:  66%|██████▌   | 58/88 [00:19<00:08,  3.67it/s, loss=1.296]
  epoch 1/3:  66%|██████▌   | 58/88 [00:19<00:08,  3.67it/s, loss=1.291]
  epoch 1/3:  67%|██████▋   | 59/88 [00:19<00:07,  3.68it/s, loss=1.291]
  epoch 1/3:  67%|██████▋   | 59/88 [00:20<00:07,  3.68it/s, loss=1.279]
  epoch 1/3:  68%|██████▊   | 60/88 [00:20<00:07,  3.69it/s, loss=1.279]
  epoch 1/3:  68%|██████▊   | 60/88 [00:20<00:07,  3.69it/s, loss=1.271]
  epoch 1/3:  69%|██████▉   | 61/88 [00:20<00:07,  3.68it/s, loss=1.271]
  epoch 1/3:  69%|██████▉   | 61/88 [00:20<00:07,  3.68it/s, loss=1.263]
  epoch 1/3:  70%|███████   | 62/88 [00:20<00:07,  3.69it/s, loss=1.263]
  epoch 1/3:  70%|███████   | 62/88 [00:20<00:07,  3.69it/s, loss=1.254]
  epoch 1/3:  72%|███████▏  | 63/88 [00:20<00:06,  3.71it/s, loss=1.254]
  epoch 1/3:  72%|███████▏  | 63/88 [00:21<00:06,  3.71it/s, loss=1.247]
  epoch 1/3:  73%|███████▎  | 64/88 [00:21<00:06,  3.70it/s, loss=1.247]
  epoch 1/3:  73%|███████▎  | 64/88 [00:21<00:06,  3.70it/s, loss=1.239]
  epoch 1/3:  74%|███████▍  | 65/88 [00:21<00:06,  3.70it/s, loss=1.239]
  epoch 1/3:  74%|███████▍  | 65/88 [00:21<00:06,  3.70it/s, loss=1.231]
  epoch 1/3:  75%|███████▌  | 66/88 [00:21<00:05,  3.68it/s, loss=1.231]
  epoch 1/3:  75%|███████▌  | 66/88 [00:21<00:05,  3.68it/s, loss=1.225]
  epoch 1/3:  76%|███████▌  | 67/88 [00:21<00:05,  3.66it/s, loss=1.225]
  epoch 1/3:  76%|███████▌  | 67/88 [00:22<00:05,  3.66it/s, loss=1.217]
  epoch 1/3:  77%|███████▋  | 68/88 [00:22<00:05,  3.67it/s, loss=1.217]
  epoch 1/3:  77%|███████▋  | 68/88 [00:22<00:05,  3.67it/s, loss=1.211]
  epoch 1/3:  78%|███████▊  | 69/88 [00:22<00:05,  3.65it/s, loss=1.211]
  epoch 1/3:  78%|███████▊  | 69/88 [00:22<00:05,  3.65it/s, loss=1.201]
  epoch 1/3:  80%|███████▉  | 70/88 [00:22<00:04,  3.65it/s, loss=1.201]
  epoch 1/3:  80%|███████▉  | 70/88 [00:23<00:04,  3.65it/s, loss=1.191]
  epoch 1/3:  81%|████████  | 71/88 [00:23<00:04,  3.66it/s, loss=1.191]
  epoch 1/3:  81%|████████  | 71/88 [00:23<00:04,  3.66it/s, loss=1.184]
  epoch 1/3:  82%|████████▏ | 72/88 [00:23<00:04,  3.60it/s, loss=1.184]
  epoch 1/3:  82%|████████▏ | 72/88 [00:23<00:04,  3.60it/s, loss=1.177]
  epoch 1/3:  83%|████████▎ | 73/88 [00:23<00:04,  3.61it/s, loss=1.177]
  epoch 1/3:  83%|████████▎ | 73/88 [00:23<00:04,  3.61it/s, loss=1.170]
  epoch 1/3:  84%|████████▍ | 74/88 [00:23<00:03,  3.62it/s, loss=1.170]
  epoch 1/3:  84%|████████▍ | 74/88 [00:24<00:03,  3.62it/s, loss=1.163]
  epoch 1/3:  85%|████████▌ | 75/88 [00:24<00:03,  3.64it/s, loss=1.163]
  epoch 1/3:  85%|████████▌ | 75/88 [00:24<00:03,  3.64it/s, loss=1.156]
  epoch 1/3:  86%|████████▋ | 76/88 [00:24<00:03,  3.64it/s, loss=1.156]
  epoch 1/3:  86%|████████▋ | 76/88 [00:24<00:03,  3.64it/s, loss=1.151]
  epoch 1/3:  88%|████████▊ | 77/88 [00:24<00:03,  3.64it/s, loss=1.151]
  epoch 1/3:  88%|████████▊ | 77/88 [00:25<00:03,  3.64it/s, loss=1.143]
  epoch 1/3:  89%|████████▊ | 78/88 [00:25<00:02,  3.65it/s, loss=1.143]
  epoch 1/3:  89%|████████▊ | 78/88 [00:25<00:02,  3.65it/s, loss=1.137]
  epoch 1/3:  90%|████████▉ | 79/88 [00:25<00:02,  3.64it/s, loss=1.137]
  epoch 1/3:  90%|████████▉ | 79/88 [00:25<00:02,  3.64it/s, loss=1.130]
  epoch 1/3:  91%|█████████ | 80/88 [00:25<00:02,  3.65it/s, loss=1.130]
  epoch 1/3:  91%|█████████ | 80/88 [00:25<00:02,  3.65it/s, loss=1.124]
  epoch 1/3:  92%|█████████▏| 81/88 [00:25<00:01,  3.63it/s, loss=1.124]
  epoch 1/3:  92%|█████████▏| 81/88 [00:26<00:01,  3.63it/s, loss=1.118]
  epoch 1/3:  93%|█████████▎| 82/88 [00:26<00:01,  3.62it/s, loss=1.118]
  epoch 1/3:  93%|█████████▎| 82/88 [00:26<00:01,  3.62it/s, loss=1.111]
  epoch 1/3:  94%|█████████▍| 83/88 [00:26<00:01,  3.62it/s, loss=1.111]
  epoch 1/3:  94%|█████████▍| 83/88 [00:26<00:01,  3.62it/s, loss=1.105]
  epoch 1/3:  95%|█████████▌| 84/88 [00:26<00:01,  3.60it/s, loss=1.105]
  epoch 1/3:  95%|█████████▌| 84/88 [00:26<00:01,  3.60it/s, loss=1.098]
  epoch 1/3:  97%|█████████▋| 85/88 [00:26<00:00,  3.60it/s, loss=1.098]
  epoch 1/3:  97%|█████████▋| 85/88 [00:27<00:00,  3.60it/s, loss=1.092]
  epoch 1/3:  98%|█████████▊| 86/88 [00:27<00:00,  3.62it/s, loss=1.092]
  epoch 1/3:  98%|█████████▊| 86/88 [00:27<00:00,  3.62it/s, loss=1.087]
  epoch 1/3:  99%|█████████▉| 87/88 [00:27<00:00,  3.60it/s, loss=1.087]
  epoch 1/3:  99%|█████████▉| 87/88 [00:27<00:00,  3.60it/s, loss=1.083]
  epoch 1/3: 100%|██████████| 88/88 [00:27<00:00,  3.88it/s, loss=1.083]
                                                                        

  epoch 2/3:   0%|          | 0/88 [00:00<?, ?it/s]
  epoch 2/3:   0%|          | 0/88 [00:00<?, ?it/s, loss=0.564]
  epoch 2/3:   1%|          | 1/88 [00:00<00:43,  2.00it/s, loss=0.564]
  epoch 2/3:   1%|          | 1/88 [00:00<00:43,  2.00it/s, loss=0.593]
  epoch 2/3:   2%|▏         | 2/88 [00:00<00:31,  2.70it/s, loss=0.593]
  epoch 2/3:   2%|▏         | 2/88 [00:01<00:31,  2.70it/s, loss=0.568]
  epoch 2/3:   3%|▎         | 3/88 [00:01<00:27,  3.05it/s, loss=0.568]
  epoch 2/3:   3%|▎         | 3/88 [00:01<00:27,  3.05it/s, loss=0.557]
  epoch 2/3:   5%|▍         | 4/88 [00:01<00:25,  3.23it/s, loss=0.557]
  epoch 2/3:   5%|▍         | 4/88 [00:01<00:25,  3.23it/s, loss=0.546]
  epoch 2/3:   6%|▌         | 5/88 [00:01<00:24,  3.34it/s, loss=0.546]
  epoch 2/3:   6%|▌         | 5/88 [00:01<00:24,  3.34it/s, loss=0.536]
  epoch 2/3:   7%|▋         | 6/88 [00:01<00:24,  3.40it/s, loss=0.536]
  epoch 2/3:   7%|▋         | 6/88 [00:02<00:24,  3.40it/s, loss=0.528]
  epoch 2/3:   8%|▊         | 7/88 [00:02<00:23,  3.46it/s, loss=0.528]
  epoch 2/3:   8%|▊         | 7/88 [00:02<00:23,  3.46it/s, loss=0.511]
  epoch 2/3:   9%|▉         | 8/88 [00:02<00:22,  3.50it/s, loss=0.511]
  epoch 2/3:   9%|▉         | 8/88 [00:02<00:22,  3.50it/s, loss=0.515]
  epoch 2/3:  10%|█         | 9/88 [00:02<00:22,  3.54it/s, loss=0.515]
  epoch 2/3:  10%|█         | 9/88 [00:03<00:22,  3.54it/s, loss=0.524]
  epoch 2/3:  11%|█▏        | 10/88 [00:03<00:22,  3.54it/s, loss=0.524]
  epoch 2/3:  11%|█▏        | 10/88 [00:03<00:22,  3.54it/s, loss=0.521]
  epoch 2/3:  12%|█▎        | 11/88 [00:03<00:21,  3.53it/s, loss=0.521]
  epoch 2/3:  12%|█▎        | 11/88 [00:03<00:21,  3.53it/s, loss=0.521]
  epoch 2/3:  14%|█▎        | 12/88 [00:03<00:21,  3.54it/s, loss=0.521]
  epoch 2/3:  14%|█▎        | 12/88 [00:03<00:21,  3.54it/s, loss=0.515]
  epoch 2/3:  15%|█▍        | 13/88 [00:03<00:21,  3.53it/s, loss=0.515]
  epoch 2/3:  15%|█▍        | 13/88 [00:04<00:21,  3.53it/s, loss=0.520]
  epoch 2/3:  16%|█▌        | 14/88 [00:04<00:21,  3.52it/s, loss=0.520]
  epoch 2/3:  16%|█▌        | 14/88 [00:04<00:21,  3.52it/s, loss=0.516]
  epoch 2/3:  17%|█▋        | 15/88 [00:04<00:20,  3.52it/s, loss=0.516]
  epoch 2/3:  17%|█▋        | 15/88 [00:04<00:20,  3.52it/s, loss=0.506]
  epoch 2/3:  18%|█▊        | 16/88 [00:04<00:20,  3.48it/s, loss=0.506]
  epoch 2/3:  18%|█▊        | 16/88 [00:05<00:20,  3.48it/s, loss=0.501]
  epoch 2/3:  19%|█▉        | 17/88 [00:05<00:20,  3.52it/s, loss=0.501]
  epoch 2/3:  19%|█▉        | 17/88 [00:05<00:20,  3.52it/s, loss=0.499]
  epoch 2/3:  20%|██        | 18/88 [00:05<00:19,  3.53it/s, loss=0.499]
  epoch 2/3:  20%|██        | 18/88 [00:05<00:19,  3.53it/s, loss=0.499]
  epoch 2/3:  22%|██▏       | 19/88 [00:05<00:19,  3.53it/s, loss=0.499]
  epoch 2/3:  22%|██▏       | 19/88 [00:05<00:19,  3.53it/s, loss=0.496]
  epoch 2/3:  23%|██▎       | 20/88 [00:05<00:19,  3.53it/s, loss=0.496]
  epoch 2/3:  23%|██▎       | 20/88 [00:06<00:19,  3.53it/s, loss=0.496]
  epoch 2/3:  24%|██▍       | 21/88 [00:06<00:19,  3.52it/s, loss=0.496]
  epoch 2/3:  24%|██▍       | 21/88 [00:06<00:19,  3.52it/s, loss=0.497]
  epoch 2/3:  25%|██▌       | 22/88 [00:06<00:18,  3.53it/s, loss=0.497]
  epoch 2/3:  25%|██▌       | 22/88 [00:06<00:18,  3.53it/s, loss=0.492]
  epoch 2/3:  26%|██▌       | 23/88 [00:06<00:18,  3.53it/s, loss=0.492]
  epoch 2/3:  26%|██▌       | 23/88 [00:06<00:18,  3.53it/s, loss=0.491]
  epoch 2/3:  27%|██▋       | 24/88 [00:06<00:18,  3.52it/s, loss=0.491]
  epoch 2/3:  27%|██▋       | 24/88 [00:07<00:18,  3.52it/s, loss=0.487]
  epoch 2/3:  28%|██▊       | 25/88 [00:07<00:17,  3.52it/s, loss=0.487]
  epoch 2/3:  28%|██▊       | 25/88 [00:07<00:17,  3.52it/s, loss=0.486]
  epoch 2/3:  30%|██▉       | 26/88 [00:07<00:17,  3.52it/s, loss=0.486]
  epoch 2/3:  30%|██▉       | 26/88 [00:07<00:17,  3.52it/s, loss=0.480]
  epoch 2/3:  31%|███       | 27/88 [00:07<00:17,  3.52it/s, loss=0.480]
  epoch 2/3:  31%|███       | 27/88 [00:08<00:17,  3.52it/s, loss=0.477]
  epoch 2/3:  32%|███▏      | 28/88 [00:08<00:17,  3.52it/s, loss=0.477]
  epoch 2/3:  32%|███▏      | 28/88 [00:08<00:17,  3.52it/s, loss=0.472]
  epoch 2/3:  33%|███▎      | 29/88 [00:08<00:16,  3.52it/s, loss=0.472]
  epoch 2/3:  33%|███▎      | 29/88 [00:08<00:16,  3.52it/s, loss=0.468]
  epoch 2/3:  34%|███▍      | 30/88 [00:08<00:16,  3.53it/s, loss=0.468]
  epoch 2/3:  34%|███▍      | 30/88 [00:08<00:16,  3.53it/s, loss=0.465]
  epoch 2/3:  35%|███▌      | 31/88 [00:08<00:16,  3.53it/s, loss=0.465]
  epoch 2/3:  35%|███▌      | 31/88 [00:09<00:16,  3.53it/s, loss=0.464]
  epoch 2/3:  36%|███▋      | 32/88 [00:09<00:16,  3.48it/s, loss=0.464]
  epoch 2/3:  36%|███▋      | 32/88 [00:09<00:16,  3.48it/s, loss=0.459]
  epoch 2/3:  38%|███▊      | 33/88 [00:09<00:15,  3.48it/s, loss=0.459]
  epoch 2/3:  38%|███▊      | 33/88 [00:09<00:15,  3.48it/s, loss=0.458]
  epoch 2/3:  39%|███▊      | 34/88 [00:09<00:15,  3.49it/s, loss=0.458]
  epoch 2/3:  39%|███▊      | 34/88 [00:10<00:15,  3.49it/s, loss=0.454]
  epoch 2/3:  40%|███▉      | 35/88 [00:10<00:15,  3.48it/s, loss=0.454]
  epoch 2/3:  40%|███▉      | 35/88 [00:10<00:15,  3.48it/s, loss=0.449]
  epoch 2/3:  41%|████      | 36/88 [00:10<00:14,  3.49it/s, loss=0.449]
  epoch 2/3:  41%|████      | 36/88 [00:10<00:14,  3.49it/s, loss=0.444]
  epoch 2/3:  42%|████▏     | 37/88 [00:10<00:14,  3.51it/s, loss=0.444]
  epoch 2/3:  42%|████▏     | 37/88 [00:10<00:14,  3.51it/s, loss=0.443]
  epoch 2/3:  43%|████▎     | 38/88 [00:10<00:14,  3.52it/s, loss=0.443]
  epoch 2/3:  43%|████▎     | 38/88 [00:11<00:14,  3.52it/s, loss=0.438]
  epoch 2/3:  44%|████▍     | 39/88 [00:11<00:13,  3.52it/s, loss=0.438]
  epoch 2/3:  44%|████▍     | 39/88 [00:11<00:13,  3.52it/s, loss=0.437]
  epoch 2/3:  45%|████▌     | 40/88 [00:11<00:13,  3.52it/s, loss=0.437]
  epoch 2/3:  45%|████▌     | 40/88 [00:11<00:13,  3.52it/s, loss=0.435]
  epoch 2/3:  47%|████▋     | 41/88 [00:11<00:13,  3.53it/s, loss=0.435]
  epoch 2/3:  47%|████▋     | 41/88 [00:12<00:13,  3.53it/s, loss=0.431]
  epoch 2/3:  48%|████▊     | 42/88 [00:12<00:13,  3.52it/s, loss=0.431]
  epoch 2/3:  48%|████▊     | 42/88 [00:12<00:13,  3.52it/s, loss=0.430]
  epoch 2/3:  49%|████▉     | 43/88 [00:12<00:12,  3.51it/s, loss=0.430]
  epoch 2/3:  49%|████▉     | 43/88 [00:12<00:12,  3.51it/s, loss=0.430]
  epoch 2/3:  50%|█████     | 44/88 [00:12<00:12,  3.52it/s, loss=0.430]
  epoch 2/3:  50%|█████     | 44/88 [00:12<00:12,  3.52it/s, loss=0.426]
  epoch 2/3:  51%|█████     | 45/88 [00:12<00:12,  3.52it/s, loss=0.426]
  epoch 2/3:  51%|█████     | 45/88 [00:13<00:12,  3.52it/s, loss=0.424]
  epoch 2/3:  52%|█████▏    | 46/88 [00:13<00:11,  3.53it/s, loss=0.424]
  epoch 2/3:  52%|█████▏    | 46/88 [00:13<00:11,  3.53it/s, loss=0.421]
  epoch 2/3:  53%|█████▎    | 47/88 [00:13<00:11,  3.53it/s, loss=0.421]
  epoch 2/3:  53%|█████▎    | 47/88 [00:13<00:11,  3.53it/s, loss=0.417]
  epoch 2/3:  55%|█████▍    | 48/88 [00:13<00:11,  3.48it/s, loss=0.417]
  epoch 2/3:  55%|█████▍    | 48/88 [00:14<00:11,  3.48it/s, loss=0.415]
  epoch 2/3:  56%|█████▌    | 49/88 [00:14<00:11,  3.49it/s, loss=0.415]
  epoch 2/3:  56%|█████▌    | 49/88 [00:14<00:11,  3.49it/s, loss=0.411]
  epoch 2/3:  57%|█████▋    | 50/88 [00:14<00:10,  3.51it/s, loss=0.411]
  epoch 2/3:  57%|█████▋    | 50/88 [00:14<00:10,  3.51it/s, loss=0.409]
  epoch 2/3:  58%|█████▊    | 51/88 [00:14<00:10,  3.52it/s, loss=0.409]
  epoch 2/3:  58%|█████▊    | 51/88 [00:14<00:10,  3.52it/s, loss=0.406]
  epoch 2/3:  59%|█████▉    | 52/88 [00:14<00:10,  3.52it/s, loss=0.406]
  epoch 2/3:  59%|█████▉    | 52/88 [00:15<00:10,  3.52it/s, loss=0.405]
  epoch 2/3:  60%|██████    | 53/88 [00:15<00:09,  3.51it/s, loss=0.405]
  epoch 2/3:  60%|██████    | 53/88 [00:15<00:09,  3.51it/s, loss=0.401]
  epoch 2/3:  61%|██████▏   | 54/88 [00:15<00:09,  3.50it/s, loss=0.401]
  epoch 2/3:  61%|██████▏   | 54/88 [00:15<00:09,  3.50it/s, loss=0.398]
  epoch 2/3:  62%|██████▎   | 55/88 [00:15<00:09,  3.50it/s, loss=0.398]
  epoch 2/3:  62%|██████▎   | 55/88 [00:16<00:09,  3.50it/s, loss=0.396]
  epoch 2/3:  64%|██████▎   | 56/88 [00:16<00:09,  3.51it/s, loss=0.396]
  epoch 2/3:  64%|██████▎   | 56/88 [00:16<00:09,  3.51it/s, loss=0.395]
  epoch 2/3:  65%|██████▍   | 57/88 [00:16<00:08,  3.51it/s, loss=0.395]
  epoch 2/3:  65%|██████▍   | 57/88 [00:16<00:08,  3.51it/s, loss=0.393]
  epoch 2/3:  66%|██████▌   | 58/88 [00:16<00:08,  3.51it/s, loss=0.393]
  epoch 2/3:  66%|██████▌   | 58/88 [00:16<00:08,  3.51it/s, loss=0.390]
  epoch 2/3:  67%|██████▋   | 59/88 [00:16<00:08,  3.52it/s, loss=0.390]
  epoch 2/3:  67%|██████▋   | 59/88 [00:17<00:08,  3.52it/s, loss=0.390]
  epoch 2/3:  68%|██████▊   | 60/88 [00:17<00:07,  3.53it/s, loss=0.390]
  epoch 2/3:  68%|██████▊   | 60/88 [00:17<00:07,  3.53it/s, loss=0.387]
  epoch 2/3:  69%|██████▉   | 61/88 [00:17<00:07,  3.52it/s, loss=0.387]
  epoch 2/3:  69%|██████▉   | 61/88 [00:17<00:07,  3.52it/s, loss=0.386]
  epoch 2/3:  70%|███████   | 62/88 [00:17<00:07,  3.52it/s, loss=0.386]
  epoch 2/3:  70%|███████   | 62/88 [00:18<00:07,  3.52it/s, loss=0.383]
  epoch 2/3:  72%|███████▏  | 63/88 [00:18<00:07,  3.52it/s, loss=0.383]
  epoch 2/3:  72%|███████▏  | 63/88 [00:18<00:07,  3.52it/s, loss=0.381]
  epoch 2/3:  73%|███████▎  | 64/88 [00:18<00:06,  3.48it/s, loss=0.381]
  epoch 2/3:  73%|███████▎  | 64/88 [00:18<00:06,  3.48it/s, loss=0.378]
  epoch 2/3:  74%|███████▍  | 65/88 [00:18<00:06,  3.49it/s, loss=0.378]
  epoch 2/3:  74%|███████▍  | 65/88 [00:18<00:06,  3.49it/s, loss=0.376]
  epoch 2/3:  75%|███████▌  | 66/88 [00:18<00:06,  3.51it/s, loss=0.376]
  epoch 2/3:  75%|███████▌  | 66/88 [00:19<00:06,  3.51it/s, loss=0.373]
  epoch 2/3:  76%|███████▌  | 67/88 [00:19<00:05,  3.52it/s, loss=0.373]
  epoch 2/3:  76%|███████▌  | 67/88 [00:19<00:05,  3.52it/s, loss=0.372]
  epoch 2/3:  77%|███████▋  | 68/88 [00:19<00:05,  3.54it/s, loss=0.372]
  epoch 2/3:  77%|███████▋  | 68/88 [00:19<00:05,  3.54it/s, loss=0.368]
  epoch 2/3:  78%|███████▊  | 69/88 [00:19<00:05,  3.56it/s, loss=0.368]
  epoch 2/3:  78%|███████▊  | 69/88 [00:20<00:05,  3.56it/s, loss=0.367]
  epoch 2/3:  80%|███████▉  | 70/88 [00:20<00:05,  3.56it/s, loss=0.367]
  epoch 2/3:  80%|███████▉  | 70/88 [00:20<00:05,  3.56it/s, loss=0.365]
  epoch 2/3:  81%|████████  | 71/88 [00:20<00:04,  3.55it/s, loss=0.365]
  epoch 2/3:  81%|████████  | 71/88 [00:20<00:04,  3.55it/s, loss=0.363]
  epoch 2/3:  82%|████████▏ | 72/88 [00:20<00:04,  3.55it/s, loss=0.363]
  epoch 2/3:  82%|████████▏ | 72/88 [00:20<00:04,  3.55it/s, loss=0.360]
  epoch 2/3:  83%|████████▎ | 73/88 [00:20<00:04,  3.55it/s, loss=0.360]
  epoch 2/3:  83%|████████▎ | 73/88 [00:21<00:04,  3.55it/s, loss=0.359]
  epoch 2/3:  84%|████████▍ | 74/88 [00:21<00:03,  3.56it/s, loss=0.359]
  epoch 2/3:  84%|████████▍ | 74/88 [00:21<00:03,  3.56it/s, loss=0.357]
  epoch 2/3:  85%|████████▌ | 75/88 [00:21<00:03,  3.58it/s, loss=0.357]
  epoch 2/3:  85%|████████▌ | 75/88 [00:21<00:03,  3.58it/s, loss=0.355]
  epoch 2/3:  86%|████████▋ | 76/88 [00:21<00:03,  3.58it/s, loss=0.355]
  epoch 2/3:  86%|████████▋ | 76/88 [00:22<00:03,  3.58it/s, loss=0.353]
  epoch 2/3:  88%|████████▊ | 77/88 [00:22<00:03,  3.57it/s, loss=0.353]
  epoch 2/3:  88%|████████▊ | 77/88 [00:22<00:03,  3.57it/s, loss=0.352]
  epoch 2/3:  89%|████████▊ | 78/88 [00:22<00:02,  3.57it/s, loss=0.352]
  epoch 2/3:  89%|████████▊ | 78/88 [00:22<00:02,  3.57it/s, loss=0.350]
  epoch 2/3:  90%|████████▉ | 79/88 [00:22<00:02,  3.57it/s, loss=0.350]
  epoch 2/3:  90%|████████▉ | 79/88 [00:22<00:02,  3.57it/s, loss=0.348]
  epoch 2/3:  91%|█████████ | 80/88 [00:22<00:02,  3.54it/s, loss=0.348]
  epoch 2/3:  91%|█████████ | 80/88 [00:23<00:02,  3.54it/s, loss=0.346]
  epoch 2/3:  92%|█████████▏| 81/88 [00:23<00:01,  3.58it/s, loss=0.346]
  epoch 2/3:  92%|█████████▏| 81/88 [00:23<00:01,  3.58it/s, loss=0.344]
  epoch 2/3:  93%|█████████▎| 82/88 [00:23<00:01,  3.57it/s, loss=0.344]
  epoch 2/3:  93%|█████████▎| 82/88 [00:23<00:01,  3.57it/s, loss=0.342]
  epoch 2/3:  94%|█████████▍| 83/88 [00:23<00:01,  3.56it/s, loss=0.342]
  epoch 2/3:  94%|█████████▍| 83/88 [00:24<00:01,  3.56it/s, loss=0.340]
  epoch 2/3:  95%|█████████▌| 84/88 [00:24<00:01,  3.56it/s, loss=0.340]
  epoch 2/3:  95%|█████████▌| 84/88 [00:24<00:01,  3.56it/s, loss=0.338]
  epoch 2/3:  97%|█████████▋| 85/88 [00:24<00:00,  3.57it/s, loss=0.338]
  epoch 2/3:  97%|█████████▋| 85/88 [00:24<00:00,  3.57it/s, loss=0.337]
  epoch 2/3:  98%|█████████▊| 86/88 [00:24<00:00,  3.60it/s, loss=0.337]
  epoch 2/3:  98%|█████████▊| 86/88 [00:24<00:00,  3.60it/s, loss=0.336]
  epoch 2/3:  99%|█████████▉| 87/88 [00:24<00:00,  3.59it/s, loss=0.336]
  epoch 2/3:  99%|█████████▉| 87/88 [00:25<00:00,  3.59it/s, loss=0.335]
  epoch 2/3: 100%|██████████| 88/88 [00:25<00:00,  3.94it/s, loss=0.335]
                                                                        

  epoch 3/3:   0%|          | 0/88 [00:00<?, ?it/s]
  epoch 3/3:   0%|          | 0/88 [00:00<?, ?it/s, loss=0.155]
  epoch 3/3:   1%|          | 1/88 [00:00<00:43,  2.01it/s, loss=0.155]
  epoch 3/3:   1%|          | 1/88 [00:00<00:43,  2.01it/s, loss=0.216]
  epoch 3/3:   2%|▏         | 2/88 [00:00<00:31,  2.71it/s, loss=0.216]
  epoch 3/3:   2%|▏         | 2/88 [00:01<00:31,  2.71it/s, loss=0.211]
  epoch 3/3:   3%|▎         | 3/88 [00:01<00:27,  3.06it/s, loss=0.211]
  epoch 3/3:   3%|▎         | 3/88 [00:01<00:27,  3.06it/s, loss=0.197]
  epoch 3/3:   5%|▍         | 4/88 [00:01<00:25,  3.28it/s, loss=0.197]
  epoch 3/3:   5%|▍         | 4/88 [00:01<00:25,  3.28it/s, loss=0.190]
  epoch 3/3:   6%|▌         | 5/88 [00:01<00:24,  3.40it/s, loss=0.190]
  epoch 3/3:   6%|▌         | 5/88 [00:01<00:24,  3.40it/s, loss=0.183]
  epoch 3/3:   7%|▋         | 6/88 [00:01<00:23,  3.50it/s, loss=0.183]
  epoch 3/3:   7%|▋         | 6/88 [00:02<00:23,  3.50it/s, loss=0.179]
  epoch 3/3:   8%|▊         | 7/88 [00:02<00:22,  3.54it/s, loss=0.179]
  epoch 3/3:   8%|▊         | 7/88 [00:02<00:22,  3.54it/s, loss=0.170]
  epoch 3/3:   9%|▉         | 8/88 [00:02<00:22,  3.54it/s, loss=0.170]
  epoch 3/3:   9%|▉         | 8/88 [00:02<00:22,  3.54it/s, loss=0.161]
  epoch 3/3:  10%|█         | 9/88 [00:02<00:22,  3.58it/s, loss=0.161]
  epoch 3/3:  10%|█         | 9/88 [00:02<00:22,  3.58it/s, loss=0.168]
  epoch 3/3:  11%|█▏        | 10/88 [00:02<00:21,  3.59it/s, loss=0.168]
  epoch 3/3:  11%|█▏        | 10/88 [00:03<00:21,  3.59it/s, loss=0.164]
  epoch 3/3:  12%|█▎        | 11/88 [00:03<00:21,  3.62it/s, loss=0.164]
  epoch 3/3:  12%|█▎        | 11/88 [00:03<00:21,  3.62it/s, loss=0.163]
  epoch 3/3:  14%|█▎        | 12/88 [00:03<00:20,  3.62it/s, loss=0.163]
  epoch 3/3:  14%|█▎        | 12/88 [00:03<00:20,  3.62it/s, loss=0.163]
  epoch 3/3:  15%|█▍        | 13/88 [00:03<00:20,  3.64it/s, loss=0.163]
  epoch 3/3:  15%|█▍        | 13/88 [00:04<00:20,  3.64it/s, loss=0.164]
  epoch 3/3:  16%|█▌        | 14/88 [00:04<00:20,  3.65it/s, loss=0.164]
  epoch 3/3:  16%|█▌        | 14/88 [00:04<00:20,  3.65it/s, loss=0.164]
  epoch 3/3:  17%|█▋        | 15/88 [00:04<00:20,  3.65it/s, loss=0.164]
  epoch 3/3:  17%|█▋        | 15/88 [00:04<00:20,  3.65it/s, loss=0.164]
  epoch 3/3:  18%|█▊        | 16/88 [00:04<00:19,  3.66it/s, loss=0.164]
  epoch 3/3:  18%|█▊        | 16/88 [00:04<00:19,  3.66it/s, loss=0.171]
  epoch 3/3:  19%|█▉        | 17/88 [00:04<00:19,  3.65it/s, loss=0.171]
  epoch 3/3:  19%|█▉        | 17/88 [00:05<00:19,  3.65it/s, loss=0.168]
  epoch 3/3:  20%|██        | 18/88 [00:05<00:19,  3.64it/s, loss=0.168]
  epoch 3/3:  20%|██        | 18/88 [00:05<00:19,  3.64it/s, loss=0.173]
  epoch 3/3:  22%|██▏       | 19/88 [00:05<00:18,  3.64it/s, loss=0.173]
  epoch 3/3:  22%|██▏       | 19/88 [00:05<00:18,  3.64it/s, loss=0.174]
  epoch 3/3:  23%|██▎       | 20/88 [00:05<00:18,  3.64it/s, loss=0.174]
  epoch 3/3:  23%|██▎       | 20/88 [00:05<00:18,  3.64it/s, loss=0.172]
  epoch 3/3:  24%|██▍       | 21/88 [00:05<00:18,  3.65it/s, loss=0.172]
  epoch 3/3:  24%|██▍       | 21/88 [00:06<00:18,  3.65it/s, loss=0.173]
  epoch 3/3:  25%|██▌       | 22/88 [00:06<00:18,  3.65it/s, loss=0.173]
  epoch 3/3:  25%|██▌       | 22/88 [00:06<00:18,  3.65it/s, loss=0.174]
  epoch 3/3:  26%|██▌       | 23/88 [00:06<00:17,  3.66it/s, loss=0.174]
  epoch 3/3:  26%|██▌       | 23/88 [00:06<00:17,  3.66it/s, loss=0.171]
  epoch 3/3:  27%|██▋       | 24/88 [00:06<00:17,  3.61it/s, loss=0.171]
  epoch 3/3:  27%|██▋       | 24/88 [00:07<00:17,  3.61it/s, loss=0.172]
  epoch 3/3:  28%|██▊       | 25/88 [00:07<00:17,  3.62it/s, loss=0.172]
  epoch 3/3:  28%|██▊       | 25/88 [00:07<00:17,  3.62it/s, loss=0.173]
  epoch 3/3:  30%|██▉       | 26/88 [00:07<00:17,  3.64it/s, loss=0.173]
  epoch 3/3:  30%|██▉       | 26/88 [00:07<00:17,  3.64it/s, loss=0.176]
  epoch 3/3:  31%|███       | 27/88 [00:07<00:16,  3.64it/s, loss=0.176]
  epoch 3/3:  31%|███       | 27/88 [00:07<00:16,  3.64it/s, loss=0.173]
  epoch 3/3:  32%|███▏      | 28/88 [00:07<00:16,  3.67it/s, loss=0.173]
  epoch 3/3:  32%|███▏      | 28/88 [00:08<00:16,  3.67it/s, loss=0.172]
  epoch 3/3:  33%|███▎      | 29/88 [00:08<00:16,  3.68it/s, loss=0.172]
  epoch 3/3:  33%|███▎      | 29/88 [00:08<00:16,  3.68it/s, loss=0.169]
  epoch 3/3:  34%|███▍      | 30/88 [00:08<00:15,  3.67it/s, loss=0.169]
  epoch 3/3:  34%|███▍      | 30/88 [00:08<00:15,  3.67it/s, loss=0.172]
  epoch 3/3:  35%|███▌      | 31/88 [00:08<00:15,  3.66it/s, loss=0.172]
  epoch 3/3:  35%|███▌      | 31/88 [00:08<00:15,  3.66it/s, loss=0.172]
  epoch 3/3:  36%|███▋      | 32/88 [00:08<00:15,  3.66it/s, loss=0.172]
  epoch 3/3:  36%|███▋      | 32/88 [00:09<00:15,  3.66it/s, loss=0.170]
  epoch 3/3:  38%|███▊      | 33/88 [00:09<00:14,  3.67it/s, loss=0.170]
  epoch 3/3:  38%|███▊      | 33/88 [00:09<00:14,  3.67it/s, loss=0.168]
  epoch 3/3:  39%|███▊      | 34/88 [00:09<00:14,  3.67it/s, loss=0.168]
  epoch 3/3:  39%|███▊      | 34/88 [00:09<00:14,  3.67it/s, loss=0.167]
  epoch 3/3:  40%|███▉      | 35/88 [00:09<00:14,  3.69it/s, loss=0.167]
  epoch 3/3:  40%|███▉      | 35/88 [00:10<00:14,  3.69it/s, loss=0.166]
  epoch 3/3:  41%|████      | 36/88 [00:10<00:14,  3.70it/s, loss=0.166]
  epoch 3/3:  41%|████      | 36/88 [00:10<00:14,  3.70it/s, loss=0.163]
  epoch 3/3:  42%|████▏     | 37/88 [00:10<00:13,  3.70it/s, loss=0.163]
  epoch 3/3:  42%|████▏     | 37/88 [00:10<00:13,  3.70it/s, loss=0.164]
  epoch 3/3:  43%|████▎     | 38/88 [00:10<00:13,  3.70it/s, loss=0.164]
  epoch 3/3:  43%|████▎     | 38/88 [00:10<00:13,  3.70it/s, loss=0.166]
  epoch 3/3:  44%|████▍     | 39/88 [00:10<00:13,  3.71it/s, loss=0.166]
  epoch 3/3:  44%|████▍     | 39/88 [00:11<00:13,  3.71it/s, loss=0.165]
  epoch 3/3:  45%|████▌     | 40/88 [00:11<00:13,  3.65it/s, loss=0.165]
  epoch 3/3:  45%|████▌     | 40/88 [00:11<00:13,  3.65it/s, loss=0.164]
  epoch 3/3:  47%|████▋     | 41/88 [00:11<00:12,  3.67it/s, loss=0.164]
  epoch 3/3:  47%|████▋     | 41/88 [00:11<00:12,  3.67it/s, loss=0.162]
  epoch 3/3:  48%|████▊     | 42/88 [00:11<00:12,  3.67it/s, loss=0.162]
  epoch 3/3:  48%|████▊     | 42/88 [00:11<00:12,  3.67it/s, loss=0.160]
  epoch 3/3:  49%|████▉     | 43/88 [00:11<00:12,  3.69it/s, loss=0.160]
  epoch 3/3:  49%|████▉     | 43/88 [00:12<00:12,  3.69it/s, loss=0.160]
  epoch 3/3:  50%|█████     | 44/88 [00:12<00:11,  3.71it/s, loss=0.160]
  epoch 3/3:  50%|█████     | 44/88 [00:12<00:11,  3.71it/s, loss=0.159]
  epoch 3/3:  51%|█████     | 45/88 [00:12<00:11,  3.71it/s, loss=0.159]
  epoch 3/3:  51%|█████     | 45/88 [00:12<00:11,  3.71it/s, loss=0.159]
  epoch 3/3:  52%|█████▏    | 46/88 [00:12<00:11,  3.71it/s, loss=0.159]
  epoch 3/3:  52%|█████▏    | 46/88 [00:13<00:11,  3.71it/s, loss=0.161]
  epoch 3/3:  53%|█████▎    | 47/88 [00:13<00:11,  3.72it/s, loss=0.161]
  epoch 3/3:  53%|█████▎    | 47/88 [00:13<00:11,  3.72it/s, loss=0.161]
  epoch 3/3:  55%|█████▍    | 48/88 [00:13<00:10,  3.72it/s, loss=0.161]
  epoch 3/3:  55%|█████▍    | 48/88 [00:13<00:10,  3.72it/s, loss=0.163]
  epoch 3/3:  56%|█████▌    | 49/88 [00:13<00:10,  3.71it/s, loss=0.163]
  epoch 3/3:  56%|█████▌    | 49/88 [00:13<00:10,  3.71it/s, loss=0.161]
  epoch 3/3:  57%|█████▋    | 50/88 [00:13<00:10,  3.73it/s, loss=0.161]
  epoch 3/3:  57%|█████▋    | 50/88 [00:14<00:10,  3.73it/s, loss=0.160]
  epoch 3/3:  58%|█████▊    | 51/88 [00:14<00:09,  3.75it/s, loss=0.160]
  epoch 3/3:  58%|█████▊    | 51/88 [00:14<00:09,  3.75it/s, loss=0.159]
  epoch 3/3:  59%|█████▉    | 52/88 [00:14<00:09,  3.75it/s, loss=0.159]
  epoch 3/3:  59%|█████▉    | 52/88 [00:14<00:09,  3.75it/s, loss=0.158]
  epoch 3/3:  60%|██████    | 53/88 [00:14<00:09,  3.75it/s, loss=0.158]
  epoch 3/3:  60%|██████    | 53/88 [00:14<00:09,  3.75it/s, loss=0.157]
  epoch 3/3:  61%|██████▏   | 54/88 [00:14<00:09,  3.73it/s, loss=0.157]
  epoch 3/3:  61%|██████▏   | 54/88 [00:15<00:09,  3.73it/s, loss=0.156]
  epoch 3/3:  62%|██████▎   | 55/88 [00:15<00:08,  3.73it/s, loss=0.156]
  epoch 3/3:  62%|██████▎   | 55/88 [00:15<00:08,  3.73it/s, loss=0.155]
  epoch 3/3:  64%|██████▎   | 56/88 [00:15<00:08,  3.69it/s, loss=0.155]
  epoch 3/3:  64%|██████▎   | 56/88 [00:15<00:08,  3.69it/s, loss=0.154]
  epoch 3/3:  65%|██████▍   | 57/88 [00:15<00:08,  3.69it/s, loss=0.154]
  epoch 3/3:  65%|██████▍   | 57/88 [00:16<00:08,  3.69it/s, loss=0.153]
  epoch 3/3:  66%|██████▌   | 58/88 [00:16<00:08,  3.72it/s, loss=0.153]
  epoch 3/3:  66%|██████▌   | 58/88 [00:16<00:08,  3.72it/s, loss=0.152]
  epoch 3/3:  67%|██████▋   | 59/88 [00:16<00:07,  3.73it/s, loss=0.152]
  epoch 3/3:  67%|██████▋   | 59/88 [00:16<00:07,  3.73it/s, loss=0.152]
  epoch 3/3:  68%|██████▊   | 60/88 [00:16<00:07,  3.74it/s, loss=0.152]
  epoch 3/3:  68%|██████▊   | 60/88 [00:16<00:07,  3.74it/s, loss=0.150]
  epoch 3/3:  69%|██████▉   | 61/88 [00:16<00:07,  3.74it/s, loss=0.150]
  epoch 3/3:  69%|██████▉   | 61/88 [00:17<00:07,  3.74it/s, loss=0.149]
  epoch 3/3:  70%|███████   | 62/88 [00:17<00:06,  3.74it/s, loss=0.149]
  epoch 3/3:  70%|███████   | 62/88 [00:17<00:06,  3.74it/s, loss=0.150]
  epoch 3/3:  72%|███████▏  | 63/88 [00:17<00:06,  3.73it/s, loss=0.150]
  epoch 3/3:  72%|███████▏  | 63/88 [00:17<00:06,  3.73it/s, loss=0.150]
  epoch 3/3:  73%|███████▎  | 64/88 [00:17<00:06,  3.73it/s, loss=0.150]
  epoch 3/3:  73%|███████▎  | 64/88 [00:17<00:06,  3.73it/s, loss=0.149]
  epoch 3/3:  74%|███████▍  | 65/88 [00:17<00:06,  3.73it/s, loss=0.149]
  epoch 3/3:  74%|███████▍  | 65/88 [00:18<00:06,  3.73it/s, loss=0.149]
  epoch 3/3:  75%|███████▌  | 66/88 [00:18<00:05,  3.74it/s, loss=0.149]
  epoch 3/3:  75%|███████▌  | 66/88 [00:18<00:05,  3.74it/s, loss=0.148]
  epoch 3/3:  76%|███████▌  | 67/88 [00:18<00:05,  3.73it/s, loss=0.148]
  epoch 3/3:  76%|███████▌  | 67/88 [00:18<00:05,  3.73it/s, loss=0.148]
  epoch 3/3:  77%|███████▋  | 68/88 [00:18<00:05,  3.74it/s, loss=0.148]
  epoch 3/3:  77%|███████▋  | 68/88 [00:18<00:05,  3.74it/s, loss=0.150]
  epoch 3/3:  78%|███████▊  | 69/88 [00:18<00:05,  3.76it/s, loss=0.150]
  epoch 3/3:  78%|███████▊  | 69/88 [00:19<00:05,  3.76it/s, loss=0.149]
  epoch 3/3:  80%|███████▉  | 70/88 [00:19<00:04,  3.77it/s, loss=0.149]
  epoch 3/3:  80%|███████▉  | 70/88 [00:19<00:04,  3.77it/s, loss=0.149]
  epoch 3/3:  81%|████████  | 71/88 [00:19<00:04,  3.77it/s, loss=0.149]
  epoch 3/3:  81%|████████  | 71/88 [00:19<00:04,  3.77it/s, loss=0.148]
  epoch 3/3:  82%|████████▏ | 72/88 [00:19<00:04,  3.73it/s, loss=0.148]
  epoch 3/3:  82%|████████▏ | 72/88 [00:20<00:04,  3.73it/s, loss=0.148]
  epoch 3/3:  83%|████████▎ | 73/88 [00:20<00:04,  3.72it/s, loss=0.148]
  epoch 3/3:  83%|████████▎ | 73/88 [00:20<00:04,  3.72it/s, loss=0.148]
  epoch 3/3:  84%|████████▍ | 74/88 [00:20<00:03,  3.73it/s, loss=0.148]
  epoch 3/3:  84%|████████▍ | 74/88 [00:20<00:03,  3.73it/s, loss=0.146]
  epoch 3/3:  85%|████████▌ | 75/88 [00:20<00:03,  3.75it/s, loss=0.146]
  epoch 3/3:  85%|████████▌ | 75/88 [00:20<00:03,  3.75it/s, loss=0.146]
  epoch 3/3:  86%|████████▋ | 76/88 [00:20<00:03,  3.76it/s, loss=0.146]
  epoch 3/3:  86%|████████▋ | 76/88 [00:21<00:03,  3.76it/s, loss=0.145]
  epoch 3/3:  88%|████████▊ | 77/88 [00:21<00:02,  3.75it/s, loss=0.145]
  epoch 3/3:  88%|████████▊ | 77/88 [00:21<00:02,  3.75it/s, loss=0.143]
  epoch 3/3:  89%|████████▊ | 78/88 [00:21<00:02,  3.75it/s, loss=0.143]
  epoch 3/3:  89%|████████▊ | 78/88 [00:21<00:02,  3.75it/s, loss=0.142]
  epoch 3/3:  90%|████████▉ | 79/88 [00:21<00:02,  3.75it/s, loss=0.142]
  epoch 3/3:  90%|████████▉ | 79/88 [00:21<00:02,  3.75it/s, loss=0.143]
  epoch 3/3:  91%|█████████ | 80/88 [00:21<00:02,  3.75it/s, loss=0.143]
  epoch 3/3:  91%|█████████ | 80/88 [00:22<00:02,  3.75it/s, loss=0.142]
  epoch 3/3:  92%|█████████▏| 81/88 [00:22<00:01,  3.77it/s, loss=0.142]
  epoch 3/3:  92%|█████████▏| 81/88 [00:22<00:01,  3.77it/s, loss=0.143]
  epoch 3/3:  93%|█████████▎| 82/88 [00:22<00:01,  3.77it/s, loss=0.143]
  epoch 3/3:  93%|█████████▎| 82/88 [00:22<00:01,  3.77it/s, loss=0.142]
  epoch 3/3:  94%|█████████▍| 83/88 [00:22<00:01,  3.77it/s, loss=0.142]
  epoch 3/3:  94%|█████████▍| 83/88 [00:22<00:01,  3.77it/s, loss=0.142]
  epoch 3/3:  95%|█████████▌| 84/88 [00:22<00:01,  3.76it/s, loss=0.142]
  epoch 3/3:  95%|█████████▌| 84/88 [00:23<00:01,  3.76it/s, loss=0.141]
  epoch 3/3:  97%|█████████▋| 85/88 [00:23<00:00,  3.78it/s, loss=0.141]
  epoch 3/3:  97%|█████████▋| 85/88 [00:23<00:00,  3.78it/s, loss=0.142]
  epoch 3/3:  98%|█████████▊| 86/88 [00:23<00:00,  3.78it/s, loss=0.142]
  epoch 3/3:  98%|█████████▊| 86/88 [00:23<00:00,  3.78it/s, loss=0.141]
  epoch 3/3:  99%|█████████▉| 87/88 [00:23<00:00,  3.79it/s, loss=0.141]
  epoch 3/3:  99%|█████████▉| 87/88 [00:23<00:00,  3.79it/s, loss=0.141]
  epoch 3/3: 100%|██████████| 88/88 [00:23<00:00,  4.08it/s, loss=0.141]
                                                                        
[titans] reset=never | norm(state) sau task = 79.4020
[titans]   self-mod v:β=0.86 |W|=3.14
[titans]   eta_t(avg)=-6.6708  alpha_t/forget-gate(avg)=1.0000
[task 7] test acc so far: 0.866  0.769  0.820  0.706  0.666  0.506  0.597  0.129
[task 7] NCM-online acc so far: 0.591  0.320  0.657  0.537  0.703  0.774  0.886  0.831
[task 7] NCM-posthoc acc so far: 0.794  0.711  0.774  0.754  0.729  0.777  0.837  0.760
[checkpoint] đã lưu tiến độ sau task 7
[task 8] classes=[2, 16, 24, 26, 32] | train=2800

  epoch 1/3:   0%|          | 0/88 [00:00<?, ?it/s]
  epoch 1/3:   0%|          | 0/88 [00:00<?, ?it/s, loss=1.921]
  epoch 1/3:   1%|          | 1/88 [00:00<00:49,  1.75it/s, loss=1.921]
  epoch 1/3:   1%|          | 1/88 [00:00<00:49,  1.75it/s, loss=1.926]
  epoch 1/3:   2%|▏         | 2/88 [00:00<00:34,  2.53it/s, loss=1.926]
  epoch 1/3:   2%|▏         | 2/88 [00:01<00:34,  2.53it/s, loss=1.904]
  epoch 1/3:   3%|▎         | 3/88 [00:01<00:28,  2.95it/s, loss=1.904]
  epoch 1/3:   3%|▎         | 3/88 [00:01<00:28,  2.95it/s, loss=1.898]
  epoch 1/3:   5%|▍         | 4/88 [00:01<00:26,  3.19it/s, loss=1.898]
  epoch 1/3:   5%|▍         | 4/88 [00:01<00:26,  3.19it/s, loss=1.883]
  epoch 1/3:   6%|▌         | 5/88 [00:01<00:24,  3.37it/s, loss=1.883]
  epoch 1/3:   6%|▌         | 5/88 [00:01<00:24,  3.37it/s, loss=1.869]
  epoch 1/3:   7%|▋         | 6/88 [00:01<00:23,  3.48it/s, loss=1.869]
  epoch 1/3:   7%|▋         | 6/88 [00:02<00:23,  3.48it/s, loss=1.858]
  epoch 1/3:   8%|▊         | 7/88 [00:02<00:22,  3.54it/s, loss=1.858]
  epoch 1/3:   8%|▊         | 7/88 [00:02<00:22,  3.54it/s, loss=1.844]
  epoch 1/3:   9%|▉         | 8/88 [00:02<00:22,  3.58it/s, loss=1.844]
  epoch 1/3:   9%|▉         | 8/88 [00:02<00:22,  3.58it/s, loss=1.819]
  epoch 1/3:  10%|█         | 9/88 [00:02<00:21,  3.62it/s, loss=1.819]
  epoch 1/3:  10%|█         | 9/88 [00:03<00:21,  3.62it/s, loss=1.820]
  epoch 1/3:  11%|█▏        | 10/88 [00:03<00:21,  3.64it/s, loss=1.820]
  epoch 1/3:  11%|█▏        | 10/88 [00:03<00:21,  3.64it/s, loss=1.804]
  epoch 1/3:  12%|█▎        | 11/88 [00:03<00:21,  3.65it/s, loss=1.804]
  epoch 1/3:  12%|█▎        | 11/88 [00:03<00:21,  3.65it/s, loss=1.792]
  epoch 1/3:  14%|█▎        | 12/88 [00:03<00:20,  3.68it/s, loss=1.792]
  epoch 1/3:  14%|█▎        | 12/88 [00:03<00:20,  3.68it/s, loss=1.794]
  epoch 1/3:  15%|█▍        | 13/88 [00:03<00:20,  3.68it/s, loss=1.794]
  epoch 1/3:  15%|█▍        | 13/88 [00:04<00:20,  3.68it/s, loss=1.784]
  epoch 1/3:  16%|█▌        | 14/88 [00:04<00:20,  3.68it/s, loss=1.784]
  epoch 1/3:  16%|█▌        | 14/88 [00:04<00:20,  3.68it/s, loss=1.774]
  epoch 1/3:  17%|█▋        | 15/88 [00:04<00:19,  3.68it/s, loss=1.774]
  epoch 1/3:  17%|█▋        | 15/88 [00:04<00:19,  3.68it/s, loss=1.762]
  epoch 1/3:  18%|█▊        | 16/88 [00:04<00:19,  3.63it/s, loss=1.762]
  epoch 1/3:  18%|█▊        | 16/88 [00:04<00:19,  3.63it/s, loss=1.748]
  epoch 1/3:  19%|█▉        | 17/88 [00:04<00:19,  3.65it/s, loss=1.748]
  epoch 1/3:  19%|█▉        | 17/88 [00:05<00:19,  3.65it/s, loss=1.734]
  epoch 1/3:  20%|██        | 18/88 [00:05<00:19,  3.67it/s, loss=1.734]
  epoch 1/3:  20%|██        | 18/88 [00:05<00:19,  3.67it/s, loss=1.728]
  epoch 1/3:  22%|██▏       | 19/88 [00:05<00:18,  3.68it/s, loss=1.728]
  epoch 1/3:  22%|██▏       | 19/88 [00:05<00:18,  3.68it/s, loss=1.718]
  epoch 1/3:  23%|██▎       | 20/88 [00:05<00:18,  3.70it/s, loss=1.718]
  epoch 1/3:  23%|██▎       | 20/88 [00:05<00:18,  3.70it/s, loss=1.702]
  epoch 1/3:  24%|██▍       | 21/88 [00:05<00:18,  3.69it/s, loss=1.702]
  epoch 1/3:  24%|██▍       | 21/88 [00:06<00:18,  3.69it/s, loss=1.699]
  epoch 1/3:  25%|██▌       | 22/88 [00:06<00:17,  3.70it/s, loss=1.699]
  epoch 1/3:  25%|██▌       | 22/88 [00:06<00:17,  3.70it/s, loss=1.690]
  epoch 1/3:  26%|██▌       | 23/88 [00:06<00:17,  3.70it/s, loss=1.690]
  epoch 1/3:  26%|██▌       | 23/88 [00:06<00:17,  3.70it/s, loss=1.684]
  epoch 1/3:  27%|██▋       | 24/88 [00:06<00:17,  3.70it/s, loss=1.684]
  epoch 1/3:  27%|██▋       | 24/88 [00:07<00:17,  3.70it/s, loss=1.676]
  epoch 1/3:  28%|██▊       | 25/88 [00:07<00:17,  3.69it/s, loss=1.676]
  epoch 1/3:  28%|██▊       | 25/88 [00:07<00:17,  3.69it/s, loss=1.666]
  epoch 1/3:  30%|██▉       | 26/88 [00:07<00:16,  3.69it/s, loss=1.666]
  epoch 1/3:  30%|██▉       | 26/88 [00:07<00:16,  3.69it/s, loss=1.659]
  epoch 1/3:  31%|███       | 27/88 [00:07<00:16,  3.70it/s, loss=1.659]
  epoch 1/3:  31%|███       | 27/88 [00:07<00:16,  3.70it/s, loss=1.649]
  epoch 1/3:  32%|███▏      | 28/88 [00:07<00:16,  3.69it/s, loss=1.649]
  epoch 1/3:  32%|███▏      | 28/88 [00:08<00:16,  3.69it/s, loss=1.642]
  epoch 1/3:  33%|███▎      | 29/88 [00:08<00:15,  3.69it/s, loss=1.642]
  epoch 1/3:  33%|███▎      | 29/88 [00:08<00:15,  3.69it/s, loss=1.632]
  epoch 1/3:  34%|███▍      | 30/88 [00:08<00:15,  3.70it/s, loss=1.632]
  epoch 1/3:  34%|███▍      | 30/88 [00:08<00:15,  3.70it/s, loss=1.623]
  epoch 1/3:  35%|███▌      | 31/88 [00:08<00:15,  3.69it/s, loss=1.623]
  epoch 1/3:  35%|███▌      | 31/88 [00:08<00:15,  3.69it/s, loss=1.615]
  epoch 1/3:  36%|███▋      | 32/88 [00:08<00:15,  3.64it/s, loss=1.615]
  epoch 1/3:  36%|███▋      | 32/88 [00:09<00:15,  3.64it/s, loss=1.606]
  epoch 1/3:  38%|███▊      | 33/88 [00:09<00:15,  3.66it/s, loss=1.606]
  epoch 1/3:  38%|███▊      | 33/88 [00:09<00:15,  3.66it/s, loss=1.597]
  epoch 1/3:  39%|███▊      | 34/88 [00:09<00:14,  3.69it/s, loss=1.597]
  epoch 1/3:  39%|███▊      | 34/88 [00:09<00:14,  3.69it/s, loss=1.586]
  epoch 1/3:  40%|███▉      | 35/88 [00:09<00:14,  3.69it/s, loss=1.586]
  epoch 1/3:  40%|███▉      | 35/88 [00:10<00:14,  3.69it/s, loss=1.576]
  epoch 1/3:  41%|████      | 36/88 [00:10<00:14,  3.68it/s, loss=1.576]
  epoch 1/3:  41%|████      | 36/88 [00:10<00:14,  3.68it/s, loss=1.568]
  epoch 1/3:  42%|████▏     | 37/88 [00:10<00:13,  3.68it/s, loss=1.568]
  epoch 1/3:  42%|████▏     | 37/88 [00:10<00:13,  3.68it/s, loss=1.557]
  epoch 1/3:  43%|████▎     | 38/88 [00:10<00:13,  3.66it/s, loss=1.557]
  epoch 1/3:  43%|████▎     | 38/88 [00:10<00:13,  3.66it/s, loss=1.550]
  epoch 1/3:  44%|████▍     | 39/88 [00:10<00:13,  3.68it/s, loss=1.550]
  epoch 1/3:  44%|████▍     | 39/88 [00:11<00:13,  3.68it/s, loss=1.540]
  epoch 1/3:  45%|████▌     | 40/88 [00:11<00:13,  3.68it/s, loss=1.540]
  epoch 1/3:  45%|████▌     | 40/88 [00:11<00:13,  3.68it/s, loss=1.532]
  epoch 1/3:  47%|████▋     | 41/88 [00:11<00:12,  3.69it/s, loss=1.532]
  epoch 1/3:  47%|████▋     | 41/88 [00:11<00:12,  3.69it/s, loss=1.521]
  epoch 1/3:  48%|████▊     | 42/88 [00:11<00:12,  3.69it/s, loss=1.521]
  epoch 1/3:  48%|████▊     | 42/88 [00:11<00:12,  3.69it/s, loss=1.515]
  epoch 1/3:  49%|████▉     | 43/88 [00:11<00:12,  3.67it/s, loss=1.515]
  epoch 1/3:  49%|████▉     | 43/88 [00:12<00:12,  3.67it/s, loss=1.507]
  epoch 1/3:  50%|█████     | 44/88 [00:12<00:11,  3.67it/s, loss=1.507]
  epoch 1/3:  50%|█████     | 44/88 [00:12<00:11,  3.67it/s, loss=1.498]
  epoch 1/3:  51%|█████     | 45/88 [00:12<00:11,  3.67it/s, loss=1.498]
  epoch 1/3:  51%|█████     | 45/88 [00:12<00:11,  3.67it/s, loss=1.490]
  epoch 1/3:  52%|█████▏    | 46/88 [00:12<00:11,  3.67it/s, loss=1.490]
  epoch 1/3:  52%|█████▏    | 46/88 [00:13<00:11,  3.67it/s, loss=1.481]
  epoch 1/3:  53%|█████▎    | 47/88 [00:13<00:11,  3.66it/s, loss=1.481]
  epoch 1/3:  53%|█████▎    | 47/88 [00:13<00:11,  3.66it/s, loss=1.473]
  epoch 1/3:  55%|█████▍    | 48/88 [00:13<00:11,  3.60it/s, loss=1.473]
  epoch 1/3:  55%|█████▍    | 48/88 [00:13<00:11,  3.60it/s, loss=1.463]
  epoch 1/3:  56%|█████▌    | 49/88 [00:13<00:10,  3.62it/s, loss=1.463]
  epoch 1/3:  56%|█████▌    | 49/88 [00:13<00:10,  3.62it/s, loss=1.457]
  epoch 1/3:  57%|█████▋    | 50/88 [00:13<00:10,  3.64it/s, loss=1.457]
  epoch 1/3:  57%|█████▋    | 50/88 [00:14<00:10,  3.64it/s, loss=1.449]
  epoch 1/3:  58%|█████▊    | 51/88 [00:14<00:10,  3.65it/s, loss=1.449]
  epoch 1/3:  58%|█████▊    | 51/88 [00:14<00:10,  3.65it/s, loss=1.440]
  epoch 1/3:  59%|█████▉    | 52/88 [00:14<00:09,  3.65it/s, loss=1.440]
  epoch 1/3:  59%|█████▉    | 52/88 [00:14<00:09,  3.65it/s, loss=1.432]
  epoch 1/3:  60%|██████    | 53/88 [00:14<00:09,  3.66it/s, loss=1.432]
  epoch 1/3:  60%|██████    | 53/88 [00:14<00:09,  3.66it/s, loss=1.424]
  epoch 1/3:  61%|██████▏   | 54/88 [00:14<00:09,  3.66it/s, loss=1.424]
  epoch 1/3:  61%|██████▏   | 54/88 [00:15<00:09,  3.66it/s, loss=1.417]
  epoch 1/3:  62%|██████▎   | 55/88 [00:15<00:08,  3.68it/s, loss=1.417]
  epoch 1/3:  62%|██████▎   | 55/88 [00:15<00:08,  3.68it/s, loss=1.413]
  epoch 1/3:  64%|██████▎   | 56/88 [00:15<00:08,  3.68it/s, loss=1.413]
  epoch 1/3:  64%|██████▎   | 56/88 [00:15<00:08,  3.68it/s, loss=1.404]
  epoch 1/3:  65%|██████▍   | 57/88 [00:15<00:08,  3.67it/s, loss=1.404]
  epoch 1/3:  65%|██████▍   | 57/88 [00:16<00:08,  3.67it/s, loss=1.396]
  epoch 1/3:  66%|██████▌   | 58/88 [00:16<00:08,  3.67it/s, loss=1.396]
  epoch 1/3:  66%|██████▌   | 58/88 [00:16<00:08,  3.67it/s, loss=1.390]
  epoch 1/3:  67%|██████▋   | 59/88 [00:16<00:07,  3.66it/s, loss=1.390]
  epoch 1/3:  67%|██████▋   | 59/88 [00:16<00:07,  3.66it/s, loss=1.382]
  epoch 1/3:  68%|██████▊   | 60/88 [00:16<00:07,  3.66it/s, loss=1.382]
  epoch 1/3:  68%|██████▊   | 60/88 [00:16<00:07,  3.66it/s, loss=1.374]
  epoch 1/3:  69%|██████▉   | 61/88 [00:16<00:07,  3.66it/s, loss=1.374]
  epoch 1/3:  69%|██████▉   | 61/88 [00:17<00:07,  3.66it/s, loss=1.368]
  epoch 1/3:  70%|███████   | 62/88 [00:17<00:07,  3.66it/s, loss=1.368]
  epoch 1/3:  70%|███████   | 62/88 [00:17<00:07,  3.66it/s, loss=1.361]
  epoch 1/3:  72%|███████▏  | 63/88 [00:17<00:06,  3.66it/s, loss=1.361]
  epoch 1/3:  72%|███████▏  | 63/88 [00:17<00:06,  3.66it/s, loss=1.354]
  epoch 1/3:  73%|███████▎  | 64/88 [00:17<00:06,  3.63it/s, loss=1.354]
  epoch 1/3:  73%|███████▎  | 64/88 [00:17<00:06,  3.63it/s, loss=1.348]
  epoch 1/3:  74%|███████▍  | 65/88 [00:17<00:06,  3.64it/s, loss=1.348]
  epoch 1/3:  74%|███████▍  | 65/88 [00:18<00:06,  3.64it/s, loss=1.341]
  epoch 1/3:  75%|███████▌  | 66/88 [00:18<00:06,  3.65it/s, loss=1.341]
  epoch 1/3:  75%|███████▌  | 66/88 [00:18<00:06,  3.65it/s, loss=1.333]
  epoch 1/3:  76%|███████▌  | 67/88 [00:18<00:05,  3.65it/s, loss=1.333]
  epoch 1/3:  76%|███████▌  | 67/88 [00:18<00:05,  3.65it/s, loss=1.327]
  epoch 1/3:  77%|███████▋  | 68/88 [00:18<00:05,  3.66it/s, loss=1.327]
  epoch 1/3:  77%|███████▋  | 68/88 [00:19<00:05,  3.66it/s, loss=1.322]
  epoch 1/3:  78%|███████▊  | 69/88 [00:19<00:05,  3.65it/s, loss=1.322]
  epoch 1/3:  78%|███████▊  | 69/88 [00:19<00:05,  3.65it/s, loss=1.316]
  epoch 1/3:  80%|███████▉  | 70/88 [00:19<00:04,  3.66it/s, loss=1.316]
  epoch 1/3:  80%|███████▉  | 70/88 [00:19<00:04,  3.66it/s, loss=1.311]
  epoch 1/3:  81%|████████  | 71/88 [00:19<00:04,  3.66it/s, loss=1.311]
  epoch 1/3:  81%|████████  | 71/88 [00:19<00:04,  3.66it/s, loss=1.304]
  epoch 1/3:  82%|████████▏ | 72/88 [00:19<00:04,  3.66it/s, loss=1.304]
  epoch 1/3:  82%|████████▏ | 72/88 [00:20<00:04,  3.66it/s, loss=1.296]
  epoch 1/3:  83%|████████▎ | 73/88 [00:20<00:04,  3.65it/s, loss=1.296]
  epoch 1/3:  83%|████████▎ | 73/88 [00:20<00:04,  3.65it/s, loss=1.290]
  epoch 1/3:  84%|████████▍ | 74/88 [00:20<00:03,  3.64it/s, loss=1.290]
  epoch 1/3:  84%|████████▍ | 74/88 [00:20<00:03,  3.64it/s, loss=1.284]
  epoch 1/3:  85%|████████▌ | 75/88 [00:20<00:03,  3.66it/s, loss=1.284]
  epoch 1/3:  85%|████████▌ | 75/88 [00:21<00:03,  3.66it/s, loss=1.278]
  epoch 1/3:  86%|████████▋ | 76/88 [00:21<00:03,  3.65it/s, loss=1.278]
  epoch 1/3:  86%|████████▋ | 76/88 [00:21<00:03,  3.65it/s, loss=1.273]
  epoch 1/3:  88%|████████▊ | 77/88 [00:21<00:03,  3.65it/s, loss=1.273]
  epoch 1/3:  88%|████████▊ | 77/88 [00:21<00:03,  3.65it/s, loss=1.266]
  epoch 1/3:  89%|████████▊ | 78/88 [00:21<00:02,  3.65it/s, loss=1.266]
  epoch 1/3:  89%|████████▊ | 78/88 [00:21<00:02,  3.65it/s, loss=1.262]
  epoch 1/3:  90%|████████▉ | 79/88 [00:21<00:02,  3.66it/s, loss=1.262]
  epoch 1/3:  90%|████████▉ | 79/88 [00:22<00:02,  3.66it/s, loss=1.254]
  epoch 1/3:  91%|█████████ | 80/88 [00:22<00:02,  3.62it/s, loss=1.254]
  epoch 1/3:  91%|█████████ | 80/88 [00:22<00:02,  3.62it/s, loss=1.249]
  epoch 1/3:  92%|█████████▏| 81/88 [00:22<00:01,  3.65it/s, loss=1.249]
  epoch 1/3:  92%|█████████▏| 81/88 [00:22<00:01,  3.65it/s, loss=1.241]
  epoch 1/3:  93%|█████████▎| 82/88 [00:22<00:01,  3.64it/s, loss=1.241]
  epoch 1/3:  93%|█████████▎| 82/88 [00:22<00:01,  3.64it/s, loss=1.235]
  epoch 1/3:  94%|█████████▍| 83/88 [00:22<00:01,  3.63it/s, loss=1.235]
  epoch 1/3:  94%|█████████▍| 83/88 [00:23<00:01,  3.63it/s, loss=1.230]
  epoch 1/3:  95%|█████████▌| 84/88 [00:23<00:01,  3.64it/s, loss=1.230]
  epoch 1/3:  95%|█████████▌| 84/88 [00:23<00:01,  3.64it/s, loss=1.224]
  epoch 1/3:  97%|█████████▋| 85/88 [00:23<00:00,  3.65it/s, loss=1.224]
  epoch 1/3:  97%|█████████▋| 85/88 [00:23<00:00,  3.65it/s, loss=1.218]
  epoch 1/3:  98%|█████████▊| 86/88 [00:23<00:00,  3.65it/s, loss=1.218]
  epoch 1/3:  98%|█████████▊| 86/88 [00:24<00:00,  3.65it/s, loss=1.214]
  epoch 1/3:  99%|█████████▉| 87/88 [00:24<00:00,  3.66it/s, loss=1.214]
  epoch 1/3:  99%|█████████▉| 87/88 [00:24<00:00,  3.66it/s, loss=1.212]
  epoch 1/3: 100%|██████████| 88/88 [00:24<00:00,  3.98it/s, loss=1.212]
                                                                        

  epoch 2/3:   0%|          | 0/88 [00:00<?, ?it/s]
  epoch 2/3:   0%|          | 0/88 [00:00<?, ?it/s, loss=0.702]
  epoch 2/3:   1%|          | 1/88 [00:00<00:47,  1.84it/s, loss=0.702]
  epoch 2/3:   1%|          | 1/88 [00:00<00:47,  1.84it/s, loss=0.654]
  epoch 2/3:   2%|▏         | 2/88 [00:00<00:33,  2.61it/s, loss=0.654]
  epoch 2/3:   2%|▏         | 2/88 [00:01<00:33,  2.61it/s, loss=0.684]
  epoch 2/3:   3%|▎         | 3/88 [00:01<00:28,  3.01it/s, loss=0.684]
  epoch 2/3:   3%|▎         | 3/88 [00:01<00:28,  3.01it/s, loss=0.693]
  epoch 2/3:   5%|▍         | 4/88 [00:01<00:26,  3.23it/s, loss=0.693]
  epoch 2/3:   5%|▍         | 4/88 [00:01<00:26,  3.23it/s, loss=0.686]
  epoch 2/3:   6%|▌         | 5/88 [00:01<00:24,  3.37it/s, loss=0.686]
  epoch 2/3:   6%|▌         | 5/88 [00:01<00:24,  3.37it/s, loss=0.678]
  epoch 2/3:   7%|▋         | 6/88 [00:01<00:23,  3.47it/s, loss=0.678]
  epoch 2/3:   7%|▋         | 6/88 [00:02<00:23,  3.47it/s, loss=0.670]
  epoch 2/3:   8%|▊         | 7/88 [00:02<00:22,  3.53it/s, loss=0.670]
  epoch 2/3:   8%|▊         | 7/88 [00:02<00:22,  3.53it/s, loss=0.661]
  epoch 2/3:   9%|▉         | 8/88 [00:02<00:22,  3.52it/s, loss=0.661]
  epoch 2/3:   9%|▉         | 8/88 [00:02<00:22,  3.52it/s, loss=0.659]
  epoch 2/3:  10%|█         | 9/88 [00:02<00:22,  3.56it/s, loss=0.659]
  epoch 2/3:  10%|█         | 9/88 [00:03<00:22,  3.56it/s, loss=0.656]
  epoch 2/3:  11%|█▏        | 10/88 [00:03<00:21,  3.58it/s, loss=0.656]
  epoch 2/3:  11%|█▏        | 10/88 [00:03<00:21,  3.58it/s, loss=0.650]
  epoch 2/3:  12%|█▎        | 11/88 [00:03<00:21,  3.62it/s, loss=0.650]
  epoch 2/3:  12%|█▎        | 11/88 [00:03<00:21,  3.62it/s, loss=0.643]
  epoch 2/3:  14%|█▎        | 12/88 [00:03<00:21,  3.62it/s, loss=0.643]
  epoch 2/3:  14%|█▎        | 12/88 [00:03<00:21,  3.62it/s, loss=0.641]
  epoch 2/3:  15%|█▍        | 13/88 [00:03<00:20,  3.64it/s, loss=0.641]
  epoch 2/3:  15%|█▍        | 13/88 [00:04<00:20,  3.64it/s, loss=0.640]
  epoch 2/3:  16%|█▌        | 14/88 [00:04<00:20,  3.65it/s, loss=0.640]
  epoch 2/3:  16%|█▌        | 14/88 [00:04<00:20,  3.65it/s, loss=0.641]
  epoch 2/3:  17%|█▋        | 15/88 [00:04<00:19,  3.65it/s, loss=0.641]
  epoch 2/3:  17%|█▋        | 15/88 [00:04<00:19,  3.65it/s, loss=0.638]
  epoch 2/3:  18%|█▊        | 16/88 [00:04<00:19,  3.66it/s, loss=0.638]
  epoch 2/3:  18%|█▊        | 16/88 [00:04<00:19,  3.66it/s, loss=0.635]
  epoch 2/3:  19%|█▉        | 17/88 [00:04<00:19,  3.64it/s, loss=0.635]
  epoch 2/3:  19%|█▉        | 17/88 [00:05<00:19,  3.64it/s, loss=0.631]
  epoch 2/3:  20%|██        | 18/88 [00:05<00:19,  3.65it/s, loss=0.631]
  epoch 2/3:  20%|██        | 18/88 [00:05<00:19,  3.65it/s, loss=0.625]
  epoch 2/3:  22%|██▏       | 19/88 [00:05<00:18,  3.65it/s, loss=0.625]
  epoch 2/3:  22%|██▏       | 19/88 [00:05<00:18,  3.65it/s, loss=0.629]
  epoch 2/3:  23%|██▎       | 20/88 [00:05<00:18,  3.64it/s, loss=0.629]
  epoch 2/3:  23%|██▎       | 20/88 [00:06<00:18,  3.64it/s, loss=0.622]
  epoch 2/3:  24%|██▍       | 21/88 [00:06<00:18,  3.66it/s, loss=0.622]
  epoch 2/3:  24%|██▍       | 21/88 [00:06<00:18,  3.66it/s, loss=0.619]
  epoch 2/3:  25%|██▌       | 22/88 [00:06<00:17,  3.67it/s, loss=0.619]
  epoch 2/3:  25%|██▌       | 22/88 [00:06<00:17,  3.67it/s, loss=0.617]
  epoch 2/3:  26%|██▌       | 23/88 [00:06<00:17,  3.67it/s, loss=0.617]
  epoch 2/3:  26%|██▌       | 23/88 [00:06<00:17,  3.67it/s, loss=0.613]
  epoch 2/3:  27%|██▋       | 24/88 [00:06<00:17,  3.64it/s, loss=0.613]
  epoch 2/3:  27%|██▋       | 24/88 [00:07<00:17,  3.64it/s, loss=0.610]
  epoch 2/3:  28%|██▊       | 25/88 [00:07<00:17,  3.65it/s, loss=0.610]
  epoch 2/3:  28%|██▊       | 25/88 [00:07<00:17,  3.65it/s, loss=0.604]
  epoch 2/3:  30%|██▉       | 26/88 [00:07<00:16,  3.65it/s, loss=0.604]
  epoch 2/3:  30%|██▉       | 26/88 [00:07<00:16,  3.65it/s, loss=0.603]
  epoch 2/3:  31%|███       | 27/88 [00:07<00:16,  3.66it/s, loss=0.603]
  epoch 2/3:  31%|███       | 27/88 [00:07<00:16,  3.66it/s, loss=0.598]
  epoch 2/3:  32%|███▏      | 28/88 [00:07<00:16,  3.65it/s, loss=0.598]
  epoch 2/3:  32%|███▏      | 28/88 [00:08<00:16,  3.65it/s, loss=0.596]
  epoch 2/3:  33%|███▎      | 29/88 [00:08<00:16,  3.66it/s, loss=0.596]
  epoch 2/3:  33%|███▎      | 29/88 [00:08<00:16,  3.66it/s, loss=0.597]
  epoch 2/3:  34%|███▍      | 30/88 [00:08<00:15,  3.65it/s, loss=0.597]
  epoch 2/3:  34%|███▍      | 30/88 [00:08<00:15,  3.65it/s, loss=0.596]
  epoch 2/3:  35%|███▌      | 31/88 [00:08<00:15,  3.66it/s, loss=0.596]
  epoch 2/3:  35%|███▌      | 31/88 [00:09<00:15,  3.66it/s, loss=0.596]
  epoch 2/3:  36%|███▋      | 32/88 [00:09<00:15,  3.67it/s, loss=0.596]
  epoch 2/3:  36%|███▋      | 32/88 [00:09<00:15,  3.67it/s, loss=0.594]
  epoch 2/3:  38%|███▊      | 33/88 [00:09<00:14,  3.67it/s, loss=0.594]
  epoch 2/3:  38%|███▊      | 33/88 [00:09<00:14,  3.67it/s, loss=0.592]
  epoch 2/3:  39%|███▊      | 34/88 [00:09<00:14,  3.68it/s, loss=0.592]
  epoch 2/3:  39%|███▊      | 34/88 [00:09<00:14,  3.68it/s, loss=0.586]
  epoch 2/3:  40%|███▉      | 35/88 [00:09<00:14,  3.67it/s, loss=0.586]
  epoch 2/3:  40%|███▉      | 35/88 [00:10<00:14,  3.67it/s, loss=0.579]
  epoch 2/3:  41%|████      | 36/88 [00:10<00:14,  3.68it/s, loss=0.579]
  epoch 2/3:  41%|████      | 36/88 [00:10<00:14,  3.68it/s, loss=0.578]
  epoch 2/3:  42%|████▏     | 37/88 [00:10<00:13,  3.66it/s, loss=0.578]
  epoch 2/3:  42%|████▏     | 37/88 [00:10<00:13,  3.66it/s, loss=0.577]
  epoch 2/3:  43%|████▎     | 38/88 [00:10<00:13,  3.66it/s, loss=0.577]
  epoch 2/3:  43%|████▎     | 38/88 [00:10<00:13,  3.66it/s, loss=0.573]
  epoch 2/3:  44%|████▍     | 39/88 [00:10<00:13,  3.66it/s, loss=0.573]
  epoch 2/3:  44%|████▍     | 39/88 [00:11<00:13,  3.66it/s, loss=0.568]
  epoch 2/3:  45%|████▌     | 40/88 [00:11<00:13,  3.62it/s, loss=0.568]
  epoch 2/3:  45%|████▌     | 40/88 [00:11<00:13,  3.62it/s, loss=0.566]
  epoch 2/3:  47%|████▋     | 41/88 [00:11<00:12,  3.63it/s, loss=0.566]
  epoch 2/3:  47%|████▋     | 41/88 [00:11<00:12,  3.63it/s, loss=0.564]
  epoch 2/3:  48%|████▊     | 42/88 [00:11<00:12,  3.65it/s, loss=0.564]
  epoch 2/3:  48%|████▊     | 42/88 [00:12<00:12,  3.65it/s, loss=0.560]
  epoch 2/3:  49%|████▉     | 43/88 [00:12<00:12,  3.64it/s, loss=0.560]
  epoch 2/3:  49%|████▉     | 43/88 [00:12<00:12,  3.64it/s, loss=0.557]
  epoch 2/3:  50%|█████     | 44/88 [00:12<00:12,  3.64it/s, loss=0.557]
  epoch 2/3:  50%|█████     | 44/88 [00:12<00:12,  3.64it/s, loss=0.554]
  epoch 2/3:  51%|█████     | 45/88 [00:12<00:11,  3.65it/s, loss=0.554]
  epoch 2/3:  51%|█████     | 45/88 [00:12<00:11,  3.65it/s, loss=0.551]
  epoch 2/3:  52%|█████▏    | 46/88 [00:12<00:11,  3.65it/s, loss=0.551]
  epoch 2/3:  52%|█████▏    | 46/88 [00:13<00:11,  3.65it/s, loss=0.546]
  epoch 2/3:  53%|█████▎    | 47/88 [00:13<00:11,  3.65it/s, loss=0.546]
  epoch 2/3:  53%|█████▎    | 47/88 [00:13<00:11,  3.65it/s, loss=0.547]
  epoch 2/3:  55%|█████▍    | 48/88 [00:13<00:10,  3.65it/s, loss=0.547]
  epoch 2/3:  55%|█████▍    | 48/88 [00:13<00:10,  3.65it/s, loss=0.544]
  epoch 2/3:  56%|█████▌    | 49/88 [00:13<00:10,  3.65it/s, loss=0.544]
  epoch 2/3:  56%|█████▌    | 49/88 [00:13<00:10,  3.65it/s, loss=0.542]
  epoch 2/3:  57%|█████▋    | 50/88 [00:13<00:10,  3.66it/s, loss=0.542]
  epoch 2/3:  57%|█████▋    | 50/88 [00:14<00:10,  3.66it/s, loss=0.538]
  epoch 2/3:  58%|█████▊    | 51/88 [00:14<00:10,  3.65it/s, loss=0.538]
  epoch 2/3:  58%|█████▊    | 51/88 [00:14<00:10,  3.65it/s, loss=0.535]
  epoch 2/3:  59%|█████▉    | 52/88 [00:14<00:09,  3.64it/s, loss=0.535]
  epoch 2/3:  59%|█████▉    | 52/88 [00:14<00:09,  3.64it/s, loss=0.532]
  epoch 2/3:  60%|██████    | 53/88 [00:14<00:09,  3.65it/s, loss=0.532]
  epoch 2/3:  60%|██████    | 53/88 [00:15<00:09,  3.65it/s, loss=0.530]
  epoch 2/3:  61%|██████▏   | 54/88 [00:15<00:09,  3.65it/s, loss=0.530]
  epoch 2/3:  61%|██████▏   | 54/88 [00:15<00:09,  3.65it/s, loss=0.528]
  epoch 2/3:  62%|██████▎   | 55/88 [00:15<00:09,  3.65it/s, loss=0.528]
  epoch 2/3:  62%|██████▎   | 55/88 [00:15<00:09,  3.65it/s, loss=0.525]
  epoch 2/3:  64%|██████▎   | 56/88 [00:15<00:08,  3.61it/s, loss=0.525]
  epoch 2/3:  64%|██████▎   | 56/88 [00:15<00:08,  3.61it/s, loss=0.522]
  epoch 2/3:  65%|██████▍   | 57/88 [00:15<00:08,  3.64it/s, loss=0.522]
  epoch 2/3:  65%|██████▍   | 57/88 [00:16<00:08,  3.64it/s, loss=0.519]
  epoch 2/3:  66%|██████▌   | 58/88 [00:16<00:08,  3.65it/s, loss=0.519]
  epoch 2/3:  66%|██████▌   | 58/88 [00:16<00:08,  3.65it/s, loss=0.516]
  epoch 2/3:  67%|██████▋   | 59/88 [00:16<00:07,  3.67it/s, loss=0.516]
  epoch 2/3:  67%|██████▋   | 59/88 [00:16<00:07,  3.67it/s, loss=0.514]
  epoch 2/3:  68%|██████▊   | 60/88 [00:16<00:07,  3.66it/s, loss=0.514]
  epoch 2/3:  68%|██████▊   | 60/88 [00:16<00:07,  3.66it/s, loss=0.514]
  epoch 2/3:  69%|██████▉   | 61/88 [00:16<00:07,  3.66it/s, loss=0.514]
  epoch 2/3:  69%|██████▉   | 61/88 [00:17<00:07,  3.66it/s, loss=0.511]
  epoch 2/3:  70%|███████   | 62/88 [00:17<00:07,  3.66it/s, loss=0.511]
  epoch 2/3:  70%|███████   | 62/88 [00:17<00:07,  3.66it/s, loss=0.509]
  epoch 2/3:  72%|███████▏  | 63/88 [00:17<00:06,  3.66it/s, loss=0.509]
  epoch 2/3:  72%|███████▏  | 63/88 [00:17<00:06,  3.66it/s, loss=0.508]
  epoch 2/3:  73%|███████▎  | 64/88 [00:17<00:06,  3.68it/s, loss=0.508]
  epoch 2/3:  73%|███████▎  | 64/88 [00:18<00:06,  3.68it/s, loss=0.506]
  epoch 2/3:  74%|███████▍  | 65/88 [00:18<00:06,  3.67it/s, loss=0.506]
  epoch 2/3:  74%|███████▍  | 65/88 [00:18<00:06,  3.67it/s, loss=0.502]
  epoch 2/3:  75%|███████▌  | 66/88 [00:18<00:05,  3.68it/s, loss=0.502]
  epoch 2/3:  75%|███████▌  | 66/88 [00:18<00:05,  3.68it/s, loss=0.501]
  epoch 2/3:  76%|███████▌  | 67/88 [00:18<00:05,  3.70it/s, loss=0.501]
  epoch 2/3:  76%|███████▌  | 67/88 [00:18<00:05,  3.70it/s, loss=0.499]
  epoch 2/3:  77%|███████▋  | 68/88 [00:18<00:05,  3.70it/s, loss=0.499]
  epoch 2/3:  77%|███████▋  | 68/88 [00:19<00:05,  3.70it/s, loss=0.498]
  epoch 2/3:  78%|███████▊  | 69/88 [00:19<00:05,  3.70it/s, loss=0.498]
  epoch 2/3:  78%|███████▊  | 69/88 [00:19<00:05,  3.70it/s, loss=0.496]
  epoch 2/3:  80%|███████▉  | 70/88 [00:19<00:04,  3.71it/s, loss=0.496]
  epoch 2/3:  80%|███████▉  | 70/88 [00:19<00:04,  3.71it/s, loss=0.492]
  epoch 2/3:  81%|████████  | 71/88 [00:19<00:04,  3.70it/s, loss=0.492]
  epoch 2/3:  81%|████████  | 71/88 [00:19<00:04,  3.70it/s, loss=0.489]
  epoch 2/3:  82%|████████▏ | 72/88 [00:19<00:04,  3.63it/s, loss=0.489]
  epoch 2/3:  82%|████████▏ | 72/88 [00:20<00:04,  3.63it/s, loss=0.487]
  epoch 2/3:  83%|████████▎ | 73/88 [00:20<00:04,  3.63it/s, loss=0.487]
  epoch 2/3:  83%|████████▎ | 73/88 [00:20<00:04,  3.63it/s, loss=0.485]
  epoch 2/3:  84%|████████▍ | 74/88 [00:20<00:03,  3.64it/s, loss=0.485]
  epoch 2/3:  84%|████████▍ | 74/88 [00:20<00:03,  3.64it/s, loss=0.482]
  epoch 2/3:  85%|████████▌ | 75/88 [00:20<00:03,  3.66it/s, loss=0.482]
  epoch 2/3:  85%|████████▌ | 75/88 [00:21<00:03,  3.66it/s, loss=0.480]
  epoch 2/3:  86%|████████▋ | 76/88 [00:21<00:03,  3.65it/s, loss=0.480]
  epoch 2/3:  86%|████████▋ | 76/88 [00:21<00:03,  3.65it/s, loss=0.479]
  epoch 2/3:  88%|████████▊ | 77/88 [00:21<00:03,  3.65it/s, loss=0.479]
  epoch 2/3:  88%|████████▊ | 77/88 [00:21<00:03,  3.65it/s, loss=0.478]
  epoch 2/3:  89%|████████▊ | 78/88 [00:21<00:02,  3.66it/s, loss=0.478]
  epoch 2/3:  89%|████████▊ | 78/88 [00:21<00:02,  3.66it/s, loss=0.478]
  epoch 2/3:  90%|████████▉ | 79/88 [00:21<00:02,  3.67it/s, loss=0.478]
  epoch 2/3:  90%|████████▉ | 79/88 [00:22<00:02,  3.67it/s, loss=0.476]
  epoch 2/3:  91%|█████████ | 80/88 [00:22<00:02,  3.69it/s, loss=0.476]
  epoch 2/3:  91%|█████████ | 80/88 [00:22<00:02,  3.69it/s, loss=0.473]
  epoch 2/3:  92%|█████████▏| 81/88 [00:22<00:01,  3.68it/s, loss=0.473]
  epoch 2/3:  92%|█████████▏| 81/88 [00:22<00:01,  3.68it/s, loss=0.471]
  epoch 2/3:  93%|█████████▎| 82/88 [00:22<00:01,  3.67it/s, loss=0.471]
  epoch 2/3:  93%|█████████▎| 82/88 [00:22<00:01,  3.67it/s, loss=0.469]
  epoch 2/3:  94%|█████████▍| 83/88 [00:22<00:01,  3.68it/s, loss=0.469]
  epoch 2/3:  94%|█████████▍| 83/88 [00:23<00:01,  3.68it/s, loss=0.467]
  epoch 2/3:  95%|█████████▌| 84/88 [00:23<00:01,  3.66it/s, loss=0.467]
  epoch 2/3:  95%|█████████▌| 84/88 [00:23<00:01,  3.66it/s, loss=0.464]
  epoch 2/3:  97%|█████████▋| 85/88 [00:23<00:00,  3.67it/s, loss=0.464]
  epoch 2/3:  97%|█████████▋| 85/88 [00:23<00:00,  3.67it/s, loss=0.462]
  epoch 2/3:  98%|█████████▊| 86/88 [00:23<00:00,  3.67it/s, loss=0.462]
  epoch 2/3:  98%|█████████▊| 86/88 [00:24<00:00,  3.67it/s, loss=0.460]
  epoch 2/3:  99%|█████████▉| 87/88 [00:24<00:00,  3.69it/s, loss=0.460]
  epoch 2/3:  99%|█████████▉| 87/88 [00:24<00:00,  3.69it/s, loss=0.460]
  epoch 2/3: 100%|██████████| 88/88 [00:24<00:00,  3.98it/s, loss=0.460]
                                                                        

  epoch 3/3:   0%|          | 0/88 [00:00<?, ?it/s]
  epoch 3/3:   0%|          | 0/88 [00:00<?, ?it/s, loss=0.280]
  epoch 3/3:   1%|          | 1/88 [00:00<00:45,  1.89it/s, loss=0.280]
  epoch 3/3:   1%|          | 1/88 [00:00<00:45,  1.89it/s, loss=0.310]
  epoch 3/3:   2%|▏         | 2/88 [00:00<00:32,  2.64it/s, loss=0.310]
  epoch 3/3:   2%|▏         | 2/88 [00:01<00:32,  2.64it/s, loss=0.302]
  epoch 3/3:   3%|▎         | 3/88 [00:01<00:28,  3.03it/s, loss=0.302]
  epoch 3/3:   3%|▎         | 3/88 [00:01<00:28,  3.03it/s, loss=0.308]
  epoch 3/3:   5%|▍         | 4/88 [00:01<00:25,  3.25it/s, loss=0.308]
  epoch 3/3:   5%|▍         | 4/88 [00:01<00:25,  3.25it/s, loss=0.318]
  epoch 3/3:   6%|▌         | 5/88 [00:01<00:24,  3.40it/s, loss=0.318]
  epoch 3/3:   6%|▌         | 5/88 [00:01<00:24,  3.40it/s, loss=0.330]
  epoch 3/3:   7%|▋         | 6/88 [00:01<00:23,  3.50it/s, loss=0.330]
  epoch 3/3:   7%|▋         | 6/88 [00:02<00:23,  3.50it/s, loss=0.307]
  epoch 3/3:   8%|▊         | 7/88 [00:02<00:22,  3.55it/s, loss=0.307]
  epoch 3/3:   8%|▊         | 7/88 [00:02<00:22,  3.55it/s, loss=0.310]
  epoch 3/3:   9%|▉         | 8/88 [00:02<00:22,  3.60it/s, loss=0.310]
  epoch 3/3:   9%|▉         | 8/88 [00:02<00:22,  3.60it/s, loss=0.305]
  epoch 3/3:  10%|█         | 9/88 [00:02<00:21,  3.62it/s, loss=0.305]
  epoch 3/3:  10%|█         | 9/88 [00:02<00:21,  3.62it/s, loss=0.297]
  epoch 3/3:  11%|█▏        | 10/88 [00:02<00:21,  3.65it/s, loss=0.297]
  epoch 3/3:  11%|█▏        | 10/88 [00:03<00:21,  3.65it/s, loss=0.298]
  epoch 3/3:  12%|█▎        | 11/88 [00:03<00:21,  3.66it/s, loss=0.298]
  epoch 3/3:  12%|█▎        | 11/88 [00:03<00:21,  3.66it/s, loss=0.296]
  epoch 3/3:  14%|█▎        | 12/88 [00:03<00:20,  3.66it/s, loss=0.296]
  epoch 3/3:  14%|█▎        | 12/88 [00:03<00:20,  3.66it/s, loss=0.303]
  epoch 3/3:  15%|█▍        | 13/88 [00:03<00:20,  3.68it/s, loss=0.303]
  epoch 3/3:  15%|█▍        | 13/88 [00:04<00:20,  3.68it/s, loss=0.305]
  epoch 3/3:  16%|█▌        | 14/88 [00:04<00:20,  3.68it/s, loss=0.305]
  epoch 3/3:  16%|█▌        | 14/88 [00:04<00:20,  3.68it/s, loss=0.304]
  epoch 3/3:  17%|█▋        | 15/88 [00:04<00:19,  3.67it/s, loss=0.304]
  epoch 3/3:  17%|█▋        | 15/88 [00:04<00:19,  3.67it/s, loss=0.295]
  epoch 3/3:  18%|█▊        | 16/88 [00:04<00:19,  3.62it/s, loss=0.295]
  epoch 3/3:  18%|█▊        | 16/88 [00:04<00:19,  3.62it/s, loss=0.285]
  epoch 3/3:  19%|█▉        | 17/88 [00:04<00:19,  3.64it/s, loss=0.285]
  epoch 3/3:  19%|█▉        | 17/88 [00:05<00:19,  3.64it/s, loss=0.286]
  epoch 3/3:  20%|██        | 18/88 [00:05<00:19,  3.64it/s, loss=0.286]
  epoch 3/3:  20%|██        | 18/88 [00:05<00:19,  3.64it/s, loss=0.289]
  epoch 3/3:  22%|██▏       | 19/88 [00:05<00:18,  3.64it/s, loss=0.289]
  epoch 3/3:  22%|██▏       | 19/88 [00:05<00:18,  3.64it/s, loss=0.289]
  epoch 3/3:  23%|██▎       | 20/88 [00:05<00:18,  3.65it/s, loss=0.289]
  epoch 3/3:  23%|██▎       | 20/88 [00:05<00:18,  3.65it/s, loss=0.289]
  epoch 3/3:  24%|██▍       | 21/88 [00:05<00:18,  3.65it/s, loss=0.289]
  epoch 3/3:  24%|██▍       | 21/88 [00:06<00:18,  3.65it/s, loss=0.287]
  epoch 3/3:  25%|██▌       | 22/88 [00:06<00:18,  3.65it/s, loss=0.287]
  epoch 3/3:  25%|██▌       | 22/88 [00:06<00:18,  3.65it/s, loss=0.290]
  epoch 3/3:  26%|██▌       | 23/88 [00:06<00:17,  3.67it/s, loss=0.290]
  epoch 3/3:  26%|██▌       | 23/88 [00:06<00:17,  3.67it/s, loss=0.290]
  epoch 3/3:  27%|██▋       | 24/88 [00:06<00:17,  3.68it/s, loss=0.290]
  epoch 3/3:  27%|██▋       | 24/88 [00:07<00:17,  3.68it/s, loss=0.293]
  epoch 3/3:  28%|██▊       | 25/88 [00:07<00:17,  3.68it/s, loss=0.293]
  epoch 3/3:  28%|██▊       | 25/88 [00:07<00:17,  3.68it/s, loss=0.291]
  epoch 3/3:  30%|██▉       | 26/88 [00:07<00:16,  3.68it/s, loss=0.291]
  epoch 3/3:  30%|██▉       | 26/88 [00:07<00:16,  3.68it/s, loss=0.293]
  epoch 3/3:  31%|███       | 27/88 [00:07<00:16,  3.68it/s, loss=0.293]
  epoch 3/3:  31%|███       | 27/88 [00:07<00:16,  3.68it/s, loss=0.292]
  epoch 3/3:  32%|███▏      | 28/88 [00:07<00:16,  3.70it/s, loss=0.292]
  epoch 3/3:  32%|███▏      | 28/88 [00:08<00:16,  3.70it/s, loss=0.288]
  epoch 3/3:  33%|███▎      | 29/88 [00:08<00:15,  3.71it/s, loss=0.288]
  epoch 3/3:  33%|███▎      | 29/88 [00:08<00:15,  3.71it/s, loss=0.283]
  epoch 3/3:  34%|███▍      | 30/88 [00:08<00:15,  3.70it/s, loss=0.283]
  epoch 3/3:  34%|███▍      | 30/88 [00:08<00:15,  3.70it/s, loss=0.279]
  epoch 3/3:  35%|███▌      | 31/88 [00:08<00:15,  3.68it/s, loss=0.279]
  epoch 3/3:  35%|███▌      | 31/88 [00:08<00:15,  3.68it/s, loss=0.276]
  epoch 3/3:  36%|███▋      | 32/88 [00:08<00:15,  3.62it/s, loss=0.276]
  epoch 3/3:  36%|███▋      | 32/88 [00:09<00:15,  3.62it/s, loss=0.273]
  epoch 3/3:  38%|███▊      | 33/88 [00:09<00:15,  3.65it/s, loss=0.273]
  epoch 3/3:  38%|███▊      | 33/88 [00:09<00:15,  3.65it/s, loss=0.272]
  epoch 3/3:  39%|███▊      | 34/88 [00:09<00:14,  3.65it/s, loss=0.272]
  epoch 3/3:  39%|███▊      | 34/88 [00:09<00:14,  3.65it/s, loss=0.270]
  epoch 3/3:  40%|███▉      | 35/88 [00:09<00:14,  3.66it/s, loss=0.270]
  epoch 3/3:  40%|███▉      | 35/88 [00:10<00:14,  3.66it/s, loss=0.269]
  epoch 3/3:  41%|████      | 36/88 [00:10<00:14,  3.66it/s, loss=0.269]
  epoch 3/3:  41%|████      | 36/88 [00:10<00:14,  3.66it/s, loss=0.268]
  epoch 3/3:  42%|████▏     | 37/88 [00:10<00:13,  3.67it/s, loss=0.268]
  epoch 3/3:  42%|████▏     | 37/88 [00:10<00:13,  3.67it/s, loss=0.266]
  epoch 3/3:  43%|████▎     | 38/88 [00:10<00:13,  3.66it/s, loss=0.266]
  epoch 3/3:  43%|████▎     | 38/88 [00:10<00:13,  3.66it/s, loss=0.264]
  epoch 3/3:  44%|████▍     | 39/88 [00:10<00:13,  3.65it/s, loss=0.264]
  epoch 3/3:  44%|████▍     | 39/88 [00:11<00:13,  3.65it/s, loss=0.263]
  epoch 3/3:  45%|████▌     | 40/88 [00:11<00:13,  3.65it/s, loss=0.263]
  epoch 3/3:  45%|████▌     | 40/88 [00:11<00:13,  3.65it/s, loss=0.262]
  epoch 3/3:  47%|████▋     | 41/88 [00:11<00:12,  3.68it/s, loss=0.262]
  epoch 3/3:  47%|████▋     | 41/88 [00:11<00:12,  3.68it/s, loss=0.262]
  epoch 3/3:  48%|████▊     | 42/88 [00:11<00:12,  3.67it/s, loss=0.262]
  epoch 3/3:  48%|████▊     | 42/88 [00:11<00:12,  3.67it/s, loss=0.260]
  epoch 3/3:  49%|████▉     | 43/88 [00:11<00:12,  3.68it/s, loss=0.260]
  epoch 3/3:  49%|████▉     | 43/88 [00:12<00:12,  3.68it/s, loss=0.258]
  epoch 3/3:  50%|█████     | 44/88 [00:12<00:11,  3.68it/s, loss=0.258]
  epoch 3/3:  50%|█████     | 44/88 [00:12<00:11,  3.68it/s, loss=0.258]
  epoch 3/3:  51%|█████     | 45/88 [00:12<00:11,  3.68it/s, loss=0.258]
  epoch 3/3:  51%|█████     | 45/88 [00:12<00:11,  3.68it/s, loss=0.257]
  epoch 3/3:  52%|█████▏    | 46/88 [00:12<00:11,  3.67it/s, loss=0.257]
  epoch 3/3:  52%|█████▏    | 46/88 [00:13<00:11,  3.67it/s, loss=0.254]
  epoch 3/3:  53%|█████▎    | 47/88 [00:13<00:11,  3.66it/s, loss=0.254]
  epoch 3/3:  53%|█████▎    | 47/88 [00:13<00:11,  3.66it/s, loss=0.252]
  epoch 3/3:  55%|█████▍    | 48/88 [00:13<00:11,  3.61it/s, loss=0.252]
  epoch 3/3:  55%|█████▍    | 48/88 [00:13<00:11,  3.61it/s, loss=0.252]
  epoch 3/3:  56%|█████▌    | 49/88 [00:13<00:10,  3.63it/s, loss=0.252]
  epoch 3/3:  56%|█████▌    | 49/88 [00:13<00:10,  3.63it/s, loss=0.250]
  epoch 3/3:  57%|█████▋    | 50/88 [00:13<00:10,  3.66it/s, loss=0.250]
  epoch 3/3:  57%|█████▋    | 50/88 [00:14<00:10,  3.66it/s, loss=0.251]
  epoch 3/3:  58%|█████▊    | 51/88 [00:14<00:10,  3.68it/s, loss=0.251]
  epoch 3/3:  58%|█████▊    | 51/88 [00:14<00:10,  3.68it/s, loss=0.256]
  epoch 3/3:  59%|█████▉    | 52/88 [00:14<00:09,  3.69it/s, loss=0.256]
  epoch 3/3:  59%|█████▉    | 52/88 [00:14<00:09,  3.69it/s, loss=0.254]
  epoch 3/3:  60%|██████    | 53/88 [00:14<00:09,  3.69it/s, loss=0.254]
  epoch 3/3:  60%|██████    | 53/88 [00:14<00:09,  3.69it/s, loss=0.252]
  epoch 3/3:  61%|██████▏   | 54/88 [00:14<00:09,  3.69it/s, loss=0.252]
  epoch 3/3:  61%|██████▏   | 54/88 [00:15<00:09,  3.69it/s, loss=0.253]
  epoch 3/3:  62%|██████▎   | 55/88 [00:15<00:08,  3.70it/s, loss=0.253]
  epoch 3/3:  62%|██████▎   | 55/88 [00:15<00:08,  3.70it/s, loss=0.251]
  epoch 3/3:  64%|██████▎   | 56/88 [00:15<00:08,  3.70it/s, loss=0.251]
  epoch 3/3:  64%|██████▎   | 56/88 [00:15<00:08,  3.70it/s, loss=0.248]
  epoch 3/3:  65%|██████▍   | 57/88 [00:15<00:08,  3.70it/s, loss=0.248]
  epoch 3/3:  65%|██████▍   | 57/88 [00:16<00:08,  3.70it/s, loss=0.247]
  epoch 3/3:  66%|██████▌   | 58/88 [00:16<00:08,  3.69it/s, loss=0.247]
  epoch 3/3:  66%|██████▌   | 58/88 [00:16<00:08,  3.69it/s, loss=0.247]
  epoch 3/3:  67%|██████▋   | 59/88 [00:16<00:07,  3.67it/s, loss=0.247]
  epoch 3/3:  67%|██████▋   | 59/88 [00:16<00:07,  3.67it/s, loss=0.244]
  epoch 3/3:  68%|██████▊   | 60/88 [00:16<00:07,  3.68it/s, loss=0.244]
  epoch 3/3:  68%|██████▊   | 60/88 [00:16<00:07,  3.68it/s, loss=0.244]
  epoch 3/3:  69%|██████▉   | 61/88 [00:16<00:07,  3.66it/s, loss=0.244]
  epoch 3/3:  69%|██████▉   | 61/88 [00:17<00:07,  3.66it/s, loss=0.243]
  epoch 3/3:  70%|███████   | 62/88 [00:17<00:07,  3.67it/s, loss=0.243]
  epoch 3/3:  70%|███████   | 62/88 [00:17<00:07,  3.67it/s, loss=0.243]
  epoch 3/3:  72%|███████▏  | 63/88 [00:17<00:06,  3.69it/s, loss=0.243]
  epoch 3/3:  72%|███████▏  | 63/88 [00:17<00:06,  3.69it/s, loss=0.242]
  epoch 3/3:  73%|███████▎  | 64/88 [00:17<00:06,  3.64it/s, loss=0.242]
  epoch 3/3:  73%|███████▎  | 64/88 [00:17<00:06,  3.64it/s, loss=0.242]
  epoch 3/3:  74%|███████▍  | 65/88 [00:17<00:06,  3.65it/s, loss=0.242]
  epoch 3/3:  74%|███████▍  | 65/88 [00:18<00:06,  3.65it/s, loss=0.241]
  epoch 3/3:  75%|███████▌  | 66/88 [00:18<00:06,  3.65it/s, loss=0.241]
  epoch 3/3:  75%|███████▌  | 66/88 [00:18<00:06,  3.65it/s, loss=0.241]
  epoch 3/3:  76%|███████▌  | 67/88 [00:18<00:05,  3.66it/s, loss=0.241]
  epoch 3/3:  76%|███████▌  | 67/88 [00:18<00:05,  3.66it/s, loss=0.241]
  epoch 3/3:  77%|███████▋  | 68/88 [00:18<00:05,  3.68it/s, loss=0.241]
  epoch 3/3:  77%|███████▋  | 68/88 [00:19<00:05,  3.68it/s, loss=0.240]
  epoch 3/3:  78%|███████▊  | 69/88 [00:19<00:05,  3.68it/s, loss=0.240]
  epoch 3/3:  78%|███████▊  | 69/88 [00:19<00:05,  3.68it/s, loss=0.240]
  epoch 3/3:  80%|███████▉  | 70/88 [00:19<00:04,  3.68it/s, loss=0.240]
  epoch 3/3:  80%|███████▉  | 70/88 [00:19<00:04,  3.68it/s, loss=0.238]
  epoch 3/3:  81%|████████  | 71/88 [00:19<00:04,  3.67it/s, loss=0.238]
  epoch 3/3:  81%|████████  | 71/88 [00:19<00:04,  3.67it/s, loss=0.238]
  epoch 3/3:  82%|████████▏ | 72/88 [00:19<00:04,  3.67it/s, loss=0.238]
  epoch 3/3:  82%|████████▏ | 72/88 [00:20<00:04,  3.67it/s, loss=0.237]
  epoch 3/3:  83%|████████▎ | 73/88 [00:20<00:04,  3.68it/s, loss=0.237]
  epoch 3/3:  83%|████████▎ | 73/88 [00:20<00:04,  3.68it/s, loss=0.235]
  epoch 3/3:  84%|████████▍ | 74/88 [00:20<00:03,  3.69it/s, loss=0.235]
  epoch 3/3:  84%|████████▍ | 74/88 [00:20<00:03,  3.69it/s, loss=0.235]
  epoch 3/3:  85%|████████▌ | 75/88 [00:20<00:03,  3.70it/s, loss=0.235]
  epoch 3/3:  85%|████████▌ | 75/88 [00:20<00:03,  3.70it/s, loss=0.236]
  epoch 3/3:  86%|████████▋ | 76/88 [00:20<00:03,  3.70it/s, loss=0.236]
  epoch 3/3:  86%|████████▋ | 76/88 [00:21<00:03,  3.70it/s, loss=0.235]
  epoch 3/3:  88%|████████▊ | 77/88 [00:21<00:02,  3.68it/s, loss=0.235]
  epoch 3/3:  88%|████████▊ | 77/88 [00:21<00:02,  3.68it/s, loss=0.234]
  epoch 3/3:  89%|████████▊ | 78/88 [00:21<00:02,  3.67it/s, loss=0.234]
  epoch 3/3:  89%|████████▊ | 78/88 [00:21<00:02,  3.67it/s, loss=0.234]
  epoch 3/3:  90%|████████▉ | 79/88 [00:21<00:02,  3.68it/s, loss=0.234]
  epoch 3/3:  90%|████████▉ | 79/88 [00:22<00:02,  3.68it/s, loss=0.234]
  epoch 3/3:  91%|█████████ | 80/88 [00:22<00:02,  3.64it/s, loss=0.234]
  epoch 3/3:  91%|█████████ | 80/88 [00:22<00:02,  3.64it/s, loss=0.233]
  epoch 3/3:  92%|█████████▏| 81/88 [00:22<00:01,  3.65it/s, loss=0.233]
  epoch 3/3:  92%|█████████▏| 81/88 [00:22<00:01,  3.65it/s, loss=0.233]
  epoch 3/3:  93%|█████████▎| 82/88 [00:22<00:01,  3.69it/s, loss=0.233]
  epoch 3/3:  93%|█████████▎| 82/88 [00:22<00:01,  3.69it/s, loss=0.233]
  epoch 3/3:  94%|█████████▍| 83/88 [00:22<00:01,  3.69it/s, loss=0.233]
  epoch 3/3:  94%|█████████▍| 83/88 [00:23<00:01,  3.69it/s, loss=0.232]
  epoch 3/3:  95%|█████████▌| 84/88 [00:23<00:01,  3.69it/s, loss=0.232]
  epoch 3/3:  95%|█████████▌| 84/88 [00:23<00:01,  3.69it/s, loss=0.233]
  epoch 3/3:  97%|█████████▋| 85/88 [00:23<00:00,  3.71it/s, loss=0.233]
  epoch 3/3:  97%|█████████▋| 85/88 [00:23<00:00,  3.71it/s, loss=0.232]
  epoch 3/3:  98%|█████████▊| 86/88 [00:23<00:00,  3.71it/s, loss=0.232]
  epoch 3/3:  98%|█████████▊| 86/88 [00:23<00:00,  3.71it/s, loss=0.232]
  epoch 3/3:  99%|█████████▉| 87/88 [00:23<00:00,  3.71it/s, loss=0.232]
  epoch 3/3:  99%|█████████▉| 87/88 [00:24<00:00,  3.71it/s, loss=0.231]
  epoch 3/3: 100%|██████████| 88/88 [00:24<00:00,  4.03it/s, loss=0.231]
                                                                        
[titans] reset=never | norm(state) sau task = 80.6697
[titans]   self-mod v:β=0.96 |W|=3.35
[titans]   eta_t(avg)=-3.8686  alpha_t/forget-gate(avg)=1.0000
[task 8] test acc so far: 0.857  0.737  0.811  0.754  0.686  0.591  0.666  0.320  0.049
[task 8] NCM-online acc so far: 0.417  0.243  0.549  0.463  0.683  0.680  0.851  0.831  0.811
[task 8] NCM-posthoc acc so far: 0.754  0.694  0.757  0.751  0.711  0.766  0.846  0.780  0.649
[checkpoint] đã lưu tiến độ sau task 8
  memory_state.pt đã lưu (norm=80.6697)

== Ma trận accuracy (hàng = sau khi học task i, cột = đánh giá task j)
[[0.94  0.    0.    0.    0.    0.    0.    0.    0.   ]
 [0.909 0.769 0.    0.    0.    0.    0.    0.    0.   ]
 [0.889 0.814 0.451 0.    0.    0.    0.    0.    0.   ]
 [0.883 0.8   0.631 0.317 0.    0.    0.    0.    0.   ]
 [0.877 0.811 0.717 0.506 0.394 0.    0.    0.    0.   ]
 [0.871 0.803 0.769 0.591 0.537 0.286 0.    0.    0.   ]
 [0.871 0.783 0.809 0.666 0.611 0.4   0.334 0.    0.   ]
 [0.866 0.769 0.82  0.706 0.666 0.506 0.597 0.129 0.   ]
 [0.857 0.737 0.811 0.754 0.686 0.591 0.666 0.32  0.049]]

== Kết quả
  Average Accuracy   : 0.6079  (cao = tốt)
  Average Forgetting : -0.0307  (thấp = tốt — con số dự án cần giảm)
  Backward Transfer  : 0.2254  (âm = quên)

== NCM feature readouts
  Linear              : Acc 0.6079 | Forget -0.0307
  NCM online          : Acc 0.6143 | Forget 0.2725
  NCM post-hoc oracle : Acc 0.7454 | Forget 0.0671
  checkpoint.pt đã lưu (model + Titans state + online NCM)
  Saved -> /home/an/RaybanMeta/uav-continual-learning/artifacts_ncm_head_study/results/resisc45_titans_seed0_ncm-head_m3_delta_clip_f16_lr0.005_rnever_optkeep_splitcombined31500_v2
