
[2026-07-30 20:44:29] $ /usr/bin/python3 /home/an/RaybanMeta/uav-continual-learning/scripts/run_g1.py --config /home/an/RaybanMeta/uav-continual-learning/configs/g2_titans_resisc45_selfmod_m3_ncm.yaml --method titans --skip-existing --set seed=1 log.run_tag=ncm-head log.dir=/home/an/RaybanMeta/uav-continual-learning/artifacts_ncm_head_study
== G1 run: dataset=resisc45 method=titans seed=1 device=cuda
Warning: You are sending unauthenticated requests to the HF Hub. Please set a HF_TOKEN to enable higher rate limits and faster downloads.
task 0: 5 classes [baseball_diamond, bridge, cloud, river, terrace] | train 2800 / val 350 / test 350
task 1: 5 classes [dense_residential, desert, golf_course, medium_residential, mountain] | train 2800 / val 350 / test 350
task 2: 5 classes [island, palace, railway, runway, snowberg] | train 2800 / val 350 / test 350
task 3: 5 classes [commercial_area, harbor, lake, overpass, tennis_court] | train 2800 / val 350 / test 350
task 4: 5 classes [basketball_court, freeway, industrial_area, storage_tank, wetland] | train 2800 / val 350 / test 350
task 5: 5 classes [airplane, intersection, meadow, roundabout, sparse_residential] | train 2800 / val 350 / test 350
task 6: 5 classes [airport, chaparral, sea_ice, stadium, thermal_power_station] | train 2800 / val 350 / test 350
task 7: 5 classes [forest, mobile_home_park, parking_lot, railway_station, rectangular_farmland] | train 2800 / val 350 / test 350
task 8: 5 classes [beach, church, circular_farmland, ground_track_field, ship] | train 2800 / val 350 / test 350
[titans] seq=image_seq reset=never chunk=32
[task 0] classes=[2, 5, 9, 32, 42] | train=2800

  epoch 1/3:   0%|          | 0/88 [00:00<?, ?it/s]
  epoch 1/3:   0%|          | 0/88 [00:01<?, ?it/s, loss=1.695]
  epoch 1/3:   1%|          | 1/88 [00:01<02:17,  1.58s/it, loss=1.695]
  epoch 1/3:   1%|          | 1/88 [00:01<02:17,  1.58s/it, loss=1.704]
  epoch 1/3:   2%|▏         | 2/88 [00:01<01:09,  1.23it/s, loss=1.704]
  epoch 1/3:   2%|▏         | 2/88 [00:02<01:09,  1.23it/s, loss=1.818]
  epoch 1/3:   3%|▎         | 3/88 [00:02<00:47,  1.80it/s, loss=1.818]
  epoch 1/3:   3%|▎         | 3/88 [00:02<00:47,  1.80it/s, loss=1.879]
  epoch 1/3:   5%|▍         | 4/88 [00:02<00:36,  2.28it/s, loss=1.879]
  epoch 1/3:   5%|▍         | 4/88 [00:02<00:36,  2.28it/s, loss=1.873]
  epoch 1/3:   6%|▌         | 5/88 [00:02<00:31,  2.67it/s, loss=1.873]
  epoch 1/3:   6%|▌         | 5/88 [00:02<00:31,  2.67it/s, loss=1.827]
  epoch 1/3:   7%|▋         | 6/88 [00:02<00:27,  2.96it/s, loss=1.827]
  epoch 1/3:   7%|▋         | 6/88 [00:03<00:27,  2.96it/s, loss=1.824]
  epoch 1/3:   8%|▊         | 7/88 [00:03<00:25,  3.19it/s, loss=1.824]
  epoch 1/3:   8%|▊         | 7/88 [00:03<00:25,  3.19it/s, loss=1.810]
  epoch 1/3:   9%|▉         | 8/88 [00:03<00:23,  3.37it/s, loss=1.810]
  epoch 1/3:   9%|▉         | 8/88 [00:03<00:23,  3.37it/s, loss=1.794]
  epoch 1/3:  10%|█         | 9/88 [00:03<00:22,  3.48it/s, loss=1.794]
  epoch 1/3:  10%|█         | 9/88 [00:03<00:22,  3.48it/s, loss=1.794]
  epoch 1/3:  11%|█▏        | 10/88 [00:03<00:21,  3.58it/s, loss=1.794]
  epoch 1/3:  11%|█▏        | 10/88 [00:04<00:21,  3.58it/s, loss=1.784]
  epoch 1/3:  12%|█▎        | 11/88 [00:04<00:21,  3.64it/s, loss=1.784]
  epoch 1/3:  12%|█▎        | 11/88 [00:04<00:21,  3.64it/s, loss=1.766]
  epoch 1/3:  14%|█▎        | 12/88 [00:04<00:20,  3.69it/s, loss=1.766]
  epoch 1/3:  14%|█▎        | 12/88 [00:04<00:20,  3.69it/s, loss=1.763]
  epoch 1/3:  15%|█▍        | 13/88 [00:04<00:20,  3.72it/s, loss=1.763]
  epoch 1/3:  15%|█▍        | 13/88 [00:04<00:20,  3.72it/s, loss=1.755]
  epoch 1/3:  16%|█▌        | 14/88 [00:04<00:19,  3.74it/s, loss=1.755]
  epoch 1/3:  16%|█▌        | 14/88 [00:05<00:19,  3.74it/s, loss=1.746]
  epoch 1/3:  17%|█▋        | 15/88 [00:05<00:19,  3.76it/s, loss=1.746]
  epoch 1/3:  17%|█▋        | 15/88 [00:05<00:19,  3.76it/s, loss=1.736]
  epoch 1/3:  18%|█▊        | 16/88 [00:05<00:19,  3.72it/s, loss=1.736]
  epoch 1/3:  18%|█▊        | 16/88 [00:05<00:19,  3.72it/s, loss=1.731]
  epoch 1/3:  19%|█▉        | 17/88 [00:05<00:18,  3.75it/s, loss=1.731]
  epoch 1/3:  19%|█▉        | 17/88 [00:06<00:18,  3.75it/s, loss=1.717]
  epoch 1/3:  20%|██        | 18/88 [00:06<00:18,  3.74it/s, loss=1.717]
  epoch 1/3:  20%|██        | 18/88 [00:06<00:18,  3.74it/s, loss=1.703]
  epoch 1/3:  22%|██▏       | 19/88 [00:06<00:18,  3.74it/s, loss=1.703]
  epoch 1/3:  22%|██▏       | 19/88 [00:06<00:18,  3.74it/s, loss=1.694]
  epoch 1/3:  23%|██▎       | 20/88 [00:06<00:18,  3.76it/s, loss=1.694]
  epoch 1/3:  23%|██▎       | 20/88 [00:06<00:18,  3.76it/s, loss=1.690]
  epoch 1/3:  24%|██▍       | 21/88 [00:06<00:17,  3.76it/s, loss=1.690]
  epoch 1/3:  24%|██▍       | 21/88 [00:07<00:17,  3.76it/s, loss=1.689]
  epoch 1/3:  25%|██▌       | 22/88 [00:07<00:17,  3.77it/s, loss=1.689]
  epoch 1/3:  25%|██▌       | 22/88 [00:07<00:17,  3.77it/s, loss=1.684]
  epoch 1/3:  26%|██▌       | 23/88 [00:07<00:17,  3.78it/s, loss=1.684]
  epoch 1/3:  26%|██▌       | 23/88 [00:07<00:17,  3.78it/s, loss=1.674]
  epoch 1/3:  27%|██▋       | 24/88 [00:07<00:16,  3.79it/s, loss=1.674]
  epoch 1/3:  27%|██▋       | 24/88 [00:07<00:16,  3.79it/s, loss=1.663]
  epoch 1/3:  28%|██▊       | 25/88 [00:07<00:16,  3.79it/s, loss=1.663]
  epoch 1/3:  28%|██▊       | 25/88 [00:08<00:16,  3.79it/s, loss=1.652]
  epoch 1/3:  30%|██▉       | 26/88 [00:08<00:16,  3.78it/s, loss=1.652]
  epoch 1/3:  30%|██▉       | 26/88 [00:08<00:16,  3.78it/s, loss=1.649]
  epoch 1/3:  31%|███       | 27/88 [00:08<00:16,  3.77it/s, loss=1.649]
  epoch 1/3:  31%|███       | 27/88 [00:08<00:16,  3.77it/s, loss=1.643]
  epoch 1/3:  32%|███▏      | 28/88 [00:08<00:15,  3.76it/s, loss=1.643]
  epoch 1/3:  32%|███▏      | 28/88 [00:08<00:15,  3.76it/s, loss=1.638]
  epoch 1/3:  33%|███▎      | 29/88 [00:08<00:15,  3.74it/s, loss=1.638]
  epoch 1/3:  33%|███▎      | 29/88 [00:09<00:15,  3.74it/s, loss=1.630]
  epoch 1/3:  34%|███▍      | 30/88 [00:09<00:15,  3.75it/s, loss=1.630]
  epoch 1/3:  34%|███▍      | 30/88 [00:09<00:15,  3.75it/s, loss=1.622]
  epoch 1/3:  35%|███▌      | 31/88 [00:09<00:15,  3.76it/s, loss=1.622]
  epoch 1/3:  35%|███▌      | 31/88 [00:09<00:15,  3.76it/s, loss=1.615]
  epoch 1/3:  36%|███▋      | 32/88 [00:09<00:15,  3.70it/s, loss=1.615]
  epoch 1/3:  36%|███▋      | 32/88 [00:10<00:15,  3.70it/s, loss=1.609]
  epoch 1/3:  38%|███▊      | 33/88 [00:10<00:14,  3.71it/s, loss=1.609]
  epoch 1/3:  38%|███▊      | 33/88 [00:10<00:14,  3.71it/s, loss=1.604]
  epoch 1/3:  39%|███▊      | 34/88 [00:10<00:14,  3.71it/s, loss=1.604]
  epoch 1/3:  39%|███▊      | 34/88 [00:10<00:14,  3.71it/s, loss=1.597]
  epoch 1/3:  40%|███▉      | 35/88 [00:10<00:14,  3.72it/s, loss=1.597]
  epoch 1/3:  40%|███▉      | 35/88 [00:10<00:14,  3.72it/s, loss=1.588]
  epoch 1/3:  41%|████      | 36/88 [00:10<00:14,  3.71it/s, loss=1.588]
  epoch 1/3:  41%|████      | 36/88 [00:11<00:14,  3.71it/s, loss=1.580]
  epoch 1/3:  42%|████▏     | 37/88 [00:11<00:13,  3.72it/s, loss=1.580]
  epoch 1/3:  42%|████▏     | 37/88 [00:11<00:13,  3.72it/s, loss=1.571]
  epoch 1/3:  43%|████▎     | 38/88 [00:11<00:13,  3.71it/s, loss=1.571]
  epoch 1/3:  43%|████▎     | 38/88 [00:11<00:13,  3.71it/s, loss=1.567]
  epoch 1/3:  44%|████▍     | 39/88 [00:11<00:13,  3.70it/s, loss=1.567]
  epoch 1/3:  44%|████▍     | 39/88 [00:11<00:13,  3.70it/s, loss=1.561]
  epoch 1/3:  45%|████▌     | 40/88 [00:11<00:13,  3.69it/s, loss=1.561]
  epoch 1/3:  45%|████▌     | 40/88 [00:12<00:13,  3.69it/s, loss=1.555]
  epoch 1/3:  47%|████▋     | 41/88 [00:12<00:12,  3.70it/s, loss=1.555]
  epoch 1/3:  47%|████▋     | 41/88 [00:12<00:12,  3.70it/s, loss=1.547]
  epoch 1/3:  48%|████▊     | 42/88 [00:12<00:12,  3.70it/s, loss=1.547]
  epoch 1/3:  48%|████▊     | 42/88 [00:12<00:12,  3.70it/s, loss=1.542]
  epoch 1/3:  49%|████▉     | 43/88 [00:12<00:12,  3.69it/s, loss=1.542]
  epoch 1/3:  49%|████▉     | 43/88 [00:13<00:12,  3.69it/s, loss=1.537]
  epoch 1/3:  50%|█████     | 44/88 [00:13<00:11,  3.69it/s, loss=1.537]
  epoch 1/3:  50%|█████     | 44/88 [00:13<00:11,  3.69it/s, loss=1.531]
  epoch 1/3:  51%|█████     | 45/88 [00:13<00:11,  3.70it/s, loss=1.531]
  epoch 1/3:  51%|█████     | 45/88 [00:13<00:11,  3.70it/s, loss=1.526]
  epoch 1/3:  52%|█████▏    | 46/88 [00:13<00:11,  3.68it/s, loss=1.526]
  epoch 1/3:  52%|█████▏    | 46/88 [00:13<00:11,  3.68it/s, loss=1.522]
  epoch 1/3:  53%|█████▎    | 47/88 [00:13<00:11,  3.68it/s, loss=1.522]
  epoch 1/3:  53%|█████▎    | 47/88 [00:14<00:11,  3.68it/s, loss=1.518]
  epoch 1/3:  55%|█████▍    | 48/88 [00:14<00:11,  3.63it/s, loss=1.518]
  epoch 1/3:  55%|█████▍    | 48/88 [00:14<00:11,  3.63it/s, loss=1.515]
  epoch 1/3:  56%|█████▌    | 49/88 [00:14<00:10,  3.64it/s, loss=1.515]
  epoch 1/3:  56%|█████▌    | 49/88 [00:14<00:10,  3.64it/s, loss=1.514]
  epoch 1/3:  57%|█████▋    | 50/88 [00:14<00:10,  3.65it/s, loss=1.514]
  epoch 1/3:  57%|█████▋    | 50/88 [00:14<00:10,  3.65it/s, loss=1.509]
  epoch 1/3:  58%|█████▊    | 51/88 [00:14<00:10,  3.66it/s, loss=1.509]
  epoch 1/3:  58%|█████▊    | 51/88 [00:15<00:10,  3.66it/s, loss=1.503]
  epoch 1/3:  59%|█████▉    | 52/88 [00:15<00:09,  3.65it/s, loss=1.503]
  epoch 1/3:  59%|█████▉    | 52/88 [00:15<00:09,  3.65it/s, loss=1.500]
  epoch 1/3:  60%|██████    | 53/88 [00:15<00:09,  3.64it/s, loss=1.500]
  epoch 1/3:  60%|██████    | 53/88 [00:15<00:09,  3.64it/s, loss=1.493]
  epoch 1/3:  61%|██████▏   | 54/88 [00:15<00:08,  3.84it/s, loss=1.493]
  epoch 1/3:  61%|██████▏   | 54/88 [00:16<00:08,  3.84it/s, loss=1.488]
  epoch 1/3:  62%|██████▎   | 55/88 [00:16<00:08,  3.80it/s, loss=1.488]
  epoch 1/3:  62%|██████▎   | 55/88 [00:16<00:08,  3.80it/s, loss=1.482]
  epoch 1/3:  64%|██████▎   | 56/88 [00:16<00:08,  3.74it/s, loss=1.482]
  epoch 1/3:  64%|██████▎   | 56/88 [00:16<00:08,  3.74it/s, loss=1.476]
  epoch 1/3:  65%|██████▍   | 57/88 [00:16<00:08,  3.72it/s, loss=1.476]
  epoch 1/3:  65%|██████▍   | 57/88 [00:16<00:08,  3.72it/s, loss=1.469]
  epoch 1/3:  66%|██████▌   | 58/88 [00:16<00:08,  3.68it/s, loss=1.469]
  epoch 1/3:  66%|██████▌   | 58/88 [00:17<00:08,  3.68it/s, loss=1.464]
  epoch 1/3:  67%|██████▋   | 59/88 [00:17<00:07,  3.65it/s, loss=1.464]
  epoch 1/3:  67%|██████▋   | 59/88 [00:17<00:07,  3.65it/s, loss=1.457]
  epoch 1/3:  68%|██████▊   | 60/88 [00:17<00:07,  3.65it/s, loss=1.457]
  epoch 1/3:  68%|██████▊   | 60/88 [00:17<00:07,  3.65it/s, loss=1.451]
  epoch 1/3:  69%|██████▉   | 61/88 [00:17<00:07,  3.64it/s, loss=1.451]
  epoch 1/3:  69%|██████▉   | 61/88 [00:17<00:07,  3.64it/s, loss=1.444]
  epoch 1/3:  70%|███████   | 62/88 [00:17<00:07,  3.66it/s, loss=1.444]
  epoch 1/3:  70%|███████   | 62/88 [00:18<00:07,  3.66it/s, loss=1.437]
  epoch 1/3:  72%|███████▏  | 63/88 [00:18<00:06,  3.64it/s, loss=1.437]
  epoch 1/3:  72%|███████▏  | 63/88 [00:18<00:06,  3.64it/s, loss=1.430]
  epoch 1/3:  73%|███████▎  | 64/88 [00:18<00:06,  3.60it/s, loss=1.430]
  epoch 1/3:  73%|███████▎  | 64/88 [00:18<00:06,  3.60it/s, loss=1.423]
  epoch 1/3:  74%|███████▍  | 65/88 [00:18<00:06,  3.60it/s, loss=1.423]
  epoch 1/3:  74%|███████▍  | 65/88 [00:19<00:06,  3.60it/s, loss=1.417]
  epoch 1/3:  75%|███████▌  | 66/88 [00:19<00:06,  3.61it/s, loss=1.417]
  epoch 1/3:  75%|███████▌  | 66/88 [00:19<00:06,  3.61it/s, loss=1.412]
  epoch 1/3:  76%|███████▌  | 67/88 [00:19<00:05,  3.59it/s, loss=1.412]
  epoch 1/3:  76%|███████▌  | 67/88 [00:19<00:05,  3.59it/s, loss=1.404]
  epoch 1/3:  77%|███████▋  | 68/88 [00:19<00:05,  3.58it/s, loss=1.404]
  epoch 1/3:  77%|███████▋  | 68/88 [00:19<00:05,  3.58it/s, loss=1.398]
  epoch 1/3:  78%|███████▊  | 69/88 [00:19<00:05,  3.57it/s, loss=1.398]
  epoch 1/3:  78%|███████▊  | 69/88 [00:20<00:05,  3.57it/s, loss=1.392]
  epoch 1/3:  80%|███████▉  | 70/88 [00:20<00:05,  3.57it/s, loss=1.392]
  epoch 1/3:  80%|███████▉  | 70/88 [00:20<00:05,  3.57it/s, loss=1.387]
  epoch 1/3:  81%|████████  | 71/88 [00:20<00:04,  3.59it/s, loss=1.387]
  epoch 1/3:  81%|████████  | 71/88 [00:20<00:04,  3.59it/s, loss=1.382]
  epoch 1/3:  82%|████████▏ | 72/88 [00:20<00:04,  3.58it/s, loss=1.382]
  epoch 1/3:  82%|████████▏ | 72/88 [00:21<00:04,  3.58it/s, loss=1.376]
  epoch 1/3:  83%|████████▎ | 73/88 [00:21<00:04,  3.56it/s, loss=1.376]
  epoch 1/3:  83%|████████▎ | 73/88 [00:21<00:04,  3.56it/s, loss=1.370]
  epoch 1/3:  84%|████████▍ | 74/88 [00:21<00:03,  3.55it/s, loss=1.370]
  epoch 1/3:  84%|████████▍ | 74/88 [00:21<00:03,  3.55it/s, loss=1.366]
  epoch 1/3:  85%|████████▌ | 75/88 [00:21<00:03,  3.54it/s, loss=1.366]
  epoch 1/3:  85%|████████▌ | 75/88 [00:21<00:03,  3.54it/s, loss=1.361]
  epoch 1/3:  86%|████████▋ | 76/88 [00:21<00:03,  3.53it/s, loss=1.361]
  epoch 1/3:  86%|████████▋ | 76/88 [00:22<00:03,  3.53it/s, loss=1.356]
  epoch 1/3:  88%|████████▊ | 77/88 [00:22<00:03,  3.53it/s, loss=1.356]
  epoch 1/3:  88%|████████▊ | 77/88 [00:22<00:03,  3.53it/s, loss=1.351]
  epoch 1/3:  89%|████████▊ | 78/88 [00:22<00:02,  3.53it/s, loss=1.351]
  epoch 1/3:  89%|████████▊ | 78/88 [00:22<00:02,  3.53it/s, loss=1.346]
  epoch 1/3:  90%|████████▉ | 79/88 [00:22<00:02,  3.53it/s, loss=1.346]
  epoch 1/3:  90%|████████▉ | 79/88 [00:23<00:02,  3.53it/s, loss=1.340]
  epoch 1/3:  91%|█████████ | 80/88 [00:23<00:02,  3.48it/s, loss=1.340]
  epoch 1/3:  91%|█████████ | 80/88 [00:23<00:02,  3.48it/s, loss=1.334]
  epoch 1/3:  92%|█████████▏| 81/88 [00:23<00:01,  3.52it/s, loss=1.334]
  epoch 1/3:  92%|█████████▏| 81/88 [00:23<00:01,  3.52it/s, loss=1.331]
  epoch 1/3:  93%|█████████▎| 82/88 [00:23<00:01,  3.54it/s, loss=1.331]
  epoch 1/3:  93%|█████████▎| 82/88 [00:23<00:01,  3.54it/s, loss=1.326]
  epoch 1/3:  94%|█████████▍| 83/88 [00:23<00:01,  3.54it/s, loss=1.326]
  epoch 1/3:  94%|█████████▍| 83/88 [00:24<00:01,  3.54it/s, loss=1.320]
  epoch 1/3:  95%|█████████▌| 84/88 [00:24<00:01,  3.53it/s, loss=1.320]
  epoch 1/3:  95%|█████████▌| 84/88 [00:24<00:01,  3.53it/s, loss=1.315]
  epoch 1/3:  97%|█████████▋| 85/88 [00:24<00:00,  3.53it/s, loss=1.315]
  epoch 1/3:  97%|█████████▋| 85/88 [00:24<00:00,  3.53it/s, loss=1.308]
  epoch 1/3:  98%|█████████▊| 86/88 [00:24<00:00,  3.53it/s, loss=1.308]
  epoch 1/3:  98%|█████████▊| 86/88 [00:24<00:00,  3.53it/s, loss=1.303]
  epoch 1/3:  99%|█████████▉| 87/88 [00:24<00:00,  3.53it/s, loss=1.303]
  epoch 1/3:  99%|█████████▉| 87/88 [00:25<00:00,  3.53it/s, loss=1.302]
  epoch 1/3: 100%|██████████| 88/88 [00:25<00:00,  3.85it/s, loss=1.302]
                                                                        

  epoch 2/3:   0%|          | 0/88 [00:00<?, ?it/s]
  epoch 2/3:   0%|          | 0/88 [00:00<?, ?it/s, loss=0.896]
  epoch 2/3:   1%|          | 1/88 [00:00<00:45,  1.92it/s, loss=0.896]
  epoch 2/3:   1%|          | 1/88 [00:00<00:45,  1.92it/s, loss=0.910]
  epoch 2/3:   2%|▏         | 2/88 [00:00<00:32,  2.63it/s, loss=0.910]
  epoch 2/3:   2%|▏         | 2/88 [00:01<00:32,  2.63it/s, loss=0.896]
  epoch 2/3:   3%|▎         | 3/88 [00:01<00:28,  2.97it/s, loss=0.896]
  epoch 2/3:   3%|▎         | 3/88 [00:01<00:28,  2.97it/s, loss=0.882]
  epoch 2/3:   5%|▍         | 4/88 [00:01<00:26,  3.17it/s, loss=0.882]
  epoch 2/3:   5%|▍         | 4/88 [00:01<00:26,  3.17it/s, loss=0.886]
  epoch 2/3:   6%|▌         | 5/88 [00:01<00:25,  3.29it/s, loss=0.886]
  epoch 2/3:   6%|▌         | 5/88 [00:01<00:25,  3.29it/s, loss=0.871]
  epoch 2/3:   7%|▋         | 6/88 [00:01<00:24,  3.36it/s, loss=0.871]
  epoch 2/3:   7%|▋         | 6/88 [00:02<00:24,  3.36it/s, loss=0.847]
  epoch 2/3:   8%|▊         | 7/88 [00:02<00:23,  3.42it/s, loss=0.847]
  epoch 2/3:   8%|▊         | 7/88 [00:02<00:23,  3.42it/s, loss=0.829]
  epoch 2/3:   9%|▉         | 8/88 [00:02<00:23,  3.40it/s, loss=0.829]
  epoch 2/3:   9%|▉         | 8/88 [00:02<00:23,  3.40it/s, loss=0.834]
  epoch 2/3:  10%|█         | 9/88 [00:02<00:22,  3.44it/s, loss=0.834]
  epoch 2/3:  10%|█         | 9/88 [00:03<00:22,  3.44it/s, loss=0.824]
  epoch 2/3:  11%|█▏        | 10/88 [00:03<00:22,  3.47it/s, loss=0.824]
  epoch 2/3:  11%|█▏        | 10/88 [00:03<00:22,  3.47it/s, loss=0.823]
  epoch 2/3:  12%|█▎        | 11/88 [00:03<00:22,  3.49it/s, loss=0.823]
  epoch 2/3:  12%|█▎        | 11/88 [00:03<00:22,  3.49it/s, loss=0.821]
  epoch 2/3:  14%|█▎        | 12/88 [00:03<00:21,  3.52it/s, loss=0.821]
  epoch 2/3:  14%|█▎        | 12/88 [00:03<00:21,  3.52it/s, loss=0.826]
  epoch 2/3:  15%|█▍        | 13/88 [00:03<00:21,  3.53it/s, loss=0.826]
  epoch 2/3:  15%|█▍        | 13/88 [00:04<00:21,  3.53it/s, loss=0.818]
  epoch 2/3:  16%|█▌        | 14/88 [00:04<00:21,  3.52it/s, loss=0.818]
  epoch 2/3:  16%|█▌        | 14/88 [00:04<00:21,  3.52it/s, loss=0.814]
  epoch 2/3:  17%|█▋        | 15/88 [00:04<00:20,  3.52it/s, loss=0.814]
  epoch 2/3:  17%|█▋        | 15/88 [00:04<00:20,  3.52it/s, loss=0.812]
  epoch 2/3:  18%|█▊        | 16/88 [00:04<00:20,  3.52it/s, loss=0.812]
  epoch 2/3:  18%|█▊        | 16/88 [00:05<00:20,  3.52it/s, loss=0.801]
  epoch 2/3:  19%|█▉        | 17/88 [00:05<00:20,  3.52it/s, loss=0.801]
  epoch 2/3:  19%|█▉        | 17/88 [00:05<00:20,  3.52it/s, loss=0.800]
  epoch 2/3:  20%|██        | 18/88 [00:05<00:19,  3.53it/s, loss=0.800]
  epoch 2/3:  20%|██        | 18/88 [00:05<00:19,  3.53it/s, loss=0.798]
  epoch 2/3:  22%|██▏       | 19/88 [00:05<00:19,  3.53it/s, loss=0.798]
  epoch 2/3:  22%|██▏       | 19/88 [00:05<00:19,  3.53it/s, loss=0.795]
  epoch 2/3:  23%|██▎       | 20/88 [00:05<00:19,  3.53it/s, loss=0.795]
  epoch 2/3:  23%|██▎       | 20/88 [00:06<00:19,  3.53it/s, loss=0.793]
  epoch 2/3:  24%|██▍       | 21/88 [00:06<00:19,  3.51it/s, loss=0.793]
  epoch 2/3:  24%|██▍       | 21/88 [00:06<00:19,  3.51it/s, loss=0.792]
  epoch 2/3:  25%|██▌       | 22/88 [00:06<00:18,  3.52it/s, loss=0.792]
  epoch 2/3:  25%|██▌       | 22/88 [00:06<00:18,  3.52it/s, loss=0.791]
  epoch 2/3:  26%|██▌       | 23/88 [00:06<00:18,  3.51it/s, loss=0.791]
  epoch 2/3:  26%|██▌       | 23/88 [00:07<00:18,  3.51it/s, loss=0.788]
  epoch 2/3:  27%|██▋       | 24/88 [00:07<00:18,  3.48it/s, loss=0.788]
  epoch 2/3:  27%|██▋       | 24/88 [00:07<00:18,  3.48it/s, loss=0.778]
  epoch 2/3:  28%|██▊       | 25/88 [00:07<00:18,  3.48it/s, loss=0.778]
  epoch 2/3:  28%|██▊       | 25/88 [00:07<00:18,  3.48it/s, loss=0.771]
  epoch 2/3:  30%|██▉       | 26/88 [00:07<00:17,  3.49it/s, loss=0.771]
  epoch 2/3:  30%|██▉       | 26/88 [00:07<00:17,  3.49it/s, loss=0.763]
  epoch 2/3:  31%|███       | 27/88 [00:07<00:17,  3.50it/s, loss=0.763]
  epoch 2/3:  31%|███       | 27/88 [00:08<00:17,  3.50it/s, loss=0.758]
  epoch 2/3:  32%|███▏      | 28/88 [00:08<00:17,  3.50it/s, loss=0.758]
  epoch 2/3:  32%|███▏      | 28/88 [00:08<00:17,  3.50it/s, loss=0.755]
  epoch 2/3:  33%|███▎      | 29/88 [00:08<00:16,  3.49it/s, loss=0.755]
  epoch 2/3:  33%|███▎      | 29/88 [00:08<00:16,  3.49it/s, loss=0.751]
  epoch 2/3:  34%|███▍      | 30/88 [00:08<00:16,  3.52it/s, loss=0.751]
  epoch 2/3:  34%|███▍      | 30/88 [00:09<00:16,  3.52it/s, loss=0.750]
  epoch 2/3:  35%|███▌      | 31/88 [00:09<00:16,  3.51it/s, loss=0.750]
  epoch 2/3:  35%|███▌      | 31/88 [00:09<00:16,  3.51it/s, loss=0.742]
  epoch 2/3:  36%|███▋      | 32/88 [00:09<00:15,  3.52it/s, loss=0.742]
  epoch 2/3:  36%|███▋      | 32/88 [00:09<00:15,  3.52it/s, loss=0.738]
  epoch 2/3:  38%|███▊      | 33/88 [00:09<00:15,  3.52it/s, loss=0.738]
  epoch 2/3:  38%|███▊      | 33/88 [00:09<00:15,  3.52it/s, loss=0.734]
  epoch 2/3:  39%|███▊      | 34/88 [00:09<00:15,  3.53it/s, loss=0.734]
  epoch 2/3:  39%|███▊      | 34/88 [00:10<00:15,  3.53it/s, loss=0.729]
  epoch 2/3:  40%|███▉      | 35/88 [00:10<00:15,  3.52it/s, loss=0.729]
  epoch 2/3:  40%|███▉      | 35/88 [00:10<00:15,  3.52it/s, loss=0.727]
  epoch 2/3:  41%|████      | 36/88 [00:10<00:14,  3.52it/s, loss=0.727]
  epoch 2/3:  41%|████      | 36/88 [00:10<00:14,  3.52it/s, loss=0.725]
  epoch 2/3:  42%|████▏     | 37/88 [00:10<00:14,  3.51it/s, loss=0.725]
  epoch 2/3:  42%|████▏     | 37/88 [00:11<00:14,  3.51it/s, loss=0.720]
  epoch 2/3:  43%|████▎     | 38/88 [00:11<00:14,  3.52it/s, loss=0.720]
  epoch 2/3:  43%|████▎     | 38/88 [00:11<00:14,  3.52it/s, loss=0.717]
  epoch 2/3:  44%|████▍     | 39/88 [00:11<00:13,  3.53it/s, loss=0.717]
  epoch 2/3:  44%|████▍     | 39/88 [00:11<00:13,  3.53it/s, loss=0.713]
  epoch 2/3:  45%|████▌     | 40/88 [00:11<00:13,  3.49it/s, loss=0.713]
  epoch 2/3:  45%|████▌     | 40/88 [00:11<00:13,  3.49it/s, loss=0.711]
  epoch 2/3:  47%|████▋     | 41/88 [00:11<00:13,  3.50it/s, loss=0.711]
  epoch 2/3:  47%|████▋     | 41/88 [00:12<00:13,  3.50it/s, loss=0.711]
  epoch 2/3:  48%|████▊     | 42/88 [00:12<00:13,  3.50it/s, loss=0.711]
  epoch 2/3:  48%|████▊     | 42/88 [00:12<00:13,  3.50it/s, loss=0.711]
  epoch 2/3:  49%|████▉     | 43/88 [00:12<00:12,  3.50it/s, loss=0.711]
  epoch 2/3:  49%|████▉     | 43/88 [00:12<00:12,  3.50it/s, loss=0.708]
  epoch 2/3:  50%|█████     | 44/88 [00:12<00:12,  3.52it/s, loss=0.708]
  epoch 2/3:  50%|█████     | 44/88 [00:13<00:12,  3.52it/s, loss=0.708]
  epoch 2/3:  51%|█████     | 45/88 [00:13<00:12,  3.53it/s, loss=0.708]
  epoch 2/3:  51%|█████     | 45/88 [00:13<00:12,  3.53it/s, loss=0.706]
  epoch 2/3:  52%|█████▏    | 46/88 [00:13<00:11,  3.53it/s, loss=0.706]
  epoch 2/3:  52%|█████▏    | 46/88 [00:13<00:11,  3.53it/s, loss=0.703]
  epoch 2/3:  53%|█████▎    | 47/88 [00:13<00:11,  3.53it/s, loss=0.703]
  epoch 2/3:  53%|█████▎    | 47/88 [00:13<00:11,  3.53it/s, loss=0.700]
  epoch 2/3:  55%|█████▍    | 48/88 [00:13<00:11,  3.52it/s, loss=0.700]
  epoch 2/3:  55%|█████▍    | 48/88 [00:14<00:11,  3.52it/s, loss=0.697]
  epoch 2/3:  56%|█████▌    | 49/88 [00:14<00:10,  3.55it/s, loss=0.697]
  epoch 2/3:  56%|█████▌    | 49/88 [00:14<00:10,  3.55it/s, loss=0.696]
  epoch 2/3:  57%|█████▋    | 50/88 [00:14<00:10,  3.56it/s, loss=0.696]
  epoch 2/3:  57%|█████▋    | 50/88 [00:14<00:10,  3.56it/s, loss=0.693]
  epoch 2/3:  58%|█████▊    | 51/88 [00:14<00:10,  3.55it/s, loss=0.693]
  epoch 2/3:  58%|█████▊    | 51/88 [00:15<00:10,  3.55it/s, loss=0.691]
  epoch 2/3:  59%|█████▉    | 52/88 [00:15<00:10,  3.55it/s, loss=0.691]
  epoch 2/3:  59%|█████▉    | 52/88 [00:15<00:10,  3.55it/s, loss=0.690]
  epoch 2/3:  60%|██████    | 53/88 [00:15<00:09,  3.54it/s, loss=0.690]
  epoch 2/3:  60%|██████    | 53/88 [00:15<00:09,  3.54it/s, loss=0.688]
  epoch 2/3:  61%|██████▏   | 54/88 [00:15<00:09,  3.54it/s, loss=0.688]
  epoch 2/3:  61%|██████▏   | 54/88 [00:15<00:09,  3.54it/s, loss=0.683]
  epoch 2/3:  62%|██████▎   | 55/88 [00:15<00:09,  3.55it/s, loss=0.683]
  epoch 2/3:  62%|██████▎   | 55/88 [00:16<00:09,  3.55it/s, loss=0.680]
  epoch 2/3:  64%|██████▎   | 56/88 [00:16<00:09,  3.51it/s, loss=0.680]
  epoch 2/3:  64%|██████▎   | 56/88 [00:16<00:09,  3.51it/s, loss=0.679]
  epoch 2/3:  65%|██████▍   | 57/88 [00:16<00:08,  3.54it/s, loss=0.679]
  epoch 2/3:  65%|██████▍   | 57/88 [00:16<00:08,  3.54it/s, loss=0.675]
  epoch 2/3:  66%|██████▌   | 58/88 [00:16<00:08,  3.55it/s, loss=0.675]
  epoch 2/3:  66%|██████▌   | 58/88 [00:16<00:08,  3.55it/s, loss=0.674]
  epoch 2/3:  67%|██████▋   | 59/88 [00:16<00:08,  3.58it/s, loss=0.674]
  epoch 2/3:  67%|██████▋   | 59/88 [00:17<00:08,  3.58it/s, loss=0.673]
  epoch 2/3:  68%|██████▊   | 60/88 [00:17<00:07,  3.57it/s, loss=0.673]
  epoch 2/3:  68%|██████▊   | 60/88 [00:17<00:07,  3.57it/s, loss=0.670]
  epoch 2/3:  69%|██████▉   | 61/88 [00:17<00:07,  3.56it/s, loss=0.670]
  epoch 2/3:  69%|██████▉   | 61/88 [00:17<00:07,  3.56it/s, loss=0.667]
  epoch 2/3:  70%|███████   | 62/88 [00:17<00:07,  3.57it/s, loss=0.667]
  epoch 2/3:  70%|███████   | 62/88 [00:18<00:07,  3.57it/s, loss=0.664]
  epoch 2/3:  72%|███████▏  | 63/88 [00:18<00:06,  3.60it/s, loss=0.664]
  epoch 2/3:  72%|███████▏  | 63/88 [00:18<00:06,  3.60it/s, loss=0.660]
  epoch 2/3:  73%|███████▎  | 64/88 [00:18<00:06,  3.59it/s, loss=0.660]
  epoch 2/3:  73%|███████▎  | 64/88 [00:18<00:06,  3.59it/s, loss=0.655]
  epoch 2/3:  74%|███████▍  | 65/88 [00:18<00:06,  3.59it/s, loss=0.655]
  epoch 2/3:  74%|███████▍  | 65/88 [00:18<00:06,  3.59it/s, loss=0.653]
  epoch 2/3:  75%|███████▌  | 66/88 [00:18<00:06,  3.61it/s, loss=0.653]
  epoch 2/3:  75%|███████▌  | 66/88 [00:19<00:06,  3.61it/s, loss=0.650]
  epoch 2/3:  76%|███████▌  | 67/88 [00:19<00:05,  3.59it/s, loss=0.650]
  epoch 2/3:  76%|███████▌  | 67/88 [00:19<00:05,  3.59it/s, loss=0.647]
  epoch 2/3:  77%|███████▋  | 68/88 [00:19<00:05,  3.59it/s, loss=0.647]
  epoch 2/3:  77%|███████▋  | 68/88 [00:19<00:05,  3.59it/s, loss=0.645]
  epoch 2/3:  78%|███████▊  | 69/88 [00:19<00:05,  3.62it/s, loss=0.645]
  epoch 2/3:  78%|███████▊  | 69/88 [00:20<00:05,  3.62it/s, loss=0.641]
  epoch 2/3:  80%|███████▉  | 70/88 [00:20<00:04,  3.62it/s, loss=0.641]
  epoch 2/3:  80%|███████▉  | 70/88 [00:20<00:04,  3.62it/s, loss=0.637]
  epoch 2/3:  81%|████████  | 71/88 [00:20<00:04,  3.63it/s, loss=0.637]
  epoch 2/3:  81%|████████  | 71/88 [00:20<00:04,  3.63it/s, loss=0.634]
  epoch 2/3:  82%|████████▏ | 72/88 [00:20<00:04,  3.57it/s, loss=0.634]
  epoch 2/3:  82%|████████▏ | 72/88 [00:20<00:04,  3.57it/s, loss=0.633]
  epoch 2/3:  83%|████████▎ | 73/88 [00:20<00:04,  3.60it/s, loss=0.633]
  epoch 2/3:  83%|████████▎ | 73/88 [00:21<00:04,  3.60it/s, loss=0.632]
  epoch 2/3:  84%|████████▍ | 74/88 [00:21<00:03,  3.61it/s, loss=0.632]
  epoch 2/3:  84%|████████▍ | 74/88 [00:21<00:03,  3.61it/s, loss=0.630]
  epoch 2/3:  85%|████████▌ | 75/88 [00:21<00:03,  3.62it/s, loss=0.630]
  epoch 2/3:  85%|████████▌ | 75/88 [00:21<00:03,  3.62it/s, loss=0.626]
  epoch 2/3:  86%|████████▋ | 76/88 [00:21<00:03,  3.61it/s, loss=0.626]
  epoch 2/3:  86%|████████▋ | 76/88 [00:21<00:03,  3.61it/s, loss=0.624]
  epoch 2/3:  88%|████████▊ | 77/88 [00:21<00:03,  3.62it/s, loss=0.624]
  epoch 2/3:  88%|████████▊ | 77/88 [00:22<00:03,  3.62it/s, loss=0.621]
  epoch 2/3:  89%|████████▊ | 78/88 [00:22<00:02,  3.63it/s, loss=0.621]
  epoch 2/3:  89%|████████▊ | 78/88 [00:22<00:02,  3.63it/s, loss=0.619]
  epoch 2/3:  90%|████████▉ | 79/88 [00:22<00:02,  3.63it/s, loss=0.619]
  epoch 2/3:  90%|████████▉ | 79/88 [00:22<00:02,  3.63it/s, loss=0.616]
  epoch 2/3:  91%|█████████ | 80/88 [00:22<00:02,  3.65it/s, loss=0.616]
  epoch 2/3:  91%|█████████ | 80/88 [00:23<00:02,  3.65it/s, loss=0.614]
  epoch 2/3:  92%|█████████▏| 81/88 [00:23<00:01,  3.65it/s, loss=0.614]
  epoch 2/3:  92%|█████████▏| 81/88 [00:23<00:01,  3.65it/s, loss=0.611]
  epoch 2/3:  93%|█████████▎| 82/88 [00:23<00:01,  3.64it/s, loss=0.611]
  epoch 2/3:  93%|█████████▎| 82/88 [00:23<00:01,  3.64it/s, loss=0.608]
  epoch 2/3:  94%|█████████▍| 83/88 [00:23<00:01,  3.64it/s, loss=0.608]
  epoch 2/3:  94%|█████████▍| 83/88 [00:23<00:01,  3.64it/s, loss=0.605]
  epoch 2/3:  95%|█████████▌| 84/88 [00:23<00:01,  3.65it/s, loss=0.605]
  epoch 2/3:  95%|█████████▌| 84/88 [00:24<00:01,  3.65it/s, loss=0.602]
  epoch 2/3:  97%|█████████▋| 85/88 [00:24<00:00,  3.66it/s, loss=0.602]
  epoch 2/3:  97%|█████████▋| 85/88 [00:24<00:00,  3.66it/s, loss=0.599]
  epoch 2/3:  98%|█████████▊| 86/88 [00:24<00:00,  3.65it/s, loss=0.599]
  epoch 2/3:  98%|█████████▊| 86/88 [00:24<00:00,  3.65it/s, loss=0.596]
  epoch 2/3:  99%|█████████▉| 87/88 [00:24<00:00,  3.65it/s, loss=0.596]
  epoch 2/3:  99%|█████████▉| 87/88 [00:24<00:00,  3.65it/s, loss=0.596]
  epoch 2/3: 100%|██████████| 88/88 [00:24<00:00,  3.92it/s, loss=0.596]
                                                                        

  epoch 3/3:   0%|          | 0/88 [00:00<?, ?it/s]
  epoch 3/3:   0%|          | 0/88 [00:00<?, ?it/s, loss=0.317]
  epoch 3/3:   1%|          | 1/88 [00:00<00:44,  1.97it/s, loss=0.317]
  epoch 3/3:   1%|          | 1/88 [00:00<00:44,  1.97it/s, loss=0.352]
  epoch 3/3:   2%|▏         | 2/88 [00:00<00:31,  2.70it/s, loss=0.352]
  epoch 3/3:   2%|▏         | 2/88 [00:01<00:31,  2.70it/s, loss=0.341]
  epoch 3/3:   3%|▎         | 3/88 [00:01<00:27,  3.07it/s, loss=0.341]
  epoch 3/3:   3%|▎         | 3/88 [00:01<00:27,  3.07it/s, loss=0.348]
  epoch 3/3:   5%|▍         | 4/88 [00:01<00:25,  3.30it/s, loss=0.348]
  epoch 3/3:   5%|▍         | 4/88 [00:01<00:25,  3.30it/s, loss=0.361]
  epoch 3/3:   6%|▌         | 5/88 [00:01<00:24,  3.44it/s, loss=0.361]
  epoch 3/3:   6%|▌         | 5/88 [00:01<00:24,  3.44it/s, loss=0.370]
  epoch 3/3:   7%|▋         | 6/88 [00:01<00:23,  3.53it/s, loss=0.370]
  epoch 3/3:   7%|▋         | 6/88 [00:02<00:23,  3.53it/s, loss=0.371]
  epoch 3/3:   8%|▊         | 7/88 [00:02<00:22,  3.58it/s, loss=0.371]
  epoch 3/3:   8%|▊         | 7/88 [00:02<00:22,  3.58it/s, loss=0.368]
  epoch 3/3:   9%|▉         | 8/88 [00:02<00:22,  3.61it/s, loss=0.368]
  epoch 3/3:   9%|▉         | 8/88 [00:02<00:22,  3.61it/s, loss=0.372]
  epoch 3/3:  10%|█         | 9/88 [00:02<00:21,  3.64it/s, loss=0.372]
  epoch 3/3:  10%|█         | 9/88 [00:02<00:21,  3.64it/s, loss=0.374]
  epoch 3/3:  11%|█▏        | 10/88 [00:02<00:21,  3.64it/s, loss=0.374]
  epoch 3/3:  11%|█▏        | 10/88 [00:03<00:21,  3.64it/s, loss=0.369]
  epoch 3/3:  12%|█▎        | 11/88 [00:03<00:20,  3.68it/s, loss=0.369]
  epoch 3/3:  12%|█▎        | 11/88 [00:03<00:20,  3.68it/s, loss=0.386]
  epoch 3/3:  14%|█▎        | 12/88 [00:03<00:20,  3.68it/s, loss=0.386]
  epoch 3/3:  14%|█▎        | 12/88 [00:03<00:20,  3.68it/s, loss=0.381]
  epoch 3/3:  15%|█▍        | 13/88 [00:03<00:20,  3.68it/s, loss=0.381]
  epoch 3/3:  15%|█▍        | 13/88 [00:04<00:20,  3.68it/s, loss=0.376]
  epoch 3/3:  16%|█▌        | 14/88 [00:04<00:19,  3.70it/s, loss=0.376]
  epoch 3/3:  16%|█▌        | 14/88 [00:04<00:19,  3.70it/s, loss=0.369]
  epoch 3/3:  17%|█▋        | 15/88 [00:04<00:19,  3.71it/s, loss=0.369]
  epoch 3/3:  17%|█▋        | 15/88 [00:04<00:19,  3.71it/s, loss=0.375]
  epoch 3/3:  18%|█▊        | 16/88 [00:04<00:19,  3.65it/s, loss=0.375]
  epoch 3/3:  18%|█▊        | 16/88 [00:04<00:19,  3.65it/s, loss=0.376]
  epoch 3/3:  19%|█▉        | 17/88 [00:04<00:19,  3.68it/s, loss=0.376]
  epoch 3/3:  19%|█▉        | 17/88 [00:05<00:19,  3.68it/s, loss=0.371]
  epoch 3/3:  20%|██        | 18/88 [00:05<00:18,  3.68it/s, loss=0.371]
  epoch 3/3:  20%|██        | 18/88 [00:05<00:18,  3.68it/s, loss=0.367]
  epoch 3/3:  22%|██▏       | 19/88 [00:05<00:18,  3.69it/s, loss=0.367]
  epoch 3/3:  22%|██▏       | 19/88 [00:05<00:18,  3.69it/s, loss=0.368]
  epoch 3/3:  23%|██▎       | 20/88 [00:05<00:18,  3.69it/s, loss=0.368]
  epoch 3/3:  23%|██▎       | 20/88 [00:05<00:18,  3.69it/s, loss=0.363]
  epoch 3/3:  24%|██▍       | 21/88 [00:05<00:18,  3.67it/s, loss=0.363]
  epoch 3/3:  24%|██▍       | 21/88 [00:06<00:18,  3.67it/s, loss=0.360]
  epoch 3/3:  25%|██▌       | 22/88 [00:06<00:17,  3.67it/s, loss=0.360]
  epoch 3/3:  25%|██▌       | 22/88 [00:06<00:17,  3.67it/s, loss=0.364]
  epoch 3/3:  26%|██▌       | 23/88 [00:06<00:17,  3.68it/s, loss=0.364]
  epoch 3/3:  26%|██▌       | 23/88 [00:06<00:17,  3.68it/s, loss=0.363]
  epoch 3/3:  27%|██▋       | 24/88 [00:06<00:17,  3.70it/s, loss=0.363]
  epoch 3/3:  27%|██▋       | 24/88 [00:07<00:17,  3.70it/s, loss=0.360]
  epoch 3/3:  28%|██▊       | 25/88 [00:07<00:16,  3.71it/s, loss=0.360]
  epoch 3/3:  28%|██▊       | 25/88 [00:07<00:16,  3.71it/s, loss=0.361]
  epoch 3/3:  30%|██▉       | 26/88 [00:07<00:16,  3.71it/s, loss=0.361]
  epoch 3/3:  30%|██▉       | 26/88 [00:07<00:16,  3.71it/s, loss=0.357]
  epoch 3/3:  31%|███       | 27/88 [00:07<00:16,  3.71it/s, loss=0.357]
  epoch 3/3:  31%|███       | 27/88 [00:07<00:16,  3.71it/s, loss=0.358]
  epoch 3/3:  32%|███▏      | 28/88 [00:07<00:16,  3.72it/s, loss=0.358]
  epoch 3/3:  32%|███▏      | 28/88 [00:08<00:16,  3.72it/s, loss=0.355]
  epoch 3/3:  33%|███▎      | 29/88 [00:08<00:15,  3.71it/s, loss=0.355]
  epoch 3/3:  33%|███▎      | 29/88 [00:08<00:15,  3.71it/s, loss=0.351]
  epoch 3/3:  34%|███▍      | 30/88 [00:08<00:15,  3.71it/s, loss=0.351]
  epoch 3/3:  34%|███▍      | 30/88 [00:08<00:15,  3.71it/s, loss=0.349]
  epoch 3/3:  35%|███▌      | 31/88 [00:08<00:15,  3.71it/s, loss=0.349]
  epoch 3/3:  35%|███▌      | 31/88 [00:08<00:15,  3.71it/s, loss=0.351]
  epoch 3/3:  36%|███▋      | 32/88 [00:08<00:15,  3.67it/s, loss=0.351]
  epoch 3/3:  36%|███▋      | 32/88 [00:09<00:15,  3.67it/s, loss=0.346]
  epoch 3/3:  38%|███▊      | 33/88 [00:09<00:14,  3.68it/s, loss=0.346]
  epoch 3/3:  38%|███▊      | 33/88 [00:09<00:14,  3.68it/s, loss=0.344]
  epoch 3/3:  39%|███▊      | 34/88 [00:09<00:14,  3.71it/s, loss=0.344]
  epoch 3/3:  39%|███▊      | 34/88 [00:09<00:14,  3.71it/s, loss=0.343]
  epoch 3/3:  40%|███▉      | 35/88 [00:09<00:14,  3.73it/s, loss=0.343]
  epoch 3/3:  40%|███▉      | 35/88 [00:09<00:14,  3.73it/s, loss=0.341]
  epoch 3/3:  41%|████      | 36/88 [00:09<00:13,  3.73it/s, loss=0.341]
  epoch 3/3:  41%|████      | 36/88 [00:10<00:13,  3.73it/s, loss=0.337]
  epoch 3/3:  42%|████▏     | 37/88 [00:10<00:13,  3.74it/s, loss=0.337]
  epoch 3/3:  42%|████▏     | 37/88 [00:10<00:13,  3.74it/s, loss=0.336]
  epoch 3/3:  43%|████▎     | 38/88 [00:10<00:13,  3.74it/s, loss=0.336]
  epoch 3/3:  43%|████▎     | 38/88 [00:10<00:13,  3.74it/s, loss=0.333]
  epoch 3/3:  44%|████▍     | 39/88 [00:10<00:13,  3.74it/s, loss=0.333]
  epoch 3/3:  44%|████▍     | 39/88 [00:11<00:13,  3.74it/s, loss=0.332]
  epoch 3/3:  45%|████▌     | 40/88 [00:11<00:12,  3.75it/s, loss=0.332]
  epoch 3/3:  45%|████▌     | 40/88 [00:11<00:12,  3.75it/s, loss=0.335]
  epoch 3/3:  47%|████▋     | 41/88 [00:11<00:12,  3.75it/s, loss=0.335]
  epoch 3/3:  47%|████▋     | 41/88 [00:11<00:12,  3.75it/s, loss=0.335]
  epoch 3/3:  48%|████▊     | 42/88 [00:11<00:12,  3.77it/s, loss=0.335]
  epoch 3/3:  48%|████▊     | 42/88 [00:11<00:12,  3.77it/s, loss=0.333]
  epoch 3/3:  49%|████▉     | 43/88 [00:11<00:11,  3.77it/s, loss=0.333]
  epoch 3/3:  49%|████▉     | 43/88 [00:12<00:11,  3.77it/s, loss=0.331]
  epoch 3/3:  50%|█████     | 44/88 [00:12<00:11,  3.76it/s, loss=0.331]
  epoch 3/3:  50%|█████     | 44/88 [00:12<00:11,  3.76it/s, loss=0.330]
  epoch 3/3:  51%|█████     | 45/88 [00:12<00:11,  3.76it/s, loss=0.330]
  epoch 3/3:  51%|█████     | 45/88 [00:12<00:11,  3.76it/s, loss=0.327]
  epoch 3/3:  52%|█████▏    | 46/88 [00:12<00:11,  3.74it/s, loss=0.327]
  epoch 3/3:  52%|█████▏    | 46/88 [00:12<00:11,  3.74it/s, loss=0.328]
  epoch 3/3:  53%|█████▎    | 47/88 [00:12<00:10,  3.75it/s, loss=0.328]
  epoch 3/3:  53%|█████▎    | 47/88 [00:13<00:10,  3.75it/s, loss=0.331]
  epoch 3/3:  55%|█████▍    | 48/88 [00:13<00:10,  3.72it/s, loss=0.331]
  epoch 3/3:  55%|█████▍    | 48/88 [00:13<00:10,  3.72it/s, loss=0.333]
  epoch 3/3:  56%|█████▌    | 49/88 [00:13<00:10,  3.73it/s, loss=0.333]
  epoch 3/3:  56%|█████▌    | 49/88 [00:13<00:10,  3.73it/s, loss=0.333]
  epoch 3/3:  57%|█████▋    | 50/88 [00:13<00:10,  3.73it/s, loss=0.333]
  epoch 3/3:  57%|█████▋    | 50/88 [00:13<00:10,  3.73it/s, loss=0.334]
  epoch 3/3:  58%|█████▊    | 51/88 [00:13<00:09,  3.74it/s, loss=0.334]
  epoch 3/3:  58%|█████▊    | 51/88 [00:14<00:09,  3.74it/s, loss=0.334]
  epoch 3/3:  59%|█████▉    | 52/88 [00:14<00:09,  3.76it/s, loss=0.334]
  epoch 3/3:  59%|█████▉    | 52/88 [00:14<00:09,  3.76it/s, loss=0.333]
  epoch 3/3:  60%|██████    | 53/88 [00:14<00:09,  3.77it/s, loss=0.333]
  epoch 3/3:  60%|██████    | 53/88 [00:14<00:09,  3.77it/s, loss=0.331]
  epoch 3/3:  61%|██████▏   | 54/88 [00:14<00:08,  3.78it/s, loss=0.331]
  epoch 3/3:  61%|██████▏   | 54/88 [00:15<00:08,  3.78it/s, loss=0.330]
  epoch 3/3:  62%|██████▎   | 55/88 [00:15<00:08,  3.78it/s, loss=0.330]
  epoch 3/3:  62%|██████▎   | 55/88 [00:15<00:08,  3.78it/s, loss=0.329]
  epoch 3/3:  64%|██████▎   | 56/88 [00:15<00:08,  3.78it/s, loss=0.329]
  epoch 3/3:  64%|██████▎   | 56/88 [00:15<00:08,  3.78it/s, loss=0.328]
  epoch 3/3:  65%|██████▍   | 57/88 [00:15<00:08,  3.79it/s, loss=0.328]
  epoch 3/3:  65%|██████▍   | 57/88 [00:15<00:08,  3.79it/s, loss=0.326]
  epoch 3/3:  66%|██████▌   | 58/88 [00:15<00:07,  3.80it/s, loss=0.326]
  epoch 3/3:  66%|██████▌   | 58/88 [00:16<00:07,  3.80it/s, loss=0.325]
  epoch 3/3:  67%|██████▋   | 59/88 [00:16<00:07,  3.80it/s, loss=0.325]
  epoch 3/3:  67%|██████▋   | 59/88 [00:16<00:07,  3.80it/s, loss=0.325]
  epoch 3/3:  68%|██████▊   | 60/88 [00:16<00:07,  3.79it/s, loss=0.325]
  epoch 3/3:  68%|██████▊   | 60/88 [00:16<00:07,  3.79it/s, loss=0.325]
  epoch 3/3:  69%|██████▉   | 61/88 [00:16<00:07,  3.80it/s, loss=0.325]
  epoch 3/3:  69%|██████▉   | 61/88 [00:16<00:07,  3.80it/s, loss=0.323]
  epoch 3/3:  70%|███████   | 62/88 [00:16<00:06,  3.80it/s, loss=0.323]
  epoch 3/3:  70%|███████   | 62/88 [00:17<00:06,  3.80it/s, loss=0.321]
  epoch 3/3:  72%|███████▏  | 63/88 [00:17<00:06,  3.80it/s, loss=0.321]
  epoch 3/3:  72%|███████▏  | 63/88 [00:17<00:06,  3.80it/s, loss=0.319]
  epoch 3/3:  73%|███████▎  | 64/88 [00:17<00:06,  3.74it/s, loss=0.319]
  epoch 3/3:  73%|███████▎  | 64/88 [00:17<00:06,  3.74it/s, loss=0.319]
  epoch 3/3:  74%|███████▍  | 65/88 [00:17<00:06,  3.74it/s, loss=0.319]
  epoch 3/3:  74%|███████▍  | 65/88 [00:17<00:06,  3.74it/s, loss=0.317]
  epoch 3/3:  75%|███████▌  | 66/88 [00:17<00:05,  3.74it/s, loss=0.317]
  epoch 3/3:  75%|███████▌  | 66/88 [00:18<00:05,  3.74it/s, loss=0.315]
  epoch 3/3:  76%|███████▌  | 67/88 [00:18<00:05,  3.76it/s, loss=0.315]
  epoch 3/3:  76%|███████▌  | 67/88 [00:18<00:05,  3.76it/s, loss=0.315]
  epoch 3/3:  77%|███████▋  | 68/88 [00:18<00:05,  3.77it/s, loss=0.315]
  epoch 3/3:  77%|███████▋  | 68/88 [00:18<00:05,  3.77it/s, loss=0.314]
  epoch 3/3:  78%|███████▊  | 69/88 [00:18<00:05,  3.77it/s, loss=0.314]
  epoch 3/3:  78%|███████▊  | 69/88 [00:18<00:05,  3.77it/s, loss=0.314]
  epoch 3/3:  80%|███████▉  | 70/88 [00:18<00:04,  3.78it/s, loss=0.314]
  epoch 3/3:  80%|███████▉  | 70/88 [00:19<00:04,  3.78it/s, loss=0.312]
  epoch 3/3:  81%|████████  | 71/88 [00:19<00:04,  3.79it/s, loss=0.312]
  epoch 3/3:  81%|████████  | 71/88 [00:19<00:04,  3.79it/s, loss=0.312]
  epoch 3/3:  82%|████████▏ | 72/88 [00:19<00:04,  3.79it/s, loss=0.312]
  epoch 3/3:  82%|████████▏ | 72/88 [00:19<00:04,  3.79it/s, loss=0.310]
  epoch 3/3:  83%|████████▎ | 73/88 [00:19<00:03,  3.80it/s, loss=0.310]
  epoch 3/3:  83%|████████▎ | 73/88 [00:20<00:03,  3.80it/s, loss=0.308]
  epoch 3/3:  84%|████████▍ | 74/88 [00:20<00:03,  3.80it/s, loss=0.308]
  epoch 3/3:  84%|████████▍ | 74/88 [00:20<00:03,  3.80it/s, loss=0.308]
  epoch 3/3:  85%|████████▌ | 75/88 [00:20<00:03,  3.80it/s, loss=0.308]
  epoch 3/3:  85%|████████▌ | 75/88 [00:20<00:03,  3.80it/s, loss=0.306]
  epoch 3/3:  86%|████████▋ | 76/88 [00:20<00:03,  3.79it/s, loss=0.306]
  epoch 3/3:  86%|████████▋ | 76/88 [00:20<00:03,  3.79it/s, loss=0.304]
  epoch 3/3:  88%|████████▊ | 77/88 [00:20<00:02,  3.80it/s, loss=0.304]
  epoch 3/3:  88%|████████▊ | 77/88 [00:21<00:02,  3.80it/s, loss=0.304]
  epoch 3/3:  89%|████████▊ | 78/88 [00:21<00:02,  3.80it/s, loss=0.304]
  epoch 3/3:  89%|████████▊ | 78/88 [00:21<00:02,  3.80it/s, loss=0.304]
  epoch 3/3:  90%|████████▉ | 79/88 [00:21<00:02,  3.80it/s, loss=0.304]
  epoch 3/3:  90%|████████▉ | 79/88 [00:21<00:02,  3.80it/s, loss=0.304]
  epoch 3/3:  91%|█████████ | 80/88 [00:21<00:02,  3.74it/s, loss=0.304]
  epoch 3/3:  91%|█████████ | 80/88 [00:21<00:02,  3.74it/s, loss=0.303]
  epoch 3/3:  92%|█████████▏| 81/88 [00:21<00:01,  3.77it/s, loss=0.303]
  epoch 3/3:  92%|█████████▏| 81/88 [00:22<00:01,  3.77it/s, loss=0.300]
  epoch 3/3:  93%|█████████▎| 82/88 [00:22<00:01,  3.75it/s, loss=0.300]
  epoch 3/3:  93%|█████████▎| 82/88 [00:22<00:01,  3.75it/s, loss=0.300]
  epoch 3/3:  94%|█████████▍| 83/88 [00:22<00:01,  3.76it/s, loss=0.300]
  epoch 3/3:  94%|█████████▍| 83/88 [00:22<00:01,  3.76it/s, loss=0.299]
  epoch 3/3:  95%|█████████▌| 84/88 [00:22<00:01,  3.77it/s, loss=0.299]
  epoch 3/3:  95%|█████████▌| 84/88 [00:22<00:01,  3.77it/s, loss=0.300]
  epoch 3/3:  97%|█████████▋| 85/88 [00:22<00:00,  3.78it/s, loss=0.300]
  epoch 3/3:  97%|█████████▋| 85/88 [00:23<00:00,  3.78it/s, loss=0.301]
  epoch 3/3:  98%|█████████▊| 86/88 [00:23<00:00,  3.78it/s, loss=0.301]
  epoch 3/3:  98%|█████████▊| 86/88 [00:23<00:00,  3.78it/s, loss=0.300]
  epoch 3/3:  99%|█████████▉| 87/88 [00:23<00:00,  3.78it/s, loss=0.300]
  epoch 3/3:  99%|█████████▉| 87/88 [00:23<00:00,  3.78it/s, loss=0.299]
  epoch 3/3: 100%|██████████| 88/88 [00:23<00:00,  4.12it/s, loss=0.299]
                                                                        
[titans] reset=never | norm(state) sau task = 120.4526
[titans]   self-mod v:β=1.13 |W|=0.70
[titans]   eta_t(avg)=-1.1584  alpha_t/forget-gate(avg)=0.9012
[task 0] test acc so far: 0.929
[task 0] NCM-online acc so far: 0.863
[task 0] NCM-posthoc acc so far: 0.863
[checkpoint] đã lưu tiến độ sau task 0
[task 1] classes=[11, 12, 15, 23, 25] | train=2800

  epoch 1/3:   0%|          | 0/88 [00:00<?, ?it/s]
  epoch 1/3:   0%|          | 0/88 [00:00<?, ?it/s, loss=1.560]
  epoch 1/3:   1%|          | 1/88 [00:00<00:45,  1.91it/s, loss=1.560]
  epoch 1/3:   1%|          | 1/88 [00:00<00:45,  1.91it/s, loss=1.540]
  epoch 1/3:   2%|▏         | 2/88 [00:00<00:31,  2.69it/s, loss=1.540]
  epoch 1/3:   2%|▏         | 2/88 [00:01<00:31,  2.69it/s, loss=1.540]
  epoch 1/3:   3%|▎         | 3/88 [00:01<00:27,  3.07it/s, loss=1.540]
  epoch 1/3:   3%|▎         | 3/88 [00:01<00:27,  3.07it/s, loss=1.544]
  epoch 1/3:   5%|▍         | 4/88 [00:01<00:25,  3.32it/s, loss=1.544]
  epoch 1/3:   5%|▍         | 4/88 [00:01<00:25,  3.32it/s, loss=1.535]
  epoch 1/3:   6%|▌         | 5/88 [00:01<00:24,  3.44it/s, loss=1.535]
  epoch 1/3:   6%|▌         | 5/88 [00:01<00:24,  3.44it/s, loss=1.512]
  epoch 1/3:   7%|▋         | 6/88 [00:01<00:23,  3.54it/s, loss=1.512]
  epoch 1/3:   7%|▋         | 6/88 [00:02<00:23,  3.54it/s, loss=1.482]
  epoch 1/3:   8%|▊         | 7/88 [00:02<00:22,  3.59it/s, loss=1.482]
  epoch 1/3:   8%|▊         | 7/88 [00:02<00:22,  3.59it/s, loss=1.481]
  epoch 1/3:   9%|▉         | 8/88 [00:02<00:22,  3.58it/s, loss=1.481]
  epoch 1/3:   9%|▉         | 8/88 [00:02<00:22,  3.58it/s, loss=1.458]
  epoch 1/3:  10%|█         | 9/88 [00:02<00:21,  3.62it/s, loss=1.458]
  epoch 1/3:  10%|█         | 9/88 [00:02<00:21,  3.62it/s, loss=1.461]
  epoch 1/3:  11%|█▏        | 10/88 [00:02<00:21,  3.64it/s, loss=1.461]
  epoch 1/3:  11%|█▏        | 10/88 [00:03<00:21,  3.64it/s, loss=1.464]
  epoch 1/3:  12%|█▎        | 11/88 [00:03<00:21,  3.66it/s, loss=1.464]
  epoch 1/3:  12%|█▎        | 11/88 [00:03<00:21,  3.66it/s, loss=1.440]
  epoch 1/3:  14%|█▎        | 12/88 [00:03<00:20,  3.67it/s, loss=1.440]
  epoch 1/3:  14%|█▎        | 12/88 [00:03<00:20,  3.67it/s, loss=1.441]
  epoch 1/3:  15%|█▍        | 13/88 [00:03<00:20,  3.68it/s, loss=1.441]
  epoch 1/3:  15%|█▍        | 13/88 [00:04<00:20,  3.68it/s, loss=1.432]
  epoch 1/3:  16%|█▌        | 14/88 [00:04<00:20,  3.69it/s, loss=1.432]
  epoch 1/3:  16%|█▌        | 14/88 [00:04<00:20,  3.69it/s, loss=1.425]
  epoch 1/3:  17%|█▋        | 15/88 [00:04<00:19,  3.69it/s, loss=1.425]
  epoch 1/3:  17%|█▋        | 15/88 [00:04<00:19,  3.69it/s, loss=1.414]
  epoch 1/3:  18%|█▊        | 16/88 [00:04<00:19,  3.70it/s, loss=1.414]
  epoch 1/3:  18%|█▊        | 16/88 [00:04<00:19,  3.70it/s, loss=1.412]
  epoch 1/3:  19%|█▉        | 17/88 [00:04<00:19,  3.71it/s, loss=1.412]
  epoch 1/3:  19%|█▉        | 17/88 [00:05<00:19,  3.71it/s, loss=1.409]
  epoch 1/3:  20%|██        | 18/88 [00:05<00:18,  3.72it/s, loss=1.409]
  epoch 1/3:  20%|██        | 18/88 [00:05<00:18,  3.72it/s, loss=1.399]
  epoch 1/3:  22%|██▏       | 19/88 [00:05<00:18,  3.71it/s, loss=1.399]
  epoch 1/3:  22%|██▏       | 19/88 [00:05<00:18,  3.71it/s, loss=1.385]
  epoch 1/3:  23%|██▎       | 20/88 [00:05<00:18,  3.72it/s, loss=1.385]
  epoch 1/3:  23%|██▎       | 20/88 [00:05<00:18,  3.72it/s, loss=1.380]
  epoch 1/3:  24%|██▍       | 21/88 [00:05<00:18,  3.72it/s, loss=1.380]
  epoch 1/3:  24%|██▍       | 21/88 [00:06<00:18,  3.72it/s, loss=1.378]
  epoch 1/3:  25%|██▌       | 22/88 [00:06<00:17,  3.73it/s, loss=1.378]
  epoch 1/3:  25%|██▌       | 22/88 [00:06<00:17,  3.73it/s, loss=1.375]
  epoch 1/3:  26%|██▌       | 23/88 [00:06<00:17,  3.71it/s, loss=1.375]
  epoch 1/3:  26%|██▌       | 23/88 [00:06<00:17,  3.71it/s, loss=1.368]
  epoch 1/3:  27%|██▋       | 24/88 [00:06<00:17,  3.68it/s, loss=1.368]
  epoch 1/3:  27%|██▋       | 24/88 [00:06<00:17,  3.68it/s, loss=1.363]
  epoch 1/3:  28%|██▊       | 25/88 [00:06<00:17,  3.70it/s, loss=1.363]
  epoch 1/3:  28%|██▊       | 25/88 [00:07<00:17,  3.70it/s, loss=1.354]
  epoch 1/3:  30%|██▉       | 26/88 [00:07<00:16,  3.71it/s, loss=1.354]
  epoch 1/3:  30%|██▉       | 26/88 [00:07<00:16,  3.71it/s, loss=1.346]
  epoch 1/3:  31%|███       | 27/88 [00:07<00:16,  3.71it/s, loss=1.346]
  epoch 1/3:  31%|███       | 27/88 [00:07<00:16,  3.71it/s, loss=1.339]
  epoch 1/3:  32%|███▏      | 28/88 [00:07<00:16,  3.72it/s, loss=1.339]
  epoch 1/3:  32%|███▏      | 28/88 [00:08<00:16,  3.72it/s, loss=1.334]
  epoch 1/3:  33%|███▎      | 29/88 [00:08<00:15,  3.71it/s, loss=1.334]
  epoch 1/3:  33%|███▎      | 29/88 [00:08<00:15,  3.71it/s, loss=1.327]
  epoch 1/3:  34%|███▍      | 30/88 [00:08<00:15,  3.72it/s, loss=1.327]
  epoch 1/3:  34%|███▍      | 30/88 [00:08<00:15,  3.72it/s, loss=1.321]
  epoch 1/3:  35%|███▌      | 31/88 [00:08<00:15,  3.73it/s, loss=1.321]
  epoch 1/3:  35%|███▌      | 31/88 [00:08<00:15,  3.73it/s, loss=1.318]
  epoch 1/3:  36%|███▋      | 32/88 [00:08<00:14,  3.73it/s, loss=1.318]
  epoch 1/3:  36%|███▋      | 32/88 [00:09<00:14,  3.73it/s, loss=1.312]
  epoch 1/3:  38%|███▊      | 33/88 [00:09<00:14,  3.73it/s, loss=1.312]
  epoch 1/3:  38%|███▊      | 33/88 [00:09<00:14,  3.73it/s, loss=1.307]
  epoch 1/3:  39%|███▊      | 34/88 [00:09<00:14,  3.71it/s, loss=1.307]
  epoch 1/3:  39%|███▊      | 34/88 [00:09<00:14,  3.71it/s, loss=1.301]
  epoch 1/3:  40%|███▉      | 35/88 [00:09<00:14,  3.73it/s, loss=1.301]
  epoch 1/3:  40%|███▉      | 35/88 [00:09<00:14,  3.73it/s, loss=1.293]
  epoch 1/3:  41%|████      | 36/88 [00:09<00:13,  3.73it/s, loss=1.293]
  epoch 1/3:  41%|████      | 36/88 [00:10<00:13,  3.73it/s, loss=1.289]
  epoch 1/3:  42%|████▏     | 37/88 [00:10<00:13,  3.72it/s, loss=1.289]
  epoch 1/3:  42%|████▏     | 37/88 [00:10<00:13,  3.72it/s, loss=1.283]
  epoch 1/3:  43%|████▎     | 38/88 [00:10<00:13,  3.73it/s, loss=1.283]
  epoch 1/3:  43%|████▎     | 38/88 [00:10<00:13,  3.73it/s, loss=1.274]
  epoch 1/3:  44%|████▍     | 39/88 [00:10<00:13,  3.72it/s, loss=1.274]
  epoch 1/3:  44%|████▍     | 39/88 [00:11<00:13,  3.72it/s, loss=1.272]
  epoch 1/3:  45%|████▌     | 40/88 [00:11<00:13,  3.68it/s, loss=1.272]
  epoch 1/3:  45%|████▌     | 40/88 [00:11<00:13,  3.68it/s, loss=1.265]
  epoch 1/3:  47%|████▋     | 41/88 [00:11<00:12,  3.68it/s, loss=1.265]
  epoch 1/3:  47%|████▋     | 41/88 [00:11<00:12,  3.68it/s, loss=1.261]
  epoch 1/3:  48%|████▊     | 42/88 [00:11<00:12,  3.69it/s, loss=1.261]
  epoch 1/3:  48%|████▊     | 42/88 [00:11<00:12,  3.69it/s, loss=1.254]
  epoch 1/3:  49%|████▉     | 43/88 [00:11<00:12,  3.69it/s, loss=1.254]
  epoch 1/3:  49%|████▉     | 43/88 [00:12<00:12,  3.69it/s, loss=1.248]
  epoch 1/3:  50%|█████     | 44/88 [00:12<00:11,  3.70it/s, loss=1.248]
  epoch 1/3:  50%|█████     | 44/88 [00:12<00:11,  3.70it/s, loss=1.244]
  epoch 1/3:  51%|█████     | 45/88 [00:12<00:11,  3.72it/s, loss=1.244]
  epoch 1/3:  51%|█████     | 45/88 [00:12<00:11,  3.72it/s, loss=1.240]
  epoch 1/3:  52%|█████▏    | 46/88 [00:12<00:11,  3.73it/s, loss=1.240]
  epoch 1/3:  52%|█████▏    | 46/88 [00:12<00:11,  3.73it/s, loss=1.234]
  epoch 1/3:  53%|█████▎    | 47/88 [00:12<00:11,  3.72it/s, loss=1.234]
  epoch 1/3:  53%|█████▎    | 47/88 [00:13<00:11,  3.72it/s, loss=1.229]
  epoch 1/3:  55%|█████▍    | 48/88 [00:13<00:10,  3.71it/s, loss=1.229]
  epoch 1/3:  55%|█████▍    | 48/88 [00:13<00:10,  3.71it/s, loss=1.223]
  epoch 1/3:  56%|█████▌    | 49/88 [00:13<00:10,  3.72it/s, loss=1.223]
  epoch 1/3:  56%|█████▌    | 49/88 [00:13<00:10,  3.72it/s, loss=1.217]
  epoch 1/3:  57%|█████▋    | 50/88 [00:13<00:10,  3.73it/s, loss=1.217]
  epoch 1/3:  57%|█████▋    | 50/88 [00:13<00:10,  3.73it/s, loss=1.211]
  epoch 1/3:  58%|█████▊    | 51/88 [00:13<00:09,  3.73it/s, loss=1.211]
  epoch 1/3:  58%|█████▊    | 51/88 [00:14<00:09,  3.73it/s, loss=1.205]
  epoch 1/3:  59%|█████▉    | 52/88 [00:14<00:09,  3.70it/s, loss=1.205]
  epoch 1/3:  59%|█████▉    | 52/88 [00:14<00:09,  3.70it/s, loss=1.198]
  epoch 1/3:  60%|██████    | 53/88 [00:14<00:09,  3.72it/s, loss=1.198]
  epoch 1/3:  60%|██████    | 53/88 [00:14<00:09,  3.72it/s, loss=1.191]
  epoch 1/3:  61%|██████▏   | 54/88 [00:14<00:09,  3.73it/s, loss=1.191]
  epoch 1/3:  61%|██████▏   | 54/88 [00:15<00:09,  3.73it/s, loss=1.187]
  epoch 1/3:  62%|██████▎   | 55/88 [00:15<00:08,  3.74it/s, loss=1.187]
  epoch 1/3:  62%|██████▎   | 55/88 [00:15<00:08,  3.74it/s, loss=1.186]
  epoch 1/3:  64%|██████▎   | 56/88 [00:15<00:08,  3.70it/s, loss=1.186]
  epoch 1/3:  64%|██████▎   | 56/88 [00:15<00:08,  3.70it/s, loss=1.179]
  epoch 1/3:  65%|██████▍   | 57/88 [00:15<00:08,  3.72it/s, loss=1.179]
  epoch 1/3:  65%|██████▍   | 57/88 [00:15<00:08,  3.72it/s, loss=1.173]
  epoch 1/3:  66%|██████▌   | 58/88 [00:15<00:08,  3.70it/s, loss=1.173]
  epoch 1/3:  66%|██████▌   | 58/88 [00:16<00:08,  3.70it/s, loss=1.168]
  epoch 1/3:  67%|██████▋   | 59/88 [00:16<00:07,  3.71it/s, loss=1.168]
  epoch 1/3:  67%|██████▋   | 59/88 [00:16<00:07,  3.71it/s, loss=1.161]
  epoch 1/3:  68%|██████▊   | 60/88 [00:16<00:07,  3.71it/s, loss=1.161]
  epoch 1/3:  68%|██████▊   | 60/88 [00:16<00:07,  3.71it/s, loss=1.156]
  epoch 1/3:  69%|██████▉   | 61/88 [00:16<00:07,  3.73it/s, loss=1.156]
  epoch 1/3:  69%|██████▉   | 61/88 [00:16<00:07,  3.73it/s, loss=1.151]
  epoch 1/3:  70%|███████   | 62/88 [00:16<00:06,  3.73it/s, loss=1.151]
  epoch 1/3:  70%|███████   | 62/88 [00:17<00:06,  3.73it/s, loss=1.145]
  epoch 1/3:  72%|███████▏  | 63/88 [00:17<00:06,  3.72it/s, loss=1.145]
  epoch 1/3:  72%|███████▏  | 63/88 [00:17<00:06,  3.72it/s, loss=1.140]
  epoch 1/3:  73%|███████▎  | 64/88 [00:17<00:06,  3.71it/s, loss=1.140]
  epoch 1/3:  73%|███████▎  | 64/88 [00:17<00:06,  3.71it/s, loss=1.135]
  epoch 1/3:  74%|███████▍  | 65/88 [00:17<00:06,  3.71it/s, loss=1.135]
  epoch 1/3:  74%|███████▍  | 65/88 [00:18<00:06,  3.71it/s, loss=1.129]
  epoch 1/3:  75%|███████▌  | 66/88 [00:18<00:05,  3.71it/s, loss=1.129]
  epoch 1/3:  75%|███████▌  | 66/88 [00:18<00:05,  3.71it/s, loss=1.125]
  epoch 1/3:  76%|███████▌  | 67/88 [00:18<00:05,  3.70it/s, loss=1.125]
  epoch 1/3:  76%|███████▌  | 67/88 [00:18<00:05,  3.70it/s, loss=1.121]
  epoch 1/3:  77%|███████▋  | 68/88 [00:18<00:05,  3.72it/s, loss=1.121]
  epoch 1/3:  77%|███████▋  | 68/88 [00:18<00:05,  3.72it/s, loss=1.118]
  epoch 1/3:  78%|███████▊  | 69/88 [00:18<00:05,  3.72it/s, loss=1.118]
  epoch 1/3:  78%|███████▊  | 69/88 [00:19<00:05,  3.72it/s, loss=1.114]
  epoch 1/3:  80%|███████▉  | 70/88 [00:19<00:04,  3.70it/s, loss=1.114]
  epoch 1/3:  80%|███████▉  | 70/88 [00:19<00:04,  3.70it/s, loss=1.110]
  epoch 1/3:  81%|████████  | 71/88 [00:19<00:04,  3.72it/s, loss=1.110]
  epoch 1/3:  81%|████████  | 71/88 [00:19<00:04,  3.72it/s, loss=1.104]
  epoch 1/3:  82%|████████▏ | 72/88 [00:19<00:04,  3.67it/s, loss=1.104]
  epoch 1/3:  82%|████████▏ | 72/88 [00:19<00:04,  3.67it/s, loss=1.098]
  epoch 1/3:  83%|████████▎ | 73/88 [00:19<00:04,  3.69it/s, loss=1.098]
  epoch 1/3:  83%|████████▎ | 73/88 [00:20<00:04,  3.69it/s, loss=1.094]
  epoch 1/3:  84%|████████▍ | 74/88 [00:20<00:03,  3.70it/s, loss=1.094]
  epoch 1/3:  84%|████████▍ | 74/88 [00:20<00:03,  3.70it/s, loss=1.089]
  epoch 1/3:  85%|████████▌ | 75/88 [00:20<00:03,  3.72it/s, loss=1.089]
  epoch 1/3:  85%|████████▌ | 75/88 [00:20<00:03,  3.72it/s, loss=1.084]
  epoch 1/3:  86%|████████▋ | 76/88 [00:20<00:03,  3.70it/s, loss=1.084]
  epoch 1/3:  86%|████████▋ | 76/88 [00:20<00:03,  3.70it/s, loss=1.080]
  epoch 1/3:  88%|████████▊ | 77/88 [00:20<00:02,  3.71it/s, loss=1.080]
  epoch 1/3:  88%|████████▊ | 77/88 [00:21<00:02,  3.71it/s, loss=1.076]
  epoch 1/3:  89%|████████▊ | 78/88 [00:21<00:02,  3.71it/s, loss=1.076]
  epoch 1/3:  89%|████████▊ | 78/88 [00:21<00:02,  3.71it/s, loss=1.071]
  epoch 1/3:  90%|████████▉ | 79/88 [00:21<00:02,  3.70it/s, loss=1.071]
  epoch 1/3:  90%|████████▉ | 79/88 [00:21<00:02,  3.70it/s, loss=1.066]
  epoch 1/3:  91%|█████████ | 80/88 [00:21<00:02,  3.70it/s, loss=1.066]
  epoch 1/3:  91%|█████████ | 80/88 [00:22<00:02,  3.70it/s, loss=1.061]
  epoch 1/3:  92%|█████████▏| 81/88 [00:22<00:01,  3.71it/s, loss=1.061]
  epoch 1/3:  92%|█████████▏| 81/88 [00:22<00:01,  3.71it/s, loss=1.056]
  epoch 1/3:  93%|█████████▎| 82/88 [00:22<00:01,  3.70it/s, loss=1.056]
  epoch 1/3:  93%|█████████▎| 82/88 [00:22<00:01,  3.70it/s, loss=1.051]
  epoch 1/3:  94%|█████████▍| 83/88 [00:22<00:01,  3.70it/s, loss=1.051]
  epoch 1/3:  94%|█████████▍| 83/88 [00:22<00:01,  3.70it/s, loss=1.047]
  epoch 1/3:  95%|█████████▌| 84/88 [00:22<00:01,  3.71it/s, loss=1.047]
  epoch 1/3:  95%|█████████▌| 84/88 [00:23<00:01,  3.71it/s, loss=1.043]
  epoch 1/3:  97%|█████████▋| 85/88 [00:23<00:00,  3.71it/s, loss=1.043]
  epoch 1/3:  97%|█████████▋| 85/88 [00:23<00:00,  3.71it/s, loss=1.039]
  epoch 1/3:  98%|█████████▊| 86/88 [00:23<00:00,  3.72it/s, loss=1.039]
  epoch 1/3:  98%|█████████▊| 86/88 [00:23<00:00,  3.72it/s, loss=1.034]
  epoch 1/3:  99%|█████████▉| 87/88 [00:23<00:00,  3.72it/s, loss=1.034]
  epoch 1/3:  99%|█████████▉| 87/88 [00:23<00:00,  3.72it/s, loss=1.031]
  epoch 1/3: 100%|██████████| 88/88 [00:23<00:00,  3.99it/s, loss=1.031]
                                                                        

  epoch 2/3:   0%|          | 0/88 [00:00<?, ?it/s]
  epoch 2/3:   0%|          | 0/88 [00:00<?, ?it/s, loss=0.652]
  epoch 2/3:   1%|          | 1/88 [00:00<00:46,  1.86it/s, loss=0.652]
  epoch 2/3:   1%|          | 1/88 [00:00<00:46,  1.86it/s, loss=0.679]
  epoch 2/3:   2%|▏         | 2/88 [00:00<00:32,  2.64it/s, loss=0.679]
  epoch 2/3:   2%|▏         | 2/88 [00:01<00:32,  2.64it/s, loss=0.654]
  epoch 2/3:   3%|▎         | 3/88 [00:01<00:27,  3.04it/s, loss=0.654]
  epoch 2/3:   3%|▎         | 3/88 [00:01<00:27,  3.04it/s, loss=0.643]
  epoch 2/3:   5%|▍         | 4/88 [00:01<00:25,  3.27it/s, loss=0.643]
  epoch 2/3:   5%|▍         | 4/88 [00:01<00:25,  3.27it/s, loss=0.623]
  epoch 2/3:   6%|▌         | 5/88 [00:01<00:24,  3.42it/s, loss=0.623]
  epoch 2/3:   6%|▌         | 5/88 [00:01<00:24,  3.42it/s, loss=0.626]
  epoch 2/3:   7%|▋         | 6/88 [00:01<00:23,  3.50it/s, loss=0.626]
  epoch 2/3:   7%|▋         | 6/88 [00:02<00:23,  3.50it/s, loss=0.615]
  epoch 2/3:   8%|▊         | 7/88 [00:02<00:22,  3.56it/s, loss=0.615]
  epoch 2/3:   8%|▊         | 7/88 [00:02<00:22,  3.56it/s, loss=0.618]
  epoch 2/3:   9%|▉         | 8/88 [00:02<00:22,  3.61it/s, loss=0.618]
  epoch 2/3:   9%|▉         | 8/88 [00:02<00:22,  3.61it/s, loss=0.619]
  epoch 2/3:  10%|█         | 9/88 [00:02<00:21,  3.64it/s, loss=0.619]
  epoch 2/3:  10%|█         | 9/88 [00:02<00:21,  3.64it/s, loss=0.613]
  epoch 2/3:  11%|█▏        | 10/88 [00:02<00:21,  3.67it/s, loss=0.613]
  epoch 2/3:  11%|█▏        | 10/88 [00:03<00:21,  3.67it/s, loss=0.612]
  epoch 2/3:  12%|█▎        | 11/88 [00:03<00:20,  3.68it/s, loss=0.612]
  epoch 2/3:  12%|█▎        | 11/88 [00:03<00:20,  3.68it/s, loss=0.610]
  epoch 2/3:  14%|█▎        | 12/88 [00:03<00:20,  3.68it/s, loss=0.610]
  epoch 2/3:  14%|█▎        | 12/88 [00:03<00:20,  3.68it/s, loss=0.613]
  epoch 2/3:  15%|█▍        | 13/88 [00:03<00:20,  3.69it/s, loss=0.613]
  epoch 2/3:  15%|█▍        | 13/88 [00:04<00:20,  3.69it/s, loss=0.609]
  epoch 2/3:  16%|█▌        | 14/88 [00:04<00:20,  3.69it/s, loss=0.609]
  epoch 2/3:  16%|█▌        | 14/88 [00:04<00:20,  3.69it/s, loss=0.601]
  epoch 2/3:  17%|█▋        | 15/88 [00:04<00:19,  3.69it/s, loss=0.601]
  epoch 2/3:  17%|█▋        | 15/88 [00:04<00:19,  3.69it/s, loss=0.596]
  epoch 2/3:  18%|█▊        | 16/88 [00:04<00:19,  3.64it/s, loss=0.596]
  epoch 2/3:  18%|█▊        | 16/88 [00:04<00:19,  3.64it/s, loss=0.597]
  epoch 2/3:  19%|█▉        | 17/88 [00:04<00:19,  3.69it/s, loss=0.597]
  epoch 2/3:  19%|█▉        | 17/88 [00:05<00:19,  3.69it/s, loss=0.594]
  epoch 2/3:  20%|██        | 18/88 [00:05<00:18,  3.69it/s, loss=0.594]
  epoch 2/3:  20%|██        | 18/88 [00:05<00:18,  3.69it/s, loss=0.587]
  epoch 2/3:  22%|██▏       | 19/88 [00:05<00:18,  3.67it/s, loss=0.587]
  epoch 2/3:  22%|██▏       | 19/88 [00:05<00:18,  3.67it/s, loss=0.579]
  epoch 2/3:  23%|██▎       | 20/88 [00:05<00:18,  3.70it/s, loss=0.579]
  epoch 2/3:  23%|██▎       | 20/88 [00:05<00:18,  3.70it/s, loss=0.581]
  epoch 2/3:  24%|██▍       | 21/88 [00:05<00:18,  3.71it/s, loss=0.581]
  epoch 2/3:  24%|██▍       | 21/88 [00:06<00:18,  3.71it/s, loss=0.576]
  epoch 2/3:  25%|██▌       | 22/88 [00:06<00:17,  3.70it/s, loss=0.576]
  epoch 2/3:  25%|██▌       | 22/88 [00:06<00:17,  3.70it/s, loss=0.569]
  epoch 2/3:  26%|██▌       | 23/88 [00:06<00:17,  3.70it/s, loss=0.569]
  epoch 2/3:  26%|██▌       | 23/88 [00:06<00:17,  3.70it/s, loss=0.569]
  epoch 2/3:  27%|██▋       | 24/88 [00:06<00:17,  3.72it/s, loss=0.569]
  epoch 2/3:  27%|██▋       | 24/88 [00:07<00:17,  3.72it/s, loss=0.565]
  epoch 2/3:  28%|██▊       | 25/88 [00:07<00:16,  3.72it/s, loss=0.565]
  epoch 2/3:  28%|██▊       | 25/88 [00:07<00:16,  3.72it/s, loss=0.560]
  epoch 2/3:  30%|██▉       | 26/88 [00:07<00:16,  3.69it/s, loss=0.560]
  epoch 2/3:  30%|██▉       | 26/88 [00:07<00:16,  3.69it/s, loss=0.558]
  epoch 2/3:  31%|███       | 27/88 [00:07<00:16,  3.71it/s, loss=0.558]
  epoch 2/3:  31%|███       | 27/88 [00:07<00:16,  3.71it/s, loss=0.556]
  epoch 2/3:  32%|███▏      | 28/88 [00:07<00:16,  3.72it/s, loss=0.556]
  epoch 2/3:  32%|███▏      | 28/88 [00:08<00:16,  3.72it/s, loss=0.553]
  epoch 2/3:  33%|███▎      | 29/88 [00:08<00:15,  3.71it/s, loss=0.553]
  epoch 2/3:  33%|███▎      | 29/88 [00:08<00:15,  3.71it/s, loss=0.548]
  epoch 2/3:  34%|███▍      | 30/88 [00:08<00:15,  3.71it/s, loss=0.548]
  epoch 2/3:  34%|███▍      | 30/88 [00:08<00:15,  3.71it/s, loss=0.543]
  epoch 2/3:  35%|███▌      | 31/88 [00:08<00:15,  3.70it/s, loss=0.543]
  epoch 2/3:  35%|███▌      | 31/88 [00:08<00:15,  3.70it/s, loss=0.537]
  epoch 2/3:  36%|███▋      | 32/88 [00:08<00:15,  3.66it/s, loss=0.537]
  epoch 2/3:  36%|███▋      | 32/88 [00:09<00:15,  3.66it/s, loss=0.538]
  epoch 2/3:  38%|███▊      | 33/88 [00:09<00:14,  3.68it/s, loss=0.538]
  epoch 2/3:  38%|███▊      | 33/88 [00:09<00:14,  3.68it/s, loss=0.534]
  epoch 2/3:  39%|███▊      | 34/88 [00:09<00:14,  3.67it/s, loss=0.534]
  epoch 2/3:  39%|███▊      | 34/88 [00:09<00:14,  3.67it/s, loss=0.532]
  epoch 2/3:  40%|███▉      | 35/88 [00:09<00:14,  3.69it/s, loss=0.532]
  epoch 2/3:  40%|███▉      | 35/88 [00:10<00:14,  3.69it/s, loss=0.530]
  epoch 2/3:  41%|████      | 36/88 [00:10<00:14,  3.68it/s, loss=0.530]
  epoch 2/3:  41%|████      | 36/88 [00:10<00:14,  3.68it/s, loss=0.527]
  epoch 2/3:  42%|████▏     | 37/88 [00:10<00:13,  3.69it/s, loss=0.527]
  epoch 2/3:  42%|████▏     | 37/88 [00:10<00:13,  3.69it/s, loss=0.525]
  epoch 2/3:  43%|████▎     | 38/88 [00:10<00:13,  3.69it/s, loss=0.525]
  epoch 2/3:  43%|████▎     | 38/88 [00:10<00:13,  3.69it/s, loss=0.522]
  epoch 2/3:  44%|████▍     | 39/88 [00:10<00:13,  3.70it/s, loss=0.522]
  epoch 2/3:  44%|████▍     | 39/88 [00:11<00:13,  3.70it/s, loss=0.517]
  epoch 2/3:  45%|████▌     | 40/88 [00:11<00:12,  3.70it/s, loss=0.517]
  epoch 2/3:  45%|████▌     | 40/88 [00:11<00:12,  3.70it/s, loss=0.516]
  epoch 2/3:  47%|████▋     | 41/88 [00:11<00:12,  3.69it/s, loss=0.516]
  epoch 2/3:  47%|████▋     | 41/88 [00:11<00:12,  3.69it/s, loss=0.514]
  epoch 2/3:  48%|████▊     | 42/88 [00:11<00:12,  3.70it/s, loss=0.514]
  epoch 2/3:  48%|████▊     | 42/88 [00:11<00:12,  3.70it/s, loss=0.512]
  epoch 2/3:  49%|████▉     | 43/88 [00:11<00:12,  3.71it/s, loss=0.512]
  epoch 2/3:  49%|████▉     | 43/88 [00:12<00:12,  3.71it/s, loss=0.510]
  epoch 2/3:  50%|█████     | 44/88 [00:12<00:11,  3.71it/s, loss=0.510]
  epoch 2/3:  50%|█████     | 44/88 [00:12<00:11,  3.71it/s, loss=0.511]
  epoch 2/3:  51%|█████     | 45/88 [00:12<00:11,  3.72it/s, loss=0.511]
  epoch 2/3:  51%|█████     | 45/88 [00:12<00:11,  3.72it/s, loss=0.509]
  epoch 2/3:  52%|█████▏    | 46/88 [00:12<00:11,  3.70it/s, loss=0.509]
  epoch 2/3:  52%|█████▏    | 46/88 [00:12<00:11,  3.70it/s, loss=0.507]
  epoch 2/3:  53%|█████▎    | 47/88 [00:12<00:11,  3.69it/s, loss=0.507]
  epoch 2/3:  53%|█████▎    | 47/88 [00:13<00:11,  3.69it/s, loss=0.507]
  epoch 2/3:  55%|█████▍    | 48/88 [00:13<00:11,  3.63it/s, loss=0.507]
  epoch 2/3:  55%|█████▍    | 48/88 [00:13<00:11,  3.63it/s, loss=0.505]
  epoch 2/3:  56%|█████▌    | 49/88 [00:13<00:10,  3.65it/s, loss=0.505]
  epoch 2/3:  56%|█████▌    | 49/88 [00:13<00:10,  3.65it/s, loss=0.504]
  epoch 2/3:  57%|█████▋    | 50/88 [00:13<00:10,  3.69it/s, loss=0.504]
  epoch 2/3:  57%|█████▋    | 50/88 [00:14<00:10,  3.69it/s, loss=0.503]
  epoch 2/3:  58%|█████▊    | 51/88 [00:14<00:10,  3.70it/s, loss=0.503]
  epoch 2/3:  58%|█████▊    | 51/88 [00:14<00:10,  3.70it/s, loss=0.502]
  epoch 2/3:  59%|█████▉    | 52/88 [00:14<00:09,  3.69it/s, loss=0.502]
  epoch 2/3:  59%|█████▉    | 52/88 [00:14<00:09,  3.69it/s, loss=0.499]
  epoch 2/3:  60%|██████    | 53/88 [00:14<00:09,  3.70it/s, loss=0.499]
  epoch 2/3:  60%|██████    | 53/88 [00:14<00:09,  3.70it/s, loss=0.496]
  epoch 2/3:  61%|██████▏   | 54/88 [00:14<00:09,  3.71it/s, loss=0.496]
  epoch 2/3:  61%|██████▏   | 54/88 [00:15<00:09,  3.71it/s, loss=0.493]
  epoch 2/3:  62%|██████▎   | 55/88 [00:15<00:08,  3.70it/s, loss=0.493]
  epoch 2/3:  62%|██████▎   | 55/88 [00:15<00:08,  3.70it/s, loss=0.492]
  epoch 2/3:  64%|██████▎   | 56/88 [00:15<00:08,  3.70it/s, loss=0.492]
  epoch 2/3:  64%|██████▎   | 56/88 [00:15<00:08,  3.70it/s, loss=0.491]
  epoch 2/3:  65%|██████▍   | 57/88 [00:15<00:08,  3.69it/s, loss=0.491]
  epoch 2/3:  65%|██████▍   | 57/88 [00:15<00:08,  3.69it/s, loss=0.492]
  epoch 2/3:  66%|██████▌   | 58/88 [00:15<00:08,  3.68it/s, loss=0.492]
  epoch 2/3:  66%|██████▌   | 58/88 [00:16<00:08,  3.68it/s, loss=0.490]
  epoch 2/3:  67%|██████▋   | 59/88 [00:16<00:07,  3.69it/s, loss=0.490]
  epoch 2/3:  67%|██████▋   | 59/88 [00:16<00:07,  3.69it/s, loss=0.489]
  epoch 2/3:  68%|██████▊   | 60/88 [00:16<00:07,  3.70it/s, loss=0.489]
  epoch 2/3:  68%|██████▊   | 60/88 [00:16<00:07,  3.70it/s, loss=0.488]
  epoch 2/3:  69%|██████▉   | 61/88 [00:16<00:07,  3.69it/s, loss=0.488]
  epoch 2/3:  69%|██████▉   | 61/88 [00:17<00:07,  3.69it/s, loss=0.488]
  epoch 2/3:  70%|███████   | 62/88 [00:17<00:07,  3.69it/s, loss=0.488]
  epoch 2/3:  70%|███████   | 62/88 [00:17<00:07,  3.69it/s, loss=0.489]
  epoch 2/3:  72%|███████▏  | 63/88 [00:17<00:06,  3.67it/s, loss=0.489]
  epoch 2/3:  72%|███████▏  | 63/88 [00:17<00:06,  3.67it/s, loss=0.486]
  epoch 2/3:  73%|███████▎  | 64/88 [00:17<00:06,  3.64it/s, loss=0.486]
  epoch 2/3:  73%|███████▎  | 64/88 [00:17<00:06,  3.64it/s, loss=0.483]
  epoch 2/3:  74%|███████▍  | 65/88 [00:17<00:06,  3.67it/s, loss=0.483]
  epoch 2/3:  74%|███████▍  | 65/88 [00:18<00:06,  3.67it/s, loss=0.479]
  epoch 2/3:  75%|███████▌  | 66/88 [00:18<00:05,  3.68it/s, loss=0.479]
  epoch 2/3:  75%|███████▌  | 66/88 [00:18<00:05,  3.68it/s, loss=0.478]
  epoch 2/3:  76%|███████▌  | 67/88 [00:18<00:05,  3.68it/s, loss=0.478]
  epoch 2/3:  76%|███████▌  | 67/88 [00:18<00:05,  3.68it/s, loss=0.474]
  epoch 2/3:  77%|███████▋  | 68/88 [00:18<00:05,  3.69it/s, loss=0.474]
  epoch 2/3:  77%|███████▋  | 68/88 [00:18<00:05,  3.69it/s, loss=0.473]
  epoch 2/3:  78%|███████▊  | 69/88 [00:18<00:05,  3.69it/s, loss=0.473]
  epoch 2/3:  78%|███████▊  | 69/88 [00:19<00:05,  3.69it/s, loss=0.471]
  epoch 2/3:  80%|███████▉  | 70/88 [00:19<00:04,  3.70it/s, loss=0.471]
  epoch 2/3:  80%|███████▉  | 70/88 [00:19<00:04,  3.70it/s, loss=0.471]
  epoch 2/3:  81%|████████  | 71/88 [00:19<00:04,  3.70it/s, loss=0.471]
  epoch 2/3:  81%|████████  | 71/88 [00:19<00:04,  3.70it/s, loss=0.468]
  epoch 2/3:  82%|████████▏ | 72/88 [00:19<00:04,  3.70it/s, loss=0.468]
  epoch 2/3:  82%|████████▏ | 72/88 [00:20<00:04,  3.70it/s, loss=0.467]
  epoch 2/3:  83%|████████▎ | 73/88 [00:20<00:04,  3.71it/s, loss=0.467]
  epoch 2/3:  83%|████████▎ | 73/88 [00:20<00:04,  3.71it/s, loss=0.465]
  epoch 2/3:  84%|████████▍ | 74/88 [00:20<00:03,  3.70it/s, loss=0.465]
  epoch 2/3:  84%|████████▍ | 74/88 [00:20<00:03,  3.70it/s, loss=0.463]
  epoch 2/3:  85%|████████▌ | 75/88 [00:20<00:03,  3.68it/s, loss=0.463]
  epoch 2/3:  85%|████████▌ | 75/88 [00:20<00:03,  3.68it/s, loss=0.462]
  epoch 2/3:  86%|████████▋ | 76/88 [00:20<00:03,  3.68it/s, loss=0.462]
  epoch 2/3:  86%|████████▋ | 76/88 [00:21<00:03,  3.68it/s, loss=0.461]
  epoch 2/3:  88%|████████▊ | 77/88 [00:21<00:02,  3.67it/s, loss=0.461]
  epoch 2/3:  88%|████████▊ | 77/88 [00:21<00:02,  3.67it/s, loss=0.458]
  epoch 2/3:  89%|████████▊ | 78/88 [00:21<00:02,  3.68it/s, loss=0.458]
  epoch 2/3:  89%|████████▊ | 78/88 [00:21<00:02,  3.68it/s, loss=0.456]
  epoch 2/3:  90%|████████▉ | 79/88 [00:21<00:02,  3.70it/s, loss=0.456]
  epoch 2/3:  90%|████████▉ | 79/88 [00:21<00:02,  3.70it/s, loss=0.455]
  epoch 2/3:  91%|█████████ | 80/88 [00:21<00:02,  3.65it/s, loss=0.455]
  epoch 2/3:  91%|█████████ | 80/88 [00:22<00:02,  3.65it/s, loss=0.454]
  epoch 2/3:  92%|█████████▏| 81/88 [00:22<00:01,  3.67it/s, loss=0.454]
  epoch 2/3:  92%|█████████▏| 81/88 [00:22<00:01,  3.67it/s, loss=0.451]
  epoch 2/3:  93%|█████████▎| 82/88 [00:22<00:01,  3.68it/s, loss=0.451]
  epoch 2/3:  93%|█████████▎| 82/88 [00:22<00:01,  3.68it/s, loss=0.449]
  epoch 2/3:  94%|█████████▍| 83/88 [00:22<00:01,  3.68it/s, loss=0.449]
  epoch 2/3:  94%|█████████▍| 83/88 [00:23<00:01,  3.68it/s, loss=0.447]
  epoch 2/3:  95%|█████████▌| 84/88 [00:23<00:01,  3.69it/s, loss=0.447]
  epoch 2/3:  95%|█████████▌| 84/88 [00:23<00:01,  3.69it/s, loss=0.445]
  epoch 2/3:  97%|█████████▋| 85/88 [00:23<00:00,  3.69it/s, loss=0.445]
  epoch 2/3:  97%|█████████▋| 85/88 [00:23<00:00,  3.69it/s, loss=0.444]
  epoch 2/3:  98%|█████████▊| 86/88 [00:23<00:00,  3.70it/s, loss=0.444]
  epoch 2/3:  98%|█████████▊| 86/88 [00:23<00:00,  3.70it/s, loss=0.442]
  epoch 2/3:  99%|█████████▉| 87/88 [00:23<00:00,  3.72it/s, loss=0.442]
  epoch 2/3:  99%|█████████▉| 87/88 [00:24<00:00,  3.72it/s, loss=0.442]
  epoch 2/3: 100%|██████████| 88/88 [00:24<00:00,  4.06it/s, loss=0.442]
                                                                        

  epoch 3/3:   0%|          | 0/88 [00:00<?, ?it/s]
  epoch 3/3:   0%|          | 0/88 [00:00<?, ?it/s, loss=0.319]
  epoch 3/3:   1%|          | 1/88 [00:00<00:47,  1.84it/s, loss=0.319]
  epoch 3/3:   1%|          | 1/88 [00:00<00:47,  1.84it/s, loss=0.305]
  epoch 3/3:   2%|▏         | 2/88 [00:00<00:32,  2.61it/s, loss=0.305]
  epoch 3/3:   2%|▏         | 2/88 [00:01<00:32,  2.61it/s, loss=0.290]
  epoch 3/3:   3%|▎         | 3/88 [00:01<00:28,  3.01it/s, loss=0.290]
  epoch 3/3:   3%|▎         | 3/88 [00:01<00:28,  3.01it/s, loss=0.295]
  epoch 3/3:   5%|▍         | 4/88 [00:01<00:25,  3.24it/s, loss=0.295]
  epoch 3/3:   5%|▍         | 4/88 [00:01<00:25,  3.24it/s, loss=0.321]
  epoch 3/3:   6%|▌         | 5/88 [00:01<00:24,  3.40it/s, loss=0.321]
  epoch 3/3:   6%|▌         | 5/88 [00:01<00:24,  3.40it/s, loss=0.314]
  epoch 3/3:   7%|▋         | 6/88 [00:01<00:23,  3.50it/s, loss=0.314]
  epoch 3/3:   7%|▋         | 6/88 [00:02<00:23,  3.50it/s, loss=0.311]
  epoch 3/3:   8%|▊         | 7/88 [00:02<00:22,  3.56it/s, loss=0.311]
  epoch 3/3:   8%|▊         | 7/88 [00:02<00:22,  3.56it/s, loss=0.305]
  epoch 3/3:   9%|▉         | 8/88 [00:02<00:22,  3.55it/s, loss=0.305]
  epoch 3/3:   9%|▉         | 8/88 [00:02<00:22,  3.55it/s, loss=0.301]
  epoch 3/3:  10%|█         | 9/88 [00:02<00:22,  3.59it/s, loss=0.301]
  epoch 3/3:  10%|█         | 9/88 [00:02<00:22,  3.59it/s, loss=0.303]
  epoch 3/3:  11%|█▏        | 10/88 [00:02<00:21,  3.64it/s, loss=0.303]
  epoch 3/3:  11%|█▏        | 10/88 [00:03<00:21,  3.64it/s, loss=0.303]
  epoch 3/3:  12%|█▎        | 11/88 [00:03<00:21,  3.64it/s, loss=0.303]
  epoch 3/3:  12%|█▎        | 11/88 [00:03<00:21,  3.64it/s, loss=0.298]
  epoch 3/3:  14%|█▎        | 12/88 [00:03<00:20,  3.65it/s, loss=0.298]
  epoch 3/3:  14%|█▎        | 12/88 [00:03<00:20,  3.65it/s, loss=0.294]
  epoch 3/3:  15%|█▍        | 13/88 [00:03<00:20,  3.69it/s, loss=0.294]
  epoch 3/3:  15%|█▍        | 13/88 [00:04<00:20,  3.69it/s, loss=0.295]
  epoch 3/3:  16%|█▌        | 14/88 [00:04<00:20,  3.70it/s, loss=0.295]
  epoch 3/3:  16%|█▌        | 14/88 [00:04<00:20,  3.70it/s, loss=0.291]
  epoch 3/3:  17%|█▋        | 15/88 [00:04<00:19,  3.70it/s, loss=0.291]
  epoch 3/3:  17%|█▋        | 15/88 [00:04<00:19,  3.70it/s, loss=0.296]
  epoch 3/3:  18%|█▊        | 16/88 [00:04<00:19,  3.70it/s, loss=0.296]
  epoch 3/3:  18%|█▊        | 16/88 [00:04<00:19,  3.70it/s, loss=0.297]
  epoch 3/3:  19%|█▉        | 17/88 [00:04<00:19,  3.69it/s, loss=0.297]
  epoch 3/3:  19%|█▉        | 17/88 [00:05<00:19,  3.69it/s, loss=0.301]
  epoch 3/3:  20%|██        | 18/88 [00:05<00:18,  3.70it/s, loss=0.301]
  epoch 3/3:  20%|██        | 18/88 [00:05<00:18,  3.70it/s, loss=0.294]
  epoch 3/3:  22%|██▏       | 19/88 [00:05<00:18,  3.70it/s, loss=0.294]
  epoch 3/3:  22%|██▏       | 19/88 [00:05<00:18,  3.70it/s, loss=0.291]
  epoch 3/3:  23%|██▎       | 20/88 [00:05<00:18,  3.69it/s, loss=0.291]
  epoch 3/3:  23%|██▎       | 20/88 [00:05<00:18,  3.69it/s, loss=0.289]
  epoch 3/3:  24%|██▍       | 21/88 [00:05<00:18,  3.70it/s, loss=0.289]
  epoch 3/3:  24%|██▍       | 21/88 [00:06<00:18,  3.70it/s, loss=0.288]
  epoch 3/3:  25%|██▌       | 22/88 [00:06<00:17,  3.70it/s, loss=0.288]
  epoch 3/3:  25%|██▌       | 22/88 [00:06<00:17,  3.70it/s, loss=0.288]
  epoch 3/3:  26%|██▌       | 23/88 [00:06<00:17,  3.72it/s, loss=0.288]
  epoch 3/3:  26%|██▌       | 23/88 [00:06<00:17,  3.72it/s, loss=0.287]
  epoch 3/3:  27%|██▋       | 24/88 [00:06<00:17,  3.66it/s, loss=0.287]
  epoch 3/3:  27%|██▋       | 24/88 [00:07<00:17,  3.66it/s, loss=0.282]
  epoch 3/3:  28%|██▊       | 25/88 [00:07<00:17,  3.68it/s, loss=0.282]
  epoch 3/3:  28%|██▊       | 25/88 [00:07<00:17,  3.68it/s, loss=0.280]
  epoch 3/3:  30%|██▉       | 26/88 [00:07<00:16,  3.69it/s, loss=0.280]
  epoch 3/3:  30%|██▉       | 26/88 [00:07<00:16,  3.69it/s, loss=0.277]
  epoch 3/3:  31%|███       | 27/88 [00:07<00:16,  3.69it/s, loss=0.277]
  epoch 3/3:  31%|███       | 27/88 [00:07<00:16,  3.69it/s, loss=0.276]
  epoch 3/3:  32%|███▏      | 28/88 [00:07<00:16,  3.70it/s, loss=0.276]
  epoch 3/3:  32%|███▏      | 28/88 [00:08<00:16,  3.70it/s, loss=0.274]
  epoch 3/3:  33%|███▎      | 29/88 [00:08<00:15,  3.69it/s, loss=0.274]
  epoch 3/3:  33%|███▎      | 29/88 [00:08<00:15,  3.69it/s, loss=0.273]
  epoch 3/3:  34%|███▍      | 30/88 [00:08<00:15,  3.70it/s, loss=0.273]
  epoch 3/3:  34%|███▍      | 30/88 [00:08<00:15,  3.70it/s, loss=0.271]
  epoch 3/3:  35%|███▌      | 31/88 [00:08<00:15,  3.70it/s, loss=0.271]
  epoch 3/3:  35%|███▌      | 31/88 [00:08<00:15,  3.70it/s, loss=0.272]
  epoch 3/3:  36%|███▋      | 32/88 [00:08<00:15,  3.70it/s, loss=0.272]
  epoch 3/3:  36%|███▋      | 32/88 [00:09<00:15,  3.70it/s, loss=0.270]
  epoch 3/3:  38%|███▊      | 33/88 [00:09<00:14,  3.70it/s, loss=0.270]
  epoch 3/3:  38%|███▊      | 33/88 [00:09<00:14,  3.70it/s, loss=0.270]
  epoch 3/3:  39%|███▊      | 34/88 [00:09<00:14,  3.70it/s, loss=0.270]
  epoch 3/3:  39%|███▊      | 34/88 [00:09<00:14,  3.70it/s, loss=0.271]
  epoch 3/3:  40%|███▉      | 35/88 [00:09<00:14,  3.70it/s, loss=0.271]
  epoch 3/3:  40%|███▉      | 35/88 [00:10<00:14,  3.70it/s, loss=0.271]
  epoch 3/3:  41%|████      | 36/88 [00:10<00:14,  3.70it/s, loss=0.271]
  epoch 3/3:  41%|████      | 36/88 [00:10<00:14,  3.70it/s, loss=0.270]
  epoch 3/3:  42%|████▏     | 37/88 [00:10<00:13,  3.71it/s, loss=0.270]
  epoch 3/3:  42%|████▏     | 37/88 [00:10<00:13,  3.71it/s, loss=0.268]
  epoch 3/3:  43%|████▎     | 38/88 [00:10<00:13,  3.70it/s, loss=0.268]
  epoch 3/3:  43%|████▎     | 38/88 [00:10<00:13,  3.70it/s, loss=0.266]
  epoch 3/3:  44%|████▍     | 39/88 [00:10<00:13,  3.70it/s, loss=0.266]
  epoch 3/3:  44%|████▍     | 39/88 [00:11<00:13,  3.70it/s, loss=0.273]
  epoch 3/3:  45%|████▌     | 40/88 [00:11<00:13,  3.66it/s, loss=0.273]
  epoch 3/3:  45%|████▌     | 40/88 [00:11<00:13,  3.66it/s, loss=0.273]
  epoch 3/3:  47%|████▋     | 41/88 [00:11<00:12,  3.69it/s, loss=0.273]
  epoch 3/3:  47%|████▋     | 41/88 [00:11<00:12,  3.69it/s, loss=0.272]
  epoch 3/3:  48%|████▊     | 42/88 [00:11<00:12,  3.70it/s, loss=0.272]
  epoch 3/3:  48%|████▊     | 42/88 [00:11<00:12,  3.70it/s, loss=0.271]
  epoch 3/3:  49%|████▉     | 43/88 [00:11<00:12,  3.69it/s, loss=0.271]
  epoch 3/3:  49%|████▉     | 43/88 [00:12<00:12,  3.69it/s, loss=0.269]
  epoch 3/3:  50%|█████     | 44/88 [00:12<00:11,  3.70it/s, loss=0.269]
  epoch 3/3:  50%|█████     | 44/88 [00:12<00:11,  3.70it/s, loss=0.270]
  epoch 3/3:  51%|█████     | 45/88 [00:12<00:11,  3.70it/s, loss=0.270]
  epoch 3/3:  51%|█████     | 45/88 [00:12<00:11,  3.70it/s, loss=0.269]
  epoch 3/3:  52%|█████▏    | 46/88 [00:12<00:11,  3.69it/s, loss=0.269]
  epoch 3/3:  52%|█████▏    | 46/88 [00:12<00:11,  3.69it/s, loss=0.269]
  epoch 3/3:  53%|█████▎    | 47/88 [00:12<00:11,  3.70it/s, loss=0.269]
  epoch 3/3:  53%|█████▎    | 47/88 [00:13<00:11,  3.70it/s, loss=0.268]
  epoch 3/3:  55%|█████▍    | 48/88 [00:13<00:10,  3.69it/s, loss=0.268]
  epoch 3/3:  55%|█████▍    | 48/88 [00:13<00:10,  3.69it/s, loss=0.268]
  epoch 3/3:  56%|█████▌    | 49/88 [00:13<00:10,  3.68it/s, loss=0.268]
  epoch 3/3:  56%|█████▌    | 49/88 [00:13<00:10,  3.68it/s, loss=0.265]
  epoch 3/3:  57%|█████▋    | 50/88 [00:13<00:10,  3.69it/s, loss=0.265]
  epoch 3/3:  57%|█████▋    | 50/88 [00:14<00:10,  3.69it/s, loss=0.264]
  epoch 3/3:  58%|█████▊    | 51/88 [00:14<00:09,  3.71it/s, loss=0.264]
  epoch 3/3:  58%|█████▊    | 51/88 [00:14<00:09,  3.71it/s, loss=0.264]
  epoch 3/3:  59%|█████▉    | 52/88 [00:14<00:09,  3.70it/s, loss=0.264]
  epoch 3/3:  59%|█████▉    | 52/88 [00:14<00:09,  3.70it/s, loss=0.262]
  epoch 3/3:  60%|██████    | 53/88 [00:14<00:09,  3.71it/s, loss=0.262]
  epoch 3/3:  60%|██████    | 53/88 [00:14<00:09,  3.71it/s, loss=0.261]
  epoch 3/3:  61%|██████▏   | 54/88 [00:14<00:09,  3.71it/s, loss=0.261]
  epoch 3/3:  61%|██████▏   | 54/88 [00:15<00:09,  3.71it/s, loss=0.260]
  epoch 3/3:  62%|██████▎   | 55/88 [00:15<00:08,  3.69it/s, loss=0.260]
  epoch 3/3:  62%|██████▎   | 55/88 [00:15<00:08,  3.69it/s, loss=0.259]
  epoch 3/3:  64%|██████▎   | 56/88 [00:15<00:08,  3.64it/s, loss=0.259]
  epoch 3/3:  64%|██████▎   | 56/88 [00:15<00:08,  3.64it/s, loss=0.260]
  epoch 3/3:  65%|██████▍   | 57/88 [00:15<00:08,  3.68it/s, loss=0.260]
  epoch 3/3:  65%|██████▍   | 57/88 [00:15<00:08,  3.68it/s, loss=0.260]
  epoch 3/3:  66%|██████▌   | 58/88 [00:15<00:08,  3.70it/s, loss=0.260]
  epoch 3/3:  66%|██████▌   | 58/88 [00:16<00:08,  3.70it/s, loss=0.262]
  epoch 3/3:  67%|██████▋   | 59/88 [00:16<00:07,  3.69it/s, loss=0.262]
  epoch 3/3:  67%|██████▋   | 59/88 [00:16<00:07,  3.69it/s, loss=0.262]
  epoch 3/3:  68%|██████▊   | 60/88 [00:16<00:07,  3.70it/s, loss=0.262]
  epoch 3/3:  68%|██████▊   | 60/88 [00:16<00:07,  3.70it/s, loss=0.260]
  epoch 3/3:  69%|██████▉   | 61/88 [00:16<00:07,  3.68it/s, loss=0.260]
  epoch 3/3:  69%|██████▉   | 61/88 [00:17<00:07,  3.68it/s, loss=0.260]
  epoch 3/3:  70%|███████   | 62/88 [00:17<00:07,  3.68it/s, loss=0.260]
  epoch 3/3:  70%|███████   | 62/88 [00:17<00:07,  3.68it/s, loss=0.263]
  epoch 3/3:  72%|███████▏  | 63/88 [00:17<00:06,  3.67it/s, loss=0.263]
  epoch 3/3:  72%|███████▏  | 63/88 [00:17<00:06,  3.67it/s, loss=0.263]
  epoch 3/3:  73%|███████▎  | 64/88 [00:17<00:06,  3.67it/s, loss=0.263]
  epoch 3/3:  73%|███████▎  | 64/88 [00:17<00:06,  3.67it/s, loss=0.262]
  epoch 3/3:  74%|███████▍  | 65/88 [00:17<00:06,  3.66it/s, loss=0.262]
  epoch 3/3:  74%|███████▍  | 65/88 [00:18<00:06,  3.66it/s, loss=0.263]
  epoch 3/3:  75%|███████▌  | 66/88 [00:18<00:06,  3.66it/s, loss=0.263]
  epoch 3/3:  75%|███████▌  | 66/88 [00:18<00:06,  3.66it/s, loss=0.260]
  epoch 3/3:  76%|███████▌  | 67/88 [00:18<00:05,  3.66it/s, loss=0.260]
  epoch 3/3:  76%|███████▌  | 67/88 [00:18<00:05,  3.66it/s, loss=0.261]
  epoch 3/3:  77%|███████▋  | 68/88 [00:18<00:05,  3.65it/s, loss=0.261]
  epoch 3/3:  77%|███████▋  | 68/88 [00:18<00:05,  3.65it/s, loss=0.260]
  epoch 3/3:  78%|███████▊  | 69/88 [00:18<00:05,  3.65it/s, loss=0.260]
  epoch 3/3:  78%|███████▊  | 69/88 [00:19<00:05,  3.65it/s, loss=0.261]
  epoch 3/3:  80%|███████▉  | 70/88 [00:19<00:04,  3.66it/s, loss=0.261]
  epoch 3/3:  80%|███████▉  | 70/88 [00:19<00:04,  3.66it/s, loss=0.260]
  epoch 3/3:  81%|████████  | 71/88 [00:19<00:04,  3.68it/s, loss=0.260]
  epoch 3/3:  81%|████████  | 71/88 [00:19<00:04,  3.68it/s, loss=0.259]
  epoch 3/3:  82%|████████▏ | 72/88 [00:19<00:04,  3.64it/s, loss=0.259]
  epoch 3/3:  82%|████████▏ | 72/88 [00:20<00:04,  3.64it/s, loss=0.257]
  epoch 3/3:  83%|████████▎ | 73/88 [00:20<00:04,  3.63it/s, loss=0.257]
  epoch 3/3:  83%|████████▎ | 73/88 [00:20<00:04,  3.63it/s, loss=0.256]
  epoch 3/3:  84%|████████▍ | 74/88 [00:20<00:03,  3.65it/s, loss=0.256]
  epoch 3/3:  84%|████████▍ | 74/88 [00:20<00:03,  3.65it/s, loss=0.257]
  epoch 3/3:  85%|████████▌ | 75/88 [00:20<00:03,  3.65it/s, loss=0.257]
  epoch 3/3:  85%|████████▌ | 75/88 [00:20<00:03,  3.65it/s, loss=0.256]
  epoch 3/3:  86%|████████▋ | 76/88 [00:20<00:03,  3.67it/s, loss=0.256]
  epoch 3/3:  86%|████████▋ | 76/88 [00:21<00:03,  3.67it/s, loss=0.254]
  epoch 3/3:  88%|████████▊ | 77/88 [00:21<00:03,  3.66it/s, loss=0.254]
  epoch 3/3:  88%|████████▊ | 77/88 [00:21<00:03,  3.66it/s, loss=0.254]
  epoch 3/3:  89%|████████▊ | 78/88 [00:21<00:02,  3.66it/s, loss=0.254]
  epoch 3/3:  89%|████████▊ | 78/88 [00:21<00:02,  3.66it/s, loss=0.253]
  epoch 3/3:  90%|████████▉ | 79/88 [00:21<00:02,  3.67it/s, loss=0.253]
  epoch 3/3:  90%|████████▉ | 79/88 [00:21<00:02,  3.67it/s, loss=0.252]
  epoch 3/3:  91%|█████████ | 80/88 [00:21<00:02,  3.66it/s, loss=0.252]
  epoch 3/3:  91%|█████████ | 80/88 [00:22<00:02,  3.66it/s, loss=0.253]
  epoch 3/3:  92%|█████████▏| 81/88 [00:22<00:01,  3.68it/s, loss=0.253]
  epoch 3/3:  92%|█████████▏| 81/88 [00:22<00:01,  3.68it/s, loss=0.253]
  epoch 3/3:  93%|█████████▎| 82/88 [00:22<00:01,  3.67it/s, loss=0.253]
  epoch 3/3:  93%|█████████▎| 82/88 [00:22<00:01,  3.67it/s, loss=0.252]
  epoch 3/3:  94%|█████████▍| 83/88 [00:22<00:01,  3.67it/s, loss=0.252]
  epoch 3/3:  94%|█████████▍| 83/88 [00:23<00:01,  3.67it/s, loss=0.250]
  epoch 3/3:  95%|█████████▌| 84/88 [00:23<00:01,  3.68it/s, loss=0.250]
  epoch 3/3:  95%|█████████▌| 84/88 [00:23<00:01,  3.68it/s, loss=0.250]
  epoch 3/3:  97%|█████████▋| 85/88 [00:23<00:00,  3.68it/s, loss=0.250]
  epoch 3/3:  97%|█████████▋| 85/88 [00:23<00:00,  3.68it/s, loss=0.250]
  epoch 3/3:  98%|█████████▊| 86/88 [00:23<00:00,  3.69it/s, loss=0.250]
  epoch 3/3:  98%|█████████▊| 86/88 [00:23<00:00,  3.69it/s, loss=0.249]
  epoch 3/3:  99%|█████████▉| 87/88 [00:23<00:00,  3.71it/s, loss=0.249]
  epoch 3/3:  99%|█████████▉| 87/88 [00:24<00:00,  3.71it/s, loss=0.250]
  epoch 3/3: 100%|██████████| 88/88 [00:24<00:00,  4.01it/s, loss=0.250]
                                                                        
[titans] reset=never | norm(state) sau task = 96.8189
[titans]   self-mod v:β=1.04 |W|=1.15
[titans]   eta_t(avg)=-3.7573  alpha_t/forget-gate(avg)=0.9993
[task 1] test acc so far: 0.846  0.869
[task 1] NCM-online acc so far: 0.757  0.874
[task 1] NCM-posthoc acc so far: 0.797  0.857
[checkpoint] đã lưu tiến độ sau task 1
[task 2] classes=[20, 27, 29, 34, 37] | train=2800

  epoch 1/3:   0%|          | 0/88 [00:00<?, ?it/s]
  epoch 1/3:   0%|          | 0/88 [00:00<?, ?it/s, loss=1.882]
  epoch 1/3:   1%|          | 1/88 [00:00<00:53,  1.63it/s, loss=1.882]
  epoch 1/3:   1%|          | 1/88 [00:00<00:53,  1.63it/s, loss=1.909]
  epoch 1/3:   2%|▏         | 2/88 [00:00<00:35,  2.45it/s, loss=1.909]
  epoch 1/3:   2%|▏         | 2/88 [00:01<00:35,  2.45it/s, loss=1.905]
  epoch 1/3:   3%|▎         | 3/88 [00:01<00:29,  2.89it/s, loss=1.905]
  epoch 1/3:   3%|▎         | 3/88 [00:01<00:29,  2.89it/s, loss=1.860]
  epoch 1/3:   5%|▍         | 4/88 [00:01<00:26,  3.19it/s, loss=1.860]
  epoch 1/3:   5%|▍         | 4/88 [00:01<00:26,  3.19it/s, loss=1.828]
  epoch 1/3:   6%|▌         | 5/88 [00:01<00:24,  3.36it/s, loss=1.828]
  epoch 1/3:   6%|▌         | 5/88 [00:01<00:24,  3.36it/s, loss=1.835]
  epoch 1/3:   7%|▋         | 6/88 [00:01<00:23,  3.48it/s, loss=1.835]
  epoch 1/3:   7%|▋         | 6/88 [00:02<00:23,  3.48it/s, loss=1.829]
  epoch 1/3:   8%|▊         | 7/88 [00:02<00:22,  3.54it/s, loss=1.829]
  epoch 1/3:   8%|▊         | 7/88 [00:02<00:22,  3.54it/s, loss=1.813]
  epoch 1/3:   9%|▉         | 8/88 [00:02<00:22,  3.60it/s, loss=1.813]
  epoch 1/3:   9%|▉         | 8/88 [00:02<00:22,  3.60it/s, loss=1.789]
  epoch 1/3:  10%|█         | 9/88 [00:02<00:21,  3.64it/s, loss=1.789]
  epoch 1/3:  10%|█         | 9/88 [00:03<00:21,  3.64it/s, loss=1.791]
  epoch 1/3:  11%|█▏        | 10/88 [00:03<00:21,  3.64it/s, loss=1.791]
  epoch 1/3:  11%|█▏        | 10/88 [00:03<00:21,  3.64it/s, loss=1.790]
  epoch 1/3:  12%|█▎        | 11/88 [00:03<00:20,  3.67it/s, loss=1.790]
  epoch 1/3:  12%|█▎        | 11/88 [00:03<00:20,  3.67it/s, loss=1.789]
  epoch 1/3:  14%|█▎        | 12/88 [00:03<00:20,  3.69it/s, loss=1.789]
  epoch 1/3:  14%|█▎        | 12/88 [00:03<00:20,  3.69it/s, loss=1.788]
  epoch 1/3:  15%|█▍        | 13/88 [00:03<00:20,  3.68it/s, loss=1.788]
  epoch 1/3:  15%|█▍        | 13/88 [00:04<00:20,  3.68it/s, loss=1.782]
  epoch 1/3:  16%|█▌        | 14/88 [00:04<00:19,  3.70it/s, loss=1.782]
  epoch 1/3:  16%|█▌        | 14/88 [00:04<00:19,  3.70it/s, loss=1.781]
  epoch 1/3:  17%|█▋        | 15/88 [00:04<00:19,  3.72it/s, loss=1.781]
  epoch 1/3:  17%|█▋        | 15/88 [00:04<00:19,  3.72it/s, loss=1.776]
  epoch 1/3:  18%|█▊        | 16/88 [00:04<00:19,  3.67it/s, loss=1.776]
  epoch 1/3:  18%|█▊        | 16/88 [00:04<00:19,  3.67it/s, loss=1.770]
  epoch 1/3:  19%|█▉        | 17/88 [00:04<00:19,  3.69it/s, loss=1.770]
  epoch 1/3:  19%|█▉        | 17/88 [00:05<00:19,  3.69it/s, loss=1.770]
  epoch 1/3:  20%|██        | 18/88 [00:05<00:18,  3.71it/s, loss=1.770]
  epoch 1/3:  20%|██        | 18/88 [00:05<00:18,  3.71it/s, loss=1.765]
  epoch 1/3:  22%|██▏       | 19/88 [00:05<00:18,  3.69it/s, loss=1.765]
  epoch 1/3:  22%|██▏       | 19/88 [00:05<00:18,  3.69it/s, loss=1.757]
  epoch 1/3:  23%|██▎       | 20/88 [00:05<00:18,  3.71it/s, loss=1.757]
  epoch 1/3:  23%|██▎       | 20/88 [00:05<00:18,  3.71it/s, loss=1.754]
  epoch 1/3:  24%|██▍       | 21/88 [00:05<00:18,  3.72it/s, loss=1.754]
  epoch 1/3:  24%|██▍       | 21/88 [00:06<00:18,  3.72it/s, loss=1.748]
  epoch 1/3:  25%|██▌       | 22/88 [00:06<00:17,  3.72it/s, loss=1.748]
  epoch 1/3:  25%|██▌       | 22/88 [00:06<00:17,  3.72it/s, loss=1.748]
  epoch 1/3:  26%|██▌       | 23/88 [00:06<00:17,  3.71it/s, loss=1.748]
  epoch 1/3:  26%|██▌       | 23/88 [00:06<00:17,  3.71it/s, loss=1.742]
  epoch 1/3:  27%|██▋       | 24/88 [00:06<00:17,  3.73it/s, loss=1.742]
  epoch 1/3:  27%|██▋       | 24/88 [00:07<00:17,  3.73it/s, loss=1.737]
  epoch 1/3:  28%|██▊       | 25/88 [00:07<00:16,  3.73it/s, loss=1.737]
  epoch 1/3:  28%|██▊       | 25/88 [00:07<00:16,  3.73it/s, loss=1.728]
  epoch 1/3:  30%|██▉       | 26/88 [00:07<00:16,  3.72it/s, loss=1.728]
  epoch 1/3:  30%|██▉       | 26/88 [00:07<00:16,  3.72it/s, loss=1.718]
  epoch 1/3:  31%|███       | 27/88 [00:07<00:16,  3.71it/s, loss=1.718]
  epoch 1/3:  31%|███       | 27/88 [00:07<00:16,  3.71it/s, loss=1.712]
  epoch 1/3:  32%|███▏      | 28/88 [00:07<00:16,  3.72it/s, loss=1.712]
  epoch 1/3:  32%|███▏      | 28/88 [00:08<00:16,  3.72it/s, loss=1.707]
  epoch 1/3:  33%|███▎      | 29/88 [00:08<00:15,  3.72it/s, loss=1.707]
  epoch 1/3:  33%|███▎      | 29/88 [00:08<00:15,  3.72it/s, loss=1.699]
  epoch 1/3:  34%|███▍      | 30/88 [00:08<00:15,  3.71it/s, loss=1.699]
  epoch 1/3:  34%|███▍      | 30/88 [00:08<00:15,  3.71it/s, loss=1.691]
  epoch 1/3:  35%|███▌      | 31/88 [00:08<00:15,  3.72it/s, loss=1.691]
  epoch 1/3:  35%|███▌      | 31/88 [00:08<00:15,  3.72it/s, loss=1.684]
  epoch 1/3:  36%|███▋      | 32/88 [00:08<00:15,  3.65it/s, loss=1.684]
  epoch 1/3:  36%|███▋      | 32/88 [00:09<00:15,  3.65it/s, loss=1.671]
  epoch 1/3:  38%|███▊      | 33/88 [00:09<00:14,  3.68it/s, loss=1.671]
  epoch 1/3:  38%|███▊      | 33/88 [00:09<00:14,  3.68it/s, loss=1.664]
  epoch 1/3:  39%|███▊      | 34/88 [00:09<00:14,  3.70it/s, loss=1.664]
  epoch 1/3:  39%|███▊      | 34/88 [00:09<00:14,  3.70it/s, loss=1.655]
  epoch 1/3:  40%|███▉      | 35/88 [00:09<00:14,  3.70it/s, loss=1.655]
  epoch 1/3:  40%|███▉      | 35/88 [00:10<00:14,  3.70it/s, loss=1.648]
  epoch 1/3:  41%|████      | 36/88 [00:10<00:13,  3.72it/s, loss=1.648]
  epoch 1/3:  41%|████      | 36/88 [00:10<00:13,  3.72it/s, loss=1.640]
  epoch 1/3:  42%|████▏     | 37/88 [00:10<00:13,  3.70it/s, loss=1.640]
  epoch 1/3:  42%|████▏     | 37/88 [00:10<00:13,  3.70it/s, loss=1.638]
  epoch 1/3:  43%|████▎     | 38/88 [00:10<00:13,  3.70it/s, loss=1.638]
  epoch 1/3:  43%|████▎     | 38/88 [00:10<00:13,  3.70it/s, loss=1.634]
  epoch 1/3:  44%|████▍     | 39/88 [00:10<00:13,  3.71it/s, loss=1.634]
  epoch 1/3:  44%|████▍     | 39/88 [00:11<00:13,  3.71it/s, loss=1.629]
  epoch 1/3:  45%|████▌     | 40/88 [00:11<00:12,  3.72it/s, loss=1.629]
  epoch 1/3:  45%|████▌     | 40/88 [00:11<00:12,  3.72it/s, loss=1.622]
  epoch 1/3:  47%|████▋     | 41/88 [00:11<00:12,  3.71it/s, loss=1.622]
  epoch 1/3:  47%|████▋     | 41/88 [00:11<00:12,  3.71it/s, loss=1.618]
  epoch 1/3:  48%|████▊     | 42/88 [00:11<00:12,  3.70it/s, loss=1.618]
  epoch 1/3:  48%|████▊     | 42/88 [00:11<00:12,  3.70it/s, loss=1.609]
  epoch 1/3:  49%|████▉     | 43/88 [00:11<00:12,  3.71it/s, loss=1.609]
  epoch 1/3:  49%|████▉     | 43/88 [00:12<00:12,  3.71it/s, loss=1.604]
  epoch 1/3:  50%|█████     | 44/88 [00:12<00:11,  3.72it/s, loss=1.604]
  epoch 1/3:  50%|█████     | 44/88 [00:12<00:11,  3.72it/s, loss=1.597]
  epoch 1/3:  51%|█████     | 45/88 [00:12<00:11,  3.71it/s, loss=1.597]
  epoch 1/3:  51%|█████     | 45/88 [00:12<00:11,  3.71it/s, loss=1.589]
  epoch 1/3:  52%|█████▏    | 46/88 [00:12<00:11,  3.72it/s, loss=1.589]
  epoch 1/3:  52%|█████▏    | 46/88 [00:13<00:11,  3.72it/s, loss=1.583]
  epoch 1/3:  53%|█████▎    | 47/88 [00:13<00:11,  3.72it/s, loss=1.583]
  epoch 1/3:  53%|█████▎    | 47/88 [00:13<00:11,  3.72it/s, loss=1.575]
  epoch 1/3:  55%|█████▍    | 48/88 [00:13<00:10,  3.66it/s, loss=1.575]
  epoch 1/3:  55%|█████▍    | 48/88 [00:13<00:10,  3.66it/s, loss=1.569]
  epoch 1/3:  56%|█████▌    | 49/88 [00:13<00:10,  3.68it/s, loss=1.569]
  epoch 1/3:  56%|█████▌    | 49/88 [00:13<00:10,  3.68it/s, loss=1.563]
  epoch 1/3:  57%|█████▋    | 50/88 [00:13<00:10,  3.68it/s, loss=1.563]
  epoch 1/3:  57%|█████▋    | 50/88 [00:14<00:10,  3.68it/s, loss=1.554]
  epoch 1/3:  58%|█████▊    | 51/88 [00:14<00:10,  3.69it/s, loss=1.554]
  epoch 1/3:  58%|█████▊    | 51/88 [00:14<00:10,  3.69it/s, loss=1.545]
  epoch 1/3:  59%|█████▉    | 52/88 [00:14<00:09,  3.70it/s, loss=1.545]
  epoch 1/3:  59%|█████▉    | 52/88 [00:14<00:09,  3.70it/s, loss=1.539]
  epoch 1/3:  60%|██████    | 53/88 [00:14<00:09,  3.69it/s, loss=1.539]
  epoch 1/3:  60%|██████    | 53/88 [00:14<00:09,  3.69it/s, loss=1.531]
  epoch 1/3:  61%|██████▏   | 54/88 [00:14<00:09,  3.68it/s, loss=1.531]
  epoch 1/3:  61%|██████▏   | 54/88 [00:15<00:09,  3.68it/s, loss=1.523]
  epoch 1/3:  62%|██████▎   | 55/88 [00:15<00:08,  3.69it/s, loss=1.523]
  epoch 1/3:  62%|██████▎   | 55/88 [00:15<00:08,  3.69it/s, loss=1.517]
  epoch 1/3:  64%|██████▎   | 56/88 [00:15<00:08,  3.71it/s, loss=1.517]
  epoch 1/3:  64%|██████▎   | 56/88 [00:15<00:08,  3.71it/s, loss=1.509]
  epoch 1/3:  65%|██████▍   | 57/88 [00:15<00:08,  3.69it/s, loss=1.509]
  epoch 1/3:  65%|██████▍   | 57/88 [00:15<00:08,  3.69it/s, loss=1.502]
  epoch 1/3:  66%|██████▌   | 58/88 [00:15<00:08,  3.68it/s, loss=1.502]
  epoch 1/3:  66%|██████▌   | 58/88 [00:16<00:08,  3.68it/s, loss=1.495]
  epoch 1/3:  67%|██████▋   | 59/88 [00:16<00:07,  3.68it/s, loss=1.495]
  epoch 1/3:  67%|██████▋   | 59/88 [00:16<00:07,  3.68it/s, loss=1.487]
  epoch 1/3:  68%|██████▊   | 60/88 [00:16<00:07,  3.67it/s, loss=1.487]
  epoch 1/3:  68%|██████▊   | 60/88 [00:16<00:07,  3.67it/s, loss=1.481]
  epoch 1/3:  69%|██████▉   | 61/88 [00:16<00:07,  3.66it/s, loss=1.481]
  epoch 1/3:  69%|██████▉   | 61/88 [00:17<00:07,  3.66it/s, loss=1.474]
  epoch 1/3:  70%|███████   | 62/88 [00:17<00:07,  3.66it/s, loss=1.474]
  epoch 1/3:  70%|███████   | 62/88 [00:17<00:07,  3.66it/s, loss=1.467]
  epoch 1/3:  72%|███████▏  | 63/88 [00:17<00:06,  3.64it/s, loss=1.467]
  epoch 1/3:  72%|███████▏  | 63/88 [00:17<00:06,  3.64it/s, loss=1.462]
  epoch 1/3:  73%|███████▎  | 64/88 [00:17<00:06,  3.62it/s, loss=1.462]
  epoch 1/3:  73%|███████▎  | 64/88 [00:17<00:06,  3.62it/s, loss=1.455]
  epoch 1/3:  74%|███████▍  | 65/88 [00:17<00:06,  3.63it/s, loss=1.455]
  epoch 1/3:  74%|███████▍  | 65/88 [00:18<00:06,  3.63it/s, loss=1.447]
  epoch 1/3:  75%|███████▌  | 66/88 [00:18<00:06,  3.62it/s, loss=1.447]
  epoch 1/3:  75%|███████▌  | 66/88 [00:18<00:06,  3.62it/s, loss=1.441]
  epoch 1/3:  76%|███████▌  | 67/88 [00:18<00:05,  3.64it/s, loss=1.441]
  epoch 1/3:  76%|███████▌  | 67/88 [00:18<00:05,  3.64it/s, loss=1.435]
  epoch 1/3:  77%|███████▋  | 68/88 [00:18<00:05,  3.64it/s, loss=1.435]
  epoch 1/3:  77%|███████▋  | 68/88 [00:19<00:05,  3.64it/s, loss=1.426]
  epoch 1/3:  78%|███████▊  | 69/88 [00:19<00:05,  3.66it/s, loss=1.426]
  epoch 1/3:  78%|███████▊  | 69/88 [00:19<00:05,  3.66it/s, loss=1.419]
  epoch 1/3:  80%|███████▉  | 70/88 [00:19<00:04,  3.65it/s, loss=1.419]
  epoch 1/3:  80%|███████▉  | 70/88 [00:19<00:04,  3.65it/s, loss=1.412]
  epoch 1/3:  81%|████████  | 71/88 [00:19<00:04,  3.66it/s, loss=1.412]
  epoch 1/3:  81%|████████  | 71/88 [00:19<00:04,  3.66it/s, loss=1.404]
  epoch 1/3:  82%|████████▏ | 72/88 [00:19<00:04,  3.65it/s, loss=1.404]
  epoch 1/3:  82%|████████▏ | 72/88 [00:20<00:04,  3.65it/s, loss=1.396]
  epoch 1/3:  83%|████████▎ | 73/88 [00:20<00:04,  3.67it/s, loss=1.396]
  epoch 1/3:  83%|████████▎ | 73/88 [00:20<00:04,  3.67it/s, loss=1.389]
  epoch 1/3:  84%|████████▍ | 74/88 [00:20<00:03,  3.65it/s, loss=1.389]
  epoch 1/3:  84%|████████▍ | 74/88 [00:20<00:03,  3.65it/s, loss=1.381]
  epoch 1/3:  85%|████████▌ | 75/88 [00:20<00:03,  3.66it/s, loss=1.381]
  epoch 1/3:  85%|████████▌ | 75/88 [00:20<00:03,  3.66it/s, loss=1.375]
  epoch 1/3:  86%|████████▋ | 76/88 [00:20<00:03,  3.65it/s, loss=1.375]
  epoch 1/3:  86%|████████▋ | 76/88 [00:21<00:03,  3.65it/s, loss=1.368]
  epoch 1/3:  88%|████████▊ | 77/88 [00:21<00:03,  3.66it/s, loss=1.368]
  epoch 1/3:  88%|████████▊ | 77/88 [00:21<00:03,  3.66it/s, loss=1.362]
  epoch 1/3:  89%|████████▊ | 78/88 [00:21<00:02,  3.65it/s, loss=1.362]
  epoch 1/3:  89%|████████▊ | 78/88 [00:21<00:02,  3.65it/s, loss=1.356]
  epoch 1/3:  90%|████████▉ | 79/88 [00:21<00:02,  3.66it/s, loss=1.356]
  epoch 1/3:  90%|████████▉ | 79/88 [00:22<00:02,  3.66it/s, loss=1.348]
  epoch 1/3:  91%|█████████ | 80/88 [00:22<00:02,  3.61it/s, loss=1.348]
  epoch 1/3:  91%|█████████ | 80/88 [00:22<00:02,  3.61it/s, loss=1.340]
  epoch 1/3:  92%|█████████▏| 81/88 [00:22<00:01,  3.61it/s, loss=1.340]
  epoch 1/3:  92%|█████████▏| 81/88 [00:22<00:01,  3.61it/s, loss=1.334]
  epoch 1/3:  93%|█████████▎| 82/88 [00:22<00:01,  3.64it/s, loss=1.334]
  epoch 1/3:  93%|█████████▎| 82/88 [00:22<00:01,  3.64it/s, loss=1.326]
  epoch 1/3:  94%|█████████▍| 83/88 [00:22<00:01,  3.64it/s, loss=1.326]
  epoch 1/3:  94%|█████████▍| 83/88 [00:23<00:01,  3.64it/s, loss=1.320]
  epoch 1/3:  95%|█████████▌| 84/88 [00:23<00:01,  3.65it/s, loss=1.320]
  epoch 1/3:  95%|█████████▌| 84/88 [00:23<00:01,  3.65it/s, loss=1.313]
  epoch 1/3:  97%|█████████▋| 85/88 [00:23<00:00,  3.67it/s, loss=1.313]
  epoch 1/3:  97%|█████████▋| 85/88 [00:23<00:00,  3.67it/s, loss=1.306]
  epoch 1/3:  98%|█████████▊| 86/88 [00:23<00:00,  3.67it/s, loss=1.306]
  epoch 1/3:  98%|█████████▊| 86/88 [00:23<00:00,  3.67it/s, loss=1.300]
  epoch 1/3:  99%|█████████▉| 87/88 [00:23<00:00,  3.69it/s, loss=1.300]
  epoch 1/3:  99%|█████████▉| 87/88 [00:24<00:00,  3.69it/s, loss=1.296]
  epoch 1/3: 100%|██████████| 88/88 [00:24<00:00,  4.04it/s, loss=1.296]
                                                                        

  epoch 2/3:   0%|          | 0/88 [00:00<?, ?it/s]
  epoch 2/3:   0%|          | 0/88 [00:00<?, ?it/s, loss=0.689]
  epoch 2/3:   1%|          | 1/88 [00:00<00:48,  1.80it/s, loss=0.689]
  epoch 2/3:   1%|          | 1/88 [00:00<00:48,  1.80it/s, loss=0.680]
  epoch 2/3:   2%|▏         | 2/88 [00:00<00:33,  2.58it/s, loss=0.680]
  epoch 2/3:   2%|▏         | 2/88 [00:01<00:33,  2.58it/s, loss=0.681]
  epoch 2/3:   3%|▎         | 3/88 [00:01<00:28,  2.99it/s, loss=0.681]
  epoch 2/3:   3%|▎         | 3/88 [00:01<00:28,  2.99it/s, loss=0.657]
  epoch 2/3:   5%|▍         | 4/88 [00:01<00:26,  3.21it/s, loss=0.657]
  epoch 2/3:   5%|▍         | 4/88 [00:01<00:26,  3.21it/s, loss=0.654]
  epoch 2/3:   6%|▌         | 5/88 [00:01<00:24,  3.38it/s, loss=0.654]
  epoch 2/3:   6%|▌         | 5/88 [00:01<00:24,  3.38it/s, loss=0.652]
  epoch 2/3:   7%|▋         | 6/88 [00:01<00:23,  3.46it/s, loss=0.652]
  epoch 2/3:   7%|▋         | 6/88 [00:02<00:23,  3.46it/s, loss=0.635]
  epoch 2/3:   8%|▊         | 7/88 [00:02<00:22,  3.55it/s, loss=0.635]
  epoch 2/3:   8%|▊         | 7/88 [00:02<00:22,  3.55it/s, loss=0.634]
  epoch 2/3:   9%|▉         | 8/88 [00:02<00:22,  3.53it/s, loss=0.634]
  epoch 2/3:   9%|▉         | 8/88 [00:02<00:22,  3.53it/s, loss=0.635]
  epoch 2/3:  10%|█         | 9/88 [00:02<00:22,  3.57it/s, loss=0.635]
  epoch 2/3:  10%|█         | 9/88 [00:03<00:22,  3.57it/s, loss=0.628]
  epoch 2/3:  11%|█▏        | 10/88 [00:03<00:21,  3.60it/s, loss=0.628]
  epoch 2/3:  11%|█▏        | 10/88 [00:03<00:21,  3.60it/s, loss=0.627]
  epoch 2/3:  12%|█▎        | 11/88 [00:03<00:21,  3.63it/s, loss=0.627]
  epoch 2/3:  12%|█▎        | 11/88 [00:03<00:21,  3.63it/s, loss=0.631]
  epoch 2/3:  14%|█▎        | 12/88 [00:03<00:20,  3.64it/s, loss=0.631]
  epoch 2/3:  14%|█▎        | 12/88 [00:03<00:20,  3.64it/s, loss=0.632]
  epoch 2/3:  15%|█▍        | 13/88 [00:03<00:20,  3.66it/s, loss=0.632]
  epoch 2/3:  15%|█▍        | 13/88 [00:04<00:20,  3.66it/s, loss=0.631]
  epoch 2/3:  16%|█▌        | 14/88 [00:04<00:20,  3.66it/s, loss=0.631]
  epoch 2/3:  16%|█▌        | 14/88 [00:04<00:20,  3.66it/s, loss=0.629]
  epoch 2/3:  17%|█▋        | 15/88 [00:04<00:19,  3.68it/s, loss=0.629]
  epoch 2/3:  17%|█▋        | 15/88 [00:04<00:19,  3.68it/s, loss=0.630]
  epoch 2/3:  18%|█▊        | 16/88 [00:04<00:19,  3.65it/s, loss=0.630]
  epoch 2/3:  18%|█▊        | 16/88 [00:04<00:19,  3.65it/s, loss=0.629]
  epoch 2/3:  19%|█▉        | 17/88 [00:04<00:19,  3.65it/s, loss=0.629]
  epoch 2/3:  19%|█▉        | 17/88 [00:05<00:19,  3.65it/s, loss=0.628]
  epoch 2/3:  20%|██        | 18/88 [00:05<00:19,  3.65it/s, loss=0.628]
  epoch 2/3:  20%|██        | 18/88 [00:05<00:19,  3.65it/s, loss=0.629]
  epoch 2/3:  22%|██▏       | 19/88 [00:05<00:18,  3.66it/s, loss=0.629]
  epoch 2/3:  22%|██▏       | 19/88 [00:05<00:18,  3.66it/s, loss=0.622]
  epoch 2/3:  23%|██▎       | 20/88 [00:05<00:18,  3.65it/s, loss=0.622]
  epoch 2/3:  23%|██▎       | 20/88 [00:06<00:18,  3.65it/s, loss=0.618]
  epoch 2/3:  24%|██▍       | 21/88 [00:06<00:18,  3.67it/s, loss=0.618]
  epoch 2/3:  24%|██▍       | 21/88 [00:06<00:18,  3.67it/s, loss=0.618]
  epoch 2/3:  25%|██▌       | 22/88 [00:06<00:18,  3.65it/s, loss=0.618]
  epoch 2/3:  25%|██▌       | 22/88 [00:06<00:18,  3.65it/s, loss=0.617]
  epoch 2/3:  26%|██▌       | 23/88 [00:06<00:17,  3.67it/s, loss=0.617]
  epoch 2/3:  26%|██▌       | 23/88 [00:06<00:17,  3.67it/s, loss=0.614]
  epoch 2/3:  27%|██▋       | 24/88 [00:06<00:17,  3.62it/s, loss=0.614]
  epoch 2/3:  27%|██▋       | 24/88 [00:07<00:17,  3.62it/s, loss=0.607]
  epoch 2/3:  28%|██▊       | 25/88 [00:07<00:17,  3.62it/s, loss=0.607]
  epoch 2/3:  28%|██▊       | 25/88 [00:07<00:17,  3.62it/s, loss=0.604]
  epoch 2/3:  30%|██▉       | 26/88 [00:07<00:17,  3.64it/s, loss=0.604]
  epoch 2/3:  30%|██▉       | 26/88 [00:07<00:17,  3.64it/s, loss=0.600]
  epoch 2/3:  31%|███       | 27/88 [00:07<00:16,  3.64it/s, loss=0.600]
  epoch 2/3:  31%|███       | 27/88 [00:07<00:16,  3.64it/s, loss=0.596]
  epoch 2/3:  32%|███▏      | 28/88 [00:07<00:16,  3.65it/s, loss=0.596]
  epoch 2/3:  32%|███▏      | 28/88 [00:08<00:16,  3.65it/s, loss=0.592]
  epoch 2/3:  33%|███▎      | 29/88 [00:08<00:16,  3.64it/s, loss=0.592]
  epoch 2/3:  33%|███▎      | 29/88 [00:08<00:16,  3.64it/s, loss=0.588]
  epoch 2/3:  34%|███▍      | 30/88 [00:08<00:15,  3.66it/s, loss=0.588]
  epoch 2/3:  34%|███▍      | 30/88 [00:08<00:15,  3.66it/s, loss=0.585]
  epoch 2/3:  35%|███▌      | 31/88 [00:08<00:15,  3.66it/s, loss=0.585]
  epoch 2/3:  35%|███▌      | 31/88 [00:09<00:15,  3.66it/s, loss=0.580]
  epoch 2/3:  36%|███▋      | 32/88 [00:09<00:15,  3.66it/s, loss=0.580]
  epoch 2/3:  36%|███▋      | 32/88 [00:09<00:15,  3.66it/s, loss=0.577]
  epoch 2/3:  38%|███▊      | 33/88 [00:09<00:15,  3.65it/s, loss=0.577]
  epoch 2/3:  38%|███▊      | 33/88 [00:09<00:15,  3.65it/s, loss=0.574]
  epoch 2/3:  39%|███▊      | 34/88 [00:09<00:14,  3.66it/s, loss=0.574]
  epoch 2/3:  39%|███▊      | 34/88 [00:09<00:14,  3.66it/s, loss=0.570]
  epoch 2/3:  40%|███▉      | 35/88 [00:09<00:14,  3.65it/s, loss=0.570]
  epoch 2/3:  40%|███▉      | 35/88 [00:10<00:14,  3.65it/s, loss=0.568]
  epoch 2/3:  41%|████      | 36/88 [00:10<00:14,  3.66it/s, loss=0.568]
  epoch 2/3:  41%|████      | 36/88 [00:10<00:14,  3.66it/s, loss=0.565]
  epoch 2/3:  42%|████▏     | 37/88 [00:10<00:13,  3.65it/s, loss=0.565]
  epoch 2/3:  42%|████▏     | 37/88 [00:10<00:13,  3.65it/s, loss=0.559]
  epoch 2/3:  43%|████▎     | 38/88 [00:10<00:13,  3.65it/s, loss=0.559]
  epoch 2/3:  43%|████▎     | 38/88 [00:10<00:13,  3.65it/s, loss=0.556]
  epoch 2/3:  44%|████▍     | 39/88 [00:10<00:13,  3.64it/s, loss=0.556]
  epoch 2/3:  44%|████▍     | 39/88 [00:11<00:13,  3.64it/s, loss=0.550]
  epoch 2/3:  45%|████▌     | 40/88 [00:11<00:13,  3.61it/s, loss=0.550]
  epoch 2/3:  45%|████▌     | 40/88 [00:11<00:13,  3.61it/s, loss=0.546]
  epoch 2/3:  47%|████▋     | 41/88 [00:11<00:12,  3.63it/s, loss=0.546]
  epoch 2/3:  47%|████▋     | 41/88 [00:11<00:12,  3.63it/s, loss=0.543]
  epoch 2/3:  48%|████▊     | 42/88 [00:11<00:12,  3.63it/s, loss=0.543]
  epoch 2/3:  48%|████▊     | 42/88 [00:12<00:12,  3.63it/s, loss=0.540]
  epoch 2/3:  49%|████▉     | 43/88 [00:12<00:12,  3.65it/s, loss=0.540]
  epoch 2/3:  49%|████▉     | 43/88 [00:12<00:12,  3.65it/s, loss=0.535]
  epoch 2/3:  50%|█████     | 44/88 [00:12<00:12,  3.64it/s, loss=0.535]
  epoch 2/3:  50%|█████     | 44/88 [00:12<00:12,  3.64it/s, loss=0.535]
  epoch 2/3:  51%|█████     | 45/88 [00:12<00:11,  3.65it/s, loss=0.535]
  epoch 2/3:  51%|█████     | 45/88 [00:12<00:11,  3.65it/s, loss=0.535]
  epoch 2/3:  52%|█████▏    | 46/88 [00:12<00:11,  3.64it/s, loss=0.535]
  epoch 2/3:  52%|█████▏    | 46/88 [00:13<00:11,  3.64it/s, loss=0.534]
  epoch 2/3:  53%|█████▎    | 47/88 [00:13<00:11,  3.65it/s, loss=0.534]
  epoch 2/3:  53%|█████▎    | 47/88 [00:13<00:11,  3.65it/s, loss=0.529]
  epoch 2/3:  55%|█████▍    | 48/88 [00:13<00:10,  3.64it/s, loss=0.529]
  epoch 2/3:  55%|█████▍    | 48/88 [00:13<00:10,  3.64it/s, loss=0.526]
  epoch 2/3:  56%|█████▌    | 49/88 [00:13<00:10,  3.65it/s, loss=0.526]
  epoch 2/3:  56%|█████▌    | 49/88 [00:13<00:10,  3.65it/s, loss=0.527]
  epoch 2/3:  57%|█████▋    | 50/88 [00:13<00:10,  3.64it/s, loss=0.527]
  epoch 2/3:  57%|█████▋    | 50/88 [00:14<00:10,  3.64it/s, loss=0.524]
  epoch 2/3:  58%|█████▊    | 51/88 [00:14<00:10,  3.66it/s, loss=0.524]
  epoch 2/3:  58%|█████▊    | 51/88 [00:14<00:10,  3.66it/s, loss=0.520]
  epoch 2/3:  59%|█████▉    | 52/88 [00:14<00:09,  3.65it/s, loss=0.520]
  epoch 2/3:  59%|█████▉    | 52/88 [00:14<00:09,  3.65it/s, loss=0.519]
  epoch 2/3:  60%|██████    | 53/88 [00:14<00:09,  3.66it/s, loss=0.519]
  epoch 2/3:  60%|██████    | 53/88 [00:15<00:09,  3.66it/s, loss=0.516]
  epoch 2/3:  61%|██████▏   | 54/88 [00:15<00:09,  3.65it/s, loss=0.516]
  epoch 2/3:  61%|██████▏   | 54/88 [00:15<00:09,  3.65it/s, loss=0.514]
  epoch 2/3:  62%|██████▎   | 55/88 [00:15<00:09,  3.66it/s, loss=0.514]
  epoch 2/3:  62%|██████▎   | 55/88 [00:15<00:09,  3.66it/s, loss=0.510]
  epoch 2/3:  64%|██████▎   | 56/88 [00:15<00:08,  3.60it/s, loss=0.510]
  epoch 2/3:  64%|██████▎   | 56/88 [00:15<00:08,  3.60it/s, loss=0.507]
  epoch 2/3:  65%|██████▍   | 57/88 [00:15<00:08,  3.61it/s, loss=0.507]
  epoch 2/3:  65%|██████▍   | 57/88 [00:16<00:08,  3.61it/s, loss=0.504]
  epoch 2/3:  66%|██████▌   | 58/88 [00:16<00:08,  3.64it/s, loss=0.504]
  epoch 2/3:  66%|██████▌   | 58/88 [00:16<00:08,  3.64it/s, loss=0.500]
  epoch 2/3:  67%|██████▋   | 59/88 [00:16<00:07,  3.63it/s, loss=0.500]
  epoch 2/3:  67%|██████▋   | 59/88 [00:16<00:07,  3.63it/s, loss=0.497]
  epoch 2/3:  68%|██████▊   | 60/88 [00:16<00:07,  3.65it/s, loss=0.497]
  epoch 2/3:  68%|██████▊   | 60/88 [00:16<00:07,  3.65it/s, loss=0.494]
  epoch 2/3:  69%|██████▉   | 61/88 [00:16<00:07,  3.64it/s, loss=0.494]
  epoch 2/3:  69%|██████▉   | 61/88 [00:17<00:07,  3.64it/s, loss=0.491]
  epoch 2/3:  70%|███████   | 62/88 [00:17<00:07,  3.65it/s, loss=0.491]
  epoch 2/3:  70%|███████   | 62/88 [00:17<00:07,  3.65it/s, loss=0.487]
  epoch 2/3:  72%|███████▏  | 63/88 [00:17<00:06,  3.65it/s, loss=0.487]
  epoch 2/3:  72%|███████▏  | 63/88 [00:17<00:06,  3.65it/s, loss=0.485]
  epoch 2/3:  73%|███████▎  | 64/88 [00:17<00:06,  3.65it/s, loss=0.485]
  epoch 2/3:  73%|███████▎  | 64/88 [00:18<00:06,  3.65it/s, loss=0.482]
  epoch 2/3:  74%|███████▍  | 65/88 [00:18<00:06,  3.64it/s, loss=0.482]
  epoch 2/3:  74%|███████▍  | 65/88 [00:18<00:06,  3.64it/s, loss=0.479]
  epoch 2/3:  75%|███████▌  | 66/88 [00:18<00:06,  3.66it/s, loss=0.479]
  epoch 2/3:  75%|███████▌  | 66/88 [00:18<00:06,  3.66it/s, loss=0.477]
  epoch 2/3:  76%|███████▌  | 67/88 [00:18<00:05,  3.65it/s, loss=0.477]
  epoch 2/3:  76%|███████▌  | 67/88 [00:18<00:05,  3.65it/s, loss=0.475]
  epoch 2/3:  77%|███████▋  | 68/88 [00:18<00:05,  3.66it/s, loss=0.475]
  epoch 2/3:  77%|███████▋  | 68/88 [00:19<00:05,  3.66it/s, loss=0.473]
  epoch 2/3:  78%|███████▊  | 69/88 [00:19<00:05,  3.65it/s, loss=0.473]
  epoch 2/3:  78%|███████▊  | 69/88 [00:19<00:05,  3.65it/s, loss=0.471]
  epoch 2/3:  80%|███████▉  | 70/88 [00:19<00:04,  3.66it/s, loss=0.471]
  epoch 2/3:  80%|███████▉  | 70/88 [00:19<00:04,  3.66it/s, loss=0.467]
  epoch 2/3:  81%|████████  | 71/88 [00:19<00:04,  3.64it/s, loss=0.467]
  epoch 2/3:  81%|████████  | 71/88 [00:20<00:04,  3.64it/s, loss=0.466]
  epoch 2/3:  82%|████████▏ | 72/88 [00:20<00:04,  3.61it/s, loss=0.466]
  epoch 2/3:  82%|████████▏ | 72/88 [00:20<00:04,  3.61it/s, loss=0.464]
  epoch 2/3:  83%|████████▎ | 73/88 [00:20<00:04,  3.63it/s, loss=0.464]
  epoch 2/3:  83%|████████▎ | 73/88 [00:20<00:04,  3.63it/s, loss=0.461]
  epoch 2/3:  84%|████████▍ | 74/88 [00:20<00:03,  3.65it/s, loss=0.461]
  epoch 2/3:  84%|████████▍ | 74/88 [00:20<00:03,  3.65it/s, loss=0.459]
  epoch 2/3:  85%|████████▌ | 75/88 [00:20<00:03,  3.66it/s, loss=0.459]
  epoch 2/3:  85%|████████▌ | 75/88 [00:21<00:03,  3.66it/s, loss=0.456]
  epoch 2/3:  86%|████████▋ | 76/88 [00:21<00:03,  3.67it/s, loss=0.456]
  epoch 2/3:  86%|████████▋ | 76/88 [00:21<00:03,  3.67it/s, loss=0.455]
  epoch 2/3:  88%|████████▊ | 77/88 [00:21<00:02,  3.67it/s, loss=0.455]
  epoch 2/3:  88%|████████▊ | 77/88 [00:21<00:02,  3.67it/s, loss=0.453]
  epoch 2/3:  89%|████████▊ | 78/88 [00:21<00:02,  3.67it/s, loss=0.453]
  epoch 2/3:  89%|████████▊ | 78/88 [00:21<00:02,  3.67it/s, loss=0.450]
  epoch 2/3:  90%|████████▉ | 79/88 [00:21<00:02,  3.67it/s, loss=0.450]
  epoch 2/3:  90%|████████▉ | 79/88 [00:22<00:02,  3.67it/s, loss=0.448]
  epoch 2/3:  91%|█████████ | 80/88 [00:22<00:02,  3.66it/s, loss=0.448]
  epoch 2/3:  91%|█████████ | 80/88 [00:22<00:02,  3.66it/s, loss=0.446]
  epoch 2/3:  92%|█████████▏| 81/88 [00:22<00:01,  3.69it/s, loss=0.446]
  epoch 2/3:  92%|█████████▏| 81/88 [00:22<00:01,  3.69it/s, loss=0.444]
  epoch 2/3:  93%|█████████▎| 82/88 [00:22<00:01,  3.69it/s, loss=0.444]
  epoch 2/3:  93%|█████████▎| 82/88 [00:23<00:01,  3.69it/s, loss=0.443]
  epoch 2/3:  94%|█████████▍| 83/88 [00:23<00:01,  3.69it/s, loss=0.443]
  epoch 2/3:  94%|█████████▍| 83/88 [00:23<00:01,  3.69it/s, loss=0.440]
  epoch 2/3:  95%|█████████▌| 84/88 [00:23<00:01,  3.69it/s, loss=0.440]
  epoch 2/3:  95%|█████████▌| 84/88 [00:23<00:01,  3.69it/s, loss=0.439]
  epoch 2/3:  97%|█████████▋| 85/88 [00:23<00:00,  3.68it/s, loss=0.439]
  epoch 2/3:  97%|█████████▋| 85/88 [00:23<00:00,  3.68it/s, loss=0.436]
  epoch 2/3:  98%|█████████▊| 86/88 [00:23<00:00,  3.68it/s, loss=0.436]
  epoch 2/3:  98%|█████████▊| 86/88 [00:24<00:00,  3.68it/s, loss=0.434]
  epoch 2/3:  99%|█████████▉| 87/88 [00:24<00:00,  3.70it/s, loss=0.434]
  epoch 2/3:  99%|█████████▉| 87/88 [00:24<00:00,  3.70it/s, loss=0.433]
  epoch 2/3: 100%|██████████| 88/88 [00:24<00:00,  3.99it/s, loss=0.433]
                                                                        

  epoch 3/3:   0%|          | 0/88 [00:00<?, ?it/s]
  epoch 3/3:   0%|          | 0/88 [00:00<?, ?it/s, loss=0.234]
  epoch 3/3:   1%|          | 1/88 [00:00<00:47,  1.85it/s, loss=0.234]
  epoch 3/3:   1%|          | 1/88 [00:00<00:47,  1.85it/s, loss=0.213]
  epoch 3/3:   2%|▏         | 2/88 [00:00<00:33,  2.59it/s, loss=0.213]
  epoch 3/3:   2%|▏         | 2/88 [00:01<00:33,  2.59it/s, loss=0.223]
  epoch 3/3:   3%|▎         | 3/88 [00:01<00:28,  2.99it/s, loss=0.223]
  epoch 3/3:   3%|▎         | 3/88 [00:01<00:28,  2.99it/s, loss=0.239]
  epoch 3/3:   5%|▍         | 4/88 [00:01<00:26,  3.22it/s, loss=0.239]
  epoch 3/3:   5%|▍         | 4/88 [00:01<00:26,  3.22it/s, loss=0.234]
  epoch 3/3:   6%|▌         | 5/88 [00:01<00:24,  3.37it/s, loss=0.234]
  epoch 3/3:   6%|▌         | 5/88 [00:01<00:24,  3.37it/s, loss=0.228]
  epoch 3/3:   7%|▋         | 6/88 [00:01<00:23,  3.48it/s, loss=0.228]
  epoch 3/3:   7%|▋         | 6/88 [00:02<00:23,  3.48it/s, loss=0.232]
  epoch 3/3:   8%|▊         | 7/88 [00:02<00:22,  3.55it/s, loss=0.232]
  epoch 3/3:   8%|▊         | 7/88 [00:02<00:22,  3.55it/s, loss=0.236]
  epoch 3/3:   9%|▉         | 8/88 [00:02<00:22,  3.60it/s, loss=0.236]
  epoch 3/3:   9%|▉         | 8/88 [00:02<00:22,  3.60it/s, loss=0.226]
  epoch 3/3:  10%|█         | 9/88 [00:02<00:21,  3.62it/s, loss=0.226]
  epoch 3/3:  10%|█         | 9/88 [00:02<00:21,  3.62it/s, loss=0.222]
  epoch 3/3:  11%|█▏        | 10/88 [00:02<00:21,  3.66it/s, loss=0.222]
  epoch 3/3:  11%|█▏        | 10/88 [00:03<00:21,  3.66it/s, loss=0.222]
  epoch 3/3:  12%|█▎        | 11/88 [00:03<00:20,  3.68it/s, loss=0.222]
  epoch 3/3:  12%|█▎        | 11/88 [00:03<00:20,  3.68it/s, loss=0.233]
  epoch 3/3:  14%|█▎        | 12/88 [00:03<00:20,  3.70it/s, loss=0.233]
  epoch 3/3:  14%|█▎        | 12/88 [00:03<00:20,  3.70it/s, loss=0.231]
  epoch 3/3:  15%|█▍        | 13/88 [00:03<00:20,  3.68it/s, loss=0.231]
  epoch 3/3:  15%|█▍        | 13/88 [00:04<00:20,  3.68it/s, loss=0.231]
  epoch 3/3:  16%|█▌        | 14/88 [00:04<00:20,  3.68it/s, loss=0.231]
  epoch 3/3:  16%|█▌        | 14/88 [00:04<00:20,  3.68it/s, loss=0.236]
  epoch 3/3:  17%|█▋        | 15/88 [00:04<00:19,  3.68it/s, loss=0.236]
  epoch 3/3:  17%|█▋        | 15/88 [00:04<00:19,  3.68it/s, loss=0.233]
  epoch 3/3:  18%|█▊        | 16/88 [00:04<00:19,  3.63it/s, loss=0.233]
  epoch 3/3:  18%|█▊        | 16/88 [00:04<00:19,  3.63it/s, loss=0.235]
  epoch 3/3:  19%|█▉        | 17/88 [00:04<00:19,  3.65it/s, loss=0.235]
  epoch 3/3:  19%|█▉        | 17/88 [00:05<00:19,  3.65it/s, loss=0.234]
  epoch 3/3:  20%|██        | 18/88 [00:05<00:19,  3.68it/s, loss=0.234]
  epoch 3/3:  20%|██        | 18/88 [00:05<00:19,  3.68it/s, loss=0.231]
  epoch 3/3:  22%|██▏       | 19/88 [00:05<00:18,  3.68it/s, loss=0.231]
  epoch 3/3:  22%|██▏       | 19/88 [00:05<00:18,  3.68it/s, loss=0.230]
  epoch 3/3:  23%|██▎       | 20/88 [00:05<00:18,  3.67it/s, loss=0.230]
  epoch 3/3:  23%|██▎       | 20/88 [00:05<00:18,  3.67it/s, loss=0.233]
  epoch 3/3:  24%|██▍       | 21/88 [00:05<00:18,  3.67it/s, loss=0.233]
  epoch 3/3:  24%|██▍       | 21/88 [00:06<00:18,  3.67it/s, loss=0.230]
  epoch 3/3:  25%|██▌       | 22/88 [00:06<00:17,  3.67it/s, loss=0.230]
  epoch 3/3:  25%|██▌       | 22/88 [00:06<00:17,  3.67it/s, loss=0.229]
  epoch 3/3:  26%|██▌       | 23/88 [00:06<00:17,  3.69it/s, loss=0.229]
  epoch 3/3:  26%|██▌       | 23/88 [00:06<00:17,  3.69it/s, loss=0.231]
  epoch 3/3:  27%|██▋       | 24/88 [00:06<00:17,  3.68it/s, loss=0.231]
  epoch 3/3:  27%|██▋       | 24/88 [00:07<00:17,  3.68it/s, loss=0.231]
  epoch 3/3:  28%|██▊       | 25/88 [00:07<00:17,  3.68it/s, loss=0.231]
  epoch 3/3:  28%|██▊       | 25/88 [00:07<00:17,  3.68it/s, loss=0.232]
  epoch 3/3:  30%|██▉       | 26/88 [00:07<00:16,  3.68it/s, loss=0.232]
  epoch 3/3:  30%|██▉       | 26/88 [00:07<00:16,  3.68it/s, loss=0.231]
  epoch 3/3:  31%|███       | 27/88 [00:07<00:16,  3.69it/s, loss=0.231]
  epoch 3/3:  31%|███       | 27/88 [00:07<00:16,  3.69it/s, loss=0.227]
  epoch 3/3:  32%|███▏      | 28/88 [00:07<00:16,  3.69it/s, loss=0.227]
  epoch 3/3:  32%|███▏      | 28/88 [00:08<00:16,  3.69it/s, loss=0.227]
  epoch 3/3:  33%|███▎      | 29/88 [00:08<00:15,  3.71it/s, loss=0.227]
  epoch 3/3:  33%|███▎      | 29/88 [00:08<00:15,  3.71it/s, loss=0.228]
  epoch 3/3:  34%|███▍      | 30/88 [00:08<00:15,  3.71it/s, loss=0.228]
  epoch 3/3:  34%|███▍      | 30/88 [00:08<00:15,  3.71it/s, loss=0.226]
  epoch 3/3:  35%|███▌      | 31/88 [00:08<00:15,  3.69it/s, loss=0.226]
  epoch 3/3:  35%|███▌      | 31/88 [00:08<00:15,  3.69it/s, loss=0.224]
  epoch 3/3:  36%|███▋      | 32/88 [00:08<00:15,  3.66it/s, loss=0.224]
  epoch 3/3:  36%|███▋      | 32/88 [00:09<00:15,  3.66it/s, loss=0.227]
  epoch 3/3:  38%|███▊      | 33/88 [00:09<00:14,  3.67it/s, loss=0.227]
  epoch 3/3:  38%|███▊      | 33/88 [00:09<00:14,  3.67it/s, loss=0.227]
  epoch 3/3:  39%|███▊      | 34/88 [00:09<00:14,  3.68it/s, loss=0.227]
  epoch 3/3:  39%|███▊      | 34/88 [00:09<00:14,  3.68it/s, loss=0.227]
  epoch 3/3:  40%|███▉      | 35/88 [00:09<00:14,  3.67it/s, loss=0.227]
  epoch 3/3:  40%|███▉      | 35/88 [00:10<00:14,  3.67it/s, loss=0.226]
  epoch 3/3:  41%|████      | 36/88 [00:10<00:14,  3.69it/s, loss=0.226]
  epoch 3/3:  41%|████      | 36/88 [00:10<00:14,  3.69it/s, loss=0.224]
  epoch 3/3:  42%|████▏     | 37/88 [00:10<00:13,  3.69it/s, loss=0.224]
  epoch 3/3:  42%|████▏     | 37/88 [00:10<00:13,  3.69it/s, loss=0.223]
  epoch 3/3:  43%|████▎     | 38/88 [00:10<00:13,  3.69it/s, loss=0.223]
  epoch 3/3:  43%|████▎     | 38/88 [00:10<00:13,  3.69it/s, loss=0.224]
  epoch 3/3:  44%|████▍     | 39/88 [00:10<00:13,  3.69it/s, loss=0.224]
  epoch 3/3:  44%|████▍     | 39/88 [00:11<00:13,  3.69it/s, loss=0.223]
  epoch 3/3:  45%|████▌     | 40/88 [00:11<00:13,  3.69it/s, loss=0.223]
  epoch 3/3:  45%|████▌     | 40/88 [00:11<00:13,  3.69it/s, loss=0.221]
  epoch 3/3:  47%|████▋     | 41/88 [00:11<00:12,  3.69it/s, loss=0.221]
  epoch 3/3:  47%|████▋     | 41/88 [00:11<00:12,  3.69it/s, loss=0.219]
  epoch 3/3:  48%|████▊     | 42/88 [00:11<00:12,  3.68it/s, loss=0.219]
  epoch 3/3:  48%|████▊     | 42/88 [00:11<00:12,  3.68it/s, loss=0.216]
  epoch 3/3:  49%|████▉     | 43/88 [00:11<00:12,  3.69it/s, loss=0.216]
  epoch 3/3:  49%|████▉     | 43/88 [00:12<00:12,  3.69it/s, loss=0.214]
  epoch 3/3:  50%|█████     | 44/88 [00:12<00:11,  3.70it/s, loss=0.214]
  epoch 3/3:  50%|█████     | 44/88 [00:12<00:11,  3.70it/s, loss=0.215]
  epoch 3/3:  51%|█████     | 45/88 [00:12<00:11,  3.68it/s, loss=0.215]
  epoch 3/3:  51%|█████     | 45/88 [00:12<00:11,  3.68it/s, loss=0.215]
  epoch 3/3:  52%|█████▏    | 46/88 [00:12<00:11,  3.68it/s, loss=0.215]
  epoch 3/3:  52%|█████▏    | 46/88 [00:13<00:11,  3.68it/s, loss=0.212]
  epoch 3/3:  53%|█████▎    | 47/88 [00:13<00:11,  3.69it/s, loss=0.212]
  epoch 3/3:  53%|█████▎    | 47/88 [00:13<00:11,  3.69it/s, loss=0.210]
  epoch 3/3:  55%|█████▍    | 48/88 [00:13<00:11,  3.63it/s, loss=0.210]
  epoch 3/3:  55%|█████▍    | 48/88 [00:13<00:11,  3.63it/s, loss=0.209]
  epoch 3/3:  56%|█████▌    | 49/88 [00:13<00:10,  3.65it/s, loss=0.209]
  epoch 3/3:  56%|█████▌    | 49/88 [00:13<00:10,  3.65it/s, loss=0.207]
  epoch 3/3:  57%|█████▋    | 50/88 [00:13<00:10,  3.67it/s, loss=0.207]
  epoch 3/3:  57%|█████▋    | 50/88 [00:14<00:10,  3.67it/s, loss=0.206]
  epoch 3/3:  58%|█████▊    | 51/88 [00:14<00:10,  3.68it/s, loss=0.206]
  epoch 3/3:  58%|█████▊    | 51/88 [00:14<00:10,  3.68it/s, loss=0.204]
  epoch 3/3:  59%|█████▉    | 52/88 [00:14<00:09,  3.67it/s, loss=0.204]
  epoch 3/3:  59%|█████▉    | 52/88 [00:14<00:09,  3.67it/s, loss=0.203]
  epoch 3/3:  60%|██████    | 53/88 [00:14<00:09,  3.70it/s, loss=0.203]
  epoch 3/3:  60%|██████    | 53/88 [00:14<00:09,  3.70it/s, loss=0.202]
  epoch 3/3:  61%|██████▏   | 54/88 [00:14<00:09,  3.69it/s, loss=0.202]
  epoch 3/3:  61%|██████▏   | 54/88 [00:15<00:09,  3.69it/s, loss=0.201]
  epoch 3/3:  62%|██████▎   | 55/88 [00:15<00:08,  3.70it/s, loss=0.201]
  epoch 3/3:  62%|██████▎   | 55/88 [00:15<00:08,  3.70it/s, loss=0.199]
  epoch 3/3:  64%|██████▎   | 56/88 [00:15<00:08,  3.70it/s, loss=0.199]
  epoch 3/3:  64%|██████▎   | 56/88 [00:15<00:08,  3.70it/s, loss=0.198]
  epoch 3/3:  65%|██████▍   | 57/88 [00:15<00:08,  3.72it/s, loss=0.198]
  epoch 3/3:  65%|██████▍   | 57/88 [00:16<00:08,  3.72it/s, loss=0.197]
  epoch 3/3:  66%|██████▌   | 58/88 [00:16<00:08,  3.72it/s, loss=0.197]
  epoch 3/3:  66%|██████▌   | 58/88 [00:16<00:08,  3.72it/s, loss=0.195]
  epoch 3/3:  67%|██████▋   | 59/88 [00:16<00:07,  3.70it/s, loss=0.195]
  epoch 3/3:  67%|██████▋   | 59/88 [00:16<00:07,  3.70it/s, loss=0.195]
  epoch 3/3:  68%|██████▊   | 60/88 [00:16<00:07,  3.72it/s, loss=0.195]
  epoch 3/3:  68%|██████▊   | 60/88 [00:16<00:07,  3.72it/s, loss=0.194]
  epoch 3/3:  69%|██████▉   | 61/88 [00:16<00:07,  3.71it/s, loss=0.194]
  epoch 3/3:  69%|██████▉   | 61/88 [00:17<00:07,  3.71it/s, loss=0.194]
  epoch 3/3:  70%|███████   | 62/88 [00:17<00:07,  3.70it/s, loss=0.194]
  epoch 3/3:  70%|███████   | 62/88 [00:17<00:07,  3.70it/s, loss=0.193]
  epoch 3/3:  72%|███████▏  | 63/88 [00:17<00:06,  3.70it/s, loss=0.193]
  epoch 3/3:  72%|███████▏  | 63/88 [00:17<00:06,  3.70it/s, loss=0.191]
  epoch 3/3:  73%|███████▎  | 64/88 [00:17<00:06,  3.65it/s, loss=0.191]
  epoch 3/3:  73%|███████▎  | 64/88 [00:17<00:06,  3.65it/s, loss=0.191]
  epoch 3/3:  74%|███████▍  | 65/88 [00:17<00:06,  3.68it/s, loss=0.191]
  epoch 3/3:  74%|███████▍  | 65/88 [00:18<00:06,  3.68it/s, loss=0.189]
  epoch 3/3:  75%|███████▌  | 66/88 [00:18<00:05,  3.68it/s, loss=0.189]
  epoch 3/3:  75%|███████▌  | 66/88 [00:18<00:05,  3.68it/s, loss=0.189]
  epoch 3/3:  76%|███████▌  | 67/88 [00:18<00:05,  3.68it/s, loss=0.189]
  epoch 3/3:  76%|███████▌  | 67/88 [00:18<00:05,  3.68it/s, loss=0.187]
  epoch 3/3:  77%|███████▋  | 68/88 [00:18<00:05,  3.69it/s, loss=0.187]
  epoch 3/3:  77%|███████▋  | 68/88 [00:18<00:05,  3.69it/s, loss=0.186]
  epoch 3/3:  78%|███████▊  | 69/88 [00:18<00:05,  3.68it/s, loss=0.186]
  epoch 3/3:  78%|███████▊  | 69/88 [00:19<00:05,  3.68it/s, loss=0.185]
  epoch 3/3:  80%|███████▉  | 70/88 [00:19<00:04,  3.69it/s, loss=0.185]
  epoch 3/3:  80%|███████▉  | 70/88 [00:19<00:04,  3.69it/s, loss=0.184]
  epoch 3/3:  81%|████████  | 71/88 [00:19<00:04,  3.71it/s, loss=0.184]
  epoch 3/3:  81%|████████  | 71/88 [00:19<00:04,  3.71it/s, loss=0.184]
  epoch 3/3:  82%|████████▏ | 72/88 [00:19<00:04,  3.71it/s, loss=0.184]
  epoch 3/3:  82%|████████▏ | 72/88 [00:20<00:04,  3.71it/s, loss=0.183]
  epoch 3/3:  83%|████████▎ | 73/88 [00:20<00:04,  3.69it/s, loss=0.183]
  epoch 3/3:  83%|████████▎ | 73/88 [00:20<00:04,  3.69it/s, loss=0.182]
  epoch 3/3:  84%|████████▍ | 74/88 [00:20<00:03,  3.70it/s, loss=0.182]
  epoch 3/3:  84%|████████▍ | 74/88 [00:20<00:03,  3.70it/s, loss=0.182]
  epoch 3/3:  85%|████████▌ | 75/88 [00:20<00:03,  3.69it/s, loss=0.182]
  epoch 3/3:  85%|████████▌ | 75/88 [00:20<00:03,  3.69it/s, loss=0.180]
  epoch 3/3:  86%|████████▋ | 76/88 [00:20<00:03,  3.70it/s, loss=0.180]
  epoch 3/3:  86%|████████▋ | 76/88 [00:21<00:03,  3.70it/s, loss=0.179]
  epoch 3/3:  88%|████████▊ | 77/88 [00:21<00:02,  3.72it/s, loss=0.179]
  epoch 3/3:  88%|████████▊ | 77/88 [00:21<00:02,  3.72it/s, loss=0.178]
  epoch 3/3:  89%|████████▊ | 78/88 [00:21<00:02,  3.71it/s, loss=0.178]
  epoch 3/3:  89%|████████▊ | 78/88 [00:21<00:02,  3.71it/s, loss=0.179]
  epoch 3/3:  90%|████████▉ | 79/88 [00:21<00:02,  3.72it/s, loss=0.179]
  epoch 3/3:  90%|████████▉ | 79/88 [00:21<00:02,  3.72it/s, loss=0.178]
  epoch 3/3:  91%|█████████ | 80/88 [00:21<00:02,  3.66it/s, loss=0.178]
  epoch 3/3:  91%|█████████ | 80/88 [00:22<00:02,  3.66it/s, loss=0.177]
  epoch 3/3:  92%|█████████▏| 81/88 [00:22<00:01,  3.66it/s, loss=0.177]
  epoch 3/3:  92%|█████████▏| 81/88 [00:22<00:01,  3.66it/s, loss=0.176]
  epoch 3/3:  93%|█████████▎| 82/88 [00:22<00:01,  3.68it/s, loss=0.176]
  epoch 3/3:  93%|█████████▎| 82/88 [00:22<00:01,  3.68it/s, loss=0.175]
  epoch 3/3:  94%|█████████▍| 83/88 [00:22<00:01,  3.67it/s, loss=0.175]
  epoch 3/3:  94%|█████████▍| 83/88 [00:23<00:01,  3.67it/s, loss=0.175]
  epoch 3/3:  95%|█████████▌| 84/88 [00:23<00:01,  3.70it/s, loss=0.175]
  epoch 3/3:  95%|█████████▌| 84/88 [00:23<00:01,  3.70it/s, loss=0.175]
  epoch 3/3:  97%|█████████▋| 85/88 [00:23<00:00,  3.69it/s, loss=0.175]
  epoch 3/3:  97%|█████████▋| 85/88 [00:23<00:00,  3.69it/s, loss=0.174]
  epoch 3/3:  98%|█████████▊| 86/88 [00:23<00:00,  3.69it/s, loss=0.174]
  epoch 3/3:  98%|█████████▊| 86/88 [00:23<00:00,  3.69it/s, loss=0.174]
  epoch 3/3:  99%|█████████▉| 87/88 [00:23<00:00,  3.70it/s, loss=0.174]
  epoch 3/3:  99%|█████████▉| 87/88 [00:24<00:00,  3.70it/s, loss=0.174]
  epoch 3/3: 100%|██████████| 88/88 [00:24<00:00,  4.05it/s, loss=0.174]
                                                                        
[titans] reset=never | norm(state) sau task = 75.0958
[titans]   self-mod v:β=0.97 |W|=1.49
[titans]   eta_t(avg)=-4.9243  alpha_t/forget-gate(avg)=0.9999
[task 2] test acc so far: 0.834  0.877  0.711
[task 2] NCM-online acc so far: 0.720  0.797  0.900
[task 2] NCM-posthoc acc so far: 0.760  0.834  0.880
[checkpoint] đã lưu tiến độ sau task 2
[task 3] classes=[10, 17, 21, 26, 41] | train=2800

  epoch 1/3:   0%|          | 0/88 [00:00<?, ?it/s]
  epoch 1/3:   0%|          | 0/88 [00:00<?, ?it/s, loss=1.512]
  epoch 1/3:   1%|          | 1/88 [00:00<00:50,  1.73it/s, loss=1.512]
  epoch 1/3:   1%|          | 1/88 [00:00<00:50,  1.73it/s, loss=1.487]
  epoch 1/3:   2%|▏         | 2/88 [00:00<00:33,  2.54it/s, loss=1.487]
  epoch 1/3:   2%|▏         | 2/88 [00:01<00:33,  2.54it/s, loss=1.467]
  epoch 1/3:   3%|▎         | 3/88 [00:01<00:28,  2.97it/s, loss=1.467]
  epoch 1/3:   3%|▎         | 3/88 [00:01<00:28,  2.97it/s, loss=1.471]
  epoch 1/3:   5%|▍         | 4/88 [00:01<00:26,  3.23it/s, loss=1.471]
  epoch 1/3:   5%|▍         | 4/88 [00:01<00:26,  3.23it/s, loss=1.463]
  epoch 1/3:   6%|▌         | 5/88 [00:01<00:24,  3.38it/s, loss=1.463]
  epoch 1/3:   6%|▌         | 5/88 [00:01<00:24,  3.38it/s, loss=1.441]
  epoch 1/3:   7%|▋         | 6/88 [00:01<00:23,  3.51it/s, loss=1.441]
  epoch 1/3:   7%|▋         | 6/88 [00:02<00:23,  3.51it/s, loss=1.436]
  epoch 1/3:   8%|▊         | 7/88 [00:02<00:22,  3.60it/s, loss=1.436]
  epoch 1/3:   8%|▊         | 7/88 [00:02<00:22,  3.60it/s, loss=1.423]
  epoch 1/3:   9%|▉         | 8/88 [00:02<00:22,  3.59it/s, loss=1.423]
  epoch 1/3:   9%|▉         | 8/88 [00:02<00:22,  3.59it/s, loss=1.414]
  epoch 1/3:  10%|█         | 9/88 [00:02<00:21,  3.64it/s, loss=1.414]
  epoch 1/3:  10%|█         | 9/88 [00:02<00:21,  3.64it/s, loss=1.418]
  epoch 1/3:  11%|█▏        | 10/88 [00:02<00:21,  3.68it/s, loss=1.418]
  epoch 1/3:  11%|█▏        | 10/88 [00:03<00:21,  3.68it/s, loss=1.408]
  epoch 1/3:  12%|█▎        | 11/88 [00:03<00:20,  3.71it/s, loss=1.408]
  epoch 1/3:  12%|█▎        | 11/88 [00:03<00:20,  3.71it/s, loss=1.397]
  epoch 1/3:  14%|█▎        | 12/88 [00:03<00:20,  3.71it/s, loss=1.397]
  epoch 1/3:  14%|█▎        | 12/88 [00:03<00:20,  3.71it/s, loss=1.396]
  epoch 1/3:  15%|█▍        | 13/88 [00:03<00:20,  3.72it/s, loss=1.396]
  epoch 1/3:  15%|█▍        | 13/88 [00:04<00:20,  3.72it/s, loss=1.390]
  epoch 1/3:  16%|█▌        | 14/88 [00:04<00:19,  3.71it/s, loss=1.390]
  epoch 1/3:  16%|█▌        | 14/88 [00:04<00:19,  3.71it/s, loss=1.387]
  epoch 1/3:  17%|█▋        | 15/88 [00:04<00:19,  3.73it/s, loss=1.387]
  epoch 1/3:  17%|█▋        | 15/88 [00:04<00:19,  3.73it/s, loss=1.387]
  epoch 1/3:  18%|█▊        | 16/88 [00:04<00:19,  3.72it/s, loss=1.387]
  epoch 1/3:  18%|█▊        | 16/88 [00:04<00:19,  3.72it/s, loss=1.376]
  epoch 1/3:  19%|█▉        | 17/88 [00:04<00:19,  3.72it/s, loss=1.376]
  epoch 1/3:  19%|█▉        | 17/88 [00:05<00:19,  3.72it/s, loss=1.372]
  epoch 1/3:  20%|██        | 18/88 [00:05<00:18,  3.72it/s, loss=1.372]
  epoch 1/3:  20%|██        | 18/88 [00:05<00:18,  3.72it/s, loss=1.366]
  epoch 1/3:  22%|██▏       | 19/88 [00:05<00:18,  3.72it/s, loss=1.366]
  epoch 1/3:  22%|██▏       | 19/88 [00:05<00:18,  3.72it/s, loss=1.361]
  epoch 1/3:  23%|██▎       | 20/88 [00:05<00:18,  3.72it/s, loss=1.361]
  epoch 1/3:  23%|██▎       | 20/88 [00:05<00:18,  3.72it/s, loss=1.355]
  epoch 1/3:  24%|██▍       | 21/88 [00:05<00:18,  3.72it/s, loss=1.355]
  epoch 1/3:  24%|██▍       | 21/88 [00:06<00:18,  3.72it/s, loss=1.346]
  epoch 1/3:  25%|██▌       | 22/88 [00:06<00:17,  3.72it/s, loss=1.346]
  epoch 1/3:  25%|██▌       | 22/88 [00:06<00:17,  3.72it/s, loss=1.339]
  epoch 1/3:  26%|██▌       | 23/88 [00:06<00:17,  3.70it/s, loss=1.339]
  epoch 1/3:  26%|██▌       | 23/88 [00:06<00:17,  3.70it/s, loss=1.328]
  epoch 1/3:  27%|██▋       | 24/88 [00:06<00:17,  3.64it/s, loss=1.328]
  epoch 1/3:  27%|██▋       | 24/88 [00:07<00:17,  3.64it/s, loss=1.322]
  epoch 1/3:  28%|██▊       | 25/88 [00:07<00:17,  3.65it/s, loss=1.322]
  epoch 1/3:  28%|██▊       | 25/88 [00:07<00:17,  3.65it/s, loss=1.316]
  epoch 1/3:  30%|██▉       | 26/88 [00:07<00:16,  3.68it/s, loss=1.316]
  epoch 1/3:  30%|██▉       | 26/88 [00:07<00:16,  3.68it/s, loss=1.308]
  epoch 1/3:  31%|███       | 27/88 [00:07<00:16,  3.67it/s, loss=1.308]
  epoch 1/3:  31%|███       | 27/88 [00:07<00:16,  3.67it/s, loss=1.301]
  epoch 1/3:  32%|███▏      | 28/88 [00:07<00:16,  3.67it/s, loss=1.301]
  epoch 1/3:  32%|███▏      | 28/88 [00:08<00:16,  3.67it/s, loss=1.297]
  epoch 1/3:  33%|███▎      | 29/88 [00:08<00:16,  3.67it/s, loss=1.297]
  epoch 1/3:  33%|███▎      | 29/88 [00:08<00:16,  3.67it/s, loss=1.293]
  epoch 1/3:  34%|███▍      | 30/88 [00:08<00:15,  3.68it/s, loss=1.293]
  epoch 1/3:  34%|███▍      | 30/88 [00:08<00:15,  3.68it/s, loss=1.288]
  epoch 1/3:  35%|███▌      | 31/88 [00:08<00:15,  3.70it/s, loss=1.288]
  epoch 1/3:  35%|███▌      | 31/88 [00:08<00:15,  3.70it/s, loss=1.285]
  epoch 1/3:  36%|███▋      | 32/88 [00:08<00:15,  3.70it/s, loss=1.285]
  epoch 1/3:  36%|███▋      | 32/88 [00:09<00:15,  3.70it/s, loss=1.276]
  epoch 1/3:  38%|███▊      | 33/88 [00:09<00:14,  3.69it/s, loss=1.276]
  epoch 1/3:  38%|███▊      | 33/88 [00:09<00:14,  3.69it/s, loss=1.267]
  epoch 1/3:  39%|███▊      | 34/88 [00:09<00:14,  3.68it/s, loss=1.267]
  epoch 1/3:  39%|███▊      | 34/88 [00:09<00:14,  3.68it/s, loss=1.262]
  epoch 1/3:  40%|███▉      | 35/88 [00:09<00:14,  3.69it/s, loss=1.262]
  epoch 1/3:  40%|███▉      | 35/88 [00:10<00:14,  3.69it/s, loss=1.253]
  epoch 1/3:  41%|████      | 36/88 [00:10<00:14,  3.70it/s, loss=1.253]
  epoch 1/3:  41%|████      | 36/88 [00:10<00:14,  3.70it/s, loss=1.244]
  epoch 1/3:  42%|████▏     | 37/88 [00:10<00:13,  3.70it/s, loss=1.244]
  epoch 1/3:  42%|████▏     | 37/88 [00:10<00:13,  3.70it/s, loss=1.239]
  epoch 1/3:  43%|████▎     | 38/88 [00:10<00:13,  3.70it/s, loss=1.239]
  epoch 1/3:  43%|████▎     | 38/88 [00:10<00:13,  3.70it/s, loss=1.234]
  epoch 1/3:  44%|████▍     | 39/88 [00:10<00:13,  3.70it/s, loss=1.234]
  epoch 1/3:  44%|████▍     | 39/88 [00:11<00:13,  3.70it/s, loss=1.225]
  epoch 1/3:  45%|████▌     | 40/88 [00:11<00:13,  3.66it/s, loss=1.225]
  epoch 1/3:  45%|████▌     | 40/88 [00:11<00:13,  3.66it/s, loss=1.221]
  epoch 1/3:  47%|████▋     | 41/88 [00:11<00:12,  3.68it/s, loss=1.221]
  epoch 1/3:  47%|████▋     | 41/88 [00:11<00:12,  3.68it/s, loss=1.214]
  epoch 1/3:  48%|████▊     | 42/88 [00:11<00:12,  3.69it/s, loss=1.214]
  epoch 1/3:  48%|████▊     | 42/88 [00:11<00:12,  3.69it/s, loss=1.208]
  epoch 1/3:  49%|████▉     | 43/88 [00:11<00:12,  3.70it/s, loss=1.208]
  epoch 1/3:  49%|████▉     | 43/88 [00:12<00:12,  3.70it/s, loss=1.202]
  epoch 1/3:  50%|█████     | 44/88 [00:12<00:11,  3.70it/s, loss=1.202]
  epoch 1/3:  50%|█████     | 44/88 [00:12<00:11,  3.70it/s, loss=1.198]
  epoch 1/3:  51%|█████     | 45/88 [00:12<00:11,  3.72it/s, loss=1.198]
  epoch 1/3:  51%|█████     | 45/88 [00:12<00:11,  3.72it/s, loss=1.195]
  epoch 1/3:  52%|█████▏    | 46/88 [00:12<00:11,  3.71it/s, loss=1.195]
  epoch 1/3:  52%|█████▏    | 46/88 [00:12<00:11,  3.71it/s, loss=1.189]
  epoch 1/3:  53%|█████▎    | 47/88 [00:12<00:11,  3.72it/s, loss=1.189]
  epoch 1/3:  53%|█████▎    | 47/88 [00:13<00:11,  3.72it/s, loss=1.181]
  epoch 1/3:  55%|█████▍    | 48/88 [00:13<00:10,  3.71it/s, loss=1.181]
  epoch 1/3:  55%|█████▍    | 48/88 [00:13<00:10,  3.71it/s, loss=1.177]
  epoch 1/3:  56%|█████▌    | 49/88 [00:13<00:10,  3.70it/s, loss=1.177]
  epoch 1/3:  56%|█████▌    | 49/88 [00:13<00:10,  3.70it/s, loss=1.173]
  epoch 1/3:  57%|█████▋    | 50/88 [00:13<00:10,  3.72it/s, loss=1.173]
  epoch 1/3:  57%|█████▋    | 50/88 [00:14<00:10,  3.72it/s, loss=1.167]
  epoch 1/3:  58%|█████▊    | 51/88 [00:14<00:09,  3.70it/s, loss=1.167]
  epoch 1/3:  58%|█████▊    | 51/88 [00:14<00:09,  3.70it/s, loss=1.160]
  epoch 1/3:  59%|█████▉    | 52/88 [00:14<00:09,  3.71it/s, loss=1.160]
  epoch 1/3:  59%|█████▉    | 52/88 [00:14<00:09,  3.71it/s, loss=1.154]
  epoch 1/3:  60%|██████    | 53/88 [00:14<00:09,  3.70it/s, loss=1.154]
  epoch 1/3:  60%|██████    | 53/88 [00:14<00:09,  3.70it/s, loss=1.147]
  epoch 1/3:  61%|██████▏   | 54/88 [00:14<00:09,  3.70it/s, loss=1.147]
  epoch 1/3:  61%|██████▏   | 54/88 [00:15<00:09,  3.70it/s, loss=1.142]
  epoch 1/3:  62%|██████▎   | 55/88 [00:15<00:08,  3.69it/s, loss=1.142]
  epoch 1/3:  62%|██████▎   | 55/88 [00:15<00:08,  3.69it/s, loss=1.137]
  epoch 1/3:  64%|██████▎   | 56/88 [00:15<00:08,  3.65it/s, loss=1.137]
  epoch 1/3:  64%|██████▎   | 56/88 [00:15<00:08,  3.65it/s, loss=1.131]
  epoch 1/3:  65%|██████▍   | 57/88 [00:15<00:08,  3.68it/s, loss=1.131]
  epoch 1/3:  65%|██████▍   | 57/88 [00:15<00:08,  3.68it/s, loss=1.125]
  epoch 1/3:  66%|██████▌   | 58/88 [00:15<00:08,  3.68it/s, loss=1.125]
  epoch 1/3:  66%|██████▌   | 58/88 [00:16<00:08,  3.68it/s, loss=1.118]
  epoch 1/3:  67%|██████▋   | 59/88 [00:16<00:07,  3.70it/s, loss=1.118]
  epoch 1/3:  67%|██████▋   | 59/88 [00:16<00:07,  3.70it/s, loss=1.112]
  epoch 1/3:  68%|██████▊   | 60/88 [00:16<00:07,  3.72it/s, loss=1.112]
  epoch 1/3:  68%|██████▊   | 60/88 [00:16<00:07,  3.72it/s, loss=1.107]
  epoch 1/3:  69%|██████▉   | 61/88 [00:16<00:07,  3.72it/s, loss=1.107]
  epoch 1/3:  69%|██████▉   | 61/88 [00:17<00:07,  3.72it/s, loss=1.104]
  epoch 1/3:  70%|███████   | 62/88 [00:17<00:07,  3.71it/s, loss=1.104]
  epoch 1/3:  70%|███████   | 62/88 [00:17<00:07,  3.71it/s, loss=1.098]
  epoch 1/3:  72%|███████▏  | 63/88 [00:17<00:06,  3.72it/s, loss=1.098]
  epoch 1/3:  72%|███████▏  | 63/88 [00:17<00:06,  3.72it/s, loss=1.092]
  epoch 1/3:  73%|███████▎  | 64/88 [00:17<00:06,  3.71it/s, loss=1.092]
  epoch 1/3:  73%|███████▎  | 64/88 [00:17<00:06,  3.71it/s, loss=1.085]
  epoch 1/3:  74%|███████▍  | 65/88 [00:17<00:06,  3.71it/s, loss=1.085]
  epoch 1/3:  74%|███████▍  | 65/88 [00:18<00:06,  3.71it/s, loss=1.079]
  epoch 1/3:  75%|███████▌  | 66/88 [00:18<00:05,  3.71it/s, loss=1.079]
  epoch 1/3:  75%|███████▌  | 66/88 [00:18<00:05,  3.71it/s, loss=1.076]
  epoch 1/3:  76%|███████▌  | 67/88 [00:18<00:05,  3.72it/s, loss=1.076]
  epoch 1/3:  76%|███████▌  | 67/88 [00:18<00:05,  3.72it/s, loss=1.071]
  epoch 1/3:  77%|███████▋  | 68/88 [00:18<00:05,  3.72it/s, loss=1.071]
  epoch 1/3:  77%|███████▋  | 68/88 [00:18<00:05,  3.72it/s, loss=1.065]
  epoch 1/3:  78%|███████▊  | 69/88 [00:18<00:05,  3.70it/s, loss=1.065]
  epoch 1/3:  78%|███████▊  | 69/88 [00:19<00:05,  3.70it/s, loss=1.060]
  epoch 1/3:  80%|███████▉  | 70/88 [00:19<00:04,  3.71it/s, loss=1.060]
  epoch 1/3:  80%|███████▉  | 70/88 [00:19<00:04,  3.71it/s, loss=1.055]
  epoch 1/3:  81%|████████  | 71/88 [00:19<00:04,  3.69it/s, loss=1.055]
  epoch 1/3:  81%|████████  | 71/88 [00:19<00:04,  3.69it/s, loss=1.050]
  epoch 1/3:  82%|████████▏ | 72/88 [00:19<00:04,  3.64it/s, loss=1.050]
  epoch 1/3:  82%|████████▏ | 72/88 [00:20<00:04,  3.64it/s, loss=1.044]
  epoch 1/3:  83%|████████▎ | 73/88 [00:20<00:04,  3.66it/s, loss=1.044]
  epoch 1/3:  83%|████████▎ | 73/88 [00:20<00:04,  3.66it/s, loss=1.040]
  epoch 1/3:  84%|████████▍ | 74/88 [00:20<00:03,  3.69it/s, loss=1.040]
  epoch 1/3:  84%|████████▍ | 74/88 [00:20<00:03,  3.69it/s, loss=1.036]
  epoch 1/3:  85%|████████▌ | 75/88 [00:20<00:03,  3.71it/s, loss=1.036]
  epoch 1/3:  85%|████████▌ | 75/88 [00:20<00:03,  3.71it/s, loss=1.031]
  epoch 1/3:  86%|████████▋ | 76/88 [00:20<00:03,  3.70it/s, loss=1.031]
  epoch 1/3:  86%|████████▋ | 76/88 [00:21<00:03,  3.70it/s, loss=1.025]
  epoch 1/3:  88%|████████▊ | 77/88 [00:21<00:02,  3.69it/s, loss=1.025]
  epoch 1/3:  88%|████████▊ | 77/88 [00:21<00:02,  3.69it/s, loss=1.022]
  epoch 1/3:  89%|████████▊ | 78/88 [00:21<00:02,  3.71it/s, loss=1.022]
  epoch 1/3:  89%|████████▊ | 78/88 [00:21<00:02,  3.71it/s, loss=1.016]
  epoch 1/3:  90%|████████▉ | 79/88 [00:21<00:02,  3.71it/s, loss=1.016]
  epoch 1/3:  90%|████████▉ | 79/88 [00:21<00:02,  3.71it/s, loss=1.010]
  epoch 1/3:  91%|█████████ | 80/88 [00:21<00:02,  3.70it/s, loss=1.010]
  epoch 1/3:  91%|█████████ | 80/88 [00:22<00:02,  3.70it/s, loss=1.006]
  epoch 1/3:  92%|█████████▏| 81/88 [00:22<00:01,  3.70it/s, loss=1.006]
  epoch 1/3:  92%|█████████▏| 81/88 [00:22<00:01,  3.70it/s, loss=1.001]
  epoch 1/3:  93%|█████████▎| 82/88 [00:22<00:01,  3.71it/s, loss=1.001]
  epoch 1/3:  93%|█████████▎| 82/88 [00:22<00:01,  3.71it/s, loss=0.997]
  epoch 1/3:  94%|█████████▍| 83/88 [00:22<00:01,  3.70it/s, loss=0.997]
  epoch 1/3:  94%|█████████▍| 83/88 [00:22<00:01,  3.70it/s, loss=0.993]
  epoch 1/3:  95%|█████████▌| 84/88 [00:22<00:01,  3.70it/s, loss=0.993]
  epoch 1/3:  95%|█████████▌| 84/88 [00:23<00:01,  3.70it/s, loss=0.989]
  epoch 1/3:  97%|█████████▋| 85/88 [00:23<00:00,  3.70it/s, loss=0.989]
  epoch 1/3:  97%|█████████▋| 85/88 [00:23<00:00,  3.70it/s, loss=0.983]
  epoch 1/3:  98%|█████████▊| 86/88 [00:23<00:00,  3.70it/s, loss=0.983]
  epoch 1/3:  98%|█████████▊| 86/88 [00:23<00:00,  3.70it/s, loss=0.978]
  epoch 1/3:  99%|█████████▉| 87/88 [00:23<00:00,  3.70it/s, loss=0.978]
  epoch 1/3:  99%|█████████▉| 87/88 [00:24<00:00,  3.70it/s, loss=0.976]
  epoch 1/3: 100%|██████████| 88/88 [00:24<00:00,  3.99it/s, loss=0.976]
                                                                        

  epoch 2/3:   0%|          | 0/88 [00:00<?, ?it/s]
  epoch 2/3:   0%|          | 0/88 [00:00<?, ?it/s, loss=0.651]
  epoch 2/3:   1%|          | 1/88 [00:00<00:48,  1.78it/s, loss=0.651]
  epoch 2/3:   1%|          | 1/88 [00:00<00:48,  1.78it/s, loss=0.588]
  epoch 2/3:   2%|▏         | 2/88 [00:00<00:33,  2.57it/s, loss=0.588]
  epoch 2/3:   2%|▏         | 2/88 [00:01<00:33,  2.57it/s, loss=0.581]
  epoch 2/3:   3%|▎         | 3/88 [00:01<00:28,  3.00it/s, loss=0.581]
  epoch 2/3:   3%|▎         | 3/88 [00:01<00:28,  3.00it/s, loss=0.592]
  epoch 2/3:   5%|▍         | 4/88 [00:01<00:25,  3.25it/s, loss=0.592]
  epoch 2/3:   5%|▍         | 4/88 [00:01<00:25,  3.25it/s, loss=0.589]
  epoch 2/3:   6%|▌         | 5/88 [00:01<00:24,  3.41it/s, loss=0.589]
  epoch 2/3:   6%|▌         | 5/88 [00:01<00:24,  3.41it/s, loss=0.579]
  epoch 2/3:   7%|▋         | 6/88 [00:01<00:23,  3.50it/s, loss=0.579]
  epoch 2/3:   7%|▋         | 6/88 [00:02<00:23,  3.50it/s, loss=0.564]
  epoch 2/3:   8%|▊         | 7/88 [00:02<00:22,  3.59it/s, loss=0.564]
  epoch 2/3:   8%|▊         | 7/88 [00:02<00:22,  3.59it/s, loss=0.555]
  epoch 2/3:   9%|▉         | 8/88 [00:02<00:22,  3.62it/s, loss=0.555]
  epoch 2/3:   9%|▉         | 8/88 [00:02<00:22,  3.62it/s, loss=0.545]
  epoch 2/3:  10%|█         | 9/88 [00:02<00:21,  3.64it/s, loss=0.545]
  epoch 2/3:  10%|█         | 9/88 [00:02<00:21,  3.64it/s, loss=0.542]
  epoch 2/3:  11%|█▏        | 10/88 [00:02<00:21,  3.67it/s, loss=0.542]
  epoch 2/3:  11%|█▏        | 10/88 [00:03<00:21,  3.67it/s, loss=0.543]
  epoch 2/3:  12%|█▎        | 11/88 [00:03<00:20,  3.69it/s, loss=0.543]
  epoch 2/3:  12%|█▎        | 11/88 [00:03<00:20,  3.69it/s, loss=0.541]
  epoch 2/3:  14%|█▎        | 12/88 [00:03<00:20,  3.69it/s, loss=0.541]
  epoch 2/3:  14%|█▎        | 12/88 [00:03<00:20,  3.69it/s, loss=0.532]
  epoch 2/3:  15%|█▍        | 13/88 [00:03<00:20,  3.68it/s, loss=0.532]
  epoch 2/3:  15%|█▍        | 13/88 [00:04<00:20,  3.68it/s, loss=0.534]
  epoch 2/3:  16%|█▌        | 14/88 [00:04<00:20,  3.69it/s, loss=0.534]
  epoch 2/3:  16%|█▌        | 14/88 [00:04<00:20,  3.69it/s, loss=0.530]
  epoch 2/3:  17%|█▋        | 15/88 [00:04<00:19,  3.69it/s, loss=0.530]
  epoch 2/3:  17%|█▋        | 15/88 [00:04<00:19,  3.69it/s, loss=0.521]
  epoch 2/3:  18%|█▊        | 16/88 [00:04<00:19,  3.64it/s, loss=0.521]
  epoch 2/3:  18%|█▊        | 16/88 [00:04<00:19,  3.64it/s, loss=0.519]
  epoch 2/3:  19%|█▉        | 17/88 [00:04<00:19,  3.65it/s, loss=0.519]
  epoch 2/3:  19%|█▉        | 17/88 [00:05<00:19,  3.65it/s, loss=0.520]
  epoch 2/3:  20%|██        | 18/88 [00:05<00:19,  3.65it/s, loss=0.520]
  epoch 2/3:  20%|██        | 18/88 [00:05<00:19,  3.65it/s, loss=0.515]
  epoch 2/3:  22%|██▏       | 19/88 [00:05<00:18,  3.66it/s, loss=0.515]
  epoch 2/3:  22%|██▏       | 19/88 [00:05<00:18,  3.66it/s, loss=0.511]
  epoch 2/3:  23%|██▎       | 20/88 [00:05<00:18,  3.68it/s, loss=0.511]
  epoch 2/3:  23%|██▎       | 20/88 [00:05<00:18,  3.68it/s, loss=0.507]
  epoch 2/3:  24%|██▍       | 21/88 [00:05<00:18,  3.69it/s, loss=0.507]
  epoch 2/3:  24%|██▍       | 21/88 [00:06<00:18,  3.69it/s, loss=0.502]
  epoch 2/3:  25%|██▌       | 22/88 [00:06<00:17,  3.70it/s, loss=0.502]
  epoch 2/3:  25%|██▌       | 22/88 [00:06<00:17,  3.70it/s, loss=0.505]
  epoch 2/3:  26%|██▌       | 23/88 [00:06<00:17,  3.70it/s, loss=0.505]
  epoch 2/3:  26%|██▌       | 23/88 [00:06<00:17,  3.70it/s, loss=0.499]
  epoch 2/3:  27%|██▋       | 24/88 [00:06<00:17,  3.71it/s, loss=0.499]
  epoch 2/3:  27%|██▋       | 24/88 [00:07<00:17,  3.71it/s, loss=0.495]
  epoch 2/3:  28%|██▊       | 25/88 [00:07<00:16,  3.72it/s, loss=0.495]
  epoch 2/3:  28%|██▊       | 25/88 [00:07<00:16,  3.72it/s, loss=0.494]
  epoch 2/3:  30%|██▉       | 26/88 [00:07<00:16,  3.70it/s, loss=0.494]
  epoch 2/3:  30%|██▉       | 26/88 [00:07<00:16,  3.70it/s, loss=0.488]
  epoch 2/3:  31%|███       | 27/88 [00:07<00:16,  3.71it/s, loss=0.488]
  epoch 2/3:  31%|███       | 27/88 [00:07<00:16,  3.71it/s, loss=0.492]
  epoch 2/3:  32%|███▏      | 28/88 [00:07<00:16,  3.70it/s, loss=0.492]
  epoch 2/3:  32%|███▏      | 28/88 [00:08<00:16,  3.70it/s, loss=0.490]
  epoch 2/3:  33%|███▎      | 29/88 [00:08<00:15,  3.69it/s, loss=0.490]
  epoch 2/3:  33%|███▎      | 29/88 [00:08<00:15,  3.69it/s, loss=0.487]
  epoch 2/3:  34%|███▍      | 30/88 [00:08<00:15,  3.68it/s, loss=0.487]
  epoch 2/3:  34%|███▍      | 30/88 [00:08<00:15,  3.68it/s, loss=0.486]
  epoch 2/3:  35%|███▌      | 31/88 [00:08<00:15,  3.70it/s, loss=0.486]
  epoch 2/3:  35%|███▌      | 31/88 [00:08<00:15,  3.70it/s, loss=0.480]
  epoch 2/3:  36%|███▋      | 32/88 [00:08<00:15,  3.64it/s, loss=0.480]
  epoch 2/3:  36%|███▋      | 32/88 [00:09<00:15,  3.64it/s, loss=0.476]
  epoch 2/3:  38%|███▊      | 33/88 [00:09<00:14,  3.68it/s, loss=0.476]
  epoch 2/3:  38%|███▊      | 33/88 [00:09<00:14,  3.68it/s, loss=0.473]
  epoch 2/3:  39%|███▊      | 34/88 [00:09<00:14,  3.69it/s, loss=0.473]
  epoch 2/3:  39%|███▊      | 34/88 [00:09<00:14,  3.69it/s, loss=0.469]
  epoch 2/3:  40%|███▉      | 35/88 [00:09<00:14,  3.70it/s, loss=0.469]
  epoch 2/3:  40%|███▉      | 35/88 [00:10<00:14,  3.70it/s, loss=0.464]
  epoch 2/3:  41%|████      | 36/88 [00:10<00:14,  3.70it/s, loss=0.464]
  epoch 2/3:  41%|████      | 36/88 [00:10<00:14,  3.70it/s, loss=0.462]
  epoch 2/3:  42%|████▏     | 37/88 [00:10<00:13,  3.69it/s, loss=0.462]
  epoch 2/3:  42%|████▏     | 37/88 [00:10<00:13,  3.69it/s, loss=0.459]
  epoch 2/3:  43%|████▎     | 38/88 [00:10<00:13,  3.70it/s, loss=0.459]
  epoch 2/3:  43%|████▎     | 38/88 [00:10<00:13,  3.70it/s, loss=0.457]
  epoch 2/3:  44%|████▍     | 39/88 [00:10<00:13,  3.70it/s, loss=0.457]
  epoch 2/3:  44%|████▍     | 39/88 [00:11<00:13,  3.70it/s, loss=0.454]
  epoch 2/3:  45%|████▌     | 40/88 [00:11<00:12,  3.69it/s, loss=0.454]
  epoch 2/3:  45%|████▌     | 40/88 [00:11<00:12,  3.69it/s, loss=0.452]
  epoch 2/3:  47%|████▋     | 41/88 [00:11<00:12,  3.71it/s, loss=0.452]
  epoch 2/3:  47%|████▋     | 41/88 [00:11<00:12,  3.71it/s, loss=0.450]
  epoch 2/3:  48%|████▊     | 42/88 [00:11<00:12,  3.71it/s, loss=0.450]
  epoch 2/3:  48%|████▊     | 42/88 [00:11<00:12,  3.71it/s, loss=0.449]
  epoch 2/3:  49%|████▉     | 43/88 [00:11<00:12,  3.69it/s, loss=0.449]
  epoch 2/3:  49%|████▉     | 43/88 [00:12<00:12,  3.69it/s, loss=0.449]
  epoch 2/3:  50%|█████     | 44/88 [00:12<00:11,  3.71it/s, loss=0.449]
  epoch 2/3:  50%|█████     | 44/88 [00:12<00:11,  3.71it/s, loss=0.447]
  epoch 2/3:  51%|█████     | 45/88 [00:12<00:11,  3.71it/s, loss=0.447]
  epoch 2/3:  51%|█████     | 45/88 [00:12<00:11,  3.71it/s, loss=0.444]
  epoch 2/3:  52%|█████▏    | 46/88 [00:12<00:11,  3.71it/s, loss=0.444]
  epoch 2/3:  52%|█████▏    | 46/88 [00:13<00:11,  3.71it/s, loss=0.442]
  epoch 2/3:  53%|█████▎    | 47/88 [00:13<00:11,  3.70it/s, loss=0.442]
  epoch 2/3:  53%|█████▎    | 47/88 [00:13<00:11,  3.70it/s, loss=0.441]
  epoch 2/3:  55%|█████▍    | 48/88 [00:13<00:10,  3.66it/s, loss=0.441]
  epoch 2/3:  55%|█████▍    | 48/88 [00:13<00:10,  3.66it/s, loss=0.439]
  epoch 2/3:  56%|█████▌    | 49/88 [00:13<00:10,  3.68it/s, loss=0.439]
  epoch 2/3:  56%|█████▌    | 49/88 [00:13<00:10,  3.68it/s, loss=0.436]
  epoch 2/3:  57%|█████▋    | 50/88 [00:13<00:10,  3.70it/s, loss=0.436]
  epoch 2/3:  57%|█████▋    | 50/88 [00:14<00:10,  3.70it/s, loss=0.434]
  epoch 2/3:  58%|█████▊    | 51/88 [00:14<00:09,  3.71it/s, loss=0.434]
  epoch 2/3:  58%|█████▊    | 51/88 [00:14<00:09,  3.71it/s, loss=0.432]
  epoch 2/3:  59%|█████▉    | 52/88 [00:14<00:09,  3.71it/s, loss=0.432]
  epoch 2/3:  59%|█████▉    | 52/88 [00:14<00:09,  3.71it/s, loss=0.430]
  epoch 2/3:  60%|██████    | 53/88 [00:14<00:09,  3.71it/s, loss=0.430]
  epoch 2/3:  60%|██████    | 53/88 [00:14<00:09,  3.71it/s, loss=0.427]
  epoch 2/3:  61%|██████▏   | 54/88 [00:14<00:09,  3.70it/s, loss=0.427]
  epoch 2/3:  61%|██████▏   | 54/88 [00:15<00:09,  3.70it/s, loss=0.424]
  epoch 2/3:  62%|██████▎   | 55/88 [00:15<00:08,  3.70it/s, loss=0.424]
  epoch 2/3:  62%|██████▎   | 55/88 [00:15<00:08,  3.70it/s, loss=0.422]
  epoch 2/3:  64%|██████▎   | 56/88 [00:15<00:08,  3.71it/s, loss=0.422]
  epoch 2/3:  64%|██████▎   | 56/88 [00:15<00:08,  3.71it/s, loss=0.421]
  epoch 2/3:  65%|██████▍   | 57/88 [00:15<00:08,  3.69it/s, loss=0.421]
  epoch 2/3:  65%|██████▍   | 57/88 [00:15<00:08,  3.69it/s, loss=0.423]
  epoch 2/3:  66%|██████▌   | 58/88 [00:15<00:08,  3.68it/s, loss=0.423]
  epoch 2/3:  66%|██████▌   | 58/88 [00:16<00:08,  3.68it/s, loss=0.422]
  epoch 2/3:  67%|██████▋   | 59/88 [00:16<00:07,  3.70it/s, loss=0.422]
  epoch 2/3:  67%|██████▋   | 59/88 [00:16<00:07,  3.70it/s, loss=0.420]
  epoch 2/3:  68%|██████▊   | 60/88 [00:16<00:07,  3.69it/s, loss=0.420]
  epoch 2/3:  68%|██████▊   | 60/88 [00:16<00:07,  3.69it/s, loss=0.417]
  epoch 2/3:  69%|██████▉   | 61/88 [00:16<00:07,  3.68it/s, loss=0.417]
  epoch 2/3:  69%|██████▉   | 61/88 [00:17<00:07,  3.68it/s, loss=0.416]
  epoch 2/3:  70%|███████   | 62/88 [00:17<00:07,  3.69it/s, loss=0.416]
  epoch 2/3:  70%|███████   | 62/88 [00:17<00:07,  3.69it/s, loss=0.414]
  epoch 2/3:  72%|███████▏  | 63/88 [00:17<00:06,  3.69it/s, loss=0.414]
  epoch 2/3:  72%|███████▏  | 63/88 [00:17<00:06,  3.69it/s, loss=0.411]
  epoch 2/3:  73%|███████▎  | 64/88 [00:17<00:06,  3.65it/s, loss=0.411]
  epoch 2/3:  73%|███████▎  | 64/88 [00:17<00:06,  3.65it/s, loss=0.409]
  epoch 2/3:  74%|███████▍  | 65/88 [00:17<00:06,  3.67it/s, loss=0.409]
  epoch 2/3:  74%|███████▍  | 65/88 [00:18<00:06,  3.67it/s, loss=0.410]
  epoch 2/3:  75%|███████▌  | 66/88 [00:18<00:05,  3.69it/s, loss=0.410]
  epoch 2/3:  75%|███████▌  | 66/88 [00:18<00:05,  3.69it/s, loss=0.407]
  epoch 2/3:  76%|███████▌  | 67/88 [00:18<00:05,  3.70it/s, loss=0.407]
  epoch 2/3:  76%|███████▌  | 67/88 [00:18<00:05,  3.70it/s, loss=0.405]
  epoch 2/3:  77%|███████▋  | 68/88 [00:18<00:05,  3.71it/s, loss=0.405]
  epoch 2/3:  77%|███████▋  | 68/88 [00:18<00:05,  3.71it/s, loss=0.404]
  epoch 2/3:  78%|███████▊  | 69/88 [00:18<00:05,  3.71it/s, loss=0.404]
  epoch 2/3:  78%|███████▊  | 69/88 [00:19<00:05,  3.71it/s, loss=0.402]
  epoch 2/3:  80%|███████▉  | 70/88 [00:19<00:04,  3.70it/s, loss=0.402]
  epoch 2/3:  80%|███████▉  | 70/88 [00:19<00:04,  3.70it/s, loss=0.401]
  epoch 2/3:  81%|████████  | 71/88 [00:19<00:04,  3.68it/s, loss=0.401]
  epoch 2/3:  81%|████████  | 71/88 [00:19<00:04,  3.68it/s, loss=0.400]
  epoch 2/3:  82%|████████▏ | 72/88 [00:19<00:04,  3.69it/s, loss=0.400]
  epoch 2/3:  82%|████████▏ | 72/88 [00:20<00:04,  3.69it/s, loss=0.400]
  epoch 2/3:  83%|████████▎ | 73/88 [00:20<00:04,  3.68it/s, loss=0.400]
  epoch 2/3:  83%|████████▎ | 73/88 [00:20<00:04,  3.68it/s, loss=0.398]
  epoch 2/3:  84%|████████▍ | 74/88 [00:20<00:03,  3.69it/s, loss=0.398]
  epoch 2/3:  84%|████████▍ | 74/88 [00:20<00:03,  3.69it/s, loss=0.395]
  epoch 2/3:  85%|████████▌ | 75/88 [00:20<00:03,  3.69it/s, loss=0.395]
  epoch 2/3:  85%|████████▌ | 75/88 [00:20<00:03,  3.69it/s, loss=0.394]
  epoch 2/3:  86%|████████▋ | 76/88 [00:20<00:03,  3.68it/s, loss=0.394]
  epoch 2/3:  86%|████████▋ | 76/88 [00:21<00:03,  3.68it/s, loss=0.393]
  epoch 2/3:  88%|████████▊ | 77/88 [00:21<00:02,  3.70it/s, loss=0.393]
  epoch 2/3:  88%|████████▊ | 77/88 [00:21<00:02,  3.70it/s, loss=0.391]
  epoch 2/3:  89%|████████▊ | 78/88 [00:21<00:02,  3.68it/s, loss=0.391]
  epoch 2/3:  89%|████████▊ | 78/88 [00:21<00:02,  3.68it/s, loss=0.390]
  epoch 2/3:  90%|████████▉ | 79/88 [00:21<00:02,  3.68it/s, loss=0.390]
  epoch 2/3:  90%|████████▉ | 79/88 [00:21<00:02,  3.68it/s, loss=0.387]
  epoch 2/3:  91%|█████████ | 80/88 [00:21<00:02,  3.63it/s, loss=0.387]
  epoch 2/3:  91%|█████████ | 80/88 [00:22<00:02,  3.63it/s, loss=0.387]
  epoch 2/3:  92%|█████████▏| 81/88 [00:22<00:01,  3.66it/s, loss=0.387]
  epoch 2/3:  92%|█████████▏| 81/88 [00:22<00:01,  3.66it/s, loss=0.386]
  epoch 2/3:  93%|█████████▎| 82/88 [00:22<00:01,  3.66it/s, loss=0.386]
  epoch 2/3:  93%|█████████▎| 82/88 [00:22<00:01,  3.66it/s, loss=0.383]
  epoch 2/3:  94%|█████████▍| 83/88 [00:22<00:01,  3.67it/s, loss=0.383]
  epoch 2/3:  94%|█████████▍| 83/88 [00:23<00:01,  3.67it/s, loss=0.381]
  epoch 2/3:  95%|█████████▌| 84/88 [00:23<00:01,  3.68it/s, loss=0.381]
  epoch 2/3:  95%|█████████▌| 84/88 [00:23<00:01,  3.68it/s, loss=0.379]
  epoch 2/3:  97%|█████████▋| 85/88 [00:23<00:00,  3.67it/s, loss=0.379]
  epoch 2/3:  97%|█████████▋| 85/88 [00:23<00:00,  3.67it/s, loss=0.377]
  epoch 2/3:  98%|█████████▊| 86/88 [00:23<00:00,  3.67it/s, loss=0.377]
  epoch 2/3:  98%|█████████▊| 86/88 [00:23<00:00,  3.67it/s, loss=0.375]
  epoch 2/3:  99%|█████████▉| 87/88 [00:23<00:00,  3.66it/s, loss=0.375]
  epoch 2/3:  99%|█████████▉| 87/88 [00:24<00:00,  3.66it/s, loss=0.374]
  epoch 2/3: 100%|██████████| 88/88 [00:24<00:00,  4.01it/s, loss=0.374]
                                                                        

  epoch 3/3:   0%|          | 0/88 [00:00<?, ?it/s]
  epoch 3/3:   0%|          | 0/88 [00:00<?, ?it/s, loss=0.181]
  epoch 3/3:   1%|          | 1/88 [00:00<00:48,  1.81it/s, loss=0.181]
  epoch 3/3:   1%|          | 1/88 [00:00<00:48,  1.81it/s, loss=0.184]
  epoch 3/3:   2%|▏         | 2/88 [00:00<00:33,  2.58it/s, loss=0.184]
  epoch 3/3:   2%|▏         | 2/88 [00:01<00:33,  2.58it/s, loss=0.191]
  epoch 3/3:   3%|▎         | 3/88 [00:01<00:28,  2.97it/s, loss=0.191]
  epoch 3/3:   3%|▎         | 3/88 [00:01<00:28,  2.97it/s, loss=0.172]
  epoch 3/3:   5%|▍         | 4/88 [00:01<00:26,  3.21it/s, loss=0.172]
  epoch 3/3:   5%|▍         | 4/88 [00:01<00:26,  3.21it/s, loss=0.164]
  epoch 3/3:   6%|▌         | 5/88 [00:01<00:24,  3.36it/s, loss=0.164]
  epoch 3/3:   6%|▌         | 5/88 [00:01<00:24,  3.36it/s, loss=0.173]
  epoch 3/3:   7%|▋         | 6/88 [00:01<00:23,  3.46it/s, loss=0.173]
  epoch 3/3:   7%|▋         | 6/88 [00:02<00:23,  3.46it/s, loss=0.193]
  epoch 3/3:   8%|▊         | 7/88 [00:02<00:22,  3.54it/s, loss=0.193]
  epoch 3/3:   8%|▊         | 7/88 [00:02<00:22,  3.54it/s, loss=0.209]
  epoch 3/3:   9%|▉         | 8/88 [00:02<00:22,  3.53it/s, loss=0.209]
  epoch 3/3:   9%|▉         | 8/88 [00:02<00:22,  3.53it/s, loss=0.200]
  epoch 3/3:  10%|█         | 9/88 [00:02<00:22,  3.57it/s, loss=0.200]
  epoch 3/3:  10%|█         | 9/88 [00:03<00:22,  3.57it/s, loss=0.192]
  epoch 3/3:  11%|█▏        | 10/88 [00:03<00:21,  3.61it/s, loss=0.192]
  epoch 3/3:  11%|█▏        | 10/88 [00:03<00:21,  3.61it/s, loss=0.192]
  epoch 3/3:  12%|█▎        | 11/88 [00:03<00:21,  3.62it/s, loss=0.192]
  epoch 3/3:  12%|█▎        | 11/88 [00:03<00:21,  3.62it/s, loss=0.192]
  epoch 3/3:  14%|█▎        | 12/88 [00:03<00:20,  3.64it/s, loss=0.192]
  epoch 3/3:  14%|█▎        | 12/88 [00:03<00:20,  3.64it/s, loss=0.192]
  epoch 3/3:  15%|█▍        | 13/88 [00:03<00:20,  3.65it/s, loss=0.192]
  epoch 3/3:  15%|█▍        | 13/88 [00:04<00:20,  3.65it/s, loss=0.197]
  epoch 3/3:  16%|█▌        | 14/88 [00:04<00:20,  3.66it/s, loss=0.197]
  epoch 3/3:  16%|█▌        | 14/88 [00:04<00:20,  3.66it/s, loss=0.202]
  epoch 3/3:  17%|█▋        | 15/88 [00:04<00:19,  3.68it/s, loss=0.202]
  epoch 3/3:  17%|█▋        | 15/88 [00:04<00:19,  3.68it/s, loss=0.197]
  epoch 3/3:  18%|█▊        | 16/88 [00:04<00:19,  3.67it/s, loss=0.197]
  epoch 3/3:  18%|█▊        | 16/88 [00:04<00:19,  3.67it/s, loss=0.192]
  epoch 3/3:  19%|█▉        | 17/88 [00:04<00:19,  3.67it/s, loss=0.192]
  epoch 3/3:  19%|█▉        | 17/88 [00:05<00:19,  3.67it/s, loss=0.194]
  epoch 3/3:  20%|██        | 18/88 [00:05<00:19,  3.67it/s, loss=0.194]
  epoch 3/3:  20%|██        | 18/88 [00:05<00:19,  3.67it/s, loss=0.194]
  epoch 3/3:  22%|██▏       | 19/88 [00:05<00:18,  3.66it/s, loss=0.194]
  epoch 3/3:  22%|██▏       | 19/88 [00:05<00:18,  3.66it/s, loss=0.197]
  epoch 3/3:  23%|██▎       | 20/88 [00:05<00:18,  3.67it/s, loss=0.197]
  epoch 3/3:  23%|██▎       | 20/88 [00:06<00:18,  3.67it/s, loss=0.201]
  epoch 3/3:  24%|██▍       | 21/88 [00:06<00:18,  3.66it/s, loss=0.201]
  epoch 3/3:  24%|██▍       | 21/88 [00:06<00:18,  3.66it/s, loss=0.206]
  epoch 3/3:  25%|██▌       | 22/88 [00:06<00:18,  3.66it/s, loss=0.206]
  epoch 3/3:  25%|██▌       | 22/88 [00:06<00:18,  3.66it/s, loss=0.206]
  epoch 3/3:  26%|██▌       | 23/88 [00:06<00:17,  3.66it/s, loss=0.206]
  epoch 3/3:  26%|██▌       | 23/88 [00:06<00:17,  3.66it/s, loss=0.204]
  epoch 3/3:  27%|██▋       | 24/88 [00:06<00:17,  3.61it/s, loss=0.204]
  epoch 3/3:  27%|██▋       | 24/88 [00:07<00:17,  3.61it/s, loss=0.205]
  epoch 3/3:  28%|██▊       | 25/88 [00:07<00:17,  3.65it/s, loss=0.205]
  epoch 3/3:  28%|██▊       | 25/88 [00:07<00:17,  3.65it/s, loss=0.203]
  epoch 3/3:  30%|██▉       | 26/88 [00:07<00:16,  3.66it/s, loss=0.203]
  epoch 3/3:  30%|██▉       | 26/88 [00:07<00:16,  3.66it/s, loss=0.200]
  epoch 3/3:  31%|███       | 27/88 [00:07<00:16,  3.67it/s, loss=0.200]
  epoch 3/3:  31%|███       | 27/88 [00:07<00:16,  3.67it/s, loss=0.201]
  epoch 3/3:  32%|███▏      | 28/88 [00:07<00:16,  3.67it/s, loss=0.201]
  epoch 3/3:  32%|███▏      | 28/88 [00:08<00:16,  3.67it/s, loss=0.199]
  epoch 3/3:  33%|███▎      | 29/88 [00:08<00:16,  3.68it/s, loss=0.199]
  epoch 3/3:  33%|███▎      | 29/88 [00:08<00:16,  3.68it/s, loss=0.200]
  epoch 3/3:  34%|███▍      | 30/88 [00:08<00:15,  3.69it/s, loss=0.200]
  epoch 3/3:  34%|███▍      | 30/88 [00:08<00:15,  3.69it/s, loss=0.199]
  epoch 3/3:  35%|███▌      | 31/88 [00:08<00:15,  3.68it/s, loss=0.199]
  epoch 3/3:  35%|███▌      | 31/88 [00:09<00:15,  3.68it/s, loss=0.198]
  epoch 3/3:  36%|███▋      | 32/88 [00:09<00:15,  3.67it/s, loss=0.198]
  epoch 3/3:  36%|███▋      | 32/88 [00:09<00:15,  3.67it/s, loss=0.197]
  epoch 3/3:  38%|███▊      | 33/88 [00:09<00:14,  3.69it/s, loss=0.197]
  epoch 3/3:  38%|███▊      | 33/88 [00:09<00:14,  3.69it/s, loss=0.195]
  epoch 3/3:  39%|███▊      | 34/88 [00:09<00:14,  3.68it/s, loss=0.195]
  epoch 3/3:  39%|███▊      | 34/88 [00:09<00:14,  3.68it/s, loss=0.198]
  epoch 3/3:  40%|███▉      | 35/88 [00:09<00:14,  3.69it/s, loss=0.198]
  epoch 3/3:  40%|███▉      | 35/88 [00:10<00:14,  3.69it/s, loss=0.197]
  epoch 3/3:  41%|████      | 36/88 [00:10<00:14,  3.69it/s, loss=0.197]
  epoch 3/3:  41%|████      | 36/88 [00:10<00:14,  3.69it/s, loss=0.197]
  epoch 3/3:  42%|████▏     | 37/88 [00:10<00:13,  3.68it/s, loss=0.197]
  epoch 3/3:  42%|████▏     | 37/88 [00:10<00:13,  3.68it/s, loss=0.196]
  epoch 3/3:  43%|████▎     | 38/88 [00:10<00:13,  3.69it/s, loss=0.196]
  epoch 3/3:  43%|████▎     | 38/88 [00:10<00:13,  3.69it/s, loss=0.194]
  epoch 3/3:  44%|████▍     | 39/88 [00:10<00:13,  3.68it/s, loss=0.194]
  epoch 3/3:  44%|████▍     | 39/88 [00:11<00:13,  3.68it/s, loss=0.194]
  epoch 3/3:  45%|████▌     | 40/88 [00:11<00:13,  3.64it/s, loss=0.194]
  epoch 3/3:  45%|████▌     | 40/88 [00:11<00:13,  3.64it/s, loss=0.195]
  epoch 3/3:  47%|████▋     | 41/88 [00:11<00:12,  3.64it/s, loss=0.195]
  epoch 3/3:  47%|████▋     | 41/88 [00:11<00:12,  3.64it/s, loss=0.197]
  epoch 3/3:  48%|████▊     | 42/88 [00:11<00:12,  3.65it/s, loss=0.197]
  epoch 3/3:  48%|████▊     | 42/88 [00:12<00:12,  3.65it/s, loss=0.198]
  epoch 3/3:  49%|████▉     | 43/88 [00:12<00:12,  3.66it/s, loss=0.198]
  epoch 3/3:  49%|████▉     | 43/88 [00:12<00:12,  3.66it/s, loss=0.201]
  epoch 3/3:  50%|█████     | 44/88 [00:12<00:12,  3.66it/s, loss=0.201]
  epoch 3/3:  50%|█████     | 44/88 [00:12<00:12,  3.66it/s, loss=0.198]
  epoch 3/3:  51%|█████     | 45/88 [00:12<00:11,  3.66it/s, loss=0.198]
  epoch 3/3:  51%|█████     | 45/88 [00:12<00:11,  3.66it/s, loss=0.199]
  epoch 3/3:  52%|█████▏    | 46/88 [00:12<00:11,  3.67it/s, loss=0.199]
  epoch 3/3:  52%|█████▏    | 46/88 [00:13<00:11,  3.67it/s, loss=0.199]
  epoch 3/3:  53%|█████▎    | 47/88 [00:13<00:11,  3.64it/s, loss=0.199]
  epoch 3/3:  53%|█████▎    | 47/88 [00:13<00:11,  3.64it/s, loss=0.198]
  epoch 3/3:  55%|█████▍    | 48/88 [00:13<00:10,  3.66it/s, loss=0.198]
  epoch 3/3:  55%|█████▍    | 48/88 [00:13<00:10,  3.66it/s, loss=0.198]
  epoch 3/3:  56%|█████▌    | 49/88 [00:13<00:10,  3.66it/s, loss=0.198]
  epoch 3/3:  56%|█████▌    | 49/88 [00:13<00:10,  3.66it/s, loss=0.198]
  epoch 3/3:  57%|█████▋    | 50/88 [00:13<00:10,  3.65it/s, loss=0.198]
  epoch 3/3:  57%|█████▋    | 50/88 [00:14<00:10,  3.65it/s, loss=0.198]
  epoch 3/3:  58%|█████▊    | 51/88 [00:14<00:10,  3.66it/s, loss=0.198]
  epoch 3/3:  58%|█████▊    | 51/88 [00:14<00:10,  3.66it/s, loss=0.195]
  epoch 3/3:  59%|█████▉    | 52/88 [00:14<00:09,  3.66it/s, loss=0.195]
  epoch 3/3:  59%|█████▉    | 52/88 [00:14<00:09,  3.66it/s, loss=0.194]
  epoch 3/3:  60%|██████    | 53/88 [00:14<00:09,  3.66it/s, loss=0.194]
  epoch 3/3:  60%|██████    | 53/88 [00:15<00:09,  3.66it/s, loss=0.192]
  epoch 3/3:  61%|██████▏   | 54/88 [00:15<00:09,  3.68it/s, loss=0.192]
  epoch 3/3:  61%|██████▏   | 54/88 [00:15<00:09,  3.68it/s, loss=0.191]
  epoch 3/3:  62%|██████▎   | 55/88 [00:15<00:08,  3.68it/s, loss=0.191]
  epoch 3/3:  62%|██████▎   | 55/88 [00:15<00:08,  3.68it/s, loss=0.191]
  epoch 3/3:  64%|██████▎   | 56/88 [00:15<00:08,  3.63it/s, loss=0.191]
  epoch 3/3:  64%|██████▎   | 56/88 [00:15<00:08,  3.63it/s, loss=0.191]
  epoch 3/3:  65%|██████▍   | 57/88 [00:15<00:08,  3.64it/s, loss=0.191]
  epoch 3/3:  65%|██████▍   | 57/88 [00:16<00:08,  3.64it/s, loss=0.189]
  epoch 3/3:  66%|██████▌   | 58/88 [00:16<00:08,  3.65it/s, loss=0.189]
  epoch 3/3:  66%|██████▌   | 58/88 [00:16<00:08,  3.65it/s, loss=0.190]
  epoch 3/3:  67%|██████▋   | 59/88 [00:16<00:07,  3.66it/s, loss=0.190]
  epoch 3/3:  67%|██████▋   | 59/88 [00:16<00:07,  3.66it/s, loss=0.188]
  epoch 3/3:  68%|██████▊   | 60/88 [00:16<00:07,  3.66it/s, loss=0.188]
  epoch 3/3:  68%|██████▊   | 60/88 [00:16<00:07,  3.66it/s, loss=0.188]
  epoch 3/3:  69%|██████▉   | 61/88 [00:16<00:07,  3.65it/s, loss=0.188]
  epoch 3/3:  69%|██████▉   | 61/88 [00:17<00:07,  3.65it/s, loss=0.188]
  epoch 3/3:  70%|███████   | 62/88 [00:17<00:07,  3.65it/s, loss=0.188]
  epoch 3/3:  70%|███████   | 62/88 [00:17<00:07,  3.65it/s, loss=0.186]
  epoch 3/3:  72%|███████▏  | 63/88 [00:17<00:06,  3.66it/s, loss=0.186]
  epoch 3/3:  72%|███████▏  | 63/88 [00:17<00:06,  3.66it/s, loss=0.186]
  epoch 3/3:  73%|███████▎  | 64/88 [00:17<00:06,  3.66it/s, loss=0.186]
  epoch 3/3:  73%|███████▎  | 64/88 [00:18<00:06,  3.66it/s, loss=0.184]
  epoch 3/3:  74%|███████▍  | 65/88 [00:18<00:06,  3.66it/s, loss=0.184]
  epoch 3/3:  74%|███████▍  | 65/88 [00:18<00:06,  3.66it/s, loss=0.184]
  epoch 3/3:  75%|███████▌  | 66/88 [00:18<00:05,  3.68it/s, loss=0.184]
  epoch 3/3:  75%|███████▌  | 66/88 [00:18<00:05,  3.68it/s, loss=0.184]
  epoch 3/3:  76%|███████▌  | 67/88 [00:18<00:05,  3.67it/s, loss=0.184]
  epoch 3/3:  76%|███████▌  | 67/88 [00:18<00:05,  3.67it/s, loss=0.183]
  epoch 3/3:  77%|███████▋  | 68/88 [00:18<00:05,  3.68it/s, loss=0.183]
  epoch 3/3:  77%|███████▋  | 68/88 [00:19<00:05,  3.68it/s, loss=0.182]
  epoch 3/3:  78%|███████▊  | 69/88 [00:19<00:05,  3.68it/s, loss=0.182]
  epoch 3/3:  78%|███████▊  | 69/88 [00:19<00:05,  3.68it/s, loss=0.181]
  epoch 3/3:  80%|███████▉  | 70/88 [00:19<00:04,  3.67it/s, loss=0.181]
  epoch 3/3:  80%|███████▉  | 70/88 [00:19<00:04,  3.67it/s, loss=0.180]
  epoch 3/3:  81%|████████  | 71/88 [00:19<00:04,  3.68it/s, loss=0.180]
  epoch 3/3:  81%|████████  | 71/88 [00:19<00:04,  3.68it/s, loss=0.182]
  epoch 3/3:  82%|████████▏ | 72/88 [00:19<00:04,  3.63it/s, loss=0.182]
  epoch 3/3:  82%|████████▏ | 72/88 [00:20<00:04,  3.63it/s, loss=0.181]
  epoch 3/3:  83%|████████▎ | 73/88 [00:20<00:04,  3.65it/s, loss=0.181]
  epoch 3/3:  83%|████████▎ | 73/88 [00:20<00:04,  3.65it/s, loss=0.180]
  epoch 3/3:  84%|████████▍ | 74/88 [00:20<00:03,  3.67it/s, loss=0.180]
  epoch 3/3:  84%|████████▍ | 74/88 [00:20<00:03,  3.67it/s, loss=0.179]
  epoch 3/3:  85%|████████▌ | 75/88 [00:20<00:03,  3.67it/s, loss=0.179]
  epoch 3/3:  85%|████████▌ | 75/88 [00:21<00:03,  3.67it/s, loss=0.178]
  epoch 3/3:  86%|████████▋ | 76/88 [00:21<00:03,  3.67it/s, loss=0.178]
  epoch 3/3:  86%|████████▋ | 76/88 [00:21<00:03,  3.67it/s, loss=0.179]
  epoch 3/3:  88%|████████▊ | 77/88 [00:21<00:02,  3.69it/s, loss=0.179]
  epoch 3/3:  88%|████████▊ | 77/88 [00:21<00:02,  3.69it/s, loss=0.178]
  epoch 3/3:  89%|████████▊ | 78/88 [00:21<00:02,  3.68it/s, loss=0.178]
  epoch 3/3:  89%|████████▊ | 78/88 [00:21<00:02,  3.68it/s, loss=0.178]
  epoch 3/3:  90%|████████▉ | 79/88 [00:21<00:02,  3.68it/s, loss=0.178]
  epoch 3/3:  90%|████████▉ | 79/88 [00:22<00:02,  3.68it/s, loss=0.177]
  epoch 3/3:  91%|█████████ | 80/88 [00:22<00:02,  3.68it/s, loss=0.177]
  epoch 3/3:  91%|█████████ | 80/88 [00:22<00:02,  3.68it/s, loss=0.177]
  epoch 3/3:  92%|█████████▏| 81/88 [00:22<00:01,  3.67it/s, loss=0.177]
  epoch 3/3:  92%|█████████▏| 81/88 [00:22<00:01,  3.67it/s, loss=0.176]
  epoch 3/3:  93%|█████████▎| 82/88 [00:22<00:01,  3.70it/s, loss=0.176]
  epoch 3/3:  93%|█████████▎| 82/88 [00:22<00:01,  3.70it/s, loss=0.175]
  epoch 3/3:  94%|█████████▍| 83/88 [00:22<00:01,  3.69it/s, loss=0.175]
  epoch 3/3:  94%|█████████▍| 83/88 [00:23<00:01,  3.69it/s, loss=0.174]
  epoch 3/3:  95%|█████████▌| 84/88 [00:23<00:01,  3.70it/s, loss=0.174]
  epoch 3/3:  95%|█████████▌| 84/88 [00:23<00:01,  3.70it/s, loss=0.175]
  epoch 3/3:  97%|█████████▋| 85/88 [00:23<00:00,  3.71it/s, loss=0.175]
  epoch 3/3:  97%|█████████▋| 85/88 [00:23<00:00,  3.71it/s, loss=0.174]
  epoch 3/3:  98%|█████████▊| 86/88 [00:23<00:00,  3.73it/s, loss=0.174]
  epoch 3/3:  98%|█████████▊| 86/88 [00:23<00:00,  3.73it/s, loss=0.173]
  epoch 3/3:  99%|█████████▉| 87/88 [00:23<00:00,  3.74it/s, loss=0.173]
  epoch 3/3:  99%|█████████▉| 87/88 [00:24<00:00,  3.74it/s, loss=0.173]
  epoch 3/3: 100%|██████████| 88/88 [00:24<00:00,  4.03it/s, loss=0.173]
                                                                        
[titans] reset=never | norm(state) sau task = 64.4765
[titans]   self-mod v:β=0.95 |W|=1.91
[titans]   eta_t(avg)=-8.3012  alpha_t/forget-gate(avg)=1.0000
[task 3] test acc so far: 0.837  0.857  0.806  0.334
[task 3] NCM-online acc so far: 0.697  0.769  0.789  0.889
[task 3] NCM-posthoc acc so far: 0.749  0.840  0.826  0.817
[checkpoint] đã lưu tiến độ sau task 3
[task 4] classes=[3, 14, 18, 40, 44] | train=2800

  epoch 1/3:   0%|          | 0/88 [00:00<?, ?it/s]
  epoch 1/3:   0%|          | 0/88 [00:00<?, ?it/s, loss=1.751]
  epoch 1/3:   1%|          | 1/88 [00:00<00:50,  1.71it/s, loss=1.751]
  epoch 1/3:   1%|          | 1/88 [00:00<00:50,  1.71it/s, loss=1.732]
  epoch 1/3:   2%|▏         | 2/88 [00:00<00:34,  2.52it/s, loss=1.732]
  epoch 1/3:   2%|▏         | 2/88 [00:01<00:34,  2.52it/s, loss=1.678]
  epoch 1/3:   3%|▎         | 3/88 [00:01<00:28,  2.98it/s, loss=1.678]
  epoch 1/3:   3%|▎         | 3/88 [00:01<00:28,  2.98it/s, loss=1.700]
  epoch 1/3:   5%|▍         | 4/88 [00:01<00:25,  3.24it/s, loss=1.700]
  epoch 1/3:   5%|▍         | 4/88 [00:01<00:25,  3.24it/s, loss=1.705]
  epoch 1/3:   6%|▌         | 5/88 [00:01<00:24,  3.41it/s, loss=1.705]
  epoch 1/3:   6%|▌         | 5/88 [00:01<00:24,  3.41it/s, loss=1.698]
  epoch 1/3:   7%|▋         | 6/88 [00:01<00:23,  3.50it/s, loss=1.698]
  epoch 1/3:   7%|▋         | 6/88 [00:02<00:23,  3.50it/s, loss=1.680]
  epoch 1/3:   8%|▊         | 7/88 [00:02<00:22,  3.57it/s, loss=1.680]
  epoch 1/3:   8%|▊         | 7/88 [00:02<00:22,  3.57it/s, loss=1.669]
  epoch 1/3:   9%|▉         | 8/88 [00:02<00:22,  3.64it/s, loss=1.669]
  epoch 1/3:   9%|▉         | 8/88 [00:02<00:22,  3.64it/s, loss=1.672]
  epoch 1/3:  10%|█         | 9/88 [00:02<00:21,  3.69it/s, loss=1.672]
  epoch 1/3:  10%|█         | 9/88 [00:02<00:21,  3.69it/s, loss=1.657]
  epoch 1/3:  11%|█▏        | 10/88 [00:02<00:20,  3.72it/s, loss=1.657]
  epoch 1/3:  11%|█▏        | 10/88 [00:03<00:20,  3.72it/s, loss=1.646]
  epoch 1/3:  12%|█▎        | 11/88 [00:03<00:20,  3.74it/s, loss=1.646]
  epoch 1/3:  12%|█▎        | 11/88 [00:03<00:20,  3.74it/s, loss=1.638]
  epoch 1/3:  14%|█▎        | 12/88 [00:03<00:20,  3.74it/s, loss=1.638]
  epoch 1/3:  14%|█▎        | 12/88 [00:03<00:20,  3.74it/s, loss=1.628]
  epoch 1/3:  15%|█▍        | 13/88 [00:03<00:20,  3.74it/s, loss=1.628]
  epoch 1/3:  15%|█▍        | 13/88 [00:04<00:20,  3.74it/s, loss=1.618]
  epoch 1/3:  16%|█▌        | 14/88 [00:04<00:19,  3.73it/s, loss=1.618]
  epoch 1/3:  16%|█▌        | 14/88 [00:04<00:19,  3.73it/s, loss=1.610]
  epoch 1/3:  17%|█▋        | 15/88 [00:04<00:19,  3.73it/s, loss=1.610]
  epoch 1/3:  17%|█▋        | 15/88 [00:04<00:19,  3.73it/s, loss=1.603]
  epoch 1/3:  18%|█▊        | 16/88 [00:04<00:19,  3.69it/s, loss=1.603]
  epoch 1/3:  18%|█▊        | 16/88 [00:04<00:19,  3.69it/s, loss=1.594]
  epoch 1/3:  19%|█▉        | 17/88 [00:04<00:19,  3.71it/s, loss=1.594]
  epoch 1/3:  19%|█▉        | 17/88 [00:05<00:19,  3.71it/s, loss=1.589]
  epoch 1/3:  20%|██        | 18/88 [00:05<00:18,  3.72it/s, loss=1.589]
  epoch 1/3:  20%|██        | 18/88 [00:05<00:18,  3.72it/s, loss=1.584]
  epoch 1/3:  22%|██▏       | 19/88 [00:05<00:18,  3.73it/s, loss=1.584]
  epoch 1/3:  22%|██▏       | 19/88 [00:05<00:18,  3.73it/s, loss=1.571]
  epoch 1/3:  23%|██▎       | 20/88 [00:05<00:18,  3.72it/s, loss=1.571]
  epoch 1/3:  23%|██▎       | 20/88 [00:05<00:18,  3.72it/s, loss=1.559]
  epoch 1/3:  24%|██▍       | 21/88 [00:05<00:18,  3.70it/s, loss=1.559]
  epoch 1/3:  24%|██▍       | 21/88 [00:06<00:18,  3.70it/s, loss=1.551]
  epoch 1/3:  25%|██▌       | 22/88 [00:06<00:17,  3.72it/s, loss=1.551]
  epoch 1/3:  25%|██▌       | 22/88 [00:06<00:17,  3.72it/s, loss=1.543]
  epoch 1/3:  26%|██▌       | 23/88 [00:06<00:17,  3.72it/s, loss=1.543]
  epoch 1/3:  26%|██▌       | 23/88 [00:06<00:17,  3.72it/s, loss=1.536]
  epoch 1/3:  27%|██▋       | 24/88 [00:06<00:17,  3.70it/s, loss=1.536]
  epoch 1/3:  27%|██▋       | 24/88 [00:07<00:17,  3.70it/s, loss=1.531]
  epoch 1/3:  28%|██▊       | 25/88 [00:07<00:16,  3.72it/s, loss=1.531]
  epoch 1/3:  28%|██▊       | 25/88 [00:07<00:16,  3.72it/s, loss=1.520]
  epoch 1/3:  30%|██▉       | 26/88 [00:07<00:16,  3.71it/s, loss=1.520]
  epoch 1/3:  30%|██▉       | 26/88 [00:07<00:16,  3.71it/s, loss=1.516]
  epoch 1/3:  31%|███       | 27/88 [00:07<00:16,  3.70it/s, loss=1.516]
  epoch 1/3:  31%|███       | 27/88 [00:07<00:16,  3.70it/s, loss=1.512]
  epoch 1/3:  32%|███▏      | 28/88 [00:07<00:16,  3.72it/s, loss=1.512]
  epoch 1/3:  32%|███▏      | 28/88 [00:08<00:16,  3.72it/s, loss=1.504]
  epoch 1/3:  33%|███▎      | 29/88 [00:08<00:15,  3.71it/s, loss=1.504]
  epoch 1/3:  33%|███▎      | 29/88 [00:08<00:15,  3.71it/s, loss=1.497]
  epoch 1/3:  34%|███▍      | 30/88 [00:08<00:15,  3.72it/s, loss=1.497]
  epoch 1/3:  34%|███▍      | 30/88 [00:08<00:15,  3.72it/s, loss=1.489]
  epoch 1/3:  35%|███▌      | 31/88 [00:08<00:15,  3.71it/s, loss=1.489]
  epoch 1/3:  35%|███▌      | 31/88 [00:08<00:15,  3.71it/s, loss=1.485]
  epoch 1/3:  36%|███▋      | 32/88 [00:08<00:15,  3.65it/s, loss=1.485]
  epoch 1/3:  36%|███▋      | 32/88 [00:09<00:15,  3.65it/s, loss=1.481]
  epoch 1/3:  38%|███▊      | 33/88 [00:09<00:14,  3.69it/s, loss=1.481]
  epoch 1/3:  38%|███▊      | 33/88 [00:09<00:14,  3.69it/s, loss=1.474]
  epoch 1/3:  39%|███▊      | 34/88 [00:09<00:14,  3.71it/s, loss=1.474]
  epoch 1/3:  39%|███▊      | 34/88 [00:09<00:14,  3.71it/s, loss=1.466]
  epoch 1/3:  40%|███▉      | 35/88 [00:09<00:14,  3.72it/s, loss=1.466]
  epoch 1/3:  40%|███▉      | 35/88 [00:09<00:14,  3.72it/s, loss=1.460]
  epoch 1/3:  41%|████      | 36/88 [00:09<00:13,  3.73it/s, loss=1.460]
  epoch 1/3:  41%|████      | 36/88 [00:10<00:13,  3.73it/s, loss=1.455]
  epoch 1/3:  42%|████▏     | 37/88 [00:10<00:13,  3.72it/s, loss=1.455]
  epoch 1/3:  42%|████▏     | 37/88 [00:10<00:13,  3.72it/s, loss=1.448]
  epoch 1/3:  43%|████▎     | 38/88 [00:10<00:13,  3.73it/s, loss=1.448]
  epoch 1/3:  43%|████▎     | 38/88 [00:10<00:13,  3.73it/s, loss=1.439]
  epoch 1/3:  44%|████▍     | 39/88 [00:10<00:13,  3.73it/s, loss=1.439]
  epoch 1/3:  44%|████▍     | 39/88 [00:11<00:13,  3.73it/s, loss=1.431]
  epoch 1/3:  45%|████▌     | 40/88 [00:11<00:12,  3.72it/s, loss=1.431]
  epoch 1/3:  45%|████▌     | 40/88 [00:11<00:12,  3.72it/s, loss=1.424]
  epoch 1/3:  47%|████▋     | 41/88 [00:11<00:12,  3.73it/s, loss=1.424]
  epoch 1/3:  47%|████▋     | 41/88 [00:11<00:12,  3.73it/s, loss=1.417]
  epoch 1/3:  48%|████▊     | 42/88 [00:11<00:12,  3.72it/s, loss=1.417]
  epoch 1/3:  48%|████▊     | 42/88 [00:11<00:12,  3.72it/s, loss=1.411]
  epoch 1/3:  49%|████▉     | 43/88 [00:11<00:12,  3.72it/s, loss=1.411]
  epoch 1/3:  49%|████▉     | 43/88 [00:12<00:12,  3.72it/s, loss=1.402]
  epoch 1/3:  50%|█████     | 44/88 [00:12<00:11,  3.71it/s, loss=1.402]
  epoch 1/3:  50%|█████     | 44/88 [00:12<00:11,  3.71it/s, loss=1.394]
  epoch 1/3:  51%|█████     | 45/88 [00:12<00:11,  3.73it/s, loss=1.394]
  epoch 1/3:  51%|█████     | 45/88 [00:12<00:11,  3.73it/s, loss=1.386]
  epoch 1/3:  52%|█████▏    | 46/88 [00:12<00:11,  3.72it/s, loss=1.386]
  epoch 1/3:  52%|█████▏    | 46/88 [00:12<00:11,  3.72it/s, loss=1.378]
  epoch 1/3:  53%|█████▎    | 47/88 [00:12<00:11,  3.72it/s, loss=1.378]
  epoch 1/3:  53%|█████▎    | 47/88 [00:13<00:11,  3.72it/s, loss=1.372]
  epoch 1/3:  55%|█████▍    | 48/88 [00:13<00:10,  3.67it/s, loss=1.372]
  epoch 1/3:  55%|█████▍    | 48/88 [00:13<00:10,  3.67it/s, loss=1.365]
  epoch 1/3:  56%|█████▌    | 49/88 [00:13<00:10,  3.69it/s, loss=1.365]
  epoch 1/3:  56%|█████▌    | 49/88 [00:13<00:10,  3.69it/s, loss=1.356]
  epoch 1/3:  57%|█████▋    | 50/88 [00:13<00:10,  3.70it/s, loss=1.356]
  epoch 1/3:  57%|█████▋    | 50/88 [00:14<00:10,  3.70it/s, loss=1.349]
  epoch 1/3:  58%|█████▊    | 51/88 [00:14<00:09,  3.70it/s, loss=1.349]
  epoch 1/3:  58%|█████▊    | 51/88 [00:14<00:09,  3.70it/s, loss=1.344]
  epoch 1/3:  59%|█████▉    | 52/88 [00:14<00:09,  3.69it/s, loss=1.344]
  epoch 1/3:  59%|█████▉    | 52/88 [00:14<00:09,  3.69it/s, loss=1.339]
  epoch 1/3:  60%|██████    | 53/88 [00:14<00:09,  3.70it/s, loss=1.339]
  epoch 1/3:  60%|██████    | 53/88 [00:14<00:09,  3.70it/s, loss=1.334]
  epoch 1/3:  61%|██████▏   | 54/88 [00:14<00:09,  3.70it/s, loss=1.334]
  epoch 1/3:  61%|██████▏   | 54/88 [00:15<00:09,  3.70it/s, loss=1.328]
  epoch 1/3:  62%|██████▎   | 55/88 [00:15<00:08,  3.70it/s, loss=1.328]
  epoch 1/3:  62%|██████▎   | 55/88 [00:15<00:08,  3.70it/s, loss=1.322]
  epoch 1/3:  64%|██████▎   | 56/88 [00:15<00:08,  3.70it/s, loss=1.322]
  epoch 1/3:  64%|██████▎   | 56/88 [00:15<00:08,  3.70it/s, loss=1.315]
  epoch 1/3:  65%|██████▍   | 57/88 [00:15<00:08,  3.68it/s, loss=1.315]
  epoch 1/3:  65%|██████▍   | 57/88 [00:15<00:08,  3.68it/s, loss=1.309]
  epoch 1/3:  66%|██████▌   | 58/88 [00:15<00:08,  3.67it/s, loss=1.309]
  epoch 1/3:  66%|██████▌   | 58/88 [00:16<00:08,  3.67it/s, loss=1.302]
  epoch 1/3:  67%|██████▋   | 59/88 [00:16<00:07,  3.69it/s, loss=1.302]
  epoch 1/3:  67%|██████▋   | 59/88 [00:16<00:07,  3.69it/s, loss=1.297]
  epoch 1/3:  68%|██████▊   | 60/88 [00:16<00:07,  3.69it/s, loss=1.297]
  epoch 1/3:  68%|██████▊   | 60/88 [00:16<00:07,  3.69it/s, loss=1.291]
  epoch 1/3:  69%|██████▉   | 61/88 [00:16<00:07,  3.69it/s, loss=1.291]
  epoch 1/3:  69%|██████▉   | 61/88 [00:17<00:07,  3.69it/s, loss=1.284]
  epoch 1/3:  70%|███████   | 62/88 [00:17<00:07,  3.68it/s, loss=1.284]
  epoch 1/3:  70%|███████   | 62/88 [00:17<00:07,  3.68it/s, loss=1.276]
  epoch 1/3:  72%|███████▏  | 63/88 [00:17<00:06,  3.68it/s, loss=1.276]
  epoch 1/3:  72%|███████▏  | 63/88 [00:17<00:06,  3.68it/s, loss=1.267]
  epoch 1/3:  73%|███████▎  | 64/88 [00:17<00:06,  3.64it/s, loss=1.267]
  epoch 1/3:  73%|███████▎  | 64/88 [00:17<00:06,  3.64it/s, loss=1.260]
  epoch 1/3:  74%|███████▍  | 65/88 [00:17<00:06,  3.67it/s, loss=1.260]
  epoch 1/3:  74%|███████▍  | 65/88 [00:18<00:06,  3.67it/s, loss=1.253]
  epoch 1/3:  75%|███████▌  | 66/88 [00:18<00:05,  3.68it/s, loss=1.253]
  epoch 1/3:  75%|███████▌  | 66/88 [00:18<00:05,  3.68it/s, loss=1.245]
  epoch 1/3:  76%|███████▌  | 67/88 [00:18<00:05,  3.69it/s, loss=1.245]
  epoch 1/3:  76%|███████▌  | 67/88 [00:18<00:05,  3.69it/s, loss=1.238]
  epoch 1/3:  77%|███████▋  | 68/88 [00:18<00:05,  3.69it/s, loss=1.238]
  epoch 1/3:  77%|███████▋  | 68/88 [00:18<00:05,  3.69it/s, loss=1.230]
  epoch 1/3:  78%|███████▊  | 69/88 [00:18<00:05,  3.70it/s, loss=1.230]
  epoch 1/3:  78%|███████▊  | 69/88 [00:19<00:05,  3.70it/s, loss=1.224]
  epoch 1/3:  80%|███████▉  | 70/88 [00:19<00:04,  3.71it/s, loss=1.224]
  epoch 1/3:  80%|███████▉  | 70/88 [00:19<00:04,  3.71it/s, loss=1.218]
  epoch 1/3:  81%|████████  | 71/88 [00:19<00:04,  3.70it/s, loss=1.218]
  epoch 1/3:  81%|████████  | 71/88 [00:19<00:04,  3.70it/s, loss=1.210]
  epoch 1/3:  82%|████████▏ | 72/88 [00:19<00:04,  3.72it/s, loss=1.210]
  epoch 1/3:  82%|████████▏ | 72/88 [00:19<00:04,  3.72it/s, loss=1.203]
  epoch 1/3:  83%|████████▎ | 73/88 [00:19<00:04,  3.70it/s, loss=1.203]
  epoch 1/3:  83%|████████▎ | 73/88 [00:20<00:04,  3.70it/s, loss=1.197]
  epoch 1/3:  84%|████████▍ | 74/88 [00:20<00:03,  3.72it/s, loss=1.197]
  epoch 1/3:  84%|████████▍ | 74/88 [00:20<00:03,  3.72it/s, loss=1.190]
  epoch 1/3:  85%|████████▌ | 75/88 [00:20<00:03,  3.70it/s, loss=1.190]
  epoch 1/3:  85%|████████▌ | 75/88 [00:20<00:03,  3.70it/s, loss=1.184]
  epoch 1/3:  86%|████████▋ | 76/88 [00:20<00:03,  3.70it/s, loss=1.184]
  epoch 1/3:  86%|████████▋ | 76/88 [00:21<00:03,  3.70it/s, loss=1.178]
  epoch 1/3:  88%|████████▊ | 77/88 [00:21<00:02,  3.68it/s, loss=1.178]
  epoch 1/3:  88%|████████▊ | 77/88 [00:21<00:02,  3.68it/s, loss=1.170]
  epoch 1/3:  89%|████████▊ | 78/88 [00:21<00:02,  3.69it/s, loss=1.170]
  epoch 1/3:  89%|████████▊ | 78/88 [00:21<00:02,  3.69it/s, loss=1.166]
  epoch 1/3:  90%|████████▉ | 79/88 [00:21<00:02,  3.68it/s, loss=1.166]
  epoch 1/3:  90%|████████▉ | 79/88 [00:21<00:02,  3.68it/s, loss=1.160]
  epoch 1/3:  91%|█████████ | 80/88 [00:21<00:02,  3.64it/s, loss=1.160]
  epoch 1/3:  91%|█████████ | 80/88 [00:22<00:02,  3.64it/s, loss=1.154]
  epoch 1/3:  92%|█████████▏| 81/88 [00:22<00:01,  3.64it/s, loss=1.154]
  epoch 1/3:  92%|█████████▏| 81/88 [00:22<00:01,  3.64it/s, loss=1.148]
  epoch 1/3:  93%|█████████▎| 82/88 [00:22<00:01,  3.65it/s, loss=1.148]
  epoch 1/3:  93%|█████████▎| 82/88 [00:22<00:01,  3.65it/s, loss=1.143]
  epoch 1/3:  94%|█████████▍| 83/88 [00:22<00:01,  3.68it/s, loss=1.143]
  epoch 1/3:  94%|█████████▍| 83/88 [00:22<00:01,  3.68it/s, loss=1.138]
  epoch 1/3:  95%|█████████▌| 84/88 [00:22<00:01,  3.68it/s, loss=1.138]
  epoch 1/3:  95%|█████████▌| 84/88 [00:23<00:01,  3.68it/s, loss=1.133]
  epoch 1/3:  97%|█████████▋| 85/88 [00:23<00:00,  3.71it/s, loss=1.133]
  epoch 1/3:  97%|█████████▋| 85/88 [00:23<00:00,  3.71it/s, loss=1.127]
  epoch 1/3:  98%|█████████▊| 86/88 [00:23<00:00,  3.72it/s, loss=1.127]
  epoch 1/3:  98%|█████████▊| 86/88 [00:23<00:00,  3.72it/s, loss=1.122]
  epoch 1/3:  99%|█████████▉| 87/88 [00:23<00:00,  3.68it/s, loss=1.122]
  epoch 1/3:  99%|█████████▉| 87/88 [00:23<00:00,  3.68it/s, loss=1.119]
  epoch 1/3: 100%|██████████| 88/88 [00:23<00:00,  4.02it/s, loss=1.119]
                                                                        

  epoch 2/3:   0%|          | 0/88 [00:00<?, ?it/s]
  epoch 2/3:   0%|          | 0/88 [00:00<?, ?it/s, loss=0.548]
  epoch 2/3:   1%|          | 1/88 [00:00<00:47,  1.84it/s, loss=0.548]
  epoch 2/3:   1%|          | 1/88 [00:00<00:47,  1.84it/s, loss=0.637]
  epoch 2/3:   2%|▏         | 2/88 [00:00<00:33,  2.60it/s, loss=0.637]
  epoch 2/3:   2%|▏         | 2/88 [00:01<00:33,  2.60it/s, loss=0.624]
  epoch 2/3:   3%|▎         | 3/88 [00:01<00:28,  3.01it/s, loss=0.624]
  epoch 2/3:   3%|▎         | 3/88 [00:01<00:28,  3.01it/s, loss=0.624]
  epoch 2/3:   5%|▍         | 4/88 [00:01<00:26,  3.23it/s, loss=0.624]
  epoch 2/3:   5%|▍         | 4/88 [00:01<00:26,  3.23it/s, loss=0.629]
  epoch 2/3:   6%|▌         | 5/88 [00:01<00:24,  3.37it/s, loss=0.629]
  epoch 2/3:   6%|▌         | 5/88 [00:01<00:24,  3.37it/s, loss=0.608]
  epoch 2/3:   7%|▋         | 6/88 [00:01<00:23,  3.48it/s, loss=0.608]
  epoch 2/3:   7%|▋         | 6/88 [00:02<00:23,  3.48it/s, loss=0.582]
  epoch 2/3:   8%|▊         | 7/88 [00:02<00:22,  3.53it/s, loss=0.582]
  epoch 2/3:   8%|▊         | 7/88 [00:02<00:22,  3.53it/s, loss=0.581]
  epoch 2/3:   9%|▉         | 8/88 [00:02<00:22,  3.54it/s, loss=0.581]
  epoch 2/3:   9%|▉         | 8/88 [00:02<00:22,  3.54it/s, loss=0.585]
  epoch 2/3:  10%|█         | 9/88 [00:02<00:22,  3.58it/s, loss=0.585]
  epoch 2/3:  10%|█         | 9/88 [00:03<00:22,  3.58it/s, loss=0.584]
  epoch 2/3:  11%|█▏        | 10/88 [00:03<00:21,  3.61it/s, loss=0.584]
  epoch 2/3:  11%|█▏        | 10/88 [00:03<00:21,  3.61it/s, loss=0.579]
  epoch 2/3:  12%|█▎        | 11/88 [00:03<00:21,  3.62it/s, loss=0.579]
  epoch 2/3:  12%|█▎        | 11/88 [00:03<00:21,  3.62it/s, loss=0.576]
  epoch 2/3:  14%|█▎        | 12/88 [00:03<00:20,  3.66it/s, loss=0.576]
  epoch 2/3:  14%|█▎        | 12/88 [00:03<00:20,  3.66it/s, loss=0.578]
  epoch 2/3:  15%|█▍        | 13/88 [00:03<00:20,  3.68it/s, loss=0.578]
  epoch 2/3:  15%|█▍        | 13/88 [00:04<00:20,  3.68it/s, loss=0.574]
  epoch 2/3:  16%|█▌        | 14/88 [00:04<00:20,  3.69it/s, loss=0.574]
  epoch 2/3:  16%|█▌        | 14/88 [00:04<00:20,  3.69it/s, loss=0.575]
  epoch 2/3:  17%|█▋        | 15/88 [00:04<00:19,  3.69it/s, loss=0.575]
  epoch 2/3:  17%|█▋        | 15/88 [00:04<00:19,  3.69it/s, loss=0.568]
  epoch 2/3:  18%|█▊        | 16/88 [00:04<00:19,  3.68it/s, loss=0.568]
  epoch 2/3:  18%|█▊        | 16/88 [00:04<00:19,  3.68it/s, loss=0.561]
  epoch 2/3:  19%|█▉        | 17/88 [00:04<00:19,  3.67it/s, loss=0.561]
  epoch 2/3:  19%|█▉        | 17/88 [00:05<00:19,  3.67it/s, loss=0.554]
  epoch 2/3:  20%|██        | 18/88 [00:05<00:19,  3.67it/s, loss=0.554]
  epoch 2/3:  20%|██        | 18/88 [00:05<00:19,  3.67it/s, loss=0.553]
  epoch 2/3:  22%|██▏       | 19/88 [00:05<00:18,  3.67it/s, loss=0.553]
  epoch 2/3:  22%|██▏       | 19/88 [00:05<00:18,  3.67it/s, loss=0.553]
  epoch 2/3:  23%|██▎       | 20/88 [00:05<00:18,  3.70it/s, loss=0.553]
  epoch 2/3:  23%|██▎       | 20/88 [00:05<00:18,  3.70it/s, loss=0.549]
  epoch 2/3:  24%|██▍       | 21/88 [00:05<00:18,  3.70it/s, loss=0.549]
  epoch 2/3:  24%|██▍       | 21/88 [00:06<00:18,  3.70it/s, loss=0.543]
  epoch 2/3:  25%|██▌       | 22/88 [00:06<00:17,  3.70it/s, loss=0.543]
  epoch 2/3:  25%|██▌       | 22/88 [00:06<00:17,  3.70it/s, loss=0.540]
  epoch 2/3:  26%|██▌       | 23/88 [00:06<00:17,  3.70it/s, loss=0.540]
  epoch 2/3:  26%|██▌       | 23/88 [00:06<00:17,  3.70it/s, loss=0.537]
  epoch 2/3:  27%|██▋       | 24/88 [00:06<00:17,  3.67it/s, loss=0.537]
  epoch 2/3:  27%|██▋       | 24/88 [00:07<00:17,  3.67it/s, loss=0.535]
  epoch 2/3:  28%|██▊       | 25/88 [00:07<00:17,  3.67it/s, loss=0.535]
  epoch 2/3:  28%|██▊       | 25/88 [00:07<00:17,  3.67it/s, loss=0.529]
  epoch 2/3:  30%|██▉       | 26/88 [00:07<00:16,  3.70it/s, loss=0.529]
  epoch 2/3:  30%|██▉       | 26/88 [00:07<00:16,  3.70it/s, loss=0.522]
  epoch 2/3:  31%|███       | 27/88 [00:07<00:16,  3.69it/s, loss=0.522]
  epoch 2/3:  31%|███       | 27/88 [00:07<00:16,  3.69it/s, loss=0.524]
  epoch 2/3:  32%|███▏      | 28/88 [00:07<00:16,  3.69it/s, loss=0.524]
  epoch 2/3:  32%|███▏      | 28/88 [00:08<00:16,  3.69it/s, loss=0.521]
  epoch 2/3:  33%|███▎      | 29/88 [00:08<00:16,  3.69it/s, loss=0.521]
  epoch 2/3:  33%|███▎      | 29/88 [00:08<00:16,  3.69it/s, loss=0.519]
  epoch 2/3:  34%|███▍      | 30/88 [00:08<00:15,  3.68it/s, loss=0.519]
  epoch 2/3:  34%|███▍      | 30/88 [00:08<00:15,  3.68it/s, loss=0.512]
  epoch 2/3:  35%|███▌      | 31/88 [00:08<00:15,  3.70it/s, loss=0.512]
  epoch 2/3:  35%|███▌      | 31/88 [00:08<00:15,  3.70it/s, loss=0.509]
  epoch 2/3:  36%|███▋      | 32/88 [00:08<00:15,  3.68it/s, loss=0.509]
  epoch 2/3:  36%|███▋      | 32/88 [00:09<00:15,  3.68it/s, loss=0.506]
  epoch 2/3:  38%|███▊      | 33/88 [00:09<00:14,  3.68it/s, loss=0.506]
  epoch 2/3:  38%|███▊      | 33/88 [00:09<00:14,  3.68it/s, loss=0.502]
  epoch 2/3:  39%|███▊      | 34/88 [00:09<00:14,  3.71it/s, loss=0.502]
  epoch 2/3:  39%|███▊      | 34/88 [00:09<00:14,  3.71it/s, loss=0.501]
  epoch 2/3:  40%|███▉      | 35/88 [00:09<00:14,  3.68it/s, loss=0.501]
  epoch 2/3:  40%|███▉      | 35/88 [00:10<00:14,  3.68it/s, loss=0.496]
  epoch 2/3:  41%|████      | 36/88 [00:10<00:14,  3.68it/s, loss=0.496]
  epoch 2/3:  41%|████      | 36/88 [00:10<00:14,  3.68it/s, loss=0.493]
  epoch 2/3:  42%|████▏     | 37/88 [00:10<00:13,  3.72it/s, loss=0.493]
  epoch 2/3:  42%|████▏     | 37/88 [00:10<00:13,  3.72it/s, loss=0.490]
  epoch 2/3:  43%|████▎     | 38/88 [00:10<00:13,  3.71it/s, loss=0.490]
  epoch 2/3:  43%|████▎     | 38/88 [00:10<00:13,  3.71it/s, loss=0.487]
  epoch 2/3:  44%|████▍     | 39/88 [00:10<00:13,  3.72it/s, loss=0.487]
  epoch 2/3:  44%|████▍     | 39/88 [00:11<00:13,  3.72it/s, loss=0.484]
  epoch 2/3:  45%|████▌     | 40/88 [00:11<00:13,  3.66it/s, loss=0.484]
  epoch 2/3:  45%|████▌     | 40/88 [00:11<00:13,  3.66it/s, loss=0.480]
  epoch 2/3:  47%|████▋     | 41/88 [00:11<00:12,  3.68it/s, loss=0.480]
  epoch 2/3:  47%|████▋     | 41/88 [00:11<00:12,  3.68it/s, loss=0.477]
  epoch 2/3:  48%|████▊     | 42/88 [00:11<00:12,  3.69it/s, loss=0.477]
  epoch 2/3:  48%|████▊     | 42/88 [00:11<00:12,  3.69it/s, loss=0.476]
  epoch 2/3:  49%|████▉     | 43/88 [00:11<00:12,  3.71it/s, loss=0.476]
  epoch 2/3:  49%|████▉     | 43/88 [00:12<00:12,  3.71it/s, loss=0.474]
  epoch 2/3:  50%|█████     | 44/88 [00:12<00:11,  3.71it/s, loss=0.474]
  epoch 2/3:  50%|█████     | 44/88 [00:12<00:11,  3.71it/s, loss=0.470]
  epoch 2/3:  51%|█████     | 45/88 [00:12<00:11,  3.69it/s, loss=0.470]
  epoch 2/3:  51%|█████     | 45/88 [00:12<00:11,  3.69it/s, loss=0.467]
  epoch 2/3:  52%|█████▏    | 46/88 [00:12<00:11,  3.71it/s, loss=0.467]
  epoch 2/3:  52%|█████▏    | 46/88 [00:13<00:11,  3.71it/s, loss=0.465]
  epoch 2/3:  53%|█████▎    | 47/88 [00:13<00:10,  3.73it/s, loss=0.465]
  epoch 2/3:  53%|█████▎    | 47/88 [00:13<00:10,  3.73it/s, loss=0.460]
  epoch 2/3:  55%|█████▍    | 48/88 [00:13<00:10,  3.72it/s, loss=0.460]
  epoch 2/3:  55%|█████▍    | 48/88 [00:13<00:10,  3.72it/s, loss=0.458]
  epoch 2/3:  56%|█████▌    | 49/88 [00:13<00:10,  3.70it/s, loss=0.458]
  epoch 2/3:  56%|█████▌    | 49/88 [00:13<00:10,  3.70it/s, loss=0.455]
  epoch 2/3:  57%|█████▋    | 50/88 [00:13<00:10,  3.69it/s, loss=0.455]
  epoch 2/3:  57%|█████▋    | 50/88 [00:14<00:10,  3.69it/s, loss=0.455]
  epoch 2/3:  58%|█████▊    | 51/88 [00:14<00:10,  3.69it/s, loss=0.455]
  epoch 2/3:  58%|█████▊    | 51/88 [00:14<00:10,  3.69it/s, loss=0.453]
  epoch 2/3:  59%|█████▉    | 52/88 [00:14<00:09,  3.70it/s, loss=0.453]
  epoch 2/3:  59%|█████▉    | 52/88 [00:14<00:09,  3.70it/s, loss=0.449]
  epoch 2/3:  60%|██████    | 53/88 [00:14<00:09,  3.73it/s, loss=0.449]
  epoch 2/3:  60%|██████    | 53/88 [00:14<00:09,  3.73it/s, loss=0.449]
  epoch 2/3:  61%|██████▏   | 54/88 [00:14<00:09,  3.74it/s, loss=0.449]
  epoch 2/3:  61%|██████▏   | 54/88 [00:15<00:09,  3.74it/s, loss=0.447]
  epoch 2/3:  62%|██████▎   | 55/88 [00:15<00:08,  3.74it/s, loss=0.447]
  epoch 2/3:  62%|██████▎   | 55/88 [00:15<00:08,  3.74it/s, loss=0.446]
  epoch 2/3:  64%|██████▎   | 56/88 [00:15<00:08,  3.69it/s, loss=0.446]
  epoch 2/3:  64%|██████▎   | 56/88 [00:15<00:08,  3.69it/s, loss=0.443]
  epoch 2/3:  65%|██████▍   | 57/88 [00:15<00:08,  3.71it/s, loss=0.443]
  epoch 2/3:  65%|██████▍   | 57/88 [00:15<00:08,  3.71it/s, loss=0.439]
  epoch 2/3:  66%|██████▌   | 58/88 [00:15<00:08,  3.71it/s, loss=0.439]
  epoch 2/3:  66%|██████▌   | 58/88 [00:16<00:08,  3.71it/s, loss=0.437]
  epoch 2/3:  67%|██████▋   | 59/88 [00:16<00:07,  3.71it/s, loss=0.437]
  epoch 2/3:  67%|██████▋   | 59/88 [00:16<00:07,  3.71it/s, loss=0.435]
  epoch 2/3:  68%|██████▊   | 60/88 [00:16<00:07,  3.71it/s, loss=0.435]
  epoch 2/3:  68%|██████▊   | 60/88 [00:16<00:07,  3.71it/s, loss=0.434]
  epoch 2/3:  69%|██████▉   | 61/88 [00:16<00:07,  3.70it/s, loss=0.434]
  epoch 2/3:  69%|██████▉   | 61/88 [00:17<00:07,  3.70it/s, loss=0.433]
  epoch 2/3:  70%|███████   | 62/88 [00:17<00:07,  3.70it/s, loss=0.433]
  epoch 2/3:  70%|███████   | 62/88 [00:17<00:07,  3.70it/s, loss=0.432]
  epoch 2/3:  72%|███████▏  | 63/88 [00:17<00:06,  3.71it/s, loss=0.432]
  epoch 2/3:  72%|███████▏  | 63/88 [00:17<00:06,  3.71it/s, loss=0.432]
  epoch 2/3:  73%|███████▎  | 64/88 [00:17<00:06,  3.73it/s, loss=0.432]
  epoch 2/3:  73%|███████▎  | 64/88 [00:17<00:06,  3.73it/s, loss=0.429]
  epoch 2/3:  74%|███████▍  | 65/88 [00:17<00:06,  3.73it/s, loss=0.429]
  epoch 2/3:  74%|███████▍  | 65/88 [00:18<00:06,  3.73it/s, loss=0.427]
  epoch 2/3:  75%|███████▌  | 66/88 [00:18<00:05,  3.74it/s, loss=0.427]
  epoch 2/3:  75%|███████▌  | 66/88 [00:18<00:05,  3.74it/s, loss=0.425]
  epoch 2/3:  76%|███████▌  | 67/88 [00:18<00:05,  3.72it/s, loss=0.425]
  epoch 2/3:  76%|███████▌  | 67/88 [00:18<00:05,  3.72it/s, loss=0.422]
  epoch 2/3:  77%|███████▋  | 68/88 [00:18<00:05,  3.73it/s, loss=0.422]
  epoch 2/3:  77%|███████▋  | 68/88 [00:18<00:05,  3.73it/s, loss=0.422]
  epoch 2/3:  78%|███████▊  | 69/88 [00:18<00:05,  3.75it/s, loss=0.422]
  epoch 2/3:  78%|███████▊  | 69/88 [00:19<00:05,  3.75it/s, loss=0.418]
  epoch 2/3:  80%|███████▉  | 70/88 [00:19<00:04,  3.72it/s, loss=0.418]
  epoch 2/3:  80%|███████▉  | 70/88 [00:19<00:04,  3.72it/s, loss=0.417]
  epoch 2/3:  81%|████████  | 71/88 [00:19<00:04,  3.70it/s, loss=0.417]
  epoch 2/3:  81%|████████  | 71/88 [00:19<00:04,  3.70it/s, loss=0.415]
  epoch 2/3:  82%|████████▏ | 72/88 [00:19<00:04,  3.68it/s, loss=0.415]
  epoch 2/3:  82%|████████▏ | 72/88 [00:20<00:04,  3.68it/s, loss=0.414]
  epoch 2/3:  83%|████████▎ | 73/88 [00:20<00:04,  3.69it/s, loss=0.414]
  epoch 2/3:  83%|████████▎ | 73/88 [00:20<00:04,  3.69it/s, loss=0.414]
  epoch 2/3:  84%|████████▍ | 74/88 [00:20<00:03,  3.72it/s, loss=0.414]
  epoch 2/3:  84%|████████▍ | 74/88 [00:20<00:03,  3.72it/s, loss=0.411]
  epoch 2/3:  85%|████████▌ | 75/88 [00:20<00:03,  3.72it/s, loss=0.411]
  epoch 2/3:  85%|████████▌ | 75/88 [00:20<00:03,  3.72it/s, loss=0.409]
  epoch 2/3:  86%|████████▋ | 76/88 [00:20<00:03,  3.73it/s, loss=0.409]
  epoch 2/3:  86%|████████▋ | 76/88 [00:21<00:03,  3.73it/s, loss=0.407]
  epoch 2/3:  88%|████████▊ | 77/88 [00:21<00:02,  3.71it/s, loss=0.407]
  epoch 2/3:  88%|████████▊ | 77/88 [00:21<00:02,  3.71it/s, loss=0.406]
  epoch 2/3:  89%|████████▊ | 78/88 [00:21<00:02,  3.72it/s, loss=0.406]
  epoch 2/3:  89%|████████▊ | 78/88 [00:21<00:02,  3.72it/s, loss=0.403]
  epoch 2/3:  90%|████████▉ | 79/88 [00:21<00:02,  3.72it/s, loss=0.403]
  epoch 2/3:  90%|████████▉ | 79/88 [00:21<00:02,  3.72it/s, loss=0.401]
  epoch 2/3:  91%|█████████ | 80/88 [00:21<00:02,  3.73it/s, loss=0.401]
  epoch 2/3:  91%|█████████ | 80/88 [00:22<00:02,  3.73it/s, loss=0.399]
  epoch 2/3:  92%|█████████▏| 81/88 [00:22<00:01,  3.73it/s, loss=0.399]
  epoch 2/3:  92%|█████████▏| 81/88 [00:22<00:01,  3.73it/s, loss=0.397]
  epoch 2/3:  93%|█████████▎| 82/88 [00:22<00:01,  3.73it/s, loss=0.397]
  epoch 2/3:  93%|█████████▎| 82/88 [00:22<00:01,  3.73it/s, loss=0.395]
  epoch 2/3:  94%|█████████▍| 83/88 [00:22<00:01,  3.72it/s, loss=0.395]
  epoch 2/3:  94%|█████████▍| 83/88 [00:22<00:01,  3.72it/s, loss=0.392]
  epoch 2/3:  95%|█████████▌| 84/88 [00:22<00:01,  3.71it/s, loss=0.392]
  epoch 2/3:  95%|█████████▌| 84/88 [00:23<00:01,  3.71it/s, loss=0.390]
  epoch 2/3:  97%|█████████▋| 85/88 [00:23<00:00,  3.71it/s, loss=0.390]
  epoch 2/3:  97%|█████████▋| 85/88 [00:23<00:00,  3.71it/s, loss=0.388]
  epoch 2/3:  98%|█████████▊| 86/88 [00:23<00:00,  3.71it/s, loss=0.388]
  epoch 2/3:  98%|█████████▊| 86/88 [00:23<00:00,  3.71it/s, loss=0.386]
  epoch 2/3:  99%|█████████▉| 87/88 [00:23<00:00,  3.72it/s, loss=0.386]
  epoch 2/3:  99%|█████████▉| 87/88 [00:23<00:00,  3.72it/s, loss=0.385]
  epoch 2/3: 100%|██████████| 88/88 [00:23<00:00,  4.01it/s, loss=0.385]
                                                                        

  epoch 3/3:   0%|          | 0/88 [00:00<?, ?it/s]
  epoch 3/3:   0%|          | 0/88 [00:00<?, ?it/s, loss=0.131]
  epoch 3/3:   1%|          | 1/88 [00:00<00:47,  1.83it/s, loss=0.131]
  epoch 3/3:   1%|          | 1/88 [00:00<00:47,  1.83it/s, loss=0.175]
  epoch 3/3:   2%|▏         | 2/88 [00:00<00:32,  2.61it/s, loss=0.175]
  epoch 3/3:   2%|▏         | 2/88 [00:01<00:32,  2.61it/s, loss=0.194]
  epoch 3/3:   3%|▎         | 3/88 [00:01<00:28,  3.01it/s, loss=0.194]
  epoch 3/3:   3%|▎         | 3/88 [00:01<00:28,  3.01it/s, loss=0.207]
  epoch 3/3:   5%|▍         | 4/88 [00:01<00:25,  3.27it/s, loss=0.207]
  epoch 3/3:   5%|▍         | 4/88 [00:01<00:25,  3.27it/s, loss=0.234]
  epoch 3/3:   6%|▌         | 5/88 [00:01<00:24,  3.43it/s, loss=0.234]
  epoch 3/3:   6%|▌         | 5/88 [00:01<00:24,  3.43it/s, loss=0.232]
  epoch 3/3:   7%|▋         | 6/88 [00:01<00:23,  3.53it/s, loss=0.232]
  epoch 3/3:   7%|▋         | 6/88 [00:02<00:23,  3.53it/s, loss=0.228]
  epoch 3/3:   8%|▊         | 7/88 [00:02<00:22,  3.59it/s, loss=0.228]
  epoch 3/3:   8%|▊         | 7/88 [00:02<00:22,  3.59it/s, loss=0.243]
  epoch 3/3:   9%|▉         | 8/88 [00:02<00:22,  3.63it/s, loss=0.243]
  epoch 3/3:   9%|▉         | 8/88 [00:02<00:22,  3.63it/s, loss=0.242]
  epoch 3/3:  10%|█         | 9/88 [00:02<00:21,  3.66it/s, loss=0.242]
  epoch 3/3:  10%|█         | 9/88 [00:02<00:21,  3.66it/s, loss=0.240]
  epoch 3/3:  11%|█▏        | 10/88 [00:02<00:21,  3.70it/s, loss=0.240]
  epoch 3/3:  11%|█▏        | 10/88 [00:03<00:21,  3.70it/s, loss=0.238]
  epoch 3/3:  12%|█▎        | 11/88 [00:03<00:20,  3.71it/s, loss=0.238]
  epoch 3/3:  12%|█▎        | 11/88 [00:03<00:20,  3.71it/s, loss=0.236]
  epoch 3/3:  14%|█▎        | 12/88 [00:03<00:20,  3.71it/s, loss=0.236]
  epoch 3/3:  14%|█▎        | 12/88 [00:03<00:20,  3.71it/s, loss=0.235]
  epoch 3/3:  15%|█▍        | 13/88 [00:03<00:20,  3.70it/s, loss=0.235]
  epoch 3/3:  15%|█▍        | 13/88 [00:04<00:20,  3.70it/s, loss=0.231]
  epoch 3/3:  16%|█▌        | 14/88 [00:04<00:19,  3.72it/s, loss=0.231]
  epoch 3/3:  16%|█▌        | 14/88 [00:04<00:19,  3.72it/s, loss=0.227]
  epoch 3/3:  17%|█▋        | 15/88 [00:04<00:19,  3.73it/s, loss=0.227]
  epoch 3/3:  17%|█▋        | 15/88 [00:04<00:19,  3.73it/s, loss=0.234]
  epoch 3/3:  18%|█▊        | 16/88 [00:04<00:19,  3.66it/s, loss=0.234]
  epoch 3/3:  18%|█▊        | 16/88 [00:04<00:19,  3.66it/s, loss=0.232]
  epoch 3/3:  19%|█▉        | 17/88 [00:04<00:19,  3.67it/s, loss=0.232]
  epoch 3/3:  19%|█▉        | 17/88 [00:05<00:19,  3.67it/s, loss=0.232]
  epoch 3/3:  20%|██        | 18/88 [00:05<00:18,  3.69it/s, loss=0.232]
  epoch 3/3:  20%|██        | 18/88 [00:05<00:18,  3.69it/s, loss=0.236]
  epoch 3/3:  22%|██▏       | 19/88 [00:05<00:18,  3.71it/s, loss=0.236]
  epoch 3/3:  22%|██▏       | 19/88 [00:05<00:18,  3.71it/s, loss=0.233]
  epoch 3/3:  23%|██▎       | 20/88 [00:05<00:18,  3.73it/s, loss=0.233]
  epoch 3/3:  23%|██▎       | 20/88 [00:05<00:18,  3.73it/s, loss=0.233]
  epoch 3/3:  24%|██▍       | 21/88 [00:05<00:17,  3.73it/s, loss=0.233]
  epoch 3/3:  24%|██▍       | 21/88 [00:06<00:17,  3.73it/s, loss=0.230]
  epoch 3/3:  25%|██▌       | 22/88 [00:06<00:17,  3.72it/s, loss=0.230]
  epoch 3/3:  25%|██▌       | 22/88 [00:06<00:17,  3.72it/s, loss=0.227]
  epoch 3/3:  26%|██▌       | 23/88 [00:06<00:17,  3.72it/s, loss=0.227]
  epoch 3/3:  26%|██▌       | 23/88 [00:06<00:17,  3.72it/s, loss=0.226]
  epoch 3/3:  27%|██▋       | 24/88 [00:06<00:17,  3.71it/s, loss=0.226]
  epoch 3/3:  27%|██▋       | 24/88 [00:06<00:17,  3.71it/s, loss=0.224]
  epoch 3/3:  28%|██▊       | 25/88 [00:07<00:16,  3.71it/s, loss=0.224]
  epoch 3/3:  28%|██▊       | 25/88 [00:07<00:16,  3.71it/s, loss=0.223]
  epoch 3/3:  30%|██▉       | 26/88 [00:07<00:16,  3.71it/s, loss=0.223]
  epoch 3/3:  30%|██▉       | 26/88 [00:07<00:16,  3.71it/s, loss=0.220]
  epoch 3/3:  31%|███       | 27/88 [00:07<00:16,  3.72it/s, loss=0.220]
  epoch 3/3:  31%|███       | 27/88 [00:07<00:16,  3.72it/s, loss=0.216]
  epoch 3/3:  32%|███▏      | 28/88 [00:07<00:16,  3.72it/s, loss=0.216]
  epoch 3/3:  32%|███▏      | 28/88 [00:08<00:16,  3.72it/s, loss=0.214]
  epoch 3/3:  33%|███▎      | 29/88 [00:08<00:21,  2.74it/s, loss=0.214]
  epoch 3/3:  33%|███▎      | 29/88 [00:08<00:21,  2.74it/s, loss=0.216]
  epoch 3/3:  34%|███▍      | 30/88 [00:08<00:19,  2.98it/s, loss=0.216]
  epoch 3/3:  34%|███▍      | 30/88 [00:08<00:19,  2.98it/s, loss=0.212]
  epoch 3/3:  35%|███▌      | 31/88 [00:08<00:17,  3.18it/s, loss=0.212]
  epoch 3/3:  35%|███▌      | 31/88 [00:09<00:17,  3.18it/s, loss=0.211]
  epoch 3/3:  36%|███▋      | 32/88 [00:09<00:16,  3.30it/s, loss=0.211]
  epoch 3/3:  36%|███▋      | 32/88 [00:09<00:16,  3.30it/s, loss=0.212]
  epoch 3/3:  38%|███▊      | 33/88 [00:09<00:16,  3.41it/s, loss=0.212]
  epoch 3/3:  38%|███▊      | 33/88 [00:09<00:16,  3.41it/s, loss=0.212]
  epoch 3/3:  39%|███▊      | 34/88 [00:09<00:15,  3.52it/s, loss=0.212]
  epoch 3/3:  39%|███▊      | 34/88 [00:09<00:15,  3.52it/s, loss=0.210]
  epoch 3/3:  40%|███▉      | 35/88 [00:09<00:14,  3.60it/s, loss=0.210]
  epoch 3/3:  40%|███▉      | 35/88 [00:10<00:14,  3.60it/s, loss=0.210]
  epoch 3/3:  41%|████      | 36/88 [00:10<00:14,  3.62it/s, loss=0.210]
  epoch 3/3:  41%|████      | 36/88 [00:10<00:14,  3.62it/s, loss=0.210]
  epoch 3/3:  42%|████▏     | 37/88 [00:10<00:13,  3.65it/s, loss=0.210]
  epoch 3/3:  42%|████▏     | 37/88 [00:10<00:13,  3.65it/s, loss=0.208]
  epoch 3/3:  43%|████▎     | 38/88 [00:10<00:13,  3.67it/s, loss=0.208]
  epoch 3/3:  43%|████▎     | 38/88 [00:11<00:13,  3.67it/s, loss=0.207]
  epoch 3/3:  44%|████▍     | 39/88 [00:11<00:13,  3.71it/s, loss=0.207]
  epoch 3/3:  44%|████▍     | 39/88 [00:11<00:13,  3.71it/s, loss=0.206]
  epoch 3/3:  45%|████▌     | 40/88 [00:11<00:12,  3.73it/s, loss=0.206]
  epoch 3/3:  45%|████▌     | 40/88 [00:11<00:12,  3.73it/s, loss=0.207]
  epoch 3/3:  47%|████▋     | 41/88 [00:11<00:12,  3.75it/s, loss=0.207]
  epoch 3/3:  47%|████▋     | 41/88 [00:11<00:12,  3.75it/s, loss=0.205]
  epoch 3/3:  48%|████▊     | 42/88 [00:11<00:12,  3.76it/s, loss=0.205]
  epoch 3/3:  48%|████▊     | 42/88 [00:12<00:12,  3.76it/s, loss=0.205]
  epoch 3/3:  49%|████▉     | 43/88 [00:12<00:11,  3.75it/s, loss=0.205]
  epoch 3/3:  49%|████▉     | 43/88 [00:12<00:11,  3.75it/s, loss=0.202]
  epoch 3/3:  50%|█████     | 44/88 [00:12<00:11,  3.74it/s, loss=0.202]
  epoch 3/3:  50%|█████     | 44/88 [00:12<00:11,  3.74it/s, loss=0.199]
  epoch 3/3:  51%|█████     | 45/88 [00:12<00:11,  3.72it/s, loss=0.199]
  epoch 3/3:  51%|█████     | 45/88 [00:12<00:11,  3.72it/s, loss=0.199]
  epoch 3/3:  52%|█████▏    | 46/88 [00:12<00:11,  3.72it/s, loss=0.199]
  epoch 3/3:  52%|█████▏    | 46/88 [00:13<00:11,  3.72it/s, loss=0.199]
  epoch 3/3:  53%|█████▎    | 47/88 [00:13<00:11,  3.72it/s, loss=0.199]
  epoch 3/3:  53%|█████▎    | 47/88 [00:13<00:11,  3.72it/s, loss=0.197]
  epoch 3/3:  55%|█████▍    | 48/88 [00:13<00:10,  3.66it/s, loss=0.197]
  epoch 3/3:  55%|█████▍    | 48/88 [00:13<00:10,  3.66it/s, loss=0.196]
  epoch 3/3:  56%|█████▌    | 49/88 [00:13<00:10,  3.67it/s, loss=0.196]
  epoch 3/3:  56%|█████▌    | 49/88 [00:14<00:10,  3.67it/s, loss=0.195]
  epoch 3/3:  57%|█████▋    | 50/88 [00:14<00:10,  3.70it/s, loss=0.195]
  epoch 3/3:  57%|█████▋    | 50/88 [00:14<00:10,  3.70it/s, loss=0.193]
  epoch 3/3:  58%|█████▊    | 51/88 [00:14<00:09,  3.71it/s, loss=0.193]
  epoch 3/3:  58%|█████▊    | 51/88 [00:14<00:09,  3.71it/s, loss=0.195]
  epoch 3/3:  59%|█████▉    | 52/88 [00:14<00:09,  3.72it/s, loss=0.195]
  epoch 3/3:  59%|█████▉    | 52/88 [00:14<00:09,  3.72it/s, loss=0.195]
  epoch 3/3:  60%|██████    | 53/88 [00:14<00:09,  3.70it/s, loss=0.195]
  epoch 3/3:  60%|██████    | 53/88 [00:15<00:09,  3.70it/s, loss=0.192]
  epoch 3/3:  61%|██████▏   | 54/88 [00:15<00:09,  3.73it/s, loss=0.192]
  epoch 3/3:  61%|██████▏   | 54/88 [00:15<00:09,  3.73it/s, loss=0.193]
  epoch 3/3:  62%|██████▎   | 55/88 [00:15<00:08,  3.73it/s, loss=0.193]
  epoch 3/3:  62%|██████▎   | 55/88 [00:15<00:08,  3.73it/s, loss=0.192]
  epoch 3/3:  64%|██████▎   | 56/88 [00:15<00:08,  3.73it/s, loss=0.192]
  epoch 3/3:  64%|██████▎   | 56/88 [00:15<00:08,  3.73it/s, loss=0.190]
  epoch 3/3:  65%|██████▍   | 57/88 [00:15<00:08,  3.75it/s, loss=0.190]
  epoch 3/3:  65%|██████▍   | 57/88 [00:16<00:08,  3.75it/s, loss=0.188]
  epoch 3/3:  66%|██████▌   | 58/88 [00:16<00:08,  3.72it/s, loss=0.188]
  epoch 3/3:  66%|██████▌   | 58/88 [00:16<00:08,  3.72it/s, loss=0.187]
  epoch 3/3:  67%|██████▋   | 59/88 [00:16<00:07,  3.72it/s, loss=0.187]
  epoch 3/3:  67%|██████▋   | 59/88 [00:16<00:07,  3.72it/s, loss=0.189]
  epoch 3/3:  68%|██████▊   | 60/88 [00:16<00:07,  3.73it/s, loss=0.189]
  epoch 3/3:  68%|██████▊   | 60/88 [00:16<00:07,  3.73it/s, loss=0.187]
  epoch 3/3:  69%|██████▉   | 61/88 [00:16<00:07,  3.71it/s, loss=0.187]
  epoch 3/3:  69%|██████▉   | 61/88 [00:17<00:07,  3.71it/s, loss=0.187]
  epoch 3/3:  70%|███████   | 62/88 [00:17<00:06,  3.73it/s, loss=0.187]
  epoch 3/3:  70%|███████   | 62/88 [00:17<00:06,  3.73it/s, loss=0.186]
  epoch 3/3:  72%|███████▏  | 63/88 [00:17<00:06,  3.73it/s, loss=0.186]
  epoch 3/3:  72%|███████▏  | 63/88 [00:17<00:06,  3.73it/s, loss=0.185]
  epoch 3/3:  73%|███████▎  | 64/88 [00:17<00:06,  3.66it/s, loss=0.185]
  epoch 3/3:  73%|███████▎  | 64/88 [00:18<00:06,  3.66it/s, loss=0.184]
  epoch 3/3:  74%|███████▍  | 65/88 [00:18<00:06,  3.68it/s, loss=0.184]
  epoch 3/3:  74%|███████▍  | 65/88 [00:18<00:06,  3.68it/s, loss=0.184]
  epoch 3/3:  75%|███████▌  | 66/88 [00:18<00:05,  3.68it/s, loss=0.184]
  epoch 3/3:  75%|███████▌  | 66/88 [00:18<00:05,  3.68it/s, loss=0.182]
  epoch 3/3:  76%|███████▌  | 67/88 [00:18<00:05,  3.71it/s, loss=0.182]
  epoch 3/3:  76%|███████▌  | 67/88 [00:18<00:05,  3.71it/s, loss=0.182]
  epoch 3/3:  77%|███████▋  | 68/88 [00:18<00:05,  3.73it/s, loss=0.182]
  epoch 3/3:  77%|███████▋  | 68/88 [00:19<00:05,  3.73it/s, loss=0.180]
  epoch 3/3:  78%|███████▊  | 69/88 [00:19<00:05,  3.72it/s, loss=0.180]
  epoch 3/3:  78%|███████▊  | 69/88 [00:19<00:05,  3.72it/s, loss=0.179]
  epoch 3/3:  80%|███████▉  | 70/88 [00:19<00:04,  3.70it/s, loss=0.179]
  epoch 3/3:  80%|███████▉  | 70/88 [00:19<00:04,  3.70it/s, loss=0.177]
  epoch 3/3:  81%|████████  | 71/88 [00:19<00:04,  3.69it/s, loss=0.177]
  epoch 3/3:  81%|████████  | 71/88 [00:19<00:04,  3.69it/s, loss=0.177]
  epoch 3/3:  82%|████████▏ | 72/88 [00:19<00:04,  3.69it/s, loss=0.177]
  epoch 3/3:  82%|████████▏ | 72/88 [00:20<00:04,  3.69it/s, loss=0.176]
  epoch 3/3:  83%|████████▎ | 73/88 [00:20<00:04,  3.70it/s, loss=0.176]
  epoch 3/3:  83%|████████▎ | 73/88 [00:20<00:04,  3.70it/s, loss=0.176]
  epoch 3/3:  84%|████████▍ | 74/88 [00:20<00:03,  3.71it/s, loss=0.176]
  epoch 3/3:  84%|████████▍ | 74/88 [00:20<00:03,  3.71it/s, loss=0.175]
  epoch 3/3:  85%|████████▌ | 75/88 [00:20<00:03,  3.72it/s, loss=0.175]
  epoch 3/3:  85%|████████▌ | 75/88 [00:21<00:03,  3.72it/s, loss=0.176]
  epoch 3/3:  86%|████████▋ | 76/88 [00:21<00:03,  3.70it/s, loss=0.176]
  epoch 3/3:  86%|████████▋ | 76/88 [00:21<00:03,  3.70it/s, loss=0.175]
  epoch 3/3:  88%|████████▊ | 77/88 [00:21<00:02,  3.72it/s, loss=0.175]
  epoch 3/3:  88%|████████▊ | 77/88 [00:21<00:02,  3.72it/s, loss=0.174]
  epoch 3/3:  89%|████████▊ | 78/88 [00:21<00:02,  3.74it/s, loss=0.174]
  epoch 3/3:  89%|████████▊ | 78/88 [00:21<00:02,  3.74it/s, loss=0.173]
  epoch 3/3:  90%|████████▉ | 79/88 [00:21<00:02,  3.73it/s, loss=0.173]
  epoch 3/3:  90%|████████▉ | 79/88 [00:22<00:02,  3.73it/s, loss=0.172]
  epoch 3/3:  91%|█████████ | 80/88 [00:22<00:02,  3.69it/s, loss=0.172]
  epoch 3/3:  91%|█████████ | 80/88 [00:22<00:02,  3.69it/s, loss=0.173]
  epoch 3/3:  92%|█████████▏| 81/88 [00:22<00:01,  3.70it/s, loss=0.173]
  epoch 3/3:  92%|█████████▏| 81/88 [00:22<00:01,  3.70it/s, loss=0.173]
  epoch 3/3:  93%|█████████▎| 82/88 [00:22<00:01,  3.71it/s, loss=0.173]
  epoch 3/3:  93%|█████████▎| 82/88 [00:22<00:01,  3.71it/s, loss=0.175]
  epoch 3/3:  94%|█████████▍| 83/88 [00:22<00:01,  3.70it/s, loss=0.175]
  epoch 3/3:  94%|█████████▍| 83/88 [00:23<00:01,  3.70it/s, loss=0.174]
  epoch 3/3:  95%|█████████▌| 84/88 [00:23<00:01,  3.72it/s, loss=0.174]
  epoch 3/3:  95%|█████████▌| 84/88 [00:23<00:01,  3.72it/s, loss=0.173]
  epoch 3/3:  97%|█████████▋| 85/88 [00:23<00:00,  3.72it/s, loss=0.173]
  epoch 3/3:  97%|█████████▋| 85/88 [00:23<00:00,  3.72it/s, loss=0.172]
  epoch 3/3:  98%|█████████▊| 86/88 [00:23<00:00,  3.72it/s, loss=0.172]
  epoch 3/3:  98%|█████████▊| 86/88 [00:23<00:00,  3.72it/s, loss=0.172]
  epoch 3/3:  99%|█████████▉| 87/88 [00:23<00:00,  3.71it/s, loss=0.172]
  epoch 3/3:  99%|█████████▉| 87/88 [00:24<00:00,  3.71it/s, loss=0.173]
  epoch 3/3: 100%|██████████| 88/88 [00:24<00:00,  4.06it/s, loss=0.173]
                                                                        
[titans] reset=never | norm(state) sau task = 63.6825
[titans]   self-mod v:β=0.94 |W|=2.35
[titans]   eta_t(avg)=-11.4351  alpha_t/forget-gate(avg)=1.0000
[task 4] test acc so far: 0.846  0.817  0.806  0.523  0.231
[task 4] NCM-online acc so far: 0.640  0.686  0.726  0.746  0.829
[task 4] NCM-posthoc acc so far: 0.737  0.840  0.789  0.743  0.757
[checkpoint] đã lưu tiến độ sau task 4
[task 5] classes=[0, 19, 22, 33, 38] | train=2800

  epoch 1/3:   0%|          | 0/88 [00:00<?, ?it/s]
  epoch 1/3:   0%|          | 0/88 [00:00<?, ?it/s, loss=1.722]
  epoch 1/3:   1%|          | 1/88 [00:00<00:52,  1.66it/s, loss=1.722]
  epoch 1/3:   1%|          | 1/88 [00:00<00:52,  1.66it/s, loss=1.788]
  epoch 1/3:   2%|▏         | 2/88 [00:00<00:34,  2.49it/s, loss=1.788]
  epoch 1/3:   2%|▏         | 2/88 [00:01<00:34,  2.49it/s, loss=1.767]
  epoch 1/3:   3%|▎         | 3/88 [00:01<00:28,  2.95it/s, loss=1.767]
  epoch 1/3:   3%|▎         | 3/88 [00:01<00:28,  2.95it/s, loss=1.732]
  epoch 1/3:   5%|▍         | 4/88 [00:01<00:26,  3.21it/s, loss=1.732]
  epoch 1/3:   5%|▍         | 4/88 [00:01<00:26,  3.21it/s, loss=1.732]
  epoch 1/3:   6%|▌         | 5/88 [00:01<00:24,  3.39it/s, loss=1.732]
  epoch 1/3:   6%|▌         | 5/88 [00:01<00:24,  3.39it/s, loss=1.709]
  epoch 1/3:   7%|▋         | 6/88 [00:01<00:23,  3.51it/s, loss=1.709]
  epoch 1/3:   7%|▋         | 6/88 [00:02<00:23,  3.51it/s, loss=1.684]
  epoch 1/3:   8%|▊         | 7/88 [00:02<00:22,  3.60it/s, loss=1.684]
  epoch 1/3:   8%|▊         | 7/88 [00:02<00:22,  3.60it/s, loss=1.669]
  epoch 1/3:   9%|▉         | 8/88 [00:02<00:22,  3.60it/s, loss=1.669]
  epoch 1/3:   9%|▉         | 8/88 [00:02<00:22,  3.60it/s, loss=1.665]
  epoch 1/3:  10%|█         | 9/88 [00:02<00:21,  3.65it/s, loss=1.665]
  epoch 1/3:  10%|█         | 9/88 [00:03<00:21,  3.65it/s, loss=1.660]
  epoch 1/3:  11%|█▏        | 10/88 [00:03<00:21,  3.67it/s, loss=1.660]
  epoch 1/3:  11%|█▏        | 10/88 [00:03<00:21,  3.67it/s, loss=1.641]
  epoch 1/3:  12%|█▎        | 11/88 [00:03<00:20,  3.71it/s, loss=1.641]
  epoch 1/3:  12%|█▎        | 11/88 [00:03<00:20,  3.71it/s, loss=1.624]
  epoch 1/3:  14%|█▎        | 12/88 [00:03<00:20,  3.73it/s, loss=1.624]
  epoch 1/3:  14%|█▎        | 12/88 [00:03<00:20,  3.73it/s, loss=1.629]
  epoch 1/3:  15%|█▍        | 13/88 [00:03<00:19,  3.75it/s, loss=1.629]
  epoch 1/3:  15%|█▍        | 13/88 [00:04<00:19,  3.75it/s, loss=1.607]
  epoch 1/3:  16%|█▌        | 14/88 [00:04<00:19,  3.77it/s, loss=1.607]
  epoch 1/3:  16%|█▌        | 14/88 [00:04<00:19,  3.77it/s, loss=1.604]
  epoch 1/3:  17%|█▋        | 15/88 [00:04<00:19,  3.77it/s, loss=1.604]
  epoch 1/3:  17%|█▋        | 15/88 [00:04<00:19,  3.77it/s, loss=1.594]
  epoch 1/3:  18%|█▊        | 16/88 [00:04<00:19,  3.77it/s, loss=1.594]
  epoch 1/3:  18%|█▊        | 16/88 [00:04<00:19,  3.77it/s, loss=1.585]
  epoch 1/3:  19%|█▉        | 17/88 [00:04<00:18,  3.78it/s, loss=1.585]
  epoch 1/3:  19%|█▉        | 17/88 [00:05<00:18,  3.78it/s, loss=1.579]
  epoch 1/3:  20%|██        | 18/88 [00:05<00:18,  3.78it/s, loss=1.579]
  epoch 1/3:  20%|██        | 18/88 [00:05<00:18,  3.78it/s, loss=1.570]
  epoch 1/3:  22%|██▏       | 19/88 [00:05<00:18,  3.78it/s, loss=1.570]
  epoch 1/3:  22%|██▏       | 19/88 [00:05<00:18,  3.78it/s, loss=1.555]
  epoch 1/3:  23%|██▎       | 20/88 [00:05<00:18,  3.78it/s, loss=1.555]
  epoch 1/3:  23%|██▎       | 20/88 [00:05<00:18,  3.78it/s, loss=1.546]
  epoch 1/3:  24%|██▍       | 21/88 [00:05<00:17,  3.76it/s, loss=1.546]
  epoch 1/3:  24%|██▍       | 21/88 [00:06<00:17,  3.76it/s, loss=1.532]
  epoch 1/3:  25%|██▌       | 22/88 [00:06<00:17,  3.74it/s, loss=1.532]
  epoch 1/3:  25%|██▌       | 22/88 [00:06<00:17,  3.74it/s, loss=1.516]
  epoch 1/3:  26%|██▌       | 23/88 [00:06<00:17,  3.75it/s, loss=1.516]
  epoch 1/3:  26%|██▌       | 23/88 [00:06<00:17,  3.75it/s, loss=1.504]
  epoch 1/3:  27%|██▋       | 24/88 [00:06<00:17,  3.72it/s, loss=1.504]
  epoch 1/3:  27%|██▋       | 24/88 [00:06<00:17,  3.72it/s, loss=1.501]
  epoch 1/3:  28%|██▊       | 25/88 [00:06<00:16,  3.73it/s, loss=1.501]
  epoch 1/3:  28%|██▊       | 25/88 [00:07<00:16,  3.73it/s, loss=1.495]
  epoch 1/3:  30%|██▉       | 26/88 [00:07<00:16,  3.72it/s, loss=1.495]
  epoch 1/3:  30%|██▉       | 26/88 [00:07<00:16,  3.72it/s, loss=1.483]
  epoch 1/3:  31%|███       | 27/88 [00:07<00:16,  3.74it/s, loss=1.483]
  epoch 1/3:  31%|███       | 27/88 [00:07<00:16,  3.74it/s, loss=1.474]
  epoch 1/3:  32%|███▏      | 28/88 [00:07<00:15,  3.75it/s, loss=1.474]
  epoch 1/3:  32%|███▏      | 28/88 [00:08<00:15,  3.75it/s, loss=1.470]
  epoch 1/3:  33%|███▎      | 29/88 [00:08<00:15,  3.77it/s, loss=1.470]
  epoch 1/3:  33%|███▎      | 29/88 [00:08<00:15,  3.77it/s, loss=1.462]
  epoch 1/3:  34%|███▍      | 30/88 [00:08<00:15,  3.77it/s, loss=1.462]
  epoch 1/3:  34%|███▍      | 30/88 [00:08<00:15,  3.77it/s, loss=1.452]
  epoch 1/3:  35%|███▌      | 31/88 [00:08<00:15,  3.75it/s, loss=1.452]
  epoch 1/3:  35%|███▌      | 31/88 [00:08<00:15,  3.75it/s, loss=1.444]
  epoch 1/3:  36%|███▋      | 32/88 [00:08<00:14,  3.76it/s, loss=1.444]
  epoch 1/3:  36%|███▋      | 32/88 [00:09<00:14,  3.76it/s, loss=1.436]
  epoch 1/3:  38%|███▊      | 33/88 [00:09<00:14,  3.75it/s, loss=1.436]
  epoch 1/3:  38%|███▊      | 33/88 [00:09<00:14,  3.75it/s, loss=1.429]
  epoch 1/3:  39%|███▊      | 34/88 [00:09<00:14,  3.74it/s, loss=1.429]
  epoch 1/3:  39%|███▊      | 34/88 [00:09<00:14,  3.74it/s, loss=1.422]
  epoch 1/3:  40%|███▉      | 35/88 [00:09<00:14,  3.75it/s, loss=1.422]
  epoch 1/3:  40%|███▉      | 35/88 [00:09<00:14,  3.75it/s, loss=1.415]
  epoch 1/3:  41%|████      | 36/88 [00:09<00:13,  3.74it/s, loss=1.415]
  epoch 1/3:  41%|████      | 36/88 [00:10<00:13,  3.74it/s, loss=1.405]
  epoch 1/3:  42%|████▏     | 37/88 [00:10<00:13,  3.74it/s, loss=1.405]
  epoch 1/3:  42%|████▏     | 37/88 [00:10<00:13,  3.74it/s, loss=1.400]
  epoch 1/3:  43%|████▎     | 38/88 [00:10<00:13,  3.75it/s, loss=1.400]
  epoch 1/3:  43%|████▎     | 38/88 [00:10<00:13,  3.75it/s, loss=1.394]
  epoch 1/3:  44%|████▍     | 39/88 [00:10<00:13,  3.74it/s, loss=1.394]
  epoch 1/3:  44%|████▍     | 39/88 [00:10<00:13,  3.74it/s, loss=1.390]
  epoch 1/3:  45%|████▌     | 40/88 [00:10<00:12,  3.70it/s, loss=1.390]
  epoch 1/3:  45%|████▌     | 40/88 [00:11<00:12,  3.70it/s, loss=1.385]
  epoch 1/3:  47%|████▋     | 41/88 [00:11<00:12,  3.71it/s, loss=1.385]
  epoch 1/3:  47%|████▋     | 41/88 [00:11<00:12,  3.71it/s, loss=1.378]
  epoch 1/3:  48%|████▊     | 42/88 [00:11<00:12,  3.72it/s, loss=1.378]
  epoch 1/3:  48%|████▊     | 42/88 [00:11<00:12,  3.72it/s, loss=1.369]
  epoch 1/3:  49%|████▉     | 43/88 [00:11<00:12,  3.73it/s, loss=1.369]
  epoch 1/3:  49%|████▉     | 43/88 [00:12<00:12,  3.73it/s, loss=1.363]
  epoch 1/3:  50%|█████     | 44/88 [00:12<00:11,  3.75it/s, loss=1.363]
  epoch 1/3:  50%|█████     | 44/88 [00:12<00:11,  3.75it/s, loss=1.356]
  epoch 1/3:  51%|█████     | 45/88 [00:12<00:11,  3.75it/s, loss=1.356]
  epoch 1/3:  51%|█████     | 45/88 [00:12<00:11,  3.75it/s, loss=1.348]
  epoch 1/3:  52%|█████▏    | 46/88 [00:12<00:11,  3.75it/s, loss=1.348]
  epoch 1/3:  52%|█████▏    | 46/88 [00:12<00:11,  3.75it/s, loss=1.338]
  epoch 1/3:  53%|█████▎    | 47/88 [00:12<00:10,  3.73it/s, loss=1.338]
  epoch 1/3:  53%|█████▎    | 47/88 [00:13<00:10,  3.73it/s, loss=1.329]
  epoch 1/3:  55%|█████▍    | 48/88 [00:13<00:10,  3.73it/s, loss=1.329]
  epoch 1/3:  55%|█████▍    | 48/88 [00:13<00:10,  3.73it/s, loss=1.321]
  epoch 1/3:  56%|█████▌    | 49/88 [00:13<00:10,  3.75it/s, loss=1.321]
  epoch 1/3:  56%|█████▌    | 49/88 [00:13<00:10,  3.75it/s, loss=1.311]
  epoch 1/3:  57%|█████▋    | 50/88 [00:13<00:10,  3.74it/s, loss=1.311]
  epoch 1/3:  57%|█████▋    | 50/88 [00:13<00:10,  3.74it/s, loss=1.305]
  epoch 1/3:  58%|█████▊    | 51/88 [00:13<00:09,  3.73it/s, loss=1.305]
  epoch 1/3:  58%|█████▊    | 51/88 [00:14<00:09,  3.73it/s, loss=1.297]
  epoch 1/3:  59%|█████▉    | 52/88 [00:14<00:09,  3.72it/s, loss=1.297]
  epoch 1/3:  59%|█████▉    | 52/88 [00:14<00:09,  3.72it/s, loss=1.291]
  epoch 1/3:  60%|██████    | 53/88 [00:14<00:09,  3.74it/s, loss=1.291]
  epoch 1/3:  60%|██████    | 53/88 [00:14<00:09,  3.74it/s, loss=1.286]
  epoch 1/3:  61%|██████▏   | 54/88 [00:14<00:09,  3.75it/s, loss=1.286]
  epoch 1/3:  61%|██████▏   | 54/88 [00:15<00:09,  3.75it/s, loss=1.279]
  epoch 1/3:  62%|██████▎   | 55/88 [00:15<00:08,  3.74it/s, loss=1.279]
  epoch 1/3:  62%|██████▎   | 55/88 [00:15<00:08,  3.74it/s, loss=1.272]
  epoch 1/3:  64%|██████▎   | 56/88 [00:15<00:08,  3.67it/s, loss=1.272]
  epoch 1/3:  64%|██████▎   | 56/88 [00:15<00:08,  3.67it/s, loss=1.265]
  epoch 1/3:  65%|██████▍   | 57/88 [00:15<00:08,  3.70it/s, loss=1.265]
  epoch 1/3:  65%|██████▍   | 57/88 [00:15<00:08,  3.70it/s, loss=1.258]
  epoch 1/3:  66%|██████▌   | 58/88 [00:15<00:08,  3.72it/s, loss=1.258]
  epoch 1/3:  66%|██████▌   | 58/88 [00:16<00:08,  3.72it/s, loss=1.254]
  epoch 1/3:  67%|██████▋   | 59/88 [00:16<00:07,  3.71it/s, loss=1.254]
  epoch 1/3:  67%|██████▋   | 59/88 [00:16<00:07,  3.71it/s, loss=1.248]
  epoch 1/3:  68%|██████▊   | 60/88 [00:16<00:07,  3.73it/s, loss=1.248]
  epoch 1/3:  68%|██████▊   | 60/88 [00:16<00:07,  3.73it/s, loss=1.241]
  epoch 1/3:  69%|██████▉   | 61/88 [00:16<00:07,  3.73it/s, loss=1.241]
  epoch 1/3:  69%|██████▉   | 61/88 [00:16<00:07,  3.73it/s, loss=1.237]
  epoch 1/3:  70%|███████   | 62/88 [00:16<00:06,  3.72it/s, loss=1.237]
  epoch 1/3:  70%|███████   | 62/88 [00:17<00:06,  3.72it/s, loss=1.230]
  epoch 1/3:  72%|███████▏  | 63/88 [00:17<00:06,  3.71it/s, loss=1.230]
  epoch 1/3:  72%|███████▏  | 63/88 [00:17<00:06,  3.71it/s, loss=1.223]
  epoch 1/3:  73%|███████▎  | 64/88 [00:17<00:06,  3.71it/s, loss=1.223]
  epoch 1/3:  73%|███████▎  | 64/88 [00:17<00:06,  3.71it/s, loss=1.216]
  epoch 1/3:  74%|███████▍  | 65/88 [00:17<00:06,  3.71it/s, loss=1.216]
  epoch 1/3:  74%|███████▍  | 65/88 [00:17<00:06,  3.71it/s, loss=1.209]
  epoch 1/3:  75%|███████▌  | 66/88 [00:17<00:05,  3.70it/s, loss=1.209]
  epoch 1/3:  75%|███████▌  | 66/88 [00:18<00:05,  3.70it/s, loss=1.203]
  epoch 1/3:  76%|███████▌  | 67/88 [00:18<00:05,  3.71it/s, loss=1.203]
  epoch 1/3:  76%|███████▌  | 67/88 [00:18<00:05,  3.71it/s, loss=1.197]
  epoch 1/3:  77%|███████▋  | 68/88 [00:18<00:05,  3.71it/s, loss=1.197]
  epoch 1/3:  77%|███████▋  | 68/88 [00:18<00:05,  3.71it/s, loss=1.191]
  epoch 1/3:  78%|███████▊  | 69/88 [00:18<00:05,  3.70it/s, loss=1.191]
  epoch 1/3:  78%|███████▊  | 69/88 [00:19<00:05,  3.70it/s, loss=1.185]
  epoch 1/3:  80%|███████▉  | 70/88 [00:19<00:04,  3.72it/s, loss=1.185]
  epoch 1/3:  80%|███████▉  | 70/88 [00:19<00:04,  3.72it/s, loss=1.179]
  epoch 1/3:  81%|████████  | 71/88 [00:19<00:04,  3.72it/s, loss=1.179]
  epoch 1/3:  81%|████████  | 71/88 [00:19<00:04,  3.72it/s, loss=1.175]
  epoch 1/3:  82%|████████▏ | 72/88 [00:19<00:04,  3.66it/s, loss=1.175]
  epoch 1/3:  82%|████████▏ | 72/88 [00:19<00:04,  3.66it/s, loss=1.169]
  epoch 1/3:  83%|████████▎ | 73/88 [00:19<00:04,  3.67it/s, loss=1.169]
  epoch 1/3:  83%|████████▎ | 73/88 [00:20<00:04,  3.67it/s, loss=1.163]
  epoch 1/3:  84%|████████▍ | 74/88 [00:20<00:03,  3.69it/s, loss=1.163]
  epoch 1/3:  84%|████████▍ | 74/88 [00:20<00:03,  3.69it/s, loss=1.157]
  epoch 1/3:  85%|████████▌ | 75/88 [00:20<00:03,  3.70it/s, loss=1.157]
  epoch 1/3:  85%|████████▌ | 75/88 [00:20<00:03,  3.70it/s, loss=1.151]
  epoch 1/3:  86%|████████▋ | 76/88 [00:20<00:03,  3.71it/s, loss=1.151]
  epoch 1/3:  86%|████████▋ | 76/88 [00:20<00:03,  3.71it/s, loss=1.146]
  epoch 1/3:  88%|████████▊ | 77/88 [00:20<00:02,  3.70it/s, loss=1.146]
  epoch 1/3:  88%|████████▊ | 77/88 [00:21<00:02,  3.70it/s, loss=1.141]
  epoch 1/3:  89%|████████▊ | 78/88 [00:21<00:02,  3.72it/s, loss=1.141]
  epoch 1/3:  89%|████████▊ | 78/88 [00:21<00:02,  3.72it/s, loss=1.135]
  epoch 1/3:  90%|████████▉ | 79/88 [00:21<00:02,  3.71it/s, loss=1.135]
  epoch 1/3:  90%|████████▉ | 79/88 [00:21<00:02,  3.71it/s, loss=1.130]
  epoch 1/3:  91%|█████████ | 80/88 [00:21<00:02,  3.70it/s, loss=1.130]
  epoch 1/3:  91%|█████████ | 80/88 [00:22<00:02,  3.70it/s, loss=1.127]
  epoch 1/3:  92%|█████████▏| 81/88 [00:22<00:01,  3.71it/s, loss=1.127]
  epoch 1/3:  92%|█████████▏| 81/88 [00:22<00:01,  3.71it/s, loss=1.122]
  epoch 1/3:  93%|█████████▎| 82/88 [00:22<00:01,  3.69it/s, loss=1.122]
  epoch 1/3:  93%|█████████▎| 82/88 [00:22<00:01,  3.69it/s, loss=1.115]
  epoch 1/3:  94%|█████████▍| 83/88 [00:22<00:01,  3.68it/s, loss=1.115]
  epoch 1/3:  94%|█████████▍| 83/88 [00:22<00:01,  3.68it/s, loss=1.110]
  epoch 1/3:  95%|█████████▌| 84/88 [00:22<00:01,  3.69it/s, loss=1.110]
  epoch 1/3:  95%|█████████▌| 84/88 [00:23<00:01,  3.69it/s, loss=1.105]
  epoch 1/3:  97%|█████████▋| 85/88 [00:23<00:00,  3.70it/s, loss=1.105]
  epoch 1/3:  97%|█████████▋| 85/88 [00:23<00:00,  3.70it/s, loss=1.101]
  epoch 1/3:  98%|█████████▊| 86/88 [00:23<00:00,  3.69it/s, loss=1.101]
  epoch 1/3:  98%|█████████▊| 86/88 [00:23<00:00,  3.69it/s, loss=1.096]
  epoch 1/3:  99%|█████████▉| 87/88 [00:23<00:00,  3.71it/s, loss=1.096]
  epoch 1/3:  99%|█████████▉| 87/88 [00:23<00:00,  3.71it/s, loss=1.094]
  epoch 1/3: 100%|██████████| 88/88 [00:23<00:00,  4.01it/s, loss=1.094]
                                                                        

  epoch 2/3:   0%|          | 0/88 [00:00<?, ?it/s]
  epoch 2/3:   0%|          | 0/88 [00:00<?, ?it/s, loss=0.661]
  epoch 2/3:   1%|          | 1/88 [00:00<00:45,  1.91it/s, loss=0.661]
  epoch 2/3:   1%|          | 1/88 [00:00<00:45,  1.91it/s, loss=0.677]
  epoch 2/3:   2%|▏         | 2/88 [00:00<00:31,  2.69it/s, loss=0.677]
  epoch 2/3:   2%|▏         | 2/88 [00:01<00:31,  2.69it/s, loss=0.659]
  epoch 2/3:   3%|▎         | 3/88 [00:01<00:27,  3.09it/s, loss=0.659]
  epoch 2/3:   3%|▎         | 3/88 [00:01<00:27,  3.09it/s, loss=0.633]
  epoch 2/3:   5%|▍         | 4/88 [00:01<00:25,  3.31it/s, loss=0.633]
  epoch 2/3:   5%|▍         | 4/88 [00:01<00:25,  3.31it/s, loss=0.638]
  epoch 2/3:   6%|▌         | 5/88 [00:01<00:24,  3.42it/s, loss=0.638]
  epoch 2/3:   6%|▌         | 5/88 [00:01<00:24,  3.42it/s, loss=0.616]
  epoch 2/3:   7%|▋         | 6/88 [00:01<00:23,  3.51it/s, loss=0.616]
  epoch 2/3:   7%|▋         | 6/88 [00:02<00:23,  3.51it/s, loss=0.640]
  epoch 2/3:   8%|▊         | 7/88 [00:02<00:22,  3.57it/s, loss=0.640]
  epoch 2/3:   8%|▊         | 7/88 [00:02<00:22,  3.57it/s, loss=0.628]
  epoch 2/3:   9%|▉         | 8/88 [00:02<00:22,  3.61it/s, loss=0.628]
  epoch 2/3:   9%|▉         | 8/88 [00:02<00:22,  3.61it/s, loss=0.620]
  epoch 2/3:  10%|█         | 9/88 [00:02<00:21,  3.63it/s, loss=0.620]
  epoch 2/3:  10%|█         | 9/88 [00:02<00:21,  3.63it/s, loss=0.622]
  epoch 2/3:  11%|█▏        | 10/88 [00:02<00:21,  3.64it/s, loss=0.622]
  epoch 2/3:  11%|█▏        | 10/88 [00:03<00:21,  3.64it/s, loss=0.615]
  epoch 2/3:  12%|█▎        | 11/88 [00:03<00:20,  3.67it/s, loss=0.615]
  epoch 2/3:  12%|█▎        | 11/88 [00:03<00:20,  3.67it/s, loss=0.606]
  epoch 2/3:  14%|█▎        | 12/88 [00:03<00:20,  3.67it/s, loss=0.606]
  epoch 2/3:  14%|█▎        | 12/88 [00:03<00:20,  3.67it/s, loss=0.610]
  epoch 2/3:  15%|█▍        | 13/88 [00:03<00:20,  3.69it/s, loss=0.610]
  epoch 2/3:  15%|█▍        | 13/88 [00:04<00:20,  3.69it/s, loss=0.596]
  epoch 2/3:  16%|█▌        | 14/88 [00:04<00:19,  3.70it/s, loss=0.596]
  epoch 2/3:  16%|█▌        | 14/88 [00:04<00:19,  3.70it/s, loss=0.590]
  epoch 2/3:  17%|█▋        | 15/88 [00:04<00:19,  3.71it/s, loss=0.590]
  epoch 2/3:  17%|█▋        | 15/88 [00:04<00:19,  3.71it/s, loss=0.588]
  epoch 2/3:  18%|█▊        | 16/88 [00:04<00:19,  3.65it/s, loss=0.588]
  epoch 2/3:  18%|█▊        | 16/88 [00:04<00:19,  3.65it/s, loss=0.583]
  epoch 2/3:  19%|█▉        | 17/88 [00:04<00:19,  3.66it/s, loss=0.583]
  epoch 2/3:  19%|█▉        | 17/88 [00:05<00:19,  3.66it/s, loss=0.580]
  epoch 2/3:  20%|██        | 18/88 [00:05<00:19,  3.67it/s, loss=0.580]
  epoch 2/3:  20%|██        | 18/88 [00:05<00:19,  3.67it/s, loss=0.581]
  epoch 2/3:  22%|██▏       | 19/88 [00:05<00:18,  3.69it/s, loss=0.581]
  epoch 2/3:  22%|██▏       | 19/88 [00:05<00:18,  3.69it/s, loss=0.580]
  epoch 2/3:  23%|██▎       | 20/88 [00:05<00:18,  3.69it/s, loss=0.580]
  epoch 2/3:  23%|██▎       | 20/88 [00:05<00:18,  3.69it/s, loss=0.577]
  epoch 2/3:  24%|██▍       | 21/88 [00:05<00:18,  3.69it/s, loss=0.577]
  epoch 2/3:  24%|██▍       | 21/88 [00:06<00:18,  3.69it/s, loss=0.572]
  epoch 2/3:  25%|██▌       | 22/88 [00:06<00:17,  3.70it/s, loss=0.572]
  epoch 2/3:  25%|██▌       | 22/88 [00:06<00:17,  3.70it/s, loss=0.573]
  epoch 2/3:  26%|██▌       | 23/88 [00:06<00:17,  3.69it/s, loss=0.573]
  epoch 2/3:  26%|██▌       | 23/88 [00:06<00:17,  3.69it/s, loss=0.571]
  epoch 2/3:  27%|██▋       | 24/88 [00:06<00:17,  3.69it/s, loss=0.571]
  epoch 2/3:  27%|██▋       | 24/88 [00:07<00:17,  3.69it/s, loss=0.570]
  epoch 2/3:  28%|██▊       | 25/88 [00:07<00:16,  3.72it/s, loss=0.570]
  epoch 2/3:  28%|██▊       | 25/88 [00:07<00:16,  3.72it/s, loss=0.570]
  epoch 2/3:  30%|██▉       | 26/88 [00:07<00:16,  3.71it/s, loss=0.570]
  epoch 2/3:  30%|██▉       | 26/88 [00:07<00:16,  3.71it/s, loss=0.566]
  epoch 2/3:  31%|███       | 27/88 [00:07<00:16,  3.68it/s, loss=0.566]
  epoch 2/3:  31%|███       | 27/88 [00:07<00:16,  3.68it/s, loss=0.558]
  epoch 2/3:  32%|███▏      | 28/88 [00:07<00:16,  3.70it/s, loss=0.558]
  epoch 2/3:  32%|███▏      | 28/88 [00:08<00:16,  3.70it/s, loss=0.550]
  epoch 2/3:  33%|███▎      | 29/88 [00:08<00:15,  3.70it/s, loss=0.550]
  epoch 2/3:  33%|███▎      | 29/88 [00:08<00:15,  3.70it/s, loss=0.549]
  epoch 2/3:  34%|███▍      | 30/88 [00:08<00:15,  3.69it/s, loss=0.549]
  epoch 2/3:  34%|███▍      | 30/88 [00:08<00:15,  3.69it/s, loss=0.549]
  epoch 2/3:  35%|███▌      | 31/88 [00:08<00:15,  3.71it/s, loss=0.549]
  epoch 2/3:  35%|███▌      | 31/88 [00:08<00:15,  3.71it/s, loss=0.546]
  epoch 2/3:  36%|███▋      | 32/88 [00:08<00:15,  3.65it/s, loss=0.546]
  epoch 2/3:  36%|███▋      | 32/88 [00:09<00:15,  3.65it/s, loss=0.541]
  epoch 2/3:  38%|███▊      | 33/88 [00:09<00:14,  3.68it/s, loss=0.541]
  epoch 2/3:  38%|███▊      | 33/88 [00:09<00:14,  3.68it/s, loss=0.539]
  epoch 2/3:  39%|███▊      | 34/88 [00:09<00:14,  3.68it/s, loss=0.539]
  epoch 2/3:  39%|███▊      | 34/88 [00:09<00:14,  3.68it/s, loss=0.537]
  epoch 2/3:  40%|███▉      | 35/88 [00:09<00:14,  3.68it/s, loss=0.537]
  epoch 2/3:  40%|███▉      | 35/88 [00:10<00:14,  3.68it/s, loss=0.534]
  epoch 2/3:  41%|████      | 36/88 [00:10<00:14,  3.68it/s, loss=0.534]
  epoch 2/3:  41%|████      | 36/88 [00:10<00:14,  3.68it/s, loss=0.535]
  epoch 2/3:  42%|████▏     | 37/88 [00:10<00:13,  3.68it/s, loss=0.535]
  epoch 2/3:  42%|████▏     | 37/88 [00:10<00:13,  3.68it/s, loss=0.534]
  epoch 2/3:  43%|████▎     | 38/88 [00:10<00:13,  3.70it/s, loss=0.534]
  epoch 2/3:  43%|████▎     | 38/88 [00:10<00:13,  3.70it/s, loss=0.531]
  epoch 2/3:  44%|████▍     | 39/88 [00:10<00:13,  3.70it/s, loss=0.531]
  epoch 2/3:  44%|████▍     | 39/88 [00:11<00:13,  3.70it/s, loss=0.529]
  epoch 2/3:  45%|████▌     | 40/88 [00:11<00:12,  3.70it/s, loss=0.529]
  epoch 2/3:  45%|████▌     | 40/88 [00:11<00:12,  3.70it/s, loss=0.525]
  epoch 2/3:  47%|████▋     | 41/88 [00:11<00:12,  3.69it/s, loss=0.525]
  epoch 2/3:  47%|████▋     | 41/88 [00:11<00:12,  3.69it/s, loss=0.523]
  epoch 2/3:  48%|████▊     | 42/88 [00:11<00:12,  3.69it/s, loss=0.523]
  epoch 2/3:  48%|████▊     | 42/88 [00:11<00:12,  3.69it/s, loss=0.522]
  epoch 2/3:  49%|████▉     | 43/88 [00:11<00:12,  3.70it/s, loss=0.522]
  epoch 2/3:  49%|████▉     | 43/88 [00:12<00:12,  3.70it/s, loss=0.522]
  epoch 2/3:  50%|█████     | 44/88 [00:12<00:11,  3.70it/s, loss=0.522]
  epoch 2/3:  50%|█████     | 44/88 [00:12<00:11,  3.70it/s, loss=0.521]
  epoch 2/3:  51%|█████     | 45/88 [00:12<00:11,  3.69it/s, loss=0.521]
  epoch 2/3:  51%|█████     | 45/88 [00:12<00:11,  3.69it/s, loss=0.519]
  epoch 2/3:  52%|█████▏    | 46/88 [00:12<00:11,  3.68it/s, loss=0.519]
  epoch 2/3:  52%|█████▏    | 46/88 [00:12<00:11,  3.68it/s, loss=0.517]
  epoch 2/3:  53%|█████▎    | 47/88 [00:12<00:11,  3.70it/s, loss=0.517]
  epoch 2/3:  53%|█████▎    | 47/88 [00:13<00:11,  3.70it/s, loss=0.516]
  epoch 2/3:  55%|█████▍    | 48/88 [00:13<00:10,  3.66it/s, loss=0.516]
  epoch 2/3:  55%|█████▍    | 48/88 [00:13<00:10,  3.66it/s, loss=0.518]
  epoch 2/3:  56%|█████▌    | 49/88 [00:13<00:10,  3.68it/s, loss=0.518]
  epoch 2/3:  56%|█████▌    | 49/88 [00:13<00:10,  3.68it/s, loss=0.518]
  epoch 2/3:  57%|█████▋    | 50/88 [00:13<00:10,  3.70it/s, loss=0.518]
  epoch 2/3:  57%|█████▋    | 50/88 [00:14<00:10,  3.70it/s, loss=0.517]
  epoch 2/3:  58%|█████▊    | 51/88 [00:14<00:09,  3.70it/s, loss=0.517]
  epoch 2/3:  58%|█████▊    | 51/88 [00:14<00:09,  3.70it/s, loss=0.514]
  epoch 2/3:  59%|█████▉    | 52/88 [00:14<00:09,  3.69it/s, loss=0.514]
  epoch 2/3:  59%|█████▉    | 52/88 [00:14<00:09,  3.69it/s, loss=0.511]
  epoch 2/3:  60%|██████    | 53/88 [00:14<00:09,  3.70it/s, loss=0.511]
  epoch 2/3:  60%|██████    | 53/88 [00:14<00:09,  3.70it/s, loss=0.511]
  epoch 2/3:  61%|██████▏   | 54/88 [00:14<00:09,  3.72it/s, loss=0.511]
  epoch 2/3:  61%|██████▏   | 54/88 [00:15<00:09,  3.72it/s, loss=0.507]
  epoch 2/3:  62%|██████▎   | 55/88 [00:15<00:08,  3.72it/s, loss=0.507]
  epoch 2/3:  62%|██████▎   | 55/88 [00:15<00:08,  3.72it/s, loss=0.504]
  epoch 2/3:  64%|██████▎   | 56/88 [00:15<00:08,  3.71it/s, loss=0.504]
  epoch 2/3:  64%|██████▎   | 56/88 [00:15<00:08,  3.71it/s, loss=0.502]
  epoch 2/3:  65%|██████▍   | 57/88 [00:15<00:08,  3.72it/s, loss=0.502]
  epoch 2/3:  65%|██████▍   | 57/88 [00:15<00:08,  3.72it/s, loss=0.499]
  epoch 2/3:  66%|██████▌   | 58/88 [00:15<00:08,  3.72it/s, loss=0.499]
  epoch 2/3:  66%|██████▌   | 58/88 [00:16<00:08,  3.72it/s, loss=0.495]
  epoch 2/3:  67%|██████▋   | 59/88 [00:16<00:07,  3.71it/s, loss=0.495]
  epoch 2/3:  67%|██████▋   | 59/88 [00:16<00:07,  3.71it/s, loss=0.493]
  epoch 2/3:  68%|██████▊   | 60/88 [00:16<00:07,  3.73it/s, loss=0.493]
  epoch 2/3:  68%|██████▊   | 60/88 [00:16<00:07,  3.73it/s, loss=0.489]
  epoch 2/3:  69%|██████▉   | 61/88 [00:16<00:07,  3.74it/s, loss=0.489]
  epoch 2/3:  69%|██████▉   | 61/88 [00:17<00:07,  3.74it/s, loss=0.486]
  epoch 2/3:  70%|███████   | 62/88 [00:17<00:06,  3.72it/s, loss=0.486]
  epoch 2/3:  70%|███████   | 62/88 [00:17<00:06,  3.72it/s, loss=0.484]
  epoch 2/3:  72%|███████▏  | 63/88 [00:17<00:06,  3.70it/s, loss=0.484]
  epoch 2/3:  72%|███████▏  | 63/88 [00:17<00:06,  3.70it/s, loss=0.484]
  epoch 2/3:  73%|███████▎  | 64/88 [00:17<00:06,  3.67it/s, loss=0.484]
  epoch 2/3:  73%|███████▎  | 64/88 [00:17<00:06,  3.67it/s, loss=0.482]
  epoch 2/3:  74%|███████▍  | 65/88 [00:17<00:06,  3.68it/s, loss=0.482]
  epoch 2/3:  74%|███████▍  | 65/88 [00:18<00:06,  3.68it/s, loss=0.480]
  epoch 2/3:  75%|███████▌  | 66/88 [00:18<00:05,  3.71it/s, loss=0.480]
  epoch 2/3:  75%|███████▌  | 66/88 [00:18<00:05,  3.71it/s, loss=0.477]
  epoch 2/3:  76%|███████▌  | 67/88 [00:18<00:05,  3.71it/s, loss=0.477]
  epoch 2/3:  76%|███████▌  | 67/88 [00:18<00:05,  3.71it/s, loss=0.475]
  epoch 2/3:  77%|███████▋  | 68/88 [00:18<00:05,  3.71it/s, loss=0.475]
  epoch 2/3:  77%|███████▋  | 68/88 [00:18<00:05,  3.71it/s, loss=0.474]
  epoch 2/3:  78%|███████▊  | 69/88 [00:18<00:05,  3.71it/s, loss=0.474]
  epoch 2/3:  78%|███████▊  | 69/88 [00:19<00:05,  3.71it/s, loss=0.472]
  epoch 2/3:  80%|███████▉  | 70/88 [00:19<00:04,  3.72it/s, loss=0.472]
  epoch 2/3:  80%|███████▉  | 70/88 [00:19<00:04,  3.72it/s, loss=0.470]
  epoch 2/3:  81%|████████  | 71/88 [00:19<00:04,  3.73it/s, loss=0.470]
  epoch 2/3:  81%|████████  | 71/88 [00:19<00:04,  3.73it/s, loss=0.467]
  epoch 2/3:  82%|████████▏ | 72/88 [00:19<00:04,  3.72it/s, loss=0.467]
  epoch 2/3:  82%|████████▏ | 72/88 [00:19<00:04,  3.72it/s, loss=0.466]
  epoch 2/3:  83%|████████▎ | 73/88 [00:19<00:04,  3.72it/s, loss=0.466]
  epoch 2/3:  83%|████████▎ | 73/88 [00:20<00:04,  3.72it/s, loss=0.465]
  epoch 2/3:  84%|████████▍ | 74/88 [00:20<00:03,  3.72it/s, loss=0.465]
  epoch 2/3:  84%|████████▍ | 74/88 [00:20<00:03,  3.72it/s, loss=0.464]
  epoch 2/3:  85%|████████▌ | 75/88 [00:20<00:03,  3.72it/s, loss=0.464]
  epoch 2/3:  85%|████████▌ | 75/88 [00:20<00:03,  3.72it/s, loss=0.461]
  epoch 2/3:  86%|████████▋ | 76/88 [00:20<00:03,  3.72it/s, loss=0.461]
  epoch 2/3:  86%|████████▋ | 76/88 [00:21<00:03,  3.72it/s, loss=0.458]
  epoch 2/3:  88%|████████▊ | 77/88 [00:21<00:02,  3.70it/s, loss=0.458]
  epoch 2/3:  88%|████████▊ | 77/88 [00:21<00:02,  3.70it/s, loss=0.456]
  epoch 2/3:  89%|████████▊ | 78/88 [00:21<00:02,  3.71it/s, loss=0.456]
  epoch 2/3:  89%|████████▊ | 78/88 [00:21<00:02,  3.71it/s, loss=0.454]
  epoch 2/3:  90%|████████▉ | 79/88 [00:21<00:02,  3.71it/s, loss=0.454]
  epoch 2/3:  90%|████████▉ | 79/88 [00:21<00:02,  3.71it/s, loss=0.452]
  epoch 2/3:  91%|█████████ | 80/88 [00:21<00:02,  3.64it/s, loss=0.452]
  epoch 2/3:  91%|█████████ | 80/88 [00:22<00:02,  3.64it/s, loss=0.451]
  epoch 2/3:  92%|█████████▏| 81/88 [00:22<00:01,  3.67it/s, loss=0.451]
  epoch 2/3:  92%|█████████▏| 81/88 [00:22<00:01,  3.67it/s, loss=0.449]
  epoch 2/3:  93%|█████████▎| 82/88 [00:22<00:01,  3.68it/s, loss=0.449]
  epoch 2/3:  93%|█████████▎| 82/88 [00:22<00:01,  3.68it/s, loss=0.447]
  epoch 2/3:  94%|█████████▍| 83/88 [00:22<00:01,  3.69it/s, loss=0.447]
  epoch 2/3:  94%|█████████▍| 83/88 [00:22<00:01,  3.69it/s, loss=0.446]
  epoch 2/3:  95%|█████████▌| 84/88 [00:22<00:01,  3.70it/s, loss=0.446]
  epoch 2/3:  95%|█████████▌| 84/88 [00:23<00:01,  3.70it/s, loss=0.446]
  epoch 2/3:  97%|█████████▋| 85/88 [00:23<00:00,  3.70it/s, loss=0.446]
  epoch 2/3:  97%|█████████▋| 85/88 [00:23<00:00,  3.70it/s, loss=0.445]
  epoch 2/3:  98%|█████████▊| 86/88 [00:23<00:00,  3.72it/s, loss=0.445]
  epoch 2/3:  98%|█████████▊| 86/88 [00:23<00:00,  3.72it/s, loss=0.443]
  epoch 2/3:  99%|█████████▉| 87/88 [00:23<00:00,  3.73it/s, loss=0.443]
  epoch 2/3:  99%|█████████▉| 87/88 [00:23<00:00,  3.73it/s, loss=0.443]
  epoch 2/3: 100%|██████████| 88/88 [00:23<00:00,  4.08it/s, loss=0.443]
                                                                        

  epoch 3/3:   0%|          | 0/88 [00:00<?, ?it/s]
  epoch 3/3:   0%|          | 0/88 [00:00<?, ?it/s, loss=0.346]
  epoch 3/3:   1%|          | 1/88 [00:00<00:45,  1.93it/s, loss=0.346]
  epoch 3/3:   1%|          | 1/88 [00:00<00:45,  1.93it/s, loss=0.318]
  epoch 3/3:   2%|▏         | 2/88 [00:00<00:32,  2.68it/s, loss=0.318]
  epoch 3/3:   2%|▏         | 2/88 [00:01<00:32,  2.68it/s, loss=0.296]
  epoch 3/3:   3%|▎         | 3/88 [00:01<00:27,  3.06it/s, loss=0.296]
  epoch 3/3:   3%|▎         | 3/88 [00:01<00:27,  3.06it/s, loss=0.341]
  epoch 3/3:   5%|▍         | 4/88 [00:01<00:25,  3.30it/s, loss=0.341]
  epoch 3/3:   5%|▍         | 4/88 [00:01<00:25,  3.30it/s, loss=0.335]
  epoch 3/3:   6%|▌         | 5/88 [00:01<00:24,  3.43it/s, loss=0.335]
  epoch 3/3:   6%|▌         | 5/88 [00:01<00:24,  3.43it/s, loss=0.320]
  epoch 3/3:   7%|▋         | 6/88 [00:01<00:23,  3.53it/s, loss=0.320]
  epoch 3/3:   7%|▋         | 6/88 [00:02<00:23,  3.53it/s, loss=0.309]
  epoch 3/3:   8%|▊         | 7/88 [00:02<00:22,  3.59it/s, loss=0.309]
  epoch 3/3:   8%|▊         | 7/88 [00:02<00:22,  3.59it/s, loss=0.307]
  epoch 3/3:   9%|▉         | 8/88 [00:02<00:22,  3.59it/s, loss=0.307]
  epoch 3/3:   9%|▉         | 8/88 [00:02<00:22,  3.59it/s, loss=0.298]
  epoch 3/3:  10%|█         | 9/88 [00:02<00:21,  3.63it/s, loss=0.298]
  epoch 3/3:  10%|█         | 9/88 [00:02<00:21,  3.63it/s, loss=0.306]
  epoch 3/3:  11%|█▏        | 10/88 [00:02<00:21,  3.66it/s, loss=0.306]
  epoch 3/3:  11%|█▏        | 10/88 [00:03<00:21,  3.66it/s, loss=0.296]
  epoch 3/3:  12%|█▎        | 11/88 [00:03<00:21,  3.66it/s, loss=0.296]
  epoch 3/3:  12%|█▎        | 11/88 [00:03<00:21,  3.66it/s, loss=0.289]
  epoch 3/3:  14%|█▎        | 12/88 [00:03<00:20,  3.68it/s, loss=0.289]
  epoch 3/3:  14%|█▎        | 12/88 [00:03<00:20,  3.68it/s, loss=0.286]
  epoch 3/3:  15%|█▍        | 13/88 [00:03<00:20,  3.69it/s, loss=0.286]
  epoch 3/3:  15%|█▍        | 13/88 [00:04<00:20,  3.69it/s, loss=0.295]
  epoch 3/3:  16%|█▌        | 14/88 [00:04<00:20,  3.69it/s, loss=0.295]
  epoch 3/3:  16%|█▌        | 14/88 [00:04<00:20,  3.69it/s, loss=0.295]
  epoch 3/3:  17%|█▋        | 15/88 [00:04<00:19,  3.69it/s, loss=0.295]
  epoch 3/3:  17%|█▋        | 15/88 [00:04<00:19,  3.69it/s, loss=0.295]
  epoch 3/3:  18%|█▊        | 16/88 [00:04<00:19,  3.68it/s, loss=0.295]
  epoch 3/3:  18%|█▊        | 16/88 [00:04<00:19,  3.68it/s, loss=0.294]
  epoch 3/3:  19%|█▉        | 17/88 [00:04<00:19,  3.69it/s, loss=0.294]
  epoch 3/3:  19%|█▉        | 17/88 [00:05<00:19,  3.69it/s, loss=0.293]
  epoch 3/3:  20%|██        | 18/88 [00:05<00:18,  3.70it/s, loss=0.293]
  epoch 3/3:  20%|██        | 18/88 [00:05<00:18,  3.70it/s, loss=0.294]
  epoch 3/3:  22%|██▏       | 19/88 [00:05<00:18,  3.72it/s, loss=0.294]
  epoch 3/3:  22%|██▏       | 19/88 [00:05<00:18,  3.72it/s, loss=0.290]
  epoch 3/3:  23%|██▎       | 20/88 [00:05<00:18,  3.71it/s, loss=0.290]
  epoch 3/3:  23%|██▎       | 20/88 [00:05<00:18,  3.71it/s, loss=0.284]
  epoch 3/3:  24%|██▍       | 21/88 [00:05<00:18,  3.69it/s, loss=0.284]
  epoch 3/3:  24%|██▍       | 21/88 [00:06<00:18,  3.69it/s, loss=0.287]
  epoch 3/3:  25%|██▌       | 22/88 [00:06<00:17,  3.68it/s, loss=0.287]
  epoch 3/3:  25%|██▌       | 22/88 [00:06<00:17,  3.68it/s, loss=0.287]
  epoch 3/3:  26%|██▌       | 23/88 [00:06<00:17,  3.69it/s, loss=0.287]
  epoch 3/3:  26%|██▌       | 23/88 [00:06<00:17,  3.69it/s, loss=0.286]
  epoch 3/3:  27%|██▋       | 24/88 [00:06<00:17,  3.66it/s, loss=0.286]
  epoch 3/3:  27%|██▋       | 24/88 [00:07<00:17,  3.66it/s, loss=0.290]
  epoch 3/3:  28%|██▊       | 25/88 [00:07<00:17,  3.68it/s, loss=0.290]
  epoch 3/3:  28%|██▊       | 25/88 [00:07<00:17,  3.68it/s, loss=0.288]
  epoch 3/3:  30%|██▉       | 26/88 [00:07<00:16,  3.70it/s, loss=0.288]
  epoch 3/3:  30%|██▉       | 26/88 [00:07<00:16,  3.70it/s, loss=0.288]
  epoch 3/3:  31%|███       | 27/88 [00:07<00:16,  3.69it/s, loss=0.288]
  epoch 3/3:  31%|███       | 27/88 [00:07<00:16,  3.69it/s, loss=0.284]
  epoch 3/3:  32%|███▏      | 28/88 [00:07<00:16,  3.68it/s, loss=0.284]
  epoch 3/3:  32%|███▏      | 28/88 [00:08<00:16,  3.68it/s, loss=0.287]
  epoch 3/3:  33%|███▎      | 29/88 [00:08<00:15,  3.72it/s, loss=0.287]
  epoch 3/3:  33%|███▎      | 29/88 [00:08<00:15,  3.72it/s, loss=0.286]
  epoch 3/3:  34%|███▍      | 30/88 [00:08<00:15,  3.73it/s, loss=0.286]
  epoch 3/3:  34%|███▍      | 30/88 [00:08<00:15,  3.73it/s, loss=0.286]
  epoch 3/3:  35%|███▌      | 31/88 [00:08<00:15,  3.71it/s, loss=0.286]
  epoch 3/3:  35%|███▌      | 31/88 [00:08<00:15,  3.71it/s, loss=0.283]
  epoch 3/3:  36%|███▋      | 32/88 [00:08<00:15,  3.70it/s, loss=0.283]
  epoch 3/3:  36%|███▋      | 32/88 [00:09<00:15,  3.70it/s, loss=0.287]
  epoch 3/3:  38%|███▊      | 33/88 [00:09<00:14,  3.71it/s, loss=0.287]
  epoch 3/3:  38%|███▊      | 33/88 [00:09<00:14,  3.71it/s, loss=0.283]
  epoch 3/3:  39%|███▊      | 34/88 [00:09<00:14,  3.70it/s, loss=0.283]
  epoch 3/3:  39%|███▊      | 34/88 [00:09<00:14,  3.70it/s, loss=0.281]
  epoch 3/3:  40%|███▉      | 35/88 [00:09<00:14,  3.70it/s, loss=0.281]
  epoch 3/3:  40%|███▉      | 35/88 [00:09<00:14,  3.70it/s, loss=0.279]
  epoch 3/3:  41%|████      | 36/88 [00:09<00:14,  3.70it/s, loss=0.279]
  epoch 3/3:  41%|████      | 36/88 [00:10<00:14,  3.70it/s, loss=0.281]
  epoch 3/3:  42%|████▏     | 37/88 [00:10<00:13,  3.70it/s, loss=0.281]
  epoch 3/3:  42%|████▏     | 37/88 [00:10<00:13,  3.70it/s, loss=0.280]
  epoch 3/3:  43%|████▎     | 38/88 [00:10<00:13,  3.70it/s, loss=0.280]
  epoch 3/3:  43%|████▎     | 38/88 [00:10<00:13,  3.70it/s, loss=0.277]
  epoch 3/3:  44%|████▍     | 39/88 [00:10<00:13,  3.68it/s, loss=0.277]
  epoch 3/3:  44%|████▍     | 39/88 [00:11<00:13,  3.68it/s, loss=0.276]
  epoch 3/3:  45%|████▌     | 40/88 [00:11<00:13,  3.64it/s, loss=0.276]
  epoch 3/3:  45%|████▌     | 40/88 [00:11<00:13,  3.64it/s, loss=0.275]
  epoch 3/3:  47%|████▋     | 41/88 [00:11<00:12,  3.65it/s, loss=0.275]
  epoch 3/3:  47%|████▋     | 41/88 [00:11<00:12,  3.65it/s, loss=0.273]
  epoch 3/3:  48%|████▊     | 42/88 [00:11<00:12,  3.68it/s, loss=0.273]
  epoch 3/3:  48%|████▊     | 42/88 [00:11<00:12,  3.68it/s, loss=0.275]
  epoch 3/3:  49%|████▉     | 43/88 [00:11<00:12,  3.70it/s, loss=0.275]
  epoch 3/3:  49%|████▉     | 43/88 [00:12<00:12,  3.70it/s, loss=0.275]
  epoch 3/3:  50%|█████     | 44/88 [00:12<00:11,  3.72it/s, loss=0.275]
  epoch 3/3:  50%|█████     | 44/88 [00:12<00:11,  3.72it/s, loss=0.274]
  epoch 3/3:  51%|█████     | 45/88 [00:12<00:11,  3.72it/s, loss=0.274]
  epoch 3/3:  51%|█████     | 45/88 [00:12<00:11,  3.72it/s, loss=0.274]
  epoch 3/3:  52%|█████▏    | 46/88 [00:12<00:11,  3.71it/s, loss=0.274]
  epoch 3/3:  52%|█████▏    | 46/88 [00:12<00:11,  3.71it/s, loss=0.274]
  epoch 3/3:  53%|█████▎    | 47/88 [00:12<00:11,  3.71it/s, loss=0.274]
  epoch 3/3:  53%|█████▎    | 47/88 [00:13<00:11,  3.71it/s, loss=0.275]
  epoch 3/3:  55%|█████▍    | 48/88 [00:13<00:10,  3.72it/s, loss=0.275]
  epoch 3/3:  55%|█████▍    | 48/88 [00:13<00:10,  3.72it/s, loss=0.274]
  epoch 3/3:  56%|█████▌    | 49/88 [00:13<00:10,  3.70it/s, loss=0.274]
  epoch 3/3:  56%|█████▌    | 49/88 [00:13<00:10,  3.70it/s, loss=0.274]
  epoch 3/3:  57%|█████▋    | 50/88 [00:13<00:10,  3.70it/s, loss=0.274]
  epoch 3/3:  57%|█████▋    | 50/88 [00:14<00:10,  3.70it/s, loss=0.272]
  epoch 3/3:  58%|█████▊    | 51/88 [00:14<00:10,  3.70it/s, loss=0.272]
  epoch 3/3:  58%|█████▊    | 51/88 [00:14<00:10,  3.70it/s, loss=0.270]
  epoch 3/3:  59%|█████▉    | 52/88 [00:14<00:09,  3.71it/s, loss=0.270]
  epoch 3/3:  59%|█████▉    | 52/88 [00:14<00:09,  3.71it/s, loss=0.268]
  epoch 3/3:  60%|██████    | 53/88 [00:14<00:09,  3.73it/s, loss=0.268]
  epoch 3/3:  60%|██████    | 53/88 [00:14<00:09,  3.73it/s, loss=0.269]
  epoch 3/3:  61%|██████▏   | 54/88 [00:14<00:09,  3.75it/s, loss=0.269]
  epoch 3/3:  61%|██████▏   | 54/88 [00:15<00:09,  3.75it/s, loss=0.268]
  epoch 3/3:  62%|██████▎   | 55/88 [00:15<00:08,  3.76it/s, loss=0.268]
  epoch 3/3:  62%|██████▎   | 55/88 [00:15<00:08,  3.76it/s, loss=0.269]
  epoch 3/3:  64%|██████▎   | 56/88 [00:15<00:08,  3.73it/s, loss=0.269]
  epoch 3/3:  64%|██████▎   | 56/88 [00:15<00:08,  3.73it/s, loss=0.269]
  epoch 3/3:  65%|██████▍   | 57/88 [00:15<00:08,  3.73it/s, loss=0.269]
  epoch 3/3:  65%|██████▍   | 57/88 [00:15<00:08,  3.73it/s, loss=0.270]
  epoch 3/3:  66%|██████▌   | 58/88 [00:15<00:08,  3.73it/s, loss=0.270]
  epoch 3/3:  66%|██████▌   | 58/88 [00:16<00:08,  3.73it/s, loss=0.269]
  epoch 3/3:  67%|██████▋   | 59/88 [00:16<00:07,  3.74it/s, loss=0.269]
  epoch 3/3:  67%|██████▋   | 59/88 [00:16<00:07,  3.74it/s, loss=0.267]
  epoch 3/3:  68%|██████▊   | 60/88 [00:16<00:07,  3.74it/s, loss=0.267]
  epoch 3/3:  68%|██████▊   | 60/88 [00:16<00:07,  3.74it/s, loss=0.266]
  epoch 3/3:  69%|██████▉   | 61/88 [00:16<00:07,  3.73it/s, loss=0.266]
  epoch 3/3:  69%|██████▉   | 61/88 [00:16<00:07,  3.73it/s, loss=0.266]
  epoch 3/3:  70%|███████   | 62/88 [00:16<00:07,  3.71it/s, loss=0.266]
  epoch 3/3:  70%|███████   | 62/88 [00:17<00:07,  3.71it/s, loss=0.266]
  epoch 3/3:  72%|███████▏  | 63/88 [00:17<00:06,  3.71it/s, loss=0.266]
  epoch 3/3:  72%|███████▏  | 63/88 [00:17<00:06,  3.71it/s, loss=0.265]
  epoch 3/3:  73%|███████▎  | 64/88 [00:17<00:06,  3.71it/s, loss=0.265]
  epoch 3/3:  73%|███████▎  | 64/88 [00:17<00:06,  3.71it/s, loss=0.264]
  epoch 3/3:  74%|███████▍  | 65/88 [00:17<00:06,  3.71it/s, loss=0.264]
  epoch 3/3:  74%|███████▍  | 65/88 [00:18<00:06,  3.71it/s, loss=0.262]
  epoch 3/3:  75%|███████▌  | 66/88 [00:18<00:05,  3.71it/s, loss=0.262]
  epoch 3/3:  75%|███████▌  | 66/88 [00:18<00:05,  3.71it/s, loss=0.262]
  epoch 3/3:  76%|███████▌  | 67/88 [00:18<00:05,  3.71it/s, loss=0.262]
  epoch 3/3:  76%|███████▌  | 67/88 [00:18<00:05,  3.71it/s, loss=0.260]
  epoch 3/3:  77%|███████▋  | 68/88 [00:18<00:05,  3.70it/s, loss=0.260]
  epoch 3/3:  77%|███████▋  | 68/88 [00:18<00:05,  3.70it/s, loss=0.258]
  epoch 3/3:  78%|███████▊  | 69/88 [00:18<00:05,  3.73it/s, loss=0.258]
  epoch 3/3:  78%|███████▊  | 69/88 [00:19<00:05,  3.73it/s, loss=0.256]
  epoch 3/3:  80%|███████▉  | 70/88 [00:19<00:04,  3.74it/s, loss=0.256]
  epoch 3/3:  80%|███████▉  | 70/88 [00:19<00:04,  3.74it/s, loss=0.255]
  epoch 3/3:  81%|████████  | 71/88 [00:19<00:04,  3.74it/s, loss=0.255]
  epoch 3/3:  81%|████████  | 71/88 [00:19<00:04,  3.74it/s, loss=0.253]
  epoch 3/3:  82%|████████▏ | 72/88 [00:19<00:04,  3.69it/s, loss=0.253]
  epoch 3/3:  82%|████████▏ | 72/88 [00:19<00:04,  3.69it/s, loss=0.252]
  epoch 3/3:  83%|████████▎ | 73/88 [00:19<00:04,  3.72it/s, loss=0.252]
  epoch 3/3:  83%|████████▎ | 73/88 [00:20<00:04,  3.72it/s, loss=0.252]
  epoch 3/3:  84%|████████▍ | 74/88 [00:20<00:03,  3.73it/s, loss=0.252]
  epoch 3/3:  84%|████████▍ | 74/88 [00:20<00:03,  3.73it/s, loss=0.251]
  epoch 3/3:  85%|████████▌ | 75/88 [00:20<00:03,  3.73it/s, loss=0.251]
  epoch 3/3:  85%|████████▌ | 75/88 [00:20<00:03,  3.73it/s, loss=0.249]
  epoch 3/3:  86%|████████▋ | 76/88 [00:20<00:03,  3.73it/s, loss=0.249]
  epoch 3/3:  86%|████████▋ | 76/88 [00:21<00:03,  3.73it/s, loss=0.248]
  epoch 3/3:  88%|████████▊ | 77/88 [00:21<00:02,  3.73it/s, loss=0.248]
  epoch 3/3:  88%|████████▊ | 77/88 [00:21<00:02,  3.73it/s, loss=0.249]
  epoch 3/3:  89%|████████▊ | 78/88 [00:21<00:02,  3.73it/s, loss=0.249]
  epoch 3/3:  89%|████████▊ | 78/88 [00:21<00:02,  3.73it/s, loss=0.248]
  epoch 3/3:  90%|████████▉ | 79/88 [00:21<00:02,  3.73it/s, loss=0.248]
  epoch 3/3:  90%|████████▉ | 79/88 [00:21<00:02,  3.73it/s, loss=0.247]
  epoch 3/3:  91%|█████████ | 80/88 [00:21<00:02,  3.71it/s, loss=0.247]
  epoch 3/3:  91%|█████████ | 80/88 [00:22<00:02,  3.71it/s, loss=0.246]

[2026-07-30 22:10:52] $ /usr/bin/python3 /home/an/RaybanMeta/uav-continual-learning/scripts/run_g1.py --config /home/an/RaybanMeta/uav-continual-learning/configs/g2_titans_resisc45_selfmod_m3_ncm.yaml --method titans --skip-existing --set seed=1 log.run_tag=ncm-head log.dir=/home/an/RaybanMeta/uav-continual-learning/artifacts_ncm_head_study
== G1 run: dataset=resisc45 method=titans seed=1 device=cuda
Warning: You are sending unauthenticated requests to the HF Hub. Please set a HF_TOKEN to enable higher rate limits and faster downloads.
task 0: 5 classes [baseball_diamond, bridge, cloud, river, terrace] | train 2800 / val 350 / test 350
task 1: 5 classes [dense_residential, desert, golf_course, medium_residential, mountain] | train 2800 / val 350 / test 350
task 2: 5 classes [island, palace, railway, runway, snowberg] | train 2800 / val 350 / test 350
task 3: 5 classes [commercial_area, harbor, lake, overpass, tennis_court] | train 2800 / val 350 / test 350
task 4: 5 classes [basketball_court, freeway, industrial_area, storage_tank, wetland] | train 2800 / val 350 / test 350
task 5: 5 classes [airplane, intersection, meadow, roundabout, sparse_residential] | train 2800 / val 350 / test 350
task 6: 5 classes [airport, chaparral, sea_ice, stadium, thermal_power_station] | train 2800 / val 350 / test 350
task 7: 5 classes [forest, mobile_home_park, parking_lot, railway_station, rectangular_farmland] | train 2800 / val 350 / test 350
task 8: 5 classes [beach, church, circular_farmland, ground_track_field, ship] | train 2800 / val 350 / test 350
[titans] seq=image_seq reset=never chunk=32
[RESUME] task-boundary checkpoint -> tiếp tục từ task 5/9
[task 5] classes=[0, 19, 22, 33, 38] | train=2800

  epoch 1/3:   0%|          | 0/88 [00:00<?, ?it/s]
  epoch 1/3:   0%|          | 0/88 [00:04<?, ?it/s, loss=1.722]
  epoch 1/3:   1%|          | 1/88 [00:04<06:52,  4.74s/it, loss=1.722]
  epoch 1/3:   1%|          | 1/88 [00:05<06:52,  4.74s/it, loss=1.788]
  epoch 1/3:   2%|▏         | 2/88 [00:05<03:01,  2.11s/it, loss=1.788]
  epoch 1/3:   2%|▏         | 2/88 [00:05<03:01,  2.11s/it, loss=1.767]
  epoch 1/3:   3%|▎         | 3/88 [00:05<01:47,  1.27s/it, loss=1.767]
  epoch 1/3:   3%|▎         | 3/88 [00:05<01:47,  1.27s/it, loss=1.732]
  epoch 1/3:   5%|▍         | 4/88 [00:05<01:13,  1.15it/s, loss=1.732]
  epoch 1/3:   5%|▍         | 4/88 [00:05<01:13,  1.15it/s, loss=1.732]
  epoch 1/3:   6%|▌         | 5/88 [00:05<00:54,  1.54it/s, loss=1.732]
  epoch 1/3:   6%|▌         | 5/88 [00:06<00:54,  1.54it/s, loss=1.709]
  epoch 1/3:   7%|▋         | 6/88 [00:06<00:42,  1.93it/s, loss=1.709]
  epoch 1/3:   7%|▋         | 6/88 [00:06<00:42,  1.93it/s, loss=1.684]
  epoch 1/3:   8%|▊         | 7/88 [00:06<00:35,  2.30it/s, loss=1.684]
  epoch 1/3:   8%|▊         | 7/88 [00:06<00:35,  2.30it/s, loss=1.669]
  epoch 1/3:   9%|▉         | 8/88 [00:06<00:30,  2.60it/s, loss=1.669]
  epoch 1/3:   9%|▉         | 8/88 [00:06<00:30,  2.60it/s, loss=1.665]
  epoch 1/3:  10%|█         | 9/88 [00:06<00:27,  2.90it/s, loss=1.665]
  epoch 1/3:  10%|█         | 9/88 [00:07<00:27,  2.90it/s, loss=1.660]
  epoch 1/3:  11%|█▏        | 10/88 [00:07<00:24,  3.13it/s, loss=1.660]
  epoch 1/3:  11%|█▏        | 10/88 [00:07<00:24,  3.13it/s, loss=1.641]
  epoch 1/3:  12%|█▎        | 11/88 [00:07<00:23,  3.31it/s, loss=1.641]
  epoch 1/3:  12%|█▎        | 11/88 [00:07<00:23,  3.31it/s, loss=1.624]
  epoch 1/3:  14%|█▎        | 12/88 [00:07<00:22,  3.45it/s, loss=1.624]
  epoch 1/3:  14%|█▎        | 12/88 [00:07<00:22,  3.45it/s, loss=1.629]
  epoch 1/3:  15%|█▍        | 13/88 [00:07<00:21,  3.54it/s, loss=1.629]
  epoch 1/3:  15%|█▍        | 13/88 [00:08<00:21,  3.54it/s, loss=1.607]
  epoch 1/3:  16%|█▌        | 14/88 [00:08<00:20,  3.62it/s, loss=1.607]
  epoch 1/3:  16%|█▌        | 14/88 [00:08<00:20,  3.62it/s, loss=1.604]
  epoch 1/3:  17%|█▋        | 15/88 [00:08<00:19,  3.67it/s, loss=1.604]
  epoch 1/3:  17%|█▋        | 15/88 [00:08<00:19,  3.67it/s, loss=1.594]
  epoch 1/3:  18%|█▊        | 16/88 [00:08<00:19,  3.71it/s, loss=1.594]
  epoch 1/3:  18%|█▊        | 16/88 [00:08<00:19,  3.71it/s, loss=1.585]
  epoch 1/3:  19%|█▉        | 17/88 [00:08<00:19,  3.73it/s, loss=1.585]
  epoch 1/3:  19%|█▉        | 17/88 [00:09<00:19,  3.73it/s, loss=1.579]
  epoch 1/3:  20%|██        | 18/88 [00:09<00:18,  3.75it/s, loss=1.579]
  epoch 1/3:  20%|██        | 18/88 [00:09<00:18,  3.75it/s, loss=1.570]
  epoch 1/3:  22%|██▏       | 19/88 [00:09<00:18,  3.77it/s, loss=1.570]
  epoch 1/3:  22%|██▏       | 19/88 [00:09<00:18,  3.77it/s, loss=1.555]
  epoch 1/3:  23%|██▎       | 20/88 [00:09<00:18,  3.77it/s, loss=1.555]
  epoch 1/3:  23%|██▎       | 20/88 [00:10<00:18,  3.77it/s, loss=1.546]
  epoch 1/3:  24%|██▍       | 21/88 [00:10<00:17,  3.77it/s, loss=1.546]
  epoch 1/3:  24%|██▍       | 21/88 [00:10<00:17,  3.77it/s, loss=1.532]
  epoch 1/3:  25%|██▌       | 22/88 [00:10<00:17,  3.78it/s, loss=1.532]
  epoch 1/3:  25%|██▌       | 22/88 [00:10<00:17,  3.78it/s, loss=1.516]
  epoch 1/3:  26%|██▌       | 23/88 [00:10<00:17,  3.78it/s, loss=1.516]
  epoch 1/3:  26%|██▌       | 23/88 [00:10<00:17,  3.78it/s, loss=1.504]
  epoch 1/3:  27%|██▋       | 24/88 [00:10<00:17,  3.72it/s, loss=1.504]
  epoch 1/3:  27%|██▋       | 24/88 [00:11<00:17,  3.72it/s, loss=1.501]
  epoch 1/3:  28%|██▊       | 25/88 [00:11<00:16,  3.72it/s, loss=1.501]
  epoch 1/3:  28%|██▊       | 25/88 [00:11<00:16,  3.72it/s, loss=1.495]
  epoch 1/3:  30%|██▉       | 26/88 [00:11<00:16,  3.74it/s, loss=1.495]
  epoch 1/3:  30%|██▉       | 26/88 [00:11<00:16,  3.74it/s, loss=1.483]
  epoch 1/3:  31%|███       | 27/88 [00:11<00:16,  3.73it/s, loss=1.483]
  epoch 1/3:  31%|███       | 27/88 [00:11<00:16,  3.73it/s, loss=1.474]
  epoch 1/3:  32%|███▏      | 28/88 [00:11<00:16,  3.73it/s, loss=1.474]
  epoch 1/3:  32%|███▏      | 28/88 [00:12<00:16,  3.73it/s, loss=1.470]
  epoch 1/3:  33%|███▎      | 29/88 [00:12<00:15,  3.73it/s, loss=1.470]
  epoch 1/3:  33%|███▎      | 29/88 [00:12<00:15,  3.73it/s, loss=1.462]
  epoch 1/3:  34%|███▍      | 30/88 [00:12<00:15,  3.72it/s, loss=1.462]
  epoch 1/3:  34%|███▍      | 30/88 [00:12<00:15,  3.72it/s, loss=1.452]
  epoch 1/3:  35%|███▌      | 31/88 [00:12<00:15,  3.72it/s, loss=1.452]
  epoch 1/3:  35%|███▌      | 31/88 [00:12<00:15,  3.72it/s, loss=1.444]
  epoch 1/3:  36%|███▋      | 32/88 [00:12<00:15,  3.73it/s, loss=1.444]
  epoch 1/3:  36%|███▋      | 32/88 [00:13<00:15,  3.73it/s, loss=1.436]
  epoch 1/3:  38%|███▊      | 33/88 [00:13<00:14,  3.71it/s, loss=1.436]
  epoch 1/3:  38%|███▊      | 33/88 [00:13<00:14,  3.71it/s, loss=1.429]
  epoch 1/3:  39%|███▊      | 34/88 [00:13<00:14,  3.72it/s, loss=1.429]
  epoch 1/3:  39%|███▊      | 34/88 [00:13<00:14,  3.72it/s, loss=1.422]
  epoch 1/3:  40%|███▉      | 35/88 [00:13<00:14,  3.74it/s, loss=1.422]
  epoch 1/3:  40%|███▉      | 35/88 [00:14<00:14,  3.74it/s, loss=1.415]
  epoch 1/3:  41%|████      | 36/88 [00:14<00:13,  3.72it/s, loss=1.415]
  epoch 1/3:  41%|████      | 36/88 [00:14<00:13,  3.72it/s, loss=1.405]
  epoch 1/3:  42%|████▏     | 37/88 [00:14<00:13,  3.70it/s, loss=1.405]
  epoch 1/3:  42%|████▏     | 37/88 [00:14<00:13,  3.70it/s, loss=1.400]
  epoch 1/3:  43%|████▎     | 38/88 [00:14<00:13,  3.72it/s, loss=1.400]
  epoch 1/3:  43%|████▎     | 38/88 [00:14<00:13,  3.72it/s, loss=1.394]
  epoch 1/3:  44%|████▍     | 39/88 [00:14<00:13,  3.71it/s, loss=1.394]
  epoch 1/3:  44%|████▍     | 39/88 [00:15<00:13,  3.71it/s, loss=1.390]
  epoch 1/3:  45%|████▌     | 40/88 [00:15<00:13,  3.64it/s, loss=1.390]
  epoch 1/3:  45%|████▌     | 40/88 [00:15<00:13,  3.64it/s, loss=1.385]
  epoch 1/3:  47%|████▋     | 41/88 [00:15<00:12,  3.67it/s, loss=1.385]
  epoch 1/3:  47%|████▋     | 41/88 [00:15<00:12,  3.67it/s, loss=1.378]
  epoch 1/3:  48%|████▊     | 42/88 [00:15<00:12,  3.68it/s, loss=1.378]
  epoch 1/3:  48%|████▊     | 42/88 [00:15<00:12,  3.68it/s, loss=1.369]
  epoch 1/3:  49%|████▉     | 43/88 [00:15<00:12,  3.68it/s, loss=1.369]
  epoch 1/3:  49%|████▉     | 43/88 [00:16<00:12,  3.68it/s, loss=1.363]
  epoch 1/3:  50%|█████     | 44/88 [00:16<00:11,  3.67it/s, loss=1.363]
  epoch 1/3:  50%|█████     | 44/88 [00:16<00:11,  3.67it/s, loss=1.356]
  epoch 1/3:  51%|█████     | 45/88 [00:16<00:11,  3.69it/s, loss=1.356]
  epoch 1/3:  51%|█████     | 45/88 [00:16<00:11,  3.69it/s, loss=1.348]
  epoch 1/3:  52%|█████▏    | 46/88 [00:16<00:11,  3.67it/s, loss=1.348]
  epoch 1/3:  52%|█████▏    | 46/88 [00:17<00:11,  3.67it/s, loss=1.338]
  epoch 1/3:  53%|█████▎    | 47/88 [00:17<00:11,  3.66it/s, loss=1.338]
  epoch 1/3:  53%|█████▎    | 47/88 [00:17<00:11,  3.66it/s, loss=1.329]
  epoch 1/3:  55%|█████▍    | 48/88 [00:17<00:11,  3.62it/s, loss=1.329]
  epoch 1/3:  55%|█████▍    | 48/88 [00:17<00:11,  3.62it/s, loss=1.321]
  epoch 1/3:  56%|█████▌    | 49/88 [00:17<00:10,  3.62it/s, loss=1.321]
  epoch 1/3:  56%|█████▌    | 49/88 [00:17<00:10,  3.62it/s, loss=1.311]
  epoch 1/3:  57%|█████▋    | 50/88 [00:17<00:10,  3.65it/s, loss=1.311]
  epoch 1/3:  57%|█████▋    | 50/88 [00:18<00:10,  3.65it/s, loss=1.305]
  epoch 1/3:  58%|█████▊    | 51/88 [00:18<00:10,  3.61it/s, loss=1.305]
  epoch 1/3:  58%|█████▊    | 51/88 [00:18<00:10,  3.61it/s, loss=1.297]
  epoch 1/3:  59%|█████▉    | 52/88 [00:18<00:09,  3.64it/s, loss=1.297]
  epoch 1/3:  59%|█████▉    | 52/88 [00:18<00:09,  3.64it/s, loss=1.291]
  epoch 1/3:  60%|██████    | 53/88 [00:18<00:09,  3.61it/s, loss=1.291]
  epoch 1/3:  60%|██████    | 53/88 [00:18<00:09,  3.61it/s, loss=1.286]
  epoch 1/3:  61%|██████▏   | 54/88 [00:18<00:09,  3.62it/s, loss=1.286]
  epoch 1/3:  61%|██████▏   | 54/88 [00:19<00:09,  3.62it/s, loss=1.279]
  epoch 1/3:  62%|██████▎   | 55/88 [00:19<00:09,  3.64it/s, loss=1.279]
  epoch 1/3:  62%|██████▎   | 55/88 [00:19<00:09,  3.64it/s, loss=1.272]
  epoch 1/3:  64%|██████▎   | 56/88 [00:19<00:08,  3.58it/s, loss=1.272]
  epoch 1/3:  64%|██████▎   | 56/88 [00:19<00:08,  3.58it/s, loss=1.265]
  epoch 1/3:  65%|██████▍   | 57/88 [00:19<00:08,  3.60it/s, loss=1.265]
  epoch 1/3:  65%|██████▍   | 57/88 [00:20<00:08,  3.60it/s, loss=1.258]
  epoch 1/3:  66%|██████▌   | 58/88 [00:20<00:08,  3.61it/s, loss=1.258]
  epoch 1/3:  66%|██████▌   | 58/88 [00:20<00:08,  3.61it/s, loss=1.254]
  epoch 1/3:  67%|██████▋   | 59/88 [00:20<00:08,  3.61it/s, loss=1.254]
  epoch 1/3:  67%|██████▋   | 59/88 [00:20<00:08,  3.61it/s, loss=1.248]
  epoch 1/3:  68%|██████▊   | 60/88 [00:20<00:07,  3.60it/s, loss=1.248]
  epoch 1/3:  68%|██████▊   | 60/88 [00:20<00:07,  3.60it/s, loss=1.241]
  epoch 1/3:  69%|██████▉   | 61/88 [00:20<00:07,  3.59it/s, loss=1.241]
  epoch 1/3:  69%|██████▉   | 61/88 [00:21<00:07,  3.59it/s, loss=1.237]
  epoch 1/3:  70%|███████   | 62/88 [00:21<00:07,  3.61it/s, loss=1.237]
  epoch 1/3:  70%|███████   | 62/88 [00:21<00:07,  3.61it/s, loss=1.230]
  epoch 1/3:  72%|███████▏  | 63/88 [00:21<00:06,  3.60it/s, loss=1.230]
  epoch 1/3:  72%|███████▏  | 63/88 [00:21<00:06,  3.60it/s, loss=1.223]
  epoch 1/3:  73%|███████▎  | 64/88 [00:21<00:06,  3.59it/s, loss=1.223]
  epoch 1/3:  73%|███████▎  | 64/88 [00:22<00:06,  3.59it/s, loss=1.216]
  epoch 1/3:  74%|███████▍  | 65/88 [00:22<00:06,  3.57it/s, loss=1.216]
  epoch 1/3:  74%|███████▍  | 65/88 [00:22<00:06,  3.57it/s, loss=1.209]
  epoch 1/3:  75%|███████▌  | 66/88 [00:22<00:06,  3.58it/s, loss=1.209]
  epoch 1/3:  75%|███████▌  | 66/88 [00:22<00:06,  3.58it/s, loss=1.203]
  epoch 1/3:  76%|███████▌  | 67/88 [00:22<00:05,  3.59it/s, loss=1.203]
  epoch 1/3:  76%|███████▌  | 67/88 [00:22<00:05,  3.59it/s, loss=1.197]
  epoch 1/3:  77%|███████▋  | 68/88 [00:22<00:05,  3.56it/s, loss=1.197]
  epoch 1/3:  77%|███████▋  | 68/88 [00:23<00:05,  3.56it/s, loss=1.191]
  epoch 1/3:  78%|███████▊  | 69/88 [00:23<00:05,  3.55it/s, loss=1.191]
  epoch 1/3:  78%|███████▊  | 69/88 [00:23<00:05,  3.55it/s, loss=1.185]
  epoch 1/3:  80%|███████▉  | 70/88 [00:23<00:05,  3.54it/s, loss=1.185]
  epoch 1/3:  80%|███████▉  | 70/88 [00:23<00:05,  3.54it/s, loss=1.179]
  epoch 1/3:  81%|████████  | 71/88 [00:23<00:04,  3.53it/s, loss=1.179]
  epoch 1/3:  81%|████████  | 71/88 [00:24<00:04,  3.53it/s, loss=1.175]
  epoch 1/3:  82%|████████▏ | 72/88 [00:24<00:04,  3.48it/s, loss=1.175]
  epoch 1/3:  82%|████████▏ | 72/88 [00:24<00:04,  3.48it/s, loss=1.169]
  epoch 1/3:  83%|████████▎ | 73/88 [00:24<00:04,  3.50it/s, loss=1.169]
  epoch 1/3:  83%|████████▎ | 73/88 [00:24<00:04,  3.50it/s, loss=1.163]
  epoch 1/3:  84%|████████▍ | 74/88 [00:24<00:04,  3.50it/s, loss=1.163]
  epoch 1/3:  84%|████████▍ | 74/88 [00:24<00:04,  3.50it/s, loss=1.157]
  epoch 1/3:  85%|████████▌ | 75/88 [00:24<00:03,  3.50it/s, loss=1.157]
  epoch 1/3:  85%|████████▌ | 75/88 [00:25<00:03,  3.50it/s, loss=1.151]
  epoch 1/3:  86%|████████▋ | 76/88 [00:25<00:03,  3.51it/s, loss=1.151]
  epoch 1/3:  86%|████████▋ | 76/88 [00:25<00:03,  3.51it/s, loss=1.146]
  epoch 1/3:  88%|████████▊ | 77/88 [00:25<00:03,  3.52it/s, loss=1.146]
  epoch 1/3:  88%|████████▊ | 77/88 [00:25<00:03,  3.52it/s, loss=1.141]
  epoch 1/3:  89%|████████▊ | 78/88 [00:25<00:02,  3.51it/s, loss=1.141]
  epoch 1/3:  89%|████████▊ | 78/88 [00:26<00:02,  3.51it/s, loss=1.135]
  epoch 1/3:  90%|████████▉ | 79/88 [00:26<00:02,  3.52it/s, loss=1.135]
  epoch 1/3:  90%|████████▉ | 79/88 [00:26<00:02,  3.52it/s, loss=1.130]
  epoch 1/3:  91%|█████████ | 80/88 [00:26<00:02,  3.51it/s, loss=1.130]
  epoch 1/3:  91%|█████████ | 80/88 [00:26<00:02,  3.51it/s, loss=1.127]
  epoch 1/3:  92%|█████████▏| 81/88 [00:26<00:02,  3.49it/s, loss=1.127]
  epoch 1/3:  92%|█████████▏| 81/88 [00:26<00:02,  3.49it/s, loss=1.122]
  epoch 1/3:  93%|█████████▎| 82/88 [00:26<00:01,  3.50it/s, loss=1.122]
  epoch 1/3:  93%|█████████▎| 82/88 [00:27<00:01,  3.50it/s, loss=1.115]
  epoch 1/3:  94%|█████████▍| 83/88 [00:27<00:01,  3.51it/s, loss=1.115]
  epoch 1/3:  94%|█████████▍| 83/88 [00:27<00:01,  3.51it/s, loss=1.110]
  epoch 1/3:  95%|█████████▌| 84/88 [00:27<00:01,  3.50it/s, loss=1.110]
  epoch 1/3:  95%|█████████▌| 84/88 [00:27<00:01,  3.50it/s, loss=1.105]
  epoch 1/3:  97%|█████████▋| 85/88 [00:27<00:00,  3.51it/s, loss=1.105]
  epoch 1/3:  97%|█████████▋| 85/88 [00:28<00:00,  3.51it/s, loss=1.101]
  epoch 1/3:  98%|█████████▊| 86/88 [00:28<00:00,  3.50it/s, loss=1.101]
  epoch 1/3:  98%|█████████▊| 86/88 [00:28<00:00,  3.50it/s, loss=1.096]
  epoch 1/3:  99%|█████████▉| 87/88 [00:28<00:00,  3.50it/s, loss=1.096]
  epoch 1/3:  99%|█████████▉| 87/88 [00:28<00:00,  3.50it/s, loss=1.094]
  epoch 1/3: 100%|██████████| 88/88 [00:28<00:00,  3.81it/s, loss=1.094]
                                                                        

  epoch 2/3:   0%|          | 0/88 [00:00<?, ?it/s]
  epoch 2/3:   0%|          | 0/88 [00:00<?, ?it/s, loss=0.661]
  epoch 2/3:   1%|          | 1/88 [00:00<00:44,  1.97it/s, loss=0.661]
  epoch 2/3:   1%|          | 1/88 [00:00<00:44,  1.97it/s, loss=0.677]
  epoch 2/3:   2%|▏         | 2/88 [00:00<00:32,  2.62it/s, loss=0.677]
  epoch 2/3:   2%|▏         | 2/88 [00:01<00:32,  2.62it/s, loss=0.659]
  epoch 2/3:   3%|▎         | 3/88 [00:01<00:28,  2.95it/s, loss=0.659]
  epoch 2/3:   3%|▎         | 3/88 [00:01<00:28,  2.95it/s, loss=0.633]
  epoch 2/3:   5%|▍         | 4/88 [00:01<00:26,  3.13it/s, loss=0.633]
  epoch 2/3:   5%|▍         | 4/88 [00:01<00:26,  3.13it/s, loss=0.638]
  epoch 2/3:   6%|▌         | 5/88 [00:01<00:25,  3.25it/s, loss=0.638]
  epoch 2/3:   6%|▌         | 5/88 [00:01<00:25,  3.25it/s, loss=0.616]
  epoch 2/3:   7%|▋         | 6/88 [00:01<00:24,  3.31it/s, loss=0.616]
  epoch 2/3:   7%|▋         | 6/88 [00:02<00:24,  3.31it/s, loss=0.640]
  epoch 2/3:   8%|▊         | 7/88 [00:02<00:24,  3.36it/s, loss=0.640]
  epoch 2/3:   8%|▊         | 7/88 [00:02<00:24,  3.36it/s, loss=0.628]
  epoch 2/3:   9%|▉         | 8/88 [00:02<00:23,  3.38it/s, loss=0.628]
  epoch 2/3:   9%|▉         | 8/88 [00:02<00:23,  3.38it/s, loss=0.620]
  epoch 2/3:  10%|█         | 9/88 [00:02<00:23,  3.39it/s, loss=0.620]
  epoch 2/3:  10%|█         | 9/88 [00:03<00:23,  3.39it/s, loss=0.622]
  epoch 2/3:  11%|█▏        | 10/88 [00:03<00:22,  3.40it/s, loss=0.622]
  epoch 2/3:  11%|█▏        | 10/88 [00:03<00:22,  3.40it/s, loss=0.615]
  epoch 2/3:  12%|█▎        | 11/88 [00:03<00:22,  3.40it/s, loss=0.615]
  epoch 2/3:  12%|█▎        | 11/88 [00:03<00:22,  3.40it/s, loss=0.606]
  epoch 2/3:  14%|█▎        | 12/88 [00:03<00:22,  3.39it/s, loss=0.606]
  epoch 2/3:  14%|█▎        | 12/88 [00:04<00:22,  3.39it/s, loss=0.610]
  epoch 2/3:  15%|█▍        | 13/88 [00:04<00:22,  3.40it/s, loss=0.610]
  epoch 2/3:  15%|█▍        | 13/88 [00:04<00:22,  3.40it/s, loss=0.596]
  epoch 2/3:  16%|█▌        | 14/88 [00:04<00:21,  3.39it/s, loss=0.596]
  epoch 2/3:  16%|█▌        | 14/88 [00:04<00:21,  3.39it/s, loss=0.590]
  epoch 2/3:  17%|█▋        | 15/88 [00:04<00:21,  3.40it/s, loss=0.590]
  epoch 2/3:  17%|█▋        | 15/88 [00:04<00:21,  3.40it/s, loss=0.588]
  epoch 2/3:  18%|█▊        | 16/88 [00:04<00:21,  3.35it/s, loss=0.588]
  epoch 2/3:  18%|█▊        | 16/88 [00:05<00:21,  3.35it/s, loss=0.583]
  epoch 2/3:  19%|█▉        | 17/88 [00:05<00:21,  3.38it/s, loss=0.583]
  epoch 2/3:  19%|█▉        | 17/88 [00:05<00:21,  3.38it/s, loss=0.580]
  epoch 2/3:  20%|██        | 18/88 [00:05<00:20,  3.39it/s, loss=0.580]
  epoch 2/3:  20%|██        | 18/88 [00:05<00:20,  3.39it/s, loss=0.581]
  epoch 2/3:  22%|██▏       | 19/88 [00:05<00:20,  3.38it/s, loss=0.581]
  epoch 2/3:  22%|██▏       | 19/88 [00:06<00:20,  3.38it/s, loss=0.580]
  epoch 2/3:  23%|██▎       | 20/88 [00:06<00:20,  3.38it/s, loss=0.580]
  epoch 2/3:  23%|██▎       | 20/88 [00:06<00:20,  3.38it/s, loss=0.577]
  epoch 2/3:  24%|██▍       | 21/88 [00:06<00:19,  3.38it/s, loss=0.577]
  epoch 2/3:  24%|██▍       | 21/88 [00:06<00:19,  3.38it/s, loss=0.572]
  epoch 2/3:  25%|██▌       | 22/88 [00:06<00:19,  3.39it/s, loss=0.572]
  epoch 2/3:  25%|██▌       | 22/88 [00:06<00:19,  3.39it/s, loss=0.573]
  epoch 2/3:  26%|██▌       | 23/88 [00:06<00:19,  3.38it/s, loss=0.573]
  epoch 2/3:  26%|██▌       | 23/88 [00:07<00:19,  3.38it/s, loss=0.571]
  epoch 2/3:  27%|██▋       | 24/88 [00:07<00:18,  3.38it/s, loss=0.571]
  epoch 2/3:  27%|██▋       | 24/88 [00:07<00:18,  3.38it/s, loss=0.570]
  epoch 2/3:  28%|██▊       | 25/88 [00:07<00:18,  3.38it/s, loss=0.570]
  epoch 2/3:  28%|██▊       | 25/88 [00:07<00:18,  3.38it/s, loss=0.570]
  epoch 2/3:  30%|██▉       | 26/88 [00:07<00:18,  3.38it/s, loss=0.570]
  epoch 2/3:  30%|██▉       | 26/88 [00:08<00:18,  3.38it/s, loss=0.566]
  epoch 2/3:  31%|███       | 27/88 [00:08<00:18,  3.37it/s, loss=0.566]
  epoch 2/3:  31%|███       | 27/88 [00:08<00:18,  3.37it/s, loss=0.558]
  epoch 2/3:  32%|███▏      | 28/88 [00:08<00:17,  3.37it/s, loss=0.558]
  epoch 2/3:  32%|███▏      | 28/88 [00:08<00:17,  3.37it/s, loss=0.550]
  epoch 2/3:  33%|███▎      | 29/88 [00:08<00:17,  3.37it/s, loss=0.550]
  epoch 2/3:  33%|███▎      | 29/88 [00:09<00:17,  3.37it/s, loss=0.549]
  epoch 2/3:  34%|███▍      | 30/88 [00:09<00:17,  3.37it/s, loss=0.549]
  epoch 2/3:  34%|███▍      | 30/88 [00:09<00:17,  3.37it/s, loss=0.549]
  epoch 2/3:  35%|███▌      | 31/88 [00:09<00:16,  3.38it/s, loss=0.549]
  epoch 2/3:  35%|███▌      | 31/88 [00:09<00:16,  3.38it/s, loss=0.546]
  epoch 2/3:  36%|███▋      | 32/88 [00:09<00:16,  3.33it/s, loss=0.546]
  epoch 2/3:  36%|███▋      | 32/88 [00:09<00:16,  3.33it/s, loss=0.541]
  epoch 2/3:  38%|███▊      | 33/88 [00:09<00:16,  3.35it/s, loss=0.541]
  epoch 2/3:  38%|███▊      | 33/88 [00:10<00:16,  3.35it/s, loss=0.539]
  epoch 2/3:  39%|███▊      | 34/88 [00:10<00:16,  3.36it/s, loss=0.539]
  epoch 2/3:  39%|███▊      | 34/88 [00:10<00:16,  3.36it/s, loss=0.537]
  epoch 2/3:  40%|███▉      | 35/88 [00:10<00:15,  3.36it/s, loss=0.537]
  epoch 2/3:  40%|███▉      | 35/88 [00:10<00:15,  3.36it/s, loss=0.534]
  epoch 2/3:  41%|████      | 36/88 [00:10<00:15,  3.37it/s, loss=0.534]
  epoch 2/3:  41%|████      | 36/88 [00:11<00:15,  3.37it/s, loss=0.535]
  epoch 2/3:  42%|████▏     | 37/88 [00:11<00:15,  3.38it/s, loss=0.535]
  epoch 2/3:  42%|████▏     | 37/88 [00:11<00:15,  3.38it/s, loss=0.534]
  epoch 2/3:  43%|████▎     | 38/88 [00:11<00:14,  3.38it/s, loss=0.534]
  epoch 2/3:  43%|████▎     | 38/88 [00:11<00:14,  3.38it/s, loss=0.531]
  epoch 2/3:  44%|████▍     | 39/88 [00:11<00:14,  3.39it/s, loss=0.531]
  epoch 2/3:  44%|████▍     | 39/88 [00:12<00:14,  3.39it/s, loss=0.529]
  epoch 2/3:  45%|████▌     | 40/88 [00:12<00:14,  3.39it/s, loss=0.529]
  epoch 2/3:  45%|████▌     | 40/88 [00:12<00:14,  3.39it/s, loss=0.525]
  epoch 2/3:  47%|████▋     | 41/88 [00:12<00:13,  3.38it/s, loss=0.525]
  epoch 2/3:  47%|████▋     | 41/88 [00:12<00:13,  3.38it/s, loss=0.523]
  epoch 2/3:  48%|████▊     | 42/88 [00:12<00:13,  3.39it/s, loss=0.523]
  epoch 2/3:  48%|████▊     | 42/88 [00:12<00:13,  3.39it/s, loss=0.522]
  epoch 2/3:  49%|████▉     | 43/88 [00:12<00:13,  3.39it/s, loss=0.522]
  epoch 2/3:  49%|████▉     | 43/88 [00:13<00:13,  3.39it/s, loss=0.522]
  epoch 2/3:  50%|█████     | 44/88 [00:13<00:12,  3.40it/s, loss=0.522]
  epoch 2/3:  50%|█████     | 44/88 [00:13<00:12,  3.40it/s, loss=0.521]
  epoch 2/3:  51%|█████     | 45/88 [00:13<00:12,  3.40it/s, loss=0.521]
  epoch 2/3:  51%|█████     | 45/88 [00:13<00:12,  3.40it/s, loss=0.519]
  epoch 2/3:  52%|█████▏    | 46/88 [00:13<00:12,  3.40it/s, loss=0.519]
  epoch 2/3:  52%|█████▏    | 46/88 [00:14<00:12,  3.40it/s, loss=0.517]
  epoch 2/3:  53%|█████▎    | 47/88 [00:14<00:12,  3.40it/s, loss=0.517]
  epoch 2/3:  53%|█████▎    | 47/88 [00:14<00:12,  3.40it/s, loss=0.516]
  epoch 2/3:  55%|█████▍    | 48/88 [00:14<00:11,  3.37it/s, loss=0.516]
  epoch 2/3:  55%|█████▍    | 48/88 [00:14<00:11,  3.37it/s, loss=0.518]
  epoch 2/3:  56%|█████▌    | 49/88 [00:14<00:11,  3.39it/s, loss=0.518]
  epoch 2/3:  56%|█████▌    | 49/88 [00:14<00:11,  3.39it/s, loss=0.518]
  epoch 2/3:  57%|█████▋    | 50/88 [00:14<00:11,  3.40it/s, loss=0.518]
  epoch 2/3:  57%|█████▋    | 50/88 [00:15<00:11,  3.40it/s, loss=0.517]
  epoch 2/3:  58%|█████▊    | 51/88 [00:15<00:10,  3.41it/s, loss=0.517]
  epoch 2/3:  58%|█████▊    | 51/88 [00:15<00:10,  3.41it/s, loss=0.514]
  epoch 2/3:  59%|█████▉    | 52/88 [00:15<00:10,  3.42it/s, loss=0.514]
  epoch 2/3:  59%|█████▉    | 52/88 [00:15<00:10,  3.42it/s, loss=0.511]
  epoch 2/3:  60%|██████    | 53/88 [00:15<00:10,  3.42it/s, loss=0.511]
  epoch 2/3:  60%|██████    | 53/88 [00:16<00:10,  3.42it/s, loss=0.511]
  epoch 2/3:  61%|██████▏   | 54/88 [00:16<00:09,  3.44it/s, loss=0.511]
  epoch 2/3:  61%|██████▏   | 54/88 [00:16<00:09,  3.44it/s, loss=0.507]
  epoch 2/3:  62%|██████▎   | 55/88 [00:16<00:09,  3.44it/s, loss=0.507]
  epoch 2/3:  62%|██████▎   | 55/88 [00:16<00:09,  3.44it/s, loss=0.504]
  epoch 2/3:  64%|██████▎   | 56/88 [00:16<00:09,  3.43it/s, loss=0.504]
  epoch 2/3:  64%|██████▎   | 56/88 [00:16<00:09,  3.43it/s, loss=0.502]
  epoch 2/3:  65%|██████▍   | 57/88 [00:16<00:08,  3.45it/s, loss=0.502]
  epoch 2/3:  65%|██████▍   | 57/88 [00:17<00:08,  3.45it/s, loss=0.499]
  epoch 2/3:  66%|██████▌   | 58/88 [00:17<00:08,  3.44it/s, loss=0.499]
  epoch 2/3:  66%|██████▌   | 58/88 [00:17<00:08,  3.44it/s, loss=0.495]
  epoch 2/3:  67%|██████▋   | 59/88 [00:17<00:08,  3.45it/s, loss=0.495]
  epoch 2/3:  67%|██████▋   | 59/88 [00:17<00:08,  3.45it/s, loss=0.493]
  epoch 2/3:  68%|██████▊   | 60/88 [00:17<00:08,  3.46it/s, loss=0.493]
  epoch 2/3:  68%|██████▊   | 60/88 [00:18<00:08,  3.46it/s, loss=0.489]
  epoch 2/3:  69%|██████▉   | 61/88 [00:18<00:07,  3.47it/s, loss=0.489]
  epoch 2/3:  69%|██████▉   | 61/88 [00:18<00:07,  3.47it/s, loss=0.486]
  epoch 2/3:  70%|███████   | 62/88 [00:18<00:07,  3.46it/s, loss=0.486]
  epoch 2/3:  70%|███████   | 62/88 [00:18<00:07,  3.46it/s, loss=0.484]
  epoch 2/3:  72%|███████▏  | 63/88 [00:18<00:07,  3.47it/s, loss=0.484]
  epoch 2/3:  72%|███████▏  | 63/88 [00:19<00:07,  3.47it/s, loss=0.484]
  epoch 2/3:  73%|███████▎  | 64/88 [00:19<00:07,  3.42it/s, loss=0.484]
  epoch 2/3:  73%|███████▎  | 64/88 [00:19<00:07,  3.42it/s, loss=0.482]
  epoch 2/3:  74%|███████▍  | 65/88 [00:19<00:06,  3.44it/s, loss=0.482]
  epoch 2/3:  74%|███████▍  | 65/88 [00:19<00:06,  3.44it/s, loss=0.480]
  epoch 2/3:  75%|███████▌  | 66/88 [00:19<00:06,  3.44it/s, loss=0.480]
  epoch 2/3:  75%|███████▌  | 66/88 [00:19<00:06,  3.44it/s, loss=0.477]
  epoch 2/3:  76%|███████▌  | 67/88 [00:19<00:06,  3.46it/s, loss=0.477]
  epoch 2/3:  76%|███████▌  | 67/88 [00:20<00:06,  3.46it/s, loss=0.475]
  epoch 2/3:  77%|███████▋  | 68/88 [00:20<00:05,  3.48it/s, loss=0.475]
  epoch 2/3:  77%|███████▋  | 68/88 [00:20<00:05,  3.48it/s, loss=0.474]
  epoch 2/3:  78%|███████▊  | 69/88 [00:20<00:05,  3.49it/s, loss=0.474]
  epoch 2/3:  78%|███████▊  | 69/88 [00:20<00:05,  3.49it/s, loss=0.472]
  epoch 2/3:  80%|███████▉  | 70/88 [00:20<00:05,  3.51it/s, loss=0.472]
  epoch 2/3:  80%|███████▉  | 70/88 [00:21<00:05,  3.51it/s, loss=0.470]
  epoch 2/3:  81%|████████  | 71/88 [00:21<00:04,  3.51it/s, loss=0.470]
  epoch 2/3:  81%|████████  | 71/88 [00:21<00:04,  3.51it/s, loss=0.467]
  epoch 2/3:  82%|████████▏ | 72/88 [00:21<00:04,  3.51it/s, loss=0.467]
  epoch 2/3:  82%|████████▏ | 72/88 [00:21<00:04,  3.51it/s, loss=0.466]
  epoch 2/3:  83%|████████▎ | 73/88 [00:21<00:04,  3.52it/s, loss=0.466]
  epoch 2/3:  83%|████████▎ | 73/88 [00:21<00:04,  3.52it/s, loss=0.465]
  epoch 2/3:  84%|████████▍ | 74/88 [00:21<00:03,  3.53it/s, loss=0.465]
  epoch 2/3:  84%|████████▍ | 74/88 [00:22<00:03,  3.53it/s, loss=0.464]
  epoch 2/3:  85%|████████▌ | 75/88 [00:22<00:03,  3.53it/s, loss=0.464]
  epoch 2/3:  85%|████████▌ | 75/88 [00:22<00:03,  3.53it/s, loss=0.461]
  epoch 2/3:  86%|████████▋ | 76/88 [00:22<00:03,  3.53it/s, loss=0.461]
  epoch 2/3:  86%|████████▋ | 76/88 [00:22<00:03,  3.53it/s, loss=0.458]
  epoch 2/3:  88%|████████▊ | 77/88 [00:22<00:03,  3.54it/s, loss=0.458]
  epoch 2/3:  88%|████████▊ | 77/88 [00:22<00:03,  3.54it/s, loss=0.456]
  epoch 2/3:  89%|████████▊ | 78/88 [00:22<00:02,  3.54it/s, loss=0.456]
  epoch 2/3:  89%|████████▊ | 78/88 [00:23<00:02,  3.54it/s, loss=0.454]
  epoch 2/3:  90%|████████▉ | 79/88 [00:23<00:02,  3.53it/s, loss=0.454]
  epoch 2/3:  90%|████████▉ | 79/88 [00:23<00:02,  3.53it/s, loss=0.452]
  epoch 2/3:  91%|█████████ | 80/88 [00:23<00:02,  3.48it/s, loss=0.452]
  epoch 2/3:  91%|█████████ | 80/88 [00:23<00:02,  3.48it/s, loss=0.451]
  epoch 2/3:  92%|█████████▏| 81/88 [00:23<00:02,  3.49it/s, loss=0.451]
  epoch 2/3:  92%|█████████▏| 81/88 [00:24<00:02,  3.49it/s, loss=0.449]
  epoch 2/3:  93%|█████████▎| 82/88 [00:24<00:01,  3.50it/s, loss=0.449]
  epoch 2/3:  93%|█████████▎| 82/88 [00:24<00:01,  3.50it/s, loss=0.447]
  epoch 2/3:  94%|█████████▍| 83/88 [00:24<00:01,  3.50it/s, loss=0.447]
  epoch 2/3:  94%|█████████▍| 83/88 [00:24<00:01,  3.50it/s, loss=0.446]
  epoch 2/3:  95%|█████████▌| 84/88 [00:24<00:01,  3.50it/s, loss=0.446]
  epoch 2/3:  95%|█████████▌| 84/88 [00:25<00:01,  3.50it/s, loss=0.446]
  epoch 2/3:  97%|█████████▋| 85/88 [00:25<00:00,  3.50it/s, loss=0.446]
  epoch 2/3:  97%|█████████▋| 85/88 [00:25<00:00,  3.50it/s, loss=0.445]
  epoch 2/3:  98%|█████████▊| 86/88 [00:25<00:00,  3.51it/s, loss=0.445]
  epoch 2/3:  98%|█████████▊| 86/88 [00:25<00:00,  3.51it/s, loss=0.443]
  epoch 2/3:  99%|█████████▉| 87/88 [00:25<00:00,  3.51it/s, loss=0.443]
  epoch 2/3:  99%|█████████▉| 87/88 [00:25<00:00,  3.51it/s, loss=0.443]
  epoch 2/3: 100%|██████████| 88/88 [00:25<00:00,  3.84it/s, loss=0.443]
                                                                        

  epoch 3/3:   0%|          | 0/88 [00:00<?, ?it/s]
  epoch 3/3:   0%|          | 0/88 [00:00<?, ?it/s, loss=0.346]
  epoch 3/3:   1%|          | 1/88 [00:00<00:45,  1.92it/s, loss=0.346]
  epoch 3/3:   1%|          | 1/88 [00:00<00:45,  1.92it/s, loss=0.318]
  epoch 3/3:   2%|▏         | 2/88 [00:00<00:32,  2.62it/s, loss=0.318]
  epoch 3/3:   2%|▏         | 2/88 [00:01<00:32,  2.62it/s, loss=0.296]
  epoch 3/3:   3%|▎         | 3/88 [00:01<00:28,  2.97it/s, loss=0.296]
  epoch 3/3:   3%|▎         | 3/88 [00:01<00:28,  2.97it/s, loss=0.341]
  epoch 3/3:   5%|▍         | 4/88 [00:01<00:26,  3.16it/s, loss=0.341]
  epoch 3/3:   5%|▍         | 4/88 [00:01<00:26,  3.16it/s, loss=0.335]
  epoch 3/3:   6%|▌         | 5/88 [00:01<00:25,  3.28it/s, loss=0.335]
  epoch 3/3:   6%|▌         | 5/88 [00:01<00:25,  3.28it/s, loss=0.320]
  epoch 3/3:   7%|▋         | 6/88 [00:01<00:24,  3.36it/s, loss=0.320]
  epoch 3/3:   7%|▋         | 6/88 [00:02<00:24,  3.36it/s, loss=0.309]
  epoch 3/3:   8%|▊         | 7/88 [00:02<00:23,  3.41it/s, loss=0.309]
  epoch 3/3:   8%|▊         | 7/88 [00:02<00:23,  3.41it/s, loss=0.307]
  epoch 3/3:   9%|▉         | 8/88 [00:02<00:23,  3.40it/s, loss=0.307]
  epoch 3/3:   9%|▉         | 8/88 [00:02<00:23,  3.40it/s, loss=0.298]
  epoch 3/3:  10%|█         | 9/88 [00:02<00:22,  3.46it/s, loss=0.298]
  epoch 3/3:  10%|█         | 9/88 [00:03<00:22,  3.46it/s, loss=0.306]
  epoch 3/3:  11%|█▏        | 10/88 [00:03<00:22,  3.50it/s, loss=0.306]
  epoch 3/3:  11%|█▏        | 10/88 [00:03<00:22,  3.50it/s, loss=0.296]
  epoch 3/3:  12%|█▎        | 11/88 [00:03<00:21,  3.51it/s, loss=0.296]
  epoch 3/3:  12%|█▎        | 11/88 [00:03<00:21,  3.51it/s, loss=0.289]
  epoch 3/3:  14%|█▎        | 12/88 [00:03<00:21,  3.53it/s, loss=0.289]
  epoch 3/3:  14%|█▎        | 12/88 [00:03<00:21,  3.53it/s, loss=0.286]
  epoch 3/3:  15%|█▍        | 13/88 [00:03<00:21,  3.54it/s, loss=0.286]
  epoch 3/3:  15%|█▍        | 13/88 [00:04<00:21,  3.54it/s, loss=0.295]
  epoch 3/3:  16%|█▌        | 14/88 [00:04<00:20,  3.54it/s, loss=0.295]
  epoch 3/3:  16%|█▌        | 14/88 [00:04<00:20,  3.54it/s, loss=0.295]
  epoch 3/3:  17%|█▋        | 15/88 [00:04<00:20,  3.55it/s, loss=0.295]
  epoch 3/3:  17%|█▋        | 15/88 [00:04<00:20,  3.55it/s, loss=0.295]
  epoch 3/3:  18%|█▊        | 16/88 [00:04<00:20,  3.58it/s, loss=0.295]
  epoch 3/3:  18%|█▊        | 16/88 [00:05<00:20,  3.58it/s, loss=0.294]
  epoch 3/3:  19%|█▉        | 17/88 [00:05<00:19,  3.57it/s, loss=0.294]
  epoch 3/3:  19%|█▉        | 17/88 [00:05<00:19,  3.57it/s, loss=0.293]
  epoch 3/3:  20%|██        | 18/88 [00:05<00:19,  3.56it/s, loss=0.293]
  epoch 3/3:  20%|██        | 18/88 [00:05<00:19,  3.56it/s, loss=0.294]
  epoch 3/3:  22%|██▏       | 19/88 [00:05<00:19,  3.56it/s, loss=0.294]
  epoch 3/3:  22%|██▏       | 19/88 [00:05<00:19,  3.56it/s, loss=0.290]
  epoch 3/3:  23%|██▎       | 20/88 [00:05<00:19,  3.56it/s, loss=0.290]
  epoch 3/3:  23%|██▎       | 20/88 [00:06<00:19,  3.56it/s, loss=0.284]
  epoch 3/3:  24%|██▍       | 21/88 [00:06<00:18,  3.56it/s, loss=0.284]
  epoch 3/3:  24%|██▍       | 21/88 [00:06<00:18,  3.56it/s, loss=0.287]
  epoch 3/3:  25%|██▌       | 22/88 [00:06<00:18,  3.56it/s, loss=0.287]
  epoch 3/3:  25%|██▌       | 22/88 [00:06<00:18,  3.56it/s, loss=0.287]
  epoch 3/3:  26%|██▌       | 23/88 [00:06<00:18,  3.58it/s, loss=0.287]
  epoch 3/3:  26%|██▌       | 23/88 [00:07<00:18,  3.58it/s, loss=0.286]
  epoch 3/3:  27%|██▋       | 24/88 [00:07<00:18,  3.52it/s, loss=0.286]
  epoch 3/3:  27%|██▋       | 24/88 [00:07<00:18,  3.52it/s, loss=0.290]
  epoch 3/3:  28%|██▊       | 25/88 [00:07<00:17,  3.56it/s, loss=0.290]
  epoch 3/3:  28%|██▊       | 25/88 [00:07<00:17,  3.56it/s, loss=0.288]
  epoch 3/3:  30%|██▉       | 26/88 [00:07<00:17,  3.57it/s, loss=0.288]
  epoch 3/3:  30%|██▉       | 26/88 [00:07<00:17,  3.57it/s, loss=0.288]
  epoch 3/3:  31%|███       | 27/88 [00:07<00:17,  3.58it/s, loss=0.288]
  epoch 3/3:  31%|███       | 27/88 [00:08<00:17,  3.58it/s, loss=0.284]
  epoch 3/3:  32%|███▏      | 28/88 [00:08<00:16,  3.60it/s, loss=0.284]
  epoch 3/3:  32%|███▏      | 28/88 [00:08<00:16,  3.60it/s, loss=0.287]
  epoch 3/3:  33%|███▎      | 29/88 [00:08<00:16,  3.60it/s, loss=0.287]
  epoch 3/3:  33%|███▎      | 29/88 [00:08<00:16,  3.60it/s, loss=0.286]
  epoch 3/3:  34%|███▍      | 30/88 [00:08<00:16,  3.60it/s, loss=0.286]
  epoch 3/3:  34%|███▍      | 30/88 [00:08<00:16,  3.60it/s, loss=0.286]
  epoch 3/3:  35%|███▌      | 31/88 [00:08<00:15,  3.62it/s, loss=0.286]
  epoch 3/3:  35%|███▌      | 31/88 [00:09<00:15,  3.62it/s, loss=0.283]
  epoch 3/3:  36%|███▋      | 32/88 [00:09<00:15,  3.61it/s, loss=0.283]
  epoch 3/3:  36%|███▋      | 32/88 [00:09<00:15,  3.61it/s, loss=0.287]
  epoch 3/3:  38%|███▊      | 33/88 [00:09<00:15,  3.60it/s, loss=0.287]
  epoch 3/3:  38%|███▊      | 33/88 [00:09<00:15,  3.60it/s, loss=0.283]
  epoch 3/3:  39%|███▊      | 34/88 [00:09<00:14,  3.62it/s, loss=0.283]
  epoch 3/3:  39%|███▊      | 34/88 [00:10<00:14,  3.62it/s, loss=0.281]
  epoch 3/3:  40%|███▉      | 35/88 [00:10<00:14,  3.63it/s, loss=0.281]
  epoch 3/3:  40%|███▉      | 35/88 [00:10<00:14,  3.63it/s, loss=0.279]
  epoch 3/3:  41%|████      | 36/88 [00:10<00:14,  3.64it/s, loss=0.279]
  epoch 3/3:  41%|████      | 36/88 [00:10<00:14,  3.64it/s, loss=0.281]
  epoch 3/3:  42%|████▏     | 37/88 [00:10<00:14,  3.62it/s, loss=0.281]
  epoch 3/3:  42%|████▏     | 37/88 [00:10<00:14,  3.62it/s, loss=0.280]
  epoch 3/3:  43%|████▎     | 38/88 [00:10<00:13,  3.62it/s, loss=0.280]
  epoch 3/3:  43%|████▎     | 38/88 [00:11<00:13,  3.62it/s, loss=0.277]
  epoch 3/3:  44%|████▍     | 39/88 [00:11<00:13,  3.63it/s, loss=0.277]
  epoch 3/3:  44%|████▍     | 39/88 [00:11<00:13,  3.63it/s, loss=0.276]
  epoch 3/3:  45%|████▌     | 40/88 [00:11<00:13,  3.57it/s, loss=0.276]
  epoch 3/3:  45%|████▌     | 40/88 [00:11<00:13,  3.57it/s, loss=0.275]
  epoch 3/3:  47%|████▋     | 41/88 [00:11<00:13,  3.59it/s, loss=0.275]
  epoch 3/3:  47%|████▋     | 41/88 [00:11<00:13,  3.59it/s, loss=0.273]
  epoch 3/3:  48%|████▊     | 42/88 [00:11<00:12,  3.60it/s, loss=0.273]
  epoch 3/3:  48%|████▊     | 42/88 [00:12<00:12,  3.60it/s, loss=0.275]
  epoch 3/3:  49%|████▉     | 43/88 [00:12<00:12,  3.62it/s, loss=0.275]
  epoch 3/3:  49%|████▉     | 43/88 [00:12<00:12,  3.62it/s, loss=0.275]
  epoch 3/3:  50%|█████     | 44/88 [00:12<00:12,  3.61it/s, loss=0.275]
  epoch 3/3:  50%|█████     | 44/88 [00:12<00:12,  3.61it/s, loss=0.274]
  epoch 3/3:  51%|█████     | 45/88 [00:12<00:11,  3.60it/s, loss=0.274]
  epoch 3/3:  51%|█████     | 45/88 [00:13<00:11,  3.60it/s, loss=0.274]
  epoch 3/3:  52%|█████▏    | 46/88 [00:13<00:11,  3.61it/s, loss=0.274]
  epoch 3/3:  52%|█████▏    | 46/88 [00:13<00:11,  3.61it/s, loss=0.274]
  epoch 3/3:  53%|█████▎    | 47/88 [00:13<00:11,  3.61it/s, loss=0.274]
  epoch 3/3:  53%|█████▎    | 47/88 [00:13<00:11,  3.61it/s, loss=0.275]
  epoch 3/3:  55%|█████▍    | 48/88 [00:13<00:11,  3.61it/s, loss=0.275]
  epoch 3/3:  55%|█████▍    | 48/88 [00:13<00:11,  3.61it/s, loss=0.274]
  epoch 3/3:  56%|█████▌    | 49/88 [00:13<00:10,  3.63it/s, loss=0.274]
  epoch 3/3:  56%|█████▌    | 49/88 [00:14<00:10,  3.63it/s, loss=0.274]
  epoch 3/3:  57%|█████▋    | 50/88 [00:14<00:10,  3.64it/s, loss=0.274]
  epoch 3/3:  57%|█████▋    | 50/88 [00:14<00:10,  3.64it/s, loss=0.272]
  epoch 3/3:  58%|█████▊    | 51/88 [00:14<00:10,  3.65it/s, loss=0.272]
  epoch 3/3:  58%|█████▊    | 51/88 [00:14<00:10,  3.65it/s, loss=0.270]
  epoch 3/3:  59%|█████▉    | 52/88 [00:14<00:09,  3.65it/s, loss=0.270]
  epoch 3/3:  59%|█████▉    | 52/88 [00:15<00:09,  3.65it/s, loss=0.268]
  epoch 3/3:  60%|██████    | 53/88 [00:15<00:09,  3.65it/s, loss=0.268]
  epoch 3/3:  60%|██████    | 53/88 [00:15<00:09,  3.65it/s, loss=0.269]
  epoch 3/3:  61%|██████▏   | 54/88 [00:15<00:09,  3.64it/s, loss=0.269]
  epoch 3/3:  61%|██████▏   | 54/88 [00:15<00:09,  3.64it/s, loss=0.268]
  epoch 3/3:  62%|██████▎   | 55/88 [00:15<00:09,  3.66it/s, loss=0.268]
  epoch 3/3:  62%|██████▎   | 55/88 [00:15<00:09,  3.66it/s, loss=0.269]
  epoch 3/3:  64%|██████▎   | 56/88 [00:15<00:08,  3.60it/s, loss=0.269]
  epoch 3/3:  64%|██████▎   | 56/88 [00:16<00:08,  3.60it/s, loss=0.269]
  epoch 3/3:  65%|██████▍   | 57/88 [00:16<00:08,  3.61it/s, loss=0.269]
  epoch 3/3:  65%|██████▍   | 57/88 [00:16<00:08,  3.61it/s, loss=0.270]
  epoch 3/3:  66%|██████▌   | 58/88 [00:16<00:08,  3.64it/s, loss=0.270]
  epoch 3/3:  66%|██████▌   | 58/88 [00:16<00:08,  3.64it/s, loss=0.269]
  epoch 3/3:  67%|██████▋   | 59/88 [00:16<00:07,  3.63it/s, loss=0.269]
  epoch 3/3:  67%|██████▋   | 59/88 [00:16<00:07,  3.63it/s, loss=0.267]
  epoch 3/3:  68%|██████▊   | 60/88 [00:16<00:07,  3.65it/s, loss=0.267]
  epoch 3/3:  68%|██████▊   | 60/88 [00:17<00:07,  3.65it/s, loss=0.266]
  epoch 3/3:  69%|██████▉   | 61/88 [00:17<00:07,  3.64it/s, loss=0.266]
  epoch 3/3:  69%|██████▉   | 61/88 [00:17<00:07,  3.64it/s, loss=0.266]
  epoch 3/3:  70%|███████   | 62/88 [00:17<00:07,  3.66it/s, loss=0.266]
  epoch 3/3:  70%|███████   | 62/88 [00:17<00:07,  3.66it/s, loss=0.266]
  epoch 3/3:  72%|███████▏  | 63/88 [00:17<00:06,  3.65it/s, loss=0.266]
  epoch 3/3:  72%|███████▏  | 63/88 [00:18<00:06,  3.65it/s, loss=0.265]
  epoch 3/3:  73%|███████▎  | 64/88 [00:18<00:06,  3.66it/s, loss=0.265]
  epoch 3/3:  73%|███████▎  | 64/88 [00:18<00:06,  3.66it/s, loss=0.264]
  epoch 3/3:  74%|███████▍  | 65/88 [00:18<00:06,  3.65it/s, loss=0.264]
  epoch 3/3:  74%|███████▍  | 65/88 [00:18<00:06,  3.65it/s, loss=0.262]
  epoch 3/3:  75%|███████▌  | 66/88 [00:18<00:06,  3.66it/s, loss=0.262]
  epoch 3/3:  75%|███████▌  | 66/88 [00:18<00:06,  3.66it/s, loss=0.262]
  epoch 3/3:  76%|███████▌  | 67/88 [00:18<00:05,  3.66it/s, loss=0.262]
  epoch 3/3:  76%|███████▌  | 67/88 [00:19<00:05,  3.66it/s, loss=0.260]
  epoch 3/3:  77%|███████▋  | 68/88 [00:19<00:05,  3.66it/s, loss=0.260]
  epoch 3/3:  77%|███████▋  | 68/88 [00:19<00:05,  3.66it/s, loss=0.258]
  epoch 3/3:  78%|███████▊  | 69/88 [00:19<00:05,  3.66it/s, loss=0.258]
  epoch 3/3:  78%|███████▊  | 69/88 [00:19<00:05,  3.66it/s, loss=0.256]
  epoch 3/3:  80%|███████▉  | 70/88 [00:19<00:04,  3.66it/s, loss=0.256]
  epoch 3/3:  80%|███████▉  | 70/88 [00:19<00:04,  3.66it/s, loss=0.255]
  epoch 3/3:  81%|████████  | 71/88 [00:19<00:04,  3.66it/s, loss=0.255]
  epoch 3/3:  81%|████████  | 71/88 [00:20<00:04,  3.66it/s, loss=0.253]
  epoch 3/3:  82%|████████▏ | 72/88 [00:20<00:04,  3.61it/s, loss=0.253]
  epoch 3/3:  82%|████████▏ | 72/88 [00:20<00:04,  3.61it/s, loss=0.252]
  epoch 3/3:  83%|████████▎ | 73/88 [00:20<00:04,  3.63it/s, loss=0.252]
  epoch 3/3:  83%|████████▎ | 73/88 [00:20<00:04,  3.63it/s, loss=0.252]
  epoch 3/3:  84%|████████▍ | 74/88 [00:20<00:03,  3.67it/s, loss=0.252]
  epoch 3/3:  84%|████████▍ | 74/88 [00:21<00:03,  3.67it/s, loss=0.251]
  epoch 3/3:  85%|████████▌ | 75/88 [00:21<00:03,  3.67it/s, loss=0.251]
  epoch 3/3:  85%|████████▌ | 75/88 [00:21<00:03,  3.67it/s, loss=0.249]
  epoch 3/3:  86%|████████▋ | 76/88 [00:21<00:03,  3.67it/s, loss=0.249]
  epoch 3/3:  86%|████████▋ | 76/88 [00:21<00:03,  3.67it/s, loss=0.248]
  epoch 3/3:  88%|████████▊ | 77/88 [00:21<00:02,  3.70it/s, loss=0.248]
  epoch 3/3:  88%|████████▊ | 77/88 [00:21<00:02,  3.70it/s, loss=0.249]
  epoch 3/3:  89%|████████▊ | 78/88 [00:21<00:02,  3.69it/s, loss=0.249]
  epoch 3/3:  89%|████████▊ | 78/88 [00:22<00:02,  3.69it/s, loss=0.248]
  epoch 3/3:  90%|████████▉ | 79/88 [00:22<00:02,  3.70it/s, loss=0.248]
  epoch 3/3:  90%|████████▉ | 79/88 [00:22<00:02,  3.70it/s, loss=0.247]
  epoch 3/3:  91%|█████████ | 80/88 [00:22<00:02,  3.71it/s, loss=0.247]
  epoch 3/3:  91%|█████████ | 80/88 [00:22<00:02,  3.71it/s, loss=0.246]
  epoch 3/3:  92%|█████████▏| 81/88 [00:22<00:01,  3.70it/s, loss=0.246]
  epoch 3/3:  92%|█████████▏| 81/88 [00:22<00:01,  3.70it/s, loss=0.246]
  epoch 3/3:  93%|█████████▎| 82/88 [00:22<00:01,  3.68it/s, loss=0.246]
  epoch 3/3:  93%|█████████▎| 82/88 [00:23<00:01,  3.68it/s, loss=0.245]
  epoch 3/3:  94%|█████████▍| 83/88 [00:23<00:01,  3.71it/s, loss=0.245]
  epoch 3/3:  94%|█████████▍| 83/88 [00:23<00:01,  3.71it/s, loss=0.244]
  epoch 3/3:  95%|█████████▌| 84/88 [00:23<00:01,  3.71it/s, loss=0.244]
  epoch 3/3:  95%|█████████▌| 84/88 [00:23<00:01,  3.71it/s, loss=0.243]
  epoch 3/3:  97%|█████████▋| 85/88 [00:23<00:00,  3.69it/s, loss=0.243]
  epoch 3/3:  97%|█████████▋| 85/88 [00:24<00:00,  3.69it/s, loss=0.243]
  epoch 3/3:  98%|█████████▊| 86/88 [00:24<00:00,  3.71it/s, loss=0.243]
  epoch 3/3:  98%|█████████▊| 86/88 [00:24<00:00,  3.71it/s, loss=0.241]
  epoch 3/3:  99%|█████████▉| 87/88 [00:24<00:00,  3.70it/s, loss=0.241]
  epoch 3/3:  99%|█████████▉| 87/88 [00:24<00:00,  3.70it/s, loss=0.240]
  epoch 3/3: 100%|██████████| 88/88 [00:24<00:00,  3.98it/s, loss=0.240]
                                                                        
[titans] reset=never | norm(state) sau task = 70.9555
[titans]   self-mod v:β=0.93 |W|=2.78
[titans]   eta_t(avg)=-11.7856  alpha_t/forget-gate(avg)=1.0000
[task 5] test acc so far: 0.814  0.789  0.797  0.600  0.489  0.280
[task 5] NCM-online acc so far: 0.571  0.609  0.669  0.706  0.820  0.760
[task 5] NCM-posthoc acc so far: 0.737  0.823  0.783  0.737  0.734  0.734
[checkpoint] đã lưu tiến độ sau task 5
[task 6] classes=[1, 6, 35, 39, 43] | train=2800

  epoch 1/3:   0%|          | 0/88 [00:00<?, ?it/s]
  epoch 1/3:   0%|          | 0/88 [00:00<?, ?it/s, loss=1.765]
  epoch 1/3:   1%|          | 1/88 [00:00<00:50,  1.73it/s, loss=1.765]
  epoch 1/3:   1%|          | 1/88 [00:00<00:50,  1.73it/s, loss=1.839]
  epoch 1/3:   2%|▏         | 2/88 [00:00<00:33,  2.54it/s, loss=1.839]
  epoch 1/3:   2%|▏         | 2/88 [00:01<00:33,  2.54it/s, loss=1.854]
  epoch 1/3:   3%|▎         | 3/88 [00:01<00:28,  2.94it/s, loss=1.854]
  epoch 1/3:   3%|▎         | 3/88 [00:01<00:28,  2.94it/s, loss=1.834]
  epoch 1/3:   5%|▍         | 4/88 [00:01<00:26,  3.19it/s, loss=1.834]
  epoch 1/3:   5%|▍         | 4/88 [00:01<00:26,  3.19it/s, loss=1.834]
  epoch 1/3:   6%|▌         | 5/88 [00:01<00:24,  3.34it/s, loss=1.834]
  epoch 1/3:   6%|▌         | 5/88 [00:01<00:24,  3.34it/s, loss=1.825]
  epoch 1/3:   7%|▋         | 6/88 [00:01<00:23,  3.45it/s, loss=1.825]
  epoch 1/3:   7%|▋         | 6/88 [00:02<00:23,  3.45it/s, loss=1.828]
  epoch 1/3:   8%|▊         | 7/88 [00:02<00:23,  3.49it/s, loss=1.828]
  epoch 1/3:   8%|▊         | 7/88 [00:02<00:23,  3.49it/s, loss=1.816]
  epoch 1/3:   9%|▉         | 8/88 [00:02<00:22,  3.55it/s, loss=1.816]
  epoch 1/3:   9%|▉         | 8/88 [00:02<00:22,  3.55it/s, loss=1.811]
  epoch 1/3:  10%|█         | 9/88 [00:02<00:22,  3.58it/s, loss=1.811]
  epoch 1/3:  10%|█         | 9/88 [00:03<00:22,  3.58it/s, loss=1.803]
  epoch 1/3:  11%|█▏        | 10/88 [00:03<00:21,  3.61it/s, loss=1.803]
  epoch 1/3:  11%|█▏        | 10/88 [00:03<00:21,  3.61it/s, loss=1.800]
  epoch 1/3:  12%|█▎        | 11/88 [00:03<00:21,  3.61it/s, loss=1.800]
  epoch 1/3:  12%|█▎        | 11/88 [00:03<00:21,  3.61it/s, loss=1.795]
  epoch 1/3:  14%|█▎        | 12/88 [00:03<00:20,  3.63it/s, loss=1.795]
  epoch 1/3:  14%|█▎        | 12/88 [00:03<00:20,  3.63it/s, loss=1.807]
  epoch 1/3:  15%|█▍        | 13/88 [00:03<00:20,  3.64it/s, loss=1.807]
  epoch 1/3:  15%|█▍        | 13/88 [00:04<00:20,  3.64it/s, loss=1.803]
  epoch 1/3:  16%|█▌        | 14/88 [00:04<00:20,  3.63it/s, loss=1.803]
  epoch 1/3:  16%|█▌        | 14/88 [00:04<00:20,  3.63it/s, loss=1.799]
  epoch 1/3:  17%|█▋        | 15/88 [00:04<00:20,  3.64it/s, loss=1.799]
  epoch 1/3:  17%|█▋        | 15/88 [00:04<00:20,  3.64it/s, loss=1.777]
  epoch 1/3:  18%|█▊        | 16/88 [00:04<00:20,  3.59it/s, loss=1.777]
  epoch 1/3:  18%|█▊        | 16/88 [00:04<00:20,  3.59it/s, loss=1.770]
  epoch 1/3:  19%|█▉        | 17/88 [00:04<00:19,  3.62it/s, loss=1.770]
  epoch 1/3:  19%|█▉        | 17/88 [00:05<00:19,  3.62it/s, loss=1.753]
  epoch 1/3:  20%|██        | 18/88 [00:05<00:19,  3.61it/s, loss=1.753]
  epoch 1/3:  20%|██        | 18/88 [00:05<00:19,  3.61it/s, loss=1.748]
  epoch 1/3:  22%|██▏       | 19/88 [00:05<00:18,  3.64it/s, loss=1.748]
  epoch 1/3:  22%|██▏       | 19/88 [00:05<00:18,  3.64it/s, loss=1.738]
  epoch 1/3:  23%|██▎       | 20/88 [00:05<00:18,  3.64it/s, loss=1.738]
  epoch 1/3:  23%|██▎       | 20/88 [00:06<00:18,  3.64it/s, loss=1.726]
  epoch 1/3:  24%|██▍       | 21/88 [00:06<00:18,  3.64it/s, loss=1.726]
  epoch 1/3:  24%|██▍       | 21/88 [00:06<00:18,  3.64it/s, loss=1.710]
  epoch 1/3:  25%|██▌       | 22/88 [00:06<00:18,  3.64it/s, loss=1.710]
  epoch 1/3:  25%|██▌       | 22/88 [00:06<00:18,  3.64it/s, loss=1.703]
  epoch 1/3:  26%|██▌       | 23/88 [00:06<00:17,  3.66it/s, loss=1.703]
  epoch 1/3:  26%|██▌       | 23/88 [00:06<00:17,  3.66it/s, loss=1.696]
  epoch 1/3:  27%|██▋       | 24/88 [00:06<00:17,  3.65it/s, loss=1.696]
  epoch 1/3:  27%|██▋       | 24/88 [00:07<00:17,  3.65it/s, loss=1.686]
  epoch 1/3:  28%|██▊       | 25/88 [00:07<00:17,  3.66it/s, loss=1.686]
  epoch 1/3:  28%|██▊       | 25/88 [00:07<00:17,  3.66it/s, loss=1.680]
  epoch 1/3:  30%|██▉       | 26/88 [00:07<00:16,  3.65it/s, loss=1.680]
  epoch 1/3:  30%|██▉       | 26/88 [00:07<00:16,  3.65it/s, loss=1.674]
  epoch 1/3:  31%|███       | 27/88 [00:07<00:16,  3.66it/s, loss=1.674]
  epoch 1/3:  31%|███       | 27/88 [00:07<00:16,  3.66it/s, loss=1.668]
  epoch 1/3:  32%|███▏      | 28/88 [00:07<00:16,  3.65it/s, loss=1.668]
  epoch 1/3:  32%|███▏      | 28/88 [00:08<00:16,  3.65it/s, loss=1.659]
  epoch 1/3:  33%|███▎      | 29/88 [00:08<00:16,  3.66it/s, loss=1.659]
  epoch 1/3:  33%|███▎      | 29/88 [00:08<00:16,  3.66it/s, loss=1.651]
  epoch 1/3:  34%|███▍      | 30/88 [00:08<00:15,  3.64it/s, loss=1.651]
  epoch 1/3:  34%|███▍      | 30/88 [00:08<00:15,  3.64it/s, loss=1.640]
  epoch 1/3:  35%|███▌      | 31/88 [00:08<00:15,  3.65it/s, loss=1.640]
  epoch 1/3:  35%|███▌      | 31/88 [00:09<00:15,  3.65it/s, loss=1.631]
  epoch 1/3:  36%|███▋      | 32/88 [00:09<00:15,  3.58it/s, loss=1.631]
  epoch 1/3:  36%|███▋      | 32/88 [00:09<00:15,  3.58it/s, loss=1.622]
  epoch 1/3:  38%|███▊      | 33/88 [00:09<00:15,  3.60it/s, loss=1.622]
  epoch 1/3:  38%|███▊      | 33/88 [00:09<00:15,  3.60it/s, loss=1.616]
  epoch 1/3:  39%|███▊      | 34/88 [00:09<00:14,  3.61it/s, loss=1.616]
  epoch 1/3:  39%|███▊      | 34/88 [00:09<00:14,  3.61it/s, loss=1.607]
  epoch 1/3:  40%|███▉      | 35/88 [00:09<00:14,  3.63it/s, loss=1.607]
  epoch 1/3:  40%|███▉      | 35/88 [00:10<00:14,  3.63it/s, loss=1.600]
  epoch 1/3:  41%|████      | 36/88 [00:10<00:14,  3.63it/s, loss=1.600]
  epoch 1/3:  41%|████      | 36/88 [00:10<00:14,  3.63it/s, loss=1.586]
  epoch 1/3:  42%|████▏     | 37/88 [00:10<00:13,  3.65it/s, loss=1.586]
  epoch 1/3:  42%|████▏     | 37/88 [00:10<00:13,  3.65it/s, loss=1.576]
  epoch 1/3:  43%|████▎     | 38/88 [00:10<00:13,  3.64it/s, loss=1.576]
  epoch 1/3:  43%|████▎     | 38/88 [00:11<00:13,  3.64it/s, loss=1.568]
  epoch 1/3:  44%|████▍     | 39/88 [00:11<00:13,  3.65it/s, loss=1.568]
  epoch 1/3:  44%|████▍     | 39/88 [00:11<00:13,  3.65it/s, loss=1.557]
  epoch 1/3:  45%|████▌     | 40/88 [00:11<00:13,  3.64it/s, loss=1.557]
  epoch 1/3:  45%|████▌     | 40/88 [00:11<00:13,  3.64it/s, loss=1.555]
  epoch 1/3:  47%|████▋     | 41/88 [00:11<00:12,  3.65it/s, loss=1.555]
  epoch 1/3:  47%|████▋     | 41/88 [00:11<00:12,  3.65it/s, loss=1.547]
  epoch 1/3:  48%|████▊     | 42/88 [00:11<00:12,  3.64it/s, loss=1.547]
  epoch 1/3:  48%|████▊     | 42/88 [00:12<00:12,  3.64it/s, loss=1.536]
  epoch 1/3:  49%|████▉     | 43/88 [00:12<00:12,  3.66it/s, loss=1.536]
  epoch 1/3:  49%|████▉     | 43/88 [00:12<00:12,  3.66it/s, loss=1.525]
  epoch 1/3:  50%|█████     | 44/88 [00:12<00:12,  3.65it/s, loss=1.525]
  epoch 1/3:  50%|█████     | 44/88 [00:12<00:12,  3.65it/s, loss=1.517]
  epoch 1/3:  51%|█████     | 45/88 [00:12<00:11,  3.65it/s, loss=1.517]
  epoch 1/3:  51%|█████     | 45/88 [00:12<00:11,  3.65it/s, loss=1.512]
  epoch 1/3:  52%|█████▏    | 46/88 [00:12<00:11,  3.63it/s, loss=1.512]
  epoch 1/3:  52%|█████▏    | 46/88 [00:13<00:11,  3.63it/s, loss=1.503]
  epoch 1/3:  53%|█████▎    | 47/88 [00:13<00:11,  3.62it/s, loss=1.503]
  epoch 1/3:  53%|█████▎    | 47/88 [00:13<00:11,  3.62it/s, loss=1.497]
  epoch 1/3:  55%|█████▍    | 48/88 [00:13<00:11,  3.59it/s, loss=1.497]
  epoch 1/3:  55%|█████▍    | 48/88 [00:13<00:11,  3.59it/s, loss=1.491]
  epoch 1/3:  56%|█████▌    | 49/88 [00:13<00:10,  3.61it/s, loss=1.491]
  epoch 1/3:  56%|█████▌    | 49/88 [00:14<00:10,  3.61it/s, loss=1.485]
  epoch 1/3:  57%|█████▋    | 50/88 [00:14<00:10,  3.62it/s, loss=1.485]
  epoch 1/3:  57%|█████▋    | 50/88 [00:14<00:10,  3.62it/s, loss=1.476]
  epoch 1/3:  58%|█████▊    | 51/88 [00:14<00:10,  3.64it/s, loss=1.476]
  epoch 1/3:  58%|█████▊    | 51/88 [00:14<00:10,  3.64it/s, loss=1.466]
  epoch 1/3:  59%|█████▉    | 52/88 [00:14<00:09,  3.64it/s, loss=1.466]
  epoch 1/3:  59%|█████▉    | 52/88 [00:14<00:09,  3.64it/s, loss=1.458]
  epoch 1/3:  60%|██████    | 53/88 [00:14<00:09,  3.65it/s, loss=1.458]
  epoch 1/3:  60%|██████    | 53/88 [00:15<00:09,  3.65it/s, loss=1.449]
  epoch 1/3:  61%|██████▏   | 54/88 [00:15<00:09,  3.64it/s, loss=1.449]
  epoch 1/3:  61%|██████▏   | 54/88 [00:15<00:09,  3.64it/s, loss=1.441]
  epoch 1/3:  62%|██████▎   | 55/88 [00:15<00:09,  3.65it/s, loss=1.441]
  epoch 1/3:  62%|██████▎   | 55/88 [00:15<00:09,  3.65it/s, loss=1.435]
  epoch 1/3:  64%|██████▎   | 56/88 [00:15<00:08,  3.63it/s, loss=1.435]
  epoch 1/3:  64%|██████▎   | 56/88 [00:15<00:08,  3.63it/s, loss=1.427]
  epoch 1/3:  65%|██████▍   | 57/88 [00:15<00:08,  3.62it/s, loss=1.427]
  epoch 1/3:  65%|██████▍   | 57/88 [00:16<00:08,  3.62it/s, loss=1.419]
  epoch 1/3:  66%|██████▌   | 58/88 [00:16<00:08,  3.63it/s, loss=1.419]
  epoch 1/3:  66%|██████▌   | 58/88 [00:16<00:08,  3.63it/s, loss=1.413]
  epoch 1/3:  67%|██████▋   | 59/88 [00:16<00:08,  3.61it/s, loss=1.413]
  epoch 1/3:  67%|██████▋   | 59/88 [00:16<00:08,  3.61it/s, loss=1.407]
  epoch 1/3:  68%|██████▊   | 60/88 [00:16<00:07,  3.60it/s, loss=1.407]
  epoch 1/3:  68%|██████▊   | 60/88 [00:17<00:07,  3.60it/s, loss=1.397]
  epoch 1/3:  69%|██████▉   | 61/88 [00:17<00:07,  3.59it/s, loss=1.397]
  epoch 1/3:  69%|██████▉   | 61/88 [00:17<00:07,  3.59it/s, loss=1.391]
  epoch 1/3:  70%|███████   | 62/88 [00:17<00:07,  3.62it/s, loss=1.391]
  epoch 1/3:  70%|███████   | 62/88 [00:17<00:07,  3.62it/s, loss=1.381]
  epoch 1/3:  72%|███████▏  | 63/88 [00:17<00:06,  3.61it/s, loss=1.381]
  epoch 1/3:  72%|███████▏  | 63/88 [00:17<00:06,  3.61it/s, loss=1.373]
  epoch 1/3:  73%|███████▎  | 64/88 [00:17<00:06,  3.56it/s, loss=1.373]
  epoch 1/3:  73%|███████▎  | 64/88 [00:18<00:06,  3.56it/s, loss=1.366]
  epoch 1/3:  74%|███████▍  | 65/88 [00:18<00:06,  3.58it/s, loss=1.366]
  epoch 1/3:  74%|███████▍  | 65/88 [00:18<00:06,  3.58it/s, loss=1.360]
  epoch 1/3:  75%|███████▌  | 66/88 [00:18<00:06,  3.60it/s, loss=1.360]
  epoch 1/3:  75%|███████▌  | 66/88 [00:18<00:06,  3.60it/s, loss=1.352]
  epoch 1/3:  76%|███████▌  | 67/88 [00:18<00:05,  3.59it/s, loss=1.352]
  epoch 1/3:  76%|███████▌  | 67/88 [00:19<00:05,  3.59it/s, loss=1.345]
  epoch 1/3:  77%|███████▋  | 68/88 [00:19<00:05,  3.59it/s, loss=1.345]
  epoch 1/3:  77%|███████▋  | 68/88 [00:19<00:05,  3.59it/s, loss=1.337]
  epoch 1/3:  78%|███████▊  | 69/88 [00:19<00:05,  3.58it/s, loss=1.337]
  epoch 1/3:  78%|███████▊  | 69/88 [00:19<00:05,  3.58it/s, loss=1.331]
  epoch 1/3:  80%|███████▉  | 70/88 [00:19<00:04,  3.61it/s, loss=1.331]
  epoch 1/3:  80%|███████▉  | 70/88 [00:19<00:04,  3.61it/s, loss=1.324]
  epoch 1/3:  81%|████████  | 71/88 [00:19<00:04,  3.60it/s, loss=1.324]
  epoch 1/3:  81%|████████  | 71/88 [00:20<00:04,  3.60it/s, loss=1.321]
  epoch 1/3:  82%|████████▏ | 72/88 [00:20<00:04,  3.60it/s, loss=1.321]
  epoch 1/3:  82%|████████▏ | 72/88 [00:20<00:04,  3.60it/s, loss=1.316]
  epoch 1/3:  83%|████████▎ | 73/88 [00:20<00:04,  3.62it/s, loss=1.316]
  epoch 1/3:  83%|████████▎ | 73/88 [00:20<00:04,  3.62it/s, loss=1.308]
  epoch 1/3:  84%|████████▍ | 74/88 [00:20<00:03,  3.60it/s, loss=1.308]
  epoch 1/3:  84%|████████▍ | 74/88 [00:20<00:03,  3.60it/s, loss=1.301]
  epoch 1/3:  85%|████████▌ | 75/88 [00:20<00:03,  3.60it/s, loss=1.301]
  epoch 1/3:  85%|████████▌ | 75/88 [00:21<00:03,  3.60it/s, loss=1.295]
  epoch 1/3:  86%|████████▋ | 76/88 [00:21<00:03,  3.62it/s, loss=1.295]
  epoch 1/3:  86%|████████▋ | 76/88 [00:21<00:03,  3.62it/s, loss=1.288]
  epoch 1/3:  88%|████████▊ | 77/88 [00:21<00:03,  3.62it/s, loss=1.288]
  epoch 1/3:  88%|████████▊ | 77/88 [00:21<00:03,  3.62it/s, loss=1.283]
  epoch 1/3:  89%|████████▊ | 78/88 [00:21<00:02,  3.61it/s, loss=1.283]
  epoch 1/3:  89%|████████▊ | 78/88 [00:22<00:02,  3.61it/s, loss=1.277]
  epoch 1/3:  90%|████████▉ | 79/88 [00:22<00:02,  3.62it/s, loss=1.277]
  epoch 1/3:  90%|████████▉ | 79/88 [00:22<00:02,  3.62it/s, loss=1.270]
  epoch 1/3:  91%|█████████ | 80/88 [00:22<00:02,  3.54it/s, loss=1.270]
  epoch 1/3:  91%|█████████ | 80/88 [00:22<00:02,  3.54it/s, loss=1.262]
  epoch 1/3:  92%|█████████▏| 81/88 [00:22<00:01,  3.58it/s, loss=1.262]
  epoch 1/3:  92%|█████████▏| 81/88 [00:22<00:01,  3.58it/s, loss=1.254]
  epoch 1/3:  93%|█████████▎| 82/88 [00:22<00:01,  3.58it/s, loss=1.254]
  epoch 1/3:  93%|█████████▎| 82/88 [00:23<00:01,  3.58it/s, loss=1.250]
  epoch 1/3:  94%|█████████▍| 83/88 [00:23<00:01,  3.58it/s, loss=1.250]
  epoch 1/3:  94%|█████████▍| 83/88 [00:23<00:01,  3.58it/s, loss=1.244]
  epoch 1/3:  95%|█████████▌| 84/88 [00:23<00:01,  3.61it/s, loss=1.244]
  epoch 1/3:  95%|█████████▌| 84/88 [00:23<00:01,  3.61it/s, loss=1.238]
  epoch 1/3:  97%|█████████▋| 85/88 [00:23<00:00,  3.61it/s, loss=1.238]
  epoch 1/3:  97%|█████████▋| 85/88 [00:24<00:00,  3.61it/s, loss=1.231]
  epoch 1/3:  98%|█████████▊| 86/88 [00:24<00:00,  3.60it/s, loss=1.231]
  epoch 1/3:  98%|█████████▊| 86/88 [00:24<00:00,  3.60it/s, loss=1.224]
  epoch 1/3:  99%|█████████▉| 87/88 [00:24<00:00,  3.62it/s, loss=1.224]
  epoch 1/3:  99%|█████████▉| 87/88 [00:24<00:00,  3.62it/s, loss=1.222]
  epoch 1/3: 100%|██████████| 88/88 [00:24<00:00,  3.95it/s, loss=1.222]
                                                                        

  epoch 2/3:   0%|          | 0/88 [00:00<?, ?it/s]
  epoch 2/3:   0%|          | 0/88 [00:00<?, ?it/s, loss=0.695]
  epoch 2/3:   1%|          | 1/88 [00:00<00:47,  1.84it/s, loss=0.695]
  epoch 2/3:   1%|          | 1/88 [00:00<00:47,  1.84it/s, loss=0.676]
  epoch 2/3:   2%|▏         | 2/88 [00:00<00:33,  2.60it/s, loss=0.676]
  epoch 2/3:   2%|▏         | 2/88 [00:01<00:33,  2.60it/s, loss=0.650]
  epoch 2/3:   3%|▎         | 3/88 [00:01<00:28,  2.98it/s, loss=0.650]
  epoch 2/3:   3%|▎         | 3/88 [00:01<00:28,  2.98it/s, loss=0.669]
  epoch 2/3:   5%|▍         | 4/88 [00:01<00:26,  3.21it/s, loss=0.669]
  epoch 2/3:   5%|▍         | 4/88 [00:01<00:26,  3.21it/s, loss=0.661]
  epoch 2/3:   6%|▌         | 5/88 [00:01<00:24,  3.34it/s, loss=0.661]
  epoch 2/3:   6%|▌         | 5/88 [00:01<00:24,  3.34it/s, loss=0.660]
  epoch 2/3:   7%|▋         | 6/88 [00:01<00:23,  3.42it/s, loss=0.660]
  epoch 2/3:   7%|▋         | 6/88 [00:02<00:23,  3.42it/s, loss=0.669]
  epoch 2/3:   8%|▊         | 7/88 [00:02<00:23,  3.49it/s, loss=0.669]
  epoch 2/3:   8%|▊         | 7/88 [00:02<00:23,  3.49it/s, loss=0.645]
  epoch 2/3:   9%|▉         | 8/88 [00:02<00:23,  3.47it/s, loss=0.645]
  epoch 2/3:   9%|▉         | 8/88 [00:02<00:23,  3.47it/s, loss=0.639]
  epoch 2/3:  10%|█         | 9/88 [00:02<00:22,  3.53it/s, loss=0.639]
  epoch 2/3:  10%|█         | 9/88 [00:03<00:22,  3.53it/s, loss=0.640]
  epoch 2/3:  11%|█▏        | 10/88 [00:03<00:22,  3.54it/s, loss=0.640]
  epoch 2/3:  11%|█▏        | 10/88 [00:03<00:22,  3.54it/s, loss=0.632]
  epoch 2/3:  12%|█▎        | 11/88 [00:03<00:21,  3.55it/s, loss=0.632]
  epoch 2/3:  12%|█▎        | 11/88 [00:03<00:21,  3.55it/s, loss=0.628]
  epoch 2/3:  14%|█▎        | 12/88 [00:03<00:21,  3.56it/s, loss=0.628]
  epoch 2/3:  14%|█▎        | 12/88 [00:03<00:21,  3.56it/s, loss=0.627]
  epoch 2/3:  15%|█▍        | 13/88 [00:03<00:20,  3.58it/s, loss=0.627]
  epoch 2/3:  15%|█▍        | 13/88 [00:04<00:20,  3.58it/s, loss=0.624]
  epoch 2/3:  16%|█▌        | 14/88 [00:04<00:20,  3.58it/s, loss=0.624]
  epoch 2/3:  16%|█▌        | 14/88 [00:04<00:20,  3.58it/s, loss=0.621]
  epoch 2/3:  17%|█▋        | 15/88 [00:04<00:20,  3.57it/s, loss=0.621]
  epoch 2/3:  17%|█▋        | 15/88 [00:04<00:20,  3.57it/s, loss=0.627]
  epoch 2/3:  18%|█▊        | 16/88 [00:04<00:20,  3.58it/s, loss=0.627]
  epoch 2/3:  18%|█▊        | 16/88 [00:04<00:20,  3.58it/s, loss=0.620]
  epoch 2/3:  19%|█▉        | 17/88 [00:04<00:19,  3.61it/s, loss=0.620]
  epoch 2/3:  19%|█▉        | 17/88 [00:05<00:19,  3.61it/s, loss=0.609]
  epoch 2/3:  20%|██        | 18/88 [00:05<00:19,  3.59it/s, loss=0.609]
  epoch 2/3:  20%|██        | 18/88 [00:05<00:19,  3.59it/s, loss=0.598]
  epoch 2/3:  22%|██▏       | 19/88 [00:05<00:19,  3.59it/s, loss=0.598]
  epoch 2/3:  22%|██▏       | 19/88 [00:05<00:19,  3.59it/s, loss=0.600]
  epoch 2/3:  23%|██▎       | 20/88 [00:05<00:18,  3.58it/s, loss=0.600]
  epoch 2/3:  23%|██▎       | 20/88 [00:06<00:18,  3.58it/s, loss=0.599]
  epoch 2/3:  24%|██▍       | 21/88 [00:06<00:18,  3.60it/s, loss=0.599]
  epoch 2/3:  24%|██▍       | 21/88 [00:06<00:18,  3.60it/s, loss=0.596]
  epoch 2/3:  25%|██▌       | 22/88 [00:06<00:18,  3.59it/s, loss=0.596]
  epoch 2/3:  25%|██▌       | 22/88 [00:06<00:18,  3.59it/s, loss=0.592]
  epoch 2/3:  26%|██▌       | 23/88 [00:06<00:18,  3.58it/s, loss=0.592]
  epoch 2/3:  26%|██▌       | 23/88 [00:06<00:18,  3.58it/s, loss=0.589]
  epoch 2/3:  27%|██▋       | 24/88 [00:06<00:18,  3.54it/s, loss=0.589]
  epoch 2/3:  27%|██▋       | 24/88 [00:07<00:18,  3.54it/s, loss=0.585]
  epoch 2/3:  28%|██▊       | 25/88 [00:07<00:17,  3.57it/s, loss=0.585]
  epoch 2/3:  28%|██▊       | 25/88 [00:07<00:17,  3.57it/s, loss=0.582]
  epoch 2/3:  30%|██▉       | 26/88 [00:07<00:17,  3.57it/s, loss=0.582]
  epoch 2/3:  30%|██▉       | 26/88 [00:07<00:17,  3.57it/s, loss=0.578]
  epoch 2/3:  31%|███       | 27/88 [00:07<00:16,  3.59it/s, loss=0.578]
  epoch 2/3:  31%|███       | 27/88 [00:08<00:16,  3.59it/s, loss=0.577]
  epoch 2/3:  32%|███▏      | 28/88 [00:08<00:16,  3.58it/s, loss=0.577]
  epoch 2/3:  32%|███▏      | 28/88 [00:08<00:16,  3.58it/s, loss=0.578]
  epoch 2/3:  33%|███▎      | 29/88 [00:08<00:16,  3.60it/s, loss=0.578]
  epoch 2/3:  33%|███▎      | 29/88 [00:08<00:16,  3.60it/s, loss=0.573]
  epoch 2/3:  34%|███▍      | 30/88 [00:08<00:16,  3.61it/s, loss=0.573]
  epoch 2/3:  34%|███▍      | 30/88 [00:08<00:16,  3.61it/s, loss=0.566]
  epoch 2/3:  35%|███▌      | 31/88 [00:08<00:15,  3.61it/s, loss=0.566]
  epoch 2/3:  35%|███▌      | 31/88 [00:09<00:15,  3.61it/s, loss=0.565]
  epoch 2/3:  36%|███▋      | 32/88 [00:09<00:15,  3.62it/s, loss=0.565]
  epoch 2/3:  36%|███▋      | 32/88 [00:09<00:15,  3.62it/s, loss=0.564]
  epoch 2/3:  38%|███▊      | 33/88 [00:09<00:15,  3.61it/s, loss=0.564]
  epoch 2/3:  38%|███▊      | 33/88 [00:09<00:15,  3.61it/s, loss=0.557]
  epoch 2/3:  39%|███▊      | 34/88 [00:09<00:14,  3.61it/s, loss=0.557]
  epoch 2/3:  39%|███▊      | 34/88 [00:09<00:14,  3.61it/s, loss=0.555]
  epoch 2/3:  40%|███▉      | 35/88 [00:09<00:14,  3.64it/s, loss=0.555]
  epoch 2/3:  40%|███▉      | 35/88 [00:10<00:14,  3.64it/s, loss=0.552]
  epoch 2/3:  41%|████      | 36/88 [00:10<00:14,  3.62it/s, loss=0.552]
  epoch 2/3:  41%|████      | 36/88 [00:10<00:14,  3.62it/s, loss=0.548]
  epoch 2/3:  42%|████▏     | 37/88 [00:10<00:14,  3.61it/s, loss=0.548]
  epoch 2/3:  42%|████▏     | 37/88 [00:10<00:14,  3.61it/s, loss=0.546]
  epoch 2/3:  43%|████▎     | 38/88 [00:10<00:13,  3.63it/s, loss=0.546]
  epoch 2/3:  43%|████▎     | 38/88 [00:11<00:13,  3.63it/s, loss=0.542]
  epoch 2/3:  44%|████▍     | 39/88 [00:11<00:13,  3.62it/s, loss=0.542]
  epoch 2/3:  44%|████▍     | 39/88 [00:11<00:13,  3.62it/s, loss=0.542]
  epoch 2/3:  45%|████▌     | 40/88 [00:11<00:13,  3.59it/s, loss=0.542]
  epoch 2/3:  45%|████▌     | 40/88 [00:11<00:13,  3.59it/s, loss=0.537]
  epoch 2/3:  47%|████▋     | 41/88 [00:11<00:12,  3.62it/s, loss=0.537]
  epoch 2/3:  47%|████▋     | 41/88 [00:11<00:12,  3.62it/s, loss=0.534]
  epoch 2/3:  48%|████▊     | 42/88 [00:11<00:12,  3.60it/s, loss=0.534]
  epoch 2/3:  48%|████▊     | 42/88 [00:12<00:12,  3.60it/s, loss=0.532]
  epoch 2/3:  49%|████▉     | 43/88 [00:12<00:12,  3.60it/s, loss=0.532]
  epoch 2/3:  49%|████▉     | 43/88 [00:12<00:12,  3.60it/s, loss=0.529]
  epoch 2/3:  50%|█████     | 44/88 [00:12<00:12,  3.63it/s, loss=0.529]
  epoch 2/3:  50%|█████     | 44/88 [00:12<00:12,  3.63it/s, loss=0.528]
  epoch 2/3:  51%|█████     | 45/88 [00:12<00:11,  3.63it/s, loss=0.528]
  epoch 2/3:  51%|█████     | 45/88 [00:13<00:11,  3.63it/s, loss=0.526]
  epoch 2/3:  52%|█████▏    | 46/88 [00:13<00:11,  3.65it/s, loss=0.526]
  epoch 2/3:  52%|█████▏    | 46/88 [00:13<00:11,  3.65it/s, loss=0.521]
  epoch 2/3:  53%|█████▎    | 47/88 [00:13<00:11,  3.62it/s, loss=0.521]
  epoch 2/3:  53%|█████▎    | 47/88 [00:13<00:11,  3.62it/s, loss=0.518]
  epoch 2/3:  55%|█████▍    | 48/88 [00:13<00:11,  3.62it/s, loss=0.518]
  epoch 2/3:  55%|█████▍    | 48/88 [00:13<00:11,  3.62it/s, loss=0.516]
  epoch 2/3:  56%|█████▌    | 49/88 [00:13<00:10,  3.64it/s, loss=0.516]
  epoch 2/3:  56%|█████▌    | 49/88 [00:14<00:10,  3.64it/s, loss=0.511]
  epoch 2/3:  57%|█████▋    | 50/88 [00:14<00:10,  3.63it/s, loss=0.511]
  epoch 2/3:  57%|█████▋    | 50/88 [00:14<00:10,  3.63it/s, loss=0.509]
  epoch 2/3:  58%|█████▊    | 51/88 [00:14<00:10,  3.65it/s, loss=0.509]
  epoch 2/3:  58%|█████▊    | 51/88 [00:14<00:10,  3.65it/s, loss=0.505]
  epoch 2/3:  59%|█████▉    | 52/88 [00:14<00:09,  3.64it/s, loss=0.505]
  epoch 2/3:  59%|█████▉    | 52/88 [00:14<00:09,  3.64it/s, loss=0.501]
  epoch 2/3:  60%|██████    | 53/88 [00:14<00:09,  3.66it/s, loss=0.501]
  epoch 2/3:  60%|██████    | 53/88 [00:15<00:09,  3.66it/s, loss=0.497]
  epoch 2/3:  61%|██████▏   | 54/88 [00:15<00:09,  3.65it/s, loss=0.497]
  epoch 2/3:  61%|██████▏   | 54/88 [00:15<00:09,  3.65it/s, loss=0.493]
  epoch 2/3:  62%|██████▎   | 55/88 [00:15<00:09,  3.66it/s, loss=0.493]
  epoch 2/3:  62%|██████▎   | 55/88 [00:15<00:09,  3.66it/s, loss=0.490]
  epoch 2/3:  64%|██████▎   | 56/88 [00:15<00:08,  3.60it/s, loss=0.490]
  epoch 2/3:  64%|██████▎   | 56/88 [00:16<00:08,  3.60it/s, loss=0.489]
  epoch 2/3:  65%|██████▍   | 57/88 [00:16<00:08,  3.61it/s, loss=0.489]
  epoch 2/3:  65%|██████▍   | 57/88 [00:16<00:08,  3.61it/s, loss=0.487]
  epoch 2/3:  66%|██████▌   | 58/88 [00:16<00:08,  3.60it/s, loss=0.487]
  epoch 2/3:  66%|██████▌   | 58/88 [00:16<00:08,  3.60it/s, loss=0.484]
  epoch 2/3:  67%|██████▋   | 59/88 [00:16<00:08,  3.62it/s, loss=0.484]
  epoch 2/3:  67%|██████▋   | 59/88 [00:16<00:08,  3.62it/s, loss=0.481]
  epoch 2/3:  68%|██████▊   | 60/88 [00:16<00:07,  3.62it/s, loss=0.481]
  epoch 2/3:  68%|██████▊   | 60/88 [00:17<00:07,  3.62it/s, loss=0.479]
  epoch 2/3:  69%|██████▉   | 61/88 [00:17<00:07,  3.65it/s, loss=0.479]
  epoch 2/3:  69%|██████▉   | 61/88 [00:17<00:07,  3.65it/s, loss=0.475]
  epoch 2/3:  70%|███████   | 62/88 [00:17<00:07,  3.64it/s, loss=0.475]
  epoch 2/3:  70%|███████   | 62/88 [00:17<00:07,  3.64it/s, loss=0.472]
  epoch 2/3:  72%|███████▏  | 63/88 [00:17<00:06,  3.65it/s, loss=0.472]
  epoch 2/3:  72%|███████▏  | 63/88 [00:17<00:06,  3.65it/s, loss=0.470]
  epoch 2/3:  73%|███████▎  | 64/88 [00:17<00:06,  3.63it/s, loss=0.470]
  epoch 2/3:  73%|███████▎  | 64/88 [00:18<00:06,  3.63it/s, loss=0.469]
  epoch 2/3:  74%|███████▍  | 65/88 [00:18<00:06,  3.62it/s, loss=0.469]
  epoch 2/3:  74%|███████▍  | 65/88 [00:18<00:06,  3.62it/s, loss=0.466]
  epoch 2/3:  75%|███████▌  | 66/88 [00:18<00:06,  3.64it/s, loss=0.466]
  epoch 2/3:  75%|███████▌  | 66/88 [00:18<00:06,  3.64it/s, loss=0.464]
  epoch 2/3:  76%|███████▌  | 67/88 [00:18<00:05,  3.64it/s, loss=0.464]
  epoch 2/3:  76%|███████▌  | 67/88 [00:19<00:05,  3.64it/s, loss=0.460]
  epoch 2/3:  77%|███████▋  | 68/88 [00:19<00:05,  3.65it/s, loss=0.460]
  epoch 2/3:  77%|███████▋  | 68/88 [00:19<00:05,  3.65it/s, loss=0.458]
  epoch 2/3:  78%|███████▊  | 69/88 [00:19<00:05,  3.64it/s, loss=0.458]
  epoch 2/3:  78%|███████▊  | 69/88 [00:19<00:05,  3.64it/s, loss=0.455]
  epoch 2/3:  80%|███████▉  | 70/88 [00:19<00:04,  3.66it/s, loss=0.455]
  epoch 2/3:  80%|███████▉  | 70/88 [00:19<00:04,  3.66it/s, loss=0.452]
  epoch 2/3:  81%|████████  | 71/88 [00:19<00:04,  3.65it/s, loss=0.452]
  epoch 2/3:  81%|████████  | 71/88 [00:20<00:04,  3.65it/s, loss=0.449]
  epoch 2/3:  82%|████████▏ | 72/88 [00:20<00:04,  3.61it/s, loss=0.449]
  epoch 2/3:  82%|████████▏ | 72/88 [00:20<00:04,  3.61it/s, loss=0.449]
  epoch 2/3:  83%|████████▎ | 73/88 [00:20<00:04,  3.63it/s, loss=0.449]
  epoch 2/3:  83%|████████▎ | 73/88 [00:20<00:04,  3.63it/s, loss=0.447]
  epoch 2/3:  84%|████████▍ | 74/88 [00:20<00:03,  3.63it/s, loss=0.447]
  epoch 2/3:  84%|████████▍ | 74/88 [00:21<00:03,  3.63it/s, loss=0.446]
  epoch 2/3:  85%|████████▌ | 75/88 [00:21<00:03,  3.65it/s, loss=0.446]
  epoch 2/3:  85%|████████▌ | 75/88 [00:21<00:03,  3.65it/s, loss=0.444]
  epoch 2/3:  86%|████████▋ | 76/88 [00:21<00:03,  3.64it/s, loss=0.444]
  epoch 2/3:  86%|████████▋ | 76/88 [00:21<00:03,  3.64it/s, loss=0.444]
  epoch 2/3:  88%|████████▊ | 77/88 [00:21<00:03,  3.66it/s, loss=0.444]
  epoch 2/3:  88%|████████▊ | 77/88 [00:21<00:03,  3.66it/s, loss=0.442]
  epoch 2/3:  89%|████████▊ | 78/88 [00:21<00:02,  3.65it/s, loss=0.442]
  epoch 2/3:  89%|████████▊ | 78/88 [00:22<00:02,  3.65it/s, loss=0.441]
  epoch 2/3:  90%|████████▉ | 79/88 [00:22<00:02,  3.65it/s, loss=0.441]
  epoch 2/3:  90%|████████▉ | 79/88 [00:22<00:02,  3.65it/s, loss=0.441]
  epoch 2/3:  91%|█████████ | 80/88 [00:22<00:02,  3.64it/s, loss=0.441]
  epoch 2/3:  91%|█████████ | 80/88 [00:22<00:02,  3.64it/s, loss=0.439]
  epoch 2/3:  92%|█████████▏| 81/88 [00:22<00:01,  3.66it/s, loss=0.439]
  epoch 2/3:  92%|█████████▏| 81/88 [00:22<00:01,  3.66it/s, loss=0.436]
  epoch 2/3:  93%|█████████▎| 82/88 [00:22<00:01,  3.65it/s, loss=0.436]
  epoch 2/3:  93%|█████████▎| 82/88 [00:23<00:01,  3.65it/s, loss=0.434]
  epoch 2/3:  94%|█████████▍| 83/88 [00:23<00:01,  3.66it/s, loss=0.434]
  epoch 2/3:  94%|█████████▍| 83/88 [00:23<00:01,  3.66it/s, loss=0.431]
  epoch 2/3:  95%|█████████▌| 84/88 [00:23<00:01,  3.65it/s, loss=0.431]
  epoch 2/3:  95%|█████████▌| 84/88 [00:23<00:01,  3.65it/s, loss=0.431]
  epoch 2/3:  97%|█████████▋| 85/88 [00:23<00:00,  3.66it/s, loss=0.431]
  epoch 2/3:  97%|█████████▋| 85/88 [00:24<00:00,  3.66it/s, loss=0.430]
  epoch 2/3:  98%|█████████▊| 86/88 [00:24<00:00,  3.65it/s, loss=0.430]
  epoch 2/3:  98%|█████████▊| 86/88 [00:24<00:00,  3.65it/s, loss=0.430]
  epoch 2/3:  99%|█████████▉| 87/88 [00:24<00:00,  3.66it/s, loss=0.430]
  epoch 2/3:  99%|█████████▉| 87/88 [00:24<00:00,  3.66it/s, loss=0.428]
  epoch 2/3: 100%|██████████| 88/88 [00:24<00:00,  3.97it/s, loss=0.428]
                                                                        

  epoch 3/3:   0%|          | 0/88 [00:00<?, ?it/s]
  epoch 3/3:   0%|          | 0/88 [00:00<?, ?it/s, loss=0.221]
  epoch 3/3:   1%|          | 1/88 [00:00<00:45,  1.90it/s, loss=0.221]
  epoch 3/3:   1%|          | 1/88 [00:00<00:45,  1.90it/s, loss=0.220]
  epoch 3/3:   2%|▏         | 2/88 [00:00<00:32,  2.64it/s, loss=0.220]
  epoch 3/3:   2%|▏         | 2/88 [00:01<00:32,  2.64it/s, loss=0.237]
  epoch 3/3:   3%|▎         | 3/88 [00:01<00:27,  3.04it/s, loss=0.237]
  epoch 3/3:   3%|▎         | 3/88 [00:01<00:27,  3.04it/s, loss=0.230]
  epoch 3/3:   5%|▍         | 4/88 [00:01<00:25,  3.25it/s, loss=0.230]
  epoch 3/3:   5%|▍         | 4/88 [00:01<00:25,  3.25it/s, loss=0.240]
  epoch 3/3:   6%|▌         | 5/88 [00:01<00:24,  3.40it/s, loss=0.240]
  epoch 3/3:   6%|▌         | 5/88 [00:01<00:24,  3.40it/s, loss=0.228]
  epoch 3/3:   7%|▋         | 6/88 [00:01<00:23,  3.48it/s, loss=0.228]
  epoch 3/3:   7%|▋         | 6/88 [00:02<00:23,  3.48it/s, loss=0.226]
  epoch 3/3:   8%|▊         | 7/88 [00:02<00:22,  3.54it/s, loss=0.226]
  epoch 3/3:   8%|▊         | 7/88 [00:02<00:22,  3.54it/s, loss=0.255]
  epoch 3/3:   9%|▉         | 8/88 [00:02<00:22,  3.57it/s, loss=0.255]
  epoch 3/3:   9%|▉         | 8/88 [00:02<00:22,  3.57it/s, loss=0.259]
  epoch 3/3:  10%|█         | 9/88 [00:02<00:21,  3.61it/s, loss=0.259]
  epoch 3/3:  10%|█         | 9/88 [00:02<00:21,  3.61it/s, loss=0.251]
  epoch 3/3:  11%|█▏        | 10/88 [00:02<00:21,  3.62it/s, loss=0.251]
  epoch 3/3:  11%|█▏        | 10/88 [00:03<00:21,  3.62it/s, loss=0.242]
  epoch 3/3:  12%|█▎        | 11/88 [00:03<00:21,  3.63it/s, loss=0.242]
  epoch 3/3:  12%|█▎        | 11/88 [00:03<00:21,  3.63it/s, loss=0.237]
  epoch 3/3:  14%|█▎        | 12/88 [00:03<00:20,  3.63it/s, loss=0.237]
  epoch 3/3:  14%|█▎        | 12/88 [00:03<00:20,  3.63it/s, loss=0.240]
  epoch 3/3:  15%|█▍        | 13/88 [00:03<00:20,  3.66it/s, loss=0.240]
  epoch 3/3:  15%|█▍        | 13/88 [00:04<00:20,  3.66it/s, loss=0.244]
  epoch 3/3:  16%|█▌        | 14/88 [00:04<00:20,  3.65it/s, loss=0.244]
  epoch 3/3:  16%|█▌        | 14/88 [00:04<00:20,  3.65it/s, loss=0.243]
  epoch 3/3:  17%|█▋        | 15/88 [00:04<00:19,  3.66it/s, loss=0.243]
  epoch 3/3:  17%|█▋        | 15/88 [00:04<00:19,  3.66it/s, loss=0.239]
  epoch 3/3:  18%|█▊        | 16/88 [00:04<00:19,  3.60it/s, loss=0.239]
  epoch 3/3:  18%|█▊        | 16/88 [00:04<00:19,  3.60it/s, loss=0.236]
  epoch 3/3:  19%|█▉        | 17/88 [00:04<00:19,  3.62it/s, loss=0.236]
  epoch 3/3:  19%|█▉        | 17/88 [00:05<00:19,  3.62it/s, loss=0.231]
  epoch 3/3:  20%|██        | 18/88 [00:05<00:19,  3.65it/s, loss=0.231]
  epoch 3/3:  20%|██        | 18/88 [00:05<00:19,  3.65it/s, loss=0.231]
  epoch 3/3:  22%|██▏       | 19/88 [00:05<00:18,  3.65it/s, loss=0.231]
  epoch 3/3:  22%|██▏       | 19/88 [00:05<00:18,  3.65it/s, loss=0.226]
  epoch 3/3:  23%|██▎       | 20/88 [00:05<00:18,  3.64it/s, loss=0.226]
  epoch 3/3:  23%|██▎       | 20/88 [00:05<00:18,  3.64it/s, loss=0.228]
  epoch 3/3:  24%|██▍       | 21/88 [00:05<00:18,  3.65it/s, loss=0.228]
  epoch 3/3:  24%|██▍       | 21/88 [00:06<00:18,  3.65it/s, loss=0.228]
  epoch 3/3:  25%|██▌       | 22/88 [00:06<00:18,  3.65it/s, loss=0.228]
  epoch 3/3:  25%|██▌       | 22/88 [00:06<00:18,  3.65it/s, loss=0.225]
  epoch 3/3:  26%|██▌       | 23/88 [00:06<00:17,  3.65it/s, loss=0.225]
  epoch 3/3:  26%|██▌       | 23/88 [00:06<00:17,  3.65it/s, loss=0.230]
  epoch 3/3:  27%|██▋       | 24/88 [00:06<00:17,  3.65it/s, loss=0.230]
  epoch 3/3:  27%|██▋       | 24/88 [00:07<00:17,  3.65it/s, loss=0.226]
  epoch 3/3:  28%|██▊       | 25/88 [00:07<00:17,  3.65it/s, loss=0.226]
  epoch 3/3:  28%|██▊       | 25/88 [00:07<00:17,  3.65it/s, loss=0.225]
  epoch 3/3:  30%|██▉       | 26/88 [00:07<00:17,  3.65it/s, loss=0.225]
  epoch 3/3:  30%|██▉       | 26/88 [00:07<00:17,  3.65it/s, loss=0.225]
  epoch 3/3:  31%|███       | 27/88 [00:07<00:16,  3.64it/s, loss=0.225]
  epoch 3/3:  31%|███       | 27/88 [00:07<00:16,  3.64it/s, loss=0.221]
  epoch 3/3:  32%|███▏      | 28/88 [00:07<00:16,  3.66it/s, loss=0.221]
  epoch 3/3:  32%|███▏      | 28/88 [00:08<00:16,  3.66it/s, loss=0.217]
  epoch 3/3:  33%|███▎      | 29/88 [00:08<00:16,  3.65it/s, loss=0.217]
  epoch 3/3:  33%|███▎      | 29/88 [00:08<00:16,  3.65it/s, loss=0.216]
  epoch 3/3:  34%|███▍      | 30/88 [00:08<00:15,  3.66it/s, loss=0.216]
  epoch 3/3:  34%|███▍      | 30/88 [00:08<00:15,  3.66it/s, loss=0.214]
  epoch 3/3:  35%|███▌      | 31/88 [00:08<00:15,  3.65it/s, loss=0.214]
  epoch 3/3:  35%|███▌      | 31/88 [00:09<00:15,  3.65it/s, loss=0.213]
  epoch 3/3:  36%|███▋      | 32/88 [00:09<00:15,  3.61it/s, loss=0.213]
  epoch 3/3:  36%|███▋      | 32/88 [00:09<00:15,  3.61it/s, loss=0.213]
  epoch 3/3:  38%|███▊      | 33/88 [00:09<00:15,  3.63it/s, loss=0.213]
  epoch 3/3:  38%|███▊      | 33/88 [00:09<00:15,  3.63it/s, loss=0.212]
  epoch 3/3:  39%|███▊      | 34/88 [00:09<00:14,  3.63it/s, loss=0.212]
  epoch 3/3:  39%|███▊      | 34/88 [00:09<00:14,  3.63it/s, loss=0.215]
  epoch 3/3:  40%|███▉      | 35/88 [00:09<00:14,  3.64it/s, loss=0.215]
  epoch 3/3:  40%|███▉      | 35/88 [00:10<00:14,  3.64it/s, loss=0.213]
  epoch 3/3:  41%|████      | 36/88 [00:10<00:14,  3.64it/s, loss=0.213]
  epoch 3/3:  41%|████      | 36/88 [00:10<00:14,  3.64it/s, loss=0.212]
  epoch 3/3:  42%|████▏     | 37/88 [00:10<00:13,  3.64it/s, loss=0.212]
  epoch 3/3:  42%|████▏     | 37/88 [00:10<00:13,  3.64it/s, loss=0.211]
  epoch 3/3:  43%|████▎     | 38/88 [00:10<00:13,  3.65it/s, loss=0.211]
  epoch 3/3:  43%|████▎     | 38/88 [00:10<00:13,  3.65it/s, loss=0.209]
  epoch 3/3:  44%|████▍     | 39/88 [00:10<00:13,  3.65it/s, loss=0.209]
  epoch 3/3:  44%|████▍     | 39/88 [00:11<00:13,  3.65it/s, loss=0.209]
  epoch 3/3:  45%|████▌     | 40/88 [00:11<00:13,  3.64it/s, loss=0.209]
  epoch 3/3:  45%|████▌     | 40/88 [00:11<00:13,  3.64it/s, loss=0.208]
  epoch 3/3:  47%|████▋     | 41/88 [00:11<00:12,  3.66it/s, loss=0.208]
  epoch 3/3:  47%|████▋     | 41/88 [00:11<00:12,  3.66it/s, loss=0.208]
  epoch 3/3:  48%|████▊     | 42/88 [00:11<00:12,  3.65it/s, loss=0.208]
  epoch 3/3:  48%|████▊     | 42/88 [00:12<00:12,  3.65it/s, loss=0.209]
  epoch 3/3:  49%|████▉     | 43/88 [00:12<00:12,  3.66it/s, loss=0.209]
  epoch 3/3:  49%|████▉     | 43/88 [00:12<00:12,  3.66it/s, loss=0.207]
  epoch 3/3:  50%|█████     | 44/88 [00:12<00:12,  3.65it/s, loss=0.207]
  epoch 3/3:  50%|█████     | 44/88 [00:12<00:12,  3.65it/s, loss=0.206]
  epoch 3/3:  51%|█████     | 45/88 [00:12<00:11,  3.66it/s, loss=0.206]
  epoch 3/3:  51%|█████     | 45/88 [00:12<00:11,  3.66it/s, loss=0.206]
  epoch 3/3:  52%|█████▏    | 46/88 [00:12<00:11,  3.65it/s, loss=0.206]
  epoch 3/3:  52%|█████▏    | 46/88 [00:13<00:11,  3.65it/s, loss=0.204]
  epoch 3/3:  53%|█████▎    | 47/88 [00:13<00:11,  3.65it/s, loss=0.204]
  epoch 3/3:  53%|█████▎    | 47/88 [00:13<00:11,  3.65it/s, loss=0.205]
  epoch 3/3:  55%|█████▍    | 48/88 [00:13<00:11,  3.60it/s, loss=0.205]
  epoch 3/3:  55%|█████▍    | 48/88 [00:13<00:11,  3.60it/s, loss=0.202]
  epoch 3/3:  56%|█████▌    | 49/88 [00:13<00:10,  3.61it/s, loss=0.202]
  epoch 3/3:  56%|█████▌    | 49/88 [00:13<00:10,  3.61it/s, loss=0.201]
  epoch 3/3:  57%|█████▋    | 50/88 [00:13<00:10,  3.65it/s, loss=0.201]
  epoch 3/3:  57%|█████▋    | 50/88 [00:14<00:10,  3.65it/s, loss=0.200]
  epoch 3/3:  58%|█████▊    | 51/88 [00:14<00:10,  3.65it/s, loss=0.200]
  epoch 3/3:  58%|█████▊    | 51/88 [00:14<00:10,  3.65it/s, loss=0.198]
  epoch 3/3:  59%|█████▉    | 52/88 [00:14<00:09,  3.65it/s, loss=0.198]
  epoch 3/3:  59%|█████▉    | 52/88 [00:14<00:09,  3.65it/s, loss=0.196]
  epoch 3/3:  60%|██████    | 53/88 [00:14<00:09,  3.65it/s, loss=0.196]
  epoch 3/3:  60%|██████    | 53/88 [00:15<00:09,  3.65it/s, loss=0.195]
  epoch 3/3:  61%|██████▏   | 54/88 [00:15<00:09,  3.65it/s, loss=0.195]
  epoch 3/3:  61%|██████▏   | 54/88 [00:15<00:09,  3.65it/s, loss=0.193]
  epoch 3/3:  62%|██████▎   | 55/88 [00:15<00:09,  3.64it/s, loss=0.193]
  epoch 3/3:  62%|██████▎   | 55/88 [00:15<00:09,  3.64it/s, loss=0.192]
  epoch 3/3:  64%|██████▎   | 56/88 [00:15<00:08,  3.64it/s, loss=0.192]
  epoch 3/3:  64%|██████▎   | 56/88 [00:15<00:08,  3.64it/s, loss=0.190]
  epoch 3/3:  65%|██████▍   | 57/88 [00:15<00:08,  3.64it/s, loss=0.190]
  epoch 3/3:  65%|██████▍   | 57/88 [00:16<00:08,  3.64it/s, loss=0.190]
  epoch 3/3:  66%|██████▌   | 58/88 [00:16<00:08,  3.65it/s, loss=0.190]
  epoch 3/3:  66%|██████▌   | 58/88 [00:16<00:08,  3.65it/s, loss=0.190]
  epoch 3/3:  67%|██████▋   | 59/88 [00:16<00:07,  3.64it/s, loss=0.190]
  epoch 3/3:  67%|██████▋   | 59/88 [00:16<00:07,  3.64it/s, loss=0.189]
  epoch 3/3:  68%|██████▊   | 60/88 [00:16<00:07,  3.66it/s, loss=0.189]
  epoch 3/3:  68%|██████▊   | 60/88 [00:16<00:07,  3.66it/s, loss=0.188]
  epoch 3/3:  69%|██████▉   | 61/88 [00:16<00:07,  3.65it/s, loss=0.188]
  epoch 3/3:  69%|██████▉   | 61/88 [00:17<00:07,  3.65it/s, loss=0.186]
  epoch 3/3:  70%|███████   | 62/88 [00:17<00:07,  3.65it/s, loss=0.186]
  epoch 3/3:  70%|███████   | 62/88 [00:17<00:07,  3.65it/s, loss=0.185]
  epoch 3/3:  72%|███████▏  | 63/88 [00:17<00:06,  3.67it/s, loss=0.185]
  epoch 3/3:  72%|███████▏  | 63/88 [00:17<00:06,  3.67it/s, loss=0.184]
  epoch 3/3:  73%|███████▎  | 64/88 [00:17<00:06,  3.61it/s, loss=0.184]
  epoch 3/3:  73%|███████▎  | 64/88 [00:18<00:06,  3.61it/s, loss=0.183]
  epoch 3/3:  74%|███████▍  | 65/88 [00:18<00:06,  3.63it/s, loss=0.183]
  epoch 3/3:  74%|███████▍  | 65/88 [00:18<00:06,  3.63it/s, loss=0.182]
  epoch 3/3:  75%|███████▌  | 66/88 [00:18<00:06,  3.65it/s, loss=0.182]
  epoch 3/3:  75%|███████▌  | 66/88 [00:18<00:06,  3.65it/s, loss=0.181]
  epoch 3/3:  76%|███████▌  | 67/88 [00:18<00:05,  3.65it/s, loss=0.181]
  epoch 3/3:  76%|███████▌  | 67/88 [00:18<00:05,  3.65it/s, loss=0.179]
  epoch 3/3:  77%|███████▋  | 68/88 [00:18<00:05,  3.66it/s, loss=0.179]
  epoch 3/3:  77%|███████▋  | 68/88 [00:19<00:05,  3.66it/s, loss=0.178]
  epoch 3/3:  78%|███████▊  | 69/88 [00:19<00:05,  3.65it/s, loss=0.178]
  epoch 3/3:  78%|███████▊  | 69/88 [00:19<00:05,  3.65it/s, loss=0.177]
  epoch 3/3:  80%|███████▉  | 70/88 [00:19<00:04,  3.65it/s, loss=0.177]
  epoch 3/3:  80%|███████▉  | 70/88 [00:19<00:04,  3.65it/s, loss=0.177]
  epoch 3/3:  81%|████████  | 71/88 [00:19<00:04,  3.65it/s, loss=0.177]
  epoch 3/3:  81%|████████  | 71/88 [00:19<00:04,  3.65it/s, loss=0.178]
  epoch 3/3:  82%|████████▏ | 72/88 [00:19<00:04,  3.66it/s, loss=0.178]
  epoch 3/3:  82%|████████▏ | 72/88 [00:20<00:04,  3.66it/s, loss=0.177]
  epoch 3/3:  83%|████████▎ | 73/88 [00:20<00:04,  3.65it/s, loss=0.177]
  epoch 3/3:  83%|████████▎ | 73/88 [00:20<00:04,  3.65it/s, loss=0.176]
  epoch 3/3:  84%|████████▍ | 74/88 [00:20<00:03,  3.65it/s, loss=0.176]
  epoch 3/3:  84%|████████▍ | 74/88 [00:20<00:03,  3.65it/s, loss=0.176]
  epoch 3/3:  85%|████████▌ | 75/88 [00:20<00:03,  3.64it/s, loss=0.176]
  epoch 3/3:  85%|████████▌ | 75/88 [00:21<00:03,  3.64it/s, loss=0.176]
  epoch 3/3:  86%|████████▋ | 76/88 [00:21<00:03,  3.65it/s, loss=0.176]
  epoch 3/3:  86%|████████▋ | 76/88 [00:21<00:03,  3.65it/s, loss=0.176]
  epoch 3/3:  88%|████████▊ | 77/88 [00:21<00:03,  3.65it/s, loss=0.176]
  epoch 3/3:  88%|████████▊ | 77/88 [00:21<00:03,  3.65it/s, loss=0.175]
  epoch 3/3:  89%|████████▊ | 78/88 [00:21<00:02,  3.65it/s, loss=0.175]
  epoch 3/3:  89%|████████▊ | 78/88 [00:21<00:02,  3.65it/s, loss=0.175]
  epoch 3/3:  90%|████████▉ | 79/88 [00:21<00:02,  3.65it/s, loss=0.175]
  epoch 3/3:  90%|████████▉ | 79/88 [00:22<00:02,  3.65it/s, loss=0.174]
  epoch 3/3:  91%|█████████ | 80/88 [00:22<00:02,  3.61it/s, loss=0.174]
  epoch 3/3:  91%|█████████ | 80/88 [00:22<00:02,  3.61it/s, loss=0.173]
  epoch 3/3:  92%|█████████▏| 81/88 [00:22<00:01,  3.61it/s, loss=0.173]
  epoch 3/3:  92%|█████████▏| 81/88 [00:22<00:01,  3.61it/s, loss=0.172]
  epoch 3/3:  93%|█████████▎| 82/88 [00:22<00:01,  3.62it/s, loss=0.172]
  epoch 3/3:  93%|█████████▎| 82/88 [00:23<00:01,  3.62it/s, loss=0.171]
  epoch 3/3:  94%|█████████▍| 83/88 [00:23<00:01,  3.65it/s, loss=0.171]
  epoch 3/3:  94%|█████████▍| 83/88 [00:23<00:01,  3.65it/s, loss=0.171]
  epoch 3/3:  95%|█████████▌| 84/88 [00:23<00:01,  3.65it/s, loss=0.171]
  epoch 3/3:  95%|█████████▌| 84/88 [00:23<00:01,  3.65it/s, loss=0.170]
  epoch 3/3:  97%|█████████▋| 85/88 [00:23<00:00,  3.64it/s, loss=0.170]
  epoch 3/3:  97%|█████████▋| 85/88 [00:23<00:00,  3.64it/s, loss=0.169]
  epoch 3/3:  98%|█████████▊| 86/88 [00:23<00:00,  3.64it/s, loss=0.169]
  epoch 3/3:  98%|█████████▊| 86/88 [00:24<00:00,  3.64it/s, loss=0.169]
  epoch 3/3:  99%|█████████▉| 87/88 [00:24<00:00,  3.64it/s, loss=0.169]
  epoch 3/3:  99%|█████████▉| 87/88 [00:24<00:00,  3.64it/s, loss=0.168]
  epoch 3/3: 100%|██████████| 88/88 [00:24<00:00,  4.00it/s, loss=0.168]
                                                                        
[titans] reset=never | norm(state) sau task = 63.8627
[titans]   self-mod v:β=0.89 |W|=3.20
[titans]   eta_t(avg)=-12.8117  alpha_t/forget-gate(avg)=1.0000
[task 6] test acc so far: 0.814  0.774  0.791  0.643  0.654  0.434  0.306
[task 6] NCM-online acc so far: 0.497  0.543  0.589  0.649  0.803  0.777  0.911
[task 6] NCM-posthoc acc so far: 0.723  0.814  0.771  0.729  0.726  0.731  0.857
[checkpoint] đã lưu tiến độ sau task 6
[task 7] classes=[13, 24, 28, 30, 31] | train=2800

  epoch 1/3:   0%|          | 0/88 [00:00<?, ?it/s]
  epoch 1/3:   0%|          | 0/88 [00:00<?, ?it/s, loss=1.569]
  epoch 1/3:   1%|          | 1/88 [00:00<00:50,  1.72it/s, loss=1.569]
  epoch 1/3:   1%|          | 1/88 [00:00<00:50,  1.72it/s, loss=1.576]
  epoch 1/3:   2%|▏         | 2/88 [00:00<00:34,  2.52it/s, loss=1.576]
  epoch 1/3:   2%|▏         | 2/88 [00:01<00:34,  2.52it/s, loss=1.552]
  epoch 1/3:   3%|▎         | 3/88 [00:01<00:28,  2.95it/s, loss=1.552]
  epoch 1/3:   3%|▎         | 3/88 [00:01<00:28,  2.95it/s, loss=1.541]
  epoch 1/3:   5%|▍         | 4/88 [00:01<00:26,  3.20it/s, loss=1.541]
  epoch 1/3:   5%|▍         | 4/88 [00:01<00:26,  3.20it/s, loss=1.523]
  epoch 1/3:   6%|▌         | 5/88 [00:01<00:24,  3.37it/s, loss=1.523]
  epoch 1/3:   6%|▌         | 5/88 [00:01<00:24,  3.37it/s, loss=1.515]
  epoch 1/3:   7%|▋         | 6/88 [00:01<00:23,  3.47it/s, loss=1.515]
  epoch 1/3:   7%|▋         | 6/88 [00:02<00:23,  3.47it/s, loss=1.508]
  epoch 1/3:   8%|▊         | 7/88 [00:02<00:22,  3.53it/s, loss=1.508]
  epoch 1/3:   8%|▊         | 7/88 [00:02<00:22,  3.53it/s, loss=1.495]
  epoch 1/3:   9%|▉         | 8/88 [00:02<00:22,  3.53it/s, loss=1.495]
  epoch 1/3:   9%|▉         | 8/88 [00:02<00:22,  3.53it/s, loss=1.494]
  epoch 1/3:  10%|█         | 9/88 [00:02<00:22,  3.57it/s, loss=1.494]
  epoch 1/3:  10%|█         | 9/88 [00:03<00:22,  3.57it/s, loss=1.482]
  epoch 1/3:  11%|█▏        | 10/88 [00:03<00:21,  3.60it/s, loss=1.482]
  epoch 1/3:  11%|█▏        | 10/88 [00:03<00:21,  3.60it/s, loss=1.477]
  epoch 1/3:  12%|█▎        | 11/88 [00:03<00:21,  3.62it/s, loss=1.477]
  epoch 1/3:  12%|█▎        | 11/88 [00:03<00:21,  3.62it/s, loss=1.464]
  epoch 1/3:  14%|█▎        | 12/88 [00:03<00:20,  3.63it/s, loss=1.464]
  epoch 1/3:  14%|█▎        | 12/88 [00:03<00:20,  3.63it/s, loss=1.457]
  epoch 1/3:  15%|█▍        | 13/88 [00:03<00:20,  3.65it/s, loss=1.457]
  epoch 1/3:  15%|█▍        | 13/88 [00:04<00:20,  3.65it/s, loss=1.448]
  epoch 1/3:  16%|█▌        | 14/88 [00:04<00:20,  3.65it/s, loss=1.448]
  epoch 1/3:  16%|█▌        | 14/88 [00:04<00:20,  3.65it/s, loss=1.441]
  epoch 1/3:  17%|█▋        | 15/88 [00:04<00:19,  3.67it/s, loss=1.441]
  epoch 1/3:  17%|█▋        | 15/88 [00:04<00:19,  3.67it/s, loss=1.433]
  epoch 1/3:  18%|█▊        | 16/88 [00:04<00:19,  3.67it/s, loss=1.433]
  epoch 1/3:  18%|█▊        | 16/88 [00:04<00:19,  3.67it/s, loss=1.424]
  epoch 1/3:  19%|█▉        | 17/88 [00:04<00:19,  3.67it/s, loss=1.424]
  epoch 1/3:  19%|█▉        | 17/88 [00:05<00:19,  3.67it/s, loss=1.418]
  epoch 1/3:  20%|██        | 18/88 [00:05<00:19,  3.67it/s, loss=1.418]
  epoch 1/3:  20%|██        | 18/88 [00:05<00:19,  3.67it/s, loss=1.411]
  epoch 1/3:  22%|██▏       | 19/88 [00:05<00:18,  3.67it/s, loss=1.411]
  epoch 1/3:  22%|██▏       | 19/88 [00:05<00:18,  3.67it/s, loss=1.405]
  epoch 1/3:  23%|██▎       | 20/88 [00:05<00:18,  3.67it/s, loss=1.405]
  epoch 1/3:  23%|██▎       | 20/88 [00:06<00:18,  3.67it/s, loss=1.401]
  epoch 1/3:  24%|██▍       | 21/88 [00:06<00:18,  3.66it/s, loss=1.401]
  epoch 1/3:  24%|██▍       | 21/88 [00:06<00:18,  3.66it/s, loss=1.390]
  epoch 1/3:  25%|██▌       | 22/88 [00:06<00:18,  3.65it/s, loss=1.390]
  epoch 1/3:  25%|██▌       | 22/88 [00:06<00:18,  3.65it/s, loss=1.386]
  epoch 1/3:  26%|██▌       | 23/88 [00:06<00:17,  3.66it/s, loss=1.386]
  epoch 1/3:  26%|██▌       | 23/88 [00:06<00:17,  3.66it/s, loss=1.379]
  epoch 1/3:  27%|██▋       | 24/88 [00:06<00:17,  3.61it/s, loss=1.379]
  epoch 1/3:  27%|██▋       | 24/88 [00:07<00:17,  3.61it/s, loss=1.372]
  epoch 1/3:  28%|██▊       | 25/88 [00:07<00:17,  3.64it/s, loss=1.372]
  epoch 1/3:  28%|██▊       | 25/88 [00:07<00:17,  3.64it/s, loss=1.366]
  epoch 1/3:  30%|██▉       | 26/88 [00:07<00:17,  3.64it/s, loss=1.366]
  epoch 1/3:  30%|██▉       | 26/88 [00:07<00:17,  3.64it/s, loss=1.356]
  epoch 1/3:  31%|███       | 27/88 [00:07<00:16,  3.64it/s, loss=1.356]
  epoch 1/3:  31%|███       | 27/88 [00:07<00:16,  3.64it/s, loss=1.342]
  epoch 1/3:  32%|███▏      | 28/88 [00:07<00:16,  3.65it/s, loss=1.342]
  epoch 1/3:  32%|███▏      | 28/88 [00:08<00:16,  3.65it/s, loss=1.336]
  epoch 1/3:  33%|███▎      | 29/88 [00:08<00:16,  3.66it/s, loss=1.336]
  epoch 1/3:  33%|███▎      | 29/88 [00:08<00:16,  3.66it/s, loss=1.328]
  epoch 1/3:  34%|███▍      | 30/88 [00:08<00:15,  3.66it/s, loss=1.328]
  epoch 1/3:  34%|███▍      | 30/88 [00:08<00:15,  3.66it/s, loss=1.318]
  epoch 1/3:  35%|███▌      | 31/88 [00:08<00:15,  3.67it/s, loss=1.318]
  epoch 1/3:  35%|███▌      | 31/88 [00:09<00:15,  3.67it/s, loss=1.310]
  epoch 1/3:  36%|███▋      | 32/88 [00:09<00:15,  3.66it/s, loss=1.310]
  epoch 1/3:  36%|███▋      | 32/88 [00:09<00:15,  3.66it/s, loss=1.304]
  epoch 1/3:  38%|███▊      | 33/88 [00:09<00:14,  3.69it/s, loss=1.304]
  epoch 1/3:  38%|███▊      | 33/88 [00:09<00:14,  3.69it/s, loss=1.293]
  epoch 1/3:  39%|███▊      | 34/88 [00:09<00:14,  3.68it/s, loss=1.293]
  epoch 1/3:  39%|███▊      | 34/88 [00:09<00:14,  3.68it/s, loss=1.284]
  epoch 1/3:  40%|███▉      | 35/88 [00:09<00:14,  3.67it/s, loss=1.284]
  epoch 1/3:  40%|███▉      | 35/88 [00:10<00:14,  3.67it/s, loss=1.273]
  epoch 1/3:  41%|████      | 36/88 [00:10<00:14,  3.67it/s, loss=1.273]
  epoch 1/3:  41%|████      | 36/88 [00:10<00:14,  3.67it/s, loss=1.265]
  epoch 1/3:  42%|████▏     | 37/88 [00:10<00:13,  3.66it/s, loss=1.265]
  epoch 1/3:  42%|████▏     | 37/88 [00:10<00:13,  3.66it/s, loss=1.256]
  epoch 1/3:  43%|████▎     | 38/88 [00:10<00:13,  3.66it/s, loss=1.256]
  epoch 1/3:  43%|████▎     | 38/88 [00:10<00:13,  3.66it/s, loss=1.246]
  epoch 1/3:  44%|████▍     | 39/88 [00:10<00:13,  3.66it/s, loss=1.246]
  epoch 1/3:  44%|████▍     | 39/88 [00:11<00:13,  3.66it/s, loss=1.241]
  epoch 1/3:  45%|████▌     | 40/88 [00:11<00:13,  3.62it/s, loss=1.241]
  epoch 1/3:  45%|████▌     | 40/88 [00:11<00:13,  3.62it/s, loss=1.233]
  epoch 1/3:  47%|████▋     | 41/88 [00:11<00:12,  3.65it/s, loss=1.233]
  epoch 1/3:  47%|████▋     | 41/88 [00:11<00:12,  3.65it/s, loss=1.226]
  epoch 1/3:  48%|████▊     | 42/88 [00:11<00:12,  3.66it/s, loss=1.226]
  epoch 1/3:  48%|████▊     | 42/88 [00:12<00:12,  3.66it/s, loss=1.218]
  epoch 1/3:  49%|████▉     | 43/88 [00:12<00:12,  3.67it/s, loss=1.218]
  epoch 1/3:  49%|████▉     | 43/88 [00:12<00:12,  3.67it/s, loss=1.210]
  epoch 1/3:  50%|█████     | 44/88 [00:12<00:11,  3.67it/s, loss=1.210]
  epoch 1/3:  50%|█████     | 44/88 [00:12<00:11,  3.67it/s, loss=1.204]
  epoch 1/3:  51%|█████     | 45/88 [00:12<00:11,  3.68it/s, loss=1.204]
  epoch 1/3:  51%|█████     | 45/88 [00:12<00:11,  3.68it/s, loss=1.198]
  epoch 1/3:  52%|█████▏    | 46/88 [00:12<00:11,  3.69it/s, loss=1.198]
  epoch 1/3:  52%|█████▏    | 46/88 [00:13<00:11,  3.69it/s, loss=1.189]
  epoch 1/3:  53%|█████▎    | 47/88 [00:13<00:11,  3.69it/s, loss=1.189]
  epoch 1/3:  53%|█████▎    | 47/88 [00:13<00:11,  3.69it/s, loss=1.183]
  epoch 1/3:  55%|█████▍    | 48/88 [00:13<00:10,  3.67it/s, loss=1.183]
  epoch 1/3:  55%|█████▍    | 48/88 [00:13<00:10,  3.67it/s, loss=1.176]
  epoch 1/3:  56%|█████▌    | 49/88 [00:13<00:10,  3.67it/s, loss=1.176]
  epoch 1/3:  56%|█████▌    | 49/88 [00:13<00:10,  3.67it/s, loss=1.169]
  epoch 1/3:  57%|█████▋    | 50/88 [00:13<00:10,  3.66it/s, loss=1.169]
  epoch 1/3:  57%|█████▋    | 50/88 [00:14<00:10,  3.66it/s, loss=1.162]
  epoch 1/3:  58%|█████▊    | 51/88 [00:14<00:10,  3.66it/s, loss=1.162]
  epoch 1/3:  58%|█████▊    | 51/88 [00:14<00:10,  3.66it/s, loss=1.154]
  epoch 1/3:  59%|█████▉    | 52/88 [00:14<00:09,  3.65it/s, loss=1.154]
  epoch 1/3:  59%|█████▉    | 52/88 [00:14<00:09,  3.65it/s, loss=1.147]
  epoch 1/3:  60%|██████    | 53/88 [00:14<00:09,  3.66it/s, loss=1.147]
  epoch 1/3:  60%|██████    | 53/88 [00:15<00:09,  3.66it/s, loss=1.140]
  epoch 1/3:  61%|██████▏   | 54/88 [00:15<00:09,  3.66it/s, loss=1.140]
  epoch 1/3:  61%|██████▏   | 54/88 [00:15<00:09,  3.66it/s, loss=1.132]
  epoch 1/3:  62%|██████▎   | 55/88 [00:15<00:09,  3.66it/s, loss=1.132]
  epoch 1/3:  62%|██████▎   | 55/88 [00:15<00:09,  3.66it/s, loss=1.125]
  epoch 1/3:  64%|██████▎   | 56/88 [00:15<00:08,  3.61it/s, loss=1.125]
  epoch 1/3:  64%|██████▎   | 56/88 [00:15<00:08,  3.61it/s, loss=1.117]
  epoch 1/3:  65%|██████▍   | 57/88 [00:15<00:08,  3.63it/s, loss=1.117]
  epoch 1/3:  65%|██████▍   | 57/88 [00:16<00:08,  3.63it/s, loss=1.111]
  epoch 1/3:  66%|██████▌   | 58/88 [00:16<00:08,  3.64it/s, loss=1.111]
  epoch 1/3:  66%|██████▌   | 58/88 [00:16<00:08,  3.64it/s, loss=1.104]
  epoch 1/3:  67%|██████▋   | 59/88 [00:16<00:07,  3.64it/s, loss=1.104]
  epoch 1/3:  67%|██████▋   | 59/88 [00:16<00:07,  3.64it/s, loss=1.099]
  epoch 1/3:  68%|██████▊   | 60/88 [00:16<00:07,  3.65it/s, loss=1.099]
  epoch 1/3:  68%|██████▊   | 60/88 [00:16<00:07,  3.65it/s, loss=1.089]
  epoch 1/3:  69%|██████▉   | 61/88 [00:16<00:07,  3.65it/s, loss=1.089]
  epoch 1/3:  69%|██████▉   | 61/88 [00:17<00:07,  3.65it/s, loss=1.082]
  epoch 1/3:  70%|███████   | 62/88 [00:17<00:07,  3.68it/s, loss=1.082]
  epoch 1/3:  70%|███████   | 62/88 [00:17<00:07,  3.68it/s, loss=1.078]
  epoch 1/3:  72%|███████▏  | 63/88 [00:17<00:06,  3.67it/s, loss=1.078]
  epoch 1/3:  72%|███████▏  | 63/88 [00:17<00:06,  3.67it/s, loss=1.073]
  epoch 1/3:  73%|███████▎  | 64/88 [00:17<00:06,  3.67it/s, loss=1.073]
  epoch 1/3:  73%|███████▎  | 64/88 [00:18<00:06,  3.67it/s, loss=1.067]
  epoch 1/3:  74%|███████▍  | 65/88 [00:18<00:06,  3.69it/s, loss=1.067]
  epoch 1/3:  74%|███████▍  | 65/88 [00:18<00:06,  3.69it/s, loss=1.060]
  epoch 1/3:  75%|███████▌  | 66/88 [00:18<00:05,  3.68it/s, loss=1.060]
  epoch 1/3:  75%|███████▌  | 66/88 [00:18<00:05,  3.68it/s, loss=1.054]
  epoch 1/3:  76%|███████▌  | 67/88 [00:18<00:05,  3.68it/s, loss=1.054]
  epoch 1/3:  76%|███████▌  | 67/88 [00:18<00:05,  3.68it/s, loss=1.048]
  epoch 1/3:  77%|███████▋  | 68/88 [00:18<00:05,  3.68it/s, loss=1.048]
  epoch 1/3:  77%|███████▋  | 68/88 [00:19<00:05,  3.68it/s, loss=1.042]
  epoch 1/3:  78%|███████▊  | 69/88 [00:19<00:05,  3.67it/s, loss=1.042]
  epoch 1/3:  78%|███████▊  | 69/88 [00:19<00:05,  3.67it/s, loss=1.035]
  epoch 1/3:  80%|███████▉  | 70/88 [00:19<00:04,  3.66it/s, loss=1.035]
  epoch 1/3:  80%|███████▉  | 70/88 [00:19<00:04,  3.66it/s, loss=1.029]
  epoch 1/3:  81%|████████  | 71/88 [00:19<00:04,  3.66it/s, loss=1.029]
  epoch 1/3:  81%|████████  | 71/88 [00:19<00:04,  3.66it/s, loss=1.023]
  epoch 1/3:  82%|████████▏ | 72/88 [00:19<00:04,  3.61it/s, loss=1.023]
  epoch 1/3:  82%|████████▏ | 72/88 [00:20<00:04,  3.61it/s, loss=1.020]
  epoch 1/3:  83%|████████▎ | 73/88 [00:20<00:04,  3.66it/s, loss=1.020]
  epoch 1/3:  83%|████████▎ | 73/88 [00:20<00:04,  3.66it/s, loss=1.013]
  epoch 1/3:  84%|████████▍ | 74/88 [00:20<00:03,  3.66it/s, loss=1.013]
  epoch 1/3:  84%|████████▍ | 74/88 [00:20<00:03,  3.66it/s, loss=1.006]
  epoch 1/3:  85%|████████▌ | 75/88 [00:20<00:03,  3.66it/s, loss=1.006]
  epoch 1/3:  85%|████████▌ | 75/88 [00:21<00:03,  3.66it/s, loss=1.000]
  epoch 1/3:  86%|████████▋ | 76/88 [00:21<00:03,  3.69it/s, loss=1.000]
  epoch 1/3:  86%|████████▋ | 76/88 [00:21<00:03,  3.69it/s, loss=0.993]
  epoch 1/3:  88%|████████▊ | 77/88 [00:21<00:02,  3.68it/s, loss=0.993]
  epoch 1/3:  88%|████████▊ | 77/88 [00:21<00:02,  3.68it/s, loss=0.986]
  epoch 1/3:  89%|████████▊ | 78/88 [00:21<00:02,  3.67it/s, loss=0.986]
  epoch 1/3:  89%|████████▊ | 78/88 [00:21<00:02,  3.67it/s, loss=0.982]
  epoch 1/3:  90%|████████▉ | 79/88 [00:21<00:02,  3.67it/s, loss=0.982]
  epoch 1/3:  90%|████████▉ | 79/88 [00:22<00:02,  3.67it/s, loss=0.977]
  epoch 1/3:  91%|█████████ | 80/88 [00:22<00:02,  3.66it/s, loss=0.977]
  epoch 1/3:  91%|█████████ | 80/88 [00:22<00:02,  3.66it/s, loss=0.973]
  epoch 1/3:  92%|█████████▏| 81/88 [00:22<00:01,  3.68it/s, loss=0.973]
  epoch 1/3:  92%|█████████▏| 81/88 [00:22<00:01,  3.68it/s, loss=0.968]
  epoch 1/3:  93%|█████████▎| 82/88 [00:22<00:01,  3.66it/s, loss=0.968]
  epoch 1/3:  93%|█████████▎| 82/88 [00:22<00:01,  3.66it/s, loss=0.963]
  epoch 1/3:  94%|█████████▍| 83/88 [00:22<00:01,  3.67it/s, loss=0.963]
  epoch 1/3:  94%|█████████▍| 83/88 [00:23<00:01,  3.67it/s, loss=0.957]
  epoch 1/3:  95%|█████████▌| 84/88 [00:23<00:01,  3.67it/s, loss=0.957]
  epoch 1/3:  95%|█████████▌| 84/88 [00:23<00:01,  3.67it/s, loss=0.952]
  epoch 1/3:  97%|█████████▋| 85/88 [00:23<00:00,  3.68it/s, loss=0.952]
  epoch 1/3:  97%|█████████▋| 85/88 [00:23<00:00,  3.68it/s, loss=0.948]
  epoch 1/3:  98%|█████████▊| 86/88 [00:23<00:00,  3.68it/s, loss=0.948]
  epoch 1/3:  98%|█████████▊| 86/88 [00:24<00:00,  3.68it/s, loss=0.944]
  epoch 1/3:  99%|█████████▉| 87/88 [00:24<00:00,  3.69it/s, loss=0.944]
  epoch 1/3:  99%|█████████▉| 87/88 [00:24<00:00,  3.69it/s, loss=0.941]
  epoch 1/3: 100%|██████████| 88/88 [00:24<00:00,  3.98it/s, loss=0.941]
                                                                        

  epoch 2/3:   0%|          | 0/88 [00:00<?, ?it/s]
  epoch 2/3:   0%|          | 0/88 [00:00<?, ?it/s, loss=0.577]
  epoch 2/3:   1%|          | 1/88 [00:00<00:45,  1.93it/s, loss=0.577]
  epoch 2/3:   1%|          | 1/88 [00:00<00:45,  1.93it/s, loss=0.494]
  epoch 2/3:   2%|▏         | 2/88 [00:00<00:32,  2.68it/s, loss=0.494]
  epoch 2/3:   2%|▏         | 2/88 [00:01<00:32,  2.68it/s, loss=0.501]
  epoch 2/3:   3%|▎         | 3/88 [00:01<00:27,  3.04it/s, loss=0.501]
  epoch 2/3:   3%|▎         | 3/88 [00:01<00:27,  3.04it/s, loss=0.466]
  epoch 2/3:   5%|▍         | 4/88 [00:01<00:25,  3.26it/s, loss=0.466]
  epoch 2/3:   5%|▍         | 4/88 [00:01<00:25,  3.26it/s, loss=0.456]
  epoch 2/3:   6%|▌         | 5/88 [00:01<00:24,  3.39it/s, loss=0.456]
  epoch 2/3:   6%|▌         | 5/88 [00:01<00:24,  3.39it/s, loss=0.461]
  epoch 2/3:   7%|▋         | 6/88 [00:01<00:23,  3.46it/s, loss=0.461]
  epoch 2/3:   7%|▋         | 6/88 [00:02<00:23,  3.46it/s, loss=0.446]
  epoch 2/3:   8%|▊         | 7/88 [00:02<00:22,  3.53it/s, loss=0.446]
  epoch 2/3:   8%|▊         | 7/88 [00:02<00:22,  3.53it/s, loss=0.462]
  epoch 2/3:   9%|▉         | 8/88 [00:02<00:22,  3.57it/s, loss=0.462]
  epoch 2/3:   9%|▉         | 8/88 [00:02<00:22,  3.57it/s, loss=0.454]
  epoch 2/3:  10%|█         | 9/88 [00:02<00:21,  3.60it/s, loss=0.454]
  epoch 2/3:  10%|█         | 9/88 [00:02<00:21,  3.60it/s, loss=0.458]
  epoch 2/3:  11%|█▏        | 10/88 [00:02<00:21,  3.64it/s, loss=0.458]
  epoch 2/3:  11%|█▏        | 10/88 [00:03<00:21,  3.64it/s, loss=0.445]
  epoch 2/3:  12%|█▎        | 11/88 [00:03<00:21,  3.65it/s, loss=0.445]
  epoch 2/3:  12%|█▎        | 11/88 [00:03<00:21,  3.65it/s, loss=0.444]
  epoch 2/3:  14%|█▎        | 12/88 [00:03<00:20,  3.65it/s, loss=0.444]
  epoch 2/3:  14%|█▎        | 12/88 [00:03<00:20,  3.65it/s, loss=0.448]
  epoch 2/3:  15%|█▍        | 13/88 [00:03<00:20,  3.68it/s, loss=0.448]
  epoch 2/3:  15%|█▍        | 13/88 [00:04<00:20,  3.68it/s, loss=0.447]
  epoch 2/3:  16%|█▌        | 14/88 [00:04<00:20,  3.67it/s, loss=0.447]
  epoch 2/3:  16%|█▌        | 14/88 [00:04<00:20,  3.67it/s, loss=0.440]
  epoch 2/3:  17%|█▋        | 15/88 [00:04<00:19,  3.68it/s, loss=0.440]
  epoch 2/3:  17%|█▋        | 15/88 [00:04<00:19,  3.68it/s, loss=0.441]
  epoch 2/3:  18%|█▊        | 16/88 [00:04<00:19,  3.64it/s, loss=0.441]
  epoch 2/3:  18%|█▊        | 16/88 [00:04<00:19,  3.64it/s, loss=0.437]
  epoch 2/3:  19%|█▉        | 17/88 [00:04<00:19,  3.67it/s, loss=0.437]
  epoch 2/3:  19%|█▉        | 17/88 [00:05<00:19,  3.67it/s, loss=0.436]
  epoch 2/3:  20%|██        | 18/88 [00:05<00:19,  3.68it/s, loss=0.436]
  epoch 2/3:  20%|██        | 18/88 [00:05<00:19,  3.68it/s, loss=0.434]
  epoch 2/3:  22%|██▏       | 19/88 [00:05<00:18,  3.67it/s, loss=0.434]
  epoch 2/3:  22%|██▏       | 19/88 [00:05<00:18,  3.67it/s, loss=0.430]
  epoch 2/3:  23%|██▎       | 20/88 [00:05<00:18,  3.67it/s, loss=0.430]
  epoch 2/3:  23%|██▎       | 20/88 [00:05<00:18,  3.67it/s, loss=0.425]
  epoch 2/3:  24%|██▍       | 21/88 [00:05<00:18,  3.66it/s, loss=0.425]
  epoch 2/3:  24%|██▍       | 21/88 [00:06<00:18,  3.66it/s, loss=0.425]
  epoch 2/3:  25%|██▌       | 22/88 [00:06<00:18,  3.65it/s, loss=0.425]
  epoch 2/3:  25%|██▌       | 22/88 [00:06<00:18,  3.65it/s, loss=0.428]
  epoch 2/3:  26%|██▌       | 23/88 [00:06<00:17,  3.64it/s, loss=0.428]
  epoch 2/3:  26%|██▌       | 23/88 [00:06<00:17,  3.64it/s, loss=0.425]
  epoch 2/3:  27%|██▋       | 24/88 [00:06<00:17,  3.65it/s, loss=0.425]
  epoch 2/3:  27%|██▋       | 24/88 [00:07<00:17,  3.65it/s, loss=0.419]
  epoch 2/3:  28%|██▊       | 25/88 [00:07<00:17,  3.65it/s, loss=0.419]
  epoch 2/3:  28%|██▊       | 25/88 [00:07<00:17,  3.65it/s, loss=0.413]
  epoch 2/3:  30%|██▉       | 26/88 [00:07<00:16,  3.66it/s, loss=0.413]
  epoch 2/3:  30%|██▉       | 26/88 [00:07<00:16,  3.66it/s, loss=0.409]
  epoch 2/3:  31%|███       | 27/88 [00:07<00:16,  3.65it/s, loss=0.409]
  epoch 2/3:  31%|███       | 27/88 [00:07<00:16,  3.65it/s, loss=0.409]
  epoch 2/3:  32%|███▏      | 28/88 [00:07<00:16,  3.65it/s, loss=0.409]
  epoch 2/3:  32%|███▏      | 28/88 [00:08<00:16,  3.65it/s, loss=0.408]
  epoch 2/3:  33%|███▎      | 29/88 [00:08<00:16,  3.65it/s, loss=0.408]
  epoch 2/3:  33%|███▎      | 29/88 [00:08<00:16,  3.65it/s, loss=0.408]
  epoch 2/3:  34%|███▍      | 30/88 [00:08<00:15,  3.65it/s, loss=0.408]
  epoch 2/3:  34%|███▍      | 30/88 [00:08<00:15,  3.65it/s, loss=0.405]
  epoch 2/3:  35%|███▌      | 31/88 [00:08<00:15,  3.66it/s, loss=0.405]
  epoch 2/3:  35%|███▌      | 31/88 [00:08<00:15,  3.66it/s, loss=0.405]
  epoch 2/3:  36%|███▋      | 32/88 [00:08<00:15,  3.61it/s, loss=0.405]
  epoch 2/3:  36%|███▋      | 32/88 [00:09<00:15,  3.61it/s, loss=0.401]
  epoch 2/3:  38%|███▊      | 33/88 [00:09<00:15,  3.65it/s, loss=0.401]
  epoch 2/3:  38%|███▊      | 33/88 [00:09<00:15,  3.65it/s, loss=0.403]
  epoch 2/3:  39%|███▊      | 34/88 [00:09<00:14,  3.66it/s, loss=0.403]
  epoch 2/3:  39%|███▊      | 34/88 [00:09<00:14,  3.66it/s, loss=0.402]
  epoch 2/3:  40%|███▉      | 35/88 [00:09<00:14,  3.66it/s, loss=0.402]
  epoch 2/3:  40%|███▉      | 35/88 [00:10<00:14,  3.66it/s, loss=0.401]
  epoch 2/3:  41%|████      | 36/88 [00:10<00:14,  3.66it/s, loss=0.401]
  epoch 2/3:  41%|████      | 36/88 [00:10<00:14,  3.66it/s, loss=0.399]
  epoch 2/3:  42%|████▏     | 37/88 [00:10<00:13,  3.65it/s, loss=0.399]
  epoch 2/3:  42%|████▏     | 37/88 [00:10<00:13,  3.65it/s, loss=0.397]
  epoch 2/3:  43%|████▎     | 38/88 [00:10<00:13,  3.65it/s, loss=0.397]
  epoch 2/3:  43%|████▎     | 38/88 [00:10<00:13,  3.65it/s, loss=0.394]
  epoch 2/3:  44%|████▍     | 39/88 [00:10<00:13,  3.66it/s, loss=0.394]
  epoch 2/3:  44%|████▍     | 39/88 [00:11<00:13,  3.66it/s, loss=0.392]
  epoch 2/3:  45%|████▌     | 40/88 [00:11<00:13,  3.66it/s, loss=0.392]
  epoch 2/3:  45%|████▌     | 40/88 [00:11<00:13,  3.66it/s, loss=0.389]
  epoch 2/3:  47%|████▋     | 41/88 [00:11<00:12,  3.66it/s, loss=0.389]
  epoch 2/3:  47%|████▋     | 41/88 [00:11<00:12,  3.66it/s, loss=0.388]
  epoch 2/3:  48%|████▊     | 42/88 [00:11<00:12,  3.66it/s, loss=0.388]
  epoch 2/3:  48%|████▊     | 42/88 [00:11<00:12,  3.66it/s, loss=0.387]
  epoch 2/3:  49%|████▉     | 43/88 [00:11<00:12,  3.65it/s, loss=0.387]
  epoch 2/3:  49%|████▉     | 43/88 [00:12<00:12,  3.65it/s, loss=0.385]
  epoch 2/3:  50%|█████     | 44/88 [00:12<00:12,  3.64it/s, loss=0.385]
  epoch 2/3:  50%|█████     | 44/88 [00:12<00:12,  3.64it/s, loss=0.383]
  epoch 2/3:  51%|█████     | 45/88 [00:12<00:11,  3.66it/s, loss=0.383]
  epoch 2/3:  51%|█████     | 45/88 [00:12<00:11,  3.66it/s, loss=0.381]
  epoch 2/3:  52%|█████▏    | 46/88 [00:12<00:11,  3.66it/s, loss=0.381]
  epoch 2/3:  52%|█████▏    | 46/88 [00:13<00:11,  3.66it/s, loss=0.380]
  epoch 2/3:  53%|█████▎    | 47/88 [00:13<00:11,  3.66it/s, loss=0.380]
  epoch 2/3:  53%|█████▎    | 47/88 [00:13<00:11,  3.66it/s, loss=0.378]
  epoch 2/3:  55%|█████▍    | 48/88 [00:13<00:11,  3.61it/s, loss=0.378]
  epoch 2/3:  55%|█████▍    | 48/88 [00:13<00:11,  3.61it/s, loss=0.375]
  epoch 2/3:  56%|█████▌    | 49/88 [00:13<00:10,  3.62it/s, loss=0.375]
  epoch 2/3:  56%|█████▌    | 49/88 [00:13<00:10,  3.62it/s, loss=0.371]
  epoch 2/3:  57%|█████▋    | 50/88 [00:13<00:10,  3.63it/s, loss=0.371]
  epoch 2/3:  57%|█████▋    | 50/88 [00:14<00:10,  3.63it/s, loss=0.371]
  epoch 2/3:  58%|█████▊    | 51/88 [00:14<00:10,  3.64it/s, loss=0.371]
  epoch 2/3:  58%|█████▊    | 51/88 [00:14<00:10,  3.64it/s, loss=0.368]
  epoch 2/3:  59%|█████▉    | 52/88 [00:14<00:09,  3.65it/s, loss=0.368]
  epoch 2/3:  59%|█████▉    | 52/88 [00:14<00:09,  3.65it/s, loss=0.367]
  epoch 2/3:  60%|██████    | 53/88 [00:14<00:09,  3.65it/s, loss=0.367]
  epoch 2/3:  60%|██████    | 53/88 [00:15<00:09,  3.65it/s, loss=0.364]
  epoch 2/3:  61%|██████▏   | 54/88 [00:15<00:09,  3.65it/s, loss=0.364]
  epoch 2/3:  61%|██████▏   | 54/88 [00:15<00:09,  3.65it/s, loss=0.362]
  epoch 2/3:  62%|██████▎   | 55/88 [00:15<00:09,  3.65it/s, loss=0.362]
  epoch 2/3:  62%|██████▎   | 55/88 [00:15<00:09,  3.65it/s, loss=0.358]
  epoch 2/3:  64%|██████▎   | 56/88 [00:15<00:08,  3.65it/s, loss=0.358]
  epoch 2/3:  64%|██████▎   | 56/88 [00:15<00:08,  3.65it/s, loss=0.356]
  epoch 2/3:  65%|██████▍   | 57/88 [00:15<00:08,  3.64it/s, loss=0.356]
  epoch 2/3:  65%|██████▍   | 57/88 [00:16<00:08,  3.64it/s, loss=0.354]
  epoch 2/3:  66%|██████▌   | 58/88 [00:16<00:08,  3.66it/s, loss=0.354]
  epoch 2/3:  66%|██████▌   | 58/88 [00:16<00:08,  3.66it/s, loss=0.351]
  epoch 2/3:  67%|██████▋   | 59/88 [00:16<00:07,  3.66it/s, loss=0.351]
  epoch 2/3:  67%|██████▋   | 59/88 [00:16<00:07,  3.66it/s, loss=0.353]
  epoch 2/3:  68%|██████▊   | 60/88 [00:16<00:07,  3.66it/s, loss=0.353]
  epoch 2/3:  68%|██████▊   | 60/88 [00:16<00:07,  3.66it/s, loss=0.352]
  epoch 2/3:  69%|██████▉   | 61/88 [00:16<00:07,  3.65it/s, loss=0.352]
  epoch 2/3:  69%|██████▉   | 61/88 [00:17<00:07,  3.65it/s, loss=0.352]
  epoch 2/3:  70%|███████   | 62/88 [00:17<00:07,  3.66it/s, loss=0.352]
  epoch 2/3:  70%|███████   | 62/88 [00:17<00:07,  3.66it/s, loss=0.349]
  epoch 2/3:  72%|███████▏  | 63/88 [00:17<00:06,  3.66it/s, loss=0.349]
  epoch 2/3:  72%|███████▏  | 63/88 [00:17<00:06,  3.66it/s, loss=0.346]
  epoch 2/3:  73%|███████▎  | 64/88 [00:17<00:06,  3.61it/s, loss=0.346]
  epoch 2/3:  73%|███████▎  | 64/88 [00:18<00:06,  3.61it/s, loss=0.344]
  epoch 2/3:  74%|███████▍  | 65/88 [00:18<00:06,  3.63it/s, loss=0.344]
  epoch 2/3:  74%|███████▍  | 65/88 [00:18<00:06,  3.63it/s, loss=0.342]
  epoch 2/3:  75%|███████▌  | 66/88 [00:18<00:06,  3.64it/s, loss=0.342]
  epoch 2/3:  75%|███████▌  | 66/88 [00:18<00:06,  3.64it/s, loss=0.339]
  epoch 2/3:  76%|███████▌  | 67/88 [00:18<00:05,  3.65it/s, loss=0.339]
  epoch 2/3:  76%|███████▌  | 67/88 [00:18<00:05,  3.65it/s, loss=0.340]
  epoch 2/3:  77%|███████▋  | 68/88 [00:18<00:05,  3.65it/s, loss=0.340]
  epoch 2/3:  77%|███████▋  | 68/88 [00:19<00:05,  3.65it/s, loss=0.338]
  epoch 2/3:  78%|███████▊  | 69/88 [00:19<00:05,  3.65it/s, loss=0.338]
  epoch 2/3:  78%|███████▊  | 69/88 [00:19<00:05,  3.65it/s, loss=0.336]
  epoch 2/3:  80%|███████▉  | 70/88 [00:19<00:04,  3.66it/s, loss=0.336]
  epoch 2/3:  80%|███████▉  | 70/88 [00:19<00:04,  3.66it/s, loss=0.335]
  epoch 2/3:  81%|████████  | 71/88 [00:19<00:04,  3.65it/s, loss=0.335]
  epoch 2/3:  81%|████████  | 71/88 [00:19<00:04,  3.65it/s, loss=0.334]
  epoch 2/3:  82%|████████▏ | 72/88 [00:19<00:04,  3.64it/s, loss=0.334]
  epoch 2/3:  82%|████████▏ | 72/88 [00:20<00:04,  3.64it/s, loss=0.333]
  epoch 2/3:  83%|████████▎ | 73/88 [00:20<00:04,  3.65it/s, loss=0.333]
  epoch 2/3:  83%|████████▎ | 73/88 [00:20<00:04,  3.65it/s, loss=0.332]
  epoch 2/3:  84%|████████▍ | 74/88 [00:20<00:03,  3.66it/s, loss=0.332]
  epoch 2/3:  84%|████████▍ | 74/88 [00:20<00:03,  3.66it/s, loss=0.331]
  epoch 2/3:  85%|████████▌ | 75/88 [00:20<00:03,  3.65it/s, loss=0.331]
  epoch 2/3:  85%|████████▌ | 75/88 [00:21<00:03,  3.65it/s, loss=0.329]
  epoch 2/3:  86%|████████▋ | 76/88 [00:21<00:03,  3.65it/s, loss=0.329]
  epoch 2/3:  86%|████████▋ | 76/88 [00:21<00:03,  3.65it/s, loss=0.327]
  epoch 2/3:  88%|████████▊ | 77/88 [00:21<00:03,  3.66it/s, loss=0.327]
  epoch 2/3:  88%|████████▊ | 77/88 [00:21<00:03,  3.66it/s, loss=0.328]
  epoch 2/3:  89%|████████▊ | 78/88 [00:21<00:02,  3.66it/s, loss=0.328]
  epoch 2/3:  89%|████████▊ | 78/88 [00:21<00:02,  3.66it/s, loss=0.326]
  epoch 2/3:  90%|████████▉ | 79/88 [00:21<00:02,  3.65it/s, loss=0.326]
  epoch 2/3:  90%|████████▉ | 79/88 [00:22<00:02,  3.65it/s, loss=0.325]
  epoch 2/3:  91%|█████████ | 80/88 [00:22<00:02,  3.60it/s, loss=0.325]
  epoch 2/3:  91%|█████████ | 80/88 [00:22<00:02,  3.60it/s, loss=0.323]
  epoch 2/3:  92%|█████████▏| 81/88 [00:22<00:01,  3.63it/s, loss=0.323]
  epoch 2/3:  92%|█████████▏| 81/88 [00:22<00:01,  3.63it/s, loss=0.322]
  epoch 2/3:  93%|█████████▎| 82/88 [00:22<00:01,  3.64it/s, loss=0.322]
  epoch 2/3:  93%|█████████▎| 82/88 [00:22<00:01,  3.64it/s, loss=0.321]
  epoch 2/3:  94%|█████████▍| 83/88 [00:22<00:01,  3.64it/s, loss=0.321]
  epoch 2/3:  94%|█████████▍| 83/88 [00:23<00:01,  3.64it/s, loss=0.320]
  epoch 2/3:  95%|█████████▌| 84/88 [00:23<00:01,  3.65it/s, loss=0.320]
  epoch 2/3:  95%|█████████▌| 84/88 [00:23<00:01,  3.65it/s, loss=0.319]
  epoch 2/3:  97%|█████████▋| 85/88 [00:23<00:00,  3.66it/s, loss=0.319]
  epoch 2/3:  97%|█████████▋| 85/88 [00:23<00:00,  3.66it/s, loss=0.318]
  epoch 2/3:  98%|█████████▊| 86/88 [00:23<00:00,  3.65it/s, loss=0.318]
  epoch 2/3:  98%|█████████▊| 86/88 [00:24<00:00,  3.65it/s, loss=0.316]
  epoch 2/3:  99%|█████████▉| 87/88 [00:24<00:00,  3.65it/s, loss=0.316]
  epoch 2/3:  99%|█████████▉| 87/88 [00:24<00:00,  3.65it/s, loss=0.316]
  epoch 2/3: 100%|██████████| 88/88 [00:24<00:00,  3.99it/s, loss=0.316]
                                                                        

  epoch 3/3:   0%|          | 0/88 [00:00<?, ?it/s]
  epoch 3/3:   0%|          | 0/88 [00:00<?, ?it/s, loss=0.204]
  epoch 3/3:   1%|          | 1/88 [00:00<00:45,  1.92it/s, loss=0.204]
  epoch 3/3:   1%|          | 1/88 [00:00<00:45,  1.92it/s, loss=0.187]
  epoch 3/3:   2%|▏         | 2/88 [00:00<00:32,  2.65it/s, loss=0.187]
  epoch 3/3:   2%|▏         | 2/88 [00:01<00:32,  2.65it/s, loss=0.198]
  epoch 3/3:   3%|▎         | 3/88 [00:01<00:28,  3.02it/s, loss=0.198]
  epoch 3/3:   3%|▎         | 3/88 [00:01<00:28,  3.02it/s, loss=0.196]
  epoch 3/3:   5%|▍         | 4/88 [00:01<00:25,  3.24it/s, loss=0.196]
  epoch 3/3:   5%|▍         | 4/88 [00:01<00:25,  3.24it/s, loss=0.187]
  epoch 3/3:   6%|▌         | 5/88 [00:01<00:24,  3.37it/s, loss=0.187]
  epoch 3/3:   6%|▌         | 5/88 [00:01<00:24,  3.37it/s, loss=0.190]
  epoch 3/3:   7%|▋         | 6/88 [00:01<00:23,  3.47it/s, loss=0.190]
  epoch 3/3:   7%|▋         | 6/88 [00:02<00:23,  3.47it/s, loss=0.181]
  epoch 3/3:   8%|▊         | 7/88 [00:02<00:23,  3.52it/s, loss=0.181]
  epoch 3/3:   8%|▊         | 7/88 [00:02<00:23,  3.52it/s, loss=0.177]
  epoch 3/3:   9%|▉         | 8/88 [00:02<00:22,  3.53it/s, loss=0.177]
  epoch 3/3:   9%|▉         | 8/88 [00:02<00:22,  3.53it/s, loss=0.173]
  epoch 3/3:  10%|█         | 9/88 [00:02<00:22,  3.56it/s, loss=0.173]
  epoch 3/3:  10%|█         | 9/88 [00:03<00:22,  3.56it/s, loss=0.173]
  epoch 3/3:  11%|█▏        | 10/88 [00:03<00:21,  3.58it/s, loss=0.173]
  epoch 3/3:  11%|█▏        | 10/88 [00:03<00:21,  3.58it/s, loss=0.166]
  epoch 3/3:  12%|█▎        | 11/88 [00:03<00:21,  3.62it/s, loss=0.166]
  epoch 3/3:  12%|█▎        | 11/88 [00:03<00:21,  3.62it/s, loss=0.164]
  epoch 3/3:  14%|█▎        | 12/88 [00:03<00:20,  3.62it/s, loss=0.164]
  epoch 3/3:  14%|█▎        | 12/88 [00:03<00:20,  3.62it/s, loss=0.165]
  epoch 3/3:  15%|█▍        | 13/88 [00:03<00:20,  3.64it/s, loss=0.165]
  epoch 3/3:  15%|█▍        | 13/88 [00:04<00:20,  3.64it/s, loss=0.164]
  epoch 3/3:  16%|█▌        | 14/88 [00:04<00:20,  3.65it/s, loss=0.164]
  epoch 3/3:  16%|█▌        | 14/88 [00:04<00:20,  3.65it/s, loss=0.162]
  epoch 3/3:  17%|█▋        | 15/88 [00:04<00:20,  3.65it/s, loss=0.162]
  epoch 3/3:  17%|█▋        | 15/88 [00:04<00:20,  3.65it/s, loss=0.167]
  epoch 3/3:  18%|█▊        | 16/88 [00:04<00:19,  3.65it/s, loss=0.167]
  epoch 3/3:  18%|█▊        | 16/88 [00:04<00:19,  3.65it/s, loss=0.166]
  epoch 3/3:  19%|█▉        | 17/88 [00:04<00:19,  3.66it/s, loss=0.166]
  epoch 3/3:  19%|█▉        | 17/88 [00:05<00:19,  3.66it/s, loss=0.170]
  epoch 3/3:  20%|██        | 18/88 [00:05<00:19,  3.65it/s, loss=0.170]
  epoch 3/3:  20%|██        | 18/88 [00:05<00:19,  3.65it/s, loss=0.171]
  epoch 3/3:  22%|██▏       | 19/88 [00:05<00:18,  3.66it/s, loss=0.171]
  epoch 3/3:  22%|██▏       | 19/88 [00:05<00:18,  3.66it/s, loss=0.167]
  epoch 3/3:  23%|██▎       | 20/88 [00:05<00:18,  3.65it/s, loss=0.167]
  epoch 3/3:  23%|██▎       | 20/88 [00:06<00:18,  3.65it/s, loss=0.164]
  epoch 3/3:  24%|██▍       | 21/88 [00:06<00:18,  3.65it/s, loss=0.164]
  epoch 3/3:  24%|██▍       | 21/88 [00:06<00:18,  3.65it/s, loss=0.163]
  epoch 3/3:  25%|██▌       | 22/88 [00:06<00:18,  3.63it/s, loss=0.163]
  epoch 3/3:  25%|██▌       | 22/88 [00:06<00:18,  3.63it/s, loss=0.164]
  epoch 3/3:  26%|██▌       | 23/88 [00:06<00:17,  3.62it/s, loss=0.164]
  epoch 3/3:  26%|██▌       | 23/88 [00:06<00:17,  3.62it/s, loss=0.164]
  epoch 3/3:  27%|██▋       | 24/88 [00:06<00:17,  3.59it/s, loss=0.164]
  epoch 3/3:  27%|██▋       | 24/88 [00:07<00:17,  3.59it/s, loss=0.164]
  epoch 3/3:  28%|██▊       | 25/88 [00:07<00:17,  3.61it/s, loss=0.164]
  epoch 3/3:  28%|██▊       | 25/88 [00:07<00:17,  3.61it/s, loss=0.165]
  epoch 3/3:  30%|██▉       | 26/88 [00:07<00:17,  3.63it/s, loss=0.165]
  epoch 3/3:  30%|██▉       | 26/88 [00:07<00:17,  3.63it/s, loss=0.164]
  epoch 3/3:  31%|███       | 27/88 [00:07<00:16,  3.64it/s, loss=0.164]
  epoch 3/3:  31%|███       | 27/88 [00:07<00:16,  3.64it/s, loss=0.163]
  epoch 3/3:  32%|███▏      | 28/88 [00:07<00:16,  3.63it/s, loss=0.163]
  epoch 3/3:  32%|███▏      | 28/88 [00:08<00:16,  3.63it/s, loss=0.162]
  epoch 3/3:  33%|███▎      | 29/88 [00:08<00:16,  3.65it/s, loss=0.162]
  epoch 3/3:  33%|███▎      | 29/88 [00:08<00:16,  3.65it/s, loss=0.162]
  epoch 3/3:  34%|███▍      | 30/88 [00:08<00:15,  3.63it/s, loss=0.162]
  epoch 3/3:  34%|███▍      | 30/88 [00:08<00:15,  3.63it/s, loss=0.162]
  epoch 3/3:  35%|███▌      | 31/88 [00:08<00:15,  3.63it/s, loss=0.162]
  epoch 3/3:  35%|███▌      | 31/88 [00:09<00:15,  3.63it/s, loss=0.160]
  epoch 3/3:  36%|███▋      | 32/88 [00:09<00:15,  3.63it/s, loss=0.160]
  epoch 3/3:  36%|███▋      | 32/88 [00:09<00:15,  3.63it/s, loss=0.161]
  epoch 3/3:  38%|███▊      | 33/88 [00:09<00:15,  3.63it/s, loss=0.161]
  epoch 3/3:  38%|███▊      | 33/88 [00:09<00:15,  3.63it/s, loss=0.159]
  epoch 3/3:  39%|███▊      | 34/88 [00:09<00:14,  3.65it/s, loss=0.159]
  epoch 3/3:  39%|███▊      | 34/88 [00:09<00:14,  3.65it/s, loss=0.159]
  epoch 3/3:  40%|███▉      | 35/88 [00:09<00:14,  3.64it/s, loss=0.159]
  epoch 3/3:  40%|███▉      | 35/88 [00:10<00:14,  3.64it/s, loss=0.160]
  epoch 3/3:  41%|████      | 36/88 [00:10<00:14,  3.66it/s, loss=0.160]
  epoch 3/3:  41%|████      | 36/88 [00:10<00:14,  3.66it/s, loss=0.158]
  epoch 3/3:  42%|████▏     | 37/88 [00:10<00:13,  3.66it/s, loss=0.158]
  epoch 3/3:  42%|████▏     | 37/88 [00:10<00:13,  3.66it/s, loss=0.161]
  epoch 3/3:  43%|████▎     | 38/88 [00:10<00:13,  3.67it/s, loss=0.161]
  epoch 3/3:  43%|████▎     | 38/88 [00:10<00:13,  3.67it/s, loss=0.161]
  epoch 3/3:  44%|████▍     | 39/88 [00:10<00:13,  3.65it/s, loss=0.161]
  epoch 3/3:  44%|████▍     | 39/88 [00:11<00:13,  3.65it/s, loss=0.160]
  epoch 3/3:  45%|████▌     | 40/88 [00:11<00:13,  3.61it/s, loss=0.160]
  epoch 3/3:  45%|████▌     | 40/88 [00:11<00:13,  3.61it/s, loss=0.160]
  epoch 3/3:  47%|████▋     | 41/88 [00:11<00:12,  3.62it/s, loss=0.160]
  epoch 3/3:  47%|████▋     | 41/88 [00:11<00:12,  3.62it/s, loss=0.160]
  epoch 3/3:  48%|████▊     | 42/88 [00:11<00:12,  3.62it/s, loss=0.160]
  epoch 3/3:  48%|████▊     | 42/88 [00:12<00:12,  3.62it/s, loss=0.160]
  epoch 3/3:  49%|████▉     | 43/88 [00:12<00:12,  3.64it/s, loss=0.160]
  epoch 3/3:  49%|████▉     | 43/88 [00:12<00:12,  3.64it/s, loss=0.160]
  epoch 3/3:  50%|█████     | 44/88 [00:12<00:12,  3.62it/s, loss=0.160]
  epoch 3/3:  50%|█████     | 44/88 [00:12<00:12,  3.62it/s, loss=0.161]
  epoch 3/3:  51%|█████     | 45/88 [00:12<00:11,  3.62it/s, loss=0.161]
  epoch 3/3:  51%|█████     | 45/88 [00:12<00:11,  3.62it/s, loss=0.161]
  epoch 3/3:  52%|█████▏    | 46/88 [00:12<00:11,  3.63it/s, loss=0.161]
  epoch 3/3:  52%|█████▏    | 46/88 [00:13<00:11,  3.63it/s, loss=0.160]
  epoch 3/3:  53%|█████▎    | 47/88 [00:13<00:11,  3.63it/s, loss=0.160]
  epoch 3/3:  53%|█████▎    | 47/88 [00:13<00:11,  3.63it/s, loss=0.160]
  epoch 3/3:  55%|█████▍    | 48/88 [00:13<00:10,  3.64it/s, loss=0.160]
  epoch 3/3:  55%|█████▍    | 48/88 [00:13<00:10,  3.64it/s, loss=0.160]
  epoch 3/3:  56%|█████▌    | 49/88 [00:13<00:10,  3.62it/s, loss=0.160]
  epoch 3/3:  56%|█████▌    | 49/88 [00:13<00:10,  3.62it/s, loss=0.159]
  epoch 3/3:  57%|█████▋    | 50/88 [00:13<00:10,  3.62it/s, loss=0.159]
  epoch 3/3:  57%|█████▋    | 50/88 [00:14<00:10,  3.62it/s, loss=0.158]
  epoch 3/3:  58%|█████▊    | 51/88 [00:14<00:10,  3.63it/s, loss=0.158]
  epoch 3/3:  58%|█████▊    | 51/88 [00:14<00:10,  3.63it/s, loss=0.157]
  epoch 3/3:  59%|█████▉    | 52/88 [00:14<00:09,  3.63it/s, loss=0.157]
  epoch 3/3:  59%|█████▉    | 52/88 [00:14<00:09,  3.63it/s, loss=0.157]
  epoch 3/3:  60%|██████    | 53/88 [00:14<00:09,  3.65it/s, loss=0.157]
  epoch 3/3:  60%|██████    | 53/88 [00:15<00:09,  3.65it/s, loss=0.157]
  epoch 3/3:  61%|██████▏   | 54/88 [00:15<00:09,  3.63it/s, loss=0.157]
  epoch 3/3:  61%|██████▏   | 54/88 [00:15<00:09,  3.63it/s, loss=0.157]
  epoch 3/3:  62%|██████▎   | 55/88 [00:15<00:09,  3.62it/s, loss=0.157]
  epoch 3/3:  62%|██████▎   | 55/88 [00:15<00:09,  3.62it/s, loss=0.157]
  epoch 3/3:  64%|██████▎   | 56/88 [00:15<00:08,  3.58it/s, loss=0.157]
  epoch 3/3:  64%|██████▎   | 56/88 [00:15<00:08,  3.58it/s, loss=0.157]
  epoch 3/3:  65%|██████▍   | 57/88 [00:15<00:08,  3.60it/s, loss=0.157]
  epoch 3/3:  65%|██████▍   | 57/88 [00:16<00:08,  3.60it/s, loss=0.158]
  epoch 3/3:  66%|██████▌   | 58/88 [00:16<00:08,  3.58it/s, loss=0.158]
  epoch 3/3:  66%|██████▌   | 58/88 [00:16<00:08,  3.58it/s, loss=0.158]
  epoch 3/3:  67%|██████▋   | 59/88 [00:16<00:08,  3.59it/s, loss=0.158]
  epoch 3/3:  67%|██████▋   | 59/88 [00:16<00:08,  3.59it/s, loss=0.157]
  epoch 3/3:  68%|██████▊   | 60/88 [00:16<00:07,  3.60it/s, loss=0.157]
  epoch 3/3:  68%|██████▊   | 60/88 [00:17<00:07,  3.60it/s, loss=0.157]
  epoch 3/3:  69%|██████▉   | 61/88 [00:17<00:07,  3.61it/s, loss=0.157]
  epoch 3/3:  69%|██████▉   | 61/88 [00:17<00:07,  3.61it/s, loss=0.156]
  epoch 3/3:  70%|███████   | 62/88 [00:17<00:07,  3.62it/s, loss=0.156]
  epoch 3/3:  70%|███████   | 62/88 [00:17<00:07,  3.62it/s, loss=0.154]
  epoch 3/3:  72%|███████▏  | 63/88 [00:17<00:06,  3.63it/s, loss=0.154]
  epoch 3/3:  72%|███████▏  | 63/88 [00:17<00:06,  3.63it/s, loss=0.155]
  epoch 3/3:  73%|███████▎  | 64/88 [00:17<00:06,  3.63it/s, loss=0.155]
  epoch 3/3:  73%|███████▎  | 64/88 [00:18<00:06,  3.63it/s, loss=0.154]
  epoch 3/3:  74%|███████▍  | 65/88 [00:18<00:06,  3.65it/s, loss=0.154]
  epoch 3/3:  74%|███████▍  | 65/88 [00:18<00:06,  3.65it/s, loss=0.153]
  epoch 3/3:  75%|███████▌  | 66/88 [00:18<00:06,  3.63it/s, loss=0.153]
  epoch 3/3:  75%|███████▌  | 66/88 [00:18<00:06,  3.63it/s, loss=0.153]
  epoch 3/3:  76%|███████▌  | 67/88 [00:18<00:05,  3.63it/s, loss=0.153]
  epoch 3/3:  76%|███████▌  | 67/88 [00:18<00:05,  3.63it/s, loss=0.151]
  epoch 3/3:  77%|███████▋  | 68/88 [00:18<00:05,  3.63it/s, loss=0.151]
  epoch 3/3:  77%|███████▋  | 68/88 [00:19<00:05,  3.63it/s, loss=0.151]
  epoch 3/3:  78%|███████▊  | 69/88 [00:19<00:05,  3.63it/s, loss=0.151]
  epoch 3/3:  78%|███████▊  | 69/88 [00:19<00:05,  3.63it/s, loss=0.150]
  epoch 3/3:  80%|███████▉  | 70/88 [00:19<00:04,  3.64it/s, loss=0.150]
  epoch 3/3:  80%|███████▉  | 70/88 [00:19<00:04,  3.64it/s, loss=0.149]
  epoch 3/3:  81%|████████  | 71/88 [00:19<00:04,  3.61it/s, loss=0.149]
  epoch 3/3:  81%|████████  | 71/88 [00:20<00:04,  3.61it/s, loss=0.148]
  epoch 3/3:  82%|████████▏ | 72/88 [00:20<00:04,  3.57it/s, loss=0.148]
  epoch 3/3:  82%|████████▏ | 72/88 [00:20<00:04,  3.57it/s, loss=0.147]
  epoch 3/3:  83%|████████▎ | 73/88 [00:20<00:04,  3.59it/s, loss=0.147]
  epoch 3/3:  83%|████████▎ | 73/88 [00:20<00:04,  3.59it/s, loss=0.146]
  epoch 3/3:  84%|████████▍ | 74/88 [00:20<00:03,  3.62it/s, loss=0.146]
  epoch 3/3:  84%|████████▍ | 74/88 [00:20<00:03,  3.62it/s, loss=0.146]
  epoch 3/3:  85%|████████▌ | 75/88 [00:20<00:03,  3.60it/s, loss=0.146]
  epoch 3/3:  85%|████████▌ | 75/88 [00:21<00:03,  3.60it/s, loss=0.145]
  epoch 3/3:  86%|████████▋ | 76/88 [00:21<00:03,  3.60it/s, loss=0.145]
  epoch 3/3:  86%|████████▋ | 76/88 [00:21<00:03,  3.60it/s, loss=0.144]
  epoch 3/3:  88%|████████▊ | 77/88 [00:21<00:03,  3.62it/s, loss=0.144]
  epoch 3/3:  88%|████████▊ | 77/88 [00:21<00:03,  3.62it/s, loss=0.143]
  epoch 3/3:  89%|████████▊ | 78/88 [00:21<00:02,  3.61it/s, loss=0.143]
  epoch 3/3:  89%|████████▊ | 78/88 [00:22<00:02,  3.61it/s, loss=0.143]
  epoch 3/3:  90%|████████▉ | 79/88 [00:22<00:02,  3.60it/s, loss=0.143]
  epoch 3/3:  90%|████████▉ | 79/88 [00:22<00:02,  3.60it/s, loss=0.142]
  epoch 3/3:  91%|█████████ | 80/88 [00:22<00:02,  3.63it/s, loss=0.142]
  epoch 3/3:  91%|█████████ | 80/88 [00:22<00:02,  3.63it/s, loss=0.141]
  epoch 3/3:  92%|█████████▏| 81/88 [00:22<00:01,  3.62it/s, loss=0.141]
  epoch 3/3:  92%|█████████▏| 81/88 [00:22<00:01,  3.62it/s, loss=0.142]
  epoch 3/3:  93%|█████████▎| 82/88 [00:22<00:01,  3.61it/s, loss=0.142]
  epoch 3/3:  93%|█████████▎| 82/88 [00:23<00:01,  3.61it/s, loss=0.141]
  epoch 3/3:  94%|█████████▍| 83/88 [00:23<00:01,  3.63it/s, loss=0.141]
  epoch 3/3:  94%|█████████▍| 83/88 [00:23<00:01,  3.63it/s, loss=0.141]
  epoch 3/3:  95%|█████████▌| 84/88 [00:23<00:01,  3.60it/s, loss=0.141]
  epoch 3/3:  95%|█████████▌| 84/88 [00:23<00:01,  3.60it/s, loss=0.140]
  epoch 3/3:  97%|█████████▋| 85/88 [00:23<00:00,  3.60it/s, loss=0.140]
  epoch 3/3:  97%|█████████▋| 85/88 [00:23<00:00,  3.60it/s, loss=0.142]
  epoch 3/3:  98%|█████████▊| 86/88 [00:23<00:00,  3.63it/s, loss=0.142]
  epoch 3/3:  98%|█████████▊| 86/88 [00:24<00:00,  3.63it/s, loss=0.141]
  epoch 3/3:  99%|█████████▉| 87/88 [00:24<00:00,  3.63it/s, loss=0.141]
  epoch 3/3:  99%|█████████▉| 87/88 [00:24<00:00,  3.63it/s, loss=0.141]
  epoch 3/3: 100%|██████████| 88/88 [00:24<00:00,  3.94it/s, loss=0.141]
                                                                        
[titans] reset=never | norm(state) sau task = 63.7045
[titans]   self-mod v:β=0.92 |W|=3.54
[titans]   eta_t(avg)=-12.7980  alpha_t/forget-gate(avg)=1.0000
[task 7] test acc so far: 0.800  0.754  0.760  0.646  0.703  0.517  0.540  0.237
[task 7] NCM-online acc so far: 0.423  0.463  0.523  0.563  0.720  0.740  0.894  0.834
[task 7] NCM-posthoc acc so far: 0.729  0.794  0.746  0.711  0.706  0.729  0.857  0.734
[checkpoint] đã lưu tiến độ sau task 7
[task 8] classes=[4, 7, 8, 16, 36] | train=2800

  epoch 1/3:   0%|          | 0/88 [00:00<?, ?it/s]
  epoch 1/3:   0%|          | 0/88 [00:00<?, ?it/s, loss=1.913]
  epoch 1/3:   1%|          | 1/88 [00:00<00:51,  1.69it/s, loss=1.913]
  epoch 1/3:   1%|          | 1/88 [00:00<00:51,  1.69it/s, loss=1.821]
  epoch 1/3:   2%|▏         | 2/88 [00:00<00:34,  2.49it/s, loss=1.821]
  epoch 1/3:   2%|▏         | 2/88 [00:01<00:34,  2.49it/s, loss=1.789]
  epoch 1/3:   3%|▎         | 3/88 [00:01<00:29,  2.90it/s, loss=1.789]
  epoch 1/3:   3%|▎         | 3/88 [00:01<00:29,  2.90it/s, loss=1.741]
  epoch 1/3:   5%|▍         | 4/88 [00:01<00:26,  3.17it/s, loss=1.741]
  epoch 1/3:   5%|▍         | 4/88 [00:01<00:26,  3.17it/s, loss=1.720]
  epoch 1/3:   6%|▌         | 5/88 [00:01<00:24,  3.32it/s, loss=1.720]
  epoch 1/3:   6%|▌         | 5/88 [00:01<00:24,  3.32it/s, loss=1.716]
  epoch 1/3:   7%|▋         | 6/88 [00:01<00:23,  3.43it/s, loss=1.716]
  epoch 1/3:   7%|▋         | 6/88 [00:02<00:23,  3.43it/s, loss=1.714]
  epoch 1/3:   8%|▊         | 7/88 [00:02<00:23,  3.50it/s, loss=1.714]
  epoch 1/3:   8%|▊         | 7/88 [00:02<00:23,  3.50it/s, loss=1.713]
  epoch 1/3:   9%|▉         | 8/88 [00:02<00:22,  3.54it/s, loss=1.713]
  epoch 1/3:   9%|▉         | 8/88 [00:02<00:22,  3.54it/s, loss=1.721]
  epoch 1/3:  10%|█         | 9/88 [00:02<00:22,  3.57it/s, loss=1.721]
  epoch 1/3:  10%|█         | 9/88 [00:03<00:22,  3.57it/s, loss=1.708]
  epoch 1/3:  11%|█▏        | 10/88 [00:03<00:21,  3.60it/s, loss=1.708]
  epoch 1/3:  11%|█▏        | 10/88 [00:03<00:21,  3.60it/s, loss=1.706]
  epoch 1/3:  12%|█▎        | 11/88 [00:03<00:21,  3.61it/s, loss=1.706]
  epoch 1/3:  12%|█▎        | 11/88 [00:03<00:21,  3.61it/s, loss=1.684]
  epoch 1/3:  14%|█▎        | 12/88 [00:03<00:20,  3.63it/s, loss=1.684]
  epoch 1/3:  14%|█▎        | 12/88 [00:03<00:20,  3.63it/s, loss=1.675]
  epoch 1/3:  15%|█▍        | 13/88 [00:03<00:20,  3.63it/s, loss=1.675]
  epoch 1/3:  15%|█▍        | 13/88 [00:04<00:20,  3.63it/s, loss=1.675]
  epoch 1/3:  16%|█▌        | 14/88 [00:04<00:20,  3.64it/s, loss=1.675]
  epoch 1/3:  16%|█▌        | 14/88 [00:04<00:20,  3.64it/s, loss=1.676]
  epoch 1/3:  17%|█▋        | 15/88 [00:04<00:20,  3.64it/s, loss=1.676]
  epoch 1/3:  17%|█▋        | 15/88 [00:04<00:20,  3.64it/s, loss=1.663]
  epoch 1/3:  18%|█▊        | 16/88 [00:04<00:19,  3.60it/s, loss=1.663]
  epoch 1/3:  18%|█▊        | 16/88 [00:04<00:19,  3.60it/s, loss=1.664]
  epoch 1/3:  19%|█▉        | 17/88 [00:04<00:19,  3.61it/s, loss=1.664]
  epoch 1/3:  19%|█▉        | 17/88 [00:05<00:19,  3.61it/s, loss=1.647]
  epoch 1/3:  20%|██        | 18/88 [00:05<00:19,  3.62it/s, loss=1.647]
  epoch 1/3:  20%|██        | 18/88 [00:05<00:19,  3.62it/s, loss=1.645]
  epoch 1/3:  22%|██▏       | 19/88 [00:05<00:18,  3.64it/s, loss=1.645]
  epoch 1/3:  22%|██▏       | 19/88 [00:05<00:18,  3.64it/s, loss=1.636]
  epoch 1/3:  23%|██▎       | 20/88 [00:05<00:18,  3.64it/s, loss=1.636]
  epoch 1/3:  23%|██▎       | 20/88 [00:06<00:18,  3.64it/s, loss=1.628]
  epoch 1/3:  24%|██▍       | 21/88 [00:06<00:18,  3.65it/s, loss=1.628]
  epoch 1/3:  24%|██▍       | 21/88 [00:06<00:18,  3.65it/s, loss=1.623]
  epoch 1/3:  25%|██▌       | 22/88 [00:06<00:18,  3.63it/s, loss=1.623]
  epoch 1/3:  25%|██▌       | 22/88 [00:06<00:18,  3.63it/s, loss=1.609]
  epoch 1/3:  26%|██▌       | 23/88 [00:06<00:17,  3.65it/s, loss=1.609]
  epoch 1/3:  26%|██▌       | 23/88 [00:06<00:17,  3.65it/s, loss=1.599]
  epoch 1/3:  27%|██▋       | 24/88 [00:06<00:17,  3.64it/s, loss=1.599]
  epoch 1/3:  27%|██▋       | 24/88 [00:07<00:17,  3.64it/s, loss=1.589]
  epoch 1/3:  28%|██▊       | 25/88 [00:07<00:17,  3.66it/s, loss=1.589]
  epoch 1/3:  28%|██▊       | 25/88 [00:07<00:17,  3.66it/s, loss=1.582]
  epoch 1/3:  30%|██▉       | 26/88 [00:07<00:17,  3.65it/s, loss=1.582]
  epoch 1/3:  30%|██▉       | 26/88 [00:07<00:17,  3.65it/s, loss=1.571]
  epoch 1/3:  31%|███       | 27/88 [00:07<00:16,  3.66it/s, loss=1.571]
  epoch 1/3:  31%|███       | 27/88 [00:07<00:16,  3.66it/s, loss=1.561]
  epoch 1/3:  32%|███▏      | 28/88 [00:07<00:16,  3.63it/s, loss=1.561]
  epoch 1/3:  32%|███▏      | 28/88 [00:08<00:16,  3.63it/s, loss=1.553]
  epoch 1/3:  33%|███▎      | 29/88 [00:08<00:16,  3.62it/s, loss=1.553]
  epoch 1/3:  33%|███▎      | 29/88 [00:08<00:16,  3.62it/s, loss=1.544]
  epoch 1/3:  34%|███▍      | 30/88 [00:08<00:15,  3.64it/s, loss=1.544]
  epoch 1/3:  34%|███▍      | 30/88 [00:08<00:15,  3.64it/s, loss=1.537]
  epoch 1/3:  35%|███▌      | 31/88 [00:08<00:15,  3.63it/s, loss=1.537]
  epoch 1/3:  35%|███▌      | 31/88 [00:09<00:15,  3.63it/s, loss=1.530]
  epoch 1/3:  36%|███▋      | 32/88 [00:09<00:15,  3.60it/s, loss=1.530]
  epoch 1/3:  36%|███▋      | 32/88 [00:09<00:15,  3.60it/s, loss=1.521]
  epoch 1/3:  38%|███▊      | 33/88 [00:09<00:15,  3.62it/s, loss=1.521]
  epoch 1/3:  38%|███▊      | 33/88 [00:09<00:15,  3.62it/s, loss=1.511]
  epoch 1/3:  39%|███▊      | 34/88 [00:09<00:14,  3.61it/s, loss=1.511]
  epoch 1/3:  39%|███▊      | 34/88 [00:09<00:14,  3.61it/s, loss=1.502]
  epoch 1/3:  40%|███▉      | 35/88 [00:09<00:14,  3.61it/s, loss=1.502]
  epoch 1/3:  40%|███▉      | 35/88 [00:10<00:14,  3.61it/s, loss=1.496]
  epoch 1/3:  41%|████      | 36/88 [00:10<00:14,  3.62it/s, loss=1.496]
  epoch 1/3:  41%|████      | 36/88 [00:10<00:14,  3.62it/s, loss=1.491]
  epoch 1/3:  42%|████▏     | 37/88 [00:10<00:14,  3.62it/s, loss=1.491]
  epoch 1/3:  42%|████▏     | 37/88 [00:10<00:14,  3.62it/s, loss=1.482]
  epoch 1/3:  43%|████▎     | 38/88 [00:10<00:13,  3.64it/s, loss=1.482]
  epoch 1/3:  43%|████▎     | 38/88 [00:11<00:13,  3.64it/s, loss=1.475]
  epoch 1/3:  44%|████▍     | 39/88 [00:11<00:13,  3.63it/s, loss=1.475]
  epoch 1/3:  44%|████▍     | 39/88 [00:11<00:13,  3.63it/s, loss=1.466]
  epoch 1/3:  45%|████▌     | 40/88 [00:11<00:13,  3.66it/s, loss=1.466]
  epoch 1/3:  45%|████▌     | 40/88 [00:11<00:13,  3.66it/s, loss=1.455]
  epoch 1/3:  47%|████▋     | 41/88 [00:11<00:12,  3.65it/s, loss=1.455]
  epoch 1/3:  47%|████▋     | 41/88 [00:11<00:12,  3.65it/s, loss=1.447]
  epoch 1/3:  48%|████▊     | 42/88 [00:11<00:12,  3.65it/s, loss=1.447]
  epoch 1/3:  48%|████▊     | 42/88 [00:12<00:12,  3.65it/s, loss=1.438]
  epoch 1/3:  49%|████▉     | 43/88 [00:12<00:12,  3.64it/s, loss=1.438]
  epoch 1/3:  49%|████▉     | 43/88 [00:12<00:12,  3.64it/s, loss=1.429]
  epoch 1/3:  50%|█████     | 44/88 [00:12<00:12,  3.65it/s, loss=1.429]
  epoch 1/3:  50%|█████     | 44/88 [00:12<00:12,  3.65it/s, loss=1.421]
  epoch 1/3:  51%|█████     | 45/88 [00:12<00:11,  3.65it/s, loss=1.421]
  epoch 1/3:  51%|█████     | 45/88 [00:12<00:11,  3.65it/s, loss=1.412]
  epoch 1/3:  52%|█████▏    | 46/88 [00:12<00:11,  3.66it/s, loss=1.412]
  epoch 1/3:  52%|█████▏    | 46/88 [00:13<00:11,  3.66it/s, loss=1.401]
  epoch 1/3:  53%|█████▎    | 47/88 [00:13<00:11,  3.65it/s, loss=1.401]
  epoch 1/3:  53%|█████▎    | 47/88 [00:13<00:11,  3.65it/s, loss=1.390]
  epoch 1/3:  55%|█████▍    | 48/88 [00:13<00:11,  3.61it/s, loss=1.390]
  epoch 1/3:  55%|█████▍    | 48/88 [00:13<00:11,  3.61it/s, loss=1.382]
  epoch 1/3:  56%|█████▌    | 49/88 [00:13<00:10,  3.63it/s, loss=1.382]
  epoch 1/3:  56%|█████▌    | 49/88 [00:14<00:10,  3.63it/s, loss=1.374]
  epoch 1/3:  57%|█████▋    | 50/88 [00:14<00:10,  3.63it/s, loss=1.374]
  epoch 1/3:  57%|█████▋    | 50/88 [00:14<00:10,  3.63it/s, loss=1.363]
  epoch 1/3:  58%|█████▊    | 51/88 [00:14<00:10,  3.65it/s, loss=1.363]
  epoch 1/3:  58%|█████▊    | 51/88 [00:14<00:10,  3.65it/s, loss=1.354]
  epoch 1/3:  59%|█████▉    | 52/88 [00:14<00:09,  3.64it/s, loss=1.354]
  epoch 1/3:  59%|█████▉    | 52/88 [00:14<00:09,  3.64it/s, loss=1.347]
  epoch 1/3:  60%|██████    | 53/88 [00:14<00:09,  3.65it/s, loss=1.347]
  epoch 1/3:  60%|██████    | 53/88 [00:15<00:09,  3.65it/s, loss=1.340]
  epoch 1/3:  61%|██████▏   | 54/88 [00:15<00:09,  3.64it/s, loss=1.340]
  epoch 1/3:  61%|██████▏   | 54/88 [00:15<00:09,  3.64it/s, loss=1.331]
  epoch 1/3:  62%|██████▎   | 55/88 [00:15<00:09,  3.66it/s, loss=1.331]
  epoch 1/3:  62%|██████▎   | 55/88 [00:15<00:09,  3.66it/s, loss=1.322]
  epoch 1/3:  64%|██████▎   | 56/88 [00:15<00:08,  3.65it/s, loss=1.322]
  epoch 1/3:  64%|██████▎   | 56/88 [00:15<00:08,  3.65it/s, loss=1.315]
  epoch 1/3:  65%|██████▍   | 57/88 [00:15<00:08,  3.66it/s, loss=1.315]
  epoch 1/3:  65%|██████▍   | 57/88 [00:16<00:08,  3.66it/s, loss=1.307]
  epoch 1/3:  66%|██████▌   | 58/88 [00:16<00:08,  3.64it/s, loss=1.307]
  epoch 1/3:  66%|██████▌   | 58/88 [00:16<00:08,  3.64it/s, loss=1.300]
  epoch 1/3:  67%|██████▋   | 59/88 [00:16<00:07,  3.65it/s, loss=1.300]
  epoch 1/3:  67%|██████▋   | 59/88 [00:16<00:07,  3.65it/s, loss=1.293]
  epoch 1/3:  68%|██████▊   | 60/88 [00:16<00:07,  3.64it/s, loss=1.293]
  epoch 1/3:  68%|██████▊   | 60/88 [00:17<00:07,  3.64it/s, loss=1.285]
  epoch 1/3:  69%|██████▉   | 61/88 [00:17<00:07,  3.64it/s, loss=1.285]
  epoch 1/3:  69%|██████▉   | 61/88 [00:17<00:07,  3.64it/s, loss=1.279]
  epoch 1/3:  70%|███████   | 62/88 [00:17<00:07,  3.65it/s, loss=1.279]
  epoch 1/3:  70%|███████   | 62/88 [00:17<00:07,  3.65it/s, loss=1.273]
  epoch 1/3:  72%|███████▏  | 63/88 [00:17<00:06,  3.64it/s, loss=1.273]
  epoch 1/3:  72%|███████▏  | 63/88 [00:17<00:06,  3.64it/s, loss=1.267]
  epoch 1/3:  73%|███████▎  | 64/88 [00:17<00:06,  3.61it/s, loss=1.267]
  epoch 1/3:  73%|███████▎  | 64/88 [00:18<00:06,  3.61it/s, loss=1.259]
  epoch 1/3:  74%|███████▍  | 65/88 [00:18<00:06,  3.63it/s, loss=1.259]
  epoch 1/3:  74%|███████▍  | 65/88 [00:18<00:06,  3.63it/s, loss=1.252]
  epoch 1/3:  75%|███████▌  | 66/88 [00:18<00:06,  3.62it/s, loss=1.252]
  epoch 1/3:  75%|███████▌  | 66/88 [00:18<00:06,  3.62it/s, loss=1.245]
  epoch 1/3:  76%|███████▌  | 67/88 [00:18<00:05,  3.65it/s, loss=1.245]
  epoch 1/3:  76%|███████▌  | 67/88 [00:18<00:05,  3.65it/s, loss=1.238]
  epoch 1/3:  77%|███████▋  | 68/88 [00:18<00:05,  3.65it/s, loss=1.238]
  epoch 1/3:  77%|███████▋  | 68/88 [00:19<00:05,  3.65it/s, loss=1.230]
  epoch 1/3:  78%|███████▊  | 69/88 [00:19<00:05,  3.65it/s, loss=1.230]
  epoch 1/3:  78%|███████▊  | 69/88 [00:19<00:05,  3.65it/s, loss=1.223]
  epoch 1/3:  80%|███████▉  | 70/88 [00:19<00:04,  3.64it/s, loss=1.223]
  epoch 1/3:  80%|███████▉  | 70/88 [00:19<00:04,  3.64it/s, loss=1.214]
  epoch 1/3:  81%|████████  | 71/88 [00:19<00:04,  3.65it/s, loss=1.214]
  epoch 1/3:  81%|████████  | 71/88 [00:20<00:04,  3.65it/s, loss=1.208]
  epoch 1/3:  82%|████████▏ | 72/88 [00:20<00:04,  3.65it/s, loss=1.208]
  epoch 1/3:  82%|████████▏ | 72/88 [00:20<00:04,  3.65it/s, loss=1.201]
  epoch 1/3:  83%|████████▎ | 73/88 [00:20<00:04,  3.66it/s, loss=1.201]
  epoch 1/3:  83%|████████▎ | 73/88 [00:20<00:04,  3.66it/s, loss=1.195]
  epoch 1/3:  84%|████████▍ | 74/88 [00:20<00:03,  3.65it/s, loss=1.195]
  epoch 1/3:  84%|████████▍ | 74/88 [00:20<00:03,  3.65it/s, loss=1.188]
  epoch 1/3:  85%|████████▌ | 75/88 [00:20<00:03,  3.66it/s, loss=1.188]
  epoch 1/3:  85%|████████▌ | 75/88 [00:21<00:03,  3.66it/s, loss=1.180]
  epoch 1/3:  86%|████████▋ | 76/88 [00:21<00:03,  3.65it/s, loss=1.180]
  epoch 1/3:  86%|████████▋ | 76/88 [00:21<00:03,  3.65it/s, loss=1.174]
  epoch 1/3:  88%|████████▊ | 77/88 [00:21<00:03,  3.65it/s, loss=1.174]
  epoch 1/3:  88%|████████▊ | 77/88 [00:21<00:03,  3.65it/s, loss=1.167]
  epoch 1/3:  89%|████████▊ | 78/88 [00:21<00:02,  3.64it/s, loss=1.167]
  epoch 1/3:  89%|████████▊ | 78/88 [00:22<00:02,  3.64it/s, loss=1.160]
  epoch 1/3:  90%|████████▉ | 79/88 [00:22<00:02,  3.67it/s, loss=1.160]
  epoch 1/3:  90%|████████▉ | 79/88 [00:22<00:02,  3.67it/s, loss=1.153]
  epoch 1/3:  91%|█████████ | 80/88 [00:22<00:02,  3.61it/s, loss=1.153]
  epoch 1/3:  91%|█████████ | 80/88 [00:22<00:02,  3.61it/s, loss=1.147]
  epoch 1/3:  92%|█████████▏| 81/88 [00:22<00:01,  3.62it/s, loss=1.147]
  epoch 1/3:  92%|█████████▏| 81/88 [00:22<00:01,  3.62it/s, loss=1.140]
  epoch 1/3:  93%|█████████▎| 82/88 [00:22<00:01,  3.65it/s, loss=1.140]
  epoch 1/3:  93%|█████████▎| 82/88 [00:23<00:01,  3.65it/s, loss=1.134]
  epoch 1/3:  94%|█████████▍| 83/88 [00:23<00:01,  3.64it/s, loss=1.134]
  epoch 1/3:  94%|█████████▍| 83/88 [00:23<00:01,  3.64it/s, loss=1.129]
  epoch 1/3:  95%|█████████▌| 84/88 [00:23<00:01,  3.66it/s, loss=1.129]
  epoch 1/3:  95%|█████████▌| 84/88 [00:23<00:01,  3.66it/s, loss=1.122]
  epoch 1/3:  97%|█████████▋| 85/88 [00:23<00:00,  3.65it/s, loss=1.122]
  epoch 1/3:  97%|█████████▋| 85/88 [00:23<00:00,  3.65it/s, loss=1.116]
  epoch 1/3:  98%|█████████▊| 86/88 [00:23<00:00,  3.66it/s, loss=1.116]
  epoch 1/3:  98%|█████████▊| 86/88 [00:24<00:00,  3.66it/s, loss=1.110]
  epoch 1/3:  99%|█████████▉| 87/88 [00:24<00:00,  3.65it/s, loss=1.110]
  epoch 1/3:  99%|█████████▉| 87/88 [00:24<00:00,  3.65it/s, loss=1.108]
  epoch 1/3: 100%|██████████| 88/88 [00:24<00:00,  3.98it/s, loss=1.108]
                                                                        

  epoch 2/3:   0%|          | 0/88 [00:00<?, ?it/s]
  epoch 2/3:   0%|          | 0/88 [00:00<?, ?it/s, loss=0.479]
  epoch 2/3:   1%|          | 1/88 [00:00<00:44,  1.96it/s, loss=0.479]
  epoch 2/3:   1%|          | 1/88 [00:00<00:44,  1.96it/s, loss=0.492]
  epoch 2/3:   2%|▏         | 2/88 [00:00<00:31,  2.71it/s, loss=0.492]
  epoch 2/3:   2%|▏         | 2/88 [00:01<00:31,  2.71it/s, loss=0.505]
  epoch 2/3:   3%|▎         | 3/88 [00:01<00:27,  3.06it/s, loss=0.505]
  epoch 2/3:   3%|▎         | 3/88 [00:01<00:27,  3.06it/s, loss=0.521]
  epoch 2/3:   5%|▍         | 4/88 [00:01<00:25,  3.28it/s, loss=0.521]
  epoch 2/3:   5%|▍         | 4/88 [00:01<00:25,  3.28it/s, loss=0.525]
  epoch 2/3:   6%|▌         | 5/88 [00:01<00:24,  3.39it/s, loss=0.525]
  epoch 2/3:   6%|▌         | 5/88 [00:01<00:24,  3.39it/s, loss=0.506]
  epoch 2/3:   7%|▋         | 6/88 [00:01<00:23,  3.46it/s, loss=0.506]
  epoch 2/3:   7%|▋         | 6/88 [00:02<00:23,  3.46it/s, loss=0.522]
  epoch 2/3:   8%|▊         | 7/88 [00:02<00:23,  3.52it/s, loss=0.522]
  epoch 2/3:   8%|▊         | 7/88 [00:02<00:23,  3.52it/s, loss=0.525]
  epoch 2/3:   9%|▉         | 8/88 [00:02<00:22,  3.50it/s, loss=0.525]
  epoch 2/3:   9%|▉         | 8/88 [00:02<00:22,  3.50it/s, loss=0.519]
  epoch 2/3:  10%|█         | 9/88 [00:02<00:22,  3.53it/s, loss=0.519]
  epoch 2/3:  10%|█         | 9/88 [00:03<00:22,  3.53it/s, loss=0.524]
  epoch 2/3:  11%|█▏        | 10/88 [00:03<00:21,  3.55it/s, loss=0.524]
  epoch 2/3:  11%|█▏        | 10/88 [00:03<00:21,  3.55it/s, loss=0.524]
  epoch 2/3:  12%|█▎        | 11/88 [00:03<00:21,  3.60it/s, loss=0.524]
  epoch 2/3:  12%|█▎        | 11/88 [00:03<00:21,  3.60it/s, loss=0.524]
  epoch 2/3:  14%|█▎        | 12/88 [00:03<00:21,  3.61it/s, loss=0.524]
  epoch 2/3:  14%|█▎        | 12/88 [00:03<00:21,  3.61it/s, loss=0.534]
  epoch 2/3:  15%|█▍        | 13/88 [00:03<00:20,  3.63it/s, loss=0.534]
  epoch 2/3:  15%|█▍        | 13/88 [00:04<00:20,  3.63it/s, loss=0.538]
  epoch 2/3:  16%|█▌        | 14/88 [00:04<00:20,  3.62it/s, loss=0.538]
  epoch 2/3:  16%|█▌        | 14/88 [00:04<00:20,  3.62it/s, loss=0.539]
  epoch 2/3:  17%|█▋        | 15/88 [00:04<00:20,  3.64it/s, loss=0.539]
  epoch 2/3:  17%|█▋        | 15/88 [00:04<00:20,  3.64it/s, loss=0.541]
  epoch 2/3:  18%|█▊        | 16/88 [00:04<00:19,  3.63it/s, loss=0.541]
  epoch 2/3:  18%|█▊        | 16/88 [00:04<00:19,  3.63it/s, loss=0.537]
  epoch 2/3:  19%|█▉        | 17/88 [00:04<00:19,  3.64it/s, loss=0.537]
  epoch 2/3:  19%|█▉        | 17/88 [00:05<00:19,  3.64it/s, loss=0.538]
  epoch 2/3:  20%|██        | 18/88 [00:05<00:19,  3.62it/s, loss=0.538]
  epoch 2/3:  20%|██        | 18/88 [00:05<00:19,  3.62it/s, loss=0.537]
  epoch 2/3:  22%|██▏       | 19/88 [00:05<00:19,  3.63it/s, loss=0.537]
  epoch 2/3:  22%|██▏       | 19/88 [00:05<00:19,  3.63it/s, loss=0.531]
  epoch 2/3:  23%|██▎       | 20/88 [00:05<00:18,  3.64it/s, loss=0.531]
  epoch 2/3:  23%|██▎       | 20/88 [00:06<00:18,  3.64it/s, loss=0.528]
  epoch 2/3:  24%|██▍       | 21/88 [00:06<00:18,  3.64it/s, loss=0.528]
  epoch 2/3:  24%|██▍       | 21/88 [00:06<00:18,  3.64it/s, loss=0.525]
  epoch 2/3:  25%|██▌       | 22/88 [00:06<00:18,  3.64it/s, loss=0.525]
  epoch 2/3:  25%|██▌       | 22/88 [00:06<00:18,  3.64it/s, loss=0.517]
  epoch 2/3:  26%|██▌       | 23/88 [00:06<00:17,  3.63it/s, loss=0.517]
  epoch 2/3:  26%|██▌       | 23/88 [00:06<00:17,  3.63it/s, loss=0.514]
  epoch 2/3:  27%|██▋       | 24/88 [00:06<00:17,  3.58it/s, loss=0.514]
  epoch 2/3:  27%|██▋       | 24/88 [00:07<00:17,  3.58it/s, loss=0.512]
  epoch 2/3:  28%|██▊       | 25/88 [00:07<00:17,  3.60it/s, loss=0.512]
  epoch 2/3:  28%|██▊       | 25/88 [00:07<00:17,  3.60it/s, loss=0.507]
  epoch 2/3:  30%|██▉       | 26/88 [00:07<00:17,  3.63it/s, loss=0.507]
  epoch 2/3:  30%|██▉       | 26/88 [00:07<00:17,  3.63it/s, loss=0.502]
  epoch 2/3:  31%|███       | 27/88 [00:07<00:16,  3.62it/s, loss=0.502]
  epoch 2/3:  31%|███       | 27/88 [00:07<00:16,  3.62it/s, loss=0.498]
  epoch 2/3:  32%|███▏      | 28/88 [00:07<00:16,  3.64it/s, loss=0.498]
  epoch 2/3:  32%|███▏      | 28/88 [00:08<00:16,  3.64it/s, loss=0.493]
  epoch 2/3:  33%|███▎      | 29/88 [00:08<00:16,  3.62it/s, loss=0.493]
  epoch 2/3:  33%|███▎      | 29/88 [00:08<00:16,  3.62it/s, loss=0.491]
  epoch 2/3:  34%|███▍      | 30/88 [00:08<00:16,  3.62it/s, loss=0.491]
  epoch 2/3:  34%|███▍      | 30/88 [00:08<00:16,  3.62it/s, loss=0.489]
  epoch 2/3:  35%|███▌      | 31/88 [00:08<00:15,  3.63it/s, loss=0.489]
  epoch 2/3:  35%|███▌      | 31/88 [00:09<00:15,  3.63it/s, loss=0.487]
  epoch 2/3:  36%|███▋      | 32/88 [00:09<00:15,  3.63it/s, loss=0.487]
  epoch 2/3:  36%|███▋      | 32/88 [00:09<00:15,  3.63it/s, loss=0.484]
  epoch 2/3:  38%|███▊      | 33/88 [00:09<00:15,  3.65it/s, loss=0.484]
  epoch 2/3:  38%|███▊      | 33/88 [00:09<00:15,  3.65it/s, loss=0.483]
  epoch 2/3:  39%|███▊      | 34/88 [00:09<00:14,  3.64it/s, loss=0.483]
  epoch 2/3:  39%|███▊      | 34/88 [00:09<00:14,  3.64it/s, loss=0.479]
  epoch 2/3:  40%|███▉      | 35/88 [00:09<00:14,  3.65it/s, loss=0.479]
  epoch 2/3:  40%|███▉      | 35/88 [00:10<00:14,  3.65it/s, loss=0.478]
  epoch 2/3:  41%|████      | 36/88 [00:10<00:14,  3.64it/s, loss=0.478]
  epoch 2/3:  41%|████      | 36/88 [00:10<00:14,  3.64it/s, loss=0.472]
  epoch 2/3:  42%|████▏     | 37/88 [00:10<00:13,  3.65it/s, loss=0.472]
  epoch 2/3:  42%|████▏     | 37/88 [00:10<00:13,  3.65it/s, loss=0.470]
  epoch 2/3:  43%|████▎     | 38/88 [00:10<00:13,  3.63it/s, loss=0.470]
  epoch 2/3:  43%|████▎     | 38/88 [00:10<00:13,  3.63it/s, loss=0.467]
  epoch 2/3:  44%|████▍     | 39/88 [00:10<00:13,  3.62it/s, loss=0.467]
  epoch 2/3:  44%|████▍     | 39/88 [00:11<00:13,  3.62it/s, loss=0.463]
  epoch 2/3:  45%|████▌     | 40/88 [00:11<00:13,  3.59it/s, loss=0.463]
  epoch 2/3:  45%|████▌     | 40/88 [00:11<00:13,  3.59it/s, loss=0.460]
  epoch 2/3:  47%|████▋     | 41/88 [00:11<00:12,  3.62it/s, loss=0.460]
  epoch 2/3:  47%|████▋     | 41/88 [00:11<00:12,  3.62it/s, loss=0.459]
  epoch 2/3:  48%|████▊     | 42/88 [00:11<00:12,  3.62it/s, loss=0.459]
  epoch 2/3:  48%|████▊     | 42/88 [00:12<00:12,  3.62it/s, loss=0.455]
  epoch 2/3:  49%|████▉     | 43/88 [00:12<00:12,  3.64it/s, loss=0.455]
  epoch 2/3:  49%|████▉     | 43/88 [00:12<00:12,  3.64it/s, loss=0.452]
  epoch 2/3:  50%|█████     | 44/88 [00:12<00:12,  3.64it/s, loss=0.452]
  epoch 2/3:  50%|█████     | 44/88 [00:12<00:12,  3.64it/s, loss=0.448]
  epoch 2/3:  51%|█████     | 45/88 [00:12<00:11,  3.65it/s, loss=0.448]
  epoch 2/3:  51%|█████     | 45/88 [00:12<00:11,  3.65it/s, loss=0.445]
  epoch 2/3:  52%|█████▏    | 46/88 [00:12<00:11,  3.64it/s, loss=0.445]
  epoch 2/3:  52%|█████▏    | 46/88 [00:13<00:11,  3.64it/s, loss=0.442]
  epoch 2/3:  53%|█████▎    | 47/88 [00:13<00:11,  3.66it/s, loss=0.442]
  epoch 2/3:  53%|█████▎    | 47/88 [00:13<00:11,  3.66it/s, loss=0.440]
  epoch 2/3:  55%|█████▍    | 48/88 [00:13<00:10,  3.65it/s, loss=0.440]
  epoch 2/3:  55%|█████▍    | 48/88 [00:13<00:10,  3.65it/s, loss=0.438]
  epoch 2/3:  56%|█████▌    | 49/88 [00:13<00:10,  3.65it/s, loss=0.438]
  epoch 2/3:  56%|█████▌    | 49/88 [00:14<00:10,  3.65it/s, loss=0.434]
  epoch 2/3:  57%|█████▋    | 50/88 [00:14<00:10,  3.64it/s, loss=0.434]
  epoch 2/3:  57%|█████▋    | 50/88 [00:14<00:10,  3.64it/s, loss=0.431]
  epoch 2/3:  58%|█████▊    | 51/88 [00:14<00:10,  3.66it/s, loss=0.431]
  epoch 2/3:  58%|█████▊    | 51/88 [00:14<00:10,  3.66it/s, loss=0.427]
  epoch 2/3:  59%|█████▉    | 52/88 [00:14<00:09,  3.65it/s, loss=0.427]
  epoch 2/3:  59%|█████▉    | 52/88 [00:14<00:09,  3.65it/s, loss=0.424]
  epoch 2/3:  60%|██████    | 53/88 [00:14<00:09,  3.65it/s, loss=0.424]
  epoch 2/3:  60%|██████    | 53/88 [00:15<00:09,  3.65it/s, loss=0.421]
  epoch 2/3:  61%|██████▏   | 54/88 [00:15<00:09,  3.63it/s, loss=0.421]
  epoch 2/3:  61%|██████▏   | 54/88 [00:15<00:09,  3.63it/s, loss=0.419]
  epoch 2/3:  62%|██████▎   | 55/88 [00:15<00:09,  3.63it/s, loss=0.419]
  epoch 2/3:  62%|██████▎   | 55/88 [00:15<00:09,  3.63it/s, loss=0.417]
  epoch 2/3:  64%|██████▎   | 56/88 [00:15<00:08,  3.59it/s, loss=0.417]
  epoch 2/3:  64%|██████▎   | 56/88 [00:15<00:08,  3.59it/s, loss=0.415]
  epoch 2/3:  65%|██████▍   | 57/88 [00:15<00:08,  3.61it/s, loss=0.415]
  epoch 2/3:  65%|██████▍   | 57/88 [00:16<00:08,  3.61it/s, loss=0.412]
  epoch 2/3:  66%|██████▌   | 58/88 [00:16<00:08,  3.61it/s, loss=0.412]
  epoch 2/3:  66%|██████▌   | 58/88 [00:16<00:08,  3.61it/s, loss=0.408]
  epoch 2/3:  67%|██████▋   | 59/88 [00:16<00:08,  3.62it/s, loss=0.408]
  epoch 2/3:  67%|██████▋   | 59/88 [00:16<00:08,  3.62it/s, loss=0.406]
  epoch 2/3:  68%|██████▊   | 60/88 [00:16<00:07,  3.62it/s, loss=0.406]
  epoch 2/3:  68%|██████▊   | 60/88 [00:17<00:07,  3.62it/s, loss=0.404]
  epoch 2/3:  69%|██████▉   | 61/88 [00:17<00:07,  3.62it/s, loss=0.404]
  epoch 2/3:  69%|██████▉   | 61/88 [00:17<00:07,  3.62it/s, loss=0.402]
  epoch 2/3:  70%|███████   | 62/88 [00:17<00:07,  3.63it/s, loss=0.402]
  epoch 2/3:  70%|███████   | 62/88 [00:17<00:07,  3.63it/s, loss=0.398]
  epoch 2/3:  72%|███████▏  | 63/88 [00:17<00:06,  3.64it/s, loss=0.398]
  epoch 2/3:  72%|███████▏  | 63/88 [00:17<00:06,  3.64it/s, loss=0.396]
  epoch 2/3:  73%|███████▎  | 64/88 [00:17<00:06,  3.65it/s, loss=0.396]
  epoch 2/3:  73%|███████▎  | 64/88 [00:18<00:06,  3.65it/s, loss=0.394]
  epoch 2/3:  74%|███████▍  | 65/88 [00:18<00:06,  3.65it/s, loss=0.394]
  epoch 2/3:  74%|███████▍  | 65/88 [00:18<00:06,  3.65it/s, loss=0.393]
  epoch 2/3:  75%|███████▌  | 66/88 [00:18<00:06,  3.65it/s, loss=0.393]
  epoch 2/3:  75%|███████▌  | 66/88 [00:18<00:06,  3.65it/s, loss=0.391]
  epoch 2/3:  76%|███████▌  | 67/88 [00:18<00:05,  3.64it/s, loss=0.391]
  epoch 2/3:  76%|███████▌  | 67/88 [00:18<00:05,  3.64it/s, loss=0.388]
  epoch 2/3:  77%|███████▋  | 68/88 [00:18<00:05,  3.65it/s, loss=0.388]
  epoch 2/3:  77%|███████▋  | 68/88 [00:19<00:05,  3.65it/s, loss=0.386]
  epoch 2/3:  78%|███████▊  | 69/88 [00:19<00:05,  3.65it/s, loss=0.386]
  epoch 2/3:  78%|███████▊  | 69/88 [00:19<00:05,  3.65it/s, loss=0.383]
  epoch 2/3:  80%|███████▉  | 70/88 [00:19<00:04,  3.66it/s, loss=0.383]
  epoch 2/3:  80%|███████▉  | 70/88 [00:19<00:04,  3.66it/s, loss=0.379]
  epoch 2/3:  81%|████████  | 71/88 [00:19<00:04,  3.65it/s, loss=0.379]
  epoch 2/3:  81%|████████  | 71/88 [00:20<00:04,  3.65it/s, loss=0.377]
  epoch 2/3:  82%|████████▏ | 72/88 [00:20<00:04,  3.61it/s, loss=0.377]
  epoch 2/3:  82%|████████▏ | 72/88 [00:20<00:04,  3.61it/s, loss=0.376]
  epoch 2/3:  83%|████████▎ | 73/88 [00:20<00:04,  3.63it/s, loss=0.376]
  epoch 2/3:  83%|████████▎ | 73/88 [00:20<00:04,  3.63it/s, loss=0.376]
  epoch 2/3:  84%|████████▍ | 74/88 [00:20<00:03,  3.63it/s, loss=0.376]
  epoch 2/3:  84%|████████▍ | 74/88 [00:20<00:03,  3.63it/s, loss=0.374]
  epoch 2/3:  85%|████████▌ | 75/88 [00:20<00:03,  3.64it/s, loss=0.374]
  epoch 2/3:  85%|████████▌ | 75/88 [00:21<00:03,  3.64it/s, loss=0.372]
  epoch 2/3:  86%|████████▋ | 76/88 [00:21<00:03,  3.64it/s, loss=0.372]
  epoch 2/3:  86%|████████▋ | 76/88 [00:21<00:03,  3.64it/s, loss=0.370]
  epoch 2/3:  88%|████████▊ | 77/88 [00:21<00:03,  3.65it/s, loss=0.370]
  epoch 2/3:  88%|████████▊ | 77/88 [00:21<00:03,  3.65it/s, loss=0.367]
  epoch 2/3:  89%|████████▊ | 78/88 [00:21<00:02,  3.65it/s, loss=0.367]
  epoch 2/3:  89%|████████▊ | 78/88 [00:21<00:02,  3.65it/s, loss=0.365]
  epoch 2/3:  90%|████████▉ | 79/88 [00:21<00:02,  3.66it/s, loss=0.365]
  epoch 2/3:  90%|████████▉ | 79/88 [00:22<00:02,  3.66it/s, loss=0.362]
  epoch 2/3:  91%|█████████ | 80/88 [00:22<00:02,  3.65it/s, loss=0.362]
  epoch 2/3:  91%|█████████ | 80/88 [00:22<00:02,  3.65it/s, loss=0.361]
  epoch 2/3:  92%|█████████▏| 81/88 [00:22<00:01,  3.66it/s, loss=0.361]
  epoch 2/3:  92%|█████████▏| 81/88 [00:22<00:01,  3.66it/s, loss=0.359]
  epoch 2/3:  93%|█████████▎| 82/88 [00:22<00:01,  3.66it/s, loss=0.359]
  epoch 2/3:  93%|█████████▎| 82/88 [00:23<00:01,  3.66it/s, loss=0.358]
  epoch 2/3:  94%|█████████▍| 83/88 [00:23<00:01,  3.66it/s, loss=0.358]
  epoch 2/3:  94%|█████████▍| 83/88 [00:23<00:01,  3.66it/s, loss=0.357]
  epoch 2/3:  95%|█████████▌| 84/88 [00:23<00:01,  3.66it/s, loss=0.357]
  epoch 2/3:  95%|█████████▌| 84/88 [00:23<00:01,  3.66it/s, loss=0.355]
  epoch 2/3:  97%|█████████▋| 85/88 [00:23<00:00,  3.65it/s, loss=0.355]
  epoch 2/3:  97%|█████████▋| 85/88 [00:23<00:00,  3.65it/s, loss=0.353]
  epoch 2/3:  98%|█████████▊| 86/88 [00:23<00:00,  3.66it/s, loss=0.353]
  epoch 2/3:  98%|█████████▊| 86/88 [00:24<00:00,  3.66it/s, loss=0.351]
  epoch 2/3:  99%|█████████▉| 87/88 [00:24<00:00,  3.65it/s, loss=0.351]
  epoch 2/3:  99%|█████████▉| 87/88 [00:24<00:00,  3.65it/s, loss=0.350]
  epoch 2/3: 100%|██████████| 88/88 [00:24<00:00,  3.96it/s, loss=0.350]
                                                                        

  epoch 3/3:   0%|          | 0/88 [00:00<?, ?it/s]
  epoch 3/3:   0%|          | 0/88 [00:00<?, ?it/s, loss=0.288]
  epoch 3/3:   1%|          | 1/88 [00:00<00:45,  1.92it/s, loss=0.288]
  epoch 3/3:   1%|          | 1/88 [00:00<00:45,  1.92it/s, loss=0.233]
  epoch 3/3:   2%|▏         | 2/88 [00:00<00:32,  2.68it/s, loss=0.233]
  epoch 3/3:   2%|▏         | 2/88 [00:01<00:32,  2.68it/s, loss=0.199]
  epoch 3/3:   3%|▎         | 3/88 [00:01<00:28,  3.03it/s, loss=0.199]
  epoch 3/3:   3%|▎         | 3/88 [00:01<00:28,  3.03it/s, loss=0.184]
  epoch 3/3:   5%|▍         | 4/88 [00:01<00:25,  3.24it/s, loss=0.184]
  epoch 3/3:   5%|▍         | 4/88 [00:01<00:25,  3.24it/s, loss=0.174]
  epoch 3/3:   6%|▌         | 5/88 [00:01<00:24,  3.37it/s, loss=0.174]
  epoch 3/3:   6%|▌         | 5/88 [00:01<00:24,  3.37it/s, loss=0.185]
  epoch 3/3:   7%|▋         | 6/88 [00:01<00:23,  3.46it/s, loss=0.185]
  epoch 3/3:   7%|▋         | 6/88 [00:02<00:23,  3.46it/s, loss=0.189]
  epoch 3/3:   8%|▊         | 7/88 [00:02<00:22,  3.53it/s, loss=0.189]
  epoch 3/3:   8%|▊         | 7/88 [00:02<00:22,  3.53it/s, loss=0.187]
  epoch 3/3:   9%|▉         | 8/88 [00:02<00:22,  3.57it/s, loss=0.187]
  epoch 3/3:   9%|▉         | 8/88 [00:02<00:22,  3.57it/s, loss=0.189]
  epoch 3/3:  10%|█         | 9/88 [00:02<00:21,  3.59it/s, loss=0.189]
  epoch 3/3:  10%|█         | 9/88 [00:02<00:21,  3.59it/s, loss=0.187]
  epoch 3/3:  11%|█▏        | 10/88 [00:02<00:21,  3.61it/s, loss=0.187]
  epoch 3/3:  11%|█▏        | 10/88 [00:03<00:21,  3.61it/s, loss=0.183]
  epoch 3/3:  12%|█▎        | 11/88 [00:03<00:21,  3.63it/s, loss=0.183]
  epoch 3/3:  12%|█▎        | 11/88 [00:03<00:21,  3.63it/s, loss=0.191]
  epoch 3/3:  14%|█▎        | 12/88 [00:03<00:20,  3.63it/s, loss=0.191]
  epoch 3/3:  14%|█▎        | 12/88 [00:03<00:20,  3.63it/s, loss=0.187]
  epoch 3/3:  15%|█▍        | 13/88 [00:03<00:20,  3.64it/s, loss=0.187]
  epoch 3/3:  15%|█▍        | 13/88 [00:04<00:20,  3.64it/s, loss=0.195]
  epoch 3/3:  16%|█▌        | 14/88 [00:04<00:20,  3.64it/s, loss=0.195]
  epoch 3/3:  16%|█▌        | 14/88 [00:04<00:20,  3.64it/s, loss=0.193]
  epoch 3/3:  17%|█▋        | 15/88 [00:04<00:20,  3.65it/s, loss=0.193]
  epoch 3/3:  17%|█▋        | 15/88 [00:04<00:20,  3.65it/s, loss=0.187]
  epoch 3/3:  18%|█▊        | 16/88 [00:04<00:20,  3.60it/s, loss=0.187]
  epoch 3/3:  18%|█▊        | 16/88 [00:04<00:20,  3.60it/s, loss=0.187]
  epoch 3/3:  19%|█▉        | 17/88 [00:04<00:19,  3.63it/s, loss=0.187]
  epoch 3/3:  19%|█▉        | 17/88 [00:05<00:19,  3.63it/s, loss=0.186]
  epoch 3/3:  20%|██        | 18/88 [00:05<00:19,  3.63it/s, loss=0.186]
  epoch 3/3:  20%|██        | 18/88 [00:05<00:19,  3.63it/s, loss=0.190]
  epoch 3/3:  22%|██▏       | 19/88 [00:05<00:19,  3.63it/s, loss=0.190]
  epoch 3/3:  22%|██▏       | 19/88 [00:05<00:19,  3.63it/s, loss=0.186]
  epoch 3/3:  23%|██▎       | 20/88 [00:05<00:18,  3.64it/s, loss=0.186]
  epoch 3/3:  23%|██▎       | 20/88 [00:06<00:18,  3.64it/s, loss=0.186]
  epoch 3/3:  24%|██▍       | 21/88 [00:06<00:18,  3.63it/s, loss=0.186]
  epoch 3/3:  24%|██▍       | 21/88 [00:06<00:18,  3.63it/s, loss=0.184]
  epoch 3/3:  25%|██▌       | 22/88 [00:06<00:18,  3.65it/s, loss=0.184]
  epoch 3/3:  25%|██▌       | 22/88 [00:06<00:18,  3.65it/s, loss=0.182]
  epoch 3/3:  26%|██▌       | 23/88 [00:06<00:17,  3.66it/s, loss=0.182]
  epoch 3/3:  26%|██▌       | 23/88 [00:06<00:17,  3.66it/s, loss=0.180]
  epoch 3/3:  27%|██▋       | 24/88 [00:06<00:17,  3.65it/s, loss=0.180]
  epoch 3/3:  27%|██▋       | 24/88 [00:07<00:17,  3.65it/s, loss=0.179]
  epoch 3/3:  28%|██▊       | 25/88 [00:07<00:17,  3.65it/s, loss=0.179]
  epoch 3/3:  28%|██▊       | 25/88 [00:07<00:17,  3.65it/s, loss=0.180]
  epoch 3/3:  30%|██▉       | 26/88 [00:07<00:17,  3.64it/s, loss=0.180]
  epoch 3/3:  30%|██▉       | 26/88 [00:07<00:17,  3.64it/s, loss=0.181]
  epoch 3/3:  31%|███       | 27/88 [00:07<00:16,  3.65it/s, loss=0.181]
  epoch 3/3:  31%|███       | 27/88 [00:07<00:16,  3.65it/s, loss=0.178]
  epoch 3/3:  32%|███▏      | 28/88 [00:07<00:16,  3.65it/s, loss=0.178]
  epoch 3/3:  32%|███▏      | 28/88 [00:08<00:16,  3.65it/s, loss=0.176]
  epoch 3/3:  33%|███▎      | 29/88 [00:08<00:16,  3.65it/s, loss=0.176]
  epoch 3/3:  33%|███▎      | 29/88 [00:08<00:16,  3.65it/s, loss=0.174]
  epoch 3/3:  34%|███▍      | 30/88 [00:08<00:15,  3.65it/s, loss=0.174]
  epoch 3/3:  34%|███▍      | 30/88 [00:08<00:15,  3.65it/s, loss=0.173]
  epoch 3/3:  35%|███▌      | 31/88 [00:08<00:15,  3.65it/s, loss=0.173]
  epoch 3/3:  35%|███▌      | 31/88 [00:09<00:15,  3.65it/s, loss=0.174]
  epoch 3/3:  36%|███▋      | 32/88 [00:09<00:15,  3.60it/s, loss=0.174]
  epoch 3/3:  36%|███▋      | 32/88 [00:09<00:15,  3.60it/s, loss=0.173]
  epoch 3/3:  38%|███▊      | 33/88 [00:09<00:15,  3.61it/s, loss=0.173]
  epoch 3/3:  38%|███▊      | 33/88 [00:09<00:15,  3.61it/s, loss=0.170]
  epoch 3/3:  39%|███▊      | 34/88 [00:09<00:14,  3.63it/s, loss=0.170]
  epoch 3/3:  39%|███▊      | 34/88 [00:09<00:14,  3.63it/s, loss=0.172]
  epoch 3/3:  40%|███▉      | 35/88 [00:09<00:14,  3.65it/s, loss=0.172]
  epoch 3/3:  40%|███▉      | 35/88 [00:10<00:14,  3.65it/s, loss=0.171]
  epoch 3/3:  41%|████      | 36/88 [00:10<00:14,  3.63it/s, loss=0.171]
  epoch 3/3:  41%|████      | 36/88 [00:10<00:14,  3.63it/s, loss=0.170]
  epoch 3/3:  42%|████▏     | 37/88 [00:10<00:13,  3.64it/s, loss=0.170]
  epoch 3/3:  42%|████▏     | 37/88 [00:10<00:13,  3.64it/s, loss=0.167]
  epoch 3/3:  43%|████▎     | 38/88 [00:10<00:13,  3.65it/s, loss=0.167]
  epoch 3/3:  43%|████▎     | 38/88 [00:10<00:13,  3.65it/s, loss=0.167]
  epoch 3/3:  44%|████▍     | 39/88 [00:10<00:13,  3.64it/s, loss=0.167]
  epoch 3/3:  44%|████▍     | 39/88 [00:11<00:13,  3.64it/s, loss=0.165]
  epoch 3/3:  45%|████▌     | 40/88 [00:11<00:13,  3.66it/s, loss=0.165]
  epoch 3/3:  45%|████▌     | 40/88 [00:11<00:13,  3.66it/s, loss=0.164]
  epoch 3/3:  47%|████▋     | 41/88 [00:11<00:12,  3.64it/s, loss=0.164]
  epoch 3/3:  47%|████▋     | 41/88 [00:11<00:12,  3.64it/s, loss=0.163]
  epoch 3/3:  48%|████▊     | 42/88 [00:11<00:12,  3.65it/s, loss=0.163]
  epoch 3/3:  48%|████▊     | 42/88 [00:12<00:12,  3.65it/s, loss=0.166]
  epoch 3/3:  49%|████▉     | 43/88 [00:12<00:12,  3.65it/s, loss=0.166]
  epoch 3/3:  49%|████▉     | 43/88 [00:12<00:12,  3.65it/s, loss=0.164]
  epoch 3/3:  50%|█████     | 44/88 [00:12<00:12,  3.65it/s, loss=0.164]
  epoch 3/3:  50%|█████     | 44/88 [00:12<00:12,  3.65it/s, loss=0.163]
  epoch 3/3:  51%|█████     | 45/88 [00:12<00:11,  3.65it/s, loss=0.163]
  epoch 3/3:  51%|█████     | 45/88 [00:12<00:11,  3.65it/s, loss=0.162]
  epoch 3/3:  52%|█████▏    | 46/88 [00:12<00:11,  3.64it/s, loss=0.162]
  epoch 3/3:  52%|█████▏    | 46/88 [00:13<00:11,  3.64it/s, loss=0.160]
  epoch 3/3:  53%|█████▎    | 47/88 [00:13<00:11,  3.65it/s, loss=0.160]
  epoch 3/3:  53%|█████▎    | 47/88 [00:13<00:11,  3.65it/s, loss=0.159]
  epoch 3/3:  55%|█████▍    | 48/88 [00:13<00:11,  3.60it/s, loss=0.159]
  epoch 3/3:  55%|█████▍    | 48/88 [00:13<00:11,  3.60it/s, loss=0.159]
  epoch 3/3:  56%|█████▌    | 49/88 [00:13<00:10,  3.63it/s, loss=0.159]
  epoch 3/3:  56%|█████▌    | 49/88 [00:13<00:10,  3.63it/s, loss=0.157]
  epoch 3/3:  57%|█████▋    | 50/88 [00:13<00:10,  3.63it/s, loss=0.157]
  epoch 3/3:  57%|█████▋    | 50/88 [00:14<00:10,  3.63it/s, loss=0.157]
  epoch 3/3:  58%|█████▊    | 51/88 [00:14<00:10,  3.65it/s, loss=0.157]
  epoch 3/3:  58%|█████▊    | 51/88 [00:14<00:10,  3.65it/s, loss=0.156]
  epoch 3/3:  59%|█████▉    | 52/88 [00:14<00:09,  3.64it/s, loss=0.156]
  epoch 3/3:  59%|█████▉    | 52/88 [00:14<00:09,  3.64it/s, loss=0.155]
  epoch 3/3:  60%|██████    | 53/88 [00:14<00:09,  3.63it/s, loss=0.155]
  epoch 3/3:  60%|██████    | 53/88 [00:15<00:09,  3.63it/s, loss=0.156]
  epoch 3/3:  61%|██████▏   | 54/88 [00:15<00:09,  3.65it/s, loss=0.156]
  epoch 3/3:  61%|██████▏   | 54/88 [00:15<00:09,  3.65it/s, loss=0.154]
  epoch 3/3:  62%|██████▎   | 55/88 [00:15<00:09,  3.64it/s, loss=0.154]
  epoch 3/3:  62%|██████▎   | 55/88 [00:15<00:09,  3.64it/s, loss=0.154]
  epoch 3/3:  64%|██████▎   | 56/88 [00:15<00:08,  3.64it/s, loss=0.154]
  epoch 3/3:  64%|██████▎   | 56/88 [00:15<00:08,  3.64it/s, loss=0.153]
  epoch 3/3:  65%|██████▍   | 57/88 [00:15<00:08,  3.66it/s, loss=0.153]
  epoch 3/3:  65%|██████▍   | 57/88 [00:16<00:08,  3.66it/s, loss=0.153]
  epoch 3/3:  66%|██████▌   | 58/88 [00:16<00:08,  3.64it/s, loss=0.153]
  epoch 3/3:  66%|██████▌   | 58/88 [00:16<00:08,  3.64it/s, loss=0.153]
  epoch 3/3:  67%|██████▋   | 59/88 [00:16<00:07,  3.64it/s, loss=0.153]
  epoch 3/3:  67%|██████▋   | 59/88 [00:16<00:07,  3.64it/s, loss=0.153]
  epoch 3/3:  68%|██████▊   | 60/88 [00:16<00:07,  3.65it/s, loss=0.153]
  epoch 3/3:  68%|██████▊   | 60/88 [00:16<00:07,  3.65it/s, loss=0.151]
  epoch 3/3:  69%|██████▉   | 61/88 [00:16<00:07,  3.66it/s, loss=0.151]
  epoch 3/3:  69%|██████▉   | 61/88 [00:17<00:07,  3.66it/s, loss=0.151]
  epoch 3/3:  70%|███████   | 62/88 [00:17<00:07,  3.65it/s, loss=0.151]
  epoch 3/3:  70%|███████   | 62/88 [00:17<00:07,  3.65it/s, loss=0.151]
  epoch 3/3:  72%|███████▏  | 63/88 [00:17<00:06,  3.65it/s, loss=0.151]
  epoch 3/3:  72%|███████▏  | 63/88 [00:17<00:06,  3.65it/s, loss=0.153]
  epoch 3/3:  73%|███████▎  | 64/88 [00:17<00:06,  3.60it/s, loss=0.153]
  epoch 3/3:  73%|███████▎  | 64/88 [00:18<00:06,  3.60it/s, loss=0.153]
  epoch 3/3:  74%|███████▍  | 65/88 [00:18<00:06,  3.62it/s, loss=0.153]
  epoch 3/3:  74%|███████▍  | 65/88 [00:18<00:06,  3.62it/s, loss=0.153]
  epoch 3/3:  75%|███████▌  | 66/88 [00:18<00:06,  3.63it/s, loss=0.153]
  epoch 3/3:  75%|███████▌  | 66/88 [00:18<00:06,  3.63it/s, loss=0.154]
  epoch 3/3:  76%|███████▌  | 67/88 [00:18<00:05,  3.64it/s, loss=0.154]
  epoch 3/3:  76%|███████▌  | 67/88 [00:18<00:05,  3.64it/s, loss=0.154]
  epoch 3/3:  77%|███████▋  | 68/88 [00:18<00:05,  3.64it/s, loss=0.154]
  epoch 3/3:  77%|███████▋  | 68/88 [00:19<00:05,  3.64it/s, loss=0.153]
  epoch 3/3:  78%|███████▊  | 69/88 [00:19<00:05,  3.65it/s, loss=0.153]
  epoch 3/3:  78%|███████▊  | 69/88 [00:19<00:05,  3.65it/s, loss=0.152]
  epoch 3/3:  80%|███████▉  | 70/88 [00:19<00:04,  3.65it/s, loss=0.152]
  epoch 3/3:  80%|███████▉  | 70/88 [00:19<00:04,  3.65it/s, loss=0.152]
  epoch 3/3:  81%|████████  | 71/88 [00:19<00:04,  3.65it/s, loss=0.152]
  epoch 3/3:  81%|████████  | 71/88 [00:20<00:04,  3.65it/s, loss=0.151]
  epoch 3/3:  82%|████████▏ | 72/88 [00:20<00:04,  3.64it/s, loss=0.151]
  epoch 3/3:  82%|████████▏ | 72/88 [00:20<00:04,  3.64it/s, loss=0.150]
  epoch 3/3:  83%|████████▎ | 73/88 [00:20<00:04,  3.65it/s, loss=0.150]
  epoch 3/3:  83%|████████▎ | 73/88 [00:20<00:04,  3.65it/s, loss=0.150]
  epoch 3/3:  84%|████████▍ | 74/88 [00:20<00:03,  3.66it/s, loss=0.150]
  epoch 3/3:  84%|████████▍ | 74/88 [00:20<00:03,  3.66it/s, loss=0.149]
  epoch 3/3:  85%|████████▌ | 75/88 [00:20<00:03,  3.65it/s, loss=0.149]
  epoch 3/3:  85%|████████▌ | 75/88 [00:21<00:03,  3.65it/s, loss=0.148]
  epoch 3/3:  86%|████████▋ | 76/88 [00:21<00:03,  3.64it/s, loss=0.148]
  epoch 3/3:  86%|████████▋ | 76/88 [00:21<00:03,  3.64it/s, loss=0.147]
  epoch 3/3:  88%|████████▊ | 77/88 [00:21<00:03,  3.65it/s, loss=0.147]
  epoch 3/3:  88%|████████▊ | 77/88 [00:21<00:03,  3.65it/s, loss=0.147]
  epoch 3/3:  89%|████████▊ | 78/88 [00:21<00:02,  3.65it/s, loss=0.147]
  epoch 3/3:  89%|████████▊ | 78/88 [00:21<00:02,  3.65it/s, loss=0.147]
  epoch 3/3:  90%|████████▉ | 79/88 [00:21<00:02,  3.65it/s, loss=0.147]
  epoch 3/3:  90%|████████▉ | 79/88 [00:22<00:02,  3.65it/s, loss=0.146]
  epoch 3/3:  91%|█████████ | 80/88 [00:22<00:02,  3.61it/s, loss=0.146]
  epoch 3/3:  91%|█████████ | 80/88 [00:22<00:02,  3.61it/s, loss=0.145]
  epoch 3/3:  92%|█████████▏| 81/88 [00:22<00:01,  3.65it/s, loss=0.145]
  epoch 3/3:  92%|█████████▏| 81/88 [00:22<00:01,  3.65it/s, loss=0.145]
  epoch 3/3:  93%|█████████▎| 82/88 [00:22<00:01,  3.65it/s, loss=0.145]
  epoch 3/3:  93%|█████████▎| 82/88 [00:23<00:01,  3.65it/s, loss=0.146]
  epoch 3/3:  94%|█████████▍| 83/88 [00:23<00:01,  3.67it/s, loss=0.146]
  epoch 3/3:  94%|█████████▍| 83/88 [00:23<00:01,  3.67it/s, loss=0.146]
  epoch 3/3:  95%|█████████▌| 84/88 [00:23<00:01,  3.67it/s, loss=0.146]
  epoch 3/3:  95%|█████████▌| 84/88 [00:23<00:01,  3.67it/s, loss=0.145]
  epoch 3/3:  97%|█████████▋| 85/88 [00:23<00:00,  3.65it/s, loss=0.145]
  epoch 3/3:  97%|█████████▋| 85/88 [00:23<00:00,  3.65it/s, loss=0.144]
  epoch 3/3:  98%|█████████▊| 86/88 [00:23<00:00,  3.65it/s, loss=0.144]
  epoch 3/3:  98%|█████████▊| 86/88 [00:24<00:00,  3.65it/s, loss=0.143]
  epoch 3/3:  99%|█████████▉| 87/88 [00:24<00:00,  3.65it/s, loss=0.143]
  epoch 3/3:  99%|█████████▉| 87/88 [00:24<00:00,  3.65it/s, loss=0.144]
  epoch 3/3: 100%|██████████| 88/88 [00:24<00:00,  4.01it/s, loss=0.144]
                                                                        
[titans] reset=never | norm(state) sau task = 71.7840
[titans]   self-mod v:β=0.99 |W|=3.74
[titans]   eta_t(avg)=-10.4840  alpha_t/forget-gate(avg)=1.0000
[task 8] test acc so far: 0.757  0.729  0.763  0.663  0.711  0.589  0.643  0.454  0.097
[task 8] NCM-online acc so far: 0.340  0.374  0.403  0.426  0.691  0.683  0.854  0.846  0.849
[task 8] NCM-posthoc acc so far: 0.711  0.791  0.717  0.706  0.717  0.729  0.840  0.746  0.691
[checkpoint] đã lưu tiến độ sau task 8
  memory_state.pt đã lưu (norm=71.7840)

== Ma trận accuracy (hàng = sau khi học task i, cột = đánh giá task j)
[[0.929 0.    0.    0.    0.    0.    0.    0.    0.   ]
 [0.846 0.869 0.    0.    0.    0.    0.    0.    0.   ]
 [0.834 0.877 0.711 0.    0.    0.    0.    0.    0.   ]
 [0.837 0.857 0.806 0.334 0.    0.    0.    0.    0.   ]
 [0.846 0.817 0.806 0.523 0.231 0.    0.    0.    0.   ]
 [0.814 0.789 0.797 0.6   0.489 0.28  0.    0.    0.   ]
 [0.814 0.774 0.791 0.643 0.654 0.434 0.306 0.    0.   ]
 [0.8   0.754 0.76  0.646 0.703 0.517 0.54  0.237 0.   ]
 [0.757 0.729 0.763 0.663 0.711 0.589 0.643 0.454 0.097]]

== Kết quả
  Average Accuracy   : 0.6006  (cao = tốt)
  Average Forgetting : -0.0068  (thấp = tốt — con số dự án cần giảm)
  Backward Transfer  : 0.1764  (âm = quên)

== NCM feature readouts
  Linear              : Acc 0.6006 | Forget -0.0068
  NCM online          : Acc 0.6073 | Forget 0.2825
  NCM post-hoc oracle : Acc 0.7387 | Forget 0.0679
  checkpoint.pt đã lưu (model + Titans state + online NCM)
  Saved -> /home/an/RaybanMeta/uav-continual-learning/artifacts_ncm_head_study/results/resisc45_titans_seed1_ncm-head_m3_delta_clip_f16_lr0.005_rnever_optkeep_splitcombined31500_v2
