
[2026-08-01 04:18:21] $ /usr/bin/python3 /home/an/RaybanMeta/uav-continual-learning/scripts/run_g1.py --config /home/an/RaybanMeta/uav-continual-learning/configs/g2_titans_resisc45_ncm_adaptation.yaml --method titans --skip-existing --set seed=1 train.ncm.transport.enabled=false train.feature_distillation.enabled=false log.dir=artifacts_ncm_adaptation log.run_tag=blend-screen-seed1
== G1 run: dataset=resisc45 method=titans seed=1 device=cuda
Warning: You are sending unauthenticated requests to the HF Hub. Please set a HF_TOKEN to enable higher rate limits and faster downloads.
task 0: 5 classes [baseball_diamond, bridge, cloud, river, terrace] | train 2800 / val 350 / test 350
task 1: 5 classes [dense_residential, desert, golf_course, medium_residential, mountain] | train 2800 / val 350 / test 350
task 2: 5 classes [island, palace, railway, runway, snowberg] | train 2800 / val 350 / test 350
task 3: 5 classes [commercial_area, harbor, lake, overpass, tennis_court] | train 2800 / val 350 / test 350
task 4: 5 classes [basketball_court, freeway, industrial_area, storage_tank, wetland] | train 2800 / val 350 / test 350
task 5: 5 classes [airplane, intersection, meadow, roundabout, sparse_residential] | train 2800 / val 350 / test 350
task 6: 5 classes [airport, chaparral, sea_ice, stadium, thermal_power_station] | train 2800 / val 350 / test 350
task 7: 5 classes [forest, mobile_home_park, parking_lot, railway_station, rectangular_farmland] | train 2800 / val 350 / test 350
task 8: 5 classes [beach, church, circular_farmland, ground_track_field, ship] | train 2800 / val 350 / test 350
[titans] seq=image_seq reset=never chunk=32
[task 0] classes=[2, 5, 9, 32, 42] | train=2800

  epoch 1/3:   0%|          | 0/88 [00:00<?, ?it/s]
  epoch 1/3:   0%|          | 0/88 [00:01<?, ?it/s, loss=1.695]
  epoch 1/3:   1%|          | 1/88 [00:01<02:06,  1.45s/it, loss=1.695]
  epoch 1/3:   1%|          | 1/88 [00:01<02:06,  1.45s/it, loss=1.704]
  epoch 1/3:   2%|▏         | 2/88 [00:01<01:04,  1.33it/s, loss=1.704]
  epoch 1/3:   2%|▏         | 2/88 [00:01<01:04,  1.33it/s, loss=1.818]
  epoch 1/3:   3%|▎         | 3/88 [00:01<00:44,  1.92it/s, loss=1.818]
  epoch 1/3:   3%|▎         | 3/88 [00:02<00:44,  1.92it/s, loss=1.879]
  epoch 1/3:   5%|▍         | 4/88 [00:02<00:34,  2.44it/s, loss=1.879]
  epoch 1/3:   5%|▍         | 4/88 [00:02<00:34,  2.44it/s, loss=1.873]
  epoch 1/3:   6%|▌         | 5/88 [00:02<00:29,  2.86it/s, loss=1.873]
  epoch 1/3:   6%|▌         | 5/88 [00:02<00:29,  2.86it/s, loss=1.827]
  epoch 1/3:   7%|▋         | 6/88 [00:02<00:25,  3.19it/s, loss=1.827]
  epoch 1/3:   7%|▋         | 6/88 [00:02<00:25,  3.19it/s, loss=1.824]
  epoch 1/3:   8%|▊         | 7/88 [00:02<00:23,  3.44it/s, loss=1.824]
  epoch 1/3:   8%|▊         | 7/88 [00:03<00:23,  3.44it/s, loss=1.810]
  epoch 1/3:   9%|▉         | 8/88 [00:03<00:22,  3.63it/s, loss=1.810]
  epoch 1/3:   9%|▉         | 8/88 [00:03<00:22,  3.63it/s, loss=1.794]
  epoch 1/3:  10%|█         | 9/88 [00:03<00:20,  3.77it/s, loss=1.794]
  epoch 1/3:  10%|█         | 9/88 [00:03<00:20,  3.77it/s, loss=1.794]
  epoch 1/3:  11%|█▏        | 10/88 [00:03<00:20,  3.86it/s, loss=1.794]
  epoch 1/3:  11%|█▏        | 10/88 [00:03<00:20,  3.86it/s, loss=1.784]
  epoch 1/3:  12%|█▎        | 11/88 [00:03<00:19,  3.93it/s, loss=1.784]
  epoch 1/3:  12%|█▎        | 11/88 [00:04<00:19,  3.93it/s, loss=1.766]
  epoch 1/3:  14%|█▎        | 12/88 [00:04<00:19,  3.97it/s, loss=1.766]
  epoch 1/3:  14%|█▎        | 12/88 [00:04<00:19,  3.97it/s, loss=1.763]
  epoch 1/3:  15%|█▍        | 13/88 [00:04<00:18,  3.98it/s, loss=1.763]
  epoch 1/3:  15%|█▍        | 13/88 [00:04<00:18,  3.98it/s, loss=1.755]
  epoch 1/3:  16%|█▌        | 14/88 [00:04<00:18,  4.00it/s, loss=1.755]
  epoch 1/3:  16%|█▌        | 14/88 [00:04<00:18,  4.00it/s, loss=1.746]
  epoch 1/3:  17%|█▋        | 15/88 [00:04<00:18,  4.02it/s, loss=1.746]
  epoch 1/3:  17%|█▋        | 15/88 [00:05<00:18,  4.02it/s, loss=1.736]
  epoch 1/3:  18%|█▊        | 16/88 [00:05<00:18,  3.99it/s, loss=1.736]
  epoch 1/3:  18%|█▊        | 16/88 [00:05<00:18,  3.99it/s, loss=1.731]
  epoch 1/3:  19%|█▉        | 17/88 [00:05<00:17,  4.00it/s, loss=1.731]
  epoch 1/3:  19%|█▉        | 17/88 [00:05<00:17,  4.00it/s, loss=1.717]
  epoch 1/3:  20%|██        | 18/88 [00:05<00:17,  4.02it/s, loss=1.717]
  epoch 1/3:  20%|██        | 18/88 [00:05<00:17,  4.02it/s, loss=1.703]
  epoch 1/3:  22%|██▏       | 19/88 [00:05<00:17,  4.03it/s, loss=1.703]
  epoch 1/3:  22%|██▏       | 19/88 [00:06<00:17,  4.03it/s, loss=1.694]
  epoch 1/3:  23%|██▎       | 20/88 [00:06<00:16,  4.03it/s, loss=1.694]
  epoch 1/3:  23%|██▎       | 20/88 [00:06<00:16,  4.03it/s, loss=1.690]
  epoch 1/3:  24%|██▍       | 21/88 [00:06<00:16,  4.03it/s, loss=1.690]
  epoch 1/3:  24%|██▍       | 21/88 [00:06<00:16,  4.03it/s, loss=1.689]
  epoch 1/3:  25%|██▌       | 22/88 [00:06<00:16,  4.03it/s, loss=1.689]
  epoch 1/3:  25%|██▌       | 22/88 [00:06<00:16,  4.03it/s, loss=1.684]
  epoch 1/3:  26%|██▌       | 23/88 [00:06<00:16,  4.04it/s, loss=1.684]
  epoch 1/3:  26%|██▌       | 23/88 [00:07<00:16,  4.04it/s, loss=1.674]
  epoch 1/3:  27%|██▋       | 24/88 [00:07<00:15,  4.05it/s, loss=1.674]
  epoch 1/3:  27%|██▋       | 24/88 [00:07<00:15,  4.05it/s, loss=1.663]
  epoch 1/3:  28%|██▊       | 25/88 [00:07<00:15,  4.05it/s, loss=1.663]
  epoch 1/3:  28%|██▊       | 25/88 [00:07<00:15,  4.05it/s, loss=1.652]
  epoch 1/3:  30%|██▉       | 26/88 [00:07<00:15,  4.03it/s, loss=1.652]
  epoch 1/3:  30%|██▉       | 26/88 [00:07<00:15,  4.03it/s, loss=1.649]
  epoch 1/3:  31%|███       | 27/88 [00:07<00:15,  4.03it/s, loss=1.649]
  epoch 1/3:  31%|███       | 27/88 [00:08<00:15,  4.03it/s, loss=1.643]
  epoch 1/3:  32%|███▏      | 28/88 [00:08<00:14,  4.04it/s, loss=1.643]
  epoch 1/3:  32%|███▏      | 28/88 [00:08<00:14,  4.04it/s, loss=1.638]
  epoch 1/3:  33%|███▎      | 29/88 [00:08<00:14,  4.01it/s, loss=1.638]
  epoch 1/3:  33%|███▎      | 29/88 [00:08<00:14,  4.01it/s, loss=1.630]
  epoch 1/3:  34%|███▍      | 30/88 [00:08<00:14,  4.00it/s, loss=1.630]
  epoch 1/3:  34%|███▍      | 30/88 [00:08<00:14,  4.00it/s, loss=1.622]
  epoch 1/3:  35%|███▌      | 31/88 [00:08<00:14,  4.00it/s, loss=1.622]
  epoch 1/3:  35%|███▌      | 31/88 [00:09<00:14,  4.00it/s, loss=1.615]
  epoch 1/3:  36%|███▋      | 32/88 [00:09<00:14,  3.94it/s, loss=1.615]
  epoch 1/3:  36%|███▋      | 32/88 [00:09<00:14,  3.94it/s, loss=1.609]
  epoch 1/3:  38%|███▊      | 33/88 [00:09<00:13,  3.95it/s, loss=1.609]
  epoch 1/3:  38%|███▊      | 33/88 [00:09<00:13,  3.95it/s, loss=1.604]
  epoch 1/3:  39%|███▊      | 34/88 [00:09<00:13,  3.96it/s, loss=1.604]
  epoch 1/3:  39%|███▊      | 34/88 [00:09<00:13,  3.96it/s, loss=1.597]
  epoch 1/3:  40%|███▉      | 35/88 [00:09<00:13,  3.95it/s, loss=1.597]
  epoch 1/3:  40%|███▉      | 35/88 [00:10<00:13,  3.95it/s, loss=1.588]
  epoch 1/3:  41%|████      | 36/88 [00:10<00:13,  3.96it/s, loss=1.588]
  epoch 1/3:  41%|████      | 36/88 [00:10<00:13,  3.96it/s, loss=1.580]
  epoch 1/3:  42%|████▏     | 37/88 [00:10<00:12,  3.95it/s, loss=1.580]
  epoch 1/3:  42%|████▏     | 37/88 [00:10<00:12,  3.95it/s, loss=1.571]
  epoch 1/3:  43%|████▎     | 38/88 [00:10<00:12,  3.95it/s, loss=1.571]
  epoch 1/3:  43%|████▎     | 38/88 [00:10<00:12,  3.95it/s, loss=1.567]
  epoch 1/3:  44%|████▍     | 39/88 [00:10<00:12,  3.95it/s, loss=1.567]
  epoch 1/3:  44%|████▍     | 39/88 [00:11<00:12,  3.95it/s, loss=1.561]
  epoch 1/3:  45%|████▌     | 40/88 [00:11<00:12,  3.96it/s, loss=1.561]
  epoch 1/3:  45%|████▌     | 40/88 [00:11<00:12,  3.96it/s, loss=1.555]
  epoch 1/3:  47%|████▋     | 41/88 [00:11<00:11,  4.01it/s, loss=1.555]
  epoch 1/3:  47%|████▋     | 41/88 [00:11<00:11,  4.01it/s, loss=1.547]
  epoch 1/3:  48%|████▊     | 42/88 [00:11<00:11,  4.01it/s, loss=1.547]
  epoch 1/3:  48%|████▊     | 42/88 [00:11<00:11,  4.01it/s, loss=1.542]
  epoch 1/3:  49%|████▉     | 43/88 [00:11<00:11,  4.00it/s, loss=1.542]
  epoch 1/3:  49%|████▉     | 43/88 [00:12<00:11,  4.00it/s, loss=1.537]
  epoch 1/3:  50%|█████     | 44/88 [00:12<00:11,  3.99it/s, loss=1.537]
  epoch 1/3:  50%|█████     | 44/88 [00:12<00:11,  3.99it/s, loss=1.531]
  epoch 1/3:  51%|█████     | 45/88 [00:12<00:10,  3.96it/s, loss=1.531]
  epoch 1/3:  51%|█████     | 45/88 [00:12<00:10,  3.96it/s, loss=1.526]
  epoch 1/3:  52%|█████▏    | 46/88 [00:12<00:10,  3.97it/s, loss=1.526]
  epoch 1/3:  52%|█████▏    | 46/88 [00:12<00:10,  3.97it/s, loss=1.522]
  epoch 1/3:  53%|█████▎    | 47/88 [00:12<00:10,  3.96it/s, loss=1.522]
  epoch 1/3:  53%|█████▎    | 47/88 [00:13<00:10,  3.96it/s, loss=1.518]
  epoch 1/3:  55%|█████▍    | 48/88 [00:13<00:10,  3.91it/s, loss=1.518]
  epoch 1/3:  55%|█████▍    | 48/88 [00:13<00:10,  3.91it/s, loss=1.515]
  epoch 1/3:  56%|█████▌    | 49/88 [00:13<00:09,  3.91it/s, loss=1.515]
  epoch 1/3:  56%|█████▌    | 49/88 [00:13<00:09,  3.91it/s, loss=1.514]
  epoch 1/3:  57%|█████▋    | 50/88 [00:13<00:09,  3.91it/s, loss=1.514]
  epoch 1/3:  57%|█████▋    | 50/88 [00:13<00:09,  3.91it/s, loss=1.509]
  epoch 1/3:  58%|█████▊    | 51/88 [00:13<00:09,  3.91it/s, loss=1.509]
  epoch 1/3:  58%|█████▊    | 51/88 [00:14<00:09,  3.91it/s, loss=1.503]
  epoch 1/3:  59%|█████▉    | 52/88 [00:14<00:09,  3.91it/s, loss=1.503]
  epoch 1/3:  59%|█████▉    | 52/88 [00:14<00:09,  3.91it/s, loss=1.500]
  epoch 1/3:  60%|██████    | 53/88 [00:14<00:08,  3.92it/s, loss=1.500]
  epoch 1/3:  60%|██████    | 53/88 [00:14<00:08,  3.92it/s, loss=1.493]
  epoch 1/3:  61%|██████▏   | 54/88 [00:14<00:08,  3.93it/s, loss=1.493]
  epoch 1/3:  61%|██████▏   | 54/88 [00:14<00:08,  3.93it/s, loss=1.488]
  epoch 1/3:  62%|██████▎   | 55/88 [00:14<00:08,  3.91it/s, loss=1.488]
  epoch 1/3:  62%|██████▎   | 55/88 [00:15<00:08,  3.91it/s, loss=1.482]
  epoch 1/3:  64%|██████▎   | 56/88 [00:15<00:08,  3.93it/s, loss=1.482]
  epoch 1/3:  64%|██████▎   | 56/88 [00:15<00:08,  3.93it/s, loss=1.476]
  epoch 1/3:  65%|██████▍   | 57/88 [00:15<00:07,  3.92it/s, loss=1.476]
  epoch 1/3:  65%|██████▍   | 57/88 [00:15<00:07,  3.92it/s, loss=1.469]
  epoch 1/3:  66%|██████▌   | 58/88 [00:15<00:07,  3.93it/s, loss=1.469]
  epoch 1/3:  66%|██████▌   | 58/88 [00:15<00:07,  3.93it/s, loss=1.464]
  epoch 1/3:  67%|██████▋   | 59/88 [00:15<00:07,  3.93it/s, loss=1.464]
  epoch 1/3:  67%|██████▋   | 59/88 [00:16<00:07,  3.93it/s, loss=1.457]
  epoch 1/3:  68%|██████▊   | 60/88 [00:16<00:07,  3.93it/s, loss=1.457]
  epoch 1/3:  68%|██████▊   | 60/88 [00:16<00:07,  3.93it/s, loss=1.451]
  epoch 1/3:  69%|██████▉   | 61/88 [00:16<00:06,  3.93it/s, loss=1.451]
  epoch 1/3:  69%|██████▉   | 61/88 [00:16<00:06,  3.93it/s, loss=1.444]
  epoch 1/3:  70%|███████   | 62/88 [00:16<00:06,  3.91it/s, loss=1.444]
  epoch 1/3:  70%|███████   | 62/88 [00:17<00:06,  3.91it/s, loss=1.437]
  epoch 1/3:  72%|███████▏  | 63/88 [00:17<00:06,  3.92it/s, loss=1.437]
  epoch 1/3:  72%|███████▏  | 63/88 [00:17<00:06,  3.92it/s, loss=1.430]
  epoch 1/3:  73%|███████▎  | 64/88 [00:17<00:06,  3.86it/s, loss=1.430]
  epoch 1/3:  73%|███████▎  | 64/88 [00:17<00:06,  3.86it/s, loss=1.423]
  epoch 1/3:  74%|███████▍  | 65/88 [00:17<00:05,  3.87it/s, loss=1.423]
  epoch 1/3:  74%|███████▍  | 65/88 [00:17<00:05,  3.87it/s, loss=1.417]
  epoch 1/3:  75%|███████▌  | 66/88 [00:17<00:05,  3.85it/s, loss=1.417]
  epoch 1/3:  75%|███████▌  | 66/88 [00:18<00:05,  3.85it/s, loss=1.412]
  epoch 1/3:  76%|███████▌  | 67/88 [00:18<00:05,  3.84it/s, loss=1.412]
  epoch 1/3:  76%|███████▌  | 67/88 [00:18<00:05,  3.84it/s, loss=1.404]
  epoch 1/3:  77%|███████▋  | 68/88 [00:18<00:05,  3.85it/s, loss=1.404]
  epoch 1/3:  77%|███████▋  | 68/88 [00:18<00:05,  3.85it/s, loss=1.398]
  epoch 1/3:  78%|███████▊  | 69/88 [00:18<00:04,  3.87it/s, loss=1.398]
  epoch 1/3:  78%|███████▊  | 69/88 [00:18<00:04,  3.87it/s, loss=1.392]
  epoch 1/3:  80%|███████▉  | 70/88 [00:18<00:04,  3.88it/s, loss=1.392]
  epoch 1/3:  80%|███████▉  | 70/88 [00:19<00:04,  3.88it/s, loss=1.387]
  epoch 1/3:  81%|████████  | 71/88 [00:19<00:04,  3.86it/s, loss=1.387]
  epoch 1/3:  81%|████████  | 71/88 [00:19<00:04,  3.86it/s, loss=1.382]
  epoch 1/3:  82%|████████▏ | 72/88 [00:19<00:04,  3.85it/s, loss=1.382]
  epoch 1/3:  82%|████████▏ | 72/88 [00:19<00:04,  3.85it/s, loss=1.376]
  epoch 1/3:  83%|████████▎ | 73/88 [00:19<00:03,  3.84it/s, loss=1.376]
  epoch 1/3:  83%|████████▎ | 73/88 [00:19<00:03,  3.84it/s, loss=1.370]
  epoch 1/3:  84%|████████▍ | 74/88 [00:19<00:03,  3.83it/s, loss=1.370]
  epoch 1/3:  84%|████████▍ | 74/88 [00:20<00:03,  3.83it/s, loss=1.366]
  epoch 1/3:  85%|████████▌ | 75/88 [00:20<00:03,  3.84it/s, loss=1.366]
  epoch 1/3:  85%|████████▌ | 75/88 [00:20<00:03,  3.84it/s, loss=1.361]
  epoch 1/3:  86%|████████▋ | 76/88 [00:20<00:03,  3.87it/s, loss=1.361]
  epoch 1/3:  86%|████████▋ | 76/88 [00:20<00:03,  3.87it/s, loss=1.356]
  epoch 1/3:  88%|████████▊ | 77/88 [00:20<00:02,  3.86it/s, loss=1.356]
  epoch 1/3:  88%|████████▊ | 77/88 [00:20<00:02,  3.86it/s, loss=1.351]
  epoch 1/3:  89%|████████▊ | 78/88 [00:20<00:02,  3.85it/s, loss=1.351]
  epoch 1/3:  89%|████████▊ | 78/88 [00:21<00:02,  3.85it/s, loss=1.346]
  epoch 1/3:  90%|████████▉ | 79/88 [00:21<00:02,  3.85it/s, loss=1.346]
  epoch 1/3:  90%|████████▉ | 79/88 [00:21<00:02,  3.85it/s, loss=1.340]
  epoch 1/3:  91%|█████████ | 80/88 [00:21<00:02,  3.82it/s, loss=1.340]
  epoch 1/3:  91%|█████████ | 80/88 [00:21<00:02,  3.82it/s, loss=1.334]
  epoch 1/3:  92%|█████████▏| 81/88 [00:21<00:01,  3.84it/s, loss=1.334]
  epoch 1/3:  92%|█████████▏| 81/88 [00:21<00:01,  3.84it/s, loss=1.331]
  epoch 1/3:  93%|█████████▎| 82/88 [00:21<00:01,  3.86it/s, loss=1.331]
  epoch 1/3:  93%|█████████▎| 82/88 [00:22<00:01,  3.86it/s, loss=1.326]
  epoch 1/3:  94%|█████████▍| 83/88 [00:22<00:01,  3.85it/s, loss=1.326]
  epoch 1/3:  94%|█████████▍| 83/88 [00:22<00:01,  3.85it/s, loss=1.320]
  epoch 1/3:  95%|█████████▌| 84/88 [00:22<00:01,  3.83it/s, loss=1.320]
  epoch 1/3:  95%|█████████▌| 84/88 [00:22<00:01,  3.83it/s, loss=1.315]
  epoch 1/3:  97%|█████████▋| 85/88 [00:22<00:00,  3.83it/s, loss=1.315]
  epoch 1/3:  97%|█████████▋| 85/88 [00:22<00:00,  3.83it/s, loss=1.308]
  epoch 1/3:  98%|█████████▊| 86/88 [00:22<00:00,  3.82it/s, loss=1.308]
  epoch 1/3:  98%|█████████▊| 86/88 [00:23<00:00,  3.82it/s, loss=1.303]
  epoch 1/3:  99%|█████████▉| 87/88 [00:23<00:00,  3.82it/s, loss=1.303]
  epoch 1/3:  99%|█████████▉| 87/88 [00:23<00:00,  3.82it/s, loss=1.302]
  epoch 1/3: 100%|██████████| 88/88 [00:23<00:00,  4.15it/s, loss=1.302]
                                                                        

  epoch 2/3:   0%|          | 0/88 [00:00<?, ?it/s]
  epoch 2/3:   0%|          | 0/88 [00:00<?, ?it/s, loss=0.896]
  epoch 2/3:   1%|          | 1/88 [00:00<00:40,  2.13it/s, loss=0.896]
  epoch 2/3:   1%|          | 1/88 [00:00<00:40,  2.13it/s, loss=0.910]
  epoch 2/3:   2%|▏         | 2/88 [00:00<00:29,  2.89it/s, loss=0.910]
  epoch 2/3:   2%|▏         | 2/88 [00:00<00:29,  2.89it/s, loss=0.896]
  epoch 2/3:   3%|▎         | 3/88 [00:00<00:26,  3.26it/s, loss=0.896]
  epoch 2/3:   3%|▎         | 3/88 [00:01<00:26,  3.26it/s, loss=0.882]
  epoch 2/3:   5%|▍         | 4/88 [00:01<00:24,  3.45it/s, loss=0.882]
  epoch 2/3:   5%|▍         | 4/88 [00:01<00:24,  3.45it/s, loss=0.886]
  epoch 2/3:   6%|▌         | 5/88 [00:01<00:23,  3.57it/s, loss=0.886]
  epoch 2/3:   6%|▌         | 5/88 [00:01<00:23,  3.57it/s, loss=0.871]
  epoch 2/3:   7%|▋         | 6/88 [00:01<00:22,  3.65it/s, loss=0.871]
  epoch 2/3:   7%|▋         | 6/88 [00:02<00:22,  3.65it/s, loss=0.847]
  epoch 2/3:   8%|▊         | 7/88 [00:02<00:21,  3.69it/s, loss=0.847]
  epoch 2/3:   8%|▊         | 7/88 [00:02<00:21,  3.69it/s, loss=0.829]
  epoch 2/3:   9%|▉         | 8/88 [00:02<00:21,  3.68it/s, loss=0.829]
  epoch 2/3:   9%|▉         | 8/88 [00:02<00:21,  3.68it/s, loss=0.834]
  epoch 2/3:  10%|█         | 9/88 [00:02<00:21,  3.74it/s, loss=0.834]
  epoch 2/3:  10%|█         | 9/88 [00:02<00:21,  3.74it/s, loss=0.824]
  epoch 2/3:  11%|█▏        | 10/88 [00:02<00:20,  3.77it/s, loss=0.824]
  epoch 2/3:  11%|█▏        | 10/88 [00:03<00:20,  3.77it/s, loss=0.823]
  epoch 2/3:  12%|█▎        | 11/88 [00:03<00:20,  3.78it/s, loss=0.823]
  epoch 2/3:  12%|█▎        | 11/88 [00:03<00:20,  3.78it/s, loss=0.821]
  epoch 2/3:  14%|█▎        | 12/88 [00:03<00:20,  3.79it/s, loss=0.821]
  epoch 2/3:  14%|█▎        | 12/88 [00:03<00:20,  3.79it/s, loss=0.826]
  epoch 2/3:  15%|█▍        | 13/88 [00:03<00:19,  3.79it/s, loss=0.826]
  epoch 2/3:  15%|█▍        | 13/88 [00:03<00:19,  3.79it/s, loss=0.818]
  epoch 2/3:  16%|█▌        | 14/88 [00:03<00:19,  3.79it/s, loss=0.818]
  epoch 2/3:  16%|█▌        | 14/88 [00:04<00:19,  3.79it/s, loss=0.814]
  epoch 2/3:  17%|█▋        | 15/88 [00:04<00:19,  3.79it/s, loss=0.814]
  epoch 2/3:  17%|█▋        | 15/88 [00:04<00:19,  3.79it/s, loss=0.812]
  epoch 2/3:  18%|█▊        | 16/88 [00:04<00:19,  3.79it/s, loss=0.812]
  epoch 2/3:  18%|█▊        | 16/88 [00:04<00:19,  3.79it/s, loss=0.801]
  epoch 2/3:  19%|█▉        | 17/88 [00:04<00:18,  3.79it/s, loss=0.801]
  epoch 2/3:  19%|█▉        | 17/88 [00:04<00:18,  3.79it/s, loss=0.800]
  epoch 2/3:  20%|██        | 18/88 [00:04<00:18,  3.80it/s, loss=0.800]
  epoch 2/3:  20%|██        | 18/88 [00:05<00:18,  3.80it/s, loss=0.798]
  epoch 2/3:  22%|██▏       | 19/88 [00:05<00:18,  3.80it/s, loss=0.798]
  epoch 2/3:  22%|██▏       | 19/88 [00:05<00:18,  3.80it/s, loss=0.795]
  epoch 2/3:  23%|██▎       | 20/88 [00:05<00:17,  3.79it/s, loss=0.795]
  epoch 2/3:  23%|██▎       | 20/88 [00:05<00:17,  3.79it/s, loss=0.793]
  epoch 2/3:  24%|██▍       | 21/88 [00:05<00:17,  3.80it/s, loss=0.793]
  epoch 2/3:  24%|██▍       | 21/88 [00:05<00:17,  3.80it/s, loss=0.792]
  epoch 2/3:  25%|██▌       | 22/88 [00:05<00:17,  3.79it/s, loss=0.792]
  epoch 2/3:  25%|██▌       | 22/88 [00:06<00:17,  3.79it/s, loss=0.791]
  epoch 2/3:  26%|██▌       | 23/88 [00:06<00:17,  3.79it/s, loss=0.791]
  epoch 2/3:  26%|██▌       | 23/88 [00:06<00:17,  3.79it/s, loss=0.788]
  epoch 2/3:  27%|██▋       | 24/88 [00:06<00:17,  3.75it/s, loss=0.788]
  epoch 2/3:  27%|██▋       | 24/88 [00:06<00:17,  3.75it/s, loss=0.778]
  epoch 2/3:  28%|██▊       | 25/88 [00:06<00:16,  3.75it/s, loss=0.778]
  epoch 2/3:  28%|██▊       | 25/88 [00:07<00:16,  3.75it/s, loss=0.771]
  epoch 2/3:  30%|██▉       | 26/88 [00:07<00:16,  3.77it/s, loss=0.771]
  epoch 2/3:  30%|██▉       | 26/88 [00:07<00:16,  3.77it/s, loss=0.763]
  epoch 2/3:  31%|███       | 27/88 [00:07<00:16,  3.76it/s, loss=0.763]
  epoch 2/3:  31%|███       | 27/88 [00:07<00:16,  3.76it/s, loss=0.758]
  epoch 2/3:  32%|███▏      | 28/88 [00:07<00:15,  3.75it/s, loss=0.758]
  epoch 2/3:  32%|███▏      | 28/88 [00:07<00:15,  3.75it/s, loss=0.755]
  epoch 2/3:  33%|███▎      | 29/88 [00:07<00:15,  3.77it/s, loss=0.755]
  epoch 2/3:  33%|███▎      | 29/88 [00:08<00:15,  3.77it/s, loss=0.751]
  epoch 2/3:  34%|███▍      | 30/88 [00:08<00:15,  3.78it/s, loss=0.751]
  epoch 2/3:  34%|███▍      | 30/88 [00:08<00:15,  3.78it/s, loss=0.750]
  epoch 2/3:  35%|███▌      | 31/88 [00:08<00:15,  3.78it/s, loss=0.750]
  epoch 2/3:  35%|███▌      | 31/88 [00:08<00:15,  3.78it/s, loss=0.742]
  epoch 2/3:  36%|███▋      | 32/88 [00:08<00:14,  3.78it/s, loss=0.742]
  epoch 2/3:  36%|███▋      | 32/88 [00:08<00:14,  3.78it/s, loss=0.738]
  epoch 2/3:  38%|███▊      | 33/88 [00:08<00:14,  3.78it/s, loss=0.738]
  epoch 2/3:  38%|███▊      | 33/88 [00:09<00:14,  3.78it/s, loss=0.734]
  epoch 2/3:  39%|███▊      | 34/88 [00:09<00:14,  3.79it/s, loss=0.734]
  epoch 2/3:  39%|███▊      | 34/88 [00:09<00:14,  3.79it/s, loss=0.729]
  epoch 2/3:  40%|███▉      | 35/88 [00:09<00:13,  3.79it/s, loss=0.729]
  epoch 2/3:  40%|███▉      | 35/88 [00:09<00:13,  3.79it/s, loss=0.727]
  epoch 2/3:  41%|████      | 36/88 [00:09<00:13,  3.79it/s, loss=0.727]
  epoch 2/3:  41%|████      | 36/88 [00:09<00:13,  3.79it/s, loss=0.725]
  epoch 2/3:  42%|████▏     | 37/88 [00:09<00:13,  3.78it/s, loss=0.725]
  epoch 2/3:  42%|████▏     | 37/88 [00:10<00:13,  3.78it/s, loss=0.720]
  epoch 2/3:  43%|████▎     | 38/88 [00:10<00:13,  3.78it/s, loss=0.720]
  epoch 2/3:  43%|████▎     | 38/88 [00:10<00:13,  3.78it/s, loss=0.717]
  epoch 2/3:  44%|████▍     | 39/88 [00:10<00:12,  3.78it/s, loss=0.717]
  epoch 2/3:  44%|████▍     | 39/88 [00:10<00:12,  3.78it/s, loss=0.713]
  epoch 2/3:  45%|████▌     | 40/88 [00:10<00:12,  3.72it/s, loss=0.713]
  epoch 2/3:  45%|████▌     | 40/88 [00:11<00:12,  3.72it/s, loss=0.711]
  epoch 2/3:  47%|████▋     | 41/88 [00:11<00:12,  3.74it/s, loss=0.711]
  epoch 2/3:  47%|████▋     | 41/88 [00:11<00:12,  3.74it/s, loss=0.711]
  epoch 2/3:  48%|████▊     | 42/88 [00:11<00:12,  3.76it/s, loss=0.711]
  epoch 2/3:  48%|████▊     | 42/88 [00:11<00:12,  3.76it/s, loss=0.711]
  epoch 2/3:  49%|████▉     | 43/88 [00:11<00:11,  3.76it/s, loss=0.711]
  epoch 2/3:  49%|████▉     | 43/88 [00:11<00:11,  3.76it/s, loss=0.708]
  epoch 2/3:  50%|█████     | 44/88 [00:11<00:11,  3.78it/s, loss=0.708]
  epoch 2/3:  50%|█████     | 44/88 [00:12<00:11,  3.78it/s, loss=0.708]
  epoch 2/3:  51%|█████     | 45/88 [00:12<00:11,  3.79it/s, loss=0.708]
  epoch 2/3:  51%|█████     | 45/88 [00:12<00:11,  3.79it/s, loss=0.706]
  epoch 2/3:  52%|█████▏    | 46/88 [00:12<00:11,  3.78it/s, loss=0.706]
  epoch 2/3:  52%|█████▏    | 46/88 [00:12<00:11,  3.78it/s, loss=0.703]
  epoch 2/3:  53%|█████▎    | 47/88 [00:12<00:10,  3.79it/s, loss=0.703]
  epoch 2/3:  53%|█████▎    | 47/88 [00:12<00:10,  3.79it/s, loss=0.700]
  epoch 2/3:  55%|█████▍    | 48/88 [00:12<00:10,  3.79it/s, loss=0.700]
  epoch 2/3:  55%|█████▍    | 48/88 [00:13<00:10,  3.79it/s, loss=0.697]
  epoch 2/3:  56%|█████▌    | 49/88 [00:13<00:10,  3.79it/s, loss=0.697]
  epoch 2/3:  56%|█████▌    | 49/88 [00:13<00:10,  3.79it/s, loss=0.696]
  epoch 2/3:  57%|█████▋    | 50/88 [00:13<00:10,  3.79it/s, loss=0.696]
  epoch 2/3:  57%|█████▋    | 50/88 [00:13<00:10,  3.79it/s, loss=0.693]
  epoch 2/3:  58%|█████▊    | 51/88 [00:13<00:09,  3.80it/s, loss=0.693]
  epoch 2/3:  58%|█████▊    | 51/88 [00:13<00:09,  3.80it/s, loss=0.691]
  epoch 2/3:  59%|█████▉    | 52/88 [00:13<00:09,  3.79it/s, loss=0.691]
  epoch 2/3:  59%|█████▉    | 52/88 [00:14<00:09,  3.79it/s, loss=0.690]
  epoch 2/3:  60%|██████    | 53/88 [00:14<00:09,  3.80it/s, loss=0.690]
  epoch 2/3:  60%|██████    | 53/88 [00:14<00:09,  3.80it/s, loss=0.688]
  epoch 2/3:  61%|██████▏   | 54/88 [00:14<00:08,  3.80it/s, loss=0.688]
  epoch 2/3:  61%|██████▏   | 54/88 [00:14<00:08,  3.80it/s, loss=0.683]
  epoch 2/3:  62%|██████▎   | 55/88 [00:14<00:08,  3.80it/s, loss=0.683]
  epoch 2/3:  62%|██████▎   | 55/88 [00:15<00:08,  3.80it/s, loss=0.680]
  epoch 2/3:  64%|██████▎   | 56/88 [00:15<00:08,  3.75it/s, loss=0.680]
  epoch 2/3:  64%|██████▎   | 56/88 [00:15<00:08,  3.75it/s, loss=0.679]
  epoch 2/3:  65%|██████▍   | 57/88 [00:15<00:08,  3.76it/s, loss=0.679]
  epoch 2/3:  65%|██████▍   | 57/88 [00:15<00:08,  3.76it/s, loss=0.675]
  epoch 2/3:  66%|██████▌   | 58/88 [00:15<00:07,  3.78it/s, loss=0.675]
  epoch 2/3:  66%|██████▌   | 58/88 [00:15<00:07,  3.78it/s, loss=0.674]
  epoch 2/3:  67%|██████▋   | 59/88 [00:15<00:07,  3.79it/s, loss=0.674]
  epoch 2/3:  67%|██████▋   | 59/88 [00:16<00:07,  3.79it/s, loss=0.673]
  epoch 2/3:  68%|██████▊   | 60/88 [00:16<00:07,  3.80it/s, loss=0.673]
  epoch 2/3:  68%|██████▊   | 60/88 [00:16<00:07,  3.80it/s, loss=0.670]
  epoch 2/3:  69%|██████▉   | 61/88 [00:16<00:07,  3.81it/s, loss=0.670]
  epoch 2/3:  69%|██████▉   | 61/88 [00:16<00:07,  3.81it/s, loss=0.667]
  epoch 2/3:  70%|███████   | 62/88 [00:16<00:06,  3.81it/s, loss=0.667]
  epoch 2/3:  70%|███████   | 62/88 [00:16<00:06,  3.81it/s, loss=0.664]
  epoch 2/3:  72%|███████▏  | 63/88 [00:16<00:06,  3.82it/s, loss=0.664]
  epoch 2/3:  72%|███████▏  | 63/88 [00:17<00:06,  3.82it/s, loss=0.660]
  epoch 2/3:  73%|███████▎  | 64/88 [00:17<00:06,  3.81it/s, loss=0.660]
  epoch 2/3:  73%|███████▎  | 64/88 [00:17<00:06,  3.81it/s, loss=0.655]
  epoch 2/3:  74%|███████▍  | 65/88 [00:17<00:06,  3.80it/s, loss=0.655]
  epoch 2/3:  74%|███████▍  | 65/88 [00:17<00:06,  3.80it/s, loss=0.653]
  epoch 2/3:  75%|███████▌  | 66/88 [00:17<00:05,  3.79it/s, loss=0.653]
  epoch 2/3:  75%|███████▌  | 66/88 [00:17<00:05,  3.79it/s, loss=0.650]
  epoch 2/3:  76%|███████▌  | 67/88 [00:17<00:05,  3.80it/s, loss=0.650]
  epoch 2/3:  76%|███████▌  | 67/88 [00:18<00:05,  3.80it/s, loss=0.647]
  epoch 2/3:  77%|███████▋  | 68/88 [00:18<00:05,  3.81it/s, loss=0.647]
  epoch 2/3:  77%|███████▋  | 68/88 [00:18<00:05,  3.81it/s, loss=0.645]
  epoch 2/3:  78%|███████▊  | 69/88 [00:18<00:05,  3.80it/s, loss=0.645]
  epoch 2/3:  78%|███████▊  | 69/88 [00:18<00:05,  3.80it/s, loss=0.641]
  epoch 2/3:  80%|███████▉  | 70/88 [00:18<00:04,  3.80it/s, loss=0.641]
  epoch 2/3:  80%|███████▉  | 70/88 [00:18<00:04,  3.80it/s, loss=0.637]
  epoch 2/3:  81%|████████  | 71/88 [00:18<00:04,  3.80it/s, loss=0.637]
  epoch 2/3:  81%|████████  | 71/88 [00:19<00:04,  3.80it/s, loss=0.634]
  epoch 2/3:  82%|████████▏ | 72/88 [00:19<00:04,  3.75it/s, loss=0.634]
  epoch 2/3:  82%|████████▏ | 72/88 [00:19<00:04,  3.75it/s, loss=0.633]
  epoch 2/3:  83%|████████▎ | 73/88 [00:19<00:03,  3.79it/s, loss=0.633]
  epoch 2/3:  83%|████████▎ | 73/88 [00:19<00:03,  3.79it/s, loss=0.632]
  epoch 2/3:  84%|████████▍ | 74/88 [00:19<00:03,  3.81it/s, loss=0.632]
  epoch 2/3:  84%|████████▍ | 74/88 [00:20<00:03,  3.81it/s, loss=0.630]
  epoch 2/3:  85%|████████▌ | 75/88 [00:20<00:03,  3.81it/s, loss=0.630]
  epoch 2/3:  85%|████████▌ | 75/88 [00:20<00:03,  3.81it/s, loss=0.626]
  epoch 2/3:  86%|████████▋ | 76/88 [00:20<00:03,  3.80it/s, loss=0.626]
  epoch 2/3:  86%|████████▋ | 76/88 [00:20<00:03,  3.80it/s, loss=0.624]
  epoch 2/3:  88%|████████▊ | 77/88 [00:20<00:02,  3.80it/s, loss=0.624]
  epoch 2/3:  88%|████████▊ | 77/88 [00:20<00:02,  3.80it/s, loss=0.621]
  epoch 2/3:  89%|████████▊ | 78/88 [00:20<00:02,  3.80it/s, loss=0.621]
  epoch 2/3:  89%|████████▊ | 78/88 [00:21<00:02,  3.80it/s, loss=0.619]
  epoch 2/3:  90%|████████▉ | 79/88 [00:21<00:02,  3.81it/s, loss=0.619]
  epoch 2/3:  90%|████████▉ | 79/88 [00:21<00:02,  3.81it/s, loss=0.616]
  epoch 2/3:  91%|█████████ | 80/88 [00:21<00:02,  3.80it/s, loss=0.616]
  epoch 2/3:  91%|█████████ | 80/88 [00:21<00:02,  3.80it/s, loss=0.614]
  epoch 2/3:  92%|█████████▏| 81/88 [00:21<00:01,  3.81it/s, loss=0.614]
  epoch 2/3:  92%|█████████▏| 81/88 [00:21<00:01,  3.81it/s, loss=0.611]
  epoch 2/3:  93%|█████████▎| 82/88 [00:21<00:01,  3.84it/s, loss=0.611]
  epoch 2/3:  93%|█████████▎| 82/88 [00:22<00:01,  3.84it/s, loss=0.608]
  epoch 2/3:  94%|█████████▍| 83/88 [00:22<00:01,  3.84it/s, loss=0.608]
  epoch 2/3:  94%|█████████▍| 83/88 [00:22<00:01,  3.84it/s, loss=0.605]
  epoch 2/3:  95%|█████████▌| 84/88 [00:22<00:01,  3.85it/s, loss=0.605]
  epoch 2/3:  95%|█████████▌| 84/88 [00:22<00:01,  3.85it/s, loss=0.602]
  epoch 2/3:  97%|█████████▋| 85/88 [00:22<00:00,  3.85it/s, loss=0.602]
  epoch 2/3:  97%|█████████▋| 85/88 [00:22<00:00,  3.85it/s, loss=0.599]
  epoch 2/3:  98%|█████████▊| 86/88 [00:22<00:00,  3.88it/s, loss=0.599]
  epoch 2/3:  98%|█████████▊| 86/88 [00:23<00:00,  3.88it/s, loss=0.596]
  epoch 2/3:  99%|█████████▉| 87/88 [00:23<00:00,  3.87it/s, loss=0.596]
  epoch 2/3:  99%|█████████▉| 87/88 [00:23<00:00,  3.87it/s, loss=0.596]
  epoch 2/3: 100%|██████████| 88/88 [00:23<00:00,  4.15it/s, loss=0.596]
                                                                        

  epoch 3/3:   0%|          | 0/88 [00:00<?, ?it/s]
  epoch 3/3:   0%|          | 0/88 [00:00<?, ?it/s, loss=0.317]
  epoch 3/3:   1%|          | 1/88 [00:00<00:40,  2.13it/s, loss=0.317]
  epoch 3/3:   1%|          | 1/88 [00:00<00:40,  2.13it/s, loss=0.352]
  epoch 3/3:   2%|▏         | 2/88 [00:00<00:29,  2.91it/s, loss=0.352]
  epoch 3/3:   2%|▏         | 2/88 [00:00<00:29,  2.91it/s, loss=0.341]
  epoch 3/3:   3%|▎         | 3/88 [00:00<00:25,  3.30it/s, loss=0.341]
  epoch 3/3:   3%|▎         | 3/88 [00:01<00:25,  3.30it/s, loss=0.348]
  epoch 3/3:   5%|▍         | 4/88 [00:01<00:23,  3.51it/s, loss=0.348]
  epoch 3/3:   5%|▍         | 4/88 [00:01<00:23,  3.51it/s, loss=0.361]
  epoch 3/3:   6%|▌         | 5/88 [00:01<00:22,  3.62it/s, loss=0.361]
  epoch 3/3:   6%|▌         | 5/88 [00:01<00:22,  3.62it/s, loss=0.370]
  epoch 3/3:   7%|▋         | 6/88 [00:01<00:22,  3.69it/s, loss=0.370]
  epoch 3/3:   7%|▋         | 6/88 [00:02<00:22,  3.69it/s, loss=0.371]
  epoch 3/3:   8%|▊         | 7/88 [00:02<00:21,  3.76it/s, loss=0.371]
  epoch 3/3:   8%|▊         | 7/88 [00:02<00:21,  3.76it/s, loss=0.368]
  epoch 3/3:   9%|▉         | 8/88 [00:02<00:21,  3.80it/s, loss=0.368]
  epoch 3/3:   9%|▉         | 8/88 [00:02<00:21,  3.80it/s, loss=0.372]
  epoch 3/3:  10%|█         | 9/88 [00:02<00:20,  3.83it/s, loss=0.372]
  epoch 3/3:  10%|█         | 9/88 [00:02<00:20,  3.83it/s, loss=0.374]
  epoch 3/3:  11%|█▏        | 10/88 [00:02<00:20,  3.86it/s, loss=0.374]
  epoch 3/3:  11%|█▏        | 10/88 [00:03<00:20,  3.86it/s, loss=0.369]
  epoch 3/3:  12%|█▎        | 11/88 [00:03<00:19,  3.87it/s, loss=0.369]
  epoch 3/3:  12%|█▎        | 11/88 [00:03<00:19,  3.87it/s, loss=0.386]
  epoch 3/3:  14%|█▎        | 12/88 [00:03<00:19,  3.88it/s, loss=0.386]
  epoch 3/3:  14%|█▎        | 12/88 [00:03<00:19,  3.88it/s, loss=0.381]
  epoch 3/3:  15%|█▍        | 13/88 [00:03<00:19,  3.89it/s, loss=0.381]
  epoch 3/3:  15%|█▍        | 13/88 [00:03<00:19,  3.89it/s, loss=0.376]
  epoch 3/3:  16%|█▌        | 14/88 [00:03<00:19,  3.89it/s, loss=0.376]
  epoch 3/3:  16%|█▌        | 14/88 [00:04<00:19,  3.89it/s, loss=0.369]
  epoch 3/3:  17%|█▋        | 15/88 [00:04<00:18,  3.89it/s, loss=0.369]
  epoch 3/3:  17%|█▋        | 15/88 [00:04<00:18,  3.89it/s, loss=0.375]
  epoch 3/3:  18%|█▊        | 16/88 [00:04<00:18,  3.86it/s, loss=0.375]
  epoch 3/3:  18%|█▊        | 16/88 [00:04<00:18,  3.86it/s, loss=0.376]
  epoch 3/3:  19%|█▉        | 17/88 [00:04<00:18,  3.89it/s, loss=0.376]
  epoch 3/3:  19%|█▉        | 17/88 [00:04<00:18,  3.89it/s, loss=0.371]
  epoch 3/3:  20%|██        | 18/88 [00:04<00:18,  3.88it/s, loss=0.371]
  epoch 3/3:  20%|██        | 18/88 [00:05<00:18,  3.88it/s, loss=0.367]
  epoch 3/3:  22%|██▏       | 19/88 [00:05<00:17,  3.91it/s, loss=0.367]
  epoch 3/3:  22%|██▏       | 19/88 [00:05<00:17,  3.91it/s, loss=0.368]
  epoch 3/3:  23%|██▎       | 20/88 [00:05<00:17,  3.90it/s, loss=0.368]
  epoch 3/3:  23%|██▎       | 20/88 [00:05<00:17,  3.90it/s, loss=0.363]
  epoch 3/3:  24%|██▍       | 21/88 [00:05<00:17,  3.93it/s, loss=0.363]
  epoch 3/3:  24%|██▍       | 21/88 [00:05<00:17,  3.93it/s, loss=0.360]
  epoch 3/3:  25%|██▌       | 22/88 [00:05<00:16,  3.93it/s, loss=0.360]
  epoch 3/3:  25%|██▌       | 22/88 [00:06<00:16,  3.93it/s, loss=0.364]
  epoch 3/3:  26%|██▌       | 23/88 [00:06<00:16,  3.95it/s, loss=0.364]
  epoch 3/3:  26%|██▌       | 23/88 [00:06<00:16,  3.95it/s, loss=0.363]
  epoch 3/3:  27%|██▋       | 24/88 [00:06<00:16,  3.94it/s, loss=0.363]
  epoch 3/3:  27%|██▋       | 24/88 [00:06<00:16,  3.94it/s, loss=0.360]
  epoch 3/3:  28%|██▊       | 25/88 [00:06<00:15,  3.95it/s, loss=0.360]
  epoch 3/3:  28%|██▊       | 25/88 [00:06<00:15,  3.95it/s, loss=0.361]
  epoch 3/3:  30%|██▉       | 26/88 [00:06<00:15,  3.95it/s, loss=0.361]
  epoch 3/3:  30%|██▉       | 26/88 [00:07<00:15,  3.95it/s, loss=0.357]
  epoch 3/3:  31%|███       | 27/88 [00:07<00:15,  3.95it/s, loss=0.357]
  epoch 3/3:  31%|███       | 27/88 [00:07<00:15,  3.95it/s, loss=0.358]
  epoch 3/3:  32%|███▏      | 28/88 [00:07<00:15,  3.94it/s, loss=0.358]
  epoch 3/3:  32%|███▏      | 28/88 [00:07<00:15,  3.94it/s, loss=0.355]
  epoch 3/3:  33%|███▎      | 29/88 [00:07<00:14,  3.95it/s, loss=0.355]
  epoch 3/3:  33%|███▎      | 29/88 [00:07<00:14,  3.95it/s, loss=0.351]
  epoch 3/3:  34%|███▍      | 30/88 [00:07<00:14,  3.94it/s, loss=0.351]
  epoch 3/3:  34%|███▍      | 30/88 [00:08<00:14,  3.94it/s, loss=0.349]
  epoch 3/3:  35%|███▌      | 31/88 [00:08<00:14,  3.94it/s, loss=0.349]
  epoch 3/3:  35%|███▌      | 31/88 [00:08<00:14,  3.94it/s, loss=0.351]
  epoch 3/3:  36%|███▋      | 32/88 [00:08<00:14,  3.88it/s, loss=0.351]
  epoch 3/3:  36%|███▋      | 32/88 [00:08<00:14,  3.88it/s, loss=0.346]
  epoch 3/3:  38%|███▊      | 33/88 [00:08<00:14,  3.89it/s, loss=0.346]
  epoch 3/3:  38%|███▊      | 33/88 [00:08<00:14,  3.89it/s, loss=0.344]
  epoch 3/3:  39%|███▊      | 34/88 [00:08<00:13,  3.92it/s, loss=0.344]
  epoch 3/3:  39%|███▊      | 34/88 [00:09<00:13,  3.92it/s, loss=0.343]
  epoch 3/3:  40%|███▉      | 35/88 [00:09<00:13,  3.93it/s, loss=0.343]
  epoch 3/3:  40%|███▉      | 35/88 [00:09<00:13,  3.93it/s, loss=0.341]
  epoch 3/3:  41%|████      | 36/88 [00:09<00:13,  3.94it/s, loss=0.341]
  epoch 3/3:  41%|████      | 36/88 [00:09<00:13,  3.94it/s, loss=0.337]
  epoch 3/3:  42%|████▏     | 37/88 [00:09<00:12,  3.94it/s, loss=0.337]
  epoch 3/3:  42%|████▏     | 37/88 [00:09<00:12,  3.94it/s, loss=0.336]
  epoch 3/3:  43%|████▎     | 38/88 [00:09<00:12,  3.94it/s, loss=0.336]
  epoch 3/3:  43%|████▎     | 38/88 [00:10<00:12,  3.94it/s, loss=0.333]
  epoch 3/3:  44%|████▍     | 39/88 [00:10<00:12,  3.94it/s, loss=0.333]
  epoch 3/3:  44%|████▍     | 39/88 [00:10<00:12,  3.94it/s, loss=0.332]
  epoch 3/3:  45%|████▌     | 40/88 [00:10<00:12,  3.95it/s, loss=0.332]
  epoch 3/3:  45%|████▌     | 40/88 [00:10<00:12,  3.95it/s, loss=0.335]
  epoch 3/3:  47%|████▋     | 41/88 [00:10<00:11,  3.94it/s, loss=0.335]
  epoch 3/3:  47%|████▋     | 41/88 [00:10<00:11,  3.94it/s, loss=0.335]
  epoch 3/3:  48%|████▊     | 42/88 [00:10<00:11,  3.95it/s, loss=0.335]
  epoch 3/3:  48%|████▊     | 42/88 [00:11<00:11,  3.95it/s, loss=0.333]
  epoch 3/3:  49%|████▉     | 43/88 [00:11<00:11,  3.95it/s, loss=0.333]
  epoch 3/3:  49%|████▉     | 43/88 [00:11<00:11,  3.95it/s, loss=0.331]
  epoch 3/3:  50%|█████     | 44/88 [00:11<00:11,  3.96it/s, loss=0.331]
  epoch 3/3:  50%|█████     | 44/88 [00:11<00:11,  3.96it/s, loss=0.330]
  epoch 3/3:  51%|█████     | 45/88 [00:11<00:10,  3.97it/s, loss=0.330]
  epoch 3/3:  51%|█████     | 45/88 [00:11<00:10,  3.97it/s, loss=0.327]
  epoch 3/3:  52%|█████▏    | 46/88 [00:11<00:10,  3.97it/s, loss=0.327]
  epoch 3/3:  52%|█████▏    | 46/88 [00:12<00:10,  3.97it/s, loss=0.328]
  epoch 3/3:  53%|█████▎    | 47/88 [00:12<00:10,  3.97it/s, loss=0.328]
  epoch 3/3:  53%|█████▎    | 47/88 [00:12<00:10,  3.97it/s, loss=0.331]
  epoch 3/3:  55%|█████▍    | 48/88 [00:12<00:10,  3.91it/s, loss=0.331]
  epoch 3/3:  55%|█████▍    | 48/88 [00:12<00:10,  3.91it/s, loss=0.333]
  epoch 3/3:  56%|█████▌    | 49/88 [00:12<00:09,  3.93it/s, loss=0.333]
  epoch 3/3:  56%|█████▌    | 49/88 [00:12<00:09,  3.93it/s, loss=0.333]
  epoch 3/3:  57%|█████▋    | 50/88 [00:12<00:09,  3.95it/s, loss=0.333]
  epoch 3/3:  57%|█████▋    | 50/88 [00:13<00:09,  3.95it/s, loss=0.334]
  epoch 3/3:  58%|█████▊    | 51/88 [00:13<00:09,  3.94it/s, loss=0.334]
  epoch 3/3:  58%|█████▊    | 51/88 [00:13<00:09,  3.94it/s, loss=0.334]
  epoch 3/3:  59%|█████▉    | 52/88 [00:13<00:09,  3.95it/s, loss=0.334]
  epoch 3/3:  59%|█████▉    | 52/88 [00:13<00:09,  3.95it/s, loss=0.333]
  epoch 3/3:  60%|██████    | 53/88 [00:13<00:08,  3.97it/s, loss=0.333]
  epoch 3/3:  60%|██████    | 53/88 [00:13<00:08,  3.97it/s, loss=0.331]
  epoch 3/3:  61%|██████▏   | 54/88 [00:13<00:08,  3.97it/s, loss=0.331]
  epoch 3/3:  61%|██████▏   | 54/88 [00:14<00:08,  3.97it/s, loss=0.330]
  epoch 3/3:  62%|██████▎   | 55/88 [00:14<00:08,  3.98it/s, loss=0.330]
  epoch 3/3:  62%|██████▎   | 55/88 [00:14<00:08,  3.98it/s, loss=0.329]
  epoch 3/3:  64%|██████▎   | 56/88 [00:14<00:08,  3.96it/s, loss=0.329]
  epoch 3/3:  64%|██████▎   | 56/88 [00:14<00:08,  3.96it/s, loss=0.328]
  epoch 3/3:  65%|██████▍   | 57/88 [00:14<00:07,  3.97it/s, loss=0.328]
  epoch 3/3:  65%|██████▍   | 57/88 [00:14<00:07,  3.97it/s, loss=0.326]
  epoch 3/3:  66%|██████▌   | 58/88 [00:14<00:07,  3.96it/s, loss=0.326]
  epoch 3/3:  66%|██████▌   | 58/88 [00:15<00:07,  3.96it/s, loss=0.325]
  epoch 3/3:  67%|██████▋   | 59/88 [00:15<00:07,  3.97it/s, loss=0.325]
  epoch 3/3:  67%|██████▋   | 59/88 [00:15<00:07,  3.97it/s, loss=0.325]
  epoch 3/3:  68%|██████▊   | 60/88 [00:15<00:07,  3.99it/s, loss=0.325]
  epoch 3/3:  68%|██████▊   | 60/88 [00:15<00:07,  3.99it/s, loss=0.325]
  epoch 3/3:  69%|██████▉   | 61/88 [00:15<00:06,  3.97it/s, loss=0.325]
  epoch 3/3:  69%|██████▉   | 61/88 [00:15<00:06,  3.97it/s, loss=0.323]
  epoch 3/3:  70%|███████   | 62/88 [00:15<00:06,  3.98it/s, loss=0.323]
  epoch 3/3:  70%|███████   | 62/88 [00:16<00:06,  3.98it/s, loss=0.321]
  epoch 3/3:  72%|███████▏  | 63/88 [00:16<00:06,  3.98it/s, loss=0.321]
  epoch 3/3:  72%|███████▏  | 63/88 [00:16<00:06,  3.98it/s, loss=0.319]
  epoch 3/3:  73%|███████▎  | 64/88 [00:16<00:06,  3.93it/s, loss=0.319]
  epoch 3/3:  73%|███████▎  | 64/88 [00:16<00:06,  3.93it/s, loss=0.319]
  epoch 3/3:  74%|███████▍  | 65/88 [00:16<00:05,  3.96it/s, loss=0.319]
  epoch 3/3:  74%|███████▍  | 65/88 [00:16<00:05,  3.96it/s, loss=0.317]
  epoch 3/3:  75%|███████▌  | 66/88 [00:16<00:05,  3.97it/s, loss=0.317]
  epoch 3/3:  75%|███████▌  | 66/88 [00:17<00:05,  3.97it/s, loss=0.315]
  epoch 3/3:  76%|███████▌  | 67/88 [00:17<00:05,  3.99it/s, loss=0.315]
  epoch 3/3:  76%|███████▌  | 67/88 [00:17<00:05,  3.99it/s, loss=0.315]
  epoch 3/3:  77%|███████▋  | 68/88 [00:17<00:05,  3.97it/s, loss=0.315]
  epoch 3/3:  77%|███████▋  | 68/88 [00:17<00:05,  3.97it/s, loss=0.314]
  epoch 3/3:  78%|███████▊  | 69/88 [00:17<00:04,  3.98it/s, loss=0.314]
  epoch 3/3:  78%|███████▊  | 69/88 [00:17<00:04,  3.98it/s, loss=0.314]
  epoch 3/3:  80%|███████▉  | 70/88 [00:17<00:04,  3.99it/s, loss=0.314]
  epoch 3/3:  80%|███████▉  | 70/88 [00:18<00:04,  3.99it/s, loss=0.312]
  epoch 3/3:  81%|████████  | 71/88 [00:18<00:04,  3.99it/s, loss=0.312]
  epoch 3/3:  81%|████████  | 71/88 [00:18<00:04,  3.99it/s, loss=0.312]
  epoch 3/3:  82%|████████▏ | 72/88 [00:18<00:04,  3.99it/s, loss=0.312]
  epoch 3/3:  82%|████████▏ | 72/88 [00:18<00:04,  3.99it/s, loss=0.310]
  epoch 3/3:  83%|████████▎ | 73/88 [00:18<00:03,  3.97it/s, loss=0.310]
  epoch 3/3:  83%|████████▎ | 73/88 [00:18<00:03,  3.97it/s, loss=0.308]
  epoch 3/3:  84%|████████▍ | 74/88 [00:18<00:03,  3.99it/s, loss=0.308]
  epoch 3/3:  84%|████████▍ | 74/88 [00:19<00:03,  3.99it/s, loss=0.308]
  epoch 3/3:  85%|████████▌ | 75/88 [00:19<00:03,  4.01it/s, loss=0.308]
  epoch 3/3:  85%|████████▌ | 75/88 [00:19<00:03,  4.01it/s, loss=0.306]
  epoch 3/3:  86%|████████▋ | 76/88 [00:19<00:02,  4.02it/s, loss=0.306]
  epoch 3/3:  86%|████████▋ | 76/88 [00:19<00:02,  4.02it/s, loss=0.304]
  epoch 3/3:  88%|████████▊ | 77/88 [00:19<00:02,  4.00it/s, loss=0.304]
  epoch 3/3:  88%|████████▊ | 77/88 [00:19<00:02,  4.00it/s, loss=0.304]
  epoch 3/3:  89%|████████▊ | 78/88 [00:19<00:02,  4.00it/s, loss=0.304]
  epoch 3/3:  89%|████████▊ | 78/88 [00:20<00:02,  4.00it/s, loss=0.304]
  epoch 3/3:  90%|████████▉ | 79/88 [00:20<00:02,  4.00it/s, loss=0.304]
  epoch 3/3:  90%|████████▉ | 79/88 [00:20<00:02,  4.00it/s, loss=0.304]
  epoch 3/3:  91%|█████████ | 80/88 [00:20<00:02,  3.95it/s, loss=0.304]
  epoch 3/3:  91%|█████████ | 80/88 [00:20<00:02,  3.95it/s, loss=0.303]
  epoch 3/3:  92%|█████████▏| 81/88 [00:20<00:01,  3.96it/s, loss=0.303]
  epoch 3/3:  92%|█████████▏| 81/88 [00:21<00:01,  3.96it/s, loss=0.300]
  epoch 3/3:  93%|█████████▎| 82/88 [00:21<00:01,  3.97it/s, loss=0.300]
  epoch 3/3:  93%|█████████▎| 82/88 [00:21<00:01,  3.97it/s, loss=0.300]
  epoch 3/3:  94%|█████████▍| 83/88 [00:21<00:01,  3.97it/s, loss=0.300]
  epoch 3/3:  94%|█████████▍| 83/88 [00:21<00:01,  3.97it/s, loss=0.299]
  epoch 3/3:  95%|█████████▌| 84/88 [00:21<00:01,  3.98it/s, loss=0.299]
  epoch 3/3:  95%|█████████▌| 84/88 [00:21<00:01,  3.98it/s, loss=0.300]
  epoch 3/3:  97%|█████████▋| 85/88 [00:21<00:00,  4.00it/s, loss=0.300]
  epoch 3/3:  97%|█████████▋| 85/88 [00:21<00:00,  4.00it/s, loss=0.301]
  epoch 3/3:  98%|█████████▊| 86/88 [00:21<00:00,  4.02it/s, loss=0.301]
  epoch 3/3:  98%|█████████▊| 86/88 [00:22<00:00,  4.02it/s, loss=0.300]
  epoch 3/3:  99%|█████████▉| 87/88 [00:22<00:00,  4.04it/s, loss=0.300]
  epoch 3/3:  99%|█████████▉| 87/88 [00:22<00:00,  4.04it/s, loss=0.299]
  epoch 3/3: 100%|██████████| 88/88 [00:22<00:00,  4.37it/s, loss=0.299]
                                                                        
[titans] reset=never | norm(state) sau task = 120.4526
[titans]   self-mod v:β=1.13 |W|=0.70
[titans]   eta_t(avg)=-1.1584  alpha_t/forget-gate(avg)=0.9012
[task 0] test acc so far: 0.929
[task 0] NCM-blend gamma=0: 0.854
[task 0] NCM-blend gamma=0.1: 0.857
[task 0] NCM-blend gamma=0.25: 0.857
[task 0] NCM-blend gamma=0.5: 0.857
[task 0] NCM-blend gamma=0.75: 0.857
[task 0] NCM-blend gamma=1: 0.863
[checkpoint] đã lưu tiến độ sau task 0
[task 1] classes=[11, 12, 15, 23, 25] | train=2800

  epoch 1/3:   0%|          | 0/88 [00:00<?, ?it/s]
  epoch 1/3:   0%|          | 0/88 [00:00<?, ?it/s, loss=1.350]
  epoch 1/3:   1%|          | 1/88 [00:00<00:42,  2.06it/s, loss=1.350]
  epoch 1/3:   1%|          | 1/88 [00:00<00:42,  2.06it/s, loss=1.463]
  epoch 1/3:   2%|▏         | 2/88 [00:00<00:29,  2.88it/s, loss=1.463]
  epoch 1/3:   2%|▏         | 2/88 [00:00<00:29,  2.88it/s, loss=1.473]
  epoch 1/3:   3%|▎         | 3/88 [00:00<00:25,  3.29it/s, loss=1.473]
  epoch 1/3:   3%|▎         | 3/88 [00:01<00:25,  3.29it/s, loss=1.470]
  epoch 1/3:   5%|▍         | 4/88 [00:01<00:23,  3.54it/s, loss=1.470]
  epoch 1/3:   5%|▍         | 4/88 [00:01<00:23,  3.54it/s, loss=1.421]
  epoch 1/3:   6%|▌         | 5/88 [00:01<00:22,  3.68it/s, loss=1.421]
  epoch 1/3:   6%|▌         | 5/88 [00:01<00:22,  3.68it/s, loss=1.411]
  epoch 1/3:   7%|▋         | 6/88 [00:01<00:21,  3.76it/s, loss=1.411]
  epoch 1/3:   7%|▋         | 6/88 [00:01<00:21,  3.76it/s, loss=1.437]
  epoch 1/3:   8%|▊         | 7/88 [00:01<00:21,  3.82it/s, loss=1.437]
  epoch 1/3:   8%|▊         | 7/88 [00:02<00:21,  3.82it/s, loss=1.430]
  epoch 1/3:   9%|▉         | 8/88 [00:02<00:20,  3.81it/s, loss=1.430]
  epoch 1/3:   9%|▉         | 8/88 [00:02<00:20,  3.81it/s, loss=1.420]
  epoch 1/3:  10%|█         | 9/88 [00:02<00:20,  3.86it/s, loss=1.420]
  epoch 1/3:  10%|█         | 9/88 [00:02<00:20,  3.86it/s, loss=1.415]
  epoch 1/3:  11%|█▏        | 10/88 [00:02<00:19,  3.90it/s, loss=1.415]
  epoch 1/3:  11%|█▏        | 10/88 [00:03<00:19,  3.90it/s, loss=1.393]
  epoch 1/3:  12%|█▎        | 11/88 [00:03<00:19,  3.92it/s, loss=1.393]
  epoch 1/3:  12%|█▎        | 11/88 [00:03<00:19,  3.92it/s, loss=1.380]
  epoch 1/3:  14%|█▎        | 12/88 [00:03<00:19,  3.94it/s, loss=1.380]
  epoch 1/3:  14%|█▎        | 12/88 [00:03<00:19,  3.94it/s, loss=1.385]
  epoch 1/3:  15%|█▍        | 13/88 [00:03<00:19,  3.94it/s, loss=1.385]
  epoch 1/3:  15%|█▍        | 13/88 [00:03<00:19,  3.94it/s, loss=1.379]
  epoch 1/3:  16%|█▌        | 14/88 [00:03<00:18,  3.95it/s, loss=1.379]
  epoch 1/3:  16%|█▌        | 14/88 [00:04<00:18,  3.95it/s, loss=1.375]
  epoch 1/3:  17%|█▋        | 15/88 [00:04<00:18,  3.95it/s, loss=1.375]
  epoch 1/3:  17%|█▋        | 15/88 [00:04<00:18,  3.95it/s, loss=1.377]
  epoch 1/3:  18%|█▊        | 16/88 [00:04<00:18,  3.96it/s, loss=1.377]
  epoch 1/3:  18%|█▊        | 16/88 [00:04<00:18,  3.96it/s, loss=1.368]
  epoch 1/3:  19%|█▉        | 17/88 [00:04<00:17,  3.96it/s, loss=1.368]
  epoch 1/3:  19%|█▉        | 17/88 [00:04<00:17,  3.96it/s, loss=1.363]
  epoch 1/3:  20%|██        | 18/88 [00:04<00:17,  3.96it/s, loss=1.363]
  epoch 1/3:  20%|██        | 18/88 [00:05<00:17,  3.96it/s, loss=1.361]
  epoch 1/3:  22%|██▏       | 19/88 [00:05<00:17,  3.97it/s, loss=1.361]
  epoch 1/3:  22%|██▏       | 19/88 [00:05<00:17,  3.97it/s, loss=1.359]
  epoch 1/3:  23%|██▎       | 20/88 [00:05<00:17,  3.98it/s, loss=1.359]
  epoch 1/3:  23%|██▎       | 20/88 [00:05<00:17,  3.98it/s, loss=1.356]
  epoch 1/3:  24%|██▍       | 21/88 [00:05<00:16,  3.97it/s, loss=1.356]
  epoch 1/3:  24%|██▍       | 21/88 [00:05<00:16,  3.97it/s, loss=1.349]
  epoch 1/3:  25%|██▌       | 22/88 [00:05<00:16,  3.96it/s, loss=1.349]
  epoch 1/3:  25%|██▌       | 22/88 [00:06<00:16,  3.96it/s, loss=1.342]
  epoch 1/3:  26%|██▌       | 23/88 [00:06<00:16,  3.96it/s, loss=1.342]
  epoch 1/3:  26%|██▌       | 23/88 [00:06<00:16,  3.96it/s, loss=1.331]
  epoch 1/3:  27%|██▋       | 24/88 [00:06<00:16,  3.89it/s, loss=1.331]
  epoch 1/3:  27%|██▋       | 24/88 [00:06<00:16,  3.89it/s, loss=1.330]
  epoch 1/3:  28%|██▊       | 25/88 [00:06<00:16,  3.90it/s, loss=1.330]
  epoch 1/3:  28%|██▊       | 25/88 [00:06<00:16,  3.90it/s, loss=1.326]
  epoch 1/3:  30%|██▉       | 26/88 [00:06<00:15,  3.93it/s, loss=1.326]
  epoch 1/3:  30%|██▉       | 26/88 [00:07<00:15,  3.93it/s, loss=1.322]
  epoch 1/3:  31%|███       | 27/88 [00:07<00:15,  3.95it/s, loss=1.322]
  epoch 1/3:  31%|███       | 27/88 [00:07<00:15,  3.95it/s, loss=1.314]
  epoch 1/3:  32%|███▏      | 28/88 [00:07<00:15,  3.93it/s, loss=1.314]
  epoch 1/3:  32%|███▏      | 28/88 [00:07<00:15,  3.93it/s, loss=1.312]
  epoch 1/3:  33%|███▎      | 29/88 [00:07<00:15,  3.92it/s, loss=1.312]
  epoch 1/3:  33%|███▎      | 29/88 [00:07<00:15,  3.92it/s, loss=1.302]
  epoch 1/3:  34%|███▍      | 30/88 [00:07<00:14,  3.93it/s, loss=1.302]
  epoch 1/3:  34%|███▍      | 30/88 [00:08<00:14,  3.93it/s, loss=1.299]
  epoch 1/3:  35%|███▌      | 31/88 [00:08<00:14,  3.93it/s, loss=1.299]
  epoch 1/3:  35%|███▌      | 31/88 [00:08<00:14,  3.93it/s, loss=1.294]
  epoch 1/3:  36%|███▋      | 32/88 [00:08<00:14,  3.94it/s, loss=1.294]
  epoch 1/3:  36%|███▋      | 32/88 [00:08<00:14,  3.94it/s, loss=1.287]
  epoch 1/3:  38%|███▊      | 33/88 [00:08<00:13,  3.94it/s, loss=1.287]
  epoch 1/3:  38%|███▊      | 33/88 [00:08<00:13,  3.94it/s, loss=1.282]
  epoch 1/3:  39%|███▊      | 34/88 [00:08<00:13,  3.95it/s, loss=1.282]
  epoch 1/3:  39%|███▊      | 34/88 [00:09<00:13,  3.95it/s, loss=1.277]
  epoch 1/3:  40%|███▉      | 35/88 [00:09<00:13,  3.96it/s, loss=1.277]
  epoch 1/3:  40%|███▉      | 35/88 [00:09<00:13,  3.96it/s, loss=1.273]
  epoch 1/3:  41%|████      | 36/88 [00:09<00:13,  3.97it/s, loss=1.273]
  epoch 1/3:  41%|████      | 36/88 [00:09<00:13,  3.97it/s, loss=1.267]
  epoch 1/3:  42%|████▏     | 37/88 [00:09<00:12,  3.98it/s, loss=1.267]
  epoch 1/3:  42%|████▏     | 37/88 [00:09<00:12,  3.98it/s, loss=1.262]
  epoch 1/3:  43%|████▎     | 38/88 [00:09<00:12,  3.96it/s, loss=1.262]
  epoch 1/3:  43%|████▎     | 38/88 [00:10<00:12,  3.96it/s, loss=1.258]
  epoch 1/3:  44%|████▍     | 39/88 [00:10<00:12,  3.98it/s, loss=1.258]
  epoch 1/3:  44%|████▍     | 39/88 [00:10<00:12,  3.98it/s, loss=1.256]
  epoch 1/3:  45%|████▌     | 40/88 [00:10<00:12,  3.90it/s, loss=1.256]
  epoch 1/3:  45%|████▌     | 40/88 [00:10<00:12,  3.90it/s, loss=1.250]
  epoch 1/3:  47%|████▋     | 41/88 [00:10<00:12,  3.92it/s, loss=1.250]
  epoch 1/3:  47%|████▋     | 41/88 [00:10<00:12,  3.92it/s, loss=1.246]
  epoch 1/3:  48%|████▊     | 42/88 [00:10<00:11,  3.93it/s, loss=1.246]
  epoch 1/3:  48%|████▊     | 42/88 [00:11<00:11,  3.93it/s, loss=1.241]
  epoch 1/3:  49%|████▉     | 43/88 [00:11<00:11,  3.92it/s, loss=1.241]
  epoch 1/3:  49%|████▉     | 43/88 [00:11<00:11,  3.92it/s, loss=1.234]
  epoch 1/3:  50%|█████     | 44/88 [00:11<00:11,  3.95it/s, loss=1.234]
  epoch 1/3:  50%|█████     | 44/88 [00:11<00:11,  3.95it/s, loss=1.230]
  epoch 1/3:  51%|█████     | 45/88 [00:11<00:10,  3.92it/s, loss=1.230]
  epoch 1/3:  51%|█████     | 45/88 [00:11<00:10,  3.92it/s, loss=1.224]
  epoch 1/3:  52%|█████▏    | 46/88 [00:11<00:10,  3.94it/s, loss=1.224]
  epoch 1/3:  52%|█████▏    | 46/88 [00:12<00:10,  3.94it/s, loss=1.218]
  epoch 1/3:  53%|█████▎    | 47/88 [00:12<00:10,  3.93it/s, loss=1.218]
  epoch 1/3:  53%|█████▎    | 47/88 [00:12<00:10,  3.93it/s, loss=1.213]
  epoch 1/3:  55%|█████▍    | 48/88 [00:12<00:10,  3.94it/s, loss=1.213]
  epoch 1/3:  55%|█████▍    | 48/88 [00:12<00:10,  3.94it/s, loss=1.208]
  epoch 1/3:  56%|█████▌    | 49/88 [00:12<00:09,  3.92it/s, loss=1.208]
  epoch 1/3:  56%|█████▌    | 49/88 [00:12<00:09,  3.92it/s, loss=1.204]
  epoch 1/3:  57%|█████▋    | 50/88 [00:12<00:09,  3.93it/s, loss=1.204]
  epoch 1/3:  57%|█████▋    | 50/88 [00:13<00:09,  3.93it/s, loss=1.199]
  epoch 1/3:  58%|█████▊    | 51/88 [00:13<00:09,  3.92it/s, loss=1.199]
  epoch 1/3:  58%|█████▊    | 51/88 [00:13<00:09,  3.92it/s, loss=1.194]
  epoch 1/3:  59%|█████▉    | 52/88 [00:13<00:09,  3.92it/s, loss=1.194]
  epoch 1/3:  59%|█████▉    | 52/88 [00:13<00:09,  3.92it/s, loss=1.187]
  epoch 1/3:  60%|██████    | 53/88 [00:13<00:08,  3.95it/s, loss=1.187]
  epoch 1/3:  60%|██████    | 53/88 [00:13<00:08,  3.95it/s, loss=1.183]
  epoch 1/3:  61%|██████▏   | 54/88 [00:13<00:08,  3.93it/s, loss=1.183]
  epoch 1/3:  61%|██████▏   | 54/88 [00:14<00:08,  3.93it/s, loss=1.180]
  epoch 1/3:  62%|██████▎   | 55/88 [00:14<00:08,  3.94it/s, loss=1.180]
  epoch 1/3:  62%|██████▎   | 55/88 [00:14<00:08,  3.94it/s, loss=1.178]
  epoch 1/3:  64%|██████▎   | 56/88 [00:14<00:08,  3.89it/s, loss=1.178]
  epoch 1/3:  64%|██████▎   | 56/88 [00:14<00:08,  3.89it/s, loss=1.175]
  epoch 1/3:  65%|██████▍   | 57/88 [00:14<00:07,  3.90it/s, loss=1.175]
  epoch 1/3:  65%|██████▍   | 57/88 [00:14<00:07,  3.90it/s, loss=1.174]
  epoch 1/3:  66%|██████▌   | 58/88 [00:14<00:07,  3.92it/s, loss=1.174]
  epoch 1/3:  66%|██████▌   | 58/88 [00:15<00:07,  3.92it/s, loss=1.169]
  epoch 1/3:  67%|██████▋   | 59/88 [00:15<00:07,  3.91it/s, loss=1.169]
  epoch 1/3:  67%|██████▋   | 59/88 [00:15<00:07,  3.91it/s, loss=1.166]
  epoch 1/3:  68%|██████▊   | 60/88 [00:15<00:07,  3.91it/s, loss=1.166]
  epoch 1/3:  68%|██████▊   | 60/88 [00:15<00:07,  3.91it/s, loss=1.160]
  epoch 1/3:  69%|██████▉   | 61/88 [00:15<00:06,  3.93it/s, loss=1.160]
  epoch 1/3:  69%|██████▉   | 61/88 [00:15<00:06,  3.93it/s, loss=1.154]
  epoch 1/3:  70%|███████   | 62/88 [00:15<00:06,  3.93it/s, loss=1.154]
  epoch 1/3:  70%|███████   | 62/88 [00:16<00:06,  3.93it/s, loss=1.149]
  epoch 1/3:  72%|███████▏  | 63/88 [00:16<00:06,  3.94it/s, loss=1.149]
  epoch 1/3:  72%|███████▏  | 63/88 [00:16<00:06,  3.94it/s, loss=1.145]
  epoch 1/3:  73%|███████▎  | 64/88 [00:16<00:06,  3.92it/s, loss=1.145]
  epoch 1/3:  73%|███████▎  | 64/88 [00:16<00:06,  3.92it/s, loss=1.140]
  epoch 1/3:  74%|███████▍  | 65/88 [00:16<00:05,  3.93it/s, loss=1.140]
  epoch 1/3:  74%|███████▍  | 65/88 [00:16<00:05,  3.93it/s, loss=1.134]
  epoch 1/3:  75%|███████▌  | 66/88 [00:16<00:05,  3.93it/s, loss=1.134]
  epoch 1/3:  75%|███████▌  | 66/88 [00:17<00:05,  3.93it/s, loss=1.129]
  epoch 1/3:  76%|███████▌  | 67/88 [00:17<00:05,  3.93it/s, loss=1.129]
  epoch 1/3:  76%|███████▌  | 67/88 [00:17<00:05,  3.93it/s, loss=1.126]
  epoch 1/3:  77%|███████▋  | 68/88 [00:17<00:05,  3.92it/s, loss=1.126]
  epoch 1/3:  77%|███████▋  | 68/88 [00:17<00:05,  3.92it/s, loss=1.123]
  epoch 1/3:  78%|███████▊  | 69/88 [00:17<00:04,  3.93it/s, loss=1.123]
  epoch 1/3:  78%|███████▊  | 69/88 [00:18<00:04,  3.93it/s, loss=1.118]
  epoch 1/3:  80%|███████▉  | 70/88 [00:18<00:04,  3.94it/s, loss=1.118]
  epoch 1/3:  80%|███████▉  | 70/88 [00:18<00:04,  3.94it/s, loss=1.112]
  epoch 1/3:  81%|████████  | 71/88 [00:18<00:04,  3.92it/s, loss=1.112]
  epoch 1/3:  81%|████████  | 71/88 [00:18<00:04,  3.92it/s, loss=1.108]
  epoch 1/3:  82%|████████▏ | 72/88 [00:18<00:04,  3.89it/s, loss=1.108]
  epoch 1/3:  82%|████████▏ | 72/88 [00:18<00:04,  3.89it/s, loss=1.103]
  epoch 1/3:  83%|████████▎ | 73/88 [00:18<00:03,  3.92it/s, loss=1.103]
  epoch 1/3:  83%|████████▎ | 73/88 [00:19<00:03,  3.92it/s, loss=1.099]
  epoch 1/3:  84%|████████▍ | 74/88 [00:19<00:03,  3.92it/s, loss=1.099]
  epoch 1/3:  84%|████████▍ | 74/88 [00:19<00:03,  3.92it/s, loss=1.094]
  epoch 1/3:  85%|████████▌ | 75/88 [00:19<00:03,  3.93it/s, loss=1.094]
  epoch 1/3:  85%|████████▌ | 75/88 [00:19<00:03,  3.93it/s, loss=1.088]
  epoch 1/3:  86%|████████▋ | 76/88 [00:19<00:03,  3.92it/s, loss=1.088]
  epoch 1/3:  86%|████████▋ | 76/88 [00:19<00:03,  3.92it/s, loss=1.084]
  epoch 1/3:  88%|████████▊ | 77/88 [00:19<00:02,  3.93it/s, loss=1.084]
  epoch 1/3:  88%|████████▊ | 77/88 [00:20<00:02,  3.93it/s, loss=1.078]
  epoch 1/3:  89%|████████▊ | 78/88 [00:20<00:02,  3.92it/s, loss=1.078]
  epoch 1/3:  89%|████████▊ | 78/88 [00:20<00:02,  3.92it/s, loss=1.073]
  epoch 1/3:  90%|████████▉ | 79/88 [00:20<00:02,  3.93it/s, loss=1.073]
  epoch 1/3:  90%|████████▉ | 79/88 [00:20<00:02,  3.93it/s, loss=1.069]
  epoch 1/3:  91%|█████████ | 80/88 [00:20<00:02,  3.93it/s, loss=1.069]
  epoch 1/3:  91%|█████████ | 80/88 [00:20<00:02,  3.93it/s, loss=1.065]
  epoch 1/3:  92%|█████████▏| 81/88 [00:20<00:01,  3.94it/s, loss=1.065]
  epoch 1/3:  92%|█████████▏| 81/88 [00:21<00:01,  3.94it/s, loss=1.059]
  epoch 1/3:  93%|█████████▎| 82/88 [00:21<00:01,  3.94it/s, loss=1.059]
  epoch 1/3:  93%|█████████▎| 82/88 [00:21<00:01,  3.94it/s, loss=1.057]
  epoch 1/3:  94%|█████████▍| 83/88 [00:21<00:01,  3.94it/s, loss=1.057]
  epoch 1/3:  94%|█████████▍| 83/88 [00:21<00:01,  3.94it/s, loss=1.051]
  epoch 1/3:  95%|█████████▌| 84/88 [00:21<00:01,  3.94it/s, loss=1.051]
  epoch 1/3:  95%|█████████▌| 84/88 [00:21<00:01,  3.94it/s, loss=1.048]
  epoch 1/3:  97%|█████████▋| 85/88 [00:21<00:00,  3.95it/s, loss=1.048]
  epoch 1/3:  97%|█████████▋| 85/88 [00:22<00:00,  3.95it/s, loss=1.043]
  epoch 1/3:  98%|█████████▊| 86/88 [00:22<00:00,  3.94it/s, loss=1.043]
  epoch 1/3:  98%|█████████▊| 86/88 [00:22<00:00,  3.94it/s, loss=1.038]
  epoch 1/3:  99%|█████████▉| 87/88 [00:22<00:00,  3.93it/s, loss=1.038]
  epoch 1/3:  99%|█████████▉| 87/88 [00:22<00:00,  3.93it/s, loss=1.036]
  epoch 1/3: 100%|██████████| 88/88 [00:22<00:00,  4.19it/s, loss=1.036]
                                                                        

  epoch 2/3:   0%|          | 0/88 [00:00<?, ?it/s]
  epoch 2/3:   0%|          | 0/88 [00:00<?, ?it/s, loss=0.668]
  epoch 2/3:   1%|          | 1/88 [00:00<00:44,  1.94it/s, loss=0.668]
  epoch 2/3:   1%|          | 1/88 [00:00<00:44,  1.94it/s, loss=0.674]
  epoch 2/3:   2%|▏         | 2/88 [00:00<00:31,  2.77it/s, loss=0.674]
  epoch 2/3:   2%|▏         | 2/88 [00:01<00:31,  2.77it/s, loss=0.695]
  epoch 2/3:   3%|▎         | 3/88 [00:01<00:26,  3.19it/s, loss=0.695]
  epoch 2/3:   3%|▎         | 3/88 [00:01<00:26,  3.19it/s, loss=0.671]
  epoch 2/3:   5%|▍         | 4/88 [00:01<00:24,  3.43it/s, loss=0.671]
  epoch 2/3:   5%|▍         | 4/88 [00:01<00:24,  3.43it/s, loss=0.675]
  epoch 2/3:   6%|▌         | 5/88 [00:01<00:22,  3.62it/s, loss=0.675]
  epoch 2/3:   6%|▌         | 5/88 [00:01<00:22,  3.62it/s, loss=0.651]
  epoch 2/3:   7%|▋         | 6/88 [00:01<00:22,  3.71it/s, loss=0.651]
  epoch 2/3:   7%|▋         | 6/88 [00:02<00:22,  3.71it/s, loss=0.637]
  epoch 2/3:   8%|▊         | 7/88 [00:02<00:21,  3.79it/s, loss=0.637]
  epoch 2/3:   8%|▊         | 7/88 [00:02<00:21,  3.79it/s, loss=0.636]
  epoch 2/3:   9%|▉         | 8/88 [00:02<00:20,  3.83it/s, loss=0.636]
  epoch 2/3:   9%|▉         | 8/88 [00:02<00:20,  3.83it/s, loss=0.628]
  epoch 2/3:  10%|█         | 9/88 [00:02<00:20,  3.87it/s, loss=0.628]
  epoch 2/3:  10%|█         | 9/88 [00:02<00:20,  3.87it/s, loss=0.630]
  epoch 2/3:  11%|█▏        | 10/88 [00:02<00:20,  3.88it/s, loss=0.630]
  epoch 2/3:  11%|█▏        | 10/88 [00:03<00:20,  3.88it/s, loss=0.622]
  epoch 2/3:  12%|█▎        | 11/88 [00:03<00:19,  3.91it/s, loss=0.622]
  epoch 2/3:  12%|█▎        | 11/88 [00:03<00:19,  3.91it/s, loss=0.604]
  epoch 2/3:  14%|█▎        | 12/88 [00:03<00:19,  3.90it/s, loss=0.604]
  epoch 2/3:  14%|█▎        | 12/88 [00:03<00:19,  3.90it/s, loss=0.612]
  epoch 2/3:  15%|█▍        | 13/88 [00:03<00:19,  3.91it/s, loss=0.612]
  epoch 2/3:  15%|█▍        | 13/88 [00:03<00:19,  3.91it/s, loss=0.604]
  epoch 2/3:  16%|█▌        | 14/88 [00:03<00:18,  3.92it/s, loss=0.604]
  epoch 2/3:  16%|█▌        | 14/88 [00:04<00:18,  3.92it/s, loss=0.598]
  epoch 2/3:  17%|█▋        | 15/88 [00:04<00:18,  3.92it/s, loss=0.598]
  epoch 2/3:  17%|█▋        | 15/88 [00:04<00:18,  3.92it/s, loss=0.595]
  epoch 2/3:  18%|█▊        | 16/88 [00:04<00:18,  3.86it/s, loss=0.595]
  epoch 2/3:  18%|█▊        | 16/88 [00:04<00:18,  3.86it/s, loss=0.592]
  epoch 2/3:  19%|█▉        | 17/88 [00:04<00:18,  3.89it/s, loss=0.592]
  epoch 2/3:  19%|█▉        | 17/88 [00:04<00:18,  3.89it/s, loss=0.589]
  epoch 2/3:  20%|██        | 18/88 [00:04<00:17,  3.89it/s, loss=0.589]
  epoch 2/3:  20%|██        | 18/88 [00:05<00:17,  3.89it/s, loss=0.587]
  epoch 2/3:  22%|██▏       | 19/88 [00:05<00:17,  3.91it/s, loss=0.587]
  epoch 2/3:  22%|██▏       | 19/88 [00:05<00:17,  3.91it/s, loss=0.585]
  epoch 2/3:  23%|██▎       | 20/88 [00:05<00:17,  3.92it/s, loss=0.585]
  epoch 2/3:  23%|██▎       | 20/88 [00:05<00:17,  3.92it/s, loss=0.580]
  epoch 2/3:  24%|██▍       | 21/88 [00:05<00:17,  3.91it/s, loss=0.580]
  epoch 2/3:  24%|██▍       | 21/88 [00:05<00:17,  3.91it/s, loss=0.585]
  epoch 2/3:  25%|██▌       | 22/88 [00:05<00:16,  3.93it/s, loss=0.585]
  epoch 2/3:  25%|██▌       | 22/88 [00:06<00:16,  3.93it/s, loss=0.584]
  epoch 2/3:  26%|██▌       | 23/88 [00:06<00:16,  3.92it/s, loss=0.584]
  epoch 2/3:  26%|██▌       | 23/88 [00:06<00:16,  3.92it/s, loss=0.582]
  epoch 2/3:  27%|██▋       | 24/88 [00:06<00:16,  3.94it/s, loss=0.582]
  epoch 2/3:  27%|██▋       | 24/88 [00:06<00:16,  3.94it/s, loss=0.582]
  epoch 2/3:  28%|██▊       | 25/88 [00:06<00:16,  3.93it/s, loss=0.582]
  epoch 2/3:  28%|██▊       | 25/88 [00:06<00:16,  3.93it/s, loss=0.582]
  epoch 2/3:  30%|██▉       | 26/88 [00:06<00:15,  3.94it/s, loss=0.582]
  epoch 2/3:  30%|██▉       | 26/88 [00:07<00:15,  3.94it/s, loss=0.579]
  epoch 2/3:  31%|███       | 27/88 [00:07<00:15,  3.92it/s, loss=0.579]
  epoch 2/3:  31%|███       | 27/88 [00:07<00:15,  3.92it/s, loss=0.578]
  epoch 2/3:  32%|███▏      | 28/88 [00:07<00:15,  3.94it/s, loss=0.578]
  epoch 2/3:  32%|███▏      | 28/88 [00:07<00:15,  3.94it/s, loss=0.579]
  epoch 2/3:  33%|███▎      | 29/88 [00:07<00:15,  3.93it/s, loss=0.579]
  epoch 2/3:  33%|███▎      | 29/88 [00:07<00:15,  3.93it/s, loss=0.576]
  epoch 2/3:  34%|███▍      | 30/88 [00:07<00:14,  3.92it/s, loss=0.576]
  epoch 2/3:  34%|███▍      | 30/88 [00:08<00:14,  3.92it/s, loss=0.572]
  epoch 2/3:  35%|███▌      | 31/88 [00:08<00:14,  3.93it/s, loss=0.572]
  epoch 2/3:  35%|███▌      | 31/88 [00:08<00:14,  3.93it/s, loss=0.571]
  epoch 2/3:  36%|███▋      | 32/88 [00:08<00:14,  3.88it/s, loss=0.571]
  epoch 2/3:  36%|███▋      | 32/88 [00:08<00:14,  3.88it/s, loss=0.568]
  epoch 2/3:  38%|███▊      | 33/88 [00:08<00:14,  3.89it/s, loss=0.568]
  epoch 2/3:  38%|███▊      | 33/88 [00:08<00:14,  3.89it/s, loss=0.566]
  epoch 2/3:  39%|███▊      | 34/88 [00:08<00:13,  3.90it/s, loss=0.566]
  epoch 2/3:  39%|███▊      | 34/88 [00:09<00:13,  3.90it/s, loss=0.564]
  epoch 2/3:  40%|███▉      | 35/88 [00:09<00:13,  3.91it/s, loss=0.564]
  epoch 2/3:  40%|███▉      | 35/88 [00:09<00:13,  3.91it/s, loss=0.559]
  epoch 2/3:  41%|████      | 36/88 [00:09<00:13,  3.92it/s, loss=0.559]
  epoch 2/3:  41%|████      | 36/88 [00:09<00:13,  3.92it/s, loss=0.558]
  epoch 2/3:  42%|████▏     | 37/88 [00:09<00:13,  3.92it/s, loss=0.558]
  epoch 2/3:  42%|████▏     | 37/88 [00:09<00:13,  3.92it/s, loss=0.554]
  epoch 2/3:  43%|████▎     | 38/88 [00:09<00:12,  3.93it/s, loss=0.554]
  epoch 2/3:  43%|████▎     | 38/88 [00:10<00:12,  3.93it/s, loss=0.549]
  epoch 2/3:  44%|████▍     | 39/88 [00:10<00:12,  3.93it/s, loss=0.549]
  epoch 2/3:  44%|████▍     | 39/88 [00:10<00:12,  3.93it/s, loss=0.547]
  epoch 2/3:  45%|████▌     | 40/88 [00:10<00:12,  3.93it/s, loss=0.547]
  epoch 2/3:  45%|████▌     | 40/88 [00:10<00:12,  3.93it/s, loss=0.544]
  epoch 2/3:  47%|████▋     | 41/88 [00:10<00:11,  3.94it/s, loss=0.544]
  epoch 2/3:  47%|████▋     | 41/88 [00:10<00:11,  3.94it/s, loss=0.543]
  epoch 2/3:  48%|████▊     | 42/88 [00:10<00:11,  3.94it/s, loss=0.543]
  epoch 2/3:  48%|████▊     | 42/88 [00:11<00:11,  3.94it/s, loss=0.538]
  epoch 2/3:  49%|████▉     | 43/88 [00:11<00:11,  3.94it/s, loss=0.538]
  epoch 2/3:  49%|████▉     | 43/88 [00:11<00:11,  3.94it/s, loss=0.535]
  epoch 2/3:  50%|█████     | 44/88 [00:11<00:11,  3.92it/s, loss=0.535]
  epoch 2/3:  50%|█████     | 44/88 [00:11<00:11,  3.92it/s, loss=0.533]
  epoch 2/3:  51%|█████     | 45/88 [00:11<00:10,  3.94it/s, loss=0.533]
  epoch 2/3:  51%|█████     | 45/88 [00:11<00:10,  3.94it/s, loss=0.533]
  epoch 2/3:  52%|█████▏    | 46/88 [00:11<00:10,  3.93it/s, loss=0.533]
  epoch 2/3:  52%|█████▏    | 46/88 [00:12<00:10,  3.93it/s, loss=0.530]
  epoch 2/3:  53%|█████▎    | 47/88 [00:12<00:10,  3.94it/s, loss=0.530]
  epoch 2/3:  53%|█████▎    | 47/88 [00:12<00:10,  3.94it/s, loss=0.529]
  epoch 2/3:  55%|█████▍    | 48/88 [00:12<00:10,  3.88it/s, loss=0.529]
  epoch 2/3:  55%|█████▍    | 48/88 [00:12<00:10,  3.88it/s, loss=0.526]
  epoch 2/3:  56%|█████▌    | 49/88 [00:12<00:10,  3.90it/s, loss=0.526]
  epoch 2/3:  56%|█████▌    | 49/88 [00:13<00:10,  3.90it/s, loss=0.523]
  epoch 2/3:  57%|█████▋    | 50/88 [00:13<00:09,  3.92it/s, loss=0.523]
  epoch 2/3:  57%|█████▋    | 50/88 [00:13<00:09,  3.92it/s, loss=0.520]
  epoch 2/3:  58%|█████▊    | 51/88 [00:13<00:09,  3.93it/s, loss=0.520]
  epoch 2/3:  58%|█████▊    | 51/88 [00:13<00:09,  3.93it/s, loss=0.517]
  epoch 2/3:  59%|█████▉    | 52/88 [00:13<00:09,  3.95it/s, loss=0.517]
  epoch 2/3:  59%|█████▉    | 52/88 [00:13<00:09,  3.95it/s, loss=0.513]
  epoch 2/3:  60%|██████    | 53/88 [00:13<00:08,  3.94it/s, loss=0.513]
  epoch 2/3:  60%|██████    | 53/88 [00:14<00:08,  3.94it/s, loss=0.511]
  epoch 2/3:  61%|██████▏   | 54/88 [00:14<00:08,  3.95it/s, loss=0.511]
  epoch 2/3:  61%|██████▏   | 54/88 [00:14<00:08,  3.95it/s, loss=0.509]
  epoch 2/3:  62%|██████▎   | 55/88 [00:14<00:08,  3.94it/s, loss=0.509]
  epoch 2/3:  62%|██████▎   | 55/88 [00:14<00:08,  3.94it/s, loss=0.512]
  epoch 2/3:  64%|██████▎   | 56/88 [00:14<00:08,  3.96it/s, loss=0.512]
  epoch 2/3:  64%|██████▎   | 56/88 [00:14<00:08,  3.96it/s, loss=0.508]
  epoch 2/3:  65%|██████▍   | 57/88 [00:14<00:07,  3.94it/s, loss=0.508]
  epoch 2/3:  65%|██████▍   | 57/88 [00:15<00:07,  3.94it/s, loss=0.506]
  epoch 2/3:  66%|██████▌   | 58/88 [00:15<00:07,  3.95it/s, loss=0.506]
  epoch 2/3:  66%|██████▌   | 58/88 [00:15<00:07,  3.95it/s, loss=0.503]
  epoch 2/3:  67%|██████▋   | 59/88 [00:15<00:07,  3.94it/s, loss=0.503]
  epoch 2/3:  67%|██████▋   | 59/88 [00:15<00:07,  3.94it/s, loss=0.500]
  epoch 2/3:  68%|██████▊   | 60/88 [00:15<00:07,  3.94it/s, loss=0.500]
  epoch 2/3:  68%|██████▊   | 60/88 [00:15<00:07,  3.94it/s, loss=0.498]
  epoch 2/3:  69%|██████▉   | 61/88 [00:15<00:06,  3.93it/s, loss=0.498]
  epoch 2/3:  69%|██████▉   | 61/88 [00:16<00:06,  3.93it/s, loss=0.495]
  epoch 2/3:  70%|███████   | 62/88 [00:16<00:06,  3.94it/s, loss=0.495]
  epoch 2/3:  70%|███████   | 62/88 [00:16<00:06,  3.94it/s, loss=0.494]
  epoch 2/3:  72%|███████▏  | 63/88 [00:16<00:06,  3.93it/s, loss=0.494]
  epoch 2/3:  72%|███████▏  | 63/88 [00:16<00:06,  3.93it/s, loss=0.492]
  epoch 2/3:  73%|███████▎  | 64/88 [00:16<00:06,  3.87it/s, loss=0.492]
  epoch 2/3:  73%|███████▎  | 64/88 [00:16<00:06,  3.87it/s, loss=0.490]
  epoch 2/3:  74%|███████▍  | 65/88 [00:16<00:05,  3.87it/s, loss=0.490]
  epoch 2/3:  74%|███████▍  | 65/88 [00:17<00:05,  3.87it/s, loss=0.487]
  epoch 2/3:  75%|███████▌  | 66/88 [00:17<00:05,  3.89it/s, loss=0.487]
  epoch 2/3:  75%|███████▌  | 66/88 [00:17<00:05,  3.89it/s, loss=0.486]
  epoch 2/3:  76%|███████▌  | 67/88 [00:17<00:05,  3.90it/s, loss=0.486]
  epoch 2/3:  76%|███████▌  | 67/88 [00:17<00:05,  3.90it/s, loss=0.486]
  epoch 2/3:  77%|███████▋  | 68/88 [00:17<00:05,  3.89it/s, loss=0.486]
  epoch 2/3:  77%|███████▋  | 68/88 [00:17<00:05,  3.89it/s, loss=0.486]
  epoch 2/3:  78%|███████▊  | 69/88 [00:17<00:04,  3.91it/s, loss=0.486]
  epoch 2/3:  78%|███████▊  | 69/88 [00:18<00:04,  3.91it/s, loss=0.484]
  epoch 2/3:  80%|███████▉  | 70/88 [00:18<00:04,  3.91it/s, loss=0.484]
  epoch 2/3:  80%|███████▉  | 70/88 [00:18<00:04,  3.91it/s, loss=0.482]
  epoch 2/3:  81%|████████  | 71/88 [00:18<00:04,  3.94it/s, loss=0.482]
  epoch 2/3:  81%|████████  | 71/88 [00:18<00:04,  3.94it/s, loss=0.479]
  epoch 2/3:  82%|████████▏ | 72/88 [00:18<00:04,  3.93it/s, loss=0.479]
  epoch 2/3:  82%|████████▏ | 72/88 [00:18<00:04,  3.93it/s, loss=0.476]
  epoch 2/3:  83%|████████▎ | 73/88 [00:18<00:03,  3.94it/s, loss=0.476]
  epoch 2/3:  83%|████████▎ | 73/88 [00:19<00:03,  3.94it/s, loss=0.475]
  epoch 2/3:  84%|████████▍ | 74/88 [00:19<00:03,  3.93it/s, loss=0.475]
  epoch 2/3:  84%|████████▍ | 74/88 [00:19<00:03,  3.93it/s, loss=0.473]
  epoch 2/3:  85%|████████▌ | 75/88 [00:19<00:03,  3.95it/s, loss=0.473]
  epoch 2/3:  85%|████████▌ | 75/88 [00:19<00:03,  3.95it/s, loss=0.471]
  epoch 2/3:  86%|████████▋ | 76/88 [00:19<00:03,  3.93it/s, loss=0.471]
  epoch 2/3:  86%|████████▋ | 76/88 [00:19<00:03,  3.93it/s, loss=0.469]
  epoch 2/3:  88%|████████▊ | 77/88 [00:19<00:02,  3.95it/s, loss=0.469]
  epoch 2/3:  88%|████████▊ | 77/88 [00:20<00:02,  3.95it/s, loss=0.468]
  epoch 2/3:  89%|████████▊ | 78/88 [00:20<00:02,  3.93it/s, loss=0.468]
  epoch 2/3:  89%|████████▊ | 78/88 [00:20<00:02,  3.93it/s, loss=0.467]
  epoch 2/3:  90%|████████▉ | 79/88 [00:20<00:02,  3.93it/s, loss=0.467]
  epoch 2/3:  90%|████████▉ | 79/88 [00:20<00:02,  3.93it/s, loss=0.466]
  epoch 2/3:  91%|█████████ | 80/88 [00:20<00:02,  3.89it/s, loss=0.466]
  epoch 2/3:  91%|█████████ | 80/88 [00:20<00:02,  3.89it/s, loss=0.464]
  epoch 2/3:  92%|█████████▏| 81/88 [00:20<00:01,  3.90it/s, loss=0.464]
  epoch 2/3:  92%|█████████▏| 81/88 [00:21<00:01,  3.90it/s, loss=0.462]
  epoch 2/3:  93%|█████████▎| 82/88 [00:21<00:01,  3.90it/s, loss=0.462]
  epoch 2/3:  93%|█████████▎| 82/88 [00:21<00:01,  3.90it/s, loss=0.459]
  epoch 2/3:  94%|█████████▍| 83/88 [00:21<00:01,  3.92it/s, loss=0.459]
  epoch 2/3:  94%|█████████▍| 83/88 [00:21<00:01,  3.92it/s, loss=0.458]
  epoch 2/3:  95%|█████████▌| 84/88 [00:21<00:01,  3.92it/s, loss=0.458]
  epoch 2/3:  95%|█████████▌| 84/88 [00:21<00:01,  3.92it/s, loss=0.457]
  epoch 2/3:  97%|█████████▋| 85/88 [00:21<00:00,  3.94it/s, loss=0.457]
  epoch 2/3:  97%|█████████▋| 85/88 [00:22<00:00,  3.94it/s, loss=0.455]
  epoch 2/3:  98%|█████████▊| 86/88 [00:22<00:00,  3.95it/s, loss=0.455]
  epoch 2/3:  98%|█████████▊| 86/88 [00:22<00:00,  3.95it/s, loss=0.453]
  epoch 2/3:  99%|█████████▉| 87/88 [00:22<00:00,  3.95it/s, loss=0.453]
  epoch 2/3:  99%|█████████▉| 87/88 [00:22<00:00,  3.95it/s, loss=0.452]
  epoch 2/3: 100%|██████████| 88/88 [00:22<00:00,  4.26it/s, loss=0.452]
                                                                        

  epoch 3/3:   0%|          | 0/88 [00:00<?, ?it/s]
  epoch 3/3:   0%|          | 0/88 [00:00<?, ?it/s, loss=0.323]
  epoch 3/3:   1%|          | 1/88 [00:00<00:44,  1.94it/s, loss=0.323]
  epoch 3/3:   1%|          | 1/88 [00:00<00:44,  1.94it/s, loss=0.363]
  epoch 3/3:   2%|▏         | 2/88 [00:00<00:31,  2.76it/s, loss=0.363]
  epoch 3/3:   2%|▏         | 2/88 [00:01<00:31,  2.76it/s, loss=0.335]
  epoch 3/3:   3%|▎         | 3/88 [00:01<00:26,  3.19it/s, loss=0.335]
  epoch 3/3:   3%|▎         | 3/88 [00:01<00:26,  3.19it/s, loss=0.322]
  epoch 3/3:   5%|▍         | 4/88 [00:01<00:24,  3.45it/s, loss=0.322]
  epoch 3/3:   5%|▍         | 4/88 [00:01<00:24,  3.45it/s, loss=0.306]
  epoch 3/3:   6%|▌         | 5/88 [00:01<00:23,  3.59it/s, loss=0.306]
  epoch 3/3:   6%|▌         | 5/88 [00:01<00:23,  3.59it/s, loss=0.314]
  epoch 3/3:   7%|▋         | 6/88 [00:01<00:22,  3.71it/s, loss=0.314]
  epoch 3/3:   7%|▋         | 6/88 [00:02<00:22,  3.71it/s, loss=0.307]
  epoch 3/3:   8%|▊         | 7/88 [00:02<00:21,  3.76it/s, loss=0.307]
  epoch 3/3:   8%|▊         | 7/88 [00:02<00:21,  3.76it/s, loss=0.312]
  epoch 3/3:   9%|▉         | 8/88 [00:02<00:21,  3.77it/s, loss=0.312]
  epoch 3/3:   9%|▉         | 8/88 [00:02<00:21,  3.77it/s, loss=0.310]
  epoch 3/3:  10%|█         | 9/88 [00:02<00:20,  3.81it/s, loss=0.310]
  epoch 3/3:  10%|█         | 9/88 [00:02<00:20,  3.81it/s, loss=0.308]
  epoch 3/3:  11%|█▏        | 10/88 [00:02<00:20,  3.85it/s, loss=0.308]
  epoch 3/3:  11%|█▏        | 10/88 [00:03<00:20,  3.85it/s, loss=0.317]
  epoch 3/3:  12%|█▎        | 11/88 [00:03<00:19,  3.87it/s, loss=0.317]
  epoch 3/3:  12%|█▎        | 11/88 [00:03<00:19,  3.87it/s, loss=0.315]
  epoch 3/3:  14%|█▎        | 12/88 [00:03<00:19,  3.88it/s, loss=0.315]
  epoch 3/3:  14%|█▎        | 12/88 [00:03<00:19,  3.88it/s, loss=0.315]
  epoch 3/3:  15%|█▍        | 13/88 [00:03<00:19,  3.88it/s, loss=0.315]
  epoch 3/3:  15%|█▍        | 13/88 [00:03<00:19,  3.88it/s, loss=0.316]
  epoch 3/3:  16%|█▌        | 14/88 [00:03<00:19,  3.89it/s, loss=0.316]
  epoch 3/3:  16%|█▌        | 14/88 [00:04<00:19,  3.89it/s, loss=0.308]
  epoch 3/3:  17%|█▋        | 15/88 [00:04<00:18,  3.91it/s, loss=0.308]
  epoch 3/3:  17%|█▋        | 15/88 [00:04<00:18,  3.91it/s, loss=0.304]
  epoch 3/3:  18%|█▊        | 16/88 [00:04<00:18,  3.90it/s, loss=0.304]
  epoch 3/3:  18%|█▊        | 16/88 [00:04<00:18,  3.90it/s, loss=0.302]
  epoch 3/3:  19%|█▉        | 17/88 [00:04<00:18,  3.92it/s, loss=0.302]
  epoch 3/3:  19%|█▉        | 17/88 [00:04<00:18,  3.92it/s, loss=0.299]
  epoch 3/3:  20%|██        | 18/88 [00:04<00:17,  3.91it/s, loss=0.299]
  epoch 3/3:  20%|██        | 18/88 [00:05<00:17,  3.91it/s, loss=0.294]
  epoch 3/3:  22%|██▏       | 19/88 [00:05<00:17,  3.91it/s, loss=0.294]
  epoch 3/3:  22%|██▏       | 19/88 [00:05<00:17,  3.91it/s, loss=0.289]
  epoch 3/3:  23%|██▎       | 20/88 [00:05<00:17,  3.92it/s, loss=0.289]
  epoch 3/3:  23%|██▎       | 20/88 [00:05<00:17,  3.92it/s, loss=0.293]
  epoch 3/3:  24%|██▍       | 21/88 [00:05<00:17,  3.91it/s, loss=0.293]
  epoch 3/3:  24%|██▍       | 21/88 [00:05<00:17,  3.91it/s, loss=0.293]
  epoch 3/3:  25%|██▌       | 22/88 [00:05<00:16,  3.92it/s, loss=0.293]
  epoch 3/3:  25%|██▌       | 22/88 [00:06<00:16,  3.92it/s, loss=0.288]
  epoch 3/3:  26%|██▌       | 23/88 [00:06<00:16,  3.91it/s, loss=0.288]
  epoch 3/3:  26%|██▌       | 23/88 [00:06<00:16,  3.91it/s, loss=0.292]
  epoch 3/3:  27%|██▋       | 24/88 [00:06<00:16,  3.87it/s, loss=0.292]
  epoch 3/3:  27%|██▋       | 24/88 [00:06<00:16,  3.87it/s, loss=0.288]
  epoch 3/3:  28%|██▊       | 25/88 [00:06<00:16,  3.91it/s, loss=0.288]
  epoch 3/3:  28%|██▊       | 25/88 [00:06<00:16,  3.91it/s, loss=0.285]
  epoch 3/3:  30%|██▉       | 26/88 [00:06<00:15,  3.91it/s, loss=0.285]
  epoch 3/3:  30%|██▉       | 26/88 [00:07<00:15,  3.91it/s, loss=0.284]
  epoch 3/3:  31%|███       | 27/88 [00:07<00:15,  3.91it/s, loss=0.284]
  epoch 3/3:  31%|███       | 27/88 [00:07<00:15,  3.91it/s, loss=0.283]
  epoch 3/3:  32%|███▏      | 28/88 [00:07<00:15,  3.92it/s, loss=0.283]
  epoch 3/3:  32%|███▏      | 28/88 [00:07<00:15,  3.92it/s, loss=0.281]
  epoch 3/3:  33%|███▎      | 29/88 [00:07<00:15,  3.90it/s, loss=0.281]
  epoch 3/3:  33%|███▎      | 29/88 [00:07<00:15,  3.90it/s, loss=0.278]
  epoch 3/3:  34%|███▍      | 30/88 [00:07<00:14,  3.90it/s, loss=0.278]
  epoch 3/3:  34%|███▍      | 30/88 [00:08<00:14,  3.90it/s, loss=0.276]
  epoch 3/3:  35%|███▌      | 31/88 [00:08<00:14,  3.90it/s, loss=0.276]
  epoch 3/3:  35%|███▌      | 31/88 [00:08<00:14,  3.90it/s, loss=0.272]
  epoch 3/3:  36%|███▋      | 32/88 [00:08<00:14,  3.90it/s, loss=0.272]
  epoch 3/3:  36%|███▋      | 32/88 [00:08<00:14,  3.90it/s, loss=0.274]
  epoch 3/3:  38%|███▊      | 33/88 [00:08<00:14,  3.91it/s, loss=0.274]
  epoch 3/3:  38%|███▊      | 33/88 [00:08<00:14,  3.91it/s, loss=0.272]
  epoch 3/3:  39%|███▊      | 34/88 [00:08<00:13,  3.91it/s, loss=0.272]
  epoch 3/3:  39%|███▊      | 34/88 [00:09<00:13,  3.91it/s, loss=0.272]
  epoch 3/3:  40%|███▉      | 35/88 [00:09<00:13,  3.89it/s, loss=0.272]
  epoch 3/3:  40%|███▉      | 35/88 [00:09<00:13,  3.89it/s, loss=0.270]
  epoch 3/3:  41%|████      | 36/88 [00:09<00:13,  3.91it/s, loss=0.270]
  epoch 3/3:  41%|████      | 36/88 [00:09<00:13,  3.91it/s, loss=0.269]
  epoch 3/3:  42%|████▏     | 37/88 [00:09<00:13,  3.90it/s, loss=0.269]
  epoch 3/3:  42%|████▏     | 37/88 [00:09<00:13,  3.90it/s, loss=0.268]
  epoch 3/3:  43%|████▎     | 38/88 [00:09<00:12,  3.92it/s, loss=0.268]
  epoch 3/3:  43%|████▎     | 38/88 [00:10<00:12,  3.92it/s, loss=0.268]
  epoch 3/3:  44%|████▍     | 39/88 [00:10<00:12,  3.92it/s, loss=0.268]
  epoch 3/3:  44%|████▍     | 39/88 [00:10<00:12,  3.92it/s, loss=0.265]
  epoch 3/3:  45%|████▌     | 40/88 [00:10<00:12,  3.87it/s, loss=0.265]
  epoch 3/3:  45%|████▌     | 40/88 [00:10<00:12,  3.87it/s, loss=0.265]
  epoch 3/3:  47%|████▋     | 41/88 [00:10<00:12,  3.87it/s, loss=0.265]
  epoch 3/3:  47%|████▋     | 41/88 [00:11<00:12,  3.87it/s, loss=0.265]
  epoch 3/3:  48%|████▊     | 42/88 [00:11<00:11,  3.89it/s, loss=0.265]
  epoch 3/3:  48%|████▊     | 42/88 [00:11<00:11,  3.89it/s, loss=0.263]
  epoch 3/3:  49%|████▉     | 43/88 [00:11<00:11,  3.90it/s, loss=0.263]
  epoch 3/3:  49%|████▉     | 43/88 [00:11<00:11,  3.90it/s, loss=0.263]
  epoch 3/3:  50%|█████     | 44/88 [00:11<00:11,  3.90it/s, loss=0.263]
  epoch 3/3:  50%|█████     | 44/88 [00:11<00:11,  3.90it/s, loss=0.266]
  epoch 3/3:  51%|█████     | 45/88 [00:11<00:11,  3.90it/s, loss=0.266]
  epoch 3/3:  51%|█████     | 45/88 [00:12<00:11,  3.90it/s, loss=0.264]
  epoch 3/3:  52%|█████▏    | 46/88 [00:12<00:10,  3.90it/s, loss=0.264]
  epoch 3/3:  52%|█████▏    | 46/88 [00:12<00:10,  3.90it/s, loss=0.264]
  epoch 3/3:  53%|█████▎    | 47/88 [00:12<00:10,  3.91it/s, loss=0.264]
  epoch 3/3:  53%|█████▎    | 47/88 [00:12<00:10,  3.91it/s, loss=0.266]
  epoch 3/3:  55%|█████▍    | 48/88 [00:12<00:10,  3.90it/s, loss=0.266]
  epoch 3/3:  55%|█████▍    | 48/88 [00:12<00:10,  3.90it/s, loss=0.264]
  epoch 3/3:  56%|█████▌    | 49/88 [00:12<00:10,  3.90it/s, loss=0.264]
  epoch 3/3:  56%|█████▌    | 49/88 [00:13<00:10,  3.90it/s, loss=0.265]
  epoch 3/3:  57%|█████▋    | 50/88 [00:13<00:09,  3.91it/s, loss=0.265]
  epoch 3/3:  57%|█████▋    | 50/88 [00:13<00:09,  3.91it/s, loss=0.265]
  epoch 3/3:  58%|█████▊    | 51/88 [00:13<00:09,  3.89it/s, loss=0.265]
  epoch 3/3:  58%|█████▊    | 51/88 [00:13<00:09,  3.89it/s, loss=0.266]
  epoch 3/3:  59%|█████▉    | 52/88 [00:13<00:09,  3.89it/s, loss=0.266]
  epoch 3/3:  59%|█████▉    | 52/88 [00:13<00:09,  3.89it/s, loss=0.266]
  epoch 3/3:  60%|██████    | 53/88 [00:13<00:08,  3.90it/s, loss=0.266]
  epoch 3/3:  60%|██████    | 53/88 [00:14<00:08,  3.90it/s, loss=0.264]
  epoch 3/3:  61%|██████▏   | 54/88 [00:14<00:08,  3.90it/s, loss=0.264]
  epoch 3/3:  61%|██████▏   | 54/88 [00:14<00:08,  3.90it/s, loss=0.263]
  epoch 3/3:  62%|██████▎   | 55/88 [00:14<00:08,  3.91it/s, loss=0.263]
  epoch 3/3:  62%|██████▎   | 55/88 [00:14<00:08,  3.91it/s, loss=0.263]
  epoch 3/3:  64%|██████▎   | 56/88 [00:14<00:08,  3.85it/s, loss=0.263]
  epoch 3/3:  64%|██████▎   | 56/88 [00:14<00:08,  3.85it/s, loss=0.264]
  epoch 3/3:  65%|██████▍   | 57/88 [00:14<00:07,  3.88it/s, loss=0.264]
  epoch 3/3:  65%|██████▍   | 57/88 [00:15<00:07,  3.88it/s, loss=0.265]
  epoch 3/3:  66%|██████▌   | 58/88 [00:15<00:07,  3.89it/s, loss=0.265]
  epoch 3/3:  66%|██████▌   | 58/88 [00:15<00:07,  3.89it/s, loss=0.265]
  epoch 3/3:  67%|██████▋   | 59/88 [00:15<00:07,  3.90it/s, loss=0.265]
  epoch 3/3:  67%|██████▋   | 59/88 [00:15<00:07,  3.90it/s, loss=0.265]
  epoch 3/3:  68%|██████▊   | 60/88 [00:15<00:07,  3.89it/s, loss=0.265]
  epoch 3/3:  68%|██████▊   | 60/88 [00:15<00:07,  3.89it/s, loss=0.265]
  epoch 3/3:  69%|██████▉   | 61/88 [00:15<00:06,  3.90it/s, loss=0.265]
  epoch 3/3:  69%|██████▉   | 61/88 [00:16<00:06,  3.90it/s, loss=0.267]
  epoch 3/3:  70%|███████   | 62/88 [00:16<00:06,  3.91it/s, loss=0.267]
  epoch 3/3:  70%|███████   | 62/88 [00:16<00:06,  3.91it/s, loss=0.268]
  epoch 3/3:  72%|███████▏  | 63/88 [00:16<00:06,  3.91it/s, loss=0.268]
  epoch 3/3:  72%|███████▏  | 63/88 [00:16<00:06,  3.91it/s, loss=0.266]
  epoch 3/3:  73%|███████▎  | 64/88 [00:16<00:06,  3.92it/s, loss=0.266]
  epoch 3/3:  73%|███████▎  | 64/88 [00:16<00:06,  3.92it/s, loss=0.265]
  epoch 3/3:  74%|███████▍  | 65/88 [00:16<00:05,  3.91it/s, loss=0.265]
  epoch 3/3:  74%|███████▍  | 65/88 [00:17<00:05,  3.91it/s, loss=0.263]
  epoch 3/3:  75%|███████▌  | 66/88 [00:17<00:05,  3.92it/s, loss=0.263]
  epoch 3/3:  75%|███████▌  | 66/88 [00:17<00:05,  3.92it/s, loss=0.263]
  epoch 3/3:  76%|███████▌  | 67/88 [00:17<00:05,  3.90it/s, loss=0.263]
  epoch 3/3:  76%|███████▌  | 67/88 [00:17<00:05,  3.90it/s, loss=0.261]
  epoch 3/3:  77%|███████▋  | 68/88 [00:17<00:05,  3.88it/s, loss=0.261]
  epoch 3/3:  77%|███████▋  | 68/88 [00:17<00:05,  3.88it/s, loss=0.261]
  epoch 3/3:  78%|███████▊  | 69/88 [00:17<00:04,  3.89it/s, loss=0.261]
  epoch 3/3:  78%|███████▊  | 69/88 [00:18<00:04,  3.89it/s, loss=0.260]
  epoch 3/3:  80%|███████▉  | 70/88 [00:18<00:04,  3.90it/s, loss=0.260]
  epoch 3/3:  80%|███████▉  | 70/88 [00:18<00:04,  3.90it/s, loss=0.262]
  epoch 3/3:  81%|████████  | 71/88 [00:18<00:04,  3.88it/s, loss=0.262]
  epoch 3/3:  81%|████████  | 71/88 [00:18<00:04,  3.88it/s, loss=0.260]
  epoch 3/3:  82%|████████▏ | 72/88 [00:18<00:04,  3.85it/s, loss=0.260]
  epoch 3/3:  82%|████████▏ | 72/88 [00:18<00:04,  3.85it/s, loss=0.261]
  epoch 3/3:  83%|████████▎ | 73/88 [00:18<00:03,  3.88it/s, loss=0.261]
  epoch 3/3:  83%|████████▎ | 73/88 [00:19<00:03,  3.88it/s, loss=0.259]
  epoch 3/3:  84%|████████▍ | 74/88 [00:19<00:03,  3.90it/s, loss=0.259]
  epoch 3/3:  84%|████████▍ | 74/88 [00:19<00:03,  3.90it/s, loss=0.259]
  epoch 3/3:  85%|████████▌ | 75/88 [00:19<00:03,  3.91it/s, loss=0.259]
  epoch 3/3:  85%|████████▌ | 75/88 [00:19<00:03,  3.91it/s, loss=0.258]
  epoch 3/3:  86%|████████▋ | 76/88 [00:19<00:03,  3.92it/s, loss=0.258]
  epoch 3/3:  86%|████████▋ | 76/88 [00:20<00:03,  3.92it/s, loss=0.259]
  epoch 3/3:  88%|████████▊ | 77/88 [00:20<00:02,  3.90it/s, loss=0.259]
  epoch 3/3:  88%|████████▊ | 77/88 [00:20<00:02,  3.90it/s, loss=0.257]
  epoch 3/3:  89%|████████▊ | 78/88 [00:20<00:02,  3.91it/s, loss=0.257]
  epoch 3/3:  89%|████████▊ | 78/88 [00:20<00:02,  3.91it/s, loss=0.257]
  epoch 3/3:  90%|████████▉ | 79/88 [00:20<00:02,  3.90it/s, loss=0.257]
  epoch 3/3:  90%|████████▉ | 79/88 [00:20<00:02,  3.90it/s, loss=0.256]
  epoch 3/3:  91%|█████████ | 80/88 [00:20<00:02,  3.90it/s, loss=0.256]
  epoch 3/3:  91%|█████████ | 80/88 [00:21<00:02,  3.90it/s, loss=0.256]
  epoch 3/3:  92%|█████████▏| 81/88 [00:21<00:01,  3.91it/s, loss=0.256]
  epoch 3/3:  92%|█████████▏| 81/88 [00:21<00:01,  3.91it/s, loss=0.254]
  epoch 3/3:  93%|█████████▎| 82/88 [00:21<00:01,  3.90it/s, loss=0.254]
  epoch 3/3:  93%|█████████▎| 82/88 [00:21<00:01,  3.90it/s, loss=0.253]
  epoch 3/3:  94%|█████████▍| 83/88 [00:21<00:01,  3.92it/s, loss=0.253]
  epoch 3/3:  94%|█████████▍| 83/88 [00:21<00:01,  3.92it/s, loss=0.252]
  epoch 3/3:  95%|█████████▌| 84/88 [00:21<00:01,  3.91it/s, loss=0.252]
  epoch 3/3:  95%|█████████▌| 84/88 [00:22<00:01,  3.91it/s, loss=0.251]
  epoch 3/3:  97%|█████████▋| 85/88 [00:22<00:00,  3.91it/s, loss=0.251]
  epoch 3/3:  97%|█████████▋| 85/88 [00:22<00:00,  3.91it/s, loss=0.251]
  epoch 3/3:  98%|█████████▊| 86/88 [00:22<00:00,  3.91it/s, loss=0.251]
  epoch 3/3:  98%|█████████▊| 86/88 [00:22<00:00,  3.91it/s, loss=0.250]
  epoch 3/3:  99%|█████████▉| 87/88 [00:22<00:00,  3.90it/s, loss=0.250]
  epoch 3/3:  99%|█████████▉| 87/88 [00:22<00:00,  3.90it/s, loss=0.251]
  epoch 3/3: 100%|██████████| 88/88 [00:22<00:00,  4.16it/s, loss=0.251]
                                                                        
[titans] reset=never | norm(state) sau task = 122.3014
[titans]   self-mod v:β=1.21 |W|=1.18
[titans]   eta_t(avg)=-3.1126  alpha_t/forget-gate(avg)=0.9989
[task 1] test acc so far: 0.849  0.857
[task 1] NCM-blend gamma=0: 0.791  0.860
[task 1] NCM-blend gamma=0.1: 0.794  0.860
[task 1] NCM-blend gamma=0.25: 0.794  0.866
[task 1] NCM-blend gamma=0.5: 0.780  0.866
[task 1] NCM-blend gamma=0.75: 0.754  0.880
[task 1] NCM-blend gamma=1: 0.691  0.877
[checkpoint] đã lưu tiến độ sau task 1
[task 2] classes=[20, 27, 29, 34, 37] | train=2800

  epoch 1/3:   0%|          | 0/88 [00:00<?, ?it/s]
  epoch 1/3:   0%|          | 0/88 [00:00<?, ?it/s, loss=1.807]
  epoch 1/3:   1%|          | 1/88 [00:00<00:50,  1.73it/s, loss=1.807]
  epoch 1/3:   1%|          | 1/88 [00:00<00:50,  1.73it/s, loss=1.826]
  epoch 1/3:   2%|▏         | 2/88 [00:00<00:33,  2.59it/s, loss=1.826]
  epoch 1/3:   2%|▏         | 2/88 [00:01<00:33,  2.59it/s, loss=1.835]
  epoch 1/3:   3%|▎         | 3/88 [00:01<00:27,  3.08it/s, loss=1.835]
  epoch 1/3:   3%|▎         | 3/88 [00:01<00:27,  3.08it/s, loss=1.815]
  epoch 1/3:   5%|▍         | 4/88 [00:01<00:24,  3.38it/s, loss=1.815]
  epoch 1/3:   5%|▍         | 4/88 [00:01<00:24,  3.38it/s, loss=1.812]
  epoch 1/3:   6%|▌         | 5/88 [00:01<00:23,  3.57it/s, loss=1.812]
  epoch 1/3:   6%|▌         | 5/88 [00:01<00:23,  3.57it/s, loss=1.796]
  epoch 1/3:   7%|▋         | 6/88 [00:01<00:22,  3.70it/s, loss=1.796]
  epoch 1/3:   7%|▋         | 6/88 [00:02<00:22,  3.70it/s, loss=1.771]
  epoch 1/3:   8%|▊         | 7/88 [00:02<00:21,  3.79it/s, loss=1.771]
  epoch 1/3:   8%|▊         | 7/88 [00:02<00:21,  3.79it/s, loss=1.770]
  epoch 1/3:   9%|▉         | 8/88 [00:02<00:20,  3.83it/s, loss=1.770]
  epoch 1/3:   9%|▉         | 8/88 [00:02<00:20,  3.83it/s, loss=1.774]
  epoch 1/3:  10%|█         | 9/88 [00:02<00:20,  3.88it/s, loss=1.774]
  epoch 1/3:  10%|█         | 9/88 [00:02<00:20,  3.88it/s, loss=1.766]
  epoch 1/3:  11%|█▏        | 10/88 [00:02<00:19,  3.90it/s, loss=1.766]
  epoch 1/3:  11%|█▏        | 10/88 [00:03<00:19,  3.90it/s, loss=1.756]
  epoch 1/3:  12%|█▎        | 11/88 [00:03<00:19,  3.92it/s, loss=1.756]
  epoch 1/3:  12%|█▎        | 11/88 [00:03<00:19,  3.92it/s, loss=1.744]
  epoch 1/3:  14%|█▎        | 12/88 [00:03<00:19,  3.93it/s, loss=1.744]
  epoch 1/3:  14%|█▎        | 12/88 [00:03<00:19,  3.93it/s, loss=1.732]
  epoch 1/3:  15%|█▍        | 13/88 [00:03<00:18,  3.95it/s, loss=1.732]
  epoch 1/3:  15%|█▍        | 13/88 [00:03<00:18,  3.95it/s, loss=1.726]
  epoch 1/3:  16%|█▌        | 14/88 [00:03<00:18,  3.97it/s, loss=1.726]
  epoch 1/3:  16%|█▌        | 14/88 [00:04<00:18,  3.97it/s, loss=1.719]
  epoch 1/3:  17%|█▋        | 15/88 [00:04<00:18,  3.95it/s, loss=1.719]
  epoch 1/3:  17%|█▋        | 15/88 [00:04<00:18,  3.95it/s, loss=1.715]
  epoch 1/3:  18%|█▊        | 16/88 [00:04<00:18,  3.92it/s, loss=1.715]
  epoch 1/3:  18%|█▊        | 16/88 [00:04<00:18,  3.92it/s, loss=1.696]
  epoch 1/3:  19%|█▉        | 17/88 [00:04<00:18,  3.93it/s, loss=1.696]
  epoch 1/3:  19%|█▉        | 17/88 [00:04<00:18,  3.93it/s, loss=1.681]
  epoch 1/3:  20%|██        | 18/88 [00:04<00:17,  3.94it/s, loss=1.681]
  epoch 1/3:  20%|██        | 18/88 [00:05<00:17,  3.94it/s, loss=1.682]
  epoch 1/3:  22%|██▏       | 19/88 [00:05<00:17,  3.95it/s, loss=1.682]
  epoch 1/3:  22%|██▏       | 19/88 [00:05<00:17,  3.95it/s, loss=1.671]
  epoch 1/3:  23%|██▎       | 20/88 [00:05<00:17,  3.95it/s, loss=1.671]
  epoch 1/3:  23%|██▎       | 20/88 [00:05<00:17,  3.95it/s, loss=1.664]
  epoch 1/3:  24%|██▍       | 21/88 [00:05<00:16,  3.95it/s, loss=1.664]
  epoch 1/3:  24%|██▍       | 21/88 [00:05<00:16,  3.95it/s, loss=1.654]
  epoch 1/3:  25%|██▌       | 22/88 [00:05<00:16,  3.97it/s, loss=1.654]
  epoch 1/3:  25%|██▌       | 22/88 [00:06<00:16,  3.97it/s, loss=1.647]
  epoch 1/3:  26%|██▌       | 23/88 [00:06<00:16,  3.96it/s, loss=1.647]
  epoch 1/3:  26%|██▌       | 23/88 [00:06<00:16,  3.96it/s, loss=1.643]
  epoch 1/3:  27%|██▋       | 24/88 [00:06<00:16,  3.97it/s, loss=1.643]
  epoch 1/3:  27%|██▋       | 24/88 [00:06<00:16,  3.97it/s, loss=1.637]
  epoch 1/3:  28%|██▊       | 25/88 [00:06<00:15,  3.98it/s, loss=1.637]
  epoch 1/3:  28%|██▊       | 25/88 [00:06<00:15,  3.98it/s, loss=1.634]
  epoch 1/3:  30%|██▉       | 26/88 [00:06<00:15,  3.97it/s, loss=1.634]
  epoch 1/3:  30%|██▉       | 26/88 [00:07<00:15,  3.97it/s, loss=1.624]
  epoch 1/3:  31%|███       | 27/88 [00:07<00:15,  3.97it/s, loss=1.624]
  epoch 1/3:  31%|███       | 27/88 [00:07<00:15,  3.97it/s, loss=1.616]
  epoch 1/3:  32%|███▏      | 28/88 [00:07<00:15,  3.96it/s, loss=1.616]
  epoch 1/3:  32%|███▏      | 28/88 [00:07<00:15,  3.96it/s, loss=1.615]
  epoch 1/3:  33%|███▎      | 29/88 [00:07<00:14,  3.97it/s, loss=1.615]
  epoch 1/3:  33%|███▎      | 29/88 [00:07<00:14,  3.97it/s, loss=1.610]
  epoch 1/3:  34%|███▍      | 30/88 [00:07<00:14,  3.96it/s, loss=1.610]
  epoch 1/3:  34%|███▍      | 30/88 [00:08<00:14,  3.96it/s, loss=1.605]
  epoch 1/3:  35%|███▌      | 31/88 [00:08<00:14,  3.97it/s, loss=1.605]
  epoch 1/3:  35%|███▌      | 31/88 [00:08<00:14,  3.97it/s, loss=1.597]
  epoch 1/3:  36%|███▋      | 32/88 [00:08<00:14,  3.90it/s, loss=1.597]
  epoch 1/3:  36%|███▋      | 32/88 [00:08<00:14,  3.90it/s, loss=1.592]
  epoch 1/3:  38%|███▊      | 33/88 [00:08<00:14,  3.91it/s, loss=1.592]
  epoch 1/3:  38%|███▊      | 33/88 [00:08<00:14,  3.91it/s, loss=1.587]
  epoch 1/3:  39%|███▊      | 34/88 [00:08<00:13,  3.93it/s, loss=1.587]
  epoch 1/3:  39%|███▊      | 34/88 [00:09<00:13,  3.93it/s, loss=1.579]
  epoch 1/3:  40%|███▉      | 35/88 [00:09<00:13,  3.92it/s, loss=1.579]
  epoch 1/3:  40%|███▉      | 35/88 [00:09<00:13,  3.92it/s, loss=1.569]
  epoch 1/3:  41%|████      | 36/88 [00:09<00:13,  3.93it/s, loss=1.569]
  epoch 1/3:  41%|████      | 36/88 [00:09<00:13,  3.93it/s, loss=1.564]
  epoch 1/3:  42%|████▏     | 37/88 [00:09<00:12,  3.93it/s, loss=1.564]
  epoch 1/3:  42%|████▏     | 37/88 [00:09<00:12,  3.93it/s, loss=1.557]
  epoch 1/3:  43%|████▎     | 38/88 [00:09<00:12,  3.93it/s, loss=1.557]
  epoch 1/3:  43%|████▎     | 38/88 [00:10<00:12,  3.93it/s, loss=1.549]
  epoch 1/3:  44%|████▍     | 39/88 [00:10<00:12,  3.93it/s, loss=1.549]
  epoch 1/3:  44%|████▍     | 39/88 [00:10<00:12,  3.93it/s, loss=1.542]
  epoch 1/3:  45%|████▌     | 40/88 [00:10<00:12,  3.93it/s, loss=1.542]
  epoch 1/3:  45%|████▌     | 40/88 [00:10<00:12,  3.93it/s, loss=1.534]
  epoch 1/3:  47%|████▋     | 41/88 [00:10<00:11,  3.94it/s, loss=1.534]
  epoch 1/3:  47%|████▋     | 41/88 [00:10<00:11,  3.94it/s, loss=1.522]
  epoch 1/3:  48%|████▊     | 42/88 [00:10<00:11,  3.92it/s, loss=1.522]
  epoch 1/3:  48%|████▊     | 42/88 [00:11<00:11,  3.92it/s, loss=1.513]
  epoch 1/3:  49%|████▉     | 43/88 [00:11<00:11,  3.94it/s, loss=1.513]
  epoch 1/3:  49%|████▉     | 43/88 [00:11<00:11,  3.94it/s, loss=1.508]
  epoch 1/3:  50%|█████     | 44/88 [00:11<00:11,  3.94it/s, loss=1.508]
  epoch 1/3:  50%|█████     | 44/88 [00:11<00:11,  3.94it/s, loss=1.502]
  epoch 1/3:  51%|█████     | 45/88 [00:11<00:10,  3.95it/s, loss=1.502]
  epoch 1/3:  51%|█████     | 45/88 [00:11<00:10,  3.95it/s, loss=1.495]
  epoch 1/3:  52%|█████▏    | 46/88 [00:11<00:10,  3.93it/s, loss=1.495]
  epoch 1/3:  52%|█████▏    | 46/88 [00:12<00:10,  3.93it/s, loss=1.488]
  epoch 1/3:  53%|█████▎    | 47/88 [00:12<00:10,  3.94it/s, loss=1.488]
  epoch 1/3:  53%|█████▎    | 47/88 [00:12<00:10,  3.94it/s, loss=1.481]
  epoch 1/3:  55%|█████▍    | 48/88 [00:12<00:10,  3.88it/s, loss=1.481]
  epoch 1/3:  55%|█████▍    | 48/88 [00:12<00:10,  3.88it/s, loss=1.475]
  epoch 1/3:  56%|█████▌    | 49/88 [00:12<00:10,  3.90it/s, loss=1.475]
  epoch 1/3:  56%|█████▌    | 49/88 [00:12<00:10,  3.90it/s, loss=1.467]
  epoch 1/3:  57%|█████▋    | 50/88 [00:12<00:09,  3.92it/s, loss=1.467]
  epoch 1/3:  57%|█████▋    | 50/88 [00:13<00:09,  3.92it/s, loss=1.458]
  epoch 1/3:  58%|█████▊    | 51/88 [00:13<00:09,  3.92it/s, loss=1.458]
  epoch 1/3:  58%|█████▊    | 51/88 [00:13<00:09,  3.92it/s, loss=1.453]
  epoch 1/3:  59%|█████▉    | 52/88 [00:13<00:09,  3.92it/s, loss=1.453]
  epoch 1/3:  59%|█████▉    | 52/88 [00:13<00:09,  3.92it/s, loss=1.447]
  epoch 1/3:  60%|██████    | 53/88 [00:13<00:08,  3.92it/s, loss=1.447]
  epoch 1/3:  60%|██████    | 53/88 [00:14<00:08,  3.92it/s, loss=1.440]
  epoch 1/3:  61%|██████▏   | 54/88 [00:14<00:08,  3.92it/s, loss=1.440]
  epoch 1/3:  61%|██████▏   | 54/88 [00:14<00:08,  3.92it/s, loss=1.432]
  epoch 1/3:  62%|██████▎   | 55/88 [00:14<00:08,  3.94it/s, loss=1.432]
  epoch 1/3:  62%|██████▎   | 55/88 [00:14<00:08,  3.94it/s, loss=1.426]
  epoch 1/3:  64%|██████▎   | 56/88 [00:14<00:08,  3.93it/s, loss=1.426]
  epoch 1/3:  64%|██████▎   | 56/88 [00:14<00:08,  3.93it/s, loss=1.419]
  epoch 1/3:  65%|██████▍   | 57/88 [00:14<00:07,  3.95it/s, loss=1.419]
  epoch 1/3:  65%|██████▍   | 57/88 [00:15<00:07,  3.95it/s, loss=1.412]
  epoch 1/3:  66%|██████▌   | 58/88 [00:15<00:07,  3.94it/s, loss=1.412]
  epoch 1/3:  66%|██████▌   | 58/88 [00:15<00:07,  3.94it/s, loss=1.406]
  epoch 1/3:  67%|██████▋   | 59/88 [00:15<00:07,  3.95it/s, loss=1.406]
  epoch 1/3:  67%|██████▋   | 59/88 [00:15<00:07,  3.95it/s, loss=1.398]
  epoch 1/3:  68%|██████▊   | 60/88 [00:15<00:07,  3.95it/s, loss=1.398]
  epoch 1/3:  68%|██████▊   | 60/88 [00:15<00:07,  3.95it/s, loss=1.393]
  epoch 1/3:  69%|██████▉   | 61/88 [00:15<00:06,  3.95it/s, loss=1.393]
  epoch 1/3:  69%|██████▉   | 61/88 [00:16<00:06,  3.95it/s, loss=1.384]
  epoch 1/3:  70%|███████   | 62/88 [00:16<00:06,  3.93it/s, loss=1.384]
  epoch 1/3:  70%|███████   | 62/88 [00:16<00:06,  3.93it/s, loss=1.377]
  epoch 1/3:  72%|███████▏  | 63/88 [00:16<00:06,  3.93it/s, loss=1.377]
  epoch 1/3:  72%|███████▏  | 63/88 [00:16<00:06,  3.93it/s, loss=1.371]
  epoch 1/3:  73%|███████▎  | 64/88 [00:16<00:06,  3.87it/s, loss=1.371]
  epoch 1/3:  73%|███████▎  | 64/88 [00:16<00:06,  3.87it/s, loss=1.365]
  epoch 1/3:  74%|███████▍  | 65/88 [00:16<00:05,  3.90it/s, loss=1.365]
  epoch 1/3:  74%|███████▍  | 65/88 [00:17<00:05,  3.90it/s, loss=1.358]
  epoch 1/3:  75%|███████▌  | 66/88 [00:17<00:05,  3.89it/s, loss=1.358]
  epoch 1/3:  75%|███████▌  | 66/88 [00:17<00:05,  3.89it/s, loss=1.350]
  epoch 1/3:  76%|███████▌  | 67/88 [00:17<00:05,  3.91it/s, loss=1.350]
  epoch 1/3:  76%|███████▌  | 67/88 [00:17<00:05,  3.91it/s, loss=1.343]
  epoch 1/3:  77%|███████▋  | 68/88 [00:17<00:05,  3.90it/s, loss=1.343]
  epoch 1/3:  77%|███████▋  | 68/88 [00:17<00:05,  3.90it/s, loss=1.334]
  epoch 1/3:  78%|███████▊  | 69/88 [00:17<00:04,  3.92it/s, loss=1.334]
  epoch 1/3:  78%|███████▊  | 69/88 [00:18<00:04,  3.92it/s, loss=1.328]
  epoch 1/3:  80%|███████▉  | 70/88 [00:18<00:04,  3.91it/s, loss=1.328]
  epoch 1/3:  80%|███████▉  | 70/88 [00:18<00:04,  3.91it/s, loss=1.322]
  epoch 1/3:  81%|████████  | 71/88 [00:18<00:04,  3.90it/s, loss=1.322]
  epoch 1/3:  81%|████████  | 71/88 [00:18<00:04,  3.90it/s, loss=1.315]
  epoch 1/3:  82%|████████▏ | 72/88 [00:18<00:04,  3.92it/s, loss=1.315]
  epoch 1/3:  82%|████████▏ | 72/88 [00:18<00:04,  3.92it/s, loss=1.309]
  epoch 1/3:  83%|████████▎ | 73/88 [00:18<00:03,  3.92it/s, loss=1.309]
  epoch 1/3:  83%|████████▎ | 73/88 [00:19<00:03,  3.92it/s, loss=1.303]
  epoch 1/3:  84%|████████▍ | 74/88 [00:19<00:03,  3.93it/s, loss=1.303]
  epoch 1/3:  84%|████████▍ | 74/88 [00:19<00:03,  3.93it/s, loss=1.295]
  epoch 1/3:  85%|████████▌ | 75/88 [00:19<00:03,  3.91it/s, loss=1.295]
  epoch 1/3:  85%|████████▌ | 75/88 [00:19<00:03,  3.91it/s, loss=1.288]
  epoch 1/3:  86%|████████▋ | 76/88 [00:19<00:03,  3.91it/s, loss=1.288]
  epoch 1/3:  86%|████████▋ | 76/88 [00:19<00:03,  3.91it/s, loss=1.281]
  epoch 1/3:  88%|████████▊ | 77/88 [00:19<00:02,  3.91it/s, loss=1.281]
  epoch 1/3:  88%|████████▊ | 77/88 [00:20<00:02,  3.91it/s, loss=1.276]
  epoch 1/3:  89%|████████▊ | 78/88 [00:20<00:02,  3.90it/s, loss=1.276]
  epoch 1/3:  89%|████████▊ | 78/88 [00:20<00:02,  3.90it/s, loss=1.271]
  epoch 1/3:  90%|████████▉ | 79/88 [00:20<00:02,  3.89it/s, loss=1.271]
  epoch 1/3:  90%|████████▉ | 79/88 [00:20<00:02,  3.89it/s, loss=1.264]
  epoch 1/3:  91%|█████████ | 80/88 [00:20<00:02,  3.84it/s, loss=1.264]
  epoch 1/3:  91%|█████████ | 80/88 [00:20<00:02,  3.84it/s, loss=1.257]
  epoch 1/3:  92%|█████████▏| 81/88 [00:20<00:01,  3.87it/s, loss=1.257]
  epoch 1/3:  92%|█████████▏| 81/88 [00:21<00:01,  3.87it/s, loss=1.251]
  epoch 1/3:  93%|█████████▎| 82/88 [00:21<00:01,  3.88it/s, loss=1.251]
  epoch 1/3:  93%|█████████▎| 82/88 [00:21<00:01,  3.88it/s, loss=1.245]
  epoch 1/3:  94%|█████████▍| 83/88 [00:21<00:01,  3.87it/s, loss=1.245]
  epoch 1/3:  94%|█████████▍| 83/88 [00:21<00:01,  3.87it/s, loss=1.238]
  epoch 1/3:  95%|█████████▌| 84/88 [00:21<00:01,  3.89it/s, loss=1.238]
  epoch 1/3:  95%|█████████▌| 84/88 [00:21<00:01,  3.89it/s, loss=1.233]
  epoch 1/3:  97%|█████████▋| 85/88 [00:21<00:00,  3.90it/s, loss=1.233]
  epoch 1/3:  97%|█████████▋| 85/88 [00:22<00:00,  3.90it/s, loss=1.226]
  epoch 1/3:  98%|█████████▊| 86/88 [00:22<00:00,  3.91it/s, loss=1.226]
  epoch 1/3:  98%|█████████▊| 86/88 [00:22<00:00,  3.91it/s, loss=1.220]
  epoch 1/3:  99%|█████████▉| 87/88 [00:22<00:00,  3.92it/s, loss=1.220]
  epoch 1/3:  99%|█████████▉| 87/88 [00:22<00:00,  3.92it/s, loss=1.216]
  epoch 1/3: 100%|██████████| 88/88 [00:22<00:00,  4.25it/s, loss=1.216]
                                                                        

  epoch 2/3:   0%|          | 0/88 [00:00<?, ?it/s]
  epoch 2/3:   0%|          | 0/88 [00:00<?, ?it/s, loss=0.707]
  epoch 2/3:   1%|          | 1/88 [00:00<00:43,  2.02it/s, loss=0.707]
  epoch 2/3:   1%|          | 1/88 [00:00<00:43,  2.02it/s, loss=0.655]
  epoch 2/3:   2%|▏         | 2/88 [00:00<00:30,  2.81it/s, loss=0.655]
  epoch 2/3:   2%|▏         | 2/88 [00:01<00:30,  2.81it/s, loss=0.657]
  epoch 2/3:   3%|▎         | 3/88 [00:01<00:26,  3.21it/s, loss=0.657]
  epoch 2/3:   3%|▎         | 3/88 [00:01<00:26,  3.21it/s, loss=0.629]
  epoch 2/3:   5%|▍         | 4/88 [00:01<00:24,  3.48it/s, loss=0.629]
  epoch 2/3:   5%|▍         | 4/88 [00:01<00:24,  3.48it/s, loss=0.612]
  epoch 2/3:   6%|▌         | 5/88 [00:01<00:22,  3.62it/s, loss=0.612]
  epoch 2/3:   6%|▌         | 5/88 [00:01<00:22,  3.62it/s, loss=0.604]
  epoch 2/3:   7%|▋         | 6/88 [00:01<00:21,  3.73it/s, loss=0.604]
  epoch 2/3:   7%|▋         | 6/88 [00:02<00:21,  3.73it/s, loss=0.605]
  epoch 2/3:   8%|▊         | 7/88 [00:02<00:21,  3.77it/s, loss=0.605]
  epoch 2/3:   8%|▊         | 7/88 [00:02<00:21,  3.77it/s, loss=0.628]
  epoch 2/3:   9%|▉         | 8/88 [00:02<00:21,  3.75it/s, loss=0.628]
  epoch 2/3:   9%|▉         | 8/88 [00:02<00:21,  3.75it/s, loss=0.620]
  epoch 2/3:  10%|█         | 9/88 [00:02<00:20,  3.81it/s, loss=0.620]
  epoch 2/3:  10%|█         | 9/88 [00:02<00:20,  3.81it/s, loss=0.626]
  epoch 2/3:  11%|█▏        | 10/88 [00:02<00:20,  3.84it/s, loss=0.626]
  epoch 2/3:  11%|█▏        | 10/88 [00:03<00:20,  3.84it/s, loss=0.631]
  epoch 2/3:  12%|█▎        | 11/88 [00:03<00:19,  3.86it/s, loss=0.631]
  epoch 2/3:  12%|█▎        | 11/88 [00:03<00:19,  3.86it/s, loss=0.629]
  epoch 2/3:  14%|█▎        | 12/88 [00:03<00:19,  3.86it/s, loss=0.629]
  epoch 2/3:  14%|█▎        | 12/88 [00:03<00:19,  3.86it/s, loss=0.623]
  epoch 2/3:  15%|█▍        | 13/88 [00:03<00:19,  3.90it/s, loss=0.623]
  epoch 2/3:  15%|█▍        | 13/88 [00:03<00:19,  3.90it/s, loss=0.613]
  epoch 2/3:  16%|█▌        | 14/88 [00:03<00:18,  3.90it/s, loss=0.613]
  epoch 2/3:  16%|█▌        | 14/88 [00:04<00:18,  3.90it/s, loss=0.604]
  epoch 2/3:  17%|█▋        | 15/88 [00:04<00:18,  3.91it/s, loss=0.604]
  epoch 2/3:  17%|█▋        | 15/88 [00:04<00:18,  3.91it/s, loss=0.605]
  epoch 2/3:  18%|█▊        | 16/88 [00:04<00:18,  3.91it/s, loss=0.605]
  epoch 2/3:  18%|█▊        | 16/88 [00:04<00:18,  3.91it/s, loss=0.601]
  epoch 2/3:  19%|█▉        | 17/88 [00:04<00:18,  3.90it/s, loss=0.601]
  epoch 2/3:  19%|█▉        | 17/88 [00:04<00:18,  3.90it/s, loss=0.594]
  epoch 2/3:  20%|██        | 18/88 [00:04<00:17,  3.91it/s, loss=0.594]
  epoch 2/3:  20%|██        | 18/88 [00:05<00:17,  3.91it/s, loss=0.589]
  epoch 2/3:  22%|██▏       | 19/88 [00:05<00:17,  3.90it/s, loss=0.589]
  epoch 2/3:  22%|██▏       | 19/88 [00:05<00:17,  3.90it/s, loss=0.583]
  epoch 2/3:  23%|██▎       | 20/88 [00:05<00:17,  3.89it/s, loss=0.583]
  epoch 2/3:  23%|██▎       | 20/88 [00:05<00:17,  3.89it/s, loss=0.584]
  epoch 2/3:  24%|██▍       | 21/88 [00:05<00:17,  3.92it/s, loss=0.584]
  epoch 2/3:  24%|██▍       | 21/88 [00:05<00:17,  3.92it/s, loss=0.581]
  epoch 2/3:  25%|██▌       | 22/88 [00:05<00:16,  3.90it/s, loss=0.581]
  epoch 2/3:  25%|██▌       | 22/88 [00:06<00:16,  3.90it/s, loss=0.574]
  epoch 2/3:  26%|██▌       | 23/88 [00:06<00:16,  3.92it/s, loss=0.574]
  epoch 2/3:  26%|██▌       | 23/88 [00:06<00:16,  3.92it/s, loss=0.569]
  epoch 2/3:  27%|██▋       | 24/88 [00:06<00:16,  3.87it/s, loss=0.569]
  epoch 2/3:  27%|██▋       | 24/88 [00:06<00:16,  3.87it/s, loss=0.567]
  epoch 2/3:  28%|██▊       | 25/88 [00:06<00:16,  3.89it/s, loss=0.567]
  epoch 2/3:  28%|██▊       | 25/88 [00:06<00:16,  3.89it/s, loss=0.561]
  epoch 2/3:  30%|██▉       | 26/88 [00:06<00:15,  3.88it/s, loss=0.561]
  epoch 2/3:  30%|██▉       | 26/88 [00:07<00:15,  3.88it/s, loss=0.556]
  epoch 2/3:  31%|███       | 27/88 [00:07<00:15,  3.89it/s, loss=0.556]
  epoch 2/3:  31%|███       | 27/88 [00:07<00:15,  3.89it/s, loss=0.554]
  epoch 2/3:  32%|███▏      | 28/88 [00:07<00:15,  3.90it/s, loss=0.554]
  epoch 2/3:  32%|███▏      | 28/88 [00:07<00:15,  3.90it/s, loss=0.549]
  epoch 2/3:  33%|███▎      | 29/88 [00:07<00:15,  3.89it/s, loss=0.549]
  epoch 2/3:  33%|███▎      | 29/88 [00:07<00:15,  3.89it/s, loss=0.546]
  epoch 2/3:  34%|███▍      | 30/88 [00:07<00:14,  3.91it/s, loss=0.546]
  epoch 2/3:  34%|███▍      | 30/88 [00:08<00:14,  3.91it/s, loss=0.543]
  epoch 2/3:  35%|███▌      | 31/88 [00:08<00:14,  3.89it/s, loss=0.543]
  epoch 2/3:  35%|███▌      | 31/88 [00:08<00:14,  3.89it/s, loss=0.543]
  epoch 2/3:  36%|███▋      | 32/88 [00:08<00:14,  3.90it/s, loss=0.543]
  epoch 2/3:  36%|███▋      | 32/88 [00:08<00:14,  3.90it/s, loss=0.537]
  epoch 2/3:  38%|███▊      | 33/88 [00:08<00:14,  3.90it/s, loss=0.537]
  epoch 2/3:  38%|███▊      | 33/88 [00:08<00:14,  3.90it/s, loss=0.535]
  epoch 2/3:  39%|███▊      | 34/88 [00:08<00:13,  3.89it/s, loss=0.535]
  epoch 2/3:  39%|███▊      | 34/88 [00:09<00:13,  3.89it/s, loss=0.533]
  epoch 2/3:  40%|███▉      | 35/88 [00:09<00:13,  3.89it/s, loss=0.533]
  epoch 2/3:  40%|███▉      | 35/88 [00:09<00:13,  3.89it/s, loss=0.530]
  epoch 2/3:  41%|████      | 36/88 [00:09<00:13,  3.90it/s, loss=0.530]
  epoch 2/3:  41%|████      | 36/88 [00:09<00:13,  3.90it/s, loss=0.525]
  epoch 2/3:  42%|████▏     | 37/88 [00:09<00:13,  3.90it/s, loss=0.525]
  epoch 2/3:  42%|████▏     | 37/88 [00:09<00:13,  3.90it/s, loss=0.523]
  epoch 2/3:  43%|████▎     | 38/88 [00:09<00:12,  3.92it/s, loss=0.523]
  epoch 2/3:  43%|████▎     | 38/88 [00:10<00:12,  3.92it/s, loss=0.518]
  epoch 2/3:  44%|████▍     | 39/88 [00:10<00:12,  3.91it/s, loss=0.518]
  epoch 2/3:  44%|████▍     | 39/88 [00:10<00:12,  3.91it/s, loss=0.518]
  epoch 2/3:  45%|████▌     | 40/88 [00:10<00:12,  3.85it/s, loss=0.518]
  epoch 2/3:  45%|████▌     | 40/88 [00:10<00:12,  3.85it/s, loss=0.515]
  epoch 2/3:  47%|████▋     | 41/88 [00:10<00:12,  3.85it/s, loss=0.515]
  epoch 2/3:  47%|████▋     | 41/88 [00:11<00:12,  3.85it/s, loss=0.511]
  epoch 2/3:  48%|████▊     | 42/88 [00:11<00:11,  3.85it/s, loss=0.511]
  epoch 2/3:  48%|████▊     | 42/88 [00:11<00:11,  3.85it/s, loss=0.514]
  epoch 2/3:  49%|████▉     | 43/88 [00:11<00:11,  3.88it/s, loss=0.514]
  epoch 2/3:  49%|████▉     | 43/88 [00:11<00:11,  3.88it/s, loss=0.511]
  epoch 2/3:  50%|█████     | 44/88 [00:11<00:11,  3.87it/s, loss=0.511]
  epoch 2/3:  50%|█████     | 44/88 [00:11<00:11,  3.87it/s, loss=0.510]
  epoch 2/3:  51%|█████     | 45/88 [00:11<00:11,  3.88it/s, loss=0.510]
  epoch 2/3:  51%|█████     | 45/88 [00:12<00:11,  3.88it/s, loss=0.506]
  epoch 2/3:  52%|█████▏    | 46/88 [00:12<00:10,  3.89it/s, loss=0.506]
  epoch 2/3:  52%|█████▏    | 46/88 [00:12<00:10,  3.89it/s, loss=0.504]
  epoch 2/3:  53%|█████▎    | 47/88 [00:12<00:10,  3.89it/s, loss=0.504]
  epoch 2/3:  53%|█████▎    | 47/88 [00:12<00:10,  3.89it/s, loss=0.500]
  epoch 2/3:  55%|█████▍    | 48/88 [00:12<00:10,  3.91it/s, loss=0.500]
  epoch 2/3:  55%|█████▍    | 48/88 [00:12<00:10,  3.91it/s, loss=0.499]
  epoch 2/3:  56%|█████▌    | 49/88 [00:12<00:10,  3.90it/s, loss=0.499]
  epoch 2/3:  56%|█████▌    | 49/88 [00:13<00:10,  3.90it/s, loss=0.496]
  epoch 2/3:  57%|█████▋    | 50/88 [00:13<00:09,  3.89it/s, loss=0.496]
  epoch 2/3:  57%|█████▋    | 50/88 [00:13<00:09,  3.89it/s, loss=0.494]
  epoch 2/3:  58%|█████▊    | 51/88 [00:13<00:09,  3.90it/s, loss=0.494]
  epoch 2/3:  58%|█████▊    | 51/88 [00:13<00:09,  3.90it/s, loss=0.490]
  epoch 2/3:  59%|█████▉    | 52/88 [00:13<00:09,  3.90it/s, loss=0.490]
  epoch 2/3:  59%|█████▉    | 52/88 [00:13<00:09,  3.90it/s, loss=0.487]
  epoch 2/3:  60%|██████    | 53/88 [00:13<00:08,  3.90it/s, loss=0.487]
  epoch 2/3:  60%|██████    | 53/88 [00:14<00:08,  3.90it/s, loss=0.482]
  epoch 2/3:  61%|██████▏   | 54/88 [00:14<00:08,  3.91it/s, loss=0.482]
  epoch 2/3:  61%|██████▏   | 54/88 [00:14<00:08,  3.91it/s, loss=0.480]
  epoch 2/3:  62%|██████▎   | 55/88 [00:14<00:08,  3.90it/s, loss=0.480]
  epoch 2/3:  62%|██████▎   | 55/88 [00:14<00:08,  3.90it/s, loss=0.476]
  epoch 2/3:  64%|██████▎   | 56/88 [00:14<00:08,  3.87it/s, loss=0.476]
  epoch 2/3:  64%|██████▎   | 56/88 [00:14<00:08,  3.87it/s, loss=0.475]
  epoch 2/3:  65%|██████▍   | 57/88 [00:14<00:07,  3.89it/s, loss=0.475]
  epoch 2/3:  65%|██████▍   | 57/88 [00:15<00:07,  3.89it/s, loss=0.473]
  epoch 2/3:  66%|██████▌   | 58/88 [00:15<00:07,  3.90it/s, loss=0.473]
  epoch 2/3:  66%|██████▌   | 58/88 [00:15<00:07,  3.90it/s, loss=0.470]
  epoch 2/3:  67%|██████▋   | 59/88 [00:15<00:07,  3.90it/s, loss=0.470]
  epoch 2/3:  67%|██████▋   | 59/88 [00:15<00:07,  3.90it/s, loss=0.467]
  epoch 2/3:  68%|██████▊   | 60/88 [00:15<00:07,  3.91it/s, loss=0.467]
  epoch 2/3:  68%|██████▊   | 60/88 [00:15<00:07,  3.91it/s, loss=0.464]
  epoch 2/3:  69%|██████▉   | 61/88 [00:15<00:06,  3.89it/s, loss=0.464]
  epoch 2/3:  69%|██████▉   | 61/88 [00:16<00:06,  3.89it/s, loss=0.464]
  epoch 2/3:  70%|███████   | 62/88 [00:16<00:06,  3.91it/s, loss=0.464]
  epoch 2/3:  70%|███████   | 62/88 [00:16<00:06,  3.91it/s, loss=0.464]
  epoch 2/3:  72%|███████▏  | 63/88 [00:16<00:06,  3.91it/s, loss=0.464]
  epoch 2/3:  72%|███████▏  | 63/88 [00:16<00:06,  3.91it/s, loss=0.461]
  epoch 2/3:  73%|███████▎  | 64/88 [00:16<00:06,  3.94it/s, loss=0.461]
  epoch 2/3:  73%|███████▎  | 64/88 [00:16<00:06,  3.94it/s, loss=0.459]
  epoch 2/3:  74%|███████▍  | 65/88 [00:16<00:05,  3.92it/s, loss=0.459]
  epoch 2/3:  74%|███████▍  | 65/88 [00:17<00:05,  3.92it/s, loss=0.456]
  epoch 2/3:  75%|███████▌  | 66/88 [00:17<00:05,  3.94it/s, loss=0.456]
  epoch 2/3:  75%|███████▌  | 66/88 [00:17<00:05,  3.94it/s, loss=0.453]
  epoch 2/3:  76%|███████▌  | 67/88 [00:17<00:05,  3.92it/s, loss=0.453]
  epoch 2/3:  76%|███████▌  | 67/88 [00:17<00:05,  3.92it/s, loss=0.451]
  epoch 2/3:  77%|███████▋  | 68/88 [00:17<00:05,  3.93it/s, loss=0.451]
  epoch 2/3:  77%|███████▋  | 68/88 [00:17<00:05,  3.93it/s, loss=0.450]
  epoch 2/3:  78%|███████▊  | 69/88 [00:17<00:04,  3.93it/s, loss=0.450]
  epoch 2/3:  78%|███████▊  | 69/88 [00:18<00:04,  3.93it/s, loss=0.449]
  epoch 2/3:  80%|███████▉  | 70/88 [00:18<00:04,  3.93it/s, loss=0.449]
  epoch 2/3:  80%|███████▉  | 70/88 [00:18<00:04,  3.93it/s, loss=0.447]
  epoch 2/3:  81%|████████  | 71/88 [00:18<00:04,  3.92it/s, loss=0.447]
  epoch 2/3:  81%|████████  | 71/88 [00:18<00:04,  3.92it/s, loss=0.444]
  epoch 2/3:  82%|████████▏ | 72/88 [00:18<00:04,  3.87it/s, loss=0.444]
  epoch 2/3:  82%|████████▏ | 72/88 [00:18<00:04,  3.87it/s, loss=0.441]
  epoch 2/3:  83%|████████▎ | 73/88 [00:18<00:03,  3.88it/s, loss=0.441]
  epoch 2/3:  83%|████████▎ | 73/88 [00:19<00:03,  3.88it/s, loss=0.441]
  epoch 2/3:  84%|████████▍ | 74/88 [00:19<00:03,  3.88it/s, loss=0.441]
  epoch 2/3:  84%|████████▍ | 74/88 [00:19<00:03,  3.88it/s, loss=0.440]
  epoch 2/3:  85%|████████▌ | 75/88 [00:19<00:03,  3.90it/s, loss=0.440]
  epoch 2/3:  85%|████████▌ | 75/88 [00:19<00:03,  3.90it/s, loss=0.437]
  epoch 2/3:  86%|████████▋ | 76/88 [00:19<00:03,  3.89it/s, loss=0.437]
  epoch 2/3:  86%|████████▋ | 76/88 [00:19<00:03,  3.89it/s, loss=0.434]
  epoch 2/3:  88%|████████▊ | 77/88 [00:19<00:02,  3.92it/s, loss=0.434]
  epoch 2/3:  88%|████████▊ | 77/88 [00:20<00:02,  3.92it/s, loss=0.433]
  epoch 2/3:  89%|████████▊ | 78/88 [00:20<00:02,  3.90it/s, loss=0.433]
  epoch 2/3:  89%|████████▊ | 78/88 [00:20<00:02,  3.90it/s, loss=0.431]
  epoch 2/3:  90%|████████▉ | 79/88 [00:20<00:02,  3.93it/s, loss=0.431]
  epoch 2/3:  90%|████████▉ | 79/88 [00:20<00:02,  3.93it/s, loss=0.429]
  epoch 2/3:  91%|█████████ | 80/88 [00:20<00:02,  3.91it/s, loss=0.429]
  epoch 2/3:  91%|█████████ | 80/88 [00:21<00:02,  3.91it/s, loss=0.427]
  epoch 2/3:  92%|█████████▏| 81/88 [00:21<00:01,  3.92it/s, loss=0.427]
  epoch 2/3:  92%|█████████▏| 81/88 [00:21<00:01,  3.92it/s, loss=0.424]
  epoch 2/3:  93%|█████████▎| 82/88 [00:21<00:01,  3.92it/s, loss=0.424]
  epoch 2/3:  93%|█████████▎| 82/88 [00:21<00:01,  3.92it/s, loss=0.421]
  epoch 2/3:  94%|█████████▍| 83/88 [00:21<00:01,  3.92it/s, loss=0.421]
  epoch 2/3:  94%|█████████▍| 83/88 [00:21<00:01,  3.92it/s, loss=0.419]
  epoch 2/3:  95%|█████████▌| 84/88 [00:21<00:01,  3.92it/s, loss=0.419]
  epoch 2/3:  95%|█████████▌| 84/88 [00:22<00:01,  3.92it/s, loss=0.417]
  epoch 2/3:  97%|█████████▋| 85/88 [00:22<00:00,  3.93it/s, loss=0.417]
  epoch 2/3:  97%|█████████▋| 85/88 [00:22<00:00,  3.93it/s, loss=0.414]
  epoch 2/3:  98%|█████████▊| 86/88 [00:22<00:00,  3.93it/s, loss=0.414]
  epoch 2/3:  98%|█████████▊| 86/88 [00:22<00:00,  3.93it/s, loss=0.412]
  epoch 2/3:  99%|█████████▉| 87/88 [00:22<00:00,  3.95it/s, loss=0.412]
  epoch 2/3:  99%|█████████▉| 87/88 [00:22<00:00,  3.95it/s, loss=0.412]
  epoch 2/3: 100%|██████████| 88/88 [00:22<00:00,  4.23it/s, loss=0.412]
                                                                        

  epoch 3/3:   0%|          | 0/88 [00:00<?, ?it/s]
  epoch 3/3:   0%|          | 0/88 [00:00<?, ?it/s, loss=0.153]
  epoch 3/3:   1%|          | 1/88 [00:00<00:43,  2.00it/s, loss=0.153]
  epoch 3/3:   1%|          | 1/88 [00:00<00:43,  2.00it/s, loss=0.171]
  epoch 3/3:   2%|▏         | 2/88 [00:00<00:30,  2.80it/s, loss=0.171]
  epoch 3/3:   2%|▏         | 2/88 [00:01<00:30,  2.80it/s, loss=0.209]
  epoch 3/3:   3%|▎         | 3/88 [00:01<00:26,  3.22it/s, loss=0.209]
  epoch 3/3:   3%|▎         | 3/88 [00:01<00:26,  3.22it/s, loss=0.251]
  epoch 3/3:   5%|▍         | 4/88 [00:01<00:24,  3.48it/s, loss=0.251]
  epoch 3/3:   5%|▍         | 4/88 [00:01<00:24,  3.48it/s, loss=0.231]
  epoch 3/3:   6%|▌         | 5/88 [00:01<00:22,  3.61it/s, loss=0.231]
  epoch 3/3:   6%|▌         | 5/88 [00:01<00:22,  3.61it/s, loss=0.225]
  epoch 3/3:   7%|▋         | 6/88 [00:01<00:22,  3.73it/s, loss=0.225]
  epoch 3/3:   7%|▋         | 6/88 [00:02<00:22,  3.73it/s, loss=0.225]
  epoch 3/3:   8%|▊         | 7/88 [00:02<00:21,  3.79it/s, loss=0.225]
  epoch 3/3:   8%|▊         | 7/88 [00:02<00:21,  3.79it/s, loss=0.231]
  epoch 3/3:   9%|▉         | 8/88 [00:02<00:20,  3.85it/s, loss=0.231]
  epoch 3/3:   9%|▉         | 8/88 [00:02<00:20,  3.85it/s, loss=0.231]
  epoch 3/3:  10%|█         | 9/88 [00:02<00:20,  3.85it/s, loss=0.231]
  epoch 3/3:  10%|█         | 9/88 [00:02<00:20,  3.85it/s, loss=0.232]
  epoch 3/3:  11%|█▏        | 10/88 [00:02<00:20,  3.88it/s, loss=0.232]
  epoch 3/3:  11%|█▏        | 10/88 [00:03<00:20,  3.88it/s, loss=0.233]
  epoch 3/3:  12%|█▎        | 11/88 [00:03<00:19,  3.88it/s, loss=0.233]
  epoch 3/3:  12%|█▎        | 11/88 [00:03<00:19,  3.88it/s, loss=0.239]
  epoch 3/3:  14%|█▎        | 12/88 [00:03<00:19,  3.91it/s, loss=0.239]
  epoch 3/3:  14%|█▎        | 12/88 [00:03<00:19,  3.91it/s, loss=0.235]
  epoch 3/3:  15%|█▍        | 13/88 [00:03<00:19,  3.91it/s, loss=0.235]
  epoch 3/3:  15%|█▍        | 13/88 [00:03<00:19,  3.91it/s, loss=0.235]
  epoch 3/3:  16%|█▌        | 14/88 [00:03<00:18,  3.94it/s, loss=0.235]
  epoch 3/3:  16%|█▌        | 14/88 [00:04<00:18,  3.94it/s, loss=0.230]
  epoch 3/3:  17%|█▋        | 15/88 [00:04<00:18,  3.94it/s, loss=0.230]
  epoch 3/3:  17%|█▋        | 15/88 [00:04<00:18,  3.94it/s, loss=0.228]
  epoch 3/3:  18%|█▊        | 16/88 [00:04<00:18,  3.91it/s, loss=0.228]
  epoch 3/3:  18%|█▊        | 16/88 [00:04<00:18,  3.91it/s, loss=0.224]
  epoch 3/3:  19%|█▉        | 17/88 [00:04<00:18,  3.92it/s, loss=0.224]
  epoch 3/3:  19%|█▉        | 17/88 [00:04<00:18,  3.92it/s, loss=0.223]
  epoch 3/3:  20%|██        | 18/88 [00:04<00:17,  3.93it/s, loss=0.223]
  epoch 3/3:  20%|██        | 18/88 [00:05<00:17,  3.93it/s, loss=0.223]
  epoch 3/3:  22%|██▏       | 19/88 [00:05<00:17,  3.93it/s, loss=0.223]
  epoch 3/3:  22%|██▏       | 19/88 [00:05<00:17,  3.93it/s, loss=0.220]
  epoch 3/3:  23%|██▎       | 20/88 [00:05<00:17,  3.93it/s, loss=0.220]
  epoch 3/3:  23%|██▎       | 20/88 [00:05<00:17,  3.93it/s, loss=0.219]
  epoch 3/3:  24%|██▍       | 21/88 [00:05<00:17,  3.94it/s, loss=0.219]
  epoch 3/3:  24%|██▍       | 21/88 [00:05<00:17,  3.94it/s, loss=0.217]
  epoch 3/3:  25%|██▌       | 22/88 [00:05<00:16,  3.94it/s, loss=0.217]
  epoch 3/3:  25%|██▌       | 22/88 [00:06<00:16,  3.94it/s, loss=0.213]
  epoch 3/3:  26%|██▌       | 23/88 [00:06<00:16,  3.94it/s, loss=0.213]
  epoch 3/3:  26%|██▌       | 23/88 [00:06<00:16,  3.94it/s, loss=0.209]
  epoch 3/3:  27%|██▋       | 24/88 [00:06<00:16,  3.94it/s, loss=0.209]
  epoch 3/3:  27%|██▋       | 24/88 [00:06<00:16,  3.94it/s, loss=0.209]
  epoch 3/3:  28%|██▊       | 25/88 [00:06<00:15,  3.94it/s, loss=0.209]
  epoch 3/3:  28%|██▊       | 25/88 [00:06<00:15,  3.94it/s, loss=0.207]
  epoch 3/3:  30%|██▉       | 26/88 [00:06<00:15,  3.94it/s, loss=0.207]
  epoch 3/3:  30%|██▉       | 26/88 [00:07<00:15,  3.94it/s, loss=0.206]
  epoch 3/3:  31%|███       | 27/88 [00:07<00:15,  3.94it/s, loss=0.206]
  epoch 3/3:  31%|███       | 27/88 [00:07<00:15,  3.94it/s, loss=0.212]
  epoch 3/3:  32%|███▏      | 28/88 [00:07<00:15,  3.94it/s, loss=0.212]
  epoch 3/3:  32%|███▏      | 28/88 [00:07<00:15,  3.94it/s, loss=0.213]
  epoch 3/3:  33%|███▎      | 29/88 [00:07<00:14,  3.95it/s, loss=0.213]
  epoch 3/3:  33%|███▎      | 29/88 [00:07<00:14,  3.95it/s, loss=0.214]
  epoch 3/3:  34%|███▍      | 30/88 [00:07<00:14,  3.93it/s, loss=0.214]
  epoch 3/3:  34%|███▍      | 30/88 [00:08<00:14,  3.93it/s, loss=0.212]
  epoch 3/3:  35%|███▌      | 31/88 [00:08<00:14,  3.94it/s, loss=0.212]
  epoch 3/3:  35%|███▌      | 31/88 [00:08<00:14,  3.94it/s, loss=0.211]
  epoch 3/3:  36%|███▋      | 32/88 [00:08<00:14,  3.89it/s, loss=0.211]
  epoch 3/3:  36%|███▋      | 32/88 [00:08<00:14,  3.89it/s, loss=0.208]
  epoch 3/3:  38%|███▊      | 33/88 [00:08<00:14,  3.88it/s, loss=0.208]
  epoch 3/3:  38%|███▊      | 33/88 [00:08<00:14,  3.88it/s, loss=0.206]
  epoch 3/3:  39%|███▊      | 34/88 [00:08<00:13,  3.91it/s, loss=0.206]
  epoch 3/3:  39%|███▊      | 34/88 [00:09<00:13,  3.91it/s, loss=0.208]
  epoch 3/3:  40%|███▉      | 35/88 [00:09<00:13,  3.91it/s, loss=0.208]
  epoch 3/3:  40%|███▉      | 35/88 [00:09<00:13,  3.91it/s, loss=0.210]
  epoch 3/3:  41%|████      | 36/88 [00:09<00:13,  3.92it/s, loss=0.210]
  epoch 3/3:  41%|████      | 36/88 [00:09<00:13,  3.92it/s, loss=0.211]
  epoch 3/3:  42%|████▏     | 37/88 [00:09<00:13,  3.92it/s, loss=0.211]
  epoch 3/3:  42%|████▏     | 37/88 [00:09<00:13,  3.92it/s, loss=0.210]
  epoch 3/3:  43%|████▎     | 38/88 [00:09<00:12,  3.93it/s, loss=0.210]
  epoch 3/3:  43%|████▎     | 38/88 [00:10<00:12,  3.93it/s, loss=0.208]
  epoch 3/3:  44%|████▍     | 39/88 [00:10<00:12,  3.93it/s, loss=0.208]
  epoch 3/3:  44%|████▍     | 39/88 [00:10<00:12,  3.93it/s, loss=0.205]
  epoch 3/3:  45%|████▌     | 40/88 [00:10<00:12,  3.93it/s, loss=0.205]
  epoch 3/3:  45%|████▌     | 40/88 [00:10<00:12,  3.93it/s, loss=0.203]
  epoch 3/3:  47%|████▋     | 41/88 [00:10<00:11,  3.94it/s, loss=0.203]
  epoch 3/3:  47%|████▋     | 41/88 [00:10<00:11,  3.94it/s, loss=0.203]
  epoch 3/3:  48%|████▊     | 42/88 [00:10<00:11,  3.94it/s, loss=0.203]
  epoch 3/3:  48%|████▊     | 42/88 [00:11<00:11,  3.94it/s, loss=0.199]
  epoch 3/3:  49%|████▉     | 43/88 [00:11<00:11,  3.95it/s, loss=0.199]
  epoch 3/3:  49%|████▉     | 43/88 [00:11<00:11,  3.95it/s, loss=0.199]
  epoch 3/3:  50%|█████     | 44/88 [00:11<00:11,  3.95it/s, loss=0.199]
  epoch 3/3:  50%|█████     | 44/88 [00:11<00:11,  3.95it/s, loss=0.199]
  epoch 3/3:  51%|█████     | 45/88 [00:11<00:10,  3.95it/s, loss=0.199]
  epoch 3/3:  51%|█████     | 45/88 [00:11<00:10,  3.95it/s, loss=0.198]
  epoch 3/3:  52%|█████▏    | 46/88 [00:11<00:10,  3.95it/s, loss=0.198]
  epoch 3/3:  52%|█████▏    | 46/88 [00:12<00:10,  3.95it/s, loss=0.198]
  epoch 3/3:  53%|█████▎    | 47/88 [00:12<00:10,  3.96it/s, loss=0.198]
  epoch 3/3:  53%|█████▎    | 47/88 [00:12<00:10,  3.96it/s, loss=0.196]
  epoch 3/3:  55%|█████▍    | 48/88 [00:12<00:10,  3.92it/s, loss=0.196]
  epoch 3/3:  55%|█████▍    | 48/88 [00:12<00:10,  3.92it/s, loss=0.196]
  epoch 3/3:  56%|█████▌    | 49/88 [00:12<00:09,  3.93it/s, loss=0.196]
  epoch 3/3:  56%|█████▌    | 49/88 [00:12<00:09,  3.93it/s, loss=0.196]
  epoch 3/3:  57%|█████▋    | 50/88 [00:12<00:09,  3.92it/s, loss=0.196]
  epoch 3/3:  57%|█████▋    | 50/88 [00:13<00:09,  3.92it/s, loss=0.194]
  epoch 3/3:  58%|█████▊    | 51/88 [00:13<00:09,  3.95it/s, loss=0.194]
  epoch 3/3:  58%|█████▊    | 51/88 [00:13<00:09,  3.95it/s, loss=0.191]
  epoch 3/3:  59%|█████▉    | 52/88 [00:13<00:09,  3.94it/s, loss=0.191]
  epoch 3/3:  59%|█████▉    | 52/88 [00:13<00:09,  3.94it/s, loss=0.191]
  epoch 3/3:  60%|██████    | 53/88 [00:13<00:08,  3.95it/s, loss=0.191]
  epoch 3/3:  60%|██████    | 53/88 [00:13<00:08,  3.95it/s, loss=0.191]
  epoch 3/3:  61%|██████▏   | 54/88 [00:13<00:08,  3.95it/s, loss=0.191]
  epoch 3/3:  61%|██████▏   | 54/88 [00:14<00:08,  3.95it/s, loss=0.190]
  epoch 3/3:  62%|██████▎   | 55/88 [00:14<00:08,  3.94it/s, loss=0.190]
  epoch 3/3:  62%|██████▎   | 55/88 [00:14<00:08,  3.94it/s, loss=0.188]
  epoch 3/3:  64%|██████▎   | 56/88 [00:14<00:08,  3.93it/s, loss=0.188]
  epoch 3/3:  64%|██████▎   | 56/88 [00:14<00:08,  3.93it/s, loss=0.190]
  epoch 3/3:  65%|██████▍   | 57/88 [00:14<00:07,  3.96it/s, loss=0.190]
  epoch 3/3:  65%|██████▍   | 57/88 [00:14<00:07,  3.96it/s, loss=0.192]
  epoch 3/3:  66%|██████▌   | 58/88 [00:14<00:07,  3.94it/s, loss=0.192]
  epoch 3/3:  66%|██████▌   | 58/88 [00:15<00:07,  3.94it/s, loss=0.190]
  epoch 3/3:  67%|██████▋   | 59/88 [00:15<00:07,  3.95it/s, loss=0.190]
  epoch 3/3:  67%|██████▋   | 59/88 [00:15<00:07,  3.95it/s, loss=0.189]
  epoch 3/3:  68%|██████▊   | 60/88 [00:15<00:07,  3.94it/s, loss=0.189]
  epoch 3/3:  68%|██████▊   | 60/88 [00:15<00:07,  3.94it/s, loss=0.189]
  epoch 3/3:  69%|██████▉   | 61/88 [00:15<00:06,  3.95it/s, loss=0.189]
  epoch 3/3:  69%|██████▉   | 61/88 [00:16<00:06,  3.95it/s, loss=0.188]
  epoch 3/3:  70%|███████   | 62/88 [00:16<00:06,  3.94it/s, loss=0.188]
  epoch 3/3:  70%|███████   | 62/88 [00:16<00:06,  3.94it/s, loss=0.187]
  epoch 3/3:  72%|███████▏  | 63/88 [00:16<00:06,  3.95it/s, loss=0.187]
  epoch 3/3:  72%|███████▏  | 63/88 [00:16<00:06,  3.95it/s, loss=0.186]
  epoch 3/3:  73%|███████▎  | 64/88 [00:16<00:06,  3.89it/s, loss=0.186]
  epoch 3/3:  73%|███████▎  | 64/88 [00:16<00:06,  3.89it/s, loss=0.185]
  epoch 3/3:  74%|███████▍  | 65/88 [00:16<00:05,  3.89it/s, loss=0.185]
  epoch 3/3:  74%|███████▍  | 65/88 [00:17<00:05,  3.89it/s, loss=0.184]
  epoch 3/3:  75%|███████▌  | 66/88 [00:17<00:05,  3.93it/s, loss=0.184]
  epoch 3/3:  75%|███████▌  | 66/88 [00:17<00:05,  3.93it/s, loss=0.182]
  epoch 3/3:  76%|███████▌  | 67/88 [00:17<00:05,  3.92it/s, loss=0.182]
  epoch 3/3:  76%|███████▌  | 67/88 [00:17<00:05,  3.92it/s, loss=0.182]
  epoch 3/3:  77%|███████▋  | 68/88 [00:17<00:05,  3.94it/s, loss=0.182]
  epoch 3/3:  77%|███████▋  | 68/88 [00:17<00:05,  3.94it/s, loss=0.181]
  epoch 3/3:  78%|███████▊  | 69/88 [00:17<00:04,  3.94it/s, loss=0.181]
  epoch 3/3:  78%|███████▊  | 69/88 [00:18<00:04,  3.94it/s, loss=0.180]
  epoch 3/3:  80%|███████▉  | 70/88 [00:18<00:04,  3.95it/s, loss=0.180]
  epoch 3/3:  80%|███████▉  | 70/88 [00:18<00:04,  3.95it/s, loss=0.178]
  epoch 3/3:  81%|████████  | 71/88 [00:18<00:04,  3.94it/s, loss=0.178]
  epoch 3/3:  81%|████████  | 71/88 [00:18<00:04,  3.94it/s, loss=0.178]
  epoch 3/3:  82%|████████▏ | 72/88 [00:18<00:04,  3.96it/s, loss=0.178]
  epoch 3/3:  82%|████████▏ | 72/88 [00:18<00:04,  3.96it/s, loss=0.177]
  epoch 3/3:  83%|████████▎ | 73/88 [00:18<00:03,  3.94it/s, loss=0.177]
  epoch 3/3:  83%|████████▎ | 73/88 [00:19<00:03,  3.94it/s, loss=0.176]
  epoch 3/3:  84%|████████▍ | 74/88 [00:19<00:03,  3.95it/s, loss=0.176]
  epoch 3/3:  84%|████████▍ | 74/88 [00:19<00:03,  3.95it/s, loss=0.175]
  epoch 3/3:  85%|████████▌ | 75/88 [00:19<00:03,  3.94it/s, loss=0.175]
  epoch 3/3:  85%|████████▌ | 75/88 [00:19<00:03,  3.94it/s, loss=0.174]
  epoch 3/3:  86%|████████▋ | 76/88 [00:19<00:03,  3.95it/s, loss=0.174]
  epoch 3/3:  86%|████████▋ | 76/88 [00:19<00:03,  3.95it/s, loss=0.173]
  epoch 3/3:  88%|████████▊ | 77/88 [00:19<00:02,  3.94it/s, loss=0.173]
  epoch 3/3:  88%|████████▊ | 77/88 [00:20<00:02,  3.94it/s, loss=0.171]
  epoch 3/3:  89%|████████▊ | 78/88 [00:20<00:02,  3.95it/s, loss=0.171]
  epoch 3/3:  89%|████████▊ | 78/88 [00:20<00:02,  3.95it/s, loss=0.172]
  epoch 3/3:  90%|████████▉ | 79/88 [00:20<00:02,  3.94it/s, loss=0.172]
  epoch 3/3:  90%|████████▉ | 79/88 [00:20<00:02,  3.94it/s, loss=0.173]
  epoch 3/3:  91%|█████████ | 80/88 [00:20<00:02,  3.89it/s, loss=0.173]
  epoch 3/3:  91%|█████████ | 80/88 [00:20<00:02,  3.89it/s, loss=0.174]
  epoch 3/3:  92%|█████████▏| 81/88 [00:20<00:01,  3.91it/s, loss=0.174]
  epoch 3/3:  92%|█████████▏| 81/88 [00:21<00:01,  3.91it/s, loss=0.174]
  epoch 3/3:  93%|█████████▎| 82/88 [00:21<00:01,  3.92it/s, loss=0.174]
  epoch 3/3:  93%|█████████▎| 82/88 [00:21<00:01,  3.92it/s, loss=0.173]
  epoch 3/3:  94%|█████████▍| 83/88 [00:21<00:01,  3.94it/s, loss=0.173]
  epoch 3/3:  94%|█████████▍| 83/88 [00:21<00:01,  3.94it/s, loss=0.172]
  epoch 3/3:  95%|█████████▌| 84/88 [00:21<00:01,  3.94it/s, loss=0.172]
  epoch 3/3:  95%|█████████▌| 84/88 [00:21<00:01,  3.94it/s, loss=0.172]
  epoch 3/3:  97%|█████████▋| 85/88 [00:21<00:00,  3.94it/s, loss=0.172]
  epoch 3/3:  97%|█████████▋| 85/88 [00:22<00:00,  3.94it/s, loss=0.171]
  epoch 3/3:  98%|█████████▊| 86/88 [00:22<00:00,  3.93it/s, loss=0.171]
  epoch 3/3:  98%|█████████▊| 86/88 [00:22<00:00,  3.93it/s, loss=0.172]
  epoch 3/3:  99%|█████████▉| 87/88 [00:22<00:00,  3.96it/s, loss=0.172]
  epoch 3/3:  99%|█████████▉| 87/88 [00:22<00:00,  3.96it/s, loss=0.171]
  epoch 3/3: 100%|██████████| 88/88 [00:22<00:00,  4.28it/s, loss=0.171]
                                                                        
[titans] reset=never | norm(state) sau task = 75.8688
[titans]   self-mod v:β=1.28 |W|=1.55
[titans]   eta_t(avg)=-3.3558  alpha_t/forget-gate(avg)=1.0000
[task 2] test acc so far: 0.851  0.889  0.697
[task 2] NCM-blend gamma=0: 0.757  0.837  0.869
[task 2] NCM-blend gamma=0.1: 0.760  0.834  0.869
[task 2] NCM-blend gamma=0.25: 0.760  0.837  0.874
[task 2] NCM-blend gamma=0.5: 0.760  0.823  0.886
[task 2] NCM-blend gamma=0.75: 0.754  0.789  0.889
[task 2] NCM-blend gamma=1: 0.734  0.726  0.903
[checkpoint] đã lưu tiến độ sau task 2
[task 3] classes=[10, 17, 21, 26, 41] | train=2800

  epoch 1/3:   0%|          | 0/88 [00:00<?, ?it/s]
  epoch 1/3:   0%|          | 0/88 [00:00<?, ?it/s, loss=1.480]
  epoch 1/3:   1%|          | 1/88 [00:00<00:51,  1.69it/s, loss=1.480]
  epoch 1/3:   1%|          | 1/88 [00:00<00:51,  1.69it/s, loss=1.460]
  epoch 1/3:   2%|▏         | 2/88 [00:00<00:33,  2.56it/s, loss=1.460]
  epoch 1/3:   2%|▏         | 2/88 [00:01<00:33,  2.56it/s, loss=1.437]
  epoch 1/3:   3%|▎         | 3/88 [00:01<00:27,  3.04it/s, loss=1.437]
  epoch 1/3:   3%|▎         | 3/88 [00:01<00:27,  3.04it/s, loss=1.444]
  epoch 1/3:   5%|▍         | 4/88 [00:01<00:25,  3.35it/s, loss=1.444]
  epoch 1/3:   5%|▍         | 4/88 [00:01<00:25,  3.35it/s, loss=1.439]
  epoch 1/3:   6%|▌         | 5/88 [00:01<00:23,  3.53it/s, loss=1.439]
  epoch 1/3:   6%|▌         | 5/88 [00:01<00:23,  3.53it/s, loss=1.440]
  epoch 1/3:   7%|▋         | 6/88 [00:01<00:22,  3.67it/s, loss=1.440]
  epoch 1/3:   7%|▋         | 6/88 [00:02<00:22,  3.67it/s, loss=1.435]
  epoch 1/3:   8%|▊         | 7/88 [00:02<00:21,  3.75it/s, loss=1.435]
  epoch 1/3:   8%|▊         | 7/88 [00:02<00:21,  3.75it/s, loss=1.439]
  epoch 1/3:   9%|▉         | 8/88 [00:02<00:21,  3.78it/s, loss=1.439]
  epoch 1/3:   9%|▉         | 8/88 [00:02<00:21,  3.78it/s, loss=1.431]
  epoch 1/3:  10%|█         | 9/88 [00:02<00:20,  3.83it/s, loss=1.431]
  epoch 1/3:  10%|█         | 9/88 [00:02<00:20,  3.83it/s, loss=1.428]
  epoch 1/3:  11%|█▏        | 10/88 [00:02<00:20,  3.84it/s, loss=1.428]
  epoch 1/3:  11%|█▏        | 10/88 [00:03<00:20,  3.84it/s, loss=1.413]
  epoch 1/3:  12%|█▎        | 11/88 [00:03<00:19,  3.88it/s, loss=1.413]
  epoch 1/3:  12%|█▎        | 11/88 [00:03<00:19,  3.88it/s, loss=1.406]
  epoch 1/3:  14%|█▎        | 12/88 [00:03<00:19,  3.89it/s, loss=1.406]
  epoch 1/3:  14%|█▎        | 12/88 [00:03<00:19,  3.89it/s, loss=1.399]
  epoch 1/3:  15%|█▍        | 13/88 [00:03<00:19,  3.89it/s, loss=1.399]
  epoch 1/3:  15%|█▍        | 13/88 [00:03<00:19,  3.89it/s, loss=1.399]
  epoch 1/3:  16%|█▌        | 14/88 [00:03<00:18,  3.90it/s, loss=1.399]
  epoch 1/3:  16%|█▌        | 14/88 [00:04<00:18,  3.90it/s, loss=1.397]
  epoch 1/3:  17%|█▋        | 15/88 [00:04<00:18,  3.89it/s, loss=1.397]
  epoch 1/3:  17%|█▋        | 15/88 [00:04<00:18,  3.89it/s, loss=1.389]
  epoch 1/3:  18%|█▊        | 16/88 [00:04<00:18,  3.92it/s, loss=1.389]
  epoch 1/3:  18%|█▊        | 16/88 [00:04<00:18,  3.92it/s, loss=1.378]
  epoch 1/3:  19%|█▉        | 17/88 [00:04<00:18,  3.91it/s, loss=1.378]
  epoch 1/3:  19%|█▉        | 17/88 [00:04<00:18,  3.91it/s, loss=1.376]
  epoch 1/3:  20%|██        | 18/88 [00:04<00:17,  3.92it/s, loss=1.376]
  epoch 1/3:  20%|██        | 18/88 [00:05<00:17,  3.92it/s, loss=1.374]
  epoch 1/3:  22%|██▏       | 19/88 [00:05<00:17,  3.93it/s, loss=1.374]
  epoch 1/3:  22%|██▏       | 19/88 [00:05<00:17,  3.93it/s, loss=1.372]
  epoch 1/3:  23%|██▎       | 20/88 [00:05<00:17,  3.91it/s, loss=1.372]
  epoch 1/3:  23%|██▎       | 20/88 [00:05<00:17,  3.91it/s, loss=1.367]
  epoch 1/3:  24%|██▍       | 21/88 [00:05<00:17,  3.92it/s, loss=1.367]
  epoch 1/3:  24%|██▍       | 21/88 [00:05<00:17,  3.92it/s, loss=1.362]
  epoch 1/3:  25%|██▌       | 22/88 [00:05<00:16,  3.93it/s, loss=1.362]
  epoch 1/3:  25%|██▌       | 22/88 [00:06<00:16,  3.93it/s, loss=1.356]
  epoch 1/3:  26%|██▌       | 23/88 [00:06<00:16,  3.94it/s, loss=1.356]
  epoch 1/3:  26%|██▌       | 23/88 [00:06<00:16,  3.94it/s, loss=1.349]
  epoch 1/3:  27%|██▋       | 24/88 [00:06<00:16,  3.86it/s, loss=1.349]
  epoch 1/3:  27%|██▋       | 24/88 [00:06<00:16,  3.86it/s, loss=1.340]
  epoch 1/3:  28%|██▊       | 25/88 [00:06<00:16,  3.89it/s, loss=1.340]
  epoch 1/3:  28%|██▊       | 25/88 [00:06<00:16,  3.89it/s, loss=1.330]
  epoch 1/3:  30%|██▉       | 26/88 [00:06<00:15,  3.88it/s, loss=1.330]
  epoch 1/3:  30%|██▉       | 26/88 [00:07<00:15,  3.88it/s, loss=1.323]
  epoch 1/3:  31%|███       | 27/88 [00:07<00:15,  3.90it/s, loss=1.323]
  epoch 1/3:  31%|███       | 27/88 [00:07<00:15,  3.90it/s, loss=1.315]
  epoch 1/3:  32%|███▏      | 28/88 [00:07<00:15,  3.90it/s, loss=1.315]
  epoch 1/3:  32%|███▏      | 28/88 [00:07<00:15,  3.90it/s, loss=1.306]
  epoch 1/3:  33%|███▎      | 29/88 [00:07<00:15,  3.92it/s, loss=1.306]
  epoch 1/3:  33%|███▎      | 29/88 [00:07<00:15,  3.92it/s, loss=1.300]
  epoch 1/3:  34%|███▍      | 30/88 [00:07<00:14,  3.92it/s, loss=1.300]
  epoch 1/3:  34%|███▍      | 30/88 [00:08<00:14,  3.92it/s, loss=1.292]
  epoch 1/3:  35%|███▌      | 31/88 [00:08<00:14,  3.93it/s, loss=1.292]
  epoch 1/3:  35%|███▌      | 31/88 [00:08<00:14,  3.93it/s, loss=1.286]
  epoch 1/3:  36%|███▋      | 32/88 [00:08<00:14,  3.93it/s, loss=1.286]
  epoch 1/3:  36%|███▋      | 32/88 [00:08<00:14,  3.93it/s, loss=1.282]
  epoch 1/3:  38%|███▊      | 33/88 [00:08<00:14,  3.92it/s, loss=1.282]
  epoch 1/3:  38%|███▊      | 33/88 [00:09<00:14,  3.92it/s, loss=1.273]
  epoch 1/3:  39%|███▊      | 34/88 [00:09<00:13,  3.94it/s, loss=1.273]
  epoch 1/3:  39%|███▊      | 34/88 [00:09<00:13,  3.94it/s, loss=1.268]
  epoch 1/3:  40%|███▉      | 35/88 [00:09<00:13,  3.93it/s, loss=1.268]
  epoch 1/3:  40%|███▉      | 35/88 [00:09<00:13,  3.93it/s, loss=1.262]
  epoch 1/3:  41%|████      | 36/88 [00:09<00:13,  3.94it/s, loss=1.262]
  epoch 1/3:  41%|████      | 36/88 [00:09<00:13,  3.94it/s, loss=1.259]
  epoch 1/3:  42%|████▏     | 37/88 [00:09<00:13,  3.92it/s, loss=1.259]
  epoch 1/3:  42%|████▏     | 37/88 [00:10<00:13,  3.92it/s, loss=1.253]
  epoch 1/3:  43%|████▎     | 38/88 [00:10<00:12,  3.94it/s, loss=1.253]
  epoch 1/3:  43%|████▎     | 38/88 [00:10<00:12,  3.94it/s, loss=1.246]
  epoch 1/3:  44%|████▍     | 39/88 [00:10<00:12,  3.92it/s, loss=1.246]
  epoch 1/3:  44%|████▍     | 39/88 [00:10<00:12,  3.92it/s, loss=1.240]
  epoch 1/3:  45%|████▌     | 40/88 [00:10<00:12,  3.84it/s, loss=1.240]
  epoch 1/3:  45%|████▌     | 40/88 [00:10<00:12,  3.84it/s, loss=1.235]
  epoch 1/3:  47%|████▋     | 41/88 [00:10<00:12,  3.87it/s, loss=1.235]
  epoch 1/3:  47%|████▋     | 41/88 [00:11<00:12,  3.87it/s, loss=1.230]
  epoch 1/3:  48%|████▊     | 42/88 [00:11<00:11,  3.87it/s, loss=1.230]
  epoch 1/3:  48%|████▊     | 42/88 [00:11<00:11,  3.87it/s, loss=1.224]
  epoch 1/3:  49%|████▉     | 43/88 [00:11<00:11,  3.89it/s, loss=1.224]
  epoch 1/3:  49%|████▉     | 43/88 [00:11<00:11,  3.89it/s, loss=1.218]
  epoch 1/3:  50%|█████     | 44/88 [00:11<00:11,  3.89it/s, loss=1.218]
  epoch 1/3:  50%|█████     | 44/88 [00:11<00:11,  3.89it/s, loss=1.211]
  epoch 1/3:  51%|█████     | 45/88 [00:11<00:11,  3.90it/s, loss=1.211]
  epoch 1/3:  51%|█████     | 45/88 [00:12<00:11,  3.90it/s, loss=1.206]
  epoch 1/3:  52%|█████▏    | 46/88 [00:12<00:10,  3.90it/s, loss=1.206]
  epoch 1/3:  52%|█████▏    | 46/88 [00:12<00:10,  3.90it/s, loss=1.199]
  epoch 1/3:  53%|█████▎    | 47/88 [00:12<00:10,  3.89it/s, loss=1.199]
  epoch 1/3:  53%|█████▎    | 47/88 [00:12<00:10,  3.89it/s, loss=1.192]
  epoch 1/3:  55%|█████▍    | 48/88 [00:12<00:10,  3.91it/s, loss=1.192]
  epoch 1/3:  55%|█████▍    | 48/88 [00:12<00:10,  3.91it/s, loss=1.185]
  epoch 1/3:  56%|█████▌    | 49/88 [00:12<00:09,  3.91it/s, loss=1.185]
  epoch 1/3:  56%|█████▌    | 49/88 [00:13<00:09,  3.91it/s, loss=1.179]
  epoch 1/3:  57%|█████▋    | 50/88 [00:13<00:09,  3.90it/s, loss=1.179]
  epoch 1/3:  57%|█████▋    | 50/88 [00:13<00:09,  3.90it/s, loss=1.174]
  epoch 1/3:  58%|█████▊    | 51/88 [00:13<00:09,  3.92it/s, loss=1.174]
  epoch 1/3:  58%|█████▊    | 51/88 [00:13<00:09,  3.92it/s, loss=1.169]
  epoch 1/3:  59%|█████▉    | 52/88 [00:13<00:09,  3.91it/s, loss=1.169]
  epoch 1/3:  59%|█████▉    | 52/88 [00:13<00:09,  3.91it/s, loss=1.163]
  epoch 1/3:  60%|██████    | 53/88 [00:13<00:08,  3.92it/s, loss=1.163]
  epoch 1/3:  60%|██████    | 53/88 [00:14<00:08,  3.92it/s, loss=1.159]
  epoch 1/3:  61%|██████▏   | 54/88 [00:14<00:08,  3.91it/s, loss=1.159]
  epoch 1/3:  61%|██████▏   | 54/88 [00:14<00:08,  3.91it/s, loss=1.153]
  epoch 1/3:  62%|██████▎   | 55/88 [00:14<00:08,  3.90it/s, loss=1.153]
  epoch 1/3:  62%|██████▎   | 55/88 [00:14<00:08,  3.90it/s, loss=1.146]
  epoch 1/3:  64%|██████▎   | 56/88 [00:14<00:08,  3.85it/s, loss=1.146]
  epoch 1/3:  64%|██████▎   | 56/88 [00:14<00:08,  3.85it/s, loss=1.141]
  epoch 1/3:  65%|██████▍   | 57/88 [00:14<00:08,  3.87it/s, loss=1.141]
  epoch 1/3:  65%|██████▍   | 57/88 [00:15<00:08,  3.87it/s, loss=1.135]
  epoch 1/3:  66%|██████▌   | 58/88 [00:15<00:07,  3.89it/s, loss=1.135]
  epoch 1/3:  66%|██████▌   | 58/88 [00:15<00:07,  3.89it/s, loss=1.129]
  epoch 1/3:  67%|██████▋   | 59/88 [00:15<00:07,  3.89it/s, loss=1.129]
  epoch 1/3:  67%|██████▋   | 59/88 [00:15<00:07,  3.89it/s, loss=1.124]
  epoch 1/3:  68%|██████▊   | 60/88 [00:15<00:07,  3.90it/s, loss=1.124]
  epoch 1/3:  68%|██████▊   | 60/88 [00:15<00:07,  3.90it/s, loss=1.119]
  epoch 1/3:  69%|██████▉   | 61/88 [00:15<00:06,  3.90it/s, loss=1.119]
  epoch 1/3:  69%|██████▉   | 61/88 [00:16<00:06,  3.90it/s, loss=1.115]
  epoch 1/3:  70%|███████   | 62/88 [00:16<00:06,  3.89it/s, loss=1.115]
  epoch 1/3:  70%|███████   | 62/88 [00:16<00:06,  3.89it/s, loss=1.111]
  epoch 1/3:  72%|███████▏  | 63/88 [00:16<00:06,  3.91it/s, loss=1.111]
  epoch 1/3:  72%|███████▏  | 63/88 [00:16<00:06,  3.91it/s, loss=1.105]
  epoch 1/3:  73%|███████▎  | 64/88 [00:16<00:06,  3.91it/s, loss=1.105]
  epoch 1/3:  73%|███████▎  | 64/88 [00:16<00:06,  3.91it/s, loss=1.100]
  epoch 1/3:  74%|███████▍  | 65/88 [00:16<00:05,  3.92it/s, loss=1.100]
  epoch 1/3:  74%|███████▍  | 65/88 [00:17<00:05,  3.92it/s, loss=1.097]
  epoch 1/3:  75%|███████▌  | 66/88 [00:17<00:05,  3.90it/s, loss=1.097]
  epoch 1/3:  75%|███████▌  | 66/88 [00:17<00:05,  3.90it/s, loss=1.091]
  epoch 1/3:  76%|███████▌  | 67/88 [00:17<00:05,  3.90it/s, loss=1.091]
  epoch 1/3:  76%|███████▌  | 67/88 [00:17<00:05,  3.90it/s, loss=1.085]
  epoch 1/3:  77%|███████▋  | 68/88 [00:17<00:05,  3.92it/s, loss=1.085]
  epoch 1/3:  77%|███████▋  | 68/88 [00:17<00:05,  3.92it/s, loss=1.080]
  epoch 1/3:  78%|███████▊  | 69/88 [00:17<00:04,  3.92it/s, loss=1.080]
  epoch 1/3:  78%|███████▊  | 69/88 [00:18<00:04,  3.92it/s, loss=1.076]
  epoch 1/3:  80%|███████▉  | 70/88 [00:18<00:04,  3.93it/s, loss=1.076]
  epoch 1/3:  80%|███████▉  | 70/88 [00:18<00:04,  3.93it/s, loss=1.071]
  epoch 1/3:  81%|████████  | 71/88 [00:18<00:04,  3.92it/s, loss=1.071]
  epoch 1/3:  81%|████████  | 71/88 [00:18<00:04,  3.92it/s, loss=1.067]
  epoch 1/3:  82%|████████▏ | 72/88 [00:18<00:04,  3.85it/s, loss=1.067]
  epoch 1/3:  82%|████████▏ | 72/88 [00:19<00:04,  3.85it/s, loss=1.061]
  epoch 1/3:  83%|████████▎ | 73/88 [00:19<00:03,  3.86it/s, loss=1.061]
  epoch 1/3:  83%|████████▎ | 73/88 [00:19<00:03,  3.86it/s, loss=1.056]
  epoch 1/3:  84%|████████▍ | 74/88 [00:19<00:03,  3.88it/s, loss=1.056]
  epoch 1/3:  84%|████████▍ | 74/88 [00:19<00:03,  3.88it/s, loss=1.051]
  epoch 1/3:  85%|████████▌ | 75/88 [00:19<00:03,  3.89it/s, loss=1.051]
  epoch 1/3:  85%|████████▌ | 75/88 [00:19<00:03,  3.89it/s, loss=1.047]
  epoch 1/3:  86%|████████▋ | 76/88 [00:19<00:03,  3.89it/s, loss=1.047]
  epoch 1/3:  86%|████████▋ | 76/88 [00:20<00:03,  3.89it/s, loss=1.042]
  epoch 1/3:  88%|████████▊ | 77/88 [00:20<00:02,  3.90it/s, loss=1.042]
  epoch 1/3:  88%|████████▊ | 77/88 [00:20<00:02,  3.90it/s, loss=1.037]
  epoch 1/3:  89%|████████▊ | 78/88 [00:20<00:02,  3.91it/s, loss=1.037]
  epoch 1/3:  89%|████████▊ | 78/88 [00:20<00:02,  3.91it/s, loss=1.030]
  epoch 1/3:  90%|████████▉ | 79/88 [00:20<00:02,  3.89it/s, loss=1.030]
  epoch 1/3:  90%|████████▉ | 79/88 [00:20<00:02,  3.89it/s, loss=1.025]
  epoch 1/3:  91%|█████████ | 80/88 [00:20<00:02,  3.91it/s, loss=1.025]
  epoch 1/3:  91%|█████████ | 80/88 [00:21<00:02,  3.91it/s, loss=1.021]
  epoch 1/3:  92%|█████████▏| 81/88 [00:21<00:01,  3.91it/s, loss=1.021]
  epoch 1/3:  92%|█████████▏| 81/88 [00:21<00:01,  3.91it/s, loss=1.017]
  epoch 1/3:  93%|█████████▎| 82/88 [00:21<00:01,  3.89it/s, loss=1.017]
  epoch 1/3:  93%|█████████▎| 82/88 [00:21<00:01,  3.89it/s, loss=1.010]
  epoch 1/3:  94%|█████████▍| 83/88 [00:21<00:01,  3.91it/s, loss=1.010]
  epoch 1/3:  94%|█████████▍| 83/88 [00:21<00:01,  3.91it/s, loss=1.005]
  epoch 1/3:  95%|█████████▌| 84/88 [00:21<00:01,  3.90it/s, loss=1.005]
  epoch 1/3:  95%|█████████▌| 84/88 [00:22<00:01,  3.90it/s, loss=1.001]
  epoch 1/3:  97%|█████████▋| 85/88 [00:22<00:00,  3.91it/s, loss=1.001]
  epoch 1/3:  97%|█████████▋| 85/88 [00:22<00:00,  3.91it/s, loss=0.998]
  epoch 1/3:  98%|█████████▊| 86/88 [00:22<00:00,  3.91it/s, loss=0.998]
  epoch 1/3:  98%|█████████▊| 86/88 [00:22<00:00,  3.91it/s, loss=0.993]
  epoch 1/3:  99%|█████████▉| 87/88 [00:22<00:00,  3.90it/s, loss=0.993]
  epoch 1/3:  99%|█████████▉| 87/88 [00:22<00:00,  3.90it/s, loss=0.991]
  epoch 1/3: 100%|██████████| 88/88 [00:22<00:00,  4.15it/s, loss=0.991]
                                                                        

  epoch 2/3:   0%|          | 0/88 [00:00<?, ?it/s]
  epoch 2/3:   0%|          | 0/88 [00:00<?, ?it/s, loss=0.443]
  epoch 2/3:   1%|          | 1/88 [00:00<00:47,  1.82it/s, loss=0.443]
  epoch 2/3:   1%|          | 1/88 [00:00<00:47,  1.82it/s, loss=0.482]
  epoch 2/3:   2%|▏         | 2/88 [00:00<00:32,  2.65it/s, loss=0.482]
  epoch 2/3:   2%|▏         | 2/88 [00:01<00:32,  2.65it/s, loss=0.514]
  epoch 2/3:   3%|▎         | 3/88 [00:01<00:27,  3.09it/s, loss=0.514]
  epoch 2/3:   3%|▎         | 3/88 [00:01<00:27,  3.09it/s, loss=0.514]
  epoch 2/3:   5%|▍         | 4/88 [00:01<00:24,  3.39it/s, loss=0.514]
  epoch 2/3:   5%|▍         | 4/88 [00:01<00:24,  3.39it/s, loss=0.523]
  epoch 2/3:   6%|▌         | 5/88 [00:01<00:23,  3.55it/s, loss=0.523]
  epoch 2/3:   6%|▌         | 5/88 [00:01<00:23,  3.55it/s, loss=0.535]
  epoch 2/3:   7%|▋         | 6/88 [00:01<00:22,  3.64it/s, loss=0.535]
  epoch 2/3:   7%|▋         | 6/88 [00:02<00:22,  3.64it/s, loss=0.529]
  epoch 2/3:   8%|▊         | 7/88 [00:02<00:21,  3.72it/s, loss=0.529]
  epoch 2/3:   8%|▊         | 7/88 [00:02<00:21,  3.72it/s, loss=0.518]
  epoch 2/3:   9%|▉         | 8/88 [00:02<00:21,  3.77it/s, loss=0.518]
  epoch 2/3:   9%|▉         | 8/88 [00:02<00:21,  3.77it/s, loss=0.514]
  epoch 2/3:  10%|█         | 9/88 [00:02<00:20,  3.80it/s, loss=0.514]
  epoch 2/3:  10%|█         | 9/88 [00:02<00:20,  3.80it/s, loss=0.514]
  epoch 2/3:  11%|█▏        | 10/88 [00:02<00:20,  3.82it/s, loss=0.514]
  epoch 2/3:  11%|█▏        | 10/88 [00:03<00:20,  3.82it/s, loss=0.521]
  epoch 2/3:  12%|█▎        | 11/88 [00:03<00:19,  3.86it/s, loss=0.521]
  epoch 2/3:  12%|█▎        | 11/88 [00:03<00:19,  3.86it/s, loss=0.530]
  epoch 2/3:  14%|█▎        | 12/88 [00:03<00:19,  3.86it/s, loss=0.530]
  epoch 2/3:  14%|█▎        | 12/88 [00:03<00:19,  3.86it/s, loss=0.524]
  epoch 2/3:  15%|█▍        | 13/88 [00:03<00:19,  3.84it/s, loss=0.524]
  epoch 2/3:  15%|█▍        | 13/88 [00:03<00:19,  3.84it/s, loss=0.522]
  epoch 2/3:  16%|█▌        | 14/88 [00:03<00:19,  3.86it/s, loss=0.522]
  epoch 2/3:  16%|█▌        | 14/88 [00:04<00:19,  3.86it/s, loss=0.521]
  epoch 2/3:  17%|█▋        | 15/88 [00:04<00:18,  3.88it/s, loss=0.521]
  epoch 2/3:  17%|█▋        | 15/88 [00:04<00:18,  3.88it/s, loss=0.515]
  epoch 2/3:  18%|█▊        | 16/88 [00:04<00:18,  3.82it/s, loss=0.515]
  epoch 2/3:  18%|█▊        | 16/88 [00:04<00:18,  3.82it/s, loss=0.511]
  epoch 2/3:  19%|█▉        | 17/88 [00:04<00:18,  3.86it/s, loss=0.511]
  epoch 2/3:  19%|█▉        | 17/88 [00:04<00:18,  3.86it/s, loss=0.512]
  epoch 2/3:  20%|██        | 18/88 [00:04<00:18,  3.85it/s, loss=0.512]
  epoch 2/3:  20%|██        | 18/88 [00:05<00:18,  3.85it/s, loss=0.513]
  epoch 2/3:  22%|██▏       | 19/88 [00:05<00:17,  3.85it/s, loss=0.513]
  epoch 2/3:  22%|██▏       | 19/88 [00:05<00:17,  3.85it/s, loss=0.513]
  epoch 2/3:  23%|██▎       | 20/88 [00:05<00:17,  3.86it/s, loss=0.513]
  epoch 2/3:  23%|██▎       | 20/88 [00:05<00:17,  3.86it/s, loss=0.509]
  epoch 2/3:  24%|██▍       | 21/88 [00:05<00:17,  3.87it/s, loss=0.509]
  epoch 2/3:  24%|██▍       | 21/88 [00:05<00:17,  3.87it/s, loss=0.506]
  epoch 2/3:  25%|██▌       | 22/88 [00:05<00:17,  3.87it/s, loss=0.506]
  epoch 2/3:  25%|██▌       | 22/88 [00:06<00:17,  3.87it/s, loss=0.505]
  epoch 2/3:  26%|██▌       | 23/88 [00:06<00:16,  3.88it/s, loss=0.505]
  epoch 2/3:  26%|██▌       | 23/88 [00:06<00:16,  3.88it/s, loss=0.500]
  epoch 2/3:  27%|██▋       | 24/88 [00:06<00:16,  3.89it/s, loss=0.500]
  epoch 2/3:  27%|██▋       | 24/88 [00:06<00:16,  3.89it/s, loss=0.499]
  epoch 2/3:  28%|██▊       | 25/88 [00:06<00:16,  3.88it/s, loss=0.499]
  epoch 2/3:  28%|██▊       | 25/88 [00:06<00:16,  3.88it/s, loss=0.496]
  epoch 2/3:  30%|██▉       | 26/88 [00:06<00:15,  3.89it/s, loss=0.496]
  epoch 2/3:  30%|██▉       | 26/88 [00:07<00:15,  3.89it/s, loss=0.491]
  epoch 2/3:  31%|███       | 27/88 [00:07<00:15,  3.89it/s, loss=0.491]
  epoch 2/3:  31%|███       | 27/88 [00:07<00:15,  3.89it/s, loss=0.487]
  epoch 2/3:  32%|███▏      | 28/88 [00:07<00:15,  3.88it/s, loss=0.487]
  epoch 2/3:  32%|███▏      | 28/88 [00:07<00:15,  3.88it/s, loss=0.483]
  epoch 2/3:  33%|███▎      | 29/88 [00:07<00:15,  3.87it/s, loss=0.483]
  epoch 2/3:  33%|███▎      | 29/88 [00:08<00:15,  3.87it/s, loss=0.482]
  epoch 2/3:  34%|███▍      | 30/88 [00:08<00:14,  3.89it/s, loss=0.482]
  epoch 2/3:  34%|███▍      | 30/88 [00:08<00:14,  3.89it/s, loss=0.484]
  epoch 2/3:  35%|███▌      | 31/88 [00:08<00:14,  3.87it/s, loss=0.484]
  epoch 2/3:  35%|███▌      | 31/88 [00:08<00:14,  3.87it/s, loss=0.483]
  epoch 2/3:  36%|███▋      | 32/88 [00:08<00:14,  3.82it/s, loss=0.483]
  epoch 2/3:  36%|███▋      | 32/88 [00:08<00:14,  3.82it/s, loss=0.479]
  epoch 2/3:  38%|███▊      | 33/88 [00:08<00:14,  3.85it/s, loss=0.479]
  epoch 2/3:  38%|███▊      | 33/88 [00:09<00:14,  3.85it/s, loss=0.474]
  epoch 2/3:  39%|███▊      | 34/88 [00:09<00:14,  3.85it/s, loss=0.474]
  epoch 2/3:  39%|███▊      | 34/88 [00:09<00:14,  3.85it/s, loss=0.472]
  epoch 2/3:  40%|███▉      | 35/88 [00:09<00:13,  3.83it/s, loss=0.472]
  epoch 2/3:  40%|███▉      | 35/88 [00:09<00:13,  3.83it/s, loss=0.471]
  epoch 2/3:  41%|████      | 36/88 [00:09<00:13,  3.82it/s, loss=0.471]
  epoch 2/3:  41%|████      | 36/88 [00:09<00:13,  3.82it/s, loss=0.470]
  epoch 2/3:  42%|████▏     | 37/88 [00:09<00:13,  3.83it/s, loss=0.470]
  epoch 2/3:  42%|████▏     | 37/88 [00:10<00:13,  3.83it/s, loss=0.468]
  epoch 2/3:  43%|████▎     | 38/88 [00:10<00:13,  3.84it/s, loss=0.468]
  epoch 2/3:  43%|████▎     | 38/88 [00:10<00:13,  3.84it/s, loss=0.466]
  epoch 2/3:  44%|████▍     | 39/88 [00:10<00:12,  3.85it/s, loss=0.466]
  epoch 2/3:  44%|████▍     | 39/88 [00:10<00:12,  3.85it/s, loss=0.463]
  epoch 2/3:  45%|████▌     | 40/88 [00:10<00:12,  3.85it/s, loss=0.463]
  epoch 2/3:  45%|████▌     | 40/88 [00:10<00:12,  3.85it/s, loss=0.461]
  epoch 2/3:  47%|████▋     | 41/88 [00:10<00:12,  3.86it/s, loss=0.461]
  epoch 2/3:  47%|████▋     | 41/88 [00:11<00:12,  3.86it/s, loss=0.458]
  epoch 2/3:  48%|████▊     | 42/88 [00:11<00:11,  3.89it/s, loss=0.458]
  epoch 2/3:  48%|████▊     | 42/88 [00:11<00:11,  3.89it/s, loss=0.456]
  epoch 2/3:  49%|████▉     | 43/88 [00:11<00:11,  3.88it/s, loss=0.456]
  epoch 2/3:  49%|████▉     | 43/88 [00:11<00:11,  3.88it/s, loss=0.454]
  epoch 2/3:  50%|█████     | 44/88 [00:11<00:11,  3.87it/s, loss=0.454]
  epoch 2/3:  50%|█████     | 44/88 [00:11<00:11,  3.87it/s, loss=0.453]
  epoch 2/3:  51%|█████     | 45/88 [00:11<00:11,  3.90it/s, loss=0.453]
  epoch 2/3:  51%|█████     | 45/88 [00:12<00:11,  3.90it/s, loss=0.449]
  epoch 2/3:  52%|█████▏    | 46/88 [00:12<00:10,  3.88it/s, loss=0.449]
  epoch 2/3:  52%|█████▏    | 46/88 [00:12<00:10,  3.88it/s, loss=0.446]
  epoch 2/3:  53%|█████▎    | 47/88 [00:12<00:10,  3.88it/s, loss=0.446]
  epoch 2/3:  53%|█████▎    | 47/88 [00:12<00:10,  3.88it/s, loss=0.443]
  epoch 2/3:  55%|█████▍    | 48/88 [00:12<00:10,  3.84it/s, loss=0.443]
  epoch 2/3:  55%|█████▍    | 48/88 [00:12<00:10,  3.84it/s, loss=0.441]
  epoch 2/3:  56%|█████▌    | 49/88 [00:12<00:10,  3.85it/s, loss=0.441]
  epoch 2/3:  56%|█████▌    | 49/88 [00:13<00:10,  3.85it/s, loss=0.439]
  epoch 2/3:  57%|█████▋    | 50/88 [00:13<00:09,  3.87it/s, loss=0.439]
  epoch 2/3:  57%|█████▋    | 50/88 [00:13<00:09,  3.87it/s, loss=0.437]
  epoch 2/3:  58%|█████▊    | 51/88 [00:13<00:09,  3.87it/s, loss=0.437]
  epoch 2/3:  58%|█████▊    | 51/88 [00:13<00:09,  3.87it/s, loss=0.434]
  epoch 2/3:  59%|█████▉    | 52/88 [00:13<00:09,  3.87it/s, loss=0.434]
  epoch 2/3:  59%|█████▉    | 52/88 [00:13<00:09,  3.87it/s, loss=0.434]
  epoch 2/3:  60%|██████    | 53/88 [00:13<00:08,  3.90it/s, loss=0.434]
  epoch 2/3:  60%|██████    | 53/88 [00:14<00:08,  3.90it/s, loss=0.432]
  epoch 2/3:  61%|██████▏   | 54/88 [00:14<00:08,  3.88it/s, loss=0.432]
  epoch 2/3:  61%|██████▏   | 54/88 [00:14<00:08,  3.88it/s, loss=0.430]
  epoch 2/3:  62%|██████▎   | 55/88 [00:14<00:08,  3.88it/s, loss=0.430]
  epoch 2/3:  62%|██████▎   | 55/88 [00:14<00:08,  3.88it/s, loss=0.429]
  epoch 2/3:  64%|██████▎   | 56/88 [00:14<00:08,  3.89it/s, loss=0.429]
  epoch 2/3:  64%|██████▎   | 56/88 [00:15<00:08,  3.89it/s, loss=0.428]
  epoch 2/3:  65%|██████▍   | 57/88 [00:15<00:07,  3.89it/s, loss=0.428]
  epoch 2/3:  65%|██████▍   | 57/88 [00:15<00:07,  3.89it/s, loss=0.426]
  epoch 2/3:  66%|██████▌   | 58/88 [00:15<00:07,  3.88it/s, loss=0.426]
  epoch 2/3:  66%|██████▌   | 58/88 [00:15<00:07,  3.88it/s, loss=0.422]
  epoch 2/3:  67%|██████▋   | 59/88 [00:15<00:07,  3.89it/s, loss=0.422]
  epoch 2/3:  67%|██████▋   | 59/88 [00:15<00:07,  3.89it/s, loss=0.419]
  epoch 2/3:  68%|██████▊   | 60/88 [00:15<00:07,  3.89it/s, loss=0.419]
  epoch 2/3:  68%|██████▊   | 60/88 [00:16<00:07,  3.89it/s, loss=0.417]
  epoch 2/3:  69%|██████▉   | 61/88 [00:16<00:06,  3.88it/s, loss=0.417]
  epoch 2/3:  69%|██████▉   | 61/88 [00:16<00:06,  3.88it/s, loss=0.416]
  epoch 2/3:  70%|███████   | 62/88 [00:16<00:06,  3.87it/s, loss=0.416]
  epoch 2/3:  70%|███████   | 62/88 [00:16<00:06,  3.87it/s, loss=0.415]
  epoch 2/3:  72%|███████▏  | 63/88 [00:16<00:06,  3.89it/s, loss=0.415]
  epoch 2/3:  72%|███████▏  | 63/88 [00:16<00:06,  3.89it/s, loss=0.412]
  epoch 2/3:  73%|███████▎  | 64/88 [00:16<00:06,  3.84it/s, loss=0.412]
  epoch 2/3:  73%|███████▎  | 64/88 [00:17<00:06,  3.84it/s, loss=0.409]
  epoch 2/3:  74%|███████▍  | 65/88 [00:17<00:05,  3.86it/s, loss=0.409]
  epoch 2/3:  74%|███████▍  | 65/88 [00:17<00:05,  3.86it/s, loss=0.409]
  epoch 2/3:  75%|███████▌  | 66/88 [00:17<00:05,  3.86it/s, loss=0.409]
  epoch 2/3:  75%|███████▌  | 66/88 [00:17<00:05,  3.86it/s, loss=0.406]
  epoch 2/3:  76%|███████▌  | 67/88 [00:17<00:05,  3.87it/s, loss=0.406]
  epoch 2/3:  76%|███████▌  | 67/88 [00:17<00:05,  3.87it/s, loss=0.403]
  epoch 2/3:  77%|███████▋  | 68/88 [00:17<00:05,  3.88it/s, loss=0.403]
  epoch 2/3:  77%|███████▋  | 68/88 [00:18<00:05,  3.88it/s, loss=0.401]
  epoch 2/3:  78%|███████▊  | 69/88 [00:18<00:04,  3.88it/s, loss=0.401]
  epoch 2/3:  78%|███████▊  | 69/88 [00:18<00:04,  3.88it/s, loss=0.399]
  epoch 2/3:  80%|███████▉  | 70/88 [00:18<00:04,  3.88it/s, loss=0.399]
  epoch 2/3:  80%|███████▉  | 70/88 [00:18<00:04,  3.88it/s, loss=0.397]
  epoch 2/3:  81%|████████  | 71/88 [00:18<00:04,  3.90it/s, loss=0.397]
  epoch 2/3:  81%|████████  | 71/88 [00:18<00:04,  3.90it/s, loss=0.396]
  epoch 2/3:  82%|████████▏ | 72/88 [00:18<00:04,  3.89it/s, loss=0.396]
  epoch 2/3:  82%|████████▏ | 72/88 [00:19<00:04,  3.89it/s, loss=0.394]
  epoch 2/3:  83%|████████▎ | 73/88 [00:19<00:03,  3.89it/s, loss=0.394]
  epoch 2/3:  83%|████████▎ | 73/88 [00:19<00:03,  3.89it/s, loss=0.392]
  epoch 2/3:  84%|████████▍ | 74/88 [00:19<00:03,  3.91it/s, loss=0.392]
  epoch 2/3:  84%|████████▍ | 74/88 [00:19<00:03,  3.91it/s, loss=0.391]
  epoch 2/3:  85%|████████▌ | 75/88 [00:19<00:03,  3.90it/s, loss=0.391]
  epoch 2/3:  85%|████████▌ | 75/88 [00:19<00:03,  3.90it/s, loss=0.389]
  epoch 2/3:  86%|████████▋ | 76/88 [00:19<00:03,  3.90it/s, loss=0.389]
  epoch 2/3:  86%|████████▋ | 76/88 [00:20<00:03,  3.90it/s, loss=0.388]
  epoch 2/3:  88%|████████▊ | 77/88 [00:20<00:02,  3.91it/s, loss=0.388]
  epoch 2/3:  88%|████████▊ | 77/88 [00:20<00:02,  3.91it/s, loss=0.387]
  epoch 2/3:  89%|████████▊ | 78/88 [00:20<00:02,  3.89it/s, loss=0.387]
  epoch 2/3:  89%|████████▊ | 78/88 [00:20<00:02,  3.89it/s, loss=0.385]
  epoch 2/3:  90%|████████▉ | 79/88 [00:20<00:02,  3.91it/s, loss=0.385]
  epoch 2/3:  90%|████████▉ | 79/88 [00:20<00:02,  3.91it/s, loss=0.383]
  epoch 2/3:  91%|█████████ | 80/88 [00:20<00:02,  3.85it/s, loss=0.383]
  epoch 2/3:  91%|█████████ | 80/88 [00:21<00:02,  3.85it/s, loss=0.382]
  epoch 2/3:  92%|█████████▏| 81/88 [00:21<00:01,  3.88it/s, loss=0.382]
  epoch 2/3:  92%|█████████▏| 81/88 [00:21<00:01,  3.88it/s, loss=0.382]
  epoch 2/3:  93%|█████████▎| 82/88 [00:21<00:01,  3.86it/s, loss=0.382]
  epoch 2/3:  93%|█████████▎| 82/88 [00:21<00:01,  3.86it/s, loss=0.381]
  epoch 2/3:  94%|█████████▍| 83/88 [00:21<00:01,  3.86it/s, loss=0.381]
  epoch 2/3:  94%|█████████▍| 83/88 [00:21<00:01,  3.86it/s, loss=0.379]
  epoch 2/3:  95%|█████████▌| 84/88 [00:21<00:01,  3.89it/s, loss=0.379]
  epoch 2/3:  95%|█████████▌| 84/88 [00:22<00:01,  3.89it/s, loss=0.377]
  epoch 2/3:  97%|█████████▋| 85/88 [00:22<00:00,  3.88it/s, loss=0.377]
  epoch 2/3:  97%|█████████▋| 85/88 [00:22<00:00,  3.88it/s, loss=0.374]
  epoch 2/3:  98%|█████████▊| 86/88 [00:22<00:00,  3.89it/s, loss=0.374]
  epoch 2/3:  98%|█████████▊| 86/88 [00:22<00:00,  3.89it/s, loss=0.373]
  epoch 2/3:  99%|█████████▉| 87/88 [00:22<00:00,  3.90it/s, loss=0.373]
  epoch 2/3:  99%|█████████▉| 87/88 [00:22<00:00,  3.90it/s, loss=0.373]
  epoch 2/3: 100%|██████████| 88/88 [00:22<00:00,  4.22it/s, loss=0.373]
                                                                        

  epoch 3/3:   0%|          | 0/88 [00:00<?, ?it/s]
  epoch 3/3:   0%|          | 0/88 [00:00<?, ?it/s, loss=0.275]
  epoch 3/3:   1%|          | 1/88 [00:00<00:47,  1.84it/s, loss=0.275]
  epoch 3/3:   1%|          | 1/88 [00:00<00:47,  1.84it/s, loss=0.279]
  epoch 3/3:   2%|▏         | 2/88 [00:00<00:32,  2.67it/s, loss=0.279]
  epoch 3/3:   2%|▏         | 2/88 [00:01<00:32,  2.67it/s, loss=0.233]
  epoch 3/3:   3%|▎         | 3/88 [00:01<00:27,  3.12it/s, loss=0.233]
  epoch 3/3:   3%|▎         | 3/88 [00:01<00:27,  3.12it/s, loss=0.208]
  epoch 3/3:   5%|▍         | 4/88 [00:01<00:24,  3.39it/s, loss=0.208]
  epoch 3/3:   5%|▍         | 4/88 [00:01<00:24,  3.39it/s, loss=0.206]
  epoch 3/3:   6%|▌         | 5/88 [00:01<00:23,  3.56it/s, loss=0.206]
  epoch 3/3:   6%|▌         | 5/88 [00:01<00:23,  3.56it/s, loss=0.209]
  epoch 3/3:   7%|▋         | 6/88 [00:01<00:22,  3.68it/s, loss=0.209]
  epoch 3/3:   7%|▋         | 6/88 [00:02<00:22,  3.68it/s, loss=0.226]
  epoch 3/3:   8%|▊         | 7/88 [00:02<00:21,  3.76it/s, loss=0.226]
  epoch 3/3:   8%|▊         | 7/88 [00:02<00:21,  3.76it/s, loss=0.230]
  epoch 3/3:   9%|▉         | 8/88 [00:02<00:21,  3.77it/s, loss=0.230]
  epoch 3/3:   9%|▉         | 8/88 [00:02<00:21,  3.77it/s, loss=0.236]
  epoch 3/3:  10%|█         | 9/88 [00:02<00:20,  3.82it/s, loss=0.236]
  epoch 3/3:  10%|█         | 9/88 [00:02<00:20,  3.82it/s, loss=0.230]
  epoch 3/3:  11%|█▏        | 10/88 [00:02<00:20,  3.84it/s, loss=0.230]
  epoch 3/3:  11%|█▏        | 10/88 [00:03<00:20,  3.84it/s, loss=0.232]
  epoch 3/3:  12%|█▎        | 11/88 [00:03<00:19,  3.87it/s, loss=0.232]
  epoch 3/3:  12%|█▎        | 11/88 [00:03<00:19,  3.87it/s, loss=0.232]
  epoch 3/3:  14%|█▎        | 12/88 [00:03<00:19,  3.88it/s, loss=0.232]
  epoch 3/3:  14%|█▎        | 12/88 [00:03<00:19,  3.88it/s, loss=0.231]
  epoch 3/3:  15%|█▍        | 13/88 [00:03<00:19,  3.90it/s, loss=0.231]
  epoch 3/3:  15%|█▍        | 13/88 [00:03<00:19,  3.90it/s, loss=0.233]
  epoch 3/3:  16%|█▌        | 14/88 [00:03<00:18,  3.91it/s, loss=0.233]
  epoch 3/3:  16%|█▌        | 14/88 [00:04<00:18,  3.91it/s, loss=0.234]
  epoch 3/3:  17%|█▋        | 15/88 [00:04<00:18,  3.89it/s, loss=0.234]
  epoch 3/3:  17%|█▋        | 15/88 [00:04<00:18,  3.89it/s, loss=0.229]
  epoch 3/3:  18%|█▊        | 16/88 [00:04<00:18,  3.92it/s, loss=0.229]
  epoch 3/3:  18%|█▊        | 16/88 [00:04<00:18,  3.92it/s, loss=0.228]
  epoch 3/3:  19%|█▉        | 17/88 [00:04<00:18,  3.91it/s, loss=0.228]
  epoch 3/3:  19%|█▉        | 17/88 [00:04<00:18,  3.91it/s, loss=0.220]
  epoch 3/3:  20%|██        | 18/88 [00:04<00:17,  3.92it/s, loss=0.220]
  epoch 3/3:  20%|██        | 18/88 [00:05<00:17,  3.92it/s, loss=0.218]
  epoch 3/3:  22%|██▏       | 19/88 [00:05<00:17,  3.91it/s, loss=0.218]
  epoch 3/3:  22%|██▏       | 19/88 [00:05<00:17,  3.91it/s, loss=0.216]
  epoch 3/3:  23%|██▎       | 20/88 [00:05<00:17,  3.90it/s, loss=0.216]
  epoch 3/3:  23%|██▎       | 20/88 [00:05<00:17,  3.90it/s, loss=0.213]
  epoch 3/3:  24%|██▍       | 21/88 [00:05<00:17,  3.91it/s, loss=0.213]
  epoch 3/3:  24%|██▍       | 21/88 [00:05<00:17,  3.91it/s, loss=0.216]
  epoch 3/3:  25%|██▌       | 22/88 [00:05<00:16,  3.90it/s, loss=0.216]
  epoch 3/3:  25%|██▌       | 22/88 [00:06<00:16,  3.90it/s, loss=0.220]
  epoch 3/3:  26%|██▌       | 23/88 [00:06<00:16,  3.89it/s, loss=0.220]
  epoch 3/3:  26%|██▌       | 23/88 [00:06<00:16,  3.89it/s, loss=0.218]
  epoch 3/3:  27%|██▋       | 24/88 [00:06<00:16,  3.85it/s, loss=0.218]
  epoch 3/3:  27%|██▋       | 24/88 [00:06<00:16,  3.85it/s, loss=0.220]
  epoch 3/3:  28%|██▊       | 25/88 [00:06<00:16,  3.89it/s, loss=0.220]
  epoch 3/3:  28%|██▊       | 25/88 [00:06<00:16,  3.89it/s, loss=0.222]
  epoch 3/3:  30%|██▉       | 26/88 [00:06<00:15,  3.90it/s, loss=0.222]
  epoch 3/3:  30%|██▉       | 26/88 [00:07<00:15,  3.90it/s, loss=0.219]
  epoch 3/3:  31%|███       | 27/88 [00:07<00:15,  3.91it/s, loss=0.219]
  epoch 3/3:  31%|███       | 27/88 [00:07<00:15,  3.91it/s, loss=0.215]
  epoch 3/3:  32%|███▏      | 28/88 [00:07<00:15,  3.91it/s, loss=0.215]
  epoch 3/3:  32%|███▏      | 28/88 [00:07<00:15,  3.91it/s, loss=0.216]
  epoch 3/3:  33%|███▎      | 29/88 [00:07<00:15,  3.91it/s, loss=0.216]
  epoch 3/3:  33%|███▎      | 29/88 [00:07<00:15,  3.91it/s, loss=0.214]
  epoch 3/3:  34%|███▍      | 30/88 [00:07<00:14,  3.94it/s, loss=0.214]
  epoch 3/3:  34%|███▍      | 30/88 [00:08<00:14,  3.94it/s, loss=0.217]
  epoch 3/3:  35%|███▌      | 31/88 [00:08<00:14,  3.95it/s, loss=0.217]
  epoch 3/3:  35%|███▌      | 31/88 [00:08<00:14,  3.95it/s, loss=0.213]
  epoch 3/3:  36%|███▋      | 32/88 [00:08<00:14,  3.94it/s, loss=0.213]
  epoch 3/3:  36%|███▋      | 32/88 [00:08<00:14,  3.94it/s, loss=0.210]
  epoch 3/3:  38%|███▊      | 33/88 [00:08<00:13,  3.94it/s, loss=0.210]
  epoch 3/3:  38%|███▊      | 33/88 [00:08<00:13,  3.94it/s, loss=0.207]
  epoch 3/3:  39%|███▊      | 34/88 [00:08<00:13,  3.93it/s, loss=0.207]
  epoch 3/3:  39%|███▊      | 34/88 [00:09<00:13,  3.93it/s, loss=0.208]
  epoch 3/3:  40%|███▉      | 35/88 [00:09<00:13,  3.93it/s, loss=0.208]
  epoch 3/3:  40%|███▉      | 35/88 [00:09<00:13,  3.93it/s, loss=0.209]
  epoch 3/3:  41%|████      | 36/88 [00:09<00:13,  3.95it/s, loss=0.209]
  epoch 3/3:  41%|████      | 36/88 [00:09<00:13,  3.95it/s, loss=0.207]
  epoch 3/3:  42%|████▏     | 37/88 [00:09<00:12,  3.95it/s, loss=0.207]
  epoch 3/3:  42%|████▏     | 37/88 [00:09<00:12,  3.95it/s, loss=0.206]
  epoch 3/3:  43%|████▎     | 38/88 [00:09<00:12,  3.94it/s, loss=0.206]
  epoch 3/3:  43%|████▎     | 38/88 [00:10<00:12,  3.94it/s, loss=0.205]
  epoch 3/3:  44%|████▍     | 39/88 [00:10<00:12,  3.95it/s, loss=0.205]
  epoch 3/3:  44%|████▍     | 39/88 [00:10<00:12,  3.95it/s, loss=0.204]
  epoch 3/3:  45%|████▌     | 40/88 [00:10<00:12,  3.88it/s, loss=0.204]
  epoch 3/3:  45%|████▌     | 40/88 [00:10<00:12,  3.88it/s, loss=0.203]
  epoch 3/3:  47%|████▋     | 41/88 [00:10<00:12,  3.90it/s, loss=0.203]
  epoch 3/3:  47%|████▋     | 41/88 [00:11<00:12,  3.90it/s, loss=0.205]
  epoch 3/3:  48%|████▊     | 42/88 [00:11<00:11,  3.89it/s, loss=0.205]
  epoch 3/3:  48%|████▊     | 42/88 [00:11<00:11,  3.89it/s, loss=0.205]
  epoch 3/3:  49%|████▉     | 43/88 [00:11<00:11,  3.92it/s, loss=0.205]
  epoch 3/3:  49%|████▉     | 43/88 [00:11<00:11,  3.92it/s, loss=0.205]
  epoch 3/3:  50%|█████     | 44/88 [00:11<00:11,  3.90it/s, loss=0.205]
  epoch 3/3:  50%|█████     | 44/88 [00:11<00:11,  3.90it/s, loss=0.204]
  epoch 3/3:  51%|█████     | 45/88 [00:11<00:10,  3.91it/s, loss=0.204]
  epoch 3/3:  51%|█████     | 45/88 [00:12<00:10,  3.91it/s, loss=0.204]
  epoch 3/3:  52%|█████▏    | 46/88 [00:12<00:10,  3.90it/s, loss=0.204]
  epoch 3/3:  52%|█████▏    | 46/88 [00:12<00:10,  3.90it/s, loss=0.202]
  epoch 3/3:  53%|█████▎    | 47/88 [00:12<00:10,  3.90it/s, loss=0.202]
  epoch 3/3:  53%|█████▎    | 47/88 [00:12<00:10,  3.90it/s, loss=0.201]
  epoch 3/3:  55%|█████▍    | 48/88 [00:12<00:10,  3.92it/s, loss=0.201]
  epoch 3/3:  55%|█████▍    | 48/88 [00:12<00:10,  3.92it/s, loss=0.199]
  epoch 3/3:  56%|█████▌    | 49/88 [00:12<00:09,  3.91it/s, loss=0.199]
  epoch 3/3:  56%|█████▌    | 49/88 [00:13<00:09,  3.91it/s, loss=0.197]
  epoch 3/3:  57%|█████▋    | 50/88 [00:13<00:09,  3.93it/s, loss=0.197]
  epoch 3/3:  57%|█████▋    | 50/88 [00:13<00:09,  3.93it/s, loss=0.195]
  epoch 3/3:  58%|█████▊    | 51/88 [00:13<00:09,  3.92it/s, loss=0.195]
  epoch 3/3:  58%|█████▊    | 51/88 [00:13<00:09,  3.92it/s, loss=0.194]
  epoch 3/3:  59%|█████▉    | 52/88 [00:13<00:09,  3.93it/s, loss=0.194]
  epoch 3/3:  59%|█████▉    | 52/88 [00:13<00:09,  3.93it/s, loss=0.194]
  epoch 3/3:  60%|██████    | 53/88 [00:13<00:08,  3.92it/s, loss=0.194]
  epoch 3/3:  60%|██████    | 53/88 [00:14<00:08,  3.92it/s, loss=0.194]
  epoch 3/3:  61%|██████▏   | 54/88 [00:14<00:08,  3.89it/s, loss=0.194]
  epoch 3/3:  61%|██████▏   | 54/88 [00:14<00:08,  3.89it/s, loss=0.194]
  epoch 3/3:  62%|██████▎   | 55/88 [00:14<00:08,  3.92it/s, loss=0.194]
  epoch 3/3:  62%|██████▎   | 55/88 [00:14<00:08,  3.92it/s, loss=0.193]
  epoch 3/3:  64%|██████▎   | 56/88 [00:14<00:08,  3.87it/s, loss=0.193]
  epoch 3/3:  64%|██████▎   | 56/88 [00:14<00:08,  3.87it/s, loss=0.193]
  epoch 3/3:  65%|██████▍   | 57/88 [00:14<00:07,  3.88it/s, loss=0.193]
  epoch 3/3:  65%|██████▍   | 57/88 [00:15<00:07,  3.88it/s, loss=0.192]
  epoch 3/3:  66%|██████▌   | 58/88 [00:15<00:07,  3.89it/s, loss=0.192]
  epoch 3/3:  66%|██████▌   | 58/88 [00:15<00:07,  3.89it/s, loss=0.193]
  epoch 3/3:  67%|██████▋   | 59/88 [00:15<00:07,  3.90it/s, loss=0.193]
  epoch 3/3:  67%|██████▋   | 59/88 [00:15<00:07,  3.90it/s, loss=0.192]
  epoch 3/3:  68%|██████▊   | 60/88 [00:15<00:07,  3.89it/s, loss=0.192]
  epoch 3/3:  68%|██████▊   | 60/88 [00:15<00:07,  3.89it/s, loss=0.192]
  epoch 3/3:  69%|██████▉   | 61/88 [00:15<00:06,  3.91it/s, loss=0.192]
  epoch 3/3:  69%|██████▉   | 61/88 [00:16<00:06,  3.91it/s, loss=0.191]
  epoch 3/3:  70%|███████   | 62/88 [00:16<00:06,  3.92it/s, loss=0.191]
  epoch 3/3:  70%|███████   | 62/88 [00:16<00:06,  3.92it/s, loss=0.192]
  epoch 3/3:  72%|███████▏  | 63/88 [00:16<00:06,  3.94it/s, loss=0.192]
  epoch 3/3:  72%|███████▏  | 63/88 [00:16<00:06,  3.94it/s, loss=0.190]
  epoch 3/3:  73%|███████▎  | 64/88 [00:16<00:06,  3.94it/s, loss=0.190]
  epoch 3/3:  73%|███████▎  | 64/88 [00:16<00:06,  3.94it/s, loss=0.190]
  epoch 3/3:  74%|███████▍  | 65/88 [00:16<00:05,  3.94it/s, loss=0.190]
  epoch 3/3:  74%|███████▍  | 65/88 [00:17<00:05,  3.94it/s, loss=0.190]
  epoch 3/3:  75%|███████▌  | 66/88 [00:17<00:05,  3.92it/s, loss=0.190]
  epoch 3/3:  75%|███████▌  | 66/88 [00:17<00:05,  3.92it/s, loss=0.189]
  epoch 3/3:  76%|███████▌  | 67/88 [00:17<00:05,  3.92it/s, loss=0.189]
  epoch 3/3:  76%|███████▌  | 67/88 [00:17<00:05,  3.92it/s, loss=0.187]
  epoch 3/3:  77%|███████▋  | 68/88 [00:17<00:05,  3.92it/s, loss=0.187]
  epoch 3/3:  77%|███████▋  | 68/88 [00:17<00:05,  3.92it/s, loss=0.186]
  epoch 3/3:  78%|███████▊  | 69/88 [00:17<00:04,  3.92it/s, loss=0.186]
  epoch 3/3:  78%|███████▊  | 69/88 [00:18<00:04,  3.92it/s, loss=0.185]
  epoch 3/3:  80%|███████▉  | 70/88 [00:18<00:04,  3.93it/s, loss=0.185]
  epoch 3/3:  80%|███████▉  | 70/88 [00:18<00:04,  3.93it/s, loss=0.188]
  epoch 3/3:  81%|████████  | 71/88 [00:18<00:04,  3.91it/s, loss=0.188]
  epoch 3/3:  81%|████████  | 71/88 [00:18<00:04,  3.91it/s, loss=0.186]
  epoch 3/3:  82%|████████▏ | 72/88 [00:18<00:04,  3.87it/s, loss=0.186]
  epoch 3/3:  82%|████████▏ | 72/88 [00:18<00:04,  3.87it/s, loss=0.187]
  epoch 3/3:  83%|████████▎ | 73/88 [00:18<00:03,  3.90it/s, loss=0.187]
  epoch 3/3:  83%|████████▎ | 73/88 [00:19<00:03,  3.90it/s, loss=0.186]
  epoch 3/3:  84%|████████▍ | 74/88 [00:19<00:03,  3.91it/s, loss=0.186]
  epoch 3/3:  84%|████████▍ | 74/88 [00:19<00:03,  3.91it/s, loss=0.184]
  epoch 3/3:  85%|████████▌ | 75/88 [00:19<00:03,  3.92it/s, loss=0.184]
  epoch 3/3:  85%|████████▌ | 75/88 [00:19<00:03,  3.92it/s, loss=0.183]
  epoch 3/3:  86%|████████▋ | 76/88 [00:19<00:03,  3.92it/s, loss=0.183]
  epoch 3/3:  86%|████████▋ | 76/88 [00:19<00:03,  3.92it/s, loss=0.182]
  epoch 3/3:  88%|████████▊ | 77/88 [00:19<00:02,  3.92it/s, loss=0.182]
  epoch 3/3:  88%|████████▊ | 77/88 [00:20<00:02,  3.92it/s, loss=0.181]
  epoch 3/3:  89%|████████▊ | 78/88 [00:20<00:02,  3.92it/s, loss=0.181]
  epoch 3/3:  89%|████████▊ | 78/88 [00:20<00:02,  3.92it/s, loss=0.182]
  epoch 3/3:  90%|████████▉ | 79/88 [00:20<00:02,  3.93it/s, loss=0.182]
  epoch 3/3:  90%|████████▉ | 79/88 [00:20<00:02,  3.93it/s, loss=0.182]
  epoch 3/3:  91%|█████████ | 80/88 [00:20<00:02,  3.94it/s, loss=0.182]
  epoch 3/3:  91%|█████████ | 80/88 [00:20<00:02,  3.94it/s, loss=0.182]
  epoch 3/3:  92%|█████████▏| 81/88 [00:20<00:01,  3.92it/s, loss=0.182]
  epoch 3/3:  92%|█████████▏| 81/88 [00:21<00:01,  3.92it/s, loss=0.182]
  epoch 3/3:  93%|█████████▎| 82/88 [00:21<00:01,  3.93it/s, loss=0.182]
  epoch 3/3:  93%|█████████▎| 82/88 [00:21<00:01,  3.93it/s, loss=0.182]
  epoch 3/3:  94%|█████████▍| 83/88 [00:21<00:01,  3.91it/s, loss=0.182]
  epoch 3/3:  94%|█████████▍| 83/88 [00:21<00:01,  3.91it/s, loss=0.182]
  epoch 3/3:  95%|█████████▌| 84/88 [00:21<00:01,  3.94it/s, loss=0.182]
  epoch 3/3:  95%|█████████▌| 84/88 [00:21<00:01,  3.94it/s, loss=0.181]
  epoch 3/3:  97%|█████████▋| 85/88 [00:22<00:00,  3.94it/s, loss=0.181]
  epoch 3/3:  97%|█████████▋| 85/88 [00:22<00:00,  3.94it/s, loss=0.180]
  epoch 3/3:  98%|█████████▊| 86/88 [00:22<00:00,  3.95it/s, loss=0.180]
  epoch 3/3:  98%|█████████▊| 86/88 [00:22<00:00,  3.95it/s, loss=0.179]
  epoch 3/3:  99%|█████████▉| 87/88 [00:22<00:00,  3.96it/s, loss=0.179]
  epoch 3/3:  99%|█████████▉| 87/88 [00:22<00:00,  3.96it/s, loss=0.178]
  epoch 3/3: 100%|██████████| 88/88 [00:22<00:00,  4.24it/s, loss=0.178]
                                                                        
[titans] reset=never | norm(state) sau task = 80.8247
[titans]   self-mod v:β=1.20 |W|=1.93
[titans]   eta_t(avg)=-2.1214  alpha_t/forget-gate(avg)=1.0000
[task 3] test acc so far: 0.843  0.871  0.783  0.337
[task 3] NCM-blend gamma=0: 0.731  0.829  0.803  0.791
[task 3] NCM-blend gamma=0.1: 0.734  0.826  0.803  0.794
[task 3] NCM-blend gamma=0.25: 0.734  0.831  0.806  0.811
[task 3] NCM-blend gamma=0.5: 0.734  0.797  0.806  0.837
[task 3] NCM-blend gamma=0.75: 0.714  0.729  0.809  0.866
[task 3] NCM-blend gamma=1: 0.706  0.597  0.803  0.897
[checkpoint] đã lưu tiến độ sau task 3
[task 4] classes=[3, 14, 18, 40, 44] | train=2800

  epoch 1/3:   0%|          | 0/88 [00:00<?, ?it/s]
  epoch 1/3:   0%|          | 0/88 [00:00<?, ?it/s, loss=1.605]
  epoch 1/3:   1%|          | 1/88 [00:00<00:50,  1.73it/s, loss=1.605]
  epoch 1/3:   1%|          | 1/88 [00:00<00:50,  1.73it/s, loss=1.676]
  epoch 1/3:   2%|▏         | 2/88 [00:00<00:33,  2.56it/s, loss=1.676]
  epoch 1/3:   2%|▏         | 2/88 [00:01<00:33,  2.56it/s, loss=1.697]
  epoch 1/3:   3%|▎         | 3/88 [00:01<00:28,  3.02it/s, loss=1.697]
  epoch 1/3:   3%|▎         | 3/88 [00:01<00:28,  3.02it/s, loss=1.707]
  epoch 1/3:   5%|▍         | 4/88 [00:01<00:25,  3.35it/s, loss=1.707]
  epoch 1/3:   5%|▍         | 4/88 [00:01<00:25,  3.35it/s, loss=1.730]
  epoch 1/3:   6%|▌         | 5/88 [00:01<00:23,  3.53it/s, loss=1.730]
  epoch 1/3:   6%|▌         | 5/88 [00:01<00:23,  3.53it/s, loss=1.718]
  epoch 1/3:   7%|▋         | 6/88 [00:01<00:22,  3.67it/s, loss=1.718]
  epoch 1/3:   7%|▋         | 6/88 [00:02<00:22,  3.67it/s, loss=1.709]
  epoch 1/3:   8%|▊         | 7/88 [00:02<00:21,  3.75it/s, loss=1.709]
  epoch 1/3:   8%|▊         | 7/88 [00:02<00:21,  3.75it/s, loss=1.694]
  epoch 1/3:   9%|▉         | 8/88 [00:02<00:20,  3.82it/s, loss=1.694]
  epoch 1/3:   9%|▉         | 8/88 [00:02<00:20,  3.82it/s, loss=1.681]
  epoch 1/3:  10%|█         | 9/88 [00:02<00:20,  3.85it/s, loss=1.681]
  epoch 1/3:  10%|█         | 9/88 [00:02<00:20,  3.85it/s, loss=1.670]
  epoch 1/3:  11%|█▏        | 10/88 [00:02<00:20,  3.89it/s, loss=1.670]
  epoch 1/3:  11%|█▏        | 10/88 [00:03<00:20,  3.89it/s, loss=1.660]
  epoch 1/3:  12%|█▎        | 11/88 [00:03<00:19,  3.89it/s, loss=1.660]
  epoch 1/3:  12%|█▎        | 11/88 [00:03<00:19,  3.89it/s, loss=1.660]
  epoch 1/3:  14%|█▎        | 12/88 [00:03<00:19,  3.92it/s, loss=1.660]
  epoch 1/3:  14%|█▎        | 12/88 [00:03<00:19,  3.92it/s, loss=1.640]
  epoch 1/3:  15%|█▍        | 13/88 [00:03<00:19,  3.91it/s, loss=1.640]
  epoch 1/3:  15%|█▍        | 13/88 [00:03<00:19,  3.91it/s, loss=1.630]
  epoch 1/3:  16%|█▌        | 14/88 [00:03<00:18,  3.92it/s, loss=1.630]
  epoch 1/3:  16%|█▌        | 14/88 [00:04<00:18,  3.92it/s, loss=1.626]
  epoch 1/3:  17%|█▋        | 15/88 [00:04<00:18,  3.93it/s, loss=1.626]
  epoch 1/3:  17%|█▋        | 15/88 [00:04<00:18,  3.93it/s, loss=1.627]
  epoch 1/3:  18%|█▊        | 16/88 [00:04<00:18,  3.88it/s, loss=1.627]
  epoch 1/3:  18%|█▊        | 16/88 [00:04<00:18,  3.88it/s, loss=1.619]
  epoch 1/3:  19%|█▉        | 17/88 [00:04<00:18,  3.91it/s, loss=1.619]
  epoch 1/3:  19%|█▉        | 17/88 [00:04<00:18,  3.91it/s, loss=1.610]
  epoch 1/3:  20%|██        | 18/88 [00:04<00:17,  3.92it/s, loss=1.610]
  epoch 1/3:  20%|██        | 18/88 [00:05<00:17,  3.92it/s, loss=1.609]
  epoch 1/3:  22%|██▏       | 19/88 [00:05<00:17,  3.93it/s, loss=1.609]
  epoch 1/3:  22%|██▏       | 19/88 [00:05<00:17,  3.93it/s, loss=1.598]
  epoch 1/3:  23%|██▎       | 20/88 [00:05<00:17,  3.92it/s, loss=1.598]
  epoch 1/3:  23%|██▎       | 20/88 [00:05<00:17,  3.92it/s, loss=1.587]
  epoch 1/3:  24%|██▍       | 21/88 [00:05<00:17,  3.91it/s, loss=1.587]
  epoch 1/3:  24%|██▍       | 21/88 [00:05<00:17,  3.91it/s, loss=1.577]
  epoch 1/3:  25%|██▌       | 22/88 [00:05<00:16,  3.92it/s, loss=1.577]
  epoch 1/3:  25%|██▌       | 22/88 [00:06<00:16,  3.92it/s, loss=1.570]
  epoch 1/3:  26%|██▌       | 23/88 [00:06<00:16,  3.91it/s, loss=1.570]
  epoch 1/3:  26%|██▌       | 23/88 [00:06<00:16,  3.91it/s, loss=1.560]
  epoch 1/3:  27%|██▋       | 24/88 [00:06<00:16,  3.93it/s, loss=1.560]
  epoch 1/3:  27%|██▋       | 24/88 [00:06<00:16,  3.93it/s, loss=1.548]
  epoch 1/3:  28%|██▊       | 25/88 [00:06<00:16,  3.93it/s, loss=1.548]
  epoch 1/3:  28%|██▊       | 25/88 [00:06<00:16,  3.93it/s, loss=1.543]
  epoch 1/3:  30%|██▉       | 26/88 [00:06<00:15,  3.94it/s, loss=1.543]
  epoch 1/3:  30%|██▉       | 26/88 [00:07<00:15,  3.94it/s, loss=1.535]
  epoch 1/3:  31%|███       | 27/88 [00:07<00:15,  3.94it/s, loss=1.535]
  epoch 1/3:  31%|███       | 27/88 [00:07<00:15,  3.94it/s, loss=1.525]
  epoch 1/3:  32%|███▏      | 28/88 [00:07<00:15,  3.94it/s, loss=1.525]
  epoch 1/3:  32%|███▏      | 28/88 [00:07<00:15,  3.94it/s, loss=1.516]
  epoch 1/3:  33%|███▎      | 29/88 [00:07<00:14,  3.94it/s, loss=1.516]
  epoch 1/3:  33%|███▎      | 29/88 [00:07<00:14,  3.94it/s, loss=1.510]
  epoch 1/3:  34%|███▍      | 30/88 [00:07<00:14,  3.93it/s, loss=1.510]
  epoch 1/3:  34%|███▍      | 30/88 [00:08<00:14,  3.93it/s, loss=1.501]
  epoch 1/3:  35%|███▌      | 31/88 [00:08<00:14,  3.93it/s, loss=1.501]
  epoch 1/3:  35%|███▌      | 31/88 [00:08<00:14,  3.93it/s, loss=1.495]
  epoch 1/3:  36%|███▋      | 32/88 [00:08<00:14,  3.85it/s, loss=1.495]
  epoch 1/3:  36%|███▋      | 32/88 [00:08<00:14,  3.85it/s, loss=1.490]
  epoch 1/3:  38%|███▊      | 33/88 [00:08<00:14,  3.88it/s, loss=1.490]
  epoch 1/3:  38%|███▊      | 33/88 [00:08<00:14,  3.88it/s, loss=1.481]
  epoch 1/3:  39%|███▊      | 34/88 [00:08<00:13,  3.88it/s, loss=1.481]
  epoch 1/3:  39%|███▊      | 34/88 [00:09<00:13,  3.88it/s, loss=1.473]
  epoch 1/3:  40%|███▉      | 35/88 [00:09<00:13,  3.90it/s, loss=1.473]
  epoch 1/3:  40%|███▉      | 35/88 [00:09<00:13,  3.90it/s, loss=1.468]
  epoch 1/3:  41%|████      | 36/88 [00:09<00:13,  3.90it/s, loss=1.468]
  epoch 1/3:  41%|████      | 36/88 [00:09<00:13,  3.90it/s, loss=1.461]
  epoch 1/3:  42%|████▏     | 37/88 [00:09<00:13,  3.91it/s, loss=1.461]
  epoch 1/3:  42%|████▏     | 37/88 [00:10<00:13,  3.91it/s, loss=1.456]
  epoch 1/3:  43%|████▎     | 38/88 [00:10<00:12,  3.92it/s, loss=1.456]
  epoch 1/3:  43%|████▎     | 38/88 [00:10<00:12,  3.92it/s, loss=1.450]
  epoch 1/3:  44%|████▍     | 39/88 [00:10<00:12,  3.89it/s, loss=1.450]
  epoch 1/3:  44%|████▍     | 39/88 [00:10<00:12,  3.89it/s, loss=1.440]
  epoch 1/3:  45%|████▌     | 40/88 [00:10<00:12,  3.92it/s, loss=1.440]
  epoch 1/3:  45%|████▌     | 40/88 [00:10<00:12,  3.92it/s, loss=1.433]
  epoch 1/3:  47%|████▋     | 41/88 [00:10<00:12,  3.91it/s, loss=1.433]
  epoch 1/3:  47%|████▋     | 41/88 [00:11<00:12,  3.91it/s, loss=1.427]
  epoch 1/3:  48%|████▊     | 42/88 [00:11<00:11,  3.92it/s, loss=1.427]
  epoch 1/3:  48%|████▊     | 42/88 [00:11<00:11,  3.92it/s, loss=1.424]
  epoch 1/3:  49%|████▉     | 43/88 [00:11<00:11,  3.92it/s, loss=1.424]
  epoch 1/3:  49%|████▉     | 43/88 [00:11<00:11,  3.92it/s, loss=1.422]
  epoch 1/3:  50%|█████     | 44/88 [00:11<00:11,  3.90it/s, loss=1.422]
  epoch 1/3:  50%|█████     | 44/88 [00:11<00:11,  3.90it/s, loss=1.416]
  epoch 1/3:  51%|█████     | 45/88 [00:11<00:10,  3.92it/s, loss=1.416]
  epoch 1/3:  51%|█████     | 45/88 [00:12<00:10,  3.92it/s, loss=1.407]
  epoch 1/3:  52%|█████▏    | 46/88 [00:12<00:10,  3.91it/s, loss=1.407]
  epoch 1/3:  52%|█████▏    | 46/88 [00:12<00:10,  3.91it/s, loss=1.398]
  epoch 1/3:  53%|█████▎    | 47/88 [00:12<00:10,  3.89it/s, loss=1.398]
  epoch 1/3:  53%|█████▎    | 47/88 [00:12<00:10,  3.89it/s, loss=1.389]
  epoch 1/3:  55%|█████▍    | 48/88 [00:12<00:10,  3.86it/s, loss=1.389]
  epoch 1/3:  55%|█████▍    | 48/88 [00:12<00:10,  3.86it/s, loss=1.382]
  epoch 1/3:  56%|█████▌    | 49/88 [00:12<00:10,  3.89it/s, loss=1.382]
  epoch 1/3:  56%|█████▌    | 49/88 [00:13<00:10,  3.89it/s, loss=1.374]
  epoch 1/3:  57%|█████▋    | 50/88 [00:13<00:09,  3.89it/s, loss=1.374]
  epoch 1/3:  57%|█████▋    | 50/88 [00:13<00:09,  3.89it/s, loss=1.365]
  epoch 1/3:  58%|█████▊    | 51/88 [00:13<00:09,  3.90it/s, loss=1.365]
  epoch 1/3:  58%|█████▊    | 51/88 [00:13<00:09,  3.90it/s, loss=1.357]
  epoch 1/3:  59%|█████▉    | 52/88 [00:13<00:09,  3.91it/s, loss=1.357]
  epoch 1/3:  59%|█████▉    | 52/88 [00:13<00:09,  3.91it/s, loss=1.350]
  epoch 1/3:  60%|██████    | 53/88 [00:13<00:08,  3.89it/s, loss=1.350]
  epoch 1/3:  60%|██████    | 53/88 [00:14<00:08,  3.89it/s, loss=1.344]
  epoch 1/3:  61%|██████▏   | 54/88 [00:14<00:08,  3.91it/s, loss=1.344]
  epoch 1/3:  61%|██████▏   | 54/88 [00:14<00:08,  3.91it/s, loss=1.339]
  epoch 1/3:  62%|██████▎   | 55/88 [00:14<00:08,  3.92it/s, loss=1.339]
  epoch 1/3:  62%|██████▎   | 55/88 [00:14<00:08,  3.92it/s, loss=1.333]
  epoch 1/3:  64%|██████▎   | 56/88 [00:14<00:08,  3.91it/s, loss=1.333]
  epoch 1/3:  64%|██████▎   | 56/88 [00:14<00:08,  3.91it/s, loss=1.325]
  epoch 1/3:  65%|██████▍   | 57/88 [00:14<00:07,  3.91it/s, loss=1.325]
  epoch 1/3:  65%|██████▍   | 57/88 [00:15<00:07,  3.91it/s, loss=1.318]
  epoch 1/3:  66%|██████▌   | 58/88 [00:15<00:07,  3.91it/s, loss=1.318]
  epoch 1/3:  66%|██████▌   | 58/88 [00:15<00:07,  3.91it/s, loss=1.313]
  epoch 1/3:  67%|██████▋   | 59/88 [00:15<00:07,  3.93it/s, loss=1.313]
  epoch 1/3:  67%|██████▋   | 59/88 [00:15<00:07,  3.93it/s, loss=1.305]
  epoch 1/3:  68%|██████▊   | 60/88 [00:15<00:07,  3.91it/s, loss=1.305]
  epoch 1/3:  68%|██████▊   | 60/88 [00:15<00:07,  3.91it/s, loss=1.297]
  epoch 1/3:  69%|██████▉   | 61/88 [00:15<00:06,  3.93it/s, loss=1.297]
  epoch 1/3:  69%|██████▉   | 61/88 [00:16<00:06,  3.93it/s, loss=1.290]
  epoch 1/3:  70%|███████   | 62/88 [00:16<00:06,  3.92it/s, loss=1.290]
  epoch 1/3:  70%|███████   | 62/88 [00:16<00:06,  3.92it/s, loss=1.284]
  epoch 1/3:  72%|███████▏  | 63/88 [00:16<00:06,  3.94it/s, loss=1.284]
  epoch 1/3:  72%|███████▏  | 63/88 [00:16<00:06,  3.94it/s, loss=1.276]
  epoch 1/3:  73%|███████▎  | 64/88 [00:16<00:06,  3.86it/s, loss=1.276]
  epoch 1/3:  73%|███████▎  | 64/88 [00:16<00:06,  3.86it/s, loss=1.268]
  epoch 1/3:  74%|███████▍  | 65/88 [00:16<00:05,  3.89it/s, loss=1.268]
  epoch 1/3:  74%|███████▍  | 65/88 [00:17<00:05,  3.89it/s, loss=1.262]
  epoch 1/3:  75%|███████▌  | 66/88 [00:17<00:05,  3.88it/s, loss=1.262]
  epoch 1/3:  75%|███████▌  | 66/88 [00:17<00:05,  3.88it/s, loss=1.255]
  epoch 1/3:  76%|███████▌  | 67/88 [00:17<00:05,  3.87it/s, loss=1.255]
  epoch 1/3:  76%|███████▌  | 67/88 [00:17<00:05,  3.87it/s, loss=1.249]
  epoch 1/3:  77%|███████▋  | 68/88 [00:17<00:05,  3.88it/s, loss=1.249]
  epoch 1/3:  77%|███████▋  | 68/88 [00:17<00:05,  3.88it/s, loss=1.243]
  epoch 1/3:  78%|███████▊  | 69/88 [00:17<00:04,  3.88it/s, loss=1.243]
  epoch 1/3:  78%|███████▊  | 69/88 [00:18<00:04,  3.88it/s, loss=1.236]
  epoch 1/3:  80%|███████▉  | 70/88 [00:18<00:04,  3.88it/s, loss=1.236]
  epoch 1/3:  80%|███████▉  | 70/88 [00:18<00:04,  3.88it/s, loss=1.229]
  epoch 1/3:  81%|████████  | 71/88 [00:18<00:04,  3.88it/s, loss=1.229]
  epoch 1/3:  81%|████████  | 71/88 [00:18<00:04,  3.88it/s, loss=1.221]
  epoch 1/3:  82%|████████▏ | 72/88 [00:18<00:04,  3.90it/s, loss=1.221]
  epoch 1/3:  82%|████████▏ | 72/88 [00:18<00:04,  3.90it/s, loss=1.215]
  epoch 1/3:  83%|████████▎ | 73/88 [00:18<00:03,  3.88it/s, loss=1.215]
  epoch 1/3:  83%|████████▎ | 73/88 [00:19<00:03,  3.88it/s, loss=1.208]
  epoch 1/3:  84%|████████▍ | 74/88 [00:19<00:03,  3.88it/s, loss=1.208]
  epoch 1/3:  84%|████████▍ | 74/88 [00:19<00:03,  3.88it/s, loss=1.202]
  epoch 1/3:  85%|████████▌ | 75/88 [00:19<00:03,  3.90it/s, loss=1.202]
  epoch 1/3:  85%|████████▌ | 75/88 [00:19<00:03,  3.90it/s, loss=1.196]
  epoch 1/3:  86%|████████▋ | 76/88 [00:19<00:03,  3.91it/s, loss=1.196]
  epoch 1/3:  86%|████████▋ | 76/88 [00:20<00:03,  3.91it/s, loss=1.189]
  epoch 1/3:  88%|████████▊ | 77/88 [00:20<00:02,  3.90it/s, loss=1.189]
  epoch 1/3:  88%|████████▊ | 77/88 [00:20<00:02,  3.90it/s, loss=1.185]
  epoch 1/3:  89%|████████▊ | 78/88 [00:20<00:02,  3.89it/s, loss=1.185]
  epoch 1/3:  89%|████████▊ | 78/88 [00:20<00:02,  3.89it/s, loss=1.178]
  epoch 1/3:  90%|████████▉ | 79/88 [00:20<00:02,  3.88it/s, loss=1.178]
  epoch 1/3:  90%|████████▉ | 79/88 [00:20<00:02,  3.88it/s, loss=1.172]
  epoch 1/3:  91%|█████████ | 80/88 [00:20<00:02,  3.83it/s, loss=1.172]
  epoch 1/3:  91%|█████████ | 80/88 [00:21<00:02,  3.83it/s, loss=1.167]
  epoch 1/3:  92%|█████████▏| 81/88 [00:21<00:01,  3.85it/s, loss=1.167]
  epoch 1/3:  92%|█████████▏| 81/88 [00:21<00:01,  3.85it/s, loss=1.161]
  epoch 1/3:  93%|█████████▎| 82/88 [00:21<00:01,  3.85it/s, loss=1.161]
  epoch 1/3:  93%|█████████▎| 82/88 [00:21<00:01,  3.85it/s, loss=1.155]
  epoch 1/3:  94%|█████████▍| 83/88 [00:21<00:01,  3.89it/s, loss=1.155]
  epoch 1/3:  94%|█████████▍| 83/88 [00:21<00:01,  3.89it/s, loss=1.150]
  epoch 1/3:  95%|█████████▌| 84/88 [00:21<00:01,  3.88it/s, loss=1.150]
  epoch 1/3:  95%|█████████▌| 84/88 [00:22<00:01,  3.88it/s, loss=1.144]
  epoch 1/3:  97%|█████████▋| 85/88 [00:22<00:00,  3.90it/s, loss=1.144]
  epoch 1/3:  97%|█████████▋| 85/88 [00:22<00:00,  3.90it/s, loss=1.137]
  epoch 1/3:  98%|█████████▊| 86/88 [00:22<00:00,  3.90it/s, loss=1.137]
  epoch 1/3:  98%|█████████▊| 86/88 [00:22<00:00,  3.90it/s, loss=1.131]
  epoch 1/3:  99%|█████████▉| 87/88 [00:22<00:00,  3.91it/s, loss=1.131]
  epoch 1/3:  99%|█████████▉| 87/88 [00:22<00:00,  3.91it/s, loss=1.128]
  epoch 1/3: 100%|██████████| 88/88 [00:22<00:00,  4.25it/s, loss=1.128]
                                                                        

  epoch 2/3:   0%|          | 0/88 [00:00<?, ?it/s]
  epoch 2/3:   0%|          | 0/88 [00:00<?, ?it/s, loss=0.482]
  epoch 2/3:   1%|          | 1/88 [00:00<00:46,  1.87it/s, loss=0.482]
  epoch 2/3:   1%|          | 1/88 [00:00<00:46,  1.87it/s, loss=0.532]
  epoch 2/3:   2%|▏         | 2/88 [00:00<00:31,  2.70it/s, loss=0.532]
  epoch 2/3:   2%|▏         | 2/88 [00:01<00:31,  2.70it/s, loss=0.567]
  epoch 2/3:   3%|▎         | 3/88 [00:01<00:27,  3.11it/s, loss=0.567]
  epoch 2/3:   3%|▎         | 3/88 [00:01<00:27,  3.11it/s, loss=0.598]
  epoch 2/3:   5%|▍         | 4/88 [00:01<00:24,  3.37it/s, loss=0.598]
  epoch 2/3:   5%|▍         | 4/88 [00:01<00:24,  3.37it/s, loss=0.597]
  epoch 2/3:   6%|▌         | 5/88 [00:01<00:23,  3.56it/s, loss=0.597]
  epoch 2/3:   6%|▌         | 5/88 [00:01<00:23,  3.56it/s, loss=0.590]
  epoch 2/3:   7%|▋         | 6/88 [00:01<00:22,  3.67it/s, loss=0.590]
  epoch 2/3:   7%|▋         | 6/88 [00:02<00:22,  3.67it/s, loss=0.579]
  epoch 2/3:   8%|▊         | 7/88 [00:02<00:21,  3.74it/s, loss=0.579]
  epoch 2/3:   8%|▊         | 7/88 [00:02<00:21,  3.74it/s, loss=0.567]
  epoch 2/3:   9%|▉         | 8/88 [00:02<00:21,  3.73it/s, loss=0.567]
  epoch 2/3:   9%|▉         | 8/88 [00:02<00:21,  3.73it/s, loss=0.559]
  epoch 2/3:  10%|█         | 9/88 [00:02<00:20,  3.80it/s, loss=0.559]
  epoch 2/3:  10%|█         | 9/88 [00:02<00:20,  3.80it/s, loss=0.571]
  epoch 2/3:  11%|█▏        | 10/88 [00:02<00:20,  3.83it/s, loss=0.571]
  epoch 2/3:  11%|█▏        | 10/88 [00:03<00:20,  3.83it/s, loss=0.570]
  epoch 2/3:  12%|█▎        | 11/88 [00:03<00:20,  3.84it/s, loss=0.570]
  epoch 2/3:  12%|█▎        | 11/88 [00:03<00:20,  3.84it/s, loss=0.561]
  epoch 2/3:  14%|█▎        | 12/88 [00:03<00:19,  3.88it/s, loss=0.561]
  epoch 2/3:  14%|█▎        | 12/88 [00:03<00:19,  3.88it/s, loss=0.556]
  epoch 2/3:  15%|█▍        | 13/88 [00:03<00:19,  3.88it/s, loss=0.556]
  epoch 2/3:  15%|█▍        | 13/88 [00:03<00:19,  3.88it/s, loss=0.563]
  epoch 2/3:  16%|█▌        | 14/88 [00:03<00:19,  3.89it/s, loss=0.563]
  epoch 2/3:  16%|█▌        | 14/88 [00:04<00:19,  3.89it/s, loss=0.559]
  epoch 2/3:  17%|█▋        | 15/88 [00:04<00:18,  3.90it/s, loss=0.559]
  epoch 2/3:  17%|█▋        | 15/88 [00:04<00:18,  3.90it/s, loss=0.553]
  epoch 2/3:  18%|█▊        | 16/88 [00:04<00:18,  3.88it/s, loss=0.553]
  epoch 2/3:  18%|█▊        | 16/88 [00:04<00:18,  3.88it/s, loss=0.545]
  epoch 2/3:  19%|█▉        | 17/88 [00:04<00:18,  3.88it/s, loss=0.545]
  epoch 2/3:  19%|█▉        | 17/88 [00:04<00:18,  3.88it/s, loss=0.536]
  epoch 2/3:  20%|██        | 18/88 [00:04<00:18,  3.88it/s, loss=0.536]
  epoch 2/3:  20%|██        | 18/88 [00:05<00:18,  3.88it/s, loss=0.534]
  epoch 2/3:  22%|██▏       | 19/88 [00:05<00:17,  3.89it/s, loss=0.534]
  epoch 2/3:  22%|██▏       | 19/88 [00:05<00:17,  3.89it/s, loss=0.531]
  epoch 2/3:  23%|██▎       | 20/88 [00:05<00:17,  3.89it/s, loss=0.531]
  epoch 2/3:  23%|██▎       | 20/88 [00:05<00:17,  3.89it/s, loss=0.535]
  epoch 2/3:  24%|██▍       | 21/88 [00:05<00:17,  3.90it/s, loss=0.535]
  epoch 2/3:  24%|██▍       | 21/88 [00:05<00:17,  3.90it/s, loss=0.534]
  epoch 2/3:  25%|██▌       | 22/88 [00:05<00:16,  3.91it/s, loss=0.534]
  epoch 2/3:  25%|██▌       | 22/88 [00:06<00:16,  3.91it/s, loss=0.533]
  epoch 2/3:  26%|██▌       | 23/88 [00:06<00:16,  3.92it/s, loss=0.533]
  epoch 2/3:  26%|██▌       | 23/88 [00:06<00:16,  3.92it/s, loss=0.531]
  epoch 2/3:  27%|██▋       | 24/88 [00:06<00:16,  3.86it/s, loss=0.531]
  epoch 2/3:  27%|██▋       | 24/88 [00:06<00:16,  3.86it/s, loss=0.527]
  epoch 2/3:  28%|██▊       | 25/88 [00:06<00:16,  3.88it/s, loss=0.527]
  epoch 2/3:  28%|██▊       | 25/88 [00:06<00:16,  3.88it/s, loss=0.521]
  epoch 2/3:  30%|██▉       | 26/88 [00:06<00:15,  3.88it/s, loss=0.521]
  epoch 2/3:  30%|██▉       | 26/88 [00:07<00:15,  3.88it/s, loss=0.521]
  epoch 2/3:  31%|███       | 27/88 [00:07<00:15,  3.90it/s, loss=0.521]
  epoch 2/3:  31%|███       | 27/88 [00:07<00:15,  3.90it/s, loss=0.517]
  epoch 2/3:  32%|███▏      | 28/88 [00:07<00:15,  3.89it/s, loss=0.517]
  epoch 2/3:  32%|███▏      | 28/88 [00:07<00:15,  3.89it/s, loss=0.516]
  epoch 2/3:  33%|███▎      | 29/88 [00:07<00:15,  3.87it/s, loss=0.516]
  epoch 2/3:  33%|███▎      | 29/88 [00:07<00:15,  3.87it/s, loss=0.513]
  epoch 2/3:  34%|███▍      | 30/88 [00:07<00:14,  3.89it/s, loss=0.513]
  epoch 2/3:  34%|███▍      | 30/88 [00:08<00:14,  3.89it/s, loss=0.511]
  epoch 2/3:  35%|███▌      | 31/88 [00:08<00:14,  3.88it/s, loss=0.511]
  epoch 2/3:  35%|███▌      | 31/88 [00:08<00:14,  3.88it/s, loss=0.508]
  epoch 2/3:  36%|███▋      | 32/88 [00:08<00:14,  3.87it/s, loss=0.508]
  epoch 2/3:  36%|███▋      | 32/88 [00:08<00:14,  3.87it/s, loss=0.507]
  epoch 2/3:  38%|███▊      | 33/88 [00:08<00:14,  3.87it/s, loss=0.507]
  epoch 2/3:  38%|███▊      | 33/88 [00:09<00:14,  3.87it/s, loss=0.506]
  epoch 2/3:  39%|███▊      | 34/88 [00:09<00:13,  3.90it/s, loss=0.506]
  epoch 2/3:  39%|███▊      | 34/88 [00:09<00:13,  3.90it/s, loss=0.502]
  epoch 2/3:  40%|███▉      | 35/88 [00:09<00:13,  3.90it/s, loss=0.502]
  epoch 2/3:  40%|███▉      | 35/88 [00:09<00:13,  3.90it/s, loss=0.500]
  epoch 2/3:  41%|████      | 36/88 [00:09<00:13,  3.90it/s, loss=0.500]
  epoch 2/3:  41%|████      | 36/88 [00:09<00:13,  3.90it/s, loss=0.496]
  epoch 2/3:  42%|████▏     | 37/88 [00:09<00:13,  3.90it/s, loss=0.496]
  epoch 2/3:  42%|████▏     | 37/88 [00:10<00:13,  3.90it/s, loss=0.492]
  epoch 2/3:  43%|████▎     | 38/88 [00:10<00:12,  3.89it/s, loss=0.492]
  epoch 2/3:  43%|████▎     | 38/88 [00:10<00:12,  3.89it/s, loss=0.490]
  epoch 2/3:  44%|████▍     | 39/88 [00:10<00:12,  3.91it/s, loss=0.490]
  epoch 2/3:  44%|████▍     | 39/88 [00:10<00:12,  3.91it/s, loss=0.487]
  epoch 2/3:  45%|████▌     | 40/88 [00:10<00:12,  3.86it/s, loss=0.487]
  epoch 2/3:  45%|████▌     | 40/88 [00:10<00:12,  3.86it/s, loss=0.486]
  epoch 2/3:  47%|████▋     | 41/88 [00:10<00:12,  3.88it/s, loss=0.486]
  epoch 2/3:  47%|████▋     | 41/88 [00:11<00:12,  3.88it/s, loss=0.484]
  epoch 2/3:  48%|████▊     | 42/88 [00:11<00:11,  3.88it/s, loss=0.484]
  epoch 2/3:  48%|████▊     | 42/88 [00:11<00:11,  3.88it/s, loss=0.483]
  epoch 2/3:  49%|████▉     | 43/88 [00:11<00:11,  3.89it/s, loss=0.483]
  epoch 2/3:  49%|████▉     | 43/88 [00:11<00:11,  3.89it/s, loss=0.480]
  epoch 2/3:  50%|█████     | 44/88 [00:11<00:11,  3.89it/s, loss=0.480]
  epoch 2/3:  50%|█████     | 44/88 [00:11<00:11,  3.89it/s, loss=0.477]
  epoch 2/3:  51%|█████     | 45/88 [00:11<00:11,  3.90it/s, loss=0.477]
  epoch 2/3:  51%|█████     | 45/88 [00:12<00:11,  3.90it/s, loss=0.474]
  epoch 2/3:  52%|█████▏    | 46/88 [00:12<00:10,  3.90it/s, loss=0.474]
  epoch 2/3:  52%|█████▏    | 46/88 [00:12<00:10,  3.90it/s, loss=0.472]
  epoch 2/3:  53%|█████▎    | 47/88 [00:12<00:10,  3.88it/s, loss=0.472]
  epoch 2/3:  53%|█████▎    | 47/88 [00:12<00:10,  3.88it/s, loss=0.471]
  epoch 2/3:  55%|█████▍    | 48/88 [00:12<00:10,  3.90it/s, loss=0.471]
  epoch 2/3:  55%|█████▍    | 48/88 [00:12<00:10,  3.90it/s, loss=0.470]
  epoch 2/3:  56%|█████▌    | 49/88 [00:12<00:10,  3.90it/s, loss=0.470]
  epoch 2/3:  56%|█████▌    | 49/88 [00:13<00:10,  3.90it/s, loss=0.466]
  epoch 2/3:  57%|█████▋    | 50/88 [00:13<00:09,  3.89it/s, loss=0.466]
  epoch 2/3:  57%|█████▋    | 50/88 [00:13<00:09,  3.89it/s, loss=0.465]
  epoch 2/3:  58%|█████▊    | 51/88 [00:13<00:09,  3.87it/s, loss=0.465]
  epoch 2/3:  58%|█████▊    | 51/88 [00:13<00:09,  3.87it/s, loss=0.463]
  epoch 2/3:  59%|█████▉    | 52/88 [00:13<00:09,  3.88it/s, loss=0.463]
  epoch 2/3:  59%|█████▉    | 52/88 [00:13<00:09,  3.88it/s, loss=0.462]
  epoch 2/3:  60%|██████    | 53/88 [00:13<00:08,  3.89it/s, loss=0.462]
  epoch 2/3:  60%|██████    | 53/88 [00:14<00:08,  3.89it/s, loss=0.461]
  epoch 2/3:  61%|██████▏   | 54/88 [00:14<00:08,  3.88it/s, loss=0.461]
  epoch 2/3:  61%|██████▏   | 54/88 [00:14<00:08,  3.88it/s, loss=0.458]
  epoch 2/3:  62%|██████▎   | 55/88 [00:14<00:08,  3.89it/s, loss=0.458]
  epoch 2/3:  62%|██████▎   | 55/88 [00:14<00:08,  3.89it/s, loss=0.455]
  epoch 2/3:  64%|██████▎   | 56/88 [00:14<00:08,  3.84it/s, loss=0.455]
  epoch 2/3:  64%|██████▎   | 56/88 [00:14<00:08,  3.84it/s, loss=0.454]
  epoch 2/3:  65%|██████▍   | 57/88 [00:14<00:08,  3.87it/s, loss=0.454]
  epoch 2/3:  65%|██████▍   | 57/88 [00:15<00:08,  3.87it/s, loss=0.450]
  epoch 2/3:  66%|██████▌   | 58/88 [00:15<00:07,  3.88it/s, loss=0.450]
  epoch 2/3:  66%|██████▌   | 58/88 [00:15<00:07,  3.88it/s, loss=0.447]
  epoch 2/3:  67%|██████▋   | 59/88 [00:15<00:07,  3.91it/s, loss=0.447]
  epoch 2/3:  67%|██████▋   | 59/88 [00:15<00:07,  3.91it/s, loss=0.445]
  epoch 2/3:  68%|██████▊   | 60/88 [00:15<00:07,  3.89it/s, loss=0.445]
  epoch 2/3:  68%|██████▊   | 60/88 [00:15<00:07,  3.89it/s, loss=0.442]
  epoch 2/3:  69%|██████▉   | 61/88 [00:15<00:06,  3.89it/s, loss=0.442]
  epoch 2/3:  69%|██████▉   | 61/88 [00:16<00:06,  3.89it/s, loss=0.440]
  epoch 2/3:  70%|███████   | 62/88 [00:16<00:06,  3.88it/s, loss=0.440]
  epoch 2/3:  70%|███████   | 62/88 [00:16<00:06,  3.88it/s, loss=0.438]
  epoch 2/3:  72%|███████▏  | 63/88 [00:16<00:06,  3.88it/s, loss=0.438]
  epoch 2/3:  72%|███████▏  | 63/88 [00:16<00:06,  3.88it/s, loss=0.435]
  epoch 2/3:  73%|███████▎  | 64/88 [00:16<00:06,  3.88it/s, loss=0.435]
  epoch 2/3:  73%|███████▎  | 64/88 [00:16<00:06,  3.88it/s, loss=0.433]
  epoch 2/3:  74%|███████▍  | 65/88 [00:17<00:05,  3.90it/s, loss=0.433]
  epoch 2/3:  74%|███████▍  | 65/88 [00:17<00:05,  3.90it/s, loss=0.431]
  epoch 2/3:  75%|███████▌  | 66/88 [00:17<00:05,  3.89it/s, loss=0.431]
  epoch 2/3:  75%|███████▌  | 66/88 [00:17<00:05,  3.89it/s, loss=0.428]
  epoch 2/3:  76%|███████▌  | 67/88 [00:17<00:05,  3.88it/s, loss=0.428]
  epoch 2/3:  76%|███████▌  | 67/88 [00:17<00:05,  3.88it/s, loss=0.426]
  epoch 2/3:  77%|███████▋  | 68/88 [00:17<00:05,  3.90it/s, loss=0.426]
  epoch 2/3:  77%|███████▋  | 68/88 [00:18<00:05,  3.90it/s, loss=0.425]
  epoch 2/3:  78%|███████▊  | 69/88 [00:18<00:04,  3.90it/s, loss=0.425]
  epoch 2/3:  78%|███████▊  | 69/88 [00:18<00:04,  3.90it/s, loss=0.424]
  epoch 2/3:  80%|███████▉  | 70/88 [00:18<00:04,  3.90it/s, loss=0.424]
  epoch 2/3:  80%|███████▉  | 70/88 [00:18<00:04,  3.90it/s, loss=0.422]
  epoch 2/3:  81%|████████  | 71/88 [00:18<00:04,  3.90it/s, loss=0.422]
  epoch 2/3:  81%|████████  | 71/88 [00:18<00:04,  3.90it/s, loss=0.420]
  epoch 2/3:  82%|████████▏ | 72/88 [00:18<00:04,  3.85it/s, loss=0.420]
  epoch 2/3:  82%|████████▏ | 72/88 [00:19<00:04,  3.85it/s, loss=0.419]
  epoch 2/3:  83%|████████▎ | 73/88 [00:19<00:03,  3.85it/s, loss=0.419]
  epoch 2/3:  83%|████████▎ | 73/88 [00:19<00:03,  3.85it/s, loss=0.417]
  epoch 2/3:  84%|████████▍ | 74/88 [00:19<00:03,  3.84it/s, loss=0.417]
  epoch 2/3:  84%|████████▍ | 74/88 [00:19<00:03,  3.84it/s, loss=0.415]
  epoch 2/3:  85%|████████▌ | 75/88 [00:19<00:03,  3.87it/s, loss=0.415]
  epoch 2/3:  85%|████████▌ | 75/88 [00:19<00:03,  3.87it/s, loss=0.414]
  epoch 2/3:  86%|████████▋ | 76/88 [00:19<00:03,  3.88it/s, loss=0.414]
  epoch 2/3:  86%|████████▋ | 76/88 [00:20<00:03,  3.88it/s, loss=0.411]
  epoch 2/3:  88%|████████▊ | 77/88 [00:20<00:02,  3.88it/s, loss=0.411]
  epoch 2/3:  88%|████████▊ | 77/88 [00:20<00:02,  3.88it/s, loss=0.409]
  epoch 2/3:  89%|████████▊ | 78/88 [00:20<00:02,  3.89it/s, loss=0.409]
  epoch 2/3:  89%|████████▊ | 78/88 [00:20<00:02,  3.89it/s, loss=0.407]
  epoch 2/3:  90%|████████▉ | 79/88 [00:20<00:02,  3.89it/s, loss=0.407]
  epoch 2/3:  90%|████████▉ | 79/88 [00:20<00:02,  3.89it/s, loss=0.405]
  epoch 2/3:  91%|█████████ | 80/88 [00:20<00:02,  3.88it/s, loss=0.405]
  epoch 2/3:  91%|█████████ | 80/88 [00:21<00:02,  3.88it/s, loss=0.403]
  epoch 2/3:  92%|█████████▏| 81/88 [00:21<00:01,  3.89it/s, loss=0.403]
  epoch 2/3:  92%|█████████▏| 81/88 [00:21<00:01,  3.89it/s, loss=0.401]
  epoch 2/3:  93%|█████████▎| 82/88 [00:21<00:01,  3.89it/s, loss=0.401]
  epoch 2/3:  93%|█████████▎| 82/88 [00:21<00:01,  3.89it/s, loss=0.399]
  epoch 2/3:  94%|█████████▍| 83/88 [00:21<00:01,  3.88it/s, loss=0.399]
  epoch 2/3:  94%|█████████▍| 83/88 [00:21<00:01,  3.88it/s, loss=0.396]
  epoch 2/3:  95%|█████████▌| 84/88 [00:21<00:01,  3.89it/s, loss=0.396]
  epoch 2/3:  95%|█████████▌| 84/88 [00:22<00:01,  3.89it/s, loss=0.395]
  epoch 2/3:  97%|█████████▋| 85/88 [00:22<00:00,  3.90it/s, loss=0.395]
  epoch 2/3:  97%|█████████▋| 85/88 [00:22<00:00,  3.90it/s, loss=0.394]
  epoch 2/3:  98%|█████████▊| 86/88 [00:22<00:00,  3.88it/s, loss=0.394]
  epoch 2/3:  98%|█████████▊| 86/88 [00:22<00:00,  3.88it/s, loss=0.392]
  epoch 2/3:  99%|█████████▉| 87/88 [00:22<00:00,  3.89it/s, loss=0.392]
  epoch 2/3:  99%|█████████▉| 87/88 [00:22<00:00,  3.89it/s, loss=0.392]
  epoch 2/3: 100%|██████████| 88/88 [00:22<00:00,  4.16it/s, loss=0.392]
                                                                        

  epoch 3/3:   0%|          | 0/88 [00:00<?, ?it/s]
  epoch 3/3:   0%|          | 0/88 [00:00<?, ?it/s, loss=0.254]
  epoch 3/3:   1%|          | 1/88 [00:00<00:48,  1.80it/s, loss=0.254]
  epoch 3/3:   1%|          | 1/88 [00:00<00:48,  1.80it/s, loss=0.252]
  epoch 3/3:   2%|▏         | 2/88 [00:00<00:32,  2.63it/s, loss=0.252]
  epoch 3/3:   2%|▏         | 2/88 [00:01<00:32,  2.63it/s, loss=0.233]
  epoch 3/3:   3%|▎         | 3/88 [00:01<00:27,  3.08it/s, loss=0.233]
  epoch 3/3:   3%|▎         | 3/88 [00:01<00:27,  3.08it/s, loss=0.213]
  epoch 3/3:   5%|▍         | 4/88 [00:01<00:25,  3.35it/s, loss=0.213]
  epoch 3/3:   5%|▍         | 4/88 [00:01<00:25,  3.35it/s, loss=0.236]
  epoch 3/3:   6%|▌         | 5/88 [00:01<00:23,  3.53it/s, loss=0.236]
  epoch 3/3:   6%|▌         | 5/88 [00:01<00:23,  3.53it/s, loss=0.235]
  epoch 3/3:   7%|▋         | 6/88 [00:01<00:22,  3.64it/s, loss=0.235]
  epoch 3/3:   7%|▋         | 6/88 [00:02<00:22,  3.64it/s, loss=0.227]
  epoch 3/3:   8%|▊         | 7/88 [00:02<00:21,  3.71it/s, loss=0.227]
  epoch 3/3:   8%|▊         | 7/88 [00:02<00:21,  3.71it/s, loss=0.222]
  epoch 3/3:   9%|▉         | 8/88 [00:02<00:21,  3.75it/s, loss=0.222]
  epoch 3/3:   9%|▉         | 8/88 [00:02<00:21,  3.75it/s, loss=0.220]
  epoch 3/3:  10%|█         | 9/88 [00:02<00:20,  3.82it/s, loss=0.220]
  epoch 3/3:  10%|█         | 9/88 [00:02<00:20,  3.82it/s, loss=0.215]
  epoch 3/3:  11%|█▏        | 10/88 [00:02<00:20,  3.84it/s, loss=0.215]
  epoch 3/3:  11%|█▏        | 10/88 [00:03<00:20,  3.84it/s, loss=0.209]
  epoch 3/3:  12%|█▎        | 11/88 [00:03<00:20,  3.85it/s, loss=0.209]
  epoch 3/3:  12%|█▎        | 11/88 [00:03<00:20,  3.85it/s, loss=0.202]
  epoch 3/3:  14%|█▎        | 12/88 [00:03<00:19,  3.86it/s, loss=0.202]
  epoch 3/3:  14%|█▎        | 12/88 [00:03<00:19,  3.86it/s, loss=0.200]
  epoch 3/3:  15%|█▍        | 13/88 [00:03<00:19,  3.85it/s, loss=0.200]
  epoch 3/3:  15%|█▍        | 13/88 [00:03<00:19,  3.85it/s, loss=0.200]
  epoch 3/3:  16%|█▌        | 14/88 [00:03<00:19,  3.84it/s, loss=0.200]
  epoch 3/3:  16%|█▌        | 14/88 [00:04<00:19,  3.84it/s, loss=0.199]
  epoch 3/3:  17%|█▋        | 15/88 [00:04<00:19,  3.84it/s, loss=0.199]
  epoch 3/3:  17%|█▋        | 15/88 [00:04<00:19,  3.84it/s, loss=0.203]
  epoch 3/3:  18%|█▊        | 16/88 [00:04<00:18,  3.80it/s, loss=0.203]
  epoch 3/3:  18%|█▊        | 16/88 [00:04<00:18,  3.80it/s, loss=0.204]
  epoch 3/3:  19%|█▉        | 17/88 [00:04<00:18,  3.82it/s, loss=0.204]
  epoch 3/3:  19%|█▉        | 17/88 [00:04<00:18,  3.82it/s, loss=0.202]
  epoch 3/3:  20%|██        | 18/88 [00:04<00:18,  3.85it/s, loss=0.202]
  epoch 3/3:  20%|██        | 18/88 [00:05<00:18,  3.85it/s, loss=0.202]
  epoch 3/3:  22%|██▏       | 19/88 [00:05<00:17,  3.87it/s, loss=0.202]
  epoch 3/3:  22%|██▏       | 19/88 [00:05<00:17,  3.87it/s, loss=0.197]
  epoch 3/3:  23%|██▎       | 20/88 [00:05<00:17,  3.87it/s, loss=0.197]
  epoch 3/3:  23%|██▎       | 20/88 [00:05<00:17,  3.87it/s, loss=0.197]
  epoch 3/3:  24%|██▍       | 21/88 [00:05<00:17,  3.89it/s, loss=0.197]
  epoch 3/3:  24%|██▍       | 21/88 [00:05<00:17,  3.89it/s, loss=0.199]
  epoch 3/3:  25%|██▌       | 22/88 [00:05<00:16,  3.89it/s, loss=0.199]
  epoch 3/3:  25%|██▌       | 22/88 [00:06<00:16,  3.89it/s, loss=0.204]
  epoch 3/3:  26%|██▌       | 23/88 [00:06<00:16,  3.90it/s, loss=0.204]
  epoch 3/3:  26%|██▌       | 23/88 [00:06<00:16,  3.90it/s, loss=0.203]
  epoch 3/3:  27%|██▋       | 24/88 [00:06<00:16,  3.90it/s, loss=0.203]
  epoch 3/3:  27%|██▋       | 24/88 [00:06<00:16,  3.90it/s, loss=0.206]
  epoch 3/3:  28%|██▊       | 25/88 [00:06<00:16,  3.88it/s, loss=0.206]
  epoch 3/3:  28%|██▊       | 25/88 [00:07<00:16,  3.88it/s, loss=0.210]
  epoch 3/3:  30%|██▉       | 26/88 [00:07<00:16,  3.86it/s, loss=0.210]
  epoch 3/3:  30%|██▉       | 26/88 [00:07<00:16,  3.86it/s, loss=0.207]
  epoch 3/3:  31%|███       | 27/88 [00:07<00:15,  3.87it/s, loss=0.207]
  epoch 3/3:  31%|███       | 27/88 [00:07<00:15,  3.87it/s, loss=0.206]
  epoch 3/3:  32%|███▏      | 28/88 [00:07<00:15,  3.89it/s, loss=0.206]
  epoch 3/3:  32%|███▏      | 28/88 [00:07<00:15,  3.89it/s, loss=0.205]
  epoch 3/3:  33%|███▎      | 29/88 [00:07<00:15,  3.89it/s, loss=0.205]
  epoch 3/3:  33%|███▎      | 29/88 [00:08<00:15,  3.89it/s, loss=0.202]
  epoch 3/3:  34%|███▍      | 30/88 [00:08<00:14,  3.89it/s, loss=0.202]
  epoch 3/3:  34%|███▍      | 30/88 [00:08<00:14,  3.89it/s, loss=0.200]
  epoch 3/3:  35%|███▌      | 31/88 [00:08<00:14,  3.89it/s, loss=0.200]
  epoch 3/3:  35%|███▌      | 31/88 [00:08<00:14,  3.89it/s, loss=0.201]
  epoch 3/3:  36%|███▋      | 32/88 [00:08<00:14,  3.82it/s, loss=0.201]
  epoch 3/3:  36%|███▋      | 32/88 [00:08<00:14,  3.82it/s, loss=0.198]
  epoch 3/3:  38%|███▊      | 33/88 [00:08<00:14,  3.85it/s, loss=0.198]
  epoch 3/3:  38%|███▊      | 33/88 [00:09<00:14,  3.85it/s, loss=0.196]
  epoch 3/3:  39%|███▊      | 34/88 [00:09<00:14,  3.84it/s, loss=0.196]
  epoch 3/3:  39%|███▊      | 34/88 [00:09<00:14,  3.84it/s, loss=0.195]
  epoch 3/3:  40%|███▉      | 35/88 [00:09<00:13,  3.85it/s, loss=0.195]
  epoch 3/3:  40%|███▉      | 35/88 [00:09<00:13,  3.85it/s, loss=0.198]
  epoch 3/3:  41%|████      | 36/88 [00:09<00:13,  3.87it/s, loss=0.198]
  epoch 3/3:  41%|████      | 36/88 [00:09<00:13,  3.87it/s, loss=0.196]
  epoch 3/3:  42%|████▏     | 37/88 [00:09<00:13,  3.88it/s, loss=0.196]
  epoch 3/3:  42%|████▏     | 37/88 [00:10<00:13,  3.88it/s, loss=0.196]
  epoch 3/3:  43%|████▎     | 38/88 [00:10<00:12,  3.88it/s, loss=0.196]
  epoch 3/3:  43%|████▎     | 38/88 [00:10<00:12,  3.88it/s, loss=0.194]
  epoch 3/3:  44%|████▍     | 39/88 [00:10<00:12,  3.90it/s, loss=0.194]
  epoch 3/3:  44%|████▍     | 39/88 [00:10<00:12,  3.90it/s, loss=0.192]
  epoch 3/3:  45%|████▌     | 40/88 [00:10<00:12,  3.89it/s, loss=0.192]
  epoch 3/3:  45%|████▌     | 40/88 [00:10<00:12,  3.89it/s, loss=0.193]
  epoch 3/3:  47%|████▋     | 41/88 [00:10<00:12,  3.90it/s, loss=0.193]
  epoch 3/3:  47%|████▋     | 41/88 [00:11<00:12,  3.90it/s, loss=0.191]
  epoch 3/3:  48%|████▊     | 42/88 [00:11<00:11,  3.91it/s, loss=0.191]
  epoch 3/3:  48%|████▊     | 42/88 [00:11<00:11,  3.91it/s, loss=0.191]
  epoch 3/3:  49%|████▉     | 43/88 [00:11<00:11,  3.90it/s, loss=0.191]
  epoch 3/3:  49%|████▉     | 43/88 [00:11<00:11,  3.90it/s, loss=0.191]
  epoch 3/3:  50%|█████     | 44/88 [00:11<00:11,  3.91it/s, loss=0.191]
  epoch 3/3:  50%|█████     | 44/88 [00:11<00:11,  3.91it/s, loss=0.189]
  epoch 3/3:  51%|█████     | 45/88 [00:11<00:11,  3.91it/s, loss=0.189]
  epoch 3/3:  51%|█████     | 45/88 [00:12<00:11,  3.91it/s, loss=0.189]
  epoch 3/3:  52%|█████▏    | 46/88 [00:12<00:10,  3.89it/s, loss=0.189]
  epoch 3/3:  52%|█████▏    | 46/88 [00:12<00:10,  3.89it/s, loss=0.189]
  epoch 3/3:  53%|█████▎    | 47/88 [00:12<00:10,  3.90it/s, loss=0.189]
  epoch 3/3:  53%|█████▎    | 47/88 [00:12<00:10,  3.90it/s, loss=0.188]
  epoch 3/3:  55%|█████▍    | 48/88 [00:12<00:10,  3.85it/s, loss=0.188]
  epoch 3/3:  55%|█████▍    | 48/88 [00:12<00:10,  3.85it/s, loss=0.188]
  epoch 3/3:  56%|█████▌    | 49/88 [00:12<00:10,  3.87it/s, loss=0.188]
  epoch 3/3:  56%|█████▌    | 49/88 [00:13<00:10,  3.87it/s, loss=0.187]
  epoch 3/3:  57%|█████▋    | 50/88 [00:13<00:09,  3.87it/s, loss=0.187]
  epoch 3/3:  57%|█████▋    | 50/88 [00:13<00:09,  3.87it/s, loss=0.187]
  epoch 3/3:  58%|█████▊    | 51/88 [00:13<00:09,  3.89it/s, loss=0.187]
  epoch 3/3:  58%|█████▊    | 51/88 [00:13<00:09,  3.89it/s, loss=0.188]
  epoch 3/3:  59%|█████▉    | 52/88 [00:13<00:09,  3.89it/s, loss=0.188]
  epoch 3/3:  59%|█████▉    | 52/88 [00:13<00:09,  3.89it/s, loss=0.189]
  epoch 3/3:  60%|██████    | 53/88 [00:13<00:09,  3.88it/s, loss=0.189]
  epoch 3/3:  60%|██████    | 53/88 [00:14<00:09,  3.88it/s, loss=0.188]
  epoch 3/3:  61%|██████▏   | 54/88 [00:14<00:08,  3.90it/s, loss=0.188]
  epoch 3/3:  61%|██████▏   | 54/88 [00:14<00:08,  3.90it/s, loss=0.187]
  epoch 3/3:  62%|██████▎   | 55/88 [00:14<00:08,  3.90it/s, loss=0.187]
  epoch 3/3:  62%|██████▎   | 55/88 [00:14<00:08,  3.90it/s, loss=0.187]
  epoch 3/3:  64%|██████▎   | 56/88 [00:14<00:08,  3.89it/s, loss=0.187]
  epoch 3/3:  64%|██████▎   | 56/88 [00:14<00:08,  3.89it/s, loss=0.186]
  epoch 3/3:  65%|██████▍   | 57/88 [00:14<00:07,  3.90it/s, loss=0.186]
  epoch 3/3:  65%|██████▍   | 57/88 [00:15<00:07,  3.90it/s, loss=0.187]
  epoch 3/3:  66%|██████▌   | 58/88 [00:15<00:07,  3.90it/s, loss=0.187]
  epoch 3/3:  66%|██████▌   | 58/88 [00:15<00:07,  3.90it/s, loss=0.186]
  epoch 3/3:  67%|██████▋   | 59/88 [00:15<00:07,  3.89it/s, loss=0.186]
  epoch 3/3:  67%|██████▋   | 59/88 [00:15<00:07,  3.89it/s, loss=0.185]
  epoch 3/3:  68%|██████▊   | 60/88 [00:15<00:07,  3.89it/s, loss=0.185]
  epoch 3/3:  68%|██████▊   | 60/88 [00:16<00:07,  3.89it/s, loss=0.186]
  epoch 3/3:  69%|██████▉   | 61/88 [00:16<00:06,  3.90it/s, loss=0.186]
  epoch 3/3:  69%|██████▉   | 61/88 [00:16<00:06,  3.90it/s, loss=0.183]
  epoch 3/3:  70%|███████   | 62/88 [00:16<00:06,  3.88it/s, loss=0.183]
  epoch 3/3:  70%|███████   | 62/88 [00:16<00:06,  3.88it/s, loss=0.183]
  epoch 3/3:  72%|███████▏  | 63/88 [00:16<00:06,  3.88it/s, loss=0.183]
  epoch 3/3:  72%|███████▏  | 63/88 [00:16<00:06,  3.88it/s, loss=0.183]
  epoch 3/3:  73%|███████▎  | 64/88 [00:16<00:06,  3.85it/s, loss=0.183]
  epoch 3/3:  73%|███████▎  | 64/88 [00:17<00:06,  3.85it/s, loss=0.182]
  epoch 3/3:  74%|███████▍  | 65/88 [00:17<00:05,  3.87it/s, loss=0.182]
  epoch 3/3:  74%|███████▍  | 65/88 [00:17<00:05,  3.87it/s, loss=0.182]
  epoch 3/3:  75%|███████▌  | 66/88 [00:17<00:05,  3.87it/s, loss=0.182]
  epoch 3/3:  75%|███████▌  | 66/88 [00:17<00:05,  3.87it/s, loss=0.182]
  epoch 3/3:  76%|███████▌  | 67/88 [00:17<00:05,  3.89it/s, loss=0.182]
  epoch 3/3:  76%|███████▌  | 67/88 [00:17<00:05,  3.89it/s, loss=0.183]
  epoch 3/3:  77%|███████▋  | 68/88 [00:17<00:05,  3.90it/s, loss=0.183]
  epoch 3/3:  77%|███████▋  | 68/88 [00:18<00:05,  3.90it/s, loss=0.182]
  epoch 3/3:  78%|███████▊  | 69/88 [00:18<00:04,  3.92it/s, loss=0.182]
  epoch 3/3:  78%|███████▊  | 69/88 [00:18<00:04,  3.92it/s, loss=0.182]
  epoch 3/3:  80%|███████▉  | 70/88 [00:18<00:04,  3.92it/s, loss=0.182]
  epoch 3/3:  80%|███████▉  | 70/88 [00:18<00:04,  3.92it/s, loss=0.181]
  epoch 3/3:  81%|████████  | 71/88 [00:18<00:04,  3.91it/s, loss=0.181]
  epoch 3/3:  81%|████████  | 71/88 [00:18<00:04,  3.91it/s, loss=0.180]
  epoch 3/3:  82%|████████▏ | 72/88 [00:18<00:04,  3.91it/s, loss=0.180]
  epoch 3/3:  82%|████████▏ | 72/88 [00:19<00:04,  3.91it/s, loss=0.180]
  epoch 3/3:  83%|████████▎ | 73/88 [00:19<00:03,  3.91it/s, loss=0.180]
  epoch 3/3:  83%|████████▎ | 73/88 [00:19<00:03,  3.91it/s, loss=0.179]
  epoch 3/3:  84%|████████▍ | 74/88 [00:19<00:03,  3.90it/s, loss=0.179]
  epoch 3/3:  84%|████████▍ | 74/88 [00:19<00:03,  3.90it/s, loss=0.177]
  epoch 3/3:  85%|████████▌ | 75/88 [00:19<00:03,  3.91it/s, loss=0.177]
  epoch 3/3:  85%|████████▌ | 75/88 [00:19<00:03,  3.91it/s, loss=0.176]
  epoch 3/3:  86%|████████▋ | 76/88 [00:19<00:03,  3.90it/s, loss=0.176]
  epoch 3/3:  86%|████████▋ | 76/88 [00:20<00:03,  3.90it/s, loss=0.176]
  epoch 3/3:  88%|████████▊ | 77/88 [00:20<00:02,  3.88it/s, loss=0.176]
  epoch 3/3:  88%|████████▊ | 77/88 [00:20<00:02,  3.88it/s, loss=0.176]
  epoch 3/3:  89%|████████▊ | 78/88 [00:20<00:02,  3.89it/s, loss=0.176]
  epoch 3/3:  89%|████████▊ | 78/88 [00:20<00:02,  3.89it/s, loss=0.177]
  epoch 3/3:  90%|████████▉ | 79/88 [00:20<00:02,  3.89it/s, loss=0.177]
  epoch 3/3:  90%|████████▉ | 79/88 [00:20<00:02,  3.89it/s, loss=0.178]
  epoch 3/3:  91%|█████████ | 80/88 [00:20<00:02,  3.84it/s, loss=0.178]
  epoch 3/3:  91%|█████████ | 80/88 [00:21<00:02,  3.84it/s, loss=0.178]
  epoch 3/3:  92%|█████████▏| 81/88 [00:21<00:01,  3.86it/s, loss=0.178]
  epoch 3/3:  92%|█████████▏| 81/88 [00:21<00:01,  3.86it/s, loss=0.179]
  epoch 3/3:  93%|█████████▎| 82/88 [00:21<00:01,  3.85it/s, loss=0.179]
  epoch 3/3:  93%|█████████▎| 82/88 [00:21<00:01,  3.85it/s, loss=0.179]
  epoch 3/3:  94%|█████████▍| 83/88 [00:21<00:01,  3.87it/s, loss=0.179]
  epoch 3/3:  94%|█████████▍| 83/88 [00:21<00:01,  3.87it/s, loss=0.179]
  epoch 3/3:  95%|█████████▌| 84/88 [00:21<00:01,  3.89it/s, loss=0.179]
  epoch 3/3:  95%|█████████▌| 84/88 [00:22<00:01,  3.89it/s, loss=0.178]
  epoch 3/3:  97%|█████████▋| 85/88 [00:22<00:00,  3.87it/s, loss=0.178]
  epoch 3/3:  97%|█████████▋| 85/88 [00:22<00:00,  3.87it/s, loss=0.179]
  epoch 3/3:  98%|█████████▊| 86/88 [00:22<00:00,  3.88it/s, loss=0.179]
  epoch 3/3:  98%|█████████▊| 86/88 [00:22<00:00,  3.88it/s, loss=0.178]
  epoch 3/3:  99%|█████████▉| 87/88 [00:22<00:00,  3.88it/s, loss=0.178]
  epoch 3/3:  99%|█████████▉| 87/88 [00:22<00:00,  3.88it/s, loss=0.179]
  epoch 3/3: 100%|██████████| 88/88 [00:22<00:00,  4.22it/s, loss=0.179]
                                                                        
[titans] reset=never | norm(state) sau task = 79.9661
[titans]   self-mod v:β=1.21 |W|=2.37
[titans]   eta_t(avg)=-0.9559  alpha_t/forget-gate(avg)=1.0000
[task 4] test acc so far: 0.834  0.831  0.791  0.540  0.220
[task 4] NCM-blend gamma=0: 0.726  0.814  0.771  0.711  0.731
[task 4] NCM-blend gamma=0.1: 0.729  0.811  0.771  0.720  0.734
[task 4] NCM-blend gamma=0.25: 0.729  0.814  0.774  0.726  0.749
[task 4] NCM-blend gamma=0.5: 0.711  0.777  0.763  0.737  0.763
[task 4] NCM-blend gamma=0.75: 0.697  0.680  0.760  0.757  0.797
[task 4] NCM-blend gamma=1: 0.646  0.563  0.740  0.757  0.826
[checkpoint] đã lưu tiến độ sau task 4
[task 5] classes=[0, 19, 22, 33, 38] | train=2800

  epoch 1/3:   0%|          | 0/88 [00:00<?, ?it/s]
  epoch 1/3:   0%|          | 0/88 [00:00<?, ?it/s, loss=1.515]
  epoch 1/3:   1%|          | 1/88 [00:00<00:52,  1.67it/s, loss=1.515]
  epoch 1/3:   1%|          | 1/88 [00:00<00:52,  1.67it/s, loss=1.625]
  epoch 1/3:   2%|▏         | 2/88 [00:00<00:33,  2.53it/s, loss=1.625]
  epoch 1/3:   2%|▏         | 2/88 [00:01<00:33,  2.53it/s, loss=1.620]
  epoch 1/3:   3%|▎         | 3/88 [00:01<00:28,  3.01it/s, loss=1.620]
  epoch 1/3:   3%|▎         | 3/88 [00:01<00:28,  3.01it/s, loss=1.631]
  epoch 1/3:   5%|▍         | 4/88 [00:01<00:25,  3.34it/s, loss=1.631]
  epoch 1/3:   5%|▍         | 4/88 [00:01<00:25,  3.34it/s, loss=1.625]
  epoch 1/3:   6%|▌         | 5/88 [00:01<00:23,  3.55it/s, loss=1.625]
  epoch 1/3:   6%|▌         | 5/88 [00:01<00:23,  3.55it/s, loss=1.638]
  epoch 1/3:   7%|▋         | 6/88 [00:01<00:22,  3.67it/s, loss=1.638]
  epoch 1/3:   7%|▋         | 6/88 [00:02<00:22,  3.67it/s, loss=1.621]
  epoch 1/3:   8%|▊         | 7/88 [00:02<00:21,  3.73it/s, loss=1.621]
  epoch 1/3:   8%|▊         | 7/88 [00:02<00:21,  3.73it/s, loss=1.609]
  epoch 1/3:   9%|▉         | 8/88 [00:02<00:21,  3.75it/s, loss=1.609]
  epoch 1/3:   9%|▉         | 8/88 [00:02<00:21,  3.75it/s, loss=1.593]
  epoch 1/3:  10%|█         | 9/88 [00:02<00:20,  3.82it/s, loss=1.593]
  epoch 1/3:  10%|█         | 9/88 [00:02<00:20,  3.82it/s, loss=1.597]
  epoch 1/3:  11%|█▏        | 10/88 [00:02<00:20,  3.85it/s, loss=1.597]
  epoch 1/3:  11%|█▏        | 10/88 [00:03<00:20,  3.85it/s, loss=1.574]
  epoch 1/3:  12%|█▎        | 11/88 [00:03<00:19,  3.88it/s, loss=1.574]
  epoch 1/3:  12%|█▎        | 11/88 [00:03<00:19,  3.88it/s, loss=1.582]
  epoch 1/3:  14%|█▎        | 12/88 [00:03<00:19,  3.89it/s, loss=1.582]
  epoch 1/3:  14%|█▎        | 12/88 [00:03<00:19,  3.89it/s, loss=1.576]
  epoch 1/3:  15%|█▍        | 13/88 [00:03<00:19,  3.92it/s, loss=1.576]
  epoch 1/3:  15%|█▍        | 13/88 [00:03<00:19,  3.92it/s, loss=1.567]
  epoch 1/3:  16%|█▌        | 14/88 [00:03<00:18,  3.91it/s, loss=1.567]
  epoch 1/3:  16%|█▌        | 14/88 [00:04<00:18,  3.91it/s, loss=1.553]
  epoch 1/3:  17%|█▋        | 15/88 [00:04<00:18,  3.94it/s, loss=1.553]
  epoch 1/3:  17%|█▋        | 15/88 [00:04<00:18,  3.94it/s, loss=1.539]
  epoch 1/3:  18%|█▊        | 16/88 [00:04<00:18,  3.93it/s, loss=1.539]
  epoch 1/3:  18%|█▊        | 16/88 [00:04<00:18,  3.93it/s, loss=1.525]
  epoch 1/3:  19%|█▉        | 17/88 [00:04<00:18,  3.93it/s, loss=1.525]
  epoch 1/3:  19%|█▉        | 17/88 [00:04<00:18,  3.93it/s, loss=1.519]
  epoch 1/3:  20%|██        | 18/88 [00:04<00:17,  3.92it/s, loss=1.519]
  epoch 1/3:  20%|██        | 18/88 [00:05<00:17,  3.92it/s, loss=1.514]
  epoch 1/3:  22%|██▏       | 19/88 [00:05<00:17,  3.94it/s, loss=1.514]
  epoch 1/3:  22%|██▏       | 19/88 [00:05<00:17,  3.94it/s, loss=1.516]
  epoch 1/3:  23%|██▎       | 20/88 [00:05<00:17,  3.91it/s, loss=1.516]
  epoch 1/3:  23%|██▎       | 20/88 [00:05<00:17,  3.91it/s, loss=1.509]
  epoch 1/3:  24%|██▍       | 21/88 [00:05<00:17,  3.93it/s, loss=1.509]
  epoch 1/3:  24%|██▍       | 21/88 [00:05<00:17,  3.93it/s, loss=1.505]
  epoch 1/3:  25%|██▌       | 22/88 [00:05<00:16,  3.93it/s, loss=1.505]
  epoch 1/3:  25%|██▌       | 22/88 [00:06<00:16,  3.93it/s, loss=1.496]
  epoch 1/3:  26%|██▌       | 23/88 [00:06<00:16,  3.93it/s, loss=1.496]
  epoch 1/3:  26%|██▌       | 23/88 [00:06<00:16,  3.93it/s, loss=1.489]
  epoch 1/3:  27%|██▋       | 24/88 [00:06<00:16,  3.87it/s, loss=1.489]
  epoch 1/3:  27%|██▋       | 24/88 [00:06<00:16,  3.87it/s, loss=1.483]
  epoch 1/3:  28%|██▊       | 25/88 [00:06<00:16,  3.90it/s, loss=1.483]
  epoch 1/3:  28%|██▊       | 25/88 [00:06<00:16,  3.90it/s, loss=1.478]
  epoch 1/3:  30%|██▉       | 26/88 [00:06<00:15,  3.91it/s, loss=1.478]
  epoch 1/3:  30%|██▉       | 26/88 [00:07<00:15,  3.91it/s, loss=1.471]
  epoch 1/3:  31%|███       | 27/88 [00:07<00:15,  3.92it/s, loss=1.471]
  epoch 1/3:  31%|███       | 27/88 [00:07<00:15,  3.92it/s, loss=1.466]
  epoch 1/3:  32%|███▏      | 28/88 [00:07<00:15,  3.91it/s, loss=1.466]
  epoch 1/3:  32%|███▏      | 28/88 [00:07<00:15,  3.91it/s, loss=1.455]
  epoch 1/3:  33%|███▎      | 29/88 [00:07<00:15,  3.92it/s, loss=1.455]
  epoch 1/3:  33%|███▎      | 29/88 [00:07<00:15,  3.92it/s, loss=1.448]
  epoch 1/3:  34%|███▍      | 30/88 [00:07<00:14,  3.91it/s, loss=1.448]
  epoch 1/3:  34%|███▍      | 30/88 [00:08<00:14,  3.91it/s, loss=1.435]
  epoch 1/3:  35%|███▌      | 31/88 [00:08<00:14,  3.93it/s, loss=1.435]
  epoch 1/3:  35%|███▌      | 31/88 [00:08<00:14,  3.93it/s, loss=1.429]
  epoch 1/3:  36%|███▋      | 32/88 [00:08<00:14,  3.92it/s, loss=1.429]
  epoch 1/3:  36%|███▋      | 32/88 [00:08<00:14,  3.92it/s, loss=1.422]
  epoch 1/3:  38%|███▊      | 33/88 [00:08<00:14,  3.93it/s, loss=1.422]
  epoch 1/3:  38%|███▊      | 33/88 [00:09<00:14,  3.93it/s, loss=1.418]
  epoch 1/3:  39%|███▊      | 34/88 [00:09<00:13,  3.93it/s, loss=1.418]
  epoch 1/3:  39%|███▊      | 34/88 [00:09<00:13,  3.93it/s, loss=1.412]
  epoch 1/3:  40%|███▉      | 35/88 [00:09<00:13,  3.92it/s, loss=1.412]
  epoch 1/3:  40%|███▉      | 35/88 [00:09<00:13,  3.92it/s, loss=1.407]
  epoch 1/3:  41%|████      | 36/88 [00:09<00:13,  3.93it/s, loss=1.407]
  epoch 1/3:  41%|████      | 36/88 [00:09<00:13,  3.93it/s, loss=1.404]
  epoch 1/3:  42%|████▏     | 37/88 [00:09<00:13,  3.91it/s, loss=1.404]
  epoch 1/3:  42%|████▏     | 37/88 [00:10<00:13,  3.91it/s, loss=1.398]
  epoch 1/3:  43%|████▎     | 38/88 [00:10<00:12,  3.91it/s, loss=1.398]
  epoch 1/3:  43%|████▎     | 38/88 [00:10<00:12,  3.91it/s, loss=1.391]
  epoch 1/3:  44%|████▍     | 39/88 [00:10<00:12,  3.91it/s, loss=1.391]
  epoch 1/3:  44%|████▍     | 39/88 [00:10<00:12,  3.91it/s, loss=1.384]
  epoch 1/3:  45%|████▌     | 40/88 [00:10<00:12,  3.84it/s, loss=1.384]
  epoch 1/3:  45%|████▌     | 40/88 [00:10<00:12,  3.84it/s, loss=1.378]
  epoch 1/3:  47%|████▋     | 41/88 [00:10<00:12,  3.86it/s, loss=1.378]
  epoch 1/3:  47%|████▋     | 41/88 [00:11<00:12,  3.86it/s, loss=1.373]
  epoch 1/3:  48%|████▊     | 42/88 [00:11<00:11,  3.85it/s, loss=1.373]
  epoch 1/3:  48%|████▊     | 42/88 [00:11<00:11,  3.85it/s, loss=1.365]
  epoch 1/3:  49%|████▉     | 43/88 [00:11<00:11,  3.88it/s, loss=1.365]
  epoch 1/3:  49%|████▉     | 43/88 [00:11<00:11,  3.88it/s, loss=1.358]
  epoch 1/3:  50%|█████     | 44/88 [00:11<00:11,  3.89it/s, loss=1.358]
  epoch 1/3:  50%|█████     | 44/88 [00:11<00:11,  3.89it/s, loss=1.350]
  epoch 1/3:  51%|█████     | 45/88 [00:11<00:11,  3.89it/s, loss=1.350]
  epoch 1/3:  51%|█████     | 45/88 [00:12<00:11,  3.89it/s, loss=1.346]
  epoch 1/3:  52%|█████▏    | 46/88 [00:12<00:10,  3.90it/s, loss=1.346]
  epoch 1/3:  52%|█████▏    | 46/88 [00:12<00:10,  3.90it/s, loss=1.339]
  epoch 1/3:  53%|█████▎    | 47/88 [00:12<00:10,  3.90it/s, loss=1.339]
  epoch 1/3:  53%|█████▎    | 47/88 [00:12<00:10,  3.90it/s, loss=1.331]
  epoch 1/3:  55%|█████▍    | 48/88 [00:12<00:10,  3.88it/s, loss=1.331]
  epoch 1/3:  55%|█████▍    | 48/88 [00:12<00:10,  3.88it/s, loss=1.324]
  epoch 1/3:  56%|█████▌    | 49/88 [00:12<00:09,  3.90it/s, loss=1.324]
  epoch 1/3:  56%|█████▌    | 49/88 [00:13<00:09,  3.90it/s, loss=1.318]
  epoch 1/3:  57%|█████▋    | 50/88 [00:13<00:09,  3.90it/s, loss=1.318]
  epoch 1/3:  57%|█████▋    | 50/88 [00:13<00:09,  3.90it/s, loss=1.311]
  epoch 1/3:  58%|█████▊    | 51/88 [00:13<00:09,  3.90it/s, loss=1.311]
  epoch 1/3:  58%|█████▊    | 51/88 [00:13<00:09,  3.90it/s, loss=1.302]
  epoch 1/3:  59%|█████▉    | 52/88 [00:13<00:09,  3.92it/s, loss=1.302]
  epoch 1/3:  59%|█████▉    | 52/88 [00:13<00:09,  3.92it/s, loss=1.295]
  epoch 1/3:  60%|██████    | 53/88 [00:13<00:08,  3.92it/s, loss=1.295]
  epoch 1/3:  60%|██████    | 53/88 [00:14<00:08,  3.92it/s, loss=1.288]
  epoch 1/3:  61%|██████▏   | 54/88 [00:14<00:08,  3.92it/s, loss=1.288]
  epoch 1/3:  61%|██████▏   | 54/88 [00:14<00:08,  3.92it/s, loss=1.281]
  epoch 1/3:  62%|██████▎   | 55/88 [00:14<00:08,  3.91it/s, loss=1.281]
  epoch 1/3:  62%|██████▎   | 55/88 [00:14<00:08,  3.91it/s, loss=1.276]
  epoch 1/3:  64%|██████▎   | 56/88 [00:14<00:08,  3.83it/s, loss=1.276]
  epoch 1/3:  64%|██████▎   | 56/88 [00:14<00:08,  3.83it/s, loss=1.268]
  epoch 1/3:  65%|██████▍   | 57/88 [00:14<00:08,  3.86it/s, loss=1.268]
  epoch 1/3:  65%|██████▍   | 57/88 [00:15<00:08,  3.86it/s, loss=1.262]
  epoch 1/3:  66%|██████▌   | 58/88 [00:15<00:07,  3.85it/s, loss=1.262]
  epoch 1/3:  66%|██████▌   | 58/88 [00:15<00:07,  3.85it/s, loss=1.256]
  epoch 1/3:  67%|██████▋   | 59/88 [00:15<00:07,  3.86it/s, loss=1.256]
  epoch 1/3:  67%|██████▋   | 59/88 [00:15<00:07,  3.86it/s, loss=1.248]
  epoch 1/3:  68%|██████▊   | 60/88 [00:15<00:07,  3.89it/s, loss=1.248]
  epoch 1/3:  68%|██████▊   | 60/88 [00:15<00:07,  3.89it/s, loss=1.240]
  epoch 1/3:  69%|██████▉   | 61/88 [00:15<00:06,  3.89it/s, loss=1.240]
  epoch 1/3:  69%|██████▉   | 61/88 [00:16<00:06,  3.89it/s, loss=1.235]
  epoch 1/3:  70%|███████   | 62/88 [00:16<00:06,  3.89it/s, loss=1.235]
  epoch 1/3:  70%|███████   | 62/88 [00:16<00:06,  3.89it/s, loss=1.227]
  epoch 1/3:  72%|███████▏  | 63/88 [00:16<00:06,  3.90it/s, loss=1.227]
  epoch 1/3:  72%|███████▏  | 63/88 [00:16<00:06,  3.90it/s, loss=1.221]
  epoch 1/3:  73%|███████▎  | 64/88 [00:16<00:06,  3.89it/s, loss=1.221]
  epoch 1/3:  73%|███████▎  | 64/88 [00:16<00:06,  3.89it/s, loss=1.216]
  epoch 1/3:  74%|███████▍  | 65/88 [00:16<00:05,  3.88it/s, loss=1.216]
  epoch 1/3:  74%|███████▍  | 65/88 [00:17<00:05,  3.88it/s, loss=1.209]
  epoch 1/3:  75%|███████▌  | 66/88 [00:17<00:05,  3.88it/s, loss=1.209]
  epoch 1/3:  75%|███████▌  | 66/88 [00:17<00:05,  3.88it/s, loss=1.205]
  epoch 1/3:  76%|███████▌  | 67/88 [00:17<00:05,  3.89it/s, loss=1.205]
  epoch 1/3:  76%|███████▌  | 67/88 [00:17<00:05,  3.89it/s, loss=1.200]
  epoch 1/3:  77%|███████▋  | 68/88 [00:17<00:05,  3.87it/s, loss=1.200]
  epoch 1/3:  77%|███████▋  | 68/88 [00:18<00:05,  3.87it/s, loss=1.195]
  epoch 1/3:  78%|███████▊  | 69/88 [00:18<00:04,  3.88it/s, loss=1.195]
  epoch 1/3:  78%|███████▊  | 69/88 [00:18<00:04,  3.88it/s, loss=1.190]
  epoch 1/3:  80%|███████▉  | 70/88 [00:18<00:04,  3.88it/s, loss=1.190]
  epoch 1/3:  80%|███████▉  | 70/88 [00:18<00:04,  3.88it/s, loss=1.184]
  epoch 1/3:  81%|████████  | 71/88 [00:18<00:04,  3.88it/s, loss=1.184]
  epoch 1/3:  81%|████████  | 71/88 [00:18<00:04,  3.88it/s, loss=1.180]
  epoch 1/3:  82%|████████▏ | 72/88 [00:18<00:04,  3.81it/s, loss=1.180]
  epoch 1/3:  82%|████████▏ | 72/88 [00:19<00:04,  3.81it/s, loss=1.173]
  epoch 1/3:  83%|████████▎ | 73/88 [00:19<00:03,  3.85it/s, loss=1.173]
  epoch 1/3:  83%|████████▎ | 73/88 [00:19<00:03,  3.85it/s, loss=1.167]
  epoch 1/3:  84%|████████▍ | 74/88 [00:19<00:03,  3.85it/s, loss=1.167]
  epoch 1/3:  84%|████████▍ | 74/88 [00:19<00:03,  3.85it/s, loss=1.161]
  epoch 1/3:  85%|████████▌ | 75/88 [00:19<00:03,  3.85it/s, loss=1.161]
  epoch 1/3:  85%|████████▌ | 75/88 [00:19<00:03,  3.85it/s, loss=1.156]
  epoch 1/3:  86%|████████▋ | 76/88 [00:19<00:03,  3.87it/s, loss=1.156]
  epoch 1/3:  86%|████████▋ | 76/88 [00:20<00:03,  3.87it/s, loss=1.152]
  epoch 1/3:  88%|████████▊ | 77/88 [00:20<00:02,  3.87it/s, loss=1.152]
  epoch 1/3:  88%|████████▊ | 77/88 [00:20<00:02,  3.87it/s, loss=1.147]
  epoch 1/3:  89%|████████▊ | 78/88 [00:20<00:02,  3.85it/s, loss=1.147]
  epoch 1/3:  89%|████████▊ | 78/88 [00:20<00:02,  3.85it/s, loss=1.143]
  epoch 1/3:  90%|████████▉ | 79/88 [00:20<00:02,  3.84it/s, loss=1.143]
  epoch 1/3:  90%|████████▉ | 79/88 [00:20<00:02,  3.84it/s, loss=1.137]
  epoch 1/3:  91%|█████████ | 80/88 [00:20<00:02,  3.83it/s, loss=1.137]
  epoch 1/3:  91%|█████████ | 80/88 [00:21<00:02,  3.83it/s, loss=1.130]
  epoch 1/3:  92%|█████████▏| 81/88 [00:21<00:01,  3.82it/s, loss=1.130]
  epoch 1/3:  92%|█████████▏| 81/88 [00:21<00:01,  3.82it/s, loss=1.126]
  epoch 1/3:  93%|█████████▎| 82/88 [00:21<00:01,  3.84it/s, loss=1.126]
  epoch 1/3:  93%|█████████▎| 82/88 [00:21<00:01,  3.84it/s, loss=1.120]
  epoch 1/3:  94%|█████████▍| 83/88 [00:21<00:01,  3.87it/s, loss=1.120]
  epoch 1/3:  94%|█████████▍| 83/88 [00:21<00:01,  3.87it/s, loss=1.117]
  epoch 1/3:  95%|█████████▌| 84/88 [00:21<00:01,  3.86it/s, loss=1.117]
  epoch 1/3:  95%|█████████▌| 84/88 [00:22<00:01,  3.86it/s, loss=1.111]
  epoch 1/3:  97%|█████████▋| 85/88 [00:22<00:00,  3.86it/s, loss=1.111]
  epoch 1/3:  97%|█████████▋| 85/88 [00:22<00:00,  3.86it/s, loss=1.105]
  epoch 1/3:  98%|█████████▊| 86/88 [00:22<00:00,  3.87it/s, loss=1.105]
  epoch 1/3:  98%|█████████▊| 86/88 [00:22<00:00,  3.87it/s, loss=1.099]
  epoch 1/3:  99%|█████████▉| 87/88 [00:22<00:00,  3.87it/s, loss=1.099]
  epoch 1/3:  99%|█████████▉| 87/88 [00:22<00:00,  3.87it/s, loss=1.096]
  epoch 1/3: 100%|██████████| 88/88 [00:22<00:00,  4.15it/s, loss=1.096]
                                                                        

  epoch 2/3:   0%|          | 0/88 [00:00<?, ?it/s]
  epoch 2/3:   0%|          | 0/88 [00:00<?, ?it/s, loss=0.551]
  epoch 2/3:   1%|          | 1/88 [00:00<01:24,  1.03it/s, loss=0.551]
  epoch 2/3:   1%|          | 1/88 [00:01<01:24,  1.03it/s, loss=0.546]
  epoch 2/3:   2%|▏         | 2/88 [00:01<00:47,  1.81it/s, loss=0.546]
  epoch 2/3:   2%|▏         | 2/88 [00:01<00:47,  1.81it/s, loss=0.590]
  epoch 2/3:   3%|▎         | 3/88 [00:01<00:35,  2.39it/s, loss=0.590]
  epoch 2/3:   3%|▎         | 3/88 [00:01<00:35,  2.39it/s, loss=0.600]
  epoch 2/3:   5%|▍         | 4/88 [00:01<00:29,  2.83it/s, loss=0.600]
  epoch 2/3:   5%|▍         | 4/88 [00:02<00:29,  2.83it/s, loss=0.590]
  epoch 2/3:   6%|▌         | 5/88 [00:02<00:34,  2.42it/s, loss=0.590]
  epoch 2/3:   6%|▌         | 5/88 [00:02<00:34,  2.42it/s, loss=0.585]
  epoch 2/3:   7%|▋         | 6/88 [00:02<00:29,  2.77it/s, loss=0.585]
  epoch 2/3:   7%|▋         | 6/88 [00:02<00:29,  2.77it/s, loss=0.589]
  epoch 2/3:   8%|▊         | 7/88 [00:02<00:26,  3.07it/s, loss=0.589]
  epoch 2/3:   8%|▊         | 7/88 [00:03<00:26,  3.07it/s, loss=0.594]
  epoch 2/3:   9%|▉         | 8/88 [00:03<00:24,  3.29it/s, loss=0.594]
  epoch 2/3:   9%|▉         | 8/88 [00:03<00:24,  3.29it/s, loss=0.587]
  epoch 2/3:  10%|█         | 9/88 [00:03<00:22,  3.44it/s, loss=0.587]
  epoch 2/3:  10%|█         | 9/88 [00:03<00:22,  3.44it/s, loss=0.587]
  epoch 2/3:  11%|█▏        | 10/88 [00:03<00:21,  3.56it/s, loss=0.587]
  epoch 2/3:  11%|█▏        | 10/88 [00:03<00:21,  3.56it/s, loss=0.584]
  epoch 2/3:  12%|█▎        | 11/88 [00:03<00:21,  3.67it/s, loss=0.584]
  epoch 2/3:  12%|█▎        | 11/88 [00:04<00:21,  3.67it/s, loss=0.585]
  epoch 2/3:  14%|█▎        | 12/88 [00:04<00:20,  3.73it/s, loss=0.585]
  epoch 2/3:  14%|█▎        | 12/88 [00:04<00:20,  3.73it/s, loss=0.582]
  epoch 2/3:  15%|█▍        | 13/88 [00:04<00:19,  3.76it/s, loss=0.582]
  epoch 2/3:  15%|█▍        | 13/88 [00:04<00:19,  3.76it/s, loss=0.587]
  epoch 2/3:  16%|█▌        | 14/88 [00:04<00:19,  3.80it/s, loss=0.587]
  epoch 2/3:  16%|█▌        | 14/88 [00:04<00:19,  3.80it/s, loss=0.583]
  epoch 2/3:  17%|█▋        | 15/88 [00:04<00:19,  3.83it/s, loss=0.583]
  epoch 2/3:  17%|█▋        | 15/88 [00:05<00:19,  3.83it/s, loss=0.580]
  epoch 2/3:  18%|█▊        | 16/88 [00:05<00:18,  3.80it/s, loss=0.580]
  epoch 2/3:  18%|█▊        | 16/88 [00:05<00:18,  3.80it/s, loss=0.576]
  epoch 2/3:  19%|█▉        | 17/88 [00:05<00:18,  3.83it/s, loss=0.576]
  epoch 2/3:  19%|█▉        | 17/88 [00:05<00:18,  3.83it/s, loss=0.581]
  epoch 2/3:  20%|██        | 18/88 [00:05<00:18,  3.83it/s, loss=0.581]
  epoch 2/3:  20%|██        | 18/88 [00:05<00:18,  3.83it/s, loss=0.580]
  epoch 2/3:  22%|██▏       | 19/88 [00:05<00:18,  3.83it/s, loss=0.580]
  epoch 2/3:  22%|██▏       | 19/88 [00:06<00:18,  3.83it/s, loss=0.588]
  epoch 2/3:  23%|██▎       | 20/88 [00:06<00:17,  3.87it/s, loss=0.588]
  epoch 2/3:  23%|██▎       | 20/88 [00:06<00:17,  3.87it/s, loss=0.584]
  epoch 2/3:  24%|██▍       | 21/88 [00:06<00:17,  3.87it/s, loss=0.584]
  epoch 2/3:  24%|██▍       | 21/88 [00:06<00:17,  3.87it/s, loss=0.580]
  epoch 2/3:  25%|██▌       | 22/88 [00:06<00:17,  3.86it/s, loss=0.580]
  epoch 2/3:  25%|██▌       | 22/88 [00:06<00:17,  3.86it/s, loss=0.578]
  epoch 2/3:  26%|██▌       | 23/88 [00:06<00:16,  3.87it/s, loss=0.578]
  epoch 2/3:  26%|██▌       | 23/88 [00:07<00:16,  3.87it/s, loss=0.579]
  epoch 2/3:  27%|██▋       | 24/88 [00:07<00:16,  3.88it/s, loss=0.579]
  epoch 2/3:  27%|██▋       | 24/88 [00:07<00:16,  3.88it/s, loss=0.573]
  epoch 2/3:  28%|██▊       | 25/88 [00:07<00:16,  3.87it/s, loss=0.573]
  epoch 2/3:  28%|██▊       | 25/88 [00:07<00:16,  3.87it/s, loss=0.567]
  epoch 2/3:  30%|██▉       | 26/88 [00:07<00:16,  3.86it/s, loss=0.567]
  epoch 2/3:  30%|██▉       | 26/88 [00:07<00:16,  3.86it/s, loss=0.572]
  epoch 2/3:  31%|███       | 27/88 [00:07<00:15,  3.89it/s, loss=0.572]
  epoch 2/3:  31%|███       | 27/88 [00:08<00:15,  3.89it/s, loss=0.568]
  epoch 2/3:  32%|███▏      | 28/88 [00:08<00:15,  3.89it/s, loss=0.568]
  epoch 2/3:  32%|███▏      | 28/88 [00:08<00:15,  3.89it/s, loss=0.565]
  epoch 2/3:  33%|███▎      | 29/88 [00:08<00:15,  3.89it/s, loss=0.565]
  epoch 2/3:  33%|███▎      | 29/88 [00:08<00:15,  3.89it/s, loss=0.563]
  epoch 2/3:  34%|███▍      | 30/88 [00:08<00:14,  3.92it/s, loss=0.563]
  epoch 2/3:  34%|███▍      | 30/88 [00:08<00:14,  3.92it/s, loss=0.563]
  epoch 2/3:  35%|███▌      | 31/88 [00:08<00:14,  3.91it/s, loss=0.563]
  epoch 2/3:  35%|███▌      | 31/88 [00:09<00:14,  3.91it/s, loss=0.560]
  epoch 2/3:  36%|███▋      | 32/88 [00:09<00:14,  3.85it/s, loss=0.560]
  epoch 2/3:  36%|███▋      | 32/88 [00:09<00:14,  3.85it/s, loss=0.558]
  epoch 2/3:  38%|███▊      | 33/88 [00:09<00:14,  3.84it/s, loss=0.558]
  epoch 2/3:  38%|███▊      | 33/88 [00:09<00:14,  3.84it/s, loss=0.555]
  epoch 2/3:  39%|███▊      | 34/88 [00:09<00:14,  3.84it/s, loss=0.555]
  epoch 2/3:  39%|███▊      | 34/88 [00:10<00:14,  3.84it/s, loss=0.554]
  epoch 2/3:  40%|███▉      | 35/88 [00:10<00:13,  3.85it/s, loss=0.554]
  epoch 2/3:  40%|███▉      | 35/88 [00:10<00:13,  3.85it/s, loss=0.550]
  epoch 2/3:  41%|████      | 36/88 [00:10<00:13,  3.87it/s, loss=0.550]
  epoch 2/3:  41%|████      | 36/88 [00:10<00:13,  3.87it/s, loss=0.547]
  epoch 2/3:  42%|████▏     | 37/88 [00:10<00:13,  3.88it/s, loss=0.547]
  epoch 2/3:  42%|████▏     | 37/88 [00:10<00:13,  3.88it/s, loss=0.546]
  epoch 2/3:  43%|████▎     | 38/88 [00:10<00:12,  3.91it/s, loss=0.546]
  epoch 2/3:  43%|████▎     | 38/88 [00:11<00:12,  3.91it/s, loss=0.541]
  epoch 2/3:  44%|████▍     | 39/88 [00:11<00:12,  3.90it/s, loss=0.541]
  epoch 2/3:  44%|████▍     | 39/88 [00:11<00:12,  3.90it/s, loss=0.541]
  epoch 2/3:  45%|████▌     | 40/88 [00:11<00:12,  3.87it/s, loss=0.541]
  epoch 2/3:  45%|████▌     | 40/88 [00:11<00:12,  3.87it/s, loss=0.538]
  epoch 2/3:  47%|████▋     | 41/88 [00:11<00:12,  3.86it/s, loss=0.538]
  epoch 2/3:  47%|████▋     | 41/88 [00:11<00:12,  3.86it/s, loss=0.536]
  epoch 2/3:  48%|████▊     | 42/88 [00:11<00:11,  3.88it/s, loss=0.536]
  epoch 2/3:  48%|████▊     | 42/88 [00:12<00:11,  3.88it/s, loss=0.537]
  epoch 2/3:  49%|████▉     | 43/88 [00:12<00:11,  3.89it/s, loss=0.537]
  epoch 2/3:  49%|████▉     | 43/88 [00:12<00:11,  3.89it/s, loss=0.535]
  epoch 2/3:  50%|█████     | 44/88 [00:12<00:11,  3.88it/s, loss=0.535]
  epoch 2/3:  50%|█████     | 44/88 [00:12<00:11,  3.88it/s, loss=0.534]
  epoch 2/3:  51%|█████     | 45/88 [00:12<00:11,  3.90it/s, loss=0.534]
  epoch 2/3:  51%|█████     | 45/88 [00:12<00:11,  3.90it/s, loss=0.529]
  epoch 2/3:  52%|█████▏    | 46/88 [00:12<00:10,  3.89it/s, loss=0.529]
  epoch 2/3:  52%|█████▏    | 46/88 [00:13<00:10,  3.89it/s, loss=0.528]
  epoch 2/3:  53%|█████▎    | 47/88 [00:13<00:10,  3.88it/s, loss=0.528]
  epoch 2/3:  53%|█████▎    | 47/88 [00:13<00:10,  3.88it/s, loss=0.525]
  epoch 2/3:  55%|█████▍    | 48/88 [00:13<00:10,  3.84it/s, loss=0.525]
  epoch 2/3:  55%|█████▍    | 48/88 [00:13<00:10,  3.84it/s, loss=0.522]
  epoch 2/3:  56%|█████▌    | 49/88 [00:13<00:10,  3.85it/s, loss=0.522]
  epoch 2/3:  56%|█████▌    | 49/88 [00:13<00:10,  3.85it/s, loss=0.521]
  epoch 2/3:  57%|█████▋    | 50/88 [00:13<00:09,  3.88it/s, loss=0.521]
  epoch 2/3:  57%|█████▋    | 50/88 [00:14<00:09,  3.88it/s, loss=0.518]
  epoch 2/3:  58%|█████▊    | 51/88 [00:14<00:09,  3.87it/s, loss=0.518]
  epoch 2/3:  58%|█████▊    | 51/88 [00:14<00:09,  3.87it/s, loss=0.514]
  epoch 2/3:  59%|█████▉    | 52/88 [00:14<00:09,  3.88it/s, loss=0.514]
  epoch 2/3:  59%|█████▉    | 52/88 [00:14<00:09,  3.88it/s, loss=0.513]
  epoch 2/3:  60%|██████    | 53/88 [00:14<00:08,  3.89it/s, loss=0.513]
  epoch 2/3:  60%|██████    | 53/88 [00:14<00:08,  3.89it/s, loss=0.512]
  epoch 2/3:  61%|██████▏   | 54/88 [00:14<00:08,  3.89it/s, loss=0.512]
  epoch 2/3:  61%|██████▏   | 54/88 [00:15<00:08,  3.89it/s, loss=0.512]
  epoch 2/3:  62%|██████▎   | 55/88 [00:15<00:08,  3.89it/s, loss=0.512]
  epoch 2/3:  62%|██████▎   | 55/88 [00:15<00:08,  3.89it/s, loss=0.510]
  epoch 2/3:  64%|██████▎   | 56/88 [00:15<00:08,  3.89it/s, loss=0.510]
  epoch 2/3:  64%|██████▎   | 56/88 [00:15<00:08,  3.89it/s, loss=0.509]
  epoch 2/3:  65%|██████▍   | 57/88 [00:15<00:07,  3.88it/s, loss=0.509]
  epoch 2/3:  65%|██████▍   | 57/88 [00:15<00:07,  3.88it/s, loss=0.506]
  epoch 2/3:  66%|██████▌   | 58/88 [00:15<00:07,  3.87it/s, loss=0.506]
  epoch 2/3:  66%|██████▌   | 58/88 [00:16<00:07,  3.87it/s, loss=0.505]
  epoch 2/3:  67%|██████▋   | 59/88 [00:16<00:07,  3.88it/s, loss=0.505]
  epoch 2/3:  67%|██████▋   | 59/88 [00:16<00:07,  3.88it/s, loss=0.503]
  epoch 2/3:  68%|██████▊   | 60/88 [00:16<00:07,  3.90it/s, loss=0.503]
  epoch 2/3:  68%|██████▊   | 60/88 [00:16<00:07,  3.90it/s, loss=0.502]
  epoch 2/3:  69%|██████▉   | 61/88 [00:16<00:06,  3.87it/s, loss=0.502]
  epoch 2/3:  69%|██████▉   | 61/88 [00:16<00:06,  3.87it/s, loss=0.501]
  epoch 2/3:  70%|███████   | 62/88 [00:16<00:06,  3.89it/s, loss=0.501]
  epoch 2/3:  70%|███████   | 62/88 [00:17<00:06,  3.89it/s, loss=0.498]
  epoch 2/3:  72%|███████▏  | 63/88 [00:17<00:06,  3.90it/s, loss=0.498]
  epoch 2/3:  72%|███████▏  | 63/88 [00:17<00:06,  3.90it/s, loss=0.496]
  epoch 2/3:  73%|███████▎  | 64/88 [00:17<00:06,  3.84it/s, loss=0.496]
  epoch 2/3:  73%|███████▎  | 64/88 [00:17<00:06,  3.84it/s, loss=0.495]
  epoch 2/3:  74%|███████▍  | 65/88 [00:17<00:05,  3.85it/s, loss=0.495]
  epoch 2/3:  74%|███████▍  | 65/88 [00:18<00:05,  3.85it/s, loss=0.493]
  epoch 2/3:  75%|███████▌  | 66/88 [00:18<00:05,  3.84it/s, loss=0.493]
  epoch 2/3:  75%|███████▌  | 66/88 [00:18<00:05,  3.84it/s, loss=0.493]
  epoch 2/3:  76%|███████▌  | 67/88 [00:18<00:05,  3.86it/s, loss=0.493]
  epoch 2/3:  76%|███████▌  | 67/88 [00:18<00:05,  3.86it/s, loss=0.494]
  epoch 2/3:  77%|███████▋  | 68/88 [00:18<00:05,  3.87it/s, loss=0.494]
  epoch 2/3:  77%|███████▋  | 68/88 [00:18<00:05,  3.87it/s, loss=0.492]
  epoch 2/3:  78%|███████▊  | 69/88 [00:18<00:04,  3.87it/s, loss=0.492]
  epoch 2/3:  78%|███████▊  | 69/88 [00:19<00:04,  3.87it/s, loss=0.488]
  epoch 2/3:  80%|███████▉  | 70/88 [00:19<00:04,  3.85it/s, loss=0.488]
  epoch 2/3:  80%|███████▉  | 70/88 [00:19<00:04,  3.85it/s, loss=0.486]
  epoch 2/3:  81%|████████  | 71/88 [00:19<00:04,  3.87it/s, loss=0.486]
  epoch 2/3:  81%|████████  | 71/88 [00:19<00:04,  3.87it/s, loss=0.483]
  epoch 2/3:  82%|████████▏ | 72/88 [00:19<00:04,  3.88it/s, loss=0.483]
  epoch 2/3:  82%|████████▏ | 72/88 [00:19<00:04,  3.88it/s, loss=0.482]
  epoch 2/3:  83%|████████▎ | 73/88 [00:19<00:03,  3.88it/s, loss=0.482]
  epoch 2/3:  83%|████████▎ | 73/88 [00:20<00:03,  3.88it/s, loss=0.478]
  epoch 2/3:  84%|████████▍ | 74/88 [00:20<00:03,  3.86it/s, loss=0.478]
  epoch 2/3:  84%|████████▍ | 74/88 [00:20<00:03,  3.86it/s, loss=0.476]
  epoch 2/3:  85%|████████▌ | 75/88 [00:20<00:03,  3.85it/s, loss=0.476]
  epoch 2/3:  85%|████████▌ | 75/88 [00:20<00:03,  3.85it/s, loss=0.473]
  epoch 2/3:  86%|████████▋ | 76/88 [00:20<00:03,  3.86it/s, loss=0.473]
  epoch 2/3:  86%|████████▋ | 76/88 [00:20<00:03,  3.86it/s, loss=0.470]
  epoch 2/3:  88%|████████▊ | 77/88 [00:20<00:02,  3.87it/s, loss=0.470]
  epoch 2/3:  88%|████████▊ | 77/88 [00:21<00:02,  3.87it/s, loss=0.469]
  epoch 2/3:  89%|████████▊ | 78/88 [00:21<00:02,  3.87it/s, loss=0.469]
  epoch 2/3:  89%|████████▊ | 78/88 [00:21<00:02,  3.87it/s, loss=0.467]
  epoch 2/3:  90%|████████▉ | 79/88 [00:21<00:02,  3.86it/s, loss=0.467]
  epoch 2/3:  90%|████████▉ | 79/88 [00:21<00:02,  3.86it/s, loss=0.464]
  epoch 2/3:  91%|█████████ | 80/88 [00:21<00:02,  3.82it/s, loss=0.464]
  epoch 2/3:  91%|█████████ | 80/88 [00:21<00:02,  3.82it/s, loss=0.463]
  epoch 2/3:  92%|█████████▏| 81/88 [00:21<00:01,  3.82it/s, loss=0.463]
  epoch 2/3:  92%|█████████▏| 81/88 [00:22<00:01,  3.82it/s, loss=0.462]
  epoch 2/3:  93%|█████████▎| 82/88 [00:22<00:01,  3.86it/s, loss=0.462]
  epoch 2/3:  93%|█████████▎| 82/88 [00:22<00:01,  3.86it/s, loss=0.459]
  epoch 2/3:  94%|█████████▍| 83/88 [00:22<00:01,  3.87it/s, loss=0.459]
  epoch 2/3:  94%|█████████▍| 83/88 [00:22<00:01,  3.87it/s, loss=0.457]
  epoch 2/3:  95%|█████████▌| 84/88 [00:22<00:01,  3.85it/s, loss=0.457]
  epoch 2/3:  95%|█████████▌| 84/88 [00:22<00:01,  3.85it/s, loss=0.457]
  epoch 2/3:  97%|█████████▋| 85/88 [00:22<00:00,  3.85it/s, loss=0.457]
  epoch 2/3:  97%|█████████▋| 85/88 [00:23<00:00,  3.85it/s, loss=0.456]
  epoch 2/3:  98%|█████████▊| 86/88 [00:23<00:00,  3.86it/s, loss=0.456]
  epoch 2/3:  98%|█████████▊| 86/88 [00:23<00:00,  3.86it/s, loss=0.456]
  epoch 2/3:  99%|█████████▉| 87/88 [00:23<00:00,  3.87it/s, loss=0.456]
  epoch 2/3:  99%|█████████▉| 87/88 [00:23<00:00,  3.87it/s, loss=0.454]
  epoch 2/3: 100%|██████████| 88/88 [00:23<00:00,  4.20it/s, loss=0.454]
                                                                        

  epoch 3/3:   0%|          | 0/88 [00:00<?, ?it/s]
  epoch 3/3:   0%|          | 0/88 [00:00<?, ?it/s, loss=0.523]
  epoch 3/3:   1%|          | 1/88 [00:00<00:48,  1.79it/s, loss=0.523]
  epoch 3/3:   1%|          | 1/88 [00:00<00:48,  1.79it/s, loss=0.410]
  epoch 3/3:   2%|▏         | 2/88 [00:00<00:32,  2.63it/s, loss=0.410]
  epoch 3/3:   2%|▏         | 2/88 [00:01<00:32,  2.63it/s, loss=0.395]
  epoch 3/3:   3%|▎         | 3/88 [00:01<00:27,  3.09it/s, loss=0.395]
  epoch 3/3:   3%|▎         | 3/88 [00:01<00:27,  3.09it/s, loss=0.365]
  epoch 3/3:   5%|▍         | 4/88 [00:01<00:24,  3.36it/s, loss=0.365]
  epoch 3/3:   5%|▍         | 4/88 [00:01<00:24,  3.36it/s, loss=0.370]
  epoch 3/3:   6%|▌         | 5/88 [00:01<00:23,  3.54it/s, loss=0.370]
  epoch 3/3:   6%|▌         | 5/88 [00:01<00:23,  3.54it/s, loss=0.355]
  epoch 3/3:   7%|▋         | 6/88 [00:01<00:22,  3.66it/s, loss=0.355]
  epoch 3/3:   7%|▋         | 6/88 [00:02<00:22,  3.66it/s, loss=0.345]
  epoch 3/3:   8%|▊         | 7/88 [00:02<00:21,  3.74it/s, loss=0.345]
  epoch 3/3:   8%|▊         | 7/88 [00:02<00:21,  3.74it/s, loss=0.347]
  epoch 3/3:   9%|▉         | 8/88 [00:02<00:21,  3.73it/s, loss=0.347]
  epoch 3/3:   9%|▉         | 8/88 [00:02<00:21,  3.73it/s, loss=0.346]
  epoch 3/3:  10%|█         | 9/88 [00:02<00:20,  3.78it/s, loss=0.346]
  epoch 3/3:  10%|█         | 9/88 [00:02<00:20,  3.78it/s, loss=0.357]
  epoch 3/3:  11%|█▏        | 10/88 [00:02<00:20,  3.79it/s, loss=0.357]
  epoch 3/3:  11%|█▏        | 10/88 [00:03<00:20,  3.79it/s, loss=0.349]
  epoch 3/3:  12%|█▎        | 11/88 [00:03<00:20,  3.83it/s, loss=0.349]
  epoch 3/3:  12%|█▎        | 11/88 [00:03<00:20,  3.83it/s, loss=0.343]
  epoch 3/3:  14%|█▎        | 12/88 [00:03<00:19,  3.85it/s, loss=0.343]
  epoch 3/3:  14%|█▎        | 12/88 [00:03<00:19,  3.85it/s, loss=0.341]
  epoch 3/3:  15%|█▍        | 13/88 [00:03<00:19,  3.87it/s, loss=0.341]
  epoch 3/3:  15%|█▍        | 13/88 [00:03<00:19,  3.87it/s, loss=0.343]
  epoch 3/3:  16%|█▌        | 14/88 [00:03<00:19,  3.87it/s, loss=0.343]
  epoch 3/3:  16%|█▌        | 14/88 [00:04<00:19,  3.87it/s, loss=0.345]
  epoch 3/3:  17%|█▋        | 15/88 [00:04<00:18,  3.89it/s, loss=0.345]
  epoch 3/3:  17%|█▋        | 15/88 [00:04<00:18,  3.89it/s, loss=0.337]
  epoch 3/3:  18%|█▊        | 16/88 [00:04<00:18,  3.87it/s, loss=0.337]
  epoch 3/3:  18%|█▊        | 16/88 [00:04<00:18,  3.87it/s, loss=0.333]
  epoch 3/3:  19%|█▉        | 17/88 [00:04<00:18,  3.88it/s, loss=0.333]
  epoch 3/3:  19%|█▉        | 17/88 [00:04<00:18,  3.88it/s, loss=0.331]
  epoch 3/3:  20%|██        | 18/88 [00:04<00:17,  3.89it/s, loss=0.331]
  epoch 3/3:  20%|██        | 18/88 [00:05<00:17,  3.89it/s, loss=0.327]
  epoch 3/3:  22%|██▏       | 19/88 [00:05<00:17,  3.89it/s, loss=0.327]
  epoch 3/3:  22%|██▏       | 19/88 [00:05<00:17,  3.89it/s, loss=0.327]
  epoch 3/3:  23%|██▎       | 20/88 [00:05<00:17,  3.88it/s, loss=0.327]
  epoch 3/3:  23%|██▎       | 20/88 [00:05<00:17,  3.88it/s, loss=0.327]
  epoch 3/3:  24%|██▍       | 21/88 [00:05<00:17,  3.91it/s, loss=0.327]
  epoch 3/3:  24%|██▍       | 21/88 [00:05<00:17,  3.91it/s, loss=0.322]
  epoch 3/3:  25%|██▌       | 22/88 [00:05<00:16,  3.89it/s, loss=0.322]
  epoch 3/3:  25%|██▌       | 22/88 [00:06<00:16,  3.89it/s, loss=0.327]
  epoch 3/3:  26%|██▌       | 23/88 [00:06<00:16,  3.88it/s, loss=0.327]
  epoch 3/3:  26%|██▌       | 23/88 [00:06<00:16,  3.88it/s, loss=0.319]
  epoch 3/3:  27%|██▋       | 24/88 [00:06<00:16,  3.84it/s, loss=0.319]
  epoch 3/3:  27%|██▋       | 24/88 [00:06<00:16,  3.84it/s, loss=0.312]
  epoch 3/3:  28%|██▊       | 25/88 [00:06<00:16,  3.87it/s, loss=0.312]
  epoch 3/3:  28%|██▊       | 25/88 [00:06<00:16,  3.87it/s, loss=0.309]
  epoch 3/3:  30%|██▉       | 26/88 [00:06<00:15,  3.88it/s, loss=0.309]
  epoch 3/3:  30%|██▉       | 26/88 [00:07<00:15,  3.88it/s, loss=0.306]
  epoch 3/3:  31%|███       | 27/88 [00:07<00:15,  3.90it/s, loss=0.306]
  epoch 3/3:  31%|███       | 27/88 [00:07<00:15,  3.90it/s, loss=0.309]
  epoch 3/3:  32%|███▏      | 28/88 [00:07<00:15,  3.90it/s, loss=0.309]
  epoch 3/3:  32%|███▏      | 28/88 [00:07<00:15,  3.90it/s, loss=0.305]
  epoch 3/3:  33%|███▎      | 29/88 [00:07<00:15,  3.88it/s, loss=0.305]
  epoch 3/3:  33%|███▎      | 29/88 [00:08<00:15,  3.88it/s, loss=0.304]
  epoch 3/3:  34%|███▍      | 30/88 [00:08<00:14,  3.88it/s, loss=0.304]
  epoch 3/3:  34%|███▍      | 30/88 [00:08<00:14,  3.88it/s, loss=0.305]
  epoch 3/3:  35%|███▌      | 31/88 [00:08<00:14,  3.90it/s, loss=0.305]
  epoch 3/3:  35%|███▌      | 31/88 [00:08<00:14,  3.90it/s, loss=0.304]
  epoch 3/3:  36%|███▋      | 32/88 [00:08<00:14,  3.91it/s, loss=0.304]
  epoch 3/3:  36%|███▋      | 32/88 [00:08<00:14,  3.91it/s, loss=0.305]
  epoch 3/3:  38%|███▊      | 33/88 [00:08<00:14,  3.93it/s, loss=0.305]
  epoch 3/3:  38%|███▊      | 33/88 [00:09<00:14,  3.93it/s, loss=0.305]
  epoch 3/3:  39%|███▊      | 34/88 [00:09<00:13,  3.91it/s, loss=0.305]
  epoch 3/3:  39%|███▊      | 34/88 [00:09<00:13,  3.91it/s, loss=0.302]
  epoch 3/3:  40%|███▉      | 35/88 [00:09<00:13,  3.92it/s, loss=0.302]
  epoch 3/3:  40%|███▉      | 35/88 [00:09<00:13,  3.92it/s, loss=0.301]
  epoch 3/3:  41%|████      | 36/88 [00:09<00:13,  3.92it/s, loss=0.301]
  epoch 3/3:  41%|████      | 36/88 [00:09<00:13,  3.92it/s, loss=0.297]
  epoch 3/3:  42%|████▏     | 37/88 [00:09<00:13,  3.92it/s, loss=0.297]
  epoch 3/3:  42%|████▏     | 37/88 [00:10<00:13,  3.92it/s, loss=0.294]
  epoch 3/3:  43%|████▎     | 38/88 [00:10<00:12,  3.92it/s, loss=0.294]
  epoch 3/3:  43%|████▎     | 38/88 [00:10<00:12,  3.92it/s, loss=0.294]
  epoch 3/3:  44%|████▍     | 39/88 [00:10<00:12,  3.92it/s, loss=0.294]
  epoch 3/3:  44%|████▍     | 39/88 [00:10<00:12,  3.92it/s, loss=0.295]
  epoch 3/3:  45%|████▌     | 40/88 [00:10<00:12,  3.86it/s, loss=0.295]
  epoch 3/3:  45%|████▌     | 40/88 [00:10<00:12,  3.86it/s, loss=0.294]
  epoch 3/3:  47%|████▋     | 41/88 [00:10<00:12,  3.87it/s, loss=0.294]
  epoch 3/3:  47%|████▋     | 41/88 [00:11<00:12,  3.87it/s, loss=0.291]
  epoch 3/3:  48%|████▊     | 42/88 [00:11<00:11,  3.89it/s, loss=0.291]
  epoch 3/3:  48%|████▊     | 42/88 [00:11<00:11,  3.89it/s, loss=0.292]
  epoch 3/3:  49%|████▉     | 43/88 [00:11<00:11,  3.88it/s, loss=0.292]
  epoch 3/3:  49%|████▉     | 43/88 [00:11<00:11,  3.88it/s, loss=0.290]
  epoch 3/3:  50%|█████     | 44/88 [00:11<00:11,  3.89it/s, loss=0.290]
  epoch 3/3:  50%|█████     | 44/88 [00:11<00:11,  3.89it/s, loss=0.287]
  epoch 3/3:  51%|█████     | 45/88 [00:11<00:11,  3.90it/s, loss=0.287]
  epoch 3/3:  51%|█████     | 45/88 [00:12<00:11,  3.90it/s, loss=0.286]
  epoch 3/3:  52%|█████▏    | 46/88 [00:12<00:10,  3.88it/s, loss=0.286]
  epoch 3/3:  52%|█████▏    | 46/88 [00:12<00:10,  3.88it/s, loss=0.287]
  epoch 3/3:  53%|█████▎    | 47/88 [00:12<00:10,  3.90it/s, loss=0.287]
  epoch 3/3:  53%|█████▎    | 47/88 [00:12<00:10,  3.90it/s, loss=0.286]
  epoch 3/3:  55%|█████▍    | 48/88 [00:12<00:10,  3.90it/s, loss=0.286]
  epoch 3/3:  55%|█████▍    | 48/88 [00:12<00:10,  3.90it/s, loss=0.284]
  epoch 3/3:  56%|█████▌    | 49/88 [00:12<00:10,  3.89it/s, loss=0.284]
  epoch 3/3:  56%|█████▌    | 49/88 [00:13<00:10,  3.89it/s, loss=0.284]
  epoch 3/3:  57%|█████▋    | 50/88 [00:13<00:09,  3.90it/s, loss=0.284]
  epoch 3/3:  57%|█████▋    | 50/88 [00:13<00:09,  3.90it/s, loss=0.283]
  epoch 3/3:  58%|█████▊    | 51/88 [00:13<00:09,  3.91it/s, loss=0.283]
  epoch 3/3:  58%|█████▊    | 51/88 [00:13<00:09,  3.91it/s, loss=0.282]
  epoch 3/3:  59%|█████▉    | 52/88 [00:13<00:09,  3.90it/s, loss=0.282]
  epoch 3/3:  59%|█████▉    | 52/88 [00:13<00:09,  3.90it/s, loss=0.279]
  epoch 3/3:  60%|██████    | 53/88 [00:13<00:08,  3.91it/s, loss=0.279]
  epoch 3/3:  60%|██████    | 53/88 [00:14<00:08,  3.91it/s, loss=0.275]
  epoch 3/3:  61%|██████▏   | 54/88 [00:14<00:08,  3.91it/s, loss=0.275]
  epoch 3/3:  61%|██████▏   | 54/88 [00:14<00:08,  3.91it/s, loss=0.272]
  epoch 3/3:  62%|██████▎   | 55/88 [00:14<00:08,  3.92it/s, loss=0.272]
  epoch 3/3:  62%|██████▎   | 55/88 [00:14<00:08,  3.92it/s, loss=0.272]
  epoch 3/3:  64%|██████▎   | 56/88 [00:14<00:08,  3.85it/s, loss=0.272]
  epoch 3/3:  64%|██████▎   | 56/88 [00:14<00:08,  3.85it/s, loss=0.272]
  epoch 3/3:  65%|██████▍   | 57/88 [00:14<00:07,  3.88it/s, loss=0.272]
  epoch 3/3:  65%|██████▍   | 57/88 [00:15<00:07,  3.88it/s, loss=0.269]
  epoch 3/3:  66%|██████▌   | 58/88 [00:15<00:07,  3.87it/s, loss=0.269]
  epoch 3/3:  66%|██████▌   | 58/88 [00:15<00:07,  3.87it/s, loss=0.267]
  epoch 3/3:  67%|██████▋   | 59/88 [00:15<00:07,  3.88it/s, loss=0.267]
  epoch 3/3:  67%|██████▋   | 59/88 [00:15<00:07,  3.88it/s, loss=0.264]
  epoch 3/3:  68%|██████▊   | 60/88 [00:15<00:07,  3.89it/s, loss=0.264]
  epoch 3/3:  68%|██████▊   | 60/88 [00:15<00:07,  3.89it/s, loss=0.265]
  epoch 3/3:  69%|██████▉   | 61/88 [00:15<00:06,  3.91it/s, loss=0.265]
  epoch 3/3:  69%|██████▉   | 61/88 [00:16<00:06,  3.91it/s, loss=0.263]
  epoch 3/3:  70%|███████   | 62/88 [00:16<00:06,  3.92it/s, loss=0.263]
  epoch 3/3:  70%|███████   | 62/88 [00:16<00:06,  3.92it/s, loss=0.262]
  epoch 3/3:  72%|███████▏  | 63/88 [00:16<00:06,  3.92it/s, loss=0.262]
  epoch 3/3:  72%|███████▏  | 63/88 [00:16<00:06,  3.92it/s, loss=0.262]
  epoch 3/3:  73%|███████▎  | 64/88 [00:16<00:06,  3.93it/s, loss=0.262]
  epoch 3/3:  73%|███████▎  | 64/88 [00:16<00:06,  3.93it/s, loss=0.261]
  epoch 3/3:  74%|███████▍  | 65/88 [00:16<00:05,  3.92it/s, loss=0.261]
  epoch 3/3:  74%|███████▍  | 65/88 [00:17<00:05,  3.92it/s, loss=0.260]
  epoch 3/3:  75%|███████▌  | 66/88 [00:17<00:05,  3.93it/s, loss=0.260]
  epoch 3/3:  75%|███████▌  | 66/88 [00:17<00:05,  3.93it/s, loss=0.259]
  epoch 3/3:  76%|███████▌  | 67/88 [00:17<00:05,  3.92it/s, loss=0.259]
  epoch 3/3:  76%|███████▌  | 67/88 [00:17<00:05,  3.92it/s, loss=0.259]
  epoch 3/3:  77%|███████▋  | 68/88 [00:17<00:05,  3.90it/s, loss=0.259]
  epoch 3/3:  77%|███████▋  | 68/88 [00:18<00:05,  3.90it/s, loss=0.260]
  epoch 3/3:  78%|███████▊  | 69/88 [00:18<00:04,  3.91it/s, loss=0.260]
  epoch 3/3:  78%|███████▊  | 69/88 [00:18<00:04,  3.91it/s, loss=0.259]
  epoch 3/3:  80%|███████▉  | 70/88 [00:18<00:04,  3.89it/s, loss=0.259]
  epoch 3/3:  80%|███████▉  | 70/88 [00:18<00:04,  3.89it/s, loss=0.257]
  epoch 3/3:  81%|████████  | 71/88 [00:18<00:04,  3.90it/s, loss=0.257]
  epoch 3/3:  81%|████████  | 71/88 [00:18<00:04,  3.90it/s, loss=0.256]
  epoch 3/3:  82%|████████▏ | 72/88 [00:18<00:04,  3.84it/s, loss=0.256]
  epoch 3/3:  82%|████████▏ | 72/88 [00:19<00:04,  3.84it/s, loss=0.255]
  epoch 3/3:  83%|████████▎ | 73/88 [00:19<00:03,  3.87it/s, loss=0.255]
  epoch 3/3:  83%|████████▎ | 73/88 [00:19<00:03,  3.87it/s, loss=0.254]
  epoch 3/3:  84%|████████▍ | 74/88 [00:19<00:03,  3.87it/s, loss=0.254]
  epoch 3/3:  84%|████████▍ | 74/88 [00:19<00:03,  3.87it/s, loss=0.256]
  epoch 3/3:  85%|████████▌ | 75/88 [00:19<00:03,  3.87it/s, loss=0.256]
  epoch 3/3:  85%|████████▌ | 75/88 [00:19<00:03,  3.87it/s, loss=0.254]
  epoch 3/3:  86%|████████▋ | 76/88 [00:19<00:03,  3.89it/s, loss=0.254]
  epoch 3/3:  86%|████████▋ | 76/88 [00:20<00:03,  3.89it/s, loss=0.253]
  epoch 3/3:  88%|████████▊ | 77/88 [00:20<00:02,  3.90it/s, loss=0.253]
  epoch 3/3:  88%|████████▊ | 77/88 [00:20<00:02,  3.90it/s, loss=0.252]
  epoch 3/3:  89%|████████▊ | 78/88 [00:20<00:02,  3.90it/s, loss=0.252]
  epoch 3/3:  89%|████████▊ | 78/88 [00:20<00:02,  3.90it/s, loss=0.251]
  epoch 3/3:  90%|████████▉ | 79/88 [00:20<00:02,  3.90it/s, loss=0.251]
  epoch 3/3:  90%|████████▉ | 79/88 [00:20<00:02,  3.90it/s, loss=0.250]
  epoch 3/3:  91%|█████████ | 80/88 [00:20<00:02,  3.92it/s, loss=0.250]
  epoch 3/3:  91%|█████████ | 80/88 [00:21<00:02,  3.92it/s, loss=0.248]
  epoch 3/3:  92%|█████████▏| 81/88 [00:21<00:01,  3.90it/s, loss=0.248]
  epoch 3/3:  92%|█████████▏| 81/88 [00:21<00:01,  3.90it/s, loss=0.248]
  epoch 3/3:  93%|█████████▎| 82/88 [00:21<00:01,  3.90it/s, loss=0.248]
  epoch 3/3:  93%|█████████▎| 82/88 [00:21<00:01,  3.90it/s, loss=0.248]
  epoch 3/3:  94%|█████████▍| 83/88 [00:21<00:01,  3.91it/s, loss=0.248]
  epoch 3/3:  94%|█████████▍| 83/88 [00:21<00:01,  3.91it/s, loss=0.247]
  epoch 3/3:  95%|█████████▌| 84/88 [00:21<00:01,  3.91it/s, loss=0.247]
  epoch 3/3:  95%|█████████▌| 84/88 [00:22<00:01,  3.91it/s, loss=0.247]
  epoch 3/3:  97%|█████████▋| 85/88 [00:22<00:00,  3.90it/s, loss=0.247]
  epoch 3/3:  97%|█████████▋| 85/88 [00:22<00:00,  3.90it/s, loss=0.247]
  epoch 3/3:  98%|█████████▊| 86/88 [00:22<00:00,  3.90it/s, loss=0.247]
  epoch 3/3:  98%|█████████▊| 86/88 [00:22<00:00,  3.90it/s, loss=0.246]
  epoch 3/3:  99%|█████████▉| 87/88 [00:22<00:00,  3.90it/s, loss=0.246]
  epoch 3/3:  99%|█████████▉| 87/88 [00:22<00:00,  3.90it/s, loss=0.245]
  epoch 3/3: 100%|██████████| 88/88 [00:22<00:00,  4.17it/s, loss=0.245]
                                                                        
[titans] reset=never | norm(state) sau task = 75.5305
[titans]   self-mod v:β=1.18 |W|=2.70
[titans]   eta_t(avg)=1.9180  alpha_t/forget-gate(avg)=1.0000
[task 5] test acc so far: 0.817  0.800  0.797  0.600  0.426  0.291
[task 5] NCM-blend gamma=0: 0.714  0.789  0.757  0.686  0.720  0.729
[task 5] NCM-blend gamma=0.1: 0.714  0.786  0.751  0.686  0.720  0.729
[task 5] NCM-blend gamma=0.25: 0.717  0.789  0.757  0.691  0.737  0.731
[task 5] NCM-blend gamma=0.5: 0.694  0.743  0.751  0.723  0.769  0.746
[task 5] NCM-blend gamma=0.75: 0.654  0.629  0.737  0.723  0.789  0.760
[task 5] NCM-blend gamma=1: 0.594  0.503  0.706  0.714  0.811  0.769
[checkpoint] đã lưu tiến độ sau task 5
[task 6] classes=[1, 6, 35, 39, 43] | train=2800

  epoch 1/3:   0%|          | 0/88 [00:00<?, ?it/s]
  epoch 1/3:   0%|          | 0/88 [00:00<?, ?it/s, loss=1.867]
  epoch 1/3:   1%|          | 1/88 [00:00<00:51,  1.69it/s, loss=1.867]
  epoch 1/3:   1%|          | 1/88 [00:00<00:51,  1.69it/s, loss=1.842]
  epoch 1/3:   2%|▏         | 2/88 [00:00<00:34,  2.50it/s, loss=1.842]
  epoch 1/3:   2%|▏         | 2/88 [00:01<00:34,  2.50it/s, loss=1.906]
  epoch 1/3:   3%|▎         | 3/88 [00:01<00:28,  2.98it/s, loss=1.906]
  epoch 1/3:   3%|▎         | 3/88 [00:01<00:28,  2.98it/s, loss=1.882]
  epoch 1/3:   5%|▍         | 4/88 [00:01<00:25,  3.31it/s, loss=1.882]
  epoch 1/3:   5%|▍         | 4/88 [00:01<00:25,  3.31it/s, loss=1.881]
  epoch 1/3:   6%|▌         | 5/88 [00:01<00:23,  3.50it/s, loss=1.881]
  epoch 1/3:   6%|▌         | 5/88 [00:01<00:23,  3.50it/s, loss=1.897]
  epoch 1/3:   7%|▋         | 6/88 [00:01<00:22,  3.65it/s, loss=1.897]
  epoch 1/3:   7%|▋         | 6/88 [00:02<00:22,  3.65it/s, loss=1.885]
  epoch 1/3:   8%|▊         | 7/88 [00:02<00:21,  3.73it/s, loss=1.885]
  epoch 1/3:   8%|▊         | 7/88 [00:02<00:21,  3.73it/s, loss=1.865]
  epoch 1/3:   9%|▉         | 8/88 [00:02<00:21,  3.79it/s, loss=1.865]
  epoch 1/3:   9%|▉         | 8/88 [00:02<00:21,  3.79it/s, loss=1.845]
  epoch 1/3:  10%|█         | 9/88 [00:02<00:20,  3.83it/s, loss=1.845]
  epoch 1/3:  10%|█         | 9/88 [00:02<00:20,  3.83it/s, loss=1.843]
  epoch 1/3:  11%|█▏        | 10/88 [00:02<00:20,  3.87it/s, loss=1.843]
  epoch 1/3:  11%|█▏        | 10/88 [00:03<00:20,  3.87it/s, loss=1.825]
  epoch 1/3:  12%|█▎        | 11/88 [00:03<00:19,  3.88it/s, loss=1.825]
  epoch 1/3:  12%|█▎        | 11/88 [00:03<00:19,  3.88it/s, loss=1.811]
  epoch 1/3:  14%|█▎        | 12/88 [00:03<00:19,  3.88it/s, loss=1.811]
  epoch 1/3:  14%|█▎        | 12/88 [00:03<00:19,  3.88it/s, loss=1.810]
  epoch 1/3:  15%|█▍        | 13/88 [00:03<00:19,  3.92it/s, loss=1.810]
  epoch 1/3:  15%|█▍        | 13/88 [00:03<00:19,  3.92it/s, loss=1.794]
  epoch 1/3:  16%|█▌        | 14/88 [00:03<00:18,  3.91it/s, loss=1.794]
  epoch 1/3:  16%|█▌        | 14/88 [00:04<00:18,  3.91it/s, loss=1.781]
  epoch 1/3:  17%|█▋        | 15/88 [00:04<00:18,  3.92it/s, loss=1.781]
  epoch 1/3:  17%|█▋        | 15/88 [00:04<00:18,  3.92it/s, loss=1.781]
  epoch 1/3:  18%|█▊        | 16/88 [00:04<00:18,  3.86it/s, loss=1.781]
  epoch 1/3:  18%|█▊        | 16/88 [00:04<00:18,  3.86it/s, loss=1.767]
  epoch 1/3:  19%|█▉        | 17/88 [00:04<00:18,  3.87it/s, loss=1.767]
  epoch 1/3:  19%|█▉        | 17/88 [00:04<00:18,  3.87it/s, loss=1.757]
  epoch 1/3:  20%|██        | 18/88 [00:04<00:18,  3.88it/s, loss=1.757]
  epoch 1/3:  20%|██        | 18/88 [00:05<00:18,  3.88it/s, loss=1.752]
  epoch 1/3:  22%|██▏       | 19/88 [00:05<00:17,  3.86it/s, loss=1.752]
  epoch 1/3:  22%|██▏       | 19/88 [00:05<00:17,  3.86it/s, loss=1.734]
  epoch 1/3:  23%|██▎       | 20/88 [00:05<00:17,  3.86it/s, loss=1.734]
  epoch 1/3:  23%|██▎       | 20/88 [00:05<00:17,  3.86it/s, loss=1.726]
  epoch 1/3:  24%|██▍       | 21/88 [00:05<00:17,  3.89it/s, loss=1.726]
  epoch 1/3:  24%|██▍       | 21/88 [00:05<00:17,  3.89it/s, loss=1.710]
  epoch 1/3:  25%|██▌       | 22/88 [00:05<00:16,  3.89it/s, loss=1.710]
  epoch 1/3:  25%|██▌       | 22/88 [00:06<00:16,  3.89it/s, loss=1.699]
  epoch 1/3:  26%|██▌       | 23/88 [00:06<00:16,  3.88it/s, loss=1.699]
  epoch 1/3:  26%|██▌       | 23/88 [00:06<00:16,  3.88it/s, loss=1.691]
  epoch 1/3:  27%|██▋       | 24/88 [00:06<00:16,  3.90it/s, loss=1.691]
  epoch 1/3:  27%|██▋       | 24/88 [00:06<00:16,  3.90it/s, loss=1.682]
  epoch 1/3:  28%|██▊       | 25/88 [00:06<00:16,  3.89it/s, loss=1.682]
  epoch 1/3:  28%|██▊       | 25/88 [00:07<00:16,  3.89it/s, loss=1.675]
  epoch 1/3:  30%|██▉       | 26/88 [00:07<00:15,  3.88it/s, loss=1.675]
  epoch 1/3:  30%|██▉       | 26/88 [00:07<00:15,  3.88it/s, loss=1.665]
  epoch 1/3:  31%|███       | 27/88 [00:07<00:15,  3.90it/s, loss=1.665]
  epoch 1/3:  31%|███       | 27/88 [00:07<00:15,  3.90it/s, loss=1.656]
  epoch 1/3:  32%|███▏      | 28/88 [00:07<00:15,  3.90it/s, loss=1.656]
  epoch 1/3:  32%|███▏      | 28/88 [00:07<00:15,  3.90it/s, loss=1.648]
  epoch 1/3:  33%|███▎      | 29/88 [00:07<00:15,  3.87it/s, loss=1.648]
  epoch 1/3:  33%|███▎      | 29/88 [00:08<00:15,  3.87it/s, loss=1.638]
  epoch 1/3:  34%|███▍      | 30/88 [00:08<00:14,  3.87it/s, loss=1.638]
  epoch 1/3:  34%|███▍      | 30/88 [00:08<00:14,  3.87it/s, loss=1.634]
  epoch 1/3:  35%|███▌      | 31/88 [00:08<00:14,  3.88it/s, loss=1.634]
  epoch 1/3:  35%|███▌      | 31/88 [00:08<00:14,  3.88it/s, loss=1.625]
  epoch 1/3:  36%|███▋      | 32/88 [00:08<00:14,  3.83it/s, loss=1.625]
  epoch 1/3:  36%|███▋      | 32/88 [00:08<00:14,  3.83it/s, loss=1.617]
  epoch 1/3:  38%|███▊      | 33/88 [00:08<00:14,  3.86it/s, loss=1.617]
  epoch 1/3:  38%|███▊      | 33/88 [00:09<00:14,  3.86it/s, loss=1.609]
  epoch 1/3:  39%|███▊      | 34/88 [00:09<00:13,  3.88it/s, loss=1.609]
  epoch 1/3:  39%|███▊      | 34/88 [00:09<00:13,  3.88it/s, loss=1.598]
  epoch 1/3:  40%|███▉      | 35/88 [00:09<00:13,  3.90it/s, loss=1.598]
  epoch 1/3:  40%|███▉      | 35/88 [00:09<00:13,  3.90it/s, loss=1.589]
  epoch 1/3:  41%|████      | 36/88 [00:09<00:13,  3.89it/s, loss=1.589]
  epoch 1/3:  41%|████      | 36/88 [00:09<00:13,  3.89it/s, loss=1.577]
  epoch 1/3:  42%|████▏     | 37/88 [00:09<00:13,  3.88it/s, loss=1.577]
  epoch 1/3:  42%|████▏     | 37/88 [00:10<00:13,  3.88it/s, loss=1.567]
  epoch 1/3:  43%|████▎     | 38/88 [00:10<00:12,  3.89it/s, loss=1.567]
  epoch 1/3:  43%|████▎     | 38/88 [00:10<00:12,  3.89it/s, loss=1.557]
  epoch 1/3:  44%|████▍     | 39/88 [00:10<00:12,  3.90it/s, loss=1.557]
  epoch 1/3:  44%|████▍     | 39/88 [00:10<00:12,  3.90it/s, loss=1.548]
  epoch 1/3:  45%|████▌     | 40/88 [00:10<00:12,  3.90it/s, loss=1.548]
  epoch 1/3:  45%|████▌     | 40/88 [00:10<00:12,  3.90it/s, loss=1.541]
  epoch 1/3:  47%|████▋     | 41/88 [00:10<00:12,  3.91it/s, loss=1.541]
  epoch 1/3:  47%|████▋     | 41/88 [00:11<00:12,  3.91it/s, loss=1.530]
  epoch 1/3:  48%|████▊     | 42/88 [00:11<00:11,  3.89it/s, loss=1.530]
  epoch 1/3:  48%|████▊     | 42/88 [00:11<00:11,  3.89it/s, loss=1.522]
  epoch 1/3:  49%|████▉     | 43/88 [00:11<00:11,  3.87it/s, loss=1.522]
  epoch 1/3:  49%|████▉     | 43/88 [00:11<00:11,  3.87it/s, loss=1.516]
  epoch 1/3:  50%|█████     | 44/88 [00:11<00:11,  3.88it/s, loss=1.516]
  epoch 1/3:  50%|█████     | 44/88 [00:11<00:11,  3.88it/s, loss=1.507]
  epoch 1/3:  51%|█████     | 45/88 [00:11<00:11,  3.89it/s, loss=1.507]
  epoch 1/3:  51%|█████     | 45/88 [00:12<00:11,  3.89it/s, loss=1.496]
  epoch 1/3:  52%|█████▏    | 46/88 [00:12<00:10,  3.88it/s, loss=1.496]
  epoch 1/3:  52%|█████▏    | 46/88 [00:12<00:10,  3.88it/s, loss=1.489]
  epoch 1/3:  53%|█████▎    | 47/88 [00:12<00:10,  3.88it/s, loss=1.489]
  epoch 1/3:  53%|█████▎    | 47/88 [00:12<00:10,  3.88it/s, loss=1.483]
  epoch 1/3:  55%|█████▍    | 48/88 [00:12<00:10,  3.85it/s, loss=1.483]
  epoch 1/3:  55%|█████▍    | 48/88 [00:12<00:10,  3.85it/s, loss=1.477]
  epoch 1/3:  56%|█████▌    | 49/88 [00:12<00:10,  3.88it/s, loss=1.477]
  epoch 1/3:  56%|█████▌    | 49/88 [00:13<00:10,  3.88it/s, loss=1.472]
  epoch 1/3:  57%|█████▋    | 50/88 [00:13<00:09,  3.88it/s, loss=1.472]
  epoch 1/3:  57%|█████▋    | 50/88 [00:13<00:09,  3.88it/s, loss=1.464]
  epoch 1/3:  58%|█████▊    | 51/88 [00:13<00:09,  3.88it/s, loss=1.464]
  epoch 1/3:  58%|█████▊    | 51/88 [00:13<00:09,  3.88it/s, loss=1.456]
  epoch 1/3:  59%|█████▉    | 52/88 [00:13<00:09,  3.89it/s, loss=1.456]
  epoch 1/3:  59%|█████▉    | 52/88 [00:13<00:09,  3.89it/s, loss=1.449]
  epoch 1/3:  60%|██████    | 53/88 [00:13<00:08,  3.89it/s, loss=1.449]
  epoch 1/3:  60%|██████    | 53/88 [00:14<00:08,  3.89it/s, loss=1.443]
  epoch 1/3:  61%|██████▏   | 54/88 [00:14<00:08,  3.87it/s, loss=1.443]
  epoch 1/3:  61%|██████▏   | 54/88 [00:14<00:08,  3.87it/s, loss=1.435]
  epoch 1/3:  62%|██████▎   | 55/88 [00:14<00:08,  3.89it/s, loss=1.435]
  epoch 1/3:  62%|██████▎   | 55/88 [00:14<00:08,  3.89it/s, loss=1.430]
  epoch 1/3:  64%|██████▎   | 56/88 [00:14<00:08,  3.89it/s, loss=1.430]
  epoch 1/3:  64%|██████▎   | 56/88 [00:14<00:08,  3.89it/s, loss=1.422]
  epoch 1/3:  65%|██████▍   | 57/88 [00:14<00:08,  3.87it/s, loss=1.422]
  epoch 1/3:  65%|██████▍   | 57/88 [00:15<00:08,  3.87it/s, loss=1.416]
  epoch 1/3:  66%|██████▌   | 58/88 [00:15<00:07,  3.87it/s, loss=1.416]
  epoch 1/3:  66%|██████▌   | 58/88 [00:15<00:07,  3.87it/s, loss=1.406]
  epoch 1/3:  67%|██████▋   | 59/88 [00:15<00:07,  3.90it/s, loss=1.406]
  epoch 1/3:  67%|██████▋   | 59/88 [00:15<00:07,  3.90it/s, loss=1.401]
  epoch 1/3:  68%|██████▊   | 60/88 [00:15<00:07,  3.89it/s, loss=1.401]
  epoch 1/3:  68%|██████▊   | 60/88 [00:16<00:07,  3.89it/s, loss=1.391]
  epoch 1/3:  69%|██████▉   | 61/88 [00:16<00:06,  3.89it/s, loss=1.391]
  epoch 1/3:  69%|██████▉   | 61/88 [00:16<00:06,  3.89it/s, loss=1.383]
  epoch 1/3:  70%|███████   | 62/88 [00:16<00:06,  3.89it/s, loss=1.383]
  epoch 1/3:  70%|███████   | 62/88 [00:16<00:06,  3.89it/s, loss=1.375]
  epoch 1/3:  72%|███████▏  | 63/88 [00:16<00:06,  3.89it/s, loss=1.375]
  epoch 1/3:  72%|███████▏  | 63/88 [00:16<00:06,  3.89it/s, loss=1.368]
  epoch 1/3:  73%|███████▎  | 64/88 [00:16<00:06,  3.81it/s, loss=1.368]
  epoch 1/3:  73%|███████▎  | 64/88 [00:17<00:06,  3.81it/s, loss=1.362]
  epoch 1/3:  74%|███████▍  | 65/88 [00:17<00:05,  3.85it/s, loss=1.362]
  epoch 1/3:  74%|███████▍  | 65/88 [00:17<00:05,  3.85it/s, loss=1.356]
  epoch 1/3:  75%|███████▌  | 66/88 [00:17<00:05,  3.86it/s, loss=1.356]
  epoch 1/3:  75%|███████▌  | 66/88 [00:17<00:05,  3.86it/s, loss=1.349]
  epoch 1/3:  76%|███████▌  | 67/88 [00:17<00:05,  3.86it/s, loss=1.349]
  epoch 1/3:  76%|███████▌  | 67/88 [00:17<00:05,  3.86it/s, loss=1.340]
  epoch 1/3:  77%|███████▋  | 68/88 [00:17<00:05,  3.88it/s, loss=1.340]
  epoch 1/3:  77%|███████▋  | 68/88 [00:18<00:05,  3.88it/s, loss=1.334]
  epoch 1/3:  78%|███████▊  | 69/88 [00:18<00:04,  3.87it/s, loss=1.334]
  epoch 1/3:  78%|███████▊  | 69/88 [00:18<00:04,  3.87it/s, loss=1.326]
  epoch 1/3:  80%|███████▉  | 70/88 [00:18<00:04,  3.87it/s, loss=1.326]
  epoch 1/3:  80%|███████▉  | 70/88 [00:18<00:04,  3.87it/s, loss=1.321]
  epoch 1/3:  81%|████████  | 71/88 [00:18<00:04,  3.87it/s, loss=1.321]
  epoch 1/3:  81%|████████  | 71/88 [00:18<00:04,  3.87it/s, loss=1.317]
  epoch 1/3:  82%|████████▏ | 72/88 [00:18<00:04,  3.88it/s, loss=1.317]
  epoch 1/3:  82%|████████▏ | 72/88 [00:19<00:04,  3.88it/s, loss=1.309]
  epoch 1/3:  83%|████████▎ | 73/88 [00:19<00:03,  3.88it/s, loss=1.309]
  epoch 1/3:  83%|████████▎ | 73/88 [00:19<00:03,  3.88it/s, loss=1.302]
  epoch 1/3:  84%|████████▍ | 74/88 [00:19<00:03,  3.89it/s, loss=1.302]
  epoch 1/3:  84%|████████▍ | 74/88 [00:19<00:03,  3.89it/s, loss=1.296]
  epoch 1/3:  85%|████████▌ | 75/88 [00:19<00:03,  3.89it/s, loss=1.296]
  epoch 1/3:  85%|████████▌ | 75/88 [00:19<00:03,  3.89it/s, loss=1.289]
  epoch 1/3:  86%|████████▋ | 76/88 [00:19<00:03,  3.88it/s, loss=1.289]
  epoch 1/3:  86%|████████▋ | 76/88 [00:20<00:03,  3.88it/s, loss=1.284]
  epoch 1/3:  88%|████████▊ | 77/88 [00:20<00:02,  3.86it/s, loss=1.284]
  epoch 1/3:  88%|████████▊ | 77/88 [00:20<00:02,  3.86it/s, loss=1.277]
  epoch 1/3:  89%|████████▊ | 78/88 [00:20<00:02,  3.86it/s, loss=1.277]
  epoch 1/3:  89%|████████▊ | 78/88 [00:20<00:02,  3.86it/s, loss=1.269]
  epoch 1/3:  90%|████████▉ | 79/88 [00:20<00:02,  3.88it/s, loss=1.269]
  epoch 1/3:  90%|████████▉ | 79/88 [00:20<00:02,  3.88it/s, loss=1.262]
  epoch 1/3:  91%|█████████ | 80/88 [00:20<00:02,  3.81it/s, loss=1.262]
  epoch 1/3:  91%|█████████ | 80/88 [00:21<00:02,  3.81it/s, loss=1.254]
  epoch 1/3:  92%|█████████▏| 81/88 [00:21<00:01,  3.84it/s, loss=1.254]
  epoch 1/3:  92%|█████████▏| 81/88 [00:21<00:01,  3.84it/s, loss=1.249]
  epoch 1/3:  93%|█████████▎| 82/88 [00:21<00:01,  3.85it/s, loss=1.249]
  epoch 1/3:  93%|█████████▎| 82/88 [00:21<00:01,  3.85it/s, loss=1.242]
  epoch 1/3:  94%|█████████▍| 83/88 [00:21<00:01,  3.85it/s, loss=1.242]
  epoch 1/3:  94%|█████████▍| 83/88 [00:21<00:01,  3.85it/s, loss=1.237]
  epoch 1/3:  95%|█████████▌| 84/88 [00:21<00:01,  3.84it/s, loss=1.237]
  epoch 1/3:  95%|█████████▌| 84/88 [00:22<00:01,  3.84it/s, loss=1.230]
  epoch 1/3:  97%|█████████▋| 85/88 [00:22<00:00,  3.84it/s, loss=1.230]
  epoch 1/3:  97%|█████████▋| 85/88 [00:22<00:00,  3.84it/s, loss=1.224]
  epoch 1/3:  98%|█████████▊| 86/88 [00:22<00:00,  3.86it/s, loss=1.224]
  epoch 1/3:  98%|█████████▊| 86/88 [00:22<00:00,  3.86it/s, loss=1.217]
  epoch 1/3:  99%|█████████▉| 87/88 [00:22<00:00,  3.87it/s, loss=1.217]
  epoch 1/3:  99%|█████████▉| 87/88 [00:22<00:00,  3.87it/s, loss=1.214]
  epoch 1/3: 100%|██████████| 88/88 [00:22<00:00,  4.20it/s, loss=1.214]
                                                                        

  epoch 2/3:   0%|          | 0/88 [00:00<?, ?it/s]
  epoch 2/3:   0%|          | 0/88 [00:00<?, ?it/s, loss=0.619]
  epoch 2/3:   1%|          | 1/88 [00:00<00:48,  1.80it/s, loss=0.619]
  epoch 2/3:   1%|          | 1/88 [00:00<00:48,  1.80it/s, loss=0.614]
  epoch 2/3:   2%|▏         | 2/88 [00:00<00:32,  2.62it/s, loss=0.614]
  epoch 2/3:   2%|▏         | 2/88 [00:01<00:32,  2.62it/s, loss=0.626]
  epoch 2/3:   3%|▎         | 3/88 [00:01<00:27,  3.08it/s, loss=0.626]
  epoch 2/3:   3%|▎         | 3/88 [00:01<00:27,  3.08it/s, loss=0.643]
  epoch 2/3:   5%|▍         | 4/88 [00:01<00:24,  3.37it/s, loss=0.643]
  epoch 2/3:   5%|▍         | 4/88 [00:01<00:24,  3.37it/s, loss=0.633]
  epoch 2/3:   6%|▌         | 5/88 [00:01<00:23,  3.52it/s, loss=0.633]
  epoch 2/3:   6%|▌         | 5/88 [00:01<00:23,  3.52it/s, loss=0.639]
  epoch 2/3:   7%|▋         | 6/88 [00:01<00:22,  3.64it/s, loss=0.639]
  epoch 2/3:   7%|▋         | 6/88 [00:02<00:22,  3.64it/s, loss=0.638]
  epoch 2/3:   8%|▊         | 7/88 [00:02<00:21,  3.73it/s, loss=0.638]
  epoch 2/3:   8%|▊         | 7/88 [00:02<00:21,  3.73it/s, loss=0.646]
  epoch 2/3:   9%|▉         | 8/88 [00:02<00:21,  3.72it/s, loss=0.646]
  epoch 2/3:   9%|▉         | 8/88 [00:02<00:21,  3.72it/s, loss=0.637]
  epoch 2/3:  10%|█         | 9/88 [00:02<00:20,  3.78it/s, loss=0.637]
  epoch 2/3:  10%|█         | 9/88 [00:02<00:20,  3.78it/s, loss=0.627]
  epoch 2/3:  11%|█▏        | 10/88 [00:02<00:20,  3.80it/s, loss=0.627]
  epoch 2/3:  11%|█▏        | 10/88 [00:03<00:20,  3.80it/s, loss=0.639]
  epoch 2/3:  12%|█▎        | 11/88 [00:03<00:20,  3.84it/s, loss=0.639]
  epoch 2/3:  12%|█▎        | 11/88 [00:03<00:20,  3.84it/s, loss=0.631]
  epoch 2/3:  14%|█▎        | 12/88 [00:03<00:19,  3.86it/s, loss=0.631]
  epoch 2/3:  14%|█▎        | 12/88 [00:03<00:19,  3.86it/s, loss=0.633]
  epoch 2/3:  15%|█▍        | 13/88 [00:03<00:19,  3.86it/s, loss=0.633]
  epoch 2/3:  15%|█▍        | 13/88 [00:03<00:19,  3.86it/s, loss=0.632]
  epoch 2/3:  16%|█▌        | 14/88 [00:03<00:19,  3.85it/s, loss=0.632]
  epoch 2/3:  16%|█▌        | 14/88 [00:04<00:19,  3.85it/s, loss=0.628]
  epoch 2/3:  17%|█▋        | 15/88 [00:04<00:18,  3.86it/s, loss=0.628]
  epoch 2/3:  17%|█▋        | 15/88 [00:04<00:18,  3.86it/s, loss=0.624]
  epoch 2/3:  18%|█▊        | 16/88 [00:04<00:18,  3.88it/s, loss=0.624]
  epoch 2/3:  18%|█▊        | 16/88 [00:04<00:18,  3.88it/s, loss=0.619]
  epoch 2/3:  19%|█▉        | 17/88 [00:04<00:18,  3.87it/s, loss=0.619]
  epoch 2/3:  19%|█▉        | 17/88 [00:04<00:18,  3.87it/s, loss=0.618]
  epoch 2/3:  20%|██        | 18/88 [00:04<00:18,  3.87it/s, loss=0.618]
  epoch 2/3:  20%|██        | 18/88 [00:05<00:18,  3.87it/s, loss=0.613]
  epoch 2/3:  22%|██▏       | 19/88 [00:05<00:17,  3.89it/s, loss=0.613]
  epoch 2/3:  22%|██▏       | 19/88 [00:05<00:17,  3.89it/s, loss=0.616]
  epoch 2/3:  23%|██▎       | 20/88 [00:05<00:17,  3.89it/s, loss=0.616]
  epoch 2/3:  23%|██▎       | 20/88 [00:05<00:17,  3.89it/s, loss=0.614]
  epoch 2/3:  24%|██▍       | 21/88 [00:05<00:17,  3.88it/s, loss=0.614]
  epoch 2/3:  24%|██▍       | 21/88 [00:05<00:17,  3.88it/s, loss=0.616]
  epoch 2/3:  25%|██▌       | 22/88 [00:05<00:16,  3.88it/s, loss=0.616]
  epoch 2/3:  25%|██▌       | 22/88 [00:06<00:16,  3.88it/s, loss=0.609]
  epoch 2/3:  26%|██▌       | 23/88 [00:06<00:16,  3.89it/s, loss=0.609]
  epoch 2/3:  26%|██▌       | 23/88 [00:06<00:16,  3.89it/s, loss=0.604]
  epoch 2/3:  27%|██▋       | 24/88 [00:06<00:16,  3.83it/s, loss=0.604]
  epoch 2/3:  27%|██▋       | 24/88 [00:06<00:16,  3.83it/s, loss=0.602]
  epoch 2/3:  28%|██▊       | 25/88 [00:06<00:16,  3.85it/s, loss=0.602]
  epoch 2/3:  28%|██▊       | 25/88 [00:07<00:16,  3.85it/s, loss=0.600]
  epoch 2/3:  30%|██▉       | 26/88 [00:07<00:16,  3.85it/s, loss=0.600]
  epoch 2/3:  30%|██▉       | 26/88 [00:07<00:16,  3.85it/s, loss=0.598]
  epoch 2/3:  31%|███       | 27/88 [00:07<00:15,  3.88it/s, loss=0.598]
  epoch 2/3:  31%|███       | 27/88 [00:07<00:15,  3.88it/s, loss=0.593]
  epoch 2/3:  32%|███▏      | 28/88 [00:07<00:15,  3.88it/s, loss=0.593]
  epoch 2/3:  32%|███▏      | 28/88 [00:07<00:15,  3.88it/s, loss=0.589]
  epoch 2/3:  33%|███▎      | 29/88 [00:07<00:15,  3.88it/s, loss=0.589]
  epoch 2/3:  33%|███▎      | 29/88 [00:08<00:15,  3.88it/s, loss=0.585]
  epoch 2/3:  34%|███▍      | 30/88 [00:08<00:14,  3.90it/s, loss=0.585]
  epoch 2/3:  34%|███▍      | 30/88 [00:08<00:14,  3.90it/s, loss=0.581]
  epoch 2/3:  35%|███▌      | 31/88 [00:08<00:14,  3.89it/s, loss=0.581]
  epoch 2/3:  35%|███▌      | 31/88 [00:08<00:14,  3.89it/s, loss=0.576]
  epoch 2/3:  36%|███▋      | 32/88 [00:08<00:14,  3.88it/s, loss=0.576]
  epoch 2/3:  36%|███▋      | 32/88 [00:08<00:14,  3.88it/s, loss=0.574]
  epoch 2/3:  38%|███▊      | 33/88 [00:08<00:14,  3.90it/s, loss=0.574]
  epoch 2/3:  38%|███▊      | 33/88 [00:09<00:14,  3.90it/s, loss=0.569]
  epoch 2/3:  39%|███▊      | 34/88 [00:09<00:13,  3.89it/s, loss=0.569]
  epoch 2/3:  39%|███▊      | 34/88 [00:09<00:13,  3.89it/s, loss=0.567]
  epoch 2/3:  40%|███▉      | 35/88 [00:09<00:13,  3.86it/s, loss=0.567]
  epoch 2/3:  40%|███▉      | 35/88 [00:09<00:13,  3.86it/s, loss=0.565]
  epoch 2/3:  41%|████      | 36/88 [00:09<00:13,  3.88it/s, loss=0.565]
  epoch 2/3:  41%|████      | 36/88 [00:09<00:13,  3.88it/s, loss=0.561]
  epoch 2/3:  42%|████▏     | 37/88 [00:09<00:13,  3.89it/s, loss=0.561]
  epoch 2/3:  42%|████▏     | 37/88 [00:10<00:13,  3.89it/s, loss=0.557]
  epoch 2/3:  43%|████▎     | 38/88 [00:10<00:12,  3.89it/s, loss=0.557]
  epoch 2/3:  43%|████▎     | 38/88 [00:10<00:12,  3.89it/s, loss=0.555]
  epoch 2/3:  44%|████▍     | 39/88 [00:10<00:12,  3.88it/s, loss=0.555]
  epoch 2/3:  44%|████▍     | 39/88 [00:10<00:12,  3.88it/s, loss=0.551]
  epoch 2/3:  45%|████▌     | 40/88 [00:10<00:12,  3.84it/s, loss=0.551]
  epoch 2/3:  45%|████▌     | 40/88 [00:10<00:12,  3.84it/s, loss=0.550]
  epoch 2/3:  47%|████▋     | 41/88 [00:10<00:12,  3.86it/s, loss=0.550]
  epoch 2/3:  47%|████▋     | 41/88 [00:11<00:12,  3.86it/s, loss=0.547]
  epoch 2/3:  48%|████▊     | 42/88 [00:11<00:11,  3.88it/s, loss=0.547]
  epoch 2/3:  48%|████▊     | 42/88 [00:11<00:11,  3.88it/s, loss=0.546]
  epoch 2/3:  49%|████▉     | 43/88 [00:11<00:11,  3.87it/s, loss=0.546]
  epoch 2/3:  49%|████▉     | 43/88 [00:11<00:11,  3.87it/s, loss=0.545]
  epoch 2/3:  50%|█████     | 44/88 [00:11<00:11,  3.87it/s, loss=0.545]
  epoch 2/3:  50%|█████     | 44/88 [00:11<00:11,  3.87it/s, loss=0.543]
  epoch 2/3:  51%|█████     | 45/88 [00:11<00:11,  3.88it/s, loss=0.543]
  epoch 2/3:  51%|█████     | 45/88 [00:12<00:11,  3.88it/s, loss=0.539]
  epoch 2/3:  52%|█████▏    | 46/88 [00:12<00:10,  3.87it/s, loss=0.539]
  epoch 2/3:  52%|█████▏    | 46/88 [00:12<00:10,  3.87it/s, loss=0.537]
  epoch 2/3:  53%|█████▎    | 47/88 [00:12<00:10,  3.88it/s, loss=0.537]
  epoch 2/3:  53%|█████▎    | 47/88 [00:12<00:10,  3.88it/s, loss=0.532]
  epoch 2/3:  55%|█████▍    | 48/88 [00:12<00:10,  3.89it/s, loss=0.532]
  epoch 2/3:  55%|█████▍    | 48/88 [00:12<00:10,  3.89it/s, loss=0.529]
  epoch 2/3:  56%|█████▌    | 49/88 [00:12<00:10,  3.88it/s, loss=0.529]
  epoch 2/3:  56%|█████▌    | 49/88 [00:13<00:10,  3.88it/s, loss=0.526]
  epoch 2/3:  57%|█████▋    | 50/88 [00:13<00:09,  3.86it/s, loss=0.526]
  epoch 2/3:  57%|█████▋    | 50/88 [00:13<00:09,  3.86it/s, loss=0.524]
  epoch 2/3:  58%|█████▊    | 51/88 [00:13<00:09,  3.85it/s, loss=0.524]
  epoch 2/3:  58%|█████▊    | 51/88 [00:13<00:09,  3.85it/s, loss=0.520]
  epoch 2/3:  59%|█████▉    | 52/88 [00:13<00:09,  3.84it/s, loss=0.520]
  epoch 2/3:  59%|█████▉    | 52/88 [00:13<00:09,  3.84it/s, loss=0.519]
  epoch 2/3:  60%|██████    | 53/88 [00:13<00:09,  3.87it/s, loss=0.519]
  epoch 2/3:  60%|██████    | 53/88 [00:14<00:09,  3.87it/s, loss=0.516]
  epoch 2/3:  61%|██████▏   | 54/88 [00:14<00:08,  3.88it/s, loss=0.516]
  epoch 2/3:  61%|██████▏   | 54/88 [00:14<00:08,  3.88it/s, loss=0.514]
  epoch 2/3:  62%|██████▎   | 55/88 [00:14<00:08,  3.86it/s, loss=0.514]
  epoch 2/3:  62%|██████▎   | 55/88 [00:14<00:08,  3.86it/s, loss=0.511]
  epoch 2/3:  64%|██████▎   | 56/88 [00:14<00:08,  3.80it/s, loss=0.511]
  epoch 2/3:  64%|██████▎   | 56/88 [00:15<00:08,  3.80it/s, loss=0.510]
  epoch 2/3:  65%|██████▍   | 57/88 [00:15<00:08,  3.83it/s, loss=0.510]
  epoch 2/3:  65%|██████▍   | 57/88 [00:15<00:08,  3.83it/s, loss=0.507]
  epoch 2/3:  66%|██████▌   | 58/88 [00:15<00:07,  3.84it/s, loss=0.507]
  epoch 2/3:  66%|██████▌   | 58/88 [00:15<00:07,  3.84it/s, loss=0.505]
  epoch 2/3:  67%|██████▋   | 59/88 [00:15<00:07,  3.86it/s, loss=0.505]
  epoch 2/3:  67%|██████▋   | 59/88 [00:15<00:07,  3.86it/s, loss=0.504]
  epoch 2/3:  68%|██████▊   | 60/88 [00:15<00:07,  3.87it/s, loss=0.504]
  epoch 2/3:  68%|██████▊   | 60/88 [00:16<00:07,  3.87it/s, loss=0.501]
  epoch 2/3:  69%|██████▉   | 61/88 [00:16<00:06,  3.87it/s, loss=0.501]
  epoch 2/3:  69%|██████▉   | 61/88 [00:16<00:06,  3.87it/s, loss=0.498]
  epoch 2/3:  70%|███████   | 62/88 [00:16<00:06,  3.88it/s, loss=0.498]
  epoch 2/3:  70%|███████   | 62/88 [00:16<00:06,  3.88it/s, loss=0.495]
  epoch 2/3:  72%|███████▏  | 63/88 [00:16<00:06,  3.89it/s, loss=0.495]
  epoch 2/3:  72%|███████▏  | 63/88 [00:16<00:06,  3.89it/s, loss=0.492]
  epoch 2/3:  73%|███████▎  | 64/88 [00:16<00:06,  3.89it/s, loss=0.492]
  epoch 2/3:  73%|███████▎  | 64/88 [00:17<00:06,  3.89it/s, loss=0.489]
  epoch 2/3:  74%|███████▍  | 65/88 [00:17<00:05,  3.89it/s, loss=0.489]
  epoch 2/3:  74%|███████▍  | 65/88 [00:17<00:05,  3.89it/s, loss=0.486]
  epoch 2/3:  75%|███████▌  | 66/88 [00:17<00:05,  3.90it/s, loss=0.486]
  epoch 2/3:  75%|███████▌  | 66/88 [00:17<00:05,  3.90it/s, loss=0.483]
  epoch 2/3:  76%|███████▌  | 67/88 [00:17<00:05,  3.89it/s, loss=0.483]
  epoch 2/3:  76%|███████▌  | 67/88 [00:17<00:05,  3.89it/s, loss=0.481]
  epoch 2/3:  77%|███████▋  | 68/88 [00:17<00:05,  3.89it/s, loss=0.481]
  epoch 2/3:  77%|███████▋  | 68/88 [00:18<00:05,  3.89it/s, loss=0.478]
  epoch 2/3:  78%|███████▊  | 69/88 [00:18<00:04,  3.90it/s, loss=0.478]
  epoch 2/3:  78%|███████▊  | 69/88 [00:18<00:04,  3.90it/s, loss=0.477]
  epoch 2/3:  80%|███████▉  | 70/88 [00:18<00:04,  3.89it/s, loss=0.477]
  epoch 2/3:  80%|███████▉  | 70/88 [00:18<00:04,  3.89it/s, loss=0.475]
  epoch 2/3:  81%|████████  | 71/88 [00:18<00:04,  3.87it/s, loss=0.475]
  epoch 2/3:  81%|████████  | 71/88 [00:18<00:04,  3.87it/s, loss=0.473]
  epoch 2/3:  82%|████████▏ | 72/88 [00:18<00:04,  3.83it/s, loss=0.473]
  epoch 2/3:  82%|████████▏ | 72/88 [00:19<00:04,  3.83it/s, loss=0.470]
  epoch 2/3:  83%|████████▎ | 73/88 [00:19<00:03,  3.86it/s, loss=0.470]
  epoch 2/3:  83%|████████▎ | 73/88 [00:19<00:03,  3.86it/s, loss=0.468]
  epoch 2/3:  84%|████████▍ | 74/88 [00:19<00:03,  3.87it/s, loss=0.468]
  epoch 2/3:  84%|████████▍ | 74/88 [00:19<00:03,  3.87it/s, loss=0.466]
  epoch 2/3:  85%|████████▌ | 75/88 [00:19<00:03,  3.88it/s, loss=0.466]
  epoch 2/3:  85%|████████▌ | 75/88 [00:19<00:03,  3.88it/s, loss=0.463]
  epoch 2/3:  86%|████████▋ | 76/88 [00:19<00:03,  3.88it/s, loss=0.463]
  epoch 2/3:  86%|████████▋ | 76/88 [00:20<00:03,  3.88it/s, loss=0.459]
  epoch 2/3:  88%|████████▊ | 77/88 [00:20<00:02,  3.89it/s, loss=0.459]
  epoch 2/3:  88%|████████▊ | 77/88 [00:20<00:02,  3.89it/s, loss=0.456]
  epoch 2/3:  89%|████████▊ | 78/88 [00:20<00:02,  3.89it/s, loss=0.456]
  epoch 2/3:  89%|████████▊ | 78/88 [00:20<00:02,  3.89it/s, loss=0.454]
  epoch 2/3:  90%|████████▉ | 79/88 [00:20<00:02,  3.89it/s, loss=0.454]
  epoch 2/3:  90%|████████▉ | 79/88 [00:20<00:02,  3.89it/s, loss=0.452]
  epoch 2/3:  91%|█████████ | 80/88 [00:20<00:02,  3.91it/s, loss=0.452]
  epoch 2/3:  91%|█████████ | 80/88 [00:21<00:02,  3.91it/s, loss=0.451]
  epoch 2/3:  92%|█████████▏| 81/88 [00:21<00:01,  3.89it/s, loss=0.451]
  epoch 2/3:  92%|█████████▏| 81/88 [00:21<00:01,  3.89it/s, loss=0.449]
  epoch 2/3:  93%|█████████▎| 82/88 [00:21<00:01,  3.91it/s, loss=0.449]
  epoch 2/3:  93%|█████████▎| 82/88 [00:21<00:01,  3.91it/s, loss=0.446]
  epoch 2/3:  94%|█████████▍| 83/88 [00:21<00:01,  3.91it/s, loss=0.446]
  epoch 2/3:  94%|█████████▍| 83/88 [00:21<00:01,  3.91it/s, loss=0.446]
  epoch 2/3:  95%|█████████▌| 84/88 [00:21<00:01,  3.92it/s, loss=0.446]
  epoch 2/3:  95%|█████████▌| 84/88 [00:22<00:01,  3.92it/s, loss=0.442]
  epoch 2/3:  97%|█████████▋| 85/88 [00:22<00:00,  3.92it/s, loss=0.442]
  epoch 2/3:  97%|█████████▋| 85/88 [00:22<00:00,  3.92it/s, loss=0.439]
  epoch 2/3:  98%|█████████▊| 86/88 [00:22<00:00,  3.91it/s, loss=0.439]
  epoch 2/3:  98%|█████████▊| 86/88 [00:22<00:00,  3.91it/s, loss=0.436]
  epoch 2/3:  99%|█████████▉| 87/88 [00:22<00:00,  3.92it/s, loss=0.436]
  epoch 2/3:  99%|█████████▉| 87/88 [00:22<00:00,  3.92it/s, loss=0.435]
  epoch 2/3: 100%|██████████| 88/88 [00:22<00:00,  4.19it/s, loss=0.435]
                                                                        

  epoch 3/3:   0%|          | 0/88 [00:00<?, ?it/s]
  epoch 3/3:   0%|          | 0/88 [00:00<?, ?it/s, loss=0.333]
  epoch 3/3:   1%|          | 1/88 [00:00<00:47,  1.85it/s, loss=0.333]
  epoch 3/3:   1%|          | 1/88 [00:00<00:47,  1.85it/s, loss=0.259]
  epoch 3/3:   2%|▏         | 2/88 [00:00<00:32,  2.69it/s, loss=0.259]
  epoch 3/3:   2%|▏         | 2/88 [00:01<00:32,  2.69it/s, loss=0.245]
  epoch 3/3:   3%|▎         | 3/88 [00:01<00:27,  3.13it/s, loss=0.245]
  epoch 3/3:   3%|▎         | 3/88 [00:01<00:27,  3.13it/s, loss=0.276]
  epoch 3/3:   5%|▍         | 4/88 [00:01<00:24,  3.41it/s, loss=0.276]
  epoch 3/3:   5%|▍         | 4/88 [00:01<00:24,  3.41it/s, loss=0.255]
  epoch 3/3:   6%|▌         | 5/88 [00:01<00:23,  3.57it/s, loss=0.255]
  epoch 3/3:   6%|▌         | 5/88 [00:01<00:23,  3.57it/s, loss=0.259]
  epoch 3/3:   7%|▋         | 6/88 [00:01<00:22,  3.68it/s, loss=0.259]
  epoch 3/3:   7%|▋         | 6/88 [00:02<00:22,  3.68it/s, loss=0.243]
  epoch 3/3:   8%|▊         | 7/88 [00:02<00:21,  3.75it/s, loss=0.243]
  epoch 3/3:   8%|▊         | 7/88 [00:02<00:21,  3.75it/s, loss=0.237]
  epoch 3/3:   9%|▉         | 8/88 [00:02<00:21,  3.79it/s, loss=0.237]
  epoch 3/3:   9%|▉         | 8/88 [00:02<00:21,  3.79it/s, loss=0.239]
  epoch 3/3:  10%|█         | 9/88 [00:02<00:20,  3.82it/s, loss=0.239]
  epoch 3/3:  10%|█         | 9/88 [00:02<00:20,  3.82it/s, loss=0.232]
  epoch 3/3:  11%|█▏        | 10/88 [00:02<00:20,  3.84it/s, loss=0.232]
  epoch 3/3:  11%|█▏        | 10/88 [00:03<00:20,  3.84it/s, loss=0.227]
  epoch 3/3:  12%|█▎        | 11/88 [00:03<00:20,  3.85it/s, loss=0.227]
  epoch 3/3:  12%|█▎        | 11/88 [00:03<00:20,  3.85it/s, loss=0.229]
  epoch 3/3:  14%|█▎        | 12/88 [00:03<00:19,  3.85it/s, loss=0.229]
  epoch 3/3:  14%|█▎        | 12/88 [00:03<00:19,  3.85it/s, loss=0.225]
  epoch 3/3:  15%|█▍        | 13/88 [00:03<00:19,  3.87it/s, loss=0.225]
  epoch 3/3:  15%|█▍        | 13/88 [00:03<00:19,  3.87it/s, loss=0.224]
  epoch 3/3:  16%|█▌        | 14/88 [00:03<00:19,  3.88it/s, loss=0.224]
  epoch 3/3:  16%|█▌        | 14/88 [00:04<00:19,  3.88it/s, loss=0.218]
  epoch 3/3:  17%|█▋        | 15/88 [00:04<00:18,  3.87it/s, loss=0.218]
  epoch 3/3:  17%|█▋        | 15/88 [00:04<00:18,  3.87it/s, loss=0.221]
  epoch 3/3:  18%|█▊        | 16/88 [00:04<00:18,  3.83it/s, loss=0.221]
  epoch 3/3:  18%|█▊        | 16/88 [00:04<00:18,  3.83it/s, loss=0.218]
  epoch 3/3:  19%|█▉        | 17/88 [00:04<00:18,  3.84it/s, loss=0.218]
  epoch 3/3:  19%|█▉        | 17/88 [00:04<00:18,  3.84it/s, loss=0.214]
  epoch 3/3:  20%|██        | 18/88 [00:04<00:18,  3.86it/s, loss=0.214]
  epoch 3/3:  20%|██        | 18/88 [00:05<00:18,  3.86it/s, loss=0.216]
  epoch 3/3:  22%|██▏       | 19/88 [00:05<00:17,  3.87it/s, loss=0.216]
  epoch 3/3:  22%|██▏       | 19/88 [00:05<00:17,  3.87it/s, loss=0.222]
  epoch 3/3:  23%|██▎       | 20/88 [00:05<00:17,  3.89it/s, loss=0.222]
  epoch 3/3:  23%|██▎       | 20/88 [00:05<00:17,  3.89it/s, loss=0.225]
  epoch 3/3:  24%|██▍       | 21/88 [00:05<00:17,  3.90it/s, loss=0.225]
  epoch 3/3:  24%|██▍       | 21/88 [00:05<00:17,  3.90it/s, loss=0.223]
  epoch 3/3:  25%|██▌       | 22/88 [00:05<00:16,  3.90it/s, loss=0.223]
  epoch 3/3:  25%|██▌       | 22/88 [00:06<00:16,  3.90it/s, loss=0.226]
  epoch 3/3:  26%|██▌       | 23/88 [00:06<00:16,  3.91it/s, loss=0.226]
  epoch 3/3:  26%|██▌       | 23/88 [00:06<00:16,  3.91it/s, loss=0.223]
  epoch 3/3:  27%|██▋       | 24/88 [00:06<00:16,  3.91it/s, loss=0.223]
  epoch 3/3:  27%|██▋       | 24/88 [00:06<00:16,  3.91it/s, loss=0.225]
  epoch 3/3:  28%|██▊       | 25/88 [00:06<00:16,  3.90it/s, loss=0.225]
  epoch 3/3:  28%|██▊       | 25/88 [00:06<00:16,  3.90it/s, loss=0.221]
  epoch 3/3:  30%|██▉       | 26/88 [00:06<00:15,  3.90it/s, loss=0.221]
  epoch 3/3:  30%|██▉       | 26/88 [00:07<00:15,  3.90it/s, loss=0.220]
  epoch 3/3:  31%|███       | 27/88 [00:07<00:15,  3.89it/s, loss=0.220]
  epoch 3/3:  31%|███       | 27/88 [00:07<00:15,  3.89it/s, loss=0.216]
  epoch 3/3:  32%|███▏      | 28/88 [00:07<00:15,  3.87it/s, loss=0.216]
  epoch 3/3:  32%|███▏      | 28/88 [00:07<00:15,  3.87it/s, loss=0.214]
  epoch 3/3:  33%|███▎      | 29/88 [00:07<00:15,  3.88it/s, loss=0.214]
  epoch 3/3:  33%|███▎      | 29/88 [00:07<00:15,  3.88it/s, loss=0.211]
  epoch 3/3:  34%|███▍      | 30/88 [00:07<00:14,  3.89it/s, loss=0.211]
  epoch 3/3:  34%|███▍      | 30/88 [00:08<00:14,  3.89it/s, loss=0.214]
  epoch 3/3:  35%|███▌      | 31/88 [00:08<00:14,  3.88it/s, loss=0.214]
  epoch 3/3:  35%|███▌      | 31/88 [00:08<00:14,  3.88it/s, loss=0.213]
  epoch 3/3:  36%|███▋      | 32/88 [00:08<00:14,  3.85it/s, loss=0.213]
  epoch 3/3:  36%|███▋      | 32/88 [00:08<00:14,  3.85it/s, loss=0.210]
  epoch 3/3:  38%|███▊      | 33/88 [00:08<00:14,  3.89it/s, loss=0.210]
  epoch 3/3:  38%|███▊      | 33/88 [00:09<00:14,  3.89it/s, loss=0.213]
  epoch 3/3:  39%|███▊      | 34/88 [00:09<00:13,  3.88it/s, loss=0.213]
  epoch 3/3:  39%|███▊      | 34/88 [00:09<00:13,  3.88it/s, loss=0.211]
  epoch 3/3:  40%|███▉      | 35/88 [00:09<00:13,  3.88it/s, loss=0.211]
  epoch 3/3:  40%|███▉      | 35/88 [00:09<00:13,  3.88it/s, loss=0.210]
  epoch 3/3:  41%|████      | 36/88 [00:09<00:13,  3.90it/s, loss=0.210]
  epoch 3/3:  41%|████      | 36/88 [00:09<00:13,  3.90it/s, loss=0.210]
  epoch 3/3:  42%|████▏     | 37/88 [00:09<00:13,  3.89it/s, loss=0.210]
  epoch 3/3:  42%|████▏     | 37/88 [00:10<00:13,  3.89it/s, loss=0.208]
  epoch 3/3:  43%|████▎     | 38/88 [00:10<00:12,  3.90it/s, loss=0.208]
  epoch 3/3:  43%|████▎     | 38/88 [00:10<00:12,  3.90it/s, loss=0.209]
  epoch 3/3:  44%|████▍     | 39/88 [00:10<00:12,  3.90it/s, loss=0.209]
  epoch 3/3:  44%|████▍     | 39/88 [00:10<00:12,  3.90it/s, loss=0.207]
  epoch 3/3:  45%|████▌     | 40/88 [00:10<00:12,  3.90it/s, loss=0.207]
  epoch 3/3:  45%|████▌     | 40/88 [00:10<00:12,  3.90it/s, loss=0.204]
  epoch 3/3:  47%|████▋     | 41/88 [00:10<00:12,  3.92it/s, loss=0.204]
  epoch 3/3:  47%|████▋     | 41/88 [00:11<00:12,  3.92it/s, loss=0.203]
  epoch 3/3:  48%|████▊     | 42/88 [00:11<00:11,  3.90it/s, loss=0.203]
  epoch 3/3:  48%|████▊     | 42/88 [00:11<00:11,  3.90it/s, loss=0.202]
  epoch 3/3:  49%|████▉     | 43/88 [00:11<00:11,  3.89it/s, loss=0.202]
  epoch 3/3:  49%|████▉     | 43/88 [00:11<00:11,  3.89it/s, loss=0.199]
  epoch 3/3:  50%|█████     | 44/88 [00:11<00:11,  3.90it/s, loss=0.199]
  epoch 3/3:  50%|█████     | 44/88 [00:11<00:11,  3.90it/s, loss=0.200]
  epoch 3/3:  51%|█████     | 45/88 [00:11<00:11,  3.89it/s, loss=0.200]
  epoch 3/3:  51%|█████     | 45/88 [00:12<00:11,  3.89it/s, loss=0.199]
  epoch 3/3:  52%|█████▏    | 46/88 [00:12<00:10,  3.87it/s, loss=0.199]
  epoch 3/3:  52%|█████▏    | 46/88 [00:12<00:10,  3.87it/s, loss=0.199]
  epoch 3/3:  53%|█████▎    | 47/88 [00:12<00:10,  3.89it/s, loss=0.199]
  epoch 3/3:  53%|█████▎    | 47/88 [00:12<00:10,  3.89it/s, loss=0.197]
  epoch 3/3:  55%|█████▍    | 48/88 [00:12<00:10,  3.84it/s, loss=0.197]
  epoch 3/3:  55%|█████▍    | 48/88 [00:12<00:10,  3.84it/s, loss=0.196]
  epoch 3/3:  56%|█████▌    | 49/88 [00:12<00:10,  3.86it/s, loss=0.196]
  epoch 3/3:  56%|█████▌    | 49/88 [00:13<00:10,  3.86it/s, loss=0.195]
  epoch 3/3:  57%|█████▋    | 50/88 [00:13<00:09,  3.87it/s, loss=0.195]
  epoch 3/3:  57%|█████▋    | 50/88 [00:13<00:09,  3.87it/s, loss=0.195]
  epoch 3/3:  58%|█████▊    | 51/88 [00:13<00:09,  3.90it/s, loss=0.195]
  epoch 3/3:  58%|█████▊    | 51/88 [00:13<00:09,  3.90it/s, loss=0.195]
  epoch 3/3:  59%|█████▉    | 52/88 [00:13<00:09,  3.89it/s, loss=0.195]
  epoch 3/3:  59%|█████▉    | 52/88 [00:13<00:09,  3.89it/s, loss=0.194]
  epoch 3/3:  60%|██████    | 53/88 [00:13<00:09,  3.88it/s, loss=0.194]
  epoch 3/3:  60%|██████    | 53/88 [00:14<00:09,  3.88it/s, loss=0.193]
  epoch 3/3:  61%|██████▏   | 54/88 [00:14<00:08,  3.90it/s, loss=0.193]
  epoch 3/3:  61%|██████▏   | 54/88 [00:14<00:08,  3.90it/s, loss=0.192]
  epoch 3/3:  62%|██████▎   | 55/88 [00:14<00:08,  3.90it/s, loss=0.192]
  epoch 3/3:  62%|██████▎   | 55/88 [00:14<00:08,  3.90it/s, loss=0.191]
  epoch 3/3:  64%|██████▎   | 56/88 [00:14<00:08,  3.87it/s, loss=0.191]
  epoch 3/3:  64%|██████▎   | 56/88 [00:14<00:08,  3.87it/s, loss=0.193]
  epoch 3/3:  65%|██████▍   | 57/88 [00:14<00:08,  3.86it/s, loss=0.193]
  epoch 3/3:  65%|██████▍   | 57/88 [00:15<00:08,  3.86it/s, loss=0.193]
  epoch 3/3:  66%|██████▌   | 58/88 [00:15<00:07,  3.90it/s, loss=0.193]
  epoch 3/3:  66%|██████▌   | 58/88 [00:15<00:07,  3.90it/s, loss=0.192]
  epoch 3/3:  67%|██████▋   | 59/88 [00:15<00:07,  3.89it/s, loss=0.192]
  epoch 3/3:  67%|██████▋   | 59/88 [00:15<00:07,  3.89it/s, loss=0.191]
  epoch 3/3:  68%|██████▊   | 60/88 [00:15<00:07,  3.90it/s, loss=0.191]
  epoch 3/3:  68%|██████▊   | 60/88 [00:15<00:07,  3.90it/s, loss=0.191]
  epoch 3/3:  69%|██████▉   | 61/88 [00:15<00:06,  3.90it/s, loss=0.191]
  epoch 3/3:  69%|██████▉   | 61/88 [00:16<00:06,  3.90it/s, loss=0.189]
  epoch 3/3:  70%|███████   | 62/88 [00:16<00:06,  3.91it/s, loss=0.189]
  epoch 3/3:  70%|███████   | 62/88 [00:16<00:06,  3.91it/s, loss=0.187]
  epoch 3/3:  72%|███████▏  | 63/88 [00:16<00:06,  3.92it/s, loss=0.187]
  epoch 3/3:  72%|███████▏  | 63/88 [00:16<00:06,  3.92it/s, loss=0.186]
  epoch 3/3:  73%|███████▎  | 64/88 [00:16<00:06,  3.86it/s, loss=0.186]
  epoch 3/3:  73%|███████▎  | 64/88 [00:17<00:06,  3.86it/s, loss=0.186]
  epoch 3/3:  74%|███████▍  | 65/88 [00:17<00:05,  3.87it/s, loss=0.186]
  epoch 3/3:  74%|███████▍  | 65/88 [00:17<00:05,  3.87it/s, loss=0.185]
  epoch 3/3:  75%|███████▌  | 66/88 [00:17<00:05,  3.87it/s, loss=0.185]
  epoch 3/3:  75%|███████▌  | 66/88 [00:17<00:05,  3.87it/s, loss=0.184]
  epoch 3/3:  76%|███████▌  | 67/88 [00:17<00:05,  3.90it/s, loss=0.184]
  epoch 3/3:  76%|███████▌  | 67/88 [00:17<00:05,  3.90it/s, loss=0.185]
  epoch 3/3:  77%|███████▋  | 68/88 [00:17<00:05,  3.89it/s, loss=0.185]
  epoch 3/3:  77%|███████▋  | 68/88 [00:18<00:05,  3.89it/s, loss=0.184]
  epoch 3/3:  78%|███████▊  | 69/88 [00:18<00:04,  3.91it/s, loss=0.184]
  epoch 3/3:  78%|███████▊  | 69/88 [00:18<00:04,  3.91it/s, loss=0.183]
  epoch 3/3:  80%|███████▉  | 70/88 [00:18<00:04,  3.91it/s, loss=0.183]
  epoch 3/3:  80%|███████▉  | 70/88 [00:18<00:04,  3.91it/s, loss=0.182]
  epoch 3/3:  81%|████████  | 71/88 [00:18<00:04,  3.88it/s, loss=0.182]
  epoch 3/3:  81%|████████  | 71/88 [00:18<00:04,  3.88it/s, loss=0.181]
  epoch 3/3:  82%|████████▏ | 72/88 [00:18<00:04,  3.88it/s, loss=0.181]
  epoch 3/3:  82%|████████▏ | 72/88 [00:19<00:04,  3.88it/s, loss=0.179]
  epoch 3/3:  83%|████████▎ | 73/88 [00:19<00:03,  3.89it/s, loss=0.179]
  epoch 3/3:  83%|████████▎ | 73/88 [00:19<00:03,  3.89it/s, loss=0.179]
  epoch 3/3:  84%|████████▍ | 74/88 [00:19<00:03,  3.89it/s, loss=0.179]
  epoch 3/3:  84%|████████▍ | 74/88 [00:19<00:03,  3.89it/s, loss=0.178]
  epoch 3/3:  85%|████████▌ | 75/88 [00:19<00:03,  3.88it/s, loss=0.178]
  epoch 3/3:  85%|████████▌ | 75/88 [00:19<00:03,  3.88it/s, loss=0.177]
  epoch 3/3:  86%|████████▋ | 76/88 [00:19<00:03,  3.89it/s, loss=0.177]
  epoch 3/3:  86%|████████▋ | 76/88 [00:20<00:03,  3.89it/s, loss=0.176]
  epoch 3/3:  88%|████████▊ | 77/88 [00:20<00:02,  3.89it/s, loss=0.176]
  epoch 3/3:  88%|████████▊ | 77/88 [00:20<00:02,  3.89it/s, loss=0.176]
  epoch 3/3:  89%|████████▊ | 78/88 [00:20<00:02,  3.87it/s, loss=0.176]
  epoch 3/3:  89%|████████▊ | 78/88 [00:20<00:02,  3.87it/s, loss=0.176]
  epoch 3/3:  90%|████████▉ | 79/88 [00:20<00:02,  3.89it/s, loss=0.176]
  epoch 3/3:  90%|████████▉ | 79/88 [00:20<00:02,  3.89it/s, loss=0.175]
  epoch 3/3:  91%|█████████ | 80/88 [00:20<00:02,  3.84it/s, loss=0.175]
  epoch 3/3:  91%|█████████ | 80/88 [00:21<00:02,  3.84it/s, loss=0.175]
  epoch 3/3:  92%|█████████▏| 81/88 [00:21<00:01,  3.87it/s, loss=0.175]
  epoch 3/3:  92%|█████████▏| 81/88 [00:21<00:01,  3.87it/s, loss=0.174]
  epoch 3/3:  93%|█████████▎| 82/88 [00:21<00:01,  3.88it/s, loss=0.174]
  epoch 3/3:  93%|█████████▎| 82/88 [00:21<00:01,  3.88it/s, loss=0.173]
  epoch 3/3:  94%|█████████▍| 83/88 [00:21<00:01,  3.90it/s, loss=0.173]
  epoch 3/3:  94%|█████████▍| 83/88 [00:21<00:01,  3.90it/s, loss=0.172]
  epoch 3/3:  95%|█████████▌| 84/88 [00:21<00:01,  3.90it/s, loss=0.172]
  epoch 3/3:  95%|█████████▌| 84/88 [00:22<00:01,  3.90it/s, loss=0.173]
  epoch 3/3:  97%|█████████▋| 85/88 [00:22<00:00,  3.90it/s, loss=0.173]
  epoch 3/3:  97%|█████████▋| 85/88 [00:22<00:00,  3.90it/s, loss=0.172]
  epoch 3/3:  98%|█████████▊| 86/88 [00:22<00:00,  3.91it/s, loss=0.172]
  epoch 3/3:  98%|█████████▊| 86/88 [00:22<00:00,  3.91it/s, loss=0.171]
  epoch 3/3:  99%|█████████▉| 87/88 [00:22<00:00,  3.91it/s, loss=0.171]
  epoch 3/3:  99%|█████████▉| 87/88 [00:22<00:00,  3.91it/s, loss=0.171]
  epoch 3/3: 100%|██████████| 88/88 [00:22<00:00,  4.24it/s, loss=0.171]
                                                                        
[titans] reset=never | norm(state) sau task = 80.6324
[titans]   self-mod v:β=1.18 |W|=2.99
[titans]   eta_t(avg)=-1.5341  alpha_t/forget-gate(avg)=1.0000
[task 6] test acc so far: 0.814  0.789  0.803  0.643  0.589  0.449  0.306
[task 6] NCM-blend gamma=0: 0.711  0.789  0.743  0.680  0.703  0.723  0.851
[task 6] NCM-blend gamma=0.1: 0.709  0.786  0.743  0.686  0.703  0.726  0.851
[task 6] NCM-blend gamma=0.25: 0.703  0.786  0.746  0.694  0.723  0.731  0.849
[task 6] NCM-blend gamma=0.5: 0.660  0.734  0.731  0.703  0.746  0.751  0.866
[task 6] NCM-blend gamma=0.75: 0.597  0.603  0.689  0.691  0.777  0.769  0.883
[task 6] NCM-blend gamma=1: 0.511  0.454  0.626  0.669  0.797  0.786  0.903
[checkpoint] đã lưu tiến độ sau task 6
[task 7] classes=[13, 24, 28, 30, 31] | train=2800

  epoch 1/3:   0%|          | 0/88 [00:00<?, ?it/s]
  epoch 1/3:   0%|          | 0/88 [00:00<?, ?it/s, loss=1.591]
  epoch 1/3:   1%|          | 1/88 [00:00<00:49,  1.76it/s, loss=1.591]
  epoch 1/3:   1%|          | 1/88 [00:00<00:49,  1.76it/s, loss=1.554]
  epoch 1/3:   2%|▏         | 2/88 [00:00<00:32,  2.62it/s, loss=1.554]
  epoch 1/3:   2%|▏         | 2/88 [00:01<00:32,  2.62it/s, loss=1.543]
  epoch 1/3:   3%|▎         | 3/88 [00:01<00:27,  3.09it/s, loss=1.543]
  epoch 1/3:   3%|▎         | 3/88 [00:01<00:27,  3.09it/s, loss=1.555]
  epoch 1/3:   5%|▍         | 4/88 [00:01<00:24,  3.40it/s, loss=1.555]
  epoch 1/3:   5%|▍         | 4/88 [00:01<00:24,  3.40it/s, loss=1.549]
  epoch 1/3:   6%|▌         | 5/88 [00:01<00:23,  3.60it/s, loss=1.549]
  epoch 1/3:   6%|▌         | 5/88 [00:01<00:23,  3.60it/s, loss=1.528]
  epoch 1/3:   7%|▋         | 6/88 [00:01<00:22,  3.70it/s, loss=1.528]
  epoch 1/3:   7%|▋         | 6/88 [00:02<00:22,  3.70it/s, loss=1.528]
  epoch 1/3:   8%|▊         | 7/88 [00:02<00:21,  3.78it/s, loss=1.528]
  epoch 1/3:   8%|▊         | 7/88 [00:02<00:21,  3.78it/s, loss=1.517]
  epoch 1/3:   9%|▉         | 8/88 [00:02<00:21,  3.77it/s, loss=1.517]
  epoch 1/3:   9%|▉         | 8/88 [00:02<00:21,  3.77it/s, loss=1.504]
  epoch 1/3:  10%|█         | 9/88 [00:02<00:20,  3.83it/s, loss=1.504]
  epoch 1/3:  10%|█         | 9/88 [00:02<00:20,  3.83it/s, loss=1.495]
  epoch 1/3:  11%|█▏        | 10/88 [00:02<00:20,  3.86it/s, loss=1.495]
  epoch 1/3:  11%|█▏        | 10/88 [00:03<00:20,  3.86it/s, loss=1.475]
  epoch 1/3:  12%|█▎        | 11/88 [00:03<00:19,  3.89it/s, loss=1.475]
  epoch 1/3:  12%|█▎        | 11/88 [00:03<00:19,  3.89it/s, loss=1.460]
  epoch 1/3:  14%|█▎        | 12/88 [00:03<00:19,  3.89it/s, loss=1.460]
  epoch 1/3:  14%|█▎        | 12/88 [00:03<00:19,  3.89it/s, loss=1.459]
  epoch 1/3:  15%|█▍        | 13/88 [00:03<00:19,  3.91it/s, loss=1.459]
  epoch 1/3:  15%|█▍        | 13/88 [00:03<00:19,  3.91it/s, loss=1.451]
  epoch 1/3:  16%|█▌        | 14/88 [00:03<00:18,  3.91it/s, loss=1.451]
  epoch 1/3:  16%|█▌        | 14/88 [00:04<00:18,  3.91it/s, loss=1.443]
  epoch 1/3:  17%|█▋        | 15/88 [00:04<00:18,  3.92it/s, loss=1.443]
  epoch 1/3:  17%|█▋        | 15/88 [00:04<00:18,  3.92it/s, loss=1.438]
  epoch 1/3:  18%|█▊        | 16/88 [00:04<00:18,  3.92it/s, loss=1.438]
  epoch 1/3:  18%|█▊        | 16/88 [00:04<00:18,  3.92it/s, loss=1.427]
  epoch 1/3:  19%|█▉        | 17/88 [00:04<00:18,  3.93it/s, loss=1.427]
  epoch 1/3:  19%|█▉        | 17/88 [00:04<00:18,  3.93it/s, loss=1.417]
  epoch 1/3:  20%|██        | 18/88 [00:04<00:17,  3.93it/s, loss=1.417]
  epoch 1/3:  20%|██        | 18/88 [00:05<00:17,  3.93it/s, loss=1.409]
  epoch 1/3:  22%|██▏       | 19/88 [00:05<00:17,  3.93it/s, loss=1.409]
  epoch 1/3:  22%|██▏       | 19/88 [00:05<00:17,  3.93it/s, loss=1.400]
  epoch 1/3:  23%|██▎       | 20/88 [00:05<00:17,  3.93it/s, loss=1.400]
  epoch 1/3:  23%|██▎       | 20/88 [00:05<00:17,  3.93it/s, loss=1.392]
  epoch 1/3:  24%|██▍       | 21/88 [00:05<00:17,  3.93it/s, loss=1.392]
  epoch 1/3:  24%|██▍       | 21/88 [00:05<00:17,  3.93it/s, loss=1.383]
  epoch 1/3:  25%|██▌       | 22/88 [00:05<00:16,  3.93it/s, loss=1.383]
  epoch 1/3:  25%|██▌       | 22/88 [00:06<00:16,  3.93it/s, loss=1.377]
  epoch 1/3:  26%|██▌       | 23/88 [00:06<00:16,  3.91it/s, loss=1.377]
  epoch 1/3:  26%|██▌       | 23/88 [00:06<00:16,  3.91it/s, loss=1.371]
  epoch 1/3:  27%|██▋       | 24/88 [00:06<00:16,  3.88it/s, loss=1.371]
  epoch 1/3:  27%|██▋       | 24/88 [00:06<00:16,  3.88it/s, loss=1.365]
  epoch 1/3:  28%|██▊       | 25/88 [00:06<00:16,  3.90it/s, loss=1.365]
  epoch 1/3:  28%|██▊       | 25/88 [00:06<00:16,  3.90it/s, loss=1.359]
  epoch 1/3:  30%|██▉       | 26/88 [00:06<00:15,  3.90it/s, loss=1.359]
  epoch 1/3:  30%|██▉       | 26/88 [00:07<00:15,  3.90it/s, loss=1.352]
  epoch 1/3:  31%|███       | 27/88 [00:07<00:15,  3.92it/s, loss=1.352]
  epoch 1/3:  31%|███       | 27/88 [00:07<00:15,  3.92it/s, loss=1.346]
  epoch 1/3:  32%|███▏      | 28/88 [00:07<00:15,  3.93it/s, loss=1.346]
  epoch 1/3:  32%|███▏      | 28/88 [00:07<00:15,  3.93it/s, loss=1.336]
  epoch 1/3:  33%|███▎      | 29/88 [00:07<00:14,  3.94it/s, loss=1.336]
  epoch 1/3:  33%|███▎      | 29/88 [00:07<00:14,  3.94it/s, loss=1.324]
  epoch 1/3:  34%|███▍      | 30/88 [00:07<00:14,  3.92it/s, loss=1.324]
  epoch 1/3:  34%|███▍      | 30/88 [00:08<00:14,  3.92it/s, loss=1.318]
  epoch 1/3:  35%|███▌      | 31/88 [00:08<00:14,  3.92it/s, loss=1.318]
  epoch 1/3:  35%|███▌      | 31/88 [00:08<00:14,  3.92it/s, loss=1.313]
  epoch 1/3:  36%|███▋      | 32/88 [00:08<00:14,  3.93it/s, loss=1.313]
  epoch 1/3:  36%|███▋      | 32/88 [00:08<00:14,  3.93it/s, loss=1.307]
  epoch 1/3:  38%|███▊      | 33/88 [00:08<00:14,  3.92it/s, loss=1.307]
  epoch 1/3:  38%|███▊      | 33/88 [00:08<00:14,  3.92it/s, loss=1.296]
  epoch 1/3:  39%|███▊      | 34/88 [00:08<00:13,  3.93it/s, loss=1.296]
  epoch 1/3:  39%|███▊      | 34/88 [00:09<00:13,  3.93it/s, loss=1.287]
  epoch 1/3:  40%|███▉      | 35/88 [00:09<00:13,  3.93it/s, loss=1.287]
  epoch 1/3:  40%|███▉      | 35/88 [00:09<00:13,  3.93it/s, loss=1.282]
  epoch 1/3:  41%|████      | 36/88 [00:09<00:13,  3.91it/s, loss=1.282]
  epoch 1/3:  41%|████      | 36/88 [00:09<00:13,  3.91it/s, loss=1.275]
  epoch 1/3:  42%|████▏     | 37/88 [00:09<00:13,  3.91it/s, loss=1.275]
  epoch 1/3:  42%|████▏     | 37/88 [00:09<00:13,  3.91it/s, loss=1.270]
  epoch 1/3:  43%|████▎     | 38/88 [00:09<00:12,  3.90it/s, loss=1.270]
  epoch 1/3:  43%|████▎     | 38/88 [00:10<00:12,  3.90it/s, loss=1.259]
  epoch 1/3:  44%|████▍     | 39/88 [00:10<00:12,  3.91it/s, loss=1.259]
  epoch 1/3:  44%|████▍     | 39/88 [00:10<00:12,  3.91it/s, loss=1.253]
  epoch 1/3:  45%|████▌     | 40/88 [00:10<00:12,  3.85it/s, loss=1.253]
  epoch 1/3:  45%|████▌     | 40/88 [00:10<00:12,  3.85it/s, loss=1.247]
  epoch 1/3:  47%|████▋     | 41/88 [00:10<00:12,  3.88it/s, loss=1.247]
  epoch 1/3:  47%|████▋     | 41/88 [00:11<00:12,  3.88it/s, loss=1.242]
  epoch 1/3:  48%|████▊     | 42/88 [00:11<00:11,  3.89it/s, loss=1.242]
  epoch 1/3:  48%|████▊     | 42/88 [00:11<00:11,  3.89it/s, loss=1.234]
  epoch 1/3:  49%|████▉     | 43/88 [00:11<00:11,  3.90it/s, loss=1.234]
  epoch 1/3:  49%|████▉     | 43/88 [00:11<00:11,  3.90it/s, loss=1.226]
  epoch 1/3:  50%|█████     | 44/88 [00:11<00:11,  3.91it/s, loss=1.226]
  epoch 1/3:  50%|█████     | 44/88 [00:11<00:11,  3.91it/s, loss=1.220]
  epoch 1/3:  51%|█████     | 45/88 [00:11<00:10,  3.91it/s, loss=1.220]
  epoch 1/3:  51%|█████     | 45/88 [00:12<00:10,  3.91it/s, loss=1.214]
  epoch 1/3:  52%|█████▏    | 46/88 [00:12<00:10,  3.92it/s, loss=1.214]
  epoch 1/3:  52%|█████▏    | 46/88 [00:12<00:10,  3.92it/s, loss=1.207]
  epoch 1/3:  53%|█████▎    | 47/88 [00:12<00:10,  3.93it/s, loss=1.207]
  epoch 1/3:  53%|█████▎    | 47/88 [00:12<00:10,  3.93it/s, loss=1.201]
  epoch 1/3:  55%|█████▍    | 48/88 [00:12<00:10,  3.92it/s, loss=1.201]
  epoch 1/3:  55%|█████▍    | 48/88 [00:12<00:10,  3.92it/s, loss=1.194]
  epoch 1/3:  56%|█████▌    | 49/88 [00:12<00:09,  3.94it/s, loss=1.194]
  epoch 1/3:  56%|█████▌    | 49/88 [00:13<00:09,  3.94it/s, loss=1.186]
  epoch 1/3:  57%|█████▋    | 50/88 [00:13<00:09,  3.94it/s, loss=1.186]
  epoch 1/3:  57%|█████▋    | 50/88 [00:13<00:09,  3.94it/s, loss=1.177]
  epoch 1/3:  58%|█████▊    | 51/88 [00:13<00:09,  3.94it/s, loss=1.177]
  epoch 1/3:  58%|█████▊    | 51/88 [00:13<00:09,  3.94it/s, loss=1.171]
  epoch 1/3:  59%|█████▉    | 52/88 [00:13<00:09,  3.94it/s, loss=1.171]
  epoch 1/3:  59%|█████▉    | 52/88 [00:13<00:09,  3.94it/s, loss=1.164]
  epoch 1/3:  60%|██████    | 53/88 [00:13<00:08,  3.94it/s, loss=1.164]
  epoch 1/3:  60%|██████    | 53/88 [00:14<00:08,  3.94it/s, loss=1.157]
  epoch 1/3:  61%|██████▏   | 54/88 [00:14<00:08,  3.92it/s, loss=1.157]
  epoch 1/3:  61%|██████▏   | 54/88 [00:14<00:08,  3.92it/s, loss=1.150]
  epoch 1/3:  62%|██████▎   | 55/88 [00:14<00:08,  3.90it/s, loss=1.150]
  epoch 1/3:  62%|██████▎   | 55/88 [00:14<00:08,  3.90it/s, loss=1.144]
  epoch 1/3:  64%|██████▎   | 56/88 [00:14<00:08,  3.86it/s, loss=1.144]
  epoch 1/3:  64%|██████▎   | 56/88 [00:14<00:08,  3.86it/s, loss=1.135]
  epoch 1/3:  65%|██████▍   | 57/88 [00:14<00:07,  3.89it/s, loss=1.135]
  epoch 1/3:  65%|██████▍   | 57/88 [00:15<00:07,  3.89it/s, loss=1.131]
  epoch 1/3:  66%|██████▌   | 58/88 [00:15<00:07,  3.88it/s, loss=1.131]
  epoch 1/3:  66%|██████▌   | 58/88 [00:15<00:07,  3.88it/s, loss=1.124]
  epoch 1/3:  67%|██████▋   | 59/88 [00:15<00:07,  3.90it/s, loss=1.124]
  epoch 1/3:  67%|██████▋   | 59/88 [00:15<00:07,  3.90it/s, loss=1.117]
  epoch 1/3:  68%|██████▊   | 60/88 [00:15<00:07,  3.90it/s, loss=1.117]
  epoch 1/3:  68%|██████▊   | 60/88 [00:15<00:07,  3.90it/s, loss=1.110]
  epoch 1/3:  69%|██████▉   | 61/88 [00:15<00:06,  3.90it/s, loss=1.110]
  epoch 1/3:  69%|██████▉   | 61/88 [00:16<00:06,  3.90it/s, loss=1.106]
  epoch 1/3:  70%|███████   | 62/88 [00:16<00:06,  3.91it/s, loss=1.106]
  epoch 1/3:  70%|███████   | 62/88 [00:16<00:06,  3.91it/s, loss=1.100]
  epoch 1/3:  72%|███████▏  | 63/88 [00:16<00:06,  3.90it/s, loss=1.100]
  epoch 1/3:  72%|███████▏  | 63/88 [00:16<00:06,  3.90it/s, loss=1.095]
  epoch 1/3:  73%|███████▎  | 64/88 [00:16<00:06,  3.89it/s, loss=1.095]
  epoch 1/3:  73%|███████▎  | 64/88 [00:16<00:06,  3.89it/s, loss=1.089]
  epoch 1/3:  74%|███████▍  | 65/88 [00:16<00:05,  3.90it/s, loss=1.089]
  epoch 1/3:  74%|███████▍  | 65/88 [00:17<00:05,  3.90it/s, loss=1.084]
  epoch 1/3:  75%|███████▌  | 66/88 [00:17<00:05,  3.87it/s, loss=1.084]
  epoch 1/3:  75%|███████▌  | 66/88 [00:17<00:05,  3.87it/s, loss=1.077]
  epoch 1/3:  76%|███████▌  | 67/88 [00:17<00:05,  3.87it/s, loss=1.077]
  epoch 1/3:  76%|███████▌  | 67/88 [00:17<00:05,  3.87it/s, loss=1.070]
  epoch 1/3:  77%|███████▋  | 68/88 [00:17<00:05,  3.90it/s, loss=1.070]
  epoch 1/3:  77%|███████▋  | 68/88 [00:17<00:05,  3.90it/s, loss=1.066]
  epoch 1/3:  78%|███████▊  | 69/88 [00:17<00:04,  3.90it/s, loss=1.066]
  epoch 1/3:  78%|███████▊  | 69/88 [00:18<00:04,  3.90it/s, loss=1.059]
  epoch 1/3:  80%|███████▉  | 70/88 [00:18<00:04,  3.90it/s, loss=1.059]
  epoch 1/3:  80%|███████▉  | 70/88 [00:18<00:04,  3.90it/s, loss=1.053]
  epoch 1/3:  81%|████████  | 71/88 [00:18<00:04,  3.91it/s, loss=1.053]
  epoch 1/3:  81%|████████  | 71/88 [00:18<00:04,  3.91it/s, loss=1.048]
  epoch 1/3:  82%|████████▏ | 72/88 [00:18<00:04,  3.85it/s, loss=1.048]
  epoch 1/3:  82%|████████▏ | 72/88 [00:18<00:04,  3.85it/s, loss=1.043]
  epoch 1/3:  83%|████████▎ | 73/88 [00:18<00:03,  3.86it/s, loss=1.043]
  epoch 1/3:  83%|████████▎ | 73/88 [00:19<00:03,  3.86it/s, loss=1.039]
  epoch 1/3:  84%|████████▍ | 74/88 [00:19<00:03,  3.86it/s, loss=1.039]
  epoch 1/3:  84%|████████▍ | 74/88 [00:19<00:03,  3.86it/s, loss=1.033]
  epoch 1/3:  85%|████████▌ | 75/88 [00:19<00:03,  3.86it/s, loss=1.033]
  epoch 1/3:  85%|████████▌ | 75/88 [00:19<00:03,  3.86it/s, loss=1.026]
  epoch 1/3:  86%|████████▋ | 76/88 [00:19<00:03,  3.88it/s, loss=1.026]
  epoch 1/3:  86%|████████▋ | 76/88 [00:20<00:03,  3.88it/s, loss=1.022]
  epoch 1/3:  88%|████████▊ | 77/88 [00:20<00:02,  3.89it/s, loss=1.022]
  epoch 1/3:  88%|████████▊ | 77/88 [00:20<00:02,  3.89it/s, loss=1.017]
  epoch 1/3:  89%|████████▊ | 78/88 [00:20<00:02,  3.90it/s, loss=1.017]
  epoch 1/3:  89%|████████▊ | 78/88 [00:20<00:02,  3.90it/s, loss=1.010]
  epoch 1/3:  90%|████████▉ | 79/88 [00:20<00:02,  3.90it/s, loss=1.010]
  epoch 1/3:  90%|████████▉ | 79/88 [00:20<00:02,  3.90it/s, loss=1.006]
  epoch 1/3:  91%|█████████ | 80/88 [00:20<00:02,  3.88it/s, loss=1.006]
  epoch 1/3:  91%|█████████ | 80/88 [00:21<00:02,  3.88it/s, loss=0.999]
  epoch 1/3:  92%|█████████▏| 81/88 [00:21<00:01,  3.87it/s, loss=0.999]
  epoch 1/3:  92%|█████████▏| 81/88 [00:21<00:01,  3.87it/s, loss=0.994]
  epoch 1/3:  93%|█████████▎| 82/88 [00:21<00:01,  3.88it/s, loss=0.994]
  epoch 1/3:  93%|█████████▎| 82/88 [00:21<00:01,  3.88it/s, loss=0.988]
  epoch 1/3:  94%|█████████▍| 83/88 [00:21<00:01,  3.87it/s, loss=0.988]
  epoch 1/3:  94%|█████████▍| 83/88 [00:21<00:01,  3.87it/s, loss=0.984]
  epoch 1/3:  95%|█████████▌| 84/88 [00:21<00:01,  3.86it/s, loss=0.984]
  epoch 1/3:  95%|█████████▌| 84/88 [00:22<00:01,  3.86it/s, loss=0.978]
  epoch 1/3:  97%|█████████▋| 85/88 [00:22<00:00,  3.87it/s, loss=0.978]
  epoch 1/3:  97%|█████████▋| 85/88 [00:22<00:00,  3.87it/s, loss=0.973]
  epoch 1/3:  98%|█████████▊| 86/88 [00:22<00:00,  3.88it/s, loss=0.973]
  epoch 1/3:  98%|█████████▊| 86/88 [00:22<00:00,  3.88it/s, loss=0.968]
  epoch 1/3:  99%|█████████▉| 87/88 [00:22<00:00,  3.88it/s, loss=0.968]
  epoch 1/3:  99%|█████████▉| 87/88 [00:22<00:00,  3.88it/s, loss=0.964]
  epoch 1/3: 100%|██████████| 88/88 [00:22<00:00,  4.14it/s, loss=0.964]
                                                                        

  epoch 2/3:   0%|          | 0/88 [00:00<?, ?it/s]
  epoch 2/3:   0%|          | 0/88 [00:00<?, ?it/s, loss=0.483]
  epoch 2/3:   1%|          | 1/88 [00:00<00:46,  1.86it/s, loss=0.483]
  epoch 2/3:   1%|          | 1/88 [00:00<00:46,  1.86it/s, loss=0.461]
  epoch 2/3:   2%|▏         | 2/88 [00:00<00:32,  2.68it/s, loss=0.461]
  epoch 2/3:   2%|▏         | 2/88 [00:01<00:32,  2.68it/s, loss=0.426]
  epoch 2/3:   3%|▎         | 3/88 [00:01<00:27,  3.12it/s, loss=0.426]
  epoch 2/3:   3%|▎         | 3/88 [00:01<00:27,  3.12it/s, loss=0.441]
  epoch 2/3:   5%|▍         | 4/88 [00:01<00:24,  3.40it/s, loss=0.441]
  epoch 2/3:   5%|▍         | 4/88 [00:01<00:24,  3.40it/s, loss=0.444]
  epoch 2/3:   6%|▌         | 5/88 [00:01<00:23,  3.56it/s, loss=0.444]
  epoch 2/3:   6%|▌         | 5/88 [00:01<00:23,  3.56it/s, loss=0.445]
  epoch 2/3:   7%|▋         | 6/88 [00:01<00:22,  3.66it/s, loss=0.445]
  epoch 2/3:   7%|▋         | 6/88 [00:02<00:22,  3.66it/s, loss=0.456]
  epoch 2/3:   8%|▊         | 7/88 [00:02<00:21,  3.75it/s, loss=0.456]
  epoch 2/3:   8%|▊         | 7/88 [00:02<00:21,  3.75it/s, loss=0.473]
  epoch 2/3:   9%|▉         | 8/88 [00:02<00:21,  3.79it/s, loss=0.473]
  epoch 2/3:   9%|▉         | 8/88 [00:02<00:21,  3.79it/s, loss=0.465]
  epoch 2/3:  10%|█         | 9/88 [00:02<00:20,  3.84it/s, loss=0.465]
  epoch 2/3:  10%|█         | 9/88 [00:02<00:20,  3.84it/s, loss=0.464]
  epoch 2/3:  11%|█▏        | 10/88 [00:02<00:20,  3.86it/s, loss=0.464]
  epoch 2/3:  11%|█▏        | 10/88 [00:03<00:20,  3.86it/s, loss=0.459]
  epoch 2/3:  12%|█▎        | 11/88 [00:03<00:19,  3.86it/s, loss=0.459]
  epoch 2/3:  12%|█▎        | 11/88 [00:03<00:19,  3.86it/s, loss=0.454]
  epoch 2/3:  14%|█▎        | 12/88 [00:03<00:19,  3.87it/s, loss=0.454]
  epoch 2/3:  14%|█▎        | 12/88 [00:03<00:19,  3.87it/s, loss=0.457]
  epoch 2/3:  15%|█▍        | 13/88 [00:03<00:19,  3.88it/s, loss=0.457]
  epoch 2/3:  15%|█▍        | 13/88 [00:03<00:19,  3.88it/s, loss=0.458]
  epoch 2/3:  16%|█▌        | 14/88 [00:03<00:19,  3.87it/s, loss=0.458]
  epoch 2/3:  16%|█▌        | 14/88 [00:04<00:19,  3.87it/s, loss=0.458]
  epoch 2/3:  17%|█▋        | 15/88 [00:04<00:18,  3.86it/s, loss=0.458]
  epoch 2/3:  17%|█▋        | 15/88 [00:04<00:18,  3.86it/s, loss=0.457]
  epoch 2/3:  18%|█▊        | 16/88 [00:04<00:18,  3.82it/s, loss=0.457]
  epoch 2/3:  18%|█▊        | 16/88 [00:04<00:18,  3.82it/s, loss=0.454]
  epoch 2/3:  19%|█▉        | 17/88 [00:04<00:18,  3.83it/s, loss=0.454]
  epoch 2/3:  19%|█▉        | 17/88 [00:04<00:18,  3.83it/s, loss=0.454]
  epoch 2/3:  20%|██        | 18/88 [00:04<00:18,  3.87it/s, loss=0.454]
  epoch 2/3:  20%|██        | 18/88 [00:05<00:18,  3.87it/s, loss=0.450]
  epoch 2/3:  22%|██▏       | 19/88 [00:05<00:17,  3.86it/s, loss=0.450]
  epoch 2/3:  22%|██▏       | 19/88 [00:05<00:17,  3.86it/s, loss=0.444]
  epoch 2/3:  23%|██▎       | 20/88 [00:05<00:17,  3.86it/s, loss=0.444]
  epoch 2/3:  23%|██▎       | 20/88 [00:05<00:17,  3.86it/s, loss=0.441]
  epoch 2/3:  24%|██▍       | 21/88 [00:05<00:17,  3.87it/s, loss=0.441]
  epoch 2/3:  24%|██▍       | 21/88 [00:05<00:17,  3.87it/s, loss=0.439]
  epoch 2/3:  25%|██▌       | 22/88 [00:05<00:17,  3.87it/s, loss=0.439]
  epoch 2/3:  25%|██▌       | 22/88 [00:06<00:17,  3.87it/s, loss=0.433]
  epoch 2/3:  26%|██▌       | 23/88 [00:06<00:16,  3.88it/s, loss=0.433]
  epoch 2/3:  26%|██▌       | 23/88 [00:06<00:16,  3.88it/s, loss=0.429]
  epoch 2/3:  27%|██▋       | 24/88 [00:06<00:16,  3.86it/s, loss=0.429]
  epoch 2/3:  27%|██▋       | 24/88 [00:06<00:16,  3.86it/s, loss=0.428]
  epoch 2/3:  28%|██▊       | 25/88 [00:06<00:16,  3.86it/s, loss=0.428]
  epoch 2/3:  28%|██▊       | 25/88 [00:06<00:16,  3.86it/s, loss=0.426]
  epoch 2/3:  30%|██▉       | 26/88 [00:06<00:15,  3.89it/s, loss=0.426]
  epoch 2/3:  30%|██▉       | 26/88 [00:07<00:15,  3.89it/s, loss=0.427]
  epoch 2/3:  31%|███       | 27/88 [00:07<00:15,  3.88it/s, loss=0.427]
  epoch 2/3:  31%|███       | 27/88 [00:07<00:15,  3.88it/s, loss=0.422]
  epoch 2/3:  32%|███▏      | 28/88 [00:07<00:15,  3.87it/s, loss=0.422]
  epoch 2/3:  32%|███▏      | 28/88 [00:07<00:15,  3.87it/s, loss=0.421]
  epoch 2/3:  33%|███▎      | 29/88 [00:07<00:15,  3.89it/s, loss=0.421]
  epoch 2/3:  33%|███▎      | 29/88 [00:08<00:15,  3.89it/s, loss=0.419]
  epoch 2/3:  34%|███▍      | 30/88 [00:08<00:14,  3.89it/s, loss=0.419]
  epoch 2/3:  34%|███▍      | 30/88 [00:08<00:14,  3.89it/s, loss=0.418]
  epoch 2/3:  35%|███▌      | 31/88 [00:08<00:14,  3.88it/s, loss=0.418]
  epoch 2/3:  35%|███▌      | 31/88 [00:08<00:14,  3.88it/s, loss=0.416]
  epoch 2/3:  36%|███▋      | 32/88 [00:08<00:14,  3.85it/s, loss=0.416]
  epoch 2/3:  36%|███▋      | 32/88 [00:08<00:14,  3.85it/s, loss=0.414]
  epoch 2/3:  38%|███▊      | 33/88 [00:08<00:14,  3.88it/s, loss=0.414]
  epoch 2/3:  38%|███▊      | 33/88 [00:09<00:14,  3.88it/s, loss=0.409]
  epoch 2/3:  39%|███▊      | 34/88 [00:09<00:13,  3.89it/s, loss=0.409]
  epoch 2/3:  39%|███▊      | 34/88 [00:09<00:13,  3.89it/s, loss=0.406]
  epoch 2/3:  40%|███▉      | 35/88 [00:09<00:13,  3.88it/s, loss=0.406]
  epoch 2/3:  40%|███▉      | 35/88 [00:09<00:13,  3.88it/s, loss=0.402]
  epoch 2/3:  41%|████      | 36/88 [00:09<00:13,  3.90it/s, loss=0.402]
  epoch 2/3:  41%|████      | 36/88 [00:09<00:13,  3.90it/s, loss=0.400]
  epoch 2/3:  42%|████▏     | 37/88 [00:09<00:13,  3.89it/s, loss=0.400]
  epoch 2/3:  42%|████▏     | 37/88 [00:10<00:13,  3.89it/s, loss=0.398]
  epoch 2/3:  43%|████▎     | 38/88 [00:10<00:12,  3.87it/s, loss=0.398]
  epoch 2/3:  43%|████▎     | 38/88 [00:10<00:12,  3.87it/s, loss=0.398]
  epoch 2/3:  44%|████▍     | 39/88 [00:10<00:12,  3.86it/s, loss=0.398]
  epoch 2/3:  44%|████▍     | 39/88 [00:10<00:12,  3.86it/s, loss=0.399]
  epoch 2/3:  45%|████▌     | 40/88 [00:10<00:12,  3.88it/s, loss=0.399]
  epoch 2/3:  45%|████▌     | 40/88 [00:10<00:12,  3.88it/s, loss=0.396]
  epoch 2/3:  47%|████▋     | 41/88 [00:10<00:12,  3.89it/s, loss=0.396]
  epoch 2/3:  47%|████▋     | 41/88 [00:11<00:12,  3.89it/s, loss=0.396]
  epoch 2/3:  48%|████▊     | 42/88 [00:11<00:11,  3.89it/s, loss=0.396]
  epoch 2/3:  48%|████▊     | 42/88 [00:11<00:11,  3.89it/s, loss=0.394]
  epoch 2/3:  49%|████▉     | 43/88 [00:11<00:11,  3.91it/s, loss=0.394]
  epoch 2/3:  49%|████▉     | 43/88 [00:11<00:11,  3.91it/s, loss=0.392]
  epoch 2/3:  50%|█████     | 44/88 [00:11<00:11,  3.89it/s, loss=0.392]
  epoch 2/3:  50%|█████     | 44/88 [00:11<00:11,  3.89it/s, loss=0.392]
  epoch 2/3:  51%|█████     | 45/88 [00:11<00:11,  3.89it/s, loss=0.392]
  epoch 2/3:  51%|█████     | 45/88 [00:12<00:11,  3.89it/s, loss=0.389]
  epoch 2/3:  52%|█████▏    | 46/88 [00:12<00:10,  3.90it/s, loss=0.389]
  epoch 2/3:  52%|█████▏    | 46/88 [00:12<00:10,  3.90it/s, loss=0.389]
  epoch 2/3:  53%|█████▎    | 47/88 [00:12<00:10,  3.89it/s, loss=0.389]
  epoch 2/3:  53%|█████▎    | 47/88 [00:12<00:10,  3.89it/s, loss=0.387]
  epoch 2/3:  55%|█████▍    | 48/88 [00:12<00:10,  3.82it/s, loss=0.387]
  epoch 2/3:  55%|█████▍    | 48/88 [00:12<00:10,  3.82it/s, loss=0.386]
  epoch 2/3:  56%|█████▌    | 49/88 [00:12<00:10,  3.85it/s, loss=0.386]
  epoch 2/3:  56%|█████▌    | 49/88 [00:13<00:10,  3.85it/s, loss=0.384]
  epoch 2/3:  57%|█████▋    | 50/88 [00:13<00:09,  3.84it/s, loss=0.384]
  epoch 2/3:  57%|█████▋    | 50/88 [00:13<00:09,  3.84it/s, loss=0.384]
  epoch 2/3:  58%|█████▊    | 51/88 [00:13<00:09,  3.86it/s, loss=0.384]
  epoch 2/3:  58%|█████▊    | 51/88 [00:13<00:09,  3.86it/s, loss=0.383]
  epoch 2/3:  59%|█████▉    | 52/88 [00:13<00:09,  3.87it/s, loss=0.383]
  epoch 2/3:  59%|█████▉    | 52/88 [00:13<00:09,  3.87it/s, loss=0.380]
  epoch 2/3:  60%|██████    | 53/88 [00:13<00:09,  3.87it/s, loss=0.380]
  epoch 2/3:  60%|██████    | 53/88 [00:14<00:09,  3.87it/s, loss=0.381]
  epoch 2/3:  61%|██████▏   | 54/88 [00:14<00:08,  3.87it/s, loss=0.381]
  epoch 2/3:  61%|██████▏   | 54/88 [00:14<00:08,  3.87it/s, loss=0.377]
  epoch 2/3:  62%|██████▎   | 55/88 [00:14<00:08,  3.90it/s, loss=0.377]
  epoch 2/3:  62%|██████▎   | 55/88 [00:14<00:08,  3.90it/s, loss=0.375]
  epoch 2/3:  64%|██████▎   | 56/88 [00:14<00:08,  3.89it/s, loss=0.375]
  epoch 2/3:  64%|██████▎   | 56/88 [00:14<00:08,  3.89it/s, loss=0.374]
  epoch 2/3:  65%|██████▍   | 57/88 [00:14<00:07,  3.91it/s, loss=0.374]
  epoch 2/3:  65%|██████▍   | 57/88 [00:15<00:07,  3.91it/s, loss=0.373]
  epoch 2/3:  66%|██████▌   | 58/88 [00:15<00:07,  3.91it/s, loss=0.373]
  epoch 2/3:  66%|██████▌   | 58/88 [00:15<00:07,  3.91it/s, loss=0.370]
  epoch 2/3:  67%|██████▋   | 59/88 [00:15<00:07,  3.90it/s, loss=0.370]
  epoch 2/3:  67%|██████▋   | 59/88 [00:15<00:07,  3.90it/s, loss=0.370]
  epoch 2/3:  68%|██████▊   | 60/88 [00:15<00:07,  3.92it/s, loss=0.370]
  epoch 2/3:  68%|██████▊   | 60/88 [00:15<00:07,  3.92it/s, loss=0.367]
  epoch 2/3:  69%|██████▉   | 61/88 [00:15<00:06,  3.91it/s, loss=0.367]
  epoch 2/3:  69%|██████▉   | 61/88 [00:16<00:06,  3.91it/s, loss=0.365]
  epoch 2/3:  70%|███████   | 62/88 [00:16<00:06,  3.90it/s, loss=0.365]
  epoch 2/3:  70%|███████   | 62/88 [00:16<00:06,  3.90it/s, loss=0.364]
  epoch 2/3:  72%|███████▏  | 63/88 [00:16<00:06,  3.91it/s, loss=0.364]
  epoch 2/3:  72%|███████▏  | 63/88 [00:16<00:06,  3.91it/s, loss=0.362]
  epoch 2/3:  73%|███████▎  | 64/88 [00:16<00:06,  3.85it/s, loss=0.362]
  epoch 2/3:  73%|███████▎  | 64/88 [00:17<00:06,  3.85it/s, loss=0.360]
  epoch 2/3:  74%|███████▍  | 65/88 [00:17<00:05,  3.87it/s, loss=0.360]
  epoch 2/3:  74%|███████▍  | 65/88 [00:17<00:05,  3.87it/s, loss=0.359]
  epoch 2/3:  75%|███████▌  | 66/88 [00:17<00:05,  3.89it/s, loss=0.359]
  epoch 2/3:  75%|███████▌  | 66/88 [00:17<00:05,  3.89it/s, loss=0.357]
  epoch 2/3:  76%|███████▌  | 67/88 [00:17<00:05,  3.90it/s, loss=0.357]
  epoch 2/3:  76%|███████▌  | 67/88 [00:17<00:05,  3.90it/s, loss=0.355]
  epoch 2/3:  77%|███████▋  | 68/88 [00:17<00:05,  3.89it/s, loss=0.355]
  epoch 2/3:  77%|███████▋  | 68/88 [00:18<00:05,  3.89it/s, loss=0.353]
  epoch 2/3:  78%|███████▊  | 69/88 [00:18<00:04,  3.88it/s, loss=0.353]
  epoch 2/3:  78%|███████▊  | 69/88 [00:18<00:04,  3.88it/s, loss=0.353]
  epoch 2/3:  80%|███████▉  | 70/88 [00:18<00:04,  3.89it/s, loss=0.353]
  epoch 2/3:  80%|███████▉  | 70/88 [00:18<00:04,  3.89it/s, loss=0.350]
  epoch 2/3:  81%|████████  | 71/88 [00:18<00:04,  3.89it/s, loss=0.350]
  epoch 2/3:  81%|████████  | 71/88 [00:18<00:04,  3.89it/s, loss=0.348]
  epoch 2/3:  82%|████████▏ | 72/88 [00:18<00:04,  3.88it/s, loss=0.348]
  epoch 2/3:  82%|████████▏ | 72/88 [00:19<00:04,  3.88it/s, loss=0.347]
  epoch 2/3:  83%|████████▎ | 73/88 [00:19<00:03,  3.91it/s, loss=0.347]
  epoch 2/3:  83%|████████▎ | 73/88 [00:19<00:03,  3.91it/s, loss=0.345]
  epoch 2/3:  84%|████████▍ | 74/88 [00:19<00:03,  3.90it/s, loss=0.345]
  epoch 2/3:  84%|████████▍ | 74/88 [00:19<00:03,  3.90it/s, loss=0.345]
  epoch 2/3:  85%|████████▌ | 75/88 [00:19<00:03,  3.89it/s, loss=0.345]
  epoch 2/3:  85%|████████▌ | 75/88 [00:19<00:03,  3.89it/s, loss=0.342]
  epoch 2/3:  86%|████████▋ | 76/88 [00:19<00:03,  3.91it/s, loss=0.342]
  epoch 2/3:  86%|████████▋ | 76/88 [00:20<00:03,  3.91it/s, loss=0.340]
  epoch 2/3:  88%|████████▊ | 77/88 [00:20<00:02,  3.91it/s, loss=0.340]
  epoch 2/3:  88%|████████▊ | 77/88 [00:20<00:02,  3.91it/s, loss=0.338]
  epoch 2/3:  89%|████████▊ | 78/88 [00:20<00:02,  3.91it/s, loss=0.338]
  epoch 2/3:  89%|████████▊ | 78/88 [00:20<00:02,  3.91it/s, loss=0.337]
  epoch 2/3:  90%|████████▉ | 79/88 [00:20<00:02,  3.91it/s, loss=0.337]
  epoch 2/3:  90%|████████▉ | 79/88 [00:20<00:02,  3.91it/s, loss=0.336]
  epoch 2/3:  91%|█████████ | 80/88 [00:20<00:02,  3.85it/s, loss=0.336]
  epoch 2/3:  91%|█████████ | 80/88 [00:21<00:02,  3.85it/s, loss=0.335]
  epoch 2/3:  92%|█████████▏| 81/88 [00:21<00:01,  3.87it/s, loss=0.335]
  epoch 2/3:  92%|█████████▏| 81/88 [00:21<00:01,  3.87it/s, loss=0.334]
  epoch 2/3:  93%|█████████▎| 82/88 [00:21<00:01,  3.87it/s, loss=0.334]
  epoch 2/3:  93%|█████████▎| 82/88 [00:21<00:01,  3.87it/s, loss=0.333]
  epoch 2/3:  94%|█████████▍| 83/88 [00:21<00:01,  3.89it/s, loss=0.333]
  epoch 2/3:  94%|█████████▍| 83/88 [00:21<00:01,  3.89it/s, loss=0.331]
  epoch 2/3:  95%|█████████▌| 84/88 [00:21<00:01,  3.89it/s, loss=0.331]
  epoch 2/3:  95%|█████████▌| 84/88 [00:22<00:01,  3.89it/s, loss=0.330]
  epoch 2/3:  97%|█████████▋| 85/88 [00:22<00:00,  3.90it/s, loss=0.330]
  epoch 2/3:  97%|█████████▋| 85/88 [00:22<00:00,  3.90it/s, loss=0.328]
  epoch 2/3:  98%|█████████▊| 86/88 [00:22<00:00,  3.91it/s, loss=0.328]
  epoch 2/3:  98%|█████████▊| 86/88 [00:22<00:00,  3.91it/s, loss=0.327]
  epoch 2/3:  99%|█████████▉| 87/88 [00:22<00:00,  3.90it/s, loss=0.327]
  epoch 2/3:  99%|█████████▉| 87/88 [00:22<00:00,  3.90it/s, loss=0.327]
  epoch 2/3: 100%|██████████| 88/88 [00:22<00:00,  4.23it/s, loss=0.327]
                                                                        

  epoch 3/3:   0%|          | 0/88 [00:00<?, ?it/s]
  epoch 3/3:   0%|          | 0/88 [00:00<?, ?it/s, loss=0.249]
  epoch 3/3:   1%|          | 1/88 [00:00<00:45,  1.90it/s, loss=0.249]
  epoch 3/3:   1%|          | 1/88 [00:00<00:45,  1.90it/s, loss=0.188]
  epoch 3/3:   2%|▏         | 2/88 [00:00<00:31,  2.72it/s, loss=0.188]
  epoch 3/3:   2%|▏         | 2/88 [00:01<00:31,  2.72it/s, loss=0.193]
  epoch 3/3:   3%|▎         | 3/88 [00:01<00:26,  3.16it/s, loss=0.193]
  epoch 3/3:   3%|▎         | 3/88 [00:01<00:26,  3.16it/s, loss=0.200]
  epoch 3/3:   5%|▍         | 4/88 [00:01<00:24,  3.41it/s, loss=0.200]
  epoch 3/3:   5%|▍         | 4/88 [00:01<00:24,  3.41it/s, loss=0.195]
  epoch 3/3:   6%|▌         | 5/88 [00:01<00:23,  3.59it/s, loss=0.195]
  epoch 3/3:   6%|▌         | 5/88 [00:01<00:23,  3.59it/s, loss=0.184]
  epoch 3/3:   7%|▋         | 6/88 [00:01<00:22,  3.69it/s, loss=0.184]
  epoch 3/3:   7%|▋         | 6/88 [00:02<00:22,  3.69it/s, loss=0.183]
  epoch 3/3:   8%|▊         | 7/88 [00:02<00:21,  3.74it/s, loss=0.183]
  epoch 3/3:   8%|▊         | 7/88 [00:02<00:21,  3.74it/s, loss=0.191]
  epoch 3/3:   9%|▉         | 8/88 [00:02<00:21,  3.75it/s, loss=0.191]
  epoch 3/3:   9%|▉         | 8/88 [00:02<00:21,  3.75it/s, loss=0.186]
  epoch 3/3:  10%|█         | 9/88 [00:02<00:20,  3.80it/s, loss=0.186]
  epoch 3/3:  10%|█         | 9/88 [00:02<00:20,  3.80it/s, loss=0.183]
  epoch 3/3:  11%|█▏        | 10/88 [00:02<00:20,  3.84it/s, loss=0.183]
  epoch 3/3:  11%|█▏        | 10/88 [00:03<00:20,  3.84it/s, loss=0.181]
  epoch 3/3:  12%|█▎        | 11/88 [00:03<00:19,  3.85it/s, loss=0.181]
  epoch 3/3:  12%|█▎        | 11/88 [00:03<00:19,  3.85it/s, loss=0.190]
  epoch 3/3:  14%|█▎        | 12/88 [00:03<00:19,  3.86it/s, loss=0.190]
  epoch 3/3:  14%|█▎        | 12/88 [00:03<00:19,  3.86it/s, loss=0.185]
  epoch 3/3:  15%|█▍        | 13/88 [00:03<00:19,  3.88it/s, loss=0.185]
  epoch 3/3:  15%|█▍        | 13/88 [00:03<00:19,  3.88it/s, loss=0.184]
  epoch 3/3:  16%|█▌        | 14/88 [00:03<00:19,  3.87it/s, loss=0.184]
  epoch 3/3:  16%|█▌        | 14/88 [00:04<00:19,  3.87it/s, loss=0.184]
  epoch 3/3:  17%|█▋        | 15/88 [00:04<00:18,  3.89it/s, loss=0.184]
  epoch 3/3:  17%|█▋        | 15/88 [00:04<00:18,  3.89it/s, loss=0.188]
  epoch 3/3:  18%|█▊        | 16/88 [00:04<00:18,  3.89it/s, loss=0.188]
  epoch 3/3:  18%|█▊        | 16/88 [00:04<00:18,  3.89it/s, loss=0.190]
  epoch 3/3:  19%|█▉        | 17/88 [00:04<00:18,  3.87it/s, loss=0.190]
  epoch 3/3:  19%|█▉        | 17/88 [00:04<00:18,  3.87it/s, loss=0.192]
  epoch 3/3:  20%|██        | 18/88 [00:04<00:18,  3.87it/s, loss=0.192]
  epoch 3/3:  20%|██        | 18/88 [00:05<00:18,  3.87it/s, loss=0.188]
  epoch 3/3:  22%|██▏       | 19/88 [00:05<00:17,  3.88it/s, loss=0.188]
  epoch 3/3:  22%|██▏       | 19/88 [00:05<00:17,  3.88it/s, loss=0.184]
  epoch 3/3:  23%|██▎       | 20/88 [00:05<00:17,  3.89it/s, loss=0.184]
  epoch 3/3:  23%|██▎       | 20/88 [00:05<00:17,  3.89it/s, loss=0.181]
  epoch 3/3:  24%|██▍       | 21/88 [00:05<00:17,  3.89it/s, loss=0.181]
  epoch 3/3:  24%|██▍       | 21/88 [00:05<00:17,  3.89it/s, loss=0.179]
  epoch 3/3:  25%|██▌       | 22/88 [00:05<00:16,  3.90it/s, loss=0.179]
  epoch 3/3:  25%|██▌       | 22/88 [00:06<00:16,  3.90it/s, loss=0.178]
  epoch 3/3:  26%|██▌       | 23/88 [00:06<00:16,  3.89it/s, loss=0.178]
  epoch 3/3:  26%|██▌       | 23/88 [00:06<00:16,  3.89it/s, loss=0.176]
  epoch 3/3:  27%|██▋       | 24/88 [00:06<00:16,  3.83it/s, loss=0.176]
  epoch 3/3:  27%|██▋       | 24/88 [00:06<00:16,  3.83it/s, loss=0.174]
  epoch 3/3:  28%|██▊       | 25/88 [00:06<00:16,  3.84it/s, loss=0.174]
  epoch 3/3:  28%|██▊       | 25/88 [00:06<00:16,  3.84it/s, loss=0.171]
  epoch 3/3:  30%|██▉       | 26/88 [00:06<00:16,  3.84it/s, loss=0.171]
  epoch 3/3:  30%|██▉       | 26/88 [00:07<00:16,  3.84it/s, loss=0.169]
  epoch 3/3:  31%|███       | 27/88 [00:07<00:15,  3.88it/s, loss=0.169]
  epoch 3/3:  31%|███       | 27/88 [00:07<00:15,  3.88it/s, loss=0.167]
  epoch 3/3:  32%|███▏      | 28/88 [00:07<00:15,  3.88it/s, loss=0.167]
  epoch 3/3:  32%|███▏      | 28/88 [00:07<00:15,  3.88it/s, loss=0.167]
  epoch 3/3:  33%|███▎      | 29/88 [00:07<00:15,  3.87it/s, loss=0.167]
  epoch 3/3:  33%|███▎      | 29/88 [00:07<00:15,  3.87it/s, loss=0.168]
  epoch 3/3:  34%|███▍      | 30/88 [00:07<00:14,  3.89it/s, loss=0.168]
  epoch 3/3:  34%|███▍      | 30/88 [00:08<00:14,  3.89it/s, loss=0.168]
  epoch 3/3:  35%|███▌      | 31/88 [00:08<00:14,  3.89it/s, loss=0.168]
  epoch 3/3:  35%|███▌      | 31/88 [00:08<00:14,  3.89it/s, loss=0.169]
  epoch 3/3:  36%|███▋      | 32/88 [00:08<00:14,  3.88it/s, loss=0.169]
  epoch 3/3:  36%|███▋      | 32/88 [00:08<00:14,  3.88it/s, loss=0.169]
  epoch 3/3:  38%|███▊      | 33/88 [00:08<00:14,  3.89it/s, loss=0.169]
  epoch 3/3:  38%|███▊      | 33/88 [00:09<00:14,  3.89it/s, loss=0.168]
  epoch 3/3:  39%|███▊      | 34/88 [00:09<00:13,  3.90it/s, loss=0.168]
  epoch 3/3:  39%|███▊      | 34/88 [00:09<00:13,  3.90it/s, loss=0.169]
  epoch 3/3:  40%|███▉      | 35/88 [00:09<00:13,  3.90it/s, loss=0.169]
  epoch 3/3:  40%|███▉      | 35/88 [00:09<00:13,  3.90it/s, loss=0.168]
  epoch 3/3:  41%|████      | 36/88 [00:09<00:13,  3.91it/s, loss=0.168]
  epoch 3/3:  41%|████      | 36/88 [00:09<00:13,  3.91it/s, loss=0.167]
  epoch 3/3:  42%|████▏     | 37/88 [00:09<00:13,  3.89it/s, loss=0.167]
  epoch 3/3:  42%|████▏     | 37/88 [00:10<00:13,  3.89it/s, loss=0.166]
  epoch 3/3:  43%|████▎     | 38/88 [00:10<00:12,  3.90it/s, loss=0.166]
  epoch 3/3:  43%|████▎     | 38/88 [00:10<00:12,  3.90it/s, loss=0.166]
  epoch 3/3:  44%|████▍     | 39/88 [00:10<00:12,  3.91it/s, loss=0.166]
  epoch 3/3:  44%|████▍     | 39/88 [00:10<00:12,  3.91it/s, loss=0.165]
  epoch 3/3:  45%|████▌     | 40/88 [00:10<00:12,  3.85it/s, loss=0.165]
  epoch 3/3:  45%|████▌     | 40/88 [00:10<00:12,  3.85it/s, loss=0.166]
  epoch 3/3:  47%|████▋     | 41/88 [00:10<00:12,  3.87it/s, loss=0.166]
  epoch 3/3:  47%|████▋     | 41/88 [00:11<00:12,  3.87it/s, loss=0.164]
  epoch 3/3:  48%|████▊     | 42/88 [00:11<00:11,  3.87it/s, loss=0.164]
  epoch 3/3:  48%|████▊     | 42/88 [00:11<00:11,  3.87it/s, loss=0.165]
  epoch 3/3:  49%|████▉     | 43/88 [00:11<00:11,  3.90it/s, loss=0.165]
  epoch 3/3:  49%|████▉     | 43/88 [00:11<00:11,  3.90it/s, loss=0.166]
  epoch 3/3:  50%|█████     | 44/88 [00:11<00:11,  3.88it/s, loss=0.166]
  epoch 3/3:  50%|█████     | 44/88 [00:11<00:11,  3.88it/s, loss=0.167]
  epoch 3/3:  51%|█████     | 45/88 [00:11<00:11,  3.88it/s, loss=0.167]
  epoch 3/3:  51%|█████     | 45/88 [00:12<00:11,  3.88it/s, loss=0.167]
  epoch 3/3:  52%|█████▏    | 46/88 [00:12<00:10,  3.91it/s, loss=0.167]
  epoch 3/3:  52%|█████▏    | 46/88 [00:12<00:10,  3.91it/s, loss=0.165]
  epoch 3/3:  53%|█████▎    | 47/88 [00:12<00:10,  3.89it/s, loss=0.165]
  epoch 3/3:  53%|█████▎    | 47/88 [00:12<00:10,  3.89it/s, loss=0.166]
  epoch 3/3:  55%|█████▍    | 48/88 [00:12<00:10,  3.90it/s, loss=0.166]
  epoch 3/3:  55%|█████▍    | 48/88 [00:12<00:10,  3.90it/s, loss=0.165]
  epoch 3/3:  56%|█████▌    | 49/88 [00:12<00:09,  3.91it/s, loss=0.165]
  epoch 3/3:  56%|█████▌    | 49/88 [00:13<00:09,  3.91it/s, loss=0.165]
  epoch 3/3:  57%|█████▋    | 50/88 [00:13<00:09,  3.89it/s, loss=0.165]
  epoch 3/3:  57%|█████▋    | 50/88 [00:13<00:09,  3.89it/s, loss=0.166]
  epoch 3/3:  58%|█████▊    | 51/88 [00:13<00:09,  3.89it/s, loss=0.166]
  epoch 3/3:  58%|█████▊    | 51/88 [00:13<00:09,  3.89it/s, loss=0.165]
  epoch 3/3:  59%|█████▉    | 52/88 [00:13<00:09,  3.91it/s, loss=0.165]
  epoch 3/3:  59%|█████▉    | 52/88 [00:13<00:09,  3.91it/s, loss=0.165]
  epoch 3/3:  60%|██████    | 53/88 [00:13<00:08,  3.92it/s, loss=0.165]
  epoch 3/3:  60%|██████    | 53/88 [00:14<00:08,  3.92it/s, loss=0.164]
  epoch 3/3:  61%|██████▏   | 54/88 [00:14<00:08,  3.93it/s, loss=0.164]
  epoch 3/3:  61%|██████▏   | 54/88 [00:14<00:08,  3.93it/s, loss=0.163]
  epoch 3/3:  62%|██████▎   | 55/88 [00:14<00:08,  3.93it/s, loss=0.163]
  epoch 3/3:  62%|██████▎   | 55/88 [00:14<00:08,  3.93it/s, loss=0.165]
  epoch 3/3:  64%|██████▎   | 56/88 [00:14<00:08,  3.88it/s, loss=0.165]
  epoch 3/3:  64%|██████▎   | 56/88 [00:14<00:08,  3.88it/s, loss=0.164]
  epoch 3/3:  65%|██████▍   | 57/88 [00:14<00:07,  3.91it/s, loss=0.164]
  epoch 3/3:  65%|██████▍   | 57/88 [00:15<00:07,  3.91it/s, loss=0.165]
  epoch 3/3:  66%|██████▌   | 58/88 [00:15<00:07,  3.92it/s, loss=0.165]
  epoch 3/3:  66%|██████▌   | 58/88 [00:15<00:07,  3.92it/s, loss=0.165]
  epoch 3/3:  67%|██████▋   | 59/88 [00:15<00:07,  3.93it/s, loss=0.165]
  epoch 3/3:  67%|██████▋   | 59/88 [00:15<00:07,  3.93it/s, loss=0.164]
  epoch 3/3:  68%|██████▊   | 60/88 [00:15<00:07,  3.92it/s, loss=0.164]
  epoch 3/3:  68%|██████▊   | 60/88 [00:15<00:07,  3.92it/s, loss=0.164]
  epoch 3/3:  69%|██████▉   | 61/88 [00:15<00:06,  3.94it/s, loss=0.164]
  epoch 3/3:  69%|██████▉   | 61/88 [00:16<00:06,  3.94it/s, loss=0.165]
  epoch 3/3:  70%|███████   | 62/88 [00:16<00:06,  3.92it/s, loss=0.165]
  epoch 3/3:  70%|███████   | 62/88 [00:16<00:06,  3.92it/s, loss=0.164]
  epoch 3/3:  72%|███████▏  | 63/88 [00:16<00:06,  3.90it/s, loss=0.164]
  epoch 3/3:  72%|███████▏  | 63/88 [00:16<00:06,  3.90it/s, loss=0.165]
  epoch 3/3:  73%|███████▎  | 64/88 [00:16<00:06,  3.92it/s, loss=0.165]
  epoch 3/3:  73%|███████▎  | 64/88 [00:16<00:06,  3.92it/s, loss=0.163]
  epoch 3/3:  74%|███████▍  | 65/88 [00:16<00:05,  3.91it/s, loss=0.163]
  epoch 3/3:  74%|███████▍  | 65/88 [00:17<00:05,  3.91it/s, loss=0.163]
  epoch 3/3:  75%|███████▌  | 66/88 [00:17<00:05,  3.91it/s, loss=0.163]
  epoch 3/3:  75%|███████▌  | 66/88 [00:17<00:05,  3.91it/s, loss=0.162]
  epoch 3/3:  76%|███████▌  | 67/88 [00:17<00:05,  3.91it/s, loss=0.162]
  epoch 3/3:  76%|███████▌  | 67/88 [00:17<00:05,  3.91it/s, loss=0.161]
  epoch 3/3:  77%|███████▋  | 68/88 [00:17<00:05,  3.93it/s, loss=0.161]
  epoch 3/3:  77%|███████▋  | 68/88 [00:17<00:05,  3.93it/s, loss=0.161]
  epoch 3/3:  78%|███████▊  | 69/88 [00:17<00:04,  3.92it/s, loss=0.161]
  epoch 3/3:  78%|███████▊  | 69/88 [00:18<00:04,  3.92it/s, loss=0.160]
  epoch 3/3:  80%|███████▉  | 70/88 [00:18<00:04,  3.90it/s, loss=0.160]
  epoch 3/3:  80%|███████▉  | 70/88 [00:18<00:04,  3.90it/s, loss=0.159]
  epoch 3/3:  81%|████████  | 71/88 [00:18<00:04,  3.92it/s, loss=0.159]
  epoch 3/3:  81%|████████  | 71/88 [00:18<00:04,  3.92it/s, loss=0.158]
  epoch 3/3:  82%|████████▏ | 72/88 [00:18<00:04,  3.88it/s, loss=0.158]
  epoch 3/3:  82%|████████▏ | 72/88 [00:19<00:04,  3.88it/s, loss=0.158]
  epoch 3/3:  83%|████████▎ | 73/88 [00:19<00:03,  3.89it/s, loss=0.158]
  epoch 3/3:  83%|████████▎ | 73/88 [00:19<00:03,  3.89it/s, loss=0.158]
  epoch 3/3:  84%|████████▍ | 74/88 [00:19<00:03,  3.88it/s, loss=0.158]
  epoch 3/3:  84%|████████▍ | 74/88 [00:19<00:03,  3.88it/s, loss=0.158]
  epoch 3/3:  85%|████████▌ | 75/88 [00:19<00:03,  3.91it/s, loss=0.158]
  epoch 3/3:  85%|████████▌ | 75/88 [00:19<00:03,  3.91it/s, loss=0.157]
  epoch 3/3:  86%|████████▋ | 76/88 [00:19<00:03,  3.92it/s, loss=0.157]
  epoch 3/3:  86%|████████▋ | 76/88 [00:20<00:03,  3.92it/s, loss=0.156]
  epoch 3/3:  88%|████████▊ | 77/88 [00:20<00:02,  3.94it/s, loss=0.156]
  epoch 3/3:  88%|████████▊ | 77/88 [00:20<00:02,  3.94it/s, loss=0.155]
  epoch 3/3:  89%|████████▊ | 78/88 [00:20<00:02,  3.92it/s, loss=0.155]
  epoch 3/3:  89%|████████▊ | 78/88 [00:20<00:02,  3.92it/s, loss=0.154]
  epoch 3/3:  90%|████████▉ | 79/88 [00:20<00:02,  3.94it/s, loss=0.154]
  epoch 3/3:  90%|████████▉ | 79/88 [00:20<00:02,  3.94it/s, loss=0.153]
  epoch 3/3:  91%|█████████ | 80/88 [00:20<00:02,  3.93it/s, loss=0.153]
  epoch 3/3:  91%|█████████ | 80/88 [00:21<00:02,  3.93it/s, loss=0.153]
  epoch 3/3:  92%|█████████▏| 81/88 [00:21<00:01,  3.94it/s, loss=0.153]
  epoch 3/3:  92%|█████████▏| 81/88 [00:21<00:01,  3.94it/s, loss=0.152]
  epoch 3/3:  93%|█████████▎| 82/88 [00:21<00:01,  3.92it/s, loss=0.152]
  epoch 3/3:  93%|█████████▎| 82/88 [00:21<00:01,  3.92it/s, loss=0.152]
  epoch 3/3:  94%|█████████▍| 83/88 [00:21<00:01,  3.91it/s, loss=0.152]
  epoch 3/3:  94%|█████████▍| 83/88 [00:21<00:01,  3.91it/s, loss=0.152]
  epoch 3/3:  95%|█████████▌| 84/88 [00:21<00:01,  3.93it/s, loss=0.152]
  epoch 3/3:  95%|█████████▌| 84/88 [00:22<00:01,  3.93it/s, loss=0.151]
  epoch 3/3:  97%|█████████▋| 85/88 [00:22<00:00,  3.91it/s, loss=0.151]
  epoch 3/3:  97%|█████████▋| 85/88 [00:22<00:00,  3.91it/s, loss=0.150]
  epoch 3/3:  98%|█████████▊| 86/88 [00:22<00:00,  3.93it/s, loss=0.150]
  epoch 3/3:  98%|█████████▊| 86/88 [00:22<00:00,  3.93it/s, loss=0.149]
  epoch 3/3:  99%|█████████▉| 87/88 [00:22<00:00,  3.93it/s, loss=0.149]
  epoch 3/3:  99%|█████████▉| 87/88 [00:22<00:00,  3.93it/s, loss=0.149]
  epoch 3/3: 100%|██████████| 88/88 [00:22<00:00,  4.19it/s, loss=0.149]
                                                                        
[titans] reset=never | norm(state) sau task = 81.9575
[titans]   self-mod v:β=1.07 |W|=3.19
[titans]   eta_t(avg)=6.3896  alpha_t/forget-gate(avg)=1.0000
[task 7] test acc so far: 0.797  0.749  0.783  0.654  0.634  0.534  0.517  0.206
[task 7] NCM-blend gamma=0: 0.706  0.777  0.723  0.666  0.689  0.700  0.846  0.731
[task 7] NCM-blend gamma=0.1: 0.706  0.777  0.726  0.671  0.689  0.709  0.846  0.731
[task 7] NCM-blend gamma=0.25: 0.706  0.780  0.731  0.677  0.714  0.711  0.843  0.740
[task 7] NCM-blend gamma=0.5: 0.657  0.691  0.686  0.674  0.731  0.731  0.863  0.757
[task 7] NCM-blend gamma=0.75: 0.597  0.546  0.643  0.646  0.751  0.751  0.886  0.797
[task 7] NCM-blend gamma=1: 0.460  0.357  0.546  0.586  0.729  0.749  0.897  0.831
[checkpoint] đã lưu tiến độ sau task 7
[task 8] classes=[4, 7, 8, 16, 36] | train=2800

  epoch 1/3:   0%|          | 0/88 [00:00<?, ?it/s]
  epoch 1/3:   0%|          | 0/88 [00:00<?, ?it/s, loss=1.940]
  epoch 1/3:   1%|          | 1/88 [00:00<00:50,  1.73it/s, loss=1.940]
  epoch 1/3:   1%|          | 1/88 [00:00<00:50,  1.73it/s, loss=1.830]
  epoch 1/3:   2%|▏         | 2/88 [00:00<00:33,  2.56it/s, loss=1.830]
  epoch 1/3:   2%|▏         | 2/88 [00:01<00:33,  2.56it/s, loss=1.765]
  epoch 1/3:   3%|▎         | 3/88 [00:01<00:27,  3.05it/s, loss=1.765]
  epoch 1/3:   3%|▎         | 3/88 [00:01<00:27,  3.05it/s, loss=1.697]
  epoch 1/3:   5%|▍         | 4/88 [00:01<00:25,  3.33it/s, loss=1.697]
  epoch 1/3:   5%|▍         | 4/88 [00:01<00:25,  3.33it/s, loss=1.708]
  epoch 1/3:   6%|▌         | 5/88 [00:01<00:23,  3.54it/s, loss=1.708]
  epoch 1/3:   6%|▌         | 5/88 [00:01<00:23,  3.54it/s, loss=1.702]
  epoch 1/3:   7%|▋         | 6/88 [00:01<00:22,  3.66it/s, loss=1.702]
  epoch 1/3:   7%|▋         | 6/88 [00:02<00:22,  3.66it/s, loss=1.706]
  epoch 1/3:   8%|▊         | 7/88 [00:02<00:21,  3.75it/s, loss=1.706]
  epoch 1/3:   8%|▊         | 7/88 [00:02<00:21,  3.75it/s, loss=1.698]
  epoch 1/3:   9%|▉         | 8/88 [00:02<00:21,  3.80it/s, loss=1.698]
  epoch 1/3:   9%|▉         | 8/88 [00:02<00:21,  3.80it/s, loss=1.687]
  epoch 1/3:  10%|█         | 9/88 [00:02<00:20,  3.85it/s, loss=1.687]
  epoch 1/3:  10%|█         | 9/88 [00:02<00:20,  3.85it/s, loss=1.689]
  epoch 1/3:  11%|█▏        | 10/88 [00:02<00:20,  3.87it/s, loss=1.689]
  epoch 1/3:  11%|█▏        | 10/88 [00:03<00:20,  3.87it/s, loss=1.692]
  epoch 1/3:  12%|█▎        | 11/88 [00:03<00:19,  3.88it/s, loss=1.692]
  epoch 1/3:  12%|█▎        | 11/88 [00:03<00:19,  3.88it/s, loss=1.678]
  epoch 1/3:  14%|█▎        | 12/88 [00:03<00:19,  3.90it/s, loss=1.678]
  epoch 1/3:  14%|█▎        | 12/88 [00:03<00:19,  3.90it/s, loss=1.674]
  epoch 1/3:  15%|█▍        | 13/88 [00:03<00:19,  3.89it/s, loss=1.674]
  epoch 1/3:  15%|█▍        | 13/88 [00:03<00:19,  3.89it/s, loss=1.669]
  epoch 1/3:  16%|█▌        | 14/88 [00:03<00:18,  3.92it/s, loss=1.669]
  epoch 1/3:  16%|█▌        | 14/88 [00:04<00:18,  3.92it/s, loss=1.662]
  epoch 1/3:  17%|█▋        | 15/88 [00:04<00:18,  3.91it/s, loss=1.662]
  epoch 1/3:  17%|█▋        | 15/88 [00:04<00:18,  3.91it/s, loss=1.654]
  epoch 1/3:  18%|█▊        | 16/88 [00:04<00:18,  3.88it/s, loss=1.654]
  epoch 1/3:  18%|█▊        | 16/88 [00:04<00:18,  3.88it/s, loss=1.648]
  epoch 1/3:  19%|█▉        | 17/88 [00:04<00:18,  3.90it/s, loss=1.648]
  epoch 1/3:  19%|█▉        | 17/88 [00:04<00:18,  3.90it/s, loss=1.631]
  epoch 1/3:  20%|██        | 18/88 [00:04<00:17,  3.93it/s, loss=1.631]
  epoch 1/3:  20%|██        | 18/88 [00:05<00:17,  3.93it/s, loss=1.622]
  epoch 1/3:  22%|██▏       | 19/88 [00:05<00:17,  3.93it/s, loss=1.622]
  epoch 1/3:  22%|██▏       | 19/88 [00:05<00:17,  3.93it/s, loss=1.611]
  epoch 1/3:  23%|██▎       | 20/88 [00:05<00:17,  3.93it/s, loss=1.611]
  epoch 1/3:  23%|██▎       | 20/88 [00:05<00:17,  3.93it/s, loss=1.607]
  epoch 1/3:  24%|██▍       | 21/88 [00:05<00:17,  3.93it/s, loss=1.607]
  epoch 1/3:  24%|██▍       | 21/88 [00:05<00:17,  3.93it/s, loss=1.596]
  epoch 1/3:  25%|██▌       | 22/88 [00:05<00:16,  3.91it/s, loss=1.596]
  epoch 1/3:  25%|██▌       | 22/88 [00:06<00:16,  3.91it/s, loss=1.590]
  epoch 1/3:  26%|██▌       | 23/88 [00:06<00:16,  3.93it/s, loss=1.590]
  epoch 1/3:  26%|██▌       | 23/88 [00:06<00:16,  3.93it/s, loss=1.578]
  epoch 1/3:  27%|██▋       | 24/88 [00:06<00:16,  3.93it/s, loss=1.578]
  epoch 1/3:  27%|██▋       | 24/88 [00:06<00:16,  3.93it/s, loss=1.568]
  epoch 1/3:  28%|██▊       | 25/88 [00:06<00:15,  3.94it/s, loss=1.568]
  epoch 1/3:  28%|██▊       | 25/88 [00:06<00:15,  3.94it/s, loss=1.556]
  epoch 1/3:  30%|██▉       | 26/88 [00:06<00:15,  3.92it/s, loss=1.556]
  epoch 1/3:  30%|██▉       | 26/88 [00:07<00:15,  3.92it/s, loss=1.551]
  epoch 1/3:  31%|███       | 27/88 [00:07<00:15,  3.92it/s, loss=1.551]
  epoch 1/3:  31%|███       | 27/88 [00:07<00:15,  3.92it/s, loss=1.543]
  epoch 1/3:  32%|███▏      | 28/88 [00:07<00:15,  3.93it/s, loss=1.543]
  epoch 1/3:  32%|███▏      | 28/88 [00:07<00:15,  3.93it/s, loss=1.533]
  epoch 1/3:  33%|███▎      | 29/88 [00:07<00:14,  3.94it/s, loss=1.533]
  epoch 1/3:  33%|███▎      | 29/88 [00:07<00:14,  3.94it/s, loss=1.527]
  epoch 1/3:  34%|███▍      | 30/88 [00:07<00:14,  3.93it/s, loss=1.527]
  epoch 1/3:  34%|███▍      | 30/88 [00:08<00:14,  3.93it/s, loss=1.517]
  epoch 1/3:  35%|███▌      | 31/88 [00:08<00:14,  3.93it/s, loss=1.517]
  epoch 1/3:  35%|███▌      | 31/88 [00:08<00:14,  3.93it/s, loss=1.501]
  epoch 1/3:  36%|███▋      | 32/88 [00:08<00:14,  3.88it/s, loss=1.501]
  epoch 1/3:  36%|███▋      | 32/88 [00:08<00:14,  3.88it/s, loss=1.491]
  epoch 1/3:  38%|███▊      | 33/88 [00:08<00:14,  3.90it/s, loss=1.491]
  epoch 1/3:  38%|███▊      | 33/88 [00:08<00:14,  3.90it/s, loss=1.481]
  epoch 1/3:  39%|███▊      | 34/88 [00:08<00:13,  3.91it/s, loss=1.481]
  epoch 1/3:  39%|███▊      | 34/88 [00:09<00:13,  3.91it/s, loss=1.472]
  epoch 1/3:  40%|███▉      | 35/88 [00:09<00:13,  3.91it/s, loss=1.472]
  epoch 1/3:  40%|███▉      | 35/88 [00:09<00:13,  3.91it/s, loss=1.464]
  epoch 1/3:  41%|████      | 36/88 [00:09<00:13,  3.89it/s, loss=1.464]
  epoch 1/3:  41%|████      | 36/88 [00:09<00:13,  3.89it/s, loss=1.459]
  epoch 1/3:  42%|████▏     | 37/88 [00:09<00:13,  3.89it/s, loss=1.459]
  epoch 1/3:  42%|████▏     | 37/88 [00:10<00:13,  3.89it/s, loss=1.454]
  epoch 1/3:  43%|████▎     | 38/88 [00:10<00:12,  3.88it/s, loss=1.454]
  epoch 1/3:  43%|████▎     | 38/88 [00:10<00:12,  3.88it/s, loss=1.449]
  epoch 1/3:  44%|████▍     | 39/88 [00:10<00:12,  3.89it/s, loss=1.449]
  epoch 1/3:  44%|████▍     | 39/88 [00:10<00:12,  3.89it/s, loss=1.439]
  epoch 1/3:  45%|████▌     | 40/88 [00:10<00:12,  3.87it/s, loss=1.439]
  epoch 1/3:  45%|████▌     | 40/88 [00:10<00:12,  3.87it/s, loss=1.433]
  epoch 1/3:  47%|████▋     | 41/88 [00:10<00:12,  3.89it/s, loss=1.433]
  epoch 1/3:  47%|████▋     | 41/88 [00:11<00:12,  3.89it/s, loss=1.428]
  epoch 1/3:  48%|████▊     | 42/88 [00:11<00:11,  3.89it/s, loss=1.428]
  epoch 1/3:  48%|████▊     | 42/88 [00:11<00:11,  3.89it/s, loss=1.424]
  epoch 1/3:  49%|████▉     | 43/88 [00:11<00:11,  3.90it/s, loss=1.424]
  epoch 1/3:  49%|████▉     | 43/88 [00:11<00:11,  3.90it/s, loss=1.417]
  epoch 1/3:  50%|█████     | 44/88 [00:11<00:11,  3.91it/s, loss=1.417]
  epoch 1/3:  50%|█████     | 44/88 [00:11<00:11,  3.91it/s, loss=1.407]
  epoch 1/3:  51%|█████     | 45/88 [00:11<00:10,  3.91it/s, loss=1.407]
  epoch 1/3:  51%|█████     | 45/88 [00:12<00:10,  3.91it/s, loss=1.403]
  epoch 1/3:  52%|█████▏    | 46/88 [00:12<00:10,  3.92it/s, loss=1.403]
  epoch 1/3:  52%|█████▏    | 46/88 [00:12<00:10,  3.92it/s, loss=1.395]
  epoch 1/3:  53%|█████▎    | 47/88 [00:12<00:10,  3.91it/s, loss=1.395]
  epoch 1/3:  53%|█████▎    | 47/88 [00:12<00:10,  3.91it/s, loss=1.386]
  epoch 1/3:  55%|█████▍    | 48/88 [00:12<00:10,  3.85it/s, loss=1.386]
  epoch 1/3:  55%|█████▍    | 48/88 [00:12<00:10,  3.85it/s, loss=1.378]
  epoch 1/3:  56%|█████▌    | 49/88 [00:12<00:10,  3.85it/s, loss=1.378]
  epoch 1/3:  56%|█████▌    | 49/88 [00:13<00:10,  3.85it/s, loss=1.370]
  epoch 1/3:  57%|█████▋    | 50/88 [00:13<00:09,  3.84it/s, loss=1.370]
  epoch 1/3:  57%|█████▋    | 50/88 [00:13<00:09,  3.84it/s, loss=1.361]
  epoch 1/3:  58%|█████▊    | 51/88 [00:13<00:09,  3.85it/s, loss=1.361]
  epoch 1/3:  58%|█████▊    | 51/88 [00:13<00:09,  3.85it/s, loss=1.352]
  epoch 1/3:  59%|█████▉    | 52/88 [00:13<00:09,  3.85it/s, loss=1.352]
  epoch 1/3:  59%|█████▉    | 52/88 [00:13<00:09,  3.85it/s, loss=1.344]
  epoch 1/3:  60%|██████    | 53/88 [00:13<00:09,  3.87it/s, loss=1.344]
  epoch 1/3:  60%|██████    | 53/88 [00:14<00:09,  3.87it/s, loss=1.335]
  epoch 1/3:  61%|██████▏   | 54/88 [00:14<00:08,  3.88it/s, loss=1.335]
  epoch 1/3:  61%|██████▏   | 54/88 [00:14<00:08,  3.88it/s, loss=1.326]
  epoch 1/3:  62%|██████▎   | 55/88 [00:14<00:08,  3.89it/s, loss=1.326]
  epoch 1/3:  62%|██████▎   | 55/88 [00:14<00:08,  3.89it/s, loss=1.317]
  epoch 1/3:  64%|██████▎   | 56/88 [00:14<00:08,  3.90it/s, loss=1.317]
  epoch 1/3:  64%|██████▎   | 56/88 [00:14<00:08,  3.90it/s, loss=1.311]
  epoch 1/3:  65%|██████▍   | 57/88 [00:14<00:07,  3.91it/s, loss=1.311]
  epoch 1/3:  65%|██████▍   | 57/88 [00:15<00:07,  3.91it/s, loss=1.304]
  epoch 1/3:  66%|██████▌   | 58/88 [00:15<00:07,  3.90it/s, loss=1.304]
  epoch 1/3:  66%|██████▌   | 58/88 [00:15<00:07,  3.90it/s, loss=1.299]
  epoch 1/3:  67%|██████▋   | 59/88 [00:15<00:07,  3.91it/s, loss=1.299]
  epoch 1/3:  67%|██████▋   | 59/88 [00:15<00:07,  3.91it/s, loss=1.292]
  epoch 1/3:  68%|██████▊   | 60/88 [00:15<00:07,  3.91it/s, loss=1.292]
  epoch 1/3:  68%|██████▊   | 60/88 [00:15<00:07,  3.91it/s, loss=1.288]
  epoch 1/3:  69%|██████▉   | 61/88 [00:15<00:06,  3.90it/s, loss=1.288]
  epoch 1/3:  69%|██████▉   | 61/88 [00:16<00:06,  3.90it/s, loss=1.282]
  epoch 1/3:  70%|███████   | 62/88 [00:16<00:06,  3.90it/s, loss=1.282]
  epoch 1/3:  70%|███████   | 62/88 [00:16<00:06,  3.90it/s, loss=1.275]
  epoch 1/3:  72%|███████▏  | 63/88 [00:16<00:06,  3.90it/s, loss=1.275]
  epoch 1/3:  72%|███████▏  | 63/88 [00:16<00:06,  3.90it/s, loss=1.270]
  epoch 1/3:  73%|███████▎  | 64/88 [00:16<00:06,  3.86it/s, loss=1.270]
  epoch 1/3:  73%|███████▎  | 64/88 [00:16<00:06,  3.86it/s, loss=1.265]
  epoch 1/3:  74%|███████▍  | 65/88 [00:16<00:05,  3.85it/s, loss=1.265]
  epoch 1/3:  74%|███████▍  | 65/88 [00:17<00:05,  3.85it/s, loss=1.258]
  epoch 1/3:  75%|███████▌  | 66/88 [00:17<00:05,  3.84it/s, loss=1.258]
  epoch 1/3:  75%|███████▌  | 66/88 [00:17<00:05,  3.84it/s, loss=1.250]
  epoch 1/3:  76%|███████▌  | 67/88 [00:17<00:05,  3.84it/s, loss=1.250]
  epoch 1/3:  76%|███████▌  | 67/88 [00:17<00:05,  3.84it/s, loss=1.243]
  epoch 1/3:  77%|███████▋  | 68/88 [00:17<00:05,  3.87it/s, loss=1.243]
  epoch 1/3:  77%|███████▋  | 68/88 [00:18<00:05,  3.87it/s, loss=1.237]
  epoch 1/3:  78%|███████▊  | 69/88 [00:18<00:04,  3.87it/s, loss=1.237]
  epoch 1/3:  78%|███████▊  | 69/88 [00:18<00:04,  3.87it/s, loss=1.229]
  epoch 1/3:  80%|███████▉  | 70/88 [00:18<00:04,  3.86it/s, loss=1.229]
  epoch 1/3:  80%|███████▉  | 70/88 [00:18<00:04,  3.86it/s, loss=1.222]
  epoch 1/3:  81%|████████  | 71/88 [00:18<00:04,  3.88it/s, loss=1.222]
  epoch 1/3:  81%|████████  | 71/88 [00:18<00:04,  3.88it/s, loss=1.216]
  epoch 1/3:  82%|████████▏ | 72/88 [00:18<00:04,  3.89it/s, loss=1.216]
  epoch 1/3:  82%|████████▏ | 72/88 [00:19<00:04,  3.89it/s, loss=1.208]
  epoch 1/3:  83%|████████▎ | 73/88 [00:19<00:03,  3.88it/s, loss=1.208]
  epoch 1/3:  83%|████████▎ | 73/88 [00:19<00:03,  3.88it/s, loss=1.202]
  epoch 1/3:  84%|████████▍ | 74/88 [00:19<00:03,  3.90it/s, loss=1.202]
  epoch 1/3:  84%|████████▍ | 74/88 [00:19<00:03,  3.90it/s, loss=1.194]
  epoch 1/3:  85%|████████▌ | 75/88 [00:19<00:03,  3.89it/s, loss=1.194]
  epoch 1/3:  85%|████████▌ | 75/88 [00:19<00:03,  3.89it/s, loss=1.187]
  epoch 1/3:  86%|████████▋ | 76/88 [00:19<00:03,  3.90it/s, loss=1.187]
  epoch 1/3:  86%|████████▋ | 76/88 [00:20<00:03,  3.90it/s, loss=1.182]
  epoch 1/3:  88%|████████▊ | 77/88 [00:20<00:02,  3.90it/s, loss=1.182]
  epoch 1/3:  88%|████████▊ | 77/88 [00:20<00:02,  3.90it/s, loss=1.175]
  epoch 1/3:  89%|████████▊ | 78/88 [00:20<00:02,  3.88it/s, loss=1.175]
  epoch 1/3:  89%|████████▊ | 78/88 [00:20<00:02,  3.88it/s, loss=1.170]
  epoch 1/3:  90%|████████▉ | 79/88 [00:20<00:02,  3.88it/s, loss=1.170]
  epoch 1/3:  90%|████████▉ | 79/88 [00:20<00:02,  3.88it/s, loss=1.163]
  epoch 1/3:  91%|█████████ | 80/88 [00:20<00:02,  3.85it/s, loss=1.163]
  epoch 1/3:  91%|█████████ | 80/88 [00:21<00:02,  3.85it/s, loss=1.157]
  epoch 1/3:  92%|█████████▏| 81/88 [00:21<00:01,  3.87it/s, loss=1.157]
  epoch 1/3:  92%|█████████▏| 81/88 [00:21<00:01,  3.87it/s, loss=1.152]
  epoch 1/3:  93%|█████████▎| 82/88 [00:21<00:01,  3.87it/s, loss=1.152]
  epoch 1/3:  93%|█████████▎| 82/88 [00:21<00:01,  3.87it/s, loss=1.146]
  epoch 1/3:  94%|█████████▍| 83/88 [00:21<00:01,  3.87it/s, loss=1.146]
  epoch 1/3:  94%|█████████▍| 83/88 [00:21<00:01,  3.87it/s, loss=1.141]
  epoch 1/3:  95%|█████████▌| 84/88 [00:21<00:01,  3.87it/s, loss=1.141]
  epoch 1/3:  95%|█████████▌| 84/88 [00:22<00:01,  3.87it/s, loss=1.136]
  epoch 1/3:  97%|█████████▋| 85/88 [00:22<00:00,  3.89it/s, loss=1.136]
  epoch 1/3:  97%|█████████▋| 85/88 [00:22<00:00,  3.89it/s, loss=1.130]
  epoch 1/3:  98%|█████████▊| 86/88 [00:22<00:00,  3.88it/s, loss=1.130]
  epoch 1/3:  98%|█████████▊| 86/88 [00:22<00:00,  3.88it/s, loss=1.123]
  epoch 1/3:  99%|█████████▉| 87/88 [00:22<00:00,  3.89it/s, loss=1.123]
  epoch 1/3:  99%|█████████▉| 87/88 [00:22<00:00,  3.89it/s, loss=1.121]
  epoch 1/3: 100%|██████████| 88/88 [00:22<00:00,  4.23it/s, loss=1.121]
                                                                        

  epoch 2/3:   0%|          | 0/88 [00:00<?, ?it/s]
  epoch 2/3:   0%|          | 0/88 [00:00<?, ?it/s, loss=0.539]
  epoch 2/3:   1%|          | 1/88 [00:00<00:47,  1.83it/s, loss=0.539]
  epoch 2/3:   1%|          | 1/88 [00:00<00:47,  1.83it/s, loss=0.542]
  epoch 2/3:   2%|▏         | 2/88 [00:00<00:32,  2.65it/s, loss=0.542]
  epoch 2/3:   2%|▏         | 2/88 [00:01<00:32,  2.65it/s, loss=0.509]
  epoch 2/3:   3%|▎         | 3/88 [00:01<00:27,  3.12it/s, loss=0.509]
  epoch 2/3:   3%|▎         | 3/88 [00:01<00:27,  3.12it/s, loss=0.501]
  epoch 2/3:   5%|▍         | 4/88 [00:01<00:24,  3.39it/s, loss=0.501]
  epoch 2/3:   5%|▍         | 4/88 [00:01<00:24,  3.39it/s, loss=0.516]
  epoch 2/3:   6%|▌         | 5/88 [00:01<00:23,  3.55it/s, loss=0.516]
  epoch 2/3:   6%|▌         | 5/88 [00:01<00:23,  3.55it/s, loss=0.496]
  epoch 2/3:   7%|▋         | 6/88 [00:01<00:22,  3.67it/s, loss=0.496]
  epoch 2/3:   7%|▋         | 6/88 [00:02<00:22,  3.67it/s, loss=0.488]
  epoch 2/3:   8%|▊         | 7/88 [00:02<00:21,  3.74it/s, loss=0.488]
  epoch 2/3:   8%|▊         | 7/88 [00:02<00:21,  3.74it/s, loss=0.491]
  epoch 2/3:   9%|▉         | 8/88 [00:02<00:21,  3.73it/s, loss=0.491]
  epoch 2/3:   9%|▉         | 8/88 [00:02<00:21,  3.73it/s, loss=0.496]
  epoch 2/3:  10%|█         | 9/88 [00:02<00:20,  3.78it/s, loss=0.496]
  epoch 2/3:  10%|█         | 9/88 [00:02<00:20,  3.78it/s, loss=0.494]
  epoch 2/3:  11%|█▏        | 10/88 [00:02<00:20,  3.81it/s, loss=0.494]
  epoch 2/3:  11%|█▏        | 10/88 [00:03<00:20,  3.81it/s, loss=0.494]
  epoch 2/3:  12%|█▎        | 11/88 [00:03<00:20,  3.85it/s, loss=0.494]
  epoch 2/3:  12%|█▎        | 11/88 [00:03<00:20,  3.85it/s, loss=0.490]
  epoch 2/3:  14%|█▎        | 12/88 [00:03<00:19,  3.86it/s, loss=0.490]
  epoch 2/3:  14%|█▎        | 12/88 [00:03<00:19,  3.86it/s, loss=0.488]
  epoch 2/3:  15%|█▍        | 13/88 [00:03<00:19,  3.86it/s, loss=0.488]
  epoch 2/3:  15%|█▍        | 13/88 [00:03<00:19,  3.86it/s, loss=0.489]
  epoch 2/3:  16%|█▌        | 14/88 [00:03<00:19,  3.88it/s, loss=0.489]
  epoch 2/3:  16%|█▌        | 14/88 [00:04<00:19,  3.88it/s, loss=0.489]
  epoch 2/3:  17%|█▋        | 15/88 [00:04<00:18,  3.88it/s, loss=0.489]
  epoch 2/3:  17%|█▋        | 15/88 [00:04<00:18,  3.88it/s, loss=0.487]
  epoch 2/3:  18%|█▊        | 16/88 [00:04<00:18,  3.88it/s, loss=0.487]
  epoch 2/3:  18%|█▊        | 16/88 [00:04<00:18,  3.88it/s, loss=0.486]
  epoch 2/3:  19%|█▉        | 17/88 [00:04<00:18,  3.88it/s, loss=0.486]
  epoch 2/3:  19%|█▉        | 17/88 [00:04<00:18,  3.88it/s, loss=0.484]
  epoch 2/3:  20%|██        | 18/88 [00:04<00:17,  3.89it/s, loss=0.484]
  epoch 2/3:  20%|██        | 18/88 [00:05<00:17,  3.89it/s, loss=0.483]
  epoch 2/3:  22%|██▏       | 19/88 [00:05<00:17,  3.90it/s, loss=0.483]
  epoch 2/3:  22%|██▏       | 19/88 [00:05<00:17,  3.90it/s, loss=0.481]
  epoch 2/3:  23%|██▎       | 20/88 [00:05<00:17,  3.90it/s, loss=0.481]
  epoch 2/3:  23%|██▎       | 20/88 [00:05<00:17,  3.90it/s, loss=0.479]
  epoch 2/3:  24%|██▍       | 21/88 [00:05<00:17,  3.90it/s, loss=0.479]
  epoch 2/3:  24%|██▍       | 21/88 [00:05<00:17,  3.90it/s, loss=0.480]
  epoch 2/3:  25%|██▌       | 22/88 [00:05<00:16,  3.91it/s, loss=0.480]
  epoch 2/3:  25%|██▌       | 22/88 [00:06<00:16,  3.91it/s, loss=0.474]
  epoch 2/3:  26%|██▌       | 23/88 [00:06<00:16,  3.91it/s, loss=0.474]
  epoch 2/3:  26%|██▌       | 23/88 [00:06<00:16,  3.91it/s, loss=0.472]
  epoch 2/3:  27%|██▋       | 24/88 [00:06<00:16,  3.84it/s, loss=0.472]
  epoch 2/3:  27%|██▋       | 24/88 [00:06<00:16,  3.84it/s, loss=0.470]
  epoch 2/3:  28%|██▊       | 25/88 [00:06<00:16,  3.87it/s, loss=0.470]
  epoch 2/3:  28%|██▊       | 25/88 [00:06<00:16,  3.87it/s, loss=0.466]
  epoch 2/3:  30%|██▉       | 26/88 [00:06<00:16,  3.86it/s, loss=0.466]
  epoch 2/3:  30%|██▉       | 26/88 [00:07<00:16,  3.86it/s, loss=0.464]
  epoch 2/3:  31%|███       | 27/88 [00:07<00:15,  3.89it/s, loss=0.464]
  epoch 2/3:  31%|███       | 27/88 [00:07<00:15,  3.89it/s, loss=0.462]
  epoch 2/3:  32%|███▏      | 28/88 [00:07<00:15,  3.89it/s, loss=0.462]
  epoch 2/3:  32%|███▏      | 28/88 [00:07<00:15,  3.89it/s, loss=0.466]
  epoch 2/3:  33%|███▎      | 29/88 [00:07<00:15,  3.87it/s, loss=0.466]
  epoch 2/3:  33%|███▎      | 29/88 [00:08<00:15,  3.87it/s, loss=0.465]
  epoch 2/3:  34%|███▍      | 30/88 [00:08<00:15,  3.86it/s, loss=0.465]
  epoch 2/3:  34%|███▍      | 30/88 [00:08<00:15,  3.86it/s, loss=0.461]
  epoch 2/3:  35%|███▌      | 31/88 [00:08<00:14,  3.87it/s, loss=0.461]
  epoch 2/3:  35%|███▌      | 31/88 [00:08<00:14,  3.87it/s, loss=0.458]
  epoch 2/3:  36%|███▋      | 32/88 [00:08<00:14,  3.88it/s, loss=0.458]
  epoch 2/3:  36%|███▋      | 32/88 [00:08<00:14,  3.88it/s, loss=0.453]
  epoch 2/3:  38%|███▊      | 33/88 [00:08<00:14,  3.87it/s, loss=0.453]
  epoch 2/3:  38%|███▊      | 33/88 [00:09<00:14,  3.87it/s, loss=0.452]
  epoch 2/3:  39%|███▊      | 34/88 [00:09<00:13,  3.88it/s, loss=0.452]
  epoch 2/3:  39%|███▊      | 34/88 [00:09<00:13,  3.88it/s, loss=0.451]
  epoch 2/3:  40%|███▉      | 35/88 [00:09<00:13,  3.90it/s, loss=0.451]
  epoch 2/3:  40%|███▉      | 35/88 [00:09<00:13,  3.90it/s, loss=0.447]
  epoch 2/3:  41%|████      | 36/88 [00:09<00:13,  3.88it/s, loss=0.447]
  epoch 2/3:  41%|████      | 36/88 [00:09<00:13,  3.88it/s, loss=0.445]
  epoch 2/3:  42%|████▏     | 37/88 [00:09<00:13,  3.88it/s, loss=0.445]
  epoch 2/3:  42%|████▏     | 37/88 [00:10<00:13,  3.88it/s, loss=0.444]
  epoch 2/3:  43%|████▎     | 38/88 [00:10<00:12,  3.90it/s, loss=0.444]
  epoch 2/3:  43%|████▎     | 38/88 [00:10<00:12,  3.90it/s, loss=0.442]
  epoch 2/3:  44%|████▍     | 39/88 [00:10<00:12,  3.89it/s, loss=0.442]
  epoch 2/3:  44%|████▍     | 39/88 [00:10<00:12,  3.89it/s, loss=0.440]
  epoch 2/3:  45%|████▌     | 40/88 [00:10<00:12,  3.82it/s, loss=0.440]
  epoch 2/3:  45%|████▌     | 40/88 [00:10<00:12,  3.82it/s, loss=0.441]
  epoch 2/3:  47%|████▋     | 41/88 [00:10<00:12,  3.85it/s, loss=0.441]
  epoch 2/3:  47%|████▋     | 41/88 [00:11<00:12,  3.85it/s, loss=0.436]
  epoch 2/3:  48%|████▊     | 42/88 [00:11<00:11,  3.86it/s, loss=0.436]
  epoch 2/3:  48%|████▊     | 42/88 [00:11<00:11,  3.86it/s, loss=0.433]
  epoch 2/3:  49%|████▉     | 43/88 [00:11<00:11,  3.89it/s, loss=0.433]
  epoch 2/3:  49%|████▉     | 43/88 [00:11<00:11,  3.89it/s, loss=0.429]
  epoch 2/3:  50%|█████     | 44/88 [00:11<00:11,  3.89it/s, loss=0.429]
  epoch 2/3:  50%|█████     | 44/88 [00:11<00:11,  3.89it/s, loss=0.429]
  epoch 2/3:  51%|█████     | 45/88 [00:11<00:11,  3.89it/s, loss=0.429]
  epoch 2/3:  51%|█████     | 45/88 [00:12<00:11,  3.89it/s, loss=0.426]
  epoch 2/3:  52%|█████▏    | 46/88 [00:12<00:10,  3.90it/s, loss=0.426]
  epoch 2/3:  52%|█████▏    | 46/88 [00:12<00:10,  3.90it/s, loss=0.426]
  epoch 2/3:  53%|█████▎    | 47/88 [00:12<00:10,  3.90it/s, loss=0.426]
  epoch 2/3:  53%|█████▎    | 47/88 [00:12<00:10,  3.90it/s, loss=0.422]
  epoch 2/3:  55%|█████▍    | 48/88 [00:12<00:10,  3.91it/s, loss=0.422]
  epoch 2/3:  55%|█████▍    | 48/88 [00:12<00:10,  3.91it/s, loss=0.421]
  epoch 2/3:  56%|█████▌    | 49/88 [00:12<00:09,  3.91it/s, loss=0.421]
  epoch 2/3:  56%|█████▌    | 49/88 [00:13<00:09,  3.91it/s, loss=0.418]
  epoch 2/3:  57%|█████▋    | 50/88 [00:13<00:09,  3.89it/s, loss=0.418]
  epoch 2/3:  57%|█████▋    | 50/88 [00:13<00:09,  3.89it/s, loss=0.415]
  epoch 2/3:  58%|█████▊    | 51/88 [00:13<00:09,  3.91it/s, loss=0.415]
  epoch 2/3:  58%|█████▊    | 51/88 [00:13<00:09,  3.91it/s, loss=0.413]
  epoch 2/3:  59%|█████▉    | 52/88 [00:13<00:09,  3.90it/s, loss=0.413]
  epoch 2/3:  59%|█████▉    | 52/88 [00:13<00:09,  3.90it/s, loss=0.413]
  epoch 2/3:  60%|██████    | 53/88 [00:13<00:08,  3.90it/s, loss=0.413]
  epoch 2/3:  60%|██████    | 53/88 [00:14<00:08,  3.90it/s, loss=0.412]
  epoch 2/3:  61%|██████▏   | 54/88 [00:14<00:08,  3.91it/s, loss=0.412]
  epoch 2/3:  61%|██████▏   | 54/88 [00:14<00:08,  3.91it/s, loss=0.411]
  epoch 2/3:  62%|██████▎   | 55/88 [00:14<00:08,  3.92it/s, loss=0.411]
  epoch 2/3:  62%|██████▎   | 55/88 [00:14<00:08,  3.92it/s, loss=0.408]
  epoch 2/3:  64%|██████▎   | 56/88 [00:14<00:08,  3.86it/s, loss=0.408]
  epoch 2/3:  64%|██████▎   | 56/88 [00:14<00:08,  3.86it/s, loss=0.407]
  epoch 2/3:  65%|██████▍   | 57/88 [00:14<00:08,  3.86it/s, loss=0.407]
  epoch 2/3:  65%|██████▍   | 57/88 [00:15<00:08,  3.86it/s, loss=0.405]
  epoch 2/3:  66%|██████▌   | 58/88 [00:15<00:07,  3.89it/s, loss=0.405]
  epoch 2/3:  66%|██████▌   | 58/88 [00:15<00:07,  3.89it/s, loss=0.403]
  epoch 2/3:  67%|██████▋   | 59/88 [00:15<00:07,  3.89it/s, loss=0.403]
  epoch 2/3:  67%|██████▋   | 59/88 [00:15<00:07,  3.89it/s, loss=0.401]
  epoch 2/3:  68%|██████▊   | 60/88 [00:15<00:07,  3.86it/s, loss=0.401]
  epoch 2/3:  68%|██████▊   | 60/88 [00:15<00:07,  3.86it/s, loss=0.400]
  epoch 2/3:  69%|██████▉   | 61/88 [00:15<00:06,  3.87it/s, loss=0.400]
  epoch 2/3:  69%|██████▉   | 61/88 [00:16<00:06,  3.87it/s, loss=0.397]
  epoch 2/3:  70%|███████   | 62/88 [00:16<00:06,  3.89it/s, loss=0.397]
  epoch 2/3:  70%|███████   | 62/88 [00:16<00:06,  3.89it/s, loss=0.396]
  epoch 2/3:  72%|███████▏  | 63/88 [00:16<00:06,  3.88it/s, loss=0.396]
  epoch 2/3:  72%|███████▏  | 63/88 [00:16<00:06,  3.88it/s, loss=0.395]
  epoch 2/3:  73%|███████▎  | 64/88 [00:16<00:06,  3.87it/s, loss=0.395]
  epoch 2/3:  73%|███████▎  | 64/88 [00:17<00:06,  3.87it/s, loss=0.392]
  epoch 2/3:  74%|███████▍  | 65/88 [00:17<00:05,  3.90it/s, loss=0.392]
  epoch 2/3:  74%|███████▍  | 65/88 [00:17<00:05,  3.90it/s, loss=0.392]
  epoch 2/3:  75%|███████▌  | 66/88 [00:17<00:05,  3.90it/s, loss=0.392]
  epoch 2/3:  75%|███████▌  | 66/88 [00:17<00:05,  3.90it/s, loss=0.389]
  epoch 2/3:  76%|███████▌  | 67/88 [00:17<00:05,  3.89it/s, loss=0.389]
  epoch 2/3:  76%|███████▌  | 67/88 [00:17<00:05,  3.89it/s, loss=0.386]
  epoch 2/3:  77%|███████▋  | 68/88 [00:17<00:05,  3.90it/s, loss=0.386]
  epoch 2/3:  77%|███████▋  | 68/88 [00:18<00:05,  3.90it/s, loss=0.385]
  epoch 2/3:  78%|███████▊  | 69/88 [00:18<00:04,  3.89it/s, loss=0.385]
  epoch 2/3:  78%|███████▊  | 69/88 [00:18<00:04,  3.89it/s, loss=0.384]
  epoch 2/3:  80%|███████▉  | 70/88 [00:18<00:04,  3.87it/s, loss=0.384]
  epoch 2/3:  80%|███████▉  | 70/88 [00:18<00:04,  3.87it/s, loss=0.382]
  epoch 2/3:  81%|████████  | 71/88 [00:18<00:04,  3.87it/s, loss=0.382]
  epoch 2/3:  81%|████████  | 71/88 [00:18<00:04,  3.87it/s, loss=0.380]
  epoch 2/3:  82%|████████▏ | 72/88 [00:18<00:04,  3.84it/s, loss=0.380]
  epoch 2/3:  82%|████████▏ | 72/88 [00:19<00:04,  3.84it/s, loss=0.378]
  epoch 2/3:  83%|████████▎ | 73/88 [00:19<00:03,  3.87it/s, loss=0.378]
  epoch 2/3:  83%|████████▎ | 73/88 [00:19<00:03,  3.87it/s, loss=0.375]
  epoch 2/3:  84%|████████▍ | 74/88 [00:19<00:03,  3.87it/s, loss=0.375]
  epoch 2/3:  84%|████████▍ | 74/88 [00:19<00:03,  3.87it/s, loss=0.374]
  epoch 2/3:  85%|████████▌ | 75/88 [00:19<00:03,  3.88it/s, loss=0.374]
  epoch 2/3:  85%|████████▌ | 75/88 [00:19<00:03,  3.88it/s, loss=0.372]
  epoch 2/3:  86%|████████▋ | 76/88 [00:19<00:03,  3.89it/s, loss=0.372]
  epoch 2/3:  86%|████████▋ | 76/88 [00:20<00:03,  3.89it/s, loss=0.371]
  epoch 2/3:  88%|████████▊ | 77/88 [00:20<00:02,  3.88it/s, loss=0.371]
  epoch 2/3:  88%|████████▊ | 77/88 [00:20<00:02,  3.88it/s, loss=0.370]
  epoch 2/3:  89%|████████▊ | 78/88 [00:20<00:02,  3.88it/s, loss=0.370]
  epoch 2/3:  89%|████████▊ | 78/88 [00:20<00:02,  3.88it/s, loss=0.368]
  epoch 2/3:  90%|████████▉ | 79/88 [00:20<00:02,  3.90it/s, loss=0.368]
  epoch 2/3:  90%|████████▉ | 79/88 [00:20<00:02,  3.90it/s, loss=0.366]
  epoch 2/3:  91%|█████████ | 80/88 [00:20<00:02,  3.89it/s, loss=0.366]
  epoch 2/3:  91%|█████████ | 80/88 [00:21<00:02,  3.89it/s, loss=0.366]
  epoch 2/3:  92%|█████████▏| 81/88 [00:21<00:01,  3.88it/s, loss=0.366]
  epoch 2/3:  92%|█████████▏| 81/88 [00:21<00:01,  3.88it/s, loss=0.364]
  epoch 2/3:  93%|█████████▎| 82/88 [00:21<00:01,  3.90it/s, loss=0.364]
  epoch 2/3:  93%|█████████▎| 82/88 [00:21<00:01,  3.90it/s, loss=0.362]
  epoch 2/3:  94%|█████████▍| 83/88 [00:21<00:01,  3.89it/s, loss=0.362]
  epoch 2/3:  94%|█████████▍| 83/88 [00:21<00:01,  3.89it/s, loss=0.362]
  epoch 2/3:  95%|█████████▌| 84/88 [00:21<00:01,  3.89it/s, loss=0.362]
  epoch 2/3:  95%|█████████▌| 84/88 [00:22<00:01,  3.89it/s, loss=0.360]
  epoch 2/3:  97%|█████████▋| 85/88 [00:22<00:00,  3.91it/s, loss=0.360]
  epoch 2/3:  97%|█████████▋| 85/88 [00:22<00:00,  3.91it/s, loss=0.358]
  epoch 2/3:  98%|█████████▊| 86/88 [00:22<00:00,  3.90it/s, loss=0.358]
  epoch 2/3:  98%|█████████▊| 86/88 [00:22<00:00,  3.90it/s, loss=0.356]
  epoch 2/3:  99%|█████████▉| 87/88 [00:22<00:00,  3.90it/s, loss=0.356]
  epoch 2/3:  99%|█████████▉| 87/88 [00:22<00:00,  3.90it/s, loss=0.355]
  epoch 2/3: 100%|██████████| 88/88 [00:22<00:00,  4.19it/s, loss=0.355]
                                                                        

  epoch 3/3:   0%|          | 0/88 [00:00<?, ?it/s]
  epoch 3/3:   0%|          | 0/88 [00:00<?, ?it/s, loss=0.228]
  epoch 3/3:   1%|          | 1/88 [00:00<00:47,  1.84it/s, loss=0.228]
  epoch 3/3:   1%|          | 1/88 [00:00<00:47,  1.84it/s, loss=0.270]
  epoch 3/3:   2%|▏         | 2/88 [00:00<00:32,  2.69it/s, loss=0.270]
  epoch 3/3:   2%|▏         | 2/88 [00:01<00:32,  2.69it/s, loss=0.282]
  epoch 3/3:   3%|▎         | 3/88 [00:01<00:27,  3.13it/s, loss=0.282]
  epoch 3/3:   3%|▎         | 3/88 [00:01<00:27,  3.13it/s, loss=0.280]
  epoch 3/3:   5%|▍         | 4/88 [00:01<00:24,  3.39it/s, loss=0.280]
  epoch 3/3:   5%|▍         | 4/88 [00:01<00:24,  3.39it/s, loss=0.261]
  epoch 3/3:   6%|▌         | 5/88 [00:01<00:23,  3.57it/s, loss=0.261]
  epoch 3/3:   6%|▌         | 5/88 [00:01<00:23,  3.57it/s, loss=0.258]
  epoch 3/3:   7%|▋         | 6/88 [00:01<00:22,  3.66it/s, loss=0.258]
  epoch 3/3:   7%|▋         | 6/88 [00:02<00:22,  3.66it/s, loss=0.248]
  epoch 3/3:   8%|▊         | 7/88 [00:02<00:21,  3.73it/s, loss=0.248]
  epoch 3/3:   8%|▊         | 7/88 [00:02<00:21,  3.73it/s, loss=0.236]
  epoch 3/3:   9%|▉         | 8/88 [00:02<00:21,  3.80it/s, loss=0.236]
  epoch 3/3:   9%|▉         | 8/88 [00:02<00:21,  3.80it/s, loss=0.235]
  epoch 3/3:  10%|█         | 9/88 [00:02<00:20,  3.82it/s, loss=0.235]
  epoch 3/3:  10%|█         | 9/88 [00:02<00:20,  3.82it/s, loss=0.229]
  epoch 3/3:  11%|█▏        | 10/88 [00:02<00:20,  3.85it/s, loss=0.229]
  epoch 3/3:  11%|█▏        | 10/88 [00:03<00:20,  3.85it/s, loss=0.220]
  epoch 3/3:  12%|█▎        | 11/88 [00:03<00:19,  3.88it/s, loss=0.220]
  epoch 3/3:  12%|█▎        | 11/88 [00:03<00:19,  3.88it/s, loss=0.217]
  epoch 3/3:  14%|█▎        | 12/88 [00:03<00:19,  3.88it/s, loss=0.217]
  epoch 3/3:  14%|█▎        | 12/88 [00:03<00:19,  3.88it/s, loss=0.217]
  epoch 3/3:  15%|█▍        | 13/88 [00:03<00:19,  3.90it/s, loss=0.217]
  epoch 3/3:  15%|█▍        | 13/88 [00:03<00:19,  3.90it/s, loss=0.213]
  epoch 3/3:  16%|█▌        | 14/88 [00:03<00:18,  3.90it/s, loss=0.213]
  epoch 3/3:  16%|█▌        | 14/88 [00:04<00:18,  3.90it/s, loss=0.208]
  epoch 3/3:  17%|█▋        | 15/88 [00:04<00:18,  3.90it/s, loss=0.208]
  epoch 3/3:  17%|█▋        | 15/88 [00:04<00:18,  3.90it/s, loss=0.207]
  epoch 3/3:  18%|█▊        | 16/88 [00:04<00:18,  3.85it/s, loss=0.207]
  epoch 3/3:  18%|█▊        | 16/88 [00:04<00:18,  3.85it/s, loss=0.207]
  epoch 3/3:  19%|█▉        | 17/88 [00:04<00:18,  3.88it/s, loss=0.207]
  epoch 3/3:  19%|█▉        | 17/88 [00:04<00:18,  3.88it/s, loss=0.201]
  epoch 3/3:  20%|██        | 18/88 [00:04<00:17,  3.90it/s, loss=0.201]
  epoch 3/3:  20%|██        | 18/88 [00:05<00:17,  3.90it/s, loss=0.200]
  epoch 3/3:  22%|██▏       | 19/88 [00:05<00:17,  3.92it/s, loss=0.200]
  epoch 3/3:  22%|██▏       | 19/88 [00:05<00:17,  3.92it/s, loss=0.198]
  epoch 3/3:  23%|██▎       | 20/88 [00:05<00:17,  3.91it/s, loss=0.198]
  epoch 3/3:  23%|██▎       | 20/88 [00:05<00:17,  3.91it/s, loss=0.198]
  epoch 3/3:  24%|██▍       | 21/88 [00:05<00:17,  3.91it/s, loss=0.198]
  epoch 3/3:  24%|██▍       | 21/88 [00:05<00:17,  3.91it/s, loss=0.200]
  epoch 3/3:  25%|██▌       | 22/88 [00:05<00:16,  3.91it/s, loss=0.200]
  epoch 3/3:  25%|██▌       | 22/88 [00:06<00:16,  3.91it/s, loss=0.195]
  epoch 3/3:  26%|██▌       | 23/88 [00:06<00:16,  3.91it/s, loss=0.195]
  epoch 3/3:  26%|██▌       | 23/88 [00:06<00:16,  3.91it/s, loss=0.196]
  epoch 3/3:  27%|██▋       | 24/88 [00:06<00:16,  3.92it/s, loss=0.196]
  epoch 3/3:  27%|██▋       | 24/88 [00:06<00:16,  3.92it/s, loss=0.194]
  epoch 3/3:  28%|██▊       | 25/88 [00:06<00:16,  3.92it/s, loss=0.194]
  epoch 3/3:  28%|██▊       | 25/88 [00:06<00:16,  3.92it/s, loss=0.195]
  epoch 3/3:  30%|██▉       | 26/88 [00:06<00:15,  3.92it/s, loss=0.195]
  epoch 3/3:  30%|██▉       | 26/88 [00:07<00:15,  3.92it/s, loss=0.194]
  epoch 3/3:  31%|███       | 27/88 [00:07<00:15,  3.93it/s, loss=0.194]
  epoch 3/3:  31%|███       | 27/88 [00:07<00:15,  3.93it/s, loss=0.197]
  epoch 3/3:  32%|███▏      | 28/88 [00:07<00:15,  3.91it/s, loss=0.197]
  epoch 3/3:  32%|███▏      | 28/88 [00:07<00:15,  3.91it/s, loss=0.195]
  epoch 3/3:  33%|███▎      | 29/88 [00:07<00:15,  3.90it/s, loss=0.195]
  epoch 3/3:  33%|███▎      | 29/88 [00:07<00:15,  3.90it/s, loss=0.193]
  epoch 3/3:  34%|███▍      | 30/88 [00:07<00:14,  3.91it/s, loss=0.193]
  epoch 3/3:  34%|███▍      | 30/88 [00:08<00:14,  3.91it/s, loss=0.192]
  epoch 3/3:  35%|███▌      | 31/88 [00:08<00:14,  3.89it/s, loss=0.192]
  epoch 3/3:  35%|███▌      | 31/88 [00:08<00:14,  3.89it/s, loss=0.191]
  epoch 3/3:  36%|███▋      | 32/88 [00:08<00:14,  3.85it/s, loss=0.191]
  epoch 3/3:  36%|███▋      | 32/88 [00:08<00:14,  3.85it/s, loss=0.190]
  epoch 3/3:  38%|███▊      | 33/88 [00:08<00:14,  3.85it/s, loss=0.190]
  epoch 3/3:  38%|███▊      | 33/88 [00:09<00:14,  3.85it/s, loss=0.194]
  epoch 3/3:  39%|███▊      | 34/88 [00:09<00:13,  3.89it/s, loss=0.194]
  epoch 3/3:  39%|███▊      | 34/88 [00:09<00:13,  3.89it/s, loss=0.191]
  epoch 3/3:  40%|███▉      | 35/88 [00:09<00:13,  3.90it/s, loss=0.191]
  epoch 3/3:  40%|███▉      | 35/88 [00:09<00:13,  3.90it/s, loss=0.189]
  epoch 3/3:  41%|████      | 36/88 [00:09<00:13,  3.91it/s, loss=0.189]
  epoch 3/3:  41%|████      | 36/88 [00:09<00:13,  3.91it/s, loss=0.188]
  epoch 3/3:  42%|████▏     | 37/88 [00:09<00:13,  3.90it/s, loss=0.188]
  epoch 3/3:  42%|████▏     | 37/88 [00:10<00:13,  3.90it/s, loss=0.186]
  epoch 3/3:  43%|████▎     | 38/88 [00:10<00:12,  3.89it/s, loss=0.186]
  epoch 3/3:  43%|████▎     | 38/88 [00:10<00:12,  3.89it/s, loss=0.184]
  epoch 3/3:  44%|████▍     | 39/88 [00:10<00:12,  3.88it/s, loss=0.184]
  epoch 3/3:  44%|████▍     | 39/88 [00:10<00:12,  3.88it/s, loss=0.183]
  epoch 3/3:  45%|████▌     | 40/88 [00:10<00:12,  3.89it/s, loss=0.183]
  epoch 3/3:  45%|████▌     | 40/88 [00:10<00:12,  3.89it/s, loss=0.182]
  epoch 3/3:  47%|████▋     | 41/88 [00:10<00:12,  3.88it/s, loss=0.182]
  epoch 3/3:  47%|████▋     | 41/88 [00:11<00:12,  3.88it/s, loss=0.182]
  epoch 3/3:  48%|████▊     | 42/88 [00:11<00:11,  3.87it/s, loss=0.182]
  epoch 3/3:  48%|████▊     | 42/88 [00:11<00:11,  3.87it/s, loss=0.181]
  epoch 3/3:  49%|████▉     | 43/88 [00:11<00:11,  3.88it/s, loss=0.181]
  epoch 3/3:  49%|████▉     | 43/88 [00:11<00:11,  3.88it/s, loss=0.182]
  epoch 3/3:  50%|█████     | 44/88 [00:11<00:11,  3.89it/s, loss=0.182]
  epoch 3/3:  50%|█████     | 44/88 [00:11<00:11,  3.89it/s, loss=0.180]
  epoch 3/3:  51%|█████     | 45/88 [00:11<00:11,  3.91it/s, loss=0.180]
  epoch 3/3:  51%|█████     | 45/88 [00:12<00:11,  3.91it/s, loss=0.179]
  epoch 3/3:  52%|█████▏    | 46/88 [00:12<00:10,  3.91it/s, loss=0.179]
  epoch 3/3:  52%|█████▏    | 46/88 [00:12<00:10,  3.91it/s, loss=0.179]
  epoch 3/3:  53%|█████▎    | 47/88 [00:12<00:10,  3.90it/s, loss=0.179]
  epoch 3/3:  53%|█████▎    | 47/88 [00:12<00:10,  3.90it/s, loss=0.178]
  epoch 3/3:  55%|█████▍    | 48/88 [00:12<00:10,  3.84it/s, loss=0.178]
  epoch 3/3:  55%|█████▍    | 48/88 [00:12<00:10,  3.84it/s, loss=0.176]
  epoch 3/3:  56%|█████▌    | 49/88 [00:12<00:10,  3.84it/s, loss=0.176]
  epoch 3/3:  56%|█████▌    | 49/88 [00:13<00:10,  3.84it/s, loss=0.175]
  epoch 3/3:  57%|█████▋    | 50/88 [00:13<00:09,  3.83it/s, loss=0.175]
  epoch 3/3:  57%|█████▋    | 50/88 [00:13<00:09,  3.83it/s, loss=0.174]
  epoch 3/3:  58%|█████▊    | 51/88 [00:13<00:09,  3.82it/s, loss=0.174]
  epoch 3/3:  58%|█████▊    | 51/88 [00:13<00:09,  3.82it/s, loss=0.172]
  epoch 3/3:  59%|█████▉    | 52/88 [00:13<00:09,  3.83it/s, loss=0.172]
  epoch 3/3:  59%|█████▉    | 52/88 [00:13<00:09,  3.83it/s, loss=0.171]
  epoch 3/3:  60%|██████    | 53/88 [00:13<00:09,  3.87it/s, loss=0.171]
  epoch 3/3:  60%|██████    | 53/88 [00:14<00:09,  3.87it/s, loss=0.170]
  epoch 3/3:  61%|██████▏   | 54/88 [00:14<00:08,  3.87it/s, loss=0.170]
  epoch 3/3:  61%|██████▏   | 54/88 [00:14<00:08,  3.87it/s, loss=0.170]
  epoch 3/3:  62%|██████▎   | 55/88 [00:14<00:08,  3.85it/s, loss=0.170]
  epoch 3/3:  62%|██████▎   | 55/88 [00:14<00:08,  3.85it/s, loss=0.169]
  epoch 3/3:  64%|██████▎   | 56/88 [00:14<00:08,  3.89it/s, loss=0.169]
  epoch 3/3:  64%|██████▎   | 56/88 [00:14<00:08,  3.89it/s, loss=0.169]
  epoch 3/3:  65%|██████▍   | 57/88 [00:14<00:07,  3.89it/s, loss=0.169]
  epoch 3/3:  65%|██████▍   | 57/88 [00:15<00:07,  3.89it/s, loss=0.168]
  epoch 3/3:  66%|██████▌   | 58/88 [00:15<00:07,  3.87it/s, loss=0.168]
  epoch 3/3:  66%|██████▌   | 58/88 [00:15<00:07,  3.87it/s, loss=0.167]
  epoch 3/3:  67%|██████▋   | 59/88 [00:15<00:07,  3.90it/s, loss=0.167]
  epoch 3/3:  67%|██████▋   | 59/88 [00:15<00:07,  3.90it/s, loss=0.166]
  epoch 3/3:  68%|██████▊   | 60/88 [00:15<00:07,  3.88it/s, loss=0.166]
  epoch 3/3:  68%|██████▊   | 60/88 [00:15<00:07,  3.88it/s, loss=0.164]
  epoch 3/3:  69%|██████▉   | 61/88 [00:15<00:06,  3.88it/s, loss=0.164]
  epoch 3/3:  69%|██████▉   | 61/88 [00:16<00:06,  3.88it/s, loss=0.162]
  epoch 3/3:  70%|███████   | 62/88 [00:16<00:06,  3.91it/s, loss=0.162]
  epoch 3/3:  70%|███████   | 62/88 [00:16<00:06,  3.91it/s, loss=0.162]
  epoch 3/3:  72%|███████▏  | 63/88 [00:16<00:06,  3.90it/s, loss=0.162]
  epoch 3/3:  72%|███████▏  | 63/88 [00:16<00:06,  3.90it/s, loss=0.160]
  epoch 3/3:  73%|███████▎  | 64/88 [00:16<00:06,  3.83it/s, loss=0.160]
  epoch 3/3:  73%|███████▎  | 64/88 [00:17<00:06,  3.83it/s, loss=0.159]
  epoch 3/3:  74%|███████▍  | 65/88 [00:17<00:05,  3.86it/s, loss=0.159]
  epoch 3/3:  74%|███████▍  | 65/88 [00:17<00:05,  3.86it/s, loss=0.158]
  epoch 3/3:  75%|███████▌  | 66/88 [00:17<00:05,  3.85it/s, loss=0.158]
  epoch 3/3:  75%|███████▌  | 66/88 [00:17<00:05,  3.85it/s, loss=0.159]
  epoch 3/3:  76%|███████▌  | 67/88 [00:17<00:05,  3.85it/s, loss=0.159]
  epoch 3/3:  76%|███████▌  | 67/88 [00:17<00:05,  3.85it/s, loss=0.158]
  epoch 3/3:  77%|███████▋  | 68/88 [00:17<00:05,  3.88it/s, loss=0.158]
  epoch 3/3:  77%|███████▋  | 68/88 [00:18<00:05,  3.88it/s, loss=0.157]
  epoch 3/3:  78%|███████▊  | 69/88 [00:18<00:04,  3.88it/s, loss=0.157]
  epoch 3/3:  78%|███████▊  | 69/88 [00:18<00:04,  3.88it/s, loss=0.156]
  epoch 3/3:  80%|███████▉  | 70/88 [00:18<00:04,  3.88it/s, loss=0.156]
  epoch 3/3:  80%|███████▉  | 70/88 [00:18<00:04,  3.88it/s, loss=0.156]
  epoch 3/3:  81%|████████  | 71/88 [00:18<00:04,  3.90it/s, loss=0.156]
  epoch 3/3:  81%|████████  | 71/88 [00:18<00:04,  3.90it/s, loss=0.154]
  epoch 3/3:  82%|████████▏ | 72/88 [00:18<00:04,  3.90it/s, loss=0.154]
  epoch 3/3:  82%|████████▏ | 72/88 [00:19<00:04,  3.90it/s, loss=0.154]
  epoch 3/3:  83%|████████▎ | 73/88 [00:19<00:03,  3.92it/s, loss=0.154]
  epoch 3/3:  83%|████████▎ | 73/88 [00:19<00:03,  3.92it/s, loss=0.154]
  epoch 3/3:  84%|████████▍ | 74/88 [00:19<00:03,  3.90it/s, loss=0.154]
  epoch 3/3:  84%|████████▍ | 74/88 [00:19<00:03,  3.90it/s, loss=0.153]
  epoch 3/3:  85%|████████▌ | 75/88 [00:19<00:03,  3.90it/s, loss=0.153]
  epoch 3/3:  85%|████████▌ | 75/88 [00:19<00:03,  3.90it/s, loss=0.153]
  epoch 3/3:  86%|████████▋ | 76/88 [00:19<00:03,  3.91it/s, loss=0.153]
  epoch 3/3:  86%|████████▋ | 76/88 [00:20<00:03,  3.91it/s, loss=0.153]
  epoch 3/3:  88%|████████▊ | 77/88 [00:20<00:02,  3.92it/s, loss=0.153]
  epoch 3/3:  88%|████████▊ | 77/88 [00:20<00:02,  3.92it/s, loss=0.152]
  epoch 3/3:  89%|████████▊ | 78/88 [00:20<00:02,  3.93it/s, loss=0.152]
  epoch 3/3:  89%|████████▊ | 78/88 [00:20<00:02,  3.93it/s, loss=0.153]
  epoch 3/3:  90%|████████▉ | 79/88 [00:20<00:02,  3.91it/s, loss=0.153]
  epoch 3/3:  90%|████████▉ | 79/88 [00:20<00:02,  3.91it/s, loss=0.153]
  epoch 3/3:  91%|█████████ | 80/88 [00:20<00:02,  3.87it/s, loss=0.153]
  epoch 3/3:  91%|█████████ | 80/88 [00:21<00:02,  3.87it/s, loss=0.153]
  epoch 3/3:  92%|█████████▏| 81/88 [00:21<00:01,  3.88it/s, loss=0.153]
  epoch 3/3:  92%|█████████▏| 81/88 [00:21<00:01,  3.88it/s, loss=0.152]
  epoch 3/3:  93%|█████████▎| 82/88 [00:21<00:01,  3.89it/s, loss=0.152]
  epoch 3/3:  93%|█████████▎| 82/88 [00:21<00:01,  3.89it/s, loss=0.152]
  epoch 3/3:  94%|█████████▍| 83/88 [00:21<00:01,  3.88it/s, loss=0.152]
  epoch 3/3:  94%|█████████▍| 83/88 [00:21<00:01,  3.88it/s, loss=0.150]
  epoch 3/3:  95%|█████████▌| 84/88 [00:21<00:01,  3.88it/s, loss=0.150]
  epoch 3/3:  95%|█████████▌| 84/88 [00:22<00:01,  3.88it/s, loss=0.151]
  epoch 3/3:  97%|█████████▋| 85/88 [00:22<00:00,  3.90it/s, loss=0.151]
  epoch 3/3:  97%|█████████▋| 85/88 [00:22<00:00,  3.90it/s, loss=0.151]
  epoch 3/3:  98%|█████████▊| 86/88 [00:22<00:00,  3.89it/s, loss=0.151]
  epoch 3/3:  98%|█████████▊| 86/88 [00:22<00:00,  3.89it/s, loss=0.150]
  epoch 3/3:  99%|█████████▉| 87/88 [00:22<00:00,  3.90it/s, loss=0.150]
  epoch 3/3:  99%|█████████▉| 87/88 [00:22<00:00,  3.90it/s, loss=0.150]
  epoch 3/3: 100%|██████████| 88/88 [00:22<00:00,  4.24it/s, loss=0.150]
                                                                        
[titans] reset=never | norm(state) sau task = 82.3665
[titans]   self-mod v:β=1.10 |W|=3.33
[titans]   eta_t(avg)=8.6676  alpha_t/forget-gate(avg)=1.0000
[task 8] test acc so far: 0.771  0.743  0.800  0.674  0.646  0.611  0.646  0.383  0.094
[task 8] NCM-blend gamma=0: 0.686  0.774  0.694  0.646  0.686  0.691  0.829  0.729  0.669
[task 8] NCM-blend gamma=0.1: 0.683  0.774  0.697  0.640  0.686  0.697  0.823  0.729  0.686
[task 8] NCM-blend gamma=0.25: 0.674  0.763  0.683  0.646  0.709  0.709  0.829  0.737  0.706
[task 8] NCM-blend gamma=0.5: 0.609  0.680  0.637  0.629  0.723  0.717  0.834  0.771  0.777
[task 8] NCM-blend gamma=0.75: 0.506  0.494  0.529  0.566  0.740  0.720  0.857  0.806  0.831
[task 8] NCM-blend gamma=1: 0.360  0.257  0.426  0.434  0.694  0.703  0.831  0.834  0.860
[checkpoint] đã lưu tiến độ sau task 8
  memory_state.pt đã lưu (norm=82.3665)

== Ma trận accuracy (hàng = sau khi học task i, cột = đánh giá task j)
[[0.929 0.    0.    0.    0.    0.    0.    0.    0.   ]
 [0.849 0.857 0.    0.    0.    0.    0.    0.    0.   ]
 [0.851 0.889 0.697 0.    0.    0.    0.    0.    0.   ]
 [0.843 0.871 0.783 0.337 0.    0.    0.    0.    0.   ]
 [0.834 0.831 0.791 0.54  0.22  0.    0.    0.    0.   ]
 [0.817 0.8   0.797 0.6   0.426 0.291 0.    0.    0.   ]
 [0.814 0.789 0.803 0.643 0.589 0.449 0.306 0.    0.   ]
 [0.797 0.749 0.783 0.654 0.634 0.534 0.517 0.206 0.   ]
 [0.771 0.743 0.8   0.674 0.646 0.611 0.646 0.383 0.094]]

== Kết quả
  Average Accuracy   : 0.5965  (cao = tốt)
  Average Forgetting : -0.0136  (thấp = tốt — con số dự án cần giảm)
  Backward Transfer  : 0.1789  (âm = quên)

== NCM feature readouts
  Linear              : Acc 0.5965 | Forget -0.0136
  NCM online          : Acc 0.6000 | Forget 0.2932
  NCM blend 0       : Acc 0.7114 | Forget 0.0854
  NCM blend 0.1       : Acc 0.7127 | Forget 0.0871
  NCM blend 0.25       : Acc 0.7171 | Forget 0.0911
  NCM blend 0.5       : Acc 0.7086 | Forget 0.1236
  NCM blend 0.75       : Acc 0.6721 | Forget 0.1904
  checkpoint.pt đã lưu (model + Titans state + online NCM)
  Saved -> artifacts_ncm_adaptation/results/resisc45_titans_seed1_blend-screen-seed1_m3_delta_clip_f16_lr0.005_rnever_optkeep_splitcombined31500_v2_ncmadaptd54497ce
