
[2026-08-01 08:06:44] $ /usr/bin/python3 /home/an/RaybanMeta/uav-continual-learning/scripts/run_g1.py --config /home/an/RaybanMeta/uav-continual-learning/configs/g2_titans_resisc45_ncm_adaptation.yaml --method titans --skip-existing --set seed=2 train.ncm.blend.gammas=[0,1] train.ncm.transport.enabled=true train.ncm.transport.type=diagonal train.ncm.transport.regularization=10 train.ncm.transport.beta=0.5 train.feature_distillation.enabled=true train.feature_distillation.teacher=frozen_backbone train.feature_distillation.weight=0.1 log.dir=artifacts_ncm_adaptation log.run_tag=full-combination-seed2
== G1 run: dataset=resisc45 method=titans seed=2 device=cuda
Warning: You are sending unauthenticated requests to the HF Hub. Please set a HF_TOKEN to enable higher rate limits and faster downloads.
task 0: 5 classes [chaparral, cloud, meadow, roundabout, stadium] | train 2800 / val 350 / test 350
task 1: 5 classes [beach, golf_course, lake, overpass, rectangular_farmland] | train 2800 / val 350 / test 350
task 2: 5 classes [industrial_area, island, mobile_home_park, ship, wetland] | train 2800 / val 350 / test 350
task 3: 5 classes [church, railway_station, runway, snowberg, terrace] | train 2800 / val 350 / test 350
task 4: 5 classes [airplane, dense_residential, desert, parking_lot, sea_ice] | train 2800 / val 350 / test 350
task 5: 5 classes [airport, circular_farmland, freeway, railway, sparse_residential] | train 2800 / val 350 / test 350
task 6: 5 classes [harbor, mountain, palace, river, tennis_court] | train 2800 / val 350 / test 350
task 7: 5 classes [baseball_diamond, forest, ground_track_field, intersection, storage_tank] | train 2800 / val 350 / test 350
task 8: 5 classes [basketball_court, bridge, commercial_area, medium_residential, thermal_power_station] | train 2800 / val 350 / test 350
[titans] seq=image_seq reset=never chunk=32
[task 0] classes=[6, 9, 22, 33, 39] | train=2800

  epoch 1/3:   0%|          | 0/88 [00:00<?, ?it/s]
  epoch 1/3:   0%|          | 0/88 [00:01<?, ?it/s, loss=1.683]
  epoch 1/3:   1%|          | 1/88 [00:01<02:18,  1.59s/it, loss=1.683]
  epoch 1/3:   1%|          | 1/88 [00:01<02:18,  1.59s/it, loss=1.675]
  epoch 1/3:   2%|▏         | 2/88 [00:01<01:11,  1.20it/s, loss=1.675]
  epoch 1/3:   2%|▏         | 2/88 [00:02<01:11,  1.20it/s, loss=1.673]
  epoch 1/3:   3%|▎         | 3/88 [00:02<00:48,  1.76it/s, loss=1.673]
  epoch 1/3:   3%|▎         | 3/88 [00:02<00:48,  1.76it/s, loss=1.681]
  epoch 1/3:   5%|▍         | 4/88 [00:02<00:37,  2.23it/s, loss=1.681]
  epoch 1/3:   5%|▍         | 4/88 [00:02<00:37,  2.23it/s, loss=1.652]
  epoch 1/3:   6%|▌         | 5/88 [00:02<00:31,  2.62it/s, loss=1.652]
  epoch 1/3:   6%|▌         | 5/88 [00:02<00:31,  2.62it/s, loss=1.648]
  epoch 1/3:   7%|▋         | 6/88 [00:02<00:27,  2.93it/s, loss=1.648]
  epoch 1/3:   7%|▋         | 6/88 [00:03<00:27,  2.93it/s, loss=1.630]
  epoch 1/3:   8%|▊         | 7/88 [00:03<00:25,  3.17it/s, loss=1.630]
  epoch 1/3:   8%|▊         | 7/88 [00:03<00:25,  3.17it/s, loss=1.630]
  epoch 1/3:   9%|▉         | 8/88 [00:03<00:23,  3.35it/s, loss=1.630]
  epoch 1/3:   9%|▉         | 8/88 [00:03<00:23,  3.35it/s, loss=1.625]
  epoch 1/3:  10%|█         | 9/88 [00:03<00:22,  3.47it/s, loss=1.625]
  epoch 1/3:  10%|█         | 9/88 [00:03<00:22,  3.47it/s, loss=1.623]
  epoch 1/3:  11%|█▏        | 10/88 [00:03<00:21,  3.57it/s, loss=1.623]
  epoch 1/3:  11%|█▏        | 10/88 [00:04<00:21,  3.57it/s, loss=1.624]
  epoch 1/3:  12%|█▎        | 11/88 [00:04<00:21,  3.60it/s, loss=1.624]
  epoch 1/3:  12%|█▎        | 11/88 [00:04<00:21,  3.60it/s, loss=1.628]
  epoch 1/3:  14%|█▎        | 12/88 [00:04<00:20,  3.67it/s, loss=1.628]
  epoch 1/3:  14%|█▎        | 12/88 [00:04<00:20,  3.67it/s, loss=1.633]
  epoch 1/3:  15%|█▍        | 13/88 [00:04<00:20,  3.70it/s, loss=1.633]
  epoch 1/3:  15%|█▍        | 13/88 [00:05<00:20,  3.70it/s, loss=1.635]
  epoch 1/3:  16%|█▌        | 14/88 [00:05<00:19,  3.72it/s, loss=1.635]
  epoch 1/3:  16%|█▌        | 14/88 [00:05<00:19,  3.72it/s, loss=1.635]
  epoch 1/3:  17%|█▋        | 15/88 [00:05<00:19,  3.73it/s, loss=1.635]
  epoch 1/3:  17%|█▋        | 15/88 [00:05<00:19,  3.73it/s, loss=1.632]
  epoch 1/3:  18%|█▊        | 16/88 [00:05<00:19,  3.68it/s, loss=1.632]
  epoch 1/3:  18%|█▊        | 16/88 [00:05<00:19,  3.68it/s, loss=1.623]
  epoch 1/3:  19%|█▉        | 17/88 [00:05<00:19,  3.71it/s, loss=1.623]
  epoch 1/3:  19%|█▉        | 17/88 [00:06<00:19,  3.71it/s, loss=1.617]
  epoch 1/3:  20%|██        | 18/88 [00:06<00:18,  3.73it/s, loss=1.617]
  epoch 1/3:  20%|██        | 18/88 [00:06<00:18,  3.73it/s, loss=1.608]
  epoch 1/3:  22%|██▏       | 19/88 [00:06<00:18,  3.72it/s, loss=1.608]
  epoch 1/3:  22%|██▏       | 19/88 [00:06<00:18,  3.72it/s, loss=1.597]
  epoch 1/3:  23%|██▎       | 20/88 [00:06<00:18,  3.72it/s, loss=1.597]
  epoch 1/3:  23%|██▎       | 20/88 [00:06<00:18,  3.72it/s, loss=1.590]
  epoch 1/3:  24%|██▍       | 21/88 [00:06<00:17,  3.72it/s, loss=1.590]
  epoch 1/3:  24%|██▍       | 21/88 [00:07<00:17,  3.72it/s, loss=1.582]
  epoch 1/3:  25%|██▌       | 22/88 [00:07<00:17,  3.72it/s, loss=1.582]
  epoch 1/3:  25%|██▌       | 22/88 [00:07<00:17,  3.72it/s, loss=1.570]
  epoch 1/3:  26%|██▌       | 23/88 [00:07<00:17,  3.73it/s, loss=1.570]
  epoch 1/3:  26%|██▌       | 23/88 [00:07<00:17,  3.73it/s, loss=1.558]
  epoch 1/3:  27%|██▋       | 24/88 [00:07<00:17,  3.72it/s, loss=1.558]
  epoch 1/3:  27%|██▋       | 24/88 [00:08<00:17,  3.72it/s, loss=1.544]
  epoch 1/3:  28%|██▊       | 25/88 [00:08<00:16,  3.73it/s, loss=1.544]
  epoch 1/3:  28%|██▊       | 25/88 [00:08<00:16,  3.73it/s, loss=1.538]
  epoch 1/3:  30%|██▉       | 26/88 [00:08<00:16,  3.72it/s, loss=1.538]
  epoch 1/3:  30%|██▉       | 26/88 [00:08<00:16,  3.72it/s, loss=1.525]
  epoch 1/3:  31%|███       | 27/88 [00:08<00:16,  3.70it/s, loss=1.525]
  epoch 1/3:  31%|███       | 27/88 [00:08<00:16,  3.70it/s, loss=1.514]
  epoch 1/3:  32%|███▏      | 28/88 [00:08<00:16,  3.70it/s, loss=1.514]
  epoch 1/3:  32%|███▏      | 28/88 [00:09<00:16,  3.70it/s, loss=1.507]
  epoch 1/3:  33%|███▎      | 29/88 [00:09<00:16,  3.68it/s, loss=1.507]
  epoch 1/3:  33%|███▎      | 29/88 [00:09<00:16,  3.68it/s, loss=1.501]
  epoch 1/3:  34%|███▍      | 30/88 [00:09<00:15,  3.70it/s, loss=1.501]
  epoch 1/3:  34%|███▍      | 30/88 [00:09<00:15,  3.70it/s, loss=1.495]
  epoch 1/3:  35%|███▌      | 31/88 [00:09<00:15,  3.70it/s, loss=1.495]
  epoch 1/3:  35%|███▌      | 31/88 [00:09<00:15,  3.70it/s, loss=1.486]
  epoch 1/3:  36%|███▋      | 32/88 [00:09<00:15,  3.64it/s, loss=1.486]
  epoch 1/3:  36%|███▋      | 32/88 [00:10<00:15,  3.64it/s, loss=1.475]
  epoch 1/3:  38%|███▊      | 33/88 [00:10<00:15,  3.65it/s, loss=1.475]
  epoch 1/3:  38%|███▊      | 33/88 [00:10<00:15,  3.65it/s, loss=1.466]
  epoch 1/3:  39%|███▊      | 34/88 [00:10<00:14,  3.68it/s, loss=1.466]
  epoch 1/3:  39%|███▊      | 34/88 [00:10<00:14,  3.68it/s, loss=1.457]
  epoch 1/3:  40%|███▉      | 35/88 [00:10<00:14,  3.68it/s, loss=1.457]
  epoch 1/3:  40%|███▉      | 35/88 [00:10<00:14,  3.68it/s, loss=1.447]
  epoch 1/3:  41%|████      | 36/88 [00:10<00:14,  3.71it/s, loss=1.447]
  epoch 1/3:  41%|████      | 36/88 [00:11<00:14,  3.71it/s, loss=1.437]
  epoch 1/3:  42%|████▏     | 37/88 [00:11<00:13,  3.68it/s, loss=1.437]
  epoch 1/3:  42%|████▏     | 37/88 [00:11<00:13,  3.68it/s, loss=1.429]
  epoch 1/3:  43%|████▎     | 38/88 [00:11<00:13,  3.68it/s, loss=1.429]
  epoch 1/3:  43%|████▎     | 38/88 [00:11<00:13,  3.68it/s, loss=1.421]
  epoch 1/3:  44%|████▍     | 39/88 [00:11<00:13,  3.66it/s, loss=1.421]
  epoch 1/3:  44%|████▍     | 39/88 [00:12<00:13,  3.66it/s, loss=1.414]
  epoch 1/3:  45%|████▌     | 40/88 [00:12<00:13,  3.65it/s, loss=1.414]
  epoch 1/3:  45%|████▌     | 40/88 [00:12<00:13,  3.65it/s, loss=1.408]
  epoch 1/3:  47%|████▋     | 41/88 [00:12<00:12,  3.66it/s, loss=1.408]
  epoch 1/3:  47%|████▋     | 41/88 [00:12<00:12,  3.66it/s, loss=1.404]
  epoch 1/3:  48%|████▊     | 42/88 [00:12<00:12,  3.66it/s, loss=1.404]
  epoch 1/3:  48%|████▊     | 42/88 [00:12<00:12,  3.66it/s, loss=1.398]
  epoch 1/3:  49%|████▉     | 43/88 [00:12<00:12,  3.66it/s, loss=1.398]
  epoch 1/3:  49%|████▉     | 43/88 [00:13<00:12,  3.66it/s, loss=1.388]
  epoch 1/3:  50%|█████     | 44/88 [00:13<00:12,  3.65it/s, loss=1.388]
  epoch 1/3:  50%|█████     | 44/88 [00:13<00:12,  3.65it/s, loss=1.377]
  epoch 1/3:  51%|█████     | 45/88 [00:13<00:11,  3.66it/s, loss=1.377]
  epoch 1/3:  51%|█████     | 45/88 [00:13<00:11,  3.66it/s, loss=1.372]
  epoch 1/3:  52%|█████▏    | 46/88 [00:13<00:11,  3.66it/s, loss=1.372]
  epoch 1/3:  52%|█████▏    | 46/88 [00:14<00:11,  3.66it/s, loss=1.365]
  epoch 1/3:  53%|█████▎    | 47/88 [00:14<00:11,  3.65it/s, loss=1.365]
  epoch 1/3:  53%|█████▎    | 47/88 [00:14<00:11,  3.65it/s, loss=1.356]
  epoch 1/3:  55%|█████▍    | 48/88 [00:14<00:11,  3.60it/s, loss=1.356]
  epoch 1/3:  55%|█████▍    | 48/88 [00:14<00:11,  3.60it/s, loss=1.346]
  epoch 1/3:  56%|█████▌    | 49/88 [00:14<00:10,  3.61it/s, loss=1.346]
  epoch 1/3:  56%|█████▌    | 49/88 [00:14<00:10,  3.61it/s, loss=1.336]
  epoch 1/3:  57%|█████▋    | 50/88 [00:14<00:10,  3.63it/s, loss=1.336]
  epoch 1/3:  57%|█████▋    | 50/88 [00:15<00:10,  3.63it/s, loss=1.326]
  epoch 1/3:  58%|█████▊    | 51/88 [00:15<00:10,  3.62it/s, loss=1.326]
  epoch 1/3:  58%|█████▊    | 51/88 [00:15<00:10,  3.62it/s, loss=1.318]
  epoch 1/3:  59%|█████▉    | 52/88 [00:15<00:09,  3.61it/s, loss=1.318]
  epoch 1/3:  59%|█████▉    | 52/88 [00:15<00:09,  3.61it/s, loss=1.313]
  epoch 1/3:  60%|██████    | 53/88 [00:15<00:09,  3.63it/s, loss=1.313]
  epoch 1/3:  60%|██████    | 53/88 [00:15<00:09,  3.63it/s, loss=1.306]
  epoch 1/3:  61%|██████▏   | 54/88 [00:15<00:09,  3.61it/s, loss=1.306]
  epoch 1/3:  61%|██████▏   | 54/88 [00:16<00:09,  3.61it/s, loss=1.301]
  epoch 1/3:  62%|██████▎   | 55/88 [00:16<00:09,  3.61it/s, loss=1.301]
  epoch 1/3:  62%|██████▎   | 55/88 [00:16<00:09,  3.61it/s, loss=1.295]
  epoch 1/3:  64%|██████▎   | 56/88 [00:16<00:08,  3.62it/s, loss=1.295]
  epoch 1/3:  64%|██████▎   | 56/88 [00:16<00:08,  3.62it/s, loss=1.289]
  epoch 1/3:  65%|██████▍   | 57/88 [00:16<00:08,  3.59it/s, loss=1.289]
  epoch 1/3:  65%|██████▍   | 57/88 [00:17<00:08,  3.59it/s, loss=1.281]
  epoch 1/3:  66%|██████▌   | 58/88 [00:17<00:08,  3.58it/s, loss=1.281]
  epoch 1/3:  66%|██████▌   | 58/88 [00:17<00:08,  3.58it/s, loss=1.274]
  epoch 1/3:  67%|██████▋   | 59/88 [00:17<00:08,  3.58it/s, loss=1.274]
  epoch 1/3:  67%|██████▋   | 59/88 [00:17<00:08,  3.58it/s, loss=1.265]
  epoch 1/3:  68%|██████▊   | 60/88 [00:17<00:07,  3.58it/s, loss=1.265]
  epoch 1/3:  68%|██████▊   | 60/88 [00:17<00:07,  3.58it/s, loss=1.257]
  epoch 1/3:  69%|██████▉   | 61/88 [00:17<00:07,  3.60it/s, loss=1.257]
  epoch 1/3:  69%|██████▉   | 61/88 [00:18<00:07,  3.60it/s, loss=1.250]
  epoch 1/3:  70%|███████   | 62/88 [00:18<00:07,  3.59it/s, loss=1.250]
  epoch 1/3:  70%|███████   | 62/88 [00:18<00:07,  3.59it/s, loss=1.244]
  epoch 1/3:  72%|███████▏  | 63/88 [00:18<00:07,  3.57it/s, loss=1.244]
  epoch 1/3:  72%|███████▏  | 63/88 [00:18<00:07,  3.57it/s, loss=1.236]
  epoch 1/3:  73%|███████▎  | 64/88 [00:18<00:06,  3.51it/s, loss=1.236]
  epoch 1/3:  73%|███████▎  | 64/88 [00:19<00:06,  3.51it/s, loss=1.230]
  epoch 1/3:  74%|███████▍  | 65/88 [00:19<00:06,  3.55it/s, loss=1.230]
  epoch 1/3:  74%|███████▍  | 65/88 [00:19<00:06,  3.55it/s, loss=1.222]
  epoch 1/3:  75%|███████▌  | 66/88 [00:19<00:06,  3.55it/s, loss=1.222]
  epoch 1/3:  75%|███████▌  | 66/88 [00:19<00:06,  3.55it/s, loss=1.216]
  epoch 1/3:  76%|███████▌  | 67/88 [00:19<00:05,  3.54it/s, loss=1.216]
  epoch 1/3:  76%|███████▌  | 67/88 [00:19<00:05,  3.54it/s, loss=1.211]
  epoch 1/3:  77%|███████▋  | 68/88 [00:19<00:05,  3.53it/s, loss=1.211]
  epoch 1/3:  77%|███████▋  | 68/88 [00:20<00:05,  3.53it/s, loss=1.205]
  epoch 1/3:  78%|███████▊  | 69/88 [00:20<00:05,  3.53it/s, loss=1.205]
  epoch 1/3:  78%|███████▊  | 69/88 [00:20<00:05,  3.53it/s, loss=1.198]
  epoch 1/3:  80%|███████▉  | 70/88 [00:20<00:05,  3.52it/s, loss=1.198]
  epoch 1/3:  80%|███████▉  | 70/88 [00:20<00:05,  3.52it/s, loss=1.192]
  epoch 1/3:  81%|████████  | 71/88 [00:20<00:04,  3.53it/s, loss=1.192]
  epoch 1/3:  81%|████████  | 71/88 [00:21<00:04,  3.53it/s, loss=1.185]
  epoch 1/3:  82%|████████▏ | 72/88 [00:21<00:04,  3.52it/s, loss=1.185]
  epoch 1/3:  82%|████████▏ | 72/88 [00:21<00:04,  3.52it/s, loss=1.178]
  epoch 1/3:  83%|████████▎ | 73/88 [00:21<00:04,  3.52it/s, loss=1.178]
  epoch 1/3:  83%|████████▎ | 73/88 [00:21<00:04,  3.52it/s, loss=1.171]
  epoch 1/3:  84%|████████▍ | 74/88 [00:21<00:03,  3.52it/s, loss=1.171]
  epoch 1/3:  84%|████████▍ | 74/88 [00:21<00:03,  3.52it/s, loss=1.166]
  epoch 1/3:  85%|████████▌ | 75/88 [00:21<00:03,  3.48it/s, loss=1.166]
  epoch 1/3:  85%|████████▌ | 75/88 [00:22<00:03,  3.48it/s, loss=1.160]
  epoch 1/3:  86%|████████▋ | 76/88 [00:22<00:03,  3.49it/s, loss=1.160]
  epoch 1/3:  86%|████████▋ | 76/88 [00:22<00:03,  3.49it/s, loss=1.153]
  epoch 1/3:  88%|████████▊ | 77/88 [00:22<00:03,  3.50it/s, loss=1.153]
  epoch 1/3:  88%|████████▊ | 77/88 [00:22<00:03,  3.50it/s, loss=1.146]
  epoch 1/3:  89%|████████▊ | 78/88 [00:22<00:02,  3.51it/s, loss=1.146]
  epoch 1/3:  89%|████████▊ | 78/88 [00:23<00:02,  3.51it/s, loss=1.140]
  epoch 1/3:  90%|████████▉ | 79/88 [00:23<00:02,  3.52it/s, loss=1.140]
  epoch 1/3:  90%|████████▉ | 79/88 [00:23<00:02,  3.52it/s, loss=1.134]
  epoch 1/3:  91%|█████████ | 80/88 [00:23<00:02,  3.48it/s, loss=1.134]
  epoch 1/3:  91%|█████████ | 80/88 [00:23<00:02,  3.48it/s, loss=1.127]
  epoch 1/3:  92%|█████████▏| 81/88 [00:23<00:02,  3.49it/s, loss=1.127]
  epoch 1/3:  92%|█████████▏| 81/88 [00:23<00:02,  3.49it/s, loss=1.121]
  epoch 1/3:  93%|█████████▎| 82/88 [00:23<00:01,  3.50it/s, loss=1.121]
  epoch 1/3:  93%|█████████▎| 82/88 [00:24<00:01,  3.50it/s, loss=1.115]
  epoch 1/3:  94%|█████████▍| 83/88 [00:24<00:01,  3.52it/s, loss=1.115]
  epoch 1/3:  94%|█████████▍| 83/88 [00:24<00:01,  3.52it/s, loss=1.109]
  epoch 1/3:  95%|█████████▌| 84/88 [00:24<00:01,  3.52it/s, loss=1.109]
  epoch 1/3:  95%|█████████▌| 84/88 [00:24<00:01,  3.52it/s, loss=1.104]
  epoch 1/3:  97%|█████████▋| 85/88 [00:24<00:00,  3.53it/s, loss=1.104]
  epoch 1/3:  97%|█████████▋| 85/88 [00:25<00:00,  3.53it/s, loss=1.098]
  epoch 1/3:  98%|█████████▊| 86/88 [00:25<00:00,  3.53it/s, loss=1.098]
  epoch 1/3:  98%|█████████▊| 86/88 [00:25<00:00,  3.53it/s, loss=1.091]
  epoch 1/3:  99%|█████████▉| 87/88 [00:25<00:00,  3.52it/s, loss=1.091]
  epoch 1/3:  99%|█████████▉| 87/88 [00:25<00:00,  3.52it/s, loss=1.087]
  epoch 1/3: 100%|██████████| 88/88 [00:25<00:00,  3.84it/s, loss=1.087]
                                                                        

  epoch 2/3:   0%|          | 0/88 [00:00<?, ?it/s]
  epoch 2/3:   0%|          | 0/88 [00:00<?, ?it/s, loss=0.609]
  epoch 2/3:   1%|          | 1/88 [00:00<00:45,  1.92it/s, loss=0.609]
  epoch 2/3:   1%|          | 1/88 [00:00<00:45,  1.92it/s, loss=0.565]
  epoch 2/3:   2%|▏         | 2/88 [00:00<00:33,  2.60it/s, loss=0.565]
  epoch 2/3:   2%|▏         | 2/88 [00:01<00:33,  2.60it/s, loss=0.552]
  epoch 2/3:   3%|▎         | 3/88 [00:01<00:28,  2.94it/s, loss=0.552]
  epoch 2/3:   3%|▎         | 3/88 [00:01<00:28,  2.94it/s, loss=0.571]
  epoch 2/3:   5%|▍         | 4/88 [00:01<00:26,  3.15it/s, loss=0.571]
  epoch 2/3:   5%|▍         | 4/88 [00:01<00:26,  3.15it/s, loss=0.567]
  epoch 2/3:   6%|▌         | 5/88 [00:01<00:25,  3.27it/s, loss=0.567]
  epoch 2/3:   6%|▌         | 5/88 [00:01<00:25,  3.27it/s, loss=0.578]
  epoch 2/3:   7%|▋         | 6/88 [00:01<00:24,  3.35it/s, loss=0.578]
  epoch 2/3:   7%|▋         | 6/88 [00:02<00:24,  3.35it/s, loss=0.571]
  epoch 2/3:   8%|▊         | 7/88 [00:02<00:23,  3.39it/s, loss=0.571]
  epoch 2/3:   8%|▊         | 7/88 [00:02<00:23,  3.39it/s, loss=0.563]
  epoch 2/3:   9%|▉         | 8/88 [00:02<00:23,  3.37it/s, loss=0.563]
  epoch 2/3:   9%|▉         | 8/88 [00:02<00:23,  3.37it/s, loss=0.549]
  epoch 2/3:  10%|█         | 9/88 [00:02<00:23,  3.41it/s, loss=0.549]
  epoch 2/3:  10%|█         | 9/88 [00:03<00:23,  3.41it/s, loss=0.538]
  epoch 2/3:  11%|█▏        | 10/88 [00:03<00:22,  3.42it/s, loss=0.538]
  epoch 2/3:  11%|█▏        | 10/88 [00:03<00:22,  3.42it/s, loss=0.538]
  epoch 2/3:  12%|█▎        | 11/88 [00:03<00:22,  3.42it/s, loss=0.538]
  epoch 2/3:  12%|█▎        | 11/88 [00:03<00:22,  3.42it/s, loss=0.529]
  epoch 2/3:  14%|█▎        | 12/88 [00:03<00:22,  3.45it/s, loss=0.529]
  epoch 2/3:  14%|█▎        | 12/88 [00:03<00:22,  3.45it/s, loss=0.522]
  epoch 2/3:  15%|█▍        | 13/88 [00:03<00:21,  3.47it/s, loss=0.522]
  epoch 2/3:  15%|█▍        | 13/88 [00:04<00:21,  3.47it/s, loss=0.519]
  epoch 2/3:  16%|█▌        | 14/88 [00:04<00:21,  3.47it/s, loss=0.519]
  epoch 2/3:  16%|█▌        | 14/88 [00:04<00:21,  3.47it/s, loss=0.513]
  epoch 2/3:  17%|█▋        | 15/88 [00:04<00:21,  3.46it/s, loss=0.513]
  epoch 2/3:  17%|█▋        | 15/88 [00:04<00:21,  3.46it/s, loss=0.508]
  epoch 2/3:  18%|█▊        | 16/88 [00:04<00:20,  3.45it/s, loss=0.508]
  epoch 2/3:  18%|█▊        | 16/88 [00:05<00:20,  3.45it/s, loss=0.508]
  epoch 2/3:  19%|█▉        | 17/88 [00:05<00:20,  3.45it/s, loss=0.508]
  epoch 2/3:  19%|█▉        | 17/88 [00:05<00:20,  3.45it/s, loss=0.505]
  epoch 2/3:  20%|██        | 18/88 [00:05<00:20,  3.44it/s, loss=0.505]
  epoch 2/3:  20%|██        | 18/88 [00:05<00:20,  3.44it/s, loss=0.500]
  epoch 2/3:  22%|██▏       | 19/88 [00:05<00:20,  3.43it/s, loss=0.500]
  epoch 2/3:  22%|██▏       | 19/88 [00:06<00:20,  3.43it/s, loss=0.500]
  epoch 2/3:  23%|██▎       | 20/88 [00:06<00:19,  3.42it/s, loss=0.500]
  epoch 2/3:  23%|██▎       | 20/88 [00:06<00:19,  3.42it/s, loss=0.493]
  epoch 2/3:  24%|██▍       | 21/88 [00:06<00:19,  3.43it/s, loss=0.493]
  epoch 2/3:  24%|██▍       | 21/88 [00:06<00:19,  3.43it/s, loss=0.486]
  epoch 2/3:  25%|██▌       | 22/88 [00:06<00:19,  3.41it/s, loss=0.486]
  epoch 2/3:  25%|██▌       | 22/88 [00:06<00:19,  3.41it/s, loss=0.478]
  epoch 2/3:  26%|██▌       | 23/88 [00:06<00:19,  3.41it/s, loss=0.478]
  epoch 2/3:  26%|██▌       | 23/88 [00:07<00:19,  3.41it/s, loss=0.474]
  epoch 2/3:  27%|██▋       | 24/88 [00:07<00:18,  3.37it/s, loss=0.474]
  epoch 2/3:  27%|██▋       | 24/88 [00:07<00:18,  3.37it/s, loss=0.471]
  epoch 2/3:  28%|██▊       | 25/88 [00:07<00:18,  3.39it/s, loss=0.471]
  epoch 2/3:  28%|██▊       | 25/88 [00:07<00:18,  3.39it/s, loss=0.469]
  epoch 2/3:  30%|██▉       | 26/88 [00:07<00:18,  3.41it/s, loss=0.469]
  epoch 2/3:  30%|██▉       | 26/88 [00:08<00:18,  3.41it/s, loss=0.464]
  epoch 2/3:  31%|███       | 27/88 [00:08<00:17,  3.41it/s, loss=0.464]
  epoch 2/3:  31%|███       | 27/88 [00:08<00:17,  3.41it/s, loss=0.459]
  epoch 2/3:  32%|███▏      | 28/88 [00:08<00:17,  3.42it/s, loss=0.459]
  epoch 2/3:  32%|███▏      | 28/88 [00:08<00:17,  3.42it/s, loss=0.457]
  epoch 2/3:  33%|███▎      | 29/88 [00:08<00:17,  3.43it/s, loss=0.457]
  epoch 2/3:  33%|███▎      | 29/88 [00:08<00:17,  3.43it/s, loss=0.454]
  epoch 2/3:  34%|███▍      | 30/88 [00:08<00:16,  3.42it/s, loss=0.454]
  epoch 2/3:  34%|███▍      | 30/88 [00:09<00:16,  3.42it/s, loss=0.454]
  epoch 2/3:  35%|███▌      | 31/88 [00:09<00:16,  3.41it/s, loss=0.454]
  epoch 2/3:  35%|███▌      | 31/88 [00:09<00:16,  3.41it/s, loss=0.452]
  epoch 2/3:  36%|███▋      | 32/88 [00:09<00:16,  3.39it/s, loss=0.452]
  epoch 2/3:  36%|███▋      | 32/88 [00:09<00:16,  3.39it/s, loss=0.448]
  epoch 2/3:  38%|███▊      | 33/88 [00:09<00:16,  3.38it/s, loss=0.448]
  epoch 2/3:  38%|███▊      | 33/88 [00:10<00:16,  3.38it/s, loss=0.447]
  epoch 2/3:  39%|███▊      | 34/88 [00:10<00:15,  3.38it/s, loss=0.447]
  epoch 2/3:  39%|███▊      | 34/88 [00:10<00:15,  3.38it/s, loss=0.443]
  epoch 2/3:  40%|███▉      | 35/88 [00:10<00:15,  3.37it/s, loss=0.443]
  epoch 2/3:  40%|███▉      | 35/88 [00:10<00:15,  3.37it/s, loss=0.440]
  epoch 2/3:  41%|████      | 36/88 [00:10<00:15,  3.38it/s, loss=0.440]
  epoch 2/3:  41%|████      | 36/88 [00:11<00:15,  3.38it/s, loss=0.437]
  epoch 2/3:  42%|████▏     | 37/88 [00:11<00:15,  3.39it/s, loss=0.437]
  epoch 2/3:  42%|████▏     | 37/88 [00:11<00:15,  3.39it/s, loss=0.434]
  epoch 2/3:  43%|████▎     | 38/88 [00:11<00:14,  3.39it/s, loss=0.434]
  epoch 2/3:  43%|████▎     | 38/88 [00:11<00:14,  3.39it/s, loss=0.432]
  epoch 2/3:  44%|████▍     | 39/88 [00:11<00:14,  3.40it/s, loss=0.432]
  epoch 2/3:  44%|████▍     | 39/88 [00:11<00:14,  3.40it/s, loss=0.428]
  epoch 2/3:  45%|████▌     | 40/88 [00:11<00:14,  3.36it/s, loss=0.428]
  epoch 2/3:  45%|████▌     | 40/88 [00:12<00:14,  3.36it/s, loss=0.425]
  epoch 2/3:  47%|████▋     | 41/88 [00:12<00:13,  3.43it/s, loss=0.425]
  epoch 2/3:  47%|████▋     | 41/88 [00:12<00:13,  3.43it/s, loss=0.422]
  epoch 2/3:  48%|████▊     | 42/88 [00:12<00:13,  3.42it/s, loss=0.422]
  epoch 2/3:  48%|████▊     | 42/88 [00:12<00:13,  3.42it/s, loss=0.419]
  epoch 2/3:  49%|████▉     | 43/88 [00:12<00:13,  3.40it/s, loss=0.419]
  epoch 2/3:  49%|████▉     | 43/88 [00:13<00:13,  3.40it/s, loss=0.417]
  epoch 2/3:  50%|█████     | 44/88 [00:13<00:12,  3.39it/s, loss=0.417]
  epoch 2/3:  50%|█████     | 44/88 [00:13<00:12,  3.39it/s, loss=0.413]
  epoch 2/3:  51%|█████     | 45/88 [00:13<00:12,  3.39it/s, loss=0.413]
  epoch 2/3:  51%|█████     | 45/88 [00:13<00:12,  3.39it/s, loss=0.411]
  epoch 2/3:  52%|█████▏    | 46/88 [00:13<00:12,  3.38it/s, loss=0.411]
  epoch 2/3:  52%|█████▏    | 46/88 [00:13<00:12,  3.38it/s, loss=0.407]
  epoch 2/3:  53%|█████▎    | 47/88 [00:13<00:12,  3.38it/s, loss=0.407]
  epoch 2/3:  53%|█████▎    | 47/88 [00:14<00:12,  3.38it/s, loss=0.405]
  epoch 2/3:  55%|█████▍    | 48/88 [00:14<00:11,  3.38it/s, loss=0.405]
  epoch 2/3:  55%|█████▍    | 48/88 [00:14<00:11,  3.38it/s, loss=0.401]
  epoch 2/3:  56%|█████▌    | 49/88 [00:14<00:11,  3.38it/s, loss=0.401]
  epoch 2/3:  56%|█████▌    | 49/88 [00:14<00:11,  3.38it/s, loss=0.401]
  epoch 2/3:  57%|█████▋    | 50/88 [00:14<00:11,  3.39it/s, loss=0.401]
  epoch 2/3:  57%|█████▋    | 50/88 [00:15<00:11,  3.39it/s, loss=0.399]
  epoch 2/3:  58%|█████▊    | 51/88 [00:15<00:10,  3.40it/s, loss=0.399]
  epoch 2/3:  58%|█████▊    | 51/88 [00:15<00:10,  3.40it/s, loss=0.395]
  epoch 2/3:  59%|█████▉    | 52/88 [00:15<00:10,  3.39it/s, loss=0.395]
  epoch 2/3:  59%|█████▉    | 52/88 [00:15<00:10,  3.39it/s, loss=0.393]
  epoch 2/3:  60%|██████    | 53/88 [00:15<00:10,  3.39it/s, loss=0.393]
  epoch 2/3:  60%|██████    | 53/88 [00:16<00:10,  3.39it/s, loss=0.392]
  epoch 2/3:  61%|██████▏   | 54/88 [00:16<00:10,  3.40it/s, loss=0.392]
  epoch 2/3:  61%|██████▏   | 54/88 [00:16<00:10,  3.40it/s, loss=0.389]
  epoch 2/3:  62%|██████▎   | 55/88 [00:16<00:09,  3.40it/s, loss=0.389]
  epoch 2/3:  62%|██████▎   | 55/88 [00:16<00:09,  3.40it/s, loss=0.389]
  epoch 2/3:  64%|██████▎   | 56/88 [00:16<00:09,  3.35it/s, loss=0.389]
  epoch 2/3:  64%|██████▎   | 56/88 [00:16<00:09,  3.35it/s, loss=0.389]
  epoch 2/3:  65%|██████▍   | 57/88 [00:16<00:09,  3.37it/s, loss=0.389]
  epoch 2/3:  65%|██████▍   | 57/88 [00:17<00:09,  3.37it/s, loss=0.386]
  epoch 2/3:  66%|██████▌   | 58/88 [00:17<00:08,  3.38it/s, loss=0.386]
  epoch 2/3:  66%|██████▌   | 58/88 [00:17<00:08,  3.38it/s, loss=0.385]
  epoch 2/3:  67%|██████▋   | 59/88 [00:17<00:08,  3.39it/s, loss=0.385]
  epoch 2/3:  67%|██████▋   | 59/88 [00:17<00:08,  3.39it/s, loss=0.383]
  epoch 2/3:  68%|██████▊   | 60/88 [00:17<00:08,  3.41it/s, loss=0.383]
  epoch 2/3:  68%|██████▊   | 60/88 [00:18<00:08,  3.41it/s, loss=0.381]
  epoch 2/3:  69%|██████▉   | 61/88 [00:18<00:07,  3.41it/s, loss=0.381]
  epoch 2/3:  69%|██████▉   | 61/88 [00:18<00:07,  3.41it/s, loss=0.379]
  epoch 2/3:  70%|███████   | 62/88 [00:18<00:07,  3.42it/s, loss=0.379]
  epoch 2/3:  70%|███████   | 62/88 [00:18<00:07,  3.42it/s, loss=0.378]
  epoch 2/3:  72%|███████▏  | 63/88 [00:18<00:07,  3.42it/s, loss=0.378]
  epoch 2/3:  72%|███████▏  | 63/88 [00:18<00:07,  3.42it/s, loss=0.375]
  epoch 2/3:  73%|███████▎  | 64/88 [00:18<00:06,  3.43it/s, loss=0.375]
  epoch 2/3:  73%|███████▎  | 64/88 [00:19<00:06,  3.43it/s, loss=0.374]
  epoch 2/3:  74%|███████▍  | 65/88 [00:19<00:06,  3.43it/s, loss=0.374]
  epoch 2/3:  74%|███████▍  | 65/88 [00:19<00:06,  3.43it/s, loss=0.373]
  epoch 2/3:  75%|███████▌  | 66/88 [00:19<00:06,  3.44it/s, loss=0.373]
  epoch 2/3:  75%|███████▌  | 66/88 [00:19<00:06,  3.44it/s, loss=0.371]
  epoch 2/3:  76%|███████▌  | 67/88 [00:19<00:06,  3.45it/s, loss=0.371]
  epoch 2/3:  76%|███████▌  | 67/88 [00:20<00:06,  3.45it/s, loss=0.369]
  epoch 2/3:  77%|███████▋  | 68/88 [00:20<00:05,  3.45it/s, loss=0.369]
  epoch 2/3:  77%|███████▋  | 68/88 [00:20<00:05,  3.45it/s, loss=0.366]
  epoch 2/3:  78%|███████▊  | 69/88 [00:20<00:05,  3.47it/s, loss=0.366]
  epoch 2/3:  78%|███████▊  | 69/88 [00:20<00:05,  3.47it/s, loss=0.363]
  epoch 2/3:  80%|███████▉  | 70/88 [00:20<00:05,  3.47it/s, loss=0.363]
  epoch 2/3:  80%|███████▉  | 70/88 [00:20<00:05,  3.47it/s, loss=0.361]
  epoch 2/3:  81%|████████  | 71/88 [00:20<00:04,  3.47it/s, loss=0.361]
  epoch 2/3:  81%|████████  | 71/88 [00:21<00:04,  3.47it/s, loss=0.359]
  epoch 2/3:  82%|████████▏ | 72/88 [00:21<00:04,  3.43it/s, loss=0.359]
  epoch 2/3:  82%|████████▏ | 72/88 [00:21<00:04,  3.43it/s, loss=0.357]
  epoch 2/3:  83%|████████▎ | 73/88 [00:21<00:04,  3.46it/s, loss=0.357]
  epoch 2/3:  83%|████████▎ | 73/88 [00:21<00:04,  3.46it/s, loss=0.354]
  epoch 2/3:  84%|████████▍ | 74/88 [00:21<00:04,  3.47it/s, loss=0.354]
  epoch 2/3:  84%|████████▍ | 74/88 [00:22<00:04,  3.47it/s, loss=0.352]
  epoch 2/3:  85%|████████▌ | 75/88 [00:22<00:03,  3.48it/s, loss=0.352]
  epoch 2/3:  85%|████████▌ | 75/88 [00:22<00:03,  3.48it/s, loss=0.350]
  epoch 2/3:  86%|████████▋ | 76/88 [00:22<00:03,  3.49it/s, loss=0.350]
  epoch 2/3:  86%|████████▋ | 76/88 [00:22<00:03,  3.49it/s, loss=0.348]
  epoch 2/3:  88%|████████▊ | 77/88 [00:22<00:03,  3.49it/s, loss=0.348]
  epoch 2/3:  88%|████████▊ | 77/88 [00:22<00:03,  3.49it/s, loss=0.347]
  epoch 2/3:  89%|████████▊ | 78/88 [00:22<00:02,  3.50it/s, loss=0.347]
  epoch 2/3:  89%|████████▊ | 78/88 [00:23<00:02,  3.50it/s, loss=0.346]
  epoch 2/3:  90%|████████▉ | 79/88 [00:23<00:02,  3.51it/s, loss=0.346]
  epoch 2/3:  90%|████████▉ | 79/88 [00:23<00:02,  3.51it/s, loss=0.344]
  epoch 2/3:  91%|█████████ | 80/88 [00:23<00:02,  3.52it/s, loss=0.344]
  epoch 2/3:  91%|█████████ | 80/88 [00:23<00:02,  3.52it/s, loss=0.342]
  epoch 2/3:  92%|█████████▏| 81/88 [00:23<00:01,  3.53it/s, loss=0.342]
  epoch 2/3:  92%|█████████▏| 81/88 [00:24<00:01,  3.53it/s, loss=0.341]
  epoch 2/3:  93%|█████████▎| 82/88 [00:24<00:01,  3.54it/s, loss=0.341]
  epoch 2/3:  93%|█████████▎| 82/88 [00:24<00:01,  3.54it/s, loss=0.338]
  epoch 2/3:  94%|█████████▍| 83/88 [00:24<00:01,  3.54it/s, loss=0.338]
  epoch 2/3:  94%|█████████▍| 83/88 [00:24<00:01,  3.54it/s, loss=0.337]
  epoch 2/3:  95%|█████████▌| 84/88 [00:24<00:01,  3.52it/s, loss=0.337]
  epoch 2/3:  95%|█████████▌| 84/88 [00:24<00:01,  3.52it/s, loss=0.335]
  epoch 2/3:  97%|█████████▋| 85/88 [00:24<00:00,  3.53it/s, loss=0.335]
  epoch 2/3:  97%|█████████▋| 85/88 [00:25<00:00,  3.53it/s, loss=0.333]
  epoch 2/3:  98%|█████████▊| 86/88 [00:25<00:00,  3.53it/s, loss=0.333]
  epoch 2/3:  98%|█████████▊| 86/88 [00:25<00:00,  3.53it/s, loss=0.331]
  epoch 2/3:  99%|█████████▉| 87/88 [00:25<00:00,  3.52it/s, loss=0.331]
  epoch 2/3:  99%|█████████▉| 87/88 [00:25<00:00,  3.52it/s, loss=0.330]
  epoch 2/3: 100%|██████████| 88/88 [00:25<00:00,  3.80it/s, loss=0.330]
                                                                        

  epoch 3/3:   0%|          | 0/88 [00:00<?, ?it/s]
  epoch 3/3:   0%|          | 0/88 [00:00<?, ?it/s, loss=0.153]
  epoch 3/3:   1%|          | 1/88 [00:00<00:45,  1.92it/s, loss=0.153]
  epoch 3/3:   1%|          | 1/88 [00:00<00:45,  1.92it/s, loss=0.173]
  epoch 3/3:   2%|▏         | 2/88 [00:00<00:32,  2.62it/s, loss=0.173]
  epoch 3/3:   2%|▏         | 2/88 [00:01<00:32,  2.62it/s, loss=0.150]
  epoch 3/3:   3%|▎         | 3/88 [00:01<00:28,  2.97it/s, loss=0.150]
  epoch 3/3:   3%|▎         | 3/88 [00:01<00:28,  2.97it/s, loss=0.158]
  epoch 3/3:   5%|▍         | 4/88 [00:01<00:26,  3.17it/s, loss=0.158]
  epoch 3/3:   5%|▍         | 4/88 [00:01<00:26,  3.17it/s, loss=0.161]
  epoch 3/3:   6%|▌         | 5/88 [00:01<00:25,  3.29it/s, loss=0.161]
  epoch 3/3:   6%|▌         | 5/88 [00:01<00:25,  3.29it/s, loss=0.161]
  epoch 3/3:   7%|▋         | 6/88 [00:01<00:24,  3.37it/s, loss=0.161]
  epoch 3/3:   7%|▋         | 6/88 [00:02<00:24,  3.37it/s, loss=0.161]
  epoch 3/3:   8%|▊         | 7/88 [00:02<00:23,  3.43it/s, loss=0.161]
  epoch 3/3:   8%|▊         | 7/88 [00:02<00:23,  3.43it/s, loss=0.158]
  epoch 3/3:   9%|▉         | 8/88 [00:02<00:22,  3.49it/s, loss=0.158]
  epoch 3/3:   9%|▉         | 8/88 [00:02<00:22,  3.49it/s, loss=0.158]
  epoch 3/3:  10%|█         | 9/88 [00:02<00:22,  3.49it/s, loss=0.158]
  epoch 3/3:  10%|█         | 9/88 [00:03<00:22,  3.49it/s, loss=0.158]
  epoch 3/3:  11%|█▏        | 10/88 [00:03<00:22,  3.51it/s, loss=0.158]
  epoch 3/3:  11%|█▏        | 10/88 [00:03<00:22,  3.51it/s, loss=0.160]
  epoch 3/3:  12%|█▎        | 11/88 [00:03<00:21,  3.51it/s, loss=0.160]
  epoch 3/3:  12%|█▎        | 11/88 [00:03<00:21,  3.51it/s, loss=0.160]
  epoch 3/3:  14%|█▎        | 12/88 [00:03<00:21,  3.51it/s, loss=0.160]
  epoch 3/3:  14%|█▎        | 12/88 [00:03<00:21,  3.51it/s, loss=0.168]
  epoch 3/3:  15%|█▍        | 13/88 [00:03<00:21,  3.52it/s, loss=0.168]
  epoch 3/3:  15%|█▍        | 13/88 [00:04<00:21,  3.52it/s, loss=0.165]
  epoch 3/3:  16%|█▌        | 14/88 [00:04<00:20,  3.52it/s, loss=0.165]
  epoch 3/3:  16%|█▌        | 14/88 [00:04<00:20,  3.52it/s, loss=0.164]
  epoch 3/3:  17%|█▋        | 15/88 [00:04<00:20,  3.52it/s, loss=0.164]
  epoch 3/3:  17%|█▋        | 15/88 [00:04<00:20,  3.52it/s, loss=0.164]
  epoch 3/3:  18%|█▊        | 16/88 [00:04<00:20,  3.47it/s, loss=0.164]
  epoch 3/3:  18%|█▊        | 16/88 [00:05<00:20,  3.47it/s, loss=0.170]
  epoch 3/3:  19%|█▉        | 17/88 [00:05<00:20,  3.51it/s, loss=0.170]
  epoch 3/3:  19%|█▉        | 17/88 [00:05<00:20,  3.51it/s, loss=0.170]
  epoch 3/3:  20%|██        | 18/88 [00:05<00:19,  3.55it/s, loss=0.170]
  epoch 3/3:  20%|██        | 18/88 [00:05<00:19,  3.55it/s, loss=0.174]
  epoch 3/3:  22%|██▏       | 19/88 [00:05<00:19,  3.55it/s, loss=0.174]
  epoch 3/3:  22%|██▏       | 19/88 [00:05<00:19,  3.55it/s, loss=0.172]
  epoch 3/3:  23%|██▎       | 20/88 [00:05<00:19,  3.54it/s, loss=0.172]
  epoch 3/3:  23%|██▎       | 20/88 [00:06<00:19,  3.54it/s, loss=0.171]
  epoch 3/3:  24%|██▍       | 21/88 [00:06<00:18,  3.54it/s, loss=0.171]
  epoch 3/3:  24%|██▍       | 21/88 [00:06<00:18,  3.54it/s, loss=0.168]
  epoch 3/3:  25%|██▌       | 22/88 [00:06<00:18,  3.54it/s, loss=0.168]
  epoch 3/3:  25%|██▌       | 22/88 [00:06<00:18,  3.54it/s, loss=0.168]
  epoch 3/3:  26%|██▌       | 23/88 [00:06<00:18,  3.55it/s, loss=0.168]
  epoch 3/3:  26%|██▌       | 23/88 [00:07<00:18,  3.55it/s, loss=0.165]
  epoch 3/3:  27%|██▋       | 24/88 [00:07<00:17,  3.56it/s, loss=0.165]
  epoch 3/3:  27%|██▋       | 24/88 [00:07<00:17,  3.56it/s, loss=0.164]
  epoch 3/3:  28%|██▊       | 25/88 [00:07<00:17,  3.58it/s, loss=0.164]
  epoch 3/3:  28%|██▊       | 25/88 [00:07<00:17,  3.58it/s, loss=0.165]
  epoch 3/3:  30%|██▉       | 26/88 [00:07<00:17,  3.57it/s, loss=0.165]
  epoch 3/3:  30%|██▉       | 26/88 [00:07<00:17,  3.57it/s, loss=0.163]
  epoch 3/3:  31%|███       | 27/88 [00:07<00:17,  3.58it/s, loss=0.163]
  epoch 3/3:  31%|███       | 27/88 [00:08<00:17,  3.58it/s, loss=0.161]
  epoch 3/3:  32%|███▏      | 28/88 [00:08<00:16,  3.61it/s, loss=0.161]
  epoch 3/3:  32%|███▏      | 28/88 [00:08<00:16,  3.61it/s, loss=0.159]
  epoch 3/3:  33%|███▎      | 29/88 [00:08<00:16,  3.59it/s, loss=0.159]
  epoch 3/3:  33%|███▎      | 29/88 [00:08<00:16,  3.59it/s, loss=0.159]
  epoch 3/3:  34%|███▍      | 30/88 [00:08<00:16,  3.59it/s, loss=0.159]
  epoch 3/3:  34%|███▍      | 30/88 [00:08<00:16,  3.59it/s, loss=0.157]
  epoch 3/3:  35%|███▌      | 31/88 [00:08<00:15,  3.58it/s, loss=0.157]
  epoch 3/3:  35%|███▌      | 31/88 [00:09<00:15,  3.58it/s, loss=0.157]
  epoch 3/3:  36%|███▋      | 32/88 [00:09<00:15,  3.56it/s, loss=0.157]
  epoch 3/3:  36%|███▋      | 32/88 [00:09<00:15,  3.56it/s, loss=0.155]
  epoch 3/3:  38%|███▊      | 33/88 [00:09<00:15,  3.59it/s, loss=0.155]
  epoch 3/3:  38%|███▊      | 33/88 [00:09<00:15,  3.59it/s, loss=0.154]
  epoch 3/3:  39%|███▊      | 34/88 [00:09<00:15,  3.58it/s, loss=0.154]
  epoch 3/3:  39%|███▊      | 34/88 [00:10<00:15,  3.58it/s, loss=0.151]
  epoch 3/3:  40%|███▉      | 35/88 [00:10<00:14,  3.59it/s, loss=0.151]
  epoch 3/3:  40%|███▉      | 35/88 [00:10<00:14,  3.59it/s, loss=0.149]
  epoch 3/3:  41%|████      | 36/88 [00:10<00:14,  3.60it/s, loss=0.149]
  epoch 3/3:  41%|████      | 36/88 [00:10<00:14,  3.60it/s, loss=0.149]
  epoch 3/3:  42%|████▏     | 37/88 [00:10<00:14,  3.60it/s, loss=0.149]
  epoch 3/3:  42%|████▏     | 37/88 [00:10<00:14,  3.60it/s, loss=0.149]
  epoch 3/3:  43%|████▎     | 38/88 [00:10<00:13,  3.61it/s, loss=0.149]
  epoch 3/3:  43%|████▎     | 38/88 [00:11<00:13,  3.61it/s, loss=0.151]
  epoch 3/3:  44%|████▍     | 39/88 [00:11<00:13,  3.62it/s, loss=0.151]
  epoch 3/3:  44%|████▍     | 39/88 [00:11<00:13,  3.62it/s, loss=0.151]
  epoch 3/3:  45%|████▌     | 40/88 [00:11<00:13,  3.62it/s, loss=0.151]
  epoch 3/3:  45%|████▌     | 40/88 [00:11<00:13,  3.62it/s, loss=0.150]
  epoch 3/3:  47%|████▋     | 41/88 [00:11<00:12,  3.64it/s, loss=0.150]
  epoch 3/3:  47%|████▋     | 41/88 [00:12<00:12,  3.64it/s, loss=0.151]
  epoch 3/3:  48%|████▊     | 42/88 [00:12<00:12,  3.61it/s, loss=0.151]
  epoch 3/3:  48%|████▊     | 42/88 [00:12<00:12,  3.61it/s, loss=0.150]
  epoch 3/3:  49%|████▉     | 43/88 [00:12<00:12,  3.61it/s, loss=0.150]
  epoch 3/3:  49%|████▉     | 43/88 [00:12<00:12,  3.61it/s, loss=0.148]
  epoch 3/3:  50%|█████     | 44/88 [00:12<00:12,  3.63it/s, loss=0.148]
  epoch 3/3:  50%|█████     | 44/88 [00:12<00:12,  3.63it/s, loss=0.148]
  epoch 3/3:  51%|█████     | 45/88 [00:12<00:11,  3.63it/s, loss=0.148]
  epoch 3/3:  51%|█████     | 45/88 [00:13<00:11,  3.63it/s, loss=0.147]
  epoch 3/3:  52%|█████▏    | 46/88 [00:13<00:11,  3.62it/s, loss=0.147]
  epoch 3/3:  52%|█████▏    | 46/88 [00:13<00:11,  3.62it/s, loss=0.147]
  epoch 3/3:  53%|█████▎    | 47/88 [00:13<00:11,  3.62it/s, loss=0.147]
  epoch 3/3:  53%|█████▎    | 47/88 [00:13<00:11,  3.62it/s, loss=0.147]
  epoch 3/3:  55%|█████▍    | 48/88 [00:13<00:11,  3.58it/s, loss=0.147]
  epoch 3/3:  55%|█████▍    | 48/88 [00:13<00:11,  3.58it/s, loss=0.147]
  epoch 3/3:  56%|█████▌    | 49/88 [00:13<00:10,  3.60it/s, loss=0.147]
  epoch 3/3:  56%|█████▌    | 49/88 [00:14<00:10,  3.60it/s, loss=0.147]
  epoch 3/3:  57%|█████▋    | 50/88 [00:14<00:10,  3.61it/s, loss=0.147]
  epoch 3/3:  57%|█████▋    | 50/88 [00:14<00:10,  3.61it/s, loss=0.146]
  epoch 3/3:  58%|█████▊    | 51/88 [00:14<00:10,  3.61it/s, loss=0.146]
  epoch 3/3:  58%|█████▊    | 51/88 [00:14<00:10,  3.61it/s, loss=0.146]
  epoch 3/3:  59%|█████▉    | 52/88 [00:14<00:09,  3.62it/s, loss=0.146]
  epoch 3/3:  59%|█████▉    | 52/88 [00:15<00:09,  3.62it/s, loss=0.145]
  epoch 3/3:  60%|██████    | 53/88 [00:15<00:09,  3.64it/s, loss=0.145]
  epoch 3/3:  60%|██████    | 53/88 [00:15<00:09,  3.64it/s, loss=0.145]
  epoch 3/3:  61%|██████▏   | 54/88 [00:15<00:09,  3.64it/s, loss=0.145]
  epoch 3/3:  61%|██████▏   | 54/88 [00:15<00:09,  3.64it/s, loss=0.145]
  epoch 3/3:  62%|██████▎   | 55/88 [00:15<00:08,  3.71it/s, loss=0.145]
  epoch 3/3:  62%|██████▎   | 55/88 [00:15<00:08,  3.71it/s, loss=0.144]
  epoch 3/3:  64%|██████▎   | 56/88 [00:15<00:08,  3.69it/s, loss=0.144]
  epoch 3/3:  64%|██████▎   | 56/88 [00:16<00:08,  3.69it/s, loss=0.143]
  epoch 3/3:  65%|██████▍   | 57/88 [00:16<00:08,  3.69it/s, loss=0.143]
  epoch 3/3:  65%|██████▍   | 57/88 [00:16<00:08,  3.69it/s, loss=0.142]
  epoch 3/3:  66%|██████▌   | 58/88 [00:16<00:08,  3.68it/s, loss=0.142]
  epoch 3/3:  66%|██████▌   | 58/88 [00:16<00:08,  3.68it/s, loss=0.141]
  epoch 3/3:  67%|██████▋   | 59/88 [00:16<00:07,  3.68it/s, loss=0.141]
  epoch 3/3:  67%|██████▋   | 59/88 [00:16<00:07,  3.68it/s, loss=0.141]
  epoch 3/3:  68%|██████▊   | 60/88 [00:16<00:07,  3.67it/s, loss=0.141]
  epoch 3/3:  68%|██████▊   | 60/88 [00:17<00:07,  3.67it/s, loss=0.141]
  epoch 3/3:  69%|██████▉   | 61/88 [00:17<00:07,  3.67it/s, loss=0.141]
  epoch 3/3:  69%|██████▉   | 61/88 [00:17<00:07,  3.67it/s, loss=0.140]
  epoch 3/3:  70%|███████   | 62/88 [00:17<00:07,  3.66it/s, loss=0.140]
  epoch 3/3:  70%|███████   | 62/88 [00:17<00:07,  3.66it/s, loss=0.141]
  epoch 3/3:  72%|███████▏  | 63/88 [00:17<00:06,  3.65it/s, loss=0.141]
  epoch 3/3:  72%|███████▏  | 63/88 [00:18<00:06,  3.65it/s, loss=0.140]
  epoch 3/3:  73%|███████▎  | 64/88 [00:18<00:06,  3.61it/s, loss=0.140]
  epoch 3/3:  73%|███████▎  | 64/88 [00:18<00:06,  3.61it/s, loss=0.140]
  epoch 3/3:  74%|███████▍  | 65/88 [00:18<00:06,  3.61it/s, loss=0.140]
  epoch 3/3:  74%|███████▍  | 65/88 [00:18<00:06,  3.61it/s, loss=0.140]
  epoch 3/3:  75%|███████▌  | 66/88 [00:18<00:06,  3.65it/s, loss=0.140]
  epoch 3/3:  75%|███████▌  | 66/88 [00:18<00:06,  3.65it/s, loss=0.139]
  epoch 3/3:  76%|███████▌  | 67/88 [00:18<00:05,  3.65it/s, loss=0.139]
  epoch 3/3:  76%|███████▌  | 67/88 [00:19<00:05,  3.65it/s, loss=0.139]
  epoch 3/3:  77%|███████▋  | 68/88 [00:19<00:05,  3.66it/s, loss=0.139]
  epoch 3/3:  77%|███████▋  | 68/88 [00:19<00:05,  3.66it/s, loss=0.137]
  epoch 3/3:  78%|███████▊  | 69/88 [00:19<00:05,  3.67it/s, loss=0.137]
  epoch 3/3:  78%|███████▊  | 69/88 [00:19<00:05,  3.67it/s, loss=0.137]
  epoch 3/3:  80%|███████▉  | 70/88 [00:19<00:04,  3.65it/s, loss=0.137]
  epoch 3/3:  80%|███████▉  | 70/88 [00:19<00:04,  3.65it/s, loss=0.137]
  epoch 3/3:  81%|████████  | 71/88 [00:19<00:04,  3.66it/s, loss=0.137]
  epoch 3/3:  81%|████████  | 71/88 [00:20<00:04,  3.66it/s, loss=0.136]
  epoch 3/3:  82%|████████▏ | 72/88 [00:20<00:04,  3.65it/s, loss=0.136]
  epoch 3/3:  82%|████████▏ | 72/88 [00:20<00:04,  3.65it/s, loss=0.135]
  epoch 3/3:  83%|████████▎ | 73/88 [00:20<00:04,  3.65it/s, loss=0.135]
  epoch 3/3:  83%|████████▎ | 73/88 [00:20<00:04,  3.65it/s, loss=0.134]
  epoch 3/3:  84%|████████▍ | 74/88 [00:20<00:03,  3.66it/s, loss=0.134]
  epoch 3/3:  84%|████████▍ | 74/88 [00:21<00:03,  3.66it/s, loss=0.133]
  epoch 3/3:  85%|████████▌ | 75/88 [00:21<00:03,  3.66it/s, loss=0.133]
  epoch 3/3:  85%|████████▌ | 75/88 [00:21<00:03,  3.66it/s, loss=0.132]
  epoch 3/3:  86%|████████▋ | 76/88 [00:21<00:03,  3.67it/s, loss=0.132]
  epoch 3/3:  86%|████████▋ | 76/88 [00:21<00:03,  3.67it/s, loss=0.132]
  epoch 3/3:  88%|████████▊ | 77/88 [00:21<00:02,  3.69it/s, loss=0.132]
  epoch 3/3:  88%|████████▊ | 77/88 [00:21<00:02,  3.69it/s, loss=0.131]
  epoch 3/3:  89%|████████▊ | 78/88 [00:21<00:02,  3.68it/s, loss=0.131]
  epoch 3/3:  89%|████████▊ | 78/88 [00:22<00:02,  3.68it/s, loss=0.130]
  epoch 3/3:  90%|████████▉ | 79/88 [00:22<00:02,  3.67it/s, loss=0.130]
  epoch 3/3:  90%|████████▉ | 79/88 [00:22<00:02,  3.67it/s, loss=0.129]
  epoch 3/3:  91%|█████████ | 80/88 [00:22<00:02,  3.63it/s, loss=0.129]
  epoch 3/3:  91%|█████████ | 80/88 [00:22<00:02,  3.63it/s, loss=0.128]
  epoch 3/3:  92%|█████████▏| 81/88 [00:22<00:01,  3.64it/s, loss=0.128]
  epoch 3/3:  92%|█████████▏| 81/88 [00:22<00:01,  3.64it/s, loss=0.128]
  epoch 3/3:  93%|█████████▎| 82/88 [00:22<00:01,  3.64it/s, loss=0.128]
  epoch 3/3:  93%|█████████▎| 82/88 [00:23<00:01,  3.64it/s, loss=0.127]
  epoch 3/3:  94%|█████████▍| 83/88 [00:23<00:01,  3.63it/s, loss=0.127]
  epoch 3/3:  94%|█████████▍| 83/88 [00:23<00:01,  3.63it/s, loss=0.127]
  epoch 3/3:  95%|█████████▌| 84/88 [00:23<00:01,  3.65it/s, loss=0.127]
  epoch 3/3:  95%|█████████▌| 84/88 [00:23<00:01,  3.65it/s, loss=0.126]
  epoch 3/3:  97%|█████████▋| 85/88 [00:23<00:00,  3.67it/s, loss=0.126]
  epoch 3/3:  97%|█████████▋| 85/88 [00:24<00:00,  3.67it/s, loss=0.125]
  epoch 3/3:  98%|█████████▊| 86/88 [00:24<00:00,  3.65it/s, loss=0.125]
  epoch 3/3:  98%|█████████▊| 86/88 [00:24<00:00,  3.65it/s, loss=0.125]
  epoch 3/3:  99%|█████████▉| 87/88 [00:24<00:00,  3.66it/s, loss=0.125]
  epoch 3/3:  99%|█████████▉| 87/88 [00:24<00:00,  3.66it/s, loss=0.124]
  epoch 3/3: 100%|██████████| 88/88 [00:24<00:00,  3.99it/s, loss=0.124]
                                                                        
[titans] reset=never | norm(state) sau task = 97.9702
[titans]   self-mod v:β=1.10 |W|=0.73
[titans]   eta_t(avg)=1.3613  alpha_t/forget-gate(avg)=0.9352
[task 0] test acc so far: 0.983
[task 0] NCM-blend gamma=0: 0.946
[task 0] NCM-blend gamma=1: 0.963
[checkpoint] đã lưu tiến độ sau task 0
[task 1] classes=[4, 15, 21, 26, 31] | train=2800

  epoch 1/3:   0%|          | 0/88 [00:00<?, ?it/s]
  epoch 1/3:   0%|          | 0/88 [00:00<?, ?it/s, loss=1.761]
  epoch 1/3:   1%|          | 1/88 [00:00<00:47,  1.82it/s, loss=1.761]
  epoch 1/3:   1%|          | 1/88 [00:00<00:47,  1.82it/s, loss=1.692]
  epoch 1/3:   2%|▏         | 2/88 [00:00<00:33,  2.57it/s, loss=1.692]
  epoch 1/3:   2%|▏         | 2/88 [00:01<00:33,  2.57it/s, loss=1.719]
  epoch 1/3:   3%|▎         | 3/88 [00:01<00:28,  2.96it/s, loss=1.719]
  epoch 1/3:   3%|▎         | 3/88 [00:01<00:28,  2.96it/s, loss=1.761]
  epoch 1/3:   5%|▍         | 4/88 [00:01<00:26,  3.17it/s, loss=1.761]
  epoch 1/3:   5%|▍         | 4/88 [00:01<00:26,  3.17it/s, loss=1.735]
  epoch 1/3:   6%|▌         | 5/88 [00:01<00:24,  3.33it/s, loss=1.735]
  epoch 1/3:   6%|▌         | 5/88 [00:01<00:24,  3.33it/s, loss=1.725]
  epoch 1/3:   7%|▋         | 6/88 [00:01<00:24,  3.41it/s, loss=1.725]
  epoch 1/3:   7%|▋         | 6/88 [00:02<00:24,  3.41it/s, loss=1.718]
  epoch 1/3:   8%|▊         | 7/88 [00:02<00:23,  3.47it/s, loss=1.718]
  epoch 1/3:   8%|▊         | 7/88 [00:02<00:23,  3.47it/s, loss=1.724]
  epoch 1/3:   9%|▉         | 8/88 [00:02<00:23,  3.47it/s, loss=1.724]
  epoch 1/3:   9%|▉         | 8/88 [00:02<00:23,  3.47it/s, loss=1.717]
  epoch 1/3:  10%|█         | 9/88 [00:02<00:22,  3.53it/s, loss=1.717]
  epoch 1/3:  10%|█         | 9/88 [00:03<00:22,  3.53it/s, loss=1.710]
  epoch 1/3:  11%|█▏        | 10/88 [00:03<00:21,  3.55it/s, loss=1.710]
  epoch 1/3:  11%|█▏        | 10/88 [00:03<00:21,  3.55it/s, loss=1.700]
  epoch 1/3:  12%|█▎        | 11/88 [00:03<00:21,  3.56it/s, loss=1.700]
  epoch 1/3:  12%|█▎        | 11/88 [00:03<00:21,  3.56it/s, loss=1.699]
  epoch 1/3:  14%|█▎        | 12/88 [00:03<00:21,  3.60it/s, loss=1.699]
  epoch 1/3:  14%|█▎        | 12/88 [00:03<00:21,  3.60it/s, loss=1.697]
  epoch 1/3:  15%|█▍        | 13/88 [00:03<00:20,  3.59it/s, loss=1.697]
  epoch 1/3:  15%|█▍        | 13/88 [00:04<00:20,  3.59it/s, loss=1.681]
  epoch 1/3:  16%|█▌        | 14/88 [00:04<00:20,  3.59it/s, loss=1.681]
  epoch 1/3:  16%|█▌        | 14/88 [00:04<00:20,  3.59it/s, loss=1.677]
  epoch 1/3:  17%|█▋        | 15/88 [00:04<00:20,  3.61it/s, loss=1.677]
  epoch 1/3:  17%|█▋        | 15/88 [00:04<00:20,  3.61it/s, loss=1.671]
  epoch 1/3:  18%|█▊        | 16/88 [00:04<00:19,  3.61it/s, loss=1.671]
  epoch 1/3:  18%|█▊        | 16/88 [00:04<00:19,  3.61it/s, loss=1.660]
  epoch 1/3:  19%|█▉        | 17/88 [00:04<00:19,  3.62it/s, loss=1.660]
  epoch 1/3:  19%|█▉        | 17/88 [00:05<00:19,  3.62it/s, loss=1.648]
  epoch 1/3:  20%|██        | 18/88 [00:05<00:19,  3.61it/s, loss=1.648]
  epoch 1/3:  20%|██        | 18/88 [00:05<00:19,  3.61it/s, loss=1.639]
  epoch 1/3:  22%|██▏       | 19/88 [00:05<00:19,  3.60it/s, loss=1.639]
  epoch 1/3:  22%|██▏       | 19/88 [00:05<00:19,  3.60it/s, loss=1.626]
  epoch 1/3:  23%|██▎       | 20/88 [00:05<00:18,  3.61it/s, loss=1.626]
  epoch 1/3:  23%|██▎       | 20/88 [00:06<00:18,  3.61it/s, loss=1.619]
  epoch 1/3:  24%|██▍       | 21/88 [00:06<00:18,  3.61it/s, loss=1.619]
  epoch 1/3:  24%|██▍       | 21/88 [00:06<00:18,  3.61it/s, loss=1.614]
  epoch 1/3:  25%|██▌       | 22/88 [00:06<00:18,  3.61it/s, loss=1.614]
  epoch 1/3:  25%|██▌       | 22/88 [00:06<00:18,  3.61it/s, loss=1.600]
  epoch 1/3:  26%|██▌       | 23/88 [00:06<00:17,  3.62it/s, loss=1.600]
  epoch 1/3:  26%|██▌       | 23/88 [00:06<00:17,  3.62it/s, loss=1.594]
  epoch 1/3:  27%|██▋       | 24/88 [00:06<00:17,  3.57it/s, loss=1.594]
  epoch 1/3:  27%|██▋       | 24/88 [00:07<00:17,  3.57it/s, loss=1.586]
  epoch 1/3:  28%|██▊       | 25/88 [00:07<00:17,  3.59it/s, loss=1.586]
  epoch 1/3:  28%|██▊       | 25/88 [00:07<00:17,  3.59it/s, loss=1.578]
  epoch 1/3:  30%|██▉       | 26/88 [00:07<00:17,  3.60it/s, loss=1.578]
  epoch 1/3:  30%|██▉       | 26/88 [00:07<00:17,  3.60it/s, loss=1.567]
  epoch 1/3:  31%|███       | 27/88 [00:07<00:16,  3.62it/s, loss=1.567]
  epoch 1/3:  31%|███       | 27/88 [00:08<00:16,  3.62it/s, loss=1.562]
  epoch 1/3:  32%|███▏      | 28/88 [00:08<00:16,  3.62it/s, loss=1.562]
  epoch 1/3:  32%|███▏      | 28/88 [00:08<00:16,  3.62it/s, loss=1.552]
  epoch 1/3:  33%|███▎      | 29/88 [00:08<00:16,  3.62it/s, loss=1.552]
  epoch 1/3:  33%|███▎      | 29/88 [00:08<00:16,  3.62it/s, loss=1.548]
  epoch 1/3:  34%|███▍      | 30/88 [00:08<00:16,  3.62it/s, loss=1.548]
  epoch 1/3:  34%|███▍      | 30/88 [00:08<00:16,  3.62it/s, loss=1.541]
  epoch 1/3:  35%|███▌      | 31/88 [00:08<00:15,  3.61it/s, loss=1.541]
  epoch 1/3:  35%|███▌      | 31/88 [00:09<00:15,  3.61it/s, loss=1.531]
  epoch 1/3:  36%|███▋      | 32/88 [00:09<00:15,  3.62it/s, loss=1.531]
  epoch 1/3:  36%|███▋      | 32/88 [00:09<00:15,  3.62it/s, loss=1.525]
  epoch 1/3:  38%|███▊      | 33/88 [00:09<00:15,  3.61it/s, loss=1.525]
  epoch 1/3:  38%|███▊      | 33/88 [00:09<00:15,  3.61it/s, loss=1.515]
  epoch 1/3:  39%|███▊      | 34/88 [00:09<00:14,  3.61it/s, loss=1.515]
  epoch 1/3:  39%|███▊      | 34/88 [00:09<00:14,  3.61it/s, loss=1.505]
  epoch 1/3:  40%|███▉      | 35/88 [00:09<00:14,  3.63it/s, loss=1.505]
  epoch 1/3:  40%|███▉      | 35/88 [00:10<00:14,  3.63it/s, loss=1.498]
  epoch 1/3:  41%|████      | 36/88 [00:10<00:14,  3.61it/s, loss=1.498]
  epoch 1/3:  41%|████      | 36/88 [00:10<00:14,  3.61it/s, loss=1.493]
  epoch 1/3:  42%|████▏     | 37/88 [00:10<00:14,  3.61it/s, loss=1.493]
  epoch 1/3:  42%|████▏     | 37/88 [00:10<00:14,  3.61it/s, loss=1.488]
  epoch 1/3:  43%|████▎     | 38/88 [00:10<00:13,  3.62it/s, loss=1.488]
  epoch 1/3:  43%|████▎     | 38/88 [00:11<00:13,  3.62it/s, loss=1.483]
  epoch 1/3:  44%|████▍     | 39/88 [00:11<00:13,  3.60it/s, loss=1.483]
  epoch 1/3:  44%|████▍     | 39/88 [00:11<00:13,  3.60it/s, loss=1.476]
  epoch 1/3:  45%|████▌     | 40/88 [00:11<00:13,  3.56it/s, loss=1.476]
  epoch 1/3:  45%|████▌     | 40/88 [00:11<00:13,  3.56it/s, loss=1.469]
  epoch 1/3:  47%|████▋     | 41/88 [00:11<00:13,  3.59it/s, loss=1.469]
  epoch 1/3:  47%|████▋     | 41/88 [00:11<00:13,  3.59it/s, loss=1.464]
  epoch 1/3:  48%|████▊     | 42/88 [00:11<00:12,  3.60it/s, loss=1.464]
  epoch 1/3:  48%|████▊     | 42/88 [00:12<00:12,  3.60it/s, loss=1.456]
  epoch 1/3:  49%|████▉     | 43/88 [00:12<00:12,  3.61it/s, loss=1.456]
  epoch 1/3:  49%|████▉     | 43/88 [00:12<00:12,  3.61it/s, loss=1.451]
  epoch 1/3:  50%|█████     | 44/88 [00:12<00:12,  3.60it/s, loss=1.451]
  epoch 1/3:  50%|█████     | 44/88 [00:12<00:12,  3.60it/s, loss=1.447]
  epoch 1/3:  51%|█████     | 45/88 [00:12<00:11,  3.60it/s, loss=1.447]
  epoch 1/3:  51%|█████     | 45/88 [00:13<00:11,  3.60it/s, loss=1.439]
  epoch 1/3:  52%|█████▏    | 46/88 [00:13<00:11,  3.60it/s, loss=1.439]
  epoch 1/3:  52%|█████▏    | 46/88 [00:13<00:11,  3.60it/s, loss=1.433]
  epoch 1/3:  53%|█████▎    | 47/88 [00:13<00:11,  3.59it/s, loss=1.433]
  epoch 1/3:  53%|█████▎    | 47/88 [00:13<00:11,  3.59it/s, loss=1.426]
  epoch 1/3:  55%|█████▍    | 48/88 [00:13<00:11,  3.60it/s, loss=1.426]
  epoch 1/3:  55%|█████▍    | 48/88 [00:13<00:11,  3.60it/s, loss=1.419]
  epoch 1/3:  56%|█████▌    | 49/88 [00:13<00:10,  3.61it/s, loss=1.419]
  epoch 1/3:  56%|█████▌    | 49/88 [00:14<00:10,  3.61it/s, loss=1.414]
  epoch 1/3:  57%|█████▋    | 50/88 [00:14<00:10,  3.59it/s, loss=1.414]
  epoch 1/3:  57%|█████▋    | 50/88 [00:14<00:10,  3.59it/s, loss=1.408]
  epoch 1/3:  58%|█████▊    | 51/88 [00:14<00:10,  3.59it/s, loss=1.408]
  epoch 1/3:  58%|█████▊    | 51/88 [00:14<00:10,  3.59it/s, loss=1.402]
  epoch 1/3:  59%|█████▉    | 52/88 [00:14<00:10,  3.59it/s, loss=1.402]
  epoch 1/3:  59%|█████▉    | 52/88 [00:14<00:10,  3.59it/s, loss=1.394]
  epoch 1/3:  60%|██████    | 53/88 [00:14<00:09,  3.60it/s, loss=1.394]
  epoch 1/3:  60%|██████    | 53/88 [00:15<00:09,  3.60it/s, loss=1.388]
  epoch 1/3:  61%|██████▏   | 54/88 [00:15<00:09,  3.59it/s, loss=1.388]
  epoch 1/3:  61%|██████▏   | 54/88 [00:15<00:09,  3.59it/s, loss=1.382]
  epoch 1/3:  62%|██████▎   | 55/88 [00:15<00:09,  3.60it/s, loss=1.382]
  epoch 1/3:  62%|██████▎   | 55/88 [00:15<00:09,  3.60it/s, loss=1.377]
  epoch 1/3:  64%|██████▎   | 56/88 [00:15<00:08,  3.56it/s, loss=1.377]
  epoch 1/3:  64%|██████▎   | 56/88 [00:16<00:08,  3.56it/s, loss=1.370]
  epoch 1/3:  65%|██████▍   | 57/88 [00:16<00:08,  3.58it/s, loss=1.370]
  epoch 1/3:  65%|██████▍   | 57/88 [00:16<00:08,  3.58it/s, loss=1.367]
  epoch 1/3:  66%|██████▌   | 58/88 [00:16<00:08,  3.59it/s, loss=1.367]
  epoch 1/3:  66%|██████▌   | 58/88 [00:16<00:08,  3.59it/s, loss=1.362]
  epoch 1/3:  67%|██████▋   | 59/88 [00:16<00:08,  3.59it/s, loss=1.362]
  epoch 1/3:  67%|██████▋   | 59/88 [00:16<00:08,  3.59it/s, loss=1.354]
  epoch 1/3:  68%|██████▊   | 60/88 [00:16<00:07,  3.59it/s, loss=1.354]
  epoch 1/3:  68%|██████▊   | 60/88 [00:17<00:07,  3.59it/s, loss=1.349]
  epoch 1/3:  69%|██████▉   | 61/88 [00:17<00:07,  3.61it/s, loss=1.349]
  epoch 1/3:  69%|██████▉   | 61/88 [00:17<00:07,  3.61it/s, loss=1.343]
  epoch 1/3:  70%|███████   | 62/88 [00:17<00:07,  3.59it/s, loss=1.343]
  epoch 1/3:  70%|███████   | 62/88 [00:17<00:07,  3.59it/s, loss=1.336]
  epoch 1/3:  72%|███████▏  | 63/88 [00:17<00:06,  3.60it/s, loss=1.336]
  epoch 1/3:  72%|███████▏  | 63/88 [00:18<00:06,  3.60it/s, loss=1.328]
  epoch 1/3:  73%|███████▎  | 64/88 [00:18<00:06,  3.62it/s, loss=1.328]
  epoch 1/3:  73%|███████▎  | 64/88 [00:18<00:06,  3.62it/s, loss=1.321]
  epoch 1/3:  74%|███████▍  | 65/88 [00:18<00:06,  3.60it/s, loss=1.321]
  epoch 1/3:  74%|███████▍  | 65/88 [00:18<00:06,  3.60it/s, loss=1.316]
  epoch 1/3:  75%|███████▌  | 66/88 [00:18<00:06,  3.60it/s, loss=1.316]
  epoch 1/3:  75%|███████▌  | 66/88 [00:18<00:06,  3.60it/s, loss=1.312]
  epoch 1/3:  76%|███████▌  | 67/88 [00:18<00:05,  3.61it/s, loss=1.312]
  epoch 1/3:  76%|███████▌  | 67/88 [00:19<00:05,  3.61it/s, loss=1.306]
  epoch 1/3:  77%|███████▋  | 68/88 [00:19<00:05,  3.61it/s, loss=1.306]
  epoch 1/3:  77%|███████▋  | 68/88 [00:19<00:05,  3.61it/s, loss=1.300]
  epoch 1/3:  78%|███████▊  | 69/88 [00:19<00:05,  3.61it/s, loss=1.300]
  epoch 1/3:  78%|███████▊  | 69/88 [00:19<00:05,  3.61it/s, loss=1.295]
  epoch 1/3:  80%|███████▉  | 70/88 [00:19<00:04,  3.63it/s, loss=1.295]
  epoch 1/3:  80%|███████▉  | 70/88 [00:19<00:04,  3.63it/s, loss=1.288]
  epoch 1/3:  81%|████████  | 71/88 [00:19<00:04,  3.61it/s, loss=1.288]
  epoch 1/3:  81%|████████  | 71/88 [00:20<00:04,  3.61it/s, loss=1.281]
  epoch 1/3:  82%|████████▏ | 72/88 [00:20<00:04,  3.55it/s, loss=1.281]
  epoch 1/3:  82%|████████▏ | 72/88 [00:20<00:04,  3.55it/s, loss=1.275]
  epoch 1/3:  83%|████████▎ | 73/88 [00:20<00:04,  3.57it/s, loss=1.275]
  epoch 1/3:  83%|████████▎ | 73/88 [00:20<00:04,  3.57it/s, loss=1.270]
  epoch 1/3:  84%|████████▍ | 74/88 [00:20<00:03,  3.59it/s, loss=1.270]
  epoch 1/3:  84%|████████▍ | 74/88 [00:21<00:03,  3.59it/s, loss=1.263]
  epoch 1/3:  85%|████████▌ | 75/88 [00:21<00:03,  3.60it/s, loss=1.263]
  epoch 1/3:  85%|████████▌ | 75/88 [00:21<00:03,  3.60it/s, loss=1.258]
  epoch 1/3:  86%|████████▋ | 76/88 [00:21<00:03,  3.59it/s, loss=1.258]
  epoch 1/3:  86%|████████▋ | 76/88 [00:21<00:03,  3.59it/s, loss=1.252]
  epoch 1/3:  88%|████████▊ | 77/88 [00:21<00:03,  3.59it/s, loss=1.252]
  epoch 1/3:  88%|████████▊ | 77/88 [00:21<00:03,  3.59it/s, loss=1.245]
  epoch 1/3:  89%|████████▊ | 78/88 [00:21<00:02,  3.60it/s, loss=1.245]
  epoch 1/3:  89%|████████▊ | 78/88 [00:22<00:02,  3.60it/s, loss=1.239]
  epoch 1/3:  90%|████████▉ | 79/88 [00:22<00:02,  3.60it/s, loss=1.239]
  epoch 1/3:  90%|████████▉ | 79/88 [00:22<00:02,  3.60it/s, loss=1.233]
  epoch 1/3:  91%|█████████ | 80/88 [00:22<00:02,  3.61it/s, loss=1.233]
  epoch 1/3:  91%|█████████ | 80/88 [00:22<00:02,  3.61it/s, loss=1.227]
  epoch 1/3:  92%|█████████▏| 81/88 [00:22<00:01,  3.60it/s, loss=1.227]
  epoch 1/3:  92%|█████████▏| 81/88 [00:23<00:01,  3.60it/s, loss=1.222]
  epoch 1/3:  93%|█████████▎| 82/88 [00:23<00:01,  3.61it/s, loss=1.222]
  epoch 1/3:  93%|█████████▎| 82/88 [00:23<00:01,  3.61it/s, loss=1.215]
  epoch 1/3:  94%|█████████▍| 83/88 [00:23<00:01,  3.61it/s, loss=1.215]
  epoch 1/3:  94%|█████████▍| 83/88 [00:23<00:01,  3.61it/s, loss=1.210]
  epoch 1/3:  95%|█████████▌| 84/88 [00:23<00:01,  3.63it/s, loss=1.210]
  epoch 1/3:  95%|█████████▌| 84/88 [00:23<00:01,  3.63it/s, loss=1.205]
  epoch 1/3:  97%|█████████▋| 85/88 [00:23<00:00,  3.61it/s, loss=1.205]
  epoch 1/3:  97%|█████████▋| 85/88 [00:24<00:00,  3.61it/s, loss=1.199]
  epoch 1/3:  98%|█████████▊| 86/88 [00:24<00:00,  3.61it/s, loss=1.199]
  epoch 1/3:  98%|█████████▊| 86/88 [00:24<00:00,  3.61it/s, loss=1.193]
  epoch 1/3:  99%|█████████▉| 87/88 [00:24<00:00,  3.63it/s, loss=1.193]
  epoch 1/3:  99%|█████████▉| 87/88 [00:24<00:00,  3.63it/s, loss=1.190]
  epoch 1/3: 100%|██████████| 88/88 [00:24<00:00,  3.88it/s, loss=1.190]
                                                                        

  epoch 2/3:   0%|          | 0/88 [00:00<?, ?it/s]
  epoch 2/3:   0%|          | 0/88 [00:00<?, ?it/s, loss=0.727]
  epoch 2/3:   1%|          | 1/88 [00:00<00:48,  1.80it/s, loss=0.727]
  epoch 2/3:   1%|          | 1/88 [00:00<00:48,  1.80it/s, loss=0.684]
  epoch 2/3:   2%|▏         | 2/88 [00:00<00:33,  2.55it/s, loss=0.684]
  epoch 2/3:   2%|▏         | 2/88 [00:01<00:33,  2.55it/s, loss=0.680]
  epoch 2/3:   3%|▎         | 3/88 [00:01<00:28,  2.94it/s, loss=0.680]
  epoch 2/3:   3%|▎         | 3/88 [00:01<00:28,  2.94it/s, loss=0.664]
  epoch 2/3:   5%|▍         | 4/88 [00:01<00:26,  3.15it/s, loss=0.664]
  epoch 2/3:   5%|▍         | 4/88 [00:01<00:26,  3.15it/s, loss=0.650]
  epoch 2/3:   6%|▌         | 5/88 [00:01<00:25,  3.30it/s, loss=0.650]
  epoch 2/3:   6%|▌         | 5/88 [00:01<00:25,  3.30it/s, loss=0.684]
  epoch 2/3:   7%|▋         | 6/88 [00:01<00:24,  3.39it/s, loss=0.684]
  epoch 2/3:   7%|▋         | 6/88 [00:02<00:24,  3.39it/s, loss=0.672]
  epoch 2/3:   8%|▊         | 7/88 [00:02<00:23,  3.47it/s, loss=0.672]
  epoch 2/3:   8%|▊         | 7/88 [00:02<00:23,  3.47it/s, loss=0.679]
  epoch 2/3:   9%|▉         | 8/88 [00:02<00:22,  3.49it/s, loss=0.679]
  epoch 2/3:   9%|▉         | 8/88 [00:02<00:22,  3.49it/s, loss=0.675]
  epoch 2/3:  10%|█         | 9/88 [00:02<00:22,  3.53it/s, loss=0.675]
  epoch 2/3:  10%|█         | 9/88 [00:03<00:22,  3.53it/s, loss=0.688]
  epoch 2/3:  11%|█▏        | 10/88 [00:03<00:22,  3.54it/s, loss=0.688]
  epoch 2/3:  11%|█▏        | 10/88 [00:03<00:22,  3.54it/s, loss=0.675]
  epoch 2/3:  12%|█▎        | 11/88 [00:03<00:21,  3.57it/s, loss=0.675]
  epoch 2/3:  12%|█▎        | 11/88 [00:03<00:21,  3.57it/s, loss=0.665]
  epoch 2/3:  14%|█▎        | 12/88 [00:03<00:21,  3.57it/s, loss=0.665]
  epoch 2/3:  14%|█▎        | 12/88 [00:03<00:21,  3.57it/s, loss=0.662]
  epoch 2/3:  15%|█▍        | 13/88 [00:03<00:20,  3.58it/s, loss=0.662]
  epoch 2/3:  15%|█▍        | 13/88 [00:04<00:20,  3.58it/s, loss=0.653]
  epoch 2/3:  16%|█▌        | 14/88 [00:04<00:20,  3.58it/s, loss=0.653]
  epoch 2/3:  16%|█▌        | 14/88 [00:04<00:20,  3.58it/s, loss=0.641]
  epoch 2/3:  17%|█▋        | 15/88 [00:04<00:20,  3.59it/s, loss=0.641]
  epoch 2/3:  17%|█▋        | 15/88 [00:04<00:20,  3.59it/s, loss=0.640]
  epoch 2/3:  18%|█▊        | 16/88 [00:04<00:20,  3.53it/s, loss=0.640]
  epoch 2/3:  18%|█▊        | 16/88 [00:05<00:20,  3.53it/s, loss=0.640]
  epoch 2/3:  19%|█▉        | 17/88 [00:05<00:19,  3.56it/s, loss=0.640]
  epoch 2/3:  19%|█▉        | 17/88 [00:05<00:19,  3.56it/s, loss=0.642]
  epoch 2/3:  20%|██        | 18/88 [00:05<00:19,  3.57it/s, loss=0.642]
  epoch 2/3:  20%|██        | 18/88 [00:05<00:19,  3.57it/s, loss=0.633]
  epoch 2/3:  22%|██▏       | 19/88 [00:05<00:19,  3.56it/s, loss=0.633]
  epoch 2/3:  22%|██▏       | 19/88 [00:05<00:19,  3.56it/s, loss=0.627]
  epoch 2/3:  23%|██▎       | 20/88 [00:05<00:19,  3.57it/s, loss=0.627]
  epoch 2/3:  23%|██▎       | 20/88 [00:06<00:19,  3.57it/s, loss=0.622]
  epoch 2/3:  24%|██▍       | 21/88 [00:06<00:18,  3.57it/s, loss=0.622]
  epoch 2/3:  24%|██▍       | 21/88 [00:06<00:18,  3.57it/s, loss=0.618]
  epoch 2/3:  25%|██▌       | 22/88 [00:06<00:18,  3.58it/s, loss=0.618]
  epoch 2/3:  25%|██▌       | 22/88 [00:06<00:18,  3.58it/s, loss=0.614]
  epoch 2/3:  26%|██▌       | 23/88 [00:06<00:18,  3.57it/s, loss=0.614]
  epoch 2/3:  26%|██▌       | 23/88 [00:06<00:18,  3.57it/s, loss=0.609]
  epoch 2/3:  27%|██▋       | 24/88 [00:06<00:17,  3.57it/s, loss=0.609]
  epoch 2/3:  27%|██▋       | 24/88 [00:07<00:17,  3.57it/s, loss=0.607]
  epoch 2/3:  28%|██▊       | 25/88 [00:07<00:17,  3.57it/s, loss=0.607]
  epoch 2/3:  28%|██▊       | 25/88 [00:07<00:17,  3.57it/s, loss=0.607]
  epoch 2/3:  30%|██▉       | 26/88 [00:07<00:17,  3.57it/s, loss=0.607]
  epoch 2/3:  30%|██▉       | 26/88 [00:07<00:17,  3.57it/s, loss=0.602]
  epoch 2/3:  31%|███       | 27/88 [00:07<00:17,  3.58it/s, loss=0.602]
  epoch 2/3:  31%|███       | 27/88 [00:08<00:17,  3.58it/s, loss=0.601]
  epoch 2/3:  32%|███▏      | 28/88 [00:08<00:16,  3.58it/s, loss=0.601]
  epoch 2/3:  32%|███▏      | 28/88 [00:08<00:16,  3.58it/s, loss=0.593]
  epoch 2/3:  33%|███▎      | 29/88 [00:08<00:16,  3.58it/s, loss=0.593]
  epoch 2/3:  33%|███▎      | 29/88 [00:08<00:16,  3.58it/s, loss=0.594]
  epoch 2/3:  34%|███▍      | 30/88 [00:08<00:16,  3.58it/s, loss=0.594]
  epoch 2/3:  34%|███▍      | 30/88 [00:08<00:16,  3.58it/s, loss=0.589]
  epoch 2/3:  35%|███▌      | 31/88 [00:08<00:15,  3.60it/s, loss=0.589]
  epoch 2/3:  35%|███▌      | 31/88 [00:09<00:15,  3.60it/s, loss=0.586]
  epoch 2/3:  36%|███▋      | 32/88 [00:09<00:15,  3.54it/s, loss=0.586]
  epoch 2/3:  36%|███▋      | 32/88 [00:09<00:15,  3.54it/s, loss=0.585]
  epoch 2/3:  38%|███▊      | 33/88 [00:09<00:15,  3.56it/s, loss=0.585]
  epoch 2/3:  38%|███▊      | 33/88 [00:09<00:15,  3.56it/s, loss=0.582]
  epoch 2/3:  39%|███▊      | 34/88 [00:09<00:15,  3.57it/s, loss=0.582]
  epoch 2/3:  39%|███▊      | 34/88 [00:10<00:15,  3.57it/s, loss=0.581]
  epoch 2/3:  40%|███▉      | 35/88 [00:10<00:14,  3.56it/s, loss=0.581]
  epoch 2/3:  40%|███▉      | 35/88 [00:10<00:14,  3.56it/s, loss=0.576]
  epoch 2/3:  41%|████      | 36/88 [00:10<00:14,  3.57it/s, loss=0.576]
  epoch 2/3:  41%|████      | 36/88 [00:10<00:14,  3.57it/s, loss=0.572]
  epoch 2/3:  42%|████▏     | 37/88 [00:10<00:14,  3.58it/s, loss=0.572]
  epoch 2/3:  42%|████▏     | 37/88 [00:10<00:14,  3.58it/s, loss=0.570]
  epoch 2/3:  43%|████▎     | 38/88 [00:10<00:13,  3.59it/s, loss=0.570]
  epoch 2/3:  43%|████▎     | 38/88 [00:11<00:13,  3.59it/s, loss=0.566]
  epoch 2/3:  44%|████▍     | 39/88 [00:11<00:13,  3.58it/s, loss=0.566]
  epoch 2/3:  44%|████▍     | 39/88 [00:11<00:13,  3.58it/s, loss=0.563]
  epoch 2/3:  45%|████▌     | 40/88 [00:11<00:13,  3.57it/s, loss=0.563]
  epoch 2/3:  45%|████▌     | 40/88 [00:11<00:13,  3.57it/s, loss=0.559]
  epoch 2/3:  47%|████▋     | 41/88 [00:11<00:13,  3.57it/s, loss=0.559]
  epoch 2/3:  47%|████▋     | 41/88 [00:12<00:13,  3.57it/s, loss=0.556]
  epoch 2/3:  48%|████▊     | 42/88 [00:12<00:12,  3.58it/s, loss=0.556]
  epoch 2/3:  48%|████▊     | 42/88 [00:12<00:12,  3.58it/s, loss=0.553]
  epoch 2/3:  49%|████▉     | 43/88 [00:12<00:12,  3.60it/s, loss=0.553]
  epoch 2/3:  49%|████▉     | 43/88 [00:12<00:12,  3.60it/s, loss=0.550]
  epoch 2/3:  50%|█████     | 44/88 [00:12<00:12,  3.58it/s, loss=0.550]
  epoch 2/3:  50%|█████     | 44/88 [00:12<00:12,  3.58it/s, loss=0.548]
  epoch 2/3:  51%|█████     | 45/88 [00:12<00:11,  3.59it/s, loss=0.548]
  epoch 2/3:  51%|█████     | 45/88 [00:13<00:11,  3.59it/s, loss=0.544]
  epoch 2/3:  52%|█████▏    | 46/88 [00:13<00:11,  3.59it/s, loss=0.544]
  epoch 2/3:  52%|█████▏    | 46/88 [00:13<00:11,  3.59it/s, loss=0.543]
  epoch 2/3:  53%|█████▎    | 47/88 [00:13<00:11,  3.60it/s, loss=0.543]
  epoch 2/3:  53%|█████▎    | 47/88 [00:13<00:11,  3.60it/s, loss=0.540]
  epoch 2/3:  55%|█████▍    | 48/88 [00:13<00:11,  3.54it/s, loss=0.540]
  epoch 2/3:  55%|█████▍    | 48/88 [00:13<00:11,  3.54it/s, loss=0.537]
  epoch 2/3:  56%|█████▌    | 49/88 [00:13<00:10,  3.57it/s, loss=0.537]
  epoch 2/3:  56%|█████▌    | 49/88 [00:14<00:10,  3.57it/s, loss=0.536]
  epoch 2/3:  57%|█████▋    | 50/88 [00:14<00:10,  3.57it/s, loss=0.536]
  epoch 2/3:  57%|█████▋    | 50/88 [00:14<00:10,  3.57it/s, loss=0.531]
  epoch 2/3:  58%|█████▊    | 51/88 [00:14<00:10,  3.58it/s, loss=0.531]
  epoch 2/3:  58%|█████▊    | 51/88 [00:14<00:10,  3.58it/s, loss=0.529]
  epoch 2/3:  59%|█████▉    | 52/88 [00:14<00:10,  3.59it/s, loss=0.529]
  epoch 2/3:  59%|█████▉    | 52/88 [00:15<00:10,  3.59it/s, loss=0.525]
  epoch 2/3:  60%|██████    | 53/88 [00:15<00:09,  3.60it/s, loss=0.525]
  epoch 2/3:  60%|██████    | 53/88 [00:15<00:09,  3.60it/s, loss=0.524]
  epoch 2/3:  61%|██████▏   | 54/88 [00:15<00:09,  3.59it/s, loss=0.524]
  epoch 2/3:  61%|██████▏   | 54/88 [00:15<00:09,  3.59it/s, loss=0.522]
  epoch 2/3:  62%|██████▎   | 55/88 [00:15<00:09,  3.59it/s, loss=0.522]
  epoch 2/3:  62%|██████▎   | 55/88 [00:15<00:09,  3.59it/s, loss=0.520]
  epoch 2/3:  64%|██████▎   | 56/88 [00:15<00:08,  3.61it/s, loss=0.520]
  epoch 2/3:  64%|██████▎   | 56/88 [00:16<00:08,  3.61it/s, loss=0.517]
  epoch 2/3:  65%|██████▍   | 57/88 [00:16<00:08,  3.59it/s, loss=0.517]
  epoch 2/3:  65%|██████▍   | 57/88 [00:16<00:08,  3.59it/s, loss=0.514]
  epoch 2/3:  66%|██████▌   | 58/88 [00:16<00:08,  3.60it/s, loss=0.514]
  epoch 2/3:  66%|██████▌   | 58/88 [00:16<00:08,  3.60it/s, loss=0.512]
  epoch 2/3:  67%|██████▋   | 59/88 [00:16<00:08,  3.59it/s, loss=0.512]
  epoch 2/3:  67%|██████▋   | 59/88 [00:17<00:08,  3.59it/s, loss=0.511]
  epoch 2/3:  68%|██████▊   | 60/88 [00:17<00:07,  3.60it/s, loss=0.511]
  epoch 2/3:  68%|██████▊   | 60/88 [00:17<00:07,  3.60it/s, loss=0.509]
  epoch 2/3:  69%|██████▉   | 61/88 [00:17<00:07,  3.59it/s, loss=0.509]
  epoch 2/3:  69%|██████▉   | 61/88 [00:17<00:07,  3.59it/s, loss=0.506]
  epoch 2/3:  70%|███████   | 62/88 [00:17<00:07,  3.60it/s, loss=0.506]
  epoch 2/3:  70%|███████   | 62/88 [00:17<00:07,  3.60it/s, loss=0.503]
  epoch 2/3:  72%|███████▏  | 63/88 [00:17<00:06,  3.61it/s, loss=0.503]
  epoch 2/3:  72%|███████▏  | 63/88 [00:18<00:06,  3.61it/s, loss=0.500]
  epoch 2/3:  73%|███████▎  | 64/88 [00:18<00:06,  3.55it/s, loss=0.500]
  epoch 2/3:  73%|███████▎  | 64/88 [00:18<00:06,  3.55it/s, loss=0.497]
  epoch 2/3:  74%|███████▍  | 65/88 [00:18<00:06,  3.58it/s, loss=0.497]
  epoch 2/3:  74%|███████▍  | 65/88 [00:18<00:06,  3.58it/s, loss=0.495]
  epoch 2/3:  75%|███████▌  | 66/88 [00:18<00:06,  3.57it/s, loss=0.495]
  epoch 2/3:  75%|███████▌  | 66/88 [00:18<00:06,  3.57it/s, loss=0.492]
  epoch 2/3:  76%|███████▌  | 67/88 [00:18<00:05,  3.59it/s, loss=0.492]
  epoch 2/3:  76%|███████▌  | 67/88 [00:19<00:05,  3.59it/s, loss=0.489]
  epoch 2/3:  77%|███████▋  | 68/88 [00:19<00:05,  3.62it/s, loss=0.489]
  epoch 2/3:  77%|███████▋  | 68/88 [00:19<00:05,  3.62it/s, loss=0.488]
  epoch 2/3:  78%|███████▊  | 69/88 [00:19<00:05,  3.59it/s, loss=0.488]
  epoch 2/3:  78%|███████▊  | 69/88 [00:19<00:05,  3.59it/s, loss=0.484]
  epoch 2/3:  80%|███████▉  | 70/88 [00:19<00:05,  3.59it/s, loss=0.484]
  epoch 2/3:  80%|███████▉  | 70/88 [00:20<00:05,  3.59it/s, loss=0.482]
  epoch 2/3:  81%|████████  | 71/88 [00:20<00:04,  3.60it/s, loss=0.482]
  epoch 2/3:  81%|████████  | 71/88 [00:20<00:04,  3.60it/s, loss=0.482]
  epoch 2/3:  82%|████████▏ | 72/88 [00:20<00:04,  3.60it/s, loss=0.482]
  epoch 2/3:  82%|████████▏ | 72/88 [00:20<00:04,  3.60it/s, loss=0.479]
  epoch 2/3:  83%|████████▎ | 73/88 [00:20<00:04,  3.60it/s, loss=0.479]
  epoch 2/3:  83%|████████▎ | 73/88 [00:20<00:04,  3.60it/s, loss=0.476]
  epoch 2/3:  84%|████████▍ | 74/88 [00:20<00:03,  3.62it/s, loss=0.476]
  epoch 2/3:  84%|████████▍ | 74/88 [00:21<00:03,  3.62it/s, loss=0.473]
  epoch 2/3:  85%|████████▌ | 75/88 [00:21<00:03,  3.61it/s, loss=0.473]
  epoch 2/3:  85%|████████▌ | 75/88 [00:21<00:03,  3.61it/s, loss=0.470]
  epoch 2/3:  86%|████████▋ | 76/88 [00:21<00:03,  3.60it/s, loss=0.470]
  epoch 2/3:  86%|████████▋ | 76/88 [00:21<00:03,  3.60it/s, loss=0.469]
  epoch 2/3:  88%|████████▊ | 77/88 [00:21<00:03,  3.63it/s, loss=0.469]
  epoch 2/3:  88%|████████▊ | 77/88 [00:22<00:03,  3.63it/s, loss=0.467]
  epoch 2/3:  89%|████████▊ | 78/88 [00:22<00:02,  3.61it/s, loss=0.467]
  epoch 2/3:  89%|████████▊ | 78/88 [00:22<00:02,  3.61it/s, loss=0.466]
  epoch 2/3:  90%|████████▉ | 79/88 [00:22<00:02,  3.61it/s, loss=0.466]
  epoch 2/3:  90%|████████▉ | 79/88 [00:22<00:02,  3.61it/s, loss=0.465]
  epoch 2/3:  91%|█████████ | 80/88 [00:22<00:02,  3.57it/s, loss=0.465]
  epoch 2/3:  91%|█████████ | 80/88 [00:22<00:02,  3.57it/s, loss=0.464]
  epoch 2/3:  92%|█████████▏| 81/88 [00:22<00:01,  3.58it/s, loss=0.464]
  epoch 2/3:  92%|█████████▏| 81/88 [00:23<00:01,  3.58it/s, loss=0.462]
  epoch 2/3:  93%|█████████▎| 82/88 [00:23<00:01,  3.60it/s, loss=0.462]
  epoch 2/3:  93%|█████████▎| 82/88 [00:23<00:01,  3.60it/s, loss=0.459]
  epoch 2/3:  94%|█████████▍| 83/88 [00:23<00:01,  3.58it/s, loss=0.459]
  epoch 2/3:  94%|█████████▍| 83/88 [00:23<00:01,  3.58it/s, loss=0.457]
  epoch 2/3:  95%|█████████▌| 84/88 [00:23<00:01,  3.57it/s, loss=0.457]
  epoch 2/3:  95%|█████████▌| 84/88 [00:23<00:01,  3.57it/s, loss=0.455]
  epoch 2/3:  97%|█████████▋| 85/88 [00:23<00:00,  3.58it/s, loss=0.455]
  epoch 2/3:  97%|█████████▋| 85/88 [00:24<00:00,  3.58it/s, loss=0.452]
  epoch 2/3:  98%|█████████▊| 86/88 [00:24<00:00,  3.61it/s, loss=0.452]
  epoch 2/3:  98%|█████████▊| 86/88 [00:24<00:00,  3.61it/s, loss=0.450]
  epoch 2/3:  99%|█████████▉| 87/88 [00:24<00:00,  3.60it/s, loss=0.450]
  epoch 2/3:  99%|█████████▉| 87/88 [00:24<00:00,  3.60it/s, loss=0.449]
  epoch 2/3: 100%|██████████| 88/88 [00:24<00:00,  3.94it/s, loss=0.449]
                                                                        

  epoch 3/3:   0%|          | 0/88 [00:00<?, ?it/s]
  epoch 3/3:   0%|          | 0/88 [00:00<?, ?it/s, loss=0.367]
  epoch 3/3:   1%|          | 1/88 [00:00<00:47,  1.85it/s, loss=0.367]
  epoch 3/3:   1%|          | 1/88 [00:00<00:47,  1.85it/s, loss=0.304]
  epoch 3/3:   2%|▏         | 2/88 [00:00<00:33,  2.59it/s, loss=0.304]
  epoch 3/3:   2%|▏         | 2/88 [00:01<00:33,  2.59it/s, loss=0.297]
  epoch 3/3:   3%|▎         | 3/88 [00:01<00:28,  2.99it/s, loss=0.297]
  epoch 3/3:   3%|▎         | 3/88 [00:01<00:28,  2.99it/s, loss=0.281]
  epoch 3/3:   5%|▍         | 4/88 [00:01<00:26,  3.19it/s, loss=0.281]
  epoch 3/3:   5%|▍         | 4/88 [00:01<00:26,  3.19it/s, loss=0.287]
  epoch 3/3:   6%|▌         | 5/88 [00:01<00:24,  3.32it/s, loss=0.287]
  epoch 3/3:   6%|▌         | 5/88 [00:01<00:24,  3.32it/s, loss=0.280]
  epoch 3/3:   7%|▋         | 6/88 [00:01<00:23,  3.42it/s, loss=0.280]
  epoch 3/3:   7%|▋         | 6/88 [00:02<00:23,  3.42it/s, loss=0.284]
  epoch 3/3:   8%|▊         | 7/88 [00:02<00:23,  3.48it/s, loss=0.284]
  epoch 3/3:   8%|▊         | 7/88 [00:02<00:23,  3.48it/s, loss=0.273]
  epoch 3/3:   9%|▉         | 8/88 [00:02<00:23,  3.47it/s, loss=0.273]
  epoch 3/3:   9%|▉         | 8/88 [00:02<00:23,  3.47it/s, loss=0.270]
  epoch 3/3:  10%|█         | 9/88 [00:02<00:22,  3.51it/s, loss=0.270]
  epoch 3/3:  10%|█         | 9/88 [00:03<00:22,  3.51it/s, loss=0.262]
  epoch 3/3:  11%|█▏        | 10/88 [00:03<00:22,  3.53it/s, loss=0.262]
  epoch 3/3:  11%|█▏        | 10/88 [00:03<00:22,  3.53it/s, loss=0.266]
  epoch 3/3:  12%|█▎        | 11/88 [00:03<00:21,  3.55it/s, loss=0.266]
  epoch 3/3:  12%|█▎        | 11/88 [00:03<00:21,  3.55it/s, loss=0.268]
  epoch 3/3:  14%|█▎        | 12/88 [00:03<00:21,  3.58it/s, loss=0.268]
  epoch 3/3:  14%|█▎        | 12/88 [00:03<00:21,  3.58it/s, loss=0.268]
  epoch 3/3:  15%|█▍        | 13/88 [00:03<00:20,  3.59it/s, loss=0.268]
  epoch 3/3:  15%|█▍        | 13/88 [00:04<00:20,  3.59it/s, loss=0.277]
  epoch 3/3:  16%|█▌        | 14/88 [00:04<00:20,  3.61it/s, loss=0.277]
  epoch 3/3:  16%|█▌        | 14/88 [00:04<00:20,  3.61it/s, loss=0.270]
  epoch 3/3:  17%|█▋        | 15/88 [00:04<00:20,  3.60it/s, loss=0.270]
  epoch 3/3:  17%|█▋        | 15/88 [00:04<00:20,  3.60it/s, loss=0.272]
  epoch 3/3:  18%|█▊        | 16/88 [00:04<00:19,  3.60it/s, loss=0.272]
  epoch 3/3:  18%|█▊        | 16/88 [00:04<00:19,  3.60it/s, loss=0.276]
  epoch 3/3:  19%|█▉        | 17/88 [00:04<00:19,  3.61it/s, loss=0.276]
  epoch 3/3:  19%|█▉        | 17/88 [00:05<00:19,  3.61it/s, loss=0.270]
  epoch 3/3:  20%|██        | 18/88 [00:05<00:19,  3.61it/s, loss=0.270]
  epoch 3/3:  20%|██        | 18/88 [00:05<00:19,  3.61it/s, loss=0.273]
  epoch 3/3:  22%|██▏       | 19/88 [00:05<00:19,  3.61it/s, loss=0.273]
  epoch 3/3:  22%|██▏       | 19/88 [00:05<00:19,  3.61it/s, loss=0.267]
  epoch 3/3:  23%|██▎       | 20/88 [00:05<00:18,  3.62it/s, loss=0.267]
  epoch 3/3:  23%|██▎       | 20/88 [00:06<00:18,  3.62it/s, loss=0.267]
  epoch 3/3:  24%|██▍       | 21/88 [00:06<00:18,  3.61it/s, loss=0.267]
  epoch 3/3:  24%|██▍       | 21/88 [00:06<00:18,  3.61it/s, loss=0.267]
  epoch 3/3:  25%|██▌       | 22/88 [00:06<00:18,  3.61it/s, loss=0.267]
  epoch 3/3:  25%|██▌       | 22/88 [00:06<00:18,  3.61it/s, loss=0.265]
  epoch 3/3:  26%|██▌       | 23/88 [00:06<00:18,  3.60it/s, loss=0.265]
  epoch 3/3:  26%|██▌       | 23/88 [00:06<00:18,  3.60it/s, loss=0.265]
  epoch 3/3:  27%|██▋       | 24/88 [00:06<00:17,  3.56it/s, loss=0.265]
  epoch 3/3:  27%|██▋       | 24/88 [00:07<00:17,  3.56it/s, loss=0.262]
  epoch 3/3:  28%|██▊       | 25/88 [00:07<00:17,  3.58it/s, loss=0.262]
  epoch 3/3:  28%|██▊       | 25/88 [00:07<00:17,  3.58it/s, loss=0.260]
  epoch 3/3:  30%|██▉       | 26/88 [00:07<00:17,  3.59it/s, loss=0.260]
  epoch 3/3:  30%|██▉       | 26/88 [00:07<00:17,  3.59it/s, loss=0.256]
  epoch 3/3:  31%|███       | 27/88 [00:07<00:17,  3.58it/s, loss=0.256]
  epoch 3/3:  31%|███       | 27/88 [00:08<00:17,  3.58it/s, loss=0.255]
  epoch 3/3:  32%|███▏      | 28/88 [00:08<00:16,  3.58it/s, loss=0.255]
  epoch 3/3:  32%|███▏      | 28/88 [00:08<00:16,  3.58it/s, loss=0.260]
  epoch 3/3:  33%|███▎      | 29/88 [00:08<00:16,  3.61it/s, loss=0.260]
  epoch 3/3:  33%|███▎      | 29/88 [00:08<00:16,  3.61it/s, loss=0.256]
  epoch 3/3:  34%|███▍      | 30/88 [00:08<00:16,  3.60it/s, loss=0.256]
  epoch 3/3:  34%|███▍      | 30/88 [00:08<00:16,  3.60it/s, loss=0.256]
  epoch 3/3:  35%|███▌      | 31/88 [00:08<00:15,  3.60it/s, loss=0.256]
  epoch 3/3:  35%|███▌      | 31/88 [00:09<00:15,  3.60it/s, loss=0.253]
  epoch 3/3:  36%|███▋      | 32/88 [00:09<00:15,  3.61it/s, loss=0.253]
  epoch 3/3:  36%|███▋      | 32/88 [00:09<00:15,  3.61it/s, loss=0.256]
  epoch 3/3:  38%|███▊      | 33/88 [00:09<00:15,  3.60it/s, loss=0.256]
  epoch 3/3:  38%|███▊      | 33/88 [00:09<00:15,  3.60it/s, loss=0.258]
  epoch 3/3:  39%|███▊      | 34/88 [00:09<00:14,  3.61it/s, loss=0.258]
  epoch 3/3:  39%|███▊      | 34/88 [00:09<00:14,  3.61it/s, loss=0.255]
  epoch 3/3:  40%|███▉      | 35/88 [00:09<00:14,  3.62it/s, loss=0.255]
  epoch 3/3:  40%|███▉      | 35/88 [00:10<00:14,  3.62it/s, loss=0.254]
  epoch 3/3:  41%|████      | 36/88 [00:10<00:14,  3.61it/s, loss=0.254]
  epoch 3/3:  41%|████      | 36/88 [00:10<00:14,  3.61it/s, loss=0.253]
  epoch 3/3:  42%|████▏     | 37/88 [00:10<00:14,  3.60it/s, loss=0.253]
  epoch 3/3:  42%|████▏     | 37/88 [00:10<00:14,  3.60it/s, loss=0.250]
  epoch 3/3:  43%|████▎     | 38/88 [00:10<00:13,  3.62it/s, loss=0.250]
  epoch 3/3:  43%|████▎     | 38/88 [00:11<00:13,  3.62it/s, loss=0.250]
  epoch 3/3:  44%|████▍     | 39/88 [00:11<00:13,  3.62it/s, loss=0.250]
  epoch 3/3:  44%|████▍     | 39/88 [00:11<00:13,  3.62it/s, loss=0.248]
  epoch 3/3:  45%|████▌     | 40/88 [00:11<00:13,  3.56it/s, loss=0.248]
  epoch 3/3:  45%|████▌     | 40/88 [00:11<00:13,  3.56it/s, loss=0.245]
  epoch 3/3:  47%|████▋     | 41/88 [00:11<00:13,  3.57it/s, loss=0.245]
  epoch 3/3:  47%|████▋     | 41/88 [00:11<00:13,  3.57it/s, loss=0.244]
  epoch 3/3:  48%|████▊     | 42/88 [00:11<00:12,  3.58it/s, loss=0.244]
  epoch 3/3:  48%|████▊     | 42/88 [00:12<00:12,  3.58it/s, loss=0.243]
  epoch 3/3:  49%|████▉     | 43/88 [00:12<00:12,  3.60it/s, loss=0.243]
  epoch 3/3:  49%|████▉     | 43/88 [00:12<00:12,  3.60it/s, loss=0.242]
  epoch 3/3:  50%|█████     | 44/88 [00:12<00:12,  3.60it/s, loss=0.242]
  epoch 3/3:  50%|█████     | 44/88 [00:12<00:12,  3.60it/s, loss=0.240]
  epoch 3/3:  51%|█████     | 45/88 [00:12<00:11,  3.62it/s, loss=0.240]
  epoch 3/3:  51%|█████     | 45/88 [00:13<00:11,  3.62it/s, loss=0.240]
  epoch 3/3:  52%|█████▏    | 46/88 [00:13<00:11,  3.61it/s, loss=0.240]
  epoch 3/3:  52%|█████▏    | 46/88 [00:13<00:11,  3.61it/s, loss=0.237]
  epoch 3/3:  53%|█████▎    | 47/88 [00:13<00:11,  3.61it/s, loss=0.237]
  epoch 3/3:  53%|█████▎    | 47/88 [00:13<00:11,  3.61it/s, loss=0.236]
  epoch 3/3:  55%|█████▍    | 48/88 [00:13<00:11,  3.62it/s, loss=0.236]
  epoch 3/3:  55%|█████▍    | 48/88 [00:13<00:11,  3.62it/s, loss=0.234]
  epoch 3/3:  56%|█████▌    | 49/88 [00:13<00:10,  3.61it/s, loss=0.234]
  epoch 3/3:  56%|█████▌    | 49/88 [00:14<00:10,  3.61it/s, loss=0.233]
  epoch 3/3:  57%|█████▋    | 50/88 [00:14<00:10,  3.61it/s, loss=0.233]
  epoch 3/3:  57%|█████▋    | 50/88 [00:14<00:10,  3.61it/s, loss=0.231]
  epoch 3/3:  58%|█████▊    | 51/88 [00:14<00:10,  3.62it/s, loss=0.231]
  epoch 3/3:  58%|█████▊    | 51/88 [00:14<00:10,  3.62it/s, loss=0.230]
  epoch 3/3:  59%|█████▉    | 52/88 [00:14<00:10,  3.59it/s, loss=0.230]
  epoch 3/3:  59%|█████▉    | 52/88 [00:14<00:10,  3.59it/s, loss=0.230]
  epoch 3/3:  60%|██████    | 53/88 [00:14<00:09,  3.59it/s, loss=0.230]
  epoch 3/3:  60%|██████    | 53/88 [00:15<00:09,  3.59it/s, loss=0.230]
  epoch 3/3:  61%|██████▏   | 54/88 [00:15<00:09,  3.59it/s, loss=0.230]
  epoch 3/3:  61%|██████▏   | 54/88 [00:15<00:09,  3.59it/s, loss=0.231]
  epoch 3/3:  62%|██████▎   | 55/88 [00:15<00:09,  3.60it/s, loss=0.231]
  epoch 3/3:  62%|██████▎   | 55/88 [00:15<00:09,  3.60it/s, loss=0.231]
  epoch 3/3:  64%|██████▎   | 56/88 [00:15<00:09,  3.55it/s, loss=0.231]
  epoch 3/3:  64%|██████▎   | 56/88 [00:16<00:09,  3.55it/s, loss=0.228]
  epoch 3/3:  65%|██████▍   | 57/88 [00:16<00:08,  3.58it/s, loss=0.228]
  epoch 3/3:  65%|██████▍   | 57/88 [00:16<00:08,  3.58it/s, loss=0.226]
  epoch 3/3:  66%|██████▌   | 58/88 [00:16<00:08,  3.59it/s, loss=0.226]
  epoch 3/3:  66%|██████▌   | 58/88 [00:16<00:08,  3.59it/s, loss=0.225]
  epoch 3/3:  67%|██████▋   | 59/88 [00:16<00:08,  3.61it/s, loss=0.225]
  epoch 3/3:  67%|██████▋   | 59/88 [00:16<00:08,  3.61it/s, loss=0.224]
  epoch 3/3:  68%|██████▊   | 60/88 [00:16<00:07,  3.60it/s, loss=0.224]
  epoch 3/3:  68%|██████▊   | 60/88 [00:17<00:07,  3.60it/s, loss=0.222]
  epoch 3/3:  69%|██████▉   | 61/88 [00:17<00:07,  3.60it/s, loss=0.222]
  epoch 3/3:  69%|██████▉   | 61/88 [00:17<00:07,  3.60it/s, loss=0.221]
  epoch 3/3:  70%|███████   | 62/88 [00:17<00:07,  3.63it/s, loss=0.221]
  epoch 3/3:  70%|███████   | 62/88 [00:17<00:07,  3.63it/s, loss=0.219]
  epoch 3/3:  72%|███████▏  | 63/88 [00:17<00:06,  3.63it/s, loss=0.219]
  epoch 3/3:  72%|███████▏  | 63/88 [00:18<00:06,  3.63it/s, loss=0.218]
  epoch 3/3:  73%|███████▎  | 64/88 [00:18<00:06,  3.63it/s, loss=0.218]
  epoch 3/3:  73%|███████▎  | 64/88 [00:18<00:06,  3.63it/s, loss=0.218]
  epoch 3/3:  74%|███████▍  | 65/88 [00:18<00:06,  3.62it/s, loss=0.218]
  epoch 3/3:  74%|███████▍  | 65/88 [00:18<00:06,  3.62it/s, loss=0.217]
  epoch 3/3:  75%|███████▌  | 66/88 [00:18<00:06,  3.60it/s, loss=0.217]
  epoch 3/3:  75%|███████▌  | 66/88 [00:18<00:06,  3.60it/s, loss=0.215]
  epoch 3/3:  76%|███████▌  | 67/88 [00:18<00:05,  3.63it/s, loss=0.215]
  epoch 3/3:  76%|███████▌  | 67/88 [00:19<00:05,  3.63it/s, loss=0.214]
  epoch 3/3:  77%|███████▋  | 68/88 [00:19<00:05,  3.61it/s, loss=0.214]
  epoch 3/3:  77%|███████▋  | 68/88 [00:19<00:05,  3.61it/s, loss=0.213]
  epoch 3/3:  78%|███████▊  | 69/88 [00:19<00:05,  3.60it/s, loss=0.213]
  epoch 3/3:  78%|███████▊  | 69/88 [00:19<00:05,  3.60it/s, loss=0.211]
  epoch 3/3:  80%|███████▉  | 70/88 [00:19<00:04,  3.61it/s, loss=0.211]
  epoch 3/3:  80%|███████▉  | 70/88 [00:19<00:04,  3.61it/s, loss=0.211]
  epoch 3/3:  81%|████████  | 71/88 [00:19<00:04,  3.60it/s, loss=0.211]
  epoch 3/3:  81%|████████  | 71/88 [00:20<00:04,  3.60it/s, loss=0.211]
  epoch 3/3:  82%|████████▏ | 72/88 [00:20<00:04,  3.53it/s, loss=0.211]
  epoch 3/3:  82%|████████▏ | 72/88 [00:20<00:04,  3.53it/s, loss=0.210]
  epoch 3/3:  83%|████████▎ | 73/88 [00:20<00:04,  3.57it/s, loss=0.210]
  epoch 3/3:  83%|████████▎ | 73/88 [00:20<00:04,  3.57it/s, loss=0.208]
  epoch 3/3:  84%|████████▍ | 74/88 [00:20<00:03,  3.57it/s, loss=0.208]
  epoch 3/3:  84%|████████▍ | 74/88 [00:21<00:03,  3.57it/s, loss=0.207]
  epoch 3/3:  85%|████████▌ | 75/88 [00:21<00:03,  3.58it/s, loss=0.207]
  epoch 3/3:  85%|████████▌ | 75/88 [00:21<00:03,  3.58it/s, loss=0.208]
  epoch 3/3:  86%|████████▋ | 76/88 [00:21<00:03,  3.60it/s, loss=0.208]
  epoch 3/3:  86%|████████▋ | 76/88 [00:21<00:03,  3.60it/s, loss=0.208]
  epoch 3/3:  88%|████████▊ | 77/88 [00:21<00:03,  3.60it/s, loss=0.208]
  epoch 3/3:  88%|████████▊ | 77/88 [00:21<00:03,  3.60it/s, loss=0.207]
  epoch 3/3:  89%|████████▊ | 78/88 [00:21<00:02,  3.63it/s, loss=0.207]
  epoch 3/3:  89%|████████▊ | 78/88 [00:22<00:02,  3.63it/s, loss=0.205]
  epoch 3/3:  90%|████████▉ | 79/88 [00:22<00:02,  3.61it/s, loss=0.205]
  epoch 3/3:  90%|████████▉ | 79/88 [00:22<00:02,  3.61it/s, loss=0.205]
  epoch 3/3:  91%|█████████ | 80/88 [00:22<00:02,  3.60it/s, loss=0.205]
  epoch 3/3:  91%|█████████ | 80/88 [00:22<00:02,  3.60it/s, loss=0.205]
  epoch 3/3:  92%|█████████▏| 81/88 [00:22<00:01,  3.62it/s, loss=0.205]
  epoch 3/3:  92%|█████████▏| 81/88 [00:23<00:01,  3.62it/s, loss=0.204]
  epoch 3/3:  93%|█████████▎| 82/88 [00:23<00:01,  3.61it/s, loss=0.204]
  epoch 3/3:  93%|█████████▎| 82/88 [00:23<00:01,  3.61it/s, loss=0.203]
  epoch 3/3:  94%|█████████▍| 83/88 [00:23<00:01,  3.60it/s, loss=0.203]
  epoch 3/3:  94%|█████████▍| 83/88 [00:23<00:01,  3.60it/s, loss=0.203]
  epoch 3/3:  95%|█████████▌| 84/88 [00:23<00:01,  3.62it/s, loss=0.203]
  epoch 3/3:  95%|█████████▌| 84/88 [00:23<00:01,  3.62it/s, loss=0.203]
  epoch 3/3:  97%|█████████▋| 85/88 [00:23<00:00,  3.61it/s, loss=0.203]
  epoch 3/3:  97%|█████████▋| 85/88 [00:24<00:00,  3.61it/s, loss=0.202]
  epoch 3/3:  98%|█████████▊| 86/88 [00:24<00:00,  3.61it/s, loss=0.202]
  epoch 3/3:  98%|█████████▊| 86/88 [00:24<00:00,  3.61it/s, loss=0.201]
  epoch 3/3:  99%|█████████▉| 87/88 [00:24<00:00,  3.62it/s, loss=0.201]
  epoch 3/3:  99%|█████████▉| 87/88 [00:24<00:00,  3.62it/s, loss=0.201]
  epoch 3/3: 100%|██████████| 88/88 [00:24<00:00,  3.89it/s, loss=0.201]
                                                                        
[titans] reset=never | norm(state) sau task = 88.1722
[titans]   self-mod v:β=0.96 |W|=1.14
[titans]   eta_t(avg)=4.2436  alpha_t/forget-gate(avg)=0.9866
[task 1] test acc so far: 0.983  0.740
[task 1] NCM-blend gamma=0: 0.894  0.871
[task 1] NCM-blend gamma=1: 0.903  0.889
[checkpoint] đã lưu tiến độ sau task 1
[task 2] classes=[18, 20, 24, 36, 44] | train=2800

  epoch 1/3:   0%|          | 0/88 [00:00<?, ?it/s]
  epoch 1/3:   0%|          | 0/88 [00:00<?, ?it/s, loss=1.614]
  epoch 1/3:   1%|          | 1/88 [00:00<00:47,  1.85it/s, loss=1.614]
  epoch 1/3:   1%|          | 1/88 [00:00<00:47,  1.85it/s, loss=1.616]
  epoch 1/3:   2%|▏         | 2/88 [00:00<00:33,  2.59it/s, loss=1.616]
  epoch 1/3:   2%|▏         | 2/88 [00:01<00:33,  2.59it/s, loss=1.613]
  epoch 1/3:   3%|▎         | 3/88 [00:01<00:28,  3.01it/s, loss=1.613]
  epoch 1/3:   3%|▎         | 3/88 [00:01<00:28,  3.01it/s, loss=1.571]
  epoch 1/3:   5%|▍         | 4/88 [00:01<00:26,  3.22it/s, loss=1.571]
  epoch 1/3:   5%|▍         | 4/88 [00:01<00:26,  3.22it/s, loss=1.589]
  epoch 1/3:   6%|▌         | 5/88 [00:01<00:24,  3.37it/s, loss=1.589]
  epoch 1/3:   6%|▌         | 5/88 [00:01<00:24,  3.37it/s, loss=1.580]
  epoch 1/3:   7%|▋         | 6/88 [00:01<00:23,  3.46it/s, loss=1.580]
  epoch 1/3:   7%|▋         | 6/88 [00:02<00:23,  3.46it/s, loss=1.552]
  epoch 1/3:   8%|▊         | 7/88 [00:02<00:23,  3.52it/s, loss=1.552]
  epoch 1/3:   8%|▊         | 7/88 [00:02<00:23,  3.52it/s, loss=1.537]
  epoch 1/3:   9%|▉         | 8/88 [00:02<00:22,  3.56it/s, loss=1.537]
  epoch 1/3:   9%|▉         | 8/88 [00:02<00:22,  3.56it/s, loss=1.534]
  epoch 1/3:  10%|█         | 9/88 [00:02<00:22,  3.59it/s, loss=1.534]
  epoch 1/3:  10%|█         | 9/88 [00:03<00:22,  3.59it/s, loss=1.534]
  epoch 1/3:  11%|█▏        | 10/88 [00:03<00:21,  3.60it/s, loss=1.534]
  epoch 1/3:  11%|█▏        | 10/88 [00:03<00:21,  3.60it/s, loss=1.535]
  epoch 1/3:  12%|█▎        | 11/88 [00:03<00:21,  3.62it/s, loss=1.535]
  epoch 1/3:  12%|█▎        | 11/88 [00:03<00:21,  3.62it/s, loss=1.535]
  epoch 1/3:  14%|█▎        | 12/88 [00:03<00:20,  3.62it/s, loss=1.535]
  epoch 1/3:  14%|█▎        | 12/88 [00:03<00:20,  3.62it/s, loss=1.533]
  epoch 1/3:  15%|█▍        | 13/88 [00:03<00:20,  3.65it/s, loss=1.533]
  epoch 1/3:  15%|█▍        | 13/88 [00:04<00:20,  3.65it/s, loss=1.526]
  epoch 1/3:  16%|█▌        | 14/88 [00:04<00:20,  3.64it/s, loss=1.526]
  epoch 1/3:  16%|█▌        | 14/88 [00:04<00:20,  3.64it/s, loss=1.511]
  epoch 1/3:  17%|█▋        | 15/88 [00:04<00:19,  3.66it/s, loss=1.511]
  epoch 1/3:  17%|█▋        | 15/88 [00:04<00:19,  3.66it/s, loss=1.510]
  epoch 1/3:  18%|█▊        | 16/88 [00:04<00:20,  3.60it/s, loss=1.510]
  epoch 1/3:  18%|█▊        | 16/88 [00:04<00:20,  3.60it/s, loss=1.506]
  epoch 1/3:  19%|█▉        | 17/88 [00:04<00:19,  3.60it/s, loss=1.506]
  epoch 1/3:  19%|█▉        | 17/88 [00:05<00:19,  3.60it/s, loss=1.504]
  epoch 1/3:  20%|██        | 18/88 [00:05<00:19,  3.61it/s, loss=1.504]
  epoch 1/3:  20%|██        | 18/88 [00:05<00:19,  3.61it/s, loss=1.499]
  epoch 1/3:  22%|██▏       | 19/88 [00:05<00:19,  3.62it/s, loss=1.499]
  epoch 1/3:  22%|██▏       | 19/88 [00:05<00:19,  3.62it/s, loss=1.487]
  epoch 1/3:  23%|██▎       | 20/88 [00:05<00:18,  3.61it/s, loss=1.487]
  epoch 1/3:  23%|██▎       | 20/88 [00:06<00:18,  3.61it/s, loss=1.480]
  epoch 1/3:  24%|██▍       | 21/88 [00:06<00:18,  3.61it/s, loss=1.480]
  epoch 1/3:  24%|██▍       | 21/88 [00:06<00:18,  3.61it/s, loss=1.473]
  epoch 1/3:  25%|██▌       | 22/88 [00:06<00:18,  3.62it/s, loss=1.473]
  epoch 1/3:  25%|██▌       | 22/88 [00:06<00:18,  3.62it/s, loss=1.468]
  epoch 1/3:  26%|██▌       | 23/88 [00:06<00:17,  3.61it/s, loss=1.468]
  epoch 1/3:  26%|██▌       | 23/88 [00:06<00:17,  3.61it/s, loss=1.464]
  epoch 1/3:  27%|██▋       | 24/88 [00:06<00:17,  3.62it/s, loss=1.464]
  epoch 1/3:  27%|██▋       | 24/88 [00:07<00:17,  3.62it/s, loss=1.458]
  epoch 1/3:  28%|██▊       | 25/88 [00:07<00:17,  3.63it/s, loss=1.458]
  epoch 1/3:  28%|██▊       | 25/88 [00:07<00:17,  3.63it/s, loss=1.457]
  epoch 1/3:  30%|██▉       | 26/88 [00:07<00:17,  3.62it/s, loss=1.457]
  epoch 1/3:  30%|██▉       | 26/88 [00:07<00:17,  3.62it/s, loss=1.454]
  epoch 1/3:  31%|███       | 27/88 [00:07<00:16,  3.64it/s, loss=1.454]
  epoch 1/3:  31%|███       | 27/88 [00:07<00:16,  3.64it/s, loss=1.445]
  epoch 1/3:  32%|███▏      | 28/88 [00:07<00:16,  3.63it/s, loss=1.445]
  epoch 1/3:  32%|███▏      | 28/88 [00:08<00:16,  3.63it/s, loss=1.436]
  epoch 1/3:  33%|███▎      | 29/88 [00:08<00:16,  3.65it/s, loss=1.436]
  epoch 1/3:  33%|███▎      | 29/88 [00:08<00:16,  3.65it/s, loss=1.425]
  epoch 1/3:  34%|███▍      | 30/88 [00:08<00:15,  3.64it/s, loss=1.425]
  epoch 1/3:  34%|███▍      | 30/88 [00:08<00:15,  3.64it/s, loss=1.419]
  epoch 1/3:  35%|███▌      | 31/88 [00:08<00:15,  3.62it/s, loss=1.419]
  epoch 1/3:  35%|███▌      | 31/88 [00:09<00:15,  3.62it/s, loss=1.409]
  epoch 1/3:  36%|███▋      | 32/88 [00:09<00:15,  3.58it/s, loss=1.409]
  epoch 1/3:  36%|███▋      | 32/88 [00:09<00:15,  3.58it/s, loss=1.401]
  epoch 1/3:  38%|███▊      | 33/88 [00:09<00:15,  3.61it/s, loss=1.401]
  epoch 1/3:  38%|███▊      | 33/88 [00:09<00:15,  3.61it/s, loss=1.396]
  epoch 1/3:  39%|███▊      | 34/88 [00:09<00:14,  3.62it/s, loss=1.396]
  epoch 1/3:  39%|███▊      | 34/88 [00:09<00:14,  3.62it/s, loss=1.391]
  epoch 1/3:  40%|███▉      | 35/88 [00:09<00:14,  3.64it/s, loss=1.391]
  epoch 1/3:  40%|███▉      | 35/88 [00:10<00:14,  3.64it/s, loss=1.387]
  epoch 1/3:  41%|████      | 36/88 [00:10<00:14,  3.63it/s, loss=1.387]
  epoch 1/3:  41%|████      | 36/88 [00:10<00:14,  3.63it/s, loss=1.380]
  epoch 1/3:  42%|████▏     | 37/88 [00:10<00:14,  3.61it/s, loss=1.380]
  epoch 1/3:  42%|████▏     | 37/88 [00:10<00:14,  3.61it/s, loss=1.377]
  epoch 1/3:  43%|████▎     | 38/88 [00:10<00:13,  3.63it/s, loss=1.377]
  epoch 1/3:  43%|████▎     | 38/88 [00:11<00:13,  3.63it/s, loss=1.372]
  epoch 1/3:  44%|████▍     | 39/88 [00:11<00:13,  3.63it/s, loss=1.372]
  epoch 1/3:  44%|████▍     | 39/88 [00:11<00:13,  3.63it/s, loss=1.366]
  epoch 1/3:  45%|████▌     | 40/88 [00:11<00:13,  3.64it/s, loss=1.366]
  epoch 1/3:  45%|████▌     | 40/88 [00:11<00:13,  3.64it/s, loss=1.361]
  epoch 1/3:  47%|████▋     | 41/88 [00:11<00:12,  3.65it/s, loss=1.361]
  epoch 1/3:  47%|████▋     | 41/88 [00:11<00:12,  3.65it/s, loss=1.357]
  epoch 1/3:  48%|████▊     | 42/88 [00:11<00:12,  3.65it/s, loss=1.357]
  epoch 1/3:  48%|████▊     | 42/88 [00:12<00:12,  3.65it/s, loss=1.350]
  epoch 1/3:  49%|████▉     | 43/88 [00:12<00:12,  3.64it/s, loss=1.350]
  epoch 1/3:  49%|████▉     | 43/88 [00:12<00:12,  3.64it/s, loss=1.346]
  epoch 1/3:  50%|█████     | 44/88 [00:12<00:12,  3.66it/s, loss=1.346]
  epoch 1/3:  50%|█████     | 44/88 [00:12<00:12,  3.66it/s, loss=1.340]
  epoch 1/3:  51%|█████     | 45/88 [00:12<00:11,  3.64it/s, loss=1.340]
  epoch 1/3:  51%|█████     | 45/88 [00:12<00:11,  3.64it/s, loss=1.331]
  epoch 1/3:  52%|█████▏    | 46/88 [00:12<00:11,  3.63it/s, loss=1.331]
  epoch 1/3:  52%|█████▏    | 46/88 [00:13<00:11,  3.63it/s, loss=1.323]
  epoch 1/3:  53%|█████▎    | 47/88 [00:13<00:11,  3.63it/s, loss=1.323]
  epoch 1/3:  53%|█████▎    | 47/88 [00:13<00:11,  3.63it/s, loss=1.317]
  epoch 1/3:  55%|█████▍    | 48/88 [00:13<00:11,  3.56it/s, loss=1.317]
  epoch 1/3:  55%|█████▍    | 48/88 [00:13<00:11,  3.56it/s, loss=1.308]
  epoch 1/3:  56%|█████▌    | 49/88 [00:13<00:10,  3.59it/s, loss=1.308]
  epoch 1/3:  56%|█████▌    | 49/88 [00:14<00:10,  3.59it/s, loss=1.302]
  epoch 1/3:  57%|█████▋    | 50/88 [00:14<00:10,  3.60it/s, loss=1.302]
  epoch 1/3:  57%|█████▋    | 50/88 [00:14<00:10,  3.60it/s, loss=1.294]
  epoch 1/3:  58%|█████▊    | 51/88 [00:14<00:10,  3.63it/s, loss=1.294]
  epoch 1/3:  58%|█████▊    | 51/88 [00:14<00:10,  3.63it/s, loss=1.288]
  epoch 1/3:  59%|█████▉    | 52/88 [00:14<00:09,  3.63it/s, loss=1.288]
  epoch 1/3:  59%|█████▉    | 52/88 [00:14<00:09,  3.63it/s, loss=1.283]
  epoch 1/3:  60%|██████    | 53/88 [00:14<00:09,  3.64it/s, loss=1.283]
  epoch 1/3:  60%|██████    | 53/88 [00:15<00:09,  3.64it/s, loss=1.276]
  epoch 1/3:  61%|██████▏   | 54/88 [00:15<00:09,  3.61it/s, loss=1.276]
  epoch 1/3:  61%|██████▏   | 54/88 [00:15<00:09,  3.61it/s, loss=1.272]
  epoch 1/3:  62%|██████▎   | 55/88 [00:15<00:09,  3.61it/s, loss=1.272]
  epoch 1/3:  62%|██████▎   | 55/88 [00:15<00:09,  3.61it/s, loss=1.268]
  epoch 1/3:  64%|██████▎   | 56/88 [00:15<00:08,  3.64it/s, loss=1.268]
  epoch 1/3:  64%|██████▎   | 56/88 [00:15<00:08,  3.64it/s, loss=1.261]
  epoch 1/3:  65%|██████▍   | 57/88 [00:15<00:08,  3.63it/s, loss=1.261]
  epoch 1/3:  65%|██████▍   | 57/88 [00:16<00:08,  3.63it/s, loss=1.255]
  epoch 1/3:  66%|██████▌   | 58/88 [00:16<00:08,  3.65it/s, loss=1.255]
  epoch 1/3:  66%|██████▌   | 58/88 [00:16<00:08,  3.65it/s, loss=1.250]
  epoch 1/3:  67%|██████▋   | 59/88 [00:16<00:07,  3.64it/s, loss=1.250]
  epoch 1/3:  67%|██████▋   | 59/88 [00:16<00:07,  3.64it/s, loss=1.244]
  epoch 1/3:  68%|██████▊   | 60/88 [00:16<00:07,  3.66it/s, loss=1.244]
  epoch 1/3:  68%|██████▊   | 60/88 [00:17<00:07,  3.66it/s, loss=1.239]
  epoch 1/3:  69%|██████▉   | 61/88 [00:17<00:07,  3.65it/s, loss=1.239]
  epoch 1/3:  69%|██████▉   | 61/88 [00:17<00:07,  3.65it/s, loss=1.234]
  epoch 1/3:  70%|███████   | 62/88 [00:17<00:07,  3.66it/s, loss=1.234]
  epoch 1/3:  70%|███████   | 62/88 [00:17<00:07,  3.66it/s, loss=1.228]
  epoch 1/3:  72%|███████▏  | 63/88 [00:17<00:06,  3.65it/s, loss=1.228]
  epoch 1/3:  72%|███████▏  | 63/88 [00:17<00:06,  3.65it/s, loss=1.223]
  epoch 1/3:  73%|███████▎  | 64/88 [00:17<00:06,  3.60it/s, loss=1.223]
  epoch 1/3:  73%|███████▎  | 64/88 [00:18<00:06,  3.60it/s, loss=1.217]
  epoch 1/3:  74%|███████▍  | 65/88 [00:18<00:06,  3.62it/s, loss=1.217]
  epoch 1/3:  74%|███████▍  | 65/88 [00:18<00:06,  3.62it/s, loss=1.210]
  epoch 1/3:  75%|███████▌  | 66/88 [00:18<00:06,  3.62it/s, loss=1.210]
  epoch 1/3:  75%|███████▌  | 66/88 [00:18<00:06,  3.62it/s, loss=1.205]
  epoch 1/3:  76%|███████▌  | 67/88 [00:18<00:05,  3.62it/s, loss=1.205]
  epoch 1/3:  76%|███████▌  | 67/88 [00:18<00:05,  3.62it/s, loss=1.200]
  epoch 1/3:  77%|███████▋  | 68/88 [00:18<00:05,  3.64it/s, loss=1.200]
  epoch 1/3:  77%|███████▋  | 68/88 [00:19<00:05,  3.64it/s, loss=1.195]
  epoch 1/3:  78%|███████▊  | 69/88 [00:19<00:05,  3.63it/s, loss=1.195]
  epoch 1/3:  78%|███████▊  | 69/88 [00:19<00:05,  3.63it/s, loss=1.189]
  epoch 1/3:  80%|███████▉  | 70/88 [00:19<00:04,  3.65it/s, loss=1.189]
  epoch 1/3:  80%|███████▉  | 70/88 [00:19<00:04,  3.65it/s, loss=1.183]
  epoch 1/3:  81%|████████  | 71/88 [00:19<00:04,  3.64it/s, loss=1.183]
  epoch 1/3:  81%|████████  | 71/88 [00:20<00:04,  3.64it/s, loss=1.177]
  epoch 1/3:  82%|████████▏ | 72/88 [00:20<00:04,  3.66it/s, loss=1.177]
  epoch 1/3:  82%|████████▏ | 72/88 [00:20<00:04,  3.66it/s, loss=1.171]
  epoch 1/3:  83%|████████▎ | 73/88 [00:20<00:04,  3.64it/s, loss=1.171]
  epoch 1/3:  83%|████████▎ | 73/88 [00:20<00:04,  3.64it/s, loss=1.166]
  epoch 1/3:  84%|████████▍ | 74/88 [00:20<00:03,  3.65it/s, loss=1.166]
  epoch 1/3:  84%|████████▍ | 74/88 [00:20<00:03,  3.65it/s, loss=1.162]
  epoch 1/3:  85%|████████▌ | 75/88 [00:20<00:03,  3.63it/s, loss=1.162]
  epoch 1/3:  85%|████████▌ | 75/88 [00:21<00:03,  3.63it/s, loss=1.158]
  epoch 1/3:  86%|████████▋ | 76/88 [00:21<00:03,  3.63it/s, loss=1.158]
  epoch 1/3:  86%|████████▋ | 76/88 [00:21<00:03,  3.63it/s, loss=1.154]
  epoch 1/3:  88%|████████▊ | 77/88 [00:21<00:03,  3.63it/s, loss=1.154]
  epoch 1/3:  88%|████████▊ | 77/88 [00:21<00:03,  3.63it/s, loss=1.148]
  epoch 1/3:  89%|████████▊ | 78/88 [00:21<00:02,  3.63it/s, loss=1.148]
  epoch 1/3:  89%|████████▊ | 78/88 [00:22<00:02,  3.63it/s, loss=1.144]
  epoch 1/3:  90%|████████▉ | 79/88 [00:22<00:02,  3.64it/s, loss=1.144]
  epoch 1/3:  90%|████████▉ | 79/88 [00:22<00:02,  3.64it/s, loss=1.139]
  epoch 1/3:  91%|█████████ | 80/88 [00:22<00:02,  3.58it/s, loss=1.139]
  epoch 1/3:  91%|█████████ | 80/88 [00:22<00:02,  3.58it/s, loss=1.132]
  epoch 1/3:  92%|█████████▏| 81/88 [00:22<00:01,  3.59it/s, loss=1.132]
  epoch 1/3:  92%|█████████▏| 81/88 [00:22<00:01,  3.59it/s, loss=1.127]
  epoch 1/3:  93%|█████████▎| 82/88 [00:22<00:01,  3.59it/s, loss=1.127]
  epoch 1/3:  93%|█████████▎| 82/88 [00:23<00:01,  3.59it/s, loss=1.123]
  epoch 1/3:  94%|█████████▍| 83/88 [00:23<00:01,  3.60it/s, loss=1.123]
  epoch 1/3:  94%|█████████▍| 83/88 [00:23<00:01,  3.60it/s, loss=1.117]
  epoch 1/3:  95%|█████████▌| 84/88 [00:23<00:01,  3.62it/s, loss=1.117]
  epoch 1/3:  95%|█████████▌| 84/88 [00:23<00:01,  3.62it/s, loss=1.112]
  epoch 1/3:  97%|█████████▋| 85/88 [00:23<00:00,  3.62it/s, loss=1.112]
  epoch 1/3:  97%|█████████▋| 85/88 [00:23<00:00,  3.62it/s, loss=1.109]
  epoch 1/3:  98%|█████████▊| 86/88 [00:23<00:00,  3.63it/s, loss=1.109]
  epoch 1/3:  98%|█████████▊| 86/88 [00:24<00:00,  3.63it/s, loss=1.104]
  epoch 1/3:  99%|█████████▉| 87/88 [00:24<00:00,  3.62it/s, loss=1.104]
  epoch 1/3:  99%|█████████▉| 87/88 [00:24<00:00,  3.62it/s, loss=1.101]
  epoch 1/3: 100%|██████████| 88/88 [00:24<00:00,  3.97it/s, loss=1.101]
                                                                        

  epoch 2/3:   0%|          | 0/88 [00:00<?, ?it/s]
  epoch 2/3:   0%|          | 0/88 [00:00<?, ?it/s, loss=0.681]
  epoch 2/3:   1%|          | 1/88 [00:00<00:47,  1.83it/s, loss=0.681]
  epoch 2/3:   1%|          | 1/88 [00:00<00:47,  1.83it/s, loss=0.674]
  epoch 2/3:   2%|▏         | 2/88 [00:00<00:33,  2.58it/s, loss=0.674]
  epoch 2/3:   2%|▏         | 2/88 [00:01<00:33,  2.58it/s, loss=0.657]
  epoch 2/3:   3%|▎         | 3/88 [00:01<00:28,  2.99it/s, loss=0.657]
  epoch 2/3:   3%|▎         | 3/88 [00:01<00:28,  2.99it/s, loss=0.632]
  epoch 2/3:   5%|▍         | 4/88 [00:01<00:26,  3.21it/s, loss=0.632]
  epoch 2/3:   5%|▍         | 4/88 [00:01<00:26,  3.21it/s, loss=0.636]
  epoch 2/3:   6%|▌         | 5/88 [00:01<00:24,  3.37it/s, loss=0.636]
  epoch 2/3:   6%|▌         | 5/88 [00:01<00:24,  3.37it/s, loss=0.640]
  epoch 2/3:   7%|▋         | 6/88 [00:01<00:23,  3.46it/s, loss=0.640]
  epoch 2/3:   7%|▋         | 6/88 [00:02<00:23,  3.46it/s, loss=0.625]
  epoch 2/3:   8%|▊         | 7/88 [00:02<00:22,  3.53it/s, loss=0.625]
  epoch 2/3:   8%|▊         | 7/88 [00:02<00:22,  3.53it/s, loss=0.614]
  epoch 2/3:   9%|▉         | 8/88 [00:02<00:22,  3.52it/s, loss=0.614]
  epoch 2/3:   9%|▉         | 8/88 [00:02<00:22,  3.52it/s, loss=0.614]
  epoch 2/3:  10%|█         | 9/88 [00:02<00:22,  3.55it/s, loss=0.614]
  epoch 2/3:  10%|█         | 9/88 [00:03<00:22,  3.55it/s, loss=0.609]
  epoch 2/3:  11%|█▏        | 10/88 [00:03<00:21,  3.59it/s, loss=0.609]
  epoch 2/3:  11%|█▏        | 10/88 [00:03<00:21,  3.59it/s, loss=0.611]
  epoch 2/3:  12%|█▎        | 11/88 [00:03<00:21,  3.59it/s, loss=0.611]
  epoch 2/3:  12%|█▎        | 11/88 [00:03<00:21,  3.59it/s, loss=0.618]
  epoch 2/3:  14%|█▎        | 12/88 [00:03<00:21,  3.59it/s, loss=0.618]
  epoch 2/3:  14%|█▎        | 12/88 [00:03<00:21,  3.59it/s, loss=0.617]
  epoch 2/3:  15%|█▍        | 13/88 [00:03<00:20,  3.62it/s, loss=0.617]
  epoch 2/3:  15%|█▍        | 13/88 [00:04<00:20,  3.62it/s, loss=0.619]
  epoch 2/3:  16%|█▌        | 14/88 [00:04<00:20,  3.62it/s, loss=0.619]
  epoch 2/3:  16%|█▌        | 14/88 [00:04<00:20,  3.62it/s, loss=0.625]
  epoch 2/3:  17%|█▋        | 15/88 [00:04<00:20,  3.63it/s, loss=0.625]
  epoch 2/3:  17%|█▋        | 15/88 [00:04<00:20,  3.63it/s, loss=0.627]
  epoch 2/3:  18%|█▊        | 16/88 [00:04<00:19,  3.62it/s, loss=0.627]
  epoch 2/3:  18%|█▊        | 16/88 [00:04<00:19,  3.62it/s, loss=0.625]
  epoch 2/3:  19%|█▉        | 17/88 [00:04<00:19,  3.62it/s, loss=0.625]
  epoch 2/3:  19%|█▉        | 17/88 [00:05<00:19,  3.62it/s, loss=0.614]
  epoch 2/3:  20%|██        | 18/88 [00:05<00:19,  3.63it/s, loss=0.614]
  epoch 2/3:  20%|██        | 18/88 [00:05<00:19,  3.63it/s, loss=0.608]
  epoch 2/3:  22%|██▏       | 19/88 [00:05<00:19,  3.63it/s, loss=0.608]
  epoch 2/3:  22%|██▏       | 19/88 [00:05<00:19,  3.63it/s, loss=0.603]
  epoch 2/3:  23%|██▎       | 20/88 [00:05<00:18,  3.64it/s, loss=0.603]
  epoch 2/3:  23%|██▎       | 20/88 [00:06<00:18,  3.64it/s, loss=0.601]
  epoch 2/3:  24%|██▍       | 21/88 [00:06<00:18,  3.62it/s, loss=0.601]
  epoch 2/3:  24%|██▍       | 21/88 [00:06<00:18,  3.62it/s, loss=0.590]
  epoch 2/3:  25%|██▌       | 22/88 [00:06<00:18,  3.62it/s, loss=0.590]
  epoch 2/3:  25%|██▌       | 22/88 [00:06<00:18,  3.62it/s, loss=0.586]
  epoch 2/3:  26%|██▌       | 23/88 [00:06<00:17,  3.62it/s, loss=0.586]
  epoch 2/3:  26%|██▌       | 23/88 [00:06<00:17,  3.62it/s, loss=0.584]
  epoch 2/3:  27%|██▋       | 24/88 [00:06<00:17,  3.57it/s, loss=0.584]
  epoch 2/3:  27%|██▋       | 24/88 [00:07<00:17,  3.57it/s, loss=0.583]
  epoch 2/3:  28%|██▊       | 25/88 [00:07<00:17,  3.58it/s, loss=0.583]
  epoch 2/3:  28%|██▊       | 25/88 [00:07<00:17,  3.58it/s, loss=0.578]
  epoch 2/3:  30%|██▉       | 26/88 [00:07<00:17,  3.59it/s, loss=0.578]
  epoch 2/3:  30%|██▉       | 26/88 [00:07<00:17,  3.59it/s, loss=0.574]
  epoch 2/3:  31%|███       | 27/88 [00:07<00:16,  3.62it/s, loss=0.574]
  epoch 2/3:  31%|███       | 27/88 [00:07<00:16,  3.62it/s, loss=0.569]
  epoch 2/3:  32%|███▏      | 28/88 [00:07<00:16,  3.61it/s, loss=0.569]
  epoch 2/3:  32%|███▏      | 28/88 [00:08<00:16,  3.61it/s, loss=0.569]
  epoch 2/3:  33%|███▎      | 29/88 [00:08<00:16,  3.60it/s, loss=0.569]
  epoch 2/3:  33%|███▎      | 29/88 [00:08<00:16,  3.60it/s, loss=0.566]
  epoch 2/3:  34%|███▍      | 30/88 [00:08<00:16,  3.62it/s, loss=0.566]
  epoch 2/3:  34%|███▍      | 30/88 [00:08<00:16,  3.62it/s, loss=0.563]
  epoch 2/3:  35%|███▌      | 31/88 [00:08<00:15,  3.61it/s, loss=0.563]
  epoch 2/3:  35%|███▌      | 31/88 [00:09<00:15,  3.61it/s, loss=0.562]
  epoch 2/3:  36%|███▋      | 32/88 [00:09<00:15,  3.61it/s, loss=0.562]
  epoch 2/3:  36%|███▋      | 32/88 [00:09<00:15,  3.61it/s, loss=0.559]
  epoch 2/3:  38%|███▊      | 33/88 [00:09<00:15,  3.62it/s, loss=0.559]
  epoch 2/3:  38%|███▊      | 33/88 [00:09<00:15,  3.62it/s, loss=0.556]
  epoch 2/3:  39%|███▊      | 34/88 [00:09<00:14,  3.60it/s, loss=0.556]
  epoch 2/3:  39%|███▊      | 34/88 [00:09<00:14,  3.60it/s, loss=0.551]
  epoch 2/3:  40%|███▉      | 35/88 [00:09<00:14,  3.59it/s, loss=0.551]
  epoch 2/3:  40%|███▉      | 35/88 [00:10<00:14,  3.59it/s, loss=0.545]
  epoch 2/3:  41%|████      | 36/88 [00:10<00:14,  3.58it/s, loss=0.545]
  epoch 2/3:  41%|████      | 36/88 [00:10<00:14,  3.58it/s, loss=0.543]
  epoch 2/3:  42%|████▏     | 37/88 [00:10<00:14,  3.58it/s, loss=0.543]
  epoch 2/3:  42%|████▏     | 37/88 [00:10<00:14,  3.58it/s, loss=0.540]
  epoch 2/3:  43%|████▎     | 38/88 [00:10<00:13,  3.59it/s, loss=0.540]
  epoch 2/3:  43%|████▎     | 38/88 [00:11<00:13,  3.59it/s, loss=0.536]
  epoch 2/3:  44%|████▍     | 39/88 [00:11<00:13,  3.58it/s, loss=0.536]
  epoch 2/3:  44%|████▍     | 39/88 [00:11<00:13,  3.58it/s, loss=0.537]
  epoch 2/3:  45%|████▌     | 40/88 [00:11<00:13,  3.54it/s, loss=0.537]
  epoch 2/3:  45%|████▌     | 40/88 [00:11<00:13,  3.54it/s, loss=0.534]
  epoch 2/3:  47%|████▋     | 41/88 [00:11<00:13,  3.56it/s, loss=0.534]
  epoch 2/3:  47%|████▋     | 41/88 [00:11<00:13,  3.56it/s, loss=0.531]
  epoch 2/3:  48%|████▊     | 42/88 [00:11<00:12,  3.56it/s, loss=0.531]
  epoch 2/3:  48%|████▊     | 42/88 [00:12<00:12,  3.56it/s, loss=0.527]
  epoch 2/3:  49%|████▉     | 43/88 [00:12<00:12,  3.60it/s, loss=0.527]
  epoch 2/3:  49%|████▉     | 43/88 [00:12<00:12,  3.60it/s, loss=0.523]
  epoch 2/3:  50%|█████     | 44/88 [00:12<00:12,  3.59it/s, loss=0.523]
  epoch 2/3:  50%|█████     | 44/88 [00:12<00:12,  3.59it/s, loss=0.520]
  epoch 2/3:  51%|█████     | 45/88 [00:12<00:12,  3.58it/s, loss=0.520]
  epoch 2/3:  51%|█████     | 45/88 [00:13<00:12,  3.58it/s, loss=0.519]
  epoch 2/3:  52%|█████▏    | 46/88 [00:13<00:11,  3.59it/s, loss=0.519]
  epoch 2/3:  52%|█████▏    | 46/88 [00:13<00:11,  3.59it/s, loss=0.516]
  epoch 2/3:  53%|█████▎    | 47/88 [00:13<00:11,  3.59it/s, loss=0.516]
  epoch 2/3:  53%|█████▎    | 47/88 [00:13<00:11,  3.59it/s, loss=0.515]
  epoch 2/3:  55%|█████▍    | 48/88 [00:13<00:11,  3.59it/s, loss=0.515]
  epoch 2/3:  55%|█████▍    | 48/88 [00:13<00:11,  3.59it/s, loss=0.510]
  epoch 2/3:  56%|█████▌    | 49/88 [00:13<00:10,  3.59it/s, loss=0.510]
  epoch 2/3:  56%|█████▌    | 49/88 [00:14<00:10,  3.59it/s, loss=0.506]
  epoch 2/3:  57%|█████▋    | 50/88 [00:14<00:10,  3.61it/s, loss=0.506]
  epoch 2/3:  57%|█████▋    | 50/88 [00:14<00:10,  3.61it/s, loss=0.504]
  epoch 2/3:  58%|█████▊    | 51/88 [00:14<00:10,  3.59it/s, loss=0.504]
  epoch 2/3:  58%|█████▊    | 51/88 [00:14<00:10,  3.59it/s, loss=0.500]
  epoch 2/3:  59%|█████▉    | 52/88 [00:14<00:10,  3.59it/s, loss=0.500]
  epoch 2/3:  59%|█████▉    | 52/88 [00:14<00:10,  3.59it/s, loss=0.496]
  epoch 2/3:  60%|██████    | 53/88 [00:14<00:09,  3.59it/s, loss=0.496]
  epoch 2/3:  60%|██████    | 53/88 [00:15<00:09,  3.59it/s, loss=0.493]
  epoch 2/3:  61%|██████▏   | 54/88 [00:15<00:09,  3.60it/s, loss=0.493]
  epoch 2/3:  61%|██████▏   | 54/88 [00:15<00:09,  3.60it/s, loss=0.491]
  epoch 2/3:  62%|██████▎   | 55/88 [00:15<00:09,  3.59it/s, loss=0.491]
  epoch 2/3:  62%|██████▎   | 55/88 [00:15<00:09,  3.59it/s, loss=0.488]
  epoch 2/3:  64%|██████▎   | 56/88 [00:15<00:09,  3.53it/s, loss=0.488]
  epoch 2/3:  64%|██████▎   | 56/88 [00:16<00:09,  3.53it/s, loss=0.486]
  epoch 2/3:  65%|██████▍   | 57/88 [00:16<00:08,  3.56it/s, loss=0.486]
  epoch 2/3:  65%|██████▍   | 57/88 [00:16<00:08,  3.56it/s, loss=0.485]
  epoch 2/3:  66%|██████▌   | 58/88 [00:16<00:08,  3.56it/s, loss=0.485]
  epoch 2/3:  66%|██████▌   | 58/88 [00:16<00:08,  3.56it/s, loss=0.483]
  epoch 2/3:  67%|██████▋   | 59/88 [00:16<00:08,  3.57it/s, loss=0.483]
  epoch 2/3:  67%|██████▋   | 59/88 [00:16<00:08,  3.57it/s, loss=0.480]
  epoch 2/3:  68%|██████▊   | 60/88 [00:16<00:07,  3.58it/s, loss=0.480]
  epoch 2/3:  68%|██████▊   | 60/88 [00:17<00:07,  3.58it/s, loss=0.477]
  epoch 2/3:  69%|██████▉   | 61/88 [00:17<00:07,  3.60it/s, loss=0.477]
  epoch 2/3:  69%|██████▉   | 61/88 [00:17<00:07,  3.60it/s, loss=0.474]
  epoch 2/3:  70%|███████   | 62/88 [00:17<00:07,  3.59it/s, loss=0.474]
  epoch 2/3:  70%|███████   | 62/88 [00:17<00:07,  3.59it/s, loss=0.471]
  epoch 2/3:  72%|███████▏  | 63/88 [00:17<00:06,  3.60it/s, loss=0.471]
  epoch 2/3:  72%|███████▏  | 63/88 [00:18<00:06,  3.60it/s, loss=0.468]
  epoch 2/3:  73%|███████▎  | 64/88 [00:18<00:06,  3.61it/s, loss=0.468]
  epoch 2/3:  73%|███████▎  | 64/88 [00:18<00:06,  3.61it/s, loss=0.466]
  epoch 2/3:  74%|███████▍  | 65/88 [00:18<00:06,  3.60it/s, loss=0.466]
  epoch 2/3:  74%|███████▍  | 65/88 [00:18<00:06,  3.60it/s, loss=0.464]
  epoch 2/3:  75%|███████▌  | 66/88 [00:18<00:06,  3.60it/s, loss=0.464]
  epoch 2/3:  75%|███████▌  | 66/88 [00:18<00:06,  3.60it/s, loss=0.463]
  epoch 2/3:  76%|███████▌  | 67/88 [00:18<00:05,  3.63it/s, loss=0.463]
  epoch 2/3:  76%|███████▌  | 67/88 [00:19<00:05,  3.63it/s, loss=0.461]
  epoch 2/3:  77%|███████▋  | 68/88 [00:19<00:05,  3.63it/s, loss=0.461]
  epoch 2/3:  77%|███████▋  | 68/88 [00:19<00:05,  3.63it/s, loss=0.460]
  epoch 2/3:  78%|███████▊  | 69/88 [00:19<00:05,  3.64it/s, loss=0.460]
  epoch 2/3:  78%|███████▊  | 69/88 [00:19<00:05,  3.64it/s, loss=0.458]
  epoch 2/3:  80%|███████▉  | 70/88 [00:19<00:04,  3.63it/s, loss=0.458]
  epoch 2/3:  80%|███████▉  | 70/88 [00:19<00:04,  3.63it/s, loss=0.458]
  epoch 2/3:  81%|████████  | 71/88 [00:19<00:04,  3.64it/s, loss=0.458]
  epoch 2/3:  81%|████████  | 71/88 [00:20<00:04,  3.64it/s, loss=0.456]
  epoch 2/3:  82%|████████▏ | 72/88 [00:20<00:04,  3.57it/s, loss=0.456]
  epoch 2/3:  82%|████████▏ | 72/88 [00:20<00:04,  3.57it/s, loss=0.453]
  epoch 2/3:  83%|████████▎ | 73/88 [00:20<00:04,  3.60it/s, loss=0.453]
  epoch 2/3:  83%|████████▎ | 73/88 [00:20<00:04,  3.60it/s, loss=0.452]
  epoch 2/3:  84%|████████▍ | 74/88 [00:20<00:03,  3.59it/s, loss=0.452]
  epoch 2/3:  84%|████████▍ | 74/88 [00:21<00:03,  3.59it/s, loss=0.450]
  epoch 2/3:  85%|████████▌ | 75/88 [00:21<00:03,  3.60it/s, loss=0.450]
  epoch 2/3:  85%|████████▌ | 75/88 [00:21<00:03,  3.60it/s, loss=0.448]
  epoch 2/3:  86%|████████▋ | 76/88 [00:21<00:03,  3.61it/s, loss=0.448]
  epoch 2/3:  86%|████████▋ | 76/88 [00:21<00:03,  3.61it/s, loss=0.444]
  epoch 2/3:  88%|████████▊ | 77/88 [00:21<00:03,  3.62it/s, loss=0.444]
  epoch 2/3:  88%|████████▊ | 77/88 [00:21<00:03,  3.62it/s, loss=0.442]
  epoch 2/3:  89%|████████▊ | 78/88 [00:21<00:02,  3.64it/s, loss=0.442]
  epoch 2/3:  89%|████████▊ | 78/88 [00:22<00:02,  3.64it/s, loss=0.440]
  epoch 2/3:  90%|████████▉ | 79/88 [00:22<00:02,  3.63it/s, loss=0.440]
  epoch 2/3:  90%|████████▉ | 79/88 [00:22<00:02,  3.63it/s, loss=0.438]
  epoch 2/3:  91%|█████████ | 80/88 [00:22<00:02,  3.62it/s, loss=0.438]
  epoch 2/3:  91%|█████████ | 80/88 [00:22<00:02,  3.62it/s, loss=0.435]
  epoch 2/3:  92%|█████████▏| 81/88 [00:22<00:01,  3.62it/s, loss=0.435]
  epoch 2/3:  92%|█████████▏| 81/88 [00:23<00:01,  3.62it/s, loss=0.433]
  epoch 2/3:  93%|█████████▎| 82/88 [00:23<00:01,  3.60it/s, loss=0.433]
  epoch 2/3:  93%|█████████▎| 82/88 [00:23<00:01,  3.60it/s, loss=0.431]
  epoch 2/3:  94%|█████████▍| 83/88 [00:23<00:01,  3.59it/s, loss=0.431]
  epoch 2/3:  94%|█████████▍| 83/88 [00:23<00:01,  3.59it/s, loss=0.429]
  epoch 2/3:  95%|█████████▌| 84/88 [00:23<00:01,  3.60it/s, loss=0.429]
  epoch 2/3:  95%|█████████▌| 84/88 [00:23<00:01,  3.60it/s, loss=0.427]
  epoch 2/3:  97%|█████████▋| 85/88 [00:23<00:00,  3.61it/s, loss=0.427]
  epoch 2/3:  97%|█████████▋| 85/88 [00:24<00:00,  3.61it/s, loss=0.426]
  epoch 2/3:  98%|█████████▊| 86/88 [00:24<00:00,  3.61it/s, loss=0.426]
  epoch 2/3:  98%|█████████▊| 86/88 [00:24<00:00,  3.61it/s, loss=0.425]
  epoch 2/3:  99%|█████████▉| 87/88 [00:24<00:00,  3.60it/s, loss=0.425]
  epoch 2/3:  99%|█████████▉| 87/88 [00:24<00:00,  3.60it/s, loss=0.424]
  epoch 2/3: 100%|██████████| 88/88 [00:24<00:00,  3.87it/s, loss=0.424]
                                                                        

  epoch 3/3:   0%|          | 0/88 [00:00<?, ?it/s]
  epoch 3/3:   0%|          | 0/88 [00:00<?, ?it/s, loss=0.218]
  epoch 3/3:   1%|          | 1/88 [00:00<00:46,  1.86it/s, loss=0.218]
  epoch 3/3:   1%|          | 1/88 [00:00<00:46,  1.86it/s, loss=0.242]
  epoch 3/3:   2%|▏         | 2/88 [00:00<00:33,  2.60it/s, loss=0.242]
  epoch 3/3:   2%|▏         | 2/88 [00:01<00:33,  2.60it/s, loss=0.218]
  epoch 3/3:   3%|▎         | 3/88 [00:01<00:28,  2.98it/s, loss=0.218]
  epoch 3/3:   3%|▎         | 3/88 [00:01<00:28,  2.98it/s, loss=0.211]
  epoch 3/3:   5%|▍         | 4/88 [00:01<00:26,  3.22it/s, loss=0.211]
  epoch 3/3:   5%|▍         | 4/88 [00:01<00:26,  3.22it/s, loss=0.228]
  epoch 3/3:   6%|▌         | 5/88 [00:01<00:24,  3.34it/s, loss=0.228]
  epoch 3/3:   6%|▌         | 5/88 [00:01<00:24,  3.34it/s, loss=0.230]
  epoch 3/3:   7%|▋         | 6/88 [00:01<00:23,  3.43it/s, loss=0.230]
  epoch 3/3:   7%|▋         | 6/88 [00:02<00:23,  3.43it/s, loss=0.228]
  epoch 3/3:   8%|▊         | 7/88 [00:02<00:23,  3.50it/s, loss=0.228]
  epoch 3/3:   8%|▊         | 7/88 [00:02<00:23,  3.50it/s, loss=0.231]
  epoch 3/3:   9%|▉         | 8/88 [00:02<00:22,  3.55it/s, loss=0.231]
  epoch 3/3:   9%|▉         | 8/88 [00:02<00:22,  3.55it/s, loss=0.231]
  epoch 3/3:  10%|█         | 9/88 [00:02<00:22,  3.58it/s, loss=0.231]
  epoch 3/3:  10%|█         | 9/88 [00:03<00:22,  3.58it/s, loss=0.228]
  epoch 3/3:  11%|█▏        | 10/88 [00:03<00:21,  3.59it/s, loss=0.228]
  epoch 3/3:  11%|█▏        | 10/88 [00:03<00:21,  3.59it/s, loss=0.227]
  epoch 3/3:  12%|█▎        | 11/88 [00:03<00:21,  3.60it/s, loss=0.227]
  epoch 3/3:  12%|█▎        | 11/88 [00:03<00:21,  3.60it/s, loss=0.223]
  epoch 3/3:  14%|█▎        | 12/88 [00:03<00:21,  3.61it/s, loss=0.223]
  epoch 3/3:  14%|█▎        | 12/88 [00:03<00:21,  3.61it/s, loss=0.226]
  epoch 3/3:  15%|█▍        | 13/88 [00:03<00:20,  3.61it/s, loss=0.226]
  epoch 3/3:  15%|█▍        | 13/88 [00:04<00:20,  3.61it/s, loss=0.235]
  epoch 3/3:  16%|█▌        | 14/88 [00:04<00:20,  3.63it/s, loss=0.235]
  epoch 3/3:  16%|█▌        | 14/88 [00:04<00:20,  3.63it/s, loss=0.235]
  epoch 3/3:  17%|█▋        | 15/88 [00:04<00:20,  3.62it/s, loss=0.235]
  epoch 3/3:  17%|█▋        | 15/88 [00:04<00:20,  3.62it/s, loss=0.231]
  epoch 3/3:  18%|█▊        | 16/88 [00:04<00:20,  3.58it/s, loss=0.231]
  epoch 3/3:  18%|█▊        | 16/88 [00:04<00:20,  3.58it/s, loss=0.233]
  epoch 3/3:  19%|█▉        | 17/88 [00:04<00:19,  3.59it/s, loss=0.233]
  epoch 3/3:  19%|█▉        | 17/88 [00:05<00:19,  3.59it/s, loss=0.238]
  epoch 3/3:  20%|██        | 18/88 [00:05<00:19,  3.61it/s, loss=0.238]
  epoch 3/3:  20%|██        | 18/88 [00:05<00:19,  3.61it/s, loss=0.236]
  epoch 3/3:  22%|██▏       | 19/88 [00:05<00:19,  3.61it/s, loss=0.236]
  epoch 3/3:  22%|██▏       | 19/88 [00:05<00:19,  3.61it/s, loss=0.234]
  epoch 3/3:  23%|██▎       | 20/88 [00:05<00:18,  3.63it/s, loss=0.234]
  epoch 3/3:  23%|██▎       | 20/88 [00:06<00:18,  3.63it/s, loss=0.240]
  epoch 3/3:  24%|██▍       | 21/88 [00:06<00:18,  3.61it/s, loss=0.240]
  epoch 3/3:  24%|██▍       | 21/88 [00:06<00:18,  3.61it/s, loss=0.241]
  epoch 3/3:  25%|██▌       | 22/88 [00:06<00:18,  3.61it/s, loss=0.241]
  epoch 3/3:  25%|██▌       | 22/88 [00:06<00:18,  3.61it/s, loss=0.241]
  epoch 3/3:  26%|██▌       | 23/88 [00:06<00:17,  3.63it/s, loss=0.241]
  epoch 3/3:  26%|██▌       | 23/88 [00:06<00:17,  3.63it/s, loss=0.243]
  epoch 3/3:  27%|██▋       | 24/88 [00:06<00:17,  3.63it/s, loss=0.243]
  epoch 3/3:  27%|██▋       | 24/88 [00:07<00:17,  3.63it/s, loss=0.246]
  epoch 3/3:  28%|██▊       | 25/88 [00:07<00:17,  3.64it/s, loss=0.246]
  epoch 3/3:  28%|██▊       | 25/88 [00:07<00:17,  3.64it/s, loss=0.247]
  epoch 3/3:  30%|██▉       | 26/88 [00:07<00:17,  3.64it/s, loss=0.247]
  epoch 3/3:  30%|██▉       | 26/88 [00:07<00:17,  3.64it/s, loss=0.245]
  epoch 3/3:  31%|███       | 27/88 [00:07<00:16,  3.64it/s, loss=0.245]
  epoch 3/3:  31%|███       | 27/88 [00:07<00:16,  3.64it/s, loss=0.246]
  epoch 3/3:  32%|███▏      | 28/88 [00:07<00:16,  3.62it/s, loss=0.246]
  epoch 3/3:  32%|███▏      | 28/88 [00:08<00:16,  3.62it/s, loss=0.242]
  epoch 3/3:  33%|███▎      | 29/88 [00:08<00:16,  3.62it/s, loss=0.242]
  epoch 3/3:  33%|███▎      | 29/88 [00:08<00:16,  3.62it/s, loss=0.241]
  epoch 3/3:  34%|███▍      | 30/88 [00:08<00:15,  3.63it/s, loss=0.241]
  epoch 3/3:  34%|███▍      | 30/88 [00:08<00:15,  3.63it/s, loss=0.241]
  epoch 3/3:  35%|███▌      | 31/88 [00:08<00:15,  3.63it/s, loss=0.241]
  epoch 3/3:  35%|███▌      | 31/88 [00:09<00:15,  3.63it/s, loss=0.238]
  epoch 3/3:  36%|███▋      | 32/88 [00:09<00:15,  3.57it/s, loss=0.238]
  epoch 3/3:  36%|███▋      | 32/88 [00:09<00:15,  3.57it/s, loss=0.240]
  epoch 3/3:  38%|███▊      | 33/88 [00:09<00:15,  3.58it/s, loss=0.240]
  epoch 3/3:  38%|███▊      | 33/88 [00:09<00:15,  3.58it/s, loss=0.238]
  epoch 3/3:  39%|███▊      | 34/88 [00:09<00:14,  3.61it/s, loss=0.238]
  epoch 3/3:  39%|███▊      | 34/88 [00:09<00:14,  3.61it/s, loss=0.237]
  epoch 3/3:  40%|███▉      | 35/88 [00:09<00:14,  3.60it/s, loss=0.237]
  epoch 3/3:  40%|███▉      | 35/88 [00:10<00:14,  3.60it/s, loss=0.237]
  epoch 3/3:  41%|████      | 36/88 [00:10<00:14,  3.60it/s, loss=0.237]
  epoch 3/3:  41%|████      | 36/88 [00:10<00:14,  3.60it/s, loss=0.241]
  epoch 3/3:  42%|████▏     | 37/88 [00:10<00:14,  3.61it/s, loss=0.241]
  epoch 3/3:  42%|████▏     | 37/88 [00:10<00:14,  3.61it/s, loss=0.240]
  epoch 3/3:  43%|████▎     | 38/88 [00:10<00:13,  3.60it/s, loss=0.240]
  epoch 3/3:  43%|████▎     | 38/88 [00:11<00:13,  3.60it/s, loss=0.238]
  epoch 3/3:  44%|████▍     | 39/88 [00:11<00:13,  3.60it/s, loss=0.238]
  epoch 3/3:  44%|████▍     | 39/88 [00:11<00:13,  3.60it/s, loss=0.237]
  epoch 3/3:  45%|████▌     | 40/88 [00:11<00:13,  3.62it/s, loss=0.237]
  epoch 3/3:  45%|████▌     | 40/88 [00:11<00:13,  3.62it/s, loss=0.236]
  epoch 3/3:  47%|████▋     | 41/88 [00:11<00:13,  3.61it/s, loss=0.236]
  epoch 3/3:  47%|████▋     | 41/88 [00:11<00:13,  3.61it/s, loss=0.236]
  epoch 3/3:  48%|████▊     | 42/88 [00:11<00:12,  3.60it/s, loss=0.236]
  epoch 3/3:  48%|████▊     | 42/88 [00:12<00:12,  3.60it/s, loss=0.236]
  epoch 3/3:  49%|████▉     | 43/88 [00:12<00:12,  3.62it/s, loss=0.236]
  epoch 3/3:  49%|████▉     | 43/88 [00:12<00:12,  3.62it/s, loss=0.235]
  epoch 3/3:  50%|█████     | 44/88 [00:12<00:12,  3.61it/s, loss=0.235]
  epoch 3/3:  50%|█████     | 44/88 [00:12<00:12,  3.61it/s, loss=0.233]
  epoch 3/3:  51%|█████     | 45/88 [00:12<00:11,  3.61it/s, loss=0.233]
  epoch 3/3:  51%|█████     | 45/88 [00:12<00:11,  3.61it/s, loss=0.231]
  epoch 3/3:  52%|█████▏    | 46/88 [00:12<00:11,  3.61it/s, loss=0.231]
  epoch 3/3:  52%|█████▏    | 46/88 [00:13<00:11,  3.61it/s, loss=0.232]
  epoch 3/3:  53%|█████▎    | 47/88 [00:13<00:11,  3.60it/s, loss=0.232]
  epoch 3/3:  53%|█████▎    | 47/88 [00:13<00:11,  3.60it/s, loss=0.233]
  epoch 3/3:  55%|█████▍    | 48/88 [00:13<00:11,  3.56it/s, loss=0.233]
  epoch 3/3:  55%|█████▍    | 48/88 [00:13<00:11,  3.56it/s, loss=0.233]
  epoch 3/3:  56%|█████▌    | 49/88 [00:13<00:10,  3.58it/s, loss=0.233]
  epoch 3/3:  56%|█████▌    | 49/88 [00:14<00:10,  3.58it/s, loss=0.233]
  epoch 3/3:  57%|█████▋    | 50/88 [00:14<00:10,  3.59it/s, loss=0.233]
  epoch 3/3:  57%|█████▋    | 50/88 [00:14<00:10,  3.59it/s, loss=0.232]
  epoch 3/3:  58%|█████▊    | 51/88 [00:14<00:10,  3.60it/s, loss=0.232]
  epoch 3/3:  58%|█████▊    | 51/88 [00:14<00:10,  3.60it/s, loss=0.230]
  epoch 3/3:  59%|█████▉    | 52/88 [00:14<00:09,  3.60it/s, loss=0.230]
  epoch 3/3:  59%|█████▉    | 52/88 [00:14<00:09,  3.60it/s, loss=0.228]
  epoch 3/3:  60%|██████    | 53/88 [00:14<00:09,  3.63it/s, loss=0.228]
  epoch 3/3:  60%|██████    | 53/88 [00:15<00:09,  3.63it/s, loss=0.227]
  epoch 3/3:  61%|██████▏   | 54/88 [00:15<00:09,  3.62it/s, loss=0.227]
  epoch 3/3:  61%|██████▏   | 54/88 [00:15<00:09,  3.62it/s, loss=0.226]
  epoch 3/3:  62%|██████▎   | 55/88 [00:15<00:09,  3.64it/s, loss=0.226]
  epoch 3/3:  62%|██████▎   | 55/88 [00:15<00:09,  3.64it/s, loss=0.226]
  epoch 3/3:  64%|██████▎   | 56/88 [00:15<00:08,  3.62it/s, loss=0.226]
  epoch 3/3:  64%|██████▎   | 56/88 [00:16<00:08,  3.62it/s, loss=0.226]
  epoch 3/3:  65%|██████▍   | 57/88 [00:16<00:08,  3.62it/s, loss=0.226]
  epoch 3/3:  65%|██████▍   | 57/88 [00:16<00:08,  3.62it/s, loss=0.224]
  epoch 3/3:  66%|██████▌   | 58/88 [00:16<00:08,  3.62it/s, loss=0.224]
  epoch 3/3:  66%|██████▌   | 58/88 [00:16<00:08,  3.62it/s, loss=0.224]
  epoch 3/3:  67%|██████▋   | 59/88 [00:16<00:08,  3.62it/s, loss=0.224]
  epoch 3/3:  67%|██████▋   | 59/88 [00:16<00:08,  3.62it/s, loss=0.223]
  epoch 3/3:  68%|██████▊   | 60/88 [00:16<00:07,  3.64it/s, loss=0.223]
  epoch 3/3:  68%|██████▊   | 60/88 [00:17<00:07,  3.64it/s, loss=0.224]
  epoch 3/3:  69%|██████▉   | 61/88 [00:17<00:07,  3.62it/s, loss=0.224]
  epoch 3/3:  69%|██████▉   | 61/88 [00:17<00:07,  3.62it/s, loss=0.223]
  epoch 3/3:  70%|███████   | 62/88 [00:17<00:07,  3.61it/s, loss=0.223]
  epoch 3/3:  70%|███████   | 62/88 [00:17<00:07,  3.61it/s, loss=0.222]
  epoch 3/3:  72%|███████▏  | 63/88 [00:17<00:06,  3.63it/s, loss=0.222]
  epoch 3/3:  72%|███████▏  | 63/88 [00:17<00:06,  3.63it/s, loss=0.223]
  epoch 3/3:  73%|███████▎  | 64/88 [00:17<00:06,  3.58it/s, loss=0.223]
  epoch 3/3:  73%|███████▎  | 64/88 [00:18<00:06,  3.58it/s, loss=0.221]
  epoch 3/3:  74%|███████▍  | 65/88 [00:18<00:06,  3.59it/s, loss=0.221]
  epoch 3/3:  74%|███████▍  | 65/88 [00:18<00:06,  3.59it/s, loss=0.220]
  epoch 3/3:  75%|███████▌  | 66/88 [00:18<00:06,  3.59it/s, loss=0.220]
  epoch 3/3:  75%|███████▌  | 66/88 [00:18<00:06,  3.59it/s, loss=0.220]
  epoch 3/3:  76%|███████▌  | 67/88 [00:18<00:05,  3.61it/s, loss=0.220]
  epoch 3/3:  76%|███████▌  | 67/88 [00:19<00:05,  3.61it/s, loss=0.219]
  epoch 3/3:  77%|███████▋  | 68/88 [00:19<00:05,  3.61it/s, loss=0.219]
  epoch 3/3:  77%|███████▋  | 68/88 [00:19<00:05,  3.61it/s, loss=0.218]
  epoch 3/3:  78%|███████▊  | 69/88 [00:19<00:05,  3.61it/s, loss=0.218]
  epoch 3/3:  78%|███████▊  | 69/88 [00:19<00:05,  3.61it/s, loss=0.216]
  epoch 3/3:  80%|███████▉  | 70/88 [00:19<00:04,  3.62it/s, loss=0.216]
  epoch 3/3:  80%|███████▉  | 70/88 [00:19<00:04,  3.62it/s, loss=0.216]
  epoch 3/3:  81%|████████  | 71/88 [00:19<00:04,  3.62it/s, loss=0.216]
  epoch 3/3:  81%|████████  | 71/88 [00:20<00:04,  3.62it/s, loss=0.215]
  epoch 3/3:  82%|████████▏ | 72/88 [00:20<00:04,  3.63it/s, loss=0.215]
  epoch 3/3:  82%|████████▏ | 72/88 [00:20<00:04,  3.63it/s, loss=0.214]
  epoch 3/3:  83%|████████▎ | 73/88 [00:20<00:04,  3.62it/s, loss=0.214]
  epoch 3/3:  83%|████████▎ | 73/88 [00:20<00:04,  3.62it/s, loss=0.214]
  epoch 3/3:  84%|████████▍ | 74/88 [00:20<00:03,  3.61it/s, loss=0.214]
  epoch 3/3:  84%|████████▍ | 74/88 [00:21<00:03,  3.61it/s, loss=0.213]
  epoch 3/3:  85%|████████▌ | 75/88 [00:21<00:03,  3.61it/s, loss=0.213]
  epoch 3/3:  85%|████████▌ | 75/88 [00:21<00:03,  3.61it/s, loss=0.213]
  epoch 3/3:  86%|████████▋ | 76/88 [00:21<00:03,  3.60it/s, loss=0.213]
  epoch 3/3:  86%|████████▋ | 76/88 [00:21<00:03,  3.60it/s, loss=0.213]
  epoch 3/3:  88%|████████▊ | 77/88 [00:21<00:03,  3.59it/s, loss=0.213]
  epoch 3/3:  88%|████████▊ | 77/88 [00:21<00:03,  3.59it/s, loss=0.212]
  epoch 3/3:  89%|████████▊ | 78/88 [00:21<00:02,  3.60it/s, loss=0.212]
  epoch 3/3:  89%|████████▊ | 78/88 [00:22<00:02,  3.60it/s, loss=0.212]
  epoch 3/3:  90%|████████▉ | 79/88 [00:22<00:02,  3.61it/s, loss=0.212]
  epoch 3/3:  90%|████████▉ | 79/88 [00:22<00:02,  3.61it/s, loss=0.211]
  epoch 3/3:  91%|█████████ | 80/88 [00:22<00:02,  3.55it/s, loss=0.211]
  epoch 3/3:  91%|█████████ | 80/88 [00:22<00:02,  3.55it/s, loss=0.211]
  epoch 3/3:  92%|█████████▏| 81/88 [00:22<00:01,  3.58it/s, loss=0.211]
  epoch 3/3:  92%|█████████▏| 81/88 [00:22<00:01,  3.58it/s, loss=0.209]
  epoch 3/3:  93%|█████████▎| 82/88 [00:22<00:01,  3.58it/s, loss=0.209]
  epoch 3/3:  93%|█████████▎| 82/88 [00:23<00:01,  3.58it/s, loss=0.208]
  epoch 3/3:  94%|█████████▍| 83/88 [00:23<00:01,  3.58it/s, loss=0.208]
  epoch 3/3:  94%|█████████▍| 83/88 [00:23<00:01,  3.58it/s, loss=0.207]
  epoch 3/3:  95%|█████████▌| 84/88 [00:23<00:01,  3.61it/s, loss=0.207]
  epoch 3/3:  95%|█████████▌| 84/88 [00:23<00:01,  3.61it/s, loss=0.206]
  epoch 3/3:  97%|█████████▋| 85/88 [00:23<00:00,  3.61it/s, loss=0.206]
  epoch 3/3:  97%|█████████▋| 85/88 [00:24<00:00,  3.61it/s, loss=0.205]
  epoch 3/3:  98%|█████████▊| 86/88 [00:24<00:00,  3.63it/s, loss=0.205]
  epoch 3/3:  98%|█████████▊| 86/88 [00:24<00:00,  3.63it/s, loss=0.204]
  epoch 3/3:  99%|█████████▉| 87/88 [00:24<00:00,  3.61it/s, loss=0.204]
  epoch 3/3:  99%|█████████▉| 87/88 [00:24<00:00,  3.61it/s, loss=0.204]
  epoch 3/3: 100%|██████████| 88/88 [00:24<00:00,  3.94it/s, loss=0.204]
                                                                        
[titans] reset=never | norm(state) sau task = 82.3984
[titans]   self-mod v:β=0.88 |W|=1.52
[titans]   eta_t(avg)=9.2432  alpha_t/forget-gate(avg)=0.9997
[task 2] test acc so far: 0.980  0.817  0.580
[task 2] NCM-blend gamma=0: 0.860  0.811  0.837
[task 2] NCM-blend gamma=1: 0.869  0.806  0.846
[checkpoint] đã lưu tiến độ sau task 2
[task 3] classes=[7, 30, 34, 37, 42] | train=2800

  epoch 1/3:   0%|          | 0/88 [00:00<?, ?it/s]
  epoch 1/3:   0%|          | 0/88 [00:00<?, ?it/s, loss=1.665]
  epoch 1/3:   1%|          | 1/88 [00:00<00:46,  1.87it/s, loss=1.665]
  epoch 1/3:   1%|          | 1/88 [00:00<00:46,  1.87it/s, loss=1.698]
  epoch 1/3:   2%|▏         | 2/88 [00:00<00:33,  2.61it/s, loss=1.698]
  epoch 1/3:   2%|▏         | 2/88 [00:01<00:33,  2.61it/s, loss=1.751]
  epoch 1/3:   3%|▎         | 3/88 [00:01<00:28,  3.00it/s, loss=1.751]
  epoch 1/3:   3%|▎         | 3/88 [00:01<00:28,  3.00it/s, loss=1.738]
  epoch 1/3:   5%|▍         | 4/88 [00:01<00:26,  3.21it/s, loss=1.738]
  epoch 1/3:   5%|▍         | 4/88 [00:01<00:26,  3.21it/s, loss=1.746]
  epoch 1/3:   6%|▌         | 5/88 [00:01<00:24,  3.36it/s, loss=1.746]
  epoch 1/3:   6%|▌         | 5/88 [00:01<00:24,  3.36it/s, loss=1.728]
  epoch 1/3:   7%|▋         | 6/88 [00:01<00:23,  3.42it/s, loss=1.728]
  epoch 1/3:   7%|▋         | 6/88 [00:02<00:23,  3.42it/s, loss=1.712]
  epoch 1/3:   8%|▊         | 7/88 [00:02<00:23,  3.47it/s, loss=1.712]
  epoch 1/3:   8%|▊         | 7/88 [00:02<00:23,  3.47it/s, loss=1.691]
  epoch 1/3:   9%|▉         | 8/88 [00:02<00:23,  3.47it/s, loss=1.691]
  epoch 1/3:   9%|▉         | 8/88 [00:02<00:23,  3.47it/s, loss=1.680]
  epoch 1/3:  10%|█         | 9/88 [00:02<00:22,  3.51it/s, loss=1.680]
  epoch 1/3:  10%|█         | 9/88 [00:03<00:22,  3.51it/s, loss=1.664]
  epoch 1/3:  11%|█▏        | 10/88 [00:03<00:22,  3.54it/s, loss=1.664]
  epoch 1/3:  11%|█▏        | 10/88 [00:03<00:22,  3.54it/s, loss=1.647]
  epoch 1/3:  12%|█▎        | 11/88 [00:03<00:21,  3.57it/s, loss=1.647]
  epoch 1/3:  12%|█▎        | 11/88 [00:03<00:21,  3.57it/s, loss=1.655]
  epoch 1/3:  14%|█▎        | 12/88 [00:03<00:21,  3.57it/s, loss=1.655]
  epoch 1/3:  14%|█▎        | 12/88 [00:03<00:21,  3.57it/s, loss=1.647]
  epoch 1/3:  15%|█▍        | 13/88 [00:03<00:20,  3.57it/s, loss=1.647]
  epoch 1/3:  15%|█▍        | 13/88 [00:04<00:20,  3.57it/s, loss=1.637]
  epoch 1/3:  16%|█▌        | 14/88 [00:04<00:20,  3.60it/s, loss=1.637]
  epoch 1/3:  16%|█▌        | 14/88 [00:04<00:20,  3.60it/s, loss=1.623]
  epoch 1/3:  17%|█▋        | 15/88 [00:04<00:20,  3.60it/s, loss=1.623]
  epoch 1/3:  17%|█▋        | 15/88 [00:04<00:20,  3.60it/s, loss=1.619]
  epoch 1/3:  18%|█▊        | 16/88 [00:04<00:20,  3.60it/s, loss=1.619]
  epoch 1/3:  18%|█▊        | 16/88 [00:04<00:20,  3.60it/s, loss=1.617]
  epoch 1/3:  19%|█▉        | 17/88 [00:04<00:19,  3.62it/s, loss=1.617]
  epoch 1/3:  19%|█▉        | 17/88 [00:05<00:19,  3.62it/s, loss=1.609]
  epoch 1/3:  20%|██        | 18/88 [00:05<00:19,  3.61it/s, loss=1.609]
  epoch 1/3:  20%|██        | 18/88 [00:05<00:19,  3.61it/s, loss=1.607]
  epoch 1/3:  22%|██▏       | 19/88 [00:05<00:19,  3.61it/s, loss=1.607]
  epoch 1/3:  22%|██▏       | 19/88 [00:05<00:19,  3.61it/s, loss=1.597]
  epoch 1/3:  23%|██▎       | 20/88 [00:05<00:18,  3.63it/s, loss=1.597]
  epoch 1/3:  23%|██▎       | 20/88 [00:06<00:18,  3.63it/s, loss=1.591]
  epoch 1/3:  24%|██▍       | 21/88 [00:06<00:18,  3.61it/s, loss=1.591]
  epoch 1/3:  24%|██▍       | 21/88 [00:06<00:18,  3.61it/s, loss=1.579]
  epoch 1/3:  25%|██▌       | 22/88 [00:06<00:18,  3.61it/s, loss=1.579]
  epoch 1/3:  25%|██▌       | 22/88 [00:06<00:18,  3.61it/s, loss=1.572]
  epoch 1/3:  26%|██▌       | 23/88 [00:06<00:17,  3.62it/s, loss=1.572]
  epoch 1/3:  26%|██▌       | 23/88 [00:06<00:17,  3.62it/s, loss=1.567]
  epoch 1/3:  27%|██▋       | 24/88 [00:06<00:17,  3.56it/s, loss=1.567]
  epoch 1/3:  27%|██▋       | 24/88 [00:07<00:17,  3.56it/s, loss=1.558]
  epoch 1/3:  28%|██▊       | 25/88 [00:07<00:17,  3.59it/s, loss=1.558]
  epoch 1/3:  28%|██▊       | 25/88 [00:07<00:17,  3.59it/s, loss=1.550]
  epoch 1/3:  30%|██▉       | 26/88 [00:07<00:17,  3.60it/s, loss=1.550]
  epoch 1/3:  30%|██▉       | 26/88 [00:07<00:17,  3.60it/s, loss=1.542]
  epoch 1/3:  31%|███       | 27/88 [00:07<00:16,  3.60it/s, loss=1.542]
  epoch 1/3:  31%|███       | 27/88 [00:08<00:16,  3.60it/s, loss=1.537]
  epoch 1/3:  32%|███▏      | 28/88 [00:08<00:16,  3.60it/s, loss=1.537]
  epoch 1/3:  32%|███▏      | 28/88 [00:08<00:16,  3.60it/s, loss=1.529]
  epoch 1/3:  33%|███▎      | 29/88 [00:08<00:16,  3.61it/s, loss=1.529]
  epoch 1/3:  33%|███▎      | 29/88 [00:08<00:16,  3.61it/s, loss=1.516]
  epoch 1/3:  34%|███▍      | 30/88 [00:08<00:15,  3.63it/s, loss=1.516]
  epoch 1/3:  34%|███▍      | 30/88 [00:08<00:15,  3.63it/s, loss=1.508]
  epoch 1/3:  35%|███▌      | 31/88 [00:08<00:15,  3.61it/s, loss=1.508]
  epoch 1/3:  35%|███▌      | 31/88 [00:09<00:15,  3.61it/s, loss=1.500]
  epoch 1/3:  36%|███▋      | 32/88 [00:09<00:15,  3.61it/s, loss=1.500]
  epoch 1/3:  36%|███▋      | 32/88 [00:09<00:15,  3.61it/s, loss=1.491]
  epoch 1/3:  38%|███▊      | 33/88 [00:09<00:15,  3.62it/s, loss=1.491]
  epoch 1/3:  38%|███▊      | 33/88 [00:09<00:15,  3.62it/s, loss=1.485]
  epoch 1/3:  39%|███▊      | 34/88 [00:09<00:14,  3.60it/s, loss=1.485]
  epoch 1/3:  39%|███▊      | 34/88 [00:09<00:14,  3.60it/s, loss=1.478]
  epoch 1/3:  40%|███▉      | 35/88 [00:09<00:14,  3.60it/s, loss=1.478]
  epoch 1/3:  40%|███▉      | 35/88 [00:10<00:14,  3.60it/s, loss=1.469]
  epoch 1/3:  41%|████      | 36/88 [00:10<00:14,  3.58it/s, loss=1.469]
  epoch 1/3:  41%|████      | 36/88 [00:10<00:14,  3.58it/s, loss=1.463]
  epoch 1/3:  42%|████▏     | 37/88 [00:10<00:14,  3.61it/s, loss=1.463]
  epoch 1/3:  42%|████▏     | 37/88 [00:10<00:14,  3.61it/s, loss=1.457]
  epoch 1/3:  43%|████▎     | 38/88 [00:10<00:13,  3.59it/s, loss=1.457]
  epoch 1/3:  43%|████▎     | 38/88 [00:11<00:13,  3.59it/s, loss=1.448]
  epoch 1/3:  44%|████▍     | 39/88 [00:11<00:13,  3.61it/s, loss=1.448]
  epoch 1/3:  44%|████▍     | 39/88 [00:11<00:13,  3.61it/s, loss=1.441]
  epoch 1/3:  45%|████▌     | 40/88 [00:11<00:13,  3.57it/s, loss=1.441]
  epoch 1/3:  45%|████▌     | 40/88 [00:11<00:13,  3.57it/s, loss=1.432]
  epoch 1/3:  47%|████▋     | 41/88 [00:11<00:13,  3.59it/s, loss=1.432]
  epoch 1/3:  47%|████▋     | 41/88 [00:11<00:13,  3.59it/s, loss=1.425]
  epoch 1/3:  48%|████▊     | 42/88 [00:11<00:12,  3.60it/s, loss=1.425]
  epoch 1/3:  48%|████▊     | 42/88 [00:12<00:12,  3.60it/s, loss=1.419]
  epoch 1/3:  49%|████▉     | 43/88 [00:12<00:12,  3.59it/s, loss=1.419]
  epoch 1/3:  49%|████▉     | 43/88 [00:12<00:12,  3.59it/s, loss=1.411]
  epoch 1/3:  50%|█████     | 44/88 [00:12<00:12,  3.62it/s, loss=1.411]
  epoch 1/3:  50%|█████     | 44/88 [00:12<00:12,  3.62it/s, loss=1.406]
  epoch 1/3:  51%|█████     | 45/88 [00:12<00:11,  3.60it/s, loss=1.406]
  epoch 1/3:  51%|█████     | 45/88 [00:13<00:11,  3.60it/s, loss=1.399]
  epoch 1/3:  52%|█████▏    | 46/88 [00:13<00:11,  3.60it/s, loss=1.399]
  epoch 1/3:  52%|█████▏    | 46/88 [00:13<00:11,  3.60it/s, loss=1.389]
  epoch 1/3:  53%|█████▎    | 47/88 [00:13<00:11,  3.63it/s, loss=1.389]
  epoch 1/3:  53%|█████▎    | 47/88 [00:13<00:11,  3.63it/s, loss=1.385]
  epoch 1/3:  55%|█████▍    | 48/88 [00:13<00:11,  3.61it/s, loss=1.385]
  epoch 1/3:  55%|█████▍    | 48/88 [00:13<00:11,  3.61it/s, loss=1.376]
  epoch 1/3:  56%|█████▌    | 49/88 [00:13<00:10,  3.62it/s, loss=1.376]
  epoch 1/3:  56%|█████▌    | 49/88 [00:14<00:10,  3.62it/s, loss=1.370]
  epoch 1/3:  57%|█████▋    | 50/88 [00:14<00:10,  3.62it/s, loss=1.370]
  epoch 1/3:  57%|█████▋    | 50/88 [00:14<00:10,  3.62it/s, loss=1.361]
  epoch 1/3:  58%|█████▊    | 51/88 [00:14<00:10,  3.62it/s, loss=1.361]
  epoch 1/3:  58%|█████▊    | 51/88 [00:14<00:10,  3.62it/s, loss=1.354]
  epoch 1/3:  59%|█████▉    | 52/88 [00:14<00:09,  3.63it/s, loss=1.354]
  epoch 1/3:  59%|█████▉    | 52/88 [00:14<00:09,  3.63it/s, loss=1.348]
  epoch 1/3:  60%|██████    | 53/88 [00:14<00:09,  3.61it/s, loss=1.348]
  epoch 1/3:  60%|██████    | 53/88 [00:15<00:09,  3.61it/s, loss=1.343]
  epoch 1/3:  61%|██████▏   | 54/88 [00:15<00:09,  3.60it/s, loss=1.343]
  epoch 1/3:  61%|██████▏   | 54/88 [00:15<00:09,  3.60it/s, loss=1.336]
  epoch 1/3:  62%|██████▎   | 55/88 [00:15<00:09,  3.62it/s, loss=1.336]
  epoch 1/3:  62%|██████▎   | 55/88 [00:15<00:09,  3.62it/s, loss=1.330]
  epoch 1/3:  64%|██████▎   | 56/88 [00:15<00:09,  3.55it/s, loss=1.330]
  epoch 1/3:  64%|██████▎   | 56/88 [00:16<00:09,  3.55it/s, loss=1.323]
  epoch 1/3:  65%|██████▍   | 57/88 [00:16<00:08,  3.57it/s, loss=1.323]
  epoch 1/3:  65%|██████▍   | 57/88 [00:16<00:08,  3.57it/s, loss=1.318]
  epoch 1/3:  66%|██████▌   | 58/88 [00:16<00:08,  3.58it/s, loss=1.318]
  epoch 1/3:  66%|██████▌   | 58/88 [00:16<00:08,  3.58it/s, loss=1.311]
  epoch 1/3:  67%|██████▋   | 59/88 [00:16<00:08,  3.58it/s, loss=1.311]
  epoch 1/3:  67%|██████▋   | 59/88 [00:16<00:08,  3.58it/s, loss=1.305]
  epoch 1/3:  68%|██████▊   | 60/88 [00:16<00:07,  3.61it/s, loss=1.305]
  epoch 1/3:  68%|██████▊   | 60/88 [00:17<00:07,  3.61it/s, loss=1.297]
  epoch 1/3:  69%|██████▉   | 61/88 [00:17<00:07,  3.61it/s, loss=1.297]
  epoch 1/3:  69%|██████▉   | 61/88 [00:17<00:07,  3.61it/s, loss=1.290]
  epoch 1/3:  70%|███████   | 62/88 [00:17<00:07,  3.63it/s, loss=1.290]
  epoch 1/3:  70%|███████   | 62/88 [00:17<00:07,  3.63it/s, loss=1.282]
  epoch 1/3:  72%|███████▏  | 63/88 [00:17<00:06,  3.61it/s, loss=1.282]
  epoch 1/3:  72%|███████▏  | 63/88 [00:18<00:06,  3.61it/s, loss=1.274]
  epoch 1/3:  73%|███████▎  | 64/88 [00:18<00:06,  3.60it/s, loss=1.274]
  epoch 1/3:  73%|███████▎  | 64/88 [00:18<00:06,  3.60it/s, loss=1.267]
  epoch 1/3:  74%|███████▍  | 65/88 [00:18<00:06,  3.62it/s, loss=1.267]
  epoch 1/3:  74%|███████▍  | 65/88 [00:18<00:06,  3.62it/s, loss=1.262]
  epoch 1/3:  75%|███████▌  | 66/88 [00:18<00:06,  3.60it/s, loss=1.262]
  epoch 1/3:  75%|███████▌  | 66/88 [00:18<00:06,  3.60it/s, loss=1.256]
  epoch 1/3:  76%|███████▌  | 67/88 [00:18<00:05,  3.60it/s, loss=1.256]
  epoch 1/3:  76%|███████▌  | 67/88 [00:19<00:05,  3.60it/s, loss=1.249]
  epoch 1/3:  77%|███████▋  | 68/88 [00:19<00:05,  3.63it/s, loss=1.249]
  epoch 1/3:  77%|███████▋  | 68/88 [00:19<00:05,  3.63it/s, loss=1.242]
  epoch 1/3:  78%|███████▊  | 69/88 [00:19<00:05,  3.62it/s, loss=1.242]
  epoch 1/3:  78%|███████▊  | 69/88 [00:19<00:05,  3.62it/s, loss=1.233]
  epoch 1/3:  80%|███████▉  | 70/88 [00:19<00:04,  3.62it/s, loss=1.233]
  epoch 1/3:  80%|███████▉  | 70/88 [00:19<00:04,  3.62it/s, loss=1.227]
  epoch 1/3:  81%|████████  | 71/88 [00:19<00:04,  3.62it/s, loss=1.227]
  epoch 1/3:  81%|████████  | 71/88 [00:20<00:04,  3.62it/s, loss=1.222]
  epoch 1/3:  82%|████████▏ | 72/88 [00:20<00:04,  3.57it/s, loss=1.222]
  epoch 1/3:  82%|████████▏ | 72/88 [00:20<00:04,  3.57it/s, loss=1.214]
  epoch 1/3:  83%|████████▎ | 73/88 [00:20<00:04,  3.59it/s, loss=1.214]
  epoch 1/3:  83%|████████▎ | 73/88 [00:20<00:04,  3.59it/s, loss=1.210]
  epoch 1/3:  84%|████████▍ | 74/88 [00:20<00:03,  3.59it/s, loss=1.210]
  epoch 1/3:  84%|████████▍ | 74/88 [00:21<00:03,  3.59it/s, loss=1.206]
  epoch 1/3:  85%|████████▌ | 75/88 [00:21<00:03,  3.61it/s, loss=1.206]
  epoch 1/3:  85%|████████▌ | 75/88 [00:21<00:03,  3.61it/s, loss=1.199]
  epoch 1/3:  86%|████████▋ | 76/88 [00:21<00:03,  3.61it/s, loss=1.199]
  epoch 1/3:  86%|████████▋ | 76/88 [00:21<00:03,  3.61it/s, loss=1.193]
  epoch 1/3:  88%|████████▊ | 77/88 [00:21<00:03,  3.60it/s, loss=1.193]
  epoch 1/3:  88%|████████▊ | 77/88 [00:21<00:03,  3.60it/s, loss=1.188]
  epoch 1/3:  89%|████████▊ | 78/88 [00:21<00:02,  3.61it/s, loss=1.188]
  epoch 1/3:  89%|████████▊ | 78/88 [00:22<00:02,  3.61it/s, loss=1.182]
  epoch 1/3:  90%|████████▉ | 79/88 [00:22<00:02,  3.60it/s, loss=1.182]
  epoch 1/3:  90%|████████▉ | 79/88 [00:22<00:02,  3.60it/s, loss=1.176]
  epoch 1/3:  91%|█████████ | 80/88 [00:22<00:02,  3.60it/s, loss=1.176]
  epoch 1/3:  91%|█████████ | 80/88 [00:22<00:02,  3.60it/s, loss=1.172]
  epoch 1/3:  92%|█████████▏| 81/88 [00:22<00:01,  3.61it/s, loss=1.172]
  epoch 1/3:  92%|█████████▏| 81/88 [00:23<00:01,  3.61it/s, loss=1.167]
  epoch 1/3:  93%|█████████▎| 82/88 [00:23<00:01,  3.60it/s, loss=1.167]
  epoch 1/3:  93%|█████████▎| 82/88 [00:23<00:01,  3.60it/s, loss=1.161]
  epoch 1/3:  94%|█████████▍| 83/88 [00:23<00:01,  3.60it/s, loss=1.161]
  epoch 1/3:  94%|█████████▍| 83/88 [00:23<00:01,  3.60it/s, loss=1.155]
  epoch 1/3:  95%|█████████▌| 84/88 [00:23<00:01,  3.62it/s, loss=1.155]
  epoch 1/3:  95%|█████████▌| 84/88 [00:23<00:01,  3.62it/s, loss=1.148]
  epoch 1/3:  97%|█████████▋| 85/88 [00:23<00:00,  3.60it/s, loss=1.148]
  epoch 1/3:  97%|█████████▋| 85/88 [00:24<00:00,  3.60it/s, loss=1.143]
  epoch 1/3:  98%|█████████▊| 86/88 [00:24<00:00,  3.60it/s, loss=1.143]
  epoch 1/3:  98%|█████████▊| 86/88 [00:24<00:00,  3.60it/s, loss=1.138]
  epoch 1/3:  99%|█████████▉| 87/88 [00:24<00:00,  3.62it/s, loss=1.138]
  epoch 1/3:  99%|█████████▉| 87/88 [00:24<00:00,  3.62it/s, loss=1.136]
  epoch 1/3: 100%|██████████| 88/88 [00:24<00:00,  3.88it/s, loss=1.136]
                                                                        

  epoch 2/3:   0%|          | 0/88 [00:00<?, ?it/s]
  epoch 2/3:   0%|          | 0/88 [00:00<?, ?it/s, loss=0.805]
  epoch 2/3:   1%|          | 1/88 [00:00<00:47,  1.85it/s, loss=0.805]
  epoch 2/3:   1%|          | 1/88 [00:00<00:47,  1.85it/s, loss=0.713]
  epoch 2/3:   2%|▏         | 2/88 [00:00<00:33,  2.59it/s, loss=0.713]
  epoch 2/3:   2%|▏         | 2/88 [00:01<00:33,  2.59it/s, loss=0.721]
  epoch 2/3:   3%|▎         | 3/88 [00:01<00:28,  2.98it/s, loss=0.721]
  epoch 2/3:   3%|▎         | 3/88 [00:01<00:28,  2.98it/s, loss=0.677]
  epoch 2/3:   5%|▍         | 4/88 [00:01<00:26,  3.19it/s, loss=0.677]
  epoch 2/3:   5%|▍         | 4/88 [00:01<00:26,  3.19it/s, loss=0.664]
  epoch 2/3:   6%|▌         | 5/88 [00:01<00:24,  3.33it/s, loss=0.664]
  epoch 2/3:   6%|▌         | 5/88 [00:01<00:24,  3.33it/s, loss=0.664]
  epoch 2/3:   7%|▋         | 6/88 [00:01<00:23,  3.43it/s, loss=0.664]
  epoch 2/3:   7%|▋         | 6/88 [00:02<00:23,  3.43it/s, loss=0.646]
  epoch 2/3:   8%|▊         | 7/88 [00:02<00:23,  3.48it/s, loss=0.646]
  epoch 2/3:   8%|▊         | 7/88 [00:02<00:23,  3.48it/s, loss=0.629]
  epoch 2/3:   9%|▉         | 8/88 [00:02<00:22,  3.51it/s, loss=0.629]
  epoch 2/3:   9%|▉         | 8/88 [00:02<00:22,  3.51it/s, loss=0.614]
  epoch 2/3:  10%|█         | 9/88 [00:02<00:22,  3.54it/s, loss=0.614]
  epoch 2/3:  10%|█         | 9/88 [00:03<00:22,  3.54it/s, loss=0.613]
  epoch 2/3:  11%|█▏        | 10/88 [00:03<00:21,  3.56it/s, loss=0.613]
  epoch 2/3:  11%|█▏        | 10/88 [00:03<00:21,  3.56it/s, loss=0.616]
  epoch 2/3:  12%|█▎        | 11/88 [00:03<00:21,  3.55it/s, loss=0.616]
  epoch 2/3:  12%|█▎        | 11/88 [00:03<00:21,  3.55it/s, loss=0.611]
  epoch 2/3:  14%|█▎        | 12/88 [00:03<00:21,  3.57it/s, loss=0.611]
  epoch 2/3:  14%|█▎        | 12/88 [00:03<00:21,  3.57it/s, loss=0.608]
  epoch 2/3:  15%|█▍        | 13/88 [00:03<00:20,  3.60it/s, loss=0.608]
  epoch 2/3:  15%|█▍        | 13/88 [00:04<00:20,  3.60it/s, loss=0.600]
  epoch 2/3:  16%|█▌        | 14/88 [00:04<00:20,  3.58it/s, loss=0.600]
  epoch 2/3:  16%|█▌        | 14/88 [00:04<00:20,  3.58it/s, loss=0.596]
  epoch 2/3:  17%|█▋        | 15/88 [00:04<00:20,  3.58it/s, loss=0.596]
  epoch 2/3:  17%|█▋        | 15/88 [00:04<00:20,  3.58it/s, loss=0.596]
  epoch 2/3:  18%|█▊        | 16/88 [00:04<00:20,  3.54it/s, loss=0.596]
  epoch 2/3:  18%|█▊        | 16/88 [00:04<00:20,  3.54it/s, loss=0.597]
  epoch 2/3:  19%|█▉        | 17/88 [00:04<00:19,  3.57it/s, loss=0.597]
  epoch 2/3:  19%|█▉        | 17/88 [00:05<00:19,  3.57it/s, loss=0.593]
  epoch 2/3:  20%|██        | 18/88 [00:05<00:19,  3.60it/s, loss=0.593]
  epoch 2/3:  20%|██        | 18/88 [00:05<00:19,  3.60it/s, loss=0.592]
  epoch 2/3:  22%|██▏       | 19/88 [00:05<00:19,  3.59it/s, loss=0.592]
  epoch 2/3:  22%|██▏       | 19/88 [00:05<00:19,  3.59it/s, loss=0.586]
  epoch 2/3:  23%|██▎       | 20/88 [00:05<00:18,  3.59it/s, loss=0.586]
  epoch 2/3:  23%|██▎       | 20/88 [00:06<00:18,  3.59it/s, loss=0.585]
  epoch 2/3:  24%|██▍       | 21/88 [00:06<00:18,  3.61it/s, loss=0.585]
  epoch 2/3:  24%|██▍       | 21/88 [00:06<00:18,  3.61it/s, loss=0.577]
  epoch 2/3:  25%|██▌       | 22/88 [00:06<00:18,  3.60it/s, loss=0.577]
  epoch 2/3:  25%|██▌       | 22/88 [00:06<00:18,  3.60it/s, loss=0.569]
  epoch 2/3:  26%|██▌       | 23/88 [00:06<00:18,  3.60it/s, loss=0.569]
  epoch 2/3:  26%|██▌       | 23/88 [00:06<00:18,  3.60it/s, loss=0.569]
  epoch 2/3:  27%|██▋       | 24/88 [00:06<00:17,  3.61it/s, loss=0.569]
  epoch 2/3:  27%|██▋       | 24/88 [00:07<00:17,  3.61it/s, loss=0.567]
  epoch 2/3:  28%|██▊       | 25/88 [00:07<00:17,  3.60it/s, loss=0.567]
  epoch 2/3:  28%|██▊       | 25/88 [00:07<00:17,  3.60it/s, loss=0.564]
  epoch 2/3:  30%|██▉       | 26/88 [00:07<00:17,  3.60it/s, loss=0.564]
  epoch 2/3:  30%|██▉       | 26/88 [00:07<00:17,  3.60it/s, loss=0.561]
  epoch 2/3:  31%|███       | 27/88 [00:07<00:16,  3.62it/s, loss=0.561]
  epoch 2/3:  31%|███       | 27/88 [00:08<00:16,  3.62it/s, loss=0.563]
  epoch 2/3:  32%|███▏      | 28/88 [00:08<00:16,  3.62it/s, loss=0.563]
  epoch 2/3:  32%|███▏      | 28/88 [00:08<00:16,  3.62it/s, loss=0.559]
  epoch 2/3:  33%|███▎      | 29/88 [00:08<00:16,  3.63it/s, loss=0.559]
  epoch 2/3:  33%|███▎      | 29/88 [00:08<00:16,  3.63it/s, loss=0.558]
  epoch 2/3:  34%|███▍      | 30/88 [00:08<00:16,  3.61it/s, loss=0.558]
  epoch 2/3:  34%|███▍      | 30/88 [00:08<00:16,  3.61it/s, loss=0.558]
  epoch 2/3:  35%|███▌      | 31/88 [00:08<00:15,  3.61it/s, loss=0.558]
  epoch 2/3:  35%|███▌      | 31/88 [00:09<00:15,  3.61it/s, loss=0.553]
  epoch 2/3:  36%|███▋      | 32/88 [00:09<00:15,  3.57it/s, loss=0.553]
  epoch 2/3:  36%|███▋      | 32/88 [00:09<00:15,  3.57it/s, loss=0.554]
  epoch 2/3:  38%|███▊      | 33/88 [00:09<00:15,  3.60it/s, loss=0.554]
  epoch 2/3:  38%|███▊      | 33/88 [00:09<00:15,  3.60it/s, loss=0.550]
  epoch 2/3:  39%|███▊      | 34/88 [00:09<00:15,  3.58it/s, loss=0.550]
  epoch 2/3:  39%|███▊      | 34/88 [00:09<00:15,  3.58it/s, loss=0.546]
  epoch 2/3:  40%|███▉      | 35/88 [00:09<00:14,  3.57it/s, loss=0.546]
  epoch 2/3:  40%|███▉      | 35/88 [00:10<00:14,  3.57it/s, loss=0.544]
  epoch 2/3:  41%|████      | 36/88 [00:10<00:14,  3.58it/s, loss=0.544]
  epoch 2/3:  41%|████      | 36/88 [00:10<00:14,  3.58it/s, loss=0.540]
  epoch 2/3:  42%|████▏     | 37/88 [00:10<00:14,  3.62it/s, loss=0.540]
  epoch 2/3:  42%|████▏     | 37/88 [00:10<00:14,  3.62it/s, loss=0.537]
  epoch 2/3:  43%|████▎     | 38/88 [00:10<00:13,  3.60it/s, loss=0.537]
  epoch 2/3:  43%|████▎     | 38/88 [00:11<00:13,  3.60it/s, loss=0.535]
  epoch 2/3:  44%|████▍     | 39/88 [00:11<00:13,  3.60it/s, loss=0.535]
  epoch 2/3:  44%|████▍     | 39/88 [00:11<00:13,  3.60it/s, loss=0.531]
  epoch 2/3:  45%|████▌     | 40/88 [00:11<00:13,  3.62it/s, loss=0.531]
  epoch 2/3:  45%|████▌     | 40/88 [00:11<00:13,  3.62it/s, loss=0.530]
  epoch 2/3:  47%|████▋     | 41/88 [00:11<00:13,  3.60it/s, loss=0.530]
  epoch 2/3:  47%|████▋     | 41/88 [00:11<00:13,  3.60it/s, loss=0.528]
  epoch 2/3:  48%|████▊     | 42/88 [00:11<00:12,  3.60it/s, loss=0.528]
  epoch 2/3:  48%|████▊     | 42/88 [00:12<00:12,  3.60it/s, loss=0.524]
  epoch 2/3:  49%|████▉     | 43/88 [00:12<00:12,  3.61it/s, loss=0.524]
  epoch 2/3:  49%|████▉     | 43/88 [00:12<00:12,  3.61it/s, loss=0.519]
  epoch 2/3:  50%|█████     | 44/88 [00:12<00:12,  3.60it/s, loss=0.519]
  epoch 2/3:  50%|█████     | 44/88 [00:12<00:12,  3.60it/s, loss=0.515]
  epoch 2/3:  51%|█████     | 45/88 [00:12<00:11,  3.60it/s, loss=0.515]
  epoch 2/3:  51%|█████     | 45/88 [00:13<00:11,  3.60it/s, loss=0.511]
  epoch 2/3:  52%|█████▏    | 46/88 [00:13<00:11,  3.61it/s, loss=0.511]
  epoch 2/3:  52%|█████▏    | 46/88 [00:13<00:11,  3.61it/s, loss=0.507]
  epoch 2/3:  53%|█████▎    | 47/88 [00:13<00:11,  3.61it/s, loss=0.507]
  epoch 2/3:  53%|█████▎    | 47/88 [00:13<00:11,  3.61it/s, loss=0.506]
  epoch 2/3:  55%|█████▍    | 48/88 [00:13<00:11,  3.56it/s, loss=0.506]
  epoch 2/3:  55%|█████▍    | 48/88 [00:13<00:11,  3.56it/s, loss=0.502]
  epoch 2/3:  56%|█████▌    | 49/88 [00:13<00:10,  3.58it/s, loss=0.502]
  epoch 2/3:  56%|█████▌    | 49/88 [00:14<00:10,  3.58it/s, loss=0.499]
  epoch 2/3:  57%|█████▋    | 50/88 [00:14<00:10,  3.58it/s, loss=0.499]
  epoch 2/3:  57%|█████▋    | 50/88 [00:14<00:10,  3.58it/s, loss=0.496]
  epoch 2/3:  58%|█████▊    | 51/88 [00:14<00:10,  3.59it/s, loss=0.496]
  epoch 2/3:  58%|█████▊    | 51/88 [00:14<00:10,  3.59it/s, loss=0.496]
  epoch 2/3:  59%|█████▉    | 52/88 [00:14<00:10,  3.59it/s, loss=0.496]
  epoch 2/3:  59%|█████▉    | 52/88 [00:14<00:10,  3.59it/s, loss=0.493]
  epoch 2/3:  60%|██████    | 53/88 [00:15<00:09,  3.59it/s, loss=0.493]
  epoch 2/3:  60%|██████    | 53/88 [00:15<00:09,  3.59it/s, loss=0.491]
  epoch 2/3:  61%|██████▏   | 54/88 [00:15<00:09,  3.59it/s, loss=0.491]
  epoch 2/3:  61%|██████▏   | 54/88 [00:15<00:09,  3.59it/s, loss=0.489]
  epoch 2/3:  62%|██████▎   | 55/88 [00:15<00:09,  3.62it/s, loss=0.489]
  epoch 2/3:  62%|██████▎   | 55/88 [00:15<00:09,  3.62it/s, loss=0.486]
  epoch 2/3:  64%|██████▎   | 56/88 [00:15<00:08,  3.60it/s, loss=0.486]
  epoch 2/3:  64%|██████▎   | 56/88 [00:16<00:08,  3.60it/s, loss=0.485]
  epoch 2/3:  65%|██████▍   | 57/88 [00:16<00:08,  3.60it/s, loss=0.485]
  epoch 2/3:  65%|██████▍   | 57/88 [00:16<00:08,  3.60it/s, loss=0.484]
  epoch 2/3:  66%|██████▌   | 58/88 [00:16<00:08,  3.62it/s, loss=0.484]
  epoch 2/3:  66%|██████▌   | 58/88 [00:16<00:08,  3.62it/s, loss=0.481]
  epoch 2/3:  67%|██████▋   | 59/88 [00:16<00:08,  3.60it/s, loss=0.481]
  epoch 2/3:  67%|██████▋   | 59/88 [00:16<00:08,  3.60it/s, loss=0.478]
  epoch 2/3:  68%|██████▊   | 60/88 [00:16<00:07,  3.60it/s, loss=0.478]
  epoch 2/3:  68%|██████▊   | 60/88 [00:17<00:07,  3.60it/s, loss=0.475]
  epoch 2/3:  69%|██████▉   | 61/88 [00:17<00:07,  3.62it/s, loss=0.475]
  epoch 2/3:  69%|██████▉   | 61/88 [00:17<00:07,  3.62it/s, loss=0.475]
  epoch 2/3:  70%|███████   | 62/88 [00:17<00:07,  3.60it/s, loss=0.475]
  epoch 2/3:  70%|███████   | 62/88 [00:17<00:07,  3.60it/s, loss=0.471]
  epoch 2/3:  72%|███████▏  | 63/88 [00:17<00:06,  3.60it/s, loss=0.471]
  epoch 2/3:  72%|███████▏  | 63/88 [00:18<00:06,  3.60it/s, loss=0.468]
  epoch 2/3:  73%|███████▎  | 64/88 [00:18<00:06,  3.58it/s, loss=0.468]
  epoch 2/3:  73%|███████▎  | 64/88 [00:18<00:06,  3.58it/s, loss=0.464]
  epoch 2/3:  74%|███████▍  | 65/88 [00:18<00:06,  3.62it/s, loss=0.464]
  epoch 2/3:  74%|███████▍  | 65/88 [00:18<00:06,  3.62it/s, loss=0.461]
  epoch 2/3:  75%|███████▌  | 66/88 [00:18<00:06,  3.62it/s, loss=0.461]
  epoch 2/3:  75%|███████▌  | 66/88 [00:18<00:06,  3.62it/s, loss=0.459]
  epoch 2/3:  76%|███████▌  | 67/88 [00:18<00:05,  3.63it/s, loss=0.459]
  epoch 2/3:  76%|███████▌  | 67/88 [00:19<00:05,  3.63it/s, loss=0.459]
  epoch 2/3:  77%|███████▋  | 68/88 [00:19<00:05,  3.61it/s, loss=0.459]
  epoch 2/3:  77%|███████▋  | 68/88 [00:19<00:05,  3.61it/s, loss=0.458]
  epoch 2/3:  78%|███████▊  | 69/88 [00:19<00:05,  3.60it/s, loss=0.458]
  epoch 2/3:  78%|███████▊  | 69/88 [00:19<00:05,  3.60it/s, loss=0.456]
  epoch 2/3:  80%|███████▉  | 70/88 [00:19<00:05,  3.60it/s, loss=0.456]
  epoch 2/3:  80%|███████▉  | 70/88 [00:19<00:05,  3.60it/s, loss=0.454]
  epoch 2/3:  81%|████████  | 71/88 [00:19<00:04,  3.61it/s, loss=0.454]
  epoch 2/3:  81%|████████  | 71/88 [00:20<00:04,  3.61it/s, loss=0.452]
  epoch 2/3:  82%|████████▏ | 72/88 [00:20<00:04,  3.61it/s, loss=0.452]
  epoch 2/3:  82%|████████▏ | 72/88 [00:20<00:04,  3.61it/s, loss=0.449]
  epoch 2/3:  83%|████████▎ | 73/88 [00:20<00:04,  3.62it/s, loss=0.449]
  epoch 2/3:  83%|████████▎ | 73/88 [00:20<00:04,  3.62it/s, loss=0.447]
  epoch 2/3:  84%|████████▍ | 74/88 [00:20<00:03,  3.61it/s, loss=0.447]
  epoch 2/3:  84%|████████▍ | 74/88 [00:21<00:03,  3.61it/s, loss=0.445]
  epoch 2/3:  85%|████████▌ | 75/88 [00:21<00:03,  3.61it/s, loss=0.445]
  epoch 2/3:  85%|████████▌ | 75/88 [00:21<00:03,  3.61it/s, loss=0.442]
  epoch 2/3:  86%|████████▋ | 76/88 [00:21<00:03,  3.63it/s, loss=0.442]
  epoch 2/3:  86%|████████▋ | 76/88 [00:21<00:03,  3.63it/s, loss=0.441]
  epoch 2/3:  88%|████████▊ | 77/88 [00:21<00:03,  3.61it/s, loss=0.441]
  epoch 2/3:  88%|████████▊ | 77/88 [00:21<00:03,  3.61it/s, loss=0.439]
  epoch 2/3:  89%|████████▊ | 78/88 [00:21<00:02,  3.60it/s, loss=0.439]
  epoch 2/3:  89%|████████▊ | 78/88 [00:22<00:02,  3.60it/s, loss=0.437]
  epoch 2/3:  90%|████████▉ | 79/88 [00:22<00:02,  3.59it/s, loss=0.437]
  epoch 2/3:  90%|████████▉ | 79/88 [00:22<00:02,  3.59it/s, loss=0.434]
  epoch 2/3:  91%|█████████ | 80/88 [00:22<00:02,  3.56it/s, loss=0.434]
  epoch 2/3:  91%|█████████ | 80/88 [00:22<00:02,  3.56it/s, loss=0.433]
  epoch 2/3:  92%|█████████▏| 81/88 [00:22<00:01,  3.59it/s, loss=0.433]
  epoch 2/3:  92%|█████████▏| 81/88 [00:23<00:01,  3.59it/s, loss=0.432]
  epoch 2/3:  93%|█████████▎| 82/88 [00:23<00:01,  3.59it/s, loss=0.432]
  epoch 2/3:  93%|█████████▎| 82/88 [00:23<00:01,  3.59it/s, loss=0.430]
  epoch 2/3:  94%|█████████▍| 83/88 [00:23<00:01,  3.60it/s, loss=0.430]
  epoch 2/3:  94%|█████████▍| 83/88 [00:23<00:01,  3.60it/s, loss=0.428]
  epoch 2/3:  95%|█████████▌| 84/88 [00:23<00:01,  3.61it/s, loss=0.428]
  epoch 2/3:  95%|█████████▌| 84/88 [00:23<00:01,  3.61it/s, loss=0.427]
  epoch 2/3:  97%|█████████▋| 85/88 [00:23<00:00,  3.60it/s, loss=0.427]
  epoch 2/3:  97%|█████████▋| 85/88 [00:24<00:00,  3.60it/s, loss=0.426]
  epoch 2/3:  98%|█████████▊| 86/88 [00:24<00:00,  3.60it/s, loss=0.426]
  epoch 2/3:  98%|█████████▊| 86/88 [00:24<00:00,  3.60it/s, loss=0.424]
  epoch 2/3:  99%|█████████▉| 87/88 [00:24<00:00,  3.62it/s, loss=0.424]
  epoch 2/3:  99%|█████████▉| 87/88 [00:24<00:00,  3.62it/s, loss=0.424]
  epoch 2/3: 100%|██████████| 88/88 [00:24<00:00,  3.93it/s, loss=0.424]
                                                                        

  epoch 3/3:   0%|          | 0/88 [00:00<?, ?it/s]
  epoch 3/3:   0%|          | 0/88 [00:00<?, ?it/s, loss=0.304]
  epoch 3/3:   1%|          | 1/88 [00:00<00:46,  1.86it/s, loss=0.304]
  epoch 3/3:   1%|          | 1/88 [00:00<00:46,  1.86it/s, loss=0.260]
  epoch 3/3:   2%|▏         | 2/88 [00:00<00:32,  2.61it/s, loss=0.260]
  epoch 3/3:   2%|▏         | 2/88 [00:01<00:32,  2.61it/s, loss=0.237]
  epoch 3/3:   3%|▎         | 3/88 [00:01<00:28,  2.96it/s, loss=0.237]
  epoch 3/3:   3%|▎         | 3/88 [00:01<00:28,  2.96it/s, loss=0.252]
  epoch 3/3:   5%|▍         | 4/88 [00:01<00:26,  3.19it/s, loss=0.252]
  epoch 3/3:   5%|▍         | 4/88 [00:01<00:26,  3.19it/s, loss=0.251]
  epoch 3/3:   6%|▌         | 5/88 [00:01<00:24,  3.33it/s, loss=0.251]
  epoch 3/3:   6%|▌         | 5/88 [00:01<00:24,  3.33it/s, loss=0.260]
  epoch 3/3:   7%|▋         | 6/88 [00:01<00:23,  3.42it/s, loss=0.260]
  epoch 3/3:   7%|▋         | 6/88 [00:02<00:23,  3.42it/s, loss=0.256]
  epoch 3/3:   8%|▊         | 7/88 [00:02<00:23,  3.46it/s, loss=0.256]
  epoch 3/3:   8%|▊         | 7/88 [00:02<00:23,  3.46it/s, loss=0.247]
  epoch 3/3:   9%|▉         | 8/88 [00:02<00:23,  3.46it/s, loss=0.247]
  epoch 3/3:   9%|▉         | 8/88 [00:02<00:23,  3.46it/s, loss=0.235]
  epoch 3/3:  10%|█         | 9/88 [00:02<00:22,  3.50it/s, loss=0.235]
  epoch 3/3:  10%|█         | 9/88 [00:03<00:22,  3.50it/s, loss=0.244]
  epoch 3/3:  11%|█▏        | 10/88 [00:03<00:22,  3.53it/s, loss=0.244]
  epoch 3/3:  11%|█▏        | 10/88 [00:03<00:22,  3.53it/s, loss=0.238]
  epoch 3/3:  12%|█▎        | 11/88 [00:03<00:21,  3.57it/s, loss=0.238]
  epoch 3/3:  12%|█▎        | 11/88 [00:03<00:21,  3.57it/s, loss=0.244]
  epoch 3/3:  14%|█▎        | 12/88 [00:03<00:21,  3.57it/s, loss=0.244]
  epoch 3/3:  14%|█▎        | 12/88 [00:03<00:21,  3.57it/s, loss=0.239]
  epoch 3/3:  15%|█▍        | 13/88 [00:03<00:21,  3.57it/s, loss=0.239]
  epoch 3/3:  15%|█▍        | 13/88 [00:04<00:21,  3.57it/s, loss=0.239]
  epoch 3/3:  16%|█▌        | 14/88 [00:04<00:20,  3.58it/s, loss=0.239]
  epoch 3/3:  16%|█▌        | 14/88 [00:04<00:20,  3.58it/s, loss=0.236]
  epoch 3/3:  17%|█▋        | 15/88 [00:04<00:20,  3.60it/s, loss=0.236]
  epoch 3/3:  17%|█▋        | 15/88 [00:04<00:20,  3.60it/s, loss=0.235]
  epoch 3/3:  18%|█▊        | 16/88 [00:04<00:20,  3.59it/s, loss=0.235]
  epoch 3/3:  18%|█▊        | 16/88 [00:05<00:20,  3.59it/s, loss=0.238]
  epoch 3/3:  19%|█▉        | 17/88 [00:05<00:19,  3.57it/s, loss=0.238]
  epoch 3/3:  19%|█▉        | 17/88 [00:05<00:19,  3.57it/s, loss=0.238]
  epoch 3/3:  20%|██        | 18/88 [00:05<00:19,  3.57it/s, loss=0.238]
  epoch 3/3:  20%|██        | 18/88 [00:05<00:19,  3.57it/s, loss=0.234]
  epoch 3/3:  22%|██▏       | 19/88 [00:05<00:19,  3.57it/s, loss=0.234]
  epoch 3/3:  22%|██▏       | 19/88 [00:05<00:19,  3.57it/s, loss=0.231]
  epoch 3/3:  23%|██▎       | 20/88 [00:05<00:18,  3.60it/s, loss=0.231]
  epoch 3/3:  23%|██▎       | 20/88 [00:06<00:18,  3.60it/s, loss=0.231]
  epoch 3/3:  24%|██▍       | 21/88 [00:06<00:18,  3.59it/s, loss=0.231]
  epoch 3/3:  24%|██▍       | 21/88 [00:06<00:18,  3.59it/s, loss=0.229]
  epoch 3/3:  25%|██▌       | 22/88 [00:06<00:18,  3.59it/s, loss=0.229]
  epoch 3/3:  25%|██▌       | 22/88 [00:06<00:18,  3.59it/s, loss=0.227]
  epoch 3/3:  26%|██▌       | 23/88 [00:06<00:18,  3.60it/s, loss=0.227]
  epoch 3/3:  26%|██▌       | 23/88 [00:06<00:18,  3.60it/s, loss=0.228]
  epoch 3/3:  27%|██▋       | 24/88 [00:06<00:18,  3.55it/s, loss=0.228]
  epoch 3/3:  27%|██▋       | 24/88 [00:07<00:18,  3.55it/s, loss=0.225]
  epoch 3/3:  28%|██▊       | 25/88 [00:07<00:17,  3.58it/s, loss=0.225]
  epoch 3/3:  28%|██▊       | 25/88 [00:07<00:17,  3.58it/s, loss=0.228]
  epoch 3/3:  30%|██▉       | 26/88 [00:07<00:17,  3.58it/s, loss=0.228]
  epoch 3/3:  30%|██▉       | 26/88 [00:07<00:17,  3.58it/s, loss=0.228]
  epoch 3/3:  31%|███       | 27/88 [00:07<00:17,  3.57it/s, loss=0.228]
  epoch 3/3:  31%|███       | 27/88 [00:08<00:17,  3.57it/s, loss=0.229]
  epoch 3/3:  32%|███▏      | 28/88 [00:08<00:16,  3.57it/s, loss=0.229]
  epoch 3/3:  32%|███▏      | 28/88 [00:08<00:16,  3.57it/s, loss=0.228]
  epoch 3/3:  33%|███▎      | 29/88 [00:08<00:16,  3.57it/s, loss=0.228]
  epoch 3/3:  33%|███▎      | 29/88 [00:08<00:16,  3.57it/s, loss=0.228]
  epoch 3/3:  34%|███▍      | 30/88 [00:08<00:16,  3.59it/s, loss=0.228]
  epoch 3/3:  34%|███▍      | 30/88 [00:08<00:16,  3.59it/s, loss=0.228]
  epoch 3/3:  35%|███▌      | 31/88 [00:08<00:15,  3.58it/s, loss=0.228]
  epoch 3/3:  35%|███▌      | 31/88 [00:09<00:15,  3.58it/s, loss=0.227]
  epoch 3/3:  36%|███▋      | 32/88 [00:09<00:15,  3.56it/s, loss=0.227]
  epoch 3/3:  36%|███▋      | 32/88 [00:09<00:15,  3.56it/s, loss=0.227]
  epoch 3/3:  38%|███▊      | 33/88 [00:09<00:15,  3.57it/s, loss=0.227]
  epoch 3/3:  38%|███▊      | 33/88 [00:09<00:15,  3.57it/s, loss=0.227]
  epoch 3/3:  39%|███▊      | 34/88 [00:09<00:15,  3.57it/s, loss=0.227]
  epoch 3/3:  39%|███▊      | 34/88 [00:10<00:15,  3.57it/s, loss=0.226]
  epoch 3/3:  40%|███▉      | 35/88 [00:10<00:14,  3.59it/s, loss=0.226]
  epoch 3/3:  40%|███▉      | 35/88 [00:10<00:14,  3.59it/s, loss=0.226]
  epoch 3/3:  41%|████      | 36/88 [00:10<00:14,  3.58it/s, loss=0.226]
  epoch 3/3:  41%|████      | 36/88 [00:10<00:14,  3.58it/s, loss=0.227]
  epoch 3/3:  42%|████▏     | 37/88 [00:10<00:14,  3.58it/s, loss=0.227]
  epoch 3/3:  42%|████▏     | 37/88 [00:10<00:14,  3.58it/s, loss=0.228]
  epoch 3/3:  43%|████▎     | 38/88 [00:10<00:14,  3.57it/s, loss=0.228]
  epoch 3/3:  43%|████▎     | 38/88 [00:11<00:14,  3.57it/s, loss=0.226]
  epoch 3/3:  44%|████▍     | 39/88 [00:11<00:13,  3.56it/s, loss=0.226]
  epoch 3/3:  44%|████▍     | 39/88 [00:11<00:13,  3.56it/s, loss=0.227]
  epoch 3/3:  45%|████▌     | 40/88 [00:11<00:13,  3.53it/s, loss=0.227]
  epoch 3/3:  45%|████▌     | 40/88 [00:11<00:13,  3.53it/s, loss=0.227]
  epoch 3/3:  47%|████▋     | 41/88 [00:11<00:13,  3.54it/s, loss=0.227]
  epoch 3/3:  47%|████▋     | 41/88 [00:12<00:13,  3.54it/s, loss=0.226]
  epoch 3/3:  48%|████▊     | 42/88 [00:12<00:12,  3.55it/s, loss=0.226]
  epoch 3/3:  48%|████▊     | 42/88 [00:12<00:12,  3.55it/s, loss=0.225]
  epoch 3/3:  49%|████▉     | 43/88 [00:12<00:12,  3.58it/s, loss=0.225]
  epoch 3/3:  49%|████▉     | 43/88 [00:12<00:12,  3.58it/s, loss=0.223]
  epoch 3/3:  50%|█████     | 44/88 [00:12<00:12,  3.57it/s, loss=0.223]
  epoch 3/3:  50%|█████     | 44/88 [00:12<00:12,  3.57it/s, loss=0.221]
  epoch 3/3:  51%|█████     | 45/88 [00:12<00:12,  3.57it/s, loss=0.221]
  epoch 3/3:  51%|█████     | 45/88 [00:13<00:12,  3.57it/s, loss=0.220]
  epoch 3/3:  52%|█████▏    | 46/88 [00:13<00:11,  3.57it/s, loss=0.220]
  epoch 3/3:  52%|█████▏    | 46/88 [00:13<00:11,  3.57it/s, loss=0.219]
  epoch 3/3:  53%|█████▎    | 47/88 [00:13<00:11,  3.57it/s, loss=0.219]
  epoch 3/3:  53%|█████▎    | 47/88 [00:13<00:11,  3.57it/s, loss=0.221]
  epoch 3/3:  55%|█████▍    | 48/88 [00:13<00:11,  3.58it/s, loss=0.221]
  epoch 3/3:  55%|█████▍    | 48/88 [00:13<00:11,  3.58it/s, loss=0.218]
  epoch 3/3:  56%|█████▌    | 49/88 [00:13<00:10,  3.58it/s, loss=0.218]
  epoch 3/3:  56%|█████▌    | 49/88 [00:14<00:10,  3.58it/s, loss=0.217]
  epoch 3/3:  57%|█████▋    | 50/88 [00:14<00:10,  3.58it/s, loss=0.217]
  epoch 3/3:  57%|█████▋    | 50/88 [00:14<00:10,  3.58it/s, loss=0.216]
  epoch 3/3:  58%|█████▊    | 51/88 [00:14<00:10,  3.58it/s, loss=0.216]
  epoch 3/3:  58%|█████▊    | 51/88 [00:14<00:10,  3.58it/s, loss=0.214]
  epoch 3/3:  59%|█████▉    | 52/88 [00:14<00:10,  3.60it/s, loss=0.214]
  epoch 3/3:  59%|█████▉    | 52/88 [00:15<00:10,  3.60it/s, loss=0.213]
  epoch 3/3:  60%|██████    | 53/88 [00:15<00:09,  3.58it/s, loss=0.213]
  epoch 3/3:  60%|██████    | 53/88 [00:15<00:09,  3.58it/s, loss=0.211]
  epoch 3/3:  61%|██████▏   | 54/88 [00:15<00:09,  3.57it/s, loss=0.211]
  epoch 3/3:  61%|██████▏   | 54/88 [00:15<00:09,  3.57it/s, loss=0.211]
  epoch 3/3:  62%|██████▎   | 55/88 [00:15<00:09,  3.58it/s, loss=0.211]
  epoch 3/3:  62%|██████▎   | 55/88 [00:15<00:09,  3.58it/s, loss=0.211]
  epoch 3/3:  64%|██████▎   | 56/88 [00:15<00:08,  3.56it/s, loss=0.211]
  epoch 3/3:  64%|██████▎   | 56/88 [00:16<00:08,  3.56it/s, loss=0.212]
  epoch 3/3:  65%|██████▍   | 57/88 [00:16<00:08,  3.58it/s, loss=0.212]
  epoch 3/3:  65%|██████▍   | 57/88 [00:16<00:08,  3.58it/s, loss=0.210]
  epoch 3/3:  66%|██████▌   | 58/88 [00:16<00:08,  3.59it/s, loss=0.210]
  epoch 3/3:  66%|██████▌   | 58/88 [00:16<00:08,  3.59it/s, loss=0.209]
  epoch 3/3:  67%|██████▋   | 59/88 [00:16<00:08,  3.58it/s, loss=0.209]
  epoch 3/3:  67%|██████▋   | 59/88 [00:17<00:08,  3.58it/s, loss=0.207]
  epoch 3/3:  68%|██████▊   | 60/88 [00:17<00:07,  3.59it/s, loss=0.207]
  epoch 3/3:  68%|██████▊   | 60/88 [00:17<00:07,  3.59it/s, loss=0.206]
  epoch 3/3:  69%|██████▉   | 61/88 [00:17<00:07,  3.61it/s, loss=0.206]
  epoch 3/3:  69%|██████▉   | 61/88 [00:17<00:07,  3.61it/s, loss=0.205]
  epoch 3/3:  70%|███████   | 62/88 [00:17<00:07,  3.59it/s, loss=0.205]
  epoch 3/3:  70%|███████   | 62/88 [00:17<00:07,  3.59it/s, loss=0.204]
  epoch 3/3:  72%|███████▏  | 63/88 [00:17<00:06,  3.58it/s, loss=0.204]
  epoch 3/3:  72%|███████▏  | 63/88 [00:18<00:06,  3.58it/s, loss=0.203]
  epoch 3/3:  73%|███████▎  | 64/88 [00:18<00:06,  3.59it/s, loss=0.203]
  epoch 3/3:  73%|███████▎  | 64/88 [00:18<00:06,  3.59it/s, loss=0.202]
  epoch 3/3:  74%|███████▍  | 65/88 [00:18<00:06,  3.60it/s, loss=0.202]
  epoch 3/3:  74%|███████▍  | 65/88 [00:18<00:06,  3.60it/s, loss=0.203]
  epoch 3/3:  75%|███████▌  | 66/88 [00:18<00:06,  3.59it/s, loss=0.203]
  epoch 3/3:  75%|███████▌  | 66/88 [00:18<00:06,  3.59it/s, loss=0.202]
  epoch 3/3:  76%|███████▌  | 67/88 [00:18<00:05,  3.60it/s, loss=0.202]
  epoch 3/3:  76%|███████▌  | 67/88 [00:19<00:05,  3.60it/s, loss=0.202]
  epoch 3/3:  77%|███████▋  | 68/88 [00:19<00:05,  3.62it/s, loss=0.202]
  epoch 3/3:  77%|███████▋  | 68/88 [00:19<00:05,  3.62it/s, loss=0.201]
  epoch 3/3:  78%|███████▊  | 69/88 [00:19<00:05,  3.61it/s, loss=0.201]
  epoch 3/3:  78%|███████▊  | 69/88 [00:19<00:05,  3.61it/s, loss=0.201]
  epoch 3/3:  80%|███████▉  | 70/88 [00:19<00:04,  3.61it/s, loss=0.201]
  epoch 3/3:  80%|███████▉  | 70/88 [00:20<00:04,  3.61it/s, loss=0.200]
  epoch 3/3:  81%|████████  | 71/88 [00:20<00:04,  3.62it/s, loss=0.200]
  epoch 3/3:  81%|████████  | 71/88 [00:20<00:04,  3.62it/s, loss=0.200]
  epoch 3/3:  82%|████████▏ | 72/88 [00:20<00:04,  3.56it/s, loss=0.200]
  epoch 3/3:  82%|████████▏ | 72/88 [00:20<00:04,  3.56it/s, loss=0.199]
  epoch 3/3:  83%|████████▎ | 73/88 [00:20<00:04,  3.58it/s, loss=0.199]
  epoch 3/3:  83%|████████▎ | 73/88 [00:20<00:04,  3.58it/s, loss=0.198]
  epoch 3/3:  84%|████████▍ | 74/88 [00:20<00:03,  3.58it/s, loss=0.198]
  epoch 3/3:  84%|████████▍ | 74/88 [00:21<00:03,  3.58it/s, loss=0.197]
  epoch 3/3:  85%|████████▌ | 75/88 [00:21<00:03,  3.59it/s, loss=0.197]
  epoch 3/3:  85%|████████▌ | 75/88 [00:21<00:03,  3.59it/s, loss=0.197]
  epoch 3/3:  86%|████████▋ | 76/88 [00:21<00:03,  3.61it/s, loss=0.197]
  epoch 3/3:  86%|████████▋ | 76/88 [00:21<00:03,  3.61it/s, loss=0.196]
  epoch 3/3:  88%|████████▊ | 77/88 [00:21<00:03,  3.60it/s, loss=0.196]
  epoch 3/3:  88%|████████▊ | 77/88 [00:22<00:03,  3.60it/s, loss=0.196]
  epoch 3/3:  89%|████████▊ | 78/88 [00:22<00:02,  3.60it/s, loss=0.196]
  epoch 3/3:  89%|████████▊ | 78/88 [00:22<00:02,  3.60it/s, loss=0.195]
  epoch 3/3:  90%|████████▉ | 79/88 [00:22<00:02,  3.62it/s, loss=0.195]
  epoch 3/3:  90%|████████▉ | 79/88 [00:22<00:02,  3.62it/s, loss=0.194]
  epoch 3/3:  91%|█████████ | 80/88 [00:22<00:02,  3.62it/s, loss=0.194]
  epoch 3/3:  91%|█████████ | 80/88 [00:22<00:02,  3.62it/s, loss=0.193]
  epoch 3/3:  92%|█████████▏| 81/88 [00:22<00:01,  3.63it/s, loss=0.193]
  epoch 3/3:  92%|█████████▏| 81/88 [00:23<00:01,  3.63it/s, loss=0.194]
  epoch 3/3:  93%|█████████▎| 82/88 [00:23<00:01,  3.61it/s, loss=0.194]
  epoch 3/3:  93%|█████████▎| 82/88 [00:23<00:01,  3.61it/s, loss=0.194]
  epoch 3/3:  94%|█████████▍| 83/88 [00:23<00:01,  3.61it/s, loss=0.194]
  epoch 3/3:  94%|█████████▍| 83/88 [00:23<00:01,  3.61it/s, loss=0.193]
  epoch 3/3:  95%|█████████▌| 84/88 [00:23<00:01,  3.62it/s, loss=0.193]
  epoch 3/3:  95%|█████████▌| 84/88 [00:23<00:01,  3.62it/s, loss=0.193]
  epoch 3/3:  97%|█████████▋| 85/88 [00:23<00:00,  3.61it/s, loss=0.193]
  epoch 3/3:  97%|█████████▋| 85/88 [00:24<00:00,  3.61it/s, loss=0.193]
  epoch 3/3:  98%|█████████▊| 86/88 [00:24<00:00,  3.60it/s, loss=0.193]
  epoch 3/3:  98%|█████████▊| 86/88 [00:24<00:00,  3.60it/s, loss=0.193]
  epoch 3/3:  99%|█████████▉| 87/88 [00:24<00:00,  3.62it/s, loss=0.193]
  epoch 3/3:  99%|█████████▉| 87/88 [00:24<00:00,  3.62it/s, loss=0.193]
  epoch 3/3: 100%|██████████| 88/88 [00:24<00:00,  3.88it/s, loss=0.193]
                                                                        
[titans] reset=never | norm(state) sau task = 82.2923
[titans]   self-mod v:β=0.85 |W|=1.92
[titans]   eta_t(avg)=11.2057  alpha_t/forget-gate(avg)=0.9996
[task 3] test acc so far: 0.977  0.834  0.706  0.483
[task 3] NCM-blend gamma=0: 0.840  0.774  0.800  0.826
[task 3] NCM-blend gamma=1: 0.857  0.780  0.834  0.849
[checkpoint] đã lưu tiến độ sau task 3
[task 4] classes=[0, 11, 12, 28, 35] | train=2800

  epoch 1/3:   0%|          | 0/88 [00:00<?, ?it/s]
  epoch 1/3:   0%|          | 0/88 [00:00<?, ?it/s, loss=1.652]
  epoch 1/3:   1%|          | 1/88 [00:00<00:47,  1.83it/s, loss=1.652]
  epoch 1/3:   1%|          | 1/88 [00:00<00:47,  1.83it/s, loss=1.703]
  epoch 1/3:   2%|▏         | 2/88 [00:00<00:33,  2.59it/s, loss=1.703]
  epoch 1/3:   2%|▏         | 2/88 [00:01<00:33,  2.59it/s, loss=1.686]
  epoch 1/3:   3%|▎         | 3/88 [00:01<00:28,  2.97it/s, loss=1.686]
  epoch 1/3:   3%|▎         | 3/88 [00:01<00:28,  2.97it/s, loss=1.693]
  epoch 1/3:   5%|▍         | 4/88 [00:01<00:26,  3.20it/s, loss=1.693]
  epoch 1/3:   5%|▍         | 4/88 [00:01<00:26,  3.20it/s, loss=1.665]
  epoch 1/3:   6%|▌         | 5/88 [00:01<00:24,  3.35it/s, loss=1.665]
  epoch 1/3:   6%|▌         | 5/88 [00:01<00:24,  3.35it/s, loss=1.663]
  epoch 1/3:   7%|▋         | 6/88 [00:01<00:23,  3.42it/s, loss=1.663]
  epoch 1/3:   7%|▋         | 6/88 [00:02<00:23,  3.42it/s, loss=1.647]
  epoch 1/3:   8%|▊         | 7/88 [00:02<00:23,  3.48it/s, loss=1.647]
  epoch 1/3:   8%|▊         | 7/88 [00:02<00:23,  3.48it/s, loss=1.622]
  epoch 1/3:   9%|▉         | 8/88 [00:02<00:22,  3.54it/s, loss=1.622]
  epoch 1/3:   9%|▉         | 8/88 [00:02<00:22,  3.54it/s, loss=1.626]
  epoch 1/3:  10%|█         | 9/88 [00:02<00:22,  3.55it/s, loss=1.626]
  epoch 1/3:  10%|█         | 9/88 [00:03<00:22,  3.55it/s, loss=1.617]
  epoch 1/3:  11%|█▏        | 10/88 [00:03<00:21,  3.57it/s, loss=1.617]
  epoch 1/3:  11%|█▏        | 10/88 [00:03<00:21,  3.57it/s, loss=1.604]
  epoch 1/3:  12%|█▎        | 11/88 [00:03<00:21,  3.59it/s, loss=1.604]
  epoch 1/3:  12%|█▎        | 11/88 [00:03<00:21,  3.59it/s, loss=1.602]
  epoch 1/3:  14%|█▎        | 12/88 [00:03<00:21,  3.59it/s, loss=1.602]
  epoch 1/3:  14%|█▎        | 12/88 [00:03<00:21,  3.59it/s, loss=1.592]
  epoch 1/3:  15%|█▍        | 13/88 [00:03<00:20,  3.60it/s, loss=1.592]
  epoch 1/3:  15%|█▍        | 13/88 [00:04<00:20,  3.60it/s, loss=1.589]
  epoch 1/3:  16%|█▌        | 14/88 [00:04<00:20,  3.61it/s, loss=1.589]
  epoch 1/3:  16%|█▌        | 14/88 [00:04<00:20,  3.61it/s, loss=1.578]
  epoch 1/3:  17%|█▋        | 15/88 [00:04<00:20,  3.60it/s, loss=1.578]
  epoch 1/3:  17%|█▋        | 15/88 [00:04<00:20,  3.60it/s, loss=1.574]
  epoch 1/3:  18%|█▊        | 16/88 [00:04<00:20,  3.55it/s, loss=1.574]
  epoch 1/3:  18%|█▊        | 16/88 [00:04<00:20,  3.55it/s, loss=1.567]
  epoch 1/3:  19%|█▉        | 17/88 [00:04<00:19,  3.58it/s, loss=1.567]
  epoch 1/3:  19%|█▉        | 17/88 [00:05<00:19,  3.58it/s, loss=1.563]
  epoch 1/3:  20%|██        | 18/88 [00:05<00:19,  3.61it/s, loss=1.563]
  epoch 1/3:  20%|██        | 18/88 [00:05<00:19,  3.61it/s, loss=1.558]
  epoch 1/3:  22%|██▏       | 19/88 [00:05<00:19,  3.60it/s, loss=1.558]
  epoch 1/3:  22%|██▏       | 19/88 [00:05<00:19,  3.60it/s, loss=1.553]
  epoch 1/3:  23%|██▎       | 20/88 [00:05<00:18,  3.60it/s, loss=1.553]
  epoch 1/3:  23%|██▎       | 20/88 [00:06<00:18,  3.60it/s, loss=1.550]
  epoch 1/3:  24%|██▍       | 21/88 [00:06<00:18,  3.62it/s, loss=1.550]
  epoch 1/3:  24%|██▍       | 21/88 [00:06<00:18,  3.62it/s, loss=1.539]
  epoch 1/3:  25%|██▌       | 22/88 [00:06<00:18,  3.61it/s, loss=1.539]
  epoch 1/3:  25%|██▌       | 22/88 [00:06<00:18,  3.61it/s, loss=1.534]
  epoch 1/3:  26%|██▌       | 23/88 [00:06<00:18,  3.61it/s, loss=1.534]
  epoch 1/3:  26%|██▌       | 23/88 [00:06<00:18,  3.61it/s, loss=1.526]
  epoch 1/3:  27%|██▋       | 24/88 [00:06<00:17,  3.62it/s, loss=1.526]
  epoch 1/3:  27%|██▋       | 24/88 [00:07<00:17,  3.62it/s, loss=1.514]
  epoch 1/3:  28%|██▊       | 25/88 [00:07<00:17,  3.60it/s, loss=1.514]
  epoch 1/3:  28%|██▊       | 25/88 [00:07<00:17,  3.60it/s, loss=1.506]
  epoch 1/3:  30%|██▉       | 26/88 [00:07<00:17,  3.60it/s, loss=1.506]
  epoch 1/3:  30%|██▉       | 26/88 [00:07<00:17,  3.60it/s, loss=1.500]
  epoch 1/3:  31%|███       | 27/88 [00:07<00:16,  3.62it/s, loss=1.500]
  epoch 1/3:  31%|███       | 27/88 [00:08<00:16,  3.62it/s, loss=1.491]
  epoch 1/3:  32%|███▏      | 28/88 [00:08<00:16,  3.60it/s, loss=1.491]
  epoch 1/3:  32%|███▏      | 28/88 [00:08<00:16,  3.60it/s, loss=1.482]
  epoch 1/3:  33%|███▎      | 29/88 [00:08<00:16,  3.60it/s, loss=1.482]
  epoch 1/3:  33%|███▎      | 29/88 [00:08<00:16,  3.60it/s, loss=1.474]
  epoch 1/3:  34%|███▍      | 30/88 [00:08<00:16,  3.62it/s, loss=1.474]
  epoch 1/3:  34%|███▍      | 30/88 [00:08<00:16,  3.62it/s, loss=1.465]
  epoch 1/3:  35%|███▌      | 31/88 [00:08<00:15,  3.60it/s, loss=1.465]
  epoch 1/3:  35%|███▌      | 31/88 [00:09<00:15,  3.60it/s, loss=1.458]
  epoch 1/3:  36%|███▋      | 32/88 [00:09<00:15,  3.55it/s, loss=1.458]
  epoch 1/3:  36%|███▋      | 32/88 [00:09<00:15,  3.55it/s, loss=1.448]
  epoch 1/3:  38%|███▊      | 33/88 [00:09<00:15,  3.56it/s, loss=1.448]
  epoch 1/3:  38%|███▊      | 33/88 [00:09<00:15,  3.56it/s, loss=1.438]
  epoch 1/3:  39%|███▊      | 34/88 [00:09<00:15,  3.55it/s, loss=1.438]
  epoch 1/3:  39%|███▊      | 34/88 [00:09<00:15,  3.55it/s, loss=1.433]
  epoch 1/3:  40%|███▉      | 35/88 [00:09<00:14,  3.55it/s, loss=1.433]
  epoch 1/3:  40%|███▉      | 35/88 [00:10<00:14,  3.55it/s, loss=1.425]
  epoch 1/3:  41%|████      | 36/88 [00:10<00:14,  3.56it/s, loss=1.425]
  epoch 1/3:  41%|████      | 36/88 [00:10<00:14,  3.56it/s, loss=1.417]
  epoch 1/3:  42%|████▏     | 37/88 [00:10<00:14,  3.56it/s, loss=1.417]
  epoch 1/3:  42%|████▏     | 37/88 [00:10<00:14,  3.56it/s, loss=1.408]
  epoch 1/3:  43%|████▎     | 38/88 [00:10<00:13,  3.60it/s, loss=1.408]
  epoch 1/3:  43%|████▎     | 38/88 [00:11<00:13,  3.60it/s, loss=1.398]
  epoch 1/3:  44%|████▍     | 39/88 [00:11<00:13,  3.59it/s, loss=1.398]
  epoch 1/3:  44%|████▍     | 39/88 [00:11<00:13,  3.59it/s, loss=1.390]
  epoch 1/3:  45%|████▌     | 40/88 [00:11<00:13,  3.60it/s, loss=1.390]
  epoch 1/3:  45%|████▌     | 40/88 [00:11<00:13,  3.60it/s, loss=1.382]
  epoch 1/3:  47%|████▋     | 41/88 [00:11<00:13,  3.61it/s, loss=1.382]
  epoch 1/3:  47%|████▋     | 41/88 [00:11<00:13,  3.61it/s, loss=1.374]
  epoch 1/3:  48%|████▊     | 42/88 [00:11<00:12,  3.59it/s, loss=1.374]
  epoch 1/3:  48%|████▊     | 42/88 [00:12<00:12,  3.59it/s, loss=1.364]
  epoch 1/3:  49%|████▉     | 43/88 [00:12<00:12,  3.59it/s, loss=1.364]
  epoch 1/3:  49%|████▉     | 43/88 [00:12<00:12,  3.59it/s, loss=1.357]
  epoch 1/3:  50%|█████     | 44/88 [00:12<00:12,  3.60it/s, loss=1.357]
  epoch 1/3:  50%|█████     | 44/88 [00:12<00:12,  3.60it/s, loss=1.349]
  epoch 1/3:  51%|█████     | 45/88 [00:12<00:11,  3.60it/s, loss=1.349]
  epoch 1/3:  51%|█████     | 45/88 [00:13<00:11,  3.60it/s, loss=1.342]
  epoch 1/3:  52%|█████▏    | 46/88 [00:13<00:11,  3.59it/s, loss=1.342]
  epoch 1/3:  52%|█████▏    | 46/88 [00:13<00:11,  3.59it/s, loss=1.336]
  epoch 1/3:  53%|█████▎    | 47/88 [00:13<00:11,  3.58it/s, loss=1.336]
  epoch 1/3:  53%|█████▎    | 47/88 [00:13<00:11,  3.58it/s, loss=1.329]
  epoch 1/3:  55%|█████▍    | 48/88 [00:13<00:11,  3.57it/s, loss=1.329]
  epoch 1/3:  55%|█████▍    | 48/88 [00:13<00:11,  3.57it/s, loss=1.321]
  epoch 1/3:  56%|█████▌    | 49/88 [00:13<00:10,  3.59it/s, loss=1.321]
  epoch 1/3:  56%|█████▌    | 49/88 [00:14<00:10,  3.59it/s, loss=1.312]
  epoch 1/3:  57%|█████▋    | 50/88 [00:14<00:10,  3.58it/s, loss=1.312]
  epoch 1/3:  57%|█████▋    | 50/88 [00:14<00:10,  3.58it/s, loss=1.305]
  epoch 1/3:  58%|█████▊    | 51/88 [00:14<00:10,  3.58it/s, loss=1.305]
  epoch 1/3:  58%|█████▊    | 51/88 [00:14<00:10,  3.58it/s, loss=1.297]
  epoch 1/3:  59%|█████▉    | 52/88 [00:14<00:10,  3.58it/s, loss=1.297]
  epoch 1/3:  59%|█████▉    | 52/88 [00:15<00:10,  3.58it/s, loss=1.289]
  epoch 1/3:  60%|██████    | 53/88 [00:15<00:09,  3.60it/s, loss=1.289]
  epoch 1/3:  60%|██████    | 53/88 [00:15<00:09,  3.60it/s, loss=1.282]
  epoch 1/3:  61%|██████▏   | 54/88 [00:15<00:09,  3.60it/s, loss=1.282]
  epoch 1/3:  61%|██████▏   | 54/88 [00:15<00:09,  3.60it/s, loss=1.275]
  epoch 1/3:  62%|██████▎   | 55/88 [00:15<00:09,  3.59it/s, loss=1.275]
  epoch 1/3:  62%|██████▎   | 55/88 [00:15<00:09,  3.59it/s, loss=1.267]
  epoch 1/3:  64%|██████▎   | 56/88 [00:15<00:08,  3.61it/s, loss=1.267]
  epoch 1/3:  64%|██████▎   | 56/88 [00:16<00:08,  3.61it/s, loss=1.258]
  epoch 1/3:  65%|██████▍   | 57/88 [00:16<00:08,  3.59it/s, loss=1.258]
  epoch 1/3:  65%|██████▍   | 57/88 [00:16<00:08,  3.59it/s, loss=1.250]
  epoch 1/3:  66%|██████▌   | 58/88 [00:16<00:08,  3.60it/s, loss=1.250]
  epoch 1/3:  66%|██████▌   | 58/88 [00:16<00:08,  3.60it/s, loss=1.243]
  epoch 1/3:  67%|██████▋   | 59/88 [00:16<00:08,  3.62it/s, loss=1.243]
  epoch 1/3:  67%|██████▋   | 59/88 [00:16<00:08,  3.62it/s, loss=1.236]
  epoch 1/3:  68%|██████▊   | 60/88 [00:16<00:07,  3.60it/s, loss=1.236]
  epoch 1/3:  68%|██████▊   | 60/88 [00:17<00:07,  3.60it/s, loss=1.231]
  epoch 1/3:  69%|██████▉   | 61/88 [00:17<00:07,  3.60it/s, loss=1.231]
  epoch 1/3:  69%|██████▉   | 61/88 [00:17<00:07,  3.60it/s, loss=1.225]
  epoch 1/3:  70%|███████   | 62/88 [00:17<00:07,  3.62it/s, loss=1.225]
  epoch 1/3:  70%|███████   | 62/88 [00:17<00:07,  3.62it/s, loss=1.216]
  epoch 1/3:  72%|███████▏  | 63/88 [00:17<00:06,  3.61it/s, loss=1.216]
  epoch 1/3:  72%|███████▏  | 63/88 [00:18<00:06,  3.61it/s, loss=1.209]
  epoch 1/3:  73%|███████▎  | 64/88 [00:18<00:06,  3.56it/s, loss=1.209]
  epoch 1/3:  73%|███████▎  | 64/88 [00:18<00:06,  3.56it/s, loss=1.204]
  epoch 1/3:  74%|███████▍  | 65/88 [00:18<00:06,  3.57it/s, loss=1.204]
  epoch 1/3:  74%|███████▍  | 65/88 [00:18<00:06,  3.57it/s, loss=1.196]
  epoch 1/3:  75%|███████▌  | 66/88 [00:18<00:06,  3.58it/s, loss=1.196]
  epoch 1/3:  75%|███████▌  | 66/88 [00:18<00:06,  3.58it/s, loss=1.190]
  epoch 1/3:  76%|███████▌  | 67/88 [00:18<00:05,  3.60it/s, loss=1.190]
  epoch 1/3:  76%|███████▌  | 67/88 [00:19<00:05,  3.60it/s, loss=1.182]
  epoch 1/3:  77%|███████▋  | 68/88 [00:19<00:05,  3.59it/s, loss=1.182]
  epoch 1/3:  77%|███████▋  | 68/88 [00:19<00:05,  3.59it/s, loss=1.177]
  epoch 1/3:  78%|███████▊  | 69/88 [00:19<00:05,  3.59it/s, loss=1.177]
  epoch 1/3:  78%|███████▊  | 69/88 [00:19<00:05,  3.59it/s, loss=1.171]
  epoch 1/3:  80%|███████▉  | 70/88 [00:19<00:04,  3.62it/s, loss=1.171]
  epoch 1/3:  80%|███████▉  | 70/88 [00:20<00:04,  3.62it/s, loss=1.164]
  epoch 1/3:  81%|████████  | 71/88 [00:20<00:04,  3.61it/s, loss=1.164]
  epoch 1/3:  81%|████████  | 71/88 [00:20<00:04,  3.61it/s, loss=1.159]
  epoch 1/3:  82%|████████▏ | 72/88 [00:20<00:04,  3.63it/s, loss=1.159]
  epoch 1/3:  82%|████████▏ | 72/88 [00:20<00:04,  3.63it/s, loss=1.155]
  epoch 1/3:  83%|████████▎ | 73/88 [00:20<00:04,  3.61it/s, loss=1.155]
  epoch 1/3:  83%|████████▎ | 73/88 [00:20<00:04,  3.61it/s, loss=1.147]
  epoch 1/3:  84%|████████▍ | 74/88 [00:20<00:03,  3.60it/s, loss=1.147]
  epoch 1/3:  84%|████████▍ | 74/88 [00:21<00:03,  3.60it/s, loss=1.141]
  epoch 1/3:  85%|████████▌ | 75/88 [00:21<00:03,  3.63it/s, loss=1.141]
  epoch 1/3:  85%|████████▌ | 75/88 [00:21<00:03,  3.63it/s, loss=1.135]
  epoch 1/3:  86%|████████▋ | 76/88 [00:21<00:03,  3.62it/s, loss=1.135]
  epoch 1/3:  86%|████████▋ | 76/88 [00:21<00:03,  3.62it/s, loss=1.129]
  epoch 1/3:  88%|████████▊ | 77/88 [00:21<00:03,  3.61it/s, loss=1.129]
  epoch 1/3:  88%|████████▊ | 77/88 [00:21<00:03,  3.61it/s, loss=1.122]
  epoch 1/3:  89%|████████▊ | 78/88 [00:21<00:02,  3.62it/s, loss=1.122]
  epoch 1/3:  89%|████████▊ | 78/88 [00:22<00:02,  3.62it/s, loss=1.115]
  epoch 1/3:  90%|████████▉ | 79/88 [00:22<00:02,  3.60it/s, loss=1.115]
  epoch 1/3:  90%|████████▉ | 79/88 [00:22<00:02,  3.60it/s, loss=1.107]
  epoch 1/3:  91%|█████████ | 80/88 [00:22<00:02,  3.55it/s, loss=1.107]
  epoch 1/3:  91%|█████████ | 80/88 [00:22<00:02,  3.55it/s, loss=1.101]
  epoch 1/3:  92%|█████████▏| 81/88 [00:22<00:01,  3.56it/s, loss=1.101]
  epoch 1/3:  92%|█████████▏| 81/88 [00:23<00:01,  3.56it/s, loss=1.096]
  epoch 1/3:  93%|█████████▎| 82/88 [00:23<00:01,  3.56it/s, loss=1.096]
  epoch 1/3:  93%|█████████▎| 82/88 [00:23<00:01,  3.56it/s, loss=1.091]
  epoch 1/3:  94%|█████████▍| 83/88 [00:23<00:01,  3.57it/s, loss=1.091]
  epoch 1/3:  94%|█████████▍| 83/88 [00:23<00:01,  3.57it/s, loss=1.085]
  epoch 1/3:  95%|█████████▌| 84/88 [00:23<00:01,  3.59it/s, loss=1.085]
  epoch 1/3:  95%|█████████▌| 84/88 [00:23<00:01,  3.59it/s, loss=1.077]
  epoch 1/3:  97%|█████████▋| 85/88 [00:23<00:00,  3.58it/s, loss=1.077]
  epoch 1/3:  97%|█████████▋| 85/88 [00:24<00:00,  3.58it/s, loss=1.072]
  epoch 1/3:  98%|█████████▊| 86/88 [00:24<00:00,  3.59it/s, loss=1.072]
  epoch 1/3:  98%|█████████▊| 86/88 [00:24<00:00,  3.59it/s, loss=1.065]
  epoch 1/3:  99%|█████████▉| 87/88 [00:24<00:00,  3.62it/s, loss=1.065]
  epoch 1/3:  99%|█████████▉| 87/88 [00:24<00:00,  3.62it/s, loss=1.062]
  epoch 1/3: 100%|██████████| 88/88 [00:24<00:00,  3.95it/s, loss=1.062]
                                                                        

  epoch 2/3:   0%|          | 0/88 [00:00<?, ?it/s]
  epoch 2/3:   0%|          | 0/88 [00:00<?, ?it/s, loss=0.529]
  epoch 2/3:   1%|          | 1/88 [00:00<00:47,  1.85it/s, loss=0.529]
  epoch 2/3:   1%|          | 1/88 [00:00<00:47,  1.85it/s, loss=0.541]
  epoch 2/3:   2%|▏         | 2/88 [00:00<00:33,  2.57it/s, loss=0.541]
  epoch 2/3:   2%|▏         | 2/88 [00:01<00:33,  2.57it/s, loss=0.548]
  epoch 2/3:   3%|▎         | 3/88 [00:01<00:28,  2.96it/s, loss=0.548]
  epoch 2/3:   3%|▎         | 3/88 [00:01<00:28,  2.96it/s, loss=0.515]
  epoch 2/3:   5%|▍         | 4/88 [00:01<00:26,  3.21it/s, loss=0.515]
  epoch 2/3:   5%|▍         | 4/88 [00:01<00:26,  3.21it/s, loss=0.496]
  epoch 2/3:   6%|▌         | 5/88 [00:01<00:24,  3.32it/s, loss=0.496]
  epoch 2/3:   6%|▌         | 5/88 [00:01<00:24,  3.32it/s, loss=0.501]
  epoch 2/3:   7%|▋         | 6/88 [00:01<00:23,  3.42it/s, loss=0.501]
  epoch 2/3:   7%|▋         | 6/88 [00:02<00:23,  3.42it/s, loss=0.512]
  epoch 2/3:   8%|▊         | 7/88 [00:02<00:23,  3.49it/s, loss=0.512]
  epoch 2/3:   8%|▊         | 7/88 [00:02<00:23,  3.49it/s, loss=0.511]
  epoch 2/3:   9%|▉         | 8/88 [00:02<00:23,  3.47it/s, loss=0.511]
  epoch 2/3:   9%|▉         | 8/88 [00:02<00:23,  3.47it/s, loss=0.503]
  epoch 2/3:  10%|█         | 9/88 [00:02<00:22,  3.51it/s, loss=0.503]
  epoch 2/3:  10%|█         | 9/88 [00:03<00:22,  3.51it/s, loss=0.509]
  epoch 2/3:  11%|█▏        | 10/88 [00:03<00:22,  3.52it/s, loss=0.509]
  epoch 2/3:  11%|█▏        | 10/88 [00:03<00:22,  3.52it/s, loss=0.506]
  epoch 2/3:  12%|█▎        | 11/88 [00:03<00:21,  3.54it/s, loss=0.506]
  epoch 2/3:  12%|█▎        | 11/88 [00:03<00:21,  3.54it/s, loss=0.498]
  epoch 2/3:  14%|█▎        | 12/88 [00:03<00:21,  3.58it/s, loss=0.498]
  epoch 2/3:  14%|█▎        | 12/88 [00:03<00:21,  3.58it/s, loss=0.498]
  epoch 2/3:  15%|█▍        | 13/88 [00:03<00:20,  3.58it/s, loss=0.498]
  epoch 2/3:  15%|█▍        | 13/88 [00:04<00:20,  3.58it/s, loss=0.492]
  epoch 2/3:  16%|█▌        | 14/88 [00:04<00:20,  3.58it/s, loss=0.492]
  epoch 2/3:  16%|█▌        | 14/88 [00:04<00:20,  3.58it/s, loss=0.491]
  epoch 2/3:  17%|█▋        | 15/88 [00:04<00:20,  3.59it/s, loss=0.491]
  epoch 2/3:  17%|█▋        | 15/88 [00:04<00:20,  3.59it/s, loss=0.489]
  epoch 2/3:  18%|█▊        | 16/88 [00:04<00:19,  3.60it/s, loss=0.489]
  epoch 2/3:  18%|█▊        | 16/88 [00:04<00:19,  3.60it/s, loss=0.485]
  epoch 2/3:  19%|█▉        | 17/88 [00:04<00:19,  3.62it/s, loss=0.485]
  epoch 2/3:  19%|█▉        | 17/88 [00:05<00:19,  3.62it/s, loss=0.484]
  epoch 2/3:  20%|██        | 18/88 [00:05<00:19,  3.62it/s, loss=0.484]
  epoch 2/3:  20%|██        | 18/88 [00:05<00:19,  3.62it/s, loss=0.481]
  epoch 2/3:  22%|██▏       | 19/88 [00:05<00:19,  3.63it/s, loss=0.481]
  epoch 2/3:  22%|██▏       | 19/88 [00:05<00:19,  3.63it/s, loss=0.477]
  epoch 2/3:  23%|██▎       | 20/88 [00:05<00:18,  3.63it/s, loss=0.477]
  epoch 2/3:  23%|██▎       | 20/88 [00:06<00:18,  3.63it/s, loss=0.473]
  epoch 2/3:  24%|██▍       | 21/88 [00:06<00:18,  3.61it/s, loss=0.473]
  epoch 2/3:  24%|██▍       | 21/88 [00:06<00:18,  3.61it/s, loss=0.469]
  epoch 2/3:  25%|██▌       | 22/88 [00:06<00:18,  3.61it/s, loss=0.469]
  epoch 2/3:  25%|██▌       | 22/88 [00:06<00:18,  3.61it/s, loss=0.466]
  epoch 2/3:  26%|██▌       | 23/88 [00:06<00:17,  3.63it/s, loss=0.466]
  epoch 2/3:  26%|██▌       | 23/88 [00:06<00:17,  3.63it/s, loss=0.462]
  epoch 2/3:  27%|██▋       | 24/88 [00:06<00:18,  3.55it/s, loss=0.462]
  epoch 2/3:  27%|██▋       | 24/88 [00:07<00:18,  3.55it/s, loss=0.456]
  epoch 2/3:  28%|██▊       | 25/88 [00:07<00:17,  3.59it/s, loss=0.456]
  epoch 2/3:  28%|██▊       | 25/88 [00:07<00:17,  3.59it/s, loss=0.458]
  epoch 2/3:  30%|██▉       | 26/88 [00:07<00:17,  3.59it/s, loss=0.458]
  epoch 2/3:  30%|██▉       | 26/88 [00:07<00:17,  3.59it/s, loss=0.451]
  epoch 2/3:  31%|███       | 27/88 [00:07<00:16,  3.62it/s, loss=0.451]
  epoch 2/3:  31%|███       | 27/88 [00:08<00:16,  3.62it/s, loss=0.449]
  epoch 2/3:  32%|███▏      | 28/88 [00:08<00:16,  3.61it/s, loss=0.449]
  epoch 2/3:  32%|███▏      | 28/88 [00:08<00:16,  3.61it/s, loss=0.452]
  epoch 2/3:  33%|███▎      | 29/88 [00:08<00:16,  3.60it/s, loss=0.452]
  epoch 2/3:  33%|███▎      | 29/88 [00:08<00:16,  3.60it/s, loss=0.447]
  epoch 2/3:  34%|███▍      | 30/88 [00:08<00:16,  3.60it/s, loss=0.447]
  epoch 2/3:  34%|███▍      | 30/88 [00:08<00:16,  3.60it/s, loss=0.442]
  epoch 2/3:  35%|███▌      | 31/88 [00:08<00:15,  3.60it/s, loss=0.442]
  epoch 2/3:  35%|███▌      | 31/88 [00:09<00:15,  3.60it/s, loss=0.442]
  epoch 2/3:  36%|███▋      | 32/88 [00:09<00:15,  3.60it/s, loss=0.442]
  epoch 2/3:  36%|███▋      | 32/88 [00:09<00:15,  3.60it/s, loss=0.438]
  epoch 2/3:  38%|███▊      | 33/88 [00:09<00:15,  3.61it/s, loss=0.438]
  epoch 2/3:  38%|███▊      | 33/88 [00:09<00:15,  3.61it/s, loss=0.434]
  epoch 2/3:  39%|███▊      | 34/88 [00:09<00:15,  3.60it/s, loss=0.434]
  epoch 2/3:  39%|███▊      | 34/88 [00:09<00:15,  3.60it/s, loss=0.430]
  epoch 2/3:  40%|███▉      | 35/88 [00:09<00:14,  3.59it/s, loss=0.430]
  epoch 2/3:  40%|███▉      | 35/88 [00:10<00:14,  3.59it/s, loss=0.427]
  epoch 2/3:  41%|████      | 36/88 [00:10<00:14,  3.59it/s, loss=0.427]
  epoch 2/3:  41%|████      | 36/88 [00:10<00:14,  3.59it/s, loss=0.425]
  epoch 2/3:  42%|████▏     | 37/88 [00:10<00:14,  3.62it/s, loss=0.425]
  epoch 2/3:  42%|████▏     | 37/88 [00:10<00:14,  3.62it/s, loss=0.421]
  epoch 2/3:  43%|████▎     | 38/88 [00:10<00:13,  3.60it/s, loss=0.421]
  epoch 2/3:  43%|████▎     | 38/88 [00:11<00:13,  3.60it/s, loss=0.419]
  epoch 2/3:  44%|████▍     | 39/88 [00:11<00:13,  3.61it/s, loss=0.419]
  epoch 2/3:  44%|████▍     | 39/88 [00:11<00:13,  3.61it/s, loss=0.416]
  epoch 2/3:  45%|████▌     | 40/88 [00:11<00:13,  3.57it/s, loss=0.416]
  epoch 2/3:  45%|████▌     | 40/88 [00:11<00:13,  3.57it/s, loss=0.412]
  epoch 2/3:  47%|████▋     | 41/88 [00:11<00:13,  3.60it/s, loss=0.412]
  epoch 2/3:  47%|████▋     | 41/88 [00:11<00:13,  3.60it/s, loss=0.409]
  epoch 2/3:  48%|████▊     | 42/88 [00:11<00:12,  3.59it/s, loss=0.409]
  epoch 2/3:  48%|████▊     | 42/88 [00:12<00:12,  3.59it/s, loss=0.407]
  epoch 2/3:  49%|████▉     | 43/88 [00:12<00:12,  3.61it/s, loss=0.407]
  epoch 2/3:  49%|████▉     | 43/88 [00:12<00:12,  3.61it/s, loss=0.403]
  epoch 2/3:  50%|█████     | 44/88 [00:12<00:12,  3.62it/s, loss=0.403]
  epoch 2/3:  50%|█████     | 44/88 [00:12<00:12,  3.62it/s, loss=0.400]
  epoch 2/3:  51%|█████     | 45/88 [00:12<00:11,  3.60it/s, loss=0.400]
  epoch 2/3:  51%|█████     | 45/88 [00:13<00:11,  3.60it/s, loss=0.398]
  epoch 2/3:  52%|█████▏    | 46/88 [00:13<00:11,  3.60it/s, loss=0.398]
  epoch 2/3:  52%|█████▏    | 46/88 [00:13<00:11,  3.60it/s, loss=0.396]
  epoch 2/3:  53%|█████▎    | 47/88 [00:13<00:11,  3.61it/s, loss=0.396]
  epoch 2/3:  53%|█████▎    | 47/88 [00:13<00:11,  3.61it/s, loss=0.393]
  epoch 2/3:  55%|█████▍    | 48/88 [00:13<00:11,  3.60it/s, loss=0.393]
  epoch 2/3:  55%|█████▍    | 48/88 [00:13<00:11,  3.60it/s, loss=0.390]
  epoch 2/3:  56%|█████▌    | 49/88 [00:13<00:10,  3.61it/s, loss=0.390]
  epoch 2/3:  56%|█████▌    | 49/88 [00:14<00:10,  3.61it/s, loss=0.388]
  epoch 2/3:  57%|█████▋    | 50/88 [00:14<00:10,  3.63it/s, loss=0.388]
  epoch 2/3:  57%|█████▋    | 50/88 [00:14<00:10,  3.63it/s, loss=0.384]
  epoch 2/3:  58%|█████▊    | 51/88 [00:14<00:10,  3.63it/s, loss=0.384]
  epoch 2/3:  58%|█████▊    | 51/88 [00:14<00:10,  3.63it/s, loss=0.382]
  epoch 2/3:  59%|█████▉    | 52/88 [00:14<00:09,  3.63it/s, loss=0.382]
  epoch 2/3:  59%|█████▉    | 52/88 [00:14<00:09,  3.63it/s, loss=0.382]
  epoch 2/3:  60%|██████    | 53/88 [00:14<00:09,  3.62it/s, loss=0.382]
  epoch 2/3:  60%|██████    | 53/88 [00:15<00:09,  3.62it/s, loss=0.379]
  epoch 2/3:  61%|██████▏   | 54/88 [00:15<00:09,  3.61it/s, loss=0.379]
  epoch 2/3:  61%|██████▏   | 54/88 [00:15<00:09,  3.61it/s, loss=0.375]
  epoch 2/3:  62%|██████▎   | 55/88 [00:15<00:09,  3.62it/s, loss=0.375]
  epoch 2/3:  62%|██████▎   | 55/88 [00:15<00:09,  3.62it/s, loss=0.373]
  epoch 2/3:  64%|██████▎   | 56/88 [00:15<00:08,  3.56it/s, loss=0.373]
  epoch 2/3:  64%|██████▎   | 56/88 [00:16<00:08,  3.56it/s, loss=0.372]
  epoch 2/3:  65%|██████▍   | 57/88 [00:16<00:08,  3.58it/s, loss=0.372]
  epoch 2/3:  65%|██████▍   | 57/88 [00:16<00:08,  3.58it/s, loss=0.370]
  epoch 2/3:  66%|██████▌   | 58/88 [00:16<00:08,  3.59it/s, loss=0.370]
  epoch 2/3:  66%|██████▌   | 58/88 [00:16<00:08,  3.59it/s, loss=0.368]
  epoch 2/3:  67%|██████▋   | 59/88 [00:16<00:08,  3.59it/s, loss=0.368]
  epoch 2/3:  67%|██████▋   | 59/88 [00:16<00:08,  3.59it/s, loss=0.367]
  epoch 2/3:  68%|██████▊   | 60/88 [00:16<00:07,  3.61it/s, loss=0.367]
  epoch 2/3:  68%|██████▊   | 60/88 [00:17<00:07,  3.61it/s, loss=0.365]
  epoch 2/3:  69%|██████▉   | 61/88 [00:17<00:07,  3.60it/s, loss=0.365]
  epoch 2/3:  69%|██████▉   | 61/88 [00:17<00:07,  3.60it/s, loss=0.363]
  epoch 2/3:  70%|███████   | 62/88 [00:17<00:07,  3.60it/s, loss=0.363]
  epoch 2/3:  70%|███████   | 62/88 [00:17<00:07,  3.60it/s, loss=0.360]
  epoch 2/3:  72%|███████▏  | 63/88 [00:17<00:06,  3.61it/s, loss=0.360]
  epoch 2/3:  72%|███████▏  | 63/88 [00:18<00:06,  3.61it/s, loss=0.358]
  epoch 2/3:  73%|███████▎  | 64/88 [00:18<00:06,  3.61it/s, loss=0.358]
  epoch 2/3:  73%|███████▎  | 64/88 [00:18<00:06,  3.61it/s, loss=0.358]
  epoch 2/3:  74%|███████▍  | 65/88 [00:18<00:06,  3.62it/s, loss=0.358]
  epoch 2/3:  74%|███████▍  | 65/88 [00:18<00:06,  3.62it/s, loss=0.356]
  epoch 2/3:  75%|███████▌  | 66/88 [00:18<00:06,  3.63it/s, loss=0.356]
  epoch 2/3:  75%|███████▌  | 66/88 [00:18<00:06,  3.63it/s, loss=0.353]
  epoch 2/3:  76%|███████▌  | 67/88 [00:18<00:05,  3.62it/s, loss=0.353]
  epoch 2/3:  76%|███████▌  | 67/88 [00:19<00:05,  3.62it/s, loss=0.351]
  epoch 2/3:  77%|███████▋  | 68/88 [00:19<00:05,  3.63it/s, loss=0.351]
  epoch 2/3:  77%|███████▋  | 68/88 [00:19<00:05,  3.63it/s, loss=0.349]
  epoch 2/3:  78%|███████▊  | 69/88 [00:19<00:05,  3.62it/s, loss=0.349]
  epoch 2/3:  78%|███████▊  | 69/88 [00:19<00:05,  3.62it/s, loss=0.347]
  epoch 2/3:  80%|███████▉  | 70/88 [00:19<00:04,  3.60it/s, loss=0.347]
  epoch 2/3:  80%|███████▉  | 70/88 [00:19<00:04,  3.60it/s, loss=0.345]
  epoch 2/3:  81%|████████  | 71/88 [00:19<00:04,  3.60it/s, loss=0.345]
  epoch 2/3:  81%|████████  | 71/88 [00:20<00:04,  3.60it/s, loss=0.343]
  epoch 2/3:  82%|████████▏ | 72/88 [00:20<00:04,  3.57it/s, loss=0.343]
  epoch 2/3:  82%|████████▏ | 72/88 [00:20<00:04,  3.57it/s, loss=0.342]
  epoch 2/3:  83%|████████▎ | 73/88 [00:20<00:04,  3.60it/s, loss=0.342]
  epoch 2/3:  83%|████████▎ | 73/88 [00:20<00:04,  3.60it/s, loss=0.341]
  epoch 2/3:  84%|████████▍ | 74/88 [00:20<00:03,  3.60it/s, loss=0.341]
  epoch 2/3:  84%|████████▍ | 74/88 [00:21<00:03,  3.60it/s, loss=0.339]
  epoch 2/3:  85%|████████▌ | 75/88 [00:21<00:03,  3.60it/s, loss=0.339]
  epoch 2/3:  85%|████████▌ | 75/88 [00:21<00:03,  3.60it/s, loss=0.338]
  epoch 2/3:  86%|████████▋ | 76/88 [00:21<00:03,  3.62it/s, loss=0.338]
  epoch 2/3:  86%|████████▋ | 76/88 [00:21<00:03,  3.62it/s, loss=0.337]
  epoch 2/3:  88%|████████▊ | 77/88 [00:21<00:03,  3.62it/s, loss=0.337]
  epoch 2/3:  88%|████████▊ | 77/88 [00:21<00:03,  3.62it/s, loss=0.336]
  epoch 2/3:  89%|████████▊ | 78/88 [00:21<00:02,  3.63it/s, loss=0.336]
  epoch 2/3:  89%|████████▊ | 78/88 [00:22<00:02,  3.63it/s, loss=0.334]
  epoch 2/3:  90%|████████▉ | 79/88 [00:22<00:02,  3.62it/s, loss=0.334]
  epoch 2/3:  90%|████████▉ | 79/88 [00:22<00:02,  3.62it/s, loss=0.334]
  epoch 2/3:  91%|█████████ | 80/88 [00:22<00:02,  3.61it/s, loss=0.334]
  epoch 2/3:  91%|█████████ | 80/88 [00:22<00:02,  3.61it/s, loss=0.332]
  epoch 2/3:  92%|█████████▏| 81/88 [00:22<00:01,  3.62it/s, loss=0.332]
  epoch 2/3:  92%|█████████▏| 81/88 [00:23<00:01,  3.62it/s, loss=0.331]
  epoch 2/3:  93%|█████████▎| 82/88 [00:23<00:01,  3.61it/s, loss=0.331]
  epoch 2/3:  93%|█████████▎| 82/88 [00:23<00:01,  3.61it/s, loss=0.329]
  epoch 2/3:  94%|█████████▍| 83/88 [00:23<00:01,  3.61it/s, loss=0.329]
  epoch 2/3:  94%|█████████▍| 83/88 [00:23<00:01,  3.61it/s, loss=0.327]
  epoch 2/3:  95%|█████████▌| 84/88 [00:23<00:01,  3.63it/s, loss=0.327]
  epoch 2/3:  95%|█████████▌| 84/88 [00:23<00:01,  3.63it/s, loss=0.326]
  epoch 2/3:  97%|█████████▋| 85/88 [00:23<00:00,  3.63it/s, loss=0.326]
  epoch 2/3:  97%|█████████▋| 85/88 [00:24<00:00,  3.63it/s, loss=0.324]
  epoch 2/3:  98%|█████████▊| 86/88 [00:24<00:00,  3.64it/s, loss=0.324]
  epoch 2/3:  98%|█████████▊| 86/88 [00:24<00:00,  3.64it/s, loss=0.323]
  epoch 2/3:  99%|█████████▉| 87/88 [00:24<00:00,  3.62it/s, loss=0.323]
  epoch 2/3:  99%|█████████▉| 87/88 [00:24<00:00,  3.62it/s, loss=0.321]
  epoch 2/3: 100%|██████████| 88/88 [00:24<00:00,  3.91it/s, loss=0.321]
                                                                        

  epoch 3/3:   0%|          | 0/88 [00:00<?, ?it/s]
  epoch 3/3:   0%|          | 0/88 [00:00<?, ?it/s, loss=0.232]
  epoch 3/3:   1%|          | 1/88 [00:00<00:47,  1.83it/s, loss=0.232]
  epoch 3/3:   1%|          | 1/88 [00:00<00:47,  1.83it/s, loss=0.207]
  epoch 3/3:   2%|▏         | 2/88 [00:00<00:33,  2.58it/s, loss=0.207]
  epoch 3/3:   2%|▏         | 2/88 [00:01<00:33,  2.58it/s, loss=0.229]
  epoch 3/3:   3%|▎         | 3/88 [00:01<00:28,  2.98it/s, loss=0.229]
  epoch 3/3:   3%|▎         | 3/88 [00:01<00:28,  2.98it/s, loss=0.203]
  epoch 3/3:   5%|▍         | 4/88 [00:01<00:26,  3.20it/s, loss=0.203]
  epoch 3/3:   5%|▍         | 4/88 [00:01<00:26,  3.20it/s, loss=0.204]
  epoch 3/3:   6%|▌         | 5/88 [00:01<00:24,  3.35it/s, loss=0.204]
  epoch 3/3:   6%|▌         | 5/88 [00:01<00:24,  3.35it/s, loss=0.188]
  epoch 3/3:   7%|▋         | 6/88 [00:01<00:23,  3.44it/s, loss=0.188]
  epoch 3/3:   7%|▋         | 6/88 [00:02<00:23,  3.44it/s, loss=0.185]
  epoch 3/3:   8%|▊         | 7/88 [00:02<00:23,  3.50it/s, loss=0.185]
  epoch 3/3:   8%|▊         | 7/88 [00:02<00:23,  3.50it/s, loss=0.184]
  epoch 3/3:   9%|▉         | 8/88 [00:02<00:22,  3.56it/s, loss=0.184]
  epoch 3/3:   9%|▉         | 8/88 [00:02<00:22,  3.56it/s, loss=0.185]
  epoch 3/3:  10%|█         | 9/88 [00:02<00:22,  3.58it/s, loss=0.185]
  epoch 3/3:  10%|█         | 9/88 [00:03<00:22,  3.58it/s, loss=0.181]
  epoch 3/3:  11%|█▏        | 10/88 [00:03<00:21,  3.61it/s, loss=0.181]
  epoch 3/3:  11%|█▏        | 10/88 [00:03<00:21,  3.61it/s, loss=0.178]
  epoch 3/3:  12%|█▎        | 11/88 [00:03<00:21,  3.60it/s, loss=0.178]
  epoch 3/3:  12%|█▎        | 11/88 [00:03<00:21,  3.60it/s, loss=0.179]
  epoch 3/3:  14%|█▎        | 12/88 [00:03<00:21,  3.60it/s, loss=0.179]
  epoch 3/3:  14%|█▎        | 12/88 [00:03<00:21,  3.60it/s, loss=0.180]
  epoch 3/3:  15%|█▍        | 13/88 [00:03<00:20,  3.62it/s, loss=0.180]
  epoch 3/3:  15%|█▍        | 13/88 [00:04<00:20,  3.62it/s, loss=0.183]
  epoch 3/3:  16%|█▌        | 14/88 [00:04<00:20,  3.61it/s, loss=0.183]
  epoch 3/3:  16%|█▌        | 14/88 [00:04<00:20,  3.61it/s, loss=0.179]
  epoch 3/3:  17%|█▋        | 15/88 [00:04<00:20,  3.61it/s, loss=0.179]
  epoch 3/3:  17%|█▋        | 15/88 [00:04<00:20,  3.61it/s, loss=0.175]
  epoch 3/3:  18%|█▊        | 16/88 [00:04<00:20,  3.57it/s, loss=0.175]
  epoch 3/3:  18%|█▊        | 16/88 [00:04<00:20,  3.57it/s, loss=0.171]
  epoch 3/3:  19%|█▉        | 17/88 [00:04<00:19,  3.60it/s, loss=0.171]
  epoch 3/3:  19%|█▉        | 17/88 [00:05<00:19,  3.60it/s, loss=0.170]
  epoch 3/3:  20%|██        | 18/88 [00:05<00:19,  3.59it/s, loss=0.170]
  epoch 3/3:  20%|██        | 18/88 [00:05<00:19,  3.59it/s, loss=0.168]
  epoch 3/3:  22%|██▏       | 19/88 [00:05<00:19,  3.60it/s, loss=0.168]
  epoch 3/3:  22%|██▏       | 19/88 [00:05<00:19,  3.60it/s, loss=0.168]
  epoch 3/3:  23%|██▎       | 20/88 [00:05<00:18,  3.61it/s, loss=0.168]
  epoch 3/3:  23%|██▎       | 20/88 [00:06<00:18,  3.61it/s, loss=0.164]
  epoch 3/3:  24%|██▍       | 21/88 [00:06<00:18,  3.60it/s, loss=0.164]
  epoch 3/3:  24%|██▍       | 21/88 [00:06<00:18,  3.60it/s, loss=0.163]
  epoch 3/3:  25%|██▌       | 22/88 [00:06<00:18,  3.59it/s, loss=0.163]
  epoch 3/3:  25%|██▌       | 22/88 [00:06<00:18,  3.59it/s, loss=0.163]
  epoch 3/3:  26%|██▌       | 23/88 [00:06<00:17,  3.63it/s, loss=0.163]
  epoch 3/3:  26%|██▌       | 23/88 [00:06<00:17,  3.63it/s, loss=0.162]
  epoch 3/3:  27%|██▋       | 24/88 [00:06<00:17,  3.62it/s, loss=0.162]
  epoch 3/3:  27%|██▋       | 24/88 [00:07<00:17,  3.62it/s, loss=0.160]
  epoch 3/3:  28%|██▊       | 25/88 [00:07<00:17,  3.64it/s, loss=0.160]
  epoch 3/3:  28%|██▊       | 25/88 [00:07<00:17,  3.64it/s, loss=0.160]
  epoch 3/3:  30%|██▉       | 26/88 [00:07<00:17,  3.63it/s, loss=0.160]
  epoch 3/3:  30%|██▉       | 26/88 [00:07<00:17,  3.63it/s, loss=0.159]
  epoch 3/3:  31%|███       | 27/88 [00:07<00:16,  3.65it/s, loss=0.159]
  epoch 3/3:  31%|███       | 27/88 [00:07<00:16,  3.65it/s, loss=0.159]
  epoch 3/3:  32%|███▏      | 28/88 [00:07<00:16,  3.62it/s, loss=0.159]
  epoch 3/3:  32%|███▏      | 28/88 [00:08<00:16,  3.62it/s, loss=0.158]
  epoch 3/3:  33%|███▎      | 29/88 [00:08<00:16,  3.62it/s, loss=0.158]
  epoch 3/3:  33%|███▎      | 29/88 [00:08<00:16,  3.62it/s, loss=0.158]
  epoch 3/3:  34%|███▍      | 30/88 [00:08<00:15,  3.64it/s, loss=0.158]
  epoch 3/3:  34%|███▍      | 30/88 [00:08<00:15,  3.64it/s, loss=0.158]
  epoch 3/3:  35%|███▌      | 31/88 [00:08<00:15,  3.63it/s, loss=0.158]
  epoch 3/3:  35%|███▌      | 31/88 [00:09<00:15,  3.63it/s, loss=0.156]
  epoch 3/3:  36%|███▋      | 32/88 [00:09<00:15,  3.59it/s, loss=0.156]
  epoch 3/3:  36%|███▋      | 32/88 [00:09<00:15,  3.59it/s, loss=0.154]
  epoch 3/3:  38%|███▊      | 33/88 [00:09<00:15,  3.62it/s, loss=0.154]
  epoch 3/3:  38%|███▊      | 33/88 [00:09<00:15,  3.62it/s, loss=0.154]
  epoch 3/3:  39%|███▊      | 34/88 [00:09<00:14,  3.61it/s, loss=0.154]
  epoch 3/3:  39%|███▊      | 34/88 [00:09<00:14,  3.61it/s, loss=0.153]
  epoch 3/3:  40%|███▉      | 35/88 [00:09<00:14,  3.61it/s, loss=0.153]
  epoch 3/3:  40%|███▉      | 35/88 [00:10<00:14,  3.61it/s, loss=0.153]
  epoch 3/3:  41%|████      | 36/88 [00:10<00:14,  3.63it/s, loss=0.153]
  epoch 3/3:  41%|████      | 36/88 [00:10<00:14,  3.63it/s, loss=0.152]
  epoch 3/3:  42%|████▏     | 37/88 [00:10<00:14,  3.62it/s, loss=0.152]
  epoch 3/3:  42%|████▏     | 37/88 [00:10<00:14,  3.62it/s, loss=0.151]
  epoch 3/3:  43%|████▎     | 38/88 [00:10<00:13,  3.64it/s, loss=0.151]
  epoch 3/3:  43%|████▎     | 38/88 [00:11<00:13,  3.64it/s, loss=0.150]
  epoch 3/3:  44%|████▍     | 39/88 [00:11<00:13,  3.64it/s, loss=0.150]
  epoch 3/3:  44%|████▍     | 39/88 [00:11<00:13,  3.64it/s, loss=0.148]
  epoch 3/3:  45%|████▌     | 40/88 [00:11<00:13,  3.65it/s, loss=0.148]
  epoch 3/3:  45%|████▌     | 40/88 [00:11<00:13,  3.65it/s, loss=0.147]
  epoch 3/3:  47%|████▋     | 41/88 [00:11<00:12,  3.64it/s, loss=0.147]
  epoch 3/3:  47%|████▋     | 41/88 [00:11<00:12,  3.64it/s, loss=0.147]
  epoch 3/3:  48%|████▊     | 42/88 [00:11<00:12,  3.66it/s, loss=0.147]
  epoch 3/3:  48%|████▊     | 42/88 [00:12<00:12,  3.66it/s, loss=0.145]
  epoch 3/3:  49%|████▉     | 43/88 [00:12<00:12,  3.62it/s, loss=0.145]
  epoch 3/3:  49%|████▉     | 43/88 [00:12<00:12,  3.62it/s, loss=0.145]
  epoch 3/3:  50%|█████     | 44/88 [00:12<00:12,  3.62it/s, loss=0.145]
  epoch 3/3:  50%|█████     | 44/88 [00:12<00:12,  3.62it/s, loss=0.146]
  epoch 3/3:  51%|█████     | 45/88 [00:12<00:11,  3.64it/s, loss=0.146]
  epoch 3/3:  51%|█████     | 45/88 [00:12<00:11,  3.64it/s, loss=0.145]
  epoch 3/3:  52%|█████▏    | 46/88 [00:12<00:11,  3.64it/s, loss=0.145]
  epoch 3/3:  52%|█████▏    | 46/88 [00:13<00:11,  3.64it/s, loss=0.144]
  epoch 3/3:  53%|█████▎    | 47/88 [00:13<00:11,  3.65it/s, loss=0.144]
  epoch 3/3:  53%|█████▎    | 47/88 [00:13<00:11,  3.65it/s, loss=0.142]
  epoch 3/3:  55%|█████▍    | 48/88 [00:13<00:11,  3.60it/s, loss=0.142]
  epoch 3/3:  55%|█████▍    | 48/88 [00:13<00:11,  3.60it/s, loss=0.141]
  epoch 3/3:  56%|█████▌    | 49/88 [00:13<00:10,  3.60it/s, loss=0.141]
  epoch 3/3:  56%|█████▌    | 49/88 [00:14<00:10,  3.60it/s, loss=0.140]
  epoch 3/3:  57%|█████▋    | 50/88 [00:14<00:10,  3.60it/s, loss=0.140]
  epoch 3/3:  57%|█████▋    | 50/88 [00:14<00:10,  3.60it/s, loss=0.139]
  epoch 3/3:  58%|█████▊    | 51/88 [00:14<00:10,  3.62it/s, loss=0.139]
  epoch 3/3:  58%|█████▊    | 51/88 [00:14<00:10,  3.62it/s, loss=0.139]
  epoch 3/3:  59%|█████▉    | 52/88 [00:14<00:09,  3.63it/s, loss=0.139]
  epoch 3/3:  59%|█████▉    | 52/88 [00:14<00:09,  3.63it/s, loss=0.139]
  epoch 3/3:  60%|██████    | 53/88 [00:14<00:09,  3.65it/s, loss=0.139]
  epoch 3/3:  60%|██████    | 53/88 [00:15<00:09,  3.65it/s, loss=0.139]
  epoch 3/3:  61%|██████▏   | 54/88 [00:15<00:09,  3.65it/s, loss=0.139]
  epoch 3/3:  61%|██████▏   | 54/88 [00:15<00:09,  3.65it/s, loss=0.138]
  epoch 3/3:  62%|██████▎   | 55/88 [00:15<00:09,  3.65it/s, loss=0.138]
  epoch 3/3:  62%|██████▎   | 55/88 [00:15<00:09,  3.65it/s, loss=0.139]
  epoch 3/3:  64%|██████▎   | 56/88 [00:15<00:08,  3.63it/s, loss=0.139]
  epoch 3/3:  64%|██████▎   | 56/88 [00:15<00:08,  3.63it/s, loss=0.140]
  epoch 3/3:  65%|██████▍   | 57/88 [00:15<00:08,  3.62it/s, loss=0.140]
  epoch 3/3:  65%|██████▍   | 57/88 [00:16<00:08,  3.62it/s, loss=0.140]
  epoch 3/3:  66%|██████▌   | 58/88 [00:16<00:08,  3.63it/s, loss=0.140]
  epoch 3/3:  66%|██████▌   | 58/88 [00:16<00:08,  3.63it/s, loss=0.139]
  epoch 3/3:  67%|██████▋   | 59/88 [00:16<00:07,  3.63it/s, loss=0.139]
  epoch 3/3:  67%|██████▋   | 59/88 [00:16<00:07,  3.63it/s, loss=0.138]
  epoch 3/3:  68%|██████▊   | 60/88 [00:16<00:07,  3.66it/s, loss=0.138]
  epoch 3/3:  68%|██████▊   | 60/88 [00:17<00:07,  3.66it/s, loss=0.138]
  epoch 3/3:  69%|██████▉   | 61/88 [00:17<00:07,  3.65it/s, loss=0.138]
  epoch 3/3:  69%|██████▉   | 61/88 [00:17<00:07,  3.65it/s, loss=0.137]
  epoch 3/3:  70%|███████   | 62/88 [00:17<00:07,  3.65it/s, loss=0.137]
  epoch 3/3:  70%|███████   | 62/88 [00:17<00:07,  3.65it/s, loss=0.139]
  epoch 3/3:  72%|███████▏  | 63/88 [00:17<00:06,  3.64it/s, loss=0.139]
  epoch 3/3:  72%|███████▏  | 63/88 [00:17<00:06,  3.64it/s, loss=0.138]
  epoch 3/3:  73%|███████▎  | 64/88 [00:17<00:06,  3.61it/s, loss=0.138]
  epoch 3/3:  73%|███████▎  | 64/88 [00:18<00:06,  3.61it/s, loss=0.137]
  epoch 3/3:  74%|███████▍  | 65/88 [00:18<00:06,  3.62it/s, loss=0.137]
  epoch 3/3:  74%|███████▍  | 65/88 [00:18<00:06,  3.62it/s, loss=0.137]
  epoch 3/3:  75%|███████▌  | 66/88 [00:18<00:06,  3.61it/s, loss=0.137]
  epoch 3/3:  75%|███████▌  | 66/88 [00:18<00:06,  3.61it/s, loss=0.137]
  epoch 3/3:  76%|███████▌  | 67/88 [00:18<00:05,  3.62it/s, loss=0.137]
  epoch 3/3:  76%|███████▌  | 67/88 [00:19<00:05,  3.62it/s, loss=0.137]
  epoch 3/3:  77%|███████▋  | 68/88 [00:19<00:05,  3.64it/s, loss=0.137]
  epoch 3/3:  77%|███████▋  | 68/88 [00:19<00:05,  3.64it/s, loss=0.136]
  epoch 3/3:  78%|███████▊  | 69/88 [00:19<00:05,  3.63it/s, loss=0.136]
  epoch 3/3:  78%|███████▊  | 69/88 [00:19<00:05,  3.63it/s, loss=0.135]
  epoch 3/3:  80%|███████▉  | 70/88 [00:19<00:04,  3.64it/s, loss=0.135]
  epoch 3/3:  80%|███████▉  | 70/88 [00:19<00:04,  3.64it/s, loss=0.135]
  epoch 3/3:  81%|████████  | 71/88 [00:19<00:04,  3.62it/s, loss=0.135]
  epoch 3/3:  81%|████████  | 71/88 [00:20<00:04,  3.62it/s, loss=0.134]
  epoch 3/3:  82%|████████▏ | 72/88 [00:20<00:04,  3.62it/s, loss=0.134]
  epoch 3/3:  82%|████████▏ | 72/88 [00:20<00:04,  3.62it/s, loss=0.134]
  epoch 3/3:  83%|████████▎ | 73/88 [00:20<00:04,  3.63it/s, loss=0.134]
  epoch 3/3:  83%|████████▎ | 73/88 [00:20<00:04,  3.63it/s, loss=0.133]
  epoch 3/3:  84%|████████▍ | 74/88 [00:20<00:03,  3.63it/s, loss=0.133]
  epoch 3/3:  84%|████████▍ | 74/88 [00:20<00:03,  3.63it/s, loss=0.133]
  epoch 3/3:  85%|████████▌ | 75/88 [00:20<00:03,  3.65it/s, loss=0.133]
  epoch 3/3:  85%|████████▌ | 75/88 [00:21<00:03,  3.65it/s, loss=0.132]
  epoch 3/3:  86%|████████▋ | 76/88 [00:21<00:03,  3.64it/s, loss=0.132]
  epoch 3/3:  86%|████████▋ | 76/88 [00:21<00:03,  3.64it/s, loss=0.131]
  epoch 3/3:  88%|████████▊ | 77/88 [00:21<00:03,  3.66it/s, loss=0.131]
  epoch 3/3:  88%|████████▊ | 77/88 [00:21<00:03,  3.66it/s, loss=0.131]
  epoch 3/3:  89%|████████▊ | 78/88 [00:21<00:02,  3.64it/s, loss=0.131]
  epoch 3/3:  89%|████████▊ | 78/88 [00:22<00:02,  3.64it/s, loss=0.131]
  epoch 3/3:  90%|████████▉ | 79/88 [00:22<00:02,  3.65it/s, loss=0.131]
  epoch 3/3:  90%|████████▉ | 79/88 [00:22<00:02,  3.65it/s, loss=0.130]
  epoch 3/3:  91%|█████████ | 80/88 [00:22<00:02,  3.59it/s, loss=0.130]
  epoch 3/3:  91%|█████████ | 80/88 [00:22<00:02,  3.59it/s, loss=0.131]
  epoch 3/3:  92%|█████████▏| 81/88 [00:22<00:01,  3.60it/s, loss=0.131]
  epoch 3/3:  92%|█████████▏| 81/88 [00:22<00:01,  3.60it/s, loss=0.130]
  epoch 3/3:  93%|█████████▎| 82/88 [00:22<00:01,  3.62it/s, loss=0.130]
  epoch 3/3:  93%|█████████▎| 82/88 [00:23<00:01,  3.62it/s, loss=0.129]
  epoch 3/3:  94%|█████████▍| 83/88 [00:23<00:01,  3.63it/s, loss=0.129]
  epoch 3/3:  94%|█████████▍| 83/88 [00:23<00:01,  3.63it/s, loss=0.129]
  epoch 3/3:  95%|█████████▌| 84/88 [00:23<00:01,  3.63it/s, loss=0.129]
  epoch 3/3:  95%|█████████▌| 84/88 [00:23<00:01,  3.63it/s, loss=0.128]
  epoch 3/3:  97%|█████████▋| 85/88 [00:23<00:00,  3.64it/s, loss=0.128]
  epoch 3/3:  97%|█████████▋| 85/88 [00:23<00:00,  3.64it/s, loss=0.127]
  epoch 3/3:  98%|█████████▊| 86/88 [00:23<00:00,  3.65it/s, loss=0.127]
  epoch 3/3:  98%|█████████▊| 86/88 [00:24<00:00,  3.65it/s, loss=0.127]
  epoch 3/3:  99%|█████████▉| 87/88 [00:24<00:00,  3.65it/s, loss=0.127]
  epoch 3/3:  99%|█████████▉| 87/88 [00:24<00:00,  3.65it/s, loss=0.126]
  epoch 3/3: 100%|██████████| 88/88 [00:24<00:00,  3.98it/s, loss=0.126]
                                                                        
[titans] reset=never | norm(state) sau task = 82.4612
[titans]   self-mod v:β=0.85 |W|=2.24
[titans]   eta_t(avg)=10.8737  alpha_t/forget-gate(avg)=0.9999
[task 4] test acc so far: 0.971  0.834  0.760  0.660  0.486
[task 4] NCM-blend gamma=0: 0.834  0.771  0.774  0.817  0.809
[task 4] NCM-blend gamma=1: 0.843  0.769  0.803  0.857  0.846
[checkpoint] đã lưu tiến độ sau task 4
[task 5] classes=[1, 8, 14, 29, 38] | train=2800

  epoch 1/3:   0%|          | 0/88 [00:00<?, ?it/s]
  epoch 1/3:   0%|          | 0/88 [00:00<?, ?it/s, loss=1.927]
  epoch 1/3:   1%|          | 1/88 [00:00<00:47,  1.82it/s, loss=1.927]
  epoch 1/3:   1%|          | 1/88 [00:00<00:47,  1.82it/s, loss=1.913]
  epoch 1/3:   2%|▏         | 2/88 [00:00<00:33,  2.57it/s, loss=1.913]
  epoch 1/3:   2%|▏         | 2/88 [00:01<00:33,  2.57it/s, loss=1.907]
  epoch 1/3:   3%|▎         | 3/88 [00:01<00:28,  2.94it/s, loss=1.907]
  epoch 1/3:   3%|▎         | 3/88 [00:01<00:28,  2.94it/s, loss=1.940]
  epoch 1/3:   5%|▍         | 4/88 [00:01<00:26,  3.15it/s, loss=1.940]
  epoch 1/3:   5%|▍         | 4/88 [00:01<00:26,  3.15it/s, loss=1.910]
  epoch 1/3:   6%|▌         | 5/88 [00:01<00:25,  3.30it/s, loss=1.910]
  epoch 1/3:   6%|▌         | 5/88 [00:01<00:25,  3.30it/s, loss=1.923]
  epoch 1/3:   7%|▋         | 6/88 [00:01<00:24,  3.38it/s, loss=1.923]
  epoch 1/3:   7%|▋         | 6/88 [00:02<00:24,  3.38it/s, loss=1.914]
  epoch 1/3:   8%|▊         | 7/88 [00:02<00:23,  3.43it/s, loss=1.914]
  epoch 1/3:   8%|▊         | 7/88 [00:02<00:23,  3.43it/s, loss=1.921]
  epoch 1/3:   9%|▉         | 8/88 [00:02<00:23,  3.46it/s, loss=1.921]
  epoch 1/3:   9%|▉         | 8/88 [00:02<00:23,  3.46it/s, loss=1.936]
  epoch 1/3:  10%|█         | 9/88 [00:02<00:22,  3.52it/s, loss=1.936]
  epoch 1/3:  10%|█         | 9/88 [00:03<00:22,  3.52it/s, loss=1.935]
  epoch 1/3:  11%|█▏        | 10/88 [00:03<00:22,  3.54it/s, loss=1.935]
  epoch 1/3:  11%|█▏        | 10/88 [00:03<00:22,  3.54it/s, loss=1.925]
  epoch 1/3:  12%|█▎        | 11/88 [00:03<00:21,  3.55it/s, loss=1.925]
  epoch 1/3:  12%|█▎        | 11/88 [00:03<00:21,  3.55it/s, loss=1.915]
  epoch 1/3:  14%|█▎        | 12/88 [00:03<00:21,  3.56it/s, loss=1.915]
  epoch 1/3:  14%|█▎        | 12/88 [00:03<00:21,  3.56it/s, loss=1.895]
  epoch 1/3:  15%|█▍        | 13/88 [00:03<00:20,  3.59it/s, loss=1.895]
  epoch 1/3:  15%|█▍        | 13/88 [00:04<00:20,  3.59it/s, loss=1.892]
  epoch 1/3:  16%|█▌        | 14/88 [00:04<00:20,  3.58it/s, loss=1.892]
  epoch 1/3:  16%|█▌        | 14/88 [00:04<00:20,  3.58it/s, loss=1.891]
  epoch 1/3:  17%|█▋        | 15/88 [00:04<00:20,  3.59it/s, loss=1.891]
  epoch 1/3:  17%|█▋        | 15/88 [00:04<00:20,  3.59it/s, loss=1.881]
  epoch 1/3:  18%|█▊        | 16/88 [00:04<00:19,  3.62it/s, loss=1.881]
  epoch 1/3:  18%|█▊        | 16/88 [00:05<00:19,  3.62it/s, loss=1.876]
  epoch 1/3:  19%|█▉        | 17/88 [00:05<00:19,  3.61it/s, loss=1.876]
  epoch 1/3:  19%|█▉        | 17/88 [00:05<00:19,  3.61it/s, loss=1.869]
  epoch 1/3:  20%|██        | 18/88 [00:05<00:19,  3.61it/s, loss=1.869]
  epoch 1/3:  20%|██        | 18/88 [00:05<00:19,  3.61it/s, loss=1.862]
  epoch 1/3:  22%|██▏       | 19/88 [00:05<00:19,  3.62it/s, loss=1.862]
  epoch 1/3:  22%|██▏       | 19/88 [00:05<00:19,  3.62it/s, loss=1.852]
  epoch 1/3:  23%|██▎       | 20/88 [00:05<00:18,  3.61it/s, loss=1.852]
  epoch 1/3:  23%|██▎       | 20/88 [00:06<00:18,  3.61it/s, loss=1.844]
  epoch 1/3:  24%|██▍       | 21/88 [00:06<00:18,  3.61it/s, loss=1.844]
  epoch 1/3:  24%|██▍       | 21/88 [00:06<00:18,  3.61it/s, loss=1.839]
  epoch 1/3:  25%|██▌       | 22/88 [00:06<00:18,  3.62it/s, loss=1.839]
  epoch 1/3:  25%|██▌       | 22/88 [00:06<00:18,  3.62it/s, loss=1.829]
  epoch 1/3:  26%|██▌       | 23/88 [00:06<00:18,  3.61it/s, loss=1.829]
  epoch 1/3:  26%|██▌       | 23/88 [00:06<00:18,  3.61it/s, loss=1.819]
  epoch 1/3:  27%|██▋       | 24/88 [00:06<00:17,  3.56it/s, loss=1.819]
  epoch 1/3:  27%|██▋       | 24/88 [00:07<00:17,  3.56it/s, loss=1.811]
  epoch 1/3:  28%|██▊       | 25/88 [00:07<00:17,  3.58it/s, loss=1.811]
  epoch 1/3:  28%|██▊       | 25/88 [00:07<00:17,  3.58it/s, loss=1.798]
  epoch 1/3:  30%|██▉       | 26/88 [00:07<00:17,  3.58it/s, loss=1.798]
  epoch 1/3:  30%|██▉       | 26/88 [00:07<00:17,  3.58it/s, loss=1.787]
  epoch 1/3:  31%|███       | 27/88 [00:07<00:17,  3.58it/s, loss=1.787]
  epoch 1/3:  31%|███       | 27/88 [00:08<00:17,  3.58it/s, loss=1.779]
  epoch 1/3:  32%|███▏      | 28/88 [00:08<00:16,  3.58it/s, loss=1.779]
  epoch 1/3:  32%|███▏      | 28/88 [00:08<00:16,  3.58it/s, loss=1.771]
  epoch 1/3:  33%|███▎      | 29/88 [00:08<00:16,  3.58it/s, loss=1.771]
  epoch 1/3:  33%|███▎      | 29/88 [00:08<00:16,  3.58it/s, loss=1.762]
  epoch 1/3:  34%|███▍      | 30/88 [00:08<00:16,  3.58it/s, loss=1.762]
  epoch 1/3:  34%|███▍      | 30/88 [00:08<00:16,  3.58it/s, loss=1.753]
  epoch 1/3:  35%|███▌      | 31/88 [00:08<00:15,  3.60it/s, loss=1.753]
  epoch 1/3:  35%|███▌      | 31/88 [00:09<00:15,  3.60it/s, loss=1.742]
  epoch 1/3:  36%|███▋      | 32/88 [00:09<00:15,  3.59it/s, loss=1.742]
  epoch 1/3:  36%|███▋      | 32/88 [00:09<00:15,  3.59it/s, loss=1.735]
  epoch 1/3:  38%|███▊      | 33/88 [00:09<00:15,  3.59it/s, loss=1.735]
  epoch 1/3:  38%|███▊      | 33/88 [00:09<00:15,  3.59it/s, loss=1.730]
  epoch 1/3:  39%|███▊      | 34/88 [00:09<00:15,  3.58it/s, loss=1.730]
  epoch 1/3:  39%|███▊      | 34/88 [00:10<00:15,  3.58it/s, loss=1.719]
  epoch 1/3:  40%|███▉      | 35/88 [00:10<00:14,  3.58it/s, loss=1.719]
  epoch 1/3:  40%|███▉      | 35/88 [00:10<00:14,  3.58it/s, loss=1.714]
  epoch 1/3:  41%|████      | 36/88 [00:10<00:14,  3.60it/s, loss=1.714]
  epoch 1/3:  41%|████      | 36/88 [00:10<00:14,  3.60it/s, loss=1.705]
  epoch 1/3:  42%|████▏     | 37/88 [00:10<00:14,  3.61it/s, loss=1.705]
  epoch 1/3:  42%|████▏     | 37/88 [00:10<00:14,  3.61it/s, loss=1.699]
  epoch 1/3:  43%|████▎     | 38/88 [00:10<00:13,  3.62it/s, loss=1.699]
  epoch 1/3:  43%|████▎     | 38/88 [00:11<00:13,  3.62it/s, loss=1.691]
  epoch 1/3:  44%|████▍     | 39/88 [00:11<00:13,  3.61it/s, loss=1.691]
  epoch 1/3:  44%|████▍     | 39/88 [00:11<00:13,  3.61it/s, loss=1.680]
  epoch 1/3:  45%|████▌     | 40/88 [00:11<00:13,  3.57it/s, loss=1.680]
  epoch 1/3:  45%|████▌     | 40/88 [00:11<00:13,  3.57it/s, loss=1.672]
  epoch 1/3:  47%|████▋     | 41/88 [00:11<00:13,  3.58it/s, loss=1.672]
  epoch 1/3:  47%|████▋     | 41/88 [00:11<00:13,  3.58it/s, loss=1.663]
  epoch 1/3:  48%|████▊     | 42/88 [00:11<00:12,  3.59it/s, loss=1.663]
  epoch 1/3:  48%|████▊     | 42/88 [00:12<00:12,  3.59it/s, loss=1.656]
  epoch 1/3:  49%|████▉     | 43/88 [00:12<00:12,  3.60it/s, loss=1.656]
  epoch 1/3:  49%|████▉     | 43/88 [00:12<00:12,  3.60it/s, loss=1.648]
  epoch 1/3:  50%|█████     | 44/88 [00:12<00:12,  3.59it/s, loss=1.648]
  epoch 1/3:  50%|█████     | 44/88 [00:12<00:12,  3.59it/s, loss=1.642]
  epoch 1/3:  51%|█████     | 45/88 [00:12<00:11,  3.60it/s, loss=1.642]
  epoch 1/3:  51%|█████     | 45/88 [00:13<00:11,  3.60it/s, loss=1.630]
  epoch 1/3:  52%|█████▏    | 46/88 [00:13<00:11,  3.62it/s, loss=1.630]
  epoch 1/3:  52%|█████▏    | 46/88 [00:13<00:11,  3.62it/s, loss=1.625]
  epoch 1/3:  53%|█████▎    | 47/88 [00:13<00:11,  3.60it/s, loss=1.625]
  epoch 1/3:  53%|█████▎    | 47/88 [00:13<00:11,  3.60it/s, loss=1.618]
  epoch 1/3:  55%|█████▍    | 48/88 [00:13<00:11,  3.61it/s, loss=1.618]
  epoch 1/3:  55%|█████▍    | 48/88 [00:13<00:11,  3.61it/s, loss=1.612]
  epoch 1/3:  56%|█████▌    | 49/88 [00:13<00:10,  3.62it/s, loss=1.612]
  epoch 1/3:  56%|█████▌    | 49/88 [00:14<00:10,  3.62it/s, loss=1.605]
  epoch 1/3:  57%|█████▋    | 50/88 [00:14<00:10,  3.60it/s, loss=1.605]
  epoch 1/3:  57%|█████▋    | 50/88 [00:14<00:10,  3.60it/s, loss=1.597]
  epoch 1/3:  58%|█████▊    | 51/88 [00:14<00:10,  3.60it/s, loss=1.597]
  epoch 1/3:  58%|█████▊    | 51/88 [00:14<00:10,  3.60it/s, loss=1.590]
  epoch 1/3:  59%|█████▉    | 52/88 [00:14<00:09,  3.62it/s, loss=1.590]
  epoch 1/3:  59%|█████▉    | 52/88 [00:15<00:09,  3.62it/s, loss=1.582]
  epoch 1/3:  60%|██████    | 53/88 [00:15<00:09,  3.61it/s, loss=1.582]
  epoch 1/3:  60%|██████    | 53/88 [00:15<00:09,  3.61it/s, loss=1.576]
  epoch 1/3:  61%|██████▏   | 54/88 [00:15<00:09,  3.61it/s, loss=1.576]
  epoch 1/3:  61%|██████▏   | 54/88 [00:15<00:09,  3.61it/s, loss=1.567]
  epoch 1/3:  62%|██████▎   | 55/88 [00:15<00:09,  3.63it/s, loss=1.567]
  epoch 1/3:  62%|██████▎   | 55/88 [00:15<00:09,  3.63it/s, loss=1.563]
  epoch 1/3:  64%|██████▎   | 56/88 [00:15<00:08,  3.58it/s, loss=1.563]
  epoch 1/3:  64%|██████▎   | 56/88 [00:16<00:08,  3.58it/s, loss=1.553]
  epoch 1/3:  65%|██████▍   | 57/88 [00:16<00:08,  3.60it/s, loss=1.553]
  epoch 1/3:  65%|██████▍   | 57/88 [00:16<00:08,  3.60it/s, loss=1.543]
  epoch 1/3:  66%|██████▌   | 58/88 [00:16<00:08,  3.60it/s, loss=1.543]
  epoch 1/3:  66%|██████▌   | 58/88 [00:16<00:08,  3.60it/s, loss=1.535]
  epoch 1/3:  67%|██████▋   | 59/88 [00:16<00:08,  3.61it/s, loss=1.535]
  epoch 1/3:  67%|██████▋   | 59/88 [00:16<00:08,  3.61it/s, loss=1.529]
  epoch 1/3:  68%|██████▊   | 60/88 [00:16<00:07,  3.59it/s, loss=1.529]
  epoch 1/3:  68%|██████▊   | 60/88 [00:17<00:07,  3.59it/s, loss=1.521]
  epoch 1/3:  69%|██████▉   | 61/88 [00:17<00:07,  3.61it/s, loss=1.521]
  epoch 1/3:  69%|██████▉   | 61/88 [00:17<00:07,  3.61it/s, loss=1.515]
  epoch 1/3:  70%|███████   | 62/88 [00:17<00:07,  3.62it/s, loss=1.515]
  epoch 1/3:  70%|███████   | 62/88 [00:17<00:07,  3.62it/s, loss=1.507]
  epoch 1/3:  72%|███████▏  | 63/88 [00:17<00:06,  3.60it/s, loss=1.507]
  epoch 1/3:  72%|███████▏  | 63/88 [00:18<00:06,  3.60it/s, loss=1.499]
  epoch 1/3:  73%|███████▎  | 64/88 [00:18<00:06,  3.60it/s, loss=1.499]
  epoch 1/3:  73%|███████▎  | 64/88 [00:18<00:06,  3.60it/s, loss=1.492]
  epoch 1/3:  74%|███████▍  | 65/88 [00:18<00:06,  3.59it/s, loss=1.492]
  epoch 1/3:  74%|███████▍  | 65/88 [00:18<00:06,  3.59it/s, loss=1.487]
  epoch 1/3:  75%|███████▌  | 66/88 [00:18<00:06,  3.61it/s, loss=1.487]
  epoch 1/3:  75%|███████▌  | 66/88 [00:18<00:06,  3.61it/s, loss=1.480]
  epoch 1/3:  76%|███████▌  | 67/88 [00:18<00:05,  3.61it/s, loss=1.480]
  epoch 1/3:  76%|███████▌  | 67/88 [00:19<00:05,  3.61it/s, loss=1.471]
  epoch 1/3:  77%|███████▋  | 68/88 [00:19<00:05,  3.64it/s, loss=1.471]
  epoch 1/3:  77%|███████▋  | 68/88 [00:19<00:05,  3.64it/s, loss=1.466]
  epoch 1/3:  78%|███████▊  | 69/88 [00:19<00:05,  3.63it/s, loss=1.466]
  epoch 1/3:  78%|███████▊  | 69/88 [00:19<00:05,  3.63it/s, loss=1.459]
  epoch 1/3:  80%|███████▉  | 70/88 [00:19<00:04,  3.61it/s, loss=1.459]
  epoch 1/3:  80%|███████▉  | 70/88 [00:20<00:04,  3.61it/s, loss=1.453]
  epoch 1/3:  81%|████████  | 71/88 [00:20<00:04,  3.63it/s, loss=1.453]
  epoch 1/3:  81%|████████  | 71/88 [00:20<00:04,  3.63it/s, loss=1.447]
  epoch 1/3:  82%|████████▏ | 72/88 [00:20<00:04,  3.57it/s, loss=1.447]
  epoch 1/3:  82%|████████▏ | 72/88 [00:20<00:04,  3.57it/s, loss=1.441]
  epoch 1/3:  83%|████████▎ | 73/88 [00:20<00:04,  3.58it/s, loss=1.441]
  epoch 1/3:  83%|████████▎ | 73/88 [00:20<00:04,  3.58it/s, loss=1.434]
  epoch 1/3:  84%|████████▍ | 74/88 [00:20<00:03,  3.59it/s, loss=1.434]
  epoch 1/3:  84%|████████▍ | 74/88 [00:21<00:03,  3.59it/s, loss=1.427]
  epoch 1/3:  85%|████████▌ | 75/88 [00:21<00:03,  3.61it/s, loss=1.427]
  epoch 1/3:  85%|████████▌ | 75/88 [00:21<00:03,  3.61it/s, loss=1.420]
  epoch 1/3:  86%|████████▋ | 76/88 [00:21<00:03,  3.61it/s, loss=1.420]
  epoch 1/3:  86%|████████▋ | 76/88 [00:21<00:03,  3.61it/s, loss=1.413]
  epoch 1/3:  88%|████████▊ | 77/88 [00:21<00:03,  3.60it/s, loss=1.413]
  epoch 1/3:  88%|████████▊ | 77/88 [00:21<00:03,  3.60it/s, loss=1.405]
  epoch 1/3:  89%|████████▊ | 78/88 [00:21<00:02,  3.62it/s, loss=1.405]
  epoch 1/3:  89%|████████▊ | 78/88 [00:22<00:02,  3.62it/s, loss=1.399]
  epoch 1/3:  90%|████████▉ | 79/88 [00:22<00:02,  3.60it/s, loss=1.399]
  epoch 1/3:  90%|████████▉ | 79/88 [00:22<00:02,  3.60it/s, loss=1.392]
  epoch 1/3:  91%|█████████ | 80/88 [00:22<00:02,  3.61it/s, loss=1.392]
  epoch 1/3:  91%|█████████ | 80/88 [00:22<00:02,  3.61it/s, loss=1.387]
  epoch 1/3:  92%|█████████▏| 81/88 [00:22<00:01,  3.63it/s, loss=1.387]
  epoch 1/3:  92%|█████████▏| 81/88 [00:23<00:01,  3.63it/s, loss=1.379]
  epoch 1/3:  93%|█████████▎| 82/88 [00:23<00:01,  3.61it/s, loss=1.379]
  epoch 1/3:  93%|█████████▎| 82/88 [00:23<00:01,  3.61it/s, loss=1.374]
  epoch 1/3:  94%|█████████▍| 83/88 [00:23<00:01,  3.61it/s, loss=1.374]
  epoch 1/3:  94%|█████████▍| 83/88 [00:23<00:01,  3.61it/s, loss=1.368]
  epoch 1/3:  95%|█████████▌| 84/88 [00:23<00:01,  3.63it/s, loss=1.368]
  epoch 1/3:  95%|█████████▌| 84/88 [00:23<00:01,  3.63it/s, loss=1.361]
  epoch 1/3:  97%|█████████▋| 85/88 [00:23<00:00,  3.62it/s, loss=1.361]
  epoch 1/3:  97%|█████████▋| 85/88 [00:24<00:00,  3.62it/s, loss=1.355]
  epoch 1/3:  98%|█████████▊| 86/88 [00:24<00:00,  3.64it/s, loss=1.355]
  epoch 1/3:  98%|█████████▊| 86/88 [00:24<00:00,  3.64it/s, loss=1.349]
  epoch 1/3:  99%|█████████▉| 87/88 [00:24<00:00,  3.63it/s, loss=1.349]
  epoch 1/3:  99%|█████████▉| 87/88 [00:24<00:00,  3.63it/s, loss=1.347]
  epoch 1/3: 100%|██████████| 88/88 [00:24<00:00,  3.92it/s, loss=1.347]
                                                                        

  epoch 2/3:   0%|          | 0/88 [00:00<?, ?it/s]
  epoch 2/3:   0%|          | 0/88 [00:00<?, ?it/s, loss=0.981]
  epoch 2/3:   1%|          | 1/88 [00:00<00:47,  1.82it/s, loss=0.981]
  epoch 2/3:   1%|          | 1/88 [00:00<00:47,  1.82it/s, loss=0.968]
  epoch 2/3:   2%|▏         | 2/88 [00:00<00:33,  2.56it/s, loss=0.968]
  epoch 2/3:   2%|▏         | 2/88 [00:01<00:33,  2.56it/s, loss=0.927]
  epoch 2/3:   3%|▎         | 3/88 [00:01<00:28,  2.95it/s, loss=0.927]
  epoch 2/3:   3%|▎         | 3/88 [00:01<00:28,  2.95it/s, loss=0.869]
  epoch 2/3:   5%|▍         | 4/88 [00:01<00:26,  3.20it/s, loss=0.869]
  epoch 2/3:   5%|▍         | 4/88 [00:01<00:26,  3.20it/s, loss=0.835]
  epoch 2/3:   6%|▌         | 5/88 [00:01<00:24,  3.34it/s, loss=0.835]
  epoch 2/3:   6%|▌         | 5/88 [00:01<00:24,  3.34it/s, loss=0.820]
  epoch 2/3:   7%|▋         | 6/88 [00:01<00:23,  3.45it/s, loss=0.820]
  epoch 2/3:   7%|▋         | 6/88 [00:02<00:23,  3.45it/s, loss=0.809]
  epoch 2/3:   8%|▊         | 7/88 [00:02<00:23,  3.49it/s, loss=0.809]
  epoch 2/3:   8%|▊         | 7/88 [00:02<00:23,  3.49it/s, loss=0.792]
  epoch 2/3:   9%|▉         | 8/88 [00:02<00:22,  3.52it/s, loss=0.792]
  epoch 2/3:   9%|▉         | 8/88 [00:02<00:22,  3.52it/s, loss=0.772]
  epoch 2/3:  10%|█         | 9/88 [00:02<00:22,  3.57it/s, loss=0.772]
  epoch 2/3:  10%|█         | 9/88 [00:03<00:22,  3.57it/s, loss=0.769]
  epoch 2/3:  11%|█▏        | 10/88 [00:03<00:21,  3.57it/s, loss=0.769]
  epoch 2/3:  11%|█▏        | 10/88 [00:03<00:21,  3.57it/s, loss=0.764]
  epoch 2/3:  12%|█▎        | 11/88 [00:03<00:21,  3.58it/s, loss=0.764]
  epoch 2/3:  12%|█▎        | 11/88 [00:03<00:21,  3.58it/s, loss=0.764]
  epoch 2/3:  14%|█▎        | 12/88 [00:03<00:21,  3.61it/s, loss=0.764]
  epoch 2/3:  14%|█▎        | 12/88 [00:03<00:21,  3.61it/s, loss=0.766]
  epoch 2/3:  15%|█▍        | 13/88 [00:03<00:20,  3.61it/s, loss=0.766]
  epoch 2/3:  15%|█▍        | 13/88 [00:04<00:20,  3.61it/s, loss=0.774]
  epoch 2/3:  16%|█▌        | 14/88 [00:04<00:20,  3.63it/s, loss=0.774]
  epoch 2/3:  16%|█▌        | 14/88 [00:04<00:20,  3.63it/s, loss=0.776]
  epoch 2/3:  17%|█▋        | 15/88 [00:04<00:20,  3.63it/s, loss=0.776]
  epoch 2/3:  17%|█▋        | 15/88 [00:04<00:20,  3.63it/s, loss=0.770]
  epoch 2/3:  18%|█▊        | 16/88 [00:04<00:20,  3.59it/s, loss=0.770]
  epoch 2/3:  18%|█▊        | 16/88 [00:04<00:20,  3.59it/s, loss=0.760]
  epoch 2/3:  19%|█▉        | 17/88 [00:04<00:19,  3.60it/s, loss=0.760]
  epoch 2/3:  19%|█▉        | 17/88 [00:05<00:19,  3.60it/s, loss=0.756]
  epoch 2/3:  20%|██        | 18/88 [00:05<00:19,  3.61it/s, loss=0.756]
  epoch 2/3:  20%|██        | 18/88 [00:05<00:19,  3.61it/s, loss=0.747]
  epoch 2/3:  22%|██▏       | 19/88 [00:05<00:19,  3.62it/s, loss=0.747]
  epoch 2/3:  22%|██▏       | 19/88 [00:05<00:19,  3.62it/s, loss=0.745]
  epoch 2/3:  23%|██▎       | 20/88 [00:05<00:18,  3.64it/s, loss=0.745]
  epoch 2/3:  23%|██▎       | 20/88 [00:06<00:18,  3.64it/s, loss=0.740]
  epoch 2/3:  24%|██▍       | 21/88 [00:06<00:18,  3.63it/s, loss=0.740]
  epoch 2/3:  24%|██▍       | 21/88 [00:06<00:18,  3.63it/s, loss=0.736]
  epoch 2/3:  25%|██▌       | 22/88 [00:06<00:18,  3.65it/s, loss=0.736]
  epoch 2/3:  25%|██▌       | 22/88 [00:06<00:18,  3.65it/s, loss=0.733]
  epoch 2/3:  26%|██▌       | 23/88 [00:06<00:17,  3.64it/s, loss=0.733]
  epoch 2/3:  26%|██▌       | 23/88 [00:06<00:17,  3.64it/s, loss=0.729]
  epoch 2/3:  27%|██▋       | 24/88 [00:06<00:17,  3.65it/s, loss=0.729]
  epoch 2/3:  27%|██▋       | 24/88 [00:07<00:17,  3.65it/s, loss=0.721]
  epoch 2/3:  28%|██▊       | 25/88 [00:07<00:17,  3.63it/s, loss=0.721]
  epoch 2/3:  28%|██▊       | 25/88 [00:07<00:17,  3.63it/s, loss=0.713]
  epoch 2/3:  30%|██▉       | 26/88 [00:07<00:17,  3.63it/s, loss=0.713]
  epoch 2/3:  30%|██▉       | 26/88 [00:07<00:17,  3.63it/s, loss=0.712]
  epoch 2/3:  31%|███       | 27/88 [00:07<00:16,  3.64it/s, loss=0.712]
  epoch 2/3:  31%|███       | 27/88 [00:07<00:16,  3.64it/s, loss=0.707]
  epoch 2/3:  32%|███▏      | 28/88 [00:07<00:16,  3.62it/s, loss=0.707]
  epoch 2/3:  32%|███▏      | 28/88 [00:08<00:16,  3.62it/s, loss=0.704]
  epoch 2/3:  33%|███▎      | 29/88 [00:08<00:16,  3.62it/s, loss=0.704]
  epoch 2/3:  33%|███▎      | 29/88 [00:08<00:16,  3.62it/s, loss=0.700]
  epoch 2/3:  34%|███▍      | 30/88 [00:08<00:15,  3.63it/s, loss=0.700]
  epoch 2/3:  34%|███▍      | 30/88 [00:08<00:15,  3.63it/s, loss=0.695]
  epoch 2/3:  35%|███▌      | 31/88 [00:08<00:15,  3.63it/s, loss=0.695]
  epoch 2/3:  35%|███▌      | 31/88 [00:09<00:15,  3.63it/s, loss=0.688]
  epoch 2/3:  36%|███▋      | 32/88 [00:09<00:15,  3.59it/s, loss=0.688]
  epoch 2/3:  36%|███▋      | 32/88 [00:09<00:15,  3.59it/s, loss=0.690]
  epoch 2/3:  38%|███▊      | 33/88 [00:09<00:15,  3.61it/s, loss=0.690]
  epoch 2/3:  38%|███▊      | 33/88 [00:09<00:15,  3.61it/s, loss=0.687]
  epoch 2/3:  39%|███▊      | 34/88 [00:09<00:14,  3.62it/s, loss=0.687]
  epoch 2/3:  39%|███▊      | 34/88 [00:09<00:14,  3.62it/s, loss=0.680]
  epoch 2/3:  40%|███▉      | 35/88 [00:09<00:14,  3.64it/s, loss=0.680]
  epoch 2/3:  40%|███▉      | 35/88 [00:10<00:14,  3.64it/s, loss=0.678]
  epoch 2/3:  41%|████      | 36/88 [00:10<00:14,  3.63it/s, loss=0.678]
  epoch 2/3:  41%|████      | 36/88 [00:10<00:14,  3.63it/s, loss=0.675]
  epoch 2/3:  42%|████▏     | 37/88 [00:10<00:13,  3.65it/s, loss=0.675]
  epoch 2/3:  42%|████▏     | 37/88 [00:10<00:13,  3.65it/s, loss=0.673]
  epoch 2/3:  43%|████▎     | 38/88 [00:10<00:13,  3.64it/s, loss=0.673]
  epoch 2/3:  43%|████▎     | 38/88 [00:11<00:13,  3.64it/s, loss=0.669]
  epoch 2/3:  44%|████▍     | 39/88 [00:11<00:13,  3.63it/s, loss=0.669]
  epoch 2/3:  44%|████▍     | 39/88 [00:11<00:13,  3.63it/s, loss=0.663]
  epoch 2/3:  45%|████▌     | 40/88 [00:11<00:13,  3.63it/s, loss=0.663]
  epoch 2/3:  45%|████▌     | 40/88 [00:11<00:13,  3.63it/s, loss=0.659]
  epoch 2/3:  47%|████▋     | 41/88 [00:11<00:12,  3.62it/s, loss=0.659]
  epoch 2/3:  47%|████▋     | 41/88 [00:11<00:12,  3.62it/s, loss=0.655]
  epoch 2/3:  48%|████▊     | 42/88 [00:11<00:12,  3.63it/s, loss=0.655]
  epoch 2/3:  48%|████▊     | 42/88 [00:12<00:12,  3.63it/s, loss=0.653]
  epoch 2/3:  49%|████▉     | 43/88 [00:12<00:12,  3.62it/s, loss=0.653]
  epoch 2/3:  49%|████▉     | 43/88 [00:12<00:12,  3.62it/s, loss=0.649]
  epoch 2/3:  50%|█████     | 44/88 [00:12<00:12,  3.62it/s, loss=0.649]
  epoch 2/3:  50%|█████     | 44/88 [00:12<00:12,  3.62it/s, loss=0.645]
  epoch 2/3:  51%|█████     | 45/88 [00:12<00:11,  3.64it/s, loss=0.645]
  epoch 2/3:  51%|█████     | 45/88 [00:12<00:11,  3.64it/s, loss=0.644]
  epoch 2/3:  52%|█████▏    | 46/88 [00:12<00:11,  3.62it/s, loss=0.644]
  epoch 2/3:  52%|█████▏    | 46/88 [00:13<00:11,  3.62it/s, loss=0.642]
  epoch 2/3:  53%|█████▎    | 47/88 [00:13<00:11,  3.61it/s, loss=0.642]
  epoch 2/3:  53%|█████▎    | 47/88 [00:13<00:11,  3.61it/s, loss=0.641]
  epoch 2/3:  55%|█████▍    | 48/88 [00:13<00:11,  3.58it/s, loss=0.641]
  epoch 2/3:  55%|█████▍    | 48/88 [00:13<00:11,  3.58it/s, loss=0.639]
  epoch 2/3:  56%|█████▌    | 49/88 [00:13<00:10,  3.61it/s, loss=0.639]
  epoch 2/3:  56%|█████▌    | 49/88 [00:14<00:10,  3.61it/s, loss=0.635]
  epoch 2/3:  57%|█████▋    | 50/88 [00:14<00:10,  3.62it/s, loss=0.635]
  epoch 2/3:  57%|█████▋    | 50/88 [00:14<00:10,  3.62it/s, loss=0.637]
  epoch 2/3:  58%|█████▊    | 51/88 [00:14<00:10,  3.64it/s, loss=0.637]
  epoch 2/3:  58%|█████▊    | 51/88 [00:14<00:10,  3.64it/s, loss=0.632]
  epoch 2/3:  59%|█████▉    | 52/88 [00:14<00:09,  3.63it/s, loss=0.632]
  epoch 2/3:  59%|█████▉    | 52/88 [00:14<00:09,  3.63it/s, loss=0.633]
  epoch 2/3:  60%|██████    | 53/88 [00:14<00:09,  3.65it/s, loss=0.633]
  epoch 2/3:  60%|██████    | 53/88 [00:15<00:09,  3.65it/s, loss=0.630]
  epoch 2/3:  61%|██████▏   | 54/88 [00:15<00:09,  3.62it/s, loss=0.630]
  epoch 2/3:  61%|██████▏   | 54/88 [00:15<00:09,  3.62it/s, loss=0.626]
  epoch 2/3:  62%|██████▎   | 55/88 [00:15<00:09,  3.62it/s, loss=0.626]
  epoch 2/3:  62%|██████▎   | 55/88 [00:15<00:09,  3.62it/s, loss=0.626]
  epoch 2/3:  64%|██████▎   | 56/88 [00:15<00:08,  3.63it/s, loss=0.626]
  epoch 2/3:  64%|██████▎   | 56/88 [00:15<00:08,  3.63it/s, loss=0.621]
  epoch 2/3:  65%|██████▍   | 57/88 [00:15<00:08,  3.62it/s, loss=0.621]
  epoch 2/3:  65%|██████▍   | 57/88 [00:16<00:08,  3.62it/s, loss=0.620]
  epoch 2/3:  66%|██████▌   | 58/88 [00:16<00:08,  3.64it/s, loss=0.620]
  epoch 2/3:  66%|██████▌   | 58/88 [00:16<00:08,  3.64it/s, loss=0.619]
  epoch 2/3:  67%|██████▋   | 59/88 [00:16<00:08,  3.62it/s, loss=0.619]
  epoch 2/3:  67%|██████▋   | 59/88 [00:16<00:08,  3.62it/s, loss=0.616]
  epoch 2/3:  68%|██████▊   | 60/88 [00:16<00:07,  3.62it/s, loss=0.616]
  epoch 2/3:  68%|██████▊   | 60/88 [00:17<00:07,  3.62it/s, loss=0.612]
  epoch 2/3:  69%|██████▉   | 61/88 [00:17<00:07,  3.63it/s, loss=0.612]
  epoch 2/3:  69%|██████▉   | 61/88 [00:17<00:07,  3.63it/s, loss=0.609]
  epoch 2/3:  70%|███████   | 62/88 [00:17<00:07,  3.62it/s, loss=0.609]
  epoch 2/3:  70%|███████   | 62/88 [00:17<00:07,  3.62it/s, loss=0.608]
  epoch 2/3:  72%|███████▏  | 63/88 [00:17<00:06,  3.62it/s, loss=0.608]
  epoch 2/3:  72%|███████▏  | 63/88 [00:17<00:06,  3.62it/s, loss=0.604]
  epoch 2/3:  73%|███████▎  | 64/88 [00:17<00:06,  3.59it/s, loss=0.604]
  epoch 2/3:  73%|███████▎  | 64/88 [00:18<00:06,  3.59it/s, loss=0.602]
  epoch 2/3:  74%|███████▍  | 65/88 [00:18<00:06,  3.60it/s, loss=0.602]
  epoch 2/3:  74%|███████▍  | 65/88 [00:18<00:06,  3.60it/s, loss=0.600]
  epoch 2/3:  75%|███████▌  | 66/88 [00:18<00:06,  3.59it/s, loss=0.600]
  epoch 2/3:  75%|███████▌  | 66/88 [00:18<00:06,  3.59it/s, loss=0.597]
  epoch 2/3:  76%|███████▌  | 67/88 [00:18<00:05,  3.60it/s, loss=0.597]
  epoch 2/3:  76%|███████▌  | 67/88 [00:19<00:05,  3.60it/s, loss=0.594]
  epoch 2/3:  77%|███████▋  | 68/88 [00:19<00:05,  3.62it/s, loss=0.594]
  epoch 2/3:  77%|███████▋  | 68/88 [00:19<00:05,  3.62it/s, loss=0.592]
  epoch 2/3:  78%|███████▊  | 69/88 [00:19<00:05,  3.61it/s, loss=0.592]
  epoch 2/3:  78%|███████▊  | 69/88 [00:19<00:05,  3.61it/s, loss=0.590]
  epoch 2/3:  80%|███████▉  | 70/88 [00:19<00:04,  3.63it/s, loss=0.590]
  epoch 2/3:  80%|███████▉  | 70/88 [00:19<00:04,  3.63it/s, loss=0.589]
  epoch 2/3:  81%|████████  | 71/88 [00:19<00:04,  3.61it/s, loss=0.589]
  epoch 2/3:  81%|████████  | 71/88 [00:20<00:04,  3.61it/s, loss=0.589]
  epoch 2/3:  82%|████████▏ | 72/88 [00:20<00:04,  3.61it/s, loss=0.589]
  epoch 2/3:  82%|████████▏ | 72/88 [00:20<00:04,  3.61it/s, loss=0.589]
  epoch 2/3:  83%|████████▎ | 73/88 [00:20<00:04,  3.63it/s, loss=0.589]
  epoch 2/3:  83%|████████▎ | 73/88 [00:20<00:04,  3.63it/s, loss=0.587]
  epoch 2/3:  84%|████████▍ | 74/88 [00:20<00:03,  3.62it/s, loss=0.587]
  epoch 2/3:  84%|████████▍ | 74/88 [00:20<00:03,  3.62it/s, loss=0.586]
  epoch 2/3:  85%|████████▌ | 75/88 [00:20<00:03,  3.61it/s, loss=0.586]
  epoch 2/3:  85%|████████▌ | 75/88 [00:21<00:03,  3.61it/s, loss=0.585]
  epoch 2/3:  86%|████████▋ | 76/88 [00:21<00:03,  3.62it/s, loss=0.585]
  epoch 2/3:  86%|████████▋ | 76/88 [00:21<00:03,  3.62it/s, loss=0.582]
  epoch 2/3:  88%|████████▊ | 77/88 [00:21<00:03,  3.62it/s, loss=0.582]
  epoch 2/3:  88%|████████▊ | 77/88 [00:21<00:03,  3.62it/s, loss=0.580]
  epoch 2/3:  89%|████████▊ | 78/88 [00:21<00:02,  3.63it/s, loss=0.580]
  epoch 2/3:  89%|████████▊ | 78/88 [00:22<00:02,  3.63it/s, loss=0.578]
  epoch 2/3:  90%|████████▉ | 79/88 [00:22<00:02,  3.61it/s, loss=0.578]
  epoch 2/3:  90%|████████▉ | 79/88 [00:22<00:02,  3.61it/s, loss=0.574]
  epoch 2/3:  91%|█████████ | 80/88 [00:22<00:02,  3.56it/s, loss=0.574]
  epoch 2/3:  91%|█████████ | 80/88 [00:22<00:02,  3.56it/s, loss=0.571]
  epoch 2/3:  92%|█████████▏| 81/88 [00:22<00:01,  3.57it/s, loss=0.571]
  epoch 2/3:  92%|█████████▏| 81/88 [00:22<00:01,  3.57it/s, loss=0.568]
  epoch 2/3:  93%|█████████▎| 82/88 [00:22<00:01,  3.59it/s, loss=0.568]
  epoch 2/3:  93%|█████████▎| 82/88 [00:23<00:01,  3.59it/s, loss=0.567]
  epoch 2/3:  94%|█████████▍| 83/88 [00:23<00:01,  3.61it/s, loss=0.567]
  epoch 2/3:  94%|█████████▍| 83/88 [00:23<00:01,  3.61it/s, loss=0.566]
  epoch 2/3:  95%|█████████▌| 84/88 [00:23<00:01,  3.60it/s, loss=0.566]
  epoch 2/3:  95%|█████████▌| 84/88 [00:23<00:01,  3.60it/s, loss=0.563]
  epoch 2/3:  97%|█████████▋| 85/88 [00:23<00:00,  3.60it/s, loss=0.563]
  epoch 2/3:  97%|█████████▋| 85/88 [00:24<00:00,  3.60it/s, loss=0.561]
  epoch 2/3:  98%|█████████▊| 86/88 [00:24<00:00,  3.61it/s, loss=0.561]
  epoch 2/3:  98%|█████████▊| 86/88 [00:24<00:00,  3.61it/s, loss=0.559]
  epoch 2/3:  99%|█████████▉| 87/88 [00:24<00:00,  3.62it/s, loss=0.559]
  epoch 2/3:  99%|█████████▉| 87/88 [00:24<00:00,  3.62it/s, loss=0.558]
  epoch 2/3: 100%|██████████| 88/88 [00:24<00:00,  3.95it/s, loss=0.558]
                                                                        

  epoch 3/3:   0%|          | 0/88 [00:00<?, ?it/s]
  epoch 3/3:   0%|          | 0/88 [00:00<?, ?it/s, loss=0.356]
  epoch 3/3:   1%|          | 1/88 [00:00<00:48,  1.79it/s, loss=0.356]
  epoch 3/3:   1%|          | 1/88 [00:00<00:48,  1.79it/s, loss=0.395]
  epoch 3/3:   2%|▏         | 2/88 [00:00<00:33,  2.57it/s, loss=0.395]
  epoch 3/3:   2%|▏         | 2/88 [00:01<00:33,  2.57it/s, loss=0.404]
  epoch 3/3:   3%|▎         | 3/88 [00:01<00:28,  2.95it/s, loss=0.404]
  epoch 3/3:   3%|▎         | 3/88 [00:01<00:28,  2.95it/s, loss=0.387]
  epoch 3/3:   5%|▍         | 4/88 [00:01<00:26,  3.19it/s, loss=0.387]
  epoch 3/3:   5%|▍         | 4/88 [00:01<00:26,  3.19it/s, loss=0.389]
  epoch 3/3:   6%|▌         | 5/88 [00:01<00:24,  3.32it/s, loss=0.389]
  epoch 3/3:   6%|▌         | 5/88 [00:01<00:24,  3.32it/s, loss=0.388]
  epoch 3/3:   7%|▋         | 6/88 [00:01<00:23,  3.42it/s, loss=0.388]
  epoch 3/3:   7%|▋         | 6/88 [00:02<00:23,  3.42it/s, loss=0.388]
  epoch 3/3:   8%|▊         | 7/88 [00:02<00:23,  3.50it/s, loss=0.388]
  epoch 3/3:   8%|▊         | 7/88 [00:02<00:23,  3.50it/s, loss=0.382]
  epoch 3/3:   9%|▉         | 8/88 [00:02<00:23,  3.48it/s, loss=0.382]
  epoch 3/3:   9%|▉         | 8/88 [00:02<00:23,  3.48it/s, loss=0.378]
  epoch 3/3:  10%|█         | 9/88 [00:02<00:22,  3.52it/s, loss=0.378]
  epoch 3/3:  10%|█         | 9/88 [00:03<00:22,  3.52it/s, loss=0.370]
  epoch 3/3:  11%|█▏        | 10/88 [00:03<00:22,  3.53it/s, loss=0.370]
  epoch 3/3:  11%|█▏        | 10/88 [00:03<00:22,  3.53it/s, loss=0.374]
  epoch 3/3:  12%|█▎        | 11/88 [00:03<00:21,  3.56it/s, loss=0.374]
  epoch 3/3:  12%|█▎        | 11/88 [00:03<00:21,  3.56it/s, loss=0.369]
  epoch 3/3:  14%|█▎        | 12/88 [00:03<00:21,  3.60it/s, loss=0.369]
  epoch 3/3:  14%|█▎        | 12/88 [00:03<00:21,  3.60it/s, loss=0.371]
  epoch 3/3:  15%|█▍        | 13/88 [00:03<00:20,  3.61it/s, loss=0.371]
  epoch 3/3:  15%|█▍        | 13/88 [00:04<00:20,  3.61it/s, loss=0.377]
  epoch 3/3:  16%|█▌        | 14/88 [00:04<00:20,  3.62it/s, loss=0.377]
  epoch 3/3:  16%|█▌        | 14/88 [00:04<00:20,  3.62it/s, loss=0.371]
  epoch 3/3:  17%|█▋        | 15/88 [00:04<00:20,  3.63it/s, loss=0.371]
  epoch 3/3:  17%|█▋        | 15/88 [00:04<00:20,  3.63it/s, loss=0.370]
  epoch 3/3:  18%|█▊        | 16/88 [00:04<00:19,  3.64it/s, loss=0.370]
  epoch 3/3:  18%|█▊        | 16/88 [00:04<00:19,  3.64it/s, loss=0.368]
  epoch 3/3:  19%|█▉        | 17/88 [00:04<00:19,  3.62it/s, loss=0.368]
  epoch 3/3:  19%|█▉        | 17/88 [00:05<00:19,  3.62it/s, loss=0.367]
  epoch 3/3:  20%|██        | 18/88 [00:05<00:19,  3.61it/s, loss=0.367]
  epoch 3/3:  20%|██        | 18/88 [00:05<00:19,  3.61it/s, loss=0.363]
  epoch 3/3:  22%|██▏       | 19/88 [00:05<00:19,  3.63it/s, loss=0.363]
  epoch 3/3:  22%|██▏       | 19/88 [00:05<00:19,  3.63it/s, loss=0.364]
  epoch 3/3:  23%|██▎       | 20/88 [00:05<00:18,  3.62it/s, loss=0.364]
  epoch 3/3:  23%|██▎       | 20/88 [00:06<00:18,  3.62it/s, loss=0.362]
  epoch 3/3:  24%|██▍       | 21/88 [00:06<00:18,  3.61it/s, loss=0.362]
  epoch 3/3:  24%|██▍       | 21/88 [00:06<00:18,  3.61it/s, loss=0.358]
  epoch 3/3:  25%|██▌       | 22/88 [00:06<00:18,  3.61it/s, loss=0.358]
  epoch 3/3:  25%|██▌       | 22/88 [00:06<00:18,  3.61it/s, loss=0.354]
  epoch 3/3:  26%|██▌       | 23/88 [00:06<00:18,  3.61it/s, loss=0.354]
  epoch 3/3:  26%|██▌       | 23/88 [00:06<00:18,  3.61it/s, loss=0.349]
  epoch 3/3:  27%|██▋       | 24/88 [00:06<00:17,  3.56it/s, loss=0.349]
  epoch 3/3:  27%|██▋       | 24/88 [00:07<00:17,  3.56it/s, loss=0.346]
  epoch 3/3:  28%|██▊       | 25/88 [00:07<00:17,  3.58it/s, loss=0.346]
  epoch 3/3:  28%|██▊       | 25/88 [00:07<00:17,  3.58it/s, loss=0.344]
  epoch 3/3:  30%|██▉       | 26/88 [00:07<00:17,  3.61it/s, loss=0.344]
  epoch 3/3:  30%|██▉       | 26/88 [00:07<00:17,  3.61it/s, loss=0.347]
  epoch 3/3:  31%|███       | 27/88 [00:07<00:16,  3.60it/s, loss=0.347]
  epoch 3/3:  31%|███       | 27/88 [00:08<00:16,  3.60it/s, loss=0.351]
  epoch 3/3:  32%|███▏      | 28/88 [00:08<00:16,  3.60it/s, loss=0.351]
  epoch 3/3:  32%|███▏      | 28/88 [00:08<00:16,  3.60it/s, loss=0.354]
  epoch 3/3:  33%|███▎      | 29/88 [00:08<00:16,  3.62it/s, loss=0.354]
  epoch 3/3:  33%|███▎      | 29/88 [00:08<00:16,  3.62it/s, loss=0.360]
  epoch 3/3:  34%|███▍      | 30/88 [00:08<00:16,  3.62it/s, loss=0.360]
  epoch 3/3:  34%|███▍      | 30/88 [00:08<00:16,  3.62it/s, loss=0.359]
  epoch 3/3:  35%|███▌      | 31/88 [00:08<00:15,  3.63it/s, loss=0.359]
  epoch 3/3:  35%|███▌      | 31/88 [00:09<00:15,  3.63it/s, loss=0.362]
  epoch 3/3:  36%|███▋      | 32/88 [00:09<00:15,  3.61it/s, loss=0.362]
  epoch 3/3:  36%|███▋      | 32/88 [00:09<00:15,  3.61it/s, loss=0.361]
  epoch 3/3:  38%|███▊      | 33/88 [00:09<00:15,  3.61it/s, loss=0.361]
  epoch 3/3:  38%|███▊      | 33/88 [00:09<00:15,  3.61it/s, loss=0.357]
  epoch 3/3:  39%|███▊      | 34/88 [00:09<00:14,  3.64it/s, loss=0.357]
  epoch 3/3:  39%|███▊      | 34/88 [00:09<00:14,  3.64it/s, loss=0.355]
  epoch 3/3:  40%|███▉      | 35/88 [00:09<00:14,  3.62it/s, loss=0.355]
  epoch 3/3:  40%|███▉      | 35/88 [00:10<00:14,  3.62it/s, loss=0.353]
  epoch 3/3:  41%|████      | 36/88 [00:10<00:14,  3.64it/s, loss=0.353]
  epoch 3/3:  41%|████      | 36/88 [00:10<00:14,  3.64it/s, loss=0.351]
  epoch 3/3:  42%|████▏     | 37/88 [00:10<00:14,  3.62it/s, loss=0.351]
  epoch 3/3:  42%|████▏     | 37/88 [00:10<00:14,  3.62it/s, loss=0.354]
  epoch 3/3:  43%|████▎     | 38/88 [00:10<00:13,  3.62it/s, loss=0.354]
  epoch 3/3:  43%|████▎     | 38/88 [00:11<00:13,  3.62it/s, loss=0.351]
  epoch 3/3:  44%|████▍     | 39/88 [00:11<00:13,  3.62it/s, loss=0.351]
  epoch 3/3:  44%|████▍     | 39/88 [00:11<00:13,  3.62it/s, loss=0.348]
  epoch 3/3:  45%|████▌     | 40/88 [00:11<00:13,  3.58it/s, loss=0.348]
  epoch 3/3:  45%|████▌     | 40/88 [00:11<00:13,  3.58it/s, loss=0.345]
  epoch 3/3:  47%|████▋     | 41/88 [00:11<00:13,  3.60it/s, loss=0.345]
  epoch 3/3:  47%|████▋     | 41/88 [00:11<00:13,  3.60it/s, loss=0.343]
  epoch 3/3:  48%|████▊     | 42/88 [00:11<00:12,  3.60it/s, loss=0.343]
  epoch 3/3:  48%|████▊     | 42/88 [00:12<00:12,  3.60it/s, loss=0.340]
  epoch 3/3:  49%|████▉     | 43/88 [00:12<00:12,  3.61it/s, loss=0.340]
  epoch 3/3:  49%|████▉     | 43/88 [00:12<00:12,  3.61it/s, loss=0.340]
  epoch 3/3:  50%|█████     | 44/88 [00:12<00:12,  3.61it/s, loss=0.340]
  epoch 3/3:  50%|█████     | 44/88 [00:12<00:12,  3.61it/s, loss=0.340]
  epoch 3/3:  51%|█████     | 45/88 [00:12<00:11,  3.64it/s, loss=0.340]
  epoch 3/3:  51%|█████     | 45/88 [00:13<00:11,  3.64it/s, loss=0.339]
  epoch 3/3:  52%|█████▏    | 46/88 [00:13<00:11,  3.63it/s, loss=0.339]
  epoch 3/3:  52%|█████▏    | 46/88 [00:13<00:11,  3.63it/s, loss=0.338]
  epoch 3/3:  53%|█████▎    | 47/88 [00:13<00:11,  3.64it/s, loss=0.338]
  epoch 3/3:  53%|█████▎    | 47/88 [00:13<00:11,  3.64it/s, loss=0.336]
  epoch 3/3:  55%|█████▍    | 48/88 [00:13<00:10,  3.64it/s, loss=0.336]
  epoch 3/3:  55%|█████▍    | 48/88 [00:13<00:10,  3.64it/s, loss=0.336]
  epoch 3/3:  56%|█████▌    | 49/88 [00:13<00:10,  3.64it/s, loss=0.336]
  epoch 3/3:  56%|█████▌    | 49/88 [00:14<00:10,  3.64it/s, loss=0.336]
  epoch 3/3:  57%|█████▋    | 50/88 [00:14<00:10,  3.63it/s, loss=0.336]
  epoch 3/3:  57%|█████▋    | 50/88 [00:14<00:10,  3.63it/s, loss=0.335]
  epoch 3/3:  58%|█████▊    | 51/88 [00:14<00:10,  3.61it/s, loss=0.335]
  epoch 3/3:  58%|█████▊    | 51/88 [00:14<00:10,  3.61it/s, loss=0.335]
  epoch 3/3:  59%|█████▉    | 52/88 [00:14<00:09,  3.63it/s, loss=0.335]
  epoch 3/3:  59%|█████▉    | 52/88 [00:14<00:09,  3.63it/s, loss=0.332]
  epoch 3/3:  60%|██████    | 53/88 [00:14<00:09,  3.63it/s, loss=0.332]
  epoch 3/3:  60%|██████    | 53/88 [00:15<00:09,  3.63it/s, loss=0.333]
  epoch 3/3:  61%|██████▏   | 54/88 [00:15<00:09,  3.64it/s, loss=0.333]
  epoch 3/3:  61%|██████▏   | 54/88 [00:15<00:09,  3.64it/s, loss=0.333]
  epoch 3/3:  62%|██████▎   | 55/88 [00:15<00:09,  3.64it/s, loss=0.333]
  epoch 3/3:  62%|██████▎   | 55/88 [00:15<00:09,  3.64it/s, loss=0.334]
  epoch 3/3:  64%|██████▎   | 56/88 [00:15<00:08,  3.60it/s, loss=0.334]
  epoch 3/3:  64%|██████▎   | 56/88 [00:16<00:08,  3.60it/s, loss=0.333]
  epoch 3/3:  65%|██████▍   | 57/88 [00:16<00:08,  3.62it/s, loss=0.333]
  epoch 3/3:  65%|██████▍   | 57/88 [00:16<00:08,  3.62it/s, loss=0.331]
  epoch 3/3:  66%|██████▌   | 58/88 [00:16<00:08,  3.62it/s, loss=0.331]
  epoch 3/3:  66%|██████▌   | 58/88 [00:16<00:08,  3.62it/s, loss=0.329]
  epoch 3/3:  67%|██████▋   | 59/88 [00:16<00:07,  3.64it/s, loss=0.329]
  epoch 3/3:  67%|██████▋   | 59/88 [00:16<00:07,  3.64it/s, loss=0.332]
  epoch 3/3:  68%|██████▊   | 60/88 [00:16<00:07,  3.63it/s, loss=0.332]
  epoch 3/3:  68%|██████▊   | 60/88 [00:17<00:07,  3.63it/s, loss=0.331]
  epoch 3/3:  69%|██████▉   | 61/88 [00:17<00:07,  3.64it/s, loss=0.331]
  epoch 3/3:  69%|██████▉   | 61/88 [00:17<00:07,  3.64it/s, loss=0.330]
  epoch 3/3:  70%|███████   | 62/88 [00:17<00:07,  3.62it/s, loss=0.330]
  epoch 3/3:  70%|███████   | 62/88 [00:17<00:07,  3.62it/s, loss=0.328]
  epoch 3/3:  72%|███████▏  | 63/88 [00:17<00:06,  3.62it/s, loss=0.328]
  epoch 3/3:  72%|███████▏  | 63/88 [00:17<00:06,  3.62it/s, loss=0.328]
  epoch 3/3:  73%|███████▎  | 64/88 [00:17<00:06,  3.64it/s, loss=0.328]
  epoch 3/3:  73%|███████▎  | 64/88 [00:18<00:06,  3.64it/s, loss=0.328]
  epoch 3/3:  74%|███████▍  | 65/88 [00:18<00:06,  3.63it/s, loss=0.328]
  epoch 3/3:  74%|███████▍  | 65/88 [00:18<00:06,  3.63it/s, loss=0.327]
  epoch 3/3:  75%|███████▌  | 66/88 [00:18<00:06,  3.65it/s, loss=0.327]
  epoch 3/3:  75%|███████▌  | 66/88 [00:18<00:06,  3.65it/s, loss=0.325]
  epoch 3/3:  76%|███████▌  | 67/88 [00:18<00:05,  3.61it/s, loss=0.325]
  epoch 3/3:  76%|███████▌  | 67/88 [00:19<00:05,  3.61it/s, loss=0.324]
  epoch 3/3:  77%|███████▋  | 68/88 [00:19<00:05,  3.61it/s, loss=0.324]
  epoch 3/3:  77%|███████▋  | 68/88 [00:19<00:05,  3.61it/s, loss=0.324]
  epoch 3/3:  78%|███████▊  | 69/88 [00:19<00:05,  3.62it/s, loss=0.324]
  epoch 3/3:  78%|███████▊  | 69/88 [00:19<00:05,  3.62it/s, loss=0.323]
  epoch 3/3:  80%|███████▉  | 70/88 [00:19<00:04,  3.62it/s, loss=0.323]
  epoch 3/3:  80%|███████▉  | 70/88 [00:19<00:04,  3.62it/s, loss=0.322]
  epoch 3/3:  81%|████████  | 71/88 [00:19<00:04,  3.62it/s, loss=0.322]
  epoch 3/3:  81%|████████  | 71/88 [00:20<00:04,  3.62it/s, loss=0.320]
  epoch 3/3:  82%|████████▏ | 72/88 [00:20<00:04,  3.58it/s, loss=0.320]
  epoch 3/3:  82%|████████▏ | 72/88 [00:20<00:04,  3.58it/s, loss=0.319]
  epoch 3/3:  83%|████████▎ | 73/88 [00:20<00:04,  3.61it/s, loss=0.319]
  epoch 3/3:  83%|████████▎ | 73/88 [00:20<00:04,  3.61it/s, loss=0.318]
  epoch 3/3:  84%|████████▍ | 74/88 [00:20<00:03,  3.60it/s, loss=0.318]
  epoch 3/3:  84%|████████▍ | 74/88 [00:21<00:03,  3.60it/s, loss=0.317]
  epoch 3/3:  85%|████████▌ | 75/88 [00:21<00:03,  3.59it/s, loss=0.317]
  epoch 3/3:  85%|████████▌ | 75/88 [00:21<00:03,  3.59it/s, loss=0.316]
  epoch 3/3:  86%|████████▋ | 76/88 [00:21<00:03,  3.59it/s, loss=0.316]
  epoch 3/3:  86%|████████▋ | 76/88 [00:21<00:03,  3.59it/s, loss=0.313]
  epoch 3/3:  88%|████████▊ | 77/88 [00:21<00:03,  3.61it/s, loss=0.313]
  epoch 3/3:  88%|████████▊ | 77/88 [00:21<00:03,  3.61it/s, loss=0.312]
  epoch 3/3:  89%|████████▊ | 78/88 [00:21<00:02,  3.61it/s, loss=0.312]
  epoch 3/3:  89%|████████▊ | 78/88 [00:22<00:02,  3.61it/s, loss=0.310]
  epoch 3/3:  90%|████████▉ | 79/88 [00:22<00:02,  3.61it/s, loss=0.310]
  epoch 3/3:  90%|████████▉ | 79/88 [00:22<00:02,  3.61it/s, loss=0.310]
  epoch 3/3:  91%|█████████ | 80/88 [00:22<00:02,  3.62it/s, loss=0.310]
  epoch 3/3:  91%|█████████ | 80/88 [00:22<00:02,  3.62it/s, loss=0.308]
  epoch 3/3:  92%|█████████▏| 81/88 [00:22<00:01,  3.62it/s, loss=0.308]
  epoch 3/3:  92%|█████████▏| 81/88 [00:22<00:01,  3.62it/s, loss=0.307]
  epoch 3/3:  93%|█████████▎| 82/88 [00:22<00:01,  3.64it/s, loss=0.307]
  epoch 3/3:  93%|█████████▎| 82/88 [00:23<00:01,  3.64it/s, loss=0.306]
  epoch 3/3:  94%|█████████▍| 83/88 [00:23<00:01,  3.62it/s, loss=0.306]
  epoch 3/3:  94%|█████████▍| 83/88 [00:23<00:01,  3.62it/s, loss=0.306]
  epoch 3/3:  95%|█████████▌| 84/88 [00:23<00:01,  3.61it/s, loss=0.306]
  epoch 3/3:  95%|█████████▌| 84/88 [00:23<00:01,  3.61it/s, loss=0.306]
  epoch 3/3:  97%|█████████▋| 85/88 [00:23<00:00,  3.63it/s, loss=0.306]
  epoch 3/3:  97%|█████████▋| 85/88 [00:24<00:00,  3.63it/s, loss=0.305]
  epoch 3/3:  98%|█████████▊| 86/88 [00:24<00:00,  3.63it/s, loss=0.305]
  epoch 3/3:  98%|█████████▊| 86/88 [00:24<00:00,  3.63it/s, loss=0.303]
  epoch 3/3:  99%|█████████▉| 87/88 [00:24<00:00,  3.64it/s, loss=0.303]
  epoch 3/3:  99%|█████████▉| 87/88 [00:24<00:00,  3.64it/s, loss=0.302]
  epoch 3/3: 100%|██████████| 88/88 [00:24<00:00,  3.90it/s, loss=0.302]
                                                                        
[titans] reset=never | norm(state) sau task = 82.3346
[titans]   self-mod v:β=0.93 |W|=2.54
[titans]   eta_t(avg)=16.8067  alpha_t/forget-gate(avg)=1.0000
[task 5] test acc so far: 0.969  0.829  0.789  0.763  0.680  0.146
[task 5] NCM-blend gamma=0: 0.826  0.731  0.754  0.791  0.800  0.771
[task 5] NCM-blend gamma=1: 0.834  0.683  0.800  0.809  0.854  0.786
[checkpoint] đã lưu tiến độ sau task 5
[task 6] classes=[17, 25, 27, 32, 41] | train=2800

  epoch 1/3:   0%|          | 0/88 [00:00<?, ?it/s]
  epoch 1/3:   0%|          | 0/88 [00:00<?, ?it/s, loss=1.574]
  epoch 1/3:   1%|          | 1/88 [00:00<00:46,  1.87it/s, loss=1.574]
  epoch 1/3:   1%|          | 1/88 [00:00<00:46,  1.87it/s, loss=1.548]
  epoch 1/3:   2%|▏         | 2/88 [00:00<00:32,  2.61it/s, loss=1.548]
  epoch 1/3:   2%|▏         | 2/88 [00:01<00:32,  2.61it/s, loss=1.528]
  epoch 1/3:   3%|▎         | 3/88 [00:01<00:28,  2.98it/s, loss=1.528]
  epoch 1/3:   3%|▎         | 3/88 [00:01<00:28,  2.98it/s, loss=1.520]
  epoch 1/3:   5%|▍         | 4/88 [00:01<00:26,  3.22it/s, loss=1.520]
  epoch 1/3:   5%|▍         | 4/88 [00:01<00:26,  3.22it/s, loss=1.499]
  epoch 1/3:   6%|▌         | 5/88 [00:01<00:24,  3.35it/s, loss=1.499]
  epoch 1/3:   6%|▌         | 5/88 [00:01<00:24,  3.35it/s, loss=1.484]
  epoch 1/3:   7%|▋         | 6/88 [00:01<00:23,  3.45it/s, loss=1.484]
  epoch 1/3:   7%|▋         | 6/88 [00:02<00:23,  3.45it/s, loss=1.497]
  epoch 1/3:   8%|▊         | 7/88 [00:02<00:23,  3.51it/s, loss=1.497]
  epoch 1/3:   8%|▊         | 7/88 [00:02<00:23,  3.51it/s, loss=1.482]
  epoch 1/3:   9%|▉         | 8/88 [00:02<00:22,  3.56it/s, loss=1.482]
  epoch 1/3:   9%|▉         | 8/88 [00:02<00:22,  3.56it/s, loss=1.471]
  epoch 1/3:  10%|█         | 9/88 [00:02<00:22,  3.58it/s, loss=1.471]
  epoch 1/3:  10%|█         | 9/88 [00:03<00:22,  3.58it/s, loss=1.469]
  epoch 1/3:  11%|█▏        | 10/88 [00:03<00:21,  3.57it/s, loss=1.469]
  epoch 1/3:  11%|█▏        | 10/88 [00:03<00:21,  3.57it/s, loss=1.453]
  epoch 1/3:  12%|█▎        | 11/88 [00:03<00:21,  3.60it/s, loss=1.453]
  epoch 1/3:  12%|█▎        | 11/88 [00:03<00:21,  3.60it/s, loss=1.443]
  epoch 1/3:  14%|█▎        | 12/88 [00:03<00:21,  3.61it/s, loss=1.443]
  epoch 1/3:  14%|█▎        | 12/88 [00:03<00:21,  3.61it/s, loss=1.436]
  epoch 1/3:  15%|█▍        | 13/88 [00:03<00:20,  3.64it/s, loss=1.436]
  epoch 1/3:  15%|█▍        | 13/88 [00:04<00:20,  3.64it/s, loss=1.429]
  epoch 1/3:  16%|█▌        | 14/88 [00:04<00:20,  3.63it/s, loss=1.429]
  epoch 1/3:  16%|█▌        | 14/88 [00:04<00:20,  3.63it/s, loss=1.423]
  epoch 1/3:  17%|█▋        | 15/88 [00:04<00:20,  3.65it/s, loss=1.423]
  epoch 1/3:  17%|█▋        | 15/88 [00:04<00:20,  3.65it/s, loss=1.411]
  epoch 1/3:  18%|█▊        | 16/88 [00:04<00:19,  3.60it/s, loss=1.411]
  epoch 1/3:  18%|█▊        | 16/88 [00:04<00:19,  3.60it/s, loss=1.404]
  epoch 1/3:  19%|█▉        | 17/88 [00:04<00:19,  3.62it/s, loss=1.404]
  epoch 1/3:  19%|█▉        | 17/88 [00:05<00:19,  3.62it/s, loss=1.405]
  epoch 1/3:  20%|██        | 18/88 [00:05<00:19,  3.63it/s, loss=1.405]
  epoch 1/3:  20%|██        | 18/88 [00:05<00:19,  3.63it/s, loss=1.395]
  epoch 1/3:  22%|██▏       | 19/88 [00:05<00:19,  3.60it/s, loss=1.395]
  epoch 1/3:  22%|██▏       | 19/88 [00:05<00:19,  3.60it/s, loss=1.391]
  epoch 1/3:  23%|██▎       | 20/88 [00:05<00:18,  3.61it/s, loss=1.391]
  epoch 1/3:  23%|██▎       | 20/88 [00:06<00:18,  3.61it/s, loss=1.389]
  epoch 1/3:  24%|██▍       | 21/88 [00:06<00:18,  3.63it/s, loss=1.389]
  epoch 1/3:  24%|██▍       | 21/88 [00:06<00:18,  3.63it/s, loss=1.379]
  epoch 1/3:  25%|██▌       | 22/88 [00:06<00:18,  3.61it/s, loss=1.379]
  epoch 1/3:  25%|██▌       | 22/88 [00:06<00:18,  3.61it/s, loss=1.371]
  epoch 1/3:  26%|██▌       | 23/88 [00:06<00:18,  3.61it/s, loss=1.371]
  epoch 1/3:  26%|██▌       | 23/88 [00:06<00:18,  3.61it/s, loss=1.359]
  epoch 1/3:  27%|██▋       | 24/88 [00:06<00:17,  3.63it/s, loss=1.359]
  epoch 1/3:  27%|██▋       | 24/88 [00:07<00:17,  3.63it/s, loss=1.353]
  epoch 1/3:  28%|██▊       | 25/88 [00:07<00:17,  3.63it/s, loss=1.353]
  epoch 1/3:  28%|██▊       | 25/88 [00:07<00:17,  3.63it/s, loss=1.344]
  epoch 1/3:  30%|██▉       | 26/88 [00:07<00:17,  3.64it/s, loss=1.344]
  epoch 1/3:  30%|██▉       | 26/88 [00:07<00:17,  3.64it/s, loss=1.339]
  epoch 1/3:  31%|███       | 27/88 [00:07<00:16,  3.62it/s, loss=1.339]
  epoch 1/3:  31%|███       | 27/88 [00:07<00:16,  3.62it/s, loss=1.333]
  epoch 1/3:  32%|███▏      | 28/88 [00:07<00:16,  3.62it/s, loss=1.333]
  epoch 1/3:  32%|███▏      | 28/88 [00:08<00:16,  3.62it/s, loss=1.331]
  epoch 1/3:  33%|███▎      | 29/88 [00:08<00:16,  3.63it/s, loss=1.331]
  epoch 1/3:  33%|███▎      | 29/88 [00:08<00:16,  3.63it/s, loss=1.324]
  epoch 1/3:  34%|███▍      | 30/88 [00:08<00:15,  3.63it/s, loss=1.324]
  epoch 1/3:  34%|███▍      | 30/88 [00:08<00:15,  3.63it/s, loss=1.315]
  epoch 1/3:  35%|███▌      | 31/88 [00:08<00:15,  3.64it/s, loss=1.315]
  epoch 1/3:  35%|███▌      | 31/88 [00:09<00:15,  3.64it/s, loss=1.310]
  epoch 1/3:  36%|███▋      | 32/88 [00:09<00:15,  3.59it/s, loss=1.310]
  epoch 1/3:  36%|███▋      | 32/88 [00:09<00:15,  3.59it/s, loss=1.300]
  epoch 1/3:  38%|███▊      | 33/88 [00:09<00:15,  3.61it/s, loss=1.300]
  epoch 1/3:  38%|███▊      | 33/88 [00:09<00:15,  3.61it/s, loss=1.292]
  epoch 1/3:  39%|███▊      | 34/88 [00:09<00:14,  3.60it/s, loss=1.292]
  epoch 1/3:  39%|███▊      | 34/88 [00:09<00:14,  3.60it/s, loss=1.284]
  epoch 1/3:  40%|███▉      | 35/88 [00:09<00:14,  3.62it/s, loss=1.284]
  epoch 1/3:  40%|███▉      | 35/88 [00:10<00:14,  3.62it/s, loss=1.275]
  epoch 1/3:  41%|████      | 36/88 [00:10<00:14,  3.63it/s, loss=1.275]
  epoch 1/3:  41%|████      | 36/88 [00:10<00:14,  3.63it/s, loss=1.267]
  epoch 1/3:  42%|████▏     | 37/88 [00:10<00:13,  3.64it/s, loss=1.267]
  epoch 1/3:  42%|████▏     | 37/88 [00:10<00:13,  3.64it/s, loss=1.260]
  epoch 1/3:  43%|████▎     | 38/88 [00:10<00:13,  3.62it/s, loss=1.260]
  epoch 1/3:  43%|████▎     | 38/88 [00:11<00:13,  3.62it/s, loss=1.255]
  epoch 1/3:  44%|████▍     | 39/88 [00:11<00:13,  3.62it/s, loss=1.255]
  epoch 1/3:  44%|████▍     | 39/88 [00:11<00:13,  3.62it/s, loss=1.252]
  epoch 1/3:  45%|████▌     | 40/88 [00:11<00:13,  3.63it/s, loss=1.252]
  epoch 1/3:  45%|████▌     | 40/88 [00:11<00:13,  3.63it/s, loss=1.244]
  epoch 1/3:  47%|████▋     | 41/88 [00:11<00:13,  3.61it/s, loss=1.244]
  epoch 1/3:  47%|████▋     | 41/88 [00:11<00:13,  3.61it/s, loss=1.237]
  epoch 1/3:  48%|████▊     | 42/88 [00:11<00:12,  3.61it/s, loss=1.237]
  epoch 1/3:  48%|████▊     | 42/88 [00:12<00:12,  3.61it/s, loss=1.231]
  epoch 1/3:  49%|████▉     | 43/88 [00:12<00:12,  3.63it/s, loss=1.231]
  epoch 1/3:  49%|████▉     | 43/88 [00:12<00:12,  3.63it/s, loss=1.226]
  epoch 1/3:  50%|█████     | 44/88 [00:12<00:12,  3.62it/s, loss=1.226]
  epoch 1/3:  50%|█████     | 44/88 [00:12<00:12,  3.62it/s, loss=1.219]
  epoch 1/3:  51%|█████     | 45/88 [00:12<00:11,  3.65it/s, loss=1.219]
  epoch 1/3:  51%|█████     | 45/88 [00:12<00:11,  3.65it/s, loss=1.212]
  epoch 1/3:  52%|█████▏    | 46/88 [00:12<00:11,  3.64it/s, loss=1.212]
  epoch 1/3:  52%|█████▏    | 46/88 [00:13<00:11,  3.64it/s, loss=1.206]
  epoch 1/3:  53%|█████▎    | 47/88 [00:13<00:11,  3.66it/s, loss=1.206]
  epoch 1/3:  53%|█████▎    | 47/88 [00:13<00:11,  3.66it/s, loss=1.198]
  epoch 1/3:  55%|█████▍    | 48/88 [00:13<00:11,  3.60it/s, loss=1.198]
  epoch 1/3:  55%|█████▍    | 48/88 [00:13<00:11,  3.60it/s, loss=1.193]
  epoch 1/3:  56%|█████▌    | 49/88 [00:13<00:10,  3.60it/s, loss=1.193]
  epoch 1/3:  56%|█████▌    | 49/88 [00:14<00:10,  3.60it/s, loss=1.187]
  epoch 1/3:  57%|█████▋    | 50/88 [00:14<00:10,  3.62it/s, loss=1.187]
  epoch 1/3:  57%|█████▋    | 50/88 [00:14<00:10,  3.62it/s, loss=1.183]
  epoch 1/3:  58%|█████▊    | 51/88 [00:14<00:10,  3.62it/s, loss=1.183]
  epoch 1/3:  58%|█████▊    | 51/88 [00:14<00:10,  3.62it/s, loss=1.177]
  epoch 1/3:  59%|█████▉    | 52/88 [00:14<00:09,  3.63it/s, loss=1.177]
  epoch 1/3:  59%|█████▉    | 52/88 [00:14<00:09,  3.63it/s, loss=1.171]
  epoch 1/3:  60%|██████    | 53/88 [00:14<00:09,  3.65it/s, loss=1.171]
  epoch 1/3:  60%|██████    | 53/88 [00:15<00:09,  3.65it/s, loss=1.164]
  epoch 1/3:  61%|██████▏   | 54/88 [00:15<00:09,  3.65it/s, loss=1.164]
  epoch 1/3:  61%|██████▏   | 54/88 [00:15<00:09,  3.65it/s, loss=1.160]
  epoch 1/3:  62%|██████▎   | 55/88 [00:15<00:09,  3.64it/s, loss=1.160]
  epoch 1/3:  62%|██████▎   | 55/88 [00:15<00:09,  3.64it/s, loss=1.154]
  epoch 1/3:  64%|██████▎   | 56/88 [00:15<00:08,  3.64it/s, loss=1.154]
  epoch 1/3:  64%|██████▎   | 56/88 [00:15<00:08,  3.64it/s, loss=1.152]
  epoch 1/3:  65%|██████▍   | 57/88 [00:15<00:08,  3.66it/s, loss=1.152]
  epoch 1/3:  65%|██████▍   | 57/88 [00:16<00:08,  3.66it/s, loss=1.145]
  epoch 1/3:  66%|██████▌   | 58/88 [00:16<00:08,  3.65it/s, loss=1.145]
  epoch 1/3:  66%|██████▌   | 58/88 [00:16<00:08,  3.65it/s, loss=1.139]
  epoch 1/3:  67%|██████▋   | 59/88 [00:16<00:07,  3.66it/s, loss=1.139]
  epoch 1/3:  67%|██████▋   | 59/88 [00:16<00:07,  3.66it/s, loss=1.134]
  epoch 1/3:  68%|██████▊   | 60/88 [00:16<00:07,  3.65it/s, loss=1.134]
  epoch 1/3:  68%|██████▊   | 60/88 [00:17<00:07,  3.65it/s, loss=1.129]
  epoch 1/3:  69%|██████▉   | 61/88 [00:17<00:07,  3.66it/s, loss=1.129]
  epoch 1/3:  69%|██████▉   | 61/88 [00:17<00:07,  3.66it/s, loss=1.123]
  epoch 1/3:  70%|███████   | 62/88 [00:17<00:07,  3.65it/s, loss=1.123]
  epoch 1/3:  70%|███████   | 62/88 [00:17<00:07,  3.65it/s, loss=1.117]
  epoch 1/3:  72%|███████▏  | 63/88 [00:17<00:06,  3.65it/s, loss=1.117]
  epoch 1/3:  72%|███████▏  | 63/88 [00:17<00:06,  3.65it/s, loss=1.111]
  epoch 1/3:  73%|███████▎  | 64/88 [00:17<00:06,  3.59it/s, loss=1.111]
  epoch 1/3:  73%|███████▎  | 64/88 [00:18<00:06,  3.59it/s, loss=1.106]
  epoch 1/3:  74%|███████▍  | 65/88 [00:18<00:06,  3.60it/s, loss=1.106]
  epoch 1/3:  74%|███████▍  | 65/88 [00:18<00:06,  3.60it/s, loss=1.099]
  epoch 1/3:  75%|███████▌  | 66/88 [00:18<00:06,  3.60it/s, loss=1.099]
  epoch 1/3:  75%|███████▌  | 66/88 [00:18<00:06,  3.60it/s, loss=1.095]
  epoch 1/3:  76%|███████▌  | 67/88 [00:18<00:05,  3.63it/s, loss=1.095]
  epoch 1/3:  76%|███████▌  | 67/88 [00:19<00:05,  3.63it/s, loss=1.089]
  epoch 1/3:  77%|███████▋  | 68/88 [00:19<00:05,  3.63it/s, loss=1.089]
  epoch 1/3:  77%|███████▋  | 68/88 [00:19<00:05,  3.63it/s, loss=1.085]
  epoch 1/3:  78%|███████▊  | 69/88 [00:19<00:05,  3.64it/s, loss=1.085]
  epoch 1/3:  78%|███████▊  | 69/88 [00:19<00:05,  3.64it/s, loss=1.078]
  epoch 1/3:  80%|███████▉  | 70/88 [00:19<00:04,  3.62it/s, loss=1.078]
  epoch 1/3:  80%|███████▉  | 70/88 [00:19<00:04,  3.62it/s, loss=1.073]
  epoch 1/3:  81%|████████  | 71/88 [00:19<00:04,  3.62it/s, loss=1.073]
  epoch 1/3:  81%|████████  | 71/88 [00:20<00:04,  3.62it/s, loss=1.069]
  epoch 1/3:  82%|████████▏ | 72/88 [00:20<00:04,  3.64it/s, loss=1.069]
  epoch 1/3:  82%|████████▏ | 72/88 [00:20<00:04,  3.64it/s, loss=1.063]
  epoch 1/3:  83%|████████▎ | 73/88 [00:20<00:04,  3.63it/s, loss=1.063]
  epoch 1/3:  83%|████████▎ | 73/88 [00:20<00:04,  3.63it/s, loss=1.059]
  epoch 1/3:  84%|████████▍ | 74/88 [00:20<00:03,  3.65it/s, loss=1.059]
  epoch 1/3:  84%|████████▍ | 74/88 [00:20<00:03,  3.65it/s, loss=1.053]
  epoch 1/3:  85%|████████▌ | 75/88 [00:20<00:03,  3.63it/s, loss=1.053]
  epoch 1/3:  85%|████████▌ | 75/88 [00:21<00:03,  3.63it/s, loss=1.049]
  epoch 1/3:  86%|████████▋ | 76/88 [00:21<00:03,  3.63it/s, loss=1.049]
  epoch 1/3:  86%|████████▋ | 76/88 [00:21<00:03,  3.63it/s, loss=1.044]
  epoch 1/3:  88%|████████▊ | 77/88 [00:21<00:03,  3.64it/s, loss=1.044]
  epoch 1/3:  88%|████████▊ | 77/88 [00:21<00:03,  3.64it/s, loss=1.039]
  epoch 1/3:  89%|████████▊ | 78/88 [00:21<00:02,  3.63it/s, loss=1.039]
  epoch 1/3:  89%|████████▊ | 78/88 [00:22<00:02,  3.63it/s, loss=1.035]
  epoch 1/3:  90%|████████▉ | 79/88 [00:22<00:02,  3.64it/s, loss=1.035]
  epoch 1/3:  90%|████████▉ | 79/88 [00:22<00:02,  3.64it/s, loss=1.032]
  epoch 1/3:  91%|█████████ | 80/88 [00:22<00:02,  3.56it/s, loss=1.032]
  epoch 1/3:  91%|█████████ | 80/88 [00:22<00:02,  3.56it/s, loss=1.027]
  epoch 1/3:  92%|█████████▏| 81/88 [00:22<00:01,  3.59it/s, loss=1.027]
  epoch 1/3:  92%|█████████▏| 81/88 [00:22<00:01,  3.59it/s, loss=1.022]
  epoch 1/3:  93%|█████████▎| 82/88 [00:22<00:01,  3.60it/s, loss=1.022]
  epoch 1/3:  93%|█████████▎| 82/88 [00:23<00:01,  3.60it/s, loss=1.018]
  epoch 1/3:  94%|█████████▍| 83/88 [00:23<00:01,  3.62it/s, loss=1.018]
  epoch 1/3:  94%|█████████▍| 83/88 [00:23<00:01,  3.62it/s, loss=1.014]
  epoch 1/3:  95%|█████████▌| 84/88 [00:23<00:01,  3.61it/s, loss=1.014]
  epoch 1/3:  95%|█████████▌| 84/88 [00:23<00:01,  3.61it/s, loss=1.010]
  epoch 1/3:  97%|█████████▋| 85/88 [00:23<00:00,  3.62it/s, loss=1.010]
  epoch 1/3:  97%|█████████▋| 85/88 [00:23<00:00,  3.62it/s, loss=1.005]
  epoch 1/3:  98%|█████████▊| 86/88 [00:23<00:00,  3.63it/s, loss=1.005]
  epoch 1/3:  98%|█████████▊| 86/88 [00:24<00:00,  3.63it/s, loss=1.002]
  epoch 1/3:  99%|█████████▉| 87/88 [00:24<00:00,  3.63it/s, loss=1.002]
  epoch 1/3:  99%|█████████▉| 87/88 [00:24<00:00,  3.63it/s, loss=1.000]
  epoch 1/3: 100%|██████████| 88/88 [00:24<00:00,  3.96it/s, loss=1.000]
                                                                        

  epoch 2/3:   0%|          | 0/88 [00:00<?, ?it/s]
  epoch 2/3:   0%|          | 0/88 [00:00<?, ?it/s, loss=0.530]
  epoch 2/3:   1%|          | 1/88 [00:00<00:47,  1.83it/s, loss=0.530]
  epoch 2/3:   1%|          | 1/88 [00:00<00:47,  1.83it/s, loss=0.526]
  epoch 2/3:   2%|▏         | 2/88 [00:00<00:33,  2.57it/s, loss=0.526]
  epoch 2/3:   2%|▏         | 2/88 [00:01<00:33,  2.57it/s, loss=0.560]
  epoch 2/3:   3%|▎         | 3/88 [00:01<00:28,  2.96it/s, loss=0.560]
  epoch 2/3:   3%|▎         | 3/88 [00:01<00:28,  2.96it/s, loss=0.623]
  epoch 2/3:   5%|▍         | 4/88 [00:01<00:26,  3.20it/s, loss=0.623]
  epoch 2/3:   5%|▍         | 4/88 [00:01<00:26,  3.20it/s, loss=0.621]
  epoch 2/3:   6%|▌         | 5/88 [00:01<00:24,  3.34it/s, loss=0.621]
  epoch 2/3:   6%|▌         | 5/88 [00:01<00:24,  3.34it/s, loss=0.616]
  epoch 2/3:   7%|▋         | 6/88 [00:01<00:23,  3.44it/s, loss=0.616]
  epoch 2/3:   7%|▋         | 6/88 [00:02<00:23,  3.44it/s, loss=0.612]
  epoch 2/3:   8%|▊         | 7/88 [00:02<00:23,  3.48it/s, loss=0.612]
  epoch 2/3:   8%|▊         | 7/88 [00:02<00:23,  3.48it/s, loss=0.616]
  epoch 2/3:   9%|▉         | 8/88 [00:02<00:23,  3.48it/s, loss=0.616]
  epoch 2/3:   9%|▉         | 8/88 [00:02<00:23,  3.48it/s, loss=0.602]
  epoch 2/3:  10%|█         | 9/88 [00:02<00:22,  3.51it/s, loss=0.602]
  epoch 2/3:  10%|█         | 9/88 [00:03<00:22,  3.51it/s, loss=0.599]
  epoch 2/3:  11%|█▏        | 10/88 [00:03<00:22,  3.54it/s, loss=0.599]
  epoch 2/3:  11%|█▏        | 10/88 [00:03<00:22,  3.54it/s, loss=0.594]
  epoch 2/3:  12%|█▎        | 11/88 [00:03<00:21,  3.58it/s, loss=0.594]
  epoch 2/3:  12%|█▎        | 11/88 [00:03<00:21,  3.58it/s, loss=0.586]
  epoch 2/3:  14%|█▎        | 12/88 [00:03<00:21,  3.58it/s, loss=0.586]
  epoch 2/3:  14%|█▎        | 12/88 [00:03<00:21,  3.58it/s, loss=0.584]
  epoch 2/3:  15%|█▍        | 13/88 [00:03<00:20,  3.59it/s, loss=0.584]
  epoch 2/3:  15%|█▍        | 13/88 [00:04<00:20,  3.59it/s, loss=0.578]
  epoch 2/3:  16%|█▌        | 14/88 [00:04<00:20,  3.62it/s, loss=0.578]
  epoch 2/3:  16%|█▌        | 14/88 [00:04<00:20,  3.62it/s, loss=0.571]
  epoch 2/3:  17%|█▋        | 15/88 [00:04<00:20,  3.62it/s, loss=0.571]
  epoch 2/3:  17%|█▋        | 15/88 [00:04<00:20,  3.62it/s, loss=0.560]
  epoch 2/3:  18%|█▊        | 16/88 [00:04<00:19,  3.64it/s, loss=0.560]
  epoch 2/3:  18%|█▊        | 16/88 [00:04<00:19,  3.64it/s, loss=0.560]
  epoch 2/3:  19%|█▉        | 17/88 [00:04<00:19,  3.62it/s, loss=0.560]
  epoch 2/3:  19%|█▉        | 17/88 [00:05<00:19,  3.62it/s, loss=0.549]
  epoch 2/3:  20%|██        | 18/88 [00:05<00:19,  3.61it/s, loss=0.549]
  epoch 2/3:  20%|██        | 18/88 [00:05<00:19,  3.61it/s, loss=0.544]
  epoch 2/3:  22%|██▏       | 19/88 [00:05<00:19,  3.62it/s, loss=0.544]
  epoch 2/3:  22%|██▏       | 19/88 [00:05<00:19,  3.62it/s, loss=0.543]
  epoch 2/3:  23%|██▎       | 20/88 [00:05<00:18,  3.61it/s, loss=0.543]
  epoch 2/3:  23%|██▎       | 20/88 [00:06<00:18,  3.61it/s, loss=0.536]
  epoch 2/3:  24%|██▍       | 21/88 [00:06<00:18,  3.60it/s, loss=0.536]
  epoch 2/3:  24%|██▍       | 21/88 [00:06<00:18,  3.60it/s, loss=0.536]
  epoch 2/3:  25%|██▌       | 22/88 [00:06<00:18,  3.63it/s, loss=0.536]
  epoch 2/3:  25%|██▌       | 22/88 [00:06<00:18,  3.63it/s, loss=0.540]
  epoch 2/3:  26%|██▌       | 23/88 [00:06<00:17,  3.64it/s, loss=0.540]
  epoch 2/3:  26%|██▌       | 23/88 [00:06<00:17,  3.64it/s, loss=0.540]
  epoch 2/3:  27%|██▋       | 24/88 [00:06<00:17,  3.59it/s, loss=0.540]
  epoch 2/3:  27%|██▋       | 24/88 [00:07<00:17,  3.59it/s, loss=0.535]
  epoch 2/3:  28%|██▊       | 25/88 [00:07<00:17,  3.61it/s, loss=0.535]
  epoch 2/3:  28%|██▊       | 25/88 [00:07<00:17,  3.61it/s, loss=0.535]
  epoch 2/3:  30%|██▉       | 26/88 [00:07<00:17,  3.60it/s, loss=0.535]
  epoch 2/3:  30%|██▉       | 26/88 [00:07<00:17,  3.60it/s, loss=0.533]
  epoch 2/3:  31%|███       | 27/88 [00:07<00:16,  3.60it/s, loss=0.533]
  epoch 2/3:  31%|███       | 27/88 [00:08<00:16,  3.60it/s, loss=0.530]
  epoch 2/3:  32%|███▏      | 28/88 [00:08<00:16,  3.62it/s, loss=0.530]
  epoch 2/3:  32%|███▏      | 28/88 [00:08<00:16,  3.62it/s, loss=0.526]
  epoch 2/3:  33%|███▎      | 29/88 [00:08<00:16,  3.63it/s, loss=0.526]
  epoch 2/3:  33%|███▎      | 29/88 [00:08<00:16,  3.63it/s, loss=0.526]
  epoch 2/3:  34%|███▍      | 30/88 [00:08<00:15,  3.64it/s, loss=0.526]
  epoch 2/3:  34%|███▍      | 30/88 [00:08<00:15,  3.64it/s, loss=0.525]
  epoch 2/3:  35%|███▌      | 31/88 [00:08<00:15,  3.62it/s, loss=0.525]
  epoch 2/3:  35%|███▌      | 31/88 [00:09<00:15,  3.62it/s, loss=0.524]
  epoch 2/3:  36%|███▋      | 32/88 [00:09<00:15,  3.63it/s, loss=0.524]
  epoch 2/3:  36%|███▋      | 32/88 [00:09<00:15,  3.63it/s, loss=0.521]
  epoch 2/3:  38%|███▊      | 33/88 [00:09<00:15,  3.64it/s, loss=0.521]
  epoch 2/3:  38%|███▊      | 33/88 [00:09<00:15,  3.64it/s, loss=0.517]
  epoch 2/3:  39%|███▊      | 34/88 [00:09<00:14,  3.63it/s, loss=0.517]
  epoch 2/3:  39%|███▊      | 34/88 [00:09<00:14,  3.63it/s, loss=0.513]
  epoch 2/3:  40%|███▉      | 35/88 [00:09<00:14,  3.65it/s, loss=0.513]
  epoch 2/3:  40%|███▉      | 35/88 [00:10<00:14,  3.65it/s, loss=0.508]
  epoch 2/3:  41%|████      | 36/88 [00:10<00:14,  3.62it/s, loss=0.508]
  epoch 2/3:  41%|████      | 36/88 [00:10<00:14,  3.62it/s, loss=0.502]
  epoch 2/3:  42%|████▏     | 37/88 [00:10<00:14,  3.61it/s, loss=0.502]
  epoch 2/3:  42%|████▏     | 37/88 [00:10<00:14,  3.61it/s, loss=0.497]
  epoch 2/3:  43%|████▎     | 38/88 [00:10<00:13,  3.63it/s, loss=0.497]
  epoch 2/3:  43%|████▎     | 38/88 [00:11<00:13,  3.63it/s, loss=0.496]
  epoch 2/3:  44%|████▍     | 39/88 [00:11<00:13,  3.61it/s, loss=0.496]
  epoch 2/3:  44%|████▍     | 39/88 [00:11<00:13,  3.61it/s, loss=0.496]
  epoch 2/3:  45%|████▌     | 40/88 [00:11<00:13,  3.57it/s, loss=0.496]
  epoch 2/3:  45%|████▌     | 40/88 [00:11<00:13,  3.57it/s, loss=0.494]
  epoch 2/3:  47%|████▋     | 41/88 [00:11<00:13,  3.59it/s, loss=0.494]
  epoch 2/3:  47%|████▋     | 41/88 [00:11<00:13,  3.59it/s, loss=0.490]
  epoch 2/3:  48%|████▊     | 42/88 [00:11<00:12,  3.60it/s, loss=0.490]
  epoch 2/3:  48%|████▊     | 42/88 [00:12<00:12,  3.60it/s, loss=0.490]
  epoch 2/3:  49%|████▉     | 43/88 [00:12<00:12,  3.60it/s, loss=0.490]
  epoch 2/3:  49%|████▉     | 43/88 [00:12<00:12,  3.60it/s, loss=0.489]
  epoch 2/3:  50%|█████     | 44/88 [00:12<00:12,  3.59it/s, loss=0.489]
  epoch 2/3:  50%|█████     | 44/88 [00:12<00:12,  3.59it/s, loss=0.486]
  epoch 2/3:  51%|█████     | 45/88 [00:12<00:11,  3.59it/s, loss=0.486]
  epoch 2/3:  51%|█████     | 45/88 [00:13<00:11,  3.59it/s, loss=0.484]
  epoch 2/3:  52%|█████▏    | 46/88 [00:13<00:11,  3.61it/s, loss=0.484]
  epoch 2/3:  52%|█████▏    | 46/88 [00:13<00:11,  3.61it/s, loss=0.482]
  epoch 2/3:  53%|█████▎    | 47/88 [00:13<00:11,  3.63it/s, loss=0.482]
  epoch 2/3:  53%|█████▎    | 47/88 [00:13<00:11,  3.63it/s, loss=0.483]
  epoch 2/3:  55%|█████▍    | 48/88 [00:13<00:11,  3.63it/s, loss=0.483]
  epoch 2/3:  55%|█████▍    | 48/88 [00:13<00:11,  3.63it/s, loss=0.480]
  epoch 2/3:  56%|█████▌    | 49/88 [00:13<00:10,  3.63it/s, loss=0.480]
  epoch 2/3:  56%|█████▌    | 49/88 [00:14<00:10,  3.63it/s, loss=0.477]
  epoch 2/3:  57%|█████▋    | 50/88 [00:14<00:10,  3.63it/s, loss=0.477]
  epoch 2/3:  57%|█████▋    | 50/88 [00:14<00:10,  3.63it/s, loss=0.475]
  epoch 2/3:  58%|█████▊    | 51/88 [00:14<00:10,  3.62it/s, loss=0.475]
  epoch 2/3:  58%|█████▊    | 51/88 [00:14<00:10,  3.62it/s, loss=0.475]
  epoch 2/3:  59%|█████▉    | 52/88 [00:14<00:09,  3.63it/s, loss=0.475]
  epoch 2/3:  59%|█████▉    | 52/88 [00:14<00:09,  3.63it/s, loss=0.476]
  epoch 2/3:  60%|██████    | 53/88 [00:14<00:09,  3.63it/s, loss=0.476]
  epoch 2/3:  60%|██████    | 53/88 [00:15<00:09,  3.63it/s, loss=0.474]
  epoch 2/3:  61%|██████▏   | 54/88 [00:15<00:09,  3.63it/s, loss=0.474]
  epoch 2/3:  61%|██████▏   | 54/88 [00:15<00:09,  3.63it/s, loss=0.472]
  epoch 2/3:  62%|██████▎   | 55/88 [00:15<00:09,  3.65it/s, loss=0.472]
  epoch 2/3:  62%|██████▎   | 55/88 [00:15<00:09,  3.65it/s, loss=0.470]
  epoch 2/3:  64%|██████▎   | 56/88 [00:15<00:08,  3.57it/s, loss=0.470]
  epoch 2/3:  64%|██████▎   | 56/88 [00:16<00:08,  3.57it/s, loss=0.468]
  epoch 2/3:  65%|██████▍   | 57/88 [00:16<00:08,  3.59it/s, loss=0.468]
  epoch 2/3:  65%|██████▍   | 57/88 [00:16<00:08,  3.59it/s, loss=0.467]
  epoch 2/3:  66%|██████▌   | 58/88 [00:16<00:08,  3.60it/s, loss=0.467]
  epoch 2/3:  66%|██████▌   | 58/88 [00:16<00:08,  3.60it/s, loss=0.467]
  epoch 2/3:  67%|██████▋   | 59/88 [00:16<00:08,  3.59it/s, loss=0.467]
  epoch 2/3:  67%|██████▋   | 59/88 [00:16<00:08,  3.59it/s, loss=0.465]
  epoch 2/3:  68%|██████▊   | 60/88 [00:16<00:07,  3.60it/s, loss=0.465]
  epoch 2/3:  68%|██████▊   | 60/88 [00:17<00:07,  3.60it/s, loss=0.464]
  epoch 2/3:  69%|██████▉   | 61/88 [00:17<00:07,  3.59it/s, loss=0.464]
  epoch 2/3:  69%|██████▉   | 61/88 [00:17<00:07,  3.59it/s, loss=0.462]
  epoch 2/3:  70%|███████   | 62/88 [00:17<00:07,  3.60it/s, loss=0.462]
  epoch 2/3:  70%|███████   | 62/88 [00:17<00:07,  3.60it/s, loss=0.461]
  epoch 2/3:  72%|███████▏  | 63/88 [00:17<00:06,  3.62it/s, loss=0.461]
  epoch 2/3:  72%|███████▏  | 63/88 [00:17<00:06,  3.62it/s, loss=0.459]
  epoch 2/3:  73%|███████▎  | 64/88 [00:17<00:06,  3.62it/s, loss=0.459]
  epoch 2/3:  73%|███████▎  | 64/88 [00:18<00:06,  3.62it/s, loss=0.457]
  epoch 2/3:  74%|███████▍  | 65/88 [00:18<00:06,  3.63it/s, loss=0.457]
  epoch 2/3:  74%|███████▍  | 65/88 [00:18<00:06,  3.63it/s, loss=0.455]
  epoch 2/3:  75%|███████▌  | 66/88 [00:18<00:06,  3.61it/s, loss=0.455]
  epoch 2/3:  75%|███████▌  | 66/88 [00:18<00:06,  3.61it/s, loss=0.453]
  epoch 2/3:  76%|███████▌  | 67/88 [00:18<00:05,  3.61it/s, loss=0.453]
  epoch 2/3:  76%|███████▌  | 67/88 [00:19<00:05,  3.61it/s, loss=0.450]
  epoch 2/3:  77%|███████▋  | 68/88 [00:19<00:05,  3.62it/s, loss=0.450]
  epoch 2/3:  77%|███████▋  | 68/88 [00:19<00:05,  3.62it/s, loss=0.448]
  epoch 2/3:  78%|███████▊  | 69/88 [00:19<00:05,  3.61it/s, loss=0.448]
  epoch 2/3:  78%|███████▊  | 69/88 [00:19<00:05,  3.61it/s, loss=0.447]
  epoch 2/3:  80%|███████▉  | 70/88 [00:19<00:04,  3.61it/s, loss=0.447]
  epoch 2/3:  80%|███████▉  | 70/88 [00:19<00:04,  3.61it/s, loss=0.445]
  epoch 2/3:  81%|████████  | 71/88 [00:19<00:04,  3.62it/s, loss=0.445]
  epoch 2/3:  81%|████████  | 71/88 [00:20<00:04,  3.62it/s, loss=0.443]
  epoch 2/3:  82%|████████▏ | 72/88 [00:20<00:04,  3.58it/s, loss=0.443]
  epoch 2/3:  82%|████████▏ | 72/88 [00:20<00:04,  3.58it/s, loss=0.441]
  epoch 2/3:  83%|████████▎ | 73/88 [00:20<00:04,  3.60it/s, loss=0.441]
  epoch 2/3:  83%|████████▎ | 73/88 [00:20<00:04,  3.60it/s, loss=0.439]
  epoch 2/3:  84%|████████▍ | 74/88 [00:20<00:03,  3.62it/s, loss=0.439]
  epoch 2/3:  84%|████████▍ | 74/88 [00:21<00:03,  3.62it/s, loss=0.438]
  epoch 2/3:  85%|████████▌ | 75/88 [00:21<00:03,  3.60it/s, loss=0.438]
  epoch 2/3:  85%|████████▌ | 75/88 [00:21<00:03,  3.60it/s, loss=0.437]
  epoch 2/3:  86%|████████▋ | 76/88 [00:21<00:03,  3.61it/s, loss=0.437]
  epoch 2/3:  86%|████████▋ | 76/88 [00:21<00:03,  3.61it/s, loss=0.436]
  epoch 2/3:  88%|████████▊ | 77/88 [00:21<00:03,  3.62it/s, loss=0.436]
  epoch 2/3:  88%|████████▊ | 77/88 [00:21<00:03,  3.62it/s, loss=0.434]
  epoch 2/3:  89%|████████▊ | 78/88 [00:21<00:02,  3.62it/s, loss=0.434]
  epoch 2/3:  89%|████████▊ | 78/88 [00:22<00:02,  3.62it/s, loss=0.433]
  epoch 2/3:  90%|████████▉ | 79/88 [00:22<00:02,  3.64it/s, loss=0.433]
  epoch 2/3:  90%|████████▉ | 79/88 [00:22<00:02,  3.64it/s, loss=0.431]
  epoch 2/3:  91%|█████████ | 80/88 [00:22<00:02,  3.63it/s, loss=0.431]
  epoch 2/3:  91%|█████████ | 80/88 [00:22<00:02,  3.63it/s, loss=0.429]
  epoch 2/3:  92%|█████████▏| 81/88 [00:22<00:01,  3.61it/s, loss=0.429]
  epoch 2/3:  92%|█████████▏| 81/88 [00:22<00:01,  3.61it/s, loss=0.427]
  epoch 2/3:  93%|█████████▎| 82/88 [00:22<00:01,  3.62it/s, loss=0.427]
  epoch 2/3:  93%|█████████▎| 82/88 [00:23<00:01,  3.62it/s, loss=0.426]
  epoch 2/3:  94%|█████████▍| 83/88 [00:23<00:01,  3.61it/s, loss=0.426]
  epoch 2/3:  94%|█████████▍| 83/88 [00:23<00:01,  3.61it/s, loss=0.425]
  epoch 2/3:  95%|█████████▌| 84/88 [00:23<00:01,  3.61it/s, loss=0.425]
  epoch 2/3:  95%|█████████▌| 84/88 [00:23<00:01,  3.61it/s, loss=0.423]
  epoch 2/3:  97%|█████████▋| 85/88 [00:23<00:00,  3.62it/s, loss=0.423]
  epoch 2/3:  97%|█████████▋| 85/88 [00:24<00:00,  3.62it/s, loss=0.421]
  epoch 2/3:  98%|█████████▊| 86/88 [00:24<00:00,  3.62it/s, loss=0.421]
  epoch 2/3:  98%|█████████▊| 86/88 [00:24<00:00,  3.62it/s, loss=0.421]
  epoch 2/3:  99%|█████████▉| 87/88 [00:24<00:00,  3.62it/s, loss=0.421]
  epoch 2/3:  99%|█████████▉| 87/88 [00:24<00:00,  3.62it/s, loss=0.421]
  epoch 2/3: 100%|██████████| 88/88 [00:24<00:00,  3.89it/s, loss=0.421]
                                                                        

  epoch 3/3:   0%|          | 0/88 [00:00<?, ?it/s]
  epoch 3/3:   0%|          | 0/88 [00:00<?, ?it/s, loss=0.436]
  epoch 3/3:   1%|          | 1/88 [00:00<00:48,  1.81it/s, loss=0.436]
  epoch 3/3:   1%|          | 1/88 [00:00<00:48,  1.81it/s, loss=0.354]
  epoch 3/3:   2%|▏         | 2/88 [00:00<00:33,  2.58it/s, loss=0.354]
  epoch 3/3:   2%|▏         | 2/88 [00:01<00:33,  2.58it/s, loss=0.352]
  epoch 3/3:   3%|▎         | 3/88 [00:01<00:28,  2.97it/s, loss=0.352]
  epoch 3/3:   3%|▎         | 3/88 [00:01<00:28,  2.97it/s, loss=0.311]
  epoch 3/3:   5%|▍         | 4/88 [00:01<00:26,  3.20it/s, loss=0.311]
  epoch 3/3:   5%|▍         | 4/88 [00:01<00:26,  3.20it/s, loss=0.304]
  epoch 3/3:   6%|▌         | 5/88 [00:01<00:24,  3.33it/s, loss=0.304]
  epoch 3/3:   6%|▌         | 5/88 [00:01<00:24,  3.33it/s, loss=0.293]
  epoch 3/3:   7%|▋         | 6/88 [00:01<00:24,  3.41it/s, loss=0.293]
  epoch 3/3:   7%|▋         | 6/88 [00:02<00:24,  3.41it/s, loss=0.292]
  epoch 3/3:   8%|▊         | 7/88 [00:02<00:23,  3.46it/s, loss=0.292]
  epoch 3/3:   8%|▊         | 7/88 [00:02<00:23,  3.46it/s, loss=0.300]
  epoch 3/3:   9%|▉         | 8/88 [00:02<00:22,  3.52it/s, loss=0.300]
  epoch 3/3:   9%|▉         | 8/88 [00:02<00:22,  3.52it/s, loss=0.290]
  epoch 3/3:  10%|█         | 9/88 [00:02<00:22,  3.54it/s, loss=0.290]
  epoch 3/3:  10%|█         | 9/88 [00:03<00:22,  3.54it/s, loss=0.299]
  epoch 3/3:  11%|█▏        | 10/88 [00:03<00:21,  3.55it/s, loss=0.299]
  epoch 3/3:  11%|█▏        | 10/88 [00:03<00:21,  3.55it/s, loss=0.294]
  epoch 3/3:  12%|█▎        | 11/88 [00:03<00:21,  3.59it/s, loss=0.294]
  epoch 3/3:  12%|█▎        | 11/88 [00:03<00:21,  3.59it/s, loss=0.291]
  epoch 3/3:  14%|█▎        | 12/88 [00:03<00:21,  3.60it/s, loss=0.291]
  epoch 3/3:  14%|█▎        | 12/88 [00:03<00:21,  3.60it/s, loss=0.292]
  epoch 3/3:  15%|█▍        | 13/88 [00:03<00:20,  3.62it/s, loss=0.292]
  epoch 3/3:  15%|█▍        | 13/88 [00:04<00:20,  3.62it/s, loss=0.288]
  epoch 3/3:  16%|█▌        | 14/88 [00:04<00:20,  3.60it/s, loss=0.288]
  epoch 3/3:  16%|█▌        | 14/88 [00:04<00:20,  3.60it/s, loss=0.291]
  epoch 3/3:  17%|█▋        | 15/88 [00:04<00:20,  3.60it/s, loss=0.291]
  epoch 3/3:  17%|█▋        | 15/88 [00:04<00:20,  3.60it/s, loss=0.286]
  epoch 3/3:  18%|█▊        | 16/88 [00:04<00:20,  3.58it/s, loss=0.286]
  epoch 3/3:  18%|█▊        | 16/88 [00:04<00:20,  3.58it/s, loss=0.286]
  epoch 3/3:  19%|█▉        | 17/88 [00:04<00:19,  3.60it/s, loss=0.286]
  epoch 3/3:  19%|█▉        | 17/88 [00:05<00:19,  3.60it/s, loss=0.281]
  epoch 3/3:  20%|██        | 18/88 [00:05<00:19,  3.59it/s, loss=0.281]
  epoch 3/3:  20%|██        | 18/88 [00:05<00:19,  3.59it/s, loss=0.278]
  epoch 3/3:  22%|██▏       | 19/88 [00:05<00:19,  3.61it/s, loss=0.278]
  epoch 3/3:  22%|██▏       | 19/88 [00:05<00:19,  3.61it/s, loss=0.271]
  epoch 3/3:  23%|██▎       | 20/88 [00:05<00:18,  3.62it/s, loss=0.271]
  epoch 3/3:  23%|██▎       | 20/88 [00:06<00:18,  3.62it/s, loss=0.273]
  epoch 3/3:  24%|██▍       | 21/88 [00:06<00:18,  3.62it/s, loss=0.273]
  epoch 3/3:  24%|██▍       | 21/88 [00:06<00:18,  3.62it/s, loss=0.273]
  epoch 3/3:  25%|██▌       | 22/88 [00:06<00:18,  3.64it/s, loss=0.273]
  epoch 3/3:  25%|██▌       | 22/88 [00:06<00:18,  3.64it/s, loss=0.278]
  epoch 3/3:  26%|██▌       | 23/88 [00:06<00:17,  3.63it/s, loss=0.278]
  epoch 3/3:  26%|██▌       | 23/88 [00:06<00:17,  3.63it/s, loss=0.278]
  epoch 3/3:  27%|██▋       | 24/88 [00:06<00:17,  3.63it/s, loss=0.278]
  epoch 3/3:  27%|██▋       | 24/88 [00:07<00:17,  3.63it/s, loss=0.278]
  epoch 3/3:  28%|██▊       | 25/88 [00:07<00:17,  3.63it/s, loss=0.278]
  epoch 3/3:  28%|██▊       | 25/88 [00:07<00:17,  3.63it/s, loss=0.279]
  epoch 3/3:  30%|██▉       | 26/88 [00:07<00:17,  3.61it/s, loss=0.279]
  epoch 3/3:  30%|██▉       | 26/88 [00:07<00:17,  3.61it/s, loss=0.277]
  epoch 3/3:  31%|███       | 27/88 [00:07<00:16,  3.63it/s, loss=0.277]
  epoch 3/3:  31%|███       | 27/88 [00:08<00:16,  3.63it/s, loss=0.275]
  epoch 3/3:  32%|███▏      | 28/88 [00:08<00:16,  3.61it/s, loss=0.275]
  epoch 3/3:  32%|███▏      | 28/88 [00:08<00:16,  3.61it/s, loss=0.277]
  epoch 3/3:  33%|███▎      | 29/88 [00:08<00:16,  3.61it/s, loss=0.277]
  epoch 3/3:  33%|███▎      | 29/88 [00:08<00:16,  3.61it/s, loss=0.275]
  epoch 3/3:  34%|███▍      | 30/88 [00:08<00:15,  3.63it/s, loss=0.275]
  epoch 3/3:  34%|███▍      | 30/88 [00:08<00:15,  3.63it/s, loss=0.278]
  epoch 3/3:  35%|███▌      | 31/88 [00:08<00:15,  3.62it/s, loss=0.278]
  epoch 3/3:  35%|███▌      | 31/88 [00:09<00:15,  3.62it/s, loss=0.272]
  epoch 3/3:  36%|███▋      | 32/88 [00:09<00:15,  3.58it/s, loss=0.272]
  epoch 3/3:  36%|███▋      | 32/88 [00:09<00:15,  3.58it/s, loss=0.271]
  epoch 3/3:  38%|███▊      | 33/88 [00:09<00:15,  3.58it/s, loss=0.271]
  epoch 3/3:  38%|███▊      | 33/88 [00:09<00:15,  3.58it/s, loss=0.272]
  epoch 3/3:  39%|███▊      | 34/88 [00:09<00:14,  3.61it/s, loss=0.272]
  epoch 3/3:  39%|███▊      | 34/88 [00:09<00:14,  3.61it/s, loss=0.270]
  epoch 3/3:  40%|███▉      | 35/88 [00:09<00:14,  3.59it/s, loss=0.270]
  epoch 3/3:  40%|███▉      | 35/88 [00:10<00:14,  3.59it/s, loss=0.271]
  epoch 3/3:  41%|████      | 36/88 [00:10<00:14,  3.59it/s, loss=0.271]
  epoch 3/3:  41%|████      | 36/88 [00:10<00:14,  3.59it/s, loss=0.269]
  epoch 3/3:  42%|████▏     | 37/88 [00:10<00:14,  3.59it/s, loss=0.269]
  epoch 3/3:  42%|████▏     | 37/88 [00:10<00:14,  3.59it/s, loss=0.268]
  epoch 3/3:  43%|████▎     | 38/88 [00:10<00:13,  3.60it/s, loss=0.268]
  epoch 3/3:  43%|████▎     | 38/88 [00:11<00:13,  3.60it/s, loss=0.268]
  epoch 3/3:  44%|████▍     | 39/88 [00:11<00:13,  3.61it/s, loss=0.268]
  epoch 3/3:  44%|████▍     | 39/88 [00:11<00:13,  3.61it/s, loss=0.268]
  epoch 3/3:  45%|████▌     | 40/88 [00:11<00:13,  3.63it/s, loss=0.268]
  epoch 3/3:  45%|████▌     | 40/88 [00:11<00:13,  3.63it/s, loss=0.268]
  epoch 3/3:  47%|████▋     | 41/88 [00:11<00:12,  3.63it/s, loss=0.268]
  epoch 3/3:  47%|████▋     | 41/88 [00:11<00:12,  3.63it/s, loss=0.268]
  epoch 3/3:  48%|████▊     | 42/88 [00:11<00:12,  3.64it/s, loss=0.268]
  epoch 3/3:  48%|████▊     | 42/88 [00:12<00:12,  3.64it/s, loss=0.266]
  epoch 3/3:  49%|████▉     | 43/88 [00:12<00:12,  3.63it/s, loss=0.266]
  epoch 3/3:  49%|████▉     | 43/88 [00:12<00:12,  3.63it/s, loss=0.266]
  epoch 3/3:  50%|█████     | 44/88 [00:12<00:12,  3.61it/s, loss=0.266]
  epoch 3/3:  50%|█████     | 44/88 [00:12<00:12,  3.61it/s, loss=0.265]
  epoch 3/3:  51%|█████     | 45/88 [00:12<00:11,  3.63it/s, loss=0.265]
  epoch 3/3:  51%|█████     | 45/88 [00:13<00:11,  3.63it/s, loss=0.263]
  epoch 3/3:  52%|█████▏    | 46/88 [00:13<00:11,  3.62it/s, loss=0.263]
  epoch 3/3:  52%|█████▏    | 46/88 [00:13<00:11,  3.62it/s, loss=0.264]
  epoch 3/3:  53%|█████▎    | 47/88 [00:13<00:11,  3.61it/s, loss=0.264]
  epoch 3/3:  53%|█████▎    | 47/88 [00:13<00:11,  3.61it/s, loss=0.264]
  epoch 3/3:  55%|█████▍    | 48/88 [00:13<00:11,  3.58it/s, loss=0.264]
  epoch 3/3:  55%|█████▍    | 48/88 [00:13<00:11,  3.58it/s, loss=0.262]
  epoch 3/3:  56%|█████▌    | 49/88 [00:13<00:10,  3.60it/s, loss=0.262]
  epoch 3/3:  56%|█████▌    | 49/88 [00:14<00:10,  3.60it/s, loss=0.264]
  epoch 3/3:  57%|█████▋    | 50/88 [00:14<00:10,  3.60it/s, loss=0.264]
  epoch 3/3:  57%|█████▋    | 50/88 [00:14<00:10,  3.60it/s, loss=0.262]
  epoch 3/3:  58%|█████▊    | 51/88 [00:14<00:10,  3.60it/s, loss=0.262]
  epoch 3/3:  58%|█████▊    | 51/88 [00:14<00:10,  3.60it/s, loss=0.260]
  epoch 3/3:  59%|█████▉    | 52/88 [00:14<00:09,  3.61it/s, loss=0.260]
  epoch 3/3:  59%|█████▉    | 52/88 [00:14<00:09,  3.61it/s, loss=0.259]
  epoch 3/3:  60%|██████    | 53/88 [00:14<00:09,  3.60it/s, loss=0.259]
  epoch 3/3:  60%|██████    | 53/88 [00:15<00:09,  3.60it/s, loss=0.258]
  epoch 3/3:  61%|██████▏   | 54/88 [00:15<00:09,  3.60it/s, loss=0.258]
  epoch 3/3:  61%|██████▏   | 54/88 [00:15<00:09,  3.60it/s, loss=0.258]
  epoch 3/3:  62%|██████▎   | 55/88 [00:15<00:09,  3.62it/s, loss=0.258]
  epoch 3/3:  62%|██████▎   | 55/88 [00:15<00:09,  3.62it/s, loss=0.257]
  epoch 3/3:  64%|██████▎   | 56/88 [00:15<00:08,  3.61it/s, loss=0.257]
  epoch 3/3:  64%|██████▎   | 56/88 [00:16<00:08,  3.61it/s, loss=0.260]
  epoch 3/3:  65%|██████▍   | 57/88 [00:16<00:08,  3.61it/s, loss=0.260]
  epoch 3/3:  65%|██████▍   | 57/88 [00:16<00:08,  3.61it/s, loss=0.260]
  epoch 3/3:  66%|██████▌   | 58/88 [00:16<00:08,  3.63it/s, loss=0.260]
  epoch 3/3:  66%|██████▌   | 58/88 [00:16<00:08,  3.63it/s, loss=0.260]
  epoch 3/3:  67%|██████▋   | 59/88 [00:16<00:08,  3.61it/s, loss=0.260]
  epoch 3/3:  67%|██████▋   | 59/88 [00:16<00:08,  3.61it/s, loss=0.259]
  epoch 3/3:  68%|██████▊   | 60/88 [00:16<00:07,  3.60it/s, loss=0.259]
  epoch 3/3:  68%|██████▊   | 60/88 [00:17<00:07,  3.60it/s, loss=0.260]
  epoch 3/3:  69%|██████▉   | 61/88 [00:17<00:07,  3.63it/s, loss=0.260]
  epoch 3/3:  69%|██████▉   | 61/88 [00:17<00:07,  3.63it/s, loss=0.258]
  epoch 3/3:  70%|███████   | 62/88 [00:17<00:07,  3.61it/s, loss=0.258]
  epoch 3/3:  70%|███████   | 62/88 [00:17<00:07,  3.61it/s, loss=0.257]
  epoch 3/3:  72%|███████▏  | 63/88 [00:17<00:06,  3.60it/s, loss=0.257]
  epoch 3/3:  72%|███████▏  | 63/88 [00:18<00:06,  3.60it/s, loss=0.256]
  epoch 3/3:  73%|███████▎  | 64/88 [00:18<00:06,  3.55it/s, loss=0.256]
  epoch 3/3:  73%|███████▎  | 64/88 [00:18<00:06,  3.55it/s, loss=0.254]
  epoch 3/3:  74%|███████▍  | 65/88 [00:18<00:06,  3.58it/s, loss=0.254]
  epoch 3/3:  74%|███████▍  | 65/88 [00:18<00:06,  3.58it/s, loss=0.254]
  epoch 3/3:  75%|███████▌  | 66/88 [00:18<00:06,  3.59it/s, loss=0.254]
  epoch 3/3:  75%|███████▌  | 66/88 [00:18<00:06,  3.59it/s, loss=0.255]
  epoch 3/3:  76%|███████▌  | 67/88 [00:18<00:05,  3.59it/s, loss=0.255]
  epoch 3/3:  76%|███████▌  | 67/88 [00:19<00:05,  3.59it/s, loss=0.253]
  epoch 3/3:  77%|███████▋  | 68/88 [00:19<00:05,  3.60it/s, loss=0.253]
  epoch 3/3:  77%|███████▋  | 68/88 [00:19<00:05,  3.60it/s, loss=0.254]
  epoch 3/3:  78%|███████▊  | 69/88 [00:19<00:05,  3.62it/s, loss=0.254]
  epoch 3/3:  78%|███████▊  | 69/88 [00:19<00:05,  3.62it/s, loss=0.254]
  epoch 3/3:  80%|███████▉  | 70/88 [00:19<00:05,  3.60it/s, loss=0.254]
  epoch 3/3:  80%|███████▉  | 70/88 [00:19<00:05,  3.60it/s, loss=0.254]
  epoch 3/3:  81%|████████  | 71/88 [00:19<00:04,  3.60it/s, loss=0.254]
  epoch 3/3:  81%|████████  | 71/88 [00:20<00:04,  3.60it/s, loss=0.253]
  epoch 3/3:  82%|████████▏ | 72/88 [00:20<00:04,  3.62it/s, loss=0.253]
  epoch 3/3:  82%|████████▏ | 72/88 [00:20<00:04,  3.62it/s, loss=0.252]
  epoch 3/3:  83%|████████▎ | 73/88 [00:20<00:04,  3.61it/s, loss=0.252]
  epoch 3/3:  83%|████████▎ | 73/88 [00:20<00:04,  3.61it/s, loss=0.251]
  epoch 3/3:  84%|████████▍ | 74/88 [00:20<00:03,  3.61it/s, loss=0.251]
  epoch 3/3:  84%|████████▍ | 74/88 [00:21<00:03,  3.61it/s, loss=0.250]
  epoch 3/3:  85%|████████▌ | 75/88 [00:21<00:03,  3.63it/s, loss=0.250]
  epoch 3/3:  85%|████████▌ | 75/88 [00:21<00:03,  3.63it/s, loss=0.249]
  epoch 3/3:  86%|████████▋ | 76/88 [00:21<00:03,  3.62it/s, loss=0.249]
  epoch 3/3:  86%|████████▋ | 76/88 [00:21<00:03,  3.62it/s, loss=0.248]
  epoch 3/3:  88%|████████▊ | 77/88 [00:21<00:03,  3.60it/s, loss=0.248]
  epoch 3/3:  88%|████████▊ | 77/88 [00:21<00:03,  3.60it/s, loss=0.247]
  epoch 3/3:  89%|████████▊ | 78/88 [00:21<00:02,  3.63it/s, loss=0.247]
  epoch 3/3:  89%|████████▊ | 78/88 [00:22<00:02,  3.63it/s, loss=0.246]
  epoch 3/3:  90%|████████▉ | 79/88 [00:22<00:02,  3.63it/s, loss=0.246]
  epoch 3/3:  90%|████████▉ | 79/88 [00:22<00:02,  3.63it/s, loss=0.245]
  epoch 3/3:  91%|█████████ | 80/88 [00:22<00:02,  3.59it/s, loss=0.245]
  epoch 3/3:  91%|█████████ | 80/88 [00:22<00:02,  3.59it/s, loss=0.243]
  epoch 3/3:  92%|█████████▏| 81/88 [00:22<00:01,  3.62it/s, loss=0.243]
  epoch 3/3:  92%|█████████▏| 81/88 [00:22<00:01,  3.62it/s, loss=0.243]
  epoch 3/3:  93%|█████████▎| 82/88 [00:22<00:01,  3.60it/s, loss=0.243]
  epoch 3/3:  93%|█████████▎| 82/88 [00:23<00:01,  3.60it/s, loss=0.243]
  epoch 3/3:  94%|█████████▍| 83/88 [00:23<00:01,  3.60it/s, loss=0.243]
  epoch 3/3:  94%|█████████▍| 83/88 [00:23<00:01,  3.60it/s, loss=0.243]
  epoch 3/3:  95%|█████████▌| 84/88 [00:23<00:01,  3.62it/s, loss=0.243]
  epoch 3/3:  95%|█████████▌| 84/88 [00:23<00:01,  3.62it/s, loss=0.243]
  epoch 3/3:  97%|█████████▋| 85/88 [00:23<00:00,  3.61it/s, loss=0.243]
  epoch 3/3:  97%|█████████▋| 85/88 [00:24<00:00,  3.61it/s, loss=0.242]
  epoch 3/3:  98%|█████████▊| 86/88 [00:24<00:00,  3.61it/s, loss=0.242]
  epoch 3/3:  98%|█████████▊| 86/88 [00:24<00:00,  3.61it/s, loss=0.242]
  epoch 3/3:  99%|█████████▉| 87/88 [00:24<00:00,  3.62it/s, loss=0.242]
  epoch 3/3:  99%|█████████▉| 87/88 [00:24<00:00,  3.62it/s, loss=0.242]
  epoch 3/3: 100%|██████████| 88/88 [00:24<00:00,  3.95it/s, loss=0.242]
                                                                        
[titans] reset=never | norm(state) sau task = 82.3530
[titans]   self-mod v:β=1.08 |W|=2.84
[titans]   eta_t(avg)=18.4901  alpha_t/forget-gate(avg)=0.9999
[task 6] test acc so far: 0.951  0.837  0.820  0.814  0.760  0.329  0.226
[task 6] NCM-blend gamma=0: 0.820  0.717  0.734  0.749  0.777  0.757  0.729
[task 6] NCM-blend gamma=1: 0.803  0.634  0.766  0.729  0.811  0.757  0.794
[checkpoint] đã lưu tiến độ sau task 6
[task 7] classes=[2, 13, 16, 19, 40] | train=2800

  epoch 1/3:   0%|          | 0/88 [00:00<?, ?it/s]
  epoch 1/3:   0%|          | 0/88 [00:00<?, ?it/s, loss=1.715]
  epoch 1/3:   1%|          | 1/88 [00:00<00:48,  1.80it/s, loss=1.715]
  epoch 1/3:   1%|          | 1/88 [00:00<00:48,  1.80it/s, loss=1.720]
  epoch 1/3:   2%|▏         | 2/88 [00:00<00:33,  2.57it/s, loss=1.720]
  epoch 1/3:   2%|▏         | 2/88 [00:01<00:33,  2.57it/s, loss=1.697]
  epoch 1/3:   3%|▎         | 3/88 [00:01<00:28,  2.97it/s, loss=1.697]
  epoch 1/3:   3%|▎         | 3/88 [00:01<00:28,  2.97it/s, loss=1.702]
  epoch 1/3:   5%|▍         | 4/88 [00:01<00:26,  3.21it/s, loss=1.702]
  epoch 1/3:   5%|▍         | 4/88 [00:01<00:26,  3.21it/s, loss=1.695]
  epoch 1/3:   6%|▌         | 5/88 [00:01<00:24,  3.35it/s, loss=1.695]
  epoch 1/3:   6%|▌         | 5/88 [00:01<00:24,  3.35it/s, loss=1.689]
  epoch 1/3:   7%|▋         | 6/88 [00:01<00:23,  3.45it/s, loss=1.689]
  epoch 1/3:   7%|▋         | 6/88 [00:02<00:23,  3.45it/s, loss=1.684]
  epoch 1/3:   8%|▊         | 7/88 [00:02<00:23,  3.52it/s, loss=1.684]
  epoch 1/3:   8%|▊         | 7/88 [00:02<00:23,  3.52it/s, loss=1.675]
  epoch 1/3:   9%|▉         | 8/88 [00:02<00:22,  3.52it/s, loss=1.675]
  epoch 1/3:   9%|▉         | 8/88 [00:02<00:22,  3.52it/s, loss=1.661]
  epoch 1/3:  10%|█         | 9/88 [00:02<00:22,  3.55it/s, loss=1.661]
  epoch 1/3:  10%|█         | 9/88 [00:03<00:22,  3.55it/s, loss=1.638]
  epoch 1/3:  11%|█▏        | 10/88 [00:03<00:21,  3.58it/s, loss=1.638]
  epoch 1/3:  11%|█▏        | 10/88 [00:03<00:21,  3.58it/s, loss=1.637]
  epoch 1/3:  12%|█▎        | 11/88 [00:03<00:21,  3.61it/s, loss=1.637]
  epoch 1/3:  12%|█▎        | 11/88 [00:03<00:21,  3.61it/s, loss=1.619]
  epoch 1/3:  14%|█▎        | 12/88 [00:03<00:21,  3.62it/s, loss=1.619]
  epoch 1/3:  14%|█▎        | 12/88 [00:03<00:21,  3.62it/s, loss=1.603]
  epoch 1/3:  15%|█▍        | 13/88 [00:03<00:20,  3.63it/s, loss=1.603]
  epoch 1/3:  15%|█▍        | 13/88 [00:04<00:20,  3.63it/s, loss=1.588]
  epoch 1/3:  16%|█▌        | 14/88 [00:04<00:20,  3.63it/s, loss=1.588]
  epoch 1/3:  16%|█▌        | 14/88 [00:04<00:20,  3.63it/s, loss=1.576]
  epoch 1/3:  17%|█▋        | 15/88 [00:04<00:20,  3.65it/s, loss=1.576]
  epoch 1/3:  17%|█▋        | 15/88 [00:04<00:20,  3.65it/s, loss=1.570]
  epoch 1/3:  18%|█▊        | 16/88 [00:04<00:19,  3.64it/s, loss=1.570]
  epoch 1/3:  18%|█▊        | 16/88 [00:04<00:19,  3.64it/s, loss=1.559]
  epoch 1/3:  19%|█▉        | 17/88 [00:04<00:19,  3.65it/s, loss=1.559]
  epoch 1/3:  19%|█▉        | 17/88 [00:05<00:19,  3.65it/s, loss=1.554]
  epoch 1/3:  20%|██        | 18/88 [00:05<00:19,  3.64it/s, loss=1.554]
  epoch 1/3:  20%|██        | 18/88 [00:05<00:19,  3.64it/s, loss=1.545]
  epoch 1/3:  22%|██▏       | 19/88 [00:05<00:18,  3.65it/s, loss=1.545]
  epoch 1/3:  22%|██▏       | 19/88 [00:05<00:18,  3.65it/s, loss=1.535]
  epoch 1/3:  23%|██▎       | 20/88 [00:05<00:18,  3.65it/s, loss=1.535]
  epoch 1/3:  23%|██▎       | 20/88 [00:06<00:18,  3.65it/s, loss=1.528]
  epoch 1/3:  24%|██▍       | 21/88 [00:06<00:18,  3.65it/s, loss=1.528]
  epoch 1/3:  24%|██▍       | 21/88 [00:06<00:18,  3.65it/s, loss=1.523]
  epoch 1/3:  25%|██▌       | 22/88 [00:06<00:18,  3.64it/s, loss=1.523]
  epoch 1/3:  25%|██▌       | 22/88 [00:06<00:18,  3.64it/s, loss=1.513]
  epoch 1/3:  26%|██▌       | 23/88 [00:06<00:17,  3.66it/s, loss=1.513]
  epoch 1/3:  26%|██▌       | 23/88 [00:06<00:17,  3.66it/s, loss=1.504]
  epoch 1/3:  27%|██▋       | 24/88 [00:06<00:17,  3.61it/s, loss=1.504]
  epoch 1/3:  27%|██▋       | 24/88 [00:07<00:17,  3.61it/s, loss=1.497]
  epoch 1/3:  28%|██▊       | 25/88 [00:07<00:17,  3.62it/s, loss=1.497]
  epoch 1/3:  28%|██▊       | 25/88 [00:07<00:17,  3.62it/s, loss=1.491]
  epoch 1/3:  30%|██▉       | 26/88 [00:07<00:17,  3.63it/s, loss=1.491]
  epoch 1/3:  30%|██▉       | 26/88 [00:07<00:17,  3.63it/s, loss=1.480]
  epoch 1/3:  31%|███       | 27/88 [00:07<00:16,  3.63it/s, loss=1.480]
  epoch 1/3:  31%|███       | 27/88 [00:07<00:16,  3.63it/s, loss=1.470]
  epoch 1/3:  32%|███▏      | 28/88 [00:07<00:16,  3.64it/s, loss=1.470]
  epoch 1/3:  32%|███▏      | 28/88 [00:08<00:16,  3.64it/s, loss=1.462]
  epoch 1/3:  33%|███▎      | 29/88 [00:08<00:16,  3.64it/s, loss=1.462]
  epoch 1/3:  33%|███▎      | 29/88 [00:08<00:16,  3.64it/s, loss=1.453]
  epoch 1/3:  34%|███▍      | 30/88 [00:08<00:15,  3.65it/s, loss=1.453]
  epoch 1/3:  34%|███▍      | 30/88 [00:08<00:15,  3.65it/s, loss=1.444]
  epoch 1/3:  35%|███▌      | 31/88 [00:08<00:15,  3.64it/s, loss=1.444]
  epoch 1/3:  35%|███▌      | 31/88 [00:09<00:15,  3.64it/s, loss=1.438]
  epoch 1/3:  36%|███▋      | 32/88 [00:09<00:15,  3.66it/s, loss=1.438]
  epoch 1/3:  36%|███▋      | 32/88 [00:09<00:15,  3.66it/s, loss=1.431]
  epoch 1/3:  38%|███▊      | 33/88 [00:09<00:15,  3.66it/s, loss=1.431]
  epoch 1/3:  38%|███▊      | 33/88 [00:09<00:15,  3.66it/s, loss=1.422]
  epoch 1/3:  39%|███▊      | 34/88 [00:09<00:14,  3.65it/s, loss=1.422]
  epoch 1/3:  39%|███▊      | 34/88 [00:09<00:14,  3.65it/s, loss=1.415]
  epoch 1/3:  40%|███▉      | 35/88 [00:09<00:14,  3.64it/s, loss=1.415]
  epoch 1/3:  40%|███▉      | 35/88 [00:10<00:14,  3.64it/s, loss=1.404]
  epoch 1/3:  41%|████      | 36/88 [00:10<00:14,  3.66it/s, loss=1.404]
  epoch 1/3:  41%|████      | 36/88 [00:10<00:14,  3.66it/s, loss=1.394]
  epoch 1/3:  42%|████▏     | 37/88 [00:10<00:13,  3.65it/s, loss=1.394]
  epoch 1/3:  42%|████▏     | 37/88 [00:10<00:13,  3.65it/s, loss=1.385]
  epoch 1/3:  43%|████▎     | 38/88 [00:10<00:13,  3.65it/s, loss=1.385]
  epoch 1/3:  43%|████▎     | 38/88 [00:10<00:13,  3.65it/s, loss=1.375]
  epoch 1/3:  44%|████▍     | 39/88 [00:10<00:13,  3.64it/s, loss=1.375]
  epoch 1/3:  44%|████▍     | 39/88 [00:11<00:13,  3.64it/s, loss=1.370]
  epoch 1/3:  45%|████▌     | 40/88 [00:11<00:13,  3.61it/s, loss=1.370]
  epoch 1/3:  45%|████▌     | 40/88 [00:11<00:13,  3.61it/s, loss=1.363]
  epoch 1/3:  47%|████▋     | 41/88 [00:11<00:12,  3.63it/s, loss=1.363]
  epoch 1/3:  47%|████▋     | 41/88 [00:11<00:12,  3.63it/s, loss=1.355]
  epoch 1/3:  48%|████▊     | 42/88 [00:11<00:12,  3.63it/s, loss=1.355]
  epoch 1/3:  48%|████▊     | 42/88 [00:12<00:12,  3.63it/s, loss=1.346]
  epoch 1/3:  49%|████▉     | 43/88 [00:12<00:12,  3.64it/s, loss=1.346]
  epoch 1/3:  49%|████▉     | 43/88 [00:12<00:12,  3.64it/s, loss=1.340]
  epoch 1/3:  50%|█████     | 44/88 [00:12<00:12,  3.64it/s, loss=1.340]
  epoch 1/3:  50%|█████     | 44/88 [00:12<00:12,  3.64it/s, loss=1.332]
  epoch 1/3:  51%|█████     | 45/88 [00:12<00:11,  3.65it/s, loss=1.332]
  epoch 1/3:  51%|█████     | 45/88 [00:12<00:11,  3.65it/s, loss=1.326]
  epoch 1/3:  52%|█████▏    | 46/88 [00:12<00:11,  3.65it/s, loss=1.326]
  epoch 1/3:  52%|█████▏    | 46/88 [00:13<00:11,  3.65it/s, loss=1.319]
  epoch 1/3:  53%|█████▎    | 47/88 [00:13<00:11,  3.66it/s, loss=1.319]
  epoch 1/3:  53%|█████▎    | 47/88 [00:13<00:11,  3.66it/s, loss=1.309]
  epoch 1/3:  55%|█████▍    | 48/88 [00:13<00:10,  3.65it/s, loss=1.309]
  epoch 1/3:  55%|█████▍    | 48/88 [00:13<00:10,  3.65it/s, loss=1.303]
  epoch 1/3:  56%|█████▌    | 49/88 [00:13<00:10,  3.65it/s, loss=1.303]
  epoch 1/3:  56%|█████▌    | 49/88 [00:14<00:10,  3.65it/s, loss=1.296]
  epoch 1/3:  57%|█████▋    | 50/88 [00:14<00:10,  3.65it/s, loss=1.296]
  epoch 1/3:  57%|█████▋    | 50/88 [00:14<00:10,  3.65it/s, loss=1.290]
  epoch 1/3:  58%|█████▊    | 51/88 [00:14<00:10,  3.65it/s, loss=1.290]
  epoch 1/3:  58%|█████▊    | 51/88 [00:14<00:10,  3.65it/s, loss=1.284]
  epoch 1/3:  59%|█████▉    | 52/88 [00:14<00:09,  3.65it/s, loss=1.284]
  epoch 1/3:  59%|█████▉    | 52/88 [00:14<00:09,  3.65it/s, loss=1.279]
  epoch 1/3:  60%|██████    | 53/88 [00:14<00:09,  3.65it/s, loss=1.279]
  epoch 1/3:  60%|██████    | 53/88 [00:15<00:09,  3.65it/s, loss=1.274]
  epoch 1/3:  61%|██████▏   | 54/88 [00:15<00:09,  3.63it/s, loss=1.274]
  epoch 1/3:  61%|██████▏   | 54/88 [00:15<00:09,  3.63it/s, loss=1.270]
  epoch 1/3:  62%|██████▎   | 55/88 [00:15<00:09,  3.62it/s, loss=1.270]
  epoch 1/3:  62%|██████▎   | 55/88 [00:15<00:09,  3.62it/s, loss=1.264]
  epoch 1/3:  64%|██████▎   | 56/88 [00:15<00:08,  3.59it/s, loss=1.264]
  epoch 1/3:  64%|██████▎   | 56/88 [00:15<00:08,  3.59it/s, loss=1.258]
  epoch 1/3:  65%|██████▍   | 57/88 [00:15<00:08,  3.61it/s, loss=1.258]
  epoch 1/3:  65%|██████▍   | 57/88 [00:16<00:08,  3.61it/s, loss=1.250]
  epoch 1/3:  66%|██████▌   | 58/88 [00:16<00:08,  3.61it/s, loss=1.250]
  epoch 1/3:  66%|██████▌   | 58/88 [00:16<00:08,  3.61it/s, loss=1.243]
  epoch 1/3:  67%|██████▋   | 59/88 [00:16<00:07,  3.64it/s, loss=1.243]
  epoch 1/3:  67%|██████▋   | 59/88 [00:16<00:07,  3.64it/s, loss=1.236]
  epoch 1/3:  68%|██████▊   | 60/88 [00:16<00:07,  3.63it/s, loss=1.236]
  epoch 1/3:  68%|██████▊   | 60/88 [00:17<00:07,  3.63it/s, loss=1.230]
  epoch 1/3:  69%|██████▉   | 61/88 [00:17<00:07,  3.64it/s, loss=1.230]
  epoch 1/3:  69%|██████▉   | 61/88 [00:17<00:07,  3.64it/s, loss=1.223]
  epoch 1/3:  70%|███████   | 62/88 [00:17<00:07,  3.64it/s, loss=1.223]
  epoch 1/3:  70%|███████   | 62/88 [00:17<00:07,  3.64it/s, loss=1.216]
  epoch 1/3:  72%|███████▏  | 63/88 [00:17<00:06,  3.65it/s, loss=1.216]
  epoch 1/3:  72%|███████▏  | 63/88 [00:17<00:06,  3.65it/s, loss=1.209]
  epoch 1/3:  73%|███████▎  | 64/88 [00:17<00:06,  3.65it/s, loss=1.209]
  epoch 1/3:  73%|███████▎  | 64/88 [00:18<00:06,  3.65it/s, loss=1.201]
  epoch 1/3:  74%|███████▍  | 65/88 [00:18<00:06,  3.65it/s, loss=1.201]
  epoch 1/3:  74%|███████▍  | 65/88 [00:18<00:06,  3.65it/s, loss=1.196]
  epoch 1/3:  75%|███████▌  | 66/88 [00:18<00:06,  3.63it/s, loss=1.196]
  epoch 1/3:  75%|███████▌  | 66/88 [00:18<00:06,  3.63it/s, loss=1.188]
  epoch 1/3:  76%|███████▌  | 67/88 [00:18<00:05,  3.62it/s, loss=1.188]
  epoch 1/3:  76%|███████▌  | 67/88 [00:18<00:05,  3.62it/s, loss=1.181]
  epoch 1/3:  77%|███████▋  | 68/88 [00:18<00:05,  3.64it/s, loss=1.181]
  epoch 1/3:  77%|███████▋  | 68/88 [00:19<00:05,  3.64it/s, loss=1.175]
  epoch 1/3:  78%|███████▊  | 69/88 [00:19<00:05,  3.63it/s, loss=1.175]
  epoch 1/3:  78%|███████▊  | 69/88 [00:19<00:05,  3.63it/s, loss=1.169]
  epoch 1/3:  80%|███████▉  | 70/88 [00:19<00:04,  3.63it/s, loss=1.169]
  epoch 1/3:  80%|███████▉  | 70/88 [00:19<00:04,  3.63it/s, loss=1.163]
  epoch 1/3:  81%|████████  | 71/88 [00:19<00:04,  3.63it/s, loss=1.163]
  epoch 1/3:  81%|████████  | 71/88 [00:20<00:04,  3.63it/s, loss=1.158]
  epoch 1/3:  82%|████████▏ | 72/88 [00:20<00:04,  3.60it/s, loss=1.158]
  epoch 1/3:  82%|████████▏ | 72/88 [00:20<00:04,  3.60it/s, loss=1.151]
  epoch 1/3:  83%|████████▎ | 73/88 [00:20<00:04,  3.62it/s, loss=1.151]
  epoch 1/3:  83%|████████▎ | 73/88 [00:20<00:04,  3.62it/s, loss=1.147]
  epoch 1/3:  84%|████████▍ | 74/88 [00:20<00:03,  3.62it/s, loss=1.147]
  epoch 1/3:  84%|████████▍ | 74/88 [00:20<00:03,  3.62it/s, loss=1.139]
  epoch 1/3:  85%|████████▌ | 75/88 [00:20<00:03,  3.64it/s, loss=1.139]
  epoch 1/3:  85%|████████▌ | 75/88 [00:21<00:03,  3.64it/s, loss=1.132]
  epoch 1/3:  86%|████████▋ | 76/88 [00:21<00:03,  3.63it/s, loss=1.132]
  epoch 1/3:  86%|████████▋ | 76/88 [00:21<00:03,  3.63it/s, loss=1.126]
  epoch 1/3:  88%|████████▊ | 77/88 [00:21<00:03,  3.63it/s, loss=1.126]
  epoch 1/3:  88%|████████▊ | 77/88 [00:21<00:03,  3.63it/s, loss=1.121]
  epoch 1/3:  89%|████████▊ | 78/88 [00:21<00:02,  3.63it/s, loss=1.121]
  epoch 1/3:  89%|████████▊ | 78/88 [00:21<00:02,  3.63it/s, loss=1.115]
  epoch 1/3:  90%|████████▉ | 79/88 [00:21<00:02,  3.63it/s, loss=1.115]
  epoch 1/3:  90%|████████▉ | 79/88 [00:22<00:02,  3.63it/s, loss=1.110]
  epoch 1/3:  91%|█████████ | 80/88 [00:22<00:02,  3.64it/s, loss=1.110]
  epoch 1/3:  91%|█████████ | 80/88 [00:22<00:02,  3.64it/s, loss=1.105]
  epoch 1/3:  92%|█████████▏| 81/88 [00:22<00:01,  3.64it/s, loss=1.105]
  epoch 1/3:  92%|█████████▏| 81/88 [00:22<00:01,  3.64it/s, loss=1.099]
  epoch 1/3:  93%|█████████▎| 82/88 [00:22<00:01,  3.66it/s, loss=1.099]
  epoch 1/3:  93%|█████████▎| 82/88 [00:23<00:01,  3.66it/s, loss=1.094]
  epoch 1/3:  94%|█████████▍| 83/88 [00:23<00:01,  3.65it/s, loss=1.094]
  epoch 1/3:  94%|█████████▍| 83/88 [00:23<00:01,  3.65it/s, loss=1.089]
  epoch 1/3:  95%|█████████▌| 84/88 [00:23<00:01,  3.65it/s, loss=1.089]
  epoch 1/3:  95%|█████████▌| 84/88 [00:23<00:01,  3.65it/s, loss=1.082]
  epoch 1/3:  97%|█████████▋| 85/88 [00:23<00:00,  3.63it/s, loss=1.082]
  epoch 1/3:  97%|█████████▋| 85/88 [00:23<00:00,  3.63it/s, loss=1.078]
  epoch 1/3:  98%|█████████▊| 86/88 [00:23<00:00,  3.64it/s, loss=1.078]
  epoch 1/3:  98%|█████████▊| 86/88 [00:24<00:00,  3.64it/s, loss=1.072]
  epoch 1/3:  99%|█████████▉| 87/88 [00:24<00:00,  3.64it/s, loss=1.072]
  epoch 1/3:  99%|█████████▉| 87/88 [00:24<00:00,  3.64it/s, loss=1.069]
  epoch 1/3: 100%|██████████| 88/88 [00:24<00:00,  3.91it/s, loss=1.069]
                                                                        

  epoch 2/3:   0%|          | 0/88 [00:00<?, ?it/s]
  epoch 2/3:   0%|          | 0/88 [00:00<?, ?it/s, loss=0.492]
  epoch 2/3:   1%|          | 1/88 [00:00<00:48,  1.81it/s, loss=0.492]
  epoch 2/3:   1%|          | 1/88 [00:00<00:48,  1.81it/s, loss=0.514]
  epoch 2/3:   2%|▏         | 2/88 [00:00<00:33,  2.56it/s, loss=0.514]
  epoch 2/3:   2%|▏         | 2/88 [00:01<00:33,  2.56it/s, loss=0.526]
  epoch 2/3:   3%|▎         | 3/88 [00:01<00:28,  2.95it/s, loss=0.526]
  epoch 2/3:   3%|▎         | 3/88 [00:01<00:28,  2.95it/s, loss=0.525]
  epoch 2/3:   5%|▍         | 4/88 [00:01<00:26,  3.20it/s, loss=0.525]
  epoch 2/3:   5%|▍         | 4/88 [00:01<00:26,  3.20it/s, loss=0.535]
  epoch 2/3:   6%|▌         | 5/88 [00:01<00:24,  3.35it/s, loss=0.535]
  epoch 2/3:   6%|▌         | 5/88 [00:01<00:24,  3.35it/s, loss=0.531]
  epoch 2/3:   7%|▋         | 6/88 [00:01<00:23,  3.44it/s, loss=0.531]
  epoch 2/3:   7%|▋         | 6/88 [00:02<00:23,  3.44it/s, loss=0.534]
  epoch 2/3:   8%|▊         | 7/88 [00:02<00:23,  3.50it/s, loss=0.534]
  epoch 2/3:   8%|▊         | 7/88 [00:02<00:23,  3.50it/s, loss=0.544]
  epoch 2/3:   9%|▉         | 8/88 [00:02<00:22,  3.55it/s, loss=0.544]
  epoch 2/3:   9%|▉         | 8/88 [00:02<00:22,  3.55it/s, loss=0.544]
  epoch 2/3:  10%|█         | 9/88 [00:02<00:22,  3.58it/s, loss=0.544]
  epoch 2/3:  10%|█         | 9/88 [00:03<00:22,  3.58it/s, loss=0.538]
  epoch 2/3:  11%|█▏        | 10/88 [00:03<00:21,  3.62it/s, loss=0.538]
  epoch 2/3:  11%|█▏        | 10/88 [00:03<00:21,  3.62it/s, loss=0.542]
  epoch 2/3:  12%|█▎        | 11/88 [00:03<00:21,  3.62it/s, loss=0.542]
  epoch 2/3:  12%|█▎        | 11/88 [00:03<00:21,  3.62it/s, loss=0.544]
  epoch 2/3:  14%|█▎        | 12/88 [00:03<00:20,  3.63it/s, loss=0.544]
  epoch 2/3:  14%|█▎        | 12/88 [00:03<00:20,  3.63it/s, loss=0.544]
  epoch 2/3:  15%|█▍        | 13/88 [00:03<00:20,  3.63it/s, loss=0.544]
  epoch 2/3:  15%|█▍        | 13/88 [00:04<00:20,  3.63it/s, loss=0.544]
  epoch 2/3:  16%|█▌        | 14/88 [00:04<00:20,  3.65it/s, loss=0.544]
  epoch 2/3:  16%|█▌        | 14/88 [00:04<00:20,  3.65it/s, loss=0.540]
  epoch 2/3:  17%|█▋        | 15/88 [00:04<00:20,  3.64it/s, loss=0.540]
  epoch 2/3:  17%|█▋        | 15/88 [00:04<00:20,  3.64it/s, loss=0.547]
  epoch 2/3:  18%|█▊        | 16/88 [00:04<00:19,  3.61it/s, loss=0.547]
  epoch 2/3:  18%|█▊        | 16/88 [00:04<00:19,  3.61it/s, loss=0.541]
  epoch 2/3:  19%|█▉        | 17/88 [00:04<00:19,  3.63it/s, loss=0.541]
  epoch 2/3:  19%|█▉        | 17/88 [00:05<00:19,  3.63it/s, loss=0.543]
  epoch 2/3:  20%|██        | 18/88 [00:05<00:19,  3.62it/s, loss=0.543]
  epoch 2/3:  20%|██        | 18/88 [00:05<00:19,  3.62it/s, loss=0.540]
  epoch 2/3:  22%|██▏       | 19/88 [00:05<00:18,  3.63it/s, loss=0.540]
  epoch 2/3:  22%|██▏       | 19/88 [00:05<00:18,  3.63it/s, loss=0.535]
  epoch 2/3:  23%|██▎       | 20/88 [00:05<00:18,  3.62it/s, loss=0.535]
  epoch 2/3:  23%|██▎       | 20/88 [00:06<00:18,  3.62it/s, loss=0.529]
  epoch 2/3:  24%|██▍       | 21/88 [00:06<00:18,  3.62it/s, loss=0.529]
  epoch 2/3:  24%|██▍       | 21/88 [00:06<00:18,  3.62it/s, loss=0.524]
  epoch 2/3:  25%|██▌       | 22/88 [00:06<00:18,  3.64it/s, loss=0.524]
  epoch 2/3:  25%|██▌       | 22/88 [00:06<00:18,  3.64it/s, loss=0.518]
  epoch 2/3:  26%|██▌       | 23/88 [00:06<00:17,  3.63it/s, loss=0.518]
  epoch 2/3:  26%|██▌       | 23/88 [00:06<00:17,  3.63it/s, loss=0.521]
  epoch 2/3:  27%|██▋       | 24/88 [00:06<00:17,  3.64it/s, loss=0.521]
  epoch 2/3:  27%|██▋       | 24/88 [00:07<00:17,  3.64it/s, loss=0.522]
  epoch 2/3:  28%|██▊       | 25/88 [00:07<00:17,  3.65it/s, loss=0.522]
  epoch 2/3:  28%|██▊       | 25/88 [00:07<00:17,  3.65it/s, loss=0.524]
  epoch 2/3:  30%|██▉       | 26/88 [00:07<00:16,  3.65it/s, loss=0.524]
  epoch 2/3:  30%|██▉       | 26/88 [00:07<00:16,  3.65it/s, loss=0.518]
  epoch 2/3:  31%|███       | 27/88 [00:07<00:16,  3.64it/s, loss=0.518]
  epoch 2/3:  31%|███       | 27/88 [00:07<00:16,  3.64it/s, loss=0.518]
  epoch 2/3:  32%|███▏      | 28/88 [00:07<00:16,  3.65it/s, loss=0.518]
  epoch 2/3:  32%|███▏      | 28/88 [00:08<00:16,  3.65it/s, loss=0.515]
  epoch 2/3:  33%|███▎      | 29/88 [00:08<00:16,  3.63it/s, loss=0.515]
  epoch 2/3:  33%|███▎      | 29/88 [00:08<00:16,  3.63it/s, loss=0.508]
  epoch 2/3:  34%|███▍      | 30/88 [00:08<00:15,  3.63it/s, loss=0.508]
  epoch 2/3:  34%|███▍      | 30/88 [00:08<00:15,  3.63it/s, loss=0.508]
  epoch 2/3:  35%|███▌      | 31/88 [00:08<00:15,  3.64it/s, loss=0.508]
  epoch 2/3:  35%|███▌      | 31/88 [00:09<00:15,  3.64it/s, loss=0.507]
  epoch 2/3:  36%|███▋      | 32/88 [00:09<00:15,  3.59it/s, loss=0.507]
  epoch 2/3:  36%|███▋      | 32/88 [00:09<00:15,  3.59it/s, loss=0.504]
  epoch 2/3:  38%|███▊      | 33/88 [00:09<00:15,  3.61it/s, loss=0.504]
  epoch 2/3:  38%|███▊      | 33/88 [00:09<00:15,  3.61it/s, loss=0.497]
  epoch 2/3:  39%|███▊      | 34/88 [00:09<00:14,  3.64it/s, loss=0.497]
  epoch 2/3:  39%|███▊      | 34/88 [00:09<00:14,  3.64it/s, loss=0.495]
  epoch 2/3:  40%|███▉      | 35/88 [00:09<00:14,  3.65it/s, loss=0.495]
  epoch 2/3:  40%|███▉      | 35/88 [00:10<00:14,  3.65it/s, loss=0.494]
  epoch 2/3:  41%|████      | 36/88 [00:10<00:14,  3.65it/s, loss=0.494]
  epoch 2/3:  41%|████      | 36/88 [00:10<00:14,  3.65it/s, loss=0.493]
  epoch 2/3:  42%|████▏     | 37/88 [00:10<00:13,  3.64it/s, loss=0.493]
  epoch 2/3:  42%|████▏     | 37/88 [00:10<00:13,  3.64it/s, loss=0.493]
  epoch 2/3:  43%|████▎     | 38/88 [00:10<00:13,  3.65it/s, loss=0.493]
  epoch 2/3:  43%|████▎     | 38/88 [00:10<00:13,  3.65it/s, loss=0.490]
  epoch 2/3:  44%|████▍     | 39/88 [00:10<00:13,  3.65it/s, loss=0.490]
  epoch 2/3:  44%|████▍     | 39/88 [00:11<00:13,  3.65it/s, loss=0.487]
  epoch 2/3:  45%|████▌     | 40/88 [00:11<00:13,  3.66it/s, loss=0.487]
  epoch 2/3:  45%|████▌     | 40/88 [00:11<00:13,  3.66it/s, loss=0.484]
  epoch 2/3:  47%|████▋     | 41/88 [00:11<00:12,  3.66it/s, loss=0.484]
  epoch 2/3:  47%|████▋     | 41/88 [00:11<00:12,  3.66it/s, loss=0.484]
  epoch 2/3:  48%|████▊     | 42/88 [00:11<00:12,  3.66it/s, loss=0.484]
  epoch 2/3:  48%|████▊     | 42/88 [00:12<00:12,  3.66it/s, loss=0.483]
  epoch 2/3:  49%|████▉     | 43/88 [00:12<00:12,  3.65it/s, loss=0.483]
  epoch 2/3:  49%|████▉     | 43/88 [00:12<00:12,  3.65it/s, loss=0.481]
  epoch 2/3:  50%|█████     | 44/88 [00:12<00:12,  3.66it/s, loss=0.481]
  epoch 2/3:  50%|█████     | 44/88 [00:12<00:12,  3.66it/s, loss=0.480]
  epoch 2/3:  51%|█████     | 45/88 [00:12<00:11,  3.66it/s, loss=0.480]
  epoch 2/3:  51%|█████     | 45/88 [00:12<00:11,  3.66it/s, loss=0.477]
  epoch 2/3:  52%|█████▏    | 46/88 [00:12<00:11,  3.65it/s, loss=0.477]
  epoch 2/3:  52%|█████▏    | 46/88 [00:13<00:11,  3.65it/s, loss=0.476]
  epoch 2/3:  53%|█████▎    | 47/88 [00:13<00:11,  3.65it/s, loss=0.476]
  epoch 2/3:  53%|█████▎    | 47/88 [00:13<00:11,  3.65it/s, loss=0.471]
  epoch 2/3:  55%|█████▍    | 48/88 [00:13<00:11,  3.61it/s, loss=0.471]
  epoch 2/3:  55%|█████▍    | 48/88 [00:13<00:11,  3.61it/s, loss=0.471]
  epoch 2/3:  56%|█████▌    | 49/88 [00:13<00:10,  3.63it/s, loss=0.471]
  epoch 2/3:  56%|█████▌    | 49/88 [00:14<00:10,  3.63it/s, loss=0.471]
  epoch 2/3:  57%|█████▋    | 50/88 [00:14<00:10,  3.62it/s, loss=0.471]
  epoch 2/3:  57%|█████▋    | 50/88 [00:14<00:10,  3.62it/s, loss=0.472]
  epoch 2/3:  58%|█████▊    | 51/88 [00:14<00:10,  3.61it/s, loss=0.472]
  epoch 2/3:  58%|█████▊    | 51/88 [00:14<00:10,  3.61it/s, loss=0.470]
  epoch 2/3:  59%|█████▉    | 52/88 [00:14<00:09,  3.62it/s, loss=0.470]
  epoch 2/3:  59%|█████▉    | 52/88 [00:14<00:09,  3.62it/s, loss=0.469]
  epoch 2/3:  60%|██████    | 53/88 [00:14<00:09,  3.63it/s, loss=0.469]
  epoch 2/3:  60%|██████    | 53/88 [00:15<00:09,  3.63it/s, loss=0.468]
  epoch 2/3:  61%|██████▏   | 54/88 [00:15<00:09,  3.64it/s, loss=0.468]
  epoch 2/3:  61%|██████▏   | 54/88 [00:15<00:09,  3.64it/s, loss=0.465]
  epoch 2/3:  62%|██████▎   | 55/88 [00:15<00:09,  3.64it/s, loss=0.465]
  epoch 2/3:  62%|██████▎   | 55/88 [00:15<00:09,  3.64it/s, loss=0.466]
  epoch 2/3:  64%|██████▎   | 56/88 [00:15<00:08,  3.65it/s, loss=0.466]
  epoch 2/3:  64%|██████▎   | 56/88 [00:15<00:08,  3.65it/s, loss=0.464]
  epoch 2/3:  65%|██████▍   | 57/88 [00:15<00:08,  3.63it/s, loss=0.464]
  epoch 2/3:  65%|██████▍   | 57/88 [00:16<00:08,  3.63it/s, loss=0.459]
  epoch 2/3:  66%|██████▌   | 58/88 [00:16<00:08,  3.63it/s, loss=0.459]
  epoch 2/3:  66%|██████▌   | 58/88 [00:16<00:08,  3.63it/s, loss=0.459]
  epoch 2/3:  67%|██████▋   | 59/88 [00:16<00:07,  3.64it/s, loss=0.459]
  epoch 2/3:  67%|██████▋   | 59/88 [00:16<00:07,  3.64it/s, loss=0.457]
  epoch 2/3:  68%|██████▊   | 60/88 [00:16<00:07,  3.64it/s, loss=0.457]
  epoch 2/3:  68%|██████▊   | 60/88 [00:17<00:07,  3.64it/s, loss=0.455]
  epoch 2/3:  69%|██████▉   | 61/88 [00:17<00:07,  3.65it/s, loss=0.455]
  epoch 2/3:  69%|██████▉   | 61/88 [00:17<00:07,  3.65it/s, loss=0.454]
  epoch 2/3:  70%|███████   | 62/88 [00:17<00:07,  3.64it/s, loss=0.454]
  epoch 2/3:  70%|███████   | 62/88 [00:17<00:07,  3.64it/s, loss=0.450]
  epoch 2/3:  72%|███████▏  | 63/88 [00:17<00:06,  3.65it/s, loss=0.450]
  epoch 2/3:  72%|███████▏  | 63/88 [00:17<00:06,  3.65it/s, loss=0.452]
  epoch 2/3:  73%|███████▎  | 64/88 [00:17<00:06,  3.60it/s, loss=0.452]
  epoch 2/3:  73%|███████▎  | 64/88 [00:18<00:06,  3.60it/s, loss=0.451]
  epoch 2/3:  74%|███████▍  | 65/88 [00:18<00:06,  3.62it/s, loss=0.451]
  epoch 2/3:  74%|███████▍  | 65/88 [00:18<00:06,  3.62it/s, loss=0.448]
  epoch 2/3:  75%|███████▌  | 66/88 [00:18<00:06,  3.64it/s, loss=0.448]
  epoch 2/3:  75%|███████▌  | 66/88 [00:18<00:06,  3.64it/s, loss=0.444]
  epoch 2/3:  76%|███████▌  | 67/88 [00:18<00:05,  3.62it/s, loss=0.444]
  epoch 2/3:  76%|███████▌  | 67/88 [00:18<00:05,  3.62it/s, loss=0.445]
  epoch 2/3:  77%|███████▋  | 68/88 [00:18<00:05,  3.63it/s, loss=0.445]
  epoch 2/3:  77%|███████▋  | 68/88 [00:19<00:05,  3.63it/s, loss=0.442]
  epoch 2/3:  78%|███████▊  | 69/88 [00:19<00:05,  3.63it/s, loss=0.442]
  epoch 2/3:  78%|███████▊  | 69/88 [00:19<00:05,  3.63it/s, loss=0.439]
  epoch 2/3:  80%|███████▉  | 70/88 [00:19<00:04,  3.63it/s, loss=0.439]
  epoch 2/3:  80%|███████▉  | 70/88 [00:19<00:04,  3.63it/s, loss=0.438]
  epoch 2/3:  81%|████████  | 71/88 [00:19<00:04,  3.64it/s, loss=0.438]
  epoch 2/3:  81%|████████  | 71/88 [00:20<00:04,  3.64it/s, loss=0.437]
  epoch 2/3:  82%|████████▏ | 72/88 [00:20<00:04,  3.64it/s, loss=0.437]
  epoch 2/3:  82%|████████▏ | 72/88 [00:20<00:04,  3.64it/s, loss=0.436]
  epoch 2/3:  83%|████████▎ | 73/88 [00:20<00:04,  3.66it/s, loss=0.436]
  epoch 2/3:  83%|████████▎ | 73/88 [00:20<00:04,  3.66it/s, loss=0.434]
  epoch 2/3:  84%|████████▍ | 74/88 [00:20<00:03,  3.65it/s, loss=0.434]
  epoch 2/3:  84%|████████▍ | 74/88 [00:20<00:03,  3.65it/s, loss=0.431]
  epoch 2/3:  85%|████████▌ | 75/88 [00:20<00:03,  3.66it/s, loss=0.431]
  epoch 2/3:  85%|████████▌ | 75/88 [00:21<00:03,  3.66it/s, loss=0.430]
  epoch 2/3:  86%|████████▋ | 76/88 [00:21<00:03,  3.65it/s, loss=0.430]
  epoch 2/3:  86%|████████▋ | 76/88 [00:21<00:03,  3.65it/s, loss=0.427]
  epoch 2/3:  88%|████████▊ | 77/88 [00:21<00:03,  3.66it/s, loss=0.427]
  epoch 2/3:  88%|████████▊ | 77/88 [00:21<00:03,  3.66it/s, loss=0.425]
  epoch 2/3:  89%|████████▊ | 78/88 [00:21<00:02,  3.65it/s, loss=0.425]
  epoch 2/3:  89%|████████▊ | 78/88 [00:21<00:02,  3.65it/s, loss=0.423]
  epoch 2/3:  90%|████████▉ | 79/88 [00:21<00:02,  3.66it/s, loss=0.423]
  epoch 2/3:  90%|████████▉ | 79/88 [00:22<00:02,  3.66it/s, loss=0.421]
  epoch 2/3:  91%|█████████ | 80/88 [00:22<00:02,  3.59it/s, loss=0.421]
  epoch 2/3:  91%|█████████ | 80/88 [00:22<00:02,  3.59it/s, loss=0.419]
  epoch 2/3:  92%|█████████▏| 81/88 [00:22<00:01,  3.60it/s, loss=0.419]
  epoch 2/3:  92%|█████████▏| 81/88 [00:22<00:01,  3.60it/s, loss=0.418]
  epoch 2/3:  93%|█████████▎| 82/88 [00:22<00:01,  3.62it/s, loss=0.418]
  epoch 2/3:  93%|█████████▎| 82/88 [00:23<00:01,  3.62it/s, loss=0.417]
  epoch 2/3:  94%|█████████▍| 83/88 [00:23<00:01,  3.62it/s, loss=0.417]
  epoch 2/3:  94%|█████████▍| 83/88 [00:23<00:01,  3.62it/s, loss=0.415]
  epoch 2/3:  95%|█████████▌| 84/88 [00:23<00:01,  3.62it/s, loss=0.415]
  epoch 2/3:  95%|█████████▌| 84/88 [00:23<00:01,  3.62it/s, loss=0.413]
  epoch 2/3:  97%|█████████▋| 85/88 [00:23<00:00,  3.64it/s, loss=0.413]
  epoch 2/3:  97%|█████████▋| 85/88 [00:23<00:00,  3.64it/s, loss=0.414]
  epoch 2/3:  98%|█████████▊| 86/88 [00:23<00:00,  3.62it/s, loss=0.414]
  epoch 2/3:  98%|█████████▊| 86/88 [00:24<00:00,  3.62it/s, loss=0.412]
  epoch 2/3:  99%|█████████▉| 87/88 [00:24<00:00,  3.62it/s, loss=0.412]
  epoch 2/3:  99%|█████████▉| 87/88 [00:24<00:00,  3.62it/s, loss=0.412]
  epoch 2/3: 100%|██████████| 88/88 [00:24<00:00,  3.95it/s, loss=0.412]
                                                                        

  epoch 3/3:   0%|          | 0/88 [00:00<?, ?it/s]
  epoch 3/3:   0%|          | 0/88 [00:00<?, ?it/s, loss=0.257]
  epoch 3/3:   1%|          | 1/88 [00:00<00:47,  1.83it/s, loss=0.257]
  epoch 3/3:   1%|          | 1/88 [00:00<00:47,  1.83it/s, loss=0.255]
  epoch 3/3:   2%|▏         | 2/88 [00:00<00:33,  2.57it/s, loss=0.255]
  epoch 3/3:   2%|▏         | 2/88 [00:01<00:33,  2.57it/s, loss=0.250]
  epoch 3/3:   3%|▎         | 3/88 [00:01<00:28,  2.96it/s, loss=0.250]
  epoch 3/3:   3%|▎         | 3/88 [00:01<00:28,  2.96it/s, loss=0.277]
  epoch 3/3:   5%|▍         | 4/88 [00:01<00:26,  3.20it/s, loss=0.277]
  epoch 3/3:   5%|▍         | 4/88 [00:01<00:26,  3.20it/s, loss=0.262]
  epoch 3/3:   6%|▌         | 5/88 [00:01<00:24,  3.34it/s, loss=0.262]
  epoch 3/3:   6%|▌         | 5/88 [00:01<00:24,  3.34it/s, loss=0.266]
  epoch 3/3:   7%|▋         | 6/88 [00:01<00:23,  3.45it/s, loss=0.266]
  epoch 3/3:   7%|▋         | 6/88 [00:02<00:23,  3.45it/s, loss=0.269]
  epoch 3/3:   8%|▊         | 7/88 [00:02<00:23,  3.49it/s, loss=0.269]
  epoch 3/3:   8%|▊         | 7/88 [00:02<00:23,  3.49it/s, loss=0.264]
  epoch 3/3:   9%|▉         | 8/88 [00:02<00:22,  3.48it/s, loss=0.264]
  epoch 3/3:   9%|▉         | 8/88 [00:02<00:22,  3.48it/s, loss=0.255]
  epoch 3/3:  10%|█         | 9/88 [00:02<00:22,  3.52it/s, loss=0.255]
  epoch 3/3:  10%|█         | 9/88 [00:03<00:22,  3.52it/s, loss=0.254]
  epoch 3/3:  11%|█▏        | 10/88 [00:03<00:22,  3.53it/s, loss=0.254]
  epoch 3/3:  11%|█▏        | 10/88 [00:03<00:22,  3.53it/s, loss=0.256]
  epoch 3/3:  12%|█▎        | 11/88 [00:03<00:21,  3.57it/s, loss=0.256]
  epoch 3/3:  12%|█▎        | 11/88 [00:03<00:21,  3.57it/s, loss=0.256]
  epoch 3/3:  14%|█▎        | 12/88 [00:03<00:21,  3.58it/s, loss=0.256]
  epoch 3/3:  14%|█▎        | 12/88 [00:03<00:21,  3.58it/s, loss=0.250]
  epoch 3/3:  15%|█▍        | 13/88 [00:03<00:20,  3.58it/s, loss=0.250]
  epoch 3/3:  15%|█▍        | 13/88 [00:04<00:20,  3.58it/s, loss=0.248]
  epoch 3/3:  16%|█▌        | 14/88 [00:04<00:20,  3.61it/s, loss=0.248]
  epoch 3/3:  16%|█▌        | 14/88 [00:04<00:20,  3.61it/s, loss=0.250]
  epoch 3/3:  17%|█▋        | 15/88 [00:04<00:20,  3.62it/s, loss=0.250]
  epoch 3/3:  17%|█▋        | 15/88 [00:04<00:20,  3.62it/s, loss=0.249]
  epoch 3/3:  18%|█▊        | 16/88 [00:04<00:19,  3.64it/s, loss=0.249]
  epoch 3/3:  18%|█▊        | 16/88 [00:04<00:19,  3.64it/s, loss=0.254]
  epoch 3/3:  19%|█▉        | 17/88 [00:04<00:19,  3.62it/s, loss=0.254]
  epoch 3/3:  19%|█▉        | 17/88 [00:05<00:19,  3.62it/s, loss=0.247]
  epoch 3/3:  20%|██        | 18/88 [00:05<00:19,  3.62it/s, loss=0.247]
  epoch 3/3:  20%|██        | 18/88 [00:05<00:19,  3.62it/s, loss=0.244]
  epoch 3/3:  22%|██▏       | 19/88 [00:05<00:19,  3.63it/s, loss=0.244]
  epoch 3/3:  22%|██▏       | 19/88 [00:05<00:19,  3.63it/s, loss=0.249]
  epoch 3/3:  23%|██▎       | 20/88 [00:05<00:18,  3.61it/s, loss=0.249]
  epoch 3/3:  23%|██▎       | 20/88 [00:06<00:18,  3.61it/s, loss=0.246]
  epoch 3/3:  24%|██▍       | 21/88 [00:06<00:18,  3.61it/s, loss=0.246]
  epoch 3/3:  24%|██▍       | 21/88 [00:06<00:18,  3.61it/s, loss=0.245]
  epoch 3/3:  25%|██▌       | 22/88 [00:06<00:18,  3.63it/s, loss=0.245]
  epoch 3/3:  25%|██▌       | 22/88 [00:06<00:18,  3.63it/s, loss=0.244]
  epoch 3/3:  26%|██▌       | 23/88 [00:06<00:17,  3.63it/s, loss=0.244]
  epoch 3/3:  26%|██▌       | 23/88 [00:06<00:17,  3.63it/s, loss=0.240]
  epoch 3/3:  27%|██▋       | 24/88 [00:06<00:17,  3.60it/s, loss=0.240]
  epoch 3/3:  27%|██▋       | 24/88 [00:07<00:17,  3.60it/s, loss=0.238]
  epoch 3/3:  28%|██▊       | 25/88 [00:07<00:17,  3.62it/s, loss=0.238]
  epoch 3/3:  28%|██▊       | 25/88 [00:07<00:17,  3.62it/s, loss=0.239]
  epoch 3/3:  30%|██▉       | 26/88 [00:07<00:17,  3.61it/s, loss=0.239]
  epoch 3/3:  30%|██▉       | 26/88 [00:07<00:17,  3.61it/s, loss=0.242]
  epoch 3/3:  31%|███       | 27/88 [00:07<00:16,  3.61it/s, loss=0.242]
  epoch 3/3:  31%|███       | 27/88 [00:08<00:16,  3.61it/s, loss=0.241]
  epoch 3/3:  32%|███▏      | 28/88 [00:08<00:16,  3.62it/s, loss=0.241]
  epoch 3/3:  32%|███▏      | 28/88 [00:08<00:16,  3.62it/s, loss=0.241]
  epoch 3/3:  33%|███▎      | 29/88 [00:08<00:16,  3.60it/s, loss=0.241]
  epoch 3/3:  33%|███▎      | 29/88 [00:08<00:16,  3.60it/s, loss=0.242]
  epoch 3/3:  34%|███▍      | 30/88 [00:08<00:16,  3.60it/s, loss=0.242]
  epoch 3/3:  34%|███▍      | 30/88 [00:08<00:16,  3.60it/s, loss=0.243]
  epoch 3/3:  35%|███▌      | 31/88 [00:08<00:15,  3.61it/s, loss=0.243]
  epoch 3/3:  35%|███▌      | 31/88 [00:09<00:15,  3.61it/s, loss=0.242]
  epoch 3/3:  36%|███▋      | 32/88 [00:09<00:15,  3.61it/s, loss=0.242]
  epoch 3/3:  36%|███▋      | 32/88 [00:09<00:15,  3.61it/s, loss=0.242]
  epoch 3/3:  38%|███▊      | 33/88 [00:09<00:15,  3.61it/s, loss=0.242]
  epoch 3/3:  38%|███▊      | 33/88 [00:09<00:15,  3.61it/s, loss=0.242]
  epoch 3/3:  39%|███▊      | 34/88 [00:09<00:14,  3.63it/s, loss=0.242]
  epoch 3/3:  39%|███▊      | 34/88 [00:09<00:14,  3.63it/s, loss=0.242]
  epoch 3/3:  40%|███▉      | 35/88 [00:09<00:14,  3.61it/s, loss=0.242]
  epoch 3/3:  40%|███▉      | 35/88 [00:10<00:14,  3.61it/s, loss=0.245]
  epoch 3/3:  41%|████      | 36/88 [00:10<00:14,  3.61it/s, loss=0.245]
  epoch 3/3:  41%|████      | 36/88 [00:10<00:14,  3.61it/s, loss=0.247]
  epoch 3/3:  42%|████▏     | 37/88 [00:10<00:14,  3.63it/s, loss=0.247]
  epoch 3/3:  42%|████▏     | 37/88 [00:10<00:14,  3.63it/s, loss=0.247]
  epoch 3/3:  43%|████▎     | 38/88 [00:10<00:13,  3.61it/s, loss=0.247]
  epoch 3/3:  43%|████▎     | 38/88 [00:11<00:13,  3.61it/s, loss=0.247]
  epoch 3/3:  44%|████▍     | 39/88 [00:11<00:13,  3.61it/s, loss=0.247]
  epoch 3/3:  44%|████▍     | 39/88 [00:11<00:13,  3.61it/s, loss=0.246]
  epoch 3/3:  45%|████▌     | 40/88 [00:11<00:13,  3.58it/s, loss=0.246]
  epoch 3/3:  45%|████▌     | 40/88 [00:11<00:13,  3.58it/s, loss=0.246]
  epoch 3/3:  47%|████▋     | 41/88 [00:11<00:13,  3.61it/s, loss=0.246]
  epoch 3/3:  47%|████▋     | 41/88 [00:11<00:13,  3.61it/s, loss=0.246]
  epoch 3/3:  48%|████▊     | 42/88 [00:11<00:12,  3.60it/s, loss=0.246]
  epoch 3/3:  48%|████▊     | 42/88 [00:12<00:12,  3.60it/s, loss=0.245]
  epoch 3/3:  49%|████▉     | 43/88 [00:12<00:12,  3.61it/s, loss=0.245]
  epoch 3/3:  49%|████▉     | 43/88 [00:12<00:12,  3.61it/s, loss=0.243]
  epoch 3/3:  50%|█████     | 44/88 [00:12<00:12,  3.62it/s, loss=0.243]
  epoch 3/3:  50%|█████     | 44/88 [00:12<00:12,  3.62it/s, loss=0.245]
  epoch 3/3:  51%|█████     | 45/88 [00:12<00:11,  3.60it/s, loss=0.245]
  epoch 3/3:  51%|█████     | 45/88 [00:13<00:11,  3.60it/s, loss=0.246]
  epoch 3/3:  52%|█████▏    | 46/88 [00:13<00:11,  3.61it/s, loss=0.246]
  epoch 3/3:  52%|█████▏    | 46/88 [00:13<00:11,  3.61it/s, loss=0.246]
  epoch 3/3:  53%|█████▎    | 47/88 [00:13<00:11,  3.62it/s, loss=0.246]
  epoch 3/3:  53%|█████▎    | 47/88 [00:13<00:11,  3.62it/s, loss=0.245]
  epoch 3/3:  55%|█████▍    | 48/88 [00:13<00:11,  3.60it/s, loss=0.245]
  epoch 3/3:  55%|█████▍    | 48/88 [00:13<00:11,  3.60it/s, loss=0.245]
  epoch 3/3:  56%|█████▌    | 49/88 [00:13<00:10,  3.61it/s, loss=0.245]
  epoch 3/3:  56%|█████▌    | 49/88 [00:14<00:10,  3.61it/s, loss=0.245]
  epoch 3/3:  57%|█████▋    | 50/88 [00:14<00:10,  3.63it/s, loss=0.245]
  epoch 3/3:  57%|█████▋    | 50/88 [00:14<00:10,  3.63it/s, loss=0.245]
  epoch 3/3:  58%|█████▊    | 51/88 [00:14<00:10,  3.61it/s, loss=0.245]
  epoch 3/3:  58%|█████▊    | 51/88 [00:14<00:10,  3.61it/s, loss=0.243]
  epoch 3/3:  59%|█████▉    | 52/88 [00:14<00:10,  3.60it/s, loss=0.243]
  epoch 3/3:  59%|█████▉    | 52/88 [00:14<00:10,  3.60it/s, loss=0.241]
  epoch 3/3:  60%|██████    | 53/88 [00:14<00:09,  3.63it/s, loss=0.241]
  epoch 3/3:  60%|██████    | 53/88 [00:15<00:09,  3.63it/s, loss=0.242]
  epoch 3/3:  61%|██████▏   | 54/88 [00:15<00:09,  3.61it/s, loss=0.242]
  epoch 3/3:  61%|██████▏   | 54/88 [00:15<00:09,  3.61it/s, loss=0.240]
  epoch 3/3:  62%|██████▎   | 55/88 [00:15<00:09,  3.60it/s, loss=0.240]
  epoch 3/3:  62%|██████▎   | 55/88 [00:15<00:09,  3.60it/s, loss=0.239]
  epoch 3/3:  64%|██████▎   | 56/88 [00:15<00:08,  3.57it/s, loss=0.239]
  epoch 3/3:  64%|██████▎   | 56/88 [00:16<00:08,  3.57it/s, loss=0.239]
  epoch 3/3:  65%|██████▍   | 57/88 [00:16<00:08,  3.60it/s, loss=0.239]
  epoch 3/3:  65%|██████▍   | 57/88 [00:16<00:08,  3.60it/s, loss=0.237]
  epoch 3/3:  66%|██████▌   | 58/88 [00:16<00:08,  3.59it/s, loss=0.237]
  epoch 3/3:  66%|██████▌   | 58/88 [00:16<00:08,  3.59it/s, loss=0.236]
  epoch 3/3:  67%|██████▋   | 59/88 [00:16<00:08,  3.59it/s, loss=0.236]
  epoch 3/3:  67%|██████▋   | 59/88 [00:16<00:08,  3.59it/s, loss=0.236]
  epoch 3/3:  68%|██████▊   | 60/88 [00:16<00:07,  3.61it/s, loss=0.236]
  epoch 3/3:  68%|██████▊   | 60/88 [00:17<00:07,  3.61it/s, loss=0.237]
  epoch 3/3:  69%|██████▉   | 61/88 [00:17<00:07,  3.60it/s, loss=0.237]
  epoch 3/3:  69%|██████▉   | 61/88 [00:17<00:07,  3.60it/s, loss=0.237]
  epoch 3/3:  70%|███████   | 62/88 [00:17<00:07,  3.61it/s, loss=0.237]
  epoch 3/3:  70%|███████   | 62/88 [00:17<00:07,  3.61it/s, loss=0.237]
  epoch 3/3:  72%|███████▏  | 63/88 [00:17<00:06,  3.62it/s, loss=0.237]
  epoch 3/3:  72%|███████▏  | 63/88 [00:18<00:06,  3.62it/s, loss=0.236]
  epoch 3/3:  73%|███████▎  | 64/88 [00:18<00:06,  3.61it/s, loss=0.236]
  epoch 3/3:  73%|███████▎  | 64/88 [00:18<00:06,  3.61it/s, loss=0.234]
  epoch 3/3:  74%|███████▍  | 65/88 [00:18<00:06,  3.61it/s, loss=0.234]
  epoch 3/3:  74%|███████▍  | 65/88 [00:18<00:06,  3.61it/s, loss=0.234]
  epoch 3/3:  75%|███████▌  | 66/88 [00:18<00:06,  3.62it/s, loss=0.234]
  epoch 3/3:  75%|███████▌  | 66/88 [00:18<00:06,  3.62it/s, loss=0.233]
  epoch 3/3:  76%|███████▌  | 67/88 [00:18<00:05,  3.60it/s, loss=0.233]
  epoch 3/3:  76%|███████▌  | 67/88 [00:19<00:05,  3.60it/s, loss=0.233]
  epoch 3/3:  77%|███████▋  | 68/88 [00:19<00:05,  3.59it/s, loss=0.233]
  epoch 3/3:  77%|███████▋  | 68/88 [00:19<00:05,  3.59it/s, loss=0.233]
  epoch 3/3:  78%|███████▊  | 69/88 [00:19<00:05,  3.62it/s, loss=0.233]
  epoch 3/3:  78%|███████▊  | 69/88 [00:19<00:05,  3.62it/s, loss=0.233]
  epoch 3/3:  80%|███████▉  | 70/88 [00:19<00:04,  3.60it/s, loss=0.233]
  epoch 3/3:  80%|███████▉  | 70/88 [00:19<00:04,  3.60it/s, loss=0.232]
  epoch 3/3:  81%|████████  | 71/88 [00:19<00:04,  3.61it/s, loss=0.232]
  epoch 3/3:  81%|████████  | 71/88 [00:20<00:04,  3.61it/s, loss=0.231]
  epoch 3/3:  82%|████████▏ | 72/88 [00:20<00:04,  3.57it/s, loss=0.231]
  epoch 3/3:  82%|████████▏ | 72/88 [00:20<00:04,  3.57it/s, loss=0.231]
  epoch 3/3:  83%|████████▎ | 73/88 [00:20<00:04,  3.60it/s, loss=0.231]
  epoch 3/3:  83%|████████▎ | 73/88 [00:20<00:04,  3.60it/s, loss=0.229]
  epoch 3/3:  84%|████████▍ | 74/88 [00:20<00:03,  3.59it/s, loss=0.229]
  epoch 3/3:  84%|████████▍ | 74/88 [00:21<00:03,  3.59it/s, loss=0.229]
  epoch 3/3:  85%|████████▌ | 75/88 [00:21<00:03,  3.59it/s, loss=0.229]
  epoch 3/3:  85%|████████▌ | 75/88 [00:21<00:03,  3.59it/s, loss=0.228]
  epoch 3/3:  86%|████████▋ | 76/88 [00:21<00:03,  3.62it/s, loss=0.228]
  epoch 3/3:  86%|████████▋ | 76/88 [00:21<00:03,  3.62it/s, loss=0.227]
  epoch 3/3:  88%|████████▊ | 77/88 [00:21<00:03,  3.62it/s, loss=0.227]
  epoch 3/3:  88%|████████▊ | 77/88 [00:21<00:03,  3.62it/s, loss=0.226]
  epoch 3/3:  89%|████████▊ | 78/88 [00:21<00:02,  3.64it/s, loss=0.226]
  epoch 3/3:  89%|████████▊ | 78/88 [00:22<00:02,  3.64it/s, loss=0.227]
  epoch 3/3:  90%|████████▉ | 79/88 [00:22<00:02,  3.62it/s, loss=0.227]
  epoch 3/3:  90%|████████▉ | 79/88 [00:22<00:02,  3.62it/s, loss=0.227]
  epoch 3/3:  91%|█████████ | 80/88 [00:22<00:02,  3.60it/s, loss=0.227]
  epoch 3/3:  91%|█████████ | 80/88 [00:22<00:02,  3.60it/s, loss=0.226]
  epoch 3/3:  92%|█████████▏| 81/88 [00:22<00:01,  3.62it/s, loss=0.226]
  epoch 3/3:  92%|█████████▏| 81/88 [00:22<00:01,  3.62it/s, loss=0.224]
  epoch 3/3:  93%|█████████▎| 82/88 [00:22<00:01,  3.60it/s, loss=0.224]
  epoch 3/3:  93%|█████████▎| 82/88 [00:23<00:01,  3.60it/s, loss=0.223]
  epoch 3/3:  94%|█████████▍| 83/88 [00:23<00:01,  3.58it/s, loss=0.223]
  epoch 3/3:  94%|█████████▍| 83/88 [00:23<00:01,  3.58it/s, loss=0.223]
  epoch 3/3:  95%|█████████▌| 84/88 [00:23<00:01,  3.59it/s, loss=0.223]
  epoch 3/3:  95%|█████████▌| 84/88 [00:23<00:01,  3.59it/s, loss=0.221]
  epoch 3/3:  97%|█████████▋| 85/88 [00:23<00:00,  3.61it/s, loss=0.221]
  epoch 3/3:  97%|█████████▋| 85/88 [00:24<00:00,  3.61it/s, loss=0.220]
  epoch 3/3:  98%|█████████▊| 86/88 [00:24<00:00,  3.60it/s, loss=0.220]
  epoch 3/3:  98%|█████████▊| 86/88 [00:24<00:00,  3.60it/s, loss=0.220]
  epoch 3/3:  99%|█████████▉| 87/88 [00:24<00:00,  3.59it/s, loss=0.220]
  epoch 3/3:  99%|█████████▉| 87/88 [00:24<00:00,  3.59it/s, loss=0.220]
  epoch 3/3: 100%|██████████| 88/88 [00:24<00:00,  3.88it/s, loss=0.220]
                                                                        
[titans] reset=never | norm(state) sau task = 82.2986
[titans]   self-mod v:β=1.16 |W|=3.11
[titans]   eta_t(avg)=21.2877  alpha_t/forget-gate(avg)=1.0000
[task 7] test acc so far: 0.949  0.826  0.820  0.840  0.811  0.457  0.414  0.071
[task 7] NCM-blend gamma=0: 0.794  0.711  0.726  0.740  0.766  0.740  0.717  0.686
[task 7] NCM-blend gamma=1: 0.694  0.634  0.749  0.700  0.800  0.746  0.800  0.786
[checkpoint] đã lưu tiến độ sau task 7
[task 8] classes=[3, 5, 10, 23, 43] | train=2800

  epoch 1/3:   0%|          | 0/88 [00:00<?, ?it/s]
  epoch 1/3:   0%|          | 0/88 [00:00<?, ?it/s, loss=1.797]
  epoch 1/3:   1%|          | 1/88 [00:00<00:48,  1.78it/s, loss=1.797]
  epoch 1/3:   1%|          | 1/88 [00:00<00:48,  1.78it/s, loss=1.780]
  epoch 1/3:   2%|▏         | 2/88 [00:00<00:33,  2.53it/s, loss=1.780]
  epoch 1/3:   2%|▏         | 2/88 [00:01<00:33,  2.53it/s, loss=1.764]
  epoch 1/3:   3%|▎         | 3/88 [00:01<00:29,  2.92it/s, loss=1.764]
  epoch 1/3:   3%|▎         | 3/88 [00:01<00:29,  2.92it/s, loss=1.773]
  epoch 1/3:   5%|▍         | 4/88 [00:01<00:26,  3.16it/s, loss=1.773]
  epoch 1/3:   5%|▍         | 4/88 [00:01<00:26,  3.16it/s, loss=1.734]
  epoch 1/3:   6%|▌         | 5/88 [00:01<00:24,  3.32it/s, loss=1.734]
  epoch 1/3:   6%|▌         | 5/88 [00:01<00:24,  3.32it/s, loss=1.724]
  epoch 1/3:   7%|▋         | 6/88 [00:01<00:24,  3.41it/s, loss=1.724]
  epoch 1/3:   7%|▋         | 6/88 [00:02<00:24,  3.41it/s, loss=1.710]
  epoch 1/3:   8%|▊         | 7/88 [00:02<00:23,  3.47it/s, loss=1.710]
  epoch 1/3:   8%|▊         | 7/88 [00:02<00:23,  3.47it/s, loss=1.701]
  epoch 1/3:   9%|▉         | 8/88 [00:02<00:22,  3.51it/s, loss=1.701]
  epoch 1/3:   9%|▉         | 8/88 [00:02<00:22,  3.51it/s, loss=1.701]
  epoch 1/3:  10%|█         | 9/88 [00:02<00:22,  3.52it/s, loss=1.701]
  epoch 1/3:  10%|█         | 9/88 [00:03<00:22,  3.52it/s, loss=1.680]
  epoch 1/3:  11%|█▏        | 10/88 [00:03<00:21,  3.55it/s, loss=1.680]
  epoch 1/3:  11%|█▏        | 10/88 [00:03<00:21,  3.55it/s, loss=1.672]
  epoch 1/3:  12%|█▎        | 11/88 [00:03<00:21,  3.56it/s, loss=1.672]
  epoch 1/3:  12%|█▎        | 11/88 [00:03<00:21,  3.56it/s, loss=1.655]
  epoch 1/3:  14%|█▎        | 12/88 [00:03<00:21,  3.59it/s, loss=1.655]
  epoch 1/3:  14%|█▎        | 12/88 [00:03<00:21,  3.59it/s, loss=1.644]
  epoch 1/3:  15%|█▍        | 13/88 [00:03<00:20,  3.59it/s, loss=1.644]
  epoch 1/3:  15%|█▍        | 13/88 [00:04<00:20,  3.59it/s, loss=1.646]
  epoch 1/3:  16%|█▌        | 14/88 [00:04<00:20,  3.62it/s, loss=1.646]
  epoch 1/3:  16%|█▌        | 14/88 [00:04<00:20,  3.62it/s, loss=1.638]
  epoch 1/3:  17%|█▋        | 15/88 [00:04<00:20,  3.61it/s, loss=1.638]
  epoch 1/3:  17%|█▋        | 15/88 [00:04<00:20,  3.61it/s, loss=1.637]
  epoch 1/3:  18%|█▊        | 16/88 [00:04<00:20,  3.55it/s, loss=1.637]
  epoch 1/3:  18%|█▊        | 16/88 [00:05<00:20,  3.55it/s, loss=1.628]
  epoch 1/3:  19%|█▉        | 17/88 [00:05<00:19,  3.56it/s, loss=1.628]
  epoch 1/3:  19%|█▉        | 17/88 [00:05<00:19,  3.56it/s, loss=1.617]
  epoch 1/3:  20%|██        | 18/88 [00:05<00:19,  3.57it/s, loss=1.617]
  epoch 1/3:  20%|██        | 18/88 [00:05<00:19,  3.57it/s, loss=1.611]
  epoch 1/3:  22%|██▏       | 19/88 [00:05<00:19,  3.57it/s, loss=1.611]
  epoch 1/3:  22%|██▏       | 19/88 [00:05<00:19,  3.57it/s, loss=1.608]
  epoch 1/3:  23%|██▎       | 20/88 [00:05<00:18,  3.59it/s, loss=1.608]
  epoch 1/3:  23%|██▎       | 20/88 [00:06<00:18,  3.59it/s, loss=1.600]
  epoch 1/3:  24%|██▍       | 21/88 [00:06<00:18,  3.58it/s, loss=1.600]
  epoch 1/3:  24%|██▍       | 21/88 [00:06<00:18,  3.58it/s, loss=1.596]
  epoch 1/3:  25%|██▌       | 22/88 [00:06<00:18,  3.60it/s, loss=1.596]
  epoch 1/3:  25%|██▌       | 22/88 [00:06<00:18,  3.60it/s, loss=1.586]
  epoch 1/3:  26%|██▌       | 23/88 [00:06<00:18,  3.61it/s, loss=1.586]
  epoch 1/3:  26%|██▌       | 23/88 [00:06<00:18,  3.61it/s, loss=1.578]
  epoch 1/3:  27%|██▋       | 24/88 [00:06<00:17,  3.59it/s, loss=1.578]
  epoch 1/3:  27%|██▋       | 24/88 [00:07<00:17,  3.59it/s, loss=1.574]
  epoch 1/3:  28%|██▊       | 25/88 [00:07<00:17,  3.60it/s, loss=1.574]
  epoch 1/3:  28%|██▊       | 25/88 [00:07<00:17,  3.60it/s, loss=1.570]
  epoch 1/3:  30%|██▉       | 26/88 [00:07<00:17,  3.61it/s, loss=1.570]
  epoch 1/3:  30%|██▉       | 26/88 [00:07<00:17,  3.61it/s, loss=1.563]
  epoch 1/3:  31%|███       | 27/88 [00:07<00:16,  3.60it/s, loss=1.563]
  epoch 1/3:  31%|███       | 27/88 [00:08<00:16,  3.60it/s, loss=1.558]
  epoch 1/3:  32%|███▏      | 28/88 [00:08<00:16,  3.59it/s, loss=1.558]
  epoch 1/3:  32%|███▏      | 28/88 [00:08<00:16,  3.59it/s, loss=1.551]
  epoch 1/3:  33%|███▎      | 29/88 [00:08<00:16,  3.61it/s, loss=1.551]
  epoch 1/3:  33%|███▎      | 29/88 [00:08<00:16,  3.61it/s, loss=1.546]
  epoch 1/3:  34%|███▍      | 30/88 [00:08<00:16,  3.60it/s, loss=1.546]
  epoch 1/3:  34%|███▍      | 30/88 [00:08<00:16,  3.60it/s, loss=1.539]
  epoch 1/3:  35%|███▌      | 31/88 [00:08<00:15,  3.60it/s, loss=1.539]
  epoch 1/3:  35%|███▌      | 31/88 [00:09<00:15,  3.60it/s, loss=1.531]
  epoch 1/3:  36%|███▋      | 32/88 [00:09<00:15,  3.55it/s, loss=1.531]
  epoch 1/3:  36%|███▋      | 32/88 [00:09<00:15,  3.55it/s, loss=1.523]
  epoch 1/3:  38%|███▊      | 33/88 [00:09<00:15,  3.56it/s, loss=1.523]
  epoch 1/3:  38%|███▊      | 33/88 [00:09<00:15,  3.56it/s, loss=1.519]
  epoch 1/3:  39%|███▊      | 34/88 [00:09<00:15,  3.58it/s, loss=1.519]
  epoch 1/3:  39%|███▊      | 34/88 [00:10<00:15,  3.58it/s, loss=1.513]
  epoch 1/3:  40%|███▉      | 35/88 [00:10<00:14,  3.58it/s, loss=1.513]
  epoch 1/3:  40%|███▉      | 35/88 [00:10<00:14,  3.58it/s, loss=1.506]
  epoch 1/3:  41%|████      | 36/88 [00:10<00:14,  3.58it/s, loss=1.506]
  epoch 1/3:  41%|████      | 36/88 [00:10<00:14,  3.58it/s, loss=1.498]
  epoch 1/3:  42%|████▏     | 37/88 [00:10<00:14,  3.58it/s, loss=1.498]
  epoch 1/3:  42%|████▏     | 37/88 [00:10<00:14,  3.58it/s, loss=1.492]
  epoch 1/3:  43%|████▎     | 38/88 [00:10<00:13,  3.61it/s, loss=1.492]
  epoch 1/3:  43%|████▎     | 38/88 [00:11<00:13,  3.61it/s, loss=1.489]
  epoch 1/3:  44%|████▍     | 39/88 [00:11<00:13,  3.60it/s, loss=1.489]
  epoch 1/3:  44%|████▍     | 39/88 [00:11<00:13,  3.60it/s, loss=1.482]
  epoch 1/3:  45%|████▌     | 40/88 [00:11<00:13,  3.59it/s, loss=1.482]
  epoch 1/3:  45%|████▌     | 40/88 [00:11<00:13,  3.59it/s, loss=1.478]
  epoch 1/3:  47%|████▋     | 41/88 [00:11<00:13,  3.60it/s, loss=1.478]
  epoch 1/3:  47%|████▋     | 41/88 [00:11<00:13,  3.60it/s, loss=1.469]
  epoch 1/3:  48%|████▊     | 42/88 [00:11<00:12,  3.59it/s, loss=1.469]
  epoch 1/3:  48%|████▊     | 42/88 [00:12<00:12,  3.59it/s, loss=1.459]
  epoch 1/3:  49%|████▉     | 43/88 [00:12<00:12,  3.60it/s, loss=1.459]
  epoch 1/3:  49%|████▉     | 43/88 [00:12<00:12,  3.60it/s, loss=1.454]
  epoch 1/3:  50%|█████     | 44/88 [00:12<00:12,  3.61it/s, loss=1.454]
  epoch 1/3:  50%|█████     | 44/88 [00:12<00:12,  3.61it/s, loss=1.446]
  epoch 1/3:  51%|█████     | 45/88 [00:12<00:11,  3.60it/s, loss=1.446]
  epoch 1/3:  51%|█████     | 45/88 [00:13<00:11,  3.60it/s, loss=1.441]
  epoch 1/3:  52%|█████▏    | 46/88 [00:13<00:11,  3.60it/s, loss=1.441]
  epoch 1/3:  52%|█████▏    | 46/88 [00:13<00:11,  3.60it/s, loss=1.434]
  epoch 1/3:  53%|█████▎    | 47/88 [00:13<00:11,  3.62it/s, loss=1.434]
  epoch 1/3:  53%|█████▎    | 47/88 [00:13<00:11,  3.62it/s, loss=1.427]
  epoch 1/3:  55%|█████▍    | 48/88 [00:13<00:11,  3.56it/s, loss=1.427]
  epoch 1/3:  55%|█████▍    | 48/88 [00:13<00:11,  3.56it/s, loss=1.421]
  epoch 1/3:  56%|█████▌    | 49/88 [00:13<00:10,  3.57it/s, loss=1.421]
  epoch 1/3:  56%|█████▌    | 49/88 [00:14<00:10,  3.57it/s, loss=1.414]
  epoch 1/3:  57%|█████▋    | 50/88 [00:14<00:10,  3.57it/s, loss=1.414]
  epoch 1/3:  57%|█████▋    | 50/88 [00:14<00:10,  3.57it/s, loss=1.407]
  epoch 1/3:  58%|█████▊    | 51/88 [00:14<00:10,  3.58it/s, loss=1.407]
  epoch 1/3:  58%|█████▊    | 51/88 [00:14<00:10,  3.58it/s, loss=1.399]
  epoch 1/3:  59%|█████▉    | 52/88 [00:14<00:09,  3.61it/s, loss=1.399]
  epoch 1/3:  59%|█████▉    | 52/88 [00:15<00:09,  3.61it/s, loss=1.394]
  epoch 1/3:  60%|██████    | 53/88 [00:15<00:09,  3.61it/s, loss=1.394]
  epoch 1/3:  60%|██████    | 53/88 [00:15<00:09,  3.61it/s, loss=1.388]
  epoch 1/3:  61%|██████▏   | 54/88 [00:15<00:09,  3.61it/s, loss=1.388]
  epoch 1/3:  61%|██████▏   | 54/88 [00:15<00:09,  3.61it/s, loss=1.381]
  epoch 1/3:  62%|██████▎   | 55/88 [00:15<00:09,  3.61it/s, loss=1.381]
  epoch 1/3:  62%|██████▎   | 55/88 [00:15<00:09,  3.61it/s, loss=1.374]
  epoch 1/3:  64%|██████▎   | 56/88 [00:15<00:08,  3.59it/s, loss=1.374]
  epoch 1/3:  64%|██████▎   | 56/88 [00:16<00:08,  3.59it/s, loss=1.368]
  epoch 1/3:  65%|██████▍   | 57/88 [00:16<00:08,  3.59it/s, loss=1.368]
  epoch 1/3:  65%|██████▍   | 57/88 [00:16<00:08,  3.59it/s, loss=1.364]
  epoch 1/3:  66%|██████▌   | 58/88 [00:16<00:08,  3.59it/s, loss=1.364]
  epoch 1/3:  66%|██████▌   | 58/88 [00:16<00:08,  3.59it/s, loss=1.358]
  epoch 1/3:  67%|██████▋   | 59/88 [00:16<00:08,  3.60it/s, loss=1.358]
  epoch 1/3:  67%|██████▋   | 59/88 [00:16<00:08,  3.60it/s, loss=1.353]
  epoch 1/3:  68%|██████▊   | 60/88 [00:16<00:07,  3.59it/s, loss=1.353]
  epoch 1/3:  68%|██████▊   | 60/88 [00:17<00:07,  3.59it/s, loss=1.346]
  epoch 1/3:  69%|██████▉   | 61/88 [00:17<00:07,  3.59it/s, loss=1.346]
  epoch 1/3:  69%|██████▉   | 61/88 [00:17<00:07,  3.59it/s, loss=1.340]
  epoch 1/3:  70%|███████   | 62/88 [00:17<00:07,  3.61it/s, loss=1.340]
  epoch 1/3:  70%|███████   | 62/88 [00:17<00:07,  3.61it/s, loss=1.334]
  epoch 1/3:  72%|███████▏  | 63/88 [00:17<00:06,  3.60it/s, loss=1.334]
  epoch 1/3:  72%|███████▏  | 63/88 [00:18<00:06,  3.60it/s, loss=1.328]
  epoch 1/3:  73%|███████▎  | 64/88 [00:18<00:06,  3.55it/s, loss=1.328]
  epoch 1/3:  73%|███████▎  | 64/88 [00:18<00:06,  3.55it/s, loss=1.324]
  epoch 1/3:  74%|███████▍  | 65/88 [00:18<00:06,  3.57it/s, loss=1.324]
  epoch 1/3:  74%|███████▍  | 65/88 [00:18<00:06,  3.57it/s, loss=1.318]
  epoch 1/3:  75%|███████▌  | 66/88 [00:18<00:06,  3.58it/s, loss=1.318]
  epoch 1/3:  75%|███████▌  | 66/88 [00:18<00:06,  3.58it/s, loss=1.313]
  epoch 1/3:  76%|███████▌  | 67/88 [00:18<00:05,  3.57it/s, loss=1.313]
  epoch 1/3:  76%|███████▌  | 67/88 [00:19<00:05,  3.57it/s, loss=1.307]
  epoch 1/3:  77%|███████▋  | 68/88 [00:19<00:05,  3.60it/s, loss=1.307]
  epoch 1/3:  77%|███████▋  | 68/88 [00:19<00:05,  3.60it/s, loss=1.301]
  epoch 1/3:  78%|███████▊  | 69/88 [00:19<00:05,  3.58it/s, loss=1.301]
  epoch 1/3:  78%|███████▊  | 69/88 [00:19<00:05,  3.58it/s, loss=1.296]
  epoch 1/3:  80%|███████▉  | 70/88 [00:19<00:05,  3.57it/s, loss=1.296]
  epoch 1/3:  80%|███████▉  | 70/88 [00:20<00:05,  3.57it/s, loss=1.291]
  epoch 1/3:  81%|████████  | 71/88 [00:20<00:04,  3.58it/s, loss=1.291]
  epoch 1/3:  81%|████████  | 71/88 [00:20<00:04,  3.58it/s, loss=1.286]
  epoch 1/3:  82%|████████▏ | 72/88 [00:20<00:04,  3.60it/s, loss=1.286]
  epoch 1/3:  82%|████████▏ | 72/88 [00:20<00:04,  3.60it/s, loss=1.282]
  epoch 1/3:  83%|████████▎ | 73/88 [00:20<00:04,  3.59it/s, loss=1.282]
  epoch 1/3:  83%|████████▎ | 73/88 [00:20<00:04,  3.59it/s, loss=1.277]
  epoch 1/3:  84%|████████▍ | 74/88 [00:20<00:03,  3.59it/s, loss=1.277]
  epoch 1/3:  84%|████████▍ | 74/88 [00:21<00:03,  3.59it/s, loss=1.271]
  epoch 1/3:  85%|████████▌ | 75/88 [00:21<00:03,  3.58it/s, loss=1.271]
  epoch 1/3:  85%|████████▌ | 75/88 [00:21<00:03,  3.58it/s, loss=1.266]
  epoch 1/3:  86%|████████▋ | 76/88 [00:21<00:03,  3.61it/s, loss=1.266]
  epoch 1/3:  86%|████████▋ | 76/88 [00:21<00:03,  3.61it/s, loss=1.260]
  epoch 1/3:  88%|████████▊ | 77/88 [00:21<00:03,  3.60it/s, loss=1.260]
  epoch 1/3:  88%|████████▊ | 77/88 [00:21<00:03,  3.60it/s, loss=1.257]
  epoch 1/3:  89%|████████▊ | 78/88 [00:21<00:02,  3.59it/s, loss=1.257]
  epoch 1/3:  89%|████████▊ | 78/88 [00:22<00:02,  3.59it/s, loss=1.250]
  epoch 1/3:  90%|████████▉ | 79/88 [00:22<00:02,  3.58it/s, loss=1.250]
  epoch 1/3:  90%|████████▉ | 79/88 [00:22<00:02,  3.58it/s, loss=1.246]
  epoch 1/3:  91%|█████████ | 80/88 [00:22<00:02,  3.55it/s, loss=1.246]
  epoch 1/3:  91%|█████████ | 80/88 [00:22<00:02,  3.55it/s, loss=1.239]
  epoch 1/3:  92%|█████████▏| 81/88 [00:22<00:01,  3.56it/s, loss=1.239]
  epoch 1/3:  92%|█████████▏| 81/88 [00:23<00:01,  3.56it/s, loss=1.234]
  epoch 1/3:  93%|█████████▎| 82/88 [00:23<00:01,  3.58it/s, loss=1.234]
  epoch 1/3:  93%|█████████▎| 82/88 [00:23<00:01,  3.58it/s, loss=1.229]
  epoch 1/3:  94%|█████████▍| 83/88 [00:23<00:01,  3.57it/s, loss=1.229]
  epoch 1/3:  94%|█████████▍| 83/88 [00:23<00:01,  3.57it/s, loss=1.224]
  epoch 1/3:  95%|█████████▌| 84/88 [00:23<00:01,  3.58it/s, loss=1.224]
  epoch 1/3:  95%|█████████▌| 84/88 [00:23<00:01,  3.58it/s, loss=1.220]
  epoch 1/3:  97%|█████████▋| 85/88 [00:23<00:00,  3.58it/s, loss=1.220]
  epoch 1/3:  97%|█████████▋| 85/88 [00:24<00:00,  3.58it/s, loss=1.216]
  epoch 1/3:  98%|█████████▊| 86/88 [00:24<00:00,  3.60it/s, loss=1.216]
  epoch 1/3:  98%|█████████▊| 86/88 [00:24<00:00,  3.60it/s, loss=1.209]
  epoch 1/3:  99%|█████████▉| 87/88 [00:24<00:00,  3.59it/s, loss=1.209]
  epoch 1/3:  99%|█████████▉| 87/88 [00:24<00:00,  3.59it/s, loss=1.207]
  epoch 1/3: 100%|██████████| 88/88 [00:24<00:00,  3.91it/s, loss=1.207]
                                                                        

  epoch 2/3:   0%|          | 0/88 [00:00<?, ?it/s]
  epoch 2/3:   0%|          | 0/88 [00:00<?, ?it/s, loss=0.918]
  epoch 2/3:   1%|          | 1/88 [00:00<00:48,  1.81it/s, loss=0.918]
  epoch 2/3:   1%|          | 1/88 [00:00<00:48,  1.81it/s, loss=0.877]
  epoch 2/3:   2%|▏         | 2/88 [00:00<00:33,  2.55it/s, loss=0.877]
  epoch 2/3:   2%|▏         | 2/88 [00:01<00:33,  2.55it/s, loss=0.846]
  epoch 2/3:   3%|▎         | 3/88 [00:01<00:28,  2.96it/s, loss=0.846]
  epoch 2/3:   3%|▎         | 3/88 [00:01<00:28,  2.96it/s, loss=0.826]
  epoch 2/3:   5%|▍         | 4/88 [00:01<00:26,  3.17it/s, loss=0.826]
  epoch 2/3:   5%|▍         | 4/88 [00:01<00:26,  3.17it/s, loss=0.814]
  epoch 2/3:   6%|▌         | 5/88 [00:01<00:25,  3.30it/s, loss=0.814]
  epoch 2/3:   6%|▌         | 5/88 [00:01<00:25,  3.30it/s, loss=0.817]
  epoch 2/3:   7%|▋         | 6/88 [00:01<00:24,  3.39it/s, loss=0.817]
  epoch 2/3:   7%|▋         | 6/88 [00:02<00:24,  3.39it/s, loss=0.813]
  epoch 2/3:   8%|▊         | 7/88 [00:02<00:23,  3.44it/s, loss=0.813]
  epoch 2/3:   8%|▊         | 7/88 [00:02<00:23,  3.44it/s, loss=0.809]
  epoch 2/3:   9%|▉         | 8/88 [00:02<00:23,  3.43it/s, loss=0.809]
  epoch 2/3:   9%|▉         | 8/88 [00:02<00:23,  3.43it/s, loss=0.814]
  epoch 2/3:  10%|█         | 9/88 [00:02<00:22,  3.49it/s, loss=0.814]
  epoch 2/3:  10%|█         | 9/88 [00:03<00:22,  3.49it/s, loss=0.800]
  epoch 2/3:  11%|█▏        | 10/88 [00:03<00:22,  3.51it/s, loss=0.800]
  epoch 2/3:  11%|█▏        | 10/88 [00:03<00:22,  3.51it/s, loss=0.794]
  epoch 2/3:  12%|█▎        | 11/88 [00:03<00:21,  3.53it/s, loss=0.794]
  epoch 2/3:  12%|█▎        | 11/88 [00:03<00:21,  3.53it/s, loss=0.788]
  epoch 2/3:  14%|█▎        | 12/88 [00:03<00:21,  3.55it/s, loss=0.788]
  epoch 2/3:  14%|█▎        | 12/88 [00:03<00:21,  3.55it/s, loss=0.782]
  epoch 2/3:  15%|█▍        | 13/88 [00:03<00:21,  3.55it/s, loss=0.782]
  epoch 2/3:  15%|█▍        | 13/88 [00:04<00:21,  3.55it/s, loss=0.775]
  epoch 2/3:  16%|█▌        | 14/88 [00:04<00:20,  3.54it/s, loss=0.775]
  epoch 2/3:  16%|█▌        | 14/88 [00:04<00:20,  3.54it/s, loss=0.761]
  epoch 2/3:  17%|█▋        | 15/88 [00:04<00:20,  3.55it/s, loss=0.761]
  epoch 2/3:  17%|█▋        | 15/88 [00:04<00:20,  3.55it/s, loss=0.749]
  epoch 2/3:  18%|█▊        | 16/88 [00:04<00:20,  3.56it/s, loss=0.749]
  epoch 2/3:  18%|█▊        | 16/88 [00:05<00:20,  3.56it/s, loss=0.741]
  epoch 2/3:  19%|█▉        | 17/88 [00:05<00:19,  3.59it/s, loss=0.741]
  epoch 2/3:  19%|█▉        | 17/88 [00:05<00:19,  3.59it/s, loss=0.734]
  epoch 2/3:  20%|██        | 18/88 [00:05<00:19,  3.58it/s, loss=0.734]
  epoch 2/3:  20%|██        | 18/88 [00:05<00:19,  3.58it/s, loss=0.729]
  epoch 2/3:  22%|██▏       | 19/88 [00:05<00:19,  3.57it/s, loss=0.729]
  epoch 2/3:  22%|██▏       | 19/88 [00:05<00:19,  3.57it/s, loss=0.720]
  epoch 2/3:  23%|██▎       | 20/88 [00:05<00:19,  3.57it/s, loss=0.720]
  epoch 2/3:  23%|██▎       | 20/88 [00:06<00:19,  3.57it/s, loss=0.710]
  epoch 2/3:  24%|██▍       | 21/88 [00:06<00:18,  3.57it/s, loss=0.710]
  epoch 2/3:  24%|██▍       | 21/88 [00:06<00:18,  3.57it/s, loss=0.708]
  epoch 2/3:  25%|██▌       | 22/88 [00:06<00:18,  3.60it/s, loss=0.708]
  epoch 2/3:  25%|██▌       | 22/88 [00:06<00:18,  3.60it/s, loss=0.710]
  epoch 2/3:  26%|██▌       | 23/88 [00:06<00:18,  3.58it/s, loss=0.710]
  epoch 2/3:  26%|██▌       | 23/88 [00:07<00:18,  3.58it/s, loss=0.708]
  epoch 2/3:  27%|██▋       | 24/88 [00:07<00:18,  3.54it/s, loss=0.708]
  epoch 2/3:  27%|██▋       | 24/88 [00:07<00:18,  3.54it/s, loss=0.705]
  epoch 2/3:  28%|██▊       | 25/88 [00:07<00:17,  3.56it/s, loss=0.705]
  epoch 2/3:  28%|██▊       | 25/88 [00:07<00:17,  3.56it/s, loss=0.700]
  epoch 2/3:  30%|██▉       | 26/88 [00:07<00:17,  3.56it/s, loss=0.700]
  epoch 2/3:  30%|██▉       | 26/88 [00:07<00:17,  3.56it/s, loss=0.697]
  epoch 2/3:  31%|███       | 27/88 [00:07<00:17,  3.57it/s, loss=0.697]
  epoch 2/3:  31%|███       | 27/88 [00:08<00:17,  3.57it/s, loss=0.701]
  epoch 2/3:  32%|███▏      | 28/88 [00:08<00:16,  3.59it/s, loss=0.701]
  epoch 2/3:  32%|███▏      | 28/88 [00:08<00:16,  3.59it/s, loss=0.696]
  epoch 2/3:  33%|███▎      | 29/88 [00:08<00:16,  3.58it/s, loss=0.696]
  epoch 2/3:  33%|███▎      | 29/88 [00:08<00:16,  3.58it/s, loss=0.688]
  epoch 2/3:  34%|███▍      | 30/88 [00:08<00:16,  3.57it/s, loss=0.688]
  epoch 2/3:  34%|███▍      | 30/88 [00:08<00:16,  3.57it/s, loss=0.685]
  epoch 2/3:  35%|███▌      | 31/88 [00:08<00:15,  3.58it/s, loss=0.685]
  epoch 2/3:  35%|███▌      | 31/88 [00:09<00:15,  3.58it/s, loss=0.679]
  epoch 2/3:  36%|███▋      | 32/88 [00:09<00:15,  3.61it/s, loss=0.679]
  epoch 2/3:  36%|███▋      | 32/88 [00:09<00:15,  3.61it/s, loss=0.676]
  epoch 2/3:  38%|███▊      | 33/88 [00:09<00:15,  3.59it/s, loss=0.676]
  epoch 2/3:  38%|███▊      | 33/88 [00:09<00:15,  3.59it/s, loss=0.673]
  epoch 2/3:  39%|███▊      | 34/88 [00:09<00:15,  3.57it/s, loss=0.673]
  epoch 2/3:  39%|███▊      | 34/88 [00:10<00:15,  3.57it/s, loss=0.669]
  epoch 2/3:  40%|███▉      | 35/88 [00:10<00:14,  3.58it/s, loss=0.669]
  epoch 2/3:  40%|███▉      | 35/88 [00:10<00:14,  3.58it/s, loss=0.664]
  epoch 2/3:  41%|████      | 36/88 [00:10<00:14,  3.58it/s, loss=0.664]
  epoch 2/3:  41%|████      | 36/88 [00:10<00:14,  3.58it/s, loss=0.660]
  epoch 2/3:  42%|████▏     | 37/88 [00:10<00:14,  3.60it/s, loss=0.660]
  epoch 2/3:  42%|████▏     | 37/88 [00:10<00:14,  3.60it/s, loss=0.656]
  epoch 2/3:  43%|████▎     | 38/88 [00:10<00:13,  3.58it/s, loss=0.656]
  epoch 2/3:  43%|████▎     | 38/88 [00:11<00:13,  3.58it/s, loss=0.651]
  epoch 2/3:  44%|████▍     | 39/88 [00:11<00:13,  3.57it/s, loss=0.651]
  epoch 2/3:  44%|████▍     | 39/88 [00:11<00:13,  3.57it/s, loss=0.655]
  epoch 2/3:  45%|████▌     | 40/88 [00:11<00:13,  3.51it/s, loss=0.655]
  epoch 2/3:  45%|████▌     | 40/88 [00:11<00:13,  3.51it/s, loss=0.651]
  epoch 2/3:  47%|████▋     | 41/88 [00:11<00:13,  3.54it/s, loss=0.651]
  epoch 2/3:  47%|████▋     | 41/88 [00:12<00:13,  3.54it/s, loss=0.647]
  epoch 2/3:  48%|████▊     | 42/88 [00:12<00:12,  3.55it/s, loss=0.647]
  epoch 2/3:  48%|████▊     | 42/88 [00:12<00:12,  3.55it/s, loss=0.648]
  epoch 2/3:  49%|████▉     | 43/88 [00:12<00:12,  3.55it/s, loss=0.648]
  epoch 2/3:  49%|████▉     | 43/88 [00:12<00:12,  3.55it/s, loss=0.647]
  epoch 2/3:  50%|█████     | 44/88 [00:12<00:12,  3.56it/s, loss=0.647]
  epoch 2/3:  50%|█████     | 44/88 [00:12<00:12,  3.56it/s, loss=0.648]
  epoch 2/3:  51%|█████     | 45/88 [00:12<00:12,  3.57it/s, loss=0.648]
  epoch 2/3:  51%|█████     | 45/88 [00:13<00:12,  3.57it/s, loss=0.643]
  epoch 2/3:  52%|█████▏    | 46/88 [00:13<00:11,  3.59it/s, loss=0.643]
  epoch 2/3:  52%|█████▏    | 46/88 [00:13<00:11,  3.59it/s, loss=0.640]
  epoch 2/3:  53%|█████▎    | 47/88 [00:13<00:11,  3.57it/s, loss=0.640]
  epoch 2/3:  53%|█████▎    | 47/88 [00:13<00:11,  3.57it/s, loss=0.639]
  epoch 2/3:  55%|█████▍    | 48/88 [00:13<00:11,  3.56it/s, loss=0.639]
  epoch 2/3:  55%|█████▍    | 48/88 [00:14<00:11,  3.56it/s, loss=0.637]
  epoch 2/3:  56%|█████▌    | 49/88 [00:14<00:10,  3.57it/s, loss=0.637]
  epoch 2/3:  56%|█████▌    | 49/88 [00:14<00:10,  3.57it/s, loss=0.635]
  epoch 2/3:  57%|█████▋    | 50/88 [00:14<00:10,  3.58it/s, loss=0.635]
  epoch 2/3:  57%|█████▋    | 50/88 [00:14<00:10,  3.58it/s, loss=0.631]
  epoch 2/3:  58%|█████▊    | 51/88 [00:14<00:10,  3.59it/s, loss=0.631]
  epoch 2/3:  58%|█████▊    | 51/88 [00:14<00:10,  3.59it/s, loss=0.630]
  epoch 2/3:  59%|█████▉    | 52/88 [00:14<00:10,  3.58it/s, loss=0.630]
  epoch 2/3:  59%|█████▉    | 52/88 [00:15<00:10,  3.58it/s, loss=0.628]
  epoch 2/3:  60%|██████    | 53/88 [00:15<00:09,  3.57it/s, loss=0.628]
  epoch 2/3:  60%|██████    | 53/88 [00:15<00:09,  3.57it/s, loss=0.624]
  epoch 2/3:  61%|██████▏   | 54/88 [00:15<00:09,  3.58it/s, loss=0.624]
  epoch 2/3:  61%|██████▏   | 54/88 [00:15<00:09,  3.58it/s, loss=0.622]
  epoch 2/3:  62%|██████▎   | 55/88 [00:15<00:09,  3.60it/s, loss=0.622]
  epoch 2/3:  62%|██████▎   | 55/88 [00:15<00:09,  3.60it/s, loss=0.619]
  epoch 2/3:  64%|██████▎   | 56/88 [00:15<00:09,  3.53it/s, loss=0.619]
  epoch 2/3:  64%|██████▎   | 56/88 [00:16<00:09,  3.53it/s, loss=0.614]
  epoch 2/3:  65%|██████▍   | 57/88 [00:16<00:08,  3.57it/s, loss=0.614]
  epoch 2/3:  65%|██████▍   | 57/88 [00:16<00:08,  3.57it/s, loss=0.611]
  epoch 2/3:  66%|██████▌   | 58/88 [00:16<00:08,  3.57it/s, loss=0.611]
  epoch 2/3:  66%|██████▌   | 58/88 [00:16<00:08,  3.57it/s, loss=0.608]
  epoch 2/3:  67%|██████▋   | 59/88 [00:16<00:08,  3.58it/s, loss=0.608]
  epoch 2/3:  67%|██████▋   | 59/88 [00:17<00:08,  3.58it/s, loss=0.607]
  epoch 2/3:  68%|██████▊   | 60/88 [00:17<00:07,  3.58it/s, loss=0.607]
  epoch 2/3:  68%|██████▊   | 60/88 [00:17<00:07,  3.58it/s, loss=0.605]
  epoch 2/3:  69%|██████▉   | 61/88 [00:17<00:07,  3.60it/s, loss=0.605]
  epoch 2/3:  69%|██████▉   | 61/88 [00:17<00:07,  3.60it/s, loss=0.602]
  epoch 2/3:  70%|███████   | 62/88 [00:17<00:07,  3.59it/s, loss=0.602]
  epoch 2/3:  70%|███████   | 62/88 [00:17<00:07,  3.59it/s, loss=0.600]
  epoch 2/3:  72%|███████▏  | 63/88 [00:17<00:06,  3.59it/s, loss=0.600]
  epoch 2/3:  72%|███████▏  | 63/88 [00:18<00:06,  3.59it/s, loss=0.597]
  epoch 2/3:  73%|███████▎  | 64/88 [00:18<00:06,  3.62it/s, loss=0.597]
  epoch 2/3:  73%|███████▎  | 64/88 [00:18<00:06,  3.62it/s, loss=0.596]
  epoch 2/3:  74%|███████▍  | 65/88 [00:18<00:06,  3.60it/s, loss=0.596]
  epoch 2/3:  74%|███████▍  | 65/88 [00:18<00:06,  3.60it/s, loss=0.594]
  epoch 2/3:  75%|███████▌  | 66/88 [00:18<00:06,  3.60it/s, loss=0.594]
  epoch 2/3:  75%|███████▌  | 66/88 [00:19<00:06,  3.60it/s, loss=0.591]
  epoch 2/3:  76%|███████▌  | 67/88 [00:19<00:05,  3.61it/s, loss=0.591]
  epoch 2/3:  76%|███████▌  | 67/88 [00:19<00:05,  3.61it/s, loss=0.589]
  epoch 2/3:  77%|███████▋  | 68/88 [00:19<00:05,  3.61it/s, loss=0.589]
  epoch 2/3:  77%|███████▋  | 68/88 [00:19<00:05,  3.61it/s, loss=0.587]
  epoch 2/3:  78%|███████▊  | 69/88 [00:19<00:05,  3.60it/s, loss=0.587]
  epoch 2/3:  78%|███████▊  | 69/88 [00:19<00:05,  3.60it/s, loss=0.584]
  epoch 2/3:  80%|███████▉  | 70/88 [00:19<00:04,  3.60it/s, loss=0.584]
  epoch 2/3:  80%|███████▉  | 70/88 [00:20<00:04,  3.60it/s, loss=0.582]
  epoch 2/3:  81%|████████  | 71/88 [00:20<00:04,  3.61it/s, loss=0.582]
  epoch 2/3:  81%|████████  | 71/88 [00:20<00:04,  3.61it/s, loss=0.579]
  epoch 2/3:  82%|████████▏ | 72/88 [00:20<00:04,  3.54it/s, loss=0.579]
  epoch 2/3:  82%|████████▏ | 72/88 [00:20<00:04,  3.54it/s, loss=0.578]
  epoch 2/3:  83%|████████▎ | 73/88 [00:20<00:04,  3.57it/s, loss=0.578]
  epoch 2/3:  83%|████████▎ | 73/88 [00:20<00:04,  3.57it/s, loss=0.575]
  epoch 2/3:  84%|████████▍ | 74/88 [00:20<00:03,  3.57it/s, loss=0.575]
  epoch 2/3:  84%|████████▍ | 74/88 [00:21<00:03,  3.57it/s, loss=0.571]
  epoch 2/3:  85%|████████▌ | 75/88 [00:21<00:03,  3.57it/s, loss=0.571]
  epoch 2/3:  85%|████████▌ | 75/88 [00:21<00:03,  3.57it/s, loss=0.571]
  epoch 2/3:  86%|████████▋ | 76/88 [00:21<00:03,  3.57it/s, loss=0.571]
  epoch 2/3:  86%|████████▋ | 76/88 [00:21<00:03,  3.57it/s, loss=0.569]
  epoch 2/3:  88%|████████▊ | 77/88 [00:21<00:03,  3.60it/s, loss=0.569]
  epoch 2/3:  88%|████████▊ | 77/88 [00:22<00:03,  3.60it/s, loss=0.568]
  epoch 2/3:  89%|████████▊ | 78/88 [00:22<00:02,  3.59it/s, loss=0.568]
  epoch 2/3:  89%|████████▊ | 78/88 [00:22<00:02,  3.59it/s, loss=0.566]
  epoch 2/3:  90%|████████▉ | 79/88 [00:22<00:02,  3.59it/s, loss=0.566]
  epoch 2/3:  90%|████████▉ | 79/88 [00:22<00:02,  3.59it/s, loss=0.565]
  epoch 2/3:  91%|█████████ | 80/88 [00:22<00:02,  3.59it/s, loss=0.565]
  epoch 2/3:  91%|█████████ | 80/88 [00:22<00:02,  3.59it/s, loss=0.562]
  epoch 2/3:  92%|█████████▏| 81/88 [00:22<00:01,  3.61it/s, loss=0.562]
  epoch 2/3:  92%|█████████▏| 81/88 [00:23<00:01,  3.61it/s, loss=0.560]
  epoch 2/3:  93%|█████████▎| 82/88 [00:23<00:01,  3.60it/s, loss=0.560]
  epoch 2/3:  93%|█████████▎| 82/88 [00:23<00:01,  3.60it/s, loss=0.561]
  epoch 2/3:  94%|█████████▍| 83/88 [00:23<00:01,  3.59it/s, loss=0.561]
  epoch 2/3:  94%|█████████▍| 83/88 [00:23<00:01,  3.59it/s, loss=0.558]
  epoch 2/3:  95%|█████████▌| 84/88 [00:23<00:01,  3.61it/s, loss=0.558]
  epoch 2/3:  95%|█████████▌| 84/88 [00:24<00:01,  3.61it/s, loss=0.556]
  epoch 2/3:  97%|█████████▋| 85/88 [00:24<00:00,  3.60it/s, loss=0.556]
  epoch 2/3:  97%|█████████▋| 85/88 [00:24<00:00,  3.60it/s, loss=0.553]
  epoch 2/3:  98%|█████████▊| 86/88 [00:24<00:00,  3.60it/s, loss=0.553]
  epoch 2/3:  98%|█████████▊| 86/88 [00:24<00:00,  3.60it/s, loss=0.552]
  epoch 2/3:  99%|█████████▉| 87/88 [00:24<00:00,  3.62it/s, loss=0.552]
  epoch 2/3:  99%|█████████▉| 87/88 [00:24<00:00,  3.62it/s, loss=0.551]
  epoch 2/3: 100%|██████████| 88/88 [00:24<00:00,  3.90it/s, loss=0.551]
                                                                        

  epoch 3/3:   0%|          | 0/88 [00:00<?, ?it/s]
  epoch 3/3:   0%|          | 0/88 [00:00<?, ?it/s, loss=0.345]
  epoch 3/3:   1%|          | 1/88 [00:00<00:49,  1.76it/s, loss=0.345]
  epoch 3/3:   1%|          | 1/88 [00:00<00:49,  1.76it/s, loss=0.346]
  epoch 3/3:   2%|▏         | 2/88 [00:00<00:34,  2.51it/s, loss=0.346]
  epoch 3/3:   2%|▏         | 2/88 [00:01<00:34,  2.51it/s, loss=0.350]
  epoch 3/3:   3%|▎         | 3/88 [00:01<00:29,  2.91it/s, loss=0.350]
  epoch 3/3:   3%|▎         | 3/88 [00:01<00:29,  2.91it/s, loss=0.359]
  epoch 3/3:   5%|▍         | 4/88 [00:01<00:26,  3.17it/s, loss=0.359]
  epoch 3/3:   5%|▍         | 4/88 [00:01<00:26,  3.17it/s, loss=0.362]
  epoch 3/3:   6%|▌         | 5/88 [00:01<00:25,  3.30it/s, loss=0.362]
  epoch 3/3:   6%|▌         | 5/88 [00:01<00:25,  3.30it/s, loss=0.357]
  epoch 3/3:   7%|▋         | 6/88 [00:01<00:24,  3.40it/s, loss=0.357]
  epoch 3/3:   7%|▋         | 6/88 [00:02<00:24,  3.40it/s, loss=0.390]
  epoch 3/3:   8%|▊         | 7/88 [00:02<00:23,  3.47it/s, loss=0.390]
  epoch 3/3:   8%|▊         | 7/88 [00:02<00:23,  3.47it/s, loss=0.405]
  epoch 3/3:   9%|▉         | 8/88 [00:02<00:22,  3.52it/s, loss=0.405]
  epoch 3/3:   9%|▉         | 8/88 [00:02<00:22,  3.52it/s, loss=0.394]
  epoch 3/3:  10%|█         | 9/88 [00:02<00:22,  3.55it/s, loss=0.394]
  epoch 3/3:  10%|█         | 9/88 [00:03<00:22,  3.55it/s, loss=0.390]
  epoch 3/3:  11%|█▏        | 10/88 [00:03<00:21,  3.57it/s, loss=0.390]
  epoch 3/3:  11%|█▏        | 10/88 [00:03<00:21,  3.57it/s, loss=0.390]
  epoch 3/3:  12%|█▎        | 11/88 [00:03<00:21,  3.57it/s, loss=0.390]
  epoch 3/3:  12%|█▎        | 11/88 [00:03<00:21,  3.57it/s, loss=0.381]
  epoch 3/3:  14%|█▎        | 12/88 [00:03<00:21,  3.58it/s, loss=0.381]
  epoch 3/3:  14%|█▎        | 12/88 [00:03<00:21,  3.58it/s, loss=0.371]
  epoch 3/3:  15%|█▍        | 13/88 [00:03<00:20,  3.59it/s, loss=0.371]
  epoch 3/3:  15%|█▍        | 13/88 [00:04<00:20,  3.59it/s, loss=0.364]
  epoch 3/3:  16%|█▌        | 14/88 [00:04<00:20,  3.59it/s, loss=0.364]
  epoch 3/3:  16%|█▌        | 14/88 [00:04<00:20,  3.59it/s, loss=0.363]
  epoch 3/3:  17%|█▋        | 15/88 [00:04<00:20,  3.58it/s, loss=0.363]
  epoch 3/3:  17%|█▋        | 15/88 [00:04<00:20,  3.58it/s, loss=0.358]
  epoch 3/3:  18%|█▊        | 16/88 [00:04<00:20,  3.54it/s, loss=0.358]
  epoch 3/3:  18%|█▊        | 16/88 [00:05<00:20,  3.54it/s, loss=0.361]
  epoch 3/3:  19%|█▉        | 17/88 [00:05<00:19,  3.55it/s, loss=0.361]
  epoch 3/3:  19%|█▉        | 17/88 [00:05<00:19,  3.55it/s, loss=0.364]
  epoch 3/3:  20%|██        | 18/88 [00:05<00:19,  3.55it/s, loss=0.364]
  epoch 3/3:  20%|██        | 18/88 [00:05<00:19,  3.55it/s, loss=0.357]
  epoch 3/3:  22%|██▏       | 19/88 [00:05<00:19,  3.57it/s, loss=0.357]
  epoch 3/3:  22%|██▏       | 19/88 [00:05<00:19,  3.57it/s, loss=0.361]
  epoch 3/3:  23%|██▎       | 20/88 [00:05<00:18,  3.60it/s, loss=0.361]
  epoch 3/3:  23%|██▎       | 20/88 [00:06<00:18,  3.60it/s, loss=0.364]
  epoch 3/3:  24%|██▍       | 21/88 [00:06<00:18,  3.59it/s, loss=0.364]
  epoch 3/3:  24%|██▍       | 21/88 [00:06<00:18,  3.59it/s, loss=0.367]
  epoch 3/3:  25%|██▌       | 22/88 [00:06<00:18,  3.60it/s, loss=0.367]
  epoch 3/3:  25%|██▌       | 22/88 [00:06<00:18,  3.60it/s, loss=0.369]
  epoch 3/3:  26%|██▌       | 23/88 [00:06<00:17,  3.62it/s, loss=0.369]
  epoch 3/3:  26%|██▌       | 23/88 [00:06<00:17,  3.62it/s, loss=0.365]
  epoch 3/3:  27%|██▋       | 24/88 [00:06<00:17,  3.61it/s, loss=0.365]
  epoch 3/3:  27%|██▋       | 24/88 [00:07<00:17,  3.61it/s, loss=0.369]
  epoch 3/3:  28%|██▊       | 25/88 [00:07<00:17,  3.60it/s, loss=0.369]
  epoch 3/3:  28%|██▊       | 25/88 [00:07<00:17,  3.60it/s, loss=0.370]
  epoch 3/3:  30%|██▉       | 26/88 [00:07<00:17,  3.62it/s, loss=0.370]
  epoch 3/3:  30%|██▉       | 26/88 [00:07<00:17,  3.62it/s, loss=0.368]
  epoch 3/3:  31%|███       | 27/88 [00:07<00:16,  3.62it/s, loss=0.368]
  epoch 3/3:  31%|███       | 27/88 [00:08<00:16,  3.62it/s, loss=0.366]
  epoch 3/3:  32%|███▏      | 28/88 [00:08<00:16,  3.64it/s, loss=0.366]
  epoch 3/3:  32%|███▏      | 28/88 [00:08<00:16,  3.64it/s, loss=0.369]
  epoch 3/3:  33%|███▎      | 29/88 [00:08<00:16,  3.62it/s, loss=0.369]
  epoch 3/3:  33%|███▎      | 29/88 [00:08<00:16,  3.62it/s, loss=0.368]
  epoch 3/3:  34%|███▍      | 30/88 [00:08<00:16,  3.61it/s, loss=0.368]
  epoch 3/3:  34%|███▍      | 30/88 [00:08<00:16,  3.61it/s, loss=0.365]
  epoch 3/3:  35%|███▌      | 31/88 [00:08<00:15,  3.63it/s, loss=0.365]
  epoch 3/3:  35%|███▌      | 31/88 [00:09<00:15,  3.63it/s, loss=0.362]
  epoch 3/3:  36%|███▋      | 32/88 [00:09<00:15,  3.57it/s, loss=0.362]
  epoch 3/3:  36%|███▋      | 32/88 [00:09<00:15,  3.57it/s, loss=0.361]
  epoch 3/3:  38%|███▊      | 33/88 [00:09<00:15,  3.58it/s, loss=0.361]
  epoch 3/3:  38%|███▊      | 33/88 [00:09<00:15,  3.58it/s, loss=0.357]
  epoch 3/3:  39%|███▊      | 34/88 [00:09<00:15,  3.59it/s, loss=0.357]
  epoch 3/3:  39%|███▊      | 34/88 [00:10<00:15,  3.59it/s, loss=0.355]
  epoch 3/3:  40%|███▉      | 35/88 [00:10<00:14,  3.59it/s, loss=0.355]
  epoch 3/3:  40%|███▉      | 35/88 [00:10<00:14,  3.59it/s, loss=0.354]
  epoch 3/3:  41%|████      | 36/88 [00:10<00:14,  3.61it/s, loss=0.354]
  epoch 3/3:  41%|████      | 36/88 [00:10<00:14,  3.61it/s, loss=0.352]
  epoch 3/3:  42%|████▏     | 37/88 [00:10<00:14,  3.60it/s, loss=0.352]
  epoch 3/3:  42%|████▏     | 37/88 [00:10<00:14,  3.60it/s, loss=0.348]
  epoch 3/3:  43%|████▎     | 38/88 [00:10<00:13,  3.60it/s, loss=0.348]
  epoch 3/3:  43%|████▎     | 38/88 [00:11<00:13,  3.60it/s, loss=0.347]
  epoch 3/3:  44%|████▍     | 39/88 [00:11<00:13,  3.61it/s, loss=0.347]
  epoch 3/3:  44%|████▍     | 39/88 [00:11<00:13,  3.61it/s, loss=0.345]
  epoch 3/3:  45%|████▌     | 40/88 [00:11<00:13,  3.60it/s, loss=0.345]
  epoch 3/3:  45%|████▌     | 40/88 [00:11<00:13,  3.60it/s, loss=0.347]
  epoch 3/3:  47%|████▋     | 41/88 [00:11<00:13,  3.61it/s, loss=0.347]
  epoch 3/3:  47%|████▋     | 41/88 [00:11<00:13,  3.61it/s, loss=0.344]
  epoch 3/3:  48%|████▊     | 42/88 [00:11<00:12,  3.61it/s, loss=0.344]
  epoch 3/3:  48%|████▊     | 42/88 [00:12<00:12,  3.61it/s, loss=0.342]
  epoch 3/3:  49%|████▉     | 43/88 [00:12<00:12,  3.60it/s, loss=0.342]
  epoch 3/3:  49%|████▉     | 43/88 [00:12<00:12,  3.60it/s, loss=0.342]
  epoch 3/3:  50%|█████     | 44/88 [00:12<00:12,  3.60it/s, loss=0.342]
  epoch 3/3:  50%|█████     | 44/88 [00:12<00:12,  3.60it/s, loss=0.340]
  epoch 3/3:  51%|█████     | 45/88 [00:12<00:11,  3.62it/s, loss=0.340]
  epoch 3/3:  51%|█████     | 45/88 [00:13<00:11,  3.62it/s, loss=0.336]
  epoch 3/3:  52%|█████▏    | 46/88 [00:13<00:11,  3.61it/s, loss=0.336]
  epoch 3/3:  52%|█████▏    | 46/88 [00:13<00:11,  3.61it/s, loss=0.336]
  epoch 3/3:  53%|█████▎    | 47/88 [00:13<00:11,  3.61it/s, loss=0.336]
  epoch 3/3:  53%|█████▎    | 47/88 [00:13<00:11,  3.61it/s, loss=0.334]
  epoch 3/3:  55%|█████▍    | 48/88 [00:13<00:11,  3.57it/s, loss=0.334]
  epoch 3/3:  55%|█████▍    | 48/88 [00:13<00:11,  3.57it/s, loss=0.332]
  epoch 3/3:  56%|█████▌    | 49/88 [00:13<00:10,  3.60it/s, loss=0.332]
  epoch 3/3:  56%|█████▌    | 49/88 [00:14<00:10,  3.60it/s, loss=0.333]
  epoch 3/3:  57%|█████▋    | 50/88 [00:14<00:10,  3.60it/s, loss=0.333]
  epoch 3/3:  57%|█████▋    | 50/88 [00:14<00:10,  3.60it/s, loss=0.332]
  epoch 3/3:  58%|█████▊    | 51/88 [00:14<00:10,  3.60it/s, loss=0.332]
  epoch 3/3:  58%|█████▊    | 51/88 [00:14<00:10,  3.60it/s, loss=0.332]
  epoch 3/3:  59%|█████▉    | 52/88 [00:14<00:09,  3.61it/s, loss=0.332]
  epoch 3/3:  59%|█████▉    | 52/88 [00:15<00:09,  3.61it/s, loss=0.334]
  epoch 3/3:  60%|██████    | 53/88 [00:15<00:09,  3.60it/s, loss=0.334]
  epoch 3/3:  60%|██████    | 53/88 [00:15<00:09,  3.60it/s, loss=0.332]
  epoch 3/3:  61%|██████▏   | 54/88 [00:15<00:09,  3.63it/s, loss=0.332]
  epoch 3/3:  61%|██████▏   | 54/88 [00:15<00:09,  3.63it/s, loss=0.331]
  epoch 3/3:  62%|██████▎   | 55/88 [00:15<00:09,  3.61it/s, loss=0.331]
  epoch 3/3:  62%|██████▎   | 55/88 [00:15<00:09,  3.61it/s, loss=0.331]
  epoch 3/3:  64%|██████▎   | 56/88 [00:15<00:08,  3.61it/s, loss=0.331]
  epoch 3/3:  64%|██████▎   | 56/88 [00:16<00:08,  3.61it/s, loss=0.328]
  epoch 3/3:  65%|██████▍   | 57/88 [00:16<00:08,  3.62it/s, loss=0.328]
  epoch 3/3:  65%|██████▍   | 57/88 [00:16<00:08,  3.62it/s, loss=0.331]
  epoch 3/3:  66%|██████▌   | 58/88 [00:16<00:08,  3.60it/s, loss=0.331]
  epoch 3/3:  66%|██████▌   | 58/88 [00:16<00:08,  3.60it/s, loss=0.330]
  epoch 3/3:  67%|██████▋   | 59/88 [00:16<00:08,  3.60it/s, loss=0.330]
  epoch 3/3:  67%|██████▋   | 59/88 [00:16<00:08,  3.60it/s, loss=0.330]
  epoch 3/3:  68%|██████▊   | 60/88 [00:16<00:07,  3.62it/s, loss=0.330]
  epoch 3/3:  68%|██████▊   | 60/88 [00:17<00:07,  3.62it/s, loss=0.330]
  epoch 3/3:  69%|██████▉   | 61/88 [00:17<00:07,  3.62it/s, loss=0.330]
  epoch 3/3:  69%|██████▉   | 61/88 [00:17<00:07,  3.62it/s, loss=0.328]
  epoch 3/3:  70%|███████   | 62/88 [00:17<00:07,  3.62it/s, loss=0.328]
  epoch 3/3:  70%|███████   | 62/88 [00:17<00:07,  3.62it/s, loss=0.329]
  epoch 3/3:  72%|███████▏  | 63/88 [00:17<00:06,  3.61it/s, loss=0.329]
  epoch 3/3:  72%|███████▏  | 63/88 [00:18<00:06,  3.61it/s, loss=0.328]
  epoch 3/3:  73%|███████▎  | 64/88 [00:18<00:06,  3.56it/s, loss=0.328]
  epoch 3/3:  73%|███████▎  | 64/88 [00:18<00:06,  3.56it/s, loss=0.326]
  epoch 3/3:  74%|███████▍  | 65/88 [00:18<00:06,  3.57it/s, loss=0.326]
  epoch 3/3:  74%|███████▍  | 65/88 [00:18<00:06,  3.57it/s, loss=0.326]
  epoch 3/3:  75%|███████▌  | 66/88 [00:18<00:06,  3.58it/s, loss=0.326]
  epoch 3/3:  75%|███████▌  | 66/88 [00:18<00:06,  3.58it/s, loss=0.323]
  epoch 3/3:  76%|███████▌  | 67/88 [00:18<00:05,  3.60it/s, loss=0.323]
  epoch 3/3:  76%|███████▌  | 67/88 [00:19<00:05,  3.60it/s, loss=0.322]
  epoch 3/3:  77%|███████▋  | 68/88 [00:19<00:05,  3.60it/s, loss=0.322]
  epoch 3/3:  77%|███████▋  | 68/88 [00:19<00:05,  3.60it/s, loss=0.323]
  epoch 3/3:  78%|███████▊  | 69/88 [00:19<00:05,  3.60it/s, loss=0.323]
  epoch 3/3:  78%|███████▊  | 69/88 [00:19<00:05,  3.60it/s, loss=0.321]
  epoch 3/3:  80%|███████▉  | 70/88 [00:19<00:04,  3.61it/s, loss=0.321]
  epoch 3/3:  80%|███████▉  | 70/88 [00:20<00:04,  3.61it/s, loss=0.319]
  epoch 3/3:  81%|████████  | 71/88 [00:20<00:04,  3.60it/s, loss=0.319]
  epoch 3/3:  81%|████████  | 71/88 [00:20<00:04,  3.60it/s, loss=0.318]
  epoch 3/3:  82%|████████▏ | 72/88 [00:20<00:04,  3.60it/s, loss=0.318]
  epoch 3/3:  82%|████████▏ | 72/88 [00:20<00:04,  3.60it/s, loss=0.318]
  epoch 3/3:  83%|████████▎ | 73/88 [00:20<00:04,  3.61it/s, loss=0.318]
  epoch 3/3:  83%|████████▎ | 73/88 [00:20<00:04,  3.61it/s, loss=0.315]
  epoch 3/3:  84%|████████▍ | 74/88 [00:20<00:03,  3.61it/s, loss=0.315]
  epoch 3/3:  84%|████████▍ | 74/88 [00:21<00:03,  3.61it/s, loss=0.316]
  epoch 3/3:  85%|████████▌ | 75/88 [00:21<00:03,  3.61it/s, loss=0.316]
  epoch 3/3:  85%|████████▌ | 75/88 [00:21<00:03,  3.61it/s, loss=0.315]
  epoch 3/3:  86%|████████▋ | 76/88 [00:21<00:03,  3.63it/s, loss=0.315]
  epoch 3/3:  86%|████████▋ | 76/88 [00:21<00:03,  3.63it/s, loss=0.313]
  epoch 3/3:  88%|████████▊ | 77/88 [00:21<00:03,  3.61it/s, loss=0.313]
  epoch 3/3:  88%|████████▊ | 77/88 [00:21<00:03,  3.61it/s, loss=0.312]
  epoch 3/3:  89%|████████▊ | 78/88 [00:21<00:02,  3.61it/s, loss=0.312]
  epoch 3/3:  89%|████████▊ | 78/88 [00:22<00:02,  3.61it/s, loss=0.311]
  epoch 3/3:  90%|████████▉ | 79/88 [00:22<00:02,  3.63it/s, loss=0.311]
  epoch 3/3:  90%|████████▉ | 79/88 [00:22<00:02,  3.63it/s, loss=0.311]
  epoch 3/3:  91%|█████████ | 80/88 [00:22<00:02,  3.57it/s, loss=0.311]
  epoch 3/3:  91%|█████████ | 80/88 [00:22<00:02,  3.57it/s, loss=0.309]
  epoch 3/3:  92%|█████████▏| 81/88 [00:22<00:01,  3.58it/s, loss=0.309]
  epoch 3/3:  92%|█████████▏| 81/88 [00:23<00:01,  3.58it/s, loss=0.310]
  epoch 3/3:  93%|█████████▎| 82/88 [00:23<00:01,  3.60it/s, loss=0.310]
  epoch 3/3:  93%|█████████▎| 82/88 [00:23<00:01,  3.60it/s, loss=0.308]
  epoch 3/3:  94%|█████████▍| 83/88 [00:23<00:01,  3.62it/s, loss=0.308]
  epoch 3/3:  94%|█████████▍| 83/88 [00:23<00:01,  3.62it/s, loss=0.308]
  epoch 3/3:  95%|█████████▌| 84/88 [00:23<00:01,  3.62it/s, loss=0.308]
  epoch 3/3:  95%|█████████▌| 84/88 [00:23<00:01,  3.62it/s, loss=0.307]
  epoch 3/3:  97%|█████████▋| 85/88 [00:23<00:00,  3.64it/s, loss=0.307]
  epoch 3/3:  97%|█████████▋| 85/88 [00:24<00:00,  3.64it/s, loss=0.306]
  epoch 3/3:  98%|█████████▊| 86/88 [00:24<00:00,  3.65it/s, loss=0.306]
  epoch 3/3:  98%|█████████▊| 86/88 [00:24<00:00,  3.65it/s, loss=0.306]
  epoch 3/3:  99%|█████████▉| 87/88 [00:24<00:00,  3.64it/s, loss=0.306]
  epoch 3/3:  99%|█████████▉| 87/88 [00:24<00:00,  3.64it/s, loss=0.305]
  epoch 3/3: 100%|██████████| 88/88 [00:24<00:00,  3.96it/s, loss=0.305]
                                                                        
[titans] reset=never | norm(state) sau task = 82.5368
[titans]   self-mod v:β=1.18 |W|=3.34
[titans]   eta_t(avg)=24.9974  alpha_t/forget-gate(avg)=1.0000
[task 8] test acc so far: 0.929  0.814  0.806  0.849  0.834  0.583  0.520  0.186  0.020
[task 8] NCM-blend gamma=0: 0.794  0.703  0.706  0.729  0.751  0.729  0.671  0.654  0.666
[task 8] NCM-blend gamma=1: 0.637  0.594  0.649  0.674  0.763  0.734  0.720  0.743  0.791
[checkpoint] đã lưu tiến độ sau task 8
  memory_state.pt đã lưu (norm=82.5368)

== Ma trận accuracy (hàng = sau khi học task i, cột = đánh giá task j)
[[0.983 0.    0.    0.    0.    0.    0.    0.    0.   ]
 [0.983 0.74  0.    0.    0.    0.    0.    0.    0.   ]
 [0.98  0.817 0.58  0.    0.    0.    0.    0.    0.   ]
 [0.977 0.834 0.706 0.483 0.    0.    0.    0.    0.   ]
 [0.971 0.834 0.76  0.66  0.486 0.    0.    0.    0.   ]
 [0.969 0.829 0.789 0.763 0.68  0.146 0.    0.    0.   ]
 [0.951 0.837 0.82  0.814 0.76  0.329 0.226 0.    0.   ]
 [0.949 0.826 0.82  0.84  0.811 0.457 0.414 0.071 0.   ]
 [0.929 0.814 0.806 0.849 0.834 0.583 0.52  0.186 0.02 ]]

== Kết quả
  Average Accuracy   : 0.6156  (cao = tốt)
  Average Forgetting : -0.0357  (thấp = tốt — con số dự án cần giảm)
  Backward Transfer  : 0.2257  (âm = quên)

== NCM feature readouts
  Linear              : Acc 0.6156 | Forget -0.0357
  NCM online          : Acc 0.7006 | Forget 0.1582
  NCM blend 0       : Acc 0.7114 | Forget 0.0921
  checkpoint.pt đã lưu (model + Titans state + online NCM)
  Saved -> artifacts_ncm_adaptation/results/resisc45_titans_seed2_full-combination-seed2_m3_delta_clip_f16_lr0.005_rnever_optkeep_splitcombined31500_v2_ncmadapt850a88ec
