
[2026-07-31 16:48:57] $ /usr/bin/python3 /home/an/RaybanMeta/uav-continual-learning/scripts/run_g1.py --config /home/an/RaybanMeta/uav-continual-learning/configs/g2_titans_resisc45_ncm_adaptation.yaml --method titans --skip-existing --set seed=0 train.ncm.blend.gammas=[0,1] train.ncm.transport.enabled=true train.ncm.transport.screen_gamma=1 train.ncm.transport.candidates=[{"name":"translation_r0_b1","type":"translation","regularization":0.0,"beta":1.0},{"name":"diagonal_r10_b0.5","type":"diagonal","regularization":10.0,"beta":0.5},{"name":"procrustes_r0_b0.5","type":"procrustes","regularization":0.0,"beta":0.5},{"name":"identity_ridge_r1_b0.5","type":"identity_ridge","regularization":1.0,"beta":0.5},{"name":"identity_ridge_r10_b0.5","type":"identity_ridge","regularization":10.0,"beta":0.5},{"name":"identity_ridge_r100_b0.5","type":"identity_ridge","regularization":100.0,"beta":0.5},{"name":"identity_ridge_r10_b0.25","type":"identity_ridge","regularization":10.0,"beta":0.25},{"name":"identity_ridge_r10_b1","type":"identity_ridge","regularization":10.0,"beta":1.0}] train.feature_distillation.enabled=false log.dir=artifacts_ncm_adaptation log.run_tag=transport-candidates-seed0
== G1 run: dataset=resisc45 method=titans seed=0 device=cuda
Warning: You are sending unauthenticated requests to the HF Hub. Please set a HF_TOKEN to enable higher rate limits and faster downloads.
task 0: 5 classes [airplane, airport, desert, runway, stadium] | train 2800 / val 350 / test 350
task 1: 5 classes [church, dense_residential, lake, tennis_court, thermal_power_station] | train 2800 / val 350 / test 350
task 2: 5 classes [bridge, chaparral, freeway, island, railway] | train 2800 / val 350 / test 350
task 3: 5 classes [commercial_area, golf_course, medium_residential, parking_lot, terrace] | train 2800 / val 350 / test 350
task 4: 5 classes [cloud, harbor, palace, sea_ice, ship] | train 2800 / val 350 / test 350
task 5: 5 classes [basketball_court, roundabout, snowberg, sparse_residential, wetland] | train 2800 / val 350 / test 350
task 6: 5 classes [beach, circular_farmland, forest, industrial_area, storage_tank] | train 2800 / val 350 / test 350
task 7: 5 classes [intersection, meadow, mountain, railway_station, rectangular_farmland] | train 2800 / val 350 / test 350
task 8: 5 classes [baseball_diamond, ground_track_field, mobile_home_park, overpass, river] | train 2800 / val 350 / test 350
[titans] seq=image_seq reset=never chunk=32
[task 0] classes=[0, 1, 12, 34, 39] | train=2800

  epoch 1/3:   0%|          | 0/88 [00:00<?, ?it/s]
  epoch 1/3:   0%|          | 0/88 [00:01<?, ?it/s, loss=1.746]
  epoch 1/3:   1%|          | 1/88 [00:01<02:10,  1.50s/it, loss=1.746]
  epoch 1/3:   1%|          | 1/88 [00:01<02:10,  1.50s/it, loss=1.819]
  epoch 1/3:   2%|▏         | 2/88 [00:01<01:06,  1.29it/s, loss=1.819]
  epoch 1/3:   2%|▏         | 2/88 [00:02<01:06,  1.29it/s, loss=1.780]
  epoch 1/3:   3%|▎         | 3/88 [00:02<00:45,  1.86it/s, loss=1.780]
  epoch 1/3:   3%|▎         | 3/88 [00:02<00:45,  1.86it/s, loss=1.767]
  epoch 1/3:   5%|▍         | 4/88 [00:02<00:36,  2.33it/s, loss=1.767]
  epoch 1/3:   5%|▍         | 4/88 [00:02<00:36,  2.33it/s, loss=1.777]
  epoch 1/3:   6%|▌         | 5/88 [00:02<00:30,  2.73it/s, loss=1.777]
  epoch 1/3:   6%|▌         | 5/88 [00:02<00:30,  2.73it/s, loss=1.777]
  epoch 1/3:   7%|▋         | 6/88 [00:02<00:27,  3.03it/s, loss=1.777]
  epoch 1/3:   7%|▋         | 6/88 [00:03<00:27,  3.03it/s, loss=1.773]
  epoch 1/3:   8%|▊         | 7/88 [00:03<00:24,  3.25it/s, loss=1.773]
  epoch 1/3:   8%|▊         | 7/88 [00:03<00:24,  3.25it/s, loss=1.765]
  epoch 1/3:   9%|▉         | 8/88 [00:03<00:23,  3.40it/s, loss=1.765]
  epoch 1/3:   9%|▉         | 8/88 [00:03<00:23,  3.40it/s, loss=1.759]
  epoch 1/3:  10%|█         | 9/88 [00:03<00:22,  3.52it/s, loss=1.759]
  epoch 1/3:  10%|█         | 9/88 [00:03<00:22,  3.52it/s, loss=1.748]
  epoch 1/3:  11%|█▏        | 10/88 [00:03<00:21,  3.59it/s, loss=1.748]
  epoch 1/3:  11%|█▏        | 10/88 [00:04<00:21,  3.59it/s, loss=1.746]
  epoch 1/3:  12%|█▎        | 11/88 [00:04<00:21,  3.64it/s, loss=1.746]
  epoch 1/3:  12%|█▎        | 11/88 [00:04<00:21,  3.64it/s, loss=1.745]
  epoch 1/3:  14%|█▎        | 12/88 [00:04<00:20,  3.69it/s, loss=1.745]
  epoch 1/3:  14%|█▎        | 12/88 [00:04<00:20,  3.69it/s, loss=1.742]
  epoch 1/3:  15%|█▍        | 13/88 [00:04<00:20,  3.72it/s, loss=1.742]
  epoch 1/3:  15%|█▍        | 13/88 [00:04<00:20,  3.72it/s, loss=1.735]
  epoch 1/3:  16%|█▌        | 14/88 [00:04<00:19,  3.74it/s, loss=1.735]
  epoch 1/3:  16%|█▌        | 14/88 [00:05<00:19,  3.74it/s, loss=1.734]
  epoch 1/3:  17%|█▋        | 15/88 [00:05<00:19,  3.76it/s, loss=1.734]
  epoch 1/3:  17%|█▋        | 15/88 [00:05<00:19,  3.76it/s, loss=1.731]
  epoch 1/3:  18%|█▊        | 16/88 [00:05<00:19,  3.73it/s, loss=1.731]
  epoch 1/3:  18%|█▊        | 16/88 [00:05<00:19,  3.73it/s, loss=1.728]
  epoch 1/3:  19%|█▉        | 17/88 [00:05<00:19,  3.73it/s, loss=1.728]
  epoch 1/3:  19%|█▉        | 17/88 [00:05<00:19,  3.73it/s, loss=1.719]
  epoch 1/3:  20%|██        | 18/88 [00:05<00:18,  3.75it/s, loss=1.719]
  epoch 1/3:  20%|██        | 18/88 [00:06<00:18,  3.75it/s, loss=1.713]
  epoch 1/3:  22%|██▏       | 19/88 [00:06<00:18,  3.75it/s, loss=1.713]
  epoch 1/3:  22%|██▏       | 19/88 [00:06<00:18,  3.75it/s, loss=1.709]
  epoch 1/3:  23%|██▎       | 20/88 [00:06<00:18,  3.75it/s, loss=1.709]
  epoch 1/3:  23%|██▎       | 20/88 [00:06<00:18,  3.75it/s, loss=1.706]
  epoch 1/3:  24%|██▍       | 21/88 [00:06<00:17,  3.77it/s, loss=1.706]
  epoch 1/3:  24%|██▍       | 21/88 [00:07<00:17,  3.77it/s, loss=1.699]
  epoch 1/3:  25%|██▌       | 22/88 [00:07<00:17,  3.77it/s, loss=1.699]
  epoch 1/3:  25%|██▌       | 22/88 [00:07<00:17,  3.77it/s, loss=1.695]
  epoch 1/3:  26%|██▌       | 23/88 [00:07<00:17,  3.77it/s, loss=1.695]
  epoch 1/3:  26%|██▌       | 23/88 [00:07<00:17,  3.77it/s, loss=1.686]
  epoch 1/3:  27%|██▋       | 24/88 [00:07<00:16,  3.77it/s, loss=1.686]
  epoch 1/3:  27%|██▋       | 24/88 [00:07<00:16,  3.77it/s, loss=1.679]
  epoch 1/3:  28%|██▊       | 25/88 [00:07<00:16,  3.77it/s, loss=1.679]
  epoch 1/3:  28%|██▊       | 25/88 [00:08<00:16,  3.77it/s, loss=1.669]
  epoch 1/3:  30%|██▉       | 26/88 [00:08<00:16,  3.78it/s, loss=1.669]
  epoch 1/3:  30%|██▉       | 26/88 [00:08<00:16,  3.78it/s, loss=1.665]
  epoch 1/3:  31%|███       | 27/88 [00:08<00:16,  3.71it/s, loss=1.665]
  epoch 1/3:  31%|███       | 27/88 [00:08<00:16,  3.71it/s, loss=1.657]
  epoch 1/3:  32%|███▏      | 28/88 [00:08<00:16,  3.72it/s, loss=1.657]
  epoch 1/3:  32%|███▏      | 28/88 [00:08<00:16,  3.72it/s, loss=1.649]
  epoch 1/3:  33%|███▎      | 29/88 [00:08<00:15,  3.72it/s, loss=1.649]
  epoch 1/3:  33%|███▎      | 29/88 [00:09<00:15,  3.72it/s, loss=1.645]
  epoch 1/3:  34%|███▍      | 30/88 [00:09<00:15,  3.72it/s, loss=1.645]
  epoch 1/3:  34%|███▍      | 30/88 [00:09<00:15,  3.72it/s, loss=1.638]
  epoch 1/3:  35%|███▌      | 31/88 [00:09<00:15,  3.70it/s, loss=1.638]
  epoch 1/3:  35%|███▌      | 31/88 [00:09<00:15,  3.70it/s, loss=1.637]
  epoch 1/3:  36%|███▋      | 32/88 [00:09<00:15,  3.67it/s, loss=1.637]
  epoch 1/3:  36%|███▋      | 32/88 [00:10<00:15,  3.67it/s, loss=1.631]
  epoch 1/3:  38%|███▊      | 33/88 [00:10<00:14,  3.68it/s, loss=1.631]
  epoch 1/3:  38%|███▊      | 33/88 [00:10<00:14,  3.68it/s, loss=1.626]
  epoch 1/3:  39%|███▊      | 34/88 [00:10<00:14,  3.70it/s, loss=1.626]
  epoch 1/3:  39%|███▊      | 34/88 [00:10<00:14,  3.70it/s, loss=1.622]
  epoch 1/3:  40%|███▉      | 35/88 [00:10<00:14,  3.68it/s, loss=1.622]
  epoch 1/3:  40%|███▉      | 35/88 [00:10<00:14,  3.68it/s, loss=1.614]
  epoch 1/3:  41%|████      | 36/88 [00:10<00:14,  3.69it/s, loss=1.614]
  epoch 1/3:  41%|████      | 36/88 [00:11<00:14,  3.69it/s, loss=1.604]
  epoch 1/3:  42%|████▏     | 37/88 [00:11<00:13,  3.69it/s, loss=1.604]
  epoch 1/3:  42%|████▏     | 37/88 [00:11<00:13,  3.69it/s, loss=1.597]
  epoch 1/3:  43%|████▎     | 38/88 [00:11<00:13,  3.68it/s, loss=1.597]
  epoch 1/3:  43%|████▎     | 38/88 [00:11<00:13,  3.68it/s, loss=1.589]
  epoch 1/3:  44%|████▍     | 39/88 [00:11<00:13,  3.67it/s, loss=1.589]
  epoch 1/3:  44%|████▍     | 39/88 [00:11<00:13,  3.67it/s, loss=1.580]
  epoch 1/3:  45%|████▌     | 40/88 [00:11<00:13,  3.66it/s, loss=1.580]
  epoch 1/3:  45%|████▌     | 40/88 [00:12<00:13,  3.66it/s, loss=1.573]
  epoch 1/3:  47%|████▋     | 41/88 [00:12<00:12,  3.66it/s, loss=1.573]
  epoch 1/3:  47%|████▋     | 41/88 [00:12<00:12,  3.66it/s, loss=1.568]
  epoch 1/3:  48%|████▊     | 42/88 [00:12<00:12,  3.66it/s, loss=1.568]
  epoch 1/3:  48%|████▊     | 42/88 [00:12<00:12,  3.66it/s, loss=1.561]
  epoch 1/3:  49%|████▉     | 43/88 [00:12<00:12,  3.65it/s, loss=1.561]
  epoch 1/3:  49%|████▉     | 43/88 [00:13<00:12,  3.65it/s, loss=1.551]
  epoch 1/3:  50%|█████     | 44/88 [00:13<00:12,  3.65it/s, loss=1.551]
  epoch 1/3:  50%|█████     | 44/88 [00:13<00:12,  3.65it/s, loss=1.544]
  epoch 1/3:  51%|█████     | 45/88 [00:13<00:11,  3.65it/s, loss=1.544]
  epoch 1/3:  51%|█████     | 45/88 [00:13<00:11,  3.65it/s, loss=1.538]
  epoch 1/3:  52%|█████▏    | 46/88 [00:13<00:11,  3.65it/s, loss=1.538]
  epoch 1/3:  52%|█████▏    | 46/88 [00:13<00:11,  3.65it/s, loss=1.532]
  epoch 1/3:  53%|█████▎    | 47/88 [00:13<00:11,  3.65it/s, loss=1.532]
  epoch 1/3:  53%|█████▎    | 47/88 [00:14<00:11,  3.65it/s, loss=1.525]
  epoch 1/3:  55%|█████▍    | 48/88 [00:14<00:11,  3.61it/s, loss=1.525]
  epoch 1/3:  55%|█████▍    | 48/88 [00:14<00:11,  3.61it/s, loss=1.516]
  epoch 1/3:  56%|█████▌    | 49/88 [00:14<00:10,  3.62it/s, loss=1.516]
  epoch 1/3:  56%|█████▌    | 49/88 [00:14<00:10,  3.62it/s, loss=1.511]
  epoch 1/3:  57%|█████▋    | 50/88 [00:14<00:10,  3.60it/s, loss=1.511]
  epoch 1/3:  57%|█████▋    | 50/88 [00:14<00:10,  3.60it/s, loss=1.505]
  epoch 1/3:  58%|█████▊    | 51/88 [00:14<00:10,  3.59it/s, loss=1.505]
  epoch 1/3:  58%|█████▊    | 51/88 [00:15<00:10,  3.59it/s, loss=1.499]
  epoch 1/3:  59%|█████▉    | 52/88 [00:15<00:10,  3.59it/s, loss=1.499]
  epoch 1/3:  59%|█████▉    | 52/88 [00:15<00:10,  3.59it/s, loss=1.490]
  epoch 1/3:  60%|██████    | 53/88 [00:15<00:09,  3.62it/s, loss=1.490]
  epoch 1/3:  60%|██████    | 53/88 [00:15<00:09,  3.62it/s, loss=1.486]
  epoch 1/3:  61%|██████▏   | 54/88 [00:15<00:09,  3.59it/s, loss=1.486]
  epoch 1/3:  61%|██████▏   | 54/88 [00:16<00:09,  3.59it/s, loss=1.480]
  epoch 1/3:  62%|██████▎   | 55/88 [00:16<00:09,  3.58it/s, loss=1.480]
  epoch 1/3:  62%|██████▎   | 55/88 [00:16<00:09,  3.58it/s, loss=1.474]
  epoch 1/3:  64%|██████▎   | 56/88 [00:16<00:08,  3.57it/s, loss=1.474]
  epoch 1/3:  64%|██████▎   | 56/88 [00:16<00:08,  3.57it/s, loss=1.467]
  epoch 1/3:  65%|██████▍   | 57/88 [00:16<00:08,  3.57it/s, loss=1.467]
  epoch 1/3:  65%|██████▍   | 57/88 [00:16<00:08,  3.57it/s, loss=1.461]
  epoch 1/3:  66%|██████▌   | 58/88 [00:16<00:08,  3.57it/s, loss=1.461]
  epoch 1/3:  66%|██████▌   | 58/88 [00:17<00:08,  3.57it/s, loss=1.453]
  epoch 1/3:  67%|██████▋   | 59/88 [00:17<00:08,  3.58it/s, loss=1.453]
  epoch 1/3:  67%|██████▋   | 59/88 [00:17<00:08,  3.58it/s, loss=1.446]
  epoch 1/3:  68%|██████▊   | 60/88 [00:17<00:07,  3.57it/s, loss=1.446]
  epoch 1/3:  68%|██████▊   | 60/88 [00:17<00:07,  3.57it/s, loss=1.442]
  epoch 1/3:  69%|██████▉   | 61/88 [00:17<00:07,  3.55it/s, loss=1.442]
  epoch 1/3:  69%|██████▉   | 61/88 [00:18<00:07,  3.55it/s, loss=1.436]
  epoch 1/3:  70%|███████   | 62/88 [00:18<00:07,  3.54it/s, loss=1.436]
  epoch 1/3:  70%|███████   | 62/88 [00:18<00:07,  3.54it/s, loss=1.432]
  epoch 1/3:  72%|███████▏  | 63/88 [00:18<00:07,  3.54it/s, loss=1.432]
  epoch 1/3:  72%|███████▏  | 63/88 [00:18<00:07,  3.54it/s, loss=1.426]
  epoch 1/3:  73%|███████▎  | 64/88 [00:18<00:06,  3.48it/s, loss=1.426]
  epoch 1/3:  73%|███████▎  | 64/88 [00:18<00:06,  3.48it/s, loss=1.420]
  epoch 1/3:  74%|███████▍  | 65/88 [00:18<00:06,  3.49it/s, loss=1.420]
  epoch 1/3:  74%|███████▍  | 65/88 [00:19<00:06,  3.49it/s, loss=1.412]
  epoch 1/3:  75%|███████▌  | 66/88 [00:19<00:06,  3.47it/s, loss=1.412]
  epoch 1/3:  75%|███████▌  | 66/88 [00:19<00:06,  3.47it/s, loss=1.405]
  epoch 1/3:  76%|███████▌  | 67/88 [00:19<00:06,  3.47it/s, loss=1.405]
  epoch 1/3:  76%|███████▌  | 67/88 [00:19<00:06,  3.47it/s, loss=1.398]
  epoch 1/3:  77%|███████▋  | 68/88 [00:19<00:05,  3.49it/s, loss=1.398]
  epoch 1/3:  77%|███████▋  | 68/88 [00:20<00:05,  3.49it/s, loss=1.392]
  epoch 1/3:  78%|███████▊  | 69/88 [00:20<00:05,  3.49it/s, loss=1.392]
  epoch 1/3:  78%|███████▊  | 69/88 [00:20<00:05,  3.49it/s, loss=1.386]
  epoch 1/3:  80%|███████▉  | 70/88 [00:20<00:05,  3.49it/s, loss=1.386]
  epoch 1/3:  80%|███████▉  | 70/88 [00:20<00:05,  3.49it/s, loss=1.381]
  epoch 1/3:  81%|████████  | 71/88 [00:20<00:04,  3.51it/s, loss=1.381]
  epoch 1/3:  81%|████████  | 71/88 [00:20<00:04,  3.51it/s, loss=1.375]
  epoch 1/3:  82%|████████▏ | 72/88 [00:20<00:04,  3.47it/s, loss=1.375]
  epoch 1/3:  82%|████████▏ | 72/88 [00:21<00:04,  3.47it/s, loss=1.371]
  epoch 1/3:  83%|████████▎ | 73/88 [00:21<00:04,  3.48it/s, loss=1.371]
  epoch 1/3:  83%|████████▎ | 73/88 [00:21<00:04,  3.48it/s, loss=1.364]
  epoch 1/3:  84%|████████▍ | 74/88 [00:21<00:04,  3.47it/s, loss=1.364]
  epoch 1/3:  84%|████████▍ | 74/88 [00:21<00:04,  3.47it/s, loss=1.357]
  epoch 1/3:  85%|████████▌ | 75/88 [00:21<00:03,  3.47it/s, loss=1.357]
  epoch 1/3:  85%|████████▌ | 75/88 [00:22<00:03,  3.47it/s, loss=1.350]
  epoch 1/3:  86%|████████▋ | 76/88 [00:22<00:03,  3.47it/s, loss=1.350]
  epoch 1/3:  86%|████████▋ | 76/88 [00:22<00:03,  3.47it/s, loss=1.345]
  epoch 1/3:  88%|████████▊ | 77/88 [00:22<00:03,  3.43it/s, loss=1.345]
  epoch 1/3:  88%|████████▊ | 77/88 [00:22<00:03,  3.43it/s, loss=1.337]
  epoch 1/3:  89%|████████▊ | 78/88 [00:22<00:02,  3.43it/s, loss=1.337]
  epoch 1/3:  89%|████████▊ | 78/88 [00:22<00:02,  3.43it/s, loss=1.332]
  epoch 1/3:  90%|████████▉ | 79/88 [00:22<00:02,  3.43it/s, loss=1.332]
  epoch 1/3:  90%|████████▉ | 79/88 [00:23<00:02,  3.43it/s, loss=1.325]
  epoch 1/3:  91%|█████████ | 80/88 [00:23<00:02,  3.39it/s, loss=1.325]
  epoch 1/3:  91%|█████████ | 80/88 [00:23<00:02,  3.39it/s, loss=1.319]
  epoch 1/3:  92%|█████████▏| 81/88 [00:23<00:02,  3.40it/s, loss=1.319]
  epoch 1/3:  92%|█████████▏| 81/88 [00:23<00:02,  3.40it/s, loss=1.314]
  epoch 1/3:  93%|█████████▎| 82/88 [00:23<00:01,  3.41it/s, loss=1.314]
  epoch 1/3:  93%|█████████▎| 82/88 [00:24<00:01,  3.41it/s, loss=1.307]
  epoch 1/3:  94%|█████████▍| 83/88 [00:24<00:01,  3.42it/s, loss=1.307]
  epoch 1/3:  94%|█████████▍| 83/88 [00:24<00:01,  3.42it/s, loss=1.302]
  epoch 1/3:  95%|█████████▌| 84/88 [00:24<00:01,  3.43it/s, loss=1.302]
  epoch 1/3:  95%|█████████▌| 84/88 [00:24<00:01,  3.43it/s, loss=1.296]
  epoch 1/3:  97%|█████████▋| 85/88 [00:24<00:00,  3.42it/s, loss=1.296]
  epoch 1/3:  97%|█████████▋| 85/88 [00:24<00:00,  3.42it/s, loss=1.291]
  epoch 1/3:  98%|█████████▊| 86/88 [00:24<00:00,  3.42it/s, loss=1.291]
  epoch 1/3:  98%|█████████▊| 86/88 [00:25<00:00,  3.42it/s, loss=1.286]
  epoch 1/3:  99%|█████████▉| 87/88 [00:25<00:00,  3.42it/s, loss=1.286]
  epoch 1/3:  99%|█████████▉| 87/88 [00:25<00:00,  3.42it/s, loss=1.282]
  epoch 1/3: 100%|██████████| 88/88 [00:25<00:00,  3.74it/s, loss=1.282]
                                                                        

  epoch 2/3:   0%|          | 0/88 [00:00<?, ?it/s]
  epoch 2/3:   0%|          | 0/88 [00:00<?, ?it/s, loss=0.823]
  epoch 2/3:   1%|          | 1/88 [00:00<00:45,  1.93it/s, loss=0.823]
  epoch 2/3:   1%|          | 1/88 [00:00<00:45,  1.93it/s, loss=0.801]
  epoch 2/3:   2%|▏         | 2/88 [00:00<00:33,  2.59it/s, loss=0.801]
  epoch 2/3:   2%|▏         | 2/88 [00:01<00:33,  2.59it/s, loss=0.780]
  epoch 2/3:   3%|▎         | 3/88 [00:01<00:29,  2.90it/s, loss=0.780]
  epoch 2/3:   3%|▎         | 3/88 [00:01<00:29,  2.90it/s, loss=0.760]
  epoch 2/3:   5%|▍         | 4/88 [00:01<00:27,  3.09it/s, loss=0.760]
  epoch 2/3:   5%|▍         | 4/88 [00:01<00:27,  3.09it/s, loss=0.748]
  epoch 2/3:   6%|▌         | 5/88 [00:01<00:26,  3.19it/s, loss=0.748]
  epoch 2/3:   6%|▌         | 5/88 [00:01<00:26,  3.19it/s, loss=0.746]
  epoch 2/3:   7%|▋         | 6/88 [00:01<00:25,  3.26it/s, loss=0.746]
  epoch 2/3:   7%|▋         | 6/88 [00:02<00:25,  3.26it/s, loss=0.732]
  epoch 2/3:   8%|▊         | 7/88 [00:02<00:24,  3.29it/s, loss=0.732]
  epoch 2/3:   8%|▊         | 7/88 [00:02<00:24,  3.29it/s, loss=0.726]
  epoch 2/3:   9%|▉         | 8/88 [00:02<00:24,  3.29it/s, loss=0.726]
  epoch 2/3:   9%|▉         | 8/88 [00:02<00:24,  3.29it/s, loss=0.726]
  epoch 2/3:  10%|█         | 9/88 [00:02<00:23,  3.34it/s, loss=0.726]
  epoch 2/3:  10%|█         | 9/88 [00:03<00:23,  3.34it/s, loss=0.744]
  epoch 2/3:  11%|█▏        | 10/88 [00:03<00:23,  3.36it/s, loss=0.744]
  epoch 2/3:  11%|█▏        | 10/88 [00:03<00:23,  3.36it/s, loss=0.742]
  epoch 2/3:  12%|█▎        | 11/88 [00:03<00:22,  3.36it/s, loss=0.742]
  epoch 2/3:  12%|█▎        | 11/88 [00:03<00:22,  3.36it/s, loss=0.742]
  epoch 2/3:  14%|█▎        | 12/88 [00:03<00:22,  3.37it/s, loss=0.742]
  epoch 2/3:  14%|█▎        | 12/88 [00:04<00:22,  3.37it/s, loss=0.732]
  epoch 2/3:  15%|█▍        | 13/88 [00:04<00:22,  3.39it/s, loss=0.732]
  epoch 2/3:  15%|█▍        | 13/88 [00:04<00:22,  3.39it/s, loss=0.729]
  epoch 2/3:  16%|█▌        | 14/88 [00:04<00:21,  3.40it/s, loss=0.729]
  epoch 2/3:  16%|█▌        | 14/88 [00:04<00:21,  3.40it/s, loss=0.725]
  epoch 2/3:  17%|█▋        | 15/88 [00:04<00:21,  3.39it/s, loss=0.725]
  epoch 2/3:  17%|█▋        | 15/88 [00:04<00:21,  3.39it/s, loss=0.720]
  epoch 2/3:  18%|█▊        | 16/88 [00:04<00:21,  3.41it/s, loss=0.720]
  epoch 2/3:  18%|█▊        | 16/88 [00:05<00:21,  3.41it/s, loss=0.717]
  epoch 2/3:  19%|█▉        | 17/88 [00:05<00:20,  3.41it/s, loss=0.717]
  epoch 2/3:  19%|█▉        | 17/88 [00:05<00:20,  3.41it/s, loss=0.712]
  epoch 2/3:  20%|██        | 18/88 [00:05<00:20,  3.41it/s, loss=0.712]
  epoch 2/3:  20%|██        | 18/88 [00:05<00:20,  3.41it/s, loss=0.709]
  epoch 2/3:  22%|██▏       | 19/88 [00:05<00:20,  3.42it/s, loss=0.709]
  epoch 2/3:  22%|██▏       | 19/88 [00:06<00:20,  3.42it/s, loss=0.699]
  epoch 2/3:  23%|██▎       | 20/88 [00:06<00:19,  3.43it/s, loss=0.699]
  epoch 2/3:  23%|██▎       | 20/88 [00:06<00:19,  3.43it/s, loss=0.692]
  epoch 2/3:  24%|██▍       | 21/88 [00:06<00:19,  3.44it/s, loss=0.692]
  epoch 2/3:  24%|██▍       | 21/88 [00:06<00:19,  3.44it/s, loss=0.686]
  epoch 2/3:  25%|██▌       | 22/88 [00:06<00:19,  3.45it/s, loss=0.686]
  epoch 2/3:  25%|██▌       | 22/88 [00:06<00:19,  3.45it/s, loss=0.684]
  epoch 2/3:  26%|██▌       | 23/88 [00:06<00:18,  3.46it/s, loss=0.684]
  epoch 2/3:  26%|██▌       | 23/88 [00:07<00:18,  3.46it/s, loss=0.678]
  epoch 2/3:  27%|██▋       | 24/88 [00:07<00:18,  3.43it/s, loss=0.678]
  epoch 2/3:  27%|██▋       | 24/88 [00:07<00:18,  3.43it/s, loss=0.672]
  epoch 2/3:  28%|██▊       | 25/88 [00:07<00:18,  3.45it/s, loss=0.672]
  epoch 2/3:  28%|██▊       | 25/88 [00:07<00:18,  3.45it/s, loss=0.672]
  epoch 2/3:  30%|██▉       | 26/88 [00:07<00:17,  3.46it/s, loss=0.672]
  epoch 2/3:  30%|██▉       | 26/88 [00:08<00:17,  3.46it/s, loss=0.668]
  epoch 2/3:  31%|███       | 27/88 [00:08<00:17,  3.47it/s, loss=0.668]
  epoch 2/3:  31%|███       | 27/88 [00:08<00:17,  3.47it/s, loss=0.672]
  epoch 2/3:  32%|███▏      | 28/88 [00:08<00:17,  3.48it/s, loss=0.672]
  epoch 2/3:  32%|███▏      | 28/88 [00:08<00:17,  3.48it/s, loss=0.666]
  epoch 2/3:  33%|███▎      | 29/88 [00:08<00:16,  3.49it/s, loss=0.666]
  epoch 2/3:  33%|███▎      | 29/88 [00:08<00:16,  3.49it/s, loss=0.660]
  epoch 2/3:  34%|███▍      | 30/88 [00:08<00:16,  3.50it/s, loss=0.660]
  epoch 2/3:  34%|███▍      | 30/88 [00:09<00:16,  3.50it/s, loss=0.655]
  epoch 2/3:  35%|███▌      | 31/88 [00:09<00:16,  3.48it/s, loss=0.655]
  epoch 2/3:  35%|███▌      | 31/88 [00:09<00:16,  3.48it/s, loss=0.649]
  epoch 2/3:  36%|███▋      | 32/88 [00:09<00:16,  3.49it/s, loss=0.649]
  epoch 2/3:  36%|███▋      | 32/88 [00:09<00:16,  3.49it/s, loss=0.644]
  epoch 2/3:  38%|███▊      | 33/88 [00:09<00:15,  3.48it/s, loss=0.644]
  epoch 2/3:  38%|███▊      | 33/88 [00:10<00:15,  3.48it/s, loss=0.640]
  epoch 2/3:  39%|███▊      | 34/88 [00:10<00:15,  3.49it/s, loss=0.640]
  epoch 2/3:  39%|███▊      | 34/88 [00:10<00:15,  3.49it/s, loss=0.636]
  epoch 2/3:  40%|███▉      | 35/88 [00:10<00:15,  3.50it/s, loss=0.636]
  epoch 2/3:  40%|███▉      | 35/88 [00:10<00:15,  3.50it/s, loss=0.636]
  epoch 2/3:  41%|████      | 36/88 [00:10<00:14,  3.51it/s, loss=0.636]
  epoch 2/3:  41%|████      | 36/88 [00:10<00:14,  3.51it/s, loss=0.632]
  epoch 2/3:  42%|████▏     | 37/88 [00:10<00:14,  3.51it/s, loss=0.632]
  epoch 2/3:  42%|████▏     | 37/88 [00:11<00:14,  3.51it/s, loss=0.629]
  epoch 2/3:  43%|████▎     | 38/88 [00:11<00:14,  3.51it/s, loss=0.629]
  epoch 2/3:  43%|████▎     | 38/88 [00:11<00:14,  3.51it/s, loss=0.625]
  epoch 2/3:  44%|████▍     | 39/88 [00:11<00:13,  3.52it/s, loss=0.625]
  epoch 2/3:  44%|████▍     | 39/88 [00:11<00:13,  3.52it/s, loss=0.623]
  epoch 2/3:  45%|████▌     | 40/88 [00:11<00:13,  3.48it/s, loss=0.623]
  epoch 2/3:  45%|████▌     | 40/88 [00:12<00:13,  3.48it/s, loss=0.622]
  epoch 2/3:  47%|████▋     | 41/88 [00:12<00:13,  3.49it/s, loss=0.622]
  epoch 2/3:  47%|████▋     | 41/88 [00:12<00:13,  3.49it/s, loss=0.618]
  epoch 2/3:  48%|████▊     | 42/88 [00:12<00:13,  3.50it/s, loss=0.618]
  epoch 2/3:  48%|████▊     | 42/88 [00:12<00:13,  3.50it/s, loss=0.617]
  epoch 2/3:  49%|████▉     | 43/88 [00:12<00:12,  3.50it/s, loss=0.617]
  epoch 2/3:  49%|████▉     | 43/88 [00:12<00:12,  3.50it/s, loss=0.614]
  epoch 2/3:  50%|█████     | 44/88 [00:12<00:12,  3.51it/s, loss=0.614]
  epoch 2/3:  50%|█████     | 44/88 [00:13<00:12,  3.51it/s, loss=0.611]
  epoch 2/3:  51%|█████     | 45/88 [00:13<00:12,  3.49it/s, loss=0.611]
  epoch 2/3:  51%|█████     | 45/88 [00:13<00:12,  3.49it/s, loss=0.610]
  epoch 2/3:  52%|█████▏    | 46/88 [00:13<00:11,  3.50it/s, loss=0.610]
  epoch 2/3:  52%|█████▏    | 46/88 [00:13<00:11,  3.50it/s, loss=0.607]
  epoch 2/3:  53%|█████▎    | 47/88 [00:13<00:11,  3.48it/s, loss=0.607]
  epoch 2/3:  53%|█████▎    | 47/88 [00:14<00:11,  3.48it/s, loss=0.603]
  epoch 2/3:  55%|█████▍    | 48/88 [00:14<00:11,  3.51it/s, loss=0.603]
  epoch 2/3:  55%|█████▍    | 48/88 [00:14<00:11,  3.51it/s, loss=0.599]
  epoch 2/3:  56%|█████▌    | 49/88 [00:14<00:11,  3.51it/s, loss=0.599]
  epoch 2/3:  56%|█████▌    | 49/88 [00:14<00:11,  3.51it/s, loss=0.596]
  epoch 2/3:  57%|█████▋    | 50/88 [00:14<00:10,  3.52it/s, loss=0.596]
  epoch 2/3:  57%|█████▋    | 50/88 [00:14<00:10,  3.52it/s, loss=0.593]
  epoch 2/3:  58%|█████▊    | 51/88 [00:14<00:10,  3.52it/s, loss=0.593]
  epoch 2/3:  58%|█████▊    | 51/88 [00:15<00:10,  3.52it/s, loss=0.589]
  epoch 2/3:  59%|█████▉    | 52/88 [00:15<00:10,  3.52it/s, loss=0.589]
  epoch 2/3:  59%|█████▉    | 52/88 [00:15<00:10,  3.52it/s, loss=0.587]
  epoch 2/3:  60%|██████    | 53/88 [00:15<00:09,  3.52it/s, loss=0.587]
  epoch 2/3:  60%|██████    | 53/88 [00:15<00:09,  3.52it/s, loss=0.585]
  epoch 2/3:  61%|██████▏   | 54/88 [00:15<00:09,  3.51it/s, loss=0.585]
  epoch 2/3:  61%|██████▏   | 54/88 [00:16<00:09,  3.51it/s, loss=0.583]
  epoch 2/3:  62%|██████▎   | 55/88 [00:16<00:09,  3.53it/s, loss=0.583]
  epoch 2/3:  62%|██████▎   | 55/88 [00:16<00:09,  3.53it/s, loss=0.579]
  epoch 2/3:  64%|██████▎   | 56/88 [00:16<00:09,  3.49it/s, loss=0.579]
  epoch 2/3:  64%|██████▎   | 56/88 [00:16<00:09,  3.49it/s, loss=0.577]
  epoch 2/3:  65%|██████▍   | 57/88 [00:16<00:08,  3.52it/s, loss=0.577]
  epoch 2/3:  65%|██████▍   | 57/88 [00:16<00:08,  3.52it/s, loss=0.576]
  epoch 2/3:  66%|██████▌   | 58/88 [00:16<00:08,  3.52it/s, loss=0.576]
  epoch 2/3:  66%|██████▌   | 58/88 [00:17<00:08,  3.52it/s, loss=0.572]
  epoch 2/3:  67%|██████▋   | 59/88 [00:17<00:08,  3.53it/s, loss=0.572]
  epoch 2/3:  67%|██████▋   | 59/88 [00:17<00:08,  3.53it/s, loss=0.569]
  epoch 2/3:  68%|██████▊   | 60/88 [00:17<00:07,  3.53it/s, loss=0.569]
  epoch 2/3:  68%|██████▊   | 60/88 [00:17<00:07,  3.53it/s, loss=0.567]
  epoch 2/3:  69%|██████▉   | 61/88 [00:17<00:07,  3.53it/s, loss=0.567]
  epoch 2/3:  69%|██████▉   | 61/88 [00:18<00:07,  3.53it/s, loss=0.567]
  epoch 2/3:  70%|███████   | 62/88 [00:18<00:07,  3.54it/s, loss=0.567]
  epoch 2/3:  70%|███████   | 62/88 [00:18<00:07,  3.54it/s, loss=0.564]
  epoch 2/3:  72%|███████▏  | 63/88 [00:18<00:07,  3.55it/s, loss=0.564]
  epoch 2/3:  72%|███████▏  | 63/88 [00:18<00:07,  3.55it/s, loss=0.561]
  epoch 2/3:  73%|███████▎  | 64/88 [00:18<00:06,  3.59it/s, loss=0.561]
  epoch 2/3:  73%|███████▎  | 64/88 [00:18<00:06,  3.59it/s, loss=0.561]
  epoch 2/3:  74%|███████▍  | 65/88 [00:18<00:06,  3.56it/s, loss=0.561]
  epoch 2/3:  74%|███████▍  | 65/88 [00:19<00:06,  3.56it/s, loss=0.558]
  epoch 2/3:  75%|███████▌  | 66/88 [00:19<00:06,  3.56it/s, loss=0.558]
  epoch 2/3:  75%|███████▌  | 66/88 [00:19<00:06,  3.56it/s, loss=0.555]
  epoch 2/3:  76%|███████▌  | 67/88 [00:19<00:05,  3.57it/s, loss=0.555]
  epoch 2/3:  76%|███████▌  | 67/88 [00:19<00:05,  3.57it/s, loss=0.552]
  epoch 2/3:  77%|███████▋  | 68/88 [00:19<00:05,  3.58it/s, loss=0.552]
  epoch 2/3:  77%|███████▋  | 68/88 [00:20<00:05,  3.58it/s, loss=0.551]
  epoch 2/3:  78%|███████▊  | 69/88 [00:20<00:05,  3.59it/s, loss=0.551]
  epoch 2/3:  78%|███████▊  | 69/88 [00:20<00:05,  3.59it/s, loss=0.549]
  epoch 2/3:  80%|███████▉  | 70/88 [00:20<00:05,  3.58it/s, loss=0.549]
  epoch 2/3:  80%|███████▉  | 70/88 [00:20<00:05,  3.58it/s, loss=0.547]
  epoch 2/3:  81%|████████  | 71/88 [00:20<00:04,  3.59it/s, loss=0.547]
  epoch 2/3:  81%|████████  | 71/88 [00:20<00:04,  3.59it/s, loss=0.546]
  epoch 2/3:  82%|████████▏ | 72/88 [00:20<00:04,  3.57it/s, loss=0.546]
  epoch 2/3:  82%|████████▏ | 72/88 [00:21<00:04,  3.57it/s, loss=0.542]
  epoch 2/3:  83%|████████▎ | 73/88 [00:21<00:04,  3.59it/s, loss=0.542]
  epoch 2/3:  83%|████████▎ | 73/88 [00:21<00:04,  3.59it/s, loss=0.540]
  epoch 2/3:  84%|████████▍ | 74/88 [00:21<00:03,  3.58it/s, loss=0.540]
  epoch 2/3:  84%|████████▍ | 74/88 [00:21<00:03,  3.58it/s, loss=0.540]
  epoch 2/3:  85%|████████▌ | 75/88 [00:21<00:03,  3.59it/s, loss=0.540]
  epoch 2/3:  85%|████████▌ | 75/88 [00:21<00:03,  3.59it/s, loss=0.537]
  epoch 2/3:  86%|████████▋ | 76/88 [00:21<00:03,  3.62it/s, loss=0.537]
  epoch 2/3:  86%|████████▋ | 76/88 [00:22<00:03,  3.62it/s, loss=0.535]
  epoch 2/3:  88%|████████▊ | 77/88 [00:22<00:03,  3.60it/s, loss=0.535]
  epoch 2/3:  88%|████████▊ | 77/88 [00:22<00:03,  3.60it/s, loss=0.533]
  epoch 2/3:  89%|████████▊ | 78/88 [00:22<00:02,  3.61it/s, loss=0.533]
  epoch 2/3:  89%|████████▊ | 78/88 [00:22<00:02,  3.61it/s, loss=0.530]
  epoch 2/3:  90%|████████▉ | 79/88 [00:22<00:02,  3.61it/s, loss=0.530]
  epoch 2/3:  90%|████████▉ | 79/88 [00:23<00:02,  3.61it/s, loss=0.528]
  epoch 2/3:  91%|█████████ | 80/88 [00:23<00:02,  3.61it/s, loss=0.528]
  epoch 2/3:  91%|█████████ | 80/88 [00:23<00:02,  3.61it/s, loss=0.525]
  epoch 2/3:  92%|█████████▏| 81/88 [00:23<00:01,  3.61it/s, loss=0.525]
  epoch 2/3:  92%|█████████▏| 81/88 [00:23<00:01,  3.61it/s, loss=0.525]
  epoch 2/3:  93%|█████████▎| 82/88 [00:23<00:01,  3.63it/s, loss=0.525]
  epoch 2/3:  93%|█████████▎| 82/88 [00:23<00:01,  3.63it/s, loss=0.523]
  epoch 2/3:  94%|█████████▍| 83/88 [00:23<00:01,  3.63it/s, loss=0.523]
  epoch 2/3:  94%|█████████▍| 83/88 [00:24<00:01,  3.63it/s, loss=0.522]
  epoch 2/3:  95%|█████████▌| 84/88 [00:24<00:01,  3.64it/s, loss=0.522]
  epoch 2/3:  95%|█████████▌| 84/88 [00:24<00:01,  3.64it/s, loss=0.521]
  epoch 2/3:  97%|█████████▋| 85/88 [00:24<00:00,  3.64it/s, loss=0.521]
  epoch 2/3:  97%|█████████▋| 85/88 [00:24<00:00,  3.64it/s, loss=0.519]
  epoch 2/3:  98%|█████████▊| 86/88 [00:24<00:00,  3.62it/s, loss=0.519]
  epoch 2/3:  98%|█████████▊| 86/88 [00:25<00:00,  3.62it/s, loss=0.519]
  epoch 2/3:  99%|█████████▉| 87/88 [00:25<00:00,  3.63it/s, loss=0.519]
  epoch 2/3:  99%|█████████▉| 87/88 [00:25<00:00,  3.63it/s, loss=0.519]
  epoch 2/3: 100%|██████████| 88/88 [00:25<00:00,  3.92it/s, loss=0.519]
                                                                        

  epoch 3/3:   0%|          | 0/88 [00:00<?, ?it/s]
  epoch 3/3:   0%|          | 0/88 [00:00<?, ?it/s, loss=0.371]
  epoch 3/3:   1%|          | 1/88 [00:00<00:42,  2.06it/s, loss=0.371]
  epoch 3/3:   1%|          | 1/88 [00:00<00:42,  2.06it/s, loss=0.383]
  epoch 3/3:   2%|▏         | 2/88 [00:00<00:31,  2.77it/s, loss=0.383]
  epoch 3/3:   2%|▏         | 2/88 [00:01<00:31,  2.77it/s, loss=0.392]
  epoch 3/3:   3%|▎         | 3/88 [00:01<00:27,  3.10it/s, loss=0.392]
  epoch 3/3:   3%|▎         | 3/88 [00:01<00:27,  3.10it/s, loss=0.389]
  epoch 3/3:   5%|▍         | 4/88 [00:01<00:25,  3.30it/s, loss=0.389]
  epoch 3/3:   5%|▍         | 4/88 [00:01<00:25,  3.30it/s, loss=0.362]
  epoch 3/3:   6%|▌         | 5/88 [00:01<00:24,  3.42it/s, loss=0.362]
  epoch 3/3:   6%|▌         | 5/88 [00:01<00:24,  3.42it/s, loss=0.371]
  epoch 3/3:   7%|▋         | 6/88 [00:01<00:23,  3.50it/s, loss=0.371]
  epoch 3/3:   7%|▋         | 6/88 [00:02<00:23,  3.50it/s, loss=0.352]
  epoch 3/3:   8%|▊         | 7/88 [00:02<00:22,  3.54it/s, loss=0.352]
  epoch 3/3:   8%|▊         | 7/88 [00:02<00:22,  3.54it/s, loss=0.343]
  epoch 3/3:   9%|▉         | 8/88 [00:02<00:22,  3.58it/s, loss=0.343]
  epoch 3/3:   9%|▉         | 8/88 [00:02<00:22,  3.58it/s, loss=0.329]
  epoch 3/3:  10%|█         | 9/88 [00:02<00:21,  3.60it/s, loss=0.329]
  epoch 3/3:  10%|█         | 9/88 [00:02<00:21,  3.60it/s, loss=0.318]
  epoch 3/3:  11%|█▏        | 10/88 [00:02<00:21,  3.61it/s, loss=0.318]
  epoch 3/3:  11%|█▏        | 10/88 [00:03<00:21,  3.61it/s, loss=0.316]
  epoch 3/3:  12%|█▎        | 11/88 [00:03<00:21,  3.62it/s, loss=0.316]
  epoch 3/3:  12%|█▎        | 11/88 [00:03<00:21,  3.62it/s, loss=0.308]
  epoch 3/3:  14%|█▎        | 12/88 [00:03<00:20,  3.63it/s, loss=0.308]
  epoch 3/3:  14%|█▎        | 12/88 [00:03<00:20,  3.63it/s, loss=0.306]
  epoch 3/3:  15%|█▍        | 13/88 [00:03<00:20,  3.65it/s, loss=0.306]
  epoch 3/3:  15%|█▍        | 13/88 [00:04<00:20,  3.65it/s, loss=0.308]
  epoch 3/3:  16%|█▌        | 14/88 [00:04<00:20,  3.64it/s, loss=0.308]
  epoch 3/3:  16%|█▌        | 14/88 [00:04<00:20,  3.64it/s, loss=0.311]
  epoch 3/3:  17%|█▋        | 15/88 [00:04<00:19,  3.65it/s, loss=0.311]
  epoch 3/3:  17%|█▋        | 15/88 [00:04<00:19,  3.65it/s, loss=0.307]
  epoch 3/3:  18%|█▊        | 16/88 [00:04<00:19,  3.61it/s, loss=0.307]
  epoch 3/3:  18%|█▊        | 16/88 [00:04<00:19,  3.61it/s, loss=0.309]
  epoch 3/3:  19%|█▉        | 17/88 [00:04<00:19,  3.66it/s, loss=0.309]
  epoch 3/3:  19%|█▉        | 17/88 [00:05<00:19,  3.66it/s, loss=0.309]
  epoch 3/3:  20%|██        | 18/88 [00:05<00:19,  3.67it/s, loss=0.309]
  epoch 3/3:  20%|██        | 18/88 [00:05<00:19,  3.67it/s, loss=0.306]
  epoch 3/3:  22%|██▏       | 19/88 [00:05<00:18,  3.67it/s, loss=0.306]
  epoch 3/3:  22%|██▏       | 19/88 [00:05<00:18,  3.67it/s, loss=0.303]
  epoch 3/3:  23%|██▎       | 20/88 [00:05<00:18,  3.69it/s, loss=0.303]
  epoch 3/3:  23%|██▎       | 20/88 [00:05<00:18,  3.69it/s, loss=0.310]
  epoch 3/3:  24%|██▍       | 21/88 [00:05<00:18,  3.69it/s, loss=0.310]
  epoch 3/3:  24%|██▍       | 21/88 [00:06<00:18,  3.69it/s, loss=0.305]
  epoch 3/3:  25%|██▌       | 22/88 [00:06<00:17,  3.67it/s, loss=0.305]
  epoch 3/3:  25%|██▌       | 22/88 [00:06<00:17,  3.67it/s, loss=0.309]
  epoch 3/3:  26%|██▌       | 23/88 [00:06<00:17,  3.69it/s, loss=0.309]
  epoch 3/3:  26%|██▌       | 23/88 [00:06<00:17,  3.69it/s, loss=0.310]
  epoch 3/3:  27%|██▋       | 24/88 [00:06<00:17,  3.67it/s, loss=0.310]
  epoch 3/3:  27%|██▋       | 24/88 [00:07<00:17,  3.67it/s, loss=0.310]
  epoch 3/3:  28%|██▊       | 25/88 [00:07<00:17,  3.70it/s, loss=0.310]
  epoch 3/3:  28%|██▊       | 25/88 [00:07<00:17,  3.70it/s, loss=0.305]
  epoch 3/3:  30%|██▉       | 26/88 [00:07<00:16,  3.70it/s, loss=0.305]
  epoch 3/3:  30%|██▉       | 26/88 [00:07<00:16,  3.70it/s, loss=0.300]
  epoch 3/3:  31%|███       | 27/88 [00:07<00:16,  3.68it/s, loss=0.300]
  epoch 3/3:  31%|███       | 27/88 [00:07<00:16,  3.68it/s, loss=0.299]
  epoch 3/3:  32%|███▏      | 28/88 [00:07<00:16,  3.69it/s, loss=0.299]
  epoch 3/3:  32%|███▏      | 28/88 [00:08<00:16,  3.69it/s, loss=0.299]
  epoch 3/3:  33%|███▎      | 29/88 [00:08<00:15,  3.71it/s, loss=0.299]
  epoch 3/3:  33%|███▎      | 29/88 [00:08<00:15,  3.71it/s, loss=0.297]
  epoch 3/3:  34%|███▍      | 30/88 [00:08<00:15,  3.69it/s, loss=0.297]
  epoch 3/3:  34%|███▍      | 30/88 [00:08<00:15,  3.69it/s, loss=0.297]
  epoch 3/3:  35%|███▌      | 31/88 [00:08<00:15,  3.70it/s, loss=0.297]
  epoch 3/3:  35%|███▌      | 31/88 [00:08<00:15,  3.70it/s, loss=0.296]
  epoch 3/3:  36%|███▋      | 32/88 [00:08<00:15,  3.65it/s, loss=0.296]
  epoch 3/3:  36%|███▋      | 32/88 [00:09<00:15,  3.65it/s, loss=0.294]
  epoch 3/3:  38%|███▊      | 33/88 [00:09<00:14,  3.69it/s, loss=0.294]
  epoch 3/3:  38%|███▊      | 33/88 [00:09<00:14,  3.69it/s, loss=0.292]
  epoch 3/3:  39%|███▊      | 34/88 [00:09<00:14,  3.70it/s, loss=0.292]
  epoch 3/3:  39%|███▊      | 34/88 [00:09<00:14,  3.70it/s, loss=0.293]
  epoch 3/3:  40%|███▉      | 35/88 [00:09<00:14,  3.67it/s, loss=0.293]
  epoch 3/3:  40%|███▉      | 35/88 [00:10<00:14,  3.67it/s, loss=0.296]
  epoch 3/3:  41%|████      | 36/88 [00:10<00:14,  3.69it/s, loss=0.296]
  epoch 3/3:  41%|████      | 36/88 [00:10<00:14,  3.69it/s, loss=0.294]
  epoch 3/3:  42%|████▏     | 37/88 [00:10<00:13,  3.71it/s, loss=0.294]
  epoch 3/3:  42%|████▏     | 37/88 [00:10<00:13,  3.71it/s, loss=0.292]
  epoch 3/3:  43%|████▎     | 38/88 [00:10<00:13,  3.73it/s, loss=0.292]
  epoch 3/3:  43%|████▎     | 38/88 [00:10<00:13,  3.73it/s, loss=0.289]
  epoch 3/3:  44%|████▍     | 39/88 [00:10<00:13,  3.70it/s, loss=0.289]
  epoch 3/3:  44%|████▍     | 39/88 [00:11<00:13,  3.70it/s, loss=0.287]
  epoch 3/3:  45%|████▌     | 40/88 [00:11<00:12,  3.72it/s, loss=0.287]
  epoch 3/3:  45%|████▌     | 40/88 [00:11<00:12,  3.72it/s, loss=0.284]
  epoch 3/3:  47%|████▋     | 41/88 [00:11<00:12,  3.72it/s, loss=0.284]
  epoch 3/3:  47%|████▋     | 41/88 [00:11<00:12,  3.72it/s, loss=0.285]
  epoch 3/3:  48%|████▊     | 42/88 [00:11<00:12,  3.72it/s, loss=0.285]
  epoch 3/3:  48%|████▊     | 42/88 [00:11<00:12,  3.72it/s, loss=0.285]
  epoch 3/3:  49%|████▉     | 43/88 [00:11<00:12,  3.71it/s, loss=0.285]
  epoch 3/3:  49%|████▉     | 43/88 [00:12<00:12,  3.71it/s, loss=0.283]
  epoch 3/3:  50%|█████     | 44/88 [00:12<00:11,  3.73it/s, loss=0.283]
  epoch 3/3:  50%|█████     | 44/88 [00:12<00:11,  3.73it/s, loss=0.282]
  epoch 3/3:  51%|█████     | 45/88 [00:12<00:11,  3.73it/s, loss=0.282]
  epoch 3/3:  51%|█████     | 45/88 [00:12<00:11,  3.73it/s, loss=0.279]
  epoch 3/3:  52%|█████▏    | 46/88 [00:12<00:11,  3.75it/s, loss=0.279]
  epoch 3/3:  52%|█████▏    | 46/88 [00:12<00:11,  3.75it/s, loss=0.280]
  epoch 3/3:  53%|█████▎    | 47/88 [00:12<00:10,  3.77it/s, loss=0.280]
  epoch 3/3:  53%|█████▎    | 47/88 [00:13<00:10,  3.77it/s, loss=0.279]
  epoch 3/3:  55%|█████▍    | 48/88 [00:13<00:10,  3.71it/s, loss=0.279]
  epoch 3/3:  55%|█████▍    | 48/88 [00:13<00:10,  3.71it/s, loss=0.278]
  epoch 3/3:  56%|█████▌    | 49/88 [00:13<00:10,  3.70it/s, loss=0.278]
  epoch 3/3:  56%|█████▌    | 49/88 [00:13<00:10,  3.70it/s, loss=0.277]
  epoch 3/3:  57%|█████▋    | 50/88 [00:13<00:10,  3.73it/s, loss=0.277]
  epoch 3/3:  57%|█████▋    | 50/88 [00:14<00:10,  3.73it/s, loss=0.276]
  epoch 3/3:  58%|█████▊    | 51/88 [00:14<00:10,  3.70it/s, loss=0.276]
  epoch 3/3:  58%|█████▊    | 51/88 [00:14<00:10,  3.70it/s, loss=0.275]
  epoch 3/3:  59%|█████▉    | 52/88 [00:14<00:09,  3.73it/s, loss=0.275]
  epoch 3/3:  59%|█████▉    | 52/88 [00:14<00:09,  3.73it/s, loss=0.272]
  epoch 3/3:  60%|██████    | 53/88 [00:14<00:09,  3.73it/s, loss=0.272]
  epoch 3/3:  60%|██████    | 53/88 [00:14<00:09,  3.73it/s, loss=0.270]
  epoch 3/3:  61%|██████▏   | 54/88 [00:14<00:09,  3.75it/s, loss=0.270]
  epoch 3/3:  61%|██████▏   | 54/88 [00:15<00:09,  3.75it/s, loss=0.269]
  epoch 3/3:  62%|██████▎   | 55/88 [00:15<00:08,  3.75it/s, loss=0.269]
  epoch 3/3:  62%|██████▎   | 55/88 [00:15<00:08,  3.75it/s, loss=0.269]
  epoch 3/3:  64%|██████▎   | 56/88 [00:15<00:08,  3.75it/s, loss=0.269]
  epoch 3/3:  64%|██████▎   | 56/88 [00:15<00:08,  3.75it/s, loss=0.267]
  epoch 3/3:  65%|██████▍   | 57/88 [00:15<00:08,  3.74it/s, loss=0.267]
  epoch 3/3:  65%|██████▍   | 57/88 [00:15<00:08,  3.74it/s, loss=0.267]
  epoch 3/3:  66%|██████▌   | 58/88 [00:15<00:08,  3.75it/s, loss=0.267]
  epoch 3/3:  66%|██████▌   | 58/88 [00:16<00:08,  3.75it/s, loss=0.267]
  epoch 3/3:  67%|██████▋   | 59/88 [00:16<00:07,  3.76it/s, loss=0.267]
  epoch 3/3:  67%|██████▋   | 59/88 [00:16<00:07,  3.76it/s, loss=0.266]
  epoch 3/3:  68%|██████▊   | 60/88 [00:16<00:07,  3.76it/s, loss=0.266]
  epoch 3/3:  68%|██████▊   | 60/88 [00:16<00:07,  3.76it/s, loss=0.265]
  epoch 3/3:  69%|██████▉   | 61/88 [00:16<00:07,  3.77it/s, loss=0.265]
  epoch 3/3:  69%|██████▉   | 61/88 [00:16<00:07,  3.77it/s, loss=0.263]
  epoch 3/3:  70%|███████   | 62/88 [00:16<00:06,  3.77it/s, loss=0.263]
  epoch 3/3:  70%|███████   | 62/88 [00:17<00:06,  3.77it/s, loss=0.262]
  epoch 3/3:  72%|███████▏  | 63/88 [00:17<00:06,  3.77it/s, loss=0.262]
  epoch 3/3:  72%|███████▏  | 63/88 [00:17<00:06,  3.77it/s, loss=0.262]
  epoch 3/3:  73%|███████▎  | 64/88 [00:17<00:06,  3.71it/s, loss=0.262]
  epoch 3/3:  73%|███████▎  | 64/88 [00:17<00:06,  3.71it/s, loss=0.260]
  epoch 3/3:  74%|███████▍  | 65/88 [00:17<00:06,  3.73it/s, loss=0.260]
  epoch 3/3:  74%|███████▍  | 65/88 [00:18<00:06,  3.73it/s, loss=0.259]
  epoch 3/3:  75%|███████▌  | 66/88 [00:18<00:05,  3.75it/s, loss=0.259]
  epoch 3/3:  75%|███████▌  | 66/88 [00:18<00:05,  3.75it/s, loss=0.258]
  epoch 3/3:  76%|███████▌  | 67/88 [00:18<00:05,  3.76it/s, loss=0.258]
  epoch 3/3:  76%|███████▌  | 67/88 [00:18<00:05,  3.76it/s, loss=0.257]
  epoch 3/3:  77%|███████▋  | 68/88 [00:18<00:05,  3.77it/s, loss=0.257]
  epoch 3/3:  77%|███████▋  | 68/88 [00:18<00:05,  3.77it/s, loss=0.257]
  epoch 3/3:  78%|███████▊  | 69/88 [00:18<00:05,  3.77it/s, loss=0.257]
  epoch 3/3:  78%|███████▊  | 69/88 [00:19<00:05,  3.77it/s, loss=0.257]
  epoch 3/3:  80%|███████▉  | 70/88 [00:19<00:04,  3.78it/s, loss=0.257]
  epoch 3/3:  80%|███████▉  | 70/88 [00:19<00:04,  3.78it/s, loss=0.257]
  epoch 3/3:  81%|████████  | 71/88 [00:19<00:04,  3.79it/s, loss=0.257]
  epoch 3/3:  81%|████████  | 71/88 [00:19<00:04,  3.79it/s, loss=0.255]
  epoch 3/3:  82%|████████▏ | 72/88 [00:19<00:04,  3.79it/s, loss=0.255]
  epoch 3/3:  82%|████████▏ | 72/88 [00:19<00:04,  3.79it/s, loss=0.255]
  epoch 3/3:  83%|████████▎ | 73/88 [00:19<00:03,  3.80it/s, loss=0.255]
  epoch 3/3:  83%|████████▎ | 73/88 [00:20<00:03,  3.80it/s, loss=0.253]
  epoch 3/3:  84%|████████▍ | 74/88 [00:20<00:03,  3.80it/s, loss=0.253]
  epoch 3/3:  84%|████████▍ | 74/88 [00:20<00:03,  3.80it/s, loss=0.251]
  epoch 3/3:  85%|████████▌ | 75/88 [00:20<00:03,  3.79it/s, loss=0.251]
  epoch 3/3:  85%|████████▌ | 75/88 [00:20<00:03,  3.79it/s, loss=0.252]
  epoch 3/3:  86%|████████▋ | 76/88 [00:20<00:03,  3.79it/s, loss=0.252]
  epoch 3/3:  86%|████████▋ | 76/88 [00:20<00:03,  3.79it/s, loss=0.251]
  epoch 3/3:  88%|████████▊ | 77/88 [00:20<00:02,  3.80it/s, loss=0.251]
  epoch 3/3:  88%|████████▊ | 77/88 [00:21<00:02,  3.80it/s, loss=0.249]
  epoch 3/3:  89%|████████▊ | 78/88 [00:21<00:02,  3.77it/s, loss=0.249]
  epoch 3/3:  89%|████████▊ | 78/88 [00:21<00:02,  3.77it/s, loss=0.247]
  epoch 3/3:  90%|████████▉ | 79/88 [00:21<00:02,  3.79it/s, loss=0.247]
  epoch 3/3:  90%|████████▉ | 79/88 [00:21<00:02,  3.79it/s, loss=0.246]
  epoch 3/3:  91%|█████████ | 80/88 [00:21<00:02,  3.73it/s, loss=0.246]
  epoch 3/3:  91%|█████████ | 80/88 [00:22<00:02,  3.73it/s, loss=0.246]
  epoch 3/3:  92%|█████████▏| 81/88 [00:22<00:01,  3.76it/s, loss=0.246]
  epoch 3/3:  92%|█████████▏| 81/88 [00:22<00:01,  3.76it/s, loss=0.244]
  epoch 3/3:  93%|█████████▎| 82/88 [00:22<00:01,  3.76it/s, loss=0.244]
  epoch 3/3:  93%|█████████▎| 82/88 [00:22<00:01,  3.76it/s, loss=0.242]
  epoch 3/3:  94%|█████████▍| 83/88 [00:22<00:01,  3.76it/s, loss=0.242]
  epoch 3/3:  94%|█████████▍| 83/88 [00:22<00:01,  3.76it/s, loss=0.244]
  epoch 3/3:  95%|█████████▌| 84/88 [00:22<00:01,  3.77it/s, loss=0.244]
  epoch 3/3:  95%|█████████▌| 84/88 [00:23<00:01,  3.77it/s, loss=0.243]
  epoch 3/3:  97%|█████████▋| 85/88 [00:23<00:00,  3.78it/s, loss=0.243]
  epoch 3/3:  97%|█████████▋| 85/88 [00:23<00:00,  3.78it/s, loss=0.242]
  epoch 3/3:  98%|█████████▊| 86/88 [00:23<00:00,  3.79it/s, loss=0.242]
  epoch 3/3:  98%|█████████▊| 86/88 [00:23<00:00,  3.79it/s, loss=0.241]
  epoch 3/3:  99%|█████████▉| 87/88 [00:23<00:00,  3.78it/s, loss=0.241]
  epoch 3/3:  99%|█████████▉| 87/88 [00:23<00:00,  3.78it/s, loss=0.240]
  epoch 3/3: 100%|██████████| 88/88 [00:23<00:00,  4.13it/s, loss=0.240]
                                                                        
[titans] reset=never | norm(state) sau task = 96.2230
[titans]   self-mod v:β=0.94 |W|=0.65
[titans]   eta_t(avg)=0.7642  alpha_t/forget-gate(avg)=0.8732
[task 0] test acc so far: 0.940
[task 0] NCM-blend gamma=0: 0.911
[task 0] NCM-blend gamma=1: 0.929
[checkpoint] đã lưu tiến độ sau task 0
[task 1] classes=[7, 11, 21, 41, 43] | train=2800

  epoch 1/3:   0%|          | 0/88 [00:00<?, ?it/s]
  epoch 1/3:   0%|          | 0/88 [00:00<?, ?it/s, loss=1.485]
  epoch 1/3:   1%|          | 1/88 [00:00<00:44,  1.97it/s, loss=1.485]
  epoch 1/3:   1%|          | 1/88 [00:00<00:44,  1.97it/s, loss=1.512]
  epoch 1/3:   2%|▏         | 2/88 [00:00<00:31,  2.73it/s, loss=1.512]
  epoch 1/3:   2%|▏         | 2/88 [00:01<00:31,  2.73it/s, loss=1.486]
  epoch 1/3:   3%|▎         | 3/88 [00:01<00:27,  3.09it/s, loss=1.486]
  epoch 1/3:   3%|▎         | 3/88 [00:01<00:27,  3.09it/s, loss=1.459]
  epoch 1/3:   5%|▍         | 4/88 [00:01<00:25,  3.32it/s, loss=1.459]
  epoch 1/3:   5%|▍         | 4/88 [00:01<00:25,  3.32it/s, loss=1.452]
  epoch 1/3:   6%|▌         | 5/88 [00:01<00:23,  3.46it/s, loss=1.452]
  epoch 1/3:   6%|▌         | 5/88 [00:01<00:23,  3.46it/s, loss=1.469]
  epoch 1/3:   7%|▋         | 6/88 [00:01<00:23,  3.52it/s, loss=1.469]
  epoch 1/3:   7%|▋         | 6/88 [00:02<00:23,  3.52it/s, loss=1.469]
  epoch 1/3:   8%|▊         | 7/88 [00:02<00:22,  3.58it/s, loss=1.469]
  epoch 1/3:   8%|▊         | 7/88 [00:02<00:22,  3.58it/s, loss=1.470]
  epoch 1/3:   9%|▉         | 8/88 [00:02<00:22,  3.59it/s, loss=1.470]
  epoch 1/3:   9%|▉         | 8/88 [00:02<00:22,  3.59it/s, loss=1.459]
  epoch 1/3:  10%|█         | 9/88 [00:02<00:21,  3.62it/s, loss=1.459]
  epoch 1/3:  10%|█         | 9/88 [00:02<00:21,  3.62it/s, loss=1.468]
  epoch 1/3:  11%|█▏        | 10/88 [00:02<00:21,  3.65it/s, loss=1.468]
  epoch 1/3:  11%|█▏        | 10/88 [00:03<00:21,  3.65it/s, loss=1.460]
  epoch 1/3:  12%|█▎        | 11/88 [00:03<00:20,  3.68it/s, loss=1.460]
  epoch 1/3:  12%|█▎        | 11/88 [00:03<00:20,  3.68it/s, loss=1.454]
  epoch 1/3:  14%|█▎        | 12/88 [00:03<00:20,  3.66it/s, loss=1.454]
  epoch 1/3:  14%|█▎        | 12/88 [00:03<00:20,  3.66it/s, loss=1.446]
  epoch 1/3:  15%|█▍        | 13/88 [00:03<00:20,  3.68it/s, loss=1.446]
  epoch 1/3:  15%|█▍        | 13/88 [00:04<00:20,  3.68it/s, loss=1.442]
  epoch 1/3:  16%|█▌        | 14/88 [00:04<00:20,  3.70it/s, loss=1.442]
  epoch 1/3:  16%|█▌        | 14/88 [00:04<00:20,  3.70it/s, loss=1.441]
  epoch 1/3:  17%|█▋        | 15/88 [00:04<00:19,  3.68it/s, loss=1.441]
  epoch 1/3:  17%|█▋        | 15/88 [00:04<00:19,  3.68it/s, loss=1.443]
  epoch 1/3:  18%|█▊        | 16/88 [00:04<00:19,  3.68it/s, loss=1.443]
  epoch 1/3:  18%|█▊        | 16/88 [00:04<00:19,  3.68it/s, loss=1.439]
  epoch 1/3:  19%|█▉        | 17/88 [00:04<00:19,  3.69it/s, loss=1.439]
  epoch 1/3:  19%|█▉        | 17/88 [00:05<00:19,  3.69it/s, loss=1.435]
  epoch 1/3:  20%|██        | 18/88 [00:05<00:19,  3.67it/s, loss=1.435]
  epoch 1/3:  20%|██        | 18/88 [00:05<00:19,  3.67it/s, loss=1.432]
  epoch 1/3:  22%|██▏       | 19/88 [00:05<00:18,  3.68it/s, loss=1.432]
  epoch 1/3:  22%|██▏       | 19/88 [00:05<00:18,  3.68it/s, loss=1.423]
  epoch 1/3:  23%|██▎       | 20/88 [00:05<00:18,  3.68it/s, loss=1.423]
  epoch 1/3:  23%|██▎       | 20/88 [00:05<00:18,  3.68it/s, loss=1.421]
  epoch 1/3:  24%|██▍       | 21/88 [00:05<00:18,  3.70it/s, loss=1.421]
  epoch 1/3:  24%|██▍       | 21/88 [00:06<00:18,  3.70it/s, loss=1.413]
  epoch 1/3:  25%|██▌       | 22/88 [00:06<00:17,  3.69it/s, loss=1.413]
  epoch 1/3:  25%|██▌       | 22/88 [00:06<00:17,  3.69it/s, loss=1.405]
  epoch 1/3:  26%|██▌       | 23/88 [00:06<00:17,  3.69it/s, loss=1.405]
  epoch 1/3:  26%|██▌       | 23/88 [00:06<00:17,  3.69it/s, loss=1.400]
  epoch 1/3:  27%|██▋       | 24/88 [00:06<00:17,  3.62it/s, loss=1.400]
  epoch 1/3:  27%|██▋       | 24/88 [00:07<00:17,  3.62it/s, loss=1.396]
  epoch 1/3:  28%|██▊       | 25/88 [00:07<00:17,  3.67it/s, loss=1.396]
  epoch 1/3:  28%|██▊       | 25/88 [00:07<00:17,  3.67it/s, loss=1.390]
  epoch 1/3:  30%|██▉       | 26/88 [00:07<00:16,  3.69it/s, loss=1.390]
  epoch 1/3:  30%|██▉       | 26/88 [00:07<00:16,  3.69it/s, loss=1.385]
  epoch 1/3:  31%|███       | 27/88 [00:07<00:16,  3.69it/s, loss=1.385]
  epoch 1/3:  31%|███       | 27/88 [00:07<00:16,  3.69it/s, loss=1.380]
  epoch 1/3:  32%|███▏      | 28/88 [00:07<00:16,  3.70it/s, loss=1.380]
  epoch 1/3:  32%|███▏      | 28/88 [00:08<00:16,  3.70it/s, loss=1.374]
  epoch 1/3:  33%|███▎      | 29/88 [00:08<00:15,  3.70it/s, loss=1.374]
  epoch 1/3:  33%|███▎      | 29/88 [00:08<00:15,  3.70it/s, loss=1.373]
  epoch 1/3:  34%|███▍      | 30/88 [00:08<00:15,  3.69it/s, loss=1.373]
  epoch 1/3:  34%|███▍      | 30/88 [00:08<00:15,  3.69it/s, loss=1.369]
  epoch 1/3:  35%|███▌      | 31/88 [00:08<00:15,  3.69it/s, loss=1.369]
  epoch 1/3:  35%|███▌      | 31/88 [00:08<00:15,  3.69it/s, loss=1.364]
  epoch 1/3:  36%|███▋      | 32/88 [00:08<00:15,  3.71it/s, loss=1.364]
  epoch 1/3:  36%|███▋      | 32/88 [00:09<00:15,  3.71it/s, loss=1.357]
  epoch 1/3:  38%|███▊      | 33/88 [00:09<00:14,  3.71it/s, loss=1.357]
  epoch 1/3:  38%|███▊      | 33/88 [00:09<00:14,  3.71it/s, loss=1.352]
  epoch 1/3:  39%|███▊      | 34/88 [00:09<00:14,  3.72it/s, loss=1.352]
  epoch 1/3:  39%|███▊      | 34/88 [00:09<00:14,  3.72it/s, loss=1.345]
  epoch 1/3:  40%|███▉      | 35/88 [00:09<00:14,  3.72it/s, loss=1.345]
  epoch 1/3:  40%|███▉      | 35/88 [00:09<00:14,  3.72it/s, loss=1.338]
  epoch 1/3:  41%|████      | 36/88 [00:09<00:14,  3.70it/s, loss=1.338]
  epoch 1/3:  41%|████      | 36/88 [00:10<00:14,  3.70it/s, loss=1.336]
  epoch 1/3:  42%|████▏     | 37/88 [00:10<00:13,  3.71it/s, loss=1.336]
  epoch 1/3:  42%|████▏     | 37/88 [00:10<00:13,  3.71it/s, loss=1.333]
  epoch 1/3:  43%|████▎     | 38/88 [00:10<00:13,  3.70it/s, loss=1.333]
  epoch 1/3:  43%|████▎     | 38/88 [00:10<00:13,  3.70it/s, loss=1.328]
  epoch 1/3:  44%|████▍     | 39/88 [00:10<00:13,  3.69it/s, loss=1.328]
  epoch 1/3:  44%|████▍     | 39/88 [00:11<00:13,  3.69it/s, loss=1.322]
  epoch 1/3:  45%|████▌     | 40/88 [00:11<00:13,  3.66it/s, loss=1.322]
  epoch 1/3:  45%|████▌     | 40/88 [00:11<00:13,  3.66it/s, loss=1.319]
  epoch 1/3:  47%|████▋     | 41/88 [00:11<00:12,  3.66it/s, loss=1.319]
  epoch 1/3:  47%|████▋     | 41/88 [00:11<00:12,  3.66it/s, loss=1.314]
  epoch 1/3:  48%|████▊     | 42/88 [00:11<00:12,  3.66it/s, loss=1.314]
  epoch 1/3:  48%|████▊     | 42/88 [00:11<00:12,  3.66it/s, loss=1.310]
  epoch 1/3:  49%|████▉     | 43/88 [00:11<00:12,  3.69it/s, loss=1.310]
  epoch 1/3:  49%|████▉     | 43/88 [00:12<00:12,  3.69it/s, loss=1.305]
  epoch 1/3:  50%|█████     | 44/88 [00:12<00:11,  3.70it/s, loss=1.305]
  epoch 1/3:  50%|█████     | 44/88 [00:12<00:11,  3.70it/s, loss=1.299]
  epoch 1/3:  51%|█████     | 45/88 [00:12<00:11,  3.70it/s, loss=1.299]
  epoch 1/3:  51%|█████     | 45/88 [00:12<00:11,  3.70it/s, loss=1.293]
  epoch 1/3:  52%|█████▏    | 46/88 [00:12<00:11,  3.69it/s, loss=1.293]
  epoch 1/3:  52%|█████▏    | 46/88 [00:12<00:11,  3.69it/s, loss=1.289]
  epoch 1/3:  53%|█████▎    | 47/88 [00:12<00:11,  3.70it/s, loss=1.289]
  epoch 1/3:  53%|█████▎    | 47/88 [00:13<00:11,  3.70it/s, loss=1.285]
  epoch 1/3:  55%|█████▍    | 48/88 [00:13<00:10,  3.71it/s, loss=1.285]
  epoch 1/3:  55%|█████▍    | 48/88 [00:13<00:10,  3.71it/s, loss=1.281]
  epoch 1/3:  56%|█████▌    | 49/88 [00:13<00:10,  3.69it/s, loss=1.281]
  epoch 1/3:  56%|█████▌    | 49/88 [00:13<00:10,  3.69it/s, loss=1.278]
  epoch 1/3:  57%|█████▋    | 50/88 [00:13<00:10,  3.70it/s, loss=1.278]
  epoch 1/3:  57%|█████▋    | 50/88 [00:14<00:10,  3.70it/s, loss=1.274]
  epoch 1/3:  58%|█████▊    | 51/88 [00:14<00:09,  3.71it/s, loss=1.274]
  epoch 1/3:  58%|█████▊    | 51/88 [00:14<00:09,  3.71it/s, loss=1.267]
  epoch 1/3:  59%|█████▉    | 52/88 [00:14<00:09,  3.71it/s, loss=1.267]
  epoch 1/3:  59%|█████▉    | 52/88 [00:14<00:09,  3.71it/s, loss=1.259]
  epoch 1/3:  60%|██████    | 53/88 [00:14<00:09,  3.68it/s, loss=1.259]
  epoch 1/3:  60%|██████    | 53/88 [00:14<00:09,  3.68it/s, loss=1.253]
  epoch 1/3:  61%|██████▏   | 54/88 [00:14<00:09,  3.69it/s, loss=1.253]
  epoch 1/3:  61%|██████▏   | 54/88 [00:15<00:09,  3.69it/s, loss=1.249]
  epoch 1/3:  62%|██████▎   | 55/88 [00:15<00:08,  3.69it/s, loss=1.249]
  epoch 1/3:  62%|██████▎   | 55/88 [00:15<00:08,  3.69it/s, loss=1.243]
  epoch 1/3:  64%|██████▎   | 56/88 [00:15<00:08,  3.61it/s, loss=1.243]
  epoch 1/3:  64%|██████▎   | 56/88 [00:15<00:08,  3.61it/s, loss=1.238]
  epoch 1/3:  65%|██████▍   | 57/88 [00:15<00:08,  3.66it/s, loss=1.238]
  epoch 1/3:  65%|██████▍   | 57/88 [00:15<00:08,  3.66it/s, loss=1.233]
  epoch 1/3:  66%|██████▌   | 58/88 [00:15<00:08,  3.67it/s, loss=1.233]
  epoch 1/3:  66%|██████▌   | 58/88 [00:16<00:08,  3.67it/s, loss=1.229]
  epoch 1/3:  67%|██████▋   | 59/88 [00:16<00:07,  3.68it/s, loss=1.229]
  epoch 1/3:  67%|██████▋   | 59/88 [00:16<00:07,  3.68it/s, loss=1.224]
  epoch 1/3:  68%|██████▊   | 60/88 [00:16<00:07,  3.70it/s, loss=1.224]
  epoch 1/3:  68%|██████▊   | 60/88 [00:16<00:07,  3.70it/s, loss=1.218]
  epoch 1/3:  69%|██████▉   | 61/88 [00:16<00:07,  3.68it/s, loss=1.218]
  epoch 1/3:  69%|██████▉   | 61/88 [00:17<00:07,  3.68it/s, loss=1.212]
  epoch 1/3:  70%|███████   | 62/88 [00:17<00:07,  3.69it/s, loss=1.212]
  epoch 1/3:  70%|███████   | 62/88 [00:17<00:07,  3.69it/s, loss=1.208]
  epoch 1/3:  72%|███████▏  | 63/88 [00:17<00:06,  3.70it/s, loss=1.208]
  epoch 1/3:  72%|███████▏  | 63/88 [00:17<00:06,  3.70it/s, loss=1.204]
  epoch 1/3:  73%|███████▎  | 64/88 [00:17<00:06,  3.70it/s, loss=1.204]
  epoch 1/3:  73%|███████▎  | 64/88 [00:17<00:06,  3.70it/s, loss=1.199]
  epoch 1/3:  74%|███████▍  | 65/88 [00:17<00:06,  3.70it/s, loss=1.199]
  epoch 1/3:  74%|███████▍  | 65/88 [00:18<00:06,  3.70it/s, loss=1.193]
  epoch 1/3:  75%|███████▌  | 66/88 [00:18<00:05,  3.72it/s, loss=1.193]
  epoch 1/3:  75%|███████▌  | 66/88 [00:18<00:05,  3.72it/s, loss=1.188]
  epoch 1/3:  76%|███████▌  | 67/88 [00:18<00:05,  3.73it/s, loss=1.188]
  epoch 1/3:  76%|███████▌  | 67/88 [00:18<00:05,  3.73it/s, loss=1.184]
  epoch 1/3:  77%|███████▋  | 68/88 [00:18<00:05,  3.70it/s, loss=1.184]
  epoch 1/3:  77%|███████▋  | 68/88 [00:18<00:05,  3.70it/s, loss=1.178]
  epoch 1/3:  78%|███████▊  | 69/88 [00:18<00:05,  3.72it/s, loss=1.178]
  epoch 1/3:  78%|███████▊  | 69/88 [00:19<00:05,  3.72it/s, loss=1.174]
  epoch 1/3:  80%|███████▉  | 70/88 [00:19<00:04,  3.72it/s, loss=1.174]
  epoch 1/3:  80%|███████▉  | 70/88 [00:19<00:04,  3.72it/s, loss=1.171]
  epoch 1/3:  81%|████████  | 71/88 [00:19<00:04,  3.71it/s, loss=1.171]
  epoch 1/3:  81%|████████  | 71/88 [00:19<00:04,  3.71it/s, loss=1.166]
  epoch 1/3:  82%|████████▏ | 72/88 [00:19<00:04,  3.66it/s, loss=1.166]
  epoch 1/3:  82%|████████▏ | 72/88 [00:20<00:04,  3.66it/s, loss=1.162]
  epoch 1/3:  83%|████████▎ | 73/88 [00:20<00:04,  3.68it/s, loss=1.162]
  epoch 1/3:  83%|████████▎ | 73/88 [00:20<00:04,  3.68it/s, loss=1.157]
  epoch 1/3:  84%|████████▍ | 74/88 [00:20<00:03,  3.71it/s, loss=1.157]
  epoch 1/3:  84%|████████▍ | 74/88 [00:20<00:03,  3.71it/s, loss=1.153]
  epoch 1/3:  85%|████████▌ | 75/88 [00:20<00:03,  3.71it/s, loss=1.153]
  epoch 1/3:  85%|████████▌ | 75/88 [00:20<00:03,  3.71it/s, loss=1.149]
  epoch 1/3:  86%|████████▋ | 76/88 [00:20<00:03,  3.71it/s, loss=1.149]
  epoch 1/3:  86%|████████▋ | 76/88 [00:21<00:03,  3.71it/s, loss=1.145]
  epoch 1/3:  88%|████████▊ | 77/88 [00:21<00:02,  3.70it/s, loss=1.145]
  epoch 1/3:  88%|████████▊ | 77/88 [00:21<00:02,  3.70it/s, loss=1.141]
  epoch 1/3:  89%|████████▊ | 78/88 [00:21<00:02,  3.70it/s, loss=1.141]
  epoch 1/3:  89%|████████▊ | 78/88 [00:21<00:02,  3.70it/s, loss=1.135]
  epoch 1/3:  90%|████████▉ | 79/88 [00:21<00:02,  3.70it/s, loss=1.135]
  epoch 1/3:  90%|████████▉ | 79/88 [00:21<00:02,  3.70it/s, loss=1.130]
  epoch 1/3:  91%|█████████ | 80/88 [00:21<00:02,  3.68it/s, loss=1.130]
  epoch 1/3:  91%|█████████ | 80/88 [00:22<00:02,  3.68it/s, loss=1.125]
  epoch 1/3:  92%|█████████▏| 81/88 [00:22<00:01,  3.70it/s, loss=1.125]
  epoch 1/3:  92%|█████████▏| 81/88 [00:22<00:01,  3.70it/s, loss=1.120]
  epoch 1/3:  93%|█████████▎| 82/88 [00:22<00:01,  3.69it/s, loss=1.120]
  epoch 1/3:  93%|█████████▎| 82/88 [00:22<00:01,  3.69it/s, loss=1.115]
  epoch 1/3:  94%|█████████▍| 83/88 [00:22<00:01,  3.70it/s, loss=1.115]
  epoch 1/3:  94%|█████████▍| 83/88 [00:22<00:01,  3.70it/s, loss=1.112]
  epoch 1/3:  95%|█████████▌| 84/88 [00:22<00:01,  3.71it/s, loss=1.112]
  epoch 1/3:  95%|█████████▌| 84/88 [00:23<00:01,  3.71it/s, loss=1.107]
  epoch 1/3:  97%|█████████▋| 85/88 [00:23<00:00,  3.69it/s, loss=1.107]
  epoch 1/3:  97%|█████████▋| 85/88 [00:23<00:00,  3.69it/s, loss=1.104]
  epoch 1/3:  98%|█████████▊| 86/88 [00:23<00:00,  3.69it/s, loss=1.104]
  epoch 1/3:  98%|█████████▊| 86/88 [00:23<00:00,  3.69it/s, loss=1.100]
  epoch 1/3:  99%|█████████▉| 87/88 [00:23<00:00,  3.70it/s, loss=1.100]
  epoch 1/3:  99%|█████████▉| 87/88 [00:24<00:00,  3.70it/s, loss=1.098]
  epoch 1/3: 100%|██████████| 88/88 [00:24<00:00,  3.97it/s, loss=1.098]
                                                                        

  epoch 2/3:   0%|          | 0/88 [00:00<?, ?it/s]
  epoch 2/3:   0%|          | 0/88 [00:00<?, ?it/s, loss=0.753]
  epoch 2/3:   1%|          | 1/88 [00:00<00:44,  1.95it/s, loss=0.753]
  epoch 2/3:   1%|          | 1/88 [00:00<00:44,  1.95it/s, loss=0.742]
  epoch 2/3:   2%|▏         | 2/88 [00:00<00:31,  2.70it/s, loss=0.742]
  epoch 2/3:   2%|▏         | 2/88 [00:01<00:31,  2.70it/s, loss=0.710]
  epoch 2/3:   3%|▎         | 3/88 [00:01<00:27,  3.10it/s, loss=0.710]
  epoch 2/3:   3%|▎         | 3/88 [00:01<00:27,  3.10it/s, loss=0.698]
  epoch 2/3:   5%|▍         | 4/88 [00:01<00:25,  3.32it/s, loss=0.698]
  epoch 2/3:   5%|▍         | 4/88 [00:01<00:25,  3.32it/s, loss=0.683]
  epoch 2/3:   6%|▌         | 5/88 [00:01<00:24,  3.42it/s, loss=0.683]
  epoch 2/3:   6%|▌         | 5/88 [00:01<00:24,  3.42it/s, loss=0.685]
  epoch 2/3:   7%|▋         | 6/88 [00:01<00:23,  3.50it/s, loss=0.685]
  epoch 2/3:   7%|▋         | 6/88 [00:02<00:23,  3.50it/s, loss=0.692]
  epoch 2/3:   8%|▊         | 7/88 [00:02<00:22,  3.55it/s, loss=0.692]
  epoch 2/3:   8%|▊         | 7/88 [00:02<00:22,  3.55it/s, loss=0.674]
  epoch 2/3:   9%|▉         | 8/88 [00:02<00:22,  3.60it/s, loss=0.674]
  epoch 2/3:   9%|▉         | 8/88 [00:02<00:22,  3.60it/s, loss=0.688]
  epoch 2/3:  10%|█         | 9/88 [00:02<00:21,  3.63it/s, loss=0.688]
  epoch 2/3:  10%|█         | 9/88 [00:02<00:21,  3.63it/s, loss=0.697]
  epoch 2/3:  11%|█▏        | 10/88 [00:02<00:21,  3.65it/s, loss=0.697]
  epoch 2/3:  11%|█▏        | 10/88 [00:03<00:21,  3.65it/s, loss=0.693]
  epoch 2/3:  12%|█▎        | 11/88 [00:03<00:20,  3.68it/s, loss=0.693]
  epoch 2/3:  12%|█▎        | 11/88 [00:03<00:20,  3.68it/s, loss=0.698]
  epoch 2/3:  14%|█▎        | 12/88 [00:03<00:20,  3.68it/s, loss=0.698]
  epoch 2/3:  14%|█▎        | 12/88 [00:03<00:20,  3.68it/s, loss=0.693]
  epoch 2/3:  15%|█▍        | 13/88 [00:03<00:20,  3.69it/s, loss=0.693]
  epoch 2/3:  15%|█▍        | 13/88 [00:04<00:20,  3.69it/s, loss=0.689]
  epoch 2/3:  16%|█▌        | 14/88 [00:04<00:19,  3.70it/s, loss=0.689]
  epoch 2/3:  16%|█▌        | 14/88 [00:04<00:19,  3.70it/s, loss=0.692]
  epoch 2/3:  17%|█▋        | 15/88 [00:04<00:19,  3.72it/s, loss=0.692]
  epoch 2/3:  17%|█▋        | 15/88 [00:04<00:19,  3.72it/s, loss=0.691]
  epoch 2/3:  18%|█▊        | 16/88 [00:04<00:19,  3.63it/s, loss=0.691]
  epoch 2/3:  18%|█▊        | 16/88 [00:04<00:19,  3.63it/s, loss=0.682]
  epoch 2/3:  19%|█▉        | 17/88 [00:04<00:19,  3.66it/s, loss=0.682]
  epoch 2/3:  19%|█▉        | 17/88 [00:05<00:19,  3.66it/s, loss=0.676]
  epoch 2/3:  20%|██        | 18/88 [00:05<00:19,  3.68it/s, loss=0.676]
  epoch 2/3:  20%|██        | 18/88 [00:05<00:19,  3.68it/s, loss=0.675]
  epoch 2/3:  22%|██▏       | 19/88 [00:05<00:18,  3.69it/s, loss=0.675]
  epoch 2/3:  22%|██▏       | 19/88 [00:05<00:18,  3.69it/s, loss=0.668]
  epoch 2/3:  23%|██▎       | 20/88 [00:05<00:18,  3.67it/s, loss=0.668]
  epoch 2/3:  23%|██▎       | 20/88 [00:05<00:18,  3.67it/s, loss=0.663]
  epoch 2/3:  24%|██▍       | 21/88 [00:05<00:18,  3.69it/s, loss=0.663]
  epoch 2/3:  24%|██▍       | 21/88 [00:06<00:18,  3.69it/s, loss=0.667]
  epoch 2/3:  25%|██▌       | 22/88 [00:06<00:17,  3.70it/s, loss=0.667]
  epoch 2/3:  25%|██▌       | 22/88 [00:06<00:17,  3.70it/s, loss=0.659]
  epoch 2/3:  26%|██▌       | 23/88 [00:06<00:17,  3.69it/s, loss=0.659]
  epoch 2/3:  26%|██▌       | 23/88 [00:06<00:17,  3.69it/s, loss=0.659]
  epoch 2/3:  27%|██▋       | 24/88 [00:06<00:17,  3.70it/s, loss=0.659]
  epoch 2/3:  27%|██▋       | 24/88 [00:07<00:17,  3.70it/s, loss=0.656]
  epoch 2/3:  28%|██▊       | 25/88 [00:07<00:16,  3.71it/s, loss=0.656]
  epoch 2/3:  28%|██▊       | 25/88 [00:07<00:16,  3.71it/s, loss=0.652]
  epoch 2/3:  30%|██▉       | 26/88 [00:07<00:16,  3.70it/s, loss=0.652]
  epoch 2/3:  30%|██▉       | 26/88 [00:07<00:16,  3.70it/s, loss=0.648]
  epoch 2/3:  31%|███       | 27/88 [00:07<00:16,  3.69it/s, loss=0.648]
  epoch 2/3:  31%|███       | 27/88 [00:07<00:16,  3.69it/s, loss=0.644]
  epoch 2/3:  32%|███▏      | 28/88 [00:07<00:16,  3.68it/s, loss=0.644]
  epoch 2/3:  32%|███▏      | 28/88 [00:08<00:16,  3.68it/s, loss=0.639]
  epoch 2/3:  33%|███▎      | 29/88 [00:08<00:15,  3.70it/s, loss=0.639]
  epoch 2/3:  33%|███▎      | 29/88 [00:08<00:15,  3.70it/s, loss=0.641]
  epoch 2/3:  34%|███▍      | 30/88 [00:08<00:15,  3.70it/s, loss=0.641]
  epoch 2/3:  34%|███▍      | 30/88 [00:08<00:15,  3.70it/s, loss=0.641]
  epoch 2/3:  35%|███▌      | 31/88 [00:08<00:15,  3.65it/s, loss=0.641]
  epoch 2/3:  35%|███▌      | 31/88 [00:08<00:15,  3.65it/s, loss=0.638]
  epoch 2/3:  36%|███▋      | 32/88 [00:08<00:15,  3.63it/s, loss=0.638]
  epoch 2/3:  36%|███▋      | 32/88 [00:09<00:15,  3.63it/s, loss=0.635]
  epoch 2/3:  38%|███▊      | 33/88 [00:09<00:15,  3.66it/s, loss=0.635]
  epoch 2/3:  38%|███▊      | 33/88 [00:09<00:15,  3.66it/s, loss=0.633]
  epoch 2/3:  39%|███▊      | 34/88 [00:09<00:14,  3.68it/s, loss=0.633]
  epoch 2/3:  39%|███▊      | 34/88 [00:09<00:14,  3.68it/s, loss=0.631]
  epoch 2/3:  40%|███▉      | 35/88 [00:09<00:14,  3.68it/s, loss=0.631]
  epoch 2/3:  40%|███▉      | 35/88 [00:10<00:14,  3.68it/s, loss=0.631]
  epoch 2/3:  41%|████      | 36/88 [00:10<00:14,  3.69it/s, loss=0.631]
  epoch 2/3:  41%|████      | 36/88 [00:10<00:14,  3.69it/s, loss=0.629]
  epoch 2/3:  42%|████▏     | 37/88 [00:10<00:13,  3.70it/s, loss=0.629]
  epoch 2/3:  42%|████▏     | 37/88 [00:10<00:13,  3.70it/s, loss=0.623]
  epoch 2/3:  43%|████▎     | 38/88 [00:10<00:13,  3.69it/s, loss=0.623]
  epoch 2/3:  43%|████▎     | 38/88 [00:10<00:13,  3.69it/s, loss=0.621]
  epoch 2/3:  44%|████▍     | 39/88 [00:10<00:13,  3.69it/s, loss=0.621]
  epoch 2/3:  44%|████▍     | 39/88 [00:11<00:13,  3.69it/s, loss=0.620]
  epoch 2/3:  45%|████▌     | 40/88 [00:11<00:12,  3.70it/s, loss=0.620]
  epoch 2/3:  45%|████▌     | 40/88 [00:11<00:12,  3.70it/s, loss=0.618]
  epoch 2/3:  47%|████▋     | 41/88 [00:11<00:12,  3.70it/s, loss=0.618]
  epoch 2/3:  47%|████▋     | 41/88 [00:11<00:12,  3.70it/s, loss=0.615]
  epoch 2/3:  48%|████▊     | 42/88 [00:11<00:12,  3.72it/s, loss=0.615]
  epoch 2/3:  48%|████▊     | 42/88 [00:11<00:12,  3.72it/s, loss=0.610]
  epoch 2/3:  49%|████▉     | 43/88 [00:11<00:12,  3.72it/s, loss=0.610]
  epoch 2/3:  49%|████▉     | 43/88 [00:12<00:12,  3.72it/s, loss=0.608]
  epoch 2/3:  50%|█████     | 44/88 [00:12<00:11,  3.72it/s, loss=0.608]
  epoch 2/3:  50%|█████     | 44/88 [00:12<00:11,  3.72it/s, loss=0.603]
  epoch 2/3:  51%|█████     | 45/88 [00:12<00:11,  3.72it/s, loss=0.603]
  epoch 2/3:  51%|█████     | 45/88 [00:12<00:11,  3.72it/s, loss=0.600]
  epoch 2/3:  52%|█████▏    | 46/88 [00:12<00:11,  3.73it/s, loss=0.600]
  epoch 2/3:  52%|█████▏    | 46/88 [00:12<00:11,  3.73it/s, loss=0.598]
  epoch 2/3:  53%|█████▎    | 47/88 [00:12<00:10,  3.73it/s, loss=0.598]
  epoch 2/3:  53%|█████▎    | 47/88 [00:13<00:10,  3.73it/s, loss=0.597]
  epoch 2/3:  55%|█████▍    | 48/88 [00:13<00:10,  3.65it/s, loss=0.597]
  epoch 2/3:  55%|█████▍    | 48/88 [00:13<00:10,  3.65it/s, loss=0.595]
  epoch 2/3:  56%|█████▌    | 49/88 [00:13<00:10,  3.65it/s, loss=0.595]
  epoch 2/3:  56%|█████▌    | 49/88 [00:13<00:10,  3.65it/s, loss=0.593]
  epoch 2/3:  57%|█████▋    | 50/88 [00:13<00:10,  3.69it/s, loss=0.593]
  epoch 2/3:  57%|█████▋    | 50/88 [00:14<00:10,  3.69it/s, loss=0.590]
  epoch 2/3:  58%|█████▊    | 51/88 [00:14<00:10,  3.69it/s, loss=0.590]
  epoch 2/3:  58%|█████▊    | 51/88 [00:14<00:10,  3.69it/s, loss=0.586]
  epoch 2/3:  59%|█████▉    | 52/88 [00:14<00:09,  3.68it/s, loss=0.586]
  epoch 2/3:  59%|█████▉    | 52/88 [00:14<00:09,  3.68it/s, loss=0.582]
  epoch 2/3:  60%|██████    | 53/88 [00:14<00:09,  3.69it/s, loss=0.582]
  epoch 2/3:  60%|██████    | 53/88 [00:14<00:09,  3.69it/s, loss=0.583]
  epoch 2/3:  61%|██████▏   | 54/88 [00:14<00:09,  3.69it/s, loss=0.583]
  epoch 2/3:  61%|██████▏   | 54/88 [00:15<00:09,  3.69it/s, loss=0.583]
  epoch 2/3:  62%|██████▎   | 55/88 [00:15<00:08,  3.70it/s, loss=0.583]
  epoch 2/3:  62%|██████▎   | 55/88 [00:15<00:08,  3.70it/s, loss=0.583]
  epoch 2/3:  64%|██████▎   | 56/88 [00:15<00:08,  3.69it/s, loss=0.583]
  epoch 2/3:  64%|██████▎   | 56/88 [00:15<00:08,  3.69it/s, loss=0.579]
  epoch 2/3:  65%|██████▍   | 57/88 [00:15<00:08,  3.71it/s, loss=0.579]
  epoch 2/3:  65%|██████▍   | 57/88 [00:15<00:08,  3.71it/s, loss=0.578]
  epoch 2/3:  66%|██████▌   | 58/88 [00:15<00:08,  3.70it/s, loss=0.578]
  epoch 2/3:  66%|██████▌   | 58/88 [00:16<00:08,  3.70it/s, loss=0.575]
  epoch 2/3:  67%|██████▋   | 59/88 [00:16<00:07,  3.72it/s, loss=0.575]
  epoch 2/3:  67%|██████▋   | 59/88 [00:16<00:07,  3.72it/s, loss=0.573]
  epoch 2/3:  68%|██████▊   | 60/88 [00:16<00:07,  3.72it/s, loss=0.573]
  epoch 2/3:  68%|██████▊   | 60/88 [00:16<00:07,  3.72it/s, loss=0.569]
  epoch 2/3:  69%|██████▉   | 61/88 [00:16<00:07,  3.70it/s, loss=0.569]
  epoch 2/3:  69%|██████▉   | 61/88 [00:17<00:07,  3.70it/s, loss=0.568]
  epoch 2/3:  70%|███████   | 62/88 [00:17<00:07,  3.68it/s, loss=0.568]
  epoch 2/3:  70%|███████   | 62/88 [00:17<00:07,  3.68it/s, loss=0.564]
  epoch 2/3:  72%|███████▏  | 63/88 [00:17<00:06,  3.69it/s, loss=0.564]
  epoch 2/3:  72%|███████▏  | 63/88 [00:17<00:06,  3.69it/s, loss=0.563]
  epoch 2/3:  73%|███████▎  | 64/88 [00:17<00:06,  3.66it/s, loss=0.563]
  epoch 2/3:  73%|███████▎  | 64/88 [00:17<00:06,  3.66it/s, loss=0.560]
  epoch 2/3:  74%|███████▍  | 65/88 [00:17<00:06,  3.68it/s, loss=0.560]
  epoch 2/3:  74%|███████▍  | 65/88 [00:18<00:06,  3.68it/s, loss=0.557]
  epoch 2/3:  75%|███████▌  | 66/88 [00:18<00:05,  3.70it/s, loss=0.557]
  epoch 2/3:  75%|███████▌  | 66/88 [00:18<00:05,  3.70it/s, loss=0.557]
  epoch 2/3:  76%|███████▌  | 67/88 [00:18<00:05,  3.72it/s, loss=0.557]
  epoch 2/3:  76%|███████▌  | 67/88 [00:18<00:05,  3.72it/s, loss=0.554]
  epoch 2/3:  77%|███████▋  | 68/88 [00:18<00:05,  3.73it/s, loss=0.554]
  epoch 2/3:  77%|███████▋  | 68/88 [00:18<00:05,  3.73it/s, loss=0.551]
  epoch 2/3:  78%|███████▊  | 69/88 [00:18<00:05,  3.73it/s, loss=0.551]
  epoch 2/3:  78%|███████▊  | 69/88 [00:19<00:05,  3.73it/s, loss=0.548]
  epoch 2/3:  80%|███████▉  | 70/88 [00:19<00:04,  3.71it/s, loss=0.548]
  epoch 2/3:  80%|███████▉  | 70/88 [00:19<00:04,  3.71it/s, loss=0.547]
  epoch 2/3:  81%|████████  | 71/88 [00:19<00:04,  3.72it/s, loss=0.547]
  epoch 2/3:  81%|████████  | 71/88 [00:19<00:04,  3.72it/s, loss=0.544]
  epoch 2/3:  82%|████████▏ | 72/88 [00:19<00:04,  3.71it/s, loss=0.544]
  epoch 2/3:  82%|████████▏ | 72/88 [00:20<00:04,  3.71it/s, loss=0.542]
  epoch 2/3:  83%|████████▎ | 73/88 [00:20<00:04,  3.70it/s, loss=0.542]
  epoch 2/3:  83%|████████▎ | 73/88 [00:20<00:04,  3.70it/s, loss=0.539]
  epoch 2/3:  84%|████████▍ | 74/88 [00:20<00:03,  3.69it/s, loss=0.539]
  epoch 2/3:  84%|████████▍ | 74/88 [00:20<00:03,  3.69it/s, loss=0.538]
  epoch 2/3:  85%|████████▌ | 75/88 [00:20<00:03,  3.70it/s, loss=0.538]
  epoch 2/3:  85%|████████▌ | 75/88 [00:20<00:03,  3.70it/s, loss=0.536]
  epoch 2/3:  86%|████████▋ | 76/88 [00:20<00:03,  3.70it/s, loss=0.536]
  epoch 2/3:  86%|████████▋ | 76/88 [00:21<00:03,  3.70it/s, loss=0.535]
  epoch 2/3:  88%|████████▊ | 77/88 [00:21<00:02,  3.69it/s, loss=0.535]
  epoch 2/3:  88%|████████▊ | 77/88 [00:21<00:02,  3.69it/s, loss=0.533]
  epoch 2/3:  89%|████████▊ | 78/88 [00:21<00:02,  3.68it/s, loss=0.533]
  epoch 2/3:  89%|████████▊ | 78/88 [00:21<00:02,  3.68it/s, loss=0.530]
  epoch 2/3:  90%|████████▉ | 79/88 [00:21<00:02,  3.69it/s, loss=0.530]
  epoch 2/3:  90%|████████▉ | 79/88 [00:21<00:02,  3.69it/s, loss=0.529]
  epoch 2/3:  91%|█████████ | 80/88 [00:21<00:02,  3.64it/s, loss=0.529]
  epoch 2/3:  91%|█████████ | 80/88 [00:22<00:02,  3.64it/s, loss=0.527]
  epoch 2/3:  92%|█████████▏| 81/88 [00:22<00:01,  3.68it/s, loss=0.527]
  epoch 2/3:  92%|█████████▏| 81/88 [00:22<00:01,  3.68it/s, loss=0.525]
  epoch 2/3:  93%|█████████▎| 82/88 [00:22<00:01,  3.67it/s, loss=0.525]
  epoch 2/3:  93%|█████████▎| 82/88 [00:22<00:01,  3.67it/s, loss=0.522]
  epoch 2/3:  94%|█████████▍| 83/88 [00:22<00:01,  3.69it/s, loss=0.522]
  epoch 2/3:  94%|█████████▍| 83/88 [00:22<00:01,  3.69it/s, loss=0.520]
  epoch 2/3:  95%|█████████▌| 84/88 [00:22<00:01,  3.70it/s, loss=0.520]
  epoch 2/3:  95%|█████████▌| 84/88 [00:23<00:01,  3.70it/s, loss=0.519]
  epoch 2/3:  97%|█████████▋| 85/88 [00:23<00:00,  3.68it/s, loss=0.519]
  epoch 2/3:  97%|█████████▋| 85/88 [00:23<00:00,  3.68it/s, loss=0.516]
  epoch 2/3:  98%|█████████▊| 86/88 [00:23<00:00,  3.70it/s, loss=0.516]
  epoch 2/3:  98%|█████████▊| 86/88 [00:23<00:00,  3.70it/s, loss=0.516]
  epoch 2/3:  99%|█████████▉| 87/88 [00:23<00:00,  3.71it/s, loss=0.516]
  epoch 2/3:  99%|█████████▉| 87/88 [00:23<00:00,  3.71it/s, loss=0.515]
  epoch 2/3: 100%|██████████| 88/88 [00:23<00:00,  4.04it/s, loss=0.515]
                                                                        

  epoch 3/3:   0%|          | 0/88 [00:00<?, ?it/s]
  epoch 3/3:   0%|          | 0/88 [00:00<?, ?it/s, loss=0.376]
  epoch 3/3:   1%|          | 1/88 [00:00<00:45,  1.91it/s, loss=0.376]
  epoch 3/3:   1%|          | 1/88 [00:00<00:45,  1.91it/s, loss=0.344]
  epoch 3/3:   2%|▏         | 2/88 [00:00<00:32,  2.67it/s, loss=0.344]
  epoch 3/3:   2%|▏         | 2/88 [00:01<00:32,  2.67it/s, loss=0.330]
  epoch 3/3:   3%|▎         | 3/88 [00:01<00:27,  3.06it/s, loss=0.330]
  epoch 3/3:   3%|▎         | 3/88 [00:01<00:27,  3.06it/s, loss=0.328]
  epoch 3/3:   5%|▍         | 4/88 [00:01<00:25,  3.26it/s, loss=0.328]
  epoch 3/3:   5%|▍         | 4/88 [00:01<00:25,  3.26it/s, loss=0.354]
  epoch 3/3:   6%|▌         | 5/88 [00:01<00:24,  3.40it/s, loss=0.354]
  epoch 3/3:   6%|▌         | 5/88 [00:01<00:24,  3.40it/s, loss=0.339]
  epoch 3/3:   7%|▋         | 6/88 [00:01<00:23,  3.47it/s, loss=0.339]
  epoch 3/3:   7%|▋         | 6/88 [00:02<00:23,  3.47it/s, loss=0.339]
  epoch 3/3:   8%|▊         | 7/88 [00:02<00:22,  3.55it/s, loss=0.339]
  epoch 3/3:   8%|▊         | 7/88 [00:02<00:22,  3.55it/s, loss=0.341]
  epoch 3/3:   9%|▉         | 8/88 [00:02<00:22,  3.55it/s, loss=0.341]
  epoch 3/3:   9%|▉         | 8/88 [00:02<00:22,  3.55it/s, loss=0.342]
  epoch 3/3:  10%|█         | 9/88 [00:02<00:21,  3.60it/s, loss=0.342]
  epoch 3/3:  10%|█         | 9/88 [00:02<00:21,  3.60it/s, loss=0.340]
  epoch 3/3:  11%|█▏        | 10/88 [00:02<00:21,  3.64it/s, loss=0.340]
  epoch 3/3:  11%|█▏        | 10/88 [00:03<00:21,  3.64it/s, loss=0.335]
  epoch 3/3:  12%|█▎        | 11/88 [00:03<00:21,  3.64it/s, loss=0.335]
  epoch 3/3:  12%|█▎        | 11/88 [00:03<00:21,  3.64it/s, loss=0.340]
  epoch 3/3:  14%|█▎        | 12/88 [00:03<00:20,  3.68it/s, loss=0.340]
  epoch 3/3:  14%|█▎        | 12/88 [00:03<00:20,  3.68it/s, loss=0.336]
  epoch 3/3:  15%|█▍        | 13/88 [00:03<00:20,  3.69it/s, loss=0.336]
  epoch 3/3:  15%|█▍        | 13/88 [00:04<00:20,  3.69it/s, loss=0.331]
  epoch 3/3:  16%|█▌        | 14/88 [00:04<00:20,  3.68it/s, loss=0.331]
  epoch 3/3:  16%|█▌        | 14/88 [00:04<00:20,  3.68it/s, loss=0.332]
  epoch 3/3:  17%|█▋        | 15/88 [00:04<00:19,  3.69it/s, loss=0.332]
  epoch 3/3:  17%|█▋        | 15/88 [00:04<00:19,  3.69it/s, loss=0.332]
  epoch 3/3:  18%|█▊        | 16/88 [00:04<00:19,  3.69it/s, loss=0.332]
  epoch 3/3:  18%|█▊        | 16/88 [00:04<00:19,  3.69it/s, loss=0.329]
  epoch 3/3:  19%|█▉        | 17/88 [00:04<00:19,  3.68it/s, loss=0.329]
  epoch 3/3:  19%|█▉        | 17/88 [00:05<00:19,  3.68it/s, loss=0.325]
  epoch 3/3:  20%|██        | 18/88 [00:05<00:18,  3.70it/s, loss=0.325]
  epoch 3/3:  20%|██        | 18/88 [00:05<00:18,  3.70it/s, loss=0.324]
  epoch 3/3:  22%|██▏       | 19/88 [00:05<00:18,  3.71it/s, loss=0.324]
  epoch 3/3:  22%|██▏       | 19/88 [00:05<00:18,  3.71it/s, loss=0.324]
  epoch 3/3:  23%|██▎       | 20/88 [00:05<00:18,  3.70it/s, loss=0.324]
  epoch 3/3:  23%|██▎       | 20/88 [00:05<00:18,  3.70it/s, loss=0.322]
  epoch 3/3:  24%|██▍       | 21/88 [00:05<00:18,  3.70it/s, loss=0.322]
  epoch 3/3:  24%|██▍       | 21/88 [00:06<00:18,  3.70it/s, loss=0.324]
  epoch 3/3:  25%|██▌       | 22/88 [00:06<00:17,  3.70it/s, loss=0.324]
  epoch 3/3:  25%|██▌       | 22/88 [00:06<00:17,  3.70it/s, loss=0.323]
  epoch 3/3:  26%|██▌       | 23/88 [00:06<00:17,  3.71it/s, loss=0.323]
  epoch 3/3:  26%|██▌       | 23/88 [00:06<00:17,  3.71it/s, loss=0.319]
  epoch 3/3:  27%|██▋       | 24/88 [00:06<00:17,  3.65it/s, loss=0.319]
  epoch 3/3:  27%|██▋       | 24/88 [00:07<00:17,  3.65it/s, loss=0.315]
  epoch 3/3:  28%|██▊       | 25/88 [00:07<00:17,  3.68it/s, loss=0.315]
  epoch 3/3:  28%|██▊       | 25/88 [00:07<00:17,  3.68it/s, loss=0.312]
  epoch 3/3:  30%|██▉       | 26/88 [00:07<00:16,  3.69it/s, loss=0.312]
  epoch 3/3:  30%|██▉       | 26/88 [00:07<00:16,  3.69it/s, loss=0.312]
  epoch 3/3:  31%|███       | 27/88 [00:07<00:16,  3.71it/s, loss=0.312]
  epoch 3/3:  31%|███       | 27/88 [00:07<00:16,  3.71it/s, loss=0.313]
  epoch 3/3:  32%|███▏      | 28/88 [00:07<00:16,  3.72it/s, loss=0.313]
  epoch 3/3:  32%|███▏      | 28/88 [00:08<00:16,  3.72it/s, loss=0.313]
  epoch 3/3:  33%|███▎      | 29/88 [00:08<00:15,  3.72it/s, loss=0.313]
  epoch 3/3:  33%|███▎      | 29/88 [00:08<00:15,  3.72it/s, loss=0.313]
  epoch 3/3:  34%|███▍      | 30/88 [00:08<00:15,  3.70it/s, loss=0.313]
  epoch 3/3:  34%|███▍      | 30/88 [00:08<00:15,  3.70it/s, loss=0.313]
  epoch 3/3:  35%|███▌      | 31/88 [00:08<00:15,  3.70it/s, loss=0.313]
  epoch 3/3:  35%|███▌      | 31/88 [00:08<00:15,  3.70it/s, loss=0.315]
  epoch 3/3:  36%|███▋      | 32/88 [00:08<00:15,  3.72it/s, loss=0.315]
  epoch 3/3:  36%|███▋      | 32/88 [00:09<00:15,  3.72it/s, loss=0.313]
  epoch 3/3:  38%|███▊      | 33/88 [00:09<00:14,  3.71it/s, loss=0.313]
  epoch 3/3:  38%|███▊      | 33/88 [00:09<00:14,  3.71it/s, loss=0.314]
  epoch 3/3:  39%|███▊      | 34/88 [00:09<00:14,  3.72it/s, loss=0.314]
  epoch 3/3:  39%|███▊      | 34/88 [00:09<00:14,  3.72it/s, loss=0.313]
  epoch 3/3:  40%|███▉      | 35/88 [00:09<00:14,  3.72it/s, loss=0.313]
  epoch 3/3:  40%|███▉      | 35/88 [00:09<00:14,  3.72it/s, loss=0.312]
  epoch 3/3:  41%|████      | 36/88 [00:09<00:13,  3.73it/s, loss=0.312]
  epoch 3/3:  41%|████      | 36/88 [00:10<00:13,  3.73it/s, loss=0.313]
  epoch 3/3:  42%|████▏     | 37/88 [00:10<00:13,  3.73it/s, loss=0.313]
  epoch 3/3:  42%|████▏     | 37/88 [00:10<00:13,  3.73it/s, loss=0.312]
  epoch 3/3:  43%|████▎     | 38/88 [00:10<00:13,  3.73it/s, loss=0.312]
  epoch 3/3:  43%|████▎     | 38/88 [00:10<00:13,  3.73it/s, loss=0.312]
  epoch 3/3:  44%|████▍     | 39/88 [00:10<00:13,  3.73it/s, loss=0.312]
  epoch 3/3:  44%|████▍     | 39/88 [00:11<00:13,  3.73it/s, loss=0.313]
  epoch 3/3:  45%|████▌     | 40/88 [00:11<00:13,  3.68it/s, loss=0.313]
  epoch 3/3:  45%|████▌     | 40/88 [00:11<00:13,  3.68it/s, loss=0.310]
  epoch 3/3:  47%|████▋     | 41/88 [00:11<00:12,  3.69it/s, loss=0.310]
  epoch 3/3:  47%|████▋     | 41/88 [00:11<00:12,  3.69it/s, loss=0.311]
  epoch 3/3:  48%|████▊     | 42/88 [00:11<00:12,  3.71it/s, loss=0.311]
  epoch 3/3:  48%|████▊     | 42/88 [00:11<00:12,  3.71it/s, loss=0.309]
  epoch 3/3:  49%|████▉     | 43/88 [00:11<00:12,  3.73it/s, loss=0.309]
  epoch 3/3:  49%|████▉     | 43/88 [00:12<00:12,  3.73it/s, loss=0.308]
  epoch 3/3:  50%|█████     | 44/88 [00:12<00:11,  3.70it/s, loss=0.308]
  epoch 3/3:  50%|█████     | 44/88 [00:12<00:11,  3.70it/s, loss=0.308]
  epoch 3/3:  51%|█████     | 45/88 [00:12<00:11,  3.71it/s, loss=0.308]
  epoch 3/3:  51%|█████     | 45/88 [00:12<00:11,  3.71it/s, loss=0.309]
  epoch 3/3:  52%|█████▏    | 46/88 [00:12<00:11,  3.71it/s, loss=0.309]
  epoch 3/3:  52%|█████▏    | 46/88 [00:12<00:11,  3.71it/s, loss=0.306]
  epoch 3/3:  53%|█████▎    | 47/88 [00:12<00:11,  3.70it/s, loss=0.306]
  epoch 3/3:  53%|█████▎    | 47/88 [00:13<00:11,  3.70it/s, loss=0.303]
  epoch 3/3:  55%|█████▍    | 48/88 [00:13<00:10,  3.71it/s, loss=0.303]
  epoch 3/3:  55%|█████▍    | 48/88 [00:13<00:10,  3.71it/s, loss=0.300]
  epoch 3/3:  56%|█████▌    | 49/88 [00:13<00:10,  3.71it/s, loss=0.300]
  epoch 3/3:  56%|█████▌    | 49/88 [00:13<00:10,  3.71it/s, loss=0.300]
  epoch 3/3:  57%|█████▋    | 50/88 [00:13<00:10,  3.71it/s, loss=0.300]
  epoch 3/3:  57%|█████▋    | 50/88 [00:14<00:10,  3.71it/s, loss=0.299]
  epoch 3/3:  58%|█████▊    | 51/88 [00:14<00:10,  3.70it/s, loss=0.299]
  epoch 3/3:  58%|█████▊    | 51/88 [00:14<00:10,  3.70it/s, loss=0.297]
  epoch 3/3:  59%|█████▉    | 52/88 [00:14<00:09,  3.70it/s, loss=0.297]
  epoch 3/3:  59%|█████▉    | 52/88 [00:14<00:09,  3.70it/s, loss=0.295]
  epoch 3/3:  60%|██████    | 53/88 [00:14<00:09,  3.70it/s, loss=0.295]
  epoch 3/3:  60%|██████    | 53/88 [00:14<00:09,  3.70it/s, loss=0.292]
  epoch 3/3:  61%|██████▏   | 54/88 [00:14<00:09,  3.70it/s, loss=0.292]
  epoch 3/3:  61%|██████▏   | 54/88 [00:15<00:09,  3.70it/s, loss=0.292]
  epoch 3/3:  62%|██████▎   | 55/88 [00:15<00:08,  3.69it/s, loss=0.292]
  epoch 3/3:  62%|██████▎   | 55/88 [00:15<00:08,  3.69it/s, loss=0.290]
  epoch 3/3:  64%|██████▎   | 56/88 [00:15<00:08,  3.65it/s, loss=0.290]
  epoch 3/3:  64%|██████▎   | 56/88 [00:15<00:08,  3.65it/s, loss=0.289]
  epoch 3/3:  65%|██████▍   | 57/88 [00:15<00:08,  3.69it/s, loss=0.289]
  epoch 3/3:  65%|██████▍   | 57/88 [00:15<00:08,  3.69it/s, loss=0.288]
  epoch 3/3:  66%|██████▌   | 58/88 [00:15<00:08,  3.69it/s, loss=0.288]
  epoch 3/3:  66%|██████▌   | 58/88 [00:16<00:08,  3.69it/s, loss=0.287]
  epoch 3/3:  67%|██████▋   | 59/88 [00:16<00:07,  3.70it/s, loss=0.287]
  epoch 3/3:  67%|██████▋   | 59/88 [00:16<00:07,  3.70it/s, loss=0.284]
  epoch 3/3:  68%|██████▊   | 60/88 [00:16<00:07,  3.71it/s, loss=0.284]
  epoch 3/3:  68%|██████▊   | 60/88 [00:16<00:07,  3.71it/s, loss=0.284]
  epoch 3/3:  69%|██████▉   | 61/88 [00:16<00:07,  3.71it/s, loss=0.284]
  epoch 3/3:  69%|██████▉   | 61/88 [00:17<00:07,  3.71it/s, loss=0.282]
  epoch 3/3:  70%|███████   | 62/88 [00:17<00:07,  3.69it/s, loss=0.282]
  epoch 3/3:  70%|███████   | 62/88 [00:17<00:07,  3.69it/s, loss=0.282]
  epoch 3/3:  72%|███████▏  | 63/88 [00:17<00:06,  3.70it/s, loss=0.282]
  epoch 3/3:  72%|███████▏  | 63/88 [00:17<00:06,  3.70it/s, loss=0.281]
  epoch 3/3:  73%|███████▎  | 64/88 [00:17<00:06,  3.68it/s, loss=0.281]
  epoch 3/3:  73%|███████▎  | 64/88 [00:17<00:06,  3.68it/s, loss=0.280]
  epoch 3/3:  74%|███████▍  | 65/88 [00:17<00:06,  3.70it/s, loss=0.280]
  epoch 3/3:  74%|███████▍  | 65/88 [00:18<00:06,  3.70it/s, loss=0.279]
  epoch 3/3:  75%|███████▌  | 66/88 [00:18<00:05,  3.71it/s, loss=0.279]
  epoch 3/3:  75%|███████▌  | 66/88 [00:18<00:05,  3.71it/s, loss=0.277]
  epoch 3/3:  76%|███████▌  | 67/88 [00:18<00:05,  3.71it/s, loss=0.277]
  epoch 3/3:  76%|███████▌  | 67/88 [00:18<00:05,  3.71it/s, loss=0.276]
  epoch 3/3:  77%|███████▋  | 68/88 [00:18<00:05,  3.70it/s, loss=0.276]
  epoch 3/3:  77%|███████▋  | 68/88 [00:18<00:05,  3.70it/s, loss=0.274]
  epoch 3/3:  78%|███████▊  | 69/88 [00:18<00:05,  3.72it/s, loss=0.274]
  epoch 3/3:  78%|███████▊  | 69/88 [00:19<00:05,  3.72it/s, loss=0.274]
  epoch 3/3:  80%|███████▉  | 70/88 [00:19<00:04,  3.73it/s, loss=0.274]
  epoch 3/3:  80%|███████▉  | 70/88 [00:19<00:04,  3.73it/s, loss=0.273]
  epoch 3/3:  81%|████████  | 71/88 [00:19<00:04,  3.73it/s, loss=0.273]
  epoch 3/3:  81%|████████  | 71/88 [00:19<00:04,  3.73it/s, loss=0.272]
  epoch 3/3:  82%|████████▏ | 72/88 [00:19<00:04,  3.66it/s, loss=0.272]
  epoch 3/3:  82%|████████▏ | 72/88 [00:19<00:04,  3.66it/s, loss=0.273]
  epoch 3/3:  83%|████████▎ | 73/88 [00:19<00:04,  3.69it/s, loss=0.273]
  epoch 3/3:  83%|████████▎ | 73/88 [00:20<00:04,  3.69it/s, loss=0.274]
  epoch 3/3:  84%|████████▍ | 74/88 [00:20<00:03,  3.69it/s, loss=0.274]
  epoch 3/3:  84%|████████▍ | 74/88 [00:20<00:03,  3.69it/s, loss=0.276]
  epoch 3/3:  85%|████████▌ | 75/88 [00:20<00:03,  3.68it/s, loss=0.276]
  epoch 3/3:  85%|████████▌ | 75/88 [00:20<00:03,  3.68it/s, loss=0.275]
  epoch 3/3:  86%|████████▋ | 76/88 [00:20<00:03,  3.69it/s, loss=0.275]
  epoch 3/3:  86%|████████▋ | 76/88 [00:21<00:03,  3.69it/s, loss=0.274]
  epoch 3/3:  88%|████████▊ | 77/88 [00:21<00:02,  3.70it/s, loss=0.274]
  epoch 3/3:  88%|████████▊ | 77/88 [00:21<00:02,  3.70it/s, loss=0.274]
  epoch 3/3:  89%|████████▊ | 78/88 [00:21<00:02,  3.69it/s, loss=0.274]
  epoch 3/3:  89%|████████▊ | 78/88 [00:21<00:02,  3.69it/s, loss=0.272]
  epoch 3/3:  90%|████████▉ | 79/88 [00:21<00:02,  3.67it/s, loss=0.272]
  epoch 3/3:  90%|████████▉ | 79/88 [00:21<00:02,  3.67it/s, loss=0.273]
  epoch 3/3:  91%|█████████ | 80/88 [00:21<00:02,  3.68it/s, loss=0.273]
  epoch 3/3:  91%|█████████ | 80/88 [00:22<00:02,  3.68it/s, loss=0.272]
  epoch 3/3:  92%|█████████▏| 81/88 [00:22<00:01,  3.70it/s, loss=0.272]
  epoch 3/3:  92%|█████████▏| 81/88 [00:22<00:01,  3.70it/s, loss=0.272]
  epoch 3/3:  93%|█████████▎| 82/88 [00:22<00:01,  3.70it/s, loss=0.272]
  epoch 3/3:  93%|█████████▎| 82/88 [00:22<00:01,  3.70it/s, loss=0.272]
  epoch 3/3:  94%|█████████▍| 83/88 [00:22<00:01,  3.71it/s, loss=0.272]
  epoch 3/3:  94%|█████████▍| 83/88 [00:22<00:01,  3.71it/s, loss=0.270]
  epoch 3/3:  95%|█████████▌| 84/88 [00:22<00:01,  3.70it/s, loss=0.270]
  epoch 3/3:  95%|█████████▌| 84/88 [00:23<00:01,  3.70it/s, loss=0.269]
  epoch 3/3:  97%|█████████▋| 85/88 [00:23<00:00,  3.66it/s, loss=0.269]
  epoch 3/3:  97%|█████████▋| 85/88 [00:23<00:00,  3.66it/s, loss=0.270]
  epoch 3/3:  98%|█████████▊| 86/88 [00:23<00:00,  3.69it/s, loss=0.270]
  epoch 3/3:  98%|█████████▊| 86/88 [00:23<00:00,  3.69it/s, loss=0.269]
  epoch 3/3:  99%|█████████▉| 87/88 [00:23<00:00,  3.69it/s, loss=0.269]
  epoch 3/3:  99%|█████████▉| 87/88 [00:23<00:00,  3.69it/s, loss=0.268]
  epoch 3/3: 100%|██████████| 88/88 [00:23<00:00,  3.96it/s, loss=0.268]
                                                                        
[titans] reset=never | norm(state) sau task = 85.0030
[titans]   self-mod v:β=0.79 |W|=1.09
[titans]   eta_t(avg)=2.6792  alpha_t/forget-gate(avg)=0.9959
[task 1] test acc so far: 0.906  0.766
[task 1] NCM-blend gamma=0: 0.871  0.889
[task 1] NCM-blend gamma=1: 0.889  0.891
[checkpoint] đã lưu tiến độ sau task 1
[task 2] classes=[5, 6, 14, 20, 29] | train=2800

  epoch 1/3:   0%|          | 0/88 [00:00<?, ?it/s]
  epoch 1/3:   0%|          | 0/88 [00:00<?, ?it/s, loss=1.770]
  epoch 1/3:   1%|          | 1/88 [00:00<00:43,  2.00it/s, loss=1.770]
  epoch 1/3:   1%|          | 1/88 [00:00<00:43,  2.00it/s, loss=1.753]
  epoch 1/3:   2%|▏         | 2/88 [00:00<00:31,  2.74it/s, loss=1.753]
  epoch 1/3:   2%|▏         | 2/88 [00:01<00:31,  2.74it/s, loss=1.736]
  epoch 1/3:   3%|▎         | 3/88 [00:01<00:27,  3.11it/s, loss=1.736]
  epoch 1/3:   3%|▎         | 3/88 [00:01<00:27,  3.11it/s, loss=1.756]
  epoch 1/3:   5%|▍         | 4/88 [00:01<00:25,  3.33it/s, loss=1.756]
  epoch 1/3:   5%|▍         | 4/88 [00:01<00:25,  3.33it/s, loss=1.772]
  epoch 1/3:   6%|▌         | 5/88 [00:01<00:24,  3.43it/s, loss=1.772]
  epoch 1/3:   6%|▌         | 5/88 [00:01<00:24,  3.43it/s, loss=1.773]
  epoch 1/3:   7%|▋         | 6/88 [00:01<00:23,  3.53it/s, loss=1.773]
  epoch 1/3:   7%|▋         | 6/88 [00:02<00:23,  3.53it/s, loss=1.763]
  epoch 1/3:   8%|▊         | 7/88 [00:02<00:22,  3.58it/s, loss=1.763]
  epoch 1/3:   8%|▊         | 7/88 [00:02<00:22,  3.58it/s, loss=1.740]
  epoch 1/3:   9%|▉         | 8/88 [00:02<00:22,  3.60it/s, loss=1.740]
  epoch 1/3:   9%|▉         | 8/88 [00:02<00:22,  3.60it/s, loss=1.742]
  epoch 1/3:  10%|█         | 9/88 [00:02<00:21,  3.64it/s, loss=1.742]
  epoch 1/3:  10%|█         | 9/88 [00:02<00:21,  3.64it/s, loss=1.737]
  epoch 1/3:  11%|█▏        | 10/88 [00:02<00:21,  3.66it/s, loss=1.737]
  epoch 1/3:  11%|█▏        | 10/88 [00:03<00:21,  3.66it/s, loss=1.730]
  epoch 1/3:  12%|█▎        | 11/88 [00:03<00:20,  3.67it/s, loss=1.730]
  epoch 1/3:  12%|█▎        | 11/88 [00:03<00:20,  3.67it/s, loss=1.712]
  epoch 1/3:  14%|█▎        | 12/88 [00:03<00:20,  3.69it/s, loss=1.712]
  epoch 1/3:  14%|█▎        | 12/88 [00:03<00:20,  3.69it/s, loss=1.705]
  epoch 1/3:  15%|█▍        | 13/88 [00:03<00:20,  3.70it/s, loss=1.705]
  epoch 1/3:  15%|█▍        | 13/88 [00:04<00:20,  3.70it/s, loss=1.703]
  epoch 1/3:  16%|█▌        | 14/88 [00:04<00:20,  3.70it/s, loss=1.703]
  epoch 1/3:  16%|█▌        | 14/88 [00:04<00:20,  3.70it/s, loss=1.693]
  epoch 1/3:  17%|█▋        | 15/88 [00:04<00:19,  3.70it/s, loss=1.693]
  epoch 1/3:  17%|█▋        | 15/88 [00:04<00:19,  3.70it/s, loss=1.684]
  epoch 1/3:  18%|█▊        | 16/88 [00:04<00:19,  3.65it/s, loss=1.684]
  epoch 1/3:  18%|█▊        | 16/88 [00:04<00:19,  3.65it/s, loss=1.676]
  epoch 1/3:  19%|█▉        | 17/88 [00:04<00:19,  3.68it/s, loss=1.676]
  epoch 1/3:  19%|█▉        | 17/88 [00:05<00:19,  3.68it/s, loss=1.667]
  epoch 1/3:  20%|██        | 18/88 [00:05<00:18,  3.70it/s, loss=1.667]
  epoch 1/3:  20%|██        | 18/88 [00:05<00:18,  3.70it/s, loss=1.660]
  epoch 1/3:  22%|██▏       | 19/88 [00:05<00:18,  3.68it/s, loss=1.660]
  epoch 1/3:  22%|██▏       | 19/88 [00:05<00:18,  3.68it/s, loss=1.653]
  epoch 1/3:  23%|██▎       | 20/88 [00:05<00:18,  3.70it/s, loss=1.653]
  epoch 1/3:  23%|██▎       | 20/88 [00:05<00:18,  3.70it/s, loss=1.642]
  epoch 1/3:  24%|██▍       | 21/88 [00:05<00:18,  3.72it/s, loss=1.642]
  epoch 1/3:  24%|██▍       | 21/88 [00:06<00:18,  3.72it/s, loss=1.640]
  epoch 1/3:  25%|██▌       | 22/88 [00:06<00:17,  3.72it/s, loss=1.640]
  epoch 1/3:  25%|██▌       | 22/88 [00:06<00:17,  3.72it/s, loss=1.638]
  epoch 1/3:  26%|██▌       | 23/88 [00:06<00:17,  3.67it/s, loss=1.638]
  epoch 1/3:  26%|██▌       | 23/88 [00:06<00:17,  3.67it/s, loss=1.626]
  epoch 1/3:  27%|██▋       | 24/88 [00:06<00:17,  3.67it/s, loss=1.626]
  epoch 1/3:  27%|██▋       | 24/88 [00:06<00:17,  3.67it/s, loss=1.619]
  epoch 1/3:  28%|██▊       | 25/88 [00:06<00:17,  3.68it/s, loss=1.619]
  epoch 1/3:  28%|██▊       | 25/88 [00:07<00:17,  3.68it/s, loss=1.611]
  epoch 1/3:  30%|██▉       | 26/88 [00:07<00:16,  3.70it/s, loss=1.611]
  epoch 1/3:  30%|██▉       | 26/88 [00:07<00:16,  3.70it/s, loss=1.602]
  epoch 1/3:  31%|███       | 27/88 [00:07<00:16,  3.71it/s, loss=1.602]
  epoch 1/3:  31%|███       | 27/88 [00:07<00:16,  3.71it/s, loss=1.594]
  epoch 1/3:  32%|███▏      | 28/88 [00:07<00:16,  3.69it/s, loss=1.594]
  epoch 1/3:  32%|███▏      | 28/88 [00:08<00:16,  3.69it/s, loss=1.586]
  epoch 1/3:  33%|███▎      | 29/88 [00:08<00:15,  3.70it/s, loss=1.586]
  epoch 1/3:  33%|███▎      | 29/88 [00:08<00:15,  3.70it/s, loss=1.579]
  epoch 1/3:  34%|███▍      | 30/88 [00:08<00:15,  3.71it/s, loss=1.579]
  epoch 1/3:  34%|███▍      | 30/88 [00:08<00:15,  3.71it/s, loss=1.571]
  epoch 1/3:  35%|███▌      | 31/88 [00:08<00:15,  3.68it/s, loss=1.571]
  epoch 1/3:  35%|███▌      | 31/88 [00:08<00:15,  3.68it/s, loss=1.562]
  epoch 1/3:  36%|███▋      | 32/88 [00:08<00:15,  3.64it/s, loss=1.562]
  epoch 1/3:  36%|███▋      | 32/88 [00:09<00:15,  3.64it/s, loss=1.555]
  epoch 1/3:  38%|███▊      | 33/88 [00:09<00:14,  3.68it/s, loss=1.555]
  epoch 1/3:  38%|███▊      | 33/88 [00:09<00:14,  3.68it/s, loss=1.544]
  epoch 1/3:  39%|███▊      | 34/88 [00:09<00:14,  3.70it/s, loss=1.544]
  epoch 1/3:  39%|███▊      | 34/88 [00:09<00:14,  3.70it/s, loss=1.538]
  epoch 1/3:  40%|███▉      | 35/88 [00:09<00:14,  3.68it/s, loss=1.538]
  epoch 1/3:  40%|███▉      | 35/88 [00:09<00:14,  3.68it/s, loss=1.532]
  epoch 1/3:  41%|████      | 36/88 [00:09<00:14,  3.71it/s, loss=1.532]
  epoch 1/3:  41%|████      | 36/88 [00:10<00:14,  3.71it/s, loss=1.529]
  epoch 1/3:  42%|████▏     | 37/88 [00:10<00:13,  3.72it/s, loss=1.529]
  epoch 1/3:  42%|████▏     | 37/88 [00:10<00:13,  3.72it/s, loss=1.524]
  epoch 1/3:  43%|████▎     | 38/88 [00:10<00:13,  3.72it/s, loss=1.524]
  epoch 1/3:  43%|████▎     | 38/88 [00:10<00:13,  3.72it/s, loss=1.516]
  epoch 1/3:  44%|████▍     | 39/88 [00:10<00:13,  3.71it/s, loss=1.516]
  epoch 1/3:  44%|████▍     | 39/88 [00:11<00:13,  3.71it/s, loss=1.508]
  epoch 1/3:  45%|████▌     | 40/88 [00:11<00:12,  3.72it/s, loss=1.508]
  epoch 1/3:  45%|████▌     | 40/88 [00:11<00:12,  3.72it/s, loss=1.501]
  epoch 1/3:  47%|████▋     | 41/88 [00:11<00:12,  3.70it/s, loss=1.501]
  epoch 1/3:  47%|████▋     | 41/88 [00:11<00:12,  3.70it/s, loss=1.500]
  epoch 1/3:  48%|████▊     | 42/88 [00:11<00:12,  3.69it/s, loss=1.500]
  epoch 1/3:  48%|████▊     | 42/88 [00:11<00:12,  3.69it/s, loss=1.493]
  epoch 1/3:  49%|████▉     | 43/88 [00:11<00:12,  3.71it/s, loss=1.493]
  epoch 1/3:  49%|████▉     | 43/88 [00:12<00:12,  3.71it/s, loss=1.488]
  epoch 1/3:  50%|█████     | 44/88 [00:12<00:11,  3.71it/s, loss=1.488]
  epoch 1/3:  50%|█████     | 44/88 [00:12<00:11,  3.71it/s, loss=1.482]
  epoch 1/3:  51%|█████     | 45/88 [00:12<00:11,  3.71it/s, loss=1.482]
  epoch 1/3:  51%|█████     | 45/88 [00:12<00:11,  3.71it/s, loss=1.476]
  epoch 1/3:  52%|█████▏    | 46/88 [00:12<00:11,  3.71it/s, loss=1.476]
  epoch 1/3:  52%|█████▏    | 46/88 [00:12<00:11,  3.71it/s, loss=1.472]
  epoch 1/3:  53%|█████▎    | 47/88 [00:12<00:10,  3.73it/s, loss=1.472]
  epoch 1/3:  53%|█████▎    | 47/88 [00:13<00:10,  3.73it/s, loss=1.463]
  epoch 1/3:  55%|█████▍    | 48/88 [00:13<00:10,  3.69it/s, loss=1.463]
  epoch 1/3:  55%|█████▍    | 48/88 [00:13<00:10,  3.69it/s, loss=1.456]
  epoch 1/3:  56%|█████▌    | 49/88 [00:13<00:10,  3.69it/s, loss=1.456]
  epoch 1/3:  56%|█████▌    | 49/88 [00:13<00:10,  3.69it/s, loss=1.448]
  epoch 1/3:  57%|█████▋    | 50/88 [00:13<00:10,  3.72it/s, loss=1.448]
  epoch 1/3:  57%|█████▋    | 50/88 [00:14<00:10,  3.72it/s, loss=1.443]
  epoch 1/3:  58%|█████▊    | 51/88 [00:14<00:09,  3.72it/s, loss=1.443]
  epoch 1/3:  58%|█████▊    | 51/88 [00:14<00:09,  3.72it/s, loss=1.436]
  epoch 1/3:  59%|█████▉    | 52/88 [00:14<00:09,  3.69it/s, loss=1.436]
  epoch 1/3:  59%|█████▉    | 52/88 [00:14<00:09,  3.69it/s, loss=1.431]
  epoch 1/3:  60%|██████    | 53/88 [00:14<00:09,  3.70it/s, loss=1.431]
  epoch 1/3:  60%|██████    | 53/88 [00:14<00:09,  3.70it/s, loss=1.421]
  epoch 1/3:  61%|██████▏   | 54/88 [00:14<00:09,  3.69it/s, loss=1.421]
  epoch 1/3:  61%|██████▏   | 54/88 [00:15<00:09,  3.69it/s, loss=1.414]
  epoch 1/3:  62%|██████▎   | 55/88 [00:15<00:08,  3.70it/s, loss=1.414]
  epoch 1/3:  62%|██████▎   | 55/88 [00:15<00:08,  3.70it/s, loss=1.408]
  epoch 1/3:  64%|██████▎   | 56/88 [00:15<00:08,  3.72it/s, loss=1.408]
  epoch 1/3:  64%|██████▎   | 56/88 [00:15<00:08,  3.72it/s, loss=1.402]
  epoch 1/3:  65%|██████▍   | 57/88 [00:15<00:08,  3.72it/s, loss=1.402]
  epoch 1/3:  65%|██████▍   | 57/88 [00:15<00:08,  3.72it/s, loss=1.395]
  epoch 1/3:  66%|██████▌   | 58/88 [00:15<00:08,  3.70it/s, loss=1.395]
  epoch 1/3:  66%|██████▌   | 58/88 [00:16<00:08,  3.70it/s, loss=1.387]
  epoch 1/3:  67%|██████▋   | 59/88 [00:16<00:07,  3.72it/s, loss=1.387]
  epoch 1/3:  67%|██████▋   | 59/88 [00:16<00:07,  3.72it/s, loss=1.380]
  epoch 1/3:  68%|██████▊   | 60/88 [00:16<00:07,  3.70it/s, loss=1.380]
  epoch 1/3:  68%|██████▊   | 60/88 [00:16<00:07,  3.70it/s, loss=1.375]
  epoch 1/3:  69%|██████▉   | 61/88 [00:16<00:07,  3.69it/s, loss=1.375]
  epoch 1/3:  69%|██████▉   | 61/88 [00:16<00:07,  3.69it/s, loss=1.368]
  epoch 1/3:  70%|███████   | 62/88 [00:16<00:06,  3.71it/s, loss=1.368]
  epoch 1/3:  70%|███████   | 62/88 [00:17<00:06,  3.71it/s, loss=1.364]
  epoch 1/3:  72%|███████▏  | 63/88 [00:17<00:06,  3.71it/s, loss=1.364]
  epoch 1/3:  72%|███████▏  | 63/88 [00:17<00:06,  3.71it/s, loss=1.359]
  epoch 1/3:  73%|███████▎  | 64/88 [00:17<00:06,  3.65it/s, loss=1.359]
  epoch 1/3:  73%|███████▎  | 64/88 [00:17<00:06,  3.65it/s, loss=1.354]
  epoch 1/3:  74%|███████▍  | 65/88 [00:17<00:06,  3.68it/s, loss=1.354]
  epoch 1/3:  74%|███████▍  | 65/88 [00:18<00:06,  3.68it/s, loss=1.348]
  epoch 1/3:  75%|███████▌  | 66/88 [00:18<00:05,  3.69it/s, loss=1.348]
  epoch 1/3:  75%|███████▌  | 66/88 [00:18<00:05,  3.69it/s, loss=1.343]
  epoch 1/3:  76%|███████▌  | 67/88 [00:18<00:05,  3.70it/s, loss=1.343]
  epoch 1/3:  76%|███████▌  | 67/88 [00:18<00:05,  3.70it/s, loss=1.338]
  epoch 1/3:  77%|███████▋  | 68/88 [00:18<00:05,  3.71it/s, loss=1.338]
  epoch 1/3:  77%|███████▋  | 68/88 [00:18<00:05,  3.71it/s, loss=1.333]
  epoch 1/3:  78%|███████▊  | 69/88 [00:18<00:05,  3.69it/s, loss=1.333]
  epoch 1/3:  78%|███████▊  | 69/88 [00:19<00:05,  3.69it/s, loss=1.328]
  epoch 1/3:  80%|███████▉  | 70/88 [00:19<00:04,  3.71it/s, loss=1.328]
  epoch 1/3:  80%|███████▉  | 70/88 [00:19<00:04,  3.71it/s, loss=1.323]
  epoch 1/3:  81%|████████  | 71/88 [00:19<00:04,  3.71it/s, loss=1.323]
  epoch 1/3:  81%|████████  | 71/88 [00:19<00:04,  3.71it/s, loss=1.319]
  epoch 1/3:  82%|████████▏ | 72/88 [00:19<00:04,  3.69it/s, loss=1.319]
  epoch 1/3:  82%|████████▏ | 72/88 [00:19<00:04,  3.69it/s, loss=1.315]
  epoch 1/3:  83%|████████▎ | 73/88 [00:19<00:04,  3.70it/s, loss=1.315]
  epoch 1/3:  83%|████████▎ | 73/88 [00:20<00:04,  3.70it/s, loss=1.309]
  epoch 1/3:  84%|████████▍ | 74/88 [00:20<00:03,  3.70it/s, loss=1.309]
  epoch 1/3:  84%|████████▍ | 74/88 [00:20<00:03,  3.70it/s, loss=1.304]
  epoch 1/3:  85%|████████▌ | 75/88 [00:20<00:03,  3.69it/s, loss=1.304]
  epoch 1/3:  85%|████████▌ | 75/88 [00:20<00:03,  3.69it/s, loss=1.298]
  epoch 1/3:  86%|████████▋ | 76/88 [00:20<00:03,  3.71it/s, loss=1.298]
  epoch 1/3:  86%|████████▋ | 76/88 [00:21<00:03,  3.71it/s, loss=1.295]
  epoch 1/3:  88%|████████▊ | 77/88 [00:21<00:02,  3.70it/s, loss=1.295]
  epoch 1/3:  88%|████████▊ | 77/88 [00:21<00:02,  3.70it/s, loss=1.289]
  epoch 1/3:  89%|████████▊ | 78/88 [00:21<00:02,  3.69it/s, loss=1.289]
  epoch 1/3:  89%|████████▊ | 78/88 [00:21<00:02,  3.69it/s, loss=1.284]
  epoch 1/3:  90%|████████▉ | 79/88 [00:21<00:02,  3.71it/s, loss=1.284]
  epoch 1/3:  90%|████████▉ | 79/88 [00:21<00:02,  3.71it/s, loss=1.277]
  epoch 1/3:  91%|█████████ | 80/88 [00:21<00:02,  3.66it/s, loss=1.277]
  epoch 1/3:  91%|█████████ | 80/88 [00:22<00:02,  3.66it/s, loss=1.272]
  epoch 1/3:  92%|█████████▏| 81/88 [00:22<00:01,  3.68it/s, loss=1.272]
  epoch 1/3:  92%|█████████▏| 81/88 [00:22<00:01,  3.68it/s, loss=1.267]
  epoch 1/3:  93%|█████████▎| 82/88 [00:22<00:01,  3.67it/s, loss=1.267]
  epoch 1/3:  93%|█████████▎| 82/88 [00:22<00:01,  3.67it/s, loss=1.262]
  epoch 1/3:  94%|█████████▍| 83/88 [00:22<00:01,  3.68it/s, loss=1.262]
  epoch 1/3:  94%|█████████▍| 83/88 [00:22<00:01,  3.68it/s, loss=1.258]
  epoch 1/3:  95%|█████████▌| 84/88 [00:22<00:01,  3.69it/s, loss=1.258]
  epoch 1/3:  95%|█████████▌| 84/88 [00:23<00:01,  3.69it/s, loss=1.254]
  epoch 1/3:  97%|█████████▋| 85/88 [00:23<00:00,  3.71it/s, loss=1.254]
  epoch 1/3:  97%|█████████▋| 85/88 [00:23<00:00,  3.71it/s, loss=1.250]
  epoch 1/3:  98%|█████████▊| 86/88 [00:23<00:00,  3.69it/s, loss=1.250]
  epoch 1/3:  98%|█████████▊| 86/88 [00:23<00:00,  3.69it/s, loss=1.245]
  epoch 1/3:  99%|█████████▉| 87/88 [00:23<00:00,  3.72it/s, loss=1.245]
  epoch 1/3:  99%|█████████▉| 87/88 [00:23<00:00,  3.72it/s, loss=1.242]
  epoch 1/3: 100%|██████████| 88/88 [00:23<00:00,  4.06it/s, loss=1.242]
                                                                        

  epoch 2/3:   0%|          | 0/88 [00:00<?, ?it/s]
  epoch 2/3:   0%|          | 0/88 [00:00<?, ?it/s, loss=0.688]
  epoch 2/3:   1%|          | 1/88 [00:00<00:43,  2.01it/s, loss=0.688]
  epoch 2/3:   1%|          | 1/88 [00:00<00:43,  2.01it/s, loss=0.706]
  epoch 2/3:   2%|▏         | 2/88 [00:00<00:31,  2.76it/s, loss=0.706]
  epoch 2/3:   2%|▏         | 2/88 [00:01<00:31,  2.76it/s, loss=0.688]
  epoch 2/3:   3%|▎         | 3/88 [00:01<00:27,  3.12it/s, loss=0.688]
  epoch 2/3:   3%|▎         | 3/88 [00:01<00:27,  3.12it/s, loss=0.719]
  epoch 2/3:   5%|▍         | 4/88 [00:01<00:25,  3.34it/s, loss=0.719]
  epoch 2/3:   5%|▍         | 4/88 [00:01<00:25,  3.34it/s, loss=0.736]
  epoch 2/3:   6%|▌         | 5/88 [00:01<00:23,  3.47it/s, loss=0.736]
  epoch 2/3:   6%|▌         | 5/88 [00:01<00:23,  3.47it/s, loss=0.750]
  epoch 2/3:   7%|▋         | 6/88 [00:01<00:23,  3.54it/s, loss=0.750]
  epoch 2/3:   7%|▋         | 6/88 [00:02<00:23,  3.54it/s, loss=0.755]
  epoch 2/3:   8%|▊         | 7/88 [00:02<00:22,  3.59it/s, loss=0.755]
  epoch 2/3:   8%|▊         | 7/88 [00:02<00:22,  3.59it/s, loss=0.768]
  epoch 2/3:   9%|▉         | 8/88 [00:02<00:22,  3.58it/s, loss=0.768]
  epoch 2/3:   9%|▉         | 8/88 [00:02<00:22,  3.58it/s, loss=0.762]
  epoch 2/3:  10%|█         | 9/88 [00:02<00:21,  3.63it/s, loss=0.762]
  epoch 2/3:  10%|█         | 9/88 [00:02<00:21,  3.63it/s, loss=0.758]
  epoch 2/3:  11%|█▏        | 10/88 [00:02<00:21,  3.64it/s, loss=0.758]
  epoch 2/3:  11%|█▏        | 10/88 [00:03<00:21,  3.64it/s, loss=0.757]
  epoch 2/3:  12%|█▎        | 11/88 [00:03<00:21,  3.67it/s, loss=0.757]
  epoch 2/3:  12%|█▎        | 11/88 [00:03<00:21,  3.67it/s, loss=0.752]
  epoch 2/3:  14%|█▎        | 12/88 [00:03<00:20,  3.68it/s, loss=0.752]
  epoch 2/3:  14%|█▎        | 12/88 [00:03<00:20,  3.68it/s, loss=0.763]
  epoch 2/3:  15%|█▍        | 13/88 [00:03<00:20,  3.70it/s, loss=0.763]
  epoch 2/3:  15%|█▍        | 13/88 [00:04<00:20,  3.70it/s, loss=0.758]
  epoch 2/3:  16%|█▌        | 14/88 [00:04<00:20,  3.70it/s, loss=0.758]
  epoch 2/3:  16%|█▌        | 14/88 [00:04<00:20,  3.70it/s, loss=0.755]
  epoch 2/3:  17%|█▋        | 15/88 [00:04<00:19,  3.68it/s, loss=0.755]
  epoch 2/3:  17%|█▋        | 15/88 [00:04<00:19,  3.68it/s, loss=0.745]
  epoch 2/3:  18%|█▊        | 16/88 [00:04<00:19,  3.70it/s, loss=0.745]
  epoch 2/3:  18%|█▊        | 16/88 [00:04<00:19,  3.70it/s, loss=0.736]
  epoch 2/3:  19%|█▉        | 17/88 [00:04<00:19,  3.70it/s, loss=0.736]
  epoch 2/3:  19%|█▉        | 17/88 [00:05<00:19,  3.70it/s, loss=0.728]
  epoch 2/3:  20%|██        | 18/88 [00:05<00:19,  3.66it/s, loss=0.728]
  epoch 2/3:  20%|██        | 18/88 [00:05<00:19,  3.66it/s, loss=0.731]
  epoch 2/3:  22%|██▏       | 19/88 [00:05<00:18,  3.67it/s, loss=0.731]
  epoch 2/3:  22%|██▏       | 19/88 [00:05<00:18,  3.67it/s, loss=0.729]
  epoch 2/3:  23%|██▎       | 20/88 [00:05<00:18,  3.67it/s, loss=0.729]
  epoch 2/3:  23%|██▎       | 20/88 [00:05<00:18,  3.67it/s, loss=0.726]
  epoch 2/3:  24%|██▍       | 21/88 [00:05<00:18,  3.68it/s, loss=0.726]
  epoch 2/3:  24%|██▍       | 21/88 [00:06<00:18,  3.68it/s, loss=0.726]
  epoch 2/3:  25%|██▌       | 22/88 [00:06<00:17,  3.68it/s, loss=0.726]
  epoch 2/3:  25%|██▌       | 22/88 [00:06<00:17,  3.68it/s, loss=0.718]
  epoch 2/3:  26%|██▌       | 23/88 [00:06<00:17,  3.69it/s, loss=0.718]
  epoch 2/3:  26%|██▌       | 23/88 [00:06<00:17,  3.69it/s, loss=0.711]
  epoch 2/3:  27%|██▋       | 24/88 [00:06<00:17,  3.64it/s, loss=0.711]
  epoch 2/3:  27%|██▋       | 24/88 [00:07<00:17,  3.64it/s, loss=0.708]
  epoch 2/3:  28%|██▊       | 25/88 [00:07<00:17,  3.67it/s, loss=0.708]
  epoch 2/3:  28%|██▊       | 25/88 [00:07<00:17,  3.67it/s, loss=0.700]
  epoch 2/3:  30%|██▉       | 26/88 [00:07<00:16,  3.69it/s, loss=0.700]
  epoch 2/3:  30%|██▉       | 26/88 [00:07<00:16,  3.69it/s, loss=0.699]
  epoch 2/3:  31%|███       | 27/88 [00:07<00:16,  3.69it/s, loss=0.699]
  epoch 2/3:  31%|███       | 27/88 [00:07<00:16,  3.69it/s, loss=0.696]
  epoch 2/3:  32%|███▏      | 28/88 [00:07<00:16,  3.70it/s, loss=0.696]
  epoch 2/3:  32%|███▏      | 28/88 [00:08<00:16,  3.70it/s, loss=0.692]
  epoch 2/3:  33%|███▎      | 29/88 [00:08<00:15,  3.71it/s, loss=0.692]
  epoch 2/3:  33%|███▎      | 29/88 [00:08<00:15,  3.71it/s, loss=0.693]
  epoch 2/3:  34%|███▍      | 30/88 [00:08<00:15,  3.71it/s, loss=0.693]
  epoch 2/3:  34%|███▍      | 30/88 [00:08<00:15,  3.71it/s, loss=0.691]
  epoch 2/3:  35%|███▌      | 31/88 [00:08<00:15,  3.70it/s, loss=0.691]
  epoch 2/3:  35%|███▌      | 31/88 [00:08<00:15,  3.70it/s, loss=0.690]
  epoch 2/3:  36%|███▋      | 32/88 [00:08<00:15,  3.72it/s, loss=0.690]
  epoch 2/3:  36%|███▋      | 32/88 [00:09<00:15,  3.72it/s, loss=0.686]
  epoch 2/3:  38%|███▊      | 33/88 [00:09<00:14,  3.72it/s, loss=0.686]
  epoch 2/3:  38%|███▊      | 33/88 [00:09<00:14,  3.72it/s, loss=0.680]
  epoch 2/3:  39%|███▊      | 34/88 [00:09<00:14,  3.70it/s, loss=0.680]
  epoch 2/3:  39%|███▊      | 34/88 [00:09<00:14,  3.70it/s, loss=0.680]
  epoch 2/3:  40%|███▉      | 35/88 [00:09<00:14,  3.72it/s, loss=0.680]
  epoch 2/3:  40%|███▉      | 35/88 [00:09<00:14,  3.72it/s, loss=0.675]
  epoch 2/3:  41%|████      | 36/88 [00:09<00:14,  3.71it/s, loss=0.675]
  epoch 2/3:  41%|████      | 36/88 [00:10<00:14,  3.71it/s, loss=0.672]
  epoch 2/3:  42%|████▏     | 37/88 [00:10<00:13,  3.69it/s, loss=0.672]
  epoch 2/3:  42%|████▏     | 37/88 [00:10<00:13,  3.69it/s, loss=0.667]
  epoch 2/3:  43%|████▎     | 38/88 [00:10<00:13,  3.72it/s, loss=0.667]
  epoch 2/3:  43%|████▎     | 38/88 [00:10<00:13,  3.72it/s, loss=0.666]
  epoch 2/3:  44%|████▍     | 39/88 [00:10<00:13,  3.72it/s, loss=0.666]
  epoch 2/3:  44%|████▍     | 39/88 [00:11<00:13,  3.72it/s, loss=0.663]
  epoch 2/3:  45%|████▌     | 40/88 [00:11<00:13,  3.66it/s, loss=0.663]
  epoch 2/3:  45%|████▌     | 40/88 [00:11<00:13,  3.66it/s, loss=0.656]
  epoch 2/3:  47%|████▋     | 41/88 [00:11<00:12,  3.68it/s, loss=0.656]
  epoch 2/3:  47%|████▋     | 41/88 [00:11<00:12,  3.68it/s, loss=0.653]
  epoch 2/3:  48%|████▊     | 42/88 [00:11<00:12,  3.68it/s, loss=0.653]
  epoch 2/3:  48%|████▊     | 42/88 [00:11<00:12,  3.68it/s, loss=0.650]
  epoch 2/3:  49%|████▉     | 43/88 [00:11<00:12,  3.70it/s, loss=0.650]
  epoch 2/3:  49%|████▉     | 43/88 [00:12<00:12,  3.70it/s, loss=0.651]
  epoch 2/3:  50%|█████     | 44/88 [00:12<00:11,  3.72it/s, loss=0.651]
  epoch 2/3:  50%|█████     | 44/88 [00:12<00:11,  3.72it/s, loss=0.649]
  epoch 2/3:  51%|█████     | 45/88 [00:12<00:11,  3.72it/s, loss=0.649]
  epoch 2/3:  51%|█████     | 45/88 [00:12<00:11,  3.72it/s, loss=0.646]
  epoch 2/3:  52%|█████▏    | 46/88 [00:12<00:11,  3.69it/s, loss=0.646]
  epoch 2/3:  52%|█████▏    | 46/88 [00:12<00:11,  3.69it/s, loss=0.642]
  epoch 2/3:  53%|█████▎    | 47/88 [00:12<00:11,  3.71it/s, loss=0.642]
  epoch 2/3:  53%|█████▎    | 47/88 [00:13<00:11,  3.71it/s, loss=0.640]
  epoch 2/3:  55%|█████▍    | 48/88 [00:13<00:10,  3.71it/s, loss=0.640]
  epoch 2/3:  55%|█████▍    | 48/88 [00:13<00:10,  3.71it/s, loss=0.635]
  epoch 2/3:  56%|█████▌    | 49/88 [00:13<00:10,  3.68it/s, loss=0.635]
  epoch 2/3:  56%|█████▌    | 49/88 [00:13<00:10,  3.68it/s, loss=0.633]
  epoch 2/3:  57%|█████▋    | 50/88 [00:13<00:10,  3.71it/s, loss=0.633]
  epoch 2/3:  57%|█████▋    | 50/88 [00:14<00:10,  3.71it/s, loss=0.631]
  epoch 2/3:  58%|█████▊    | 51/88 [00:14<00:09,  3.71it/s, loss=0.631]
  epoch 2/3:  58%|█████▊    | 51/88 [00:14<00:09,  3.71it/s, loss=0.627]
  epoch 2/3:  59%|█████▉    | 52/88 [00:14<00:09,  3.69it/s, loss=0.627]
  epoch 2/3:  59%|█████▉    | 52/88 [00:14<00:09,  3.69it/s, loss=0.625]
  epoch 2/3:  60%|██████    | 53/88 [00:14<00:09,  3.70it/s, loss=0.625]
  epoch 2/3:  60%|██████    | 53/88 [00:14<00:09,  3.70it/s, loss=0.621]
  epoch 2/3:  61%|██████▏   | 54/88 [00:14<00:09,  3.70it/s, loss=0.621]
  epoch 2/3:  61%|██████▏   | 54/88 [00:15<00:09,  3.70it/s, loss=0.616]
  epoch 2/3:  62%|██████▎   | 55/88 [00:15<00:08,  3.69it/s, loss=0.616]
  epoch 2/3:  62%|██████▎   | 55/88 [00:15<00:08,  3.69it/s, loss=0.612]
  epoch 2/3:  64%|██████▎   | 56/88 [00:15<00:08,  3.64it/s, loss=0.612]
  epoch 2/3:  64%|██████▎   | 56/88 [00:15<00:08,  3.64it/s, loss=0.610]
  epoch 2/3:  65%|██████▍   | 57/88 [00:15<00:08,  3.67it/s, loss=0.610]
  epoch 2/3:  65%|██████▍   | 57/88 [00:15<00:08,  3.67it/s, loss=0.607]
  epoch 2/3:  66%|██████▌   | 58/88 [00:15<00:08,  3.68it/s, loss=0.607]
  epoch 2/3:  66%|██████▌   | 58/88 [00:16<00:08,  3.68it/s, loss=0.605]
  epoch 2/3:  67%|██████▋   | 59/88 [00:16<00:07,  3.68it/s, loss=0.605]
  epoch 2/3:  67%|██████▋   | 59/88 [00:16<00:07,  3.68it/s, loss=0.602]
  epoch 2/3:  68%|██████▊   | 60/88 [00:16<00:07,  3.70it/s, loss=0.602]
  epoch 2/3:  68%|██████▊   | 60/88 [00:16<00:07,  3.70it/s, loss=0.599]
  epoch 2/3:  69%|██████▉   | 61/88 [00:16<00:07,  3.72it/s, loss=0.599]
  epoch 2/3:  69%|██████▉   | 61/88 [00:17<00:07,  3.72it/s, loss=0.596]
  epoch 2/3:  70%|███████   | 62/88 [00:17<00:07,  3.71it/s, loss=0.596]
  epoch 2/3:  70%|███████   | 62/88 [00:17<00:07,  3.71it/s, loss=0.594]
  epoch 2/3:  72%|███████▏  | 63/88 [00:17<00:06,  3.70it/s, loss=0.594]
  epoch 2/3:  72%|███████▏  | 63/88 [00:17<00:06,  3.70it/s, loss=0.589]
  epoch 2/3:  73%|███████▎  | 64/88 [00:17<00:06,  3.70it/s, loss=0.589]
  epoch 2/3:  73%|███████▎  | 64/88 [00:17<00:06,  3.70it/s, loss=0.586]
  epoch 2/3:  74%|███████▍  | 65/88 [00:17<00:06,  3.70it/s, loss=0.586]
  epoch 2/3:  74%|███████▍  | 65/88 [00:18<00:06,  3.70it/s, loss=0.584]
  epoch 2/3:  75%|███████▌  | 66/88 [00:18<00:05,  3.69it/s, loss=0.584]
  epoch 2/3:  75%|███████▌  | 66/88 [00:18<00:05,  3.69it/s, loss=0.582]
  epoch 2/3:  76%|███████▌  | 67/88 [00:18<00:05,  3.69it/s, loss=0.582]
  epoch 2/3:  76%|███████▌  | 67/88 [00:18<00:05,  3.69it/s, loss=0.580]
  epoch 2/3:  77%|███████▋  | 68/88 [00:18<00:05,  3.68it/s, loss=0.580]
  epoch 2/3:  77%|███████▋  | 68/88 [00:18<00:05,  3.68it/s, loss=0.579]
  epoch 2/3:  78%|███████▊  | 69/88 [00:18<00:05,  3.68it/s, loss=0.579]
  epoch 2/3:  78%|███████▊  | 69/88 [00:19<00:05,  3.68it/s, loss=0.576]
  epoch 2/3:  80%|███████▉  | 70/88 [00:19<00:04,  3.67it/s, loss=0.576]
  epoch 2/3:  80%|███████▉  | 70/88 [00:19<00:04,  3.67it/s, loss=0.576]
  epoch 2/3:  81%|████████  | 71/88 [00:19<00:04,  3.69it/s, loss=0.576]
  epoch 2/3:  81%|████████  | 71/88 [00:19<00:04,  3.69it/s, loss=0.574]
  epoch 2/3:  82%|████████▏ | 72/88 [00:19<00:04,  3.65it/s, loss=0.574]
  epoch 2/3:  82%|████████▏ | 72/88 [00:19<00:04,  3.65it/s, loss=0.572]
  epoch 2/3:  83%|████████▎ | 73/88 [00:19<00:04,  3.68it/s, loss=0.572]
  epoch 2/3:  83%|████████▎ | 73/88 [00:20<00:04,  3.68it/s, loss=0.572]
  epoch 2/3:  84%|████████▍ | 74/88 [00:20<00:03,  3.70it/s, loss=0.572]
  epoch 2/3:  84%|████████▍ | 74/88 [00:20<00:03,  3.70it/s, loss=0.571]
  epoch 2/3:  85%|████████▌ | 75/88 [00:20<00:03,  3.71it/s, loss=0.571]
  epoch 2/3:  85%|████████▌ | 75/88 [00:20<00:03,  3.71it/s, loss=0.570]
  epoch 2/3:  86%|████████▋ | 76/88 [00:20<00:03,  3.71it/s, loss=0.570]
  epoch 2/3:  86%|████████▋ | 76/88 [00:21<00:03,  3.71it/s, loss=0.568]
  epoch 2/3:  88%|████████▊ | 77/88 [00:21<00:02,  3.71it/s, loss=0.568]
  epoch 2/3:  88%|████████▊ | 77/88 [00:21<00:02,  3.71it/s, loss=0.567]
  epoch 2/3:  89%|████████▊ | 78/88 [00:21<00:02,  3.72it/s, loss=0.567]
  epoch 2/3:  89%|████████▊ | 78/88 [00:21<00:02,  3.72it/s, loss=0.564]
  epoch 2/3:  90%|████████▉ | 79/88 [00:21<00:02,  3.72it/s, loss=0.564]
  epoch 2/3:  90%|████████▉ | 79/88 [00:21<00:02,  3.72it/s, loss=0.562]
  epoch 2/3:  91%|█████████ | 80/88 [00:21<00:02,  3.72it/s, loss=0.562]
  epoch 2/3:  91%|█████████ | 80/88 [00:22<00:02,  3.72it/s, loss=0.560]
  epoch 2/3:  92%|█████████▏| 81/88 [00:22<00:01,  3.72it/s, loss=0.560]
  epoch 2/3:  92%|█████████▏| 81/88 [00:22<00:01,  3.72it/s, loss=0.558]
  epoch 2/3:  93%|█████████▎| 82/88 [00:22<00:01,  3.71it/s, loss=0.558]
  epoch 2/3:  93%|█████████▎| 82/88 [00:22<00:01,  3.71it/s, loss=0.556]
  epoch 2/3:  94%|█████████▍| 83/88 [00:22<00:01,  3.69it/s, loss=0.556]
  epoch 2/3:  94%|█████████▍| 83/88 [00:22<00:01,  3.69it/s, loss=0.555]
  epoch 2/3:  95%|█████████▌| 84/88 [00:22<00:01,  3.70it/s, loss=0.555]
  epoch 2/3:  95%|█████████▌| 84/88 [00:23<00:01,  3.70it/s, loss=0.553]
  epoch 2/3:  97%|█████████▋| 85/88 [00:23<00:00,  3.70it/s, loss=0.553]
  epoch 2/3:  97%|█████████▋| 85/88 [00:23<00:00,  3.70it/s, loss=0.552]
  epoch 2/3:  98%|█████████▊| 86/88 [00:23<00:00,  3.68it/s, loss=0.552]
  epoch 2/3:  98%|█████████▊| 86/88 [00:23<00:00,  3.68it/s, loss=0.548]
  epoch 2/3:  99%|█████████▉| 87/88 [00:23<00:00,  3.70it/s, loss=0.548]
  epoch 2/3:  99%|█████████▉| 87/88 [00:23<00:00,  3.70it/s, loss=0.549]
  epoch 2/3: 100%|██████████| 88/88 [00:23<00:00,  3.99it/s, loss=0.549]
                                                                        

  epoch 3/3:   0%|          | 0/88 [00:00<?, ?it/s]
  epoch 3/3:   0%|          | 0/88 [00:00<?, ?it/s, loss=0.338]
  epoch 3/3:   1%|          | 1/88 [00:00<00:43,  1.99it/s, loss=0.338]
  epoch 3/3:   1%|          | 1/88 [00:00<00:43,  1.99it/s, loss=0.425]
  epoch 3/3:   2%|▏         | 2/88 [00:00<00:31,  2.75it/s, loss=0.425]
  epoch 3/3:   2%|▏         | 2/88 [00:01<00:31,  2.75it/s, loss=0.401]
  epoch 3/3:   3%|▎         | 3/88 [00:01<00:27,  3.12it/s, loss=0.401]
  epoch 3/3:   3%|▎         | 3/88 [00:01<00:27,  3.12it/s, loss=0.393]
  epoch 3/3:   5%|▍         | 4/88 [00:01<00:25,  3.29it/s, loss=0.393]
  epoch 3/3:   5%|▍         | 4/88 [00:01<00:25,  3.29it/s, loss=0.386]
  epoch 3/3:   6%|▌         | 5/88 [00:01<00:24,  3.44it/s, loss=0.386]
  epoch 3/3:   6%|▌         | 5/88 [00:01<00:24,  3.44it/s, loss=0.373]
  epoch 3/3:   7%|▋         | 6/88 [00:01<00:23,  3.50it/s, loss=0.373]
  epoch 3/3:   7%|▋         | 6/88 [00:02<00:23,  3.50it/s, loss=0.369]
  epoch 3/3:   8%|▊         | 7/88 [00:02<00:22,  3.57it/s, loss=0.369]
  epoch 3/3:   8%|▊         | 7/88 [00:02<00:22,  3.57it/s, loss=0.363]
  epoch 3/3:   9%|▉         | 8/88 [00:02<00:22,  3.61it/s, loss=0.363]
  epoch 3/3:   9%|▉         | 8/88 [00:02<00:22,  3.61it/s, loss=0.376]
  epoch 3/3:  10%|█         | 9/88 [00:02<00:21,  3.63it/s, loss=0.376]
  epoch 3/3:  10%|█         | 9/88 [00:02<00:21,  3.63it/s, loss=0.379]
  epoch 3/3:  11%|█▏        | 10/88 [00:02<00:21,  3.67it/s, loss=0.379]
  epoch 3/3:  11%|█▏        | 10/88 [00:03<00:21,  3.67it/s, loss=0.374]
  epoch 3/3:  12%|█▎        | 11/88 [00:03<00:20,  3.68it/s, loss=0.374]
  epoch 3/3:  12%|█▎        | 11/88 [00:03<00:20,  3.68it/s, loss=0.357]
  epoch 3/3:  14%|█▎        | 12/88 [00:03<00:20,  3.68it/s, loss=0.357]
  epoch 3/3:  14%|█▎        | 12/88 [00:03<00:20,  3.68it/s, loss=0.353]
  epoch 3/3:  15%|█▍        | 13/88 [00:03<00:20,  3.71it/s, loss=0.353]
  epoch 3/3:  15%|█▍        | 13/88 [00:04<00:20,  3.71it/s, loss=0.362]
  epoch 3/3:  16%|█▌        | 14/88 [00:04<00:19,  3.70it/s, loss=0.362]
  epoch 3/3:  16%|█▌        | 14/88 [00:04<00:19,  3.70it/s, loss=0.361]
  epoch 3/3:  17%|█▋        | 15/88 [00:04<00:19,  3.70it/s, loss=0.361]
  epoch 3/3:  17%|█▋        | 15/88 [00:04<00:19,  3.70it/s, loss=0.356]
  epoch 3/3:  18%|█▊        | 16/88 [00:04<00:19,  3.66it/s, loss=0.356]
  epoch 3/3:  18%|█▊        | 16/88 [00:04<00:19,  3.66it/s, loss=0.365]
  epoch 3/3:  19%|█▉        | 17/88 [00:04<00:19,  3.66it/s, loss=0.365]
  epoch 3/3:  19%|█▉        | 17/88 [00:05<00:19,  3.66it/s, loss=0.360]
  epoch 3/3:  20%|██        | 18/88 [00:05<00:19,  3.68it/s, loss=0.360]
  epoch 3/3:  20%|██        | 18/88 [00:05<00:19,  3.68it/s, loss=0.359]
  epoch 3/3:  22%|██▏       | 19/88 [00:05<00:18,  3.69it/s, loss=0.359]
  epoch 3/3:  22%|██▏       | 19/88 [00:05<00:18,  3.69it/s, loss=0.356]
  epoch 3/3:  23%|██▎       | 20/88 [00:05<00:18,  3.68it/s, loss=0.356]
  epoch 3/3:  23%|██▎       | 20/88 [00:05<00:18,  3.68it/s, loss=0.350]
  epoch 3/3:  24%|██▍       | 21/88 [00:05<00:18,  3.66it/s, loss=0.350]
  epoch 3/3:  24%|██▍       | 21/88 [00:06<00:18,  3.66it/s, loss=0.343]
  epoch 3/3:  25%|██▌       | 22/88 [00:06<00:17,  3.67it/s, loss=0.343]
  epoch 3/3:  25%|██▌       | 22/88 [00:06<00:17,  3.67it/s, loss=0.341]
  epoch 3/3:  26%|██▌       | 23/88 [00:06<00:17,  3.69it/s, loss=0.341]
  epoch 3/3:  26%|██▌       | 23/88 [00:06<00:17,  3.69it/s, loss=0.340]
  epoch 3/3:  27%|██▋       | 24/88 [00:06<00:17,  3.69it/s, loss=0.340]
  epoch 3/3:  27%|██▋       | 24/88 [00:07<00:17,  3.69it/s, loss=0.340]
  epoch 3/3:  28%|██▊       | 25/88 [00:07<00:17,  3.69it/s, loss=0.340]
  epoch 3/3:  28%|██▊       | 25/88 [00:07<00:17,  3.69it/s, loss=0.339]
  epoch 3/3:  30%|██▉       | 26/88 [00:07<00:16,  3.68it/s, loss=0.339]
  epoch 3/3:  30%|██▉       | 26/88 [00:07<00:16,  3.68it/s, loss=0.341]
  epoch 3/3:  31%|███       | 27/88 [00:07<00:16,  3.69it/s, loss=0.341]
  epoch 3/3:  31%|███       | 27/88 [00:07<00:16,  3.69it/s, loss=0.337]
  epoch 3/3:  32%|███▏      | 28/88 [00:07<00:16,  3.70it/s, loss=0.337]
  epoch 3/3:  32%|███▏      | 28/88 [00:08<00:16,  3.70it/s, loss=0.338]
  epoch 3/3:  33%|███▎      | 29/88 [00:08<00:15,  3.70it/s, loss=0.338]
  epoch 3/3:  33%|███▎      | 29/88 [00:08<00:15,  3.70it/s, loss=0.341]
  epoch 3/3:  34%|███▍      | 30/88 [00:08<00:15,  3.69it/s, loss=0.341]
  epoch 3/3:  34%|███▍      | 30/88 [00:08<00:15,  3.69it/s, loss=0.343]
  epoch 3/3:  35%|███▌      | 31/88 [00:08<00:15,  3.71it/s, loss=0.343]
  epoch 3/3:  35%|███▌      | 31/88 [00:08<00:15,  3.71it/s, loss=0.342]
  epoch 3/3:  36%|███▋      | 32/88 [00:08<00:15,  3.65it/s, loss=0.342]
  epoch 3/3:  36%|███▋      | 32/88 [00:09<00:15,  3.65it/s, loss=0.339]
  epoch 3/3:  38%|███▊      | 33/88 [00:09<00:14,  3.69it/s, loss=0.339]
  epoch 3/3:  38%|███▊      | 33/88 [00:09<00:14,  3.69it/s, loss=0.345]
  epoch 3/3:  39%|███▊      | 34/88 [00:09<00:14,  3.70it/s, loss=0.345]
  epoch 3/3:  39%|███▊      | 34/88 [00:09<00:14,  3.70it/s, loss=0.342]
  epoch 3/3:  40%|███▉      | 35/88 [00:09<00:14,  3.68it/s, loss=0.342]
  epoch 3/3:  40%|███▉      | 35/88 [00:09<00:14,  3.68it/s, loss=0.338]
  epoch 3/3:  41%|████      | 36/88 [00:09<00:14,  3.70it/s, loss=0.338]
  epoch 3/3:  41%|████      | 36/88 [00:10<00:14,  3.70it/s, loss=0.335]
  epoch 3/3:  42%|████▏     | 37/88 [00:10<00:13,  3.71it/s, loss=0.335]
  epoch 3/3:  42%|████▏     | 37/88 [00:10<00:13,  3.71it/s, loss=0.336]
  epoch 3/3:  43%|████▎     | 38/88 [00:10<00:13,  3.68it/s, loss=0.336]
  epoch 3/3:  43%|████▎     | 38/88 [00:10<00:13,  3.68it/s, loss=0.333]
  epoch 3/3:  44%|████▍     | 39/88 [00:10<00:13,  3.70it/s, loss=0.333]
  epoch 3/3:  44%|████▍     | 39/88 [00:11<00:13,  3.70it/s, loss=0.331]
  epoch 3/3:  45%|████▌     | 40/88 [00:11<00:12,  3.70it/s, loss=0.331]
  epoch 3/3:  45%|████▌     | 40/88 [00:11<00:12,  3.70it/s, loss=0.329]
  epoch 3/3:  47%|████▋     | 41/88 [00:11<00:12,  3.70it/s, loss=0.329]
  epoch 3/3:  47%|████▋     | 41/88 [00:11<00:12,  3.70it/s, loss=0.330]
  epoch 3/3:  48%|████▊     | 42/88 [00:11<00:12,  3.72it/s, loss=0.330]
  epoch 3/3:  48%|████▊     | 42/88 [00:11<00:12,  3.72it/s, loss=0.328]
  epoch 3/3:  49%|████▉     | 43/88 [00:11<00:12,  3.71it/s, loss=0.328]
  epoch 3/3:  49%|████▉     | 43/88 [00:12<00:12,  3.71it/s, loss=0.327]
  epoch 3/3:  50%|█████     | 44/88 [00:12<00:11,  3.69it/s, loss=0.327]
  epoch 3/3:  50%|█████     | 44/88 [00:12<00:11,  3.69it/s, loss=0.324]
  epoch 3/3:  51%|█████     | 45/88 [00:12<00:11,  3.71it/s, loss=0.324]
  epoch 3/3:  51%|█████     | 45/88 [00:12<00:11,  3.71it/s, loss=0.321]
  epoch 3/3:  52%|█████▏    | 46/88 [00:12<00:11,  3.70it/s, loss=0.321]
  epoch 3/3:  52%|█████▏    | 46/88 [00:12<00:11,  3.70it/s, loss=0.319]
  epoch 3/3:  53%|█████▎    | 47/88 [00:12<00:11,  3.69it/s, loss=0.319]
  epoch 3/3:  53%|█████▎    | 47/88 [00:13<00:11,  3.69it/s, loss=0.319]
  epoch 3/3:  55%|█████▍    | 48/88 [00:13<00:10,  3.66it/s, loss=0.319]
  epoch 3/3:  55%|█████▍    | 48/88 [00:13<00:10,  3.66it/s, loss=0.320]
  epoch 3/3:  56%|█████▌    | 49/88 [00:13<00:10,  3.68it/s, loss=0.320]
  epoch 3/3:  56%|█████▌    | 49/88 [00:13<00:10,  3.68it/s, loss=0.317]
  epoch 3/3:  57%|█████▋    | 50/88 [00:13<00:10,  3.70it/s, loss=0.317]
  epoch 3/3:  57%|█████▋    | 50/88 [00:14<00:10,  3.70it/s, loss=0.315]
  epoch 3/3:  58%|█████▊    | 51/88 [00:14<00:09,  3.71it/s, loss=0.315]
  epoch 3/3:  58%|█████▊    | 51/88 [00:14<00:09,  3.71it/s, loss=0.314]
  epoch 3/3:  59%|█████▉    | 52/88 [00:14<00:09,  3.69it/s, loss=0.314]
  epoch 3/3:  59%|█████▉    | 52/88 [00:14<00:09,  3.69it/s, loss=0.313]
  epoch 3/3:  60%|██████    | 53/88 [00:14<00:09,  3.71it/s, loss=0.313]
  epoch 3/3:  60%|██████    | 53/88 [00:14<00:09,  3.71it/s, loss=0.312]
  epoch 3/3:  61%|██████▏   | 54/88 [00:14<00:09,  3.69it/s, loss=0.312]
  epoch 3/3:  61%|██████▏   | 54/88 [00:15<00:09,  3.69it/s, loss=0.312]
  epoch 3/3:  62%|██████▎   | 55/88 [00:15<00:08,  3.70it/s, loss=0.312]
  epoch 3/3:  62%|██████▎   | 55/88 [00:15<00:08,  3.70it/s, loss=0.313]
  epoch 3/3:  64%|██████▎   | 56/88 [00:15<00:08,  3.71it/s, loss=0.313]
  epoch 3/3:  64%|██████▎   | 56/88 [00:15<00:08,  3.71it/s, loss=0.311]
  epoch 3/3:  65%|██████▍   | 57/88 [00:15<00:08,  3.71it/s, loss=0.311]
  epoch 3/3:  65%|██████▍   | 57/88 [00:15<00:08,  3.71it/s, loss=0.309]
  epoch 3/3:  66%|██████▌   | 58/88 [00:15<00:08,  3.69it/s, loss=0.309]
  epoch 3/3:  66%|██████▌   | 58/88 [00:16<00:08,  3.69it/s, loss=0.309]
  epoch 3/3:  67%|██████▋   | 59/88 [00:16<00:07,  3.71it/s, loss=0.309]
  epoch 3/3:  67%|██████▋   | 59/88 [00:16<00:07,  3.71it/s, loss=0.309]
  epoch 3/3:  68%|██████▊   | 60/88 [00:16<00:07,  3.71it/s, loss=0.309]
  epoch 3/3:  68%|██████▊   | 60/88 [00:16<00:07,  3.71it/s, loss=0.306]
  epoch 3/3:  69%|██████▉   | 61/88 [00:16<00:07,  3.70it/s, loss=0.306]
  epoch 3/3:  69%|██████▉   | 61/88 [00:17<00:07,  3.70it/s, loss=0.304]
  epoch 3/3:  70%|███████   | 62/88 [00:17<00:07,  3.71it/s, loss=0.304]
  epoch 3/3:  70%|███████   | 62/88 [00:17<00:07,  3.71it/s, loss=0.303]
  epoch 3/3:  72%|███████▏  | 63/88 [00:17<00:06,  3.72it/s, loss=0.303]
  epoch 3/3:  72%|███████▏  | 63/88 [00:17<00:06,  3.72it/s, loss=0.302]
  epoch 3/3:  73%|███████▎  | 64/88 [00:17<00:06,  3.67it/s, loss=0.302]
  epoch 3/3:  73%|███████▎  | 64/88 [00:17<00:06,  3.67it/s, loss=0.302]
  epoch 3/3:  74%|███████▍  | 65/88 [00:17<00:06,  3.69it/s, loss=0.302]
  epoch 3/3:  74%|███████▍  | 65/88 [00:18<00:06,  3.69it/s, loss=0.302]
  epoch 3/3:  75%|███████▌  | 66/88 [00:18<00:06,  3.66it/s, loss=0.302]
  epoch 3/3:  75%|███████▌  | 66/88 [00:18<00:06,  3.66it/s, loss=0.301]
  epoch 3/3:  76%|███████▌  | 67/88 [00:18<00:05,  3.69it/s, loss=0.301]
  epoch 3/3:  76%|███████▌  | 67/88 [00:18<00:05,  3.69it/s, loss=0.301]
  epoch 3/3:  77%|███████▋  | 68/88 [00:18<00:05,  3.68it/s, loss=0.301]
  epoch 3/3:  77%|███████▋  | 68/88 [00:18<00:05,  3.68it/s, loss=0.301]
  epoch 3/3:  78%|███████▊  | 69/88 [00:18<00:05,  3.69it/s, loss=0.301]
  epoch 3/3:  78%|███████▊  | 69/88 [00:19<00:05,  3.69it/s, loss=0.302]
  epoch 3/3:  80%|███████▉  | 70/88 [00:19<00:04,  3.71it/s, loss=0.302]
  epoch 3/3:  80%|███████▉  | 70/88 [00:19<00:04,  3.71it/s, loss=0.302]
  epoch 3/3:  81%|████████  | 71/88 [00:19<00:04,  3.69it/s, loss=0.302]
  epoch 3/3:  81%|████████  | 71/88 [00:19<00:04,  3.69it/s, loss=0.301]
  epoch 3/3:  82%|████████▏ | 72/88 [00:19<00:04,  3.70it/s, loss=0.301]
  epoch 3/3:  82%|████████▏ | 72/88 [00:19<00:04,  3.70it/s, loss=0.300]
  epoch 3/3:  83%|████████▎ | 73/88 [00:19<00:04,  3.70it/s, loss=0.300]
  epoch 3/3:  83%|████████▎ | 73/88 [00:20<00:04,  3.70it/s, loss=0.299]
  epoch 3/3:  84%|████████▍ | 74/88 [00:20<00:03,  3.68it/s, loss=0.299]
  epoch 3/3:  84%|████████▍ | 74/88 [00:20<00:03,  3.68it/s, loss=0.298]
  epoch 3/3:  85%|████████▌ | 75/88 [00:20<00:03,  3.71it/s, loss=0.298]
  epoch 3/3:  85%|████████▌ | 75/88 [00:20<00:03,  3.71it/s, loss=0.297]
  epoch 3/3:  86%|████████▋ | 76/88 [00:20<00:03,  3.71it/s, loss=0.297]
  epoch 3/3:  86%|████████▋ | 76/88 [00:21<00:03,  3.71it/s, loss=0.297]
  epoch 3/3:  88%|████████▊ | 77/88 [00:21<00:02,  3.69it/s, loss=0.297]
  epoch 3/3:  88%|████████▊ | 77/88 [00:21<00:02,  3.69it/s, loss=0.296]
  epoch 3/3:  89%|████████▊ | 78/88 [00:21<00:02,  3.71it/s, loss=0.296]
  epoch 3/3:  89%|████████▊ | 78/88 [00:21<00:02,  3.71it/s, loss=0.296]
  epoch 3/3:  90%|████████▉ | 79/88 [00:21<00:02,  3.72it/s, loss=0.296]
  epoch 3/3:  90%|████████▉ | 79/88 [00:21<00:02,  3.72it/s, loss=0.295]
  epoch 3/3:  91%|█████████ | 80/88 [00:21<00:02,  3.68it/s, loss=0.295]
  epoch 3/3:  91%|█████████ | 80/88 [00:22<00:02,  3.68it/s, loss=0.295]
  epoch 3/3:  92%|█████████▏| 81/88 [00:22<00:01,  3.70it/s, loss=0.295]
  epoch 3/3:  92%|█████████▏| 81/88 [00:22<00:01,  3.70it/s, loss=0.294]
  epoch 3/3:  93%|█████████▎| 82/88 [00:22<00:01,  3.70it/s, loss=0.294]
  epoch 3/3:  93%|█████████▎| 82/88 [00:22<00:01,  3.70it/s, loss=0.293]
  epoch 3/3:  94%|█████████▍| 83/88 [00:22<00:01,  3.69it/s, loss=0.293]
  epoch 3/3:  94%|█████████▍| 83/88 [00:22<00:01,  3.69it/s, loss=0.292]
  epoch 3/3:  95%|█████████▌| 84/88 [00:22<00:01,  3.71it/s, loss=0.292]
  epoch 3/3:  95%|█████████▌| 84/88 [00:23<00:01,  3.71it/s, loss=0.291]
  epoch 3/3:  97%|█████████▋| 85/88 [00:23<00:00,  3.71it/s, loss=0.291]
  epoch 3/3:  97%|█████████▋| 85/88 [00:23<00:00,  3.71it/s, loss=0.292]
  epoch 3/3:  98%|█████████▊| 86/88 [00:23<00:00,  3.69it/s, loss=0.292]
  epoch 3/3:  98%|█████████▊| 86/88 [00:23<00:00,  3.69it/s, loss=0.291]
  epoch 3/3:  99%|█████████▉| 87/88 [00:23<00:00,  3.70it/s, loss=0.291]
  epoch 3/3:  99%|█████████▉| 87/88 [00:23<00:00,  3.70it/s, loss=0.290]
  epoch 3/3: 100%|██████████| 88/88 [00:23<00:00,  4.05it/s, loss=0.290]
                                                                        
[titans] reset=never | norm(state) sau task = 82.6953
[titans]   self-mod v:β=0.82 |W|=1.52
[titans]   eta_t(avg)=7.3036  alpha_t/forget-gate(avg)=0.9972
[task 2] test acc so far: 0.897  0.809  0.449
[task 2] NCM-blend gamma=0: 0.834  0.863  0.826
[task 2] NCM-blend gamma=1: 0.851  0.869  0.840
[checkpoint] đã lưu tiến độ sau task 2
[task 3] classes=[10, 15, 23, 28, 42] | train=2800

  epoch 1/3:   0%|          | 0/88 [00:00<?, ?it/s]
  epoch 1/3:   0%|          | 0/88 [00:00<?, ?it/s, loss=1.802]
  epoch 1/3:   1%|          | 1/88 [00:00<00:45,  1.92it/s, loss=1.802]
  epoch 1/3:   1%|          | 1/88 [00:00<00:45,  1.92it/s, loss=1.813]
  epoch 1/3:   2%|▏         | 2/88 [00:00<00:32,  2.68it/s, loss=1.813]
  epoch 1/3:   2%|▏         | 2/88 [00:01<00:32,  2.68it/s, loss=1.778]
  epoch 1/3:   3%|▎         | 3/88 [00:01<00:27,  3.08it/s, loss=1.778]
  epoch 1/3:   3%|▎         | 3/88 [00:01<00:27,  3.08it/s, loss=1.775]
  epoch 1/3:   5%|▍         | 4/88 [00:01<00:25,  3.32it/s, loss=1.775]
  epoch 1/3:   5%|▍         | 4/88 [00:01<00:25,  3.32it/s, loss=1.753]
  epoch 1/3:   6%|▌         | 5/88 [00:01<00:24,  3.46it/s, loss=1.753]
  epoch 1/3:   6%|▌         | 5/88 [00:01<00:24,  3.46it/s, loss=1.756]
  epoch 1/3:   7%|▋         | 6/88 [00:01<00:23,  3.54it/s, loss=1.756]
  epoch 1/3:   7%|▋         | 6/88 [00:02<00:23,  3.54it/s, loss=1.748]
  epoch 1/3:   8%|▊         | 7/88 [00:02<00:22,  3.60it/s, loss=1.748]
  epoch 1/3:   8%|▊         | 7/88 [00:02<00:22,  3.60it/s, loss=1.758]
  epoch 1/3:   9%|▉         | 8/88 [00:02<00:22,  3.59it/s, loss=1.758]
  epoch 1/3:   9%|▉         | 8/88 [00:02<00:22,  3.59it/s, loss=1.751]
  epoch 1/3:  10%|█         | 9/88 [00:02<00:21,  3.63it/s, loss=1.751]
  epoch 1/3:  10%|█         | 9/88 [00:02<00:21,  3.63it/s, loss=1.742]
  epoch 1/3:  11%|█▏        | 10/88 [00:02<00:21,  3.64it/s, loss=1.742]
  epoch 1/3:  11%|█▏        | 10/88 [00:03<00:21,  3.64it/s, loss=1.727]
  epoch 1/3:  12%|█▎        | 11/88 [00:03<00:21,  3.65it/s, loss=1.727]
  epoch 1/3:  12%|█▎        | 11/88 [00:03<00:21,  3.65it/s, loss=1.713]
  epoch 1/3:  14%|█▎        | 12/88 [00:03<00:20,  3.68it/s, loss=1.713]
  epoch 1/3:  14%|█▎        | 12/88 [00:03<00:20,  3.68it/s, loss=1.705]
  epoch 1/3:  15%|█▍        | 13/88 [00:03<00:20,  3.68it/s, loss=1.705]
  epoch 1/3:  15%|█▍        | 13/88 [00:04<00:20,  3.68it/s, loss=1.702]
  epoch 1/3:  16%|█▌        | 14/88 [00:04<00:20,  3.68it/s, loss=1.702]
  epoch 1/3:  16%|█▌        | 14/88 [00:04<00:20,  3.68it/s, loss=1.694]
  epoch 1/3:  17%|█▋        | 15/88 [00:04<00:19,  3.70it/s, loss=1.694]
  epoch 1/3:  17%|█▋        | 15/88 [00:04<00:19,  3.70it/s, loss=1.686]
  epoch 1/3:  18%|█▊        | 16/88 [00:04<00:19,  3.68it/s, loss=1.686]
  epoch 1/3:  18%|█▊        | 16/88 [00:04<00:19,  3.68it/s, loss=1.677]
  epoch 1/3:  19%|█▉        | 17/88 [00:04<00:19,  3.69it/s, loss=1.677]
  epoch 1/3:  19%|█▉        | 17/88 [00:05<00:19,  3.69it/s, loss=1.667]
  epoch 1/3:  20%|██        | 18/88 [00:05<00:18,  3.71it/s, loss=1.667]
  epoch 1/3:  20%|██        | 18/88 [00:05<00:18,  3.71it/s, loss=1.651]
  epoch 1/3:  22%|██▏       | 19/88 [00:05<00:18,  3.71it/s, loss=1.651]
  epoch 1/3:  22%|██▏       | 19/88 [00:05<00:18,  3.71it/s, loss=1.644]
  epoch 1/3:  23%|██▎       | 20/88 [00:05<00:18,  3.68it/s, loss=1.644]
  epoch 1/3:  23%|██▎       | 20/88 [00:05<00:18,  3.68it/s, loss=1.640]
  epoch 1/3:  24%|██▍       | 21/88 [00:05<00:18,  3.69it/s, loss=1.640]
  epoch 1/3:  24%|██▍       | 21/88 [00:06<00:18,  3.69it/s, loss=1.636]
  epoch 1/3:  25%|██▌       | 22/88 [00:06<00:17,  3.70it/s, loss=1.636]
  epoch 1/3:  25%|██▌       | 22/88 [00:06<00:17,  3.70it/s, loss=1.629]
  epoch 1/3:  26%|██▌       | 23/88 [00:06<00:17,  3.70it/s, loss=1.629]
  epoch 1/3:  26%|██▌       | 23/88 [00:06<00:17,  3.70it/s, loss=1.622]
  epoch 1/3:  27%|██▋       | 24/88 [00:06<00:17,  3.65it/s, loss=1.622]
  epoch 1/3:  27%|██▋       | 24/88 [00:07<00:17,  3.65it/s, loss=1.615]
  epoch 1/3:  28%|██▊       | 25/88 [00:07<00:17,  3.69it/s, loss=1.615]
  epoch 1/3:  28%|██▊       | 25/88 [00:07<00:17,  3.69it/s, loss=1.606]
  epoch 1/3:  30%|██▉       | 26/88 [00:07<00:16,  3.70it/s, loss=1.606]
  epoch 1/3:  30%|██▉       | 26/88 [00:07<00:16,  3.70it/s, loss=1.600]
  epoch 1/3:  31%|███       | 27/88 [00:07<00:16,  3.71it/s, loss=1.600]
  epoch 1/3:  31%|███       | 27/88 [00:07<00:16,  3.71it/s, loss=1.589]
  epoch 1/3:  32%|███▏      | 28/88 [00:07<00:16,  3.71it/s, loss=1.589]
  epoch 1/3:  32%|███▏      | 28/88 [00:08<00:16,  3.71it/s, loss=1.579]
  epoch 1/3:  33%|███▎      | 29/88 [00:08<00:15,  3.70it/s, loss=1.579]
  epoch 1/3:  33%|███▎      | 29/88 [00:08<00:15,  3.70it/s, loss=1.572]
  epoch 1/3:  34%|███▍      | 30/88 [00:08<00:15,  3.71it/s, loss=1.572]
  epoch 1/3:  34%|███▍      | 30/88 [00:08<00:15,  3.71it/s, loss=1.569]
  epoch 1/3:  35%|███▌      | 31/88 [00:08<00:15,  3.71it/s, loss=1.569]
  epoch 1/3:  35%|███▌      | 31/88 [00:08<00:15,  3.71it/s, loss=1.559]
  epoch 1/3:  36%|███▋      | 32/88 [00:08<00:15,  3.71it/s, loss=1.559]
  epoch 1/3:  36%|███▋      | 32/88 [00:09<00:15,  3.71it/s, loss=1.552]
  epoch 1/3:  38%|███▊      | 33/88 [00:09<00:14,  3.72it/s, loss=1.552]
  epoch 1/3:  38%|███▊      | 33/88 [00:09<00:14,  3.72it/s, loss=1.542]
  epoch 1/3:  39%|███▊      | 34/88 [00:09<00:14,  3.73it/s, loss=1.542]
  epoch 1/3:  39%|███▊      | 34/88 [00:09<00:14,  3.73it/s, loss=1.536]
  epoch 1/3:  40%|███▉      | 35/88 [00:09<00:14,  3.71it/s, loss=1.536]
  epoch 1/3:  40%|███▉      | 35/88 [00:09<00:14,  3.71it/s, loss=1.528]
  epoch 1/3:  41%|████      | 36/88 [00:09<00:13,  3.72it/s, loss=1.528]
  epoch 1/3:  41%|████      | 36/88 [00:10<00:13,  3.72it/s, loss=1.522]
  epoch 1/3:  42%|████▏     | 37/88 [00:10<00:13,  3.73it/s, loss=1.522]
  epoch 1/3:  42%|████▏     | 37/88 [00:10<00:13,  3.73it/s, loss=1.514]
  epoch 1/3:  43%|████▎     | 38/88 [00:10<00:13,  3.73it/s, loss=1.514]
  epoch 1/3:  43%|████▎     | 38/88 [00:10<00:13,  3.73it/s, loss=1.507]
  epoch 1/3:  44%|████▍     | 39/88 [00:10<00:13,  3.70it/s, loss=1.507]
  epoch 1/3:  44%|████▍     | 39/88 [00:11<00:13,  3.70it/s, loss=1.497]
  epoch 1/3:  45%|████▌     | 40/88 [00:11<00:13,  3.67it/s, loss=1.497]
  epoch 1/3:  45%|████▌     | 40/88 [00:11<00:13,  3.67it/s, loss=1.490]
  epoch 1/3:  47%|████▋     | 41/88 [00:11<00:12,  3.68it/s, loss=1.490]
  epoch 1/3:  47%|████▋     | 41/88 [00:11<00:12,  3.68it/s, loss=1.485]
  epoch 1/3:  48%|████▊     | 42/88 [00:11<00:12,  3.69it/s, loss=1.485]
  epoch 1/3:  48%|████▊     | 42/88 [00:11<00:12,  3.69it/s, loss=1.477]
  epoch 1/3:  49%|████▉     | 43/88 [00:11<00:12,  3.70it/s, loss=1.477]
  epoch 1/3:  49%|████▉     | 43/88 [00:12<00:12,  3.70it/s, loss=1.470]
  epoch 1/3:  50%|█████     | 44/88 [00:12<00:11,  3.69it/s, loss=1.470]
  epoch 1/3:  50%|█████     | 44/88 [00:12<00:11,  3.69it/s, loss=1.465]
  epoch 1/3:  51%|█████     | 45/88 [00:12<00:11,  3.72it/s, loss=1.465]
  epoch 1/3:  51%|█████     | 45/88 [00:12<00:11,  3.72it/s, loss=1.458]
  epoch 1/3:  52%|█████▏    | 46/88 [00:12<00:11,  3.70it/s, loss=1.458]
  epoch 1/3:  52%|█████▏    | 46/88 [00:12<00:11,  3.70it/s, loss=1.455]
  epoch 1/3:  53%|█████▎    | 47/88 [00:12<00:11,  3.72it/s, loss=1.455]
  epoch 1/3:  53%|█████▎    | 47/88 [00:13<00:11,  3.72it/s, loss=1.448]
  epoch 1/3:  55%|█████▍    | 48/88 [00:13<00:10,  3.71it/s, loss=1.448]
  epoch 1/3:  55%|█████▍    | 48/88 [00:13<00:10,  3.71it/s, loss=1.441]
  epoch 1/3:  56%|█████▌    | 49/88 [00:13<00:10,  3.72it/s, loss=1.441]
  epoch 1/3:  56%|█████▌    | 49/88 [00:13<00:10,  3.72it/s, loss=1.433]
  epoch 1/3:  57%|█████▋    | 50/88 [00:13<00:10,  3.72it/s, loss=1.433]
  epoch 1/3:  57%|█████▋    | 50/88 [00:14<00:10,  3.72it/s, loss=1.425]
  epoch 1/3:  58%|█████▊    | 51/88 [00:14<00:09,  3.73it/s, loss=1.425]
  epoch 1/3:  58%|█████▊    | 51/88 [00:14<00:09,  3.73it/s, loss=1.421]
  epoch 1/3:  59%|█████▉    | 52/88 [00:14<00:09,  3.69it/s, loss=1.421]
  epoch 1/3:  59%|█████▉    | 52/88 [00:14<00:09,  3.69it/s, loss=1.415]
  epoch 1/3:  60%|██████    | 53/88 [00:14<00:09,  3.71it/s, loss=1.415]
  epoch 1/3:  60%|██████    | 53/88 [00:14<00:09,  3.71it/s, loss=1.407]
  epoch 1/3:  61%|██████▏   | 54/88 [00:14<00:09,  3.70it/s, loss=1.407]
  epoch 1/3:  61%|██████▏   | 54/88 [00:15<00:09,  3.70it/s, loss=1.400]
  epoch 1/3:  62%|██████▎   | 55/88 [00:15<00:08,  3.71it/s, loss=1.400]
  epoch 1/3:  62%|██████▎   | 55/88 [00:15<00:08,  3.71it/s, loss=1.394]
  epoch 1/3:  64%|██████▎   | 56/88 [00:15<00:08,  3.64it/s, loss=1.394]
  epoch 1/3:  64%|██████▎   | 56/88 [00:15<00:08,  3.64it/s, loss=1.390]
  epoch 1/3:  65%|██████▍   | 57/88 [00:15<00:08,  3.69it/s, loss=1.390]
  epoch 1/3:  65%|██████▍   | 57/88 [00:15<00:08,  3.69it/s, loss=1.385]
  epoch 1/3:  66%|██████▌   | 58/88 [00:15<00:08,  3.70it/s, loss=1.385]
  epoch 1/3:  66%|██████▌   | 58/88 [00:16<00:08,  3.70it/s, loss=1.380]
  epoch 1/3:  67%|██████▋   | 59/88 [00:16<00:07,  3.71it/s, loss=1.380]
  epoch 1/3:  67%|██████▋   | 59/88 [00:16<00:07,  3.71it/s, loss=1.373]
  epoch 1/3:  68%|██████▊   | 60/88 [00:16<00:07,  3.70it/s, loss=1.373]
  epoch 1/3:  68%|██████▊   | 60/88 [00:16<00:07,  3.70it/s, loss=1.367]
  epoch 1/3:  69%|██████▉   | 61/88 [00:16<00:07,  3.68it/s, loss=1.367]
  epoch 1/3:  69%|██████▉   | 61/88 [00:16<00:07,  3.68it/s, loss=1.362]
  epoch 1/3:  70%|███████   | 62/88 [00:16<00:07,  3.69it/s, loss=1.362]
  epoch 1/3:  70%|███████   | 62/88 [00:17<00:07,  3.69it/s, loss=1.356]
  epoch 1/3:  72%|███████▏  | 63/88 [00:17<00:06,  3.69it/s, loss=1.356]
  epoch 1/3:  72%|███████▏  | 63/88 [00:17<00:06,  3.69it/s, loss=1.348]
  epoch 1/3:  73%|███████▎  | 64/88 [00:17<00:06,  3.70it/s, loss=1.348]
  epoch 1/3:  73%|███████▎  | 64/88 [00:17<00:06,  3.70it/s, loss=1.342]
  epoch 1/3:  74%|███████▍  | 65/88 [00:17<00:06,  3.70it/s, loss=1.342]
  epoch 1/3:  74%|███████▍  | 65/88 [00:18<00:06,  3.70it/s, loss=1.337]
  epoch 1/3:  75%|███████▌  | 66/88 [00:18<00:05,  3.70it/s, loss=1.337]
  epoch 1/3:  75%|███████▌  | 66/88 [00:18<00:05,  3.70it/s, loss=1.332]
  epoch 1/3:  76%|███████▌  | 67/88 [00:18<00:05,  3.71it/s, loss=1.332]
  epoch 1/3:  76%|███████▌  | 67/88 [00:18<00:05,  3.71it/s, loss=1.327]
  epoch 1/3:  77%|███████▋  | 68/88 [00:18<00:05,  3.69it/s, loss=1.327]
  epoch 1/3:  77%|███████▋  | 68/88 [00:18<00:05,  3.69it/s, loss=1.321]
  epoch 1/3:  78%|███████▊  | 69/88 [00:18<00:05,  3.71it/s, loss=1.321]
  epoch 1/3:  78%|███████▊  | 69/88 [00:19<00:05,  3.71it/s, loss=1.315]
  epoch 1/3:  80%|███████▉  | 70/88 [00:19<00:04,  3.72it/s, loss=1.315]
  epoch 1/3:  80%|███████▉  | 70/88 [00:19<00:04,  3.72it/s, loss=1.308]
  epoch 1/3:  81%|████████  | 71/88 [00:19<00:04,  3.73it/s, loss=1.308]
  epoch 1/3:  81%|████████  | 71/88 [00:19<00:04,  3.73it/s, loss=1.302]
  epoch 1/3:  82%|████████▏ | 72/88 [00:19<00:04,  3.67it/s, loss=1.302]
  epoch 1/3:  82%|████████▏ | 72/88 [00:19<00:04,  3.67it/s, loss=1.295]
  epoch 1/3:  83%|████████▎ | 73/88 [00:19<00:04,  3.69it/s, loss=1.295]
  epoch 1/3:  83%|████████▎ | 73/88 [00:20<00:04,  3.69it/s, loss=1.289]
  epoch 1/3:  84%|████████▍ | 74/88 [00:20<00:03,  3.71it/s, loss=1.289]
  epoch 1/3:  84%|████████▍ | 74/88 [00:20<00:03,  3.71it/s, loss=1.284]
  epoch 1/3:  85%|████████▌ | 75/88 [00:20<00:03,  3.71it/s, loss=1.284]
  epoch 1/3:  85%|████████▌ | 75/88 [00:20<00:03,  3.71it/s, loss=1.279]
  epoch 1/3:  86%|████████▋ | 76/88 [00:20<00:03,  3.70it/s, loss=1.279]
  epoch 1/3:  86%|████████▋ | 76/88 [00:21<00:03,  3.70it/s, loss=1.275]
  epoch 1/3:  88%|████████▊ | 77/88 [00:21<00:02,  3.71it/s, loss=1.275]
  epoch 1/3:  88%|████████▊ | 77/88 [00:21<00:02,  3.71it/s, loss=1.269]
  epoch 1/3:  89%|████████▊ | 78/88 [00:21<00:02,  3.68it/s, loss=1.269]
  epoch 1/3:  89%|████████▊ | 78/88 [00:21<00:02,  3.68it/s, loss=1.264]
  epoch 1/3:  90%|████████▉ | 79/88 [00:21<00:02,  3.67it/s, loss=1.264]
  epoch 1/3:  90%|████████▉ | 79/88 [00:21<00:02,  3.67it/s, loss=1.258]
  epoch 1/3:  91%|█████████ | 80/88 [00:21<00:02,  3.68it/s, loss=1.258]
  epoch 1/3:  91%|█████████ | 80/88 [00:22<00:02,  3.68it/s, loss=1.252]
  epoch 1/3:  92%|█████████▏| 81/88 [00:22<00:01,  3.66it/s, loss=1.252]
  epoch 1/3:  92%|█████████▏| 81/88 [00:22<00:01,  3.66it/s, loss=1.247]
  epoch 1/3:  93%|█████████▎| 82/88 [00:22<00:01,  3.68it/s, loss=1.247]
  epoch 1/3:  93%|█████████▎| 82/88 [00:22<00:01,  3.68it/s, loss=1.241]
  epoch 1/3:  94%|█████████▍| 83/88 [00:22<00:01,  3.67it/s, loss=1.241]
  epoch 1/3:  94%|█████████▍| 83/88 [00:22<00:01,  3.67it/s, loss=1.235]
  epoch 1/3:  95%|█████████▌| 84/88 [00:22<00:01,  3.70it/s, loss=1.235]
  epoch 1/3:  95%|█████████▌| 84/88 [00:23<00:01,  3.70it/s, loss=1.228]
  epoch 1/3:  97%|█████████▋| 85/88 [00:23<00:00,  3.71it/s, loss=1.228]
  epoch 1/3:  97%|█████████▋| 85/88 [00:23<00:00,  3.71it/s, loss=1.222]
  epoch 1/3:  98%|█████████▊| 86/88 [00:23<00:00,  3.71it/s, loss=1.222]
  epoch 1/3:  98%|█████████▊| 86/88 [00:23<00:00,  3.71it/s, loss=1.218]
  epoch 1/3:  99%|█████████▉| 87/88 [00:23<00:00,  3.70it/s, loss=1.218]
  epoch 1/3:  99%|█████████▉| 87/88 [00:23<00:00,  3.70it/s, loss=1.214]
  epoch 1/3: 100%|██████████| 88/88 [00:23<00:00,  4.00it/s, loss=1.214]
                                                                        

  epoch 2/3:   0%|          | 0/88 [00:00<?, ?it/s]
  epoch 2/3:   0%|          | 0/88 [00:00<?, ?it/s, loss=0.722]
  epoch 2/3:   1%|          | 1/88 [00:00<00:44,  1.97it/s, loss=0.722]
  epoch 2/3:   1%|          | 1/88 [00:00<00:44,  1.97it/s, loss=0.731]
  epoch 2/3:   2%|▏         | 2/88 [00:00<00:31,  2.71it/s, loss=0.731]
  epoch 2/3:   2%|▏         | 2/88 [00:01<00:31,  2.71it/s, loss=0.730]
  epoch 2/3:   3%|▎         | 3/88 [00:01<00:27,  3.09it/s, loss=0.730]
  epoch 2/3:   3%|▎         | 3/88 [00:01<00:27,  3.09it/s, loss=0.747]
  epoch 2/3:   5%|▍         | 4/88 [00:01<00:25,  3.29it/s, loss=0.747]
  epoch 2/3:   5%|▍         | 4/88 [00:01<00:25,  3.29it/s, loss=0.730]
  epoch 2/3:   6%|▌         | 5/88 [00:01<00:24,  3.45it/s, loss=0.730]
  epoch 2/3:   6%|▌         | 5/88 [00:01<00:24,  3.45it/s, loss=0.718]
  epoch 2/3:   7%|▋         | 6/88 [00:01<00:23,  3.51it/s, loss=0.718]
  epoch 2/3:   7%|▋         | 6/88 [00:02<00:23,  3.51it/s, loss=0.715]
  epoch 2/3:   8%|▊         | 7/88 [00:02<00:22,  3.56it/s, loss=0.715]
  epoch 2/3:   8%|▊         | 7/88 [00:02<00:22,  3.56it/s, loss=0.715]
  epoch 2/3:   9%|▉         | 8/88 [00:02<00:22,  3.61it/s, loss=0.715]
  epoch 2/3:   9%|▉         | 8/88 [00:02<00:22,  3.61it/s, loss=0.726]
  epoch 2/3:  10%|█         | 9/88 [00:02<00:21,  3.63it/s, loss=0.726]
  epoch 2/3:  10%|█         | 9/88 [00:02<00:21,  3.63it/s, loss=0.722]
  epoch 2/3:  11%|█▏        | 10/88 [00:02<00:21,  3.65it/s, loss=0.722]
  epoch 2/3:  11%|█▏        | 10/88 [00:03<00:21,  3.65it/s, loss=0.715]
  epoch 2/3:  12%|█▎        | 11/88 [00:03<00:21,  3.66it/s, loss=0.715]
  epoch 2/3:  12%|█▎        | 11/88 [00:03<00:21,  3.66it/s, loss=0.702]
  epoch 2/3:  14%|█▎        | 12/88 [00:03<00:20,  3.70it/s, loss=0.702]
  epoch 2/3:  14%|█▎        | 12/88 [00:03<00:20,  3.70it/s, loss=0.697]
  epoch 2/3:  15%|█▍        | 13/88 [00:03<00:20,  3.68it/s, loss=0.697]
  epoch 2/3:  15%|█▍        | 13/88 [00:04<00:20,  3.68it/s, loss=0.695]
  epoch 2/3:  16%|█▌        | 14/88 [00:04<00:20,  3.70it/s, loss=0.695]
  epoch 2/3:  16%|█▌        | 14/88 [00:04<00:20,  3.70it/s, loss=0.693]
  epoch 2/3:  17%|█▋        | 15/88 [00:04<00:19,  3.68it/s, loss=0.693]
  epoch 2/3:  17%|█▋        | 15/88 [00:04<00:19,  3.68it/s, loss=0.687]
  epoch 2/3:  18%|█▊        | 16/88 [00:04<00:19,  3.63it/s, loss=0.687]
  epoch 2/3:  18%|█▊        | 16/88 [00:04<00:19,  3.63it/s, loss=0.690]
  epoch 2/3:  19%|█▉        | 17/88 [00:04<00:19,  3.65it/s, loss=0.690]
  epoch 2/3:  19%|█▉        | 17/88 [00:05<00:19,  3.65it/s, loss=0.682]
  epoch 2/3:  20%|██        | 18/88 [00:05<00:18,  3.68it/s, loss=0.682]
  epoch 2/3:  20%|██        | 18/88 [00:05<00:18,  3.68it/s, loss=0.681]
  epoch 2/3:  22%|██▏       | 19/88 [00:05<00:18,  3.69it/s, loss=0.681]
  epoch 2/3:  22%|██▏       | 19/88 [00:05<00:18,  3.69it/s, loss=0.674]
  epoch 2/3:  23%|██▎       | 20/88 [00:05<00:18,  3.68it/s, loss=0.674]
  epoch 2/3:  23%|██▎       | 20/88 [00:05<00:18,  3.68it/s, loss=0.668]
  epoch 2/3:  24%|██▍       | 21/88 [00:05<00:18,  3.67it/s, loss=0.668]
  epoch 2/3:  24%|██▍       | 21/88 [00:06<00:18,  3.67it/s, loss=0.673]
  epoch 2/3:  25%|██▌       | 22/88 [00:06<00:17,  3.69it/s, loss=0.673]
  epoch 2/3:  25%|██▌       | 22/88 [00:06<00:17,  3.69it/s, loss=0.667]
  epoch 2/3:  26%|██▌       | 23/88 [00:06<00:17,  3.67it/s, loss=0.667]
  epoch 2/3:  26%|██▌       | 23/88 [00:06<00:17,  3.67it/s, loss=0.664]
  epoch 2/3:  27%|██▋       | 24/88 [00:06<00:17,  3.69it/s, loss=0.664]
  epoch 2/3:  27%|██▋       | 24/88 [00:07<00:17,  3.69it/s, loss=0.664]
  epoch 2/3:  28%|██▊       | 25/88 [00:07<00:17,  3.68it/s, loss=0.664]
  epoch 2/3:  28%|██▊       | 25/88 [00:07<00:17,  3.68it/s, loss=0.660]
  epoch 2/3:  30%|██▉       | 26/88 [00:07<00:16,  3.68it/s, loss=0.660]
  epoch 2/3:  30%|██▉       | 26/88 [00:07<00:16,  3.68it/s, loss=0.661]
  epoch 2/3:  31%|███       | 27/88 [00:07<00:16,  3.69it/s, loss=0.661]
  epoch 2/3:  31%|███       | 27/88 [00:07<00:16,  3.69it/s, loss=0.659]
  epoch 2/3:  32%|███▏      | 28/88 [00:07<00:16,  3.68it/s, loss=0.659]
  epoch 2/3:  32%|███▏      | 28/88 [00:08<00:16,  3.68it/s, loss=0.652]
  epoch 2/3:  33%|███▎      | 29/88 [00:08<00:16,  3.67it/s, loss=0.652]
  epoch 2/3:  33%|███▎      | 29/88 [00:08<00:16,  3.67it/s, loss=0.646]
  epoch 2/3:  34%|███▍      | 30/88 [00:08<00:15,  3.69it/s, loss=0.646]
  epoch 2/3:  34%|███▍      | 30/88 [00:08<00:15,  3.69it/s, loss=0.638]
  epoch 2/3:  35%|███▌      | 31/88 [00:08<00:15,  3.71it/s, loss=0.638]
  epoch 2/3:  35%|███▌      | 31/88 [00:08<00:15,  3.71it/s, loss=0.638]
  epoch 2/3:  36%|███▋      | 32/88 [00:08<00:15,  3.65it/s, loss=0.638]
  epoch 2/3:  36%|███▋      | 32/88 [00:09<00:15,  3.65it/s, loss=0.632]
  epoch 2/3:  38%|███▊      | 33/88 [00:09<00:15,  3.66it/s, loss=0.632]
  epoch 2/3:  38%|███▊      | 33/88 [00:09<00:15,  3.66it/s, loss=0.629]
  epoch 2/3:  39%|███▊      | 34/88 [00:09<00:14,  3.68it/s, loss=0.629]
  epoch 2/3:  39%|███▊      | 34/88 [00:09<00:14,  3.68it/s, loss=0.625]
  epoch 2/3:  40%|███▉      | 35/88 [00:09<00:14,  3.68it/s, loss=0.625]
  epoch 2/3:  40%|███▉      | 35/88 [00:10<00:14,  3.68it/s, loss=0.619]
  epoch 2/3:  41%|████      | 36/88 [00:10<00:14,  3.68it/s, loss=0.619]
  epoch 2/3:  41%|████      | 36/88 [00:10<00:14,  3.68it/s, loss=0.616]
  epoch 2/3:  42%|████▏     | 37/88 [00:10<00:13,  3.65it/s, loss=0.616]
  epoch 2/3:  42%|████▏     | 37/88 [00:10<00:13,  3.65it/s, loss=0.612]
  epoch 2/3:  43%|████▎     | 38/88 [00:10<00:13,  3.67it/s, loss=0.612]
  epoch 2/3:  43%|████▎     | 38/88 [00:10<00:13,  3.67it/s, loss=0.608]
  epoch 2/3:  44%|████▍     | 39/88 [00:10<00:13,  3.64it/s, loss=0.608]
  epoch 2/3:  44%|████▍     | 39/88 [00:11<00:13,  3.64it/s, loss=0.608]
  epoch 2/3:  45%|████▌     | 40/88 [00:11<00:13,  3.68it/s, loss=0.608]
  epoch 2/3:  45%|████▌     | 40/88 [00:11<00:13,  3.68it/s, loss=0.606]
  epoch 2/3:  47%|████▋     | 41/88 [00:11<00:12,  3.69it/s, loss=0.606]
  epoch 2/3:  47%|████▋     | 41/88 [00:11<00:12,  3.69it/s, loss=0.606]
  epoch 2/3:  48%|████▊     | 42/88 [00:11<00:12,  3.70it/s, loss=0.606]
  epoch 2/3:  48%|████▊     | 42/88 [00:11<00:12,  3.70it/s, loss=0.604]
  epoch 2/3:  49%|████▉     | 43/88 [00:11<00:12,  3.71it/s, loss=0.604]
  epoch 2/3:  49%|████▉     | 43/88 [00:12<00:12,  3.71it/s, loss=0.600]
  epoch 2/3:  50%|█████     | 44/88 [00:12<00:11,  3.71it/s, loss=0.600]
  epoch 2/3:  50%|█████     | 44/88 [00:12<00:11,  3.71it/s, loss=0.598]
  epoch 2/3:  51%|█████     | 45/88 [00:12<00:11,  3.69it/s, loss=0.598]
  epoch 2/3:  51%|█████     | 45/88 [00:12<00:11,  3.69it/s, loss=0.595]
  epoch 2/3:  52%|█████▏    | 46/88 [00:12<00:11,  3.72it/s, loss=0.595]
  epoch 2/3:  52%|█████▏    | 46/88 [00:12<00:11,  3.72it/s, loss=0.594]
  epoch 2/3:  53%|█████▎    | 47/88 [00:12<00:10,  3.73it/s, loss=0.594]
  epoch 2/3:  53%|█████▎    | 47/88 [00:13<00:10,  3.73it/s, loss=0.591]
  epoch 2/3:  55%|█████▍    | 48/88 [00:13<00:10,  3.68it/s, loss=0.591]
  epoch 2/3:  55%|█████▍    | 48/88 [00:13<00:10,  3.68it/s, loss=0.588]
  epoch 2/3:  56%|█████▌    | 49/88 [00:13<00:10,  3.71it/s, loss=0.588]
  epoch 2/3:  56%|█████▌    | 49/88 [00:13<00:10,  3.71it/s, loss=0.586]
  epoch 2/3:  57%|█████▋    | 50/88 [00:13<00:10,  3.71it/s, loss=0.586]
  epoch 2/3:  57%|█████▋    | 50/88 [00:14<00:10,  3.71it/s, loss=0.582]
  epoch 2/3:  58%|█████▊    | 51/88 [00:14<00:09,  3.72it/s, loss=0.582]
  epoch 2/3:  58%|█████▊    | 51/88 [00:14<00:09,  3.72it/s, loss=0.580]
  epoch 2/3:  59%|█████▉    | 52/88 [00:14<00:09,  3.70it/s, loss=0.580]
  epoch 2/3:  59%|█████▉    | 52/88 [00:14<00:09,  3.70it/s, loss=0.581]
  epoch 2/3:  60%|██████    | 53/88 [00:14<00:09,  3.72it/s, loss=0.581]
  epoch 2/3:  60%|██████    | 53/88 [00:14<00:09,  3.72it/s, loss=0.579]
  epoch 2/3:  61%|██████▏   | 54/88 [00:14<00:09,  3.71it/s, loss=0.579]
  epoch 2/3:  61%|██████▏   | 54/88 [00:15<00:09,  3.71it/s, loss=0.577]
  epoch 2/3:  62%|██████▎   | 55/88 [00:15<00:08,  3.70it/s, loss=0.577]
  epoch 2/3:  62%|██████▎   | 55/88 [00:15<00:08,  3.70it/s, loss=0.575]
  epoch 2/3:  64%|██████▎   | 56/88 [00:15<00:08,  3.72it/s, loss=0.575]
  epoch 2/3:  64%|██████▎   | 56/88 [00:15<00:08,  3.72it/s, loss=0.574]
  epoch 2/3:  65%|██████▍   | 57/88 [00:15<00:08,  3.72it/s, loss=0.574]
  epoch 2/3:  65%|██████▍   | 57/88 [00:15<00:08,  3.72it/s, loss=0.570]
  epoch 2/3:  66%|██████▌   | 58/88 [00:15<00:08,  3.71it/s, loss=0.570]
  epoch 2/3:  66%|██████▌   | 58/88 [00:16<00:08,  3.71it/s, loss=0.567]
  epoch 2/3:  67%|██████▋   | 59/88 [00:16<00:07,  3.71it/s, loss=0.567]
  epoch 2/3:  67%|██████▋   | 59/88 [00:16<00:07,  3.71it/s, loss=0.565]
  epoch 2/3:  68%|██████▊   | 60/88 [00:16<00:07,  3.72it/s, loss=0.565]
  epoch 2/3:  68%|██████▊   | 60/88 [00:16<00:07,  3.72it/s, loss=0.562]
  epoch 2/3:  69%|██████▉   | 61/88 [00:16<00:07,  3.72it/s, loss=0.562]
  epoch 2/3:  69%|██████▉   | 61/88 [00:17<00:07,  3.72it/s, loss=0.557]
  epoch 2/3:  70%|███████   | 62/88 [00:17<00:07,  3.71it/s, loss=0.557]
  epoch 2/3:  70%|███████   | 62/88 [00:17<00:07,  3.71it/s, loss=0.554]
  epoch 2/3:  72%|███████▏  | 63/88 [00:17<00:06,  3.72it/s, loss=0.554]
  epoch 2/3:  72%|███████▏  | 63/88 [00:17<00:06,  3.72it/s, loss=0.551]
  epoch 2/3:  73%|███████▎  | 64/88 [00:17<00:06,  3.67it/s, loss=0.551]
  epoch 2/3:  73%|███████▎  | 64/88 [00:17<00:06,  3.67it/s, loss=0.551]
  epoch 2/3:  74%|███████▍  | 65/88 [00:17<00:06,  3.69it/s, loss=0.551]
  epoch 2/3:  74%|███████▍  | 65/88 [00:18<00:06,  3.69it/s, loss=0.550]
  epoch 2/3:  75%|███████▌  | 66/88 [00:18<00:05,  3.70it/s, loss=0.550]
  epoch 2/3:  75%|███████▌  | 66/88 [00:18<00:05,  3.70it/s, loss=0.547]
  epoch 2/3:  76%|███████▌  | 67/88 [00:18<00:05,  3.70it/s, loss=0.547]
  epoch 2/3:  76%|███████▌  | 67/88 [00:18<00:05,  3.70it/s, loss=0.544]
  epoch 2/3:  77%|███████▋  | 68/88 [00:18<00:05,  3.70it/s, loss=0.544]
  epoch 2/3:  77%|███████▋  | 68/88 [00:18<00:05,  3.70it/s, loss=0.541]
  epoch 2/3:  78%|███████▊  | 69/88 [00:18<00:05,  3.70it/s, loss=0.541]
  epoch 2/3:  78%|███████▊  | 69/88 [00:19<00:05,  3.70it/s, loss=0.539]
  epoch 2/3:  80%|███████▉  | 70/88 [00:19<00:04,  3.68it/s, loss=0.539]
  epoch 2/3:  80%|███████▉  | 70/88 [00:19<00:04,  3.68it/s, loss=0.537]
  epoch 2/3:  81%|████████  | 71/88 [00:19<00:04,  3.69it/s, loss=0.537]
  epoch 2/3:  81%|████████  | 71/88 [00:19<00:04,  3.69it/s, loss=0.534]
  epoch 2/3:  82%|████████▏ | 72/88 [00:19<00:04,  3.69it/s, loss=0.534]
  epoch 2/3:  82%|████████▏ | 72/88 [00:20<00:04,  3.69it/s, loss=0.533]
  epoch 2/3:  83%|████████▎ | 73/88 [00:20<00:04,  3.69it/s, loss=0.533]
  epoch 2/3:  83%|████████▎ | 73/88 [00:20<00:04,  3.69it/s, loss=0.530]
  epoch 2/3:  84%|████████▍ | 74/88 [00:20<00:03,  3.70it/s, loss=0.530]
  epoch 2/3:  84%|████████▍ | 74/88 [00:20<00:03,  3.70it/s, loss=0.529]
  epoch 2/3:  85%|████████▌ | 75/88 [00:20<00:03,  3.70it/s, loss=0.529]
  epoch 2/3:  85%|████████▌ | 75/88 [00:20<00:03,  3.70it/s, loss=0.528]
  epoch 2/3:  86%|████████▋ | 76/88 [00:20<00:03,  3.70it/s, loss=0.528]
  epoch 2/3:  86%|████████▋ | 76/88 [00:21<00:03,  3.70it/s, loss=0.525]
  epoch 2/3:  88%|████████▊ | 77/88 [00:21<00:02,  3.71it/s, loss=0.525]
  epoch 2/3:  88%|████████▊ | 77/88 [00:21<00:02,  3.71it/s, loss=0.523]
  epoch 2/3:  89%|████████▊ | 78/88 [00:21<00:02,  3.70it/s, loss=0.523]
  epoch 2/3:  89%|████████▊ | 78/88 [00:21<00:02,  3.70it/s, loss=0.521]
  epoch 2/3:  90%|████████▉ | 79/88 [00:21<00:02,  3.70it/s, loss=0.521]
  epoch 2/3:  90%|████████▉ | 79/88 [00:21<00:02,  3.70it/s, loss=0.519]
  epoch 2/3:  91%|█████████ | 80/88 [00:21<00:02,  3.66it/s, loss=0.519]
  epoch 2/3:  91%|█████████ | 80/88 [00:22<00:02,  3.66it/s, loss=0.516]
  epoch 2/3:  92%|█████████▏| 81/88 [00:22<00:01,  3.67it/s, loss=0.516]
  epoch 2/3:  92%|█████████▏| 81/88 [00:22<00:01,  3.67it/s, loss=0.514]
  epoch 2/3:  93%|█████████▎| 82/88 [00:22<00:01,  3.69it/s, loss=0.514]
  epoch 2/3:  93%|█████████▎| 82/88 [00:22<00:01,  3.69it/s, loss=0.513]
  epoch 2/3:  94%|█████████▍| 83/88 [00:22<00:01,  3.68it/s, loss=0.513]
  epoch 2/3:  94%|█████████▍| 83/88 [00:22<00:01,  3.68it/s, loss=0.511]
  epoch 2/3:  95%|█████████▌| 84/88 [00:22<00:01,  3.71it/s, loss=0.511]
  epoch 2/3:  95%|█████████▌| 84/88 [00:23<00:01,  3.71it/s, loss=0.509]
  epoch 2/3:  97%|█████████▋| 85/88 [00:23<00:00,  3.72it/s, loss=0.509]
  epoch 2/3:  97%|█████████▋| 85/88 [00:23<00:00,  3.72it/s, loss=0.508]
  epoch 2/3:  98%|█████████▊| 86/88 [00:23<00:00,  3.72it/s, loss=0.508]
  epoch 2/3:  98%|█████████▊| 86/88 [00:23<00:00,  3.72it/s, loss=0.506]
  epoch 2/3:  99%|█████████▉| 87/88 [00:23<00:00,  3.68it/s, loss=0.506]
  epoch 2/3:  99%|█████████▉| 87/88 [00:23<00:00,  3.68it/s, loss=0.504]
  epoch 2/3: 100%|██████████| 88/88 [00:23<00:00,  4.04it/s, loss=0.504]
                                                                        

  epoch 3/3:   0%|          | 0/88 [00:00<?, ?it/s]
  epoch 3/3:   0%|          | 0/88 [00:00<?, ?it/s, loss=0.286]
  epoch 3/3:   1%|          | 1/88 [00:00<00:44,  1.97it/s, loss=0.286]
  epoch 3/3:   1%|          | 1/88 [00:00<00:44,  1.97it/s, loss=0.300]
  epoch 3/3:   2%|▏         | 2/88 [00:00<00:31,  2.73it/s, loss=0.300]
  epoch 3/3:   2%|▏         | 2/88 [00:01<00:31,  2.73it/s, loss=0.339]
  epoch 3/3:   3%|▎         | 3/88 [00:01<00:27,  3.11it/s, loss=0.339]
  epoch 3/3:   3%|▎         | 3/88 [00:01<00:27,  3.11it/s, loss=0.330]
  epoch 3/3:   5%|▍         | 4/88 [00:01<00:25,  3.32it/s, loss=0.330]
  epoch 3/3:   5%|▍         | 4/88 [00:01<00:25,  3.32it/s, loss=0.336]
  epoch 3/3:   6%|▌         | 5/88 [00:01<00:24,  3.46it/s, loss=0.336]
  epoch 3/3:   6%|▌         | 5/88 [00:01<00:24,  3.46it/s, loss=0.320]
  epoch 3/3:   7%|▋         | 6/88 [00:01<00:23,  3.55it/s, loss=0.320]
  epoch 3/3:   7%|▋         | 6/88 [00:02<00:23,  3.55it/s, loss=0.309]
  epoch 3/3:   8%|▊         | 7/88 [00:02<00:22,  3.60it/s, loss=0.309]
  epoch 3/3:   8%|▊         | 7/88 [00:02<00:22,  3.60it/s, loss=0.306]
  epoch 3/3:   9%|▉         | 8/88 [00:02<00:22,  3.59it/s, loss=0.306]
  epoch 3/3:   9%|▉         | 8/88 [00:02<00:22,  3.59it/s, loss=0.316]
  epoch 3/3:  10%|█         | 9/88 [00:02<00:21,  3.62it/s, loss=0.316]
  epoch 3/3:  10%|█         | 9/88 [00:02<00:21,  3.62it/s, loss=0.315]
  epoch 3/3:  11%|█▏        | 10/88 [00:02<00:21,  3.67it/s, loss=0.315]
  epoch 3/3:  11%|█▏        | 10/88 [00:03<00:21,  3.67it/s, loss=0.305]
  epoch 3/3:  12%|█▎        | 11/88 [00:03<00:20,  3.68it/s, loss=0.305]
  epoch 3/3:  12%|█▎        | 11/88 [00:03<00:20,  3.68it/s, loss=0.310]
  epoch 3/3:  14%|█▎        | 12/88 [00:03<00:20,  3.69it/s, loss=0.310]
  epoch 3/3:  14%|█▎        | 12/88 [00:03<00:20,  3.69it/s, loss=0.315]
  epoch 3/3:  15%|█▍        | 13/88 [00:03<00:20,  3.69it/s, loss=0.315]
  epoch 3/3:  15%|█▍        | 13/88 [00:04<00:20,  3.69it/s, loss=0.317]
  epoch 3/3:  16%|█▌        | 14/88 [00:04<00:19,  3.71it/s, loss=0.317]
  epoch 3/3:  16%|█▌        | 14/88 [00:04<00:19,  3.71it/s, loss=0.317]
  epoch 3/3:  17%|█▋        | 15/88 [00:04<00:19,  3.70it/s, loss=0.317]
  epoch 3/3:  17%|█▋        | 15/88 [00:04<00:19,  3.70it/s, loss=0.321]
  epoch 3/3:  18%|█▊        | 16/88 [00:04<00:19,  3.70it/s, loss=0.321]
  epoch 3/3:  18%|█▊        | 16/88 [00:04<00:19,  3.70it/s, loss=0.321]
  epoch 3/3:  19%|█▉        | 17/88 [00:04<00:19,  3.71it/s, loss=0.321]
  epoch 3/3:  19%|█▉        | 17/88 [00:05<00:19,  3.71it/s, loss=0.317]
  epoch 3/3:  20%|██        | 18/88 [00:05<00:18,  3.71it/s, loss=0.317]
  epoch 3/3:  20%|██        | 18/88 [00:05<00:18,  3.71it/s, loss=0.316]
  epoch 3/3:  22%|██▏       | 19/88 [00:05<00:18,  3.70it/s, loss=0.316]
  epoch 3/3:  22%|██▏       | 19/88 [00:05<00:18,  3.70it/s, loss=0.319]
  epoch 3/3:  23%|██▎       | 20/88 [00:05<00:18,  3.69it/s, loss=0.319]
  epoch 3/3:  23%|██▎       | 20/88 [00:05<00:18,  3.69it/s, loss=0.313]
  epoch 3/3:  24%|██▍       | 21/88 [00:05<00:18,  3.69it/s, loss=0.313]
  epoch 3/3:  24%|██▍       | 21/88 [00:06<00:18,  3.69it/s, loss=0.310]
  epoch 3/3:  25%|██▌       | 22/88 [00:06<00:17,  3.69it/s, loss=0.310]
  epoch 3/3:  25%|██▌       | 22/88 [00:06<00:17,  3.69it/s, loss=0.307]
  epoch 3/3:  26%|██▌       | 23/88 [00:06<00:17,  3.68it/s, loss=0.307]
  epoch 3/3:  26%|██▌       | 23/88 [00:06<00:17,  3.68it/s, loss=0.310]
  epoch 3/3:  27%|██▋       | 24/88 [00:06<00:17,  3.64it/s, loss=0.310]
  epoch 3/3:  27%|██▋       | 24/88 [00:06<00:17,  3.64it/s, loss=0.308]
  epoch 3/3:  28%|██▊       | 25/88 [00:06<00:17,  3.66it/s, loss=0.308]
  epoch 3/3:  28%|██▊       | 25/88 [00:07<00:17,  3.66it/s, loss=0.307]
  epoch 3/3:  30%|██▉       | 26/88 [00:07<00:16,  3.68it/s, loss=0.307]
  epoch 3/3:  30%|██▉       | 26/88 [00:07<00:16,  3.68it/s, loss=0.307]
  epoch 3/3:  31%|███       | 27/88 [00:07<00:16,  3.67it/s, loss=0.307]
  epoch 3/3:  31%|███       | 27/88 [00:07<00:16,  3.67it/s, loss=0.306]
  epoch 3/3:  32%|███▏      | 28/88 [00:07<00:16,  3.67it/s, loss=0.306]
  epoch 3/3:  32%|███▏      | 28/88 [00:08<00:16,  3.67it/s, loss=0.302]
  epoch 3/3:  33%|███▎      | 29/88 [00:08<00:16,  3.69it/s, loss=0.302]
  epoch 3/3:  33%|███▎      | 29/88 [00:08<00:16,  3.69it/s, loss=0.301]
  epoch 3/3:  34%|███▍      | 30/88 [00:08<00:15,  3.67it/s, loss=0.301]
  epoch 3/3:  34%|███▍      | 30/88 [00:08<00:15,  3.67it/s, loss=0.302]
  epoch 3/3:  35%|███▌      | 31/88 [00:08<00:15,  3.69it/s, loss=0.302]
  epoch 3/3:  35%|███▌      | 31/88 [00:08<00:15,  3.69it/s, loss=0.298]
  epoch 3/3:  36%|███▋      | 32/88 [00:08<00:15,  3.71it/s, loss=0.298]
  epoch 3/3:  36%|███▋      | 32/88 [00:09<00:15,  3.71it/s, loss=0.300]
  epoch 3/3:  38%|███▊      | 33/88 [00:09<00:14,  3.70it/s, loss=0.300]
  epoch 3/3:  38%|███▊      | 33/88 [00:09<00:14,  3.70it/s, loss=0.299]
  epoch 3/3:  39%|███▊      | 34/88 [00:09<00:14,  3.70it/s, loss=0.299]
  epoch 3/3:  39%|███▊      | 34/88 [00:09<00:14,  3.70it/s, loss=0.298]
  epoch 3/3:  40%|███▉      | 35/88 [00:09<00:14,  3.72it/s, loss=0.298]
  epoch 3/3:  40%|███▉      | 35/88 [00:09<00:14,  3.72it/s, loss=0.296]
  epoch 3/3:  41%|████      | 36/88 [00:09<00:14,  3.71it/s, loss=0.296]
  epoch 3/3:  41%|████      | 36/88 [00:10<00:14,  3.71it/s, loss=0.296]
  epoch 3/3:  42%|████▏     | 37/88 [00:10<00:13,  3.68it/s, loss=0.296]
  epoch 3/3:  42%|████▏     | 37/88 [00:10<00:13,  3.68it/s, loss=0.295]
  epoch 3/3:  43%|████▎     | 38/88 [00:10<00:13,  3.69it/s, loss=0.295]
  epoch 3/3:  43%|████▎     | 38/88 [00:10<00:13,  3.69it/s, loss=0.292]
  epoch 3/3:  44%|████▍     | 39/88 [00:10<00:13,  3.69it/s, loss=0.292]
  epoch 3/3:  44%|████▍     | 39/88 [00:11<00:13,  3.69it/s, loss=0.289]
  epoch 3/3:  45%|████▌     | 40/88 [00:11<00:13,  3.66it/s, loss=0.289]
  epoch 3/3:  45%|████▌     | 40/88 [00:11<00:13,  3.66it/s, loss=0.289]
  epoch 3/3:  47%|████▋     | 41/88 [00:11<00:12,  3.68it/s, loss=0.289]
  epoch 3/3:  47%|████▋     | 41/88 [00:11<00:12,  3.68it/s, loss=0.289]
  epoch 3/3:  48%|████▊     | 42/88 [00:11<00:12,  3.69it/s, loss=0.289]
  epoch 3/3:  48%|████▊     | 42/88 [00:11<00:12,  3.69it/s, loss=0.290]
  epoch 3/3:  49%|████▉     | 43/88 [00:11<00:12,  3.71it/s, loss=0.290]
  epoch 3/3:  49%|████▉     | 43/88 [00:12<00:12,  3.71it/s, loss=0.290]
  epoch 3/3:  50%|█████     | 44/88 [00:12<00:11,  3.72it/s, loss=0.290]
  epoch 3/3:  50%|█████     | 44/88 [00:12<00:11,  3.72it/s, loss=0.286]
  epoch 3/3:  51%|█████     | 45/88 [00:12<00:11,  3.66it/s, loss=0.286]
  epoch 3/3:  51%|█████     | 45/88 [00:12<00:11,  3.66it/s, loss=0.282]
  epoch 3/3:  52%|█████▏    | 46/88 [00:12<00:11,  3.69it/s, loss=0.282]
  epoch 3/3:  52%|█████▏    | 46/88 [00:12<00:11,  3.69it/s, loss=0.281]
  epoch 3/3:  53%|█████▎    | 47/88 [00:12<00:11,  3.68it/s, loss=0.281]
  epoch 3/3:  53%|█████▎    | 47/88 [00:13<00:11,  3.68it/s, loss=0.279]
  epoch 3/3:  55%|█████▍    | 48/88 [00:13<00:10,  3.69it/s, loss=0.279]
  epoch 3/3:  55%|█████▍    | 48/88 [00:13<00:10,  3.69it/s, loss=0.278]
  epoch 3/3:  56%|█████▌    | 49/88 [00:13<00:10,  3.69it/s, loss=0.278]
  epoch 3/3:  56%|█████▌    | 49/88 [00:13<00:10,  3.69it/s, loss=0.279]
  epoch 3/3:  57%|█████▋    | 50/88 [00:13<00:10,  3.70it/s, loss=0.279]
  epoch 3/3:  57%|█████▋    | 50/88 [00:14<00:10,  3.70it/s, loss=0.278]
  epoch 3/3:  58%|█████▊    | 51/88 [00:14<00:09,  3.71it/s, loss=0.278]
  epoch 3/3:  58%|█████▊    | 51/88 [00:14<00:09,  3.71it/s, loss=0.279]
  epoch 3/3:  59%|█████▉    | 52/88 [00:14<00:09,  3.72it/s, loss=0.279]
  epoch 3/3:  59%|█████▉    | 52/88 [00:14<00:09,  3.72it/s, loss=0.278]
  epoch 3/3:  60%|██████    | 53/88 [00:14<00:09,  3.70it/s, loss=0.278]
  epoch 3/3:  60%|██████    | 53/88 [00:14<00:09,  3.70it/s, loss=0.277]
  epoch 3/3:  61%|██████▏   | 54/88 [00:14<00:09,  3.71it/s, loss=0.277]
  epoch 3/3:  61%|██████▏   | 54/88 [00:15<00:09,  3.71it/s, loss=0.275]
  epoch 3/3:  62%|██████▎   | 55/88 [00:15<00:08,  3.71it/s, loss=0.275]
  epoch 3/3:  62%|██████▎   | 55/88 [00:15<00:08,  3.71it/s, loss=0.274]
  epoch 3/3:  64%|██████▎   | 56/88 [00:15<00:08,  3.65it/s, loss=0.274]
  epoch 3/3:  64%|██████▎   | 56/88 [00:15<00:08,  3.65it/s, loss=0.272]
  epoch 3/3:  65%|██████▍   | 57/88 [00:15<00:08,  3.66it/s, loss=0.272]
  epoch 3/3:  65%|██████▍   | 57/88 [00:15<00:08,  3.66it/s, loss=0.272]
  epoch 3/3:  66%|██████▌   | 58/88 [00:15<00:08,  3.69it/s, loss=0.272]
  epoch 3/3:  66%|██████▌   | 58/88 [00:16<00:08,  3.69it/s, loss=0.271]
  epoch 3/3:  67%|██████▋   | 59/88 [00:16<00:07,  3.71it/s, loss=0.271]
  epoch 3/3:  67%|██████▋   | 59/88 [00:16<00:07,  3.71it/s, loss=0.270]
  epoch 3/3:  68%|██████▊   | 60/88 [00:16<00:07,  3.71it/s, loss=0.270]
  epoch 3/3:  68%|██████▊   | 60/88 [00:16<00:07,  3.71it/s, loss=0.269]
  epoch 3/3:  69%|██████▉   | 61/88 [00:16<00:07,  3.69it/s, loss=0.269]
  epoch 3/3:  69%|██████▉   | 61/88 [00:17<00:07,  3.69it/s, loss=0.269]
  epoch 3/3:  70%|███████   | 62/88 [00:17<00:07,  3.70it/s, loss=0.269]
  epoch 3/3:  70%|███████   | 62/88 [00:17<00:07,  3.70it/s, loss=0.267]
  epoch 3/3:  72%|███████▏  | 63/88 [00:17<00:06,  3.71it/s, loss=0.267]
  epoch 3/3:  72%|███████▏  | 63/88 [00:17<00:06,  3.71it/s, loss=0.265]
  epoch 3/3:  73%|███████▎  | 64/88 [00:17<00:06,  3.70it/s, loss=0.265]
  epoch 3/3:  73%|███████▎  | 64/88 [00:17<00:06,  3.70it/s, loss=0.264]
  epoch 3/3:  74%|███████▍  | 65/88 [00:17<00:06,  3.71it/s, loss=0.264]
  epoch 3/3:  74%|███████▍  | 65/88 [00:18<00:06,  3.71it/s, loss=0.262]
  epoch 3/3:  75%|███████▌  | 66/88 [00:18<00:05,  3.70it/s, loss=0.262]
  epoch 3/3:  75%|███████▌  | 66/88 [00:18<00:05,  3.70it/s, loss=0.259]
  epoch 3/3:  76%|███████▌  | 67/88 [00:18<00:05,  3.70it/s, loss=0.259]
  epoch 3/3:  76%|███████▌  | 67/88 [00:18<00:05,  3.70it/s, loss=0.259]
  epoch 3/3:  77%|███████▋  | 68/88 [00:18<00:05,  3.70it/s, loss=0.259]
  epoch 3/3:  77%|███████▋  | 68/88 [00:18<00:05,  3.70it/s, loss=0.258]
  epoch 3/3:  78%|███████▊  | 69/88 [00:18<00:05,  3.71it/s, loss=0.258]
  epoch 3/3:  78%|███████▊  | 69/88 [00:19<00:05,  3.71it/s, loss=0.258]
  epoch 3/3:  80%|███████▉  | 70/88 [00:19<00:04,  3.70it/s, loss=0.258]
  epoch 3/3:  80%|███████▉  | 70/88 [00:19<00:04,  3.70it/s, loss=0.256]
  epoch 3/3:  81%|████████  | 71/88 [00:19<00:04,  3.69it/s, loss=0.256]
  epoch 3/3:  81%|████████  | 71/88 [00:19<00:04,  3.69it/s, loss=0.255]
  epoch 3/3:  82%|████████▏ | 72/88 [00:19<00:04,  3.65it/s, loss=0.255]
  epoch 3/3:  82%|████████▏ | 72/88 [00:20<00:04,  3.65it/s, loss=0.255]
  epoch 3/3:  83%|████████▎ | 73/88 [00:20<00:04,  3.67it/s, loss=0.255]
  epoch 3/3:  83%|████████▎ | 73/88 [00:20<00:04,  3.67it/s, loss=0.254]
  epoch 3/3:  84%|████████▍ | 74/88 [00:20<00:03,  3.67it/s, loss=0.254]
  epoch 3/3:  84%|████████▍ | 74/88 [00:20<00:03,  3.67it/s, loss=0.253]
  epoch 3/3:  85%|████████▌ | 75/88 [00:20<00:03,  3.68it/s, loss=0.253]
  epoch 3/3:  85%|████████▌ | 75/88 [00:20<00:03,  3.68it/s, loss=0.252]
  epoch 3/3:  86%|████████▋ | 76/88 [00:20<00:03,  3.65it/s, loss=0.252]
  epoch 3/3:  86%|████████▋ | 76/88 [00:21<00:03,  3.65it/s, loss=0.251]
  epoch 3/3:  88%|████████▊ | 77/88 [00:21<00:03,  3.66it/s, loss=0.251]
  epoch 3/3:  88%|████████▊ | 77/88 [00:21<00:03,  3.66it/s, loss=0.250]
  epoch 3/3:  89%|████████▊ | 78/88 [00:21<00:02,  3.66it/s, loss=0.250]
  epoch 3/3:  89%|████████▊ | 78/88 [00:21<00:02,  3.66it/s, loss=0.250]
  epoch 3/3:  90%|████████▉ | 79/88 [00:21<00:02,  3.67it/s, loss=0.250]
  epoch 3/3:  90%|████████▉ | 79/88 [00:21<00:02,  3.67it/s, loss=0.249]
  epoch 3/3:  91%|█████████ | 80/88 [00:21<00:02,  3.66it/s, loss=0.249]
  epoch 3/3:  91%|█████████ | 80/88 [00:22<00:02,  3.66it/s, loss=0.248]
  epoch 3/3:  92%|█████████▏| 81/88 [00:22<00:01,  3.69it/s, loss=0.248]
  epoch 3/3:  92%|█████████▏| 81/88 [00:22<00:01,  3.69it/s, loss=0.248]
  epoch 3/3:  93%|█████████▎| 82/88 [00:22<00:01,  3.69it/s, loss=0.248]
  epoch 3/3:  93%|█████████▎| 82/88 [00:22<00:01,  3.69it/s, loss=0.249]
  epoch 3/3:  94%|█████████▍| 83/88 [00:22<00:01,  3.68it/s, loss=0.249]
  epoch 3/3:  94%|█████████▍| 83/88 [00:22<00:01,  3.68it/s, loss=0.249]
  epoch 3/3:  95%|█████████▌| 84/88 [00:22<00:01,  3.67it/s, loss=0.249]
  epoch 3/3:  95%|█████████▌| 84/88 [00:23<00:01,  3.67it/s, loss=0.248]
  epoch 3/3:  97%|█████████▋| 85/88 [00:23<00:00,  3.68it/s, loss=0.248]
  epoch 3/3:  97%|█████████▋| 85/88 [00:23<00:00,  3.68it/s, loss=0.248]
  epoch 3/3:  98%|█████████▊| 86/88 [00:23<00:00,  3.70it/s, loss=0.248]
  epoch 3/3:  98%|█████████▊| 86/88 [00:23<00:00,  3.70it/s, loss=0.246]
  epoch 3/3:  99%|█████████▉| 87/88 [00:23<00:00,  3.70it/s, loss=0.246]
  epoch 3/3:  99%|█████████▉| 87/88 [00:24<00:00,  3.70it/s, loss=0.245]
  epoch 3/3: 100%|██████████| 88/88 [00:24<00:00,  3.97it/s, loss=0.245]
                                                                        
[titans] reset=never | norm(state) sau task = 82.1401
[titans]   self-mod v:β=0.84 |W|=1.91
[titans]   eta_t(avg)=12.6203  alpha_t/forget-gate(avg)=0.9981
[task 3] test acc so far: 0.886  0.809  0.626  0.311
[task 3] NCM-blend gamma=0: 0.823  0.769  0.809  0.777
[task 3] NCM-blend gamma=1: 0.843  0.780  0.834  0.789
[checkpoint] đã lưu tiến độ sau task 3
[task 4] classes=[9, 17, 27, 35, 36] | train=2800

  epoch 1/3:   0%|          | 0/88 [00:00<?, ?it/s]
  epoch 1/3:   0%|          | 0/88 [00:00<?, ?it/s, loss=1.542]
  epoch 1/3:   1%|          | 1/88 [00:00<00:44,  1.95it/s, loss=1.542]
  epoch 1/3:   1%|          | 1/88 [00:00<00:44,  1.95it/s, loss=1.660]
  epoch 1/3:   2%|▏         | 2/88 [00:00<00:31,  2.71it/s, loss=1.660]
  epoch 1/3:   2%|▏         | 2/88 [00:01<00:31,  2.71it/s, loss=1.671]
  epoch 1/3:   3%|▎         | 3/88 [00:01<00:27,  3.09it/s, loss=1.671]
  epoch 1/3:   3%|▎         | 3/88 [00:01<00:27,  3.09it/s, loss=1.610]
  epoch 1/3:   5%|▍         | 4/88 [00:01<00:25,  3.32it/s, loss=1.610]
  epoch 1/3:   5%|▍         | 4/88 [00:01<00:25,  3.32it/s, loss=1.586]
  epoch 1/3:   6%|▌         | 5/88 [00:01<00:23,  3.47it/s, loss=1.586]
  epoch 1/3:   6%|▌         | 5/88 [00:01<00:23,  3.47it/s, loss=1.572]
  epoch 1/3:   7%|▋         | 6/88 [00:01<00:23,  3.55it/s, loss=1.572]
  epoch 1/3:   7%|▋         | 6/88 [00:02<00:23,  3.55it/s, loss=1.552]
  epoch 1/3:   8%|▊         | 7/88 [00:02<00:22,  3.60it/s, loss=1.552]
  epoch 1/3:   8%|▊         | 7/88 [00:02<00:22,  3.60it/s, loss=1.556]
  epoch 1/3:   9%|▉         | 8/88 [00:02<00:22,  3.63it/s, loss=1.556]
  epoch 1/3:   9%|▉         | 8/88 [00:02<00:22,  3.63it/s, loss=1.556]
  epoch 1/3:  10%|█         | 9/88 [00:02<00:21,  3.65it/s, loss=1.556]
  epoch 1/3:  10%|█         | 9/88 [00:02<00:21,  3.65it/s, loss=1.551]
  epoch 1/3:  11%|█▏        | 10/88 [00:02<00:21,  3.67it/s, loss=1.551]
  epoch 1/3:  11%|█▏        | 10/88 [00:03<00:21,  3.67it/s, loss=1.535]
  epoch 1/3:  12%|█▎        | 11/88 [00:03<00:20,  3.69it/s, loss=1.535]
  epoch 1/3:  12%|█▎        | 11/88 [00:03<00:20,  3.69it/s, loss=1.526]
  epoch 1/3:  14%|█▎        | 12/88 [00:03<00:20,  3.70it/s, loss=1.526]
  epoch 1/3:  14%|█▎        | 12/88 [00:03<00:20,  3.70it/s, loss=1.527]
  epoch 1/3:  15%|█▍        | 13/88 [00:03<00:20,  3.69it/s, loss=1.527]
  epoch 1/3:  15%|█▍        | 13/88 [00:04<00:20,  3.69it/s, loss=1.513]
  epoch 1/3:  16%|█▌        | 14/88 [00:04<00:19,  3.71it/s, loss=1.513]
  epoch 1/3:  16%|█▌        | 14/88 [00:04<00:19,  3.71it/s, loss=1.503]
  epoch 1/3:  17%|█▋        | 15/88 [00:04<00:19,  3.72it/s, loss=1.503]
  epoch 1/3:  17%|█▋        | 15/88 [00:04<00:19,  3.72it/s, loss=1.489]
  epoch 1/3:  18%|█▊        | 16/88 [00:04<00:19,  3.65it/s, loss=1.489]
  epoch 1/3:  18%|█▊        | 16/88 [00:04<00:19,  3.65it/s, loss=1.487]
  epoch 1/3:  19%|█▉        | 17/88 [00:04<00:19,  3.69it/s, loss=1.487]
  epoch 1/3:  19%|█▉        | 17/88 [00:05<00:19,  3.69it/s, loss=1.480]
  epoch 1/3:  20%|██        | 18/88 [00:05<00:18,  3.69it/s, loss=1.480]
  epoch 1/3:  20%|██        | 18/88 [00:05<00:18,  3.69it/s, loss=1.476]
  epoch 1/3:  22%|██▏       | 19/88 [00:05<00:18,  3.71it/s, loss=1.476]
  epoch 1/3:  22%|██▏       | 19/88 [00:05<00:18,  3.71it/s, loss=1.470]
  epoch 1/3:  23%|██▎       | 20/88 [00:05<00:18,  3.71it/s, loss=1.470]
  epoch 1/3:  23%|██▎       | 20/88 [00:05<00:18,  3.71it/s, loss=1.458]
  epoch 1/3:  24%|██▍       | 21/88 [00:05<00:18,  3.70it/s, loss=1.458]
  epoch 1/3:  24%|██▍       | 21/88 [00:06<00:18,  3.70it/s, loss=1.444]
  epoch 1/3:  25%|██▌       | 22/88 [00:06<00:17,  3.70it/s, loss=1.444]
  epoch 1/3:  25%|██▌       | 22/88 [00:06<00:17,  3.70it/s, loss=1.436]
  epoch 1/3:  26%|██▌       | 23/88 [00:06<00:17,  3.71it/s, loss=1.436]
  epoch 1/3:  26%|██▌       | 23/88 [00:06<00:17,  3.71it/s, loss=1.430]
  epoch 1/3:  27%|██▋       | 24/88 [00:06<00:17,  3.72it/s, loss=1.430]
  epoch 1/3:  27%|██▋       | 24/88 [00:06<00:17,  3.72it/s, loss=1.422]
  epoch 1/3:  28%|██▊       | 25/88 [00:06<00:16,  3.71it/s, loss=1.422]
  epoch 1/3:  28%|██▊       | 25/88 [00:07<00:16,  3.71it/s, loss=1.414]
  epoch 1/3:  30%|██▉       | 26/88 [00:07<00:16,  3.72it/s, loss=1.414]
  epoch 1/3:  30%|██▉       | 26/88 [00:07<00:16,  3.72it/s, loss=1.404]
  epoch 1/3:  31%|███       | 27/88 [00:07<00:16,  3.72it/s, loss=1.404]
  epoch 1/3:  31%|███       | 27/88 [00:07<00:16,  3.72it/s, loss=1.394]
  epoch 1/3:  32%|███▏      | 28/88 [00:07<00:16,  3.69it/s, loss=1.394]
  epoch 1/3:  32%|███▏      | 28/88 [00:08<00:16,  3.69it/s, loss=1.386]
  epoch 1/3:  33%|███▎      | 29/88 [00:08<00:15,  3.71it/s, loss=1.386]
  epoch 1/3:  33%|███▎      | 29/88 [00:08<00:15,  3.71it/s, loss=1.380]
  epoch 1/3:  34%|███▍      | 30/88 [00:08<00:15,  3.73it/s, loss=1.380]
  epoch 1/3:  34%|███▍      | 30/88 [00:08<00:15,  3.73it/s, loss=1.371]
  epoch 1/3:  35%|███▌      | 31/88 [00:08<00:15,  3.73it/s, loss=1.371]
  epoch 1/3:  35%|███▌      | 31/88 [00:08<00:15,  3.73it/s, loss=1.365]
  epoch 1/3:  36%|███▋      | 32/88 [00:08<00:15,  3.67it/s, loss=1.365]
  epoch 1/3:  36%|███▋      | 32/88 [00:09<00:15,  3.67it/s, loss=1.355]
  epoch 1/3:  38%|███▊      | 33/88 [00:09<00:14,  3.69it/s, loss=1.355]
  epoch 1/3:  38%|███▊      | 33/88 [00:09<00:14,  3.69it/s, loss=1.347]
  epoch 1/3:  39%|███▊      | 34/88 [00:09<00:14,  3.69it/s, loss=1.347]
  epoch 1/3:  39%|███▊      | 34/88 [00:09<00:14,  3.69it/s, loss=1.342]
  epoch 1/3:  40%|███▉      | 35/88 [00:09<00:14,  3.71it/s, loss=1.342]
  epoch 1/3:  40%|███▉      | 35/88 [00:09<00:14,  3.71it/s, loss=1.335]
  epoch 1/3:  41%|████      | 36/88 [00:09<00:13,  3.72it/s, loss=1.335]
  epoch 1/3:  41%|████      | 36/88 [00:10<00:13,  3.72it/s, loss=1.330]
  epoch 1/3:  42%|████▏     | 37/88 [00:10<00:13,  3.73it/s, loss=1.330]
  epoch 1/3:  42%|████▏     | 37/88 [00:10<00:13,  3.73it/s, loss=1.323]
  epoch 1/3:  43%|████▎     | 38/88 [00:10<00:13,  3.70it/s, loss=1.323]
  epoch 1/3:  43%|████▎     | 38/88 [00:10<00:13,  3.70it/s, loss=1.317]
  epoch 1/3:  44%|████▍     | 39/88 [00:10<00:13,  3.69it/s, loss=1.317]
  epoch 1/3:  44%|████▍     | 39/88 [00:11<00:13,  3.69it/s, loss=1.309]
  epoch 1/3:  45%|████▌     | 40/88 [00:11<00:12,  3.71it/s, loss=1.309]
  epoch 1/3:  45%|████▌     | 40/88 [00:11<00:12,  3.71it/s, loss=1.302]
  epoch 1/3:  47%|████▋     | 41/88 [00:11<00:17,  2.69it/s, loss=1.302]
  epoch 1/3:  47%|████▋     | 41/88 [00:11<00:17,  2.69it/s, loss=1.298]
  epoch 1/3:  48%|████▊     | 42/88 [00:11<00:15,  2.93it/s, loss=1.298]
  epoch 1/3:  48%|████▊     | 42/88 [00:12<00:15,  2.93it/s, loss=1.292]
  epoch 1/3:  49%|████▉     | 43/88 [00:12<00:14,  3.14it/s, loss=1.292]
  epoch 1/3:  49%|████▉     | 43/88 [00:12<00:14,  3.14it/s, loss=1.286]
  epoch 1/3:  50%|█████     | 44/88 [00:12<00:13,  3.31it/s, loss=1.286]
  epoch 1/3:  50%|█████     | 44/88 [00:12<00:13,  3.31it/s, loss=1.279]
  epoch 1/3:  51%|█████     | 45/88 [00:12<00:12,  3.43it/s, loss=1.279]
  epoch 1/3:  51%|█████     | 45/88 [00:12<00:12,  3.43it/s, loss=1.273]
  epoch 1/3:  52%|█████▏    | 46/88 [00:12<00:11,  3.52it/s, loss=1.273]
  epoch 1/3:  52%|█████▏    | 46/88 [00:13<00:11,  3.52it/s, loss=1.268]
  epoch 1/3:  53%|█████▎    | 47/88 [00:13<00:11,  3.58it/s, loss=1.268]
  epoch 1/3:  53%|█████▎    | 47/88 [00:13<00:11,  3.58it/s, loss=1.263]
  epoch 1/3:  55%|█████▍    | 48/88 [00:13<00:11,  3.58it/s, loss=1.263]
  epoch 1/3:  55%|█████▍    | 48/88 [00:13<00:11,  3.58it/s, loss=1.258]
  epoch 1/3:  56%|█████▌    | 49/88 [00:13<00:10,  3.61it/s, loss=1.258]
  epoch 1/3:  56%|█████▌    | 49/88 [00:14<00:10,  3.61it/s, loss=1.251]
  epoch 1/3:  57%|█████▋    | 50/88 [00:14<00:10,  3.65it/s, loss=1.251]
  epoch 1/3:  57%|█████▋    | 50/88 [00:14<00:10,  3.65it/s, loss=1.243]
  epoch 1/3:  58%|█████▊    | 51/88 [00:14<00:10,  3.68it/s, loss=1.243]
  epoch 1/3:  58%|█████▊    | 51/88 [00:14<00:10,  3.68it/s, loss=1.236]
  epoch 1/3:  59%|█████▉    | 52/88 [00:14<00:09,  3.70it/s, loss=1.236]
  epoch 1/3:  59%|█████▉    | 52/88 [00:14<00:09,  3.70it/s, loss=1.229]
  epoch 1/3:  60%|██████    | 53/88 [00:14<00:09,  3.69it/s, loss=1.229]
  epoch 1/3:  60%|██████    | 53/88 [00:15<00:09,  3.69it/s, loss=1.222]
  epoch 1/3:  61%|██████▏   | 54/88 [00:15<00:09,  3.71it/s, loss=1.222]
  epoch 1/3:  61%|██████▏   | 54/88 [00:15<00:09,  3.71it/s, loss=1.215]
  epoch 1/3:  62%|██████▎   | 55/88 [00:15<00:08,  3.72it/s, loss=1.215]
  epoch 1/3:  62%|██████▎   | 55/88 [00:15<00:08,  3.72it/s, loss=1.207]
  epoch 1/3:  64%|██████▎   | 56/88 [00:15<00:08,  3.74it/s, loss=1.207]
  epoch 1/3:  64%|██████▎   | 56/88 [00:15<00:08,  3.74it/s, loss=1.201]
  epoch 1/3:  65%|██████▍   | 57/88 [00:15<00:08,  3.71it/s, loss=1.201]
  epoch 1/3:  65%|██████▍   | 57/88 [00:16<00:08,  3.71it/s, loss=1.193]
  epoch 1/3:  66%|██████▌   | 58/88 [00:16<00:08,  3.72it/s, loss=1.193]
  epoch 1/3:  66%|██████▌   | 58/88 [00:16<00:08,  3.72it/s, loss=1.187]
  epoch 1/3:  67%|██████▋   | 59/88 [00:16<00:07,  3.73it/s, loss=1.187]
  epoch 1/3:  67%|██████▋   | 59/88 [00:16<00:07,  3.73it/s, loss=1.180]
  epoch 1/3:  68%|██████▊   | 60/88 [00:16<00:07,  3.71it/s, loss=1.180]
  epoch 1/3:  68%|██████▊   | 60/88 [00:17<00:07,  3.71it/s, loss=1.174]
  epoch 1/3:  69%|██████▉   | 61/88 [00:17<00:07,  3.70it/s, loss=1.174]
  epoch 1/3:  69%|██████▉   | 61/88 [00:17<00:07,  3.70it/s, loss=1.167]
  epoch 1/3:  70%|███████   | 62/88 [00:17<00:06,  3.72it/s, loss=1.167]
  epoch 1/3:  70%|███████   | 62/88 [00:17<00:06,  3.72it/s, loss=1.160]
  epoch 1/3:  72%|███████▏  | 63/88 [00:17<00:06,  3.71it/s, loss=1.160]
  epoch 1/3:  72%|███████▏  | 63/88 [00:17<00:06,  3.71it/s, loss=1.157]
  epoch 1/3:  73%|███████▎  | 64/88 [00:17<00:06,  3.67it/s, loss=1.157]
  epoch 1/3:  73%|███████▎  | 64/88 [00:18<00:06,  3.67it/s, loss=1.152]
  epoch 1/3:  74%|███████▍  | 65/88 [00:18<00:06,  3.69it/s, loss=1.152]
  epoch 1/3:  74%|███████▍  | 65/88 [00:18<00:06,  3.69it/s, loss=1.145]
  epoch 1/3:  75%|███████▌  | 66/88 [00:18<00:05,  3.68it/s, loss=1.145]
  epoch 1/3:  75%|███████▌  | 66/88 [00:18<00:05,  3.68it/s, loss=1.138]
  epoch 1/3:  76%|███████▌  | 67/88 [00:18<00:05,  3.70it/s, loss=1.138]
  epoch 1/3:  76%|███████▌  | 67/88 [00:18<00:05,  3.70it/s, loss=1.130]
  epoch 1/3:  77%|███████▋  | 68/88 [00:18<00:05,  3.72it/s, loss=1.130]
  epoch 1/3:  77%|███████▋  | 68/88 [00:19<00:05,  3.72it/s, loss=1.124]
  epoch 1/3:  78%|███████▊  | 69/88 [00:19<00:05,  3.72it/s, loss=1.124]
  epoch 1/3:  78%|███████▊  | 69/88 [00:19<00:05,  3.72it/s, loss=1.117]
  epoch 1/3:  80%|███████▉  | 70/88 [00:19<00:04,  3.69it/s, loss=1.117]
  epoch 1/3:  80%|███████▉  | 70/88 [00:19<00:04,  3.69it/s, loss=1.112]
  epoch 1/3:  81%|████████  | 71/88 [00:19<00:04,  3.71it/s, loss=1.112]
  epoch 1/3:  81%|████████  | 71/88 [00:19<00:04,  3.71it/s, loss=1.106]
  epoch 1/3:  82%|████████▏ | 72/88 [00:19<00:04,  3.71it/s, loss=1.106]
  epoch 1/3:  82%|████████▏ | 72/88 [00:20<00:04,  3.71it/s, loss=1.100]
  epoch 1/3:  83%|████████▎ | 73/88 [00:20<00:04,  3.71it/s, loss=1.100]
  epoch 1/3:  83%|████████▎ | 73/88 [00:20<00:04,  3.71it/s, loss=1.092]
  epoch 1/3:  84%|████████▍ | 74/88 [00:20<00:03,  3.72it/s, loss=1.092]
  epoch 1/3:  84%|████████▍ | 74/88 [00:20<00:03,  3.72it/s, loss=1.087]
  epoch 1/3:  85%|████████▌ | 75/88 [00:20<00:03,  3.72it/s, loss=1.087]
  epoch 1/3:  85%|████████▌ | 75/88 [00:21<00:03,  3.72it/s, loss=1.081]
  epoch 1/3:  86%|████████▋ | 76/88 [00:21<00:03,  3.72it/s, loss=1.081]
  epoch 1/3:  86%|████████▋ | 76/88 [00:21<00:03,  3.72it/s, loss=1.076]
  epoch 1/3:  88%|████████▊ | 77/88 [00:21<00:02,  3.70it/s, loss=1.076]
  epoch 1/3:  88%|████████▊ | 77/88 [00:21<00:02,  3.70it/s, loss=1.071]
  epoch 1/3:  89%|████████▊ | 78/88 [00:21<00:02,  3.70it/s, loss=1.071]
  epoch 1/3:  89%|████████▊ | 78/88 [00:21<00:02,  3.70it/s, loss=1.064]
  epoch 1/3:  90%|████████▉ | 79/88 [00:21<00:02,  3.70it/s, loss=1.064]
  epoch 1/3:  90%|████████▉ | 79/88 [00:22<00:02,  3.70it/s, loss=1.057]
  epoch 1/3:  91%|█████████ | 80/88 [00:22<00:02,  3.66it/s, loss=1.057]
  epoch 1/3:  91%|█████████ | 80/88 [00:22<00:02,  3.66it/s, loss=1.052]
  epoch 1/3:  92%|█████████▏| 81/88 [00:22<00:01,  3.66it/s, loss=1.052]
  epoch 1/3:  92%|█████████▏| 81/88 [00:22<00:01,  3.66it/s, loss=1.046]
  epoch 1/3:  93%|█████████▎| 82/88 [00:22<00:01,  3.69it/s, loss=1.046]
  epoch 1/3:  93%|█████████▎| 82/88 [00:22<00:01,  3.69it/s, loss=1.041]
  epoch 1/3:  94%|█████████▍| 83/88 [00:22<00:01,  3.70it/s, loss=1.041]
  epoch 1/3:  94%|█████████▍| 83/88 [00:23<00:01,  3.70it/s, loss=1.036]
  epoch 1/3:  95%|█████████▌| 84/88 [00:23<00:01,  3.69it/s, loss=1.036]
  epoch 1/3:  95%|█████████▌| 84/88 [00:23<00:01,  3.69it/s, loss=1.031]
  epoch 1/3:  97%|█████████▋| 85/88 [00:23<00:00,  3.71it/s, loss=1.031]
  epoch 1/3:  97%|█████████▋| 85/88 [00:23<00:00,  3.71it/s, loss=1.026]
  epoch 1/3:  98%|█████████▊| 86/88 [00:23<00:00,  3.72it/s, loss=1.026]
  epoch 1/3:  98%|█████████▊| 86/88 [00:24<00:00,  3.72it/s, loss=1.021]
  epoch 1/3:  99%|█████████▉| 87/88 [00:24<00:00,  3.71it/s, loss=1.021]
  epoch 1/3:  99%|█████████▉| 87/88 [00:24<00:00,  3.71it/s, loss=1.019]
  epoch 1/3: 100%|██████████| 88/88 [00:24<00:00,  4.04it/s, loss=1.019]
                                                                        

  epoch 2/3:   0%|          | 0/88 [00:00<?, ?it/s]
  epoch 2/3:   0%|          | 0/88 [00:00<?, ?it/s, loss=0.538]
  epoch 2/3:   1%|          | 1/88 [00:00<00:44,  1.95it/s, loss=0.538]
  epoch 2/3:   1%|          | 1/88 [00:00<00:44,  1.95it/s, loss=0.503]
  epoch 2/3:   2%|▏         | 2/88 [00:00<00:31,  2.71it/s, loss=0.503]
  epoch 2/3:   2%|▏         | 2/88 [00:01<00:31,  2.71it/s, loss=0.537]
  epoch 2/3:   3%|▎         | 3/88 [00:01<00:27,  3.09it/s, loss=0.537]
  epoch 2/3:   3%|▎         | 3/88 [00:01<00:27,  3.09it/s, loss=0.529]
  epoch 2/3:   5%|▍         | 4/88 [00:01<00:25,  3.30it/s, loss=0.529]
  epoch 2/3:   5%|▍         | 4/88 [00:01<00:25,  3.30it/s, loss=0.542]
  epoch 2/3:   6%|▌         | 5/88 [00:01<00:24,  3.45it/s, loss=0.542]
  epoch 2/3:   6%|▌         | 5/88 [00:01<00:24,  3.45it/s, loss=0.533]
  epoch 2/3:   7%|▋         | 6/88 [00:01<00:23,  3.53it/s, loss=0.533]
  epoch 2/3:   7%|▋         | 6/88 [00:02<00:23,  3.53it/s, loss=0.535]
  epoch 2/3:   8%|▊         | 7/88 [00:02<00:22,  3.56it/s, loss=0.535]
  epoch 2/3:   8%|▊         | 7/88 [00:02<00:22,  3.56it/s, loss=0.549]
  epoch 2/3:   9%|▉         | 8/88 [00:02<00:22,  3.57it/s, loss=0.549]
  epoch 2/3:   9%|▉         | 8/88 [00:02<00:22,  3.57it/s, loss=0.542]
  epoch 2/3:  10%|█         | 9/88 [00:02<00:21,  3.61it/s, loss=0.542]
  epoch 2/3:  10%|█         | 9/88 [00:02<00:21,  3.61it/s, loss=0.536]
  epoch 2/3:  11%|█▏        | 10/88 [00:02<00:21,  3.66it/s, loss=0.536]
  epoch 2/3:  11%|█▏        | 10/88 [00:03<00:21,  3.66it/s, loss=0.539]
  epoch 2/3:  12%|█▎        | 11/88 [00:03<00:21,  3.66it/s, loss=0.539]
  epoch 2/3:  12%|█▎        | 11/88 [00:03<00:21,  3.66it/s, loss=0.538]
  epoch 2/3:  14%|█▎        | 12/88 [00:03<00:20,  3.69it/s, loss=0.538]
  epoch 2/3:  14%|█▎        | 12/88 [00:03<00:20,  3.69it/s, loss=0.536]
  epoch 2/3:  15%|█▍        | 13/88 [00:03<00:20,  3.69it/s, loss=0.536]
  epoch 2/3:  15%|█▍        | 13/88 [00:04<00:20,  3.69it/s, loss=0.538]
  epoch 2/3:  16%|█▌        | 14/88 [00:04<00:19,  3.71it/s, loss=0.538]
  epoch 2/3:  16%|█▌        | 14/88 [00:04<00:19,  3.71it/s, loss=0.533]
  epoch 2/3:  17%|█▋        | 15/88 [00:04<00:19,  3.70it/s, loss=0.533]
  epoch 2/3:  17%|█▋        | 15/88 [00:04<00:19,  3.70it/s, loss=0.536]
  epoch 2/3:  18%|█▊        | 16/88 [00:04<00:19,  3.70it/s, loss=0.536]
  epoch 2/3:  18%|█▊        | 16/88 [00:04<00:19,  3.70it/s, loss=0.534]
  epoch 2/3:  19%|█▉        | 17/88 [00:04<00:19,  3.72it/s, loss=0.534]
  epoch 2/3:  19%|█▉        | 17/88 [00:05<00:19,  3.72it/s, loss=0.528]
  epoch 2/3:  20%|██        | 18/88 [00:05<00:18,  3.73it/s, loss=0.528]
  epoch 2/3:  20%|██        | 18/88 [00:05<00:18,  3.73it/s, loss=0.525]
  epoch 2/3:  22%|██▏       | 19/88 [00:05<00:18,  3.73it/s, loss=0.525]
  epoch 2/3:  22%|██▏       | 19/88 [00:05<00:18,  3.73it/s, loss=0.518]
  epoch 2/3:  23%|██▎       | 20/88 [00:05<00:18,  3.71it/s, loss=0.518]
  epoch 2/3:  23%|██▎       | 20/88 [00:05<00:18,  3.71it/s, loss=0.513]
  epoch 2/3:  24%|██▍       | 21/88 [00:05<00:18,  3.72it/s, loss=0.513]
  epoch 2/3:  24%|██▍       | 21/88 [00:06<00:18,  3.72it/s, loss=0.511]
  epoch 2/3:  25%|██▌       | 22/88 [00:06<00:17,  3.73it/s, loss=0.511]
  epoch 2/3:  25%|██▌       | 22/88 [00:06<00:17,  3.73it/s, loss=0.504]
  epoch 2/3:  26%|██▌       | 23/88 [00:06<00:17,  3.72it/s, loss=0.504]
  epoch 2/3:  26%|██▌       | 23/88 [00:06<00:17,  3.72it/s, loss=0.498]
  epoch 2/3:  27%|██▋       | 24/88 [00:06<00:17,  3.68it/s, loss=0.498]
  epoch 2/3:  27%|██▋       | 24/88 [00:06<00:17,  3.68it/s, loss=0.496]
  epoch 2/3:  28%|██▊       | 25/88 [00:06<00:16,  3.71it/s, loss=0.496]
  epoch 2/3:  28%|██▊       | 25/88 [00:07<00:16,  3.71it/s, loss=0.491]
  epoch 2/3:  30%|██▉       | 26/88 [00:07<00:16,  3.71it/s, loss=0.491]
  epoch 2/3:  30%|██▉       | 26/88 [00:07<00:16,  3.71it/s, loss=0.484]
  epoch 2/3:  31%|███       | 27/88 [00:07<00:16,  3.72it/s, loss=0.484]
  epoch 2/3:  31%|███       | 27/88 [00:07<00:16,  3.72it/s, loss=0.482]
  epoch 2/3:  32%|███▏      | 28/88 [00:07<00:16,  3.72it/s, loss=0.482]
  epoch 2/3:  32%|███▏      | 28/88 [00:08<00:16,  3.72it/s, loss=0.481]
  epoch 2/3:  33%|███▎      | 29/88 [00:08<00:15,  3.72it/s, loss=0.481]
  epoch 2/3:  33%|███▎      | 29/88 [00:08<00:15,  3.72it/s, loss=0.477]
  epoch 2/3:  34%|███▍      | 30/88 [00:08<00:15,  3.71it/s, loss=0.477]
  epoch 2/3:  34%|███▍      | 30/88 [00:08<00:15,  3.71it/s, loss=0.473]
  epoch 2/3:  35%|███▌      | 31/88 [00:08<00:15,  3.71it/s, loss=0.473]
  epoch 2/3:  35%|███▌      | 31/88 [00:08<00:15,  3.71it/s, loss=0.468]
  epoch 2/3:  36%|███▋      | 32/88 [00:08<00:15,  3.71it/s, loss=0.468]
  epoch 2/3:  36%|███▋      | 32/88 [00:09<00:15,  3.71it/s, loss=0.467]
  epoch 2/3:  38%|███▊      | 33/88 [00:09<00:14,  3.71it/s, loss=0.467]
  epoch 2/3:  38%|███▊      | 33/88 [00:09<00:14,  3.71it/s, loss=0.467]
  epoch 2/3:  39%|███▊      | 34/88 [00:09<00:14,  3.70it/s, loss=0.467]
  epoch 2/3:  39%|███▊      | 34/88 [00:09<00:14,  3.70it/s, loss=0.463]
  epoch 2/3:  40%|███▉      | 35/88 [00:09<00:14,  3.71it/s, loss=0.463]
  epoch 2/3:  40%|███▉      | 35/88 [00:09<00:14,  3.71it/s, loss=0.463]
  epoch 2/3:  41%|████      | 36/88 [00:09<00:13,  3.73it/s, loss=0.463]
  epoch 2/3:  41%|████      | 36/88 [00:10<00:13,  3.73it/s, loss=0.462]
  epoch 2/3:  42%|████▏     | 37/88 [00:10<00:13,  3.70it/s, loss=0.462]
  epoch 2/3:  42%|████▏     | 37/88 [00:10<00:13,  3.70it/s, loss=0.458]
  epoch 2/3:  43%|████▎     | 38/88 [00:10<00:13,  3.71it/s, loss=0.458]
  epoch 2/3:  43%|████▎     | 38/88 [00:10<00:13,  3.71it/s, loss=0.457]
  epoch 2/3:  44%|████▍     | 39/88 [00:10<00:13,  3.74it/s, loss=0.457]
  epoch 2/3:  44%|████▍     | 39/88 [00:11<00:13,  3.74it/s, loss=0.455]
  epoch 2/3:  45%|████▌     | 40/88 [00:11<00:13,  3.68it/s, loss=0.455]
  epoch 2/3:  45%|████▌     | 40/88 [00:11<00:13,  3.68it/s, loss=0.451]
  epoch 2/3:  47%|████▋     | 41/88 [00:11<00:12,  3.70it/s, loss=0.451]
  epoch 2/3:  47%|████▋     | 41/88 [00:11<00:12,  3.70it/s, loss=0.448]
  epoch 2/3:  48%|████▊     | 42/88 [00:11<00:12,  3.73it/s, loss=0.448]
  epoch 2/3:  48%|████▊     | 42/88 [00:11<00:12,  3.73it/s, loss=0.444]
  epoch 2/3:  49%|████▉     | 43/88 [00:11<00:12,  3.73it/s, loss=0.444]
  epoch 2/3:  49%|████▉     | 43/88 [00:12<00:12,  3.73it/s, loss=0.439]
  epoch 2/3:  50%|█████     | 44/88 [00:12<00:11,  3.74it/s, loss=0.439]
  epoch 2/3:  50%|█████     | 44/88 [00:12<00:11,  3.74it/s, loss=0.438]
  epoch 2/3:  51%|█████     | 45/88 [00:12<00:11,  3.72it/s, loss=0.438]
  epoch 2/3:  51%|█████     | 45/88 [00:12<00:11,  3.72it/s, loss=0.437]
  epoch 2/3:  52%|█████▏    | 46/88 [00:12<00:11,  3.72it/s, loss=0.437]
  epoch 2/3:  52%|█████▏    | 46/88 [00:12<00:11,  3.72it/s, loss=0.434]
  epoch 2/3:  53%|█████▎    | 47/88 [00:12<00:10,  3.74it/s, loss=0.434]
  epoch 2/3:  53%|█████▎    | 47/88 [00:13<00:10,  3.74it/s, loss=0.433]
  epoch 2/3:  55%|█████▍    | 48/88 [00:13<00:10,  3.74it/s, loss=0.433]
  epoch 2/3:  55%|█████▍    | 48/88 [00:13<00:10,  3.74it/s, loss=0.433]
  epoch 2/3:  56%|█████▌    | 49/88 [00:13<00:10,  3.73it/s, loss=0.433]
  epoch 2/3:  56%|█████▌    | 49/88 [00:13<00:10,  3.73it/s, loss=0.429]
  epoch 2/3:  57%|█████▋    | 50/88 [00:13<00:10,  3.71it/s, loss=0.429]
  epoch 2/3:  57%|█████▋    | 50/88 [00:13<00:10,  3.71it/s, loss=0.427]
  epoch 2/3:  58%|█████▊    | 51/88 [00:13<00:09,  3.72it/s, loss=0.427]
  epoch 2/3:  58%|█████▊    | 51/88 [00:14<00:09,  3.72it/s, loss=0.426]
  epoch 2/3:  59%|█████▉    | 52/88 [00:14<00:09,  3.72it/s, loss=0.426]
  epoch 2/3:  59%|█████▉    | 52/88 [00:14<00:09,  3.72it/s, loss=0.422]
  epoch 2/3:  60%|██████    | 53/88 [00:14<00:09,  3.71it/s, loss=0.422]
  epoch 2/3:  60%|██████    | 53/88 [00:14<00:09,  3.71it/s, loss=0.421]
  epoch 2/3:  61%|██████▏   | 54/88 [00:14<00:09,  3.72it/s, loss=0.421]
  epoch 2/3:  61%|██████▏   | 54/88 [00:15<00:09,  3.72it/s, loss=0.420]
  epoch 2/3:  62%|██████▎   | 55/88 [00:15<00:08,  3.71it/s, loss=0.420]
  epoch 2/3:  62%|██████▎   | 55/88 [00:15<00:08,  3.71it/s, loss=0.418]
  epoch 2/3:  64%|██████▎   | 56/88 [00:15<00:08,  3.67it/s, loss=0.418]
  epoch 2/3:  64%|██████▎   | 56/88 [00:15<00:08,  3.67it/s, loss=0.416]
  epoch 2/3:  65%|██████▍   | 57/88 [00:15<00:08,  3.67it/s, loss=0.416]
  epoch 2/3:  65%|██████▍   | 57/88 [00:15<00:08,  3.67it/s, loss=0.414]
  epoch 2/3:  66%|██████▌   | 58/88 [00:15<00:08,  3.67it/s, loss=0.414]
  epoch 2/3:  66%|██████▌   | 58/88 [00:16<00:08,  3.67it/s, loss=0.412]
  epoch 2/3:  67%|██████▋   | 59/88 [00:16<00:07,  3.70it/s, loss=0.412]
  epoch 2/3:  67%|██████▋   | 59/88 [00:16<00:07,  3.70it/s, loss=0.409]
  epoch 2/3:  68%|██████▊   | 60/88 [00:16<00:07,  3.70it/s, loss=0.409]
  epoch 2/3:  68%|██████▊   | 60/88 [00:16<00:07,  3.70it/s, loss=0.407]
  epoch 2/3:  69%|██████▉   | 61/88 [00:16<00:07,  3.70it/s, loss=0.407]
  epoch 2/3:  69%|██████▉   | 61/88 [00:16<00:07,  3.70it/s, loss=0.406]
  epoch 2/3:  70%|███████   | 62/88 [00:16<00:07,  3.70it/s, loss=0.406]
  epoch 2/3:  70%|███████   | 62/88 [00:17<00:07,  3.70it/s, loss=0.403]
  epoch 2/3:  72%|███████▏  | 63/88 [00:17<00:06,  3.72it/s, loss=0.403]
  epoch 2/3:  72%|███████▏  | 63/88 [00:17<00:06,  3.72it/s, loss=0.402]
  epoch 2/3:  73%|███████▎  | 64/88 [00:17<00:06,  3.71it/s, loss=0.402]
  epoch 2/3:  73%|███████▎  | 64/88 [00:17<00:06,  3.71it/s, loss=0.402]
  epoch 2/3:  74%|███████▍  | 65/88 [00:17<00:06,  3.69it/s, loss=0.402]
  epoch 2/3:  74%|███████▍  | 65/88 [00:18<00:06,  3.69it/s, loss=0.400]
  epoch 2/3:  75%|███████▌  | 66/88 [00:18<00:05,  3.72it/s, loss=0.400]
  epoch 2/3:  75%|███████▌  | 66/88 [00:18<00:05,  3.72it/s, loss=0.399]
  epoch 2/3:  76%|███████▌  | 67/88 [00:18<00:05,  3.71it/s, loss=0.399]
  epoch 2/3:  76%|███████▌  | 67/88 [00:18<00:05,  3.71it/s, loss=0.396]
  epoch 2/3:  77%|███████▋  | 68/88 [00:18<00:05,  3.69it/s, loss=0.396]
  epoch 2/3:  77%|███████▋  | 68/88 [00:18<00:05,  3.69it/s, loss=0.393]
  epoch 2/3:  78%|███████▊  | 69/88 [00:18<00:05,  3.70it/s, loss=0.393]
  epoch 2/3:  78%|███████▊  | 69/88 [00:19<00:05,  3.70it/s, loss=0.393]
  epoch 2/3:  80%|███████▉  | 70/88 [00:19<00:04,  3.70it/s, loss=0.393]
  epoch 2/3:  80%|███████▉  | 70/88 [00:19<00:04,  3.70it/s, loss=0.391]
  epoch 2/3:  81%|████████  | 71/88 [00:19<00:04,  3.70it/s, loss=0.391]
  epoch 2/3:  81%|████████  | 71/88 [00:19<00:04,  3.70it/s, loss=0.390]
  epoch 2/3:  82%|████████▏ | 72/88 [00:19<00:04,  3.64it/s, loss=0.390]
  epoch 2/3:  82%|████████▏ | 72/88 [00:19<00:04,  3.64it/s, loss=0.388]
  epoch 2/3:  83%|████████▎ | 73/88 [00:19<00:04,  3.67it/s, loss=0.388]
  epoch 2/3:  83%|████████▎ | 73/88 [00:20<00:04,  3.67it/s, loss=0.387]
  epoch 2/3:  84%|████████▍ | 74/88 [00:20<00:03,  3.64it/s, loss=0.387]
  epoch 2/3:  84%|████████▍ | 74/88 [00:20<00:03,  3.64it/s, loss=0.385]
  epoch 2/3:  85%|████████▌ | 75/88 [00:20<00:03,  3.67it/s, loss=0.385]
  epoch 2/3:  85%|████████▌ | 75/88 [00:20<00:03,  3.67it/s, loss=0.383]
  epoch 2/3:  86%|████████▋ | 76/88 [00:20<00:03,  3.64it/s, loss=0.383]
  epoch 2/3:  86%|████████▋ | 76/88 [00:21<00:03,  3.64it/s, loss=0.381]
  epoch 2/3:  88%|████████▊ | 77/88 [00:21<00:02,  3.67it/s, loss=0.381]
  epoch 2/3:  88%|████████▊ | 77/88 [00:21<00:02,  3.67it/s, loss=0.379]
  epoch 2/3:  89%|████████▊ | 78/88 [00:21<00:02,  3.70it/s, loss=0.379]
  epoch 2/3:  89%|████████▊ | 78/88 [00:21<00:02,  3.70it/s, loss=0.377]
  epoch 2/3:  90%|████████▉ | 79/88 [00:21<00:02,  3.70it/s, loss=0.377]
  epoch 2/3:  90%|████████▉ | 79/88 [00:21<00:02,  3.70it/s, loss=0.375]
  epoch 2/3:  91%|█████████ | 80/88 [00:21<00:02,  3.69it/s, loss=0.375]
  epoch 2/3:  91%|█████████ | 80/88 [00:22<00:02,  3.69it/s, loss=0.373]
  epoch 2/3:  92%|█████████▏| 81/88 [00:22<00:01,  3.71it/s, loss=0.373]
  epoch 2/3:  92%|█████████▏| 81/88 [00:22<00:01,  3.71it/s, loss=0.373]
  epoch 2/3:  93%|█████████▎| 82/88 [00:22<00:01,  3.70it/s, loss=0.373]
  epoch 2/3:  93%|█████████▎| 82/88 [00:22<00:01,  3.70it/s, loss=0.370]
  epoch 2/3:  94%|█████████▍| 83/88 [00:22<00:01,  3.70it/s, loss=0.370]
  epoch 2/3:  94%|█████████▍| 83/88 [00:22<00:01,  3.70it/s, loss=0.368]
  epoch 2/3:  95%|█████████▌| 84/88 [00:22<00:01,  3.70it/s, loss=0.368]
  epoch 2/3:  95%|█████████▌| 84/88 [00:23<00:01,  3.70it/s, loss=0.366]
  epoch 2/3:  97%|█████████▋| 85/88 [00:23<00:00,  3.68it/s, loss=0.366]
  epoch 2/3:  97%|█████████▋| 85/88 [00:23<00:00,  3.68it/s, loss=0.364]
  epoch 2/3:  98%|█████████▊| 86/88 [00:23<00:00,  3.69it/s, loss=0.364]
  epoch 2/3:  98%|█████████▊| 86/88 [00:23<00:00,  3.69it/s, loss=0.362]
  epoch 2/3:  99%|█████████▉| 87/88 [00:23<00:00,  3.69it/s, loss=0.362]
  epoch 2/3:  99%|█████████▉| 87/88 [00:23<00:00,  3.69it/s, loss=0.361]
  epoch 2/3: 100%|██████████| 88/88 [00:23<00:00,  3.97it/s, loss=0.361]
                                                                        

  epoch 3/3:   0%|          | 0/88 [00:00<?, ?it/s]
  epoch 3/3:   0%|          | 0/88 [00:00<?, ?it/s, loss=0.221]
  epoch 3/3:   1%|          | 1/88 [00:00<00:44,  1.94it/s, loss=0.221]
  epoch 3/3:   1%|          | 1/88 [00:00<00:44,  1.94it/s, loss=0.256]
  epoch 3/3:   2%|▏         | 2/88 [00:00<00:31,  2.70it/s, loss=0.256]
  epoch 3/3:   2%|▏         | 2/88 [00:01<00:31,  2.70it/s, loss=0.252]
  epoch 3/3:   3%|▎         | 3/88 [00:01<00:27,  3.07it/s, loss=0.252]
  epoch 3/3:   3%|▎         | 3/88 [00:01<00:27,  3.07it/s, loss=0.241]
  epoch 3/3:   5%|▍         | 4/88 [00:01<00:25,  3.28it/s, loss=0.241]
  epoch 3/3:   5%|▍         | 4/88 [00:01<00:25,  3.28it/s, loss=0.234]
  epoch 3/3:   6%|▌         | 5/88 [00:01<00:24,  3.44it/s, loss=0.234]
  epoch 3/3:   6%|▌         | 5/88 [00:01<00:24,  3.44it/s, loss=0.227]
  epoch 3/3:   7%|▋         | 6/88 [00:01<00:23,  3.53it/s, loss=0.227]
  epoch 3/3:   7%|▋         | 6/88 [00:02<00:23,  3.53it/s, loss=0.226]
  epoch 3/3:   8%|▊         | 7/88 [00:02<00:22,  3.58it/s, loss=0.226]
  epoch 3/3:   8%|▊         | 7/88 [00:02<00:22,  3.58it/s, loss=0.233]
  epoch 3/3:   9%|▉         | 8/88 [00:02<00:22,  3.62it/s, loss=0.233]
  epoch 3/3:   9%|▉         | 8/88 [00:02<00:22,  3.62it/s, loss=0.239]
  epoch 3/3:  10%|█         | 9/88 [00:02<00:21,  3.66it/s, loss=0.239]
  epoch 3/3:  10%|█         | 9/88 [00:02<00:21,  3.66it/s, loss=0.241]
  epoch 3/3:  11%|█▏        | 10/88 [00:02<00:21,  3.66it/s, loss=0.241]
  epoch 3/3:  11%|█▏        | 10/88 [00:03<00:21,  3.66it/s, loss=0.233]
  epoch 3/3:  12%|█▎        | 11/88 [00:03<00:20,  3.69it/s, loss=0.233]
  epoch 3/3:  12%|█▎        | 11/88 [00:03<00:20,  3.69it/s, loss=0.221]
  epoch 3/3:  14%|█▎        | 12/88 [00:03<00:20,  3.68it/s, loss=0.221]
  epoch 3/3:  14%|█▎        | 12/88 [00:03<00:20,  3.68it/s, loss=0.232]
  epoch 3/3:  15%|█▍        | 13/88 [00:03<00:20,  3.67it/s, loss=0.232]
  epoch 3/3:  15%|█▍        | 13/88 [00:04<00:20,  3.67it/s, loss=0.227]
  epoch 3/3:  16%|█▌        | 14/88 [00:04<00:19,  3.70it/s, loss=0.227]
  epoch 3/3:  16%|█▌        | 14/88 [00:04<00:19,  3.70it/s, loss=0.226]
  epoch 3/3:  17%|█▋        | 15/88 [00:04<00:19,  3.71it/s, loss=0.226]
  epoch 3/3:  17%|█▋        | 15/88 [00:04<00:19,  3.71it/s, loss=0.223]
  epoch 3/3:  18%|█▊        | 16/88 [00:04<00:19,  3.67it/s, loss=0.223]
  epoch 3/3:  18%|█▊        | 16/88 [00:04<00:19,  3.67it/s, loss=0.216]
  epoch 3/3:  19%|█▉        | 17/88 [00:04<00:19,  3.70it/s, loss=0.216]
  epoch 3/3:  19%|█▉        | 17/88 [00:05<00:19,  3.70it/s, loss=0.220]
  epoch 3/3:  20%|██        | 18/88 [00:05<00:18,  3.71it/s, loss=0.220]
  epoch 3/3:  20%|██        | 18/88 [00:05<00:18,  3.71it/s, loss=0.218]
  epoch 3/3:  22%|██▏       | 19/88 [00:05<00:18,  3.71it/s, loss=0.218]
  epoch 3/3:  22%|██▏       | 19/88 [00:05<00:18,  3.71it/s, loss=0.215]
  epoch 3/3:  23%|██▎       | 20/88 [00:05<00:18,  3.70it/s, loss=0.215]
  epoch 3/3:  23%|██▎       | 20/88 [00:05<00:18,  3.70it/s, loss=0.212]
  epoch 3/3:  24%|██▍       | 21/88 [00:05<00:18,  3.71it/s, loss=0.212]
  epoch 3/3:  24%|██▍       | 21/88 [00:06<00:18,  3.71it/s, loss=0.208]
  epoch 3/3:  25%|██▌       | 22/88 [00:06<00:17,  3.70it/s, loss=0.208]
  epoch 3/3:  25%|██▌       | 22/88 [00:06<00:17,  3.70it/s, loss=0.208]
  epoch 3/3:  26%|██▌       | 23/88 [00:06<00:17,  3.70it/s, loss=0.208]
  epoch 3/3:  26%|██▌       | 23/88 [00:06<00:17,  3.70it/s, loss=0.211]
  epoch 3/3:  27%|██▋       | 24/88 [00:06<00:17,  3.70it/s, loss=0.211]
  epoch 3/3:  27%|██▋       | 24/88 [00:06<00:17,  3.70it/s, loss=0.211]
  epoch 3/3:  28%|██▊       | 25/88 [00:06<00:17,  3.69it/s, loss=0.211]
  epoch 3/3:  28%|██▊       | 25/88 [00:07<00:17,  3.69it/s, loss=0.210]
  epoch 3/3:  30%|██▉       | 26/88 [00:07<00:16,  3.71it/s, loss=0.210]
  epoch 3/3:  30%|██▉       | 26/88 [00:07<00:16,  3.71it/s, loss=0.210]
  epoch 3/3:  31%|███       | 27/88 [00:07<00:16,  3.71it/s, loss=0.210]
  epoch 3/3:  31%|███       | 27/88 [00:07<00:16,  3.71it/s, loss=0.207]
  epoch 3/3:  32%|███▏      | 28/88 [00:07<00:16,  3.71it/s, loss=0.207]
  epoch 3/3:  32%|███▏      | 28/88 [00:08<00:16,  3.71it/s, loss=0.203]
  epoch 3/3:  33%|███▎      | 29/88 [00:08<00:15,  3.71it/s, loss=0.203]
  epoch 3/3:  33%|███▎      | 29/88 [00:08<00:15,  3.71it/s, loss=0.202]
  epoch 3/3:  34%|███▍      | 30/88 [00:08<00:15,  3.72it/s, loss=0.202]
  epoch 3/3:  34%|███▍      | 30/88 [00:08<00:15,  3.72it/s, loss=0.200]
  epoch 3/3:  35%|███▌      | 31/88 [00:08<00:15,  3.71it/s, loss=0.200]
  epoch 3/3:  35%|███▌      | 31/88 [00:08<00:15,  3.71it/s, loss=0.200]
  epoch 3/3:  36%|███▋      | 32/88 [00:08<00:15,  3.66it/s, loss=0.200]
  epoch 3/3:  36%|███▋      | 32/88 [00:09<00:15,  3.66it/s, loss=0.198]
  epoch 3/3:  38%|███▊      | 33/88 [00:09<00:15,  3.66it/s, loss=0.198]
  epoch 3/3:  38%|███▊      | 33/88 [00:09<00:15,  3.66it/s, loss=0.194]
  epoch 3/3:  39%|███▊      | 34/88 [00:09<00:14,  3.68it/s, loss=0.194]
  epoch 3/3:  39%|███▊      | 34/88 [00:09<00:14,  3.68it/s, loss=0.192]
  epoch 3/3:  40%|███▉      | 35/88 [00:09<00:14,  3.67it/s, loss=0.192]
  epoch 3/3:  40%|███▉      | 35/88 [00:09<00:14,  3.67it/s, loss=0.194]
  epoch 3/3:  41%|████      | 36/88 [00:09<00:14,  3.70it/s, loss=0.194]
  epoch 3/3:  41%|████      | 36/88 [00:10<00:14,  3.70it/s, loss=0.193]
  epoch 3/3:  42%|████▏     | 37/88 [00:10<00:13,  3.70it/s, loss=0.193]
  epoch 3/3:  42%|████▏     | 37/88 [00:10<00:13,  3.70it/s, loss=0.194]
  epoch 3/3:  43%|████▎     | 38/88 [00:10<00:13,  3.69it/s, loss=0.194]
  epoch 3/3:  43%|████▎     | 38/88 [00:10<00:13,  3.69it/s, loss=0.196]
  epoch 3/3:  44%|████▍     | 39/88 [00:10<00:13,  3.70it/s, loss=0.196]
  epoch 3/3:  44%|████▍     | 39/88 [00:11<00:13,  3.70it/s, loss=0.194]
  epoch 3/3:  45%|████▌     | 40/88 [00:11<00:13,  3.69it/s, loss=0.194]
  epoch 3/3:  45%|████▌     | 40/88 [00:11<00:13,  3.69it/s, loss=0.194]
  epoch 3/3:  47%|████▋     | 41/88 [00:11<00:12,  3.68it/s, loss=0.194]
  epoch 3/3:  47%|████▋     | 41/88 [00:11<00:12,  3.68it/s, loss=0.192]
  epoch 3/3:  48%|████▊     | 42/88 [00:11<00:12,  3.69it/s, loss=0.192]
  epoch 3/3:  48%|████▊     | 42/88 [00:11<00:12,  3.69it/s, loss=0.191]
  epoch 3/3:  49%|████▉     | 43/88 [00:11<00:12,  3.68it/s, loss=0.191]
  epoch 3/3:  49%|████▉     | 43/88 [00:12<00:12,  3.68it/s, loss=0.194]
  epoch 3/3:  50%|█████     | 44/88 [00:12<00:11,  3.69it/s, loss=0.194]
  epoch 3/3:  50%|█████     | 44/88 [00:12<00:11,  3.69it/s, loss=0.194]
  epoch 3/3:  51%|█████     | 45/88 [00:12<00:11,  3.70it/s, loss=0.194]
  epoch 3/3:  51%|█████     | 45/88 [00:12<00:11,  3.70it/s, loss=0.197]
  epoch 3/3:  52%|█████▏    | 46/88 [00:12<00:11,  3.68it/s, loss=0.197]
  epoch 3/3:  52%|█████▏    | 46/88 [00:12<00:11,  3.68it/s, loss=0.196]
  epoch 3/3:  53%|█████▎    | 47/88 [00:12<00:11,  3.69it/s, loss=0.196]
  epoch 3/3:  53%|█████▎    | 47/88 [00:13<00:11,  3.69it/s, loss=0.196]
  epoch 3/3:  55%|█████▍    | 48/88 [00:13<00:10,  3.65it/s, loss=0.196]
  epoch 3/3:  55%|█████▍    | 48/88 [00:13<00:10,  3.65it/s, loss=0.196]
  epoch 3/3:  56%|█████▌    | 49/88 [00:13<00:10,  3.69it/s, loss=0.196]
  epoch 3/3:  56%|█████▌    | 49/88 [00:13<00:10,  3.69it/s, loss=0.195]
  epoch 3/3:  57%|█████▋    | 50/88 [00:13<00:10,  3.70it/s, loss=0.195]
  epoch 3/3:  57%|█████▋    | 50/88 [00:14<00:10,  3.70it/s, loss=0.195]
  epoch 3/3:  58%|█████▊    | 51/88 [00:14<00:10,  3.68it/s, loss=0.195]
  epoch 3/3:  58%|█████▊    | 51/88 [00:14<00:10,  3.68it/s, loss=0.194]
  epoch 3/3:  59%|█████▉    | 52/88 [00:14<00:09,  3.68it/s, loss=0.194]
  epoch 3/3:  59%|█████▉    | 52/88 [00:14<00:09,  3.68it/s, loss=0.192]
  epoch 3/3:  60%|██████    | 53/88 [00:14<00:09,  3.69it/s, loss=0.192]
  epoch 3/3:  60%|██████    | 53/88 [00:14<00:09,  3.69it/s, loss=0.190]
  epoch 3/3:  61%|██████▏   | 54/88 [00:14<00:09,  3.69it/s, loss=0.190]
  epoch 3/3:  61%|██████▏   | 54/88 [00:15<00:09,  3.69it/s, loss=0.191]
  epoch 3/3:  62%|██████▎   | 55/88 [00:15<00:08,  3.69it/s, loss=0.191]
  epoch 3/3:  62%|██████▎   | 55/88 [00:15<00:08,  3.69it/s, loss=0.190]
  epoch 3/3:  64%|██████▎   | 56/88 [00:15<00:08,  3.67it/s, loss=0.190]
  epoch 3/3:  64%|██████▎   | 56/88 [00:15<00:08,  3.67it/s, loss=0.191]
  epoch 3/3:  65%|██████▍   | 57/88 [00:15<00:08,  3.69it/s, loss=0.191]
  epoch 3/3:  65%|██████▍   | 57/88 [00:15<00:08,  3.69it/s, loss=0.191]
  epoch 3/3:  66%|██████▌   | 58/88 [00:15<00:08,  3.69it/s, loss=0.191]
  epoch 3/3:  66%|██████▌   | 58/88 [00:16<00:08,  3.69it/s, loss=0.190]
  epoch 3/3:  67%|██████▋   | 59/88 [00:16<00:07,  3.69it/s, loss=0.190]
  epoch 3/3:  67%|██████▋   | 59/88 [00:16<00:07,  3.69it/s, loss=0.189]
  epoch 3/3:  68%|██████▊   | 60/88 [00:16<00:07,  3.70it/s, loss=0.189]
  epoch 3/3:  68%|██████▊   | 60/88 [00:16<00:07,  3.70it/s, loss=0.188]
  epoch 3/3:  69%|██████▉   | 61/88 [00:16<00:07,  3.67it/s, loss=0.188]
  epoch 3/3:  69%|██████▉   | 61/88 [00:17<00:07,  3.67it/s, loss=0.187]
  epoch 3/3:  70%|███████   | 62/88 [00:17<00:07,  3.69it/s, loss=0.187]
  epoch 3/3:  70%|███████   | 62/88 [00:17<00:07,  3.69it/s, loss=0.185]
  epoch 3/3:  72%|███████▏  | 63/88 [00:17<00:06,  3.65it/s, loss=0.185]
  epoch 3/3:  72%|███████▏  | 63/88 [00:17<00:06,  3.65it/s, loss=0.185]
  epoch 3/3:  73%|███████▎  | 64/88 [00:17<00:06,  3.64it/s, loss=0.185]
  epoch 3/3:  73%|███████▎  | 64/88 [00:17<00:06,  3.64it/s, loss=0.185]
  epoch 3/3:  74%|███████▍  | 65/88 [00:17<00:06,  3.65it/s, loss=0.185]
  epoch 3/3:  74%|███████▍  | 65/88 [00:18<00:06,  3.65it/s, loss=0.185]
  epoch 3/3:  75%|███████▌  | 66/88 [00:18<00:06,  3.66it/s, loss=0.185]
  epoch 3/3:  75%|███████▌  | 66/88 [00:18<00:06,  3.66it/s, loss=0.185]
  epoch 3/3:  76%|███████▌  | 67/88 [00:18<00:05,  3.65it/s, loss=0.185]
  epoch 3/3:  76%|███████▌  | 67/88 [00:18<00:05,  3.65it/s, loss=0.183]
  epoch 3/3:  77%|███████▋  | 68/88 [00:18<00:05,  3.66it/s, loss=0.183]
  epoch 3/3:  77%|███████▋  | 68/88 [00:18<00:05,  3.66it/s, loss=0.182]
  epoch 3/3:  78%|███████▊  | 69/88 [00:18<00:05,  3.67it/s, loss=0.182]
  epoch 3/3:  78%|███████▊  | 69/88 [00:19<00:05,  3.67it/s, loss=0.181]
  epoch 3/3:  80%|███████▉  | 70/88 [00:19<00:04,  3.68it/s, loss=0.181]
  epoch 3/3:  80%|███████▉  | 70/88 [00:19<00:04,  3.68it/s, loss=0.180]
  epoch 3/3:  81%|████████  | 71/88 [00:19<00:04,  3.66it/s, loss=0.180]
  epoch 3/3:  81%|████████  | 71/88 [00:19<00:04,  3.66it/s, loss=0.179]
  epoch 3/3:  82%|████████▏ | 72/88 [00:19<00:04,  3.67it/s, loss=0.179]
  epoch 3/3:  82%|████████▏ | 72/88 [00:20<00:04,  3.67it/s, loss=0.180]
  epoch 3/3:  83%|████████▎ | 73/88 [00:20<00:04,  3.67it/s, loss=0.180]
  epoch 3/3:  83%|████████▎ | 73/88 [00:20<00:04,  3.67it/s, loss=0.179]
  epoch 3/3:  84%|████████▍ | 74/88 [00:20<00:03,  3.67it/s, loss=0.179]
  epoch 3/3:  84%|████████▍ | 74/88 [00:20<00:03,  3.67it/s, loss=0.178]
  epoch 3/3:  85%|████████▌ | 75/88 [00:20<00:03,  3.68it/s, loss=0.178]
  epoch 3/3:  85%|████████▌ | 75/88 [00:20<00:03,  3.68it/s, loss=0.178]
  epoch 3/3:  86%|████████▋ | 76/88 [00:20<00:03,  3.66it/s, loss=0.178]
  epoch 3/3:  86%|████████▋ | 76/88 [00:21<00:03,  3.66it/s, loss=0.178]
  epoch 3/3:  88%|████████▊ | 77/88 [00:21<00:02,  3.68it/s, loss=0.178]
  epoch 3/3:  88%|████████▊ | 77/88 [00:21<00:02,  3.68it/s, loss=0.176]
  epoch 3/3:  89%|████████▊ | 78/88 [00:21<00:02,  3.68it/s, loss=0.176]
  epoch 3/3:  89%|████████▊ | 78/88 [00:21<00:02,  3.68it/s, loss=0.175]
  epoch 3/3:  90%|████████▉ | 79/88 [00:21<00:02,  3.67it/s, loss=0.175]
  epoch 3/3:  90%|████████▉ | 79/88 [00:21<00:02,  3.67it/s, loss=0.174]
  epoch 3/3:  91%|█████████ | 80/88 [00:21<00:02,  3.64it/s, loss=0.174]
  epoch 3/3:  91%|█████████ | 80/88 [00:22<00:02,  3.64it/s, loss=0.173]
  epoch 3/3:  92%|█████████▏| 81/88 [00:22<00:01,  3.67it/s, loss=0.173]
  epoch 3/3:  92%|█████████▏| 81/88 [00:22<00:01,  3.67it/s, loss=0.172]
  epoch 3/3:  93%|█████████▎| 82/88 [00:22<00:01,  3.68it/s, loss=0.172]
  epoch 3/3:  93%|█████████▎| 82/88 [00:22<00:01,  3.68it/s, loss=0.172]
  epoch 3/3:  94%|█████████▍| 83/88 [00:22<00:01,  3.66it/s, loss=0.172]
  epoch 3/3:  94%|█████████▍| 83/88 [00:23<00:01,  3.66it/s, loss=0.171]
  epoch 3/3:  95%|█████████▌| 84/88 [00:23<00:01,  3.68it/s, loss=0.171]
  epoch 3/3:  95%|█████████▌| 84/88 [00:23<00:01,  3.68it/s, loss=0.171]
  epoch 3/3:  97%|█████████▋| 85/88 [00:23<00:00,  3.66it/s, loss=0.171]
  epoch 3/3:  97%|█████████▋| 85/88 [00:23<00:00,  3.66it/s, loss=0.170]
  epoch 3/3:  98%|█████████▊| 86/88 [00:23<00:00,  3.70it/s, loss=0.170]
  epoch 3/3:  98%|█████████▊| 86/88 [00:23<00:00,  3.70it/s, loss=0.169]
  epoch 3/3:  99%|█████████▉| 87/88 [00:23<00:00,  3.70it/s, loss=0.169]
  epoch 3/3:  99%|█████████▉| 87/88 [00:24<00:00,  3.70it/s, loss=0.169]
  epoch 3/3: 100%|██████████| 88/88 [00:24<00:00,  4.03it/s, loss=0.169]
                                                                        
[titans] reset=never | norm(state) sau task = 82.2545
[titans]   self-mod v:β=0.87 |W|=2.26
[titans]   eta_t(avg)=12.5618  alpha_t/forget-gate(avg)=0.9973
[task 4] test acc so far: 0.883  0.800  0.723  0.489  0.380
[task 4] NCM-blend gamma=0: 0.817  0.749  0.806  0.763  0.700
[task 4] NCM-blend gamma=1: 0.843  0.746  0.834  0.786  0.766
[checkpoint] đã lưu tiến độ sau task 4
[task 5] classes=[3, 33, 37, 38, 44] | train=2800

  epoch 1/3:   0%|          | 0/88 [00:00<?, ?it/s]
  epoch 1/3:   0%|          | 0/88 [00:00<?, ?it/s, loss=1.557]
  epoch 1/3:   1%|          | 1/88 [00:00<00:42,  2.05it/s, loss=1.557]
  epoch 1/3:   1%|          | 1/88 [00:00<00:42,  2.05it/s, loss=1.605]
  epoch 1/3:   2%|▏         | 2/88 [00:00<00:31,  2.77it/s, loss=1.605]
  epoch 1/3:   2%|▏         | 2/88 [00:01<00:31,  2.77it/s, loss=1.630]
  epoch 1/3:   3%|▎         | 3/88 [00:01<00:27,  3.13it/s, loss=1.630]
  epoch 1/3:   3%|▎         | 3/88 [00:01<00:27,  3.13it/s, loss=1.602]
  epoch 1/3:   5%|▍         | 4/88 [00:01<00:25,  3.34it/s, loss=1.602]
  epoch 1/3:   5%|▍         | 4/88 [00:01<00:25,  3.34it/s, loss=1.611]
  epoch 1/3:   6%|▌         | 5/88 [00:01<00:23,  3.48it/s, loss=1.611]
  epoch 1/3:   6%|▌         | 5/88 [00:01<00:23,  3.48it/s, loss=1.621]
  epoch 1/3:   7%|▋         | 6/88 [00:01<00:23,  3.54it/s, loss=1.621]
  epoch 1/3:   7%|▋         | 6/88 [00:02<00:23,  3.54it/s, loss=1.619]
  epoch 1/3:   8%|▊         | 7/88 [00:02<00:22,  3.58it/s, loss=1.619]
  epoch 1/3:   8%|▊         | 7/88 [00:02<00:22,  3.58it/s, loss=1.605]
  epoch 1/3:   9%|▉         | 8/88 [00:02<00:22,  3.57it/s, loss=1.605]
  epoch 1/3:   9%|▉         | 8/88 [00:02<00:22,  3.57it/s, loss=1.608]
  epoch 1/3:  10%|█         | 9/88 [00:02<00:21,  3.62it/s, loss=1.608]
  epoch 1/3:  10%|█         | 9/88 [00:02<00:21,  3.62it/s, loss=1.607]
  epoch 1/3:  11%|█▏        | 10/88 [00:02<00:21,  3.65it/s, loss=1.607]
  epoch 1/3:  11%|█▏        | 10/88 [00:03<00:21,  3.65it/s, loss=1.594]
  epoch 1/3:  12%|█▎        | 11/88 [00:03<00:20,  3.69it/s, loss=1.594]
  epoch 1/3:  12%|█▎        | 11/88 [00:03<00:20,  3.69it/s, loss=1.586]
  epoch 1/3:  14%|█▎        | 12/88 [00:03<00:20,  3.69it/s, loss=1.586]
  epoch 1/3:  14%|█▎        | 12/88 [00:03<00:20,  3.69it/s, loss=1.580]
  epoch 1/3:  15%|█▍        | 13/88 [00:03<00:20,  3.71it/s, loss=1.580]
  epoch 1/3:  15%|█▍        | 13/88 [00:04<00:20,  3.71it/s, loss=1.569]
  epoch 1/3:  16%|█▌        | 14/88 [00:04<00:20,  3.70it/s, loss=1.569]
  epoch 1/3:  16%|█▌        | 14/88 [00:04<00:20,  3.70it/s, loss=1.556]
  epoch 1/3:  17%|█▋        | 15/88 [00:04<00:19,  3.71it/s, loss=1.556]
  epoch 1/3:  17%|█▋        | 15/88 [00:04<00:19,  3.71it/s, loss=1.550]
  epoch 1/3:  18%|█▊        | 16/88 [00:04<00:19,  3.73it/s, loss=1.550]
  epoch 1/3:  18%|█▊        | 16/88 [00:04<00:19,  3.73it/s, loss=1.548]
  epoch 1/3:  19%|█▉        | 17/88 [00:04<00:19,  3.71it/s, loss=1.548]
  epoch 1/3:  19%|█▉        | 17/88 [00:05<00:19,  3.71it/s, loss=1.536]
  epoch 1/3:  20%|██        | 18/88 [00:05<00:18,  3.72it/s, loss=1.536]
  epoch 1/3:  20%|██        | 18/88 [00:05<00:18,  3.72it/s, loss=1.525]
  epoch 1/3:  22%|██▏       | 19/88 [00:05<00:18,  3.71it/s, loss=1.525]
  epoch 1/3:  22%|██▏       | 19/88 [00:05<00:18,  3.71it/s, loss=1.523]
  epoch 1/3:  23%|██▎       | 20/88 [00:05<00:18,  3.73it/s, loss=1.523]
  epoch 1/3:  23%|██▎       | 20/88 [00:05<00:18,  3.73it/s, loss=1.511]
  epoch 1/3:  24%|██▍       | 21/88 [00:05<00:18,  3.72it/s, loss=1.511]
  epoch 1/3:  24%|██▍       | 21/88 [00:06<00:18,  3.72it/s, loss=1.501]
  epoch 1/3:  25%|██▌       | 22/88 [00:06<00:17,  3.72it/s, loss=1.501]
  epoch 1/3:  25%|██▌       | 22/88 [00:06<00:17,  3.72it/s, loss=1.496]
  epoch 1/3:  26%|██▌       | 23/88 [00:06<00:17,  3.74it/s, loss=1.496]
  epoch 1/3:  26%|██▌       | 23/88 [00:06<00:17,  3.74it/s, loss=1.488]
  epoch 1/3:  27%|██▋       | 24/88 [00:06<00:17,  3.69it/s, loss=1.488]
  epoch 1/3:  27%|██▋       | 24/88 [00:06<00:17,  3.69it/s, loss=1.481]
  epoch 1/3:  28%|██▊       | 25/88 [00:06<00:17,  3.70it/s, loss=1.481]
  epoch 1/3:  28%|██▊       | 25/88 [00:07<00:17,  3.70it/s, loss=1.475]
  epoch 1/3:  30%|██▉       | 26/88 [00:07<00:16,  3.72it/s, loss=1.475]
  epoch 1/3:  30%|██▉       | 26/88 [00:07<00:16,  3.72it/s, loss=1.464]
  epoch 1/3:  31%|███       | 27/88 [00:07<00:16,  3.74it/s, loss=1.464]
  epoch 1/3:  31%|███       | 27/88 [00:07<00:16,  3.74it/s, loss=1.457]
  epoch 1/3:  32%|███▏      | 28/88 [00:07<00:16,  3.74it/s, loss=1.457]
  epoch 1/3:  32%|███▏      | 28/88 [00:08<00:16,  3.74it/s, loss=1.448]
  epoch 1/3:  33%|███▎      | 29/88 [00:08<00:15,  3.73it/s, loss=1.448]
  epoch 1/3:  33%|███▎      | 29/88 [00:08<00:15,  3.73it/s, loss=1.443]
  epoch 1/3:  34%|███▍      | 30/88 [00:08<00:15,  3.73it/s, loss=1.443]
  epoch 1/3:  34%|███▍      | 30/88 [00:08<00:15,  3.73it/s, loss=1.436]
  epoch 1/3:  35%|███▌      | 31/88 [00:08<00:15,  3.73it/s, loss=1.436]
  epoch 1/3:  35%|███▌      | 31/88 [00:08<00:15,  3.73it/s, loss=1.428]
  epoch 1/3:  36%|███▋      | 32/88 [00:08<00:15,  3.71it/s, loss=1.428]
  epoch 1/3:  36%|███▋      | 32/88 [00:09<00:15,  3.71it/s, loss=1.420]
  epoch 1/3:  38%|███▊      | 33/88 [00:09<00:14,  3.71it/s, loss=1.420]
  epoch 1/3:  38%|███▊      | 33/88 [00:09<00:14,  3.71it/s, loss=1.416]
  epoch 1/3:  39%|███▊      | 34/88 [00:09<00:14,  3.72it/s, loss=1.416]
  epoch 1/3:  39%|███▊      | 34/88 [00:09<00:14,  3.72it/s, loss=1.409]
  epoch 1/3:  40%|███▉      | 35/88 [00:09<00:14,  3.73it/s, loss=1.409]
  epoch 1/3:  40%|███▉      | 35/88 [00:09<00:14,  3.73it/s, loss=1.400]
  epoch 1/3:  41%|████      | 36/88 [00:09<00:13,  3.74it/s, loss=1.400]
  epoch 1/3:  41%|████      | 36/88 [00:10<00:13,  3.74it/s, loss=1.391]
  epoch 1/3:  42%|████▏     | 37/88 [00:10<00:13,  3.73it/s, loss=1.391]
  epoch 1/3:  42%|████▏     | 37/88 [00:10<00:13,  3.73it/s, loss=1.382]
  epoch 1/3:  43%|████▎     | 38/88 [00:10<00:13,  3.73it/s, loss=1.382]
  epoch 1/3:  43%|████▎     | 38/88 [00:10<00:13,  3.73it/s, loss=1.376]
  epoch 1/3:  44%|████▍     | 39/88 [00:10<00:13,  3.74it/s, loss=1.376]
  epoch 1/3:  44%|████▍     | 39/88 [00:10<00:13,  3.74it/s, loss=1.368]
  epoch 1/3:  45%|████▌     | 40/88 [00:10<00:13,  3.66it/s, loss=1.368]
  epoch 1/3:  45%|████▌     | 40/88 [00:11<00:13,  3.66it/s, loss=1.365]
  epoch 1/3:  47%|████▋     | 41/88 [00:11<00:12,  3.69it/s, loss=1.365]
  epoch 1/3:  47%|████▋     | 41/88 [00:11<00:12,  3.69it/s, loss=1.361]
  epoch 1/3:  48%|████▊     | 42/88 [00:11<00:12,  3.70it/s, loss=1.361]
  epoch 1/3:  48%|████▊     | 42/88 [00:11<00:12,  3.70it/s, loss=1.355]
  epoch 1/3:  49%|████▉     | 43/88 [00:11<00:12,  3.70it/s, loss=1.355]
  epoch 1/3:  49%|████▉     | 43/88 [00:12<00:12,  3.70it/s, loss=1.347]
  epoch 1/3:  50%|█████     | 44/88 [00:12<00:11,  3.72it/s, loss=1.347]
  epoch 1/3:  50%|█████     | 44/88 [00:12<00:11,  3.72it/s, loss=1.340]
  epoch 1/3:  51%|█████     | 45/88 [00:12<00:11,  3.72it/s, loss=1.340]
  epoch 1/3:  51%|█████     | 45/88 [00:12<00:11,  3.72it/s, loss=1.332]
  epoch 1/3:  52%|█████▏    | 46/88 [00:12<00:11,  3.73it/s, loss=1.332]
  epoch 1/3:  52%|█████▏    | 46/88 [00:12<00:11,  3.73it/s, loss=1.326]
  epoch 1/3:  53%|█████▎    | 47/88 [00:12<00:11,  3.72it/s, loss=1.326]
  epoch 1/3:  53%|█████▎    | 47/88 [00:13<00:11,  3.72it/s, loss=1.319]
  epoch 1/3:  55%|█████▍    | 48/88 [00:13<00:10,  3.73it/s, loss=1.319]
  epoch 1/3:  55%|█████▍    | 48/88 [00:13<00:10,  3.73it/s, loss=1.312]
  epoch 1/3:  56%|█████▌    | 49/88 [00:13<00:10,  3.73it/s, loss=1.312]
  epoch 1/3:  56%|█████▌    | 49/88 [00:13<00:10,  3.73it/s, loss=1.305]
  epoch 1/3:  57%|█████▋    | 50/88 [00:13<00:10,  3.73it/s, loss=1.305]
  epoch 1/3:  57%|█████▋    | 50/88 [00:13<00:10,  3.73it/s, loss=1.299]
  epoch 1/3:  58%|█████▊    | 51/88 [00:13<00:09,  3.73it/s, loss=1.299]
  epoch 1/3:  58%|█████▊    | 51/88 [00:14<00:09,  3.73it/s, loss=1.294]
  epoch 1/3:  59%|█████▉    | 52/88 [00:14<00:09,  3.72it/s, loss=1.294]
  epoch 1/3:  59%|█████▉    | 52/88 [00:14<00:09,  3.72it/s, loss=1.286]
  epoch 1/3:  60%|██████    | 53/88 [00:14<00:09,  3.73it/s, loss=1.286]
  epoch 1/3:  60%|██████    | 53/88 [00:14<00:09,  3.73it/s, loss=1.276]
  epoch 1/3:  61%|██████▏   | 54/88 [00:14<00:09,  3.73it/s, loss=1.276]
  epoch 1/3:  61%|██████▏   | 54/88 [00:15<00:09,  3.73it/s, loss=1.269]
  epoch 1/3:  62%|██████▎   | 55/88 [00:15<00:08,  3.71it/s, loss=1.269]
  epoch 1/3:  62%|██████▎   | 55/88 [00:15<00:08,  3.71it/s, loss=1.264]
  epoch 1/3:  64%|██████▎   | 56/88 [00:15<00:08,  3.68it/s, loss=1.264]
  epoch 1/3:  64%|██████▎   | 56/88 [00:15<00:08,  3.68it/s, loss=1.257]
  epoch 1/3:  65%|██████▍   | 57/88 [00:15<00:08,  3.67it/s, loss=1.257]
  epoch 1/3:  65%|██████▍   | 57/88 [00:15<00:08,  3.67it/s, loss=1.249]
  epoch 1/3:  66%|██████▌   | 58/88 [00:15<00:08,  3.67it/s, loss=1.249]
  epoch 1/3:  66%|██████▌   | 58/88 [00:16<00:08,  3.67it/s, loss=1.243]
  epoch 1/3:  67%|██████▋   | 59/88 [00:16<00:07,  3.69it/s, loss=1.243]
  epoch 1/3:  67%|██████▋   | 59/88 [00:16<00:07,  3.69it/s, loss=1.237]
  epoch 1/3:  68%|██████▊   | 60/88 [00:16<00:07,  3.70it/s, loss=1.237]
  epoch 1/3:  68%|██████▊   | 60/88 [00:16<00:07,  3.70it/s, loss=1.232]
  epoch 1/3:  69%|██████▉   | 61/88 [00:16<00:07,  3.72it/s, loss=1.232]
  epoch 1/3:  69%|██████▉   | 61/88 [00:16<00:07,  3.72it/s, loss=1.226]
  epoch 1/3:  70%|███████   | 62/88 [00:16<00:06,  3.72it/s, loss=1.226]
  epoch 1/3:  70%|███████   | 62/88 [00:17<00:06,  3.72it/s, loss=1.220]
  epoch 1/3:  72%|███████▏  | 63/88 [00:17<00:06,  3.72it/s, loss=1.220]
  epoch 1/3:  72%|███████▏  | 63/88 [00:17<00:06,  3.72it/s, loss=1.213]
  epoch 1/3:  73%|███████▎  | 64/88 [00:17<00:06,  3.71it/s, loss=1.213]
  epoch 1/3:  73%|███████▎  | 64/88 [00:17<00:06,  3.71it/s, loss=1.206]
  epoch 1/3:  74%|███████▍  | 65/88 [00:17<00:06,  3.73it/s, loss=1.206]
  epoch 1/3:  74%|███████▍  | 65/88 [00:17<00:06,  3.73it/s, loss=1.201]
  epoch 1/3:  75%|███████▌  | 66/88 [00:17<00:05,  3.73it/s, loss=1.201]
  epoch 1/3:  75%|███████▌  | 66/88 [00:18<00:05,  3.73it/s, loss=1.196]
  epoch 1/3:  76%|███████▌  | 67/88 [00:18<00:05,  3.74it/s, loss=1.196]
  epoch 1/3:  76%|███████▌  | 67/88 [00:18<00:05,  3.74it/s, loss=1.190]
  epoch 1/3:  77%|███████▋  | 68/88 [00:18<00:05,  3.72it/s, loss=1.190]
  epoch 1/3:  77%|███████▋  | 68/88 [00:18<00:05,  3.72it/s, loss=1.183]
  epoch 1/3:  78%|███████▊  | 69/88 [00:18<00:05,  3.73it/s, loss=1.183]
  epoch 1/3:  78%|███████▊  | 69/88 [00:19<00:05,  3.73it/s, loss=1.176]
  epoch 1/3:  80%|███████▉  | 70/88 [00:19<00:04,  3.74it/s, loss=1.176]
  epoch 1/3:  80%|███████▉  | 70/88 [00:19<00:04,  3.74it/s, loss=1.171]
  epoch 1/3:  81%|████████  | 71/88 [00:19<00:04,  3.74it/s, loss=1.171]
  epoch 1/3:  81%|████████  | 71/88 [00:19<00:04,  3.74it/s, loss=1.165]
  epoch 1/3:  82%|████████▏ | 72/88 [00:19<00:04,  3.67it/s, loss=1.165]
  epoch 1/3:  82%|████████▏ | 72/88 [00:19<00:04,  3.67it/s, loss=1.158]
  epoch 1/3:  83%|████████▎ | 73/88 [00:19<00:04,  3.70it/s, loss=1.158]
  epoch 1/3:  83%|████████▎ | 73/88 [00:20<00:04,  3.70it/s, loss=1.152]
  epoch 1/3:  84%|████████▍ | 74/88 [00:20<00:03,  3.70it/s, loss=1.152]
  epoch 1/3:  84%|████████▍ | 74/88 [00:20<00:03,  3.70it/s, loss=1.147]
  epoch 1/3:  85%|████████▌ | 75/88 [00:20<00:03,  3.71it/s, loss=1.147]
  epoch 1/3:  85%|████████▌ | 75/88 [00:20<00:03,  3.71it/s, loss=1.143]
  epoch 1/3:  86%|████████▋ | 76/88 [00:20<00:03,  3.73it/s, loss=1.143]
  epoch 1/3:  86%|████████▋ | 76/88 [00:20<00:03,  3.73it/s, loss=1.138]
  epoch 1/3:  88%|████████▊ | 77/88 [00:20<00:02,  3.73it/s, loss=1.138]
  epoch 1/3:  88%|████████▊ | 77/88 [00:21<00:02,  3.73it/s, loss=1.134]
  epoch 1/3:  89%|████████▊ | 78/88 [00:21<00:02,  3.71it/s, loss=1.134]
  epoch 1/3:  89%|████████▊ | 78/88 [00:21<00:02,  3.71it/s, loss=1.128]
  epoch 1/3:  90%|████████▉ | 79/88 [00:21<00:02,  3.72it/s, loss=1.128]
  epoch 1/3:  90%|████████▉ | 79/88 [00:21<00:02,  3.72it/s, loss=1.123]
  epoch 1/3:  91%|█████████ | 80/88 [00:21<00:02,  3.73it/s, loss=1.123]
  epoch 1/3:  91%|█████████ | 80/88 [00:22<00:02,  3.73it/s, loss=1.116]
  epoch 1/3:  92%|█████████▏| 81/88 [00:22<00:01,  3.73it/s, loss=1.116]
  epoch 1/3:  92%|█████████▏| 81/88 [00:22<00:01,  3.73it/s, loss=1.113]
  epoch 1/3:  93%|█████████▎| 82/88 [00:22<00:01,  3.71it/s, loss=1.113]
  epoch 1/3:  93%|█████████▎| 82/88 [00:22<00:01,  3.71it/s, loss=1.108]
  epoch 1/3:  94%|█████████▍| 83/88 [00:22<00:01,  3.73it/s, loss=1.108]
  epoch 1/3:  94%|█████████▍| 83/88 [00:22<00:01,  3.73it/s, loss=1.102]
  epoch 1/3:  95%|█████████▌| 84/88 [00:22<00:01,  3.73it/s, loss=1.102]
  epoch 1/3:  95%|█████████▌| 84/88 [00:23<00:01,  3.73it/s, loss=1.096]
  epoch 1/3:  97%|█████████▋| 85/88 [00:23<00:00,  3.73it/s, loss=1.096]
  epoch 1/3:  97%|█████████▋| 85/88 [00:23<00:00,  3.73it/s, loss=1.090]
  epoch 1/3:  98%|█████████▊| 86/88 [00:23<00:00,  3.71it/s, loss=1.090]
  epoch 1/3:  98%|█████████▊| 86/88 [00:23<00:00,  3.71it/s, loss=1.085]
  epoch 1/3:  99%|█████████▉| 87/88 [00:23<00:00,  3.73it/s, loss=1.085]
  epoch 1/3:  99%|█████████▉| 87/88 [00:23<00:00,  3.73it/s, loss=1.083]
  epoch 1/3: 100%|██████████| 88/88 [00:23<00:00,  4.03it/s, loss=1.083]
                                                                        

  epoch 2/3:   0%|          | 0/88 [00:00<?, ?it/s]
  epoch 2/3:   0%|          | 0/88 [00:00<?, ?it/s, loss=0.629]
  epoch 2/3:   1%|          | 1/88 [00:00<00:43,  2.02it/s, loss=0.629]
  epoch 2/3:   1%|          | 1/88 [00:00<00:43,  2.02it/s, loss=0.614]
  epoch 2/3:   2%|▏         | 2/88 [00:00<00:31,  2.77it/s, loss=0.614]
  epoch 2/3:   2%|▏         | 2/88 [00:01<00:31,  2.77it/s, loss=0.610]
  epoch 2/3:   3%|▎         | 3/88 [00:01<00:26,  3.16it/s, loss=0.610]
  epoch 2/3:   3%|▎         | 3/88 [00:01<00:26,  3.16it/s, loss=0.626]
  epoch 2/3:   5%|▍         | 4/88 [00:01<00:25,  3.35it/s, loss=0.626]
  epoch 2/3:   5%|▍         | 4/88 [00:01<00:25,  3.35it/s, loss=0.611]
  epoch 2/3:   6%|▌         | 5/88 [00:01<00:23,  3.46it/s, loss=0.611]
  epoch 2/3:   6%|▌         | 5/88 [00:01<00:23,  3.46it/s, loss=0.604]
  epoch 2/3:   7%|▋         | 6/88 [00:01<00:23,  3.55it/s, loss=0.604]
  epoch 2/3:   7%|▋         | 6/88 [00:02<00:23,  3.55it/s, loss=0.601]
  epoch 2/3:   8%|▊         | 7/88 [00:02<00:22,  3.61it/s, loss=0.601]
  epoch 2/3:   8%|▊         | 7/88 [00:02<00:22,  3.61it/s, loss=0.588]
  epoch 2/3:   9%|▉         | 8/88 [00:02<00:21,  3.65it/s, loss=0.588]
  epoch 2/3:   9%|▉         | 8/88 [00:02<00:21,  3.65it/s, loss=0.593]
  epoch 2/3:  10%|█         | 9/88 [00:02<00:21,  3.66it/s, loss=0.593]
  epoch 2/3:  10%|█         | 9/88 [00:02<00:21,  3.66it/s, loss=0.592]
  epoch 2/3:  11%|█▏        | 10/88 [00:02<00:21,  3.69it/s, loss=0.592]
  epoch 2/3:  11%|█▏        | 10/88 [00:03<00:21,  3.69it/s, loss=0.587]
  epoch 2/3:  12%|█▎        | 11/88 [00:03<00:20,  3.71it/s, loss=0.587]
  epoch 2/3:  12%|█▎        | 11/88 [00:03<00:20,  3.71it/s, loss=0.584]
  epoch 2/3:  14%|█▎        | 12/88 [00:03<00:20,  3.72it/s, loss=0.584]
  epoch 2/3:  14%|█▎        | 12/88 [00:03<00:20,  3.72it/s, loss=0.575]
  epoch 2/3:  15%|█▍        | 13/88 [00:03<00:20,  3.71it/s, loss=0.575]
  epoch 2/3:  15%|█▍        | 13/88 [00:03<00:20,  3.71it/s, loss=0.564]
  epoch 2/3:  16%|█▌        | 14/88 [00:03<00:19,  3.71it/s, loss=0.564]
  epoch 2/3:  16%|█▌        | 14/88 [00:04<00:19,  3.71it/s, loss=0.561]
  epoch 2/3:  17%|█▋        | 15/88 [00:04<00:19,  3.72it/s, loss=0.561]
  epoch 2/3:  17%|█▋        | 15/88 [00:04<00:19,  3.72it/s, loss=0.551]
  epoch 2/3:  18%|█▊        | 16/88 [00:04<00:19,  3.67it/s, loss=0.551]
  epoch 2/3:  18%|█▊        | 16/88 [00:04<00:19,  3.67it/s, loss=0.551]
  epoch 2/3:  19%|█▉        | 17/88 [00:04<00:19,  3.69it/s, loss=0.551]
  epoch 2/3:  19%|█▉        | 17/88 [00:05<00:19,  3.69it/s, loss=0.549]
  epoch 2/3:  20%|██        | 18/88 [00:05<00:18,  3.70it/s, loss=0.549]
  epoch 2/3:  20%|██        | 18/88 [00:05<00:18,  3.70it/s, loss=0.553]
  epoch 2/3:  22%|██▏       | 19/88 [00:05<00:18,  3.70it/s, loss=0.553]
  epoch 2/3:  22%|██▏       | 19/88 [00:05<00:18,  3.70it/s, loss=0.548]
  epoch 2/3:  23%|██▎       | 20/88 [00:05<00:18,  3.71it/s, loss=0.548]
  epoch 2/3:  23%|██▎       | 20/88 [00:05<00:18,  3.71it/s, loss=0.543]
  epoch 2/3:  24%|██▍       | 21/88 [00:05<00:18,  3.72it/s, loss=0.543]
  epoch 2/3:  24%|██▍       | 21/88 [00:06<00:18,  3.72it/s, loss=0.537]
  epoch 2/3:  25%|██▌       | 22/88 [00:06<00:17,  3.71it/s, loss=0.537]
  epoch 2/3:  25%|██▌       | 22/88 [00:06<00:17,  3.71it/s, loss=0.534]
  epoch 2/3:  26%|██▌       | 23/88 [00:06<00:17,  3.72it/s, loss=0.534]
  epoch 2/3:  26%|██▌       | 23/88 [00:06<00:17,  3.72it/s, loss=0.533]
  epoch 2/3:  27%|██▋       | 24/88 [00:06<00:17,  3.72it/s, loss=0.533]
  epoch 2/3:  27%|██▋       | 24/88 [00:06<00:17,  3.72it/s, loss=0.529]
  epoch 2/3:  28%|██▊       | 25/88 [00:06<00:16,  3.73it/s, loss=0.529]
  epoch 2/3:  28%|██▊       | 25/88 [00:07<00:16,  3.73it/s, loss=0.527]
  epoch 2/3:  30%|██▉       | 26/88 [00:07<00:16,  3.70it/s, loss=0.527]
  epoch 2/3:  30%|██▉       | 26/88 [00:07<00:16,  3.70it/s, loss=0.524]
  epoch 2/3:  31%|███       | 27/88 [00:07<00:16,  3.73it/s, loss=0.524]
  epoch 2/3:  31%|███       | 27/88 [00:07<00:16,  3.73it/s, loss=0.520]
  epoch 2/3:  32%|███▏      | 28/88 [00:07<00:16,  3.72it/s, loss=0.520]
  epoch 2/3:  32%|███▏      | 28/88 [00:08<00:16,  3.72it/s, loss=0.514]
  epoch 2/3:  33%|███▎      | 29/88 [00:08<00:15,  3.72it/s, loss=0.514]
  epoch 2/3:  33%|███▎      | 29/88 [00:08<00:15,  3.72it/s, loss=0.512]
  epoch 2/3:  34%|███▍      | 30/88 [00:08<00:15,  3.72it/s, loss=0.512]
  epoch 2/3:  34%|███▍      | 30/88 [00:08<00:15,  3.72it/s, loss=0.508]
  epoch 2/3:  35%|███▌      | 31/88 [00:08<00:15,  3.73it/s, loss=0.508]
  epoch 2/3:  35%|███▌      | 31/88 [00:08<00:15,  3.73it/s, loss=0.503]
  epoch 2/3:  36%|███▋      | 32/88 [00:08<00:15,  3.67it/s, loss=0.503]
  epoch 2/3:  36%|███▋      | 32/88 [00:09<00:15,  3.67it/s, loss=0.502]
  epoch 2/3:  38%|███▊      | 33/88 [00:09<00:14,  3.71it/s, loss=0.502]
  epoch 2/3:  38%|███▊      | 33/88 [00:09<00:14,  3.71it/s, loss=0.499]
  epoch 2/3:  39%|███▊      | 34/88 [00:09<00:14,  3.72it/s, loss=0.499]
  epoch 2/3:  39%|███▊      | 34/88 [00:09<00:14,  3.72it/s, loss=0.498]
  epoch 2/3:  40%|███▉      | 35/88 [00:09<00:14,  3.73it/s, loss=0.498]
  epoch 2/3:  40%|███▉      | 35/88 [00:09<00:14,  3.73it/s, loss=0.496]
  epoch 2/3:  41%|████      | 36/88 [00:09<00:14,  3.71it/s, loss=0.496]
  epoch 2/3:  41%|████      | 36/88 [00:10<00:14,  3.71it/s, loss=0.494]
  epoch 2/3:  42%|████▏     | 37/88 [00:10<00:13,  3.70it/s, loss=0.494]
  epoch 2/3:  42%|████▏     | 37/88 [00:10<00:13,  3.70it/s, loss=0.493]
  epoch 2/3:  43%|████▎     | 38/88 [00:10<00:13,  3.72it/s, loss=0.493]
  epoch 2/3:  43%|████▎     | 38/88 [00:10<00:13,  3.72it/s, loss=0.489]
  epoch 2/3:  44%|████▍     | 39/88 [00:10<00:13,  3.68it/s, loss=0.489]
  epoch 2/3:  44%|████▍     | 39/88 [00:10<00:13,  3.68it/s, loss=0.486]
  epoch 2/3:  45%|████▌     | 40/88 [00:10<00:12,  3.69it/s, loss=0.486]
  epoch 2/3:  45%|████▌     | 40/88 [00:11<00:12,  3.69it/s, loss=0.484]
  epoch 2/3:  47%|████▋     | 41/88 [00:11<00:12,  3.68it/s, loss=0.484]
  epoch 2/3:  47%|████▋     | 41/88 [00:11<00:12,  3.68it/s, loss=0.481]
  epoch 2/3:  48%|████▊     | 42/88 [00:11<00:12,  3.71it/s, loss=0.481]
  epoch 2/3:  48%|████▊     | 42/88 [00:11<00:12,  3.71it/s, loss=0.480]
  epoch 2/3:  49%|████▉     | 43/88 [00:11<00:12,  3.68it/s, loss=0.480]
  epoch 2/3:  49%|████▉     | 43/88 [00:12<00:12,  3.68it/s, loss=0.479]
  epoch 2/3:  50%|█████     | 44/88 [00:12<00:11,  3.70it/s, loss=0.479]
  epoch 2/3:  50%|█████     | 44/88 [00:12<00:11,  3.70it/s, loss=0.475]
  epoch 2/3:  51%|█████     | 45/88 [00:12<00:11,  3.71it/s, loss=0.475]
  epoch 2/3:  51%|█████     | 45/88 [00:12<00:11,  3.71it/s, loss=0.472]
  epoch 2/3:  52%|█████▏    | 46/88 [00:12<00:11,  3.71it/s, loss=0.472]
  epoch 2/3:  52%|█████▏    | 46/88 [00:12<00:11,  3.71it/s, loss=0.470]
  epoch 2/3:  53%|█████▎    | 47/88 [00:12<00:11,  3.67it/s, loss=0.470]
  epoch 2/3:  53%|█████▎    | 47/88 [00:13<00:11,  3.67it/s, loss=0.467]
  epoch 2/3:  55%|█████▍    | 48/88 [00:13<00:11,  3.63it/s, loss=0.467]
  epoch 2/3:  55%|█████▍    | 48/88 [00:13<00:11,  3.63it/s, loss=0.465]
  epoch 2/3:  56%|█████▌    | 49/88 [00:13<00:10,  3.67it/s, loss=0.465]
  epoch 2/3:  56%|█████▌    | 49/88 [00:13<00:10,  3.67it/s, loss=0.463]
  epoch 2/3:  57%|█████▋    | 50/88 [00:13<00:10,  3.68it/s, loss=0.463]
  epoch 2/3:  57%|█████▋    | 50/88 [00:13<00:10,  3.68it/s, loss=0.460]
  epoch 2/3:  58%|█████▊    | 51/88 [00:13<00:10,  3.67it/s, loss=0.460]
  epoch 2/3:  58%|█████▊    | 51/88 [00:14<00:10,  3.67it/s, loss=0.457]
  epoch 2/3:  59%|█████▉    | 52/88 [00:14<00:09,  3.70it/s, loss=0.457]
  epoch 2/3:  59%|█████▉    | 52/88 [00:14<00:09,  3.70it/s, loss=0.454]
  epoch 2/3:  60%|██████    | 53/88 [00:14<00:09,  3.69it/s, loss=0.454]
  epoch 2/3:  60%|██████    | 53/88 [00:14<00:09,  3.69it/s, loss=0.451]
  epoch 2/3:  61%|██████▏   | 54/88 [00:14<00:09,  3.68it/s, loss=0.451]
  epoch 2/3:  61%|██████▏   | 54/88 [00:15<00:09,  3.68it/s, loss=0.450]
  epoch 2/3:  62%|██████▎   | 55/88 [00:15<00:08,  3.70it/s, loss=0.450]
  epoch 2/3:  62%|██████▎   | 55/88 [00:15<00:08,  3.70it/s, loss=0.448]
  epoch 2/3:  64%|██████▎   | 56/88 [00:15<00:08,  3.70it/s, loss=0.448]
  epoch 2/3:  64%|██████▎   | 56/88 [00:15<00:08,  3.70it/s, loss=0.446]
  epoch 2/3:  65%|██████▍   | 57/88 [00:15<00:08,  3.69it/s, loss=0.446]
  epoch 2/3:  65%|██████▍   | 57/88 [00:15<00:08,  3.69it/s, loss=0.442]
  epoch 2/3:  66%|██████▌   | 58/88 [00:15<00:08,  3.70it/s, loss=0.442]
  epoch 2/3:  66%|██████▌   | 58/88 [00:16<00:08,  3.70it/s, loss=0.440]
  epoch 2/3:  67%|██████▋   | 59/88 [00:16<00:07,  3.71it/s, loss=0.440]
  epoch 2/3:  67%|██████▋   | 59/88 [00:16<00:07,  3.71it/s, loss=0.438]
  epoch 2/3:  68%|██████▊   | 60/88 [00:16<00:07,  3.70it/s, loss=0.438]
  epoch 2/3:  68%|██████▊   | 60/88 [00:16<00:07,  3.70it/s, loss=0.437]
  epoch 2/3:  69%|██████▉   | 61/88 [00:16<00:07,  3.70it/s, loss=0.437]
  epoch 2/3:  69%|██████▉   | 61/88 [00:16<00:07,  3.70it/s, loss=0.434]
  epoch 2/3:  70%|███████   | 62/88 [00:16<00:07,  3.70it/s, loss=0.434]
  epoch 2/3:  70%|███████   | 62/88 [00:17<00:07,  3.70it/s, loss=0.433]
  epoch 2/3:  72%|███████▏  | 63/88 [00:17<00:06,  3.70it/s, loss=0.433]
  epoch 2/3:  72%|███████▏  | 63/88 [00:17<00:06,  3.70it/s, loss=0.432]
  epoch 2/3:  73%|███████▎  | 64/88 [00:17<00:06,  3.65it/s, loss=0.432]
  epoch 2/3:  73%|███████▎  | 64/88 [00:17<00:06,  3.65it/s, loss=0.429]
  epoch 2/3:  74%|███████▍  | 65/88 [00:17<00:06,  3.65it/s, loss=0.429]
  epoch 2/3:  74%|███████▍  | 65/88 [00:18<00:06,  3.65it/s, loss=0.427]
  epoch 2/3:  75%|███████▌  | 66/88 [00:18<00:06,  3.65it/s, loss=0.427]
  epoch 2/3:  75%|███████▌  | 66/88 [00:18<00:06,  3.65it/s, loss=0.424]
  epoch 2/3:  76%|███████▌  | 67/88 [00:18<00:05,  3.67it/s, loss=0.424]
  epoch 2/3:  76%|███████▌  | 67/88 [00:18<00:05,  3.67it/s, loss=0.423]
  epoch 2/3:  77%|███████▋  | 68/88 [00:18<00:05,  3.68it/s, loss=0.423]
  epoch 2/3:  77%|███████▋  | 68/88 [00:18<00:05,  3.68it/s, loss=0.420]
  epoch 2/3:  78%|███████▊  | 69/88 [00:18<00:05,  3.70it/s, loss=0.420]
  epoch 2/3:  78%|███████▊  | 69/88 [00:19<00:05,  3.70it/s, loss=0.418]
  epoch 2/3:  80%|███████▉  | 70/88 [00:19<00:04,  3.71it/s, loss=0.418]
  epoch 2/3:  80%|███████▉  | 70/88 [00:19<00:04,  3.71it/s, loss=0.416]
  epoch 2/3:  81%|████████  | 71/88 [00:19<00:04,  3.71it/s, loss=0.416]
  epoch 2/3:  81%|████████  | 71/88 [00:19<00:04,  3.71it/s, loss=0.415]
  epoch 2/3:  82%|████████▏ | 72/88 [00:19<00:04,  3.71it/s, loss=0.415]
  epoch 2/3:  82%|████████▏ | 72/88 [00:19<00:04,  3.71it/s, loss=0.413]
  epoch 2/3:  83%|████████▎ | 73/88 [00:19<00:04,  3.72it/s, loss=0.413]
  epoch 2/3:  83%|████████▎ | 73/88 [00:20<00:04,  3.72it/s, loss=0.411]
  epoch 2/3:  84%|████████▍ | 74/88 [00:20<00:03,  3.73it/s, loss=0.411]
  epoch 2/3:  84%|████████▍ | 74/88 [00:20<00:03,  3.73it/s, loss=0.410]
  epoch 2/3:  85%|████████▌ | 75/88 [00:20<00:03,  3.71it/s, loss=0.410]
  epoch 2/3:  85%|████████▌ | 75/88 [00:20<00:03,  3.71it/s, loss=0.409]
  epoch 2/3:  86%|████████▋ | 76/88 [00:20<00:03,  3.71it/s, loss=0.409]
  epoch 2/3:  86%|████████▋ | 76/88 [00:21<00:03,  3.71it/s, loss=0.407]
  epoch 2/3:  88%|████████▊ | 77/88 [00:21<00:02,  3.71it/s, loss=0.407]
  epoch 2/3:  88%|████████▊ | 77/88 [00:21<00:02,  3.71it/s, loss=0.404]
  epoch 2/3:  89%|████████▊ | 78/88 [00:21<00:02,  3.72it/s, loss=0.404]
  epoch 2/3:  89%|████████▊ | 78/88 [00:21<00:02,  3.72it/s, loss=0.402]
  epoch 2/3:  90%|████████▉ | 79/88 [00:21<00:02,  3.70it/s, loss=0.402]
  epoch 2/3:  90%|████████▉ | 79/88 [00:21<00:02,  3.70it/s, loss=0.399]
  epoch 2/3:  91%|█████████ | 80/88 [00:21<00:02,  3.67it/s, loss=0.399]
  epoch 2/3:  91%|█████████ | 80/88 [00:22<00:02,  3.67it/s, loss=0.397]
  epoch 2/3:  92%|█████████▏| 81/88 [00:22<00:01,  3.68it/s, loss=0.397]
  epoch 2/3:  92%|█████████▏| 81/88 [00:22<00:01,  3.68it/s, loss=0.396]
  epoch 2/3:  93%|█████████▎| 82/88 [00:22<00:01,  3.68it/s, loss=0.396]
  epoch 2/3:  93%|█████████▎| 82/88 [00:22<00:01,  3.68it/s, loss=0.395]
  epoch 2/3:  94%|█████████▍| 83/88 [00:22<00:01,  3.67it/s, loss=0.395]
  epoch 2/3:  94%|█████████▍| 83/88 [00:22<00:01,  3.67it/s, loss=0.394]
  epoch 2/3:  95%|█████████▌| 84/88 [00:22<00:01,  3.67it/s, loss=0.394]
  epoch 2/3:  95%|█████████▌| 84/88 [00:23<00:01,  3.67it/s, loss=0.391]
  epoch 2/3:  97%|█████████▋| 85/88 [00:23<00:00,  3.69it/s, loss=0.391]
  epoch 2/3:  97%|█████████▋| 85/88 [00:23<00:00,  3.69it/s, loss=0.390]
  epoch 2/3:  98%|█████████▊| 86/88 [00:23<00:00,  3.72it/s, loss=0.390]
  epoch 2/3:  98%|█████████▊| 86/88 [00:23<00:00,  3.72it/s, loss=0.389]
  epoch 2/3:  99%|█████████▉| 87/88 [00:23<00:00,  3.71it/s, loss=0.389]
  epoch 2/3:  99%|█████████▉| 87/88 [00:23<00:00,  3.71it/s, loss=0.388]
  epoch 2/3: 100%|██████████| 88/88 [00:23<00:00,  4.05it/s, loss=0.388]
                                                                        

  epoch 3/3:   0%|          | 0/88 [00:00<?, ?it/s]
  epoch 3/3:   0%|          | 0/88 [00:00<?, ?it/s, loss=0.204]
  epoch 3/3:   1%|          | 1/88 [00:00<00:43,  2.01it/s, loss=0.204]
  epoch 3/3:   1%|          | 1/88 [00:00<00:43,  2.01it/s, loss=0.229]
  epoch 3/3:   2%|▏         | 2/88 [00:00<00:31,  2.77it/s, loss=0.229]
  epoch 3/3:   2%|▏         | 2/88 [00:01<00:31,  2.77it/s, loss=0.224]
  epoch 3/3:   3%|▎         | 3/88 [00:01<00:27,  3.14it/s, loss=0.224]
  epoch 3/3:   3%|▎         | 3/88 [00:01<00:27,  3.14it/s, loss=0.214]
  epoch 3/3:   5%|▍         | 4/88 [00:01<00:25,  3.35it/s, loss=0.214]
  epoch 3/3:   5%|▍         | 4/88 [00:01<00:25,  3.35it/s, loss=0.228]
  epoch 3/3:   6%|▌         | 5/88 [00:01<00:24,  3.46it/s, loss=0.228]
  epoch 3/3:   6%|▌         | 5/88 [00:01<00:24,  3.46it/s, loss=0.220]
  epoch 3/3:   7%|▋         | 6/88 [00:01<00:23,  3.55it/s, loss=0.220]
  epoch 3/3:   7%|▋         | 6/88 [00:02<00:23,  3.55it/s, loss=0.209]
  epoch 3/3:   8%|▊         | 7/88 [00:02<00:22,  3.58it/s, loss=0.209]
  epoch 3/3:   8%|▊         | 7/88 [00:02<00:22,  3.58it/s, loss=0.218]
  epoch 3/3:   9%|▉         | 8/88 [00:02<00:22,  3.56it/s, loss=0.218]
  epoch 3/3:   9%|▉         | 8/88 [00:02<00:22,  3.56it/s, loss=0.229]
  epoch 3/3:  10%|█         | 9/88 [00:02<00:21,  3.61it/s, loss=0.229]
  epoch 3/3:  10%|█         | 9/88 [00:02<00:21,  3.61it/s, loss=0.234]
  epoch 3/3:  11%|█▏        | 10/88 [00:02<00:21,  3.65it/s, loss=0.234]
  epoch 3/3:  11%|█▏        | 10/88 [00:03<00:21,  3.65it/s, loss=0.241]
  epoch 3/3:  12%|█▎        | 11/88 [00:03<00:20,  3.67it/s, loss=0.241]
  epoch 3/3:  12%|█▎        | 11/88 [00:03<00:20,  3.67it/s, loss=0.244]
  epoch 3/3:  14%|█▎        | 12/88 [00:03<00:20,  3.69it/s, loss=0.244]
  epoch 3/3:  14%|█▎        | 12/88 [00:03<00:20,  3.69it/s, loss=0.238]
  epoch 3/3:  15%|█▍        | 13/88 [00:03<00:20,  3.69it/s, loss=0.238]
  epoch 3/3:  15%|█▍        | 13/88 [00:04<00:20,  3.69it/s, loss=0.235]
  epoch 3/3:  16%|█▌        | 14/88 [00:04<00:19,  3.71it/s, loss=0.235]
  epoch 3/3:  16%|█▌        | 14/88 [00:04<00:19,  3.71it/s, loss=0.237]
  epoch 3/3:  17%|█▋        | 15/88 [00:04<00:19,  3.73it/s, loss=0.237]
  epoch 3/3:  17%|█▋        | 15/88 [00:04<00:19,  3.73it/s, loss=0.237]
  epoch 3/3:  18%|█▊        | 16/88 [00:04<00:19,  3.73it/s, loss=0.237]
  epoch 3/3:  18%|█▊        | 16/88 [00:04<00:19,  3.73it/s, loss=0.232]
  epoch 3/3:  19%|█▉        | 17/88 [00:04<00:19,  3.72it/s, loss=0.232]
  epoch 3/3:  19%|█▉        | 17/88 [00:05<00:19,  3.72it/s, loss=0.232]
  epoch 3/3:  20%|██        | 18/88 [00:05<00:18,  3.69it/s, loss=0.232]
  epoch 3/3:  20%|██        | 18/88 [00:05<00:18,  3.69it/s, loss=0.232]
  epoch 3/3:  22%|██▏       | 19/88 [00:05<00:18,  3.72it/s, loss=0.232]
  epoch 3/3:  22%|██▏       | 19/88 [00:05<00:18,  3.72it/s, loss=0.231]
  epoch 3/3:  23%|██▎       | 20/88 [00:05<00:18,  3.72it/s, loss=0.231]
  epoch 3/3:  23%|██▎       | 20/88 [00:05<00:18,  3.72it/s, loss=0.228]
  epoch 3/3:  24%|██▍       | 21/88 [00:05<00:18,  3.71it/s, loss=0.228]
  epoch 3/3:  24%|██▍       | 21/88 [00:06<00:18,  3.71it/s, loss=0.228]
  epoch 3/3:  25%|██▌       | 22/88 [00:06<00:17,  3.72it/s, loss=0.228]
  epoch 3/3:  25%|██▌       | 22/88 [00:06<00:17,  3.72it/s, loss=0.229]
  epoch 3/3:  26%|██▌       | 23/88 [00:06<00:17,  3.72it/s, loss=0.229]
  epoch 3/3:  26%|██▌       | 23/88 [00:06<00:17,  3.72it/s, loss=0.230]
  epoch 3/3:  27%|██▋       | 24/88 [00:06<00:17,  3.65it/s, loss=0.230]
  epoch 3/3:  27%|██▋       | 24/88 [00:06<00:17,  3.65it/s, loss=0.230]
  epoch 3/3:  28%|██▊       | 25/88 [00:06<00:17,  3.67it/s, loss=0.230]
  epoch 3/3:  28%|██▊       | 25/88 [00:07<00:17,  3.67it/s, loss=0.230]
  epoch 3/3:  30%|██▉       | 26/88 [00:07<00:16,  3.68it/s, loss=0.230]
  epoch 3/3:  30%|██▉       | 26/88 [00:07<00:16,  3.68it/s, loss=0.228]
  epoch 3/3:  31%|███       | 27/88 [00:07<00:16,  3.67it/s, loss=0.228]
  epoch 3/3:  31%|███       | 27/88 [00:07<00:16,  3.67it/s, loss=0.224]
  epoch 3/3:  32%|███▏      | 28/88 [00:07<00:16,  3.67it/s, loss=0.224]
  epoch 3/3:  32%|███▏      | 28/88 [00:08<00:16,  3.67it/s, loss=0.225]
  epoch 3/3:  33%|███▎      | 29/88 [00:08<00:15,  3.69it/s, loss=0.225]
  epoch 3/3:  33%|███▎      | 29/88 [00:08<00:15,  3.69it/s, loss=0.226]
  epoch 3/3:  34%|███▍      | 30/88 [00:08<00:15,  3.70it/s, loss=0.226]
  epoch 3/3:  34%|███▍      | 30/88 [00:08<00:15,  3.70it/s, loss=0.223]
  epoch 3/3:  35%|███▌      | 31/88 [00:08<00:15,  3.70it/s, loss=0.223]
  epoch 3/3:  35%|███▌      | 31/88 [00:08<00:15,  3.70it/s, loss=0.225]
  epoch 3/3:  36%|███▋      | 32/88 [00:08<00:15,  3.71it/s, loss=0.225]
  epoch 3/3:  36%|███▋      | 32/88 [00:09<00:15,  3.71it/s, loss=0.223]
  epoch 3/3:  38%|███▊      | 33/88 [00:09<00:14,  3.69it/s, loss=0.223]
  epoch 3/3:  38%|███▊      | 33/88 [00:09<00:14,  3.69it/s, loss=0.222]
  epoch 3/3:  39%|███▊      | 34/88 [00:09<00:14,  3.71it/s, loss=0.222]
  epoch 3/3:  39%|███▊      | 34/88 [00:09<00:14,  3.71it/s, loss=0.223]
  epoch 3/3:  40%|███▉      | 35/88 [00:09<00:14,  3.71it/s, loss=0.223]
  epoch 3/3:  40%|███▉      | 35/88 [00:09<00:14,  3.71it/s, loss=0.221]
  epoch 3/3:  41%|████      | 36/88 [00:09<00:13,  3.72it/s, loss=0.221]
  epoch 3/3:  41%|████      | 36/88 [00:10<00:13,  3.72it/s, loss=0.218]
  epoch 3/3:  42%|████▏     | 37/88 [00:10<00:13,  3.73it/s, loss=0.218]
  epoch 3/3:  42%|████▏     | 37/88 [00:10<00:13,  3.73it/s, loss=0.216]
  epoch 3/3:  43%|████▎     | 38/88 [00:10<00:13,  3.73it/s, loss=0.216]
  epoch 3/3:  43%|████▎     | 38/88 [00:10<00:13,  3.73it/s, loss=0.214]
  epoch 3/3:  44%|████▍     | 39/88 [00:10<00:13,  3.72it/s, loss=0.214]
  epoch 3/3:  44%|████▍     | 39/88 [00:11<00:13,  3.72it/s, loss=0.212]
  epoch 3/3:  45%|████▌     | 40/88 [00:11<00:13,  3.68it/s, loss=0.212]
  epoch 3/3:  45%|████▌     | 40/88 [00:11<00:13,  3.68it/s, loss=0.210]
  epoch 3/3:  47%|████▋     | 41/88 [00:11<00:12,  3.68it/s, loss=0.210]
  epoch 3/3:  47%|████▋     | 41/88 [00:11<00:12,  3.68it/s, loss=0.208]
  epoch 3/3:  48%|████▊     | 42/88 [00:11<00:12,  3.70it/s, loss=0.208]
  epoch 3/3:  48%|████▊     | 42/88 [00:11<00:12,  3.70it/s, loss=0.208]
  epoch 3/3:  49%|████▉     | 43/88 [00:11<00:12,  3.71it/s, loss=0.208]
  epoch 3/3:  49%|████▉     | 43/88 [00:12<00:12,  3.71it/s, loss=0.208]
  epoch 3/3:  50%|█████     | 44/88 [00:12<00:11,  3.70it/s, loss=0.208]
  epoch 3/3:  50%|█████     | 44/88 [00:12<00:11,  3.70it/s, loss=0.206]
  epoch 3/3:  51%|█████     | 45/88 [00:12<00:11,  3.70it/s, loss=0.206]
  epoch 3/3:  51%|█████     | 45/88 [00:12<00:11,  3.70it/s, loss=0.204]
  epoch 3/3:  52%|█████▏    | 46/88 [00:12<00:11,  3.71it/s, loss=0.204]
  epoch 3/3:  52%|█████▏    | 46/88 [00:12<00:11,  3.71it/s, loss=0.203]
  epoch 3/3:  53%|█████▎    | 47/88 [00:12<00:11,  3.70it/s, loss=0.203]
  epoch 3/3:  53%|█████▎    | 47/88 [00:13<00:11,  3.70it/s, loss=0.203]
  epoch 3/3:  55%|█████▍    | 48/88 [00:13<00:10,  3.70it/s, loss=0.203]
  epoch 3/3:  55%|█████▍    | 48/88 [00:13<00:10,  3.70it/s, loss=0.201]
  epoch 3/3:  56%|█████▌    | 49/88 [00:13<00:10,  3.71it/s, loss=0.201]
  epoch 3/3:  56%|█████▌    | 49/88 [00:13<00:10,  3.71it/s, loss=0.200]
  epoch 3/3:  57%|█████▋    | 50/88 [00:13<00:10,  3.70it/s, loss=0.200]
  epoch 3/3:  57%|█████▋    | 50/88 [00:14<00:10,  3.70it/s, loss=0.198]
  epoch 3/3:  58%|█████▊    | 51/88 [00:14<00:09,  3.70it/s, loss=0.198]
  epoch 3/3:  58%|█████▊    | 51/88 [00:14<00:09,  3.70it/s, loss=0.198]
  epoch 3/3:  59%|█████▉    | 52/88 [00:14<00:09,  3.71it/s, loss=0.198]
  epoch 3/3:  59%|█████▉    | 52/88 [00:14<00:09,  3.71it/s, loss=0.198]
  epoch 3/3:  60%|██████    | 53/88 [00:14<00:09,  3.71it/s, loss=0.198]
  epoch 3/3:  60%|██████    | 53/88 [00:14<00:09,  3.71it/s, loss=0.197]
  epoch 3/3:  61%|██████▏   | 54/88 [00:14<00:09,  3.70it/s, loss=0.197]
  epoch 3/3:  61%|██████▏   | 54/88 [00:15<00:09,  3.70it/s, loss=0.198]
  epoch 3/3:  62%|██████▎   | 55/88 [00:15<00:08,  3.71it/s, loss=0.198]
  epoch 3/3:  62%|██████▎   | 55/88 [00:15<00:08,  3.71it/s, loss=0.197]
  epoch 3/3:  64%|██████▎   | 56/88 [00:15<00:08,  3.67it/s, loss=0.197]
  epoch 3/3:  64%|██████▎   | 56/88 [00:15<00:08,  3.67it/s, loss=0.195]
  epoch 3/3:  65%|██████▍   | 57/88 [00:15<00:08,  3.70it/s, loss=0.195]
  epoch 3/3:  65%|██████▍   | 57/88 [00:15<00:08,  3.70it/s, loss=0.195]
  epoch 3/3:  66%|██████▌   | 58/88 [00:15<00:08,  3.71it/s, loss=0.195]
  epoch 3/3:  66%|██████▌   | 58/88 [00:16<00:08,  3.71it/s, loss=0.194]
  epoch 3/3:  67%|██████▋   | 59/88 [00:16<00:07,  3.70it/s, loss=0.194]
  epoch 3/3:  67%|██████▋   | 59/88 [00:16<00:07,  3.70it/s, loss=0.193]
  epoch 3/3:  68%|██████▊   | 60/88 [00:16<00:07,  3.70it/s, loss=0.193]
  epoch 3/3:  68%|██████▊   | 60/88 [00:16<00:07,  3.70it/s, loss=0.193]
  epoch 3/3:  69%|██████▉   | 61/88 [00:16<00:07,  3.70it/s, loss=0.193]
  epoch 3/3:  69%|██████▉   | 61/88 [00:16<00:07,  3.70it/s, loss=0.192]
  epoch 3/3:  70%|███████   | 62/88 [00:16<00:07,  3.67it/s, loss=0.192]
  epoch 3/3:  70%|███████   | 62/88 [00:17<00:07,  3.67it/s, loss=0.191]
  epoch 3/3:  72%|███████▏  | 63/88 [00:17<00:06,  3.69it/s, loss=0.191]
  epoch 3/3:  72%|███████▏  | 63/88 [00:17<00:06,  3.69it/s, loss=0.192]
  epoch 3/3:  73%|███████▎  | 64/88 [00:17<00:06,  3.70it/s, loss=0.192]
  epoch 3/3:  73%|███████▎  | 64/88 [00:17<00:06,  3.70it/s, loss=0.190]
  epoch 3/3:  74%|███████▍  | 65/88 [00:17<00:06,  3.69it/s, loss=0.190]
  epoch 3/3:  74%|███████▍  | 65/88 [00:18<00:06,  3.69it/s, loss=0.189]
  epoch 3/3:  75%|███████▌  | 66/88 [00:18<00:05,  3.71it/s, loss=0.189]
  epoch 3/3:  75%|███████▌  | 66/88 [00:18<00:05,  3.71it/s, loss=0.188]
  epoch 3/3:  76%|███████▌  | 67/88 [00:18<00:05,  3.73it/s, loss=0.188]
  epoch 3/3:  76%|███████▌  | 67/88 [00:18<00:05,  3.73it/s, loss=0.190]
  epoch 3/3:  77%|███████▋  | 68/88 [00:18<00:05,  3.72it/s, loss=0.190]
  epoch 3/3:  77%|███████▋  | 68/88 [00:18<00:05,  3.72it/s, loss=0.189]
  epoch 3/3:  78%|███████▊  | 69/88 [00:18<00:05,  3.70it/s, loss=0.189]
  epoch 3/3:  78%|███████▊  | 69/88 [00:19<00:05,  3.70it/s, loss=0.189]
  epoch 3/3:  80%|███████▉  | 70/88 [00:19<00:04,  3.71it/s, loss=0.189]
  epoch 3/3:  80%|███████▉  | 70/88 [00:19<00:04,  3.71it/s, loss=0.188]
  epoch 3/3:  81%|████████  | 71/88 [00:19<00:04,  3.70it/s, loss=0.188]
  epoch 3/3:  81%|████████  | 71/88 [00:19<00:04,  3.70it/s, loss=0.188]
  epoch 3/3:  82%|████████▏ | 72/88 [00:19<00:04,  3.66it/s, loss=0.188]
  epoch 3/3:  82%|████████▏ | 72/88 [00:19<00:04,  3.66it/s, loss=0.188]
  epoch 3/3:  83%|████████▎ | 73/88 [00:19<00:04,  3.65it/s, loss=0.188]
  epoch 3/3:  83%|████████▎ | 73/88 [00:20<00:04,  3.65it/s, loss=0.188]
  epoch 3/3:  84%|████████▍ | 74/88 [00:20<00:03,  3.69it/s, loss=0.188]
  epoch 3/3:  84%|████████▍ | 74/88 [00:20<00:03,  3.69it/s, loss=0.188]
  epoch 3/3:  85%|████████▌ | 75/88 [00:20<00:03,  3.68it/s, loss=0.188]
  epoch 3/3:  85%|████████▌ | 75/88 [00:20<00:03,  3.68it/s, loss=0.188]
  epoch 3/3:  86%|████████▋ | 76/88 [00:20<00:03,  3.69it/s, loss=0.188]
  epoch 3/3:  86%|████████▋ | 76/88 [00:21<00:03,  3.69it/s, loss=0.187]
  epoch 3/3:  88%|████████▊ | 77/88 [00:21<00:02,  3.71it/s, loss=0.187]
  epoch 3/3:  88%|████████▊ | 77/88 [00:21<00:02,  3.71it/s, loss=0.186]
  epoch 3/3:  89%|████████▊ | 78/88 [00:21<00:02,  3.72it/s, loss=0.186]
  epoch 3/3:  89%|████████▊ | 78/88 [00:21<00:02,  3.72it/s, loss=0.186]
  epoch 3/3:  90%|████████▉ | 79/88 [00:21<00:02,  3.72it/s, loss=0.186]
  epoch 3/3:  90%|████████▉ | 79/88 [00:21<00:02,  3.72it/s, loss=0.185]
  epoch 3/3:  91%|█████████ | 80/88 [00:21<00:02,  3.71it/s, loss=0.185]
  epoch 3/3:  91%|█████████ | 80/88 [00:22<00:02,  3.71it/s, loss=0.184]
  epoch 3/3:  92%|█████████▏| 81/88 [00:22<00:01,  3.72it/s, loss=0.184]
  epoch 3/3:  92%|█████████▏| 81/88 [00:22<00:01,  3.72it/s, loss=0.183]
  epoch 3/3:  93%|█████████▎| 82/88 [00:22<00:01,  3.73it/s, loss=0.183]
  epoch 3/3:  93%|█████████▎| 82/88 [00:22<00:01,  3.73it/s, loss=0.182]
  epoch 3/3:  94%|█████████▍| 83/88 [00:22<00:01,  3.73it/s, loss=0.182]
  epoch 3/3:  94%|█████████▍| 83/88 [00:22<00:01,  3.73it/s, loss=0.181]
  epoch 3/3:  95%|█████████▌| 84/88 [00:22<00:01,  3.69it/s, loss=0.181]
  epoch 3/3:  95%|█████████▌| 84/88 [00:23<00:01,  3.69it/s, loss=0.182]
  epoch 3/3:  97%|█████████▋| 85/88 [00:23<00:00,  3.72it/s, loss=0.182]
  epoch 3/3:  97%|█████████▋| 85/88 [00:23<00:00,  3.72it/s, loss=0.181]
  epoch 3/3:  98%|█████████▊| 86/88 [00:23<00:00,  3.70it/s, loss=0.181]
  epoch 3/3:  98%|█████████▊| 86/88 [00:23<00:00,  3.70it/s, loss=0.181]
  epoch 3/3:  99%|█████████▉| 87/88 [00:23<00:00,  3.71it/s, loss=0.181]
  epoch 3/3:  99%|█████████▉| 87/88 [00:23<00:00,  3.71it/s, loss=0.181]
  epoch 3/3: 100%|██████████| 88/88 [00:23<00:00,  4.00it/s, loss=0.181]
                                                                        
[titans] reset=never | norm(state) sau task = 82.1803
[titans]   self-mod v:β=0.85 |W|=2.57
[titans]   eta_t(avg)=17.5892  alpha_t/forget-gate(avg)=0.9984
[task 5] test acc so far: 0.874  0.774  0.757  0.577  0.543  0.260
[task 5] NCM-blend gamma=0: 0.809  0.689  0.791  0.743  0.689  0.789
[task 5] NCM-blend gamma=1: 0.831  0.649  0.820  0.771  0.769  0.840
[checkpoint] đã lưu tiến độ sau task 5
[task 6] classes=[4, 8, 13, 18, 40] | train=2800

  epoch 1/3:   0%|          | 0/88 [00:00<?, ?it/s]
  epoch 1/3:   0%|          | 0/88 [00:00<?, ?it/s, loss=1.715]
  epoch 1/3:   1%|          | 1/88 [00:00<00:43,  1.99it/s, loss=1.715]
  epoch 1/3:   1%|          | 1/88 [00:00<00:43,  1.99it/s, loss=1.670]
  epoch 1/3:   2%|▏         | 2/88 [00:00<00:31,  2.74it/s, loss=1.670]
  epoch 1/3:   2%|▏         | 2/88 [00:01<00:31,  2.74it/s, loss=1.670]
  epoch 1/3:   3%|▎         | 3/88 [00:01<00:27,  3.12it/s, loss=1.670]
  epoch 1/3:   3%|▎         | 3/88 [00:01<00:27,  3.12it/s, loss=1.648]
  epoch 1/3:   5%|▍         | 4/88 [00:01<00:25,  3.34it/s, loss=1.648]
  epoch 1/3:   5%|▍         | 4/88 [00:01<00:25,  3.34it/s, loss=1.622]
  epoch 1/3:   6%|▌         | 5/88 [00:01<00:23,  3.49it/s, loss=1.622]
  epoch 1/3:   6%|▌         | 5/88 [00:01<00:23,  3.49it/s, loss=1.647]
  epoch 1/3:   7%|▋         | 6/88 [00:01<00:23,  3.55it/s, loss=1.647]
  epoch 1/3:   7%|▋         | 6/88 [00:02<00:23,  3.55it/s, loss=1.623]
  epoch 1/3:   8%|▊         | 7/88 [00:02<00:22,  3.60it/s, loss=1.623]
  epoch 1/3:   8%|▊         | 7/88 [00:02<00:22,  3.60it/s, loss=1.626]
  epoch 1/3:   9%|▉         | 8/88 [00:02<00:21,  3.67it/s, loss=1.626]
  epoch 1/3:   9%|▉         | 8/88 [00:02<00:21,  3.67it/s, loss=1.623]
  epoch 1/3:  10%|█         | 9/88 [00:02<00:21,  3.70it/s, loss=1.623]
  epoch 1/3:  10%|█         | 9/88 [00:02<00:21,  3.70it/s, loss=1.622]
  epoch 1/3:  11%|█▏        | 10/88 [00:02<00:20,  3.72it/s, loss=1.622]
  epoch 1/3:  11%|█▏        | 10/88 [00:03<00:20,  3.72it/s, loss=1.619]
  epoch 1/3:  12%|█▎        | 11/88 [00:03<00:20,  3.72it/s, loss=1.619]
  epoch 1/3:  12%|█▎        | 11/88 [00:03<00:20,  3.72it/s, loss=1.600]
  epoch 1/3:  14%|█▎        | 12/88 [00:03<00:20,  3.72it/s, loss=1.600]
  epoch 1/3:  14%|█▎        | 12/88 [00:03<00:20,  3.72it/s, loss=1.617]
  epoch 1/3:  15%|█▍        | 13/88 [00:03<00:20,  3.73it/s, loss=1.617]
  epoch 1/3:  15%|█▍        | 13/88 [00:03<00:20,  3.73it/s, loss=1.597]
  epoch 1/3:  16%|█▌        | 14/88 [00:03<00:19,  3.74it/s, loss=1.597]
  epoch 1/3:  16%|█▌        | 14/88 [00:04<00:19,  3.74it/s, loss=1.588]
  epoch 1/3:  17%|█▋        | 15/88 [00:04<00:19,  3.75it/s, loss=1.588]
  epoch 1/3:  17%|█▋        | 15/88 [00:04<00:19,  3.75it/s, loss=1.585]
  epoch 1/3:  18%|█▊        | 16/88 [00:04<00:19,  3.71it/s, loss=1.585]
  epoch 1/3:  18%|█▊        | 16/88 [00:04<00:19,  3.71it/s, loss=1.577]
  epoch 1/3:  19%|█▉        | 17/88 [00:04<00:19,  3.72it/s, loss=1.577]
  epoch 1/3:  19%|█▉        | 17/88 [00:05<00:19,  3.72it/s, loss=1.567]
  epoch 1/3:  20%|██        | 18/88 [00:05<00:18,  3.73it/s, loss=1.567]
  epoch 1/3:  20%|██        | 18/88 [00:05<00:18,  3.73it/s, loss=1.551]
  epoch 1/3:  22%|██▏       | 19/88 [00:05<00:18,  3.74it/s, loss=1.551]
  epoch 1/3:  22%|██▏       | 19/88 [00:05<00:18,  3.74it/s, loss=1.537]
  epoch 1/3:  23%|██▎       | 20/88 [00:05<00:18,  3.75it/s, loss=1.537]
  epoch 1/3:  23%|██▎       | 20/88 [00:05<00:18,  3.75it/s, loss=1.532]
  epoch 1/3:  24%|██▍       | 21/88 [00:05<00:17,  3.73it/s, loss=1.532]
  epoch 1/3:  24%|██▍       | 21/88 [00:06<00:17,  3.73it/s, loss=1.513]
  epoch 1/3:  25%|██▌       | 22/88 [00:06<00:17,  3.73it/s, loss=1.513]
  epoch 1/3:  25%|██▌       | 22/88 [00:06<00:17,  3.73it/s, loss=1.504]
  epoch 1/3:  26%|██▌       | 23/88 [00:06<00:17,  3.75it/s, loss=1.504]
  epoch 1/3:  26%|██▌       | 23/88 [00:06<00:17,  3.75it/s, loss=1.486]
  epoch 1/3:  27%|██▋       | 24/88 [00:06<00:17,  3.76it/s, loss=1.486]
  epoch 1/3:  27%|██▋       | 24/88 [00:06<00:17,  3.76it/s, loss=1.480]
  epoch 1/3:  28%|██▊       | 25/88 [00:06<00:16,  3.75it/s, loss=1.480]
  epoch 1/3:  28%|██▊       | 25/88 [00:07<00:16,  3.75it/s, loss=1.475]
  epoch 1/3:  30%|██▉       | 26/88 [00:07<00:16,  3.75it/s, loss=1.475]
  epoch 1/3:  30%|██▉       | 26/88 [00:07<00:16,  3.75it/s, loss=1.460]
  epoch 1/3:  31%|███       | 27/88 [00:07<00:16,  3.73it/s, loss=1.460]
  epoch 1/3:  31%|███       | 27/88 [00:07<00:16,  3.73it/s, loss=1.450]
  epoch 1/3:  32%|███▏      | 28/88 [00:07<00:16,  3.74it/s, loss=1.450]
  epoch 1/3:  32%|███▏      | 28/88 [00:07<00:16,  3.74it/s, loss=1.437]
  epoch 1/3:  33%|███▎      | 29/88 [00:07<00:15,  3.75it/s, loss=1.437]
  epoch 1/3:  33%|███▎      | 29/88 [00:08<00:15,  3.75it/s, loss=1.428]
  epoch 1/3:  34%|███▍      | 30/88 [00:08<00:15,  3.76it/s, loss=1.428]
  epoch 1/3:  34%|███▍      | 30/88 [00:08<00:15,  3.76it/s, loss=1.414]
  epoch 1/3:  35%|███▌      | 31/88 [00:08<00:15,  3.75it/s, loss=1.414]
  epoch 1/3:  35%|███▌      | 31/88 [00:08<00:15,  3.75it/s, loss=1.400]
  epoch 1/3:  36%|███▋      | 32/88 [00:08<00:15,  3.71it/s, loss=1.400]
  epoch 1/3:  36%|███▋      | 32/88 [00:09<00:15,  3.71it/s, loss=1.389]
  epoch 1/3:  38%|███▊      | 33/88 [00:09<00:14,  3.72it/s, loss=1.389]
  epoch 1/3:  38%|███▊      | 33/88 [00:09<00:14,  3.72it/s, loss=1.382]
  epoch 1/3:  39%|███▊      | 34/88 [00:09<00:14,  3.72it/s, loss=1.382]
  epoch 1/3:  39%|███▊      | 34/88 [00:09<00:14,  3.72it/s, loss=1.369]
  epoch 1/3:  40%|███▉      | 35/88 [00:09<00:14,  3.74it/s, loss=1.369]
  epoch 1/3:  40%|███▉      | 35/88 [00:09<00:14,  3.74it/s, loss=1.354]
  epoch 1/3:  41%|████      | 36/88 [00:09<00:13,  3.74it/s, loss=1.354]
  epoch 1/3:  41%|████      | 36/88 [00:10<00:13,  3.74it/s, loss=1.345]
  epoch 1/3:  42%|████▏     | 37/88 [00:10<00:13,  3.71it/s, loss=1.345]
  epoch 1/3:  42%|████▏     | 37/88 [00:10<00:13,  3.71it/s, loss=1.336]
  epoch 1/3:  43%|████▎     | 38/88 [00:10<00:13,  3.73it/s, loss=1.336]
  epoch 1/3:  43%|████▎     | 38/88 [00:10<00:13,  3.73it/s, loss=1.331]
  epoch 1/3:  44%|████▍     | 39/88 [00:10<00:13,  3.73it/s, loss=1.331]
  epoch 1/3:  44%|████▍     | 39/88 [00:10<00:13,  3.73it/s, loss=1.323]
  epoch 1/3:  45%|████▌     | 40/88 [00:10<00:12,  3.75it/s, loss=1.323]
  epoch 1/3:  45%|████▌     | 40/88 [00:11<00:12,  3.75it/s, loss=1.314]
  epoch 1/3:  47%|████▋     | 41/88 [00:11<00:12,  3.74it/s, loss=1.314]
  epoch 1/3:  47%|████▋     | 41/88 [00:11<00:12,  3.74it/s, loss=1.304]
  epoch 1/3:  48%|████▊     | 42/88 [00:11<00:12,  3.73it/s, loss=1.304]
  epoch 1/3:  48%|████▊     | 42/88 [00:11<00:12,  3.73it/s, loss=1.295]
  epoch 1/3:  49%|████▉     | 43/88 [00:11<00:12,  3.74it/s, loss=1.295]
  epoch 1/3:  49%|████▉     | 43/88 [00:12<00:12,  3.74it/s, loss=1.286]
  epoch 1/3:  50%|█████     | 44/88 [00:12<00:11,  3.74it/s, loss=1.286]
  epoch 1/3:  50%|█████     | 44/88 [00:12<00:11,  3.74it/s, loss=1.279]
  epoch 1/3:  51%|█████     | 45/88 [00:12<00:11,  3.73it/s, loss=1.279]
  epoch 1/3:  51%|█████     | 45/88 [00:12<00:11,  3.73it/s, loss=1.268]
  epoch 1/3:  52%|█████▏    | 46/88 [00:12<00:11,  3.70it/s, loss=1.268]
  epoch 1/3:  52%|█████▏    | 46/88 [00:12<00:11,  3.70it/s, loss=1.259]
  epoch 1/3:  53%|█████▎    | 47/88 [00:12<00:10,  3.73it/s, loss=1.259]
  epoch 1/3:  53%|█████▎    | 47/88 [00:13<00:10,  3.73it/s, loss=1.248]
  epoch 1/3:  55%|█████▍    | 48/88 [00:13<00:10,  3.70it/s, loss=1.248]
  epoch 1/3:  55%|█████▍    | 48/88 [00:13<00:10,  3.70it/s, loss=1.240]
  epoch 1/3:  56%|█████▌    | 49/88 [00:13<00:10,  3.69it/s, loss=1.240]
  epoch 1/3:  56%|█████▌    | 49/88 [00:13<00:10,  3.69it/s, loss=1.234]
  epoch 1/3:  57%|█████▋    | 50/88 [00:13<00:10,  3.72it/s, loss=1.234]
  epoch 1/3:  57%|█████▋    | 50/88 [00:13<00:10,  3.72it/s, loss=1.226]
  epoch 1/3:  58%|█████▊    | 51/88 [00:13<00:09,  3.73it/s, loss=1.226]
  epoch 1/3:  58%|█████▊    | 51/88 [00:14<00:09,  3.73it/s, loss=1.216]
  epoch 1/3:  59%|█████▉    | 52/88 [00:14<00:09,  3.74it/s, loss=1.216]
  epoch 1/3:  59%|█████▉    | 52/88 [00:14<00:09,  3.74it/s, loss=1.208]
  epoch 1/3:  60%|██████    | 53/88 [00:14<00:09,  3.75it/s, loss=1.208]
  epoch 1/3:  60%|██████    | 53/88 [00:14<00:09,  3.75it/s, loss=1.200]
  epoch 1/3:  61%|██████▏   | 54/88 [00:14<00:09,  3.76it/s, loss=1.200]
  epoch 1/3:  61%|██████▏   | 54/88 [00:14<00:09,  3.76it/s, loss=1.194]
  epoch 1/3:  62%|██████▎   | 55/88 [00:14<00:08,  3.73it/s, loss=1.194]
  epoch 1/3:  62%|██████▎   | 55/88 [00:15<00:08,  3.73it/s, loss=1.186]
  epoch 1/3:  64%|██████▎   | 56/88 [00:15<00:08,  3.72it/s, loss=1.186]
  epoch 1/3:  64%|██████▎   | 56/88 [00:15<00:08,  3.72it/s, loss=1.178]
  epoch 1/3:  65%|██████▍   | 57/88 [00:15<00:08,  3.74it/s, loss=1.178]
  epoch 1/3:  65%|██████▍   | 57/88 [00:15<00:08,  3.74it/s, loss=1.172]
  epoch 1/3:  66%|██████▌   | 58/88 [00:15<00:07,  3.76it/s, loss=1.172]
  epoch 1/3:  66%|██████▌   | 58/88 [00:16<00:07,  3.76it/s, loss=1.163]
  epoch 1/3:  67%|██████▋   | 59/88 [00:16<00:07,  3.76it/s, loss=1.163]
  epoch 1/3:  67%|██████▋   | 59/88 [00:16<00:07,  3.76it/s, loss=1.156]
  epoch 1/3:  68%|██████▊   | 60/88 [00:16<00:07,  3.74it/s, loss=1.156]
  epoch 1/3:  68%|██████▊   | 60/88 [00:16<00:07,  3.74it/s, loss=1.150]
  epoch 1/3:  69%|██████▉   | 61/88 [00:16<00:07,  3.73it/s, loss=1.150]
  epoch 1/3:  69%|██████▉   | 61/88 [00:16<00:07,  3.73it/s, loss=1.142]
  epoch 1/3:  70%|███████   | 62/88 [00:16<00:06,  3.72it/s, loss=1.142]
  epoch 1/3:  70%|███████   | 62/88 [00:17<00:06,  3.72it/s, loss=1.135]
  epoch 1/3:  72%|███████▏  | 63/88 [00:17<00:06,  3.73it/s, loss=1.135]
  epoch 1/3:  72%|███████▏  | 63/88 [00:17<00:06,  3.73it/s, loss=1.131]
  epoch 1/3:  73%|███████▎  | 64/88 [00:17<00:06,  3.70it/s, loss=1.131]
  epoch 1/3:  73%|███████▎  | 64/88 [00:17<00:06,  3.70it/s, loss=1.125]
  epoch 1/3:  74%|███████▍  | 65/88 [00:17<00:06,  3.70it/s, loss=1.125]
  epoch 1/3:  74%|███████▍  | 65/88 [00:17<00:06,  3.70it/s, loss=1.119]
  epoch 1/3:  75%|███████▌  | 66/88 [00:17<00:05,  3.73it/s, loss=1.119]
  epoch 1/3:  75%|███████▌  | 66/88 [00:18<00:05,  3.73it/s, loss=1.113]
  epoch 1/3:  76%|███████▌  | 67/88 [00:18<00:05,  3.74it/s, loss=1.113]
  epoch 1/3:  76%|███████▌  | 67/88 [00:18<00:05,  3.74it/s, loss=1.106]
  epoch 1/3:  77%|███████▋  | 68/88 [00:18<00:05,  3.75it/s, loss=1.106]
  epoch 1/3:  77%|███████▋  | 68/88 [00:18<00:05,  3.75it/s, loss=1.100]
  epoch 1/3:  78%|███████▊  | 69/88 [00:18<00:05,  3.76it/s, loss=1.100]
  epoch 1/3:  78%|███████▊  | 69/88 [00:18<00:05,  3.76it/s, loss=1.093]
  epoch 1/3:  80%|███████▉  | 70/88 [00:18<00:04,  3.74it/s, loss=1.093]
  epoch 1/3:  80%|███████▉  | 70/88 [00:19<00:04,  3.74it/s, loss=1.085]
  epoch 1/3:  81%|████████  | 71/88 [00:19<00:04,  3.73it/s, loss=1.085]
  epoch 1/3:  81%|████████  | 71/88 [00:19<00:04,  3.73it/s, loss=1.079]
  epoch 1/3:  82%|████████▏ | 72/88 [00:19<00:04,  3.75it/s, loss=1.079]
  epoch 1/3:  82%|████████▏ | 72/88 [00:19<00:04,  3.75it/s, loss=1.073]
  epoch 1/3:  83%|████████▎ | 73/88 [00:19<00:04,  3.75it/s, loss=1.073]
  epoch 1/3:  83%|████████▎ | 73/88 [00:20<00:04,  3.75it/s, loss=1.067]
  epoch 1/3:  84%|████████▍ | 74/88 [00:20<00:03,  3.74it/s, loss=1.067]
  epoch 1/3:  84%|████████▍ | 74/88 [00:20<00:03,  3.74it/s, loss=1.059]
  epoch 1/3:  85%|████████▌ | 75/88 [00:20<00:03,  3.72it/s, loss=1.059]
  epoch 1/3:  85%|████████▌ | 75/88 [00:20<00:03,  3.72it/s, loss=1.053]
  epoch 1/3:  86%|████████▋ | 76/88 [00:20<00:03,  3.73it/s, loss=1.053]
  epoch 1/3:  86%|████████▋ | 76/88 [00:20<00:03,  3.73it/s, loss=1.047]
  epoch 1/3:  88%|████████▊ | 77/88 [00:20<00:02,  3.74it/s, loss=1.047]
  epoch 1/3:  88%|████████▊ | 77/88 [00:21<00:02,  3.74it/s, loss=1.040]
  epoch 1/3:  89%|████████▊ | 78/88 [00:21<00:02,  3.74it/s, loss=1.040]
  epoch 1/3:  89%|████████▊ | 78/88 [00:21<00:02,  3.74it/s, loss=1.035]
  epoch 1/3:  90%|████████▉ | 79/88 [00:21<00:02,  3.73it/s, loss=1.035]
  epoch 1/3:  90%|████████▉ | 79/88 [00:21<00:02,  3.73it/s, loss=1.028]
  epoch 1/3:  91%|█████████ | 80/88 [00:21<00:02,  3.69it/s, loss=1.028]
  epoch 1/3:  91%|█████████ | 80/88 [00:21<00:02,  3.69it/s, loss=1.023]
  epoch 1/3:  92%|█████████▏| 81/88 [00:21<00:01,  3.72it/s, loss=1.023]
  epoch 1/3:  92%|█████████▏| 81/88 [00:22<00:01,  3.72it/s, loss=1.015]
  epoch 1/3:  93%|█████████▎| 82/88 [00:22<00:01,  3.70it/s, loss=1.015]
  epoch 1/3:  93%|█████████▎| 82/88 [00:22<00:01,  3.70it/s, loss=1.008]
  epoch 1/3:  94%|█████████▍| 83/88 [00:22<00:01,  3.72it/s, loss=1.008]
  epoch 1/3:  94%|█████████▍| 83/88 [00:22<00:01,  3.72it/s, loss=1.002]
  epoch 1/3:  95%|█████████▌| 84/88 [00:22<00:01,  3.72it/s, loss=1.002]
  epoch 1/3:  95%|█████████▌| 84/88 [00:22<00:01,  3.72it/s, loss=0.995]
  epoch 1/3:  97%|█████████▋| 85/88 [00:22<00:00,  3.74it/s, loss=0.995]
  epoch 1/3:  97%|█████████▋| 85/88 [00:23<00:00,  3.74it/s, loss=0.989]
  epoch 1/3:  98%|█████████▊| 86/88 [00:23<00:00,  3.75it/s, loss=0.989]
  epoch 1/3:  98%|█████████▊| 86/88 [00:23<00:00,  3.75it/s, loss=0.984]
  epoch 1/3:  99%|█████████▉| 87/88 [00:23<00:00,  3.75it/s, loss=0.984]
  epoch 1/3:  99%|█████████▉| 87/88 [00:23<00:00,  3.75it/s, loss=0.981]
  epoch 1/3: 100%|██████████| 88/88 [00:23<00:00,  4.09it/s, loss=0.981]
                                                                        

  epoch 2/3:   0%|          | 0/88 [00:00<?, ?it/s]
  epoch 2/3:   0%|          | 0/88 [00:00<?, ?it/s, loss=0.408]
  epoch 2/3:   1%|          | 1/88 [00:00<00:42,  2.03it/s, loss=0.408]
  epoch 2/3:   1%|          | 1/88 [00:00<00:42,  2.03it/s, loss=0.404]
  epoch 2/3:   2%|▏         | 2/88 [00:00<00:30,  2.78it/s, loss=0.404]
  epoch 2/3:   2%|▏         | 2/88 [00:01<00:30,  2.78it/s, loss=0.412]
  epoch 2/3:   3%|▎         | 3/88 [00:01<00:27,  3.13it/s, loss=0.412]
  epoch 2/3:   3%|▎         | 3/88 [00:01<00:27,  3.13it/s, loss=0.395]
  epoch 2/3:   5%|▍         | 4/88 [00:01<00:25,  3.36it/s, loss=0.395]
  epoch 2/3:   5%|▍         | 4/88 [00:01<00:25,  3.36it/s, loss=0.406]
  epoch 2/3:   6%|▌         | 5/88 [00:01<00:23,  3.46it/s, loss=0.406]
  epoch 2/3:   6%|▌         | 5/88 [00:01<00:23,  3.46it/s, loss=0.394]
  epoch 2/3:   7%|▋         | 6/88 [00:01<00:22,  3.57it/s, loss=0.394]
  epoch 2/3:   7%|▋         | 6/88 [00:02<00:22,  3.57it/s, loss=0.420]
  epoch 2/3:   8%|▊         | 7/88 [00:02<00:22,  3.60it/s, loss=0.420]
  epoch 2/3:   8%|▊         | 7/88 [00:02<00:22,  3.60it/s, loss=0.423]
  epoch 2/3:   9%|▉         | 8/88 [00:02<00:22,  3.60it/s, loss=0.423]
  epoch 2/3:   9%|▉         | 8/88 [00:02<00:22,  3.60it/s, loss=0.420]
  epoch 2/3:  10%|█         | 9/88 [00:02<00:21,  3.63it/s, loss=0.420]
  epoch 2/3:  10%|█         | 9/88 [00:02<00:21,  3.63it/s, loss=0.422]
  epoch 2/3:  11%|█▏        | 10/88 [00:02<00:21,  3.68it/s, loss=0.422]
  epoch 2/3:  11%|█▏        | 10/88 [00:03<00:21,  3.68it/s, loss=0.422]
  epoch 2/3:  12%|█▎        | 11/88 [00:03<00:20,  3.71it/s, loss=0.422]
  epoch 2/3:  12%|█▎        | 11/88 [00:03<00:20,  3.71it/s, loss=0.413]
  epoch 2/3:  14%|█▎        | 12/88 [00:03<00:20,  3.71it/s, loss=0.413]
  epoch 2/3:  14%|█▎        | 12/88 [00:03<00:20,  3.71it/s, loss=0.409]
  epoch 2/3:  15%|█▍        | 13/88 [00:03<00:20,  3.73it/s, loss=0.409]
  epoch 2/3:  15%|█▍        | 13/88 [00:03<00:20,  3.73it/s, loss=0.399]
  epoch 2/3:  16%|█▌        | 14/88 [00:03<00:19,  3.73it/s, loss=0.399]
  epoch 2/3:  16%|█▌        | 14/88 [00:04<00:19,  3.73it/s, loss=0.401]
  epoch 2/3:  17%|█▋        | 15/88 [00:04<00:19,  3.71it/s, loss=0.401]
  epoch 2/3:  17%|█▋        | 15/88 [00:04<00:19,  3.71it/s, loss=0.401]
  epoch 2/3:  18%|█▊        | 16/88 [00:04<00:19,  3.72it/s, loss=0.401]
  epoch 2/3:  18%|█▊        | 16/88 [00:04<00:19,  3.72it/s, loss=0.397]
  epoch 2/3:  19%|█▉        | 17/88 [00:04<00:19,  3.73it/s, loss=0.397]
  epoch 2/3:  19%|█▉        | 17/88 [00:05<00:19,  3.73it/s, loss=0.395]
  epoch 2/3:  20%|██        | 18/88 [00:05<00:18,  3.72it/s, loss=0.395]
  epoch 2/3:  20%|██        | 18/88 [00:05<00:18,  3.72it/s, loss=0.389]
  epoch 2/3:  22%|██▏       | 19/88 [00:05<00:18,  3.71it/s, loss=0.389]
  epoch 2/3:  22%|██▏       | 19/88 [00:05<00:18,  3.71it/s, loss=0.390]
  epoch 2/3:  23%|██▎       | 20/88 [00:05<00:18,  3.73it/s, loss=0.390]
  epoch 2/3:  23%|██▎       | 20/88 [00:05<00:18,  3.73it/s, loss=0.387]
  epoch 2/3:  24%|██▍       | 21/88 [00:05<00:17,  3.74it/s, loss=0.387]
  epoch 2/3:  24%|██▍       | 21/88 [00:06<00:17,  3.74it/s, loss=0.386]
  epoch 2/3:  25%|██▌       | 22/88 [00:06<00:17,  3.75it/s, loss=0.386]
  epoch 2/3:  25%|██▌       | 22/88 [00:06<00:17,  3.75it/s, loss=0.380]
  epoch 2/3:  26%|██▌       | 23/88 [00:06<00:17,  3.74it/s, loss=0.380]
  epoch 2/3:  26%|██▌       | 23/88 [00:06<00:17,  3.74it/s, loss=0.379]
  epoch 2/3:  27%|██▋       | 24/88 [00:06<00:17,  3.67it/s, loss=0.379]
  epoch 2/3:  27%|██▋       | 24/88 [00:06<00:17,  3.67it/s, loss=0.378]
  epoch 2/3:  28%|██▊       | 25/88 [00:06<00:17,  3.69it/s, loss=0.378]
  epoch 2/3:  28%|██▊       | 25/88 [00:07<00:17,  3.69it/s, loss=0.375]
  epoch 2/3:  30%|██▉       | 26/88 [00:07<00:16,  3.70it/s, loss=0.375]
  epoch 2/3:  30%|██▉       | 26/88 [00:07<00:16,  3.70it/s, loss=0.374]
  epoch 2/3:  31%|███       | 27/88 [00:07<00:16,  3.72it/s, loss=0.374]
  epoch 2/3:  31%|███       | 27/88 [00:07<00:16,  3.72it/s, loss=0.369]
  epoch 2/3:  32%|███▏      | 28/88 [00:07<00:16,  3.73it/s, loss=0.369]
  epoch 2/3:  32%|███▏      | 28/88 [00:08<00:16,  3.73it/s, loss=0.367]
  epoch 2/3:  33%|███▎      | 29/88 [00:08<00:15,  3.71it/s, loss=0.367]
  epoch 2/3:  33%|███▎      | 29/88 [00:08<00:15,  3.71it/s, loss=0.364]
  epoch 2/3:  34%|███▍      | 30/88 [00:08<00:15,  3.71it/s, loss=0.364]
  epoch 2/3:  34%|███▍      | 30/88 [00:08<00:15,  3.71it/s, loss=0.359]
  epoch 2/3:  35%|███▌      | 31/88 [00:08<00:15,  3.71it/s, loss=0.359]
  epoch 2/3:  35%|███▌      | 31/88 [00:08<00:15,  3.71it/s, loss=0.356]
  epoch 2/3:  36%|███▋      | 32/88 [00:08<00:15,  3.72it/s, loss=0.356]
  epoch 2/3:  36%|███▋      | 32/88 [00:09<00:15,  3.72it/s, loss=0.352]
  epoch 2/3:  38%|███▊      | 33/88 [00:09<00:14,  3.70it/s, loss=0.352]
  epoch 2/3:  38%|███▊      | 33/88 [00:09<00:14,  3.70it/s, loss=0.352]
  epoch 2/3:  39%|███▊      | 34/88 [00:09<00:14,  3.72it/s, loss=0.352]
  epoch 2/3:  39%|███▊      | 34/88 [00:09<00:14,  3.72it/s, loss=0.351]
  epoch 2/3:  40%|███▉      | 35/88 [00:09<00:14,  3.73it/s, loss=0.351]
  epoch 2/3:  40%|███▉      | 35/88 [00:09<00:14,  3.73it/s, loss=0.348]
  epoch 2/3:  41%|████      | 36/88 [00:09<00:13,  3.73it/s, loss=0.348]
  epoch 2/3:  41%|████      | 36/88 [00:10<00:13,  3.73it/s, loss=0.346]
  epoch 2/3:  42%|████▏     | 37/88 [00:10<00:13,  3.72it/s, loss=0.346]
  epoch 2/3:  42%|████▏     | 37/88 [00:10<00:13,  3.72it/s, loss=0.342]
  epoch 2/3:  43%|████▎     | 38/88 [00:10<00:13,  3.74it/s, loss=0.342]
  epoch 2/3:  43%|████▎     | 38/88 [00:10<00:13,  3.74it/s, loss=0.340]
  epoch 2/3:  44%|████▍     | 39/88 [00:10<00:13,  3.75it/s, loss=0.340]
  epoch 2/3:  44%|████▍     | 39/88 [00:10<00:13,  3.75it/s, loss=0.339]
  epoch 2/3:  45%|████▌     | 40/88 [00:10<00:12,  3.71it/s, loss=0.339]
  epoch 2/3:  45%|████▌     | 40/88 [00:11<00:12,  3.71it/s, loss=0.338]
  epoch 2/3:  47%|████▋     | 41/88 [00:11<00:12,  3.71it/s, loss=0.338]
  epoch 2/3:  47%|████▋     | 41/88 [00:11<00:12,  3.71it/s, loss=0.334]
  epoch 2/3:  48%|████▊     | 42/88 [00:11<00:12,  3.70it/s, loss=0.334]
  epoch 2/3:  48%|████▊     | 42/88 [00:11<00:12,  3.70it/s, loss=0.332]
  epoch 2/3:  49%|████▉     | 43/88 [00:11<00:12,  3.68it/s, loss=0.332]
  epoch 2/3:  49%|████▉     | 43/88 [00:12<00:12,  3.68it/s, loss=0.329]
  epoch 2/3:  50%|█████     | 44/88 [00:12<00:11,  3.69it/s, loss=0.329]
  epoch 2/3:  50%|█████     | 44/88 [00:12<00:11,  3.69it/s, loss=0.330]
  epoch 2/3:  51%|█████     | 45/88 [00:12<00:11,  3.70it/s, loss=0.330]
  epoch 2/3:  51%|█████     | 45/88 [00:12<00:11,  3.70it/s, loss=0.326]
  epoch 2/3:  52%|█████▏    | 46/88 [00:12<00:11,  3.69it/s, loss=0.326]
  epoch 2/3:  52%|█████▏    | 46/88 [00:12<00:11,  3.69it/s, loss=0.323]
  epoch 2/3:  53%|█████▎    | 47/88 [00:12<00:11,  3.71it/s, loss=0.323]
  epoch 2/3:  53%|█████▎    | 47/88 [00:13<00:11,  3.71it/s, loss=0.323]
  epoch 2/3:  55%|█████▍    | 48/88 [00:13<00:10,  3.72it/s, loss=0.323]
  epoch 2/3:  55%|█████▍    | 48/88 [00:13<00:10,  3.72it/s, loss=0.323]
  epoch 2/3:  56%|█████▌    | 49/88 [00:13<00:10,  3.71it/s, loss=0.323]
  epoch 2/3:  56%|█████▌    | 49/88 [00:13<00:10,  3.71it/s, loss=0.322]
  epoch 2/3:  57%|█████▋    | 50/88 [00:13<00:10,  3.72it/s, loss=0.322]
  epoch 2/3:  57%|█████▋    | 50/88 [00:13<00:10,  3.72it/s, loss=0.320]
  epoch 2/3:  58%|█████▊    | 51/88 [00:13<00:09,  3.72it/s, loss=0.320]
  epoch 2/3:  58%|█████▊    | 51/88 [00:14<00:09,  3.72it/s, loss=0.320]
  epoch 2/3:  59%|█████▉    | 52/88 [00:14<00:09,  3.73it/s, loss=0.320]
  epoch 2/3:  59%|█████▉    | 52/88 [00:14<00:09,  3.73it/s, loss=0.320]
  epoch 2/3:  60%|██████    | 53/88 [00:14<00:09,  3.71it/s, loss=0.320]
  epoch 2/3:  60%|██████    | 53/88 [00:14<00:09,  3.71it/s, loss=0.317]
  epoch 2/3:  61%|██████▏   | 54/88 [00:14<00:09,  3.72it/s, loss=0.317]
  epoch 2/3:  61%|██████▏   | 54/88 [00:15<00:09,  3.72it/s, loss=0.316]
  epoch 2/3:  62%|██████▎   | 55/88 [00:15<00:08,  3.74it/s, loss=0.316]
  epoch 2/3:  62%|██████▎   | 55/88 [00:15<00:08,  3.74it/s, loss=0.316]
  epoch 2/3:  64%|██████▎   | 56/88 [00:15<00:08,  3.69it/s, loss=0.316]
  epoch 2/3:  64%|██████▎   | 56/88 [00:15<00:08,  3.69it/s, loss=0.314]
  epoch 2/3:  65%|██████▍   | 57/88 [00:15<00:08,  3.72it/s, loss=0.314]
  epoch 2/3:  65%|██████▍   | 57/88 [00:15<00:08,  3.72it/s, loss=0.314]
  epoch 2/3:  66%|██████▌   | 58/88 [00:15<00:08,  3.72it/s, loss=0.314]
  epoch 2/3:  66%|██████▌   | 58/88 [00:16<00:08,  3.72it/s, loss=0.312]
  epoch 2/3:  67%|██████▋   | 59/88 [00:16<00:07,  3.73it/s, loss=0.312]
  epoch 2/3:  67%|██████▋   | 59/88 [00:16<00:07,  3.73it/s, loss=0.310]
  epoch 2/3:  68%|██████▊   | 60/88 [00:16<00:07,  3.70it/s, loss=0.310]
  epoch 2/3:  68%|██████▊   | 60/88 [00:16<00:07,  3.70it/s, loss=0.308]
  epoch 2/3:  69%|██████▉   | 61/88 [00:16<00:07,  3.70it/s, loss=0.308]
  epoch 2/3:  69%|██████▉   | 61/88 [00:16<00:07,  3.70it/s, loss=0.306]
  epoch 2/3:  70%|███████   | 62/88 [00:16<00:06,  3.72it/s, loss=0.306]
  epoch 2/3:  70%|███████   | 62/88 [00:17<00:06,  3.72it/s, loss=0.304]
  epoch 2/3:  72%|███████▏  | 63/88 [00:17<00:06,  3.70it/s, loss=0.304]
  epoch 2/3:  72%|███████▏  | 63/88 [00:17<00:06,  3.70it/s, loss=0.302]
  epoch 2/3:  73%|███████▎  | 64/88 [00:17<00:06,  3.72it/s, loss=0.302]
  epoch 2/3:  73%|███████▎  | 64/88 [00:17<00:06,  3.72it/s, loss=0.302]
  epoch 2/3:  74%|███████▍  | 65/88 [00:17<00:06,  3.73it/s, loss=0.302]
  epoch 2/3:  74%|███████▍  | 65/88 [00:17<00:06,  3.73it/s, loss=0.299]
  epoch 2/3:  75%|███████▌  | 66/88 [00:17<00:05,  3.74it/s, loss=0.299]
  epoch 2/3:  75%|███████▌  | 66/88 [00:18<00:05,  3.74it/s, loss=0.299]
  epoch 2/3:  76%|███████▌  | 67/88 [00:18<00:05,  3.72it/s, loss=0.299]
  epoch 2/3:  76%|███████▌  | 67/88 [00:18<00:05,  3.72it/s, loss=0.298]
  epoch 2/3:  77%|███████▋  | 68/88 [00:18<00:05,  3.72it/s, loss=0.298]
  epoch 2/3:  77%|███████▋  | 68/88 [00:18<00:05,  3.72it/s, loss=0.296]
  epoch 2/3:  78%|███████▊  | 69/88 [00:18<00:05,  3.73it/s, loss=0.296]
  epoch 2/3:  78%|███████▊  | 69/88 [00:19<00:05,  3.73it/s, loss=0.295]
  epoch 2/3:  80%|███████▉  | 70/88 [00:19<00:04,  3.73it/s, loss=0.295]
  epoch 2/3:  80%|███████▉  | 70/88 [00:19<00:04,  3.73it/s, loss=0.293]
  epoch 2/3:  81%|████████  | 71/88 [00:19<00:04,  3.72it/s, loss=0.293]
  epoch 2/3:  81%|████████  | 71/88 [00:19<00:04,  3.72it/s, loss=0.292]
  epoch 2/3:  82%|████████▏ | 72/88 [00:19<00:04,  3.68it/s, loss=0.292]
  epoch 2/3:  82%|████████▏ | 72/88 [00:19<00:04,  3.68it/s, loss=0.290]
  epoch 2/3:  83%|████████▎ | 73/88 [00:19<00:04,  3.69it/s, loss=0.290]
  epoch 2/3:  83%|████████▎ | 73/88 [00:20<00:04,  3.69it/s, loss=0.289]
  epoch 2/3:  84%|████████▍ | 74/88 [00:20<00:03,  3.71it/s, loss=0.289]
  epoch 2/3:  84%|████████▍ | 74/88 [00:20<00:03,  3.71it/s, loss=0.288]
  epoch 2/3:  85%|████████▌ | 75/88 [00:20<00:03,  3.69it/s, loss=0.288]
  epoch 2/3:  85%|████████▌ | 75/88 [00:20<00:03,  3.69it/s, loss=0.285]
  epoch 2/3:  86%|████████▋ | 76/88 [00:20<00:03,  3.69it/s, loss=0.285]
  epoch 2/3:  86%|████████▋ | 76/88 [00:20<00:03,  3.69it/s, loss=0.284]
  epoch 2/3:  88%|████████▊ | 77/88 [00:20<00:02,  3.69it/s, loss=0.284]
  epoch 2/3:  88%|████████▊ | 77/88 [00:21<00:02,  3.69it/s, loss=0.282]
  epoch 2/3:  89%|████████▊ | 78/88 [00:21<00:02,  3.71it/s, loss=0.282]
  epoch 2/3:  89%|████████▊ | 78/88 [00:21<00:02,  3.71it/s, loss=0.280]
  epoch 2/3:  90%|████████▉ | 79/88 [00:21<00:02,  3.70it/s, loss=0.280]
  epoch 2/3:  90%|████████▉ | 79/88 [00:21<00:02,  3.70it/s, loss=0.278]
  epoch 2/3:  91%|█████████ | 80/88 [00:21<00:02,  3.71it/s, loss=0.278]
  epoch 2/3:  91%|█████████ | 80/88 [00:22<00:02,  3.71it/s, loss=0.278]
  epoch 2/3:  92%|█████████▏| 81/88 [00:22<00:01,  3.72it/s, loss=0.278]
  epoch 2/3:  92%|█████████▏| 81/88 [00:22<00:01,  3.72it/s, loss=0.276]
  epoch 2/3:  93%|█████████▎| 82/88 [00:22<00:01,  3.72it/s, loss=0.276]
  epoch 2/3:  93%|█████████▎| 82/88 [00:22<00:01,  3.72it/s, loss=0.275]
  epoch 2/3:  94%|█████████▍| 83/88 [00:22<00:01,  3.72it/s, loss=0.275]
  epoch 2/3:  94%|█████████▍| 83/88 [00:22<00:01,  3.72it/s, loss=0.274]
  epoch 2/3:  95%|█████████▌| 84/88 [00:22<00:01,  3.72it/s, loss=0.274]
  epoch 2/3:  95%|█████████▌| 84/88 [00:23<00:01,  3.72it/s, loss=0.272]
  epoch 2/3:  97%|█████████▋| 85/88 [00:23<00:00,  3.74it/s, loss=0.272]
  epoch 2/3:  97%|█████████▋| 85/88 [00:23<00:00,  3.74it/s, loss=0.270]
  epoch 2/3:  98%|█████████▊| 86/88 [00:23<00:00,  3.74it/s, loss=0.270]
  epoch 2/3:  98%|█████████▊| 86/88 [00:23<00:00,  3.74it/s, loss=0.268]
  epoch 2/3:  99%|█████████▉| 87/88 [00:23<00:00,  3.73it/s, loss=0.268]
  epoch 2/3:  99%|█████████▉| 87/88 [00:23<00:00,  3.73it/s, loss=0.267]
  epoch 2/3: 100%|██████████| 88/88 [00:23<00:00,  3.97it/s, loss=0.267]
                                                                        

  epoch 3/3:   0%|          | 0/88 [00:00<?, ?it/s]
  epoch 3/3:   0%|          | 0/88 [00:00<?, ?it/s, loss=0.116]
  epoch 3/3:   1%|          | 1/88 [00:00<00:42,  2.03it/s, loss=0.116]
  epoch 3/3:   1%|          | 1/88 [00:00<00:42,  2.03it/s, loss=0.105]
  epoch 3/3:   2%|▏         | 2/88 [00:00<00:30,  2.78it/s, loss=0.105]
  epoch 3/3:   2%|▏         | 2/88 [00:01<00:30,  2.78it/s, loss=0.118]
  epoch 3/3:   3%|▎         | 3/88 [00:01<00:27,  3.12it/s, loss=0.118]
  epoch 3/3:   3%|▎         | 3/88 [00:01<00:27,  3.12it/s, loss=0.128]
  epoch 3/3:   5%|▍         | 4/88 [00:01<00:25,  3.32it/s, loss=0.128]
  epoch 3/3:   5%|▍         | 4/88 [00:01<00:25,  3.32it/s, loss=0.132]
  epoch 3/3:   6%|▌         | 5/88 [00:01<00:23,  3.47it/s, loss=0.132]
  epoch 3/3:   6%|▌         | 5/88 [00:01<00:23,  3.47it/s, loss=0.124]
  epoch 3/3:   7%|▋         | 6/88 [00:01<00:23,  3.55it/s, loss=0.124]
  epoch 3/3:   7%|▋         | 6/88 [00:02<00:23,  3.55it/s, loss=0.121]
  epoch 3/3:   8%|▊         | 7/88 [00:02<00:22,  3.60it/s, loss=0.121]
  epoch 3/3:   8%|▊         | 7/88 [00:02<00:22,  3.60it/s, loss=0.117]
  epoch 3/3:   9%|▉         | 8/88 [00:02<00:21,  3.64it/s, loss=0.117]
  epoch 3/3:   9%|▉         | 8/88 [00:02<00:21,  3.64it/s, loss=0.115]
  epoch 3/3:  10%|█         | 9/88 [00:02<00:21,  3.67it/s, loss=0.115]
  epoch 3/3:  10%|█         | 9/88 [00:02<00:21,  3.67it/s, loss=0.118]
  epoch 3/3:  11%|█▏        | 10/88 [00:02<00:21,  3.68it/s, loss=0.118]
  epoch 3/3:  11%|█▏        | 10/88 [00:03<00:21,  3.68it/s, loss=0.118]
  epoch 3/3:  12%|█▎        | 11/88 [00:03<00:20,  3.70it/s, loss=0.118]
  epoch 3/3:  12%|█▎        | 11/88 [00:03<00:20,  3.70it/s, loss=0.124]
  epoch 3/3:  14%|█▎        | 12/88 [00:03<00:20,  3.72it/s, loss=0.124]
  epoch 3/3:  14%|█▎        | 12/88 [00:03<00:20,  3.72it/s, loss=0.119]
  epoch 3/3:  15%|█▍        | 13/88 [00:03<00:20,  3.72it/s, loss=0.119]
  epoch 3/3:  15%|█▍        | 13/88 [00:03<00:20,  3.72it/s, loss=0.119]
  epoch 3/3:  16%|█▌        | 14/88 [00:03<00:19,  3.74it/s, loss=0.119]
  epoch 3/3:  16%|█▌        | 14/88 [00:04<00:19,  3.74it/s, loss=0.117]
  epoch 3/3:  17%|█▋        | 15/88 [00:04<00:19,  3.73it/s, loss=0.117]
  epoch 3/3:  17%|█▋        | 15/88 [00:04<00:19,  3.73it/s, loss=0.113]
  epoch 3/3:  18%|█▊        | 16/88 [00:04<00:19,  3.68it/s, loss=0.113]
  epoch 3/3:  18%|█▊        | 16/88 [00:04<00:19,  3.68it/s, loss=0.113]
  epoch 3/3:  19%|█▉        | 17/88 [00:04<00:19,  3.68it/s, loss=0.113]
  epoch 3/3:  19%|█▉        | 17/88 [00:05<00:19,  3.68it/s, loss=0.115]
  epoch 3/3:  20%|██        | 18/88 [00:05<00:18,  3.71it/s, loss=0.115]
  epoch 3/3:  20%|██        | 18/88 [00:05<00:18,  3.71it/s, loss=0.115]
  epoch 3/3:  22%|██▏       | 19/88 [00:05<00:18,  3.72it/s, loss=0.115]
  epoch 3/3:  22%|██▏       | 19/88 [00:05<00:18,  3.72it/s, loss=0.116]
  epoch 3/3:  23%|██▎       | 20/88 [00:05<00:18,  3.73it/s, loss=0.116]
  epoch 3/3:  23%|██▎       | 20/88 [00:05<00:18,  3.73it/s, loss=0.116]
  epoch 3/3:  24%|██▍       | 21/88 [00:05<00:18,  3.72it/s, loss=0.116]
  epoch 3/3:  24%|██▍       | 21/88 [00:06<00:18,  3.72it/s, loss=0.117]
  epoch 3/3:  25%|██▌       | 22/88 [00:06<00:17,  3.72it/s, loss=0.117]
  epoch 3/3:  25%|██▌       | 22/88 [00:06<00:17,  3.72it/s, loss=0.116]
  epoch 3/3:  26%|██▌       | 23/88 [00:06<00:17,  3.74it/s, loss=0.116]
  epoch 3/3:  26%|██▌       | 23/88 [00:06<00:17,  3.74it/s, loss=0.114]
  epoch 3/3:  27%|██▋       | 24/88 [00:06<00:17,  3.75it/s, loss=0.114]
  epoch 3/3:  27%|██▋       | 24/88 [00:06<00:17,  3.75it/s, loss=0.114]
  epoch 3/3:  28%|██▊       | 25/88 [00:06<00:16,  3.74it/s, loss=0.114]
  epoch 3/3:  28%|██▊       | 25/88 [00:07<00:16,  3.74it/s, loss=0.114]
  epoch 3/3:  30%|██▉       | 26/88 [00:07<00:16,  3.74it/s, loss=0.114]
  epoch 3/3:  30%|██▉       | 26/88 [00:07<00:16,  3.74it/s, loss=0.118]
  epoch 3/3:  31%|███       | 27/88 [00:07<00:16,  3.72it/s, loss=0.118]
  epoch 3/3:  31%|███       | 27/88 [00:07<00:16,  3.72it/s, loss=0.118]
  epoch 3/3:  32%|███▏      | 28/88 [00:07<00:16,  3.74it/s, loss=0.118]
  epoch 3/3:  32%|███▏      | 28/88 [00:08<00:16,  3.74it/s, loss=0.117]
  epoch 3/3:  33%|███▎      | 29/88 [00:08<00:15,  3.73it/s, loss=0.117]
  epoch 3/3:  33%|███▎      | 29/88 [00:08<00:15,  3.73it/s, loss=0.118]
  epoch 3/3:  34%|███▍      | 30/88 [00:08<00:15,  3.74it/s, loss=0.118]
  epoch 3/3:  34%|███▍      | 30/88 [00:08<00:15,  3.74it/s, loss=0.118]
  epoch 3/3:  35%|███▌      | 31/88 [00:08<00:15,  3.74it/s, loss=0.118]
  epoch 3/3:  35%|███▌      | 31/88 [00:08<00:15,  3.74it/s, loss=0.122]
  epoch 3/3:  36%|███▋      | 32/88 [00:08<00:15,  3.68it/s, loss=0.122]
  epoch 3/3:  36%|███▋      | 32/88 [00:09<00:15,  3.68it/s, loss=0.120]
  epoch 3/3:  38%|███▊      | 33/88 [00:09<00:14,  3.71it/s, loss=0.120]
  epoch 3/3:  38%|███▊      | 33/88 [00:09<00:14,  3.71it/s, loss=0.120]
  epoch 3/3:  39%|███▊      | 34/88 [00:09<00:14,  3.70it/s, loss=0.120]
  epoch 3/3:  39%|███▊      | 34/88 [00:09<00:14,  3.70it/s, loss=0.120]
  epoch 3/3:  40%|███▉      | 35/88 [00:09<00:14,  3.73it/s, loss=0.120]
  epoch 3/3:  40%|███▉      | 35/88 [00:09<00:14,  3.73it/s, loss=0.123]
  epoch 3/3:  41%|████      | 36/88 [00:09<00:13,  3.73it/s, loss=0.123]
  epoch 3/3:  41%|████      | 36/88 [00:10<00:13,  3.73it/s, loss=0.122]
  epoch 3/3:  42%|████▏     | 37/88 [00:10<00:13,  3.75it/s, loss=0.122]
  epoch 3/3:  42%|████▏     | 37/88 [00:10<00:13,  3.75it/s, loss=0.122]
  epoch 3/3:  43%|████▎     | 38/88 [00:10<00:13,  3.75it/s, loss=0.122]
  epoch 3/3:  43%|████▎     | 38/88 [00:10<00:13,  3.75it/s, loss=0.122]
  epoch 3/3:  44%|████▍     | 39/88 [00:10<00:13,  3.73it/s, loss=0.122]
  epoch 3/3:  44%|████▍     | 39/88 [00:10<00:13,  3.73it/s, loss=0.121]
  epoch 3/3:  45%|████▌     | 40/88 [00:10<00:12,  3.73it/s, loss=0.121]
  epoch 3/3:  45%|████▌     | 40/88 [00:11<00:12,  3.73it/s, loss=0.120]
  epoch 3/3:  47%|████▋     | 41/88 [00:11<00:12,  3.75it/s, loss=0.120]
  epoch 3/3:  47%|████▋     | 41/88 [00:11<00:12,  3.75it/s, loss=0.120]
  epoch 3/3:  48%|████▊     | 42/88 [00:11<00:12,  3.73it/s, loss=0.120]
  epoch 3/3:  48%|████▊     | 42/88 [00:11<00:12,  3.73it/s, loss=0.119]
  epoch 3/3:  49%|████▉     | 43/88 [00:11<00:12,  3.72it/s, loss=0.119]
  epoch 3/3:  49%|████▉     | 43/88 [00:12<00:12,  3.72it/s, loss=0.119]
  epoch 3/3:  50%|█████     | 44/88 [00:12<00:11,  3.72it/s, loss=0.119]
  epoch 3/3:  50%|█████     | 44/88 [00:12<00:11,  3.72it/s, loss=0.118]
  epoch 3/3:  51%|█████     | 45/88 [00:12<00:11,  3.73it/s, loss=0.118]
  epoch 3/3:  51%|█████     | 45/88 [00:12<00:11,  3.73it/s, loss=0.119]
  epoch 3/3:  52%|█████▏    | 46/88 [00:12<00:11,  3.74it/s, loss=0.119]
  epoch 3/3:  52%|█████▏    | 46/88 [00:12<00:11,  3.74it/s, loss=0.118]
  epoch 3/3:  53%|█████▎    | 47/88 [00:12<00:10,  3.74it/s, loss=0.118]
  epoch 3/3:  53%|█████▎    | 47/88 [00:13<00:10,  3.74it/s, loss=0.118]
  epoch 3/3:  55%|█████▍    | 48/88 [00:13<00:10,  3.67it/s, loss=0.118]
  epoch 3/3:  55%|█████▍    | 48/88 [00:13<00:10,  3.67it/s, loss=0.116]
  epoch 3/3:  56%|█████▌    | 49/88 [00:13<00:10,  3.67it/s, loss=0.116]
  epoch 3/3:  56%|█████▌    | 49/88 [00:13<00:10,  3.67it/s, loss=0.115]
  epoch 3/3:  57%|█████▋    | 50/88 [00:13<00:10,  3.70it/s, loss=0.115]
  epoch 3/3:  57%|█████▋    | 50/88 [00:13<00:10,  3.70it/s, loss=0.115]
  epoch 3/3:  58%|█████▊    | 51/88 [00:13<00:09,  3.71it/s, loss=0.115]
  epoch 3/3:  58%|█████▊    | 51/88 [00:14<00:09,  3.71it/s, loss=0.114]
  epoch 3/3:  59%|█████▉    | 52/88 [00:14<00:09,  3.72it/s, loss=0.114]
  epoch 3/3:  59%|█████▉    | 52/88 [00:14<00:09,  3.72it/s, loss=0.113]
  epoch 3/3:  60%|██████    | 53/88 [00:14<00:09,  3.70it/s, loss=0.113]
  epoch 3/3:  60%|██████    | 53/88 [00:14<00:09,  3.70it/s, loss=0.114]
  epoch 3/3:  61%|██████▏   | 54/88 [00:14<00:09,  3.72it/s, loss=0.114]
  epoch 3/3:  61%|██████▏   | 54/88 [00:14<00:09,  3.72it/s, loss=0.113]
  epoch 3/3:  62%|██████▎   | 55/88 [00:14<00:08,  3.73it/s, loss=0.113]
  epoch 3/3:  62%|██████▎   | 55/88 [00:15<00:08,  3.73it/s, loss=0.113]
  epoch 3/3:  64%|██████▎   | 56/88 [00:15<00:08,  3.73it/s, loss=0.113]
  epoch 3/3:  64%|██████▎   | 56/88 [00:15<00:08,  3.73it/s, loss=0.113]
  epoch 3/3:  65%|██████▍   | 57/88 [00:15<00:08,  3.73it/s, loss=0.113]
  epoch 3/3:  65%|██████▍   | 57/88 [00:15<00:08,  3.73it/s, loss=0.113]
  epoch 3/3:  66%|██████▌   | 58/88 [00:15<00:08,  3.72it/s, loss=0.113]
  epoch 3/3:  66%|██████▌   | 58/88 [00:16<00:08,  3.72it/s, loss=0.112]
  epoch 3/3:  67%|██████▋   | 59/88 [00:16<00:07,  3.73it/s, loss=0.112]
  epoch 3/3:  67%|██████▋   | 59/88 [00:16<00:07,  3.73it/s, loss=0.111]
  epoch 3/3:  68%|██████▊   | 60/88 [00:16<00:07,  3.70it/s, loss=0.111]
  epoch 3/3:  68%|██████▊   | 60/88 [00:16<00:07,  3.70it/s, loss=0.111]
  epoch 3/3:  69%|██████▉   | 61/88 [00:16<00:07,  3.71it/s, loss=0.111]
  epoch 3/3:  69%|██████▉   | 61/88 [00:16<00:07,  3.71it/s, loss=0.110]
  epoch 3/3:  70%|███████   | 62/88 [00:16<00:07,  3.71it/s, loss=0.110]
  epoch 3/3:  70%|███████   | 62/88 [00:17<00:07,  3.71it/s, loss=0.109]
  epoch 3/3:  72%|███████▏  | 63/88 [00:17<00:06,  3.71it/s, loss=0.109]
  epoch 3/3:  72%|███████▏  | 63/88 [00:17<00:06,  3.71it/s, loss=0.108]
  epoch 3/3:  73%|███████▎  | 64/88 [00:17<00:06,  3.66it/s, loss=0.108]
  epoch 3/3:  73%|███████▎  | 64/88 [00:17<00:06,  3.66it/s, loss=0.109]
  epoch 3/3:  74%|███████▍  | 65/88 [00:17<00:06,  3.64it/s, loss=0.109]
  epoch 3/3:  74%|███████▍  | 65/88 [00:17<00:06,  3.64it/s, loss=0.109]
  epoch 3/3:  75%|███████▌  | 66/88 [00:17<00:05,  3.68it/s, loss=0.109]
  epoch 3/3:  75%|███████▌  | 66/88 [00:18<00:05,  3.68it/s, loss=0.109]
  epoch 3/3:  76%|███████▌  | 67/88 [00:18<00:05,  3.69it/s, loss=0.109]
  epoch 3/3:  76%|███████▌  | 67/88 [00:18<00:05,  3.69it/s, loss=0.109]
  epoch 3/3:  77%|███████▋  | 68/88 [00:18<00:05,  3.69it/s, loss=0.109]
  epoch 3/3:  77%|███████▋  | 68/88 [00:18<00:05,  3.69it/s, loss=0.108]
  epoch 3/3:  78%|███████▊  | 69/88 [00:18<00:05,  3.72it/s, loss=0.108]
  epoch 3/3:  78%|███████▊  | 69/88 [00:19<00:05,  3.72it/s, loss=0.107]
  epoch 3/3:  80%|███████▉  | 70/88 [00:19<00:04,  3.70it/s, loss=0.107]
  epoch 3/3:  80%|███████▉  | 70/88 [00:19<00:04,  3.70it/s, loss=0.107]
  epoch 3/3:  81%|████████  | 71/88 [00:19<00:04,  3.69it/s, loss=0.107]
  epoch 3/3:  81%|████████  | 71/88 [00:19<00:04,  3.69it/s, loss=0.106]
  epoch 3/3:  82%|████████▏ | 72/88 [00:19<00:04,  3.71it/s, loss=0.106]
  epoch 3/3:  82%|████████▏ | 72/88 [00:19<00:04,  3.71it/s, loss=0.107]
  epoch 3/3:  83%|████████▎ | 73/88 [00:19<00:04,  3.71it/s, loss=0.107]
  epoch 3/3:  83%|████████▎ | 73/88 [00:20<00:04,  3.71it/s, loss=0.108]
  epoch 3/3:  84%|████████▍ | 74/88 [00:20<00:03,  3.72it/s, loss=0.108]
  epoch 3/3:  84%|████████▍ | 74/88 [00:20<00:03,  3.72it/s, loss=0.107]
  epoch 3/3:  85%|████████▌ | 75/88 [00:20<00:03,  3.72it/s, loss=0.107]
  epoch 3/3:  85%|████████▌ | 75/88 [00:20<00:03,  3.72it/s, loss=0.106]
  epoch 3/3:  86%|████████▋ | 76/88 [00:20<00:03,  3.72it/s, loss=0.106]
  epoch 3/3:  86%|████████▋ | 76/88 [00:20<00:03,  3.72it/s, loss=0.106]
  epoch 3/3:  88%|████████▊ | 77/88 [00:20<00:02,  3.73it/s, loss=0.106]
  epoch 3/3:  88%|████████▊ | 77/88 [00:21<00:02,  3.73it/s, loss=0.105]
  epoch 3/3:  89%|████████▊ | 78/88 [00:21<00:02,  3.73it/s, loss=0.105]
  epoch 3/3:  89%|████████▊ | 78/88 [00:21<00:02,  3.73it/s, loss=0.105]
  epoch 3/3:  90%|████████▉ | 79/88 [00:21<00:02,  3.72it/s, loss=0.105]
  epoch 3/3:  90%|████████▉ | 79/88 [00:21<00:02,  3.72it/s, loss=0.104]
  epoch 3/3:  91%|█████████ | 80/88 [00:21<00:02,  3.68it/s, loss=0.104]
  epoch 3/3:  91%|█████████ | 80/88 [00:22<00:02,  3.68it/s, loss=0.104]
  epoch 3/3:  92%|█████████▏| 81/88 [00:22<00:01,  3.69it/s, loss=0.104]
  epoch 3/3:  92%|█████████▏| 81/88 [00:22<00:01,  3.69it/s, loss=0.103]
  epoch 3/3:  93%|█████████▎| 82/88 [00:22<00:01,  3.71it/s, loss=0.103]
  epoch 3/3:  93%|█████████▎| 82/88 [00:22<00:01,  3.71it/s, loss=0.102]
  epoch 3/3:  94%|█████████▍| 83/88 [00:22<00:01,  3.72it/s, loss=0.102]
  epoch 3/3:  94%|█████████▍| 83/88 [00:22<00:01,  3.72it/s, loss=0.101]
  epoch 3/3:  95%|█████████▌| 84/88 [00:22<00:01,  3.70it/s, loss=0.101]
  epoch 3/3:  95%|█████████▌| 84/88 [00:23<00:01,  3.70it/s, loss=0.100]
  epoch 3/3:  97%|█████████▋| 85/88 [00:23<00:00,  3.72it/s, loss=0.100]
  epoch 3/3:  97%|█████████▋| 85/88 [00:23<00:00,  3.72it/s, loss=0.101]
  epoch 3/3:  98%|█████████▊| 86/88 [00:23<00:00,  3.72it/s, loss=0.101]
  epoch 3/3:  98%|█████████▊| 86/88 [00:23<00:00,  3.72it/s, loss=0.100]
  epoch 3/3:  99%|█████████▉| 87/88 [00:23<00:00,  3.71it/s, loss=0.100]
  epoch 3/3:  99%|█████████▉| 87/88 [00:23<00:00,  3.71it/s, loss=0.100]
  epoch 3/3: 100%|██████████| 88/88 [00:23<00:00,  4.05it/s, loss=0.100]
                                                                        
[titans] reset=never | norm(state) sau task = 82.4499
[titans]   self-mod v:β=0.84 |W|=2.76
[titans]   eta_t(avg)=20.0796  alpha_t/forget-gate(avg)=1.0000
[task 6] test acc so far: 0.880  0.774  0.783  0.654  0.614  0.386  0.334
[task 6] NCM-blend gamma=0: 0.800  0.674  0.786  0.740  0.674  0.780  0.817
[task 6] NCM-blend gamma=1: 0.817  0.594  0.789  0.757  0.760  0.840  0.880
[checkpoint] đã lưu tiến độ sau task 6
[task 7] classes=[19, 22, 25, 30, 31] | train=2800

  epoch 1/3:   0%|          | 0/88 [00:00<?, ?it/s]
  epoch 1/3:   0%|          | 0/88 [00:00<?, ?it/s, loss=1.894]
  epoch 1/3:   1%|          | 1/88 [00:00<00:43,  2.02it/s, loss=1.894]
  epoch 1/3:   1%|          | 1/88 [00:00<00:43,  2.02it/s, loss=1.910]
  epoch 1/3:   2%|▏         | 2/88 [00:00<00:30,  2.79it/s, loss=1.910]
  epoch 1/3:   2%|▏         | 2/88 [00:01<00:30,  2.79it/s, loss=1.849]
  epoch 1/3:   3%|▎         | 3/88 [00:01<00:26,  3.16it/s, loss=1.849]
  epoch 1/3:   3%|▎         | 3/88 [00:01<00:26,  3.16it/s, loss=1.852]
  epoch 1/3:   5%|▍         | 4/88 [00:01<00:24,  3.38it/s, loss=1.852]
  epoch 1/3:   5%|▍         | 4/88 [00:01<00:24,  3.38it/s, loss=1.809]
  epoch 1/3:   6%|▌         | 5/88 [00:01<00:23,  3.49it/s, loss=1.809]
  epoch 1/3:   6%|▌         | 5/88 [00:01<00:23,  3.49it/s, loss=1.776]
  epoch 1/3:   7%|▋         | 6/88 [00:01<00:22,  3.57it/s, loss=1.776]
  epoch 1/3:   7%|▋         | 6/88 [00:02<00:22,  3.57it/s, loss=1.758]
  epoch 1/3:   8%|▊         | 7/88 [00:02<00:22,  3.61it/s, loss=1.758]
  epoch 1/3:   8%|▊         | 7/88 [00:02<00:22,  3.61it/s, loss=1.763]
  epoch 1/3:   9%|▉         | 8/88 [00:02<00:22,  3.61it/s, loss=1.763]
  epoch 1/3:   9%|▉         | 8/88 [00:02<00:22,  3.61it/s, loss=1.749]
  epoch 1/3:  10%|█         | 9/88 [00:02<00:21,  3.65it/s, loss=1.749]
  epoch 1/3:  10%|█         | 9/88 [00:02<00:21,  3.65it/s, loss=1.733]
  epoch 1/3:  11%|█▏        | 10/88 [00:02<00:21,  3.68it/s, loss=1.733]
  epoch 1/3:  11%|█▏        | 10/88 [00:03<00:21,  3.68it/s, loss=1.717]
  epoch 1/3:  12%|█▎        | 11/88 [00:03<00:20,  3.71it/s, loss=1.717]
  epoch 1/3:  12%|█▎        | 11/88 [00:03<00:20,  3.71it/s, loss=1.706]
  epoch 1/3:  14%|█▎        | 12/88 [00:03<00:20,  3.73it/s, loss=1.706]
  epoch 1/3:  14%|█▎        | 12/88 [00:03<00:20,  3.73it/s, loss=1.697]
  epoch 1/3:  15%|█▍        | 13/88 [00:03<00:20,  3.74it/s, loss=1.697]
  epoch 1/3:  15%|█▍        | 13/88 [00:03<00:20,  3.74it/s, loss=1.680]
  epoch 1/3:  16%|█▌        | 14/88 [00:03<00:19,  3.73it/s, loss=1.680]
  epoch 1/3:  16%|█▌        | 14/88 [00:04<00:19,  3.73it/s, loss=1.679]
  epoch 1/3:  17%|█▋        | 15/88 [00:04<00:19,  3.74it/s, loss=1.679]
  epoch 1/3:  17%|█▋        | 15/88 [00:04<00:19,  3.74it/s, loss=1.671]
  epoch 1/3:  18%|█▊        | 16/88 [00:04<00:19,  3.72it/s, loss=1.671]
  epoch 1/3:  18%|█▊        | 16/88 [00:04<00:19,  3.72it/s, loss=1.660]
  epoch 1/3:  19%|█▉        | 17/88 [00:04<00:19,  3.73it/s, loss=1.660]
  epoch 1/3:  19%|█▉        | 17/88 [00:05<00:19,  3.73it/s, loss=1.649]
  epoch 1/3:  20%|██        | 18/88 [00:05<00:18,  3.75it/s, loss=1.649]
  epoch 1/3:  20%|██        | 18/88 [00:05<00:18,  3.75it/s, loss=1.637]
  epoch 1/3:  22%|██▏       | 19/88 [00:05<00:18,  3.75it/s, loss=1.637]
  epoch 1/3:  22%|██▏       | 19/88 [00:05<00:18,  3.75it/s, loss=1.638]
  epoch 1/3:  23%|██▎       | 20/88 [00:05<00:18,  3.75it/s, loss=1.638]
  epoch 1/3:  23%|██▎       | 20/88 [00:05<00:18,  3.75it/s, loss=1.627]
  epoch 1/3:  24%|██▍       | 21/88 [00:05<00:17,  3.74it/s, loss=1.627]
  epoch 1/3:  24%|██▍       | 21/88 [00:06<00:17,  3.74it/s, loss=1.624]
  epoch 1/3:  25%|██▌       | 22/88 [00:06<00:17,  3.73it/s, loss=1.624]
  epoch 1/3:  25%|██▌       | 22/88 [00:06<00:17,  3.73it/s, loss=1.608]
  epoch 1/3:  26%|██▌       | 23/88 [00:06<00:17,  3.74it/s, loss=1.608]
  epoch 1/3:  26%|██▌       | 23/88 [00:06<00:17,  3.74it/s, loss=1.602]
  epoch 1/3:  27%|██▋       | 24/88 [00:06<00:17,  3.69it/s, loss=1.602]
  epoch 1/3:  27%|██▋       | 24/88 [00:06<00:17,  3.69it/s, loss=1.588]
  epoch 1/3:  28%|██▊       | 25/88 [00:06<00:17,  3.70it/s, loss=1.588]
  epoch 1/3:  28%|██▊       | 25/88 [00:07<00:17,  3.70it/s, loss=1.578]
  epoch 1/3:  30%|██▉       | 26/88 [00:07<00:16,  3.72it/s, loss=1.578]
  epoch 1/3:  30%|██▉       | 26/88 [00:07<00:16,  3.72it/s, loss=1.574]
  epoch 1/3:  31%|███       | 27/88 [00:07<00:16,  3.73it/s, loss=1.574]
  epoch 1/3:  31%|███       | 27/88 [00:07<00:16,  3.73it/s, loss=1.571]
  epoch 1/3:  32%|███▏      | 28/88 [00:07<00:16,  3.74it/s, loss=1.571]
  epoch 1/3:  32%|███▏      | 28/88 [00:07<00:16,  3.74it/s, loss=1.561]
  epoch 1/3:  33%|███▎      | 29/88 [00:07<00:15,  3.74it/s, loss=1.561]
  epoch 1/3:  33%|███▎      | 29/88 [00:08<00:15,  3.74it/s, loss=1.549]
  epoch 1/3:  34%|███▍      | 30/88 [00:08<00:15,  3.73it/s, loss=1.549]
  epoch 1/3:  34%|███▍      | 30/88 [00:08<00:15,  3.73it/s, loss=1.541]
  epoch 1/3:  35%|███▌      | 31/88 [00:08<00:15,  3.74it/s, loss=1.541]
  epoch 1/3:  35%|███▌      | 31/88 [00:08<00:15,  3.74it/s, loss=1.530]
  epoch 1/3:  36%|███▋      | 32/88 [00:08<00:14,  3.76it/s, loss=1.530]
  epoch 1/3:  36%|███▋      | 32/88 [00:09<00:14,  3.76it/s, loss=1.521]
  epoch 1/3:  38%|███▊      | 33/88 [00:09<00:14,  3.76it/s, loss=1.521]
  epoch 1/3:  38%|███▊      | 33/88 [00:09<00:14,  3.76it/s, loss=1.511]
  epoch 1/3:  39%|███▊      | 34/88 [00:09<00:14,  3.75it/s, loss=1.511]
  epoch 1/3:  39%|███▊      | 34/88 [00:09<00:14,  3.75it/s, loss=1.504]
  epoch 1/3:  40%|███▉      | 35/88 [00:09<00:14,  3.76it/s, loss=1.504]
  epoch 1/3:  40%|███▉      | 35/88 [00:09<00:14,  3.76it/s, loss=1.493]
  epoch 1/3:  41%|████      | 36/88 [00:09<00:13,  3.75it/s, loss=1.493]
  epoch 1/3:  41%|████      | 36/88 [00:10<00:13,  3.75it/s, loss=1.485]
  epoch 1/3:  42%|████▏     | 37/88 [00:10<00:13,  3.73it/s, loss=1.485]
  epoch 1/3:  42%|████▏     | 37/88 [00:10<00:13,  3.73it/s, loss=1.474]
  epoch 1/3:  43%|████▎     | 38/88 [00:10<00:13,  3.74it/s, loss=1.474]
  epoch 1/3:  43%|████▎     | 38/88 [00:10<00:13,  3.74it/s, loss=1.466]
  epoch 1/3:  44%|████▍     | 39/88 [00:10<00:13,  3.74it/s, loss=1.466]
  epoch 1/3:  44%|████▍     | 39/88 [00:10<00:13,  3.74it/s, loss=1.456]
  epoch 1/3:  45%|████▌     | 40/88 [00:10<00:12,  3.71it/s, loss=1.456]
  epoch 1/3:  45%|████▌     | 40/88 [00:11<00:12,  3.71it/s, loss=1.449]
  epoch 1/3:  47%|████▋     | 41/88 [00:11<00:12,  3.72it/s, loss=1.449]
  epoch 1/3:  47%|████▋     | 41/88 [00:11<00:12,  3.72it/s, loss=1.437]
  epoch 1/3:  48%|████▊     | 42/88 [00:11<00:12,  3.74it/s, loss=1.437]
  epoch 1/3:  48%|████▊     | 42/88 [00:11<00:12,  3.74it/s, loss=1.429]
  epoch 1/3:  49%|████▉     | 43/88 [00:11<00:11,  3.76it/s, loss=1.429]
  epoch 1/3:  49%|████▉     | 43/88 [00:11<00:11,  3.76it/s, loss=1.419]
  epoch 1/3:  50%|█████     | 44/88 [00:11<00:11,  3.75it/s, loss=1.419]
  epoch 1/3:  50%|█████     | 44/88 [00:12<00:11,  3.75it/s, loss=1.412]
  epoch 1/3:  51%|█████     | 45/88 [00:12<00:11,  3.75it/s, loss=1.412]
  epoch 1/3:  51%|█████     | 45/88 [00:12<00:11,  3.75it/s, loss=1.404]
  epoch 1/3:  52%|█████▏    | 46/88 [00:12<00:11,  3.73it/s, loss=1.404]
  epoch 1/3:  52%|█████▏    | 46/88 [00:12<00:11,  3.73it/s, loss=1.394]
  epoch 1/3:  53%|█████▎    | 47/88 [00:12<00:10,  3.73it/s, loss=1.394]
  epoch 1/3:  53%|█████▎    | 47/88 [00:13<00:10,  3.73it/s, loss=1.386]
  epoch 1/3:  55%|█████▍    | 48/88 [00:13<00:10,  3.74it/s, loss=1.386]
  epoch 1/3:  55%|█████▍    | 48/88 [00:13<00:10,  3.74it/s, loss=1.376]
  epoch 1/3:  56%|█████▌    | 49/88 [00:13<00:10,  3.74it/s, loss=1.376]
  epoch 1/3:  56%|█████▌    | 49/88 [00:13<00:10,  3.74it/s, loss=1.369]
  epoch 1/3:  57%|█████▋    | 50/88 [00:13<00:10,  3.74it/s, loss=1.369]
  epoch 1/3:  57%|█████▋    | 50/88 [00:13<00:10,  3.74it/s, loss=1.363]
  epoch 1/3:  58%|█████▊    | 51/88 [00:13<00:09,  3.71it/s, loss=1.363]
  epoch 1/3:  58%|█████▊    | 51/88 [00:14<00:09,  3.71it/s, loss=1.355]
  epoch 1/3:  59%|█████▉    | 52/88 [00:14<00:09,  3.74it/s, loss=1.355]
  epoch 1/3:  59%|█████▉    | 52/88 [00:14<00:09,  3.74it/s, loss=1.346]
  epoch 1/3:  60%|██████    | 53/88 [00:14<00:09,  3.74it/s, loss=1.346]
  epoch 1/3:  60%|██████    | 53/88 [00:14<00:09,  3.74it/s, loss=1.338]
  epoch 1/3:  61%|██████▏   | 54/88 [00:14<00:09,  3.76it/s, loss=1.338]
  epoch 1/3:  61%|██████▏   | 54/88 [00:14<00:09,  3.76it/s, loss=1.332]
  epoch 1/3:  62%|██████▎   | 55/88 [00:14<00:08,  3.74it/s, loss=1.332]
  epoch 1/3:  62%|██████▎   | 55/88 [00:15<00:08,  3.74it/s, loss=1.323]
  epoch 1/3:  64%|██████▎   | 56/88 [00:15<00:08,  3.68it/s, loss=1.323]
  epoch 1/3:  64%|██████▎   | 56/88 [00:15<00:08,  3.68it/s, loss=1.315]
  epoch 1/3:  65%|██████▍   | 57/88 [00:15<00:08,  3.71it/s, loss=1.315]
  epoch 1/3:  65%|██████▍   | 57/88 [00:15<00:08,  3.71it/s, loss=1.308]
  epoch 1/3:  66%|██████▌   | 58/88 [00:15<00:08,  3.68it/s, loss=1.308]
  epoch 1/3:  66%|██████▌   | 58/88 [00:16<00:08,  3.68it/s, loss=1.299]
  epoch 1/3:  67%|██████▋   | 59/88 [00:16<00:07,  3.71it/s, loss=1.299]
  epoch 1/3:  67%|██████▋   | 59/88 [00:16<00:07,  3.71it/s, loss=1.290]
  epoch 1/3:  68%|██████▊   | 60/88 [00:16<00:07,  3.73it/s, loss=1.290]
  epoch 1/3:  68%|██████▊   | 60/88 [00:16<00:07,  3.73it/s, loss=1.280]
  epoch 1/3:  69%|██████▉   | 61/88 [00:16<00:07,  3.73it/s, loss=1.280]
  epoch 1/3:  69%|██████▉   | 61/88 [00:16<00:07,  3.73it/s, loss=1.272]
  epoch 1/3:  70%|███████   | 62/88 [00:16<00:07,  3.70it/s, loss=1.272]
  epoch 1/3:  70%|███████   | 62/88 [00:17<00:07,  3.70it/s, loss=1.266]
  epoch 1/3:  72%|███████▏  | 63/88 [00:17<00:06,  3.72it/s, loss=1.266]
  epoch 1/3:  72%|███████▏  | 63/88 [00:17<00:06,  3.72it/s, loss=1.258]
  epoch 1/3:  73%|███████▎  | 64/88 [00:17<00:06,  3.74it/s, loss=1.258]
  epoch 1/3:  73%|███████▎  | 64/88 [00:17<00:06,  3.74it/s, loss=1.251]
  epoch 1/3:  74%|███████▍  | 65/88 [00:17<00:06,  3.71it/s, loss=1.251]
  epoch 1/3:  74%|███████▍  | 65/88 [00:17<00:06,  3.71it/s, loss=1.242]
  epoch 1/3:  75%|███████▌  | 66/88 [00:17<00:05,  3.74it/s, loss=1.242]
  epoch 1/3:  75%|███████▌  | 66/88 [00:18<00:05,  3.74it/s, loss=1.233]
  epoch 1/3:  76%|███████▌  | 67/88 [00:18<00:05,  3.71it/s, loss=1.233]
  epoch 1/3:  76%|███████▌  | 67/88 [00:18<00:05,  3.71it/s, loss=1.227]
  epoch 1/3:  77%|███████▋  | 68/88 [00:18<00:05,  3.72it/s, loss=1.227]
  epoch 1/3:  77%|███████▋  | 68/88 [00:18<00:05,  3.72it/s, loss=1.219]
  epoch 1/3:  78%|███████▊  | 69/88 [00:18<00:05,  3.72it/s, loss=1.219]
  epoch 1/3:  78%|███████▊  | 69/88 [00:18<00:05,  3.72it/s, loss=1.213]
  epoch 1/3:  80%|███████▉  | 70/88 [00:18<00:04,  3.72it/s, loss=1.213]
  epoch 1/3:  80%|███████▉  | 70/88 [00:19<00:04,  3.72it/s, loss=1.206]
  epoch 1/3:  81%|████████  | 71/88 [00:19<00:04,  3.72it/s, loss=1.206]
  epoch 1/3:  81%|████████  | 71/88 [00:19<00:04,  3.72it/s, loss=1.200]
  epoch 1/3:  82%|████████▏ | 72/88 [00:19<00:04,  3.68it/s, loss=1.200]
  epoch 1/3:  82%|████████▏ | 72/88 [00:19<00:04,  3.68it/s, loss=1.194]
  epoch 1/3:  83%|████████▎ | 73/88 [00:19<00:04,  3.69it/s, loss=1.194]
  epoch 1/3:  83%|████████▎ | 73/88 [00:20<00:04,  3.69it/s, loss=1.187]
  epoch 1/3:  84%|████████▍ | 74/88 [00:20<00:03,  3.71it/s, loss=1.187]
  epoch 1/3:  84%|████████▍ | 74/88 [00:20<00:03,  3.71it/s, loss=1.179]
  epoch 1/3:  85%|████████▌ | 75/88 [00:20<00:03,  3.71it/s, loss=1.179]
  epoch 1/3:  85%|████████▌ | 75/88 [00:20<00:03,  3.71it/s, loss=1.173]
  epoch 1/3:  86%|████████▋ | 76/88 [00:20<00:03,  3.71it/s, loss=1.173]
  epoch 1/3:  86%|████████▋ | 76/88 [00:20<00:03,  3.71it/s, loss=1.169]
  epoch 1/3:  88%|████████▊ | 77/88 [00:20<00:02,  3.72it/s, loss=1.169]
  epoch 1/3:  88%|████████▊ | 77/88 [00:21<00:02,  3.72it/s, loss=1.161]
  epoch 1/3:  89%|████████▊ | 78/88 [00:21<00:02,  3.73it/s, loss=1.161]
  epoch 1/3:  89%|████████▊ | 78/88 [00:21<00:02,  3.73it/s, loss=1.154]
  epoch 1/3:  90%|████████▉ | 79/88 [00:21<00:02,  3.72it/s, loss=1.154]
  epoch 1/3:  90%|████████▉ | 79/88 [00:21<00:02,  3.72it/s, loss=1.148]
  epoch 1/3:  91%|█████████ | 80/88 [00:21<00:02,  3.69it/s, loss=1.148]
  epoch 1/3:  91%|█████████ | 80/88 [00:21<00:02,  3.69it/s, loss=1.141]
  epoch 1/3:  92%|█████████▏| 81/88 [00:21<00:01,  3.72it/s, loss=1.141]
  epoch 1/3:  92%|█████████▏| 81/88 [00:22<00:01,  3.72it/s, loss=1.134]
  epoch 1/3:  93%|█████████▎| 82/88 [00:22<00:01,  3.72it/s, loss=1.134]
  epoch 1/3:  93%|█████████▎| 82/88 [00:22<00:01,  3.72it/s, loss=1.129]
  epoch 1/3:  94%|█████████▍| 83/88 [00:22<00:01,  3.70it/s, loss=1.129]
  epoch 1/3:  94%|█████████▍| 83/88 [00:22<00:01,  3.70it/s, loss=1.124]
  epoch 1/3:  95%|█████████▌| 84/88 [00:22<00:01,  3.71it/s, loss=1.124]
  epoch 1/3:  95%|█████████▌| 84/88 [00:23<00:01,  3.71it/s, loss=1.118]
  epoch 1/3:  97%|█████████▋| 85/88 [00:23<00:00,  3.73it/s, loss=1.118]
  epoch 1/3:  97%|█████████▋| 85/88 [00:23<00:00,  3.73it/s, loss=1.114]
  epoch 1/3:  98%|█████████▊| 86/88 [00:23<00:00,  3.71it/s, loss=1.114]
  epoch 1/3:  98%|█████████▊| 86/88 [00:23<00:00,  3.71it/s, loss=1.108]
  epoch 1/3:  99%|█████████▉| 87/88 [00:23<00:00,  3.69it/s, loss=1.108]
  epoch 1/3:  99%|█████████▉| 87/88 [00:23<00:00,  3.69it/s, loss=1.105]
  epoch 1/3: 100%|██████████| 88/88 [00:23<00:00,  3.96it/s, loss=1.105]
                                                                        

  epoch 2/3:   0%|          | 0/88 [00:00<?, ?it/s]
  epoch 2/3:   0%|          | 0/88 [00:00<?, ?it/s, loss=0.639]
  epoch 2/3:   1%|          | 1/88 [00:00<00:43,  1.98it/s, loss=0.639]
  epoch 2/3:   1%|          | 1/88 [00:00<00:43,  1.98it/s, loss=0.591]
  epoch 2/3:   2%|▏         | 2/88 [00:00<00:31,  2.73it/s, loss=0.591]
  epoch 2/3:   2%|▏         | 2/88 [00:01<00:31,  2.73it/s, loss=0.597]
  epoch 2/3:   3%|▎         | 3/88 [00:01<00:27,  3.12it/s, loss=0.597]
  epoch 2/3:   3%|▎         | 3/88 [00:01<00:27,  3.12it/s, loss=0.559]
  epoch 2/3:   5%|▍         | 4/88 [00:01<00:25,  3.35it/s, loss=0.559]
  epoch 2/3:   5%|▍         | 4/88 [00:01<00:25,  3.35it/s, loss=0.561]
  epoch 2/3:   6%|▌         | 5/88 [00:01<00:23,  3.50it/s, loss=0.561]
  epoch 2/3:   6%|▌         | 5/88 [00:01<00:23,  3.50it/s, loss=0.557]
  epoch 2/3:   7%|▋         | 6/88 [00:01<00:22,  3.58it/s, loss=0.557]
  epoch 2/3:   7%|▋         | 6/88 [00:02<00:22,  3.58it/s, loss=0.552]
  epoch 2/3:   8%|▊         | 7/88 [00:02<00:22,  3.65it/s, loss=0.552]
  epoch 2/3:   8%|▊         | 7/88 [00:02<00:22,  3.65it/s, loss=0.553]
  epoch 2/3:   9%|▉         | 8/88 [00:02<00:21,  3.68it/s, loss=0.553]
  epoch 2/3:   9%|▉         | 8/88 [00:02<00:21,  3.68it/s, loss=0.557]
  epoch 2/3:  10%|█         | 9/88 [00:02<00:21,  3.66it/s, loss=0.557]
  epoch 2/3:  10%|█         | 9/88 [00:02<00:21,  3.66it/s, loss=0.548]
  epoch 2/3:  11%|█▏        | 10/88 [00:02<00:21,  3.67it/s, loss=0.548]
  epoch 2/3:  11%|█▏        | 10/88 [00:03<00:21,  3.67it/s, loss=0.551]
  epoch 2/3:  12%|█▎        | 11/88 [00:03<00:20,  3.67it/s, loss=0.551]
  epoch 2/3:  12%|█▎        | 11/88 [00:03<00:20,  3.67it/s, loss=0.552]
  epoch 2/3:  14%|█▎        | 12/88 [00:03<00:20,  3.69it/s, loss=0.552]
  epoch 2/3:  14%|█▎        | 12/88 [00:03<00:20,  3.69it/s, loss=0.542]
  epoch 2/3:  15%|█▍        | 13/88 [00:03<00:20,  3.72it/s, loss=0.542]
  epoch 2/3:  15%|█▍        | 13/88 [00:03<00:20,  3.72it/s, loss=0.534]
  epoch 2/3:  16%|█▌        | 14/88 [00:03<00:19,  3.73it/s, loss=0.534]
  epoch 2/3:  16%|█▌        | 14/88 [00:04<00:19,  3.73it/s, loss=0.524]
  epoch 2/3:  17%|█▋        | 15/88 [00:04<00:19,  3.74it/s, loss=0.524]
  epoch 2/3:  17%|█▋        | 15/88 [00:04<00:19,  3.74it/s, loss=0.515]
  epoch 2/3:  18%|█▊        | 16/88 [00:04<00:19,  3.68it/s, loss=0.515]
  epoch 2/3:  18%|█▊        | 16/88 [00:04<00:19,  3.68it/s, loss=0.519]
  epoch 2/3:  19%|█▉        | 17/88 [00:04<00:19,  3.71it/s, loss=0.519]
  epoch 2/3:  19%|█▉        | 17/88 [00:05<00:19,  3.71it/s, loss=0.512]
  epoch 2/3:  20%|██        | 18/88 [00:05<00:18,  3.71it/s, loss=0.512]
  epoch 2/3:  20%|██        | 18/88 [00:05<00:18,  3.71it/s, loss=0.507]
  epoch 2/3:  22%|██▏       | 19/88 [00:05<00:18,  3.70it/s, loss=0.507]
  epoch 2/3:  22%|██▏       | 19/88 [00:05<00:18,  3.70it/s, loss=0.500]
  epoch 2/3:  23%|██▎       | 20/88 [00:05<00:18,  3.72it/s, loss=0.500]
  epoch 2/3:  23%|██▎       | 20/88 [00:05<00:18,  3.72it/s, loss=0.495]
  epoch 2/3:  24%|██▍       | 21/88 [00:05<00:17,  3.73it/s, loss=0.495]
  epoch 2/3:  24%|██▍       | 21/88 [00:06<00:17,  3.73it/s, loss=0.493]
  epoch 2/3:  25%|██▌       | 22/88 [00:06<00:17,  3.73it/s, loss=0.493]
  epoch 2/3:  25%|██▌       | 22/88 [00:06<00:17,  3.73it/s, loss=0.486]
  epoch 2/3:  26%|██▌       | 23/88 [00:06<00:17,  3.71it/s, loss=0.486]
  epoch 2/3:  26%|██▌       | 23/88 [00:06<00:17,  3.71it/s, loss=0.478]
  epoch 2/3:  27%|██▋       | 24/88 [00:06<00:17,  3.72it/s, loss=0.478]
  epoch 2/3:  27%|██▋       | 24/88 [00:06<00:17,  3.72it/s, loss=0.477]
  epoch 2/3:  28%|██▊       | 25/88 [00:06<00:17,  3.69it/s, loss=0.477]
  epoch 2/3:  28%|██▊       | 25/88 [00:07<00:17,  3.69it/s, loss=0.477]
  epoch 2/3:  30%|██▉       | 26/88 [00:07<00:16,  3.68it/s, loss=0.477]
  epoch 2/3:  30%|██▉       | 26/88 [00:07<00:16,  3.68it/s, loss=0.472]
  epoch 2/3:  31%|███       | 27/88 [00:07<00:16,  3.69it/s, loss=0.472]
  epoch 2/3:  31%|███       | 27/88 [00:07<00:16,  3.69it/s, loss=0.470]
  epoch 2/3:  32%|███▏      | 28/88 [00:07<00:16,  3.69it/s, loss=0.470]
  epoch 2/3:  32%|███▏      | 28/88 [00:08<00:16,  3.69it/s, loss=0.469]
  epoch 2/3:  33%|███▎      | 29/88 [00:08<00:15,  3.70it/s, loss=0.469]
  epoch 2/3:  33%|███▎      | 29/88 [00:08<00:15,  3.70it/s, loss=0.467]
  epoch 2/3:  34%|███▍      | 30/88 [00:08<00:15,  3.70it/s, loss=0.467]
  epoch 2/3:  34%|███▍      | 30/88 [00:08<00:15,  3.70it/s, loss=0.464]
  epoch 2/3:  35%|███▌      | 31/88 [00:08<00:15,  3.70it/s, loss=0.464]
  epoch 2/3:  35%|███▌      | 31/88 [00:08<00:15,  3.70it/s, loss=0.460]
  epoch 2/3:  36%|███▋      | 32/88 [00:08<00:15,  3.64it/s, loss=0.460]
  epoch 2/3:  36%|███▋      | 32/88 [00:09<00:15,  3.64it/s, loss=0.459]
  epoch 2/3:  38%|███▊      | 33/88 [00:09<00:14,  3.69it/s, loss=0.459]
  epoch 2/3:  38%|███▊      | 33/88 [00:09<00:14,  3.69it/s, loss=0.456]
  epoch 2/3:  39%|███▊      | 34/88 [00:09<00:14,  3.67it/s, loss=0.456]
  epoch 2/3:  39%|███▊      | 34/88 [00:09<00:14,  3.67it/s, loss=0.452]
  epoch 2/3:  40%|███▉      | 35/88 [00:09<00:14,  3.67it/s, loss=0.452]
  epoch 2/3:  40%|███▉      | 35/88 [00:09<00:14,  3.67it/s, loss=0.449]
  epoch 2/3:  41%|████      | 36/88 [00:09<00:14,  3.67it/s, loss=0.449]
  epoch 2/3:  41%|████      | 36/88 [00:10<00:14,  3.67it/s, loss=0.450]
  epoch 2/3:  42%|████▏     | 37/88 [00:10<00:13,  3.69it/s, loss=0.450]
  epoch 2/3:  42%|████▏     | 37/88 [00:10<00:13,  3.69it/s, loss=0.447]
  epoch 2/3:  43%|████▎     | 38/88 [00:10<00:13,  3.70it/s, loss=0.447]
  epoch 2/3:  43%|████▎     | 38/88 [00:10<00:13,  3.70it/s, loss=0.443]
  epoch 2/3:  44%|████▍     | 39/88 [00:10<00:13,  3.70it/s, loss=0.443]
  epoch 2/3:  44%|████▍     | 39/88 [00:11<00:13,  3.70it/s, loss=0.441]
  epoch 2/3:  45%|████▌     | 40/88 [00:11<00:13,  3.69it/s, loss=0.441]
  epoch 2/3:  45%|████▌     | 40/88 [00:11<00:13,  3.69it/s, loss=0.439]
  epoch 2/3:  47%|████▋     | 41/88 [00:11<00:12,  3.71it/s, loss=0.439]
  epoch 2/3:  47%|████▋     | 41/88 [00:11<00:12,  3.71it/s, loss=0.434]
  epoch 2/3:  48%|████▊     | 42/88 [00:11<00:12,  3.73it/s, loss=0.434]
  epoch 2/3:  48%|████▊     | 42/88 [00:11<00:12,  3.73it/s, loss=0.430]
  epoch 2/3:  49%|████▉     | 43/88 [00:11<00:12,  3.73it/s, loss=0.430]
  epoch 2/3:  49%|████▉     | 43/88 [00:12<00:12,  3.73it/s, loss=0.430]
  epoch 2/3:  50%|█████     | 44/88 [00:12<00:11,  3.70it/s, loss=0.430]
  epoch 2/3:  50%|█████     | 44/88 [00:12<00:11,  3.70it/s, loss=0.427]
  epoch 2/3:  51%|█████     | 45/88 [00:12<00:11,  3.72it/s, loss=0.427]
  epoch 2/3:  51%|█████     | 45/88 [00:12<00:11,  3.72it/s, loss=0.425]
  epoch 2/3:  52%|█████▏    | 46/88 [00:12<00:11,  3.73it/s, loss=0.425]
  epoch 2/3:  52%|█████▏    | 46/88 [00:12<00:11,  3.73it/s, loss=0.423]
  epoch 2/3:  53%|█████▎    | 47/88 [00:12<00:11,  3.72it/s, loss=0.423]
  epoch 2/3:  53%|█████▎    | 47/88 [00:13<00:11,  3.72it/s, loss=0.422]
  epoch 2/3:  55%|█████▍    | 48/88 [00:13<00:10,  3.67it/s, loss=0.422]
  epoch 2/3:  55%|█████▍    | 48/88 [00:13<00:10,  3.67it/s, loss=0.420]
  epoch 2/3:  56%|█████▌    | 49/88 [00:13<00:10,  3.70it/s, loss=0.420]
  epoch 2/3:  56%|█████▌    | 49/88 [00:13<00:10,  3.70it/s, loss=0.416]
  epoch 2/3:  57%|█████▋    | 50/88 [00:13<00:10,  3.69it/s, loss=0.416]
  epoch 2/3:  57%|█████▋    | 50/88 [00:13<00:10,  3.69it/s, loss=0.418]
  epoch 2/3:  58%|█████▊    | 51/88 [00:13<00:09,  3.71it/s, loss=0.418]
  epoch 2/3:  58%|█████▊    | 51/88 [00:14<00:09,  3.71it/s, loss=0.416]
  epoch 2/3:  59%|█████▉    | 52/88 [00:14<00:09,  3.73it/s, loss=0.416]
  epoch 2/3:  59%|█████▉    | 52/88 [00:14<00:09,  3.73it/s, loss=0.414]
  epoch 2/3:  60%|██████    | 53/88 [00:14<00:09,  3.73it/s, loss=0.414]
  epoch 2/3:  60%|██████    | 53/88 [00:14<00:09,  3.73it/s, loss=0.410]
  epoch 2/3:  61%|██████▏   | 54/88 [00:14<00:09,  3.71it/s, loss=0.410]
  epoch 2/3:  61%|██████▏   | 54/88 [00:15<00:09,  3.71it/s, loss=0.407]
  epoch 2/3:  62%|██████▎   | 55/88 [00:15<00:08,  3.72it/s, loss=0.407]
  epoch 2/3:  62%|██████▎   | 55/88 [00:15<00:08,  3.72it/s, loss=0.404]
  epoch 2/3:  64%|██████▎   | 56/88 [00:15<00:08,  3.72it/s, loss=0.404]
  epoch 2/3:  64%|██████▎   | 56/88 [00:15<00:08,  3.72it/s, loss=0.402]
  epoch 2/3:  65%|██████▍   | 57/88 [00:15<00:08,  3.71it/s, loss=0.402]
  epoch 2/3:  65%|██████▍   | 57/88 [00:15<00:08,  3.71it/s, loss=0.400]
  epoch 2/3:  66%|██████▌   | 58/88 [00:15<00:08,  3.71it/s, loss=0.400]
  epoch 2/3:  66%|██████▌   | 58/88 [00:16<00:08,  3.71it/s, loss=0.398]
  epoch 2/3:  67%|██████▋   | 59/88 [00:16<00:07,  3.72it/s, loss=0.398]
  epoch 2/3:  67%|██████▋   | 59/88 [00:16<00:07,  3.72it/s, loss=0.395]
  epoch 2/3:  68%|██████▊   | 60/88 [00:16<00:07,  3.72it/s, loss=0.395]
  epoch 2/3:  68%|██████▊   | 60/88 [00:16<00:07,  3.72it/s, loss=0.391]
  epoch 2/3:  69%|██████▉   | 61/88 [00:16<00:07,  3.71it/s, loss=0.391]
  epoch 2/3:  69%|██████▉   | 61/88 [00:16<00:07,  3.71it/s, loss=0.388]
  epoch 2/3:  70%|███████   | 62/88 [00:16<00:06,  3.72it/s, loss=0.388]
  epoch 2/3:  70%|███████   | 62/88 [00:17<00:06,  3.72it/s, loss=0.386]
  epoch 2/3:  72%|███████▏  | 63/88 [00:17<00:06,  3.74it/s, loss=0.386]
  epoch 2/3:  72%|███████▏  | 63/88 [00:17<00:06,  3.74it/s, loss=0.383]
  epoch 2/3:  73%|███████▎  | 64/88 [00:17<00:06,  3.70it/s, loss=0.383]
  epoch 2/3:  73%|███████▎  | 64/88 [00:17<00:06,  3.70it/s, loss=0.381]
  epoch 2/3:  74%|███████▍  | 65/88 [00:17<00:06,  3.70it/s, loss=0.381]
  epoch 2/3:  74%|███████▍  | 65/88 [00:18<00:06,  3.70it/s, loss=0.380]
  epoch 2/3:  75%|███████▌  | 66/88 [00:18<00:05,  3.67it/s, loss=0.380]
  epoch 2/3:  75%|███████▌  | 66/88 [00:18<00:05,  3.67it/s, loss=0.378]
  epoch 2/3:  76%|███████▌  | 67/88 [00:18<00:05,  3.67it/s, loss=0.378]
  epoch 2/3:  76%|███████▌  | 67/88 [00:18<00:05,  3.67it/s, loss=0.378]
  epoch 2/3:  77%|███████▋  | 68/88 [00:18<00:05,  3.68it/s, loss=0.378]
  epoch 2/3:  77%|███████▋  | 68/88 [00:18<00:05,  3.68it/s, loss=0.377]
  epoch 2/3:  78%|███████▊  | 69/88 [00:18<00:05,  3.67it/s, loss=0.377]
  epoch 2/3:  78%|███████▊  | 69/88 [00:19<00:05,  3.67it/s, loss=0.376]
  epoch 2/3:  80%|███████▉  | 70/88 [00:19<00:04,  3.70it/s, loss=0.376]
  epoch 2/3:  80%|███████▉  | 70/88 [00:19<00:04,  3.70it/s, loss=0.374]
  epoch 2/3:  81%|████████  | 71/88 [00:19<00:04,  3.70it/s, loss=0.374]
  epoch 2/3:  81%|████████  | 71/88 [00:19<00:04,  3.70it/s, loss=0.372]
  epoch 2/3:  82%|████████▏ | 72/88 [00:19<00:04,  3.69it/s, loss=0.372]
  epoch 2/3:  82%|████████▏ | 72/88 [00:19<00:04,  3.69it/s, loss=0.371]
  epoch 2/3:  83%|████████▎ | 73/88 [00:19<00:04,  3.71it/s, loss=0.371]
  epoch 2/3:  83%|████████▎ | 73/88 [00:20<00:04,  3.71it/s, loss=0.369]
  epoch 2/3:  84%|████████▍ | 74/88 [00:20<00:03,  3.73it/s, loss=0.369]
  epoch 2/3:  84%|████████▍ | 74/88 [00:20<00:03,  3.73it/s, loss=0.368]
  epoch 2/3:  85%|████████▌ | 75/88 [00:20<00:03,  3.73it/s, loss=0.368]
  epoch 2/3:  85%|████████▌ | 75/88 [00:20<00:03,  3.73it/s, loss=0.367]
  epoch 2/3:  86%|████████▋ | 76/88 [00:20<00:03,  3.72it/s, loss=0.367]
  epoch 2/3:  86%|████████▋ | 76/88 [00:20<00:03,  3.72it/s, loss=0.364]
  epoch 2/3:  88%|████████▊ | 77/88 [00:20<00:02,  3.71it/s, loss=0.364]
  epoch 2/3:  88%|████████▊ | 77/88 [00:21<00:02,  3.71it/s, loss=0.362]
  epoch 2/3:  89%|████████▊ | 78/88 [00:21<00:02,  3.70it/s, loss=0.362]
  epoch 2/3:  89%|████████▊ | 78/88 [00:21<00:02,  3.70it/s, loss=0.361]
  epoch 2/3:  90%|████████▉ | 79/88 [00:21<00:02,  3.71it/s, loss=0.361]
  epoch 2/3:  90%|████████▉ | 79/88 [00:21<00:02,  3.71it/s, loss=0.360]
  epoch 2/3:  91%|█████████ | 80/88 [00:21<00:02,  3.65it/s, loss=0.360]
  epoch 2/3:  91%|█████████ | 80/88 [00:22<00:02,  3.65it/s, loss=0.359]
  epoch 2/3:  92%|█████████▏| 81/88 [00:22<00:01,  3.68it/s, loss=0.359]
  epoch 2/3:  92%|█████████▏| 81/88 [00:22<00:01,  3.68it/s, loss=0.357]
  epoch 2/3:  93%|█████████▎| 82/88 [00:22<00:01,  3.70it/s, loss=0.357]
  epoch 2/3:  93%|█████████▎| 82/88 [00:22<00:01,  3.70it/s, loss=0.354]
  epoch 2/3:  94%|█████████▍| 83/88 [00:22<00:01,  3.71it/s, loss=0.354]
  epoch 2/3:  94%|█████████▍| 83/88 [00:22<00:01,  3.71it/s, loss=0.353]
  epoch 2/3:  95%|█████████▌| 84/88 [00:22<00:01,  3.67it/s, loss=0.353]
  epoch 2/3:  95%|█████████▌| 84/88 [00:23<00:01,  3.67it/s, loss=0.352]
  epoch 2/3:  97%|█████████▋| 85/88 [00:23<00:00,  3.70it/s, loss=0.352]
  epoch 2/3:  97%|█████████▋| 85/88 [00:23<00:00,  3.70it/s, loss=0.350]
  epoch 2/3:  98%|█████████▊| 86/88 [00:23<00:00,  3.67it/s, loss=0.350]
  epoch 2/3:  98%|█████████▊| 86/88 [00:23<00:00,  3.67it/s, loss=0.349]
  epoch 2/3:  99%|█████████▉| 87/88 [00:23<00:00,  3.64it/s, loss=0.349]
  epoch 2/3:  99%|█████████▉| 87/88 [00:23<00:00,  3.64it/s, loss=0.348]
  epoch 2/3: 100%|██████████| 88/88 [00:23<00:00,  3.98it/s, loss=0.348]
                                                                        

  epoch 3/3:   0%|          | 0/88 [00:00<?, ?it/s]
  epoch 3/3:   0%|          | 0/88 [00:00<?, ?it/s, loss=0.128]
  epoch 3/3:   1%|          | 1/88 [00:00<00:44,  1.95it/s, loss=0.128]
  epoch 3/3:   1%|          | 1/88 [00:00<00:44,  1.95it/s, loss=0.154]
  epoch 3/3:   2%|▏         | 2/88 [00:00<00:31,  2.72it/s, loss=0.154]
  epoch 3/3:   2%|▏         | 2/88 [00:01<00:31,  2.72it/s, loss=0.179]
  epoch 3/3:   3%|▎         | 3/88 [00:01<00:27,  3.07it/s, loss=0.179]
  epoch 3/3:   3%|▎         | 3/88 [00:01<00:27,  3.07it/s, loss=0.188]
  epoch 3/3:   5%|▍         | 4/88 [00:01<00:25,  3.30it/s, loss=0.188]
  epoch 3/3:   5%|▍         | 4/88 [00:01<00:25,  3.30it/s, loss=0.174]
  epoch 3/3:   6%|▌         | 5/88 [00:01<00:24,  3.43it/s, loss=0.174]
  epoch 3/3:   6%|▌         | 5/88 [00:01<00:24,  3.43it/s, loss=0.178]
  epoch 3/3:   7%|▋         | 6/88 [00:01<00:23,  3.48it/s, loss=0.178]
  epoch 3/3:   7%|▋         | 6/88 [00:02<00:23,  3.48it/s, loss=0.173]
  epoch 3/3:   8%|▊         | 7/88 [00:02<00:22,  3.57it/s, loss=0.173]
  epoch 3/3:   8%|▊         | 7/88 [00:02<00:22,  3.57it/s, loss=0.181]
  epoch 3/3:   9%|▉         | 8/88 [00:02<00:22,  3.55it/s, loss=0.181]
  epoch 3/3:   9%|▉         | 8/88 [00:02<00:22,  3.55it/s, loss=0.176]
  epoch 3/3:  10%|█         | 9/88 [00:02<00:22,  3.59it/s, loss=0.176]
  epoch 3/3:  10%|█         | 9/88 [00:02<00:22,  3.59it/s, loss=0.170]
  epoch 3/3:  11%|█▏        | 10/88 [00:02<00:21,  3.61it/s, loss=0.170]
  epoch 3/3:  11%|█▏        | 10/88 [00:03<00:21,  3.61it/s, loss=0.171]
  epoch 3/3:  12%|█▎        | 11/88 [00:03<00:21,  3.61it/s, loss=0.171]
  epoch 3/3:  12%|█▎        | 11/88 [00:03<00:21,  3.61it/s, loss=0.173]
  epoch 3/3:  14%|█▎        | 12/88 [00:03<00:20,  3.66it/s, loss=0.173]
  epoch 3/3:  14%|█▎        | 12/88 [00:03<00:20,  3.66it/s, loss=0.172]
  epoch 3/3:  15%|█▍        | 13/88 [00:03<00:20,  3.67it/s, loss=0.172]
  epoch 3/3:  15%|█▍        | 13/88 [00:04<00:20,  3.67it/s, loss=0.169]
  epoch 3/3:  16%|█▌        | 14/88 [00:04<00:20,  3.67it/s, loss=0.169]
  epoch 3/3:  16%|█▌        | 14/88 [00:04<00:20,  3.67it/s, loss=0.171]
  epoch 3/3:  17%|█▋        | 15/88 [00:04<00:19,  3.66it/s, loss=0.171]
  epoch 3/3:  17%|█▋        | 15/88 [00:04<00:19,  3.66it/s, loss=0.172]
  epoch 3/3:  18%|█▊        | 16/88 [00:04<00:19,  3.67it/s, loss=0.172]
  epoch 3/3:  18%|█▊        | 16/88 [00:04<00:19,  3.67it/s, loss=0.175]
  epoch 3/3:  19%|█▉        | 17/88 [00:04<00:19,  3.70it/s, loss=0.175]
  epoch 3/3:  19%|█▉        | 17/88 [00:05<00:19,  3.70it/s, loss=0.172]
  epoch 3/3:  20%|██        | 18/88 [00:05<00:18,  3.69it/s, loss=0.172]
  epoch 3/3:  20%|██        | 18/88 [00:05<00:18,  3.69it/s, loss=0.170]
  epoch 3/3:  22%|██▏       | 19/88 [00:05<00:18,  3.70it/s, loss=0.170]
  epoch 3/3:  22%|██▏       | 19/88 [00:05<00:18,  3.70it/s, loss=0.165]
  epoch 3/3:  23%|██▎       | 20/88 [00:05<00:18,  3.70it/s, loss=0.165]
  epoch 3/3:  23%|██▎       | 20/88 [00:05<00:18,  3.70it/s, loss=0.167]
  epoch 3/3:  24%|██▍       | 21/88 [00:05<00:18,  3.71it/s, loss=0.167]
  epoch 3/3:  24%|██▍       | 21/88 [00:06<00:18,  3.71it/s, loss=0.162]
  epoch 3/3:  25%|██▌       | 22/88 [00:06<00:17,  3.73it/s, loss=0.162]
  epoch 3/3:  25%|██▌       | 22/88 [00:06<00:17,  3.73it/s, loss=0.165]
  epoch 3/3:  26%|██▌       | 23/88 [00:06<00:17,  3.72it/s, loss=0.165]
  epoch 3/3:  26%|██▌       | 23/88 [00:06<00:17,  3.72it/s, loss=0.165]
  epoch 3/3:  27%|██▋       | 24/88 [00:06<00:17,  3.66it/s, loss=0.165]
  epoch 3/3:  27%|██▋       | 24/88 [00:07<00:17,  3.66it/s, loss=0.164]
  epoch 3/3:  28%|██▊       | 25/88 [00:07<00:17,  3.67it/s, loss=0.164]
  epoch 3/3:  28%|██▊       | 25/88 [00:07<00:17,  3.67it/s, loss=0.167]
  epoch 3/3:  30%|██▉       | 26/88 [00:07<00:16,  3.68it/s, loss=0.167]
  epoch 3/3:  30%|██▉       | 26/88 [00:07<00:16,  3.68it/s, loss=0.169]
  epoch 3/3:  31%|███       | 27/88 [00:07<00:16,  3.68it/s, loss=0.169]
  epoch 3/3:  31%|███       | 27/88 [00:07<00:16,  3.68it/s, loss=0.171]
  epoch 3/3:  32%|███▏      | 28/88 [00:07<00:16,  3.67it/s, loss=0.171]
  epoch 3/3:  32%|███▏      | 28/88 [00:08<00:16,  3.67it/s, loss=0.171]
  epoch 3/3:  33%|███▎      | 29/88 [00:08<00:15,  3.69it/s, loss=0.171]
  epoch 3/3:  33%|███▎      | 29/88 [00:08<00:15,  3.69it/s, loss=0.170]
  epoch 3/3:  34%|███▍      | 30/88 [00:08<00:15,  3.67it/s, loss=0.170]
  epoch 3/3:  34%|███▍      | 30/88 [00:08<00:15,  3.67it/s, loss=0.167]
  epoch 3/3:  35%|███▌      | 31/88 [00:08<00:15,  3.67it/s, loss=0.167]
  epoch 3/3:  35%|███▌      | 31/88 [00:08<00:15,  3.67it/s, loss=0.167]
  epoch 3/3:  36%|███▋      | 32/88 [00:08<00:15,  3.66it/s, loss=0.167]
  epoch 3/3:  36%|███▋      | 32/88 [00:09<00:15,  3.66it/s, loss=0.166]
  epoch 3/3:  38%|███▊      | 33/88 [00:09<00:14,  3.69it/s, loss=0.166]
  epoch 3/3:  38%|███▊      | 33/88 [00:09<00:14,  3.69it/s, loss=0.166]
  epoch 3/3:  39%|███▊      | 34/88 [00:09<00:14,  3.67it/s, loss=0.166]
  epoch 3/3:  39%|███▊      | 34/88 [00:09<00:14,  3.67it/s, loss=0.170]
  epoch 3/3:  40%|███▉      | 35/88 [00:09<00:14,  3.70it/s, loss=0.170]
  epoch 3/3:  40%|███▉      | 35/88 [00:10<00:14,  3.70it/s, loss=0.169]
  epoch 3/3:  41%|████      | 36/88 [00:10<00:14,  3.71it/s, loss=0.169]
  epoch 3/3:  41%|████      | 36/88 [00:10<00:14,  3.71it/s, loss=0.170]
  epoch 3/3:  42%|████▏     | 37/88 [00:10<00:13,  3.73it/s, loss=0.170]
  epoch 3/3:  42%|████▏     | 37/88 [00:10<00:13,  3.73it/s, loss=0.169]
  epoch 3/3:  43%|████▎     | 38/88 [00:10<00:13,  3.71it/s, loss=0.169]
  epoch 3/3:  43%|████▎     | 38/88 [00:10<00:13,  3.71it/s, loss=0.169]
  epoch 3/3:  44%|████▍     | 39/88 [00:10<00:13,  3.69it/s, loss=0.169]
  epoch 3/3:  44%|████▍     | 39/88 [00:11<00:13,  3.69it/s, loss=0.168]
  epoch 3/3:  45%|████▌     | 40/88 [00:11<00:13,  3.67it/s, loss=0.168]
  epoch 3/3:  45%|████▌     | 40/88 [00:11<00:13,  3.67it/s, loss=0.167]
  epoch 3/3:  47%|████▋     | 41/88 [00:11<00:12,  3.70it/s, loss=0.167]
  epoch 3/3:  47%|████▋     | 41/88 [00:11<00:12,  3.70it/s, loss=0.166]
  epoch 3/3:  48%|████▊     | 42/88 [00:11<00:12,  3.71it/s, loss=0.166]
  epoch 3/3:  48%|████▊     | 42/88 [00:11<00:12,  3.71it/s, loss=0.166]
  epoch 3/3:  49%|████▉     | 43/88 [00:11<00:12,  3.70it/s, loss=0.166]
  epoch 3/3:  49%|████▉     | 43/88 [00:12<00:12,  3.70it/s, loss=0.165]
  epoch 3/3:  50%|█████     | 44/88 [00:12<00:11,  3.70it/s, loss=0.165]
  epoch 3/3:  50%|█████     | 44/88 [00:12<00:11,  3.70it/s, loss=0.164]
  epoch 3/3:  51%|█████     | 45/88 [00:12<00:11,  3.71it/s, loss=0.164]
  epoch 3/3:  51%|█████     | 45/88 [00:12<00:11,  3.71it/s, loss=0.165]
  epoch 3/3:  52%|█████▏    | 46/88 [00:12<00:11,  3.71it/s, loss=0.165]
  epoch 3/3:  52%|█████▏    | 46/88 [00:12<00:11,  3.71it/s, loss=0.163]
  epoch 3/3:  53%|█████▎    | 47/88 [00:12<00:11,  3.71it/s, loss=0.163]
  epoch 3/3:  53%|█████▎    | 47/88 [00:13<00:11,  3.71it/s, loss=0.164]
  epoch 3/3:  55%|█████▍    | 48/88 [00:13<00:10,  3.72it/s, loss=0.164]
  epoch 3/3:  55%|█████▍    | 48/88 [00:13<00:10,  3.72it/s, loss=0.163]
  epoch 3/3:  56%|█████▌    | 49/88 [00:13<00:10,  3.74it/s, loss=0.163]
  epoch 3/3:  56%|█████▌    | 49/88 [00:13<00:10,  3.74it/s, loss=0.163]
  epoch 3/3:  57%|█████▋    | 50/88 [00:13<00:10,  3.71it/s, loss=0.163]
  epoch 3/3:  57%|█████▋    | 50/88 [00:14<00:10,  3.71it/s, loss=0.161]
  epoch 3/3:  58%|█████▊    | 51/88 [00:14<00:10,  3.69it/s, loss=0.161]
  epoch 3/3:  58%|█████▊    | 51/88 [00:14<00:10,  3.69it/s, loss=0.161]
  epoch 3/3:  59%|█████▉    | 52/88 [00:14<00:09,  3.69it/s, loss=0.161]
  epoch 3/3:  59%|█████▉    | 52/88 [00:14<00:09,  3.69it/s, loss=0.160]
  epoch 3/3:  60%|██████    | 53/88 [00:14<00:09,  3.70it/s, loss=0.160]
  epoch 3/3:  60%|██████    | 53/88 [00:14<00:09,  3.70it/s, loss=0.162]
  epoch 3/3:  61%|██████▏   | 54/88 [00:14<00:09,  3.71it/s, loss=0.162]
  epoch 3/3:  61%|██████▏   | 54/88 [00:15<00:09,  3.71it/s, loss=0.163]
  epoch 3/3:  62%|██████▎   | 55/88 [00:15<00:08,  3.73it/s, loss=0.163]
  epoch 3/3:  62%|██████▎   | 55/88 [00:15<00:08,  3.73it/s, loss=0.161]
  epoch 3/3:  64%|██████▎   | 56/88 [00:15<00:08,  3.69it/s, loss=0.161]
  epoch 3/3:  64%|██████▎   | 56/88 [00:15<00:08,  3.69it/s, loss=0.161]
  epoch 3/3:  65%|██████▍   | 57/88 [00:15<00:08,  3.69it/s, loss=0.161]
  epoch 3/3:  65%|██████▍   | 57/88 [00:15<00:08,  3.69it/s, loss=0.160]
  epoch 3/3:  66%|██████▌   | 58/88 [00:15<00:08,  3.71it/s, loss=0.160]
  epoch 3/3:  66%|██████▌   | 58/88 [00:16<00:08,  3.71it/s, loss=0.161]
  epoch 3/3:  67%|██████▋   | 59/88 [00:16<00:07,  3.71it/s, loss=0.161]
  epoch 3/3:  67%|██████▋   | 59/88 [00:16<00:07,  3.71it/s, loss=0.160]
  epoch 3/3:  68%|██████▊   | 60/88 [00:16<00:07,  3.70it/s, loss=0.160]
  epoch 3/3:  68%|██████▊   | 60/88 [00:16<00:07,  3.70it/s, loss=0.159]
  epoch 3/3:  69%|██████▉   | 61/88 [00:16<00:07,  3.69it/s, loss=0.159]
  epoch 3/3:  69%|██████▉   | 61/88 [00:17<00:07,  3.69it/s, loss=0.158]
  epoch 3/3:  70%|███████   | 62/88 [00:17<00:07,  3.69it/s, loss=0.158]
  epoch 3/3:  70%|███████   | 62/88 [00:17<00:07,  3.69it/s, loss=0.157]
  epoch 3/3:  72%|███████▏  | 63/88 [00:17<00:06,  3.70it/s, loss=0.157]
  epoch 3/3:  72%|███████▏  | 63/88 [00:17<00:06,  3.70it/s, loss=0.157]
  epoch 3/3:  73%|███████▎  | 64/88 [00:17<00:06,  3.71it/s, loss=0.157]
  epoch 3/3:  73%|███████▎  | 64/88 [00:17<00:06,  3.71it/s, loss=0.157]
  epoch 3/3:  74%|███████▍  | 65/88 [00:17<00:06,  3.71it/s, loss=0.157]
  epoch 3/3:  74%|███████▍  | 65/88 [00:18<00:06,  3.71it/s, loss=0.159]
  epoch 3/3:  75%|███████▌  | 66/88 [00:18<00:06,  3.67it/s, loss=0.159]
  epoch 3/3:  75%|███████▌  | 66/88 [00:18<00:06,  3.67it/s, loss=0.157]
  epoch 3/3:  76%|███████▌  | 67/88 [00:18<00:05,  3.67it/s, loss=0.157]
  epoch 3/3:  76%|███████▌  | 67/88 [00:18<00:05,  3.67it/s, loss=0.157]
  epoch 3/3:  77%|███████▋  | 68/88 [00:18<00:05,  3.68it/s, loss=0.157]
  epoch 3/3:  77%|███████▋  | 68/88 [00:18<00:05,  3.68it/s, loss=0.157]
  epoch 3/3:  78%|███████▊  | 69/88 [00:18<00:05,  3.68it/s, loss=0.157]
  epoch 3/3:  78%|███████▊  | 69/88 [00:19<00:05,  3.68it/s, loss=0.156]
  epoch 3/3:  80%|███████▉  | 70/88 [00:19<00:04,  3.67it/s, loss=0.156]
  epoch 3/3:  80%|███████▉  | 70/88 [00:19<00:04,  3.67it/s, loss=0.155]
  epoch 3/3:  81%|████████  | 71/88 [00:19<00:04,  3.70it/s, loss=0.155]
  epoch 3/3:  81%|████████  | 71/88 [00:19<00:04,  3.70it/s, loss=0.154]
  epoch 3/3:  82%|████████▏ | 72/88 [00:19<00:04,  3.66it/s, loss=0.154]
  epoch 3/3:  82%|████████▏ | 72/88 [00:20<00:04,  3.66it/s, loss=0.154]
  epoch 3/3:  83%|████████▎ | 73/88 [00:20<00:04,  3.68it/s, loss=0.154]
  epoch 3/3:  83%|████████▎ | 73/88 [00:20<00:04,  3.68it/s, loss=0.153]
  epoch 3/3:  84%|████████▍ | 74/88 [00:20<00:03,  3.68it/s, loss=0.153]
  epoch 3/3:  84%|████████▍ | 74/88 [00:20<00:03,  3.68it/s, loss=0.153]
  epoch 3/3:  85%|████████▌ | 75/88 [00:20<00:03,  3.67it/s, loss=0.153]
  epoch 3/3:  85%|████████▌ | 75/88 [00:20<00:03,  3.67it/s, loss=0.153]
  epoch 3/3:  86%|████████▋ | 76/88 [00:20<00:03,  3.70it/s, loss=0.153]
  epoch 3/3:  86%|████████▋ | 76/88 [00:21<00:03,  3.70it/s, loss=0.153]
  epoch 3/3:  88%|████████▊ | 77/88 [00:21<00:02,  3.69it/s, loss=0.153]
  epoch 3/3:  88%|████████▊ | 77/88 [00:21<00:02,  3.69it/s, loss=0.152]
  epoch 3/3:  89%|████████▊ | 78/88 [00:21<00:02,  3.70it/s, loss=0.152]
  epoch 3/3:  89%|████████▊ | 78/88 [00:21<00:02,  3.70it/s, loss=0.153]
  epoch 3/3:  90%|████████▉ | 79/88 [00:21<00:02,  3.70it/s, loss=0.153]
  epoch 3/3:  90%|████████▉ | 79/88 [00:21<00:02,  3.70it/s, loss=0.153]
  epoch 3/3:  91%|█████████ | 80/88 [00:21<00:02,  3.71it/s, loss=0.153]
  epoch 3/3:  91%|█████████ | 80/88 [00:22<00:02,  3.71it/s, loss=0.152]
  epoch 3/3:  92%|█████████▏| 81/88 [00:22<00:01,  3.69it/s, loss=0.152]
  epoch 3/3:  92%|█████████▏| 81/88 [00:22<00:01,  3.69it/s, loss=0.151]
  epoch 3/3:  93%|█████████▎| 82/88 [00:22<00:01,  3.72it/s, loss=0.151]
  epoch 3/3:  93%|█████████▎| 82/88 [00:22<00:01,  3.72it/s, loss=0.150]
  epoch 3/3:  94%|█████████▍| 83/88 [00:22<00:01,  3.72it/s, loss=0.150]
  epoch 3/3:  94%|█████████▍| 83/88 [00:22<00:01,  3.72it/s, loss=0.149]
  epoch 3/3:  95%|█████████▌| 84/88 [00:22<00:01,  3.73it/s, loss=0.149]
  epoch 3/3:  95%|█████████▌| 84/88 [00:23<00:01,  3.73it/s, loss=0.148]
  epoch 3/3:  97%|█████████▋| 85/88 [00:23<00:00,  3.72it/s, loss=0.148]
  epoch 3/3:  97%|█████████▋| 85/88 [00:23<00:00,  3.72it/s, loss=0.148]
  epoch 3/3:  98%|█████████▊| 86/88 [00:23<00:00,  3.73it/s, loss=0.148]
  epoch 3/3:  98%|█████████▊| 86/88 [00:23<00:00,  3.73it/s, loss=0.148]
  epoch 3/3:  99%|█████████▉| 87/88 [00:23<00:00,  3.72it/s, loss=0.148]
  epoch 3/3:  99%|█████████▉| 87/88 [00:24<00:00,  3.72it/s, loss=0.147]
  epoch 3/3: 100%|██████████| 88/88 [00:24<00:00,  4.01it/s, loss=0.147]
                                                                        
[titans] reset=never | norm(state) sau task = 82.4135
[titans]   self-mod v:β=0.85 |W|=2.97
[titans]   eta_t(avg)=23.6734  alpha_t/forget-gate(avg)=1.0000
[task 7] test acc so far: 0.866  0.760  0.809  0.686  0.686  0.500  0.597  0.117
[task 7] NCM-blend gamma=0: 0.771  0.660  0.769  0.697  0.666  0.754  0.800  0.723
[task 7] NCM-blend gamma=1: 0.746  0.554  0.731  0.711  0.734  0.811  0.869  0.783
[checkpoint] đã lưu tiến độ sau task 7
[task 8] classes=[2, 16, 24, 26, 32] | train=2800

  epoch 1/3:   0%|          | 0/88 [00:00<?, ?it/s]
  epoch 1/3:   0%|          | 0/88 [00:00<?, ?it/s, loss=1.777]
  epoch 1/3:   1%|          | 1/88 [00:00<00:42,  2.04it/s, loss=1.777]
  epoch 1/3:   1%|          | 1/88 [00:00<00:42,  2.04it/s, loss=1.819]
  epoch 1/3:   2%|▏         | 2/88 [00:00<00:30,  2.79it/s, loss=1.819]
  epoch 1/3:   2%|▏         | 2/88 [00:01<00:30,  2.79it/s, loss=1.797]
  epoch 1/3:   3%|▎         | 3/88 [00:01<00:27,  3.15it/s, loss=1.797]
  epoch 1/3:   3%|▎         | 3/88 [00:01<00:27,  3.15it/s, loss=1.814]
  epoch 1/3:   5%|▍         | 4/88 [00:01<00:25,  3.34it/s, loss=1.814]
  epoch 1/3:   5%|▍         | 4/88 [00:01<00:25,  3.34it/s, loss=1.797]
  epoch 1/3:   6%|▌         | 5/88 [00:01<00:23,  3.48it/s, loss=1.797]
  epoch 1/3:   6%|▌         | 5/88 [00:01<00:23,  3.48it/s, loss=1.806]
  epoch 1/3:   7%|▋         | 6/88 [00:01<00:22,  3.58it/s, loss=1.806]
  epoch 1/3:   7%|▋         | 6/88 [00:02<00:22,  3.58it/s, loss=1.786]
  epoch 1/3:   8%|▊         | 7/88 [00:02<00:22,  3.63it/s, loss=1.786]
  epoch 1/3:   8%|▊         | 7/88 [00:02<00:22,  3.63it/s, loss=1.793]
  epoch 1/3:   9%|▉         | 8/88 [00:02<00:21,  3.67it/s, loss=1.793]
  epoch 1/3:   9%|▉         | 8/88 [00:02<00:21,  3.67it/s, loss=1.791]
  epoch 1/3:  10%|█         | 9/88 [00:02<00:21,  3.68it/s, loss=1.791]
  epoch 1/3:  10%|█         | 9/88 [00:02<00:21,  3.68it/s, loss=1.763]
  epoch 1/3:  11%|█▏        | 10/88 [00:02<00:21,  3.68it/s, loss=1.763]
  epoch 1/3:  11%|█▏        | 10/88 [00:03<00:21,  3.68it/s, loss=1.773]
  epoch 1/3:  12%|█▎        | 11/88 [00:03<00:20,  3.70it/s, loss=1.773]
  epoch 1/3:  12%|█▎        | 11/88 [00:03<00:20,  3.70it/s, loss=1.767]
  epoch 1/3:  14%|█▎        | 12/88 [00:03<00:20,  3.72it/s, loss=1.767]
  epoch 1/3:  14%|█▎        | 12/88 [00:03<00:20,  3.72it/s, loss=1.754]
  epoch 1/3:  15%|█▍        | 13/88 [00:03<00:20,  3.74it/s, loss=1.754]
  epoch 1/3:  15%|█▍        | 13/88 [00:03<00:20,  3.74it/s, loss=1.746]
  epoch 1/3:  16%|█▌        | 14/88 [00:03<00:19,  3.73it/s, loss=1.746]
  epoch 1/3:  16%|█▌        | 14/88 [00:04<00:19,  3.73it/s, loss=1.731]
  epoch 1/3:  17%|█▋        | 15/88 [00:04<00:19,  3.71it/s, loss=1.731]
  epoch 1/3:  17%|█▋        | 15/88 [00:04<00:19,  3.71it/s, loss=1.722]
  epoch 1/3:  18%|█▊        | 16/88 [00:04<00:19,  3.69it/s, loss=1.722]
  epoch 1/3:  18%|█▊        | 16/88 [00:04<00:19,  3.69it/s, loss=1.714]
  epoch 1/3:  19%|█▉        | 17/88 [00:04<00:19,  3.69it/s, loss=1.714]
  epoch 1/3:  19%|█▉        | 17/88 [00:05<00:19,  3.69it/s, loss=1.705]
  epoch 1/3:  20%|██        | 18/88 [00:05<00:18,  3.71it/s, loss=1.705]
  epoch 1/3:  20%|██        | 18/88 [00:05<00:18,  3.71it/s, loss=1.699]
  epoch 1/3:  22%|██▏       | 19/88 [00:05<00:18,  3.73it/s, loss=1.699]
  epoch 1/3:  22%|██▏       | 19/88 [00:05<00:18,  3.73it/s, loss=1.688]
  epoch 1/3:  23%|██▎       | 20/88 [00:05<00:18,  3.71it/s, loss=1.688]
  epoch 1/3:  23%|██▎       | 20/88 [00:05<00:18,  3.71it/s, loss=1.685]
  epoch 1/3:  24%|██▍       | 21/88 [00:05<00:18,  3.71it/s, loss=1.685]
  epoch 1/3:  24%|██▍       | 21/88 [00:06<00:18,  3.71it/s, loss=1.681]
  epoch 1/3:  25%|██▌       | 22/88 [00:06<00:17,  3.72it/s, loss=1.681]
  epoch 1/3:  25%|██▌       | 22/88 [00:06<00:17,  3.72it/s, loss=1.672]
  epoch 1/3:  26%|██▌       | 23/88 [00:06<00:17,  3.73it/s, loss=1.672]
  epoch 1/3:  26%|██▌       | 23/88 [00:06<00:17,  3.73it/s, loss=1.661]
  epoch 1/3:  27%|██▋       | 24/88 [00:06<00:17,  3.73it/s, loss=1.661]
  epoch 1/3:  27%|██▋       | 24/88 [00:06<00:17,  3.73it/s, loss=1.649]
  epoch 1/3:  28%|██▊       | 25/88 [00:06<00:16,  3.73it/s, loss=1.649]
  epoch 1/3:  28%|██▊       | 25/88 [00:07<00:16,  3.73it/s, loss=1.639]
  epoch 1/3:  30%|██▉       | 26/88 [00:07<00:16,  3.71it/s, loss=1.639]
  epoch 1/3:  30%|██▉       | 26/88 [00:07<00:16,  3.71it/s, loss=1.632]
  epoch 1/3:  31%|███       | 27/88 [00:07<00:16,  3.72it/s, loss=1.632]
  epoch 1/3:  31%|███       | 27/88 [00:07<00:16,  3.72it/s, loss=1.620]
  epoch 1/3:  32%|███▏      | 28/88 [00:07<00:16,  3.73it/s, loss=1.620]
  epoch 1/3:  32%|███▏      | 28/88 [00:08<00:16,  3.73it/s, loss=1.609]
  epoch 1/3:  33%|███▎      | 29/88 [00:08<00:16,  3.67it/s, loss=1.609]
  epoch 1/3:  33%|███▎      | 29/88 [00:08<00:16,  3.67it/s, loss=1.599]
  epoch 1/3:  34%|███▍      | 30/88 [00:08<00:15,  3.70it/s, loss=1.599]
  epoch 1/3:  34%|███▍      | 30/88 [00:08<00:15,  3.70it/s, loss=1.588]
  epoch 1/3:  35%|███▌      | 31/88 [00:08<00:15,  3.67it/s, loss=1.588]
  epoch 1/3:  35%|███▌      | 31/88 [00:08<00:15,  3.67it/s, loss=1.578]
  epoch 1/3:  36%|███▋      | 32/88 [00:08<00:15,  3.63it/s, loss=1.578]
  epoch 1/3:  36%|███▋      | 32/88 [00:09<00:15,  3.63it/s, loss=1.571]
  epoch 1/3:  38%|███▊      | 33/88 [00:09<00:14,  3.67it/s, loss=1.571]
  epoch 1/3:  38%|███▊      | 33/88 [00:09<00:14,  3.67it/s, loss=1.567]
  epoch 1/3:  39%|███▊      | 34/88 [00:09<00:14,  3.67it/s, loss=1.567]
  epoch 1/3:  39%|███▊      | 34/88 [00:09<00:14,  3.67it/s, loss=1.560]
  epoch 1/3:  40%|███▉      | 35/88 [00:09<00:14,  3.68it/s, loss=1.560]
  epoch 1/3:  40%|███▉      | 35/88 [00:09<00:14,  3.68it/s, loss=1.555]
  epoch 1/3:  41%|████      | 36/88 [00:09<00:14,  3.70it/s, loss=1.555]
  epoch 1/3:  41%|████      | 36/88 [00:10<00:14,  3.70it/s, loss=1.545]
  epoch 1/3:  42%|████▏     | 37/88 [00:10<00:13,  3.71it/s, loss=1.545]
  epoch 1/3:  42%|████▏     | 37/88 [00:10<00:13,  3.71it/s, loss=1.537]
  epoch 1/3:  43%|████▎     | 38/88 [00:10<00:13,  3.72it/s, loss=1.537]
  epoch 1/3:  43%|████▎     | 38/88 [00:10<00:13,  3.72it/s, loss=1.530]
  epoch 1/3:  44%|████▍     | 39/88 [00:10<00:13,  3.71it/s, loss=1.530]
  epoch 1/3:  44%|████▍     | 39/88 [00:10<00:13,  3.71it/s, loss=1.520]
  epoch 1/3:  45%|████▌     | 40/88 [00:10<00:12,  3.72it/s, loss=1.520]
  epoch 1/3:  45%|████▌     | 40/88 [00:11<00:12,  3.72it/s, loss=1.513]
  epoch 1/3:  47%|████▋     | 41/88 [00:11<00:12,  3.72it/s, loss=1.513]
  epoch 1/3:  47%|████▋     | 41/88 [00:11<00:12,  3.72it/s, loss=1.505]
  epoch 1/3:  48%|████▊     | 42/88 [00:11<00:12,  3.71it/s, loss=1.505]
  epoch 1/3:  48%|████▊     | 42/88 [00:11<00:12,  3.71it/s, loss=1.498]
  epoch 1/3:  49%|████▉     | 43/88 [00:11<00:12,  3.68it/s, loss=1.498]
  epoch 1/3:  49%|████▉     | 43/88 [00:12<00:12,  3.68it/s, loss=1.494]
  epoch 1/3:  50%|█████     | 44/88 [00:12<00:11,  3.69it/s, loss=1.494]
  epoch 1/3:  50%|█████     | 44/88 [00:12<00:11,  3.69it/s, loss=1.484]
  epoch 1/3:  51%|█████     | 45/88 [00:12<00:11,  3.67it/s, loss=1.484]
  epoch 1/3:  51%|█████     | 45/88 [00:12<00:11,  3.67it/s, loss=1.478]
  epoch 1/3:  52%|█████▏    | 46/88 [00:12<00:11,  3.69it/s, loss=1.478]
  epoch 1/3:  52%|█████▏    | 46/88 [00:12<00:11,  3.69it/s, loss=1.470]
  epoch 1/3:  53%|█████▎    | 47/88 [00:12<00:11,  3.68it/s, loss=1.470]
  epoch 1/3:  53%|█████▎    | 47/88 [00:13<00:11,  3.68it/s, loss=1.464]
  epoch 1/3:  55%|█████▍    | 48/88 [00:13<00:10,  3.65it/s, loss=1.464]
  epoch 1/3:  55%|█████▍    | 48/88 [00:13<00:10,  3.65it/s, loss=1.456]
  epoch 1/3:  56%|█████▌    | 49/88 [00:13<00:10,  3.67it/s, loss=1.456]
  epoch 1/3:  56%|█████▌    | 49/88 [00:13<00:10,  3.67it/s, loss=1.449]
  epoch 1/3:  57%|█████▋    | 50/88 [00:13<00:10,  3.70it/s, loss=1.449]
  epoch 1/3:  57%|█████▋    | 50/88 [00:13<00:10,  3.70it/s, loss=1.441]
  epoch 1/3:  58%|█████▊    | 51/88 [00:13<00:10,  3.70it/s, loss=1.441]
  epoch 1/3:  58%|█████▊    | 51/88 [00:14<00:10,  3.70it/s, loss=1.434]
  epoch 1/3:  59%|█████▉    | 52/88 [00:14<00:09,  3.70it/s, loss=1.434]
  epoch 1/3:  59%|█████▉    | 52/88 [00:14<00:09,  3.70it/s, loss=1.429]
  epoch 1/3:  60%|██████    | 53/88 [00:14<00:09,  3.69it/s, loss=1.429]
  epoch 1/3:  60%|██████    | 53/88 [00:14<00:09,  3.69it/s, loss=1.424]
  epoch 1/3:  61%|██████▏   | 54/88 [00:14<00:09,  3.69it/s, loss=1.424]
  epoch 1/3:  61%|██████▏   | 54/88 [00:15<00:09,  3.69it/s, loss=1.415]
  epoch 1/3:  62%|██████▎   | 55/88 [00:15<00:08,  3.70it/s, loss=1.415]
  epoch 1/3:  62%|██████▎   | 55/88 [00:15<00:08,  3.70it/s, loss=1.409]
  epoch 1/3:  64%|██████▎   | 56/88 [00:15<00:08,  3.69it/s, loss=1.409]
  epoch 1/3:  64%|██████▎   | 56/88 [00:15<00:08,  3.69it/s, loss=1.403]
  epoch 1/3:  65%|██████▍   | 57/88 [00:15<00:08,  3.71it/s, loss=1.403]
  epoch 1/3:  65%|██████▍   | 57/88 [00:15<00:08,  3.71it/s, loss=1.395]
  epoch 1/3:  66%|██████▌   | 58/88 [00:15<00:08,  3.71it/s, loss=1.395]
  epoch 1/3:  66%|██████▌   | 58/88 [00:16<00:08,  3.71it/s, loss=1.388]
  epoch 1/3:  67%|██████▋   | 59/88 [00:16<00:07,  3.70it/s, loss=1.388]
  epoch 1/3:  67%|██████▋   | 59/88 [00:16<00:07,  3.70it/s, loss=1.381]
  epoch 1/3:  68%|██████▊   | 60/88 [00:16<00:07,  3.72it/s, loss=1.381]
  epoch 1/3:  68%|██████▊   | 60/88 [00:16<00:07,  3.72it/s, loss=1.375]
  epoch 1/3:  69%|██████▉   | 61/88 [00:16<00:07,  3.69it/s, loss=1.375]
  epoch 1/3:  69%|██████▉   | 61/88 [00:16<00:07,  3.69it/s, loss=1.369]
  epoch 1/3:  70%|███████   | 62/88 [00:16<00:07,  3.70it/s, loss=1.369]
  epoch 1/3:  70%|███████   | 62/88 [00:17<00:07,  3.70it/s, loss=1.364]
  epoch 1/3:  72%|███████▏  | 63/88 [00:17<00:06,  3.71it/s, loss=1.364]
  epoch 1/3:  72%|███████▏  | 63/88 [00:17<00:06,  3.71it/s, loss=1.359]
  epoch 1/3:  73%|███████▎  | 64/88 [00:17<00:06,  3.66it/s, loss=1.359]
  epoch 1/3:  73%|███████▎  | 64/88 [00:17<00:06,  3.66it/s, loss=1.353]
  epoch 1/3:  74%|███████▍  | 65/88 [00:17<00:06,  3.68it/s, loss=1.353]
  epoch 1/3:  74%|███████▍  | 65/88 [00:18<00:06,  3.68it/s, loss=1.345]
  epoch 1/3:  75%|███████▌  | 66/88 [00:18<00:05,  3.69it/s, loss=1.345]
  epoch 1/3:  75%|███████▌  | 66/88 [00:18<00:05,  3.69it/s, loss=1.339]
  epoch 1/3:  76%|███████▌  | 67/88 [00:18<00:05,  3.68it/s, loss=1.339]
  epoch 1/3:  76%|███████▌  | 67/88 [00:18<00:05,  3.68it/s, loss=1.331]
  epoch 1/3:  77%|███████▋  | 68/88 [00:18<00:05,  3.70it/s, loss=1.331]
  epoch 1/3:  77%|███████▋  | 68/88 [00:18<00:05,  3.70it/s, loss=1.322]
  epoch 1/3:  78%|███████▊  | 69/88 [00:18<00:05,  3.72it/s, loss=1.322]
  epoch 1/3:  78%|███████▊  | 69/88 [00:19<00:05,  3.72it/s, loss=1.315]
  epoch 1/3:  80%|███████▉  | 70/88 [00:19<00:04,  3.72it/s, loss=1.315]
  epoch 1/3:  80%|███████▉  | 70/88 [00:19<00:04,  3.72it/s, loss=1.308]
  epoch 1/3:  81%|████████  | 71/88 [00:19<00:04,  3.70it/s, loss=1.308]
  epoch 1/3:  81%|████████  | 71/88 [00:19<00:04,  3.70it/s, loss=1.300]
  epoch 1/3:  82%|████████▏ | 72/88 [00:19<00:04,  3.72it/s, loss=1.300]
  epoch 1/3:  82%|████████▏ | 72/88 [00:19<00:04,  3.72it/s, loss=1.294]
  epoch 1/3:  83%|████████▎ | 73/88 [00:19<00:04,  3.71it/s, loss=1.294]
  epoch 1/3:  83%|████████▎ | 73/88 [00:20<00:04,  3.71it/s, loss=1.287]
  epoch 1/3:  84%|████████▍ | 74/88 [00:20<00:03,  3.71it/s, loss=1.287]
  epoch 1/3:  84%|████████▍ | 74/88 [00:20<00:03,  3.71it/s, loss=1.280]
  epoch 1/3:  85%|████████▌ | 75/88 [00:20<00:03,  3.71it/s, loss=1.280]
  epoch 1/3:  85%|████████▌ | 75/88 [00:20<00:03,  3.71it/s, loss=1.273]
  epoch 1/3:  86%|████████▋ | 76/88 [00:20<00:03,  3.71it/s, loss=1.273]
  epoch 1/3:  86%|████████▋ | 76/88 [00:21<00:03,  3.71it/s, loss=1.268]
  epoch 1/3:  88%|████████▊ | 77/88 [00:21<00:02,  3.71it/s, loss=1.268]
  epoch 1/3:  88%|████████▊ | 77/88 [00:21<00:02,  3.71it/s, loss=1.262]
  epoch 1/3:  89%|████████▊ | 78/88 [00:21<00:02,  3.71it/s, loss=1.262]
  epoch 1/3:  89%|████████▊ | 78/88 [00:21<00:02,  3.71it/s, loss=1.256]
  epoch 1/3:  90%|████████▉ | 79/88 [00:21<00:02,  3.71it/s, loss=1.256]
  epoch 1/3:  90%|████████▉ | 79/88 [00:21<00:02,  3.71it/s, loss=1.251]
  epoch 1/3:  91%|█████████ | 80/88 [00:21<00:02,  3.66it/s, loss=1.251]
  epoch 1/3:  91%|█████████ | 80/88 [00:22<00:02,  3.66it/s, loss=1.245]
  epoch 1/3:  92%|█████████▏| 81/88 [00:22<00:01,  3.68it/s, loss=1.245]
  epoch 1/3:  92%|█████████▏| 81/88 [00:22<00:01,  3.68it/s, loss=1.240]
  epoch 1/3:  93%|█████████▎| 82/88 [00:22<00:01,  3.68it/s, loss=1.240]
  epoch 1/3:  93%|█████████▎| 82/88 [00:22<00:01,  3.68it/s, loss=1.232]
  epoch 1/3:  94%|█████████▍| 83/88 [00:22<00:01,  3.70it/s, loss=1.232]
  epoch 1/3:  94%|█████████▍| 83/88 [00:22<00:01,  3.70it/s, loss=1.227]
  epoch 1/3:  95%|█████████▌| 84/88 [00:22<00:01,  3.70it/s, loss=1.227]
  epoch 1/3:  95%|█████████▌| 84/88 [00:23<00:01,  3.70it/s, loss=1.220]
  epoch 1/3:  97%|█████████▋| 85/88 [00:23<00:00,  3.68it/s, loss=1.220]
  epoch 1/3:  97%|█████████▋| 85/88 [00:23<00:00,  3.68it/s, loss=1.215]
  epoch 1/3:  98%|█████████▊| 86/88 [00:23<00:00,  3.71it/s, loss=1.215]
  epoch 1/3:  98%|█████████▊| 86/88 [00:23<00:00,  3.71it/s, loss=1.209]
  epoch 1/3:  99%|█████████▉| 87/88 [00:23<00:00,  3.72it/s, loss=1.209]
  epoch 1/3:  99%|█████████▉| 87/88 [00:23<00:00,  3.72it/s, loss=1.206]
  epoch 1/3: 100%|██████████| 88/88 [00:23<00:00,  4.06it/s, loss=1.206]
                                                                        

  epoch 2/3:   0%|          | 0/88 [00:00<?, ?it/s]
  epoch 2/3:   0%|          | 0/88 [00:00<?, ?it/s, loss=0.796]
  epoch 2/3:   1%|          | 1/88 [00:00<00:43,  2.00it/s, loss=0.796]
  epoch 2/3:   1%|          | 1/88 [00:00<00:43,  2.00it/s, loss=0.759]
  epoch 2/3:   2%|▏         | 2/88 [00:00<00:31,  2.75it/s, loss=0.759]
  epoch 2/3:   2%|▏         | 2/88 [00:01<00:31,  2.75it/s, loss=0.719]
  epoch 2/3:   3%|▎         | 3/88 [00:01<00:27,  3.10it/s, loss=0.719]
  epoch 2/3:   3%|▎         | 3/88 [00:01<00:27,  3.10it/s, loss=0.704]
  epoch 2/3:   5%|▍         | 4/88 [00:01<00:25,  3.31it/s, loss=0.704]
  epoch 2/3:   5%|▍         | 4/88 [00:01<00:25,  3.31it/s, loss=0.670]
  epoch 2/3:   6%|▌         | 5/88 [00:01<00:24,  3.44it/s, loss=0.670]
  epoch 2/3:   6%|▌         | 5/88 [00:01<00:24,  3.44it/s, loss=0.679]
  epoch 2/3:   7%|▋         | 6/88 [00:01<00:23,  3.53it/s, loss=0.679]
  epoch 2/3:   7%|▋         | 6/88 [00:02<00:23,  3.53it/s, loss=0.663]
  epoch 2/3:   8%|▊         | 7/88 [00:02<00:22,  3.61it/s, loss=0.663]
  epoch 2/3:   8%|▊         | 7/88 [00:02<00:22,  3.61it/s, loss=0.657]
  epoch 2/3:   9%|▉         | 8/88 [00:02<00:22,  3.60it/s, loss=0.657]
  epoch 2/3:   9%|▉         | 8/88 [00:02<00:22,  3.60it/s, loss=0.670]
  epoch 2/3:  10%|█         | 9/88 [00:02<00:21,  3.64it/s, loss=0.670]
  epoch 2/3:  10%|█         | 9/88 [00:02<00:21,  3.64it/s, loss=0.676]
  epoch 2/3:  11%|█▏        | 10/88 [00:02<00:21,  3.66it/s, loss=0.676]
  epoch 2/3:  11%|█▏        | 10/88 [00:03<00:21,  3.66it/s, loss=0.668]
  epoch 2/3:  12%|█▎        | 11/88 [00:03<00:20,  3.67it/s, loss=0.668]
  epoch 2/3:  12%|█▎        | 11/88 [00:03<00:20,  3.67it/s, loss=0.659]
  epoch 2/3:  14%|█▎        | 12/88 [00:03<00:20,  3.69it/s, loss=0.659]
  epoch 2/3:  14%|█▎        | 12/88 [00:03<00:20,  3.69it/s, loss=0.658]
  epoch 2/3:  15%|█▍        | 13/88 [00:03<00:20,  3.70it/s, loss=0.658]
  epoch 2/3:  15%|█▍        | 13/88 [00:04<00:20,  3.70it/s, loss=0.653]
  epoch 2/3:  16%|█▌        | 14/88 [00:04<00:20,  3.69it/s, loss=0.653]
  epoch 2/3:  16%|█▌        | 14/88 [00:04<00:20,  3.69it/s, loss=0.647]
  epoch 2/3:  17%|█▋        | 15/88 [00:04<00:19,  3.68it/s, loss=0.647]
  epoch 2/3:  17%|█▋        | 15/88 [00:04<00:19,  3.68it/s, loss=0.643]
  epoch 2/3:  18%|█▊        | 16/88 [00:04<00:19,  3.70it/s, loss=0.643]
  epoch 2/3:  18%|█▊        | 16/88 [00:04<00:19,  3.70it/s, loss=0.643]
  epoch 2/3:  19%|█▉        | 17/88 [00:04<00:19,  3.69it/s, loss=0.643]
  epoch 2/3:  19%|█▉        | 17/88 [00:05<00:19,  3.69it/s, loss=0.648]
  epoch 2/3:  20%|██        | 18/88 [00:05<00:18,  3.70it/s, loss=0.648]
  epoch 2/3:  20%|██        | 18/88 [00:05<00:18,  3.70it/s, loss=0.645]
  epoch 2/3:  22%|██▏       | 19/88 [00:05<00:18,  3.70it/s, loss=0.645]
  epoch 2/3:  22%|██▏       | 19/88 [00:05<00:18,  3.70it/s, loss=0.637]
  epoch 2/3:  23%|██▎       | 20/88 [00:05<00:18,  3.70it/s, loss=0.637]
  epoch 2/3:  23%|██▎       | 20/88 [00:05<00:18,  3.70it/s, loss=0.632]
  epoch 2/3:  24%|██▍       | 21/88 [00:05<00:18,  3.69it/s, loss=0.632]
  epoch 2/3:  24%|██▍       | 21/88 [00:06<00:18,  3.69it/s, loss=0.627]
  epoch 2/3:  25%|██▌       | 22/88 [00:06<00:17,  3.68it/s, loss=0.627]
  epoch 2/3:  25%|██▌       | 22/88 [00:06<00:17,  3.68it/s, loss=0.626]
  epoch 2/3:  26%|██▌       | 23/88 [00:06<00:17,  3.69it/s, loss=0.626]
  epoch 2/3:  26%|██▌       | 23/88 [00:06<00:17,  3.69it/s, loss=0.621]
  epoch 2/3:  27%|██▋       | 24/88 [00:06<00:17,  3.66it/s, loss=0.621]
  epoch 2/3:  27%|██▋       | 24/88 [00:07<00:17,  3.66it/s, loss=0.615]
  epoch 2/3:  28%|██▊       | 25/88 [00:07<00:17,  3.65it/s, loss=0.615]
  epoch 2/3:  28%|██▊       | 25/88 [00:07<00:17,  3.65it/s, loss=0.613]
  epoch 2/3:  30%|██▉       | 26/88 [00:07<00:16,  3.68it/s, loss=0.613]
  epoch 2/3:  30%|██▉       | 26/88 [00:07<00:16,  3.68it/s, loss=0.613]
  epoch 2/3:  31%|███       | 27/88 [00:07<00:16,  3.68it/s, loss=0.613]
  epoch 2/3:  31%|███       | 27/88 [00:07<00:16,  3.68it/s, loss=0.609]
  epoch 2/3:  32%|███▏      | 28/88 [00:07<00:16,  3.70it/s, loss=0.609]
  epoch 2/3:  32%|███▏      | 28/88 [00:08<00:16,  3.70it/s, loss=0.607]
  epoch 2/3:  33%|███▎      | 29/88 [00:08<00:15,  3.70it/s, loss=0.607]
  epoch 2/3:  33%|███▎      | 29/88 [00:08<00:15,  3.70it/s, loss=0.603]
  epoch 2/3:  34%|███▍      | 30/88 [00:08<00:15,  3.68it/s, loss=0.603]
  epoch 2/3:  34%|███▍      | 30/88 [00:08<00:15,  3.68it/s, loss=0.598]
  epoch 2/3:  35%|███▌      | 31/88 [00:08<00:15,  3.70it/s, loss=0.598]
  epoch 2/3:  35%|███▌      | 31/88 [00:08<00:15,  3.70it/s, loss=0.594]
  epoch 2/3:  36%|███▋      | 32/88 [00:08<00:15,  3.71it/s, loss=0.594]
  epoch 2/3:  36%|███▋      | 32/88 [00:09<00:15,  3.71it/s, loss=0.592]
  epoch 2/3:  38%|███▊      | 33/88 [00:09<00:14,  3.70it/s, loss=0.592]
  epoch 2/3:  38%|███▊      | 33/88 [00:09<00:14,  3.70it/s, loss=0.590]
  epoch 2/3:  39%|███▊      | 34/88 [00:09<00:14,  3.71it/s, loss=0.590]
  epoch 2/3:  39%|███▊      | 34/88 [00:09<00:14,  3.71it/s, loss=0.588]
  epoch 2/3:  40%|███▉      | 35/88 [00:09<00:14,  3.70it/s, loss=0.588]
  epoch 2/3:  40%|███▉      | 35/88 [00:09<00:14,  3.70it/s, loss=0.586]
  epoch 2/3:  41%|████      | 36/88 [00:09<00:14,  3.68it/s, loss=0.586]
  epoch 2/3:  41%|████      | 36/88 [00:10<00:14,  3.68it/s, loss=0.582]
  epoch 2/3:  42%|████▏     | 37/88 [00:10<00:13,  3.70it/s, loss=0.582]
  epoch 2/3:  42%|████▏     | 37/88 [00:10<00:13,  3.70it/s, loss=0.577]
  epoch 2/3:  43%|████▎     | 38/88 [00:10<00:13,  3.69it/s, loss=0.577]
  epoch 2/3:  43%|████▎     | 38/88 [00:10<00:13,  3.69it/s, loss=0.572]
  epoch 2/3:  44%|████▍     | 39/88 [00:10<00:13,  3.71it/s, loss=0.572]
  epoch 2/3:  44%|████▍     | 39/88 [00:11<00:13,  3.71it/s, loss=0.568]
  epoch 2/3:  45%|████▌     | 40/88 [00:11<00:13,  3.66it/s, loss=0.568]
  epoch 2/3:  45%|████▌     | 40/88 [00:11<00:13,  3.66it/s, loss=0.563]
  epoch 2/3:  47%|████▋     | 41/88 [00:11<00:12,  3.68it/s, loss=0.563]
  epoch 2/3:  47%|████▋     | 41/88 [00:11<00:12,  3.68it/s, loss=0.561]
  epoch 2/3:  48%|████▊     | 42/88 [00:11<00:12,  3.69it/s, loss=0.561]
  epoch 2/3:  48%|████▊     | 42/88 [00:11<00:12,  3.69it/s, loss=0.558]
  epoch 2/3:  49%|████▉     | 43/88 [00:11<00:12,  3.66it/s, loss=0.558]
  epoch 2/3:  49%|████▉     | 43/88 [00:12<00:12,  3.66it/s, loss=0.555]
  epoch 2/3:  50%|█████     | 44/88 [00:12<00:12,  3.66it/s, loss=0.555]
  epoch 2/3:  50%|█████     | 44/88 [00:12<00:12,  3.66it/s, loss=0.554]
  epoch 2/3:  51%|█████     | 45/88 [00:12<00:11,  3.66it/s, loss=0.554]
  epoch 2/3:  51%|█████     | 45/88 [00:12<00:11,  3.66it/s, loss=0.551]
  epoch 2/3:  52%|█████▏    | 46/88 [00:12<00:11,  3.68it/s, loss=0.551]
  epoch 2/3:  52%|█████▏    | 46/88 [00:12<00:11,  3.68it/s, loss=0.548]
  epoch 2/3:  53%|█████▎    | 47/88 [00:12<00:11,  3.67it/s, loss=0.548]
  epoch 2/3:  53%|█████▎    | 47/88 [00:13<00:11,  3.67it/s, loss=0.547]
  epoch 2/3:  55%|█████▍    | 48/88 [00:13<00:10,  3.68it/s, loss=0.547]
  epoch 2/3:  55%|█████▍    | 48/88 [00:13<00:10,  3.68it/s, loss=0.545]
  epoch 2/3:  56%|█████▌    | 49/88 [00:13<00:10,  3.69it/s, loss=0.545]
  epoch 2/3:  56%|█████▌    | 49/88 [00:13<00:10,  3.69it/s, loss=0.542]
  epoch 2/3:  57%|█████▋    | 50/88 [00:13<00:10,  3.68it/s, loss=0.542]
  epoch 2/3:  57%|█████▋    | 50/88 [00:14<00:10,  3.68it/s, loss=0.540]
  epoch 2/3:  58%|█████▊    | 51/88 [00:14<00:10,  3.68it/s, loss=0.540]
  epoch 2/3:  58%|█████▊    | 51/88 [00:14<00:10,  3.68it/s, loss=0.536]
  epoch 2/3:  59%|█████▉    | 52/88 [00:14<00:09,  3.67it/s, loss=0.536]
  epoch 2/3:  59%|█████▉    | 52/88 [00:14<00:09,  3.67it/s, loss=0.534]
  epoch 2/3:  60%|██████    | 53/88 [00:14<00:09,  3.69it/s, loss=0.534]
  epoch 2/3:  60%|██████    | 53/88 [00:14<00:09,  3.69it/s, loss=0.532]
  epoch 2/3:  61%|██████▏   | 54/88 [00:14<00:09,  3.69it/s, loss=0.532]
  epoch 2/3:  61%|██████▏   | 54/88 [00:15<00:09,  3.69it/s, loss=0.531]
  epoch 2/3:  62%|██████▎   | 55/88 [00:15<00:08,  3.69it/s, loss=0.531]
  epoch 2/3:  62%|██████▎   | 55/88 [00:15<00:08,  3.69it/s, loss=0.529]
  epoch 2/3:  64%|██████▎   | 56/88 [00:15<00:08,  3.65it/s, loss=0.529]
  epoch 2/3:  64%|██████▎   | 56/88 [00:15<00:08,  3.65it/s, loss=0.527]
  epoch 2/3:  65%|██████▍   | 57/88 [00:15<00:08,  3.68it/s, loss=0.527]
  epoch 2/3:  65%|██████▍   | 57/88 [00:15<00:08,  3.68it/s, loss=0.524]
  epoch 2/3:  66%|██████▌   | 58/88 [00:15<00:08,  3.69it/s, loss=0.524]
  epoch 2/3:  66%|██████▌   | 58/88 [00:16<00:08,  3.69it/s, loss=0.522]
  epoch 2/3:  67%|██████▋   | 59/88 [00:16<00:07,  3.67it/s, loss=0.522]
  epoch 2/3:  67%|██████▋   | 59/88 [00:16<00:07,  3.67it/s, loss=0.520]
  epoch 2/3:  68%|██████▊   | 60/88 [00:16<00:07,  3.69it/s, loss=0.520]
  epoch 2/3:  68%|██████▊   | 60/88 [00:16<00:07,  3.69it/s, loss=0.516]
  epoch 2/3:  69%|██████▉   | 61/88 [00:16<00:07,  3.70it/s, loss=0.516]
  epoch 2/3:  69%|██████▉   | 61/88 [00:17<00:07,  3.70it/s, loss=0.513]
  epoch 2/3:  70%|███████   | 62/88 [00:17<00:07,  3.68it/s, loss=0.513]
  epoch 2/3:  70%|███████   | 62/88 [00:17<00:07,  3.68it/s, loss=0.512]
  epoch 2/3:  72%|███████▏  | 63/88 [00:17<00:06,  3.70it/s, loss=0.512]
  epoch 2/3:  72%|███████▏  | 63/88 [00:17<00:06,  3.70it/s, loss=0.509]
  epoch 2/3:  73%|███████▎  | 64/88 [00:17<00:06,  3.71it/s, loss=0.509]
  epoch 2/3:  73%|███████▎  | 64/88 [00:17<00:06,  3.71it/s, loss=0.507]
  epoch 2/3:  74%|███████▍  | 65/88 [00:17<00:06,  3.68it/s, loss=0.507]
  epoch 2/3:  74%|███████▍  | 65/88 [00:18<00:06,  3.68it/s, loss=0.506]
  epoch 2/3:  75%|███████▌  | 66/88 [00:18<00:05,  3.68it/s, loss=0.506]
  epoch 2/3:  75%|███████▌  | 66/88 [00:18<00:05,  3.68it/s, loss=0.504]
  epoch 2/3:  76%|███████▌  | 67/88 [00:18<00:05,  3.68it/s, loss=0.504]
  epoch 2/3:  76%|███████▌  | 67/88 [00:18<00:05,  3.68it/s, loss=0.501]
  epoch 2/3:  77%|███████▋  | 68/88 [00:18<00:05,  3.69it/s, loss=0.501]
  epoch 2/3:  77%|███████▋  | 68/88 [00:18<00:05,  3.69it/s, loss=0.499]
  epoch 2/3:  78%|███████▊  | 69/88 [00:18<00:05,  3.71it/s, loss=0.499]
  epoch 2/3:  78%|███████▊  | 69/88 [00:19<00:05,  3.71it/s, loss=0.496]
  epoch 2/3:  80%|███████▉  | 70/88 [00:19<00:04,  3.69it/s, loss=0.496]
  epoch 2/3:  80%|███████▉  | 70/88 [00:19<00:04,  3.69it/s, loss=0.493]
  epoch 2/3:  81%|████████  | 71/88 [00:19<00:04,  3.71it/s, loss=0.493]
  epoch 2/3:  81%|████████  | 71/88 [00:19<00:04,  3.71it/s, loss=0.491]
  epoch 2/3:  82%|████████▏ | 72/88 [00:19<00:04,  3.66it/s, loss=0.491]
  epoch 2/3:  82%|████████▏ | 72/88 [00:20<00:04,  3.66it/s, loss=0.489]
  epoch 2/3:  83%|████████▎ | 73/88 [00:20<00:04,  3.70it/s, loss=0.489]
  epoch 2/3:  83%|████████▎ | 73/88 [00:20<00:04,  3.70it/s, loss=0.488]
  epoch 2/3:  84%|████████▍ | 74/88 [00:20<00:03,  3.70it/s, loss=0.488]
  epoch 2/3:  84%|████████▍ | 74/88 [00:20<00:03,  3.70it/s, loss=0.486]
  epoch 2/3:  85%|████████▌ | 75/88 [00:20<00:03,  3.70it/s, loss=0.486]
  epoch 2/3:  85%|████████▌ | 75/88 [00:20<00:03,  3.70it/s, loss=0.484]
  epoch 2/3:  86%|████████▋ | 76/88 [00:20<00:03,  3.69it/s, loss=0.484]
  epoch 2/3:  86%|████████▋ | 76/88 [00:21<00:03,  3.69it/s, loss=0.484]
  epoch 2/3:  88%|████████▊ | 77/88 [00:21<00:02,  3.70it/s, loss=0.484]
  epoch 2/3:  88%|████████▊ | 77/88 [00:21<00:02,  3.70it/s, loss=0.482]
  epoch 2/3:  89%|████████▊ | 78/88 [00:21<00:02,  3.69it/s, loss=0.482]
  epoch 2/3:  89%|████████▊ | 78/88 [00:21<00:02,  3.69it/s, loss=0.480]
  epoch 2/3:  90%|████████▉ | 79/88 [00:21<00:02,  3.71it/s, loss=0.480]
  epoch 2/3:  90%|████████▉ | 79/88 [00:21<00:02,  3.71it/s, loss=0.478]
  epoch 2/3:  91%|█████████ | 80/88 [00:21<00:02,  3.71it/s, loss=0.478]
  epoch 2/3:  91%|█████████ | 80/88 [00:22<00:02,  3.71it/s, loss=0.476]
  epoch 2/3:  92%|█████████▏| 81/88 [00:22<00:01,  3.70it/s, loss=0.476]
  epoch 2/3:  92%|█████████▏| 81/88 [00:22<00:01,  3.70it/s, loss=0.475]
  epoch 2/3:  93%|█████████▎| 82/88 [00:22<00:01,  3.71it/s, loss=0.475]
  epoch 2/3:  93%|█████████▎| 82/88 [00:22<00:01,  3.71it/s, loss=0.473]
  epoch 2/3:  94%|█████████▍| 83/88 [00:22<00:01,  3.71it/s, loss=0.473]
  epoch 2/3:  94%|█████████▍| 83/88 [00:22<00:01,  3.71it/s, loss=0.472]
  epoch 2/3:  95%|█████████▌| 84/88 [00:22<00:01,  3.69it/s, loss=0.472]
  epoch 2/3:  95%|█████████▌| 84/88 [00:23<00:01,  3.69it/s, loss=0.470]
  epoch 2/3:  97%|█████████▋| 85/88 [00:23<00:00,  3.71it/s, loss=0.470]
  epoch 2/3:  97%|█████████▋| 85/88 [00:23<00:00,  3.71it/s, loss=0.466]
  epoch 2/3:  98%|█████████▊| 86/88 [00:23<00:00,  3.72it/s, loss=0.466]
  epoch 2/3:  98%|█████████▊| 86/88 [00:23<00:00,  3.72it/s, loss=0.463]
  epoch 2/3:  99%|█████████▉| 87/88 [00:23<00:00,  3.72it/s, loss=0.463]
  epoch 2/3:  99%|█████████▉| 87/88 [00:24<00:00,  3.72it/s, loss=0.463]
  epoch 2/3: 100%|██████████| 88/88 [00:24<00:00,  3.99it/s, loss=0.463]
                                                                        

  epoch 3/3:   0%|          | 0/88 [00:00<?, ?it/s]
  epoch 3/3:   0%|          | 0/88 [00:00<?, ?it/s, loss=0.289]
  epoch 3/3:   1%|          | 1/88 [00:00<00:43,  2.01it/s, loss=0.289]
  epoch 3/3:   1%|          | 1/88 [00:00<00:43,  2.01it/s, loss=0.278]
  epoch 3/3:   2%|▏         | 2/88 [00:00<00:31,  2.76it/s, loss=0.278]
  epoch 3/3:   2%|▏         | 2/88 [00:01<00:31,  2.76it/s, loss=0.231]
  epoch 3/3:   3%|▎         | 3/88 [00:01<00:27,  3.09it/s, loss=0.231]
  epoch 3/3:   3%|▎         | 3/88 [00:01<00:27,  3.09it/s, loss=0.257]
  epoch 3/3:   5%|▍         | 4/88 [00:01<00:25,  3.32it/s, loss=0.257]
  epoch 3/3:   5%|▍         | 4/88 [00:01<00:25,  3.32it/s, loss=0.283]
  epoch 3/3:   6%|▌         | 5/88 [00:01<00:24,  3.44it/s, loss=0.283]
  epoch 3/3:   6%|▌         | 5/88 [00:01<00:24,  3.44it/s, loss=0.264]
  epoch 3/3:   7%|▋         | 6/88 [00:01<00:23,  3.54it/s, loss=0.264]
  epoch 3/3:   7%|▋         | 6/88 [00:02<00:23,  3.54it/s, loss=0.297]
  epoch 3/3:   8%|▊         | 7/88 [00:02<00:22,  3.60it/s, loss=0.297]
  epoch 3/3:   8%|▊         | 7/88 [00:02<00:22,  3.60it/s, loss=0.291]
  epoch 3/3:   9%|▉         | 8/88 [00:02<00:22,  3.61it/s, loss=0.291]
  epoch 3/3:   9%|▉         | 8/88 [00:02<00:22,  3.61it/s, loss=0.294]
  epoch 3/3:  10%|█         | 9/88 [00:02<00:21,  3.66it/s, loss=0.294]
  epoch 3/3:  10%|█         | 9/88 [00:02<00:21,  3.66it/s, loss=0.291]
  epoch 3/3:  11%|█▏        | 10/88 [00:02<00:21,  3.67it/s, loss=0.291]
  epoch 3/3:  11%|█▏        | 10/88 [00:03<00:21,  3.67it/s, loss=0.282]
  epoch 3/3:  12%|█▎        | 11/88 [00:03<00:20,  3.68it/s, loss=0.282]
  epoch 3/3:  12%|█▎        | 11/88 [00:03<00:20,  3.68it/s, loss=0.294]
  epoch 3/3:  14%|█▎        | 12/88 [00:03<00:20,  3.69it/s, loss=0.294]
  epoch 3/3:  14%|█▎        | 12/88 [00:03<00:20,  3.69it/s, loss=0.304]
  epoch 3/3:  15%|█▍        | 13/88 [00:03<00:20,  3.70it/s, loss=0.304]
  epoch 3/3:  15%|█▍        | 13/88 [00:04<00:20,  3.70it/s, loss=0.306]
  epoch 3/3:  16%|█▌        | 14/88 [00:04<00:19,  3.72it/s, loss=0.306]
  epoch 3/3:  16%|█▌        | 14/88 [00:04<00:19,  3.72it/s, loss=0.298]
  epoch 3/3:  17%|█▋        | 15/88 [00:04<00:19,  3.71it/s, loss=0.298]
  epoch 3/3:  17%|█▋        | 15/88 [00:04<00:19,  3.71it/s, loss=0.298]
  epoch 3/3:  18%|█▊        | 16/88 [00:04<00:19,  3.67it/s, loss=0.298]
  epoch 3/3:  18%|█▊        | 16/88 [00:04<00:19,  3.67it/s, loss=0.294]
  epoch 3/3:  19%|█▉        | 17/88 [00:04<00:19,  3.69it/s, loss=0.294]
  epoch 3/3:  19%|█▉        | 17/88 [00:05<00:19,  3.69it/s, loss=0.303]
  epoch 3/3:  20%|██        | 18/88 [00:05<00:18,  3.71it/s, loss=0.303]
  epoch 3/3:  20%|██        | 18/88 [00:05<00:18,  3.71it/s, loss=0.301]
  epoch 3/3:  22%|██▏       | 19/88 [00:05<00:18,  3.71it/s, loss=0.301]
  epoch 3/3:  22%|██▏       | 19/88 [00:05<00:18,  3.71it/s, loss=0.301]
  epoch 3/3:  23%|██▎       | 20/88 [00:05<00:18,  3.71it/s, loss=0.301]
  epoch 3/3:  23%|██▎       | 20/88 [00:05<00:18,  3.71it/s, loss=0.301]
  epoch 3/3:  24%|██▍       | 21/88 [00:05<00:18,  3.70it/s, loss=0.301]
  epoch 3/3:  24%|██▍       | 21/88 [00:06<00:18,  3.70it/s, loss=0.299]
  epoch 3/3:  25%|██▌       | 22/88 [00:06<00:17,  3.72it/s, loss=0.299]
  epoch 3/3:  25%|██▌       | 22/88 [00:06<00:17,  3.72it/s, loss=0.301]
  epoch 3/3:  26%|██▌       | 23/88 [00:06<00:17,  3.73it/s, loss=0.301]
  epoch 3/3:  26%|██▌       | 23/88 [00:06<00:17,  3.73it/s, loss=0.296]
  epoch 3/3:  27%|██▋       | 24/88 [00:06<00:17,  3.74it/s, loss=0.296]
  epoch 3/3:  27%|██▋       | 24/88 [00:06<00:17,  3.74it/s, loss=0.292]
  epoch 3/3:  28%|██▊       | 25/88 [00:06<00:16,  3.71it/s, loss=0.292]
  epoch 3/3:  28%|██▊       | 25/88 [00:07<00:16,  3.71it/s, loss=0.298]
  epoch 3/3:  30%|██▉       | 26/88 [00:07<00:16,  3.72it/s, loss=0.298]
  epoch 3/3:  30%|██▉       | 26/88 [00:07<00:16,  3.72it/s, loss=0.295]
  epoch 3/3:  31%|███       | 27/88 [00:07<00:16,  3.72it/s, loss=0.295]
  epoch 3/3:  31%|███       | 27/88 [00:07<00:16,  3.72it/s, loss=0.294]
  epoch 3/3:  32%|███▏      | 28/88 [00:07<00:16,  3.70it/s, loss=0.294]
  epoch 3/3:  32%|███▏      | 28/88 [00:08<00:16,  3.70it/s, loss=0.291]
  epoch 3/3:  33%|███▎      | 29/88 [00:08<00:15,  3.72it/s, loss=0.291]
  epoch 3/3:  33%|███▎      | 29/88 [00:08<00:15,  3.72it/s, loss=0.291]
  epoch 3/3:  34%|███▍      | 30/88 [00:08<00:15,  3.73it/s, loss=0.291]
  epoch 3/3:  34%|███▍      | 30/88 [00:08<00:15,  3.73it/s, loss=0.291]
  epoch 3/3:  35%|███▌      | 31/88 [00:08<00:15,  3.73it/s, loss=0.291]
  epoch 3/3:  35%|███▌      | 31/88 [00:08<00:15,  3.73it/s, loss=0.291]
  epoch 3/3:  36%|███▋      | 32/88 [00:08<00:15,  3.66it/s, loss=0.291]
  epoch 3/3:  36%|███▋      | 32/88 [00:09<00:15,  3.66it/s, loss=0.288]
  epoch 3/3:  38%|███▊      | 33/88 [00:09<00:14,  3.68it/s, loss=0.288]
  epoch 3/3:  38%|███▊      | 33/88 [00:09<00:14,  3.68it/s, loss=0.286]
  epoch 3/3:  39%|███▊      | 34/88 [00:09<00:14,  3.69it/s, loss=0.286]
  epoch 3/3:  39%|███▊      | 34/88 [00:09<00:14,  3.69it/s, loss=0.287]
  epoch 3/3:  40%|███▉      | 35/88 [00:09<00:14,  3.72it/s, loss=0.287]
  epoch 3/3:  40%|███▉      | 35/88 [00:09<00:14,  3.72it/s, loss=0.286]
  epoch 3/3:  41%|████      | 36/88 [00:09<00:13,  3.72it/s, loss=0.286]
  epoch 3/3:  41%|████      | 36/88 [00:10<00:13,  3.72it/s, loss=0.283]
  epoch 3/3:  42%|████▏     | 37/88 [00:10<00:13,  3.71it/s, loss=0.283]
  epoch 3/3:  42%|████▏     | 37/88 [00:10<00:13,  3.71it/s, loss=0.284]
  epoch 3/3:  43%|████▎     | 38/88 [00:10<00:13,  3.71it/s, loss=0.284]
  epoch 3/3:  43%|████▎     | 38/88 [00:10<00:13,  3.71it/s, loss=0.283]
  epoch 3/3:  44%|████▍     | 39/88 [00:10<00:13,  3.70it/s, loss=0.283]
  epoch 3/3:  44%|████▍     | 39/88 [00:11<00:13,  3.70it/s, loss=0.282]
  epoch 3/3:  45%|████▌     | 40/88 [00:11<00:13,  3.68it/s, loss=0.282]
  epoch 3/3:  45%|████▌     | 40/88 [00:11<00:13,  3.68it/s, loss=0.280]
  epoch 3/3:  47%|████▋     | 41/88 [00:11<00:12,  3.68it/s, loss=0.280]
  epoch 3/3:  47%|████▋     | 41/88 [00:11<00:12,  3.68it/s, loss=0.279]
  epoch 3/3:  48%|████▊     | 42/88 [00:11<00:12,  3.69it/s, loss=0.279]
  epoch 3/3:  48%|████▊     | 42/88 [00:11<00:12,  3.69it/s, loss=0.276]
  epoch 3/3:  49%|████▉     | 43/88 [00:11<00:12,  3.68it/s, loss=0.276]
  epoch 3/3:  49%|████▉     | 43/88 [00:12<00:12,  3.68it/s, loss=0.275]
  epoch 3/3:  50%|█████     | 44/88 [00:12<00:11,  3.69it/s, loss=0.275]
  epoch 3/3:  50%|█████     | 44/88 [00:12<00:11,  3.69it/s, loss=0.273]
  epoch 3/3:  51%|█████     | 45/88 [00:12<00:11,  3.69it/s, loss=0.273]
  epoch 3/3:  51%|█████     | 45/88 [00:12<00:11,  3.69it/s, loss=0.271]
  epoch 3/3:  52%|█████▏    | 46/88 [00:12<00:11,  3.71it/s, loss=0.271]
  epoch 3/3:  52%|█████▏    | 46/88 [00:12<00:11,  3.71it/s, loss=0.270]
  epoch 3/3:  53%|█████▎    | 47/88 [00:12<00:11,  3.72it/s, loss=0.270]
  epoch 3/3:  53%|█████▎    | 47/88 [00:13<00:11,  3.72it/s, loss=0.268]
  epoch 3/3:  55%|█████▍    | 48/88 [00:13<00:10,  3.67it/s, loss=0.268]
  epoch 3/3:  55%|█████▍    | 48/88 [00:13<00:10,  3.67it/s, loss=0.266]
  epoch 3/3:  56%|█████▌    | 49/88 [00:13<00:10,  3.71it/s, loss=0.266]
  epoch 3/3:  56%|█████▌    | 49/88 [00:13<00:10,  3.71it/s, loss=0.263]
  epoch 3/3:  57%|█████▋    | 50/88 [00:13<00:10,  3.71it/s, loss=0.263]
  epoch 3/3:  57%|█████▋    | 50/88 [00:13<00:10,  3.71it/s, loss=0.261]
  epoch 3/3:  58%|█████▊    | 51/88 [00:13<00:09,  3.72it/s, loss=0.261]
  epoch 3/3:  58%|█████▊    | 51/88 [00:14<00:09,  3.72it/s, loss=0.262]
  epoch 3/3:  59%|█████▉    | 52/88 [00:14<00:09,  3.70it/s, loss=0.262]
  epoch 3/3:  59%|█████▉    | 52/88 [00:14<00:09,  3.70it/s, loss=0.261]
  epoch 3/3:  60%|██████    | 53/88 [00:14<00:09,  3.72it/s, loss=0.261]
  epoch 3/3:  60%|██████    | 53/88 [00:14<00:09,  3.72it/s, loss=0.259]
  epoch 3/3:  61%|██████▏   | 54/88 [00:14<00:09,  3.73it/s, loss=0.259]
  epoch 3/3:  61%|██████▏   | 54/88 [00:15<00:09,  3.73it/s, loss=0.257]
  epoch 3/3:  62%|██████▎   | 55/88 [00:15<00:08,  3.72it/s, loss=0.257]
  epoch 3/3:  62%|██████▎   | 55/88 [00:15<00:08,  3.72it/s, loss=0.256]
  epoch 3/3:  64%|██████▎   | 56/88 [00:15<00:08,  3.71it/s, loss=0.256]
  epoch 3/3:  64%|██████▎   | 56/88 [00:15<00:08,  3.71it/s, loss=0.254]
  epoch 3/3:  65%|██████▍   | 57/88 [00:15<00:08,  3.72it/s, loss=0.254]
  epoch 3/3:  65%|██████▍   | 57/88 [00:15<00:08,  3.72it/s, loss=0.254]
  epoch 3/3:  66%|██████▌   | 58/88 [00:15<00:08,  3.71it/s, loss=0.254]
  epoch 3/3:  66%|██████▌   | 58/88 [00:16<00:08,  3.71it/s, loss=0.253]
  epoch 3/3:  67%|██████▋   | 59/88 [00:16<00:07,  3.69it/s, loss=0.253]
  epoch 3/3:  67%|██████▋   | 59/88 [00:16<00:07,  3.69it/s, loss=0.252]
  epoch 3/3:  68%|██████▊   | 60/88 [00:16<00:07,  3.72it/s, loss=0.252]
  epoch 3/3:  68%|██████▊   | 60/88 [00:16<00:07,  3.72it/s, loss=0.251]
  epoch 3/3:  69%|██████▉   | 61/88 [00:16<00:07,  3.74it/s, loss=0.251]
  epoch 3/3:  69%|██████▉   | 61/88 [00:16<00:07,  3.74it/s, loss=0.252]
  epoch 3/3:  70%|███████   | 62/88 [00:16<00:06,  3.74it/s, loss=0.252]
  epoch 3/3:  70%|███████   | 62/88 [00:17<00:06,  3.74it/s, loss=0.251]
  epoch 3/3:  72%|███████▏  | 63/88 [00:17<00:06,  3.72it/s, loss=0.251]
  epoch 3/3:  72%|███████▏  | 63/88 [00:17<00:06,  3.72it/s, loss=0.249]
  epoch 3/3:  73%|███████▎  | 64/88 [00:17<00:06,  3.69it/s, loss=0.249]
  epoch 3/3:  73%|███████▎  | 64/88 [00:17<00:06,  3.69it/s, loss=0.248]
  epoch 3/3:  74%|███████▍  | 65/88 [00:17<00:06,  3.68it/s, loss=0.248]
  epoch 3/3:  74%|███████▍  | 65/88 [00:18<00:06,  3.68it/s, loss=0.248]
  epoch 3/3:  75%|███████▌  | 66/88 [00:18<00:05,  3.71it/s, loss=0.248]
  epoch 3/3:  75%|███████▌  | 66/88 [00:18<00:05,  3.71it/s, loss=0.248]
  epoch 3/3:  76%|███████▌  | 67/88 [00:18<00:05,  3.73it/s, loss=0.248]
  epoch 3/3:  76%|███████▌  | 67/88 [00:18<00:05,  3.73it/s, loss=0.247]
  epoch 3/3:  77%|███████▋  | 68/88 [00:18<00:05,  3.74it/s, loss=0.247]
  epoch 3/3:  77%|███████▋  | 68/88 [00:18<00:05,  3.74it/s, loss=0.247]
  epoch 3/3:  78%|███████▊  | 69/88 [00:18<00:05,  3.74it/s, loss=0.247]
  epoch 3/3:  78%|███████▊  | 69/88 [00:19<00:05,  3.74it/s, loss=0.247]
  epoch 3/3:  80%|███████▉  | 70/88 [00:19<00:04,  3.75it/s, loss=0.247]
  epoch 3/3:  80%|███████▉  | 70/88 [00:19<00:04,  3.75it/s, loss=0.246]
  epoch 3/3:  81%|████████  | 71/88 [00:19<00:04,  3.72it/s, loss=0.246]
  epoch 3/3:  81%|████████  | 71/88 [00:19<00:04,  3.72it/s, loss=0.245]
  epoch 3/3:  82%|████████▏ | 72/88 [00:19<00:04,  3.73it/s, loss=0.245]
  epoch 3/3:  82%|████████▏ | 72/88 [00:19<00:04,  3.73it/s, loss=0.245]
  epoch 3/3:  83%|████████▎ | 73/88 [00:19<00:04,  3.73it/s, loss=0.245]
  epoch 3/3:  83%|████████▎ | 73/88 [00:20<00:04,  3.73it/s, loss=0.244]
  epoch 3/3:  84%|████████▍ | 74/88 [00:20<00:03,  3.74it/s, loss=0.244]
  epoch 3/3:  84%|████████▍ | 74/88 [00:20<00:03,  3.74it/s, loss=0.242]
  epoch 3/3:  85%|████████▌ | 75/88 [00:20<00:03,  3.74it/s, loss=0.242]
  epoch 3/3:  85%|████████▌ | 75/88 [00:20<00:03,  3.74it/s, loss=0.241]
  epoch 3/3:  86%|████████▋ | 76/88 [00:20<00:03,  3.71it/s, loss=0.241]
  epoch 3/3:  86%|████████▋ | 76/88 [00:20<00:03,  3.71it/s, loss=0.241]
  epoch 3/3:  88%|████████▊ | 77/88 [00:20<00:02,  3.73it/s, loss=0.241]
  epoch 3/3:  88%|████████▊ | 77/88 [00:21<00:02,  3.73it/s, loss=0.242]
  epoch 3/3:  89%|████████▊ | 78/88 [00:21<00:02,  3.71it/s, loss=0.242]
  epoch 3/3:  89%|████████▊ | 78/88 [00:21<00:02,  3.71it/s, loss=0.240]
  epoch 3/3:  90%|████████▉ | 79/88 [00:21<00:02,  3.70it/s, loss=0.240]
  epoch 3/3:  90%|████████▉ | 79/88 [00:21<00:02,  3.70it/s, loss=0.240]
  epoch 3/3:  91%|█████████ | 80/88 [00:21<00:02,  3.67it/s, loss=0.240]
  epoch 3/3:  91%|█████████ | 80/88 [00:22<00:02,  3.67it/s, loss=0.238]
  epoch 3/3:  92%|█████████▏| 81/88 [00:22<00:01,  3.67it/s, loss=0.238]
  epoch 3/3:  92%|█████████▏| 81/88 [00:22<00:01,  3.67it/s, loss=0.239]
  epoch 3/3:  93%|█████████▎| 82/88 [00:22<00:01,  3.70it/s, loss=0.239]
  epoch 3/3:  93%|█████████▎| 82/88 [00:22<00:01,  3.70it/s, loss=0.238]
  epoch 3/3:  94%|█████████▍| 83/88 [00:22<00:01,  3.69it/s, loss=0.238]
  epoch 3/3:  94%|█████████▍| 83/88 [00:22<00:01,  3.69it/s, loss=0.238]
  epoch 3/3:  95%|█████████▌| 84/88 [00:22<00:01,  3.71it/s, loss=0.238]
  epoch 3/3:  95%|█████████▌| 84/88 [00:23<00:01,  3.71it/s, loss=0.237]
  epoch 3/3:  97%|█████████▋| 85/88 [00:23<00:00,  3.72it/s, loss=0.237]
  epoch 3/3:  97%|█████████▋| 85/88 [00:23<00:00,  3.72it/s, loss=0.237]
  epoch 3/3:  98%|█████████▊| 86/88 [00:23<00:00,  3.74it/s, loss=0.237]
  epoch 3/3:  98%|█████████▊| 86/88 [00:23<00:00,  3.74it/s, loss=0.235]
  epoch 3/3:  99%|█████████▉| 87/88 [00:23<00:00,  3.75it/s, loss=0.235]
  epoch 3/3:  99%|█████████▉| 87/88 [00:23<00:00,  3.75it/s, loss=0.235]
  epoch 3/3: 100%|██████████| 88/88 [00:23<00:00,  4.09it/s, loss=0.235]
                                                                        
[titans] reset=never | norm(state) sau task = 82.0435
[titans]   self-mod v:β=0.93 |W|=3.16
[titans]   eta_t(avg)=31.0427  alpha_t/forget-gate(avg)=1.0000
[task 8] test acc so far: 0.866  0.754  0.806  0.740  0.726  0.551  0.683  0.303  0.031
[task 8] NCM-blend gamma=0: 0.754  0.646  0.743  0.694  0.660  0.740  0.800  0.717  0.649
[task 8] NCM-blend gamma=1: 0.657  0.474  0.703  0.683  0.731  0.766  0.860  0.791  0.734
[checkpoint] đã lưu tiến độ sau task 8
  memory_state.pt đã lưu (norm=82.0435)

== Ma trận accuracy (hàng = sau khi học task i, cột = đánh giá task j)
[[0.94  0.    0.    0.    0.    0.    0.    0.    0.   ]
 [0.906 0.766 0.    0.    0.    0.    0.    0.    0.   ]
 [0.897 0.809 0.449 0.    0.    0.    0.    0.    0.   ]
 [0.886 0.809 0.626 0.311 0.    0.    0.    0.    0.   ]
 [0.883 0.8   0.723 0.489 0.38  0.    0.    0.    0.   ]
 [0.874 0.774 0.757 0.577 0.543 0.26  0.    0.    0.   ]
 [0.88  0.774 0.783 0.654 0.614 0.386 0.334 0.    0.   ]
 [0.866 0.76  0.809 0.686 0.686 0.5   0.597 0.117 0.   ]
 [0.866 0.754 0.806 0.74  0.726 0.551 0.683 0.303 0.031]]

== Kết quả
  Average Accuracy   : 0.6067  (cao = tốt)
  Average Forgetting : -0.0357  (thấp = tốt — con số dự án cần giảm)
  Backward Transfer  : 0.2339  (âm = quên)

== NCM feature readouts
  Linear              : Acc 0.6067 | Forget -0.0357
  NCM online          : Acc 0.7111 | Forget 0.1318
  NCM blend 0       : Acc 0.7114 | Forget 0.0846
  checkpoint.pt đã lưu (model + Titans state + online NCM)
  Saved -> artifacts_ncm_adaptation/results/resisc45_titans_seed0_transport-candidates-seed0_m3_delta_clip_f16_lr0.005_rnever_optkeep_splitcombined31500_v2_ncmadapt0008bee1
