
[2026-08-01 11:25:56] $ /usr/bin/python3 /home/an/RaybanMeta/uav-continual-learning/scripts/run_g1.py --config /home/an/RaybanMeta/uav-continual-learning/configs/g2_titans_resisc45_ncm_adaptation.yaml --method titans --skip-existing --set seed=3 train.ncm.blend.gammas=[0,0.25] train.ncm.transport.enabled=false train.feature_distillation.enabled=false log.dir=artifacts_ncm_gamma025_confirmatory log.run_tag=gamma025-confirm-seed3
== G1 run: dataset=resisc45 method=titans seed=3 device=cuda
Warning: You are sending unauthenticated requests to the HF Hub. Please set a HF_TOKEN to enable higher rate limits and faster downloads.
task 0: 5 classes [airport, basketball_court, chaparral, forest, river] | train 2800 / val 350 / test 350
task 1: 5 classes [bridge, commercial_area, dense_residential, lake, tennis_court] | train 2800 / val 350 / test 350
task 2: 5 classes [cloud, industrial_area, intersection, mountain, palace] | train 2800 / val 350 / test 350
task 3: 5 classes [baseball_diamond, mobile_home_park, roundabout, sea_ice, terrace] | train 2800 / val 350 / test 350
task 4: 5 classes [church, island, rectangular_farmland, ship, storage_tank] | train 2800 / val 350 / test 350
task 5: 5 classes [harbor, overpass, parking_lot, railway, wetland] | train 2800 / val 350 / test 350
task 6: 5 classes [desert, freeway, ground_track_field, meadow, stadium] | train 2800 / val 350 / test 350
task 7: 5 classes [airplane, beach, railway_station, sparse_residential, thermal_power_station] | train 2800 / val 350 / test 350
task 8: 5 classes [circular_farmland, golf_course, medium_residential, runway, snowberg] | train 2800 / val 350 / test 350
[titans] seq=image_seq reset=never chunk=32
[task 0] classes=[1, 3, 6, 13, 32] | train=2800

  epoch 1/3:   0%|          | 0/88 [00:00<?, ?it/s]
  epoch 1/3:   0%|          | 0/88 [00:03<?, ?it/s, loss=1.848]
  epoch 1/3:   1%|          | 1/88 [00:03<05:15,  3.63s/it, loss=1.848]
  epoch 1/3:   1%|          | 1/88 [00:03<05:15,  3.63s/it, loss=1.817]
  epoch 1/3:   2%|▏         | 2/88 [00:03<02:25,  1.69s/it, loss=1.817]
  epoch 1/3:   2%|▏         | 2/88 [00:04<02:25,  1.69s/it, loss=1.796]
  epoch 1/3:   3%|▎         | 3/88 [00:04<01:26,  1.02s/it, loss=1.796]
  epoch 1/3:   3%|▎         | 3/88 [00:04<01:26,  1.02s/it, loss=1.761]
  epoch 1/3:   5%|▍         | 4/88 [00:04<00:59,  1.41it/s, loss=1.761]
  epoch 1/3:   5%|▍         | 4/88 [00:04<00:59,  1.41it/s, loss=1.781]
  epoch 1/3:   6%|▌         | 5/88 [00:04<00:44,  1.86it/s, loss=1.781]
  epoch 1/3:   6%|▌         | 5/88 [00:04<00:44,  1.86it/s, loss=1.783]
  epoch 1/3:   7%|▋         | 6/88 [00:04<00:35,  2.31it/s, loss=1.783]
  epoch 1/3:   7%|▋         | 6/88 [00:05<00:35,  2.31it/s, loss=1.803]
  epoch 1/3:   8%|▊         | 7/88 [00:05<00:29,  2.72it/s, loss=1.803]
  epoch 1/3:   8%|▊         | 7/88 [00:05<00:29,  2.72it/s, loss=1.786]
  epoch 1/3:   9%|▉         | 8/88 [00:05<00:25,  3.08it/s, loss=1.786]
  epoch 1/3:   9%|▉         | 8/88 [00:05<00:25,  3.08it/s, loss=1.785]
  epoch 1/3:  10%|█         | 9/88 [00:05<00:23,  3.37it/s, loss=1.785]
  epoch 1/3:  10%|█         | 9/88 [00:05<00:23,  3.37it/s, loss=1.788]
  epoch 1/3:  11%|█▏        | 10/88 [00:05<00:21,  3.60it/s, loss=1.788]
  epoch 1/3:  11%|█▏        | 10/88 [00:06<00:21,  3.60it/s, loss=1.764]
  epoch 1/3:  12%|█▎        | 11/88 [00:06<00:20,  3.78it/s, loss=1.764]
  epoch 1/3:  12%|█▎        | 11/88 [00:06<00:20,  3.78it/s, loss=1.766]
  epoch 1/3:  14%|█▎        | 12/88 [00:06<00:19,  3.92it/s, loss=1.766]
  epoch 1/3:  14%|█▎        | 12/88 [00:06<00:19,  3.92it/s, loss=1.751]
  epoch 1/3:  15%|█▍        | 13/88 [00:06<00:18,  4.03it/s, loss=1.751]
  epoch 1/3:  15%|█▍        | 13/88 [00:06<00:18,  4.03it/s, loss=1.744]
  epoch 1/3:  16%|█▌        | 14/88 [00:06<00:18,  4.11it/s, loss=1.744]
  epoch 1/3:  16%|█▌        | 14/88 [00:06<00:18,  4.11it/s, loss=1.737]
  epoch 1/3:  17%|█▋        | 15/88 [00:06<00:17,  4.17it/s, loss=1.737]
  epoch 1/3:  17%|█▋        | 15/88 [00:07<00:17,  4.17it/s, loss=1.726]
  epoch 1/3:  18%|█▊        | 16/88 [00:07<00:17,  4.14it/s, loss=1.726]
  epoch 1/3:  18%|█▊        | 16/88 [00:07<00:17,  4.14it/s, loss=1.720]
  epoch 1/3:  19%|█▉        | 17/88 [00:07<00:16,  4.20it/s, loss=1.720]
  epoch 1/3:  19%|█▉        | 17/88 [00:07<00:16,  4.20it/s, loss=1.709]
  epoch 1/3:  20%|██        | 18/88 [00:07<00:16,  4.21it/s, loss=1.709]
  epoch 1/3:  20%|██        | 18/88 [00:07<00:16,  4.21it/s, loss=1.700]
  epoch 1/3:  22%|██▏       | 19/88 [00:07<00:16,  4.24it/s, loss=1.700]
  epoch 1/3:  22%|██▏       | 19/88 [00:08<00:16,  4.24it/s, loss=1.696]
  epoch 1/3:  23%|██▎       | 20/88 [00:08<00:16,  4.24it/s, loss=1.696]
  epoch 1/3:  23%|██▎       | 20/88 [00:08<00:16,  4.24it/s, loss=1.693]
  epoch 1/3:  24%|██▍       | 21/88 [00:08<00:15,  4.23it/s, loss=1.693]
  epoch 1/3:  24%|██▍       | 21/88 [00:08<00:15,  4.23it/s, loss=1.688]
  epoch 1/3:  25%|██▌       | 22/88 [00:08<00:15,  4.25it/s, loss=1.688]
  epoch 1/3:  25%|██▌       | 22/88 [00:08<00:15,  4.25it/s, loss=1.681]
  epoch 1/3:  26%|██▌       | 23/88 [00:08<00:15,  4.24it/s, loss=1.681]
  epoch 1/3:  26%|██▌       | 23/88 [00:09<00:15,  4.24it/s, loss=1.674]
  epoch 1/3:  27%|██▋       | 24/88 [00:09<00:15,  4.24it/s, loss=1.674]
  epoch 1/3:  27%|██▋       | 24/88 [00:09<00:15,  4.24it/s, loss=1.670]
  epoch 1/3:  28%|██▊       | 25/88 [00:09<00:14,  4.23it/s, loss=1.670]
  epoch 1/3:  28%|██▊       | 25/88 [00:09<00:14,  4.23it/s, loss=1.661]
  epoch 1/3:  30%|██▉       | 26/88 [00:09<00:14,  4.23it/s, loss=1.661]
  epoch 1/3:  30%|██▉       | 26/88 [00:09<00:14,  4.23it/s, loss=1.662]
  epoch 1/3:  31%|███       | 27/88 [00:09<00:14,  4.25it/s, loss=1.662]
  epoch 1/3:  31%|███       | 27/88 [00:10<00:14,  4.25it/s, loss=1.652]
  epoch 1/3:  32%|███▏      | 28/88 [00:10<00:14,  4.24it/s, loss=1.652]
  epoch 1/3:  32%|███▏      | 28/88 [00:10<00:14,  4.24it/s, loss=1.646]
  epoch 1/3:  33%|███▎      | 29/88 [00:10<00:13,  4.26it/s, loss=1.646]
  epoch 1/3:  33%|███▎      | 29/88 [00:10<00:13,  4.26it/s, loss=1.636]
  epoch 1/3:  34%|███▍      | 30/88 [00:10<00:13,  4.27it/s, loss=1.636]
  epoch 1/3:  34%|███▍      | 30/88 [00:10<00:13,  4.27it/s, loss=1.626]
  epoch 1/3:  35%|███▌      | 31/88 [00:10<00:13,  4.26it/s, loss=1.626]
  epoch 1/3:  35%|███▌      | 31/88 [00:10<00:13,  4.26it/s, loss=1.617]
  epoch 1/3:  36%|███▋      | 32/88 [00:10<00:13,  4.19it/s, loss=1.617]
  epoch 1/3:  36%|███▋      | 32/88 [00:11<00:13,  4.19it/s, loss=1.607]
  epoch 1/3:  38%|███▊      | 33/88 [00:11<00:13,  4.22it/s, loss=1.607]
  epoch 1/3:  38%|███▊      | 33/88 [00:11<00:13,  4.22it/s, loss=1.601]
  epoch 1/3:  39%|███▊      | 34/88 [00:11<00:12,  4.22it/s, loss=1.601]
  epoch 1/3:  39%|███▊      | 34/88 [00:11<00:12,  4.22it/s, loss=1.594]
  epoch 1/3:  40%|███▉      | 35/88 [00:11<00:12,  4.22it/s, loss=1.594]
  epoch 1/3:  40%|███▉      | 35/88 [00:11<00:12,  4.22it/s, loss=1.588]
  epoch 1/3:  41%|████      | 36/88 [00:11<00:12,  4.23it/s, loss=1.588]
  epoch 1/3:  41%|████      | 36/88 [00:12<00:12,  4.23it/s, loss=1.581]
  epoch 1/3:  42%|████▏     | 37/88 [00:12<00:12,  4.21it/s, loss=1.581]
  epoch 1/3:  42%|████▏     | 37/88 [00:12<00:12,  4.21it/s, loss=1.572]
  epoch 1/3:  43%|████▎     | 38/88 [00:12<00:11,  4.21it/s, loss=1.572]
  epoch 1/3:  43%|████▎     | 38/88 [00:12<00:11,  4.21it/s, loss=1.564]
  epoch 1/3:  44%|████▍     | 39/88 [00:12<00:11,  4.23it/s, loss=1.564]
  epoch 1/3:  44%|████▍     | 39/88 [00:12<00:11,  4.23it/s, loss=1.555]
  epoch 1/3:  45%|████▌     | 40/88 [00:12<00:11,  4.22it/s, loss=1.555]
  epoch 1/3:  45%|████▌     | 40/88 [00:13<00:11,  4.22it/s, loss=1.547]
  epoch 1/3:  47%|████▋     | 41/88 [00:13<00:11,  4.21it/s, loss=1.547]
  epoch 1/3:  47%|████▋     | 41/88 [00:13<00:11,  4.21it/s, loss=1.537]
  epoch 1/3:  48%|████▊     | 42/88 [00:13<00:10,  4.21it/s, loss=1.537]
  epoch 1/3:  48%|████▊     | 42/88 [00:13<00:10,  4.21it/s, loss=1.528]
  epoch 1/3:  49%|████▉     | 43/88 [00:13<00:10,  4.23it/s, loss=1.528]
  epoch 1/3:  49%|████▉     | 43/88 [00:13<00:10,  4.23it/s, loss=1.520]
  epoch 1/3:  50%|█████     | 44/88 [00:13<00:10,  4.22it/s, loss=1.520]
  epoch 1/3:  50%|█████     | 44/88 [00:14<00:10,  4.22it/s, loss=1.513]
  epoch 1/3:  51%|█████     | 45/88 [00:14<00:10,  4.25it/s, loss=1.513]
  epoch 1/3:  51%|█████     | 45/88 [00:14<00:10,  4.25it/s, loss=1.505]
  epoch 1/3:  52%|█████▏    | 46/88 [00:14<00:09,  4.24it/s, loss=1.505]
  epoch 1/3:  52%|█████▏    | 46/88 [00:14<00:09,  4.24it/s, loss=1.500]
  epoch 1/3:  53%|█████▎    | 47/88 [00:14<00:09,  4.23it/s, loss=1.500]
  epoch 1/3:  53%|█████▎    | 47/88 [00:14<00:09,  4.23it/s, loss=1.492]
  epoch 1/3:  55%|█████▍    | 48/88 [00:14<00:09,  4.19it/s, loss=1.492]
  epoch 1/3:  55%|█████▍    | 48/88 [00:15<00:09,  4.19it/s, loss=1.486]
  epoch 1/3:  56%|█████▌    | 49/88 [00:15<00:09,  4.21it/s, loss=1.486]
  epoch 1/3:  56%|█████▌    | 49/88 [00:15<00:09,  4.21it/s, loss=1.477]
  epoch 1/3:  57%|█████▋    | 50/88 [00:15<00:09,  4.20it/s, loss=1.477]
  epoch 1/3:  57%|█████▋    | 50/88 [00:15<00:09,  4.20it/s, loss=1.470]
  epoch 1/3:  58%|█████▊    | 51/88 [00:15<00:08,  4.20it/s, loss=1.470]
  epoch 1/3:  58%|█████▊    | 51/88 [00:15<00:08,  4.20it/s, loss=1.461]
  epoch 1/3:  59%|█████▉    | 52/88 [00:15<00:08,  4.22it/s, loss=1.461]
  epoch 1/3:  59%|█████▉    | 52/88 [00:15<00:08,  4.22it/s, loss=1.451]
  epoch 1/3:  60%|██████    | 53/88 [00:15<00:08,  4.23it/s, loss=1.451]
  epoch 1/3:  60%|██████    | 53/88 [00:16<00:08,  4.23it/s, loss=1.444]
  epoch 1/3:  61%|██████▏   | 54/88 [00:16<00:08,  4.24it/s, loss=1.444]
  epoch 1/3:  61%|██████▏   | 54/88 [00:16<00:08,  4.24it/s, loss=1.436]
  epoch 1/3:  62%|██████▎   | 55/88 [00:16<00:07,  4.24it/s, loss=1.436]
  epoch 1/3:  62%|██████▎   | 55/88 [00:16<00:07,  4.24it/s, loss=1.430]
  epoch 1/3:  64%|██████▎   | 56/88 [00:16<00:07,  4.23it/s, loss=1.430]
  epoch 1/3:  64%|██████▎   | 56/88 [00:16<00:07,  4.23it/s, loss=1.424]
  epoch 1/3:  65%|██████▍   | 57/88 [00:16<00:07,  4.24it/s, loss=1.424]
  epoch 1/3:  65%|██████▍   | 57/88 [00:17<00:07,  4.24it/s, loss=1.415]
  epoch 1/3:  66%|██████▌   | 58/88 [00:17<00:07,  4.24it/s, loss=1.415]
  epoch 1/3:  66%|██████▌   | 58/88 [00:17<00:07,  4.24it/s, loss=1.407]
  epoch 1/3:  67%|██████▋   | 59/88 [00:17<00:06,  4.24it/s, loss=1.407]
  epoch 1/3:  67%|██████▋   | 59/88 [00:17<00:06,  4.24it/s, loss=1.399]
  epoch 1/3:  68%|██████▊   | 60/88 [00:17<00:06,  4.25it/s, loss=1.399]
  epoch 1/3:  68%|██████▊   | 60/88 [00:17<00:06,  4.25it/s, loss=1.392]
  epoch 1/3:  69%|██████▉   | 61/88 [00:17<00:06,  4.24it/s, loss=1.392]
  epoch 1/3:  69%|██████▉   | 61/88 [00:18<00:06,  4.24it/s, loss=1.385]
  epoch 1/3:  70%|███████   | 62/88 [00:18<00:06,  4.25it/s, loss=1.385]
  epoch 1/3:  70%|███████   | 62/88 [00:18<00:06,  4.25it/s, loss=1.378]
  epoch 1/3:  72%|███████▏  | 63/88 [00:18<00:05,  4.24it/s, loss=1.378]
  epoch 1/3:  72%|███████▏  | 63/88 [00:18<00:05,  4.24it/s, loss=1.369]
  epoch 1/3:  73%|███████▎  | 64/88 [00:18<00:05,  4.17it/s, loss=1.369]
  epoch 1/3:  73%|███████▎  | 64/88 [00:18<00:05,  4.17it/s, loss=1.362]
  epoch 1/3:  74%|███████▍  | 65/88 [00:18<00:05,  4.18it/s, loss=1.362]
  epoch 1/3:  74%|███████▍  | 65/88 [00:19<00:05,  4.18it/s, loss=1.355]
  epoch 1/3:  75%|███████▌  | 66/88 [00:19<00:05,  4.18it/s, loss=1.355]
  epoch 1/3:  75%|███████▌  | 66/88 [00:19<00:05,  4.18it/s, loss=1.348]
  epoch 1/3:  76%|███████▌  | 67/88 [00:19<00:05,  4.19it/s, loss=1.348]
  epoch 1/3:  76%|███████▌  | 67/88 [00:19<00:05,  4.19it/s, loss=1.342]
  epoch 1/3:  77%|███████▋  | 68/88 [00:19<00:04,  4.22it/s, loss=1.342]
  epoch 1/3:  77%|███████▋  | 68/88 [00:19<00:04,  4.22it/s, loss=1.335]
  epoch 1/3:  78%|███████▊  | 69/88 [00:19<00:04,  4.22it/s, loss=1.335]
  epoch 1/3:  78%|███████▊  | 69/88 [00:19<00:04,  4.22it/s, loss=1.329]
  epoch 1/3:  80%|███████▉  | 70/88 [00:19<00:04,  4.22it/s, loss=1.329]
  epoch 1/3:  80%|███████▉  | 70/88 [00:20<00:04,  4.22it/s, loss=1.322]
  epoch 1/3:  81%|████████  | 71/88 [00:20<00:04,  4.24it/s, loss=1.322]
  epoch 1/3:  81%|████████  | 71/88 [00:20<00:04,  4.24it/s, loss=1.315]
  epoch 1/3:  82%|████████▏ | 72/88 [00:20<00:03,  4.22it/s, loss=1.315]
  epoch 1/3:  82%|████████▏ | 72/88 [00:20<00:03,  4.22it/s, loss=1.308]
  epoch 1/3:  83%|████████▎ | 73/88 [00:20<00:03,  4.24it/s, loss=1.308]
  epoch 1/3:  83%|████████▎ | 73/88 [00:20<00:03,  4.24it/s, loss=1.301]
  epoch 1/3:  84%|████████▍ | 74/88 [00:20<00:03,  4.25it/s, loss=1.301]
  epoch 1/3:  84%|████████▍ | 74/88 [00:21<00:03,  4.25it/s, loss=1.294]
  epoch 1/3:  85%|████████▌ | 75/88 [00:21<00:03,  4.25it/s, loss=1.294]
  epoch 1/3:  85%|████████▌ | 75/88 [00:21<00:03,  4.25it/s, loss=1.289]
  epoch 1/3:  86%|████████▋ | 76/88 [00:21<00:02,  4.25it/s, loss=1.289]
  epoch 1/3:  86%|████████▋ | 76/88 [00:21<00:02,  4.25it/s, loss=1.282]
  epoch 1/3:  88%|████████▊ | 77/88 [00:21<00:02,  4.23it/s, loss=1.282]
  epoch 1/3:  88%|████████▊ | 77/88 [00:21<00:02,  4.23it/s, loss=1.275]
  epoch 1/3:  89%|████████▊ | 78/88 [00:21<00:02,  4.23it/s, loss=1.275]
  epoch 1/3:  89%|████████▊ | 78/88 [00:22<00:02,  4.23it/s, loss=1.270]
  epoch 1/3:  90%|████████▉ | 79/88 [00:22<00:02,  4.22it/s, loss=1.270]
  epoch 1/3:  90%|████████▉ | 79/88 [00:22<00:02,  4.22it/s, loss=1.263]
  epoch 1/3:  91%|█████████ | 80/88 [00:22<00:01,  4.17it/s, loss=1.263]
  epoch 1/3:  91%|█████████ | 80/88 [00:22<00:01,  4.17it/s, loss=1.258]
  epoch 1/3:  92%|█████████▏| 81/88 [00:22<00:01,  4.20it/s, loss=1.258]
  epoch 1/3:  92%|█████████▏| 81/88 [00:22<00:01,  4.20it/s, loss=1.252]
  epoch 1/3:  93%|█████████▎| 82/88 [00:22<00:01,  4.19it/s, loss=1.252]
  epoch 1/3:  93%|█████████▎| 82/88 [00:23<00:01,  4.19it/s, loss=1.247]
  epoch 1/3:  94%|█████████▍| 83/88 [00:23<00:01,  4.22it/s, loss=1.247]
  epoch 1/3:  94%|█████████▍| 83/88 [00:23<00:01,  4.22it/s, loss=1.241]
  epoch 1/3:  95%|█████████▌| 84/88 [00:23<00:00,  4.22it/s, loss=1.241]
  epoch 1/3:  95%|█████████▌| 84/88 [00:23<00:00,  4.22it/s, loss=1.236]
  epoch 1/3:  97%|█████████▋| 85/88 [00:23<00:00,  4.23it/s, loss=1.236]
  epoch 1/3:  97%|█████████▋| 85/88 [00:23<00:00,  4.23it/s, loss=1.229]
  epoch 1/3:  98%|█████████▊| 86/88 [00:23<00:00,  4.23it/s, loss=1.229]
  epoch 1/3:  98%|█████████▊| 86/88 [00:24<00:00,  4.23it/s, loss=1.224]
  epoch 1/3:  99%|█████████▉| 87/88 [00:24<00:00,  4.22it/s, loss=1.224]
  epoch 1/3:  99%|█████████▉| 87/88 [00:24<00:00,  4.22it/s, loss=1.222]
  epoch 1/3: 100%|██████████| 88/88 [00:24<00:00,  4.57it/s, loss=1.222]
                                                                        

  epoch 2/3:   0%|          | 0/88 [00:00<?, ?it/s]
  epoch 2/3:   0%|          | 0/88 [00:00<?, ?it/s, loss=0.756]
  epoch 2/3:   1%|          | 1/88 [00:00<00:41,  2.09it/s, loss=0.756]
  epoch 2/3:   1%|          | 1/88 [00:00<00:41,  2.09it/s, loss=0.726]
  epoch 2/3:   2%|▏         | 2/88 [00:00<00:28,  2.98it/s, loss=0.726]
  epoch 2/3:   2%|▏         | 2/88 [00:00<00:28,  2.98it/s, loss=0.684]
  epoch 2/3:   3%|▎         | 3/88 [00:00<00:24,  3.45it/s, loss=0.684]
  epoch 2/3:   3%|▎         | 3/88 [00:01<00:24,  3.45it/s, loss=0.705]
  epoch 2/3:   5%|▍         | 4/88 [00:01<00:22,  3.71it/s, loss=0.705]
  epoch 2/3:   5%|▍         | 4/88 [00:01<00:22,  3.71it/s, loss=0.705]
  epoch 2/3:   6%|▌         | 5/88 [00:01<00:21,  3.87it/s, loss=0.705]
  epoch 2/3:   6%|▌         | 5/88 [00:01<00:21,  3.87it/s, loss=0.680]
  epoch 2/3:   7%|▋         | 6/88 [00:01<00:20,  4.00it/s, loss=0.680]
  epoch 2/3:   7%|▋         | 6/88 [00:01<00:20,  4.00it/s, loss=0.660]
  epoch 2/3:   8%|▊         | 7/88 [00:01<00:19,  4.07it/s, loss=0.660]
  epoch 2/3:   8%|▊         | 7/88 [00:02<00:19,  4.07it/s, loss=0.660]
  epoch 2/3:   9%|▉         | 8/88 [00:02<00:19,  4.07it/s, loss=0.660]
  epoch 2/3:   9%|▉         | 8/88 [00:02<00:19,  4.07it/s, loss=0.668]
  epoch 2/3:  10%|█         | 9/88 [00:02<00:19,  4.11it/s, loss=0.668]
  epoch 2/3:  10%|█         | 9/88 [00:02<00:19,  4.11it/s, loss=0.664]
  epoch 2/3:  11%|█▏        | 10/88 [00:02<00:18,  4.16it/s, loss=0.664]
  epoch 2/3:  11%|█▏        | 10/88 [00:02<00:18,  4.16it/s, loss=0.660]
  epoch 2/3:  12%|█▎        | 11/88 [00:02<00:18,  4.18it/s, loss=0.660]
  epoch 2/3:  12%|█▎        | 11/88 [00:03<00:18,  4.18it/s, loss=0.652]
  epoch 2/3:  14%|█▎        | 12/88 [00:03<00:18,  4.21it/s, loss=0.652]
  epoch 2/3:  14%|█▎        | 12/88 [00:03<00:18,  4.21it/s, loss=0.639]
  epoch 2/3:  15%|█▍        | 13/88 [00:03<00:17,  4.22it/s, loss=0.639]
  epoch 2/3:  15%|█▍        | 13/88 [00:03<00:17,  4.22it/s, loss=0.637]
  epoch 2/3:  16%|█▌        | 14/88 [00:03<00:17,  4.21it/s, loss=0.637]
  epoch 2/3:  16%|█▌        | 14/88 [00:03<00:17,  4.21it/s, loss=0.633]
  epoch 2/3:  17%|█▋        | 15/88 [00:03<00:17,  4.22it/s, loss=0.633]
  epoch 2/3:  17%|█▋        | 15/88 [00:04<00:17,  4.22it/s, loss=0.628]
  epoch 2/3:  18%|█▊        | 16/88 [00:04<00:17,  4.23it/s, loss=0.628]
  epoch 2/3:  18%|█▊        | 16/88 [00:04<00:17,  4.23it/s, loss=0.625]
  epoch 2/3:  19%|█▉        | 17/88 [00:04<00:16,  4.23it/s, loss=0.625]
  epoch 2/3:  19%|█▉        | 17/88 [00:04<00:16,  4.23it/s, loss=0.618]
  epoch 2/3:  20%|██        | 18/88 [00:04<00:16,  4.23it/s, loss=0.618]
  epoch 2/3:  20%|██        | 18/88 [00:04<00:16,  4.23it/s, loss=0.617]
  epoch 2/3:  22%|██▏       | 19/88 [00:04<00:16,  4.24it/s, loss=0.617]
  epoch 2/3:  22%|██▏       | 19/88 [00:04<00:16,  4.24it/s, loss=0.612]
  epoch 2/3:  23%|██▎       | 20/88 [00:04<00:15,  4.25it/s, loss=0.612]
  epoch 2/3:  23%|██▎       | 20/88 [00:05<00:15,  4.25it/s, loss=0.614]
  epoch 2/3:  24%|██▍       | 21/88 [00:05<00:15,  4.26it/s, loss=0.614]
  epoch 2/3:  24%|██▍       | 21/88 [00:05<00:15,  4.26it/s, loss=0.614]
  epoch 2/3:  25%|██▌       | 22/88 [00:05<00:15,  4.23it/s, loss=0.614]
  epoch 2/3:  25%|██▌       | 22/88 [00:05<00:15,  4.23it/s, loss=0.610]
  epoch 2/3:  26%|██▌       | 23/88 [00:05<00:15,  4.24it/s, loss=0.610]
  epoch 2/3:  26%|██▌       | 23/88 [00:05<00:15,  4.24it/s, loss=0.605]
  epoch 2/3:  27%|██▋       | 24/88 [00:05<00:15,  4.18it/s, loss=0.605]
  epoch 2/3:  27%|██▋       | 24/88 [00:06<00:15,  4.18it/s, loss=0.606]
  epoch 2/3:  28%|██▊       | 25/88 [00:06<00:15,  4.19it/s, loss=0.606]
  epoch 2/3:  28%|██▊       | 25/88 [00:06<00:15,  4.19it/s, loss=0.600]
  epoch 2/3:  30%|██▉       | 26/88 [00:06<00:14,  4.21it/s, loss=0.600]
  epoch 2/3:  30%|██▉       | 26/88 [00:06<00:14,  4.21it/s, loss=0.593]
  epoch 2/3:  31%|███       | 27/88 [00:06<00:14,  4.22it/s, loss=0.593]
  epoch 2/3:  31%|███       | 27/88 [00:06<00:14,  4.22it/s, loss=0.590]
  epoch 2/3:  32%|███▏      | 28/88 [00:06<00:14,  4.24it/s, loss=0.590]
  epoch 2/3:  32%|███▏      | 28/88 [00:07<00:14,  4.24it/s, loss=0.586]
  epoch 2/3:  33%|███▎      | 29/88 [00:07<00:13,  4.23it/s, loss=0.586]
  epoch 2/3:  33%|███▎      | 29/88 [00:07<00:13,  4.23it/s, loss=0.582]
  epoch 2/3:  34%|███▍      | 30/88 [00:07<00:13,  4.25it/s, loss=0.582]
  epoch 2/3:  34%|███▍      | 30/88 [00:07<00:13,  4.25it/s, loss=0.579]
  epoch 2/3:  35%|███▌      | 31/88 [00:07<00:13,  4.23it/s, loss=0.579]
  epoch 2/3:  35%|███▌      | 31/88 [00:07<00:13,  4.23it/s, loss=0.576]
  epoch 2/3:  36%|███▋      | 32/88 [00:07<00:13,  4.23it/s, loss=0.576]
  epoch 2/3:  36%|███▋      | 32/88 [00:08<00:13,  4.23it/s, loss=0.572]
  epoch 2/3:  38%|███▊      | 33/88 [00:08<00:12,  4.24it/s, loss=0.572]
  epoch 2/3:  38%|███▊      | 33/88 [00:08<00:12,  4.24it/s, loss=0.570]
  epoch 2/3:  39%|███▊      | 34/88 [00:08<00:12,  4.22it/s, loss=0.570]
  epoch 2/3:  39%|███▊      | 34/88 [00:08<00:12,  4.22it/s, loss=0.569]
  epoch 2/3:  40%|███▉      | 35/88 [00:08<00:12,  4.22it/s, loss=0.569]
  epoch 2/3:  40%|███▉      | 35/88 [00:08<00:12,  4.22it/s, loss=0.565]
  epoch 2/3:  41%|████      | 36/88 [00:08<00:12,  4.23it/s, loss=0.565]
  epoch 2/3:  41%|████      | 36/88 [00:08<00:12,  4.23it/s, loss=0.560]
  epoch 2/3:  42%|████▏     | 37/88 [00:08<00:12,  4.22it/s, loss=0.560]
  epoch 2/3:  42%|████▏     | 37/88 [00:09<00:12,  4.22it/s, loss=0.559]
  epoch 2/3:  43%|████▎     | 38/88 [00:09<00:11,  4.23it/s, loss=0.559]
  epoch 2/3:  43%|████▎     | 38/88 [00:09<00:11,  4.23it/s, loss=0.556]
  epoch 2/3:  44%|████▍     | 39/88 [00:09<00:11,  4.25it/s, loss=0.556]
  epoch 2/3:  44%|████▍     | 39/88 [00:09<00:11,  4.25it/s, loss=0.550]
  epoch 2/3:  45%|████▌     | 40/88 [00:09<00:11,  4.17it/s, loss=0.550]
  epoch 2/3:  45%|████▌     | 40/88 [00:09<00:11,  4.17it/s, loss=0.548]
  epoch 2/3:  47%|████▋     | 41/88 [00:09<00:11,  4.18it/s, loss=0.548]
  epoch 2/3:  47%|████▋     | 41/88 [00:10<00:11,  4.18it/s, loss=0.541]
  epoch 2/3:  48%|████▊     | 42/88 [00:10<00:10,  4.20it/s, loss=0.541]
  epoch 2/3:  48%|████▊     | 42/88 [00:10<00:10,  4.20it/s, loss=0.542]
  epoch 2/3:  49%|████▉     | 43/88 [00:10<00:10,  4.23it/s, loss=0.542]
  epoch 2/3:  49%|████▉     | 43/88 [00:10<00:10,  4.23it/s, loss=0.540]
  epoch 2/3:  50%|█████     | 44/88 [00:10<00:10,  4.22it/s, loss=0.540]
  epoch 2/3:  50%|█████     | 44/88 [00:10<00:10,  4.22it/s, loss=0.539]
  epoch 2/3:  51%|█████     | 45/88 [00:10<00:10,  4.23it/s, loss=0.539]
  epoch 2/3:  51%|█████     | 45/88 [00:11<00:10,  4.23it/s, loss=0.536]
  epoch 2/3:  52%|█████▏    | 46/88 [00:11<00:09,  4.22it/s, loss=0.536]
  epoch 2/3:  52%|█████▏    | 46/88 [00:11<00:09,  4.22it/s, loss=0.533]
  epoch 2/3:  53%|█████▎    | 47/88 [00:11<00:09,  4.22it/s, loss=0.533]
  epoch 2/3:  53%|█████▎    | 47/88 [00:11<00:09,  4.22it/s, loss=0.529]
  epoch 2/3:  55%|█████▍    | 48/88 [00:11<00:09,  4.24it/s, loss=0.529]
  epoch 2/3:  55%|█████▍    | 48/88 [00:11<00:09,  4.24it/s, loss=0.527]
  epoch 2/3:  56%|█████▌    | 49/88 [00:11<00:09,  4.23it/s, loss=0.527]
  epoch 2/3:  56%|█████▌    | 49/88 [00:12<00:09,  4.23it/s, loss=0.526]
  epoch 2/3:  57%|█████▋    | 50/88 [00:12<00:09,  4.20it/s, loss=0.526]
  epoch 2/3:  57%|█████▋    | 50/88 [00:12<00:09,  4.20it/s, loss=0.521]
  epoch 2/3:  58%|█████▊    | 51/88 [00:12<00:08,  4.19it/s, loss=0.521]
  epoch 2/3:  58%|█████▊    | 51/88 [00:12<00:08,  4.19it/s, loss=0.516]
  epoch 2/3:  59%|█████▉    | 52/88 [00:12<00:08,  4.20it/s, loss=0.516]
  epoch 2/3:  59%|█████▉    | 52/88 [00:12<00:08,  4.20it/s, loss=0.513]
  epoch 2/3:  60%|██████    | 53/88 [00:12<00:08,  4.19it/s, loss=0.513]
  epoch 2/3:  60%|██████    | 53/88 [00:13<00:08,  4.19it/s, loss=0.511]
  epoch 2/3:  61%|██████▏   | 54/88 [00:13<00:08,  4.18it/s, loss=0.511]
  epoch 2/3:  61%|██████▏   | 54/88 [00:13<00:08,  4.18it/s, loss=0.507]
  epoch 2/3:  62%|██████▎   | 55/88 [00:13<00:07,  4.17it/s, loss=0.507]
  epoch 2/3:  62%|██████▎   | 55/88 [00:13<00:07,  4.17it/s, loss=0.504]
  epoch 2/3:  64%|██████▎   | 56/88 [00:13<00:07,  4.12it/s, loss=0.504]
  epoch 2/3:  64%|██████▎   | 56/88 [00:13<00:07,  4.12it/s, loss=0.503]
  epoch 2/3:  65%|██████▍   | 57/88 [00:13<00:07,  4.14it/s, loss=0.503]
  epoch 2/3:  65%|██████▍   | 57/88 [00:14<00:07,  4.14it/s, loss=0.500]
  epoch 2/3:  66%|██████▌   | 58/88 [00:14<00:07,  4.18it/s, loss=0.500]
  epoch 2/3:  66%|██████▌   | 58/88 [00:14<00:07,  4.18it/s, loss=0.499]
  epoch 2/3:  67%|██████▋   | 59/88 [00:14<00:06,  4.20it/s, loss=0.499]
  epoch 2/3:  67%|██████▋   | 59/88 [00:14<00:06,  4.20it/s, loss=0.497]
  epoch 2/3:  68%|██████▊   | 60/88 [00:14<00:06,  4.20it/s, loss=0.497]
  epoch 2/3:  68%|██████▊   | 60/88 [00:14<00:06,  4.20it/s, loss=0.495]
  epoch 2/3:  69%|██████▉   | 61/88 [00:14<00:06,  4.24it/s, loss=0.495]
  epoch 2/3:  69%|██████▉   | 61/88 [00:14<00:06,  4.24it/s, loss=0.492]
  epoch 2/3:  70%|███████   | 62/88 [00:14<00:06,  4.22it/s, loss=0.492]
  epoch 2/3:  70%|███████   | 62/88 [00:15<00:06,  4.22it/s, loss=0.491]
  epoch 2/3:  72%|███████▏  | 63/88 [00:15<00:05,  4.21it/s, loss=0.491]
  epoch 2/3:  72%|███████▏  | 63/88 [00:15<00:05,  4.21it/s, loss=0.489]
  epoch 2/3:  73%|███████▎  | 64/88 [00:15<00:05,  4.22it/s, loss=0.489]
  epoch 2/3:  73%|███████▎  | 64/88 [00:15<00:05,  4.22it/s, loss=0.486]
  epoch 2/3:  74%|███████▍  | 65/88 [00:15<00:05,  4.22it/s, loss=0.486]
  epoch 2/3:  74%|███████▍  | 65/88 [00:15<00:05,  4.22it/s, loss=0.483]
  epoch 2/3:  75%|███████▌  | 66/88 [00:15<00:05,  4.21it/s, loss=0.483]
  epoch 2/3:  75%|███████▌  | 66/88 [00:16<00:05,  4.21it/s, loss=0.481]
  epoch 2/3:  76%|███████▌  | 67/88 [00:16<00:04,  4.24it/s, loss=0.481]
  epoch 2/3:  76%|███████▌  | 67/88 [00:16<00:04,  4.24it/s, loss=0.478]
  epoch 2/3:  77%|███████▋  | 68/88 [00:16<00:04,  4.23it/s, loss=0.478]
  epoch 2/3:  77%|███████▋  | 68/88 [00:16<00:04,  4.23it/s, loss=0.474]
  epoch 2/3:  78%|███████▊  | 69/88 [00:16<00:04,  4.22it/s, loss=0.474]
  epoch 2/3:  78%|███████▊  | 69/88 [00:16<00:04,  4.22it/s, loss=0.472]
  epoch 2/3:  80%|███████▉  | 70/88 [00:16<00:04,  4.24it/s, loss=0.472]
  epoch 2/3:  80%|███████▉  | 70/88 [00:17<00:04,  4.24it/s, loss=0.471]
  epoch 2/3:  81%|████████  | 71/88 [00:17<00:04,  4.21it/s, loss=0.471]
  epoch 2/3:  81%|████████  | 71/88 [00:17<00:04,  4.21it/s, loss=0.469]
  epoch 2/3:  82%|████████▏ | 72/88 [00:17<00:03,  4.16it/s, loss=0.469]
  epoch 2/3:  82%|████████▏ | 72/88 [00:17<00:03,  4.16it/s, loss=0.466]
  epoch 2/3:  83%|████████▎ | 73/88 [00:17<00:03,  4.17it/s, loss=0.466]
  epoch 2/3:  83%|████████▎ | 73/88 [00:17<00:03,  4.17it/s, loss=0.464]
  epoch 2/3:  84%|████████▍ | 74/88 [00:17<00:03,  4.20it/s, loss=0.464]
  epoch 2/3:  84%|████████▍ | 74/88 [00:18<00:03,  4.20it/s, loss=0.461]
  epoch 2/3:  85%|████████▌ | 75/88 [00:18<00:03,  4.20it/s, loss=0.461]
  epoch 2/3:  85%|████████▌ | 75/88 [00:18<00:03,  4.20it/s, loss=0.459]
  epoch 2/3:  86%|████████▋ | 76/88 [00:18<00:02,  4.20it/s, loss=0.459]
  epoch 2/3:  86%|████████▋ | 76/88 [00:18<00:02,  4.20it/s, loss=0.456]
  epoch 2/3:  88%|████████▊ | 77/88 [00:18<00:02,  4.22it/s, loss=0.456]
  epoch 2/3:  88%|████████▊ | 77/88 [00:18<00:02,  4.22it/s, loss=0.453]
  epoch 2/3:  89%|████████▊ | 78/88 [00:18<00:02,  4.22it/s, loss=0.453]
  epoch 2/3:  89%|████████▊ | 78/88 [00:18<00:02,  4.22it/s, loss=0.450]
  epoch 2/3:  90%|████████▉ | 79/88 [00:18<00:02,  4.23it/s, loss=0.450]
  epoch 2/3:  90%|████████▉ | 79/88 [00:19<00:02,  4.23it/s, loss=0.450]
  epoch 2/3:  91%|█████████ | 80/88 [00:19<00:01,  4.24it/s, loss=0.450]
  epoch 2/3:  91%|█████████ | 80/88 [00:19<00:01,  4.24it/s, loss=0.447]
  epoch 2/3:  92%|█████████▏| 81/88 [00:19<00:01,  4.23it/s, loss=0.447]
  epoch 2/3:  92%|█████████▏| 81/88 [00:19<00:01,  4.23it/s, loss=0.445]
  epoch 2/3:  93%|█████████▎| 82/88 [00:19<00:01,  4.23it/s, loss=0.445]
  epoch 2/3:  93%|█████████▎| 82/88 [00:19<00:01,  4.23it/s, loss=0.444]
  epoch 2/3:  94%|█████████▍| 83/88 [00:19<00:01,  4.24it/s, loss=0.444]
  epoch 2/3:  94%|█████████▍| 83/88 [00:20<00:01,  4.24it/s, loss=0.441]
  epoch 2/3:  95%|█████████▌| 84/88 [00:20<00:00,  4.22it/s, loss=0.441]
  epoch 2/3:  95%|█████████▌| 84/88 [00:20<00:00,  4.22it/s, loss=0.439]
  epoch 2/3:  97%|█████████▋| 85/88 [00:20<00:00,  4.22it/s, loss=0.439]
  epoch 2/3:  97%|█████████▋| 85/88 [00:20<00:00,  4.22it/s, loss=0.437]
  epoch 2/3:  98%|█████████▊| 86/88 [00:20<00:00,  4.24it/s, loss=0.437]
  epoch 2/3:  98%|█████████▊| 86/88 [00:20<00:00,  4.24it/s, loss=0.434]
  epoch 2/3:  99%|█████████▉| 87/88 [00:20<00:00,  4.22it/s, loss=0.434]
  epoch 2/3:  99%|█████████▉| 87/88 [00:21<00:00,  4.22it/s, loss=0.433]
  epoch 2/3: 100%|██████████| 88/88 [00:21<00:00,  4.48it/s, loss=0.433]
                                                                        

  epoch 3/3:   0%|          | 0/88 [00:00<?, ?it/s]
  epoch 3/3:   0%|          | 0/88 [00:00<?, ?it/s, loss=0.196]
  epoch 3/3:   1%|          | 1/88 [00:00<00:41,  2.08it/s, loss=0.196]
  epoch 3/3:   1%|          | 1/88 [00:00<00:41,  2.08it/s, loss=0.222]
  epoch 3/3:   2%|▏         | 2/88 [00:00<00:28,  2.97it/s, loss=0.222]
  epoch 3/3:   2%|▏         | 2/88 [00:00<00:28,  2.97it/s, loss=0.219]
  epoch 3/3:   3%|▎         | 3/88 [00:00<00:24,  3.43it/s, loss=0.219]
  epoch 3/3:   3%|▎         | 3/88 [00:01<00:24,  3.43it/s, loss=0.235]
  epoch 3/3:   5%|▍         | 4/88 [00:01<00:22,  3.73it/s, loss=0.235]
  epoch 3/3:   5%|▍         | 4/88 [00:01<00:22,  3.73it/s, loss=0.226]
  epoch 3/3:   6%|▌         | 5/88 [00:01<00:21,  3.88it/s, loss=0.226]
  epoch 3/3:   6%|▌         | 5/88 [00:01<00:21,  3.88it/s, loss=0.229]
  epoch 3/3:   7%|▋         | 6/88 [00:01<00:20,  3.99it/s, loss=0.229]
  epoch 3/3:   7%|▋         | 6/88 [00:01<00:20,  3.99it/s, loss=0.225]
  epoch 3/3:   8%|▊         | 7/88 [00:01<00:19,  4.09it/s, loss=0.225]
  epoch 3/3:   8%|▊         | 7/88 [00:02<00:19,  4.09it/s, loss=0.226]
  epoch 3/3:   9%|▉         | 8/88 [00:02<00:19,  4.12it/s, loss=0.226]
  epoch 3/3:   9%|▉         | 8/88 [00:02<00:19,  4.12it/s, loss=0.227]
  epoch 3/3:  10%|█         | 9/88 [00:02<00:19,  4.15it/s, loss=0.227]
  epoch 3/3:  10%|█         | 9/88 [00:02<00:19,  4.15it/s, loss=0.240]
  epoch 3/3:  11%|█▏        | 10/88 [00:02<00:18,  4.18it/s, loss=0.240]
  epoch 3/3:  11%|█▏        | 10/88 [00:02<00:18,  4.18it/s, loss=0.236]
  epoch 3/3:  12%|█▎        | 11/88 [00:02<00:18,  4.18it/s, loss=0.236]
  epoch 3/3:  12%|█▎        | 11/88 [00:03<00:18,  4.18it/s, loss=0.230]
  epoch 3/3:  14%|█▎        | 12/88 [00:03<00:18,  4.19it/s, loss=0.230]
  epoch 3/3:  14%|█▎        | 12/88 [00:03<00:18,  4.19it/s, loss=0.229]
  epoch 3/3:  15%|█▍        | 13/88 [00:03<00:17,  4.22it/s, loss=0.229]
  epoch 3/3:  15%|█▍        | 13/88 [00:03<00:17,  4.22it/s, loss=0.234]
  epoch 3/3:  16%|█▌        | 14/88 [00:03<00:17,  4.21it/s, loss=0.234]
  epoch 3/3:  16%|█▌        | 14/88 [00:03<00:17,  4.21it/s, loss=0.233]
  epoch 3/3:  17%|█▋        | 15/88 [00:03<00:17,  4.21it/s, loss=0.233]
  epoch 3/3:  17%|█▋        | 15/88 [00:04<00:17,  4.21it/s, loss=0.239]
  epoch 3/3:  18%|█▊        | 16/88 [00:04<00:17,  4.18it/s, loss=0.239]
  epoch 3/3:  18%|█▊        | 16/88 [00:04<00:17,  4.18it/s, loss=0.238]
  epoch 3/3:  19%|█▉        | 17/88 [00:04<00:16,  4.19it/s, loss=0.238]
  epoch 3/3:  19%|█▉        | 17/88 [00:04<00:16,  4.19it/s, loss=0.237]
  epoch 3/3:  20%|██        | 18/88 [00:04<00:16,  4.20it/s, loss=0.237]
  epoch 3/3:  20%|██        | 18/88 [00:04<00:16,  4.20it/s, loss=0.234]
  epoch 3/3:  22%|██▏       | 19/88 [00:04<00:16,  4.21it/s, loss=0.234]
  epoch 3/3:  22%|██▏       | 19/88 [00:04<00:16,  4.21it/s, loss=0.235]
  epoch 3/3:  23%|██▎       | 20/88 [00:04<00:16,  4.20it/s, loss=0.235]
  epoch 3/3:  23%|██▎       | 20/88 [00:05<00:16,  4.20it/s, loss=0.234]
  epoch 3/3:  24%|██▍       | 21/88 [00:05<00:15,  4.20it/s, loss=0.234]
  epoch 3/3:  24%|██▍       | 21/88 [00:05<00:15,  4.20it/s, loss=0.236]
  epoch 3/3:  25%|██▌       | 22/88 [00:05<00:15,  4.20it/s, loss=0.236]
  epoch 3/3:  25%|██▌       | 22/88 [00:05<00:15,  4.20it/s, loss=0.234]
  epoch 3/3:  26%|██▌       | 23/88 [00:05<00:15,  4.21it/s, loss=0.234]
  epoch 3/3:  26%|██▌       | 23/88 [00:05<00:15,  4.21it/s, loss=0.231]
  epoch 3/3:  27%|██▋       | 24/88 [00:05<00:15,  4.22it/s, loss=0.231]
  epoch 3/3:  27%|██▋       | 24/88 [00:06<00:15,  4.22it/s, loss=0.232]
  epoch 3/3:  28%|██▊       | 25/88 [00:06<00:14,  4.21it/s, loss=0.232]
  epoch 3/3:  28%|██▊       | 25/88 [00:06<00:14,  4.21it/s, loss=0.229]
  epoch 3/3:  30%|██▉       | 26/88 [00:06<00:14,  4.20it/s, loss=0.229]
  epoch 3/3:  30%|██▉       | 26/88 [00:06<00:14,  4.20it/s, loss=0.225]
  epoch 3/3:  31%|███       | 27/88 [00:06<00:14,  4.21it/s, loss=0.225]
  epoch 3/3:  31%|███       | 27/88 [00:06<00:14,  4.21it/s, loss=0.225]
  epoch 3/3:  32%|███▏      | 28/88 [00:06<00:14,  4.22it/s, loss=0.225]
  epoch 3/3:  32%|███▏      | 28/88 [00:07<00:14,  4.22it/s, loss=0.224]
  epoch 3/3:  33%|███▎      | 29/88 [00:07<00:14,  4.21it/s, loss=0.224]
  epoch 3/3:  33%|███▎      | 29/88 [00:07<00:14,  4.21it/s, loss=0.227]
  epoch 3/3:  34%|███▍      | 30/88 [00:07<00:13,  4.22it/s, loss=0.227]
  epoch 3/3:  34%|███▍      | 30/88 [00:07<00:13,  4.22it/s, loss=0.225]
  epoch 3/3:  35%|███▌      | 31/88 [00:07<00:13,  4.22it/s, loss=0.225]
  epoch 3/3:  35%|███▌      | 31/88 [00:07<00:13,  4.22it/s, loss=0.223]
  epoch 3/3:  36%|███▋      | 32/88 [00:07<00:13,  4.16it/s, loss=0.223]
  epoch 3/3:  36%|███▋      | 32/88 [00:08<00:13,  4.16it/s, loss=0.223]
  epoch 3/3:  38%|███▊      | 33/88 [00:08<00:13,  4.18it/s, loss=0.223]
  epoch 3/3:  38%|███▊      | 33/88 [00:08<00:13,  4.18it/s, loss=0.221]
  epoch 3/3:  39%|███▊      | 34/88 [00:08<00:12,  4.18it/s, loss=0.221]
  epoch 3/3:  39%|███▊      | 34/88 [00:08<00:12,  4.18it/s, loss=0.221]
  epoch 3/3:  40%|███▉      | 35/88 [00:08<00:12,  4.19it/s, loss=0.221]
  epoch 3/3:  40%|███▉      | 35/88 [00:08<00:12,  4.19it/s, loss=0.219]
  epoch 3/3:  41%|████      | 36/88 [00:08<00:12,  4.21it/s, loss=0.219]
  epoch 3/3:  41%|████      | 36/88 [00:09<00:12,  4.21it/s, loss=0.218]
  epoch 3/3:  42%|████▏     | 37/88 [00:09<00:12,  4.20it/s, loss=0.218]
  epoch 3/3:  42%|████▏     | 37/88 [00:09<00:12,  4.20it/s, loss=0.217]
  epoch 3/3:  43%|████▎     | 38/88 [00:09<00:11,  4.21it/s, loss=0.217]
  epoch 3/3:  43%|████▎     | 38/88 [00:09<00:11,  4.21it/s, loss=0.217]
  epoch 3/3:  44%|████▍     | 39/88 [00:09<00:11,  4.22it/s, loss=0.217]
  epoch 3/3:  44%|████▍     | 39/88 [00:09<00:11,  4.22it/s, loss=0.216]
  epoch 3/3:  45%|████▌     | 40/88 [00:09<00:11,  4.22it/s, loss=0.216]
  epoch 3/3:  45%|████▌     | 40/88 [00:09<00:11,  4.22it/s, loss=0.215]
  epoch 3/3:  47%|████▋     | 41/88 [00:09<00:11,  4.20it/s, loss=0.215]
  epoch 3/3:  47%|████▋     | 41/88 [00:10<00:11,  4.20it/s, loss=0.216]
  epoch 3/3:  48%|████▊     | 42/88 [00:10<00:10,  4.20it/s, loss=0.216]
  epoch 3/3:  48%|████▊     | 42/88 [00:10<00:10,  4.20it/s, loss=0.215]
  epoch 3/3:  49%|████▉     | 43/88 [00:10<00:10,  4.21it/s, loss=0.215]
  epoch 3/3:  49%|████▉     | 43/88 [00:10<00:10,  4.21it/s, loss=0.214]
  epoch 3/3:  50%|█████     | 44/88 [00:10<00:10,  4.21it/s, loss=0.214]
  epoch 3/3:  50%|█████     | 44/88 [00:10<00:10,  4.21it/s, loss=0.214]
  epoch 3/3:  51%|█████     | 45/88 [00:10<00:10,  4.19it/s, loss=0.214]
  epoch 3/3:  51%|█████     | 45/88 [00:11<00:10,  4.19it/s, loss=0.214]
  epoch 3/3:  52%|█████▏    | 46/88 [00:11<00:09,  4.21it/s, loss=0.214]
  epoch 3/3:  52%|█████▏    | 46/88 [00:11<00:09,  4.21it/s, loss=0.214]
  epoch 3/3:  53%|█████▎    | 47/88 [00:11<00:09,  4.21it/s, loss=0.214]
  epoch 3/3:  53%|█████▎    | 47/88 [00:11<00:09,  4.21it/s, loss=0.213]
  epoch 3/3:  55%|█████▍    | 48/88 [00:11<00:09,  4.14it/s, loss=0.213]
  epoch 3/3:  55%|█████▍    | 48/88 [00:11<00:09,  4.14it/s, loss=0.213]
  epoch 3/3:  56%|█████▌    | 49/88 [00:11<00:09,  4.16it/s, loss=0.213]
  epoch 3/3:  56%|█████▌    | 49/88 [00:12<00:09,  4.16it/s, loss=0.212]
  epoch 3/3:  57%|█████▋    | 50/88 [00:12<00:09,  4.17it/s, loss=0.212]
  epoch 3/3:  57%|█████▋    | 50/88 [00:12<00:09,  4.17it/s, loss=0.211]
  epoch 3/3:  58%|█████▊    | 51/88 [00:12<00:08,  4.18it/s, loss=0.211]
  epoch 3/3:  58%|█████▊    | 51/88 [00:12<00:08,  4.18it/s, loss=0.211]
  epoch 3/3:  59%|█████▉    | 52/88 [00:12<00:08,  4.20it/s, loss=0.211]
  epoch 3/3:  59%|█████▉    | 52/88 [00:12<00:08,  4.20it/s, loss=0.211]
  epoch 3/3:  60%|██████    | 53/88 [00:12<00:08,  4.21it/s, loss=0.211]
  epoch 3/3:  60%|██████    | 53/88 [00:13<00:08,  4.21it/s, loss=0.210]
  epoch 3/3:  61%|██████▏   | 54/88 [00:13<00:08,  4.21it/s, loss=0.210]
  epoch 3/3:  61%|██████▏   | 54/88 [00:13<00:08,  4.21it/s, loss=0.209]
  epoch 3/3:  62%|██████▎   | 55/88 [00:13<00:07,  4.23it/s, loss=0.209]
  epoch 3/3:  62%|██████▎   | 55/88 [00:13<00:07,  4.23it/s, loss=0.208]
  epoch 3/3:  64%|██████▎   | 56/88 [00:13<00:07,  4.22it/s, loss=0.208]
  epoch 3/3:  64%|██████▎   | 56/88 [00:13<00:07,  4.22it/s, loss=0.210]
  epoch 3/3:  65%|██████▍   | 57/88 [00:13<00:07,  4.22it/s, loss=0.210]
  epoch 3/3:  65%|██████▍   | 57/88 [00:13<00:07,  4.22it/s, loss=0.208]
  epoch 3/3:  66%|██████▌   | 58/88 [00:13<00:06,  4.38it/s, loss=0.208]
  epoch 3/3:  66%|██████▌   | 58/88 [00:14<00:06,  4.38it/s, loss=0.206]
  epoch 3/3:  67%|██████▋   | 59/88 [00:14<00:06,  4.34it/s, loss=0.206]
  epoch 3/3:  67%|██████▋   | 59/88 [00:14<00:06,  4.34it/s, loss=0.206]
  epoch 3/3:  68%|██████▊   | 60/88 [00:14<00:06,  4.29it/s, loss=0.206]
  epoch 3/3:  68%|██████▊   | 60/88 [00:14<00:06,  4.29it/s, loss=0.205]
  epoch 3/3:  69%|██████▉   | 61/88 [00:14<00:06,  4.26it/s, loss=0.205]
  epoch 3/3:  69%|██████▉   | 61/88 [00:14<00:06,  4.26it/s, loss=0.204]
  epoch 3/3:  70%|███████   | 62/88 [00:14<00:06,  4.24it/s, loss=0.204]
  epoch 3/3:  70%|███████   | 62/88 [00:15<00:06,  4.24it/s, loss=0.203]
  epoch 3/3:  72%|███████▏  | 63/88 [00:15<00:05,  4.24it/s, loss=0.203]
  epoch 3/3:  72%|███████▏  | 63/88 [00:15<00:05,  4.24it/s, loss=0.204]
  epoch 3/3:  73%|███████▎  | 64/88 [00:15<00:05,  4.17it/s, loss=0.204]
  epoch 3/3:  73%|███████▎  | 64/88 [00:15<00:05,  4.17it/s, loss=0.204]
  epoch 3/3:  74%|███████▍  | 65/88 [00:15<00:05,  4.19it/s, loss=0.204]
  epoch 3/3:  74%|███████▍  | 65/88 [00:15<00:05,  4.19it/s, loss=0.205]
  epoch 3/3:  75%|███████▌  | 66/88 [00:15<00:05,  4.19it/s, loss=0.205]
  epoch 3/3:  75%|███████▌  | 66/88 [00:16<00:05,  4.19it/s, loss=0.204]
  epoch 3/3:  76%|███████▌  | 67/88 [00:16<00:05,  4.19it/s, loss=0.204]
  epoch 3/3:  76%|███████▌  | 67/88 [00:16<00:05,  4.19it/s, loss=0.203]
  epoch 3/3:  77%|███████▋  | 68/88 [00:16<00:04,  4.21it/s, loss=0.203]
  epoch 3/3:  77%|███████▋  | 68/88 [00:16<00:04,  4.21it/s, loss=0.202]
  epoch 3/3:  78%|███████▊  | 69/88 [00:16<00:04,  4.21it/s, loss=0.202]
  epoch 3/3:  78%|███████▊  | 69/88 [00:16<00:04,  4.21it/s, loss=0.202]
  epoch 3/3:  80%|███████▉  | 70/88 [00:16<00:04,  4.20it/s, loss=0.202]
  epoch 3/3:  80%|███████▉  | 70/88 [00:17<00:04,  4.20it/s, loss=0.202]
  epoch 3/3:  81%|████████  | 71/88 [00:17<00:04,  4.21it/s, loss=0.202]
  epoch 3/3:  81%|████████  | 71/88 [00:17<00:04,  4.21it/s, loss=0.201]
  epoch 3/3:  82%|████████▏ | 72/88 [00:17<00:03,  4.21it/s, loss=0.201]
  epoch 3/3:  82%|████████▏ | 72/88 [00:17<00:03,  4.21it/s, loss=0.201]
  epoch 3/3:  83%|████████▎ | 73/88 [00:17<00:03,  4.21it/s, loss=0.201]
  epoch 3/3:  83%|████████▎ | 73/88 [00:17<00:03,  4.21it/s, loss=0.200]
  epoch 3/3:  84%|████████▍ | 74/88 [00:17<00:03,  4.21it/s, loss=0.200]
  epoch 3/3:  84%|████████▍ | 74/88 [00:18<00:03,  4.21it/s, loss=0.199]
  epoch 3/3:  85%|████████▌ | 75/88 [00:18<00:03,  4.23it/s, loss=0.199]
  epoch 3/3:  85%|████████▌ | 75/88 [00:18<00:03,  4.23it/s, loss=0.199]
  epoch 3/3:  86%|████████▋ | 76/88 [00:18<00:02,  4.22it/s, loss=0.199]
  epoch 3/3:  86%|████████▋ | 76/88 [00:18<00:02,  4.22it/s, loss=0.199]
  epoch 3/3:  88%|████████▊ | 77/88 [00:18<00:02,  4.20it/s, loss=0.199]
  epoch 3/3:  88%|████████▊ | 77/88 [00:18<00:02,  4.20it/s, loss=0.198]
  epoch 3/3:  89%|████████▊ | 78/88 [00:18<00:02,  4.19it/s, loss=0.198]
  epoch 3/3:  89%|████████▊ | 78/88 [00:18<00:02,  4.19it/s, loss=0.197]
  epoch 3/3:  90%|████████▉ | 79/88 [00:18<00:02,  4.20it/s, loss=0.197]
  epoch 3/3:  90%|████████▉ | 79/88 [00:19<00:02,  4.20it/s, loss=0.196]
  epoch 3/3:  91%|█████████ | 80/88 [00:19<00:01,  4.14it/s, loss=0.196]
  epoch 3/3:  91%|█████████ | 80/88 [00:19<00:01,  4.14it/s, loss=0.196]
  epoch 3/3:  92%|█████████▏| 81/88 [00:19<00:01,  4.16it/s, loss=0.196]
  epoch 3/3:  92%|█████████▏| 81/88 [00:19<00:01,  4.16it/s, loss=0.196]
  epoch 3/3:  93%|█████████▎| 82/88 [00:19<00:01,  4.17it/s, loss=0.196]
  epoch 3/3:  93%|█████████▎| 82/88 [00:19<00:01,  4.17it/s, loss=0.197]
  epoch 3/3:  94%|█████████▍| 83/88 [00:19<00:01,  4.17it/s, loss=0.197]
  epoch 3/3:  94%|█████████▍| 83/88 [00:20<00:01,  4.17it/s, loss=0.197]
  epoch 3/3:  95%|█████████▌| 84/88 [00:20<00:00,  4.17it/s, loss=0.197]
  epoch 3/3:  95%|█████████▌| 84/88 [00:20<00:00,  4.17it/s, loss=0.195]
  epoch 3/3:  97%|█████████▋| 85/88 [00:20<00:00,  4.18it/s, loss=0.195]
  epoch 3/3:  97%|█████████▋| 85/88 [00:20<00:00,  4.18it/s, loss=0.195]
  epoch 3/3:  98%|█████████▊| 86/88 [00:20<00:00,  4.19it/s, loss=0.195]
  epoch 3/3:  98%|█████████▊| 86/88 [00:20<00:00,  4.19it/s, loss=0.195]
  epoch 3/3:  99%|█████████▉| 87/88 [00:20<00:00,  4.19it/s, loss=0.195]
  epoch 3/3:  99%|█████████▉| 87/88 [00:21<00:00,  4.19it/s, loss=0.194]
  epoch 3/3: 100%|██████████| 88/88 [00:21<00:00,  4.54it/s, loss=0.194]
                                                                        
[titans] reset=never | norm(state) sau task = 87.5496
[titans]   self-mod v:β=0.88 |W|=0.66
[titans]   eta_t(avg)=-0.2396  alpha_t/forget-gate(avg)=0.7429
[task 0] test acc so far: 0.949
[task 0] NCM-blend gamma=0: 0.943
[task 0] NCM-blend gamma=0.25: 0.946
[checkpoint] đã lưu tiến độ sau task 0
[task 1] classes=[5, 10, 11, 21, 41] | train=2800

  epoch 1/3:   0%|          | 0/88 [00:00<?, ?it/s]
  epoch 1/3:   0%|          | 0/88 [00:00<?, ?it/s, loss=1.530]
  epoch 1/3:   1%|          | 1/88 [00:00<01:15,  1.15it/s, loss=1.530]
  epoch 1/3:   1%|          | 1/88 [00:01<01:15,  1.15it/s, loss=1.577]
  epoch 1/3:   2%|▏         | 2/88 [00:01<00:43,  1.98it/s, loss=1.577]
  epoch 1/3:   2%|▏         | 2/88 [00:01<00:43,  1.98it/s, loss=1.595]
  epoch 1/3:   3%|▎         | 3/88 [00:01<00:37,  2.29it/s, loss=1.595]
  epoch 1/3:   3%|▎         | 3/88 [00:01<00:37,  2.29it/s, loss=1.632]
  epoch 1/3:   5%|▍         | 4/88 [00:01<00:30,  2.75it/s, loss=1.632]
  epoch 1/3:   5%|▍         | 4/88 [00:01<00:30,  2.75it/s, loss=1.641]
  epoch 1/3:   6%|▌         | 5/88 [00:01<00:26,  3.08it/s, loss=1.641]
  epoch 1/3:   6%|▌         | 5/88 [00:02<00:26,  3.08it/s, loss=1.637]
  epoch 1/3:   7%|▋         | 6/88 [00:02<00:24,  3.35it/s, loss=1.637]
  epoch 1/3:   7%|▋         | 6/88 [00:02<00:24,  3.35it/s, loss=1.644]
  epoch 1/3:   8%|▊         | 7/88 [00:02<00:22,  3.55it/s, loss=1.644]
  epoch 1/3:   8%|▊         | 7/88 [00:02<00:22,  3.55it/s, loss=1.642]
  epoch 1/3:   9%|▉         | 8/88 [00:02<00:21,  3.65it/s, loss=1.642]
  epoch 1/3:   9%|▉         | 8/88 [00:02<00:21,  3.65it/s, loss=1.636]
  epoch 1/3:  10%|█         | 9/88 [00:02<00:21,  3.76it/s, loss=1.636]
  epoch 1/3:  10%|█         | 9/88 [00:03<00:21,  3.76it/s, loss=1.622]
  epoch 1/3:  11%|█▏        | 10/88 [00:03<00:20,  3.84it/s, loss=1.622]
  epoch 1/3:  11%|█▏        | 10/88 [00:03<00:20,  3.84it/s, loss=1.605]
  epoch 1/3:  12%|█▎        | 11/88 [00:03<00:19,  3.90it/s, loss=1.605]
  epoch 1/3:  12%|█▎        | 11/88 [00:03<00:19,  3.90it/s, loss=1.595]
  epoch 1/3:  14%|█▎        | 12/88 [00:03<00:19,  3.93it/s, loss=1.595]
  epoch 1/3:  14%|█▎        | 12/88 [00:03<00:19,  3.93it/s, loss=1.590]
  epoch 1/3:  15%|█▍        | 13/88 [00:03<00:18,  3.96it/s, loss=1.590]
  epoch 1/3:  15%|█▍        | 13/88 [00:04<00:18,  3.96it/s, loss=1.581]
  epoch 1/3:  16%|█▌        | 14/88 [00:04<00:18,  3.98it/s, loss=1.581]
  epoch 1/3:  16%|█▌        | 14/88 [00:04<00:18,  3.98it/s, loss=1.576]
  epoch 1/3:  17%|█▋        | 15/88 [00:04<00:18,  4.00it/s, loss=1.576]
  epoch 1/3:  17%|█▋        | 15/88 [00:04<00:18,  4.00it/s, loss=1.571]
  epoch 1/3:  18%|█▊        | 16/88 [00:04<00:17,  4.02it/s, loss=1.571]
  epoch 1/3:  18%|█▊        | 16/88 [00:04<00:17,  4.02it/s, loss=1.562]
  epoch 1/3:  19%|█▉        | 17/88 [00:04<00:17,  4.00it/s, loss=1.562]
  epoch 1/3:  19%|█▉        | 17/88 [00:05<00:17,  4.00it/s, loss=1.556]
  epoch 1/3:  20%|██        | 18/88 [00:05<00:17,  4.01it/s, loss=1.556]
  epoch 1/3:  20%|██        | 18/88 [00:05<00:17,  4.01it/s, loss=1.552]
  epoch 1/3:  22%|██▏       | 19/88 [00:05<00:17,  4.02it/s, loss=1.552]
  epoch 1/3:  22%|██▏       | 19/88 [00:05<00:17,  4.02it/s, loss=1.549]
  epoch 1/3:  23%|██▎       | 20/88 [00:05<00:16,  4.00it/s, loss=1.549]
  epoch 1/3:  23%|██▎       | 20/88 [00:05<00:16,  4.00it/s, loss=1.543]
  epoch 1/3:  24%|██▍       | 21/88 [00:05<00:16,  4.00it/s, loss=1.543]
  epoch 1/3:  24%|██▍       | 21/88 [00:06<00:16,  4.00it/s, loss=1.536]
  epoch 1/3:  25%|██▌       | 22/88 [00:06<00:16,  4.02it/s, loss=1.536]
  epoch 1/3:  25%|██▌       | 22/88 [00:06<00:16,  4.02it/s, loss=1.525]
  epoch 1/3:  26%|██▌       | 23/88 [00:06<00:16,  4.04it/s, loss=1.525]
  epoch 1/3:  26%|██▌       | 23/88 [00:06<00:16,  4.04it/s, loss=1.516]
  epoch 1/3:  27%|██▋       | 24/88 [00:06<00:15,  4.01it/s, loss=1.516]
  epoch 1/3:  27%|██▋       | 24/88 [00:06<00:15,  4.01it/s, loss=1.511]
  epoch 1/3:  28%|██▊       | 25/88 [00:06<00:15,  4.01it/s, loss=1.511]
  epoch 1/3:  28%|██▊       | 25/88 [00:07<00:15,  4.01it/s, loss=1.503]
  epoch 1/3:  30%|██▉       | 26/88 [00:07<00:15,  4.02it/s, loss=1.503]
  epoch 1/3:  30%|██▉       | 26/88 [00:07<00:15,  4.02it/s, loss=1.501]
  epoch 1/3:  31%|███       | 27/88 [00:07<00:15,  4.03it/s, loss=1.501]
  epoch 1/3:  31%|███       | 27/88 [00:07<00:15,  4.03it/s, loss=1.494]
  epoch 1/3:  32%|███▏      | 28/88 [00:07<00:14,  4.01it/s, loss=1.494]
  epoch 1/3:  32%|███▏      | 28/88 [00:07<00:14,  4.01it/s, loss=1.489]
  epoch 1/3:  33%|███▎      | 29/88 [00:07<00:14,  4.00it/s, loss=1.489]
  epoch 1/3:  33%|███▎      | 29/88 [00:08<00:14,  4.00it/s, loss=1.484]
  epoch 1/3:  34%|███▍      | 30/88 [00:08<00:14,  4.03it/s, loss=1.484]
  epoch 1/3:  34%|███▍      | 30/88 [00:08<00:14,  4.03it/s, loss=1.478]
  epoch 1/3:  35%|███▌      | 31/88 [00:08<00:14,  4.04it/s, loss=1.478]
  epoch 1/3:  35%|███▌      | 31/88 [00:08<00:14,  4.04it/s, loss=1.475]
  epoch 1/3:  36%|███▋      | 32/88 [00:08<00:13,  4.04it/s, loss=1.475]
  epoch 1/3:  36%|███▋      | 32/88 [00:08<00:13,  4.04it/s, loss=1.471]
  epoch 1/3:  38%|███▊      | 33/88 [00:08<00:13,  4.02it/s, loss=1.471]
  epoch 1/3:  38%|███▊      | 33/88 [00:09<00:13,  4.02it/s, loss=1.465]
  epoch 1/3:  39%|███▊      | 34/88 [00:09<00:13,  4.03it/s, loss=1.465]
  epoch 1/3:  39%|███▊      | 34/88 [00:09<00:13,  4.03it/s, loss=1.458]
  epoch 1/3:  40%|███▉      | 35/88 [00:09<00:13,  4.04it/s, loss=1.458]
  epoch 1/3:  40%|███▉      | 35/88 [00:09<00:13,  4.04it/s, loss=1.453]
  epoch 1/3:  41%|████      | 36/88 [00:09<00:12,  4.02it/s, loss=1.453]
  epoch 1/3:  41%|████      | 36/88 [00:09<00:12,  4.02it/s, loss=1.446]
  epoch 1/3:  42%|████▏     | 37/88 [00:09<00:12,  4.02it/s, loss=1.446]
  epoch 1/3:  42%|████▏     | 37/88 [00:10<00:12,  4.02it/s, loss=1.441]
  epoch 1/3:  43%|████▎     | 38/88 [00:10<00:12,  4.02it/s, loss=1.441]
  epoch 1/3:  43%|████▎     | 38/88 [00:10<00:12,  4.02it/s, loss=1.433]
  epoch 1/3:  44%|████▍     | 39/88 [00:10<00:12,  4.03it/s, loss=1.433]
  epoch 1/3:  44%|████▍     | 39/88 [00:10<00:12,  4.03it/s, loss=1.429]
  epoch 1/3:  45%|████▌     | 40/88 [00:10<00:12,  3.98it/s, loss=1.429]
  epoch 1/3:  45%|████▌     | 40/88 [00:10<00:12,  3.98it/s, loss=1.423]
  epoch 1/3:  47%|████▋     | 41/88 [00:10<00:11,  4.00it/s, loss=1.423]
  epoch 1/3:  47%|████▋     | 41/88 [00:11<00:11,  4.00it/s, loss=1.417]
  epoch 1/3:  48%|████▊     | 42/88 [00:11<00:11,  4.02it/s, loss=1.417]
  epoch 1/3:  48%|████▊     | 42/88 [00:11<00:11,  4.02it/s, loss=1.409]
  epoch 1/3:  49%|████▉     | 43/88 [00:11<00:11,  4.02it/s, loss=1.409]
  epoch 1/3:  49%|████▉     | 43/88 [00:11<00:11,  4.02it/s, loss=1.404]
  epoch 1/3:  50%|█████     | 44/88 [00:11<00:10,  4.02it/s, loss=1.404]
  epoch 1/3:  50%|█████     | 44/88 [00:11<00:10,  4.02it/s, loss=1.398]
  epoch 1/3:  51%|█████     | 45/88 [00:11<00:10,  4.01it/s, loss=1.398]
  epoch 1/3:  51%|█████     | 45/88 [00:12<00:10,  4.01it/s, loss=1.392]
  epoch 1/3:  52%|█████▏    | 46/88 [00:12<00:10,  4.02it/s, loss=1.392]
  epoch 1/3:  52%|█████▏    | 46/88 [00:12<00:10,  4.02it/s, loss=1.390]
  epoch 1/3:  53%|█████▎    | 47/88 [00:12<00:10,  4.01it/s, loss=1.390]
  epoch 1/3:  53%|█████▎    | 47/88 [00:12<00:10,  4.01it/s, loss=1.383]
  epoch 1/3:  55%|█████▍    | 48/88 [00:12<00:09,  4.01it/s, loss=1.383]
  epoch 1/3:  55%|█████▍    | 48/88 [00:12<00:09,  4.01it/s, loss=1.378]
  epoch 1/3:  56%|█████▌    | 49/88 [00:12<00:09,  4.01it/s, loss=1.378]
  epoch 1/3:  56%|█████▌    | 49/88 [00:13<00:09,  4.01it/s, loss=1.371]
  epoch 1/3:  57%|█████▋    | 50/88 [00:13<00:09,  4.01it/s, loss=1.371]
  epoch 1/3:  57%|█████▋    | 50/88 [00:13<00:09,  4.01it/s, loss=1.369]
  epoch 1/3:  58%|█████▊    | 51/88 [00:13<00:09,  4.01it/s, loss=1.369]
  epoch 1/3:  58%|█████▊    | 51/88 [00:13<00:09,  4.01it/s, loss=1.364]
  epoch 1/3:  59%|█████▉    | 52/88 [00:13<00:08,  4.02it/s, loss=1.364]
  epoch 1/3:  59%|█████▉    | 52/88 [00:13<00:08,  4.02it/s, loss=1.360]
  epoch 1/3:  60%|██████    | 53/88 [00:13<00:08,  4.03it/s, loss=1.360]
  epoch 1/3:  60%|██████    | 53/88 [00:14<00:08,  4.03it/s, loss=1.353]
  epoch 1/3:  61%|██████▏   | 54/88 [00:14<00:08,  4.03it/s, loss=1.353]
  epoch 1/3:  61%|██████▏   | 54/88 [00:14<00:08,  4.03it/s, loss=1.347]
  epoch 1/3:  62%|██████▎   | 55/88 [00:14<00:08,  4.02it/s, loss=1.347]
  epoch 1/3:  62%|██████▎   | 55/88 [00:14<00:08,  4.02it/s, loss=1.343]
  epoch 1/3:  64%|██████▎   | 56/88 [00:14<00:08,  3.96it/s, loss=1.343]
  epoch 1/3:  64%|██████▎   | 56/88 [00:14<00:08,  3.96it/s, loss=1.338]
  epoch 1/3:  65%|██████▍   | 57/88 [00:14<00:07,  3.98it/s, loss=1.338]
  epoch 1/3:  65%|██████▍   | 57/88 [00:15<00:07,  3.98it/s, loss=1.334]
  epoch 1/3:  66%|██████▌   | 58/88 [00:15<00:07,  4.00it/s, loss=1.334]
  epoch 1/3:  66%|██████▌   | 58/88 [00:15<00:07,  4.00it/s, loss=1.327]
  epoch 1/3:  67%|██████▋   | 59/88 [00:15<00:07,  4.03it/s, loss=1.327]
  epoch 1/3:  67%|██████▋   | 59/88 [00:15<00:07,  4.03it/s, loss=1.321]
  epoch 1/3:  68%|██████▊   | 60/88 [00:15<00:06,  4.00it/s, loss=1.321]
  epoch 1/3:  68%|██████▊   | 60/88 [00:15<00:06,  4.00it/s, loss=1.316]
  epoch 1/3:  69%|██████▉   | 61/88 [00:15<00:06,  4.00it/s, loss=1.316]
  epoch 1/3:  69%|██████▉   | 61/88 [00:16<00:06,  4.00it/s, loss=1.310]
  epoch 1/3:  70%|███████   | 62/88 [00:16<00:06,  4.02it/s, loss=1.310]
  epoch 1/3:  70%|███████   | 62/88 [00:16<00:06,  4.02it/s, loss=1.305]
  epoch 1/3:  72%|███████▏  | 63/88 [00:16<00:06,  4.01it/s, loss=1.305]
  epoch 1/3:  72%|███████▏  | 63/88 [00:16<00:06,  4.01it/s, loss=1.299]
  epoch 1/3:  73%|███████▎  | 64/88 [00:16<00:05,  4.01it/s, loss=1.299]
  epoch 1/3:  73%|███████▎  | 64/88 [00:16<00:05,  4.01it/s, loss=1.295]
  epoch 1/3:  74%|███████▍  | 65/88 [00:16<00:05,  4.02it/s, loss=1.295]
  epoch 1/3:  74%|███████▍  | 65/88 [00:17<00:05,  4.02it/s, loss=1.291]
  epoch 1/3:  75%|███████▌  | 66/88 [00:17<00:05,  4.04it/s, loss=1.291]
  epoch 1/3:  75%|███████▌  | 66/88 [00:17<00:05,  4.04it/s, loss=1.286]
  epoch 1/3:  76%|███████▌  | 67/88 [00:17<00:05,  4.03it/s, loss=1.286]
  epoch 1/3:  76%|███████▌  | 67/88 [00:17<00:05,  4.03it/s, loss=1.281]
  epoch 1/3:  77%|███████▋  | 68/88 [00:17<00:04,  4.02it/s, loss=1.281]
  epoch 1/3:  77%|███████▋  | 68/88 [00:17<00:04,  4.02it/s, loss=1.276]
  epoch 1/3:  78%|███████▊  | 69/88 [00:17<00:04,  4.03it/s, loss=1.276]
  epoch 1/3:  78%|███████▊  | 69/88 [00:18<00:04,  4.03it/s, loss=1.270]
  epoch 1/3:  80%|███████▉  | 70/88 [00:18<00:04,  4.03it/s, loss=1.270]
  epoch 1/3:  80%|███████▉  | 70/88 [00:18<00:04,  4.03it/s, loss=1.264]
  epoch 1/3:  81%|████████  | 71/88 [00:18<00:04,  4.01it/s, loss=1.264]
  epoch 1/3:  81%|████████  | 71/88 [00:18<00:04,  4.01it/s, loss=1.259]
  epoch 1/3:  82%|████████▏ | 72/88 [00:18<00:04,  3.95it/s, loss=1.259]
  epoch 1/3:  82%|████████▏ | 72/88 [00:18<00:04,  3.95it/s, loss=1.254]
  epoch 1/3:  83%|████████▎ | 73/88 [00:18<00:03,  3.96it/s, loss=1.254]
  epoch 1/3:  83%|████████▎ | 73/88 [00:19<00:03,  3.96it/s, loss=1.248]
  epoch 1/3:  84%|████████▍ | 74/88 [00:19<00:03,  4.00it/s, loss=1.248]
  epoch 1/3:  84%|████████▍ | 74/88 [00:19<00:03,  4.00it/s, loss=1.242]
  epoch 1/3:  85%|████████▌ | 75/88 [00:19<00:03,  4.02it/s, loss=1.242]
  epoch 1/3:  85%|████████▌ | 75/88 [00:19<00:03,  4.02it/s, loss=1.237]
  epoch 1/3:  86%|████████▋ | 76/88 [00:19<00:02,  4.02it/s, loss=1.237]
  epoch 1/3:  86%|████████▋ | 76/88 [00:19<00:02,  4.02it/s, loss=1.232]
  epoch 1/3:  88%|████████▊ | 77/88 [00:19<00:02,  4.01it/s, loss=1.232]
  epoch 1/3:  88%|████████▊ | 77/88 [00:20<00:02,  4.01it/s, loss=1.228]
  epoch 1/3:  89%|████████▊ | 78/88 [00:20<00:02,  4.02it/s, loss=1.228]
  epoch 1/3:  89%|████████▊ | 78/88 [00:20<00:02,  4.02it/s, loss=1.222]
  epoch 1/3:  90%|████████▉ | 79/88 [00:20<00:02,  4.03it/s, loss=1.222]
  epoch 1/3:  90%|████████▉ | 79/88 [00:20<00:02,  4.03it/s, loss=1.217]
  epoch 1/3:  91%|█████████ | 80/88 [00:20<00:01,  4.04it/s, loss=1.217]
  epoch 1/3:  91%|█████████ | 80/88 [00:20<00:01,  4.04it/s, loss=1.213]
  epoch 1/3:  92%|█████████▏| 81/88 [00:20<00:01,  4.02it/s, loss=1.213]
  epoch 1/3:  92%|█████████▏| 81/88 [00:21<00:01,  4.02it/s, loss=1.209]
  epoch 1/3:  93%|█████████▎| 82/88 [00:21<00:01,  4.02it/s, loss=1.209]
  epoch 1/3:  93%|█████████▎| 82/88 [00:21<00:01,  4.02it/s, loss=1.204]
  epoch 1/3:  94%|█████████▍| 83/88 [00:21<00:01,  4.01it/s, loss=1.204]
  epoch 1/3:  94%|█████████▍| 83/88 [00:21<00:01,  4.01it/s, loss=1.199]
  epoch 1/3:  95%|█████████▌| 84/88 [00:21<00:00,  4.01it/s, loss=1.199]
  epoch 1/3:  95%|█████████▌| 84/88 [00:21<00:00,  4.01it/s, loss=1.196]
  epoch 1/3:  97%|█████████▋| 85/88 [00:21<00:00,  4.01it/s, loss=1.196]
  epoch 1/3:  97%|█████████▋| 85/88 [00:22<00:00,  4.01it/s, loss=1.190]
  epoch 1/3:  98%|█████████▊| 86/88 [00:22<00:00,  4.02it/s, loss=1.190]
  epoch 1/3:  98%|█████████▊| 86/88 [00:22<00:00,  4.02it/s, loss=1.186]
  epoch 1/3:  99%|█████████▉| 87/88 [00:22<00:00,  4.01it/s, loss=1.186]
  epoch 1/3:  99%|█████████▉| 87/88 [00:22<00:00,  4.01it/s, loss=1.184]
  epoch 1/3: 100%|██████████| 88/88 [00:22<00:00,  4.30it/s, loss=1.184]
                                                                        

  epoch 2/3:   0%|          | 0/88 [00:00<?, ?it/s]
  epoch 2/3:   0%|          | 0/88 [00:00<?, ?it/s, loss=0.810]
  epoch 2/3:   1%|          | 1/88 [00:00<00:44,  1.96it/s, loss=0.810]
  epoch 2/3:   1%|          | 1/88 [00:00<00:44,  1.96it/s, loss=0.790]
  epoch 2/3:   2%|▏         | 2/88 [00:00<00:30,  2.81it/s, loss=0.790]
  epoch 2/3:   2%|▏         | 2/88 [00:01<00:30,  2.81it/s, loss=0.776]
  epoch 2/3:   3%|▎         | 3/88 [00:01<00:26,  3.26it/s, loss=0.776]
  epoch 2/3:   3%|▎         | 3/88 [00:01<00:26,  3.26it/s, loss=0.782]
  epoch 2/3:   5%|▍         | 4/88 [00:01<00:23,  3.52it/s, loss=0.782]
  epoch 2/3:   5%|▍         | 4/88 [00:01<00:23,  3.52it/s, loss=0.799]
  epoch 2/3:   6%|▌         | 5/88 [00:01<00:22,  3.68it/s, loss=0.799]
  epoch 2/3:   6%|▌         | 5/88 [00:01<00:22,  3.68it/s, loss=0.784]
  epoch 2/3:   7%|▋         | 6/88 [00:01<00:21,  3.78it/s, loss=0.784]
  epoch 2/3:   7%|▋         | 6/88 [00:02<00:21,  3.78it/s, loss=0.775]
  epoch 2/3:   8%|▊         | 7/88 [00:02<00:20,  3.86it/s, loss=0.775]
  epoch 2/3:   8%|▊         | 7/88 [00:02<00:20,  3.86it/s, loss=0.759]
  epoch 2/3:   9%|▉         | 8/88 [00:02<00:20,  3.92it/s, loss=0.759]
  epoch 2/3:   9%|▉         | 8/88 [00:02<00:20,  3.92it/s, loss=0.766]
  epoch 2/3:  10%|█         | 9/88 [00:02<00:20,  3.95it/s, loss=0.766]
  epoch 2/3:  10%|█         | 9/88 [00:02<00:20,  3.95it/s, loss=0.762]
  epoch 2/3:  11%|█▏        | 10/88 [00:02<00:19,  3.96it/s, loss=0.762]
  epoch 2/3:  11%|█▏        | 10/88 [00:03<00:19,  3.96it/s, loss=0.755]
  epoch 2/3:  12%|█▎        | 11/88 [00:03<00:19,  3.96it/s, loss=0.755]
  epoch 2/3:  12%|█▎        | 11/88 [00:03<00:19,  3.96it/s, loss=0.739]
  epoch 2/3:  14%|█▎        | 12/88 [00:03<00:19,  3.98it/s, loss=0.739]
  epoch 2/3:  14%|█▎        | 12/88 [00:03<00:19,  3.98it/s, loss=0.733]
  epoch 2/3:  15%|█▍        | 13/88 [00:03<00:18,  4.00it/s, loss=0.733]
  epoch 2/3:  15%|█▍        | 13/88 [00:03<00:18,  4.00it/s, loss=0.725]
  epoch 2/3:  16%|█▌        | 14/88 [00:03<00:18,  4.01it/s, loss=0.725]
  epoch 2/3:  16%|█▌        | 14/88 [00:03<00:18,  4.01it/s, loss=0.733]
  epoch 2/3:  17%|█▋        | 15/88 [00:03<00:18,  4.01it/s, loss=0.733]
  epoch 2/3:  17%|█▋        | 15/88 [00:04<00:18,  4.01it/s, loss=0.731]
  epoch 2/3:  18%|█▊        | 16/88 [00:04<00:18,  3.95it/s, loss=0.731]
  epoch 2/3:  18%|█▊        | 16/88 [00:04<00:18,  3.95it/s, loss=0.725]
  epoch 2/3:  19%|█▉        | 17/88 [00:04<00:17,  3.96it/s, loss=0.725]
  epoch 2/3:  19%|█▉        | 17/88 [00:04<00:17,  3.96it/s, loss=0.721]
  epoch 2/3:  20%|██        | 18/88 [00:04<00:17,  3.99it/s, loss=0.721]
  epoch 2/3:  20%|██        | 18/88 [00:05<00:17,  3.99it/s, loss=0.717]
  epoch 2/3:  22%|██▏       | 19/88 [00:05<00:17,  4.00it/s, loss=0.717]
  epoch 2/3:  22%|██▏       | 19/88 [00:05<00:17,  4.00it/s, loss=0.713]
  epoch 2/3:  23%|██▎       | 20/88 [00:05<00:16,  4.01it/s, loss=0.713]
  epoch 2/3:  23%|██▎       | 20/88 [00:05<00:16,  4.01it/s, loss=0.707]
  epoch 2/3:  24%|██▍       | 21/88 [00:05<00:16,  4.01it/s, loss=0.707]
  epoch 2/3:  24%|██▍       | 21/88 [00:05<00:16,  4.01it/s, loss=0.706]
  epoch 2/3:  25%|██▌       | 22/88 [00:05<00:16,  4.02it/s, loss=0.706]
  epoch 2/3:  25%|██▌       | 22/88 [00:05<00:16,  4.02it/s, loss=0.704]
  epoch 2/3:  26%|██▌       | 23/88 [00:05<00:16,  4.02it/s, loss=0.704]
  epoch 2/3:  26%|██▌       | 23/88 [00:06<00:16,  4.02it/s, loss=0.701]
  epoch 2/3:  27%|██▋       | 24/88 [00:06<00:15,  4.01it/s, loss=0.701]
  epoch 2/3:  27%|██▋       | 24/88 [00:06<00:15,  4.01it/s, loss=0.697]
  epoch 2/3:  28%|██▊       | 25/88 [00:06<00:15,  4.01it/s, loss=0.697]
  epoch 2/3:  28%|██▊       | 25/88 [00:06<00:15,  4.01it/s, loss=0.690]
  epoch 2/3:  30%|██▉       | 26/88 [00:06<00:15,  4.02it/s, loss=0.690]
  epoch 2/3:  30%|██▉       | 26/88 [00:06<00:15,  4.02it/s, loss=0.686]
  epoch 2/3:  31%|███       | 27/88 [00:06<00:15,  4.03it/s, loss=0.686]
  epoch 2/3:  31%|███       | 27/88 [00:07<00:15,  4.03it/s, loss=0.682]
  epoch 2/3:  32%|███▏      | 28/88 [00:07<00:14,  4.02it/s, loss=0.682]
  epoch 2/3:  32%|███▏      | 28/88 [00:07<00:14,  4.02it/s, loss=0.676]
  epoch 2/3:  33%|███▎      | 29/88 [00:07<00:14,  4.02it/s, loss=0.676]
  epoch 2/3:  33%|███▎      | 29/88 [00:07<00:14,  4.02it/s, loss=0.672]
  epoch 2/3:  34%|███▍      | 30/88 [00:07<00:14,  4.03it/s, loss=0.672]
  epoch 2/3:  34%|███▍      | 30/88 [00:07<00:14,  4.03it/s, loss=0.667]
  epoch 2/3:  35%|███▌      | 31/88 [00:07<00:14,  4.04it/s, loss=0.667]
  epoch 2/3:  35%|███▌      | 31/88 [00:08<00:14,  4.04it/s, loss=0.662]
  epoch 2/3:  36%|███▋      | 32/88 [00:08<00:14,  3.97it/s, loss=0.662]
  epoch 2/3:  36%|███▋      | 32/88 [00:08<00:14,  3.97it/s, loss=0.660]
  epoch 2/3:  38%|███▊      | 33/88 [00:08<00:13,  3.96it/s, loss=0.660]
  epoch 2/3:  38%|███▊      | 33/88 [00:08<00:13,  3.96it/s, loss=0.656]
  epoch 2/3:  39%|███▊      | 34/88 [00:08<00:13,  3.98it/s, loss=0.656]
  epoch 2/3:  39%|███▊      | 34/88 [00:08<00:13,  3.98it/s, loss=0.652]
  epoch 2/3:  40%|███▉      | 35/88 [00:08<00:13,  4.01it/s, loss=0.652]
  epoch 2/3:  40%|███▉      | 35/88 [00:09<00:13,  4.01it/s, loss=0.649]
  epoch 2/3:  41%|████      | 36/88 [00:09<00:13,  3.99it/s, loss=0.649]
  epoch 2/3:  41%|████      | 36/88 [00:09<00:13,  3.99it/s, loss=0.643]
  epoch 2/3:  42%|████▏     | 37/88 [00:09<00:12,  3.99it/s, loss=0.643]
  epoch 2/3:  42%|████▏     | 37/88 [00:09<00:12,  3.99it/s, loss=0.640]
  epoch 2/3:  43%|████▎     | 38/88 [00:09<00:12,  4.00it/s, loss=0.640]
  epoch 2/3:  43%|████▎     | 38/88 [00:09<00:12,  4.00it/s, loss=0.636]
  epoch 2/3:  44%|████▍     | 39/88 [00:09<00:12,  3.99it/s, loss=0.636]
  epoch 2/3:  44%|████▍     | 39/88 [00:10<00:12,  3.99it/s, loss=0.635]
  epoch 2/3:  45%|████▌     | 40/88 [00:10<00:12,  4.00it/s, loss=0.635]
  epoch 2/3:  45%|████▌     | 40/88 [00:10<00:12,  4.00it/s, loss=0.633]
  epoch 2/3:  47%|████▋     | 41/88 [00:10<00:11,  3.99it/s, loss=0.633]
  epoch 2/3:  47%|████▋     | 41/88 [00:10<00:11,  3.99it/s, loss=0.628]
  epoch 2/3:  48%|████▊     | 42/88 [00:10<00:11,  3.99it/s, loss=0.628]
  epoch 2/3:  48%|████▊     | 42/88 [00:10<00:11,  3.99it/s, loss=0.623]
  epoch 2/3:  49%|████▉     | 43/88 [00:10<00:11,  4.00it/s, loss=0.623]
  epoch 2/3:  49%|████▉     | 43/88 [00:11<00:11,  4.00it/s, loss=0.618]
  epoch 2/3:  50%|█████     | 44/88 [00:11<00:11,  4.00it/s, loss=0.618]
  epoch 2/3:  50%|█████     | 44/88 [00:11<00:11,  4.00it/s, loss=0.615]
  epoch 2/3:  51%|█████     | 45/88 [00:11<00:10,  4.00it/s, loss=0.615]
  epoch 2/3:  51%|█████     | 45/88 [00:11<00:10,  4.00it/s, loss=0.615]
  epoch 2/3:  52%|█████▏    | 46/88 [00:11<00:10,  4.01it/s, loss=0.615]
  epoch 2/3:  52%|█████▏    | 46/88 [00:11<00:10,  4.01it/s, loss=0.614]
  epoch 2/3:  53%|█████▎    | 47/88 [00:11<00:10,  4.01it/s, loss=0.614]
  epoch 2/3:  53%|█████▎    | 47/88 [00:12<00:10,  4.01it/s, loss=0.610]
  epoch 2/3:  55%|█████▍    | 48/88 [00:12<00:10,  3.94it/s, loss=0.610]
  epoch 2/3:  55%|█████▍    | 48/88 [00:12<00:10,  3.94it/s, loss=0.609]
  epoch 2/3:  56%|█████▌    | 49/88 [00:12<00:09,  3.95it/s, loss=0.609]
  epoch 2/3:  56%|█████▌    | 49/88 [00:12<00:09,  3.95it/s, loss=0.608]
  epoch 2/3:  57%|█████▋    | 50/88 [00:12<00:09,  3.97it/s, loss=0.608]
  epoch 2/3:  57%|█████▋    | 50/88 [00:13<00:09,  3.97it/s, loss=0.605]
  epoch 2/3:  58%|█████▊    | 51/88 [00:13<00:09,  3.95it/s, loss=0.605]
  epoch 2/3:  58%|█████▊    | 51/88 [00:13<00:09,  3.95it/s, loss=0.602]
  epoch 2/3:  59%|█████▉    | 52/88 [00:13<00:09,  3.97it/s, loss=0.602]
  epoch 2/3:  59%|█████▉    | 52/88 [00:13<00:09,  3.97it/s, loss=0.599]
  epoch 2/3:  60%|██████    | 53/88 [00:13<00:08,  3.96it/s, loss=0.599]
  epoch 2/3:  60%|██████    | 53/88 [00:13<00:08,  3.96it/s, loss=0.598]
  epoch 2/3:  61%|██████▏   | 54/88 [00:13<00:08,  3.98it/s, loss=0.598]
  epoch 2/3:  61%|██████▏   | 54/88 [00:14<00:08,  3.98it/s, loss=0.597]
  epoch 2/3:  62%|██████▎   | 55/88 [00:14<00:08,  3.99it/s, loss=0.597]
  epoch 2/3:  62%|██████▎   | 55/88 [00:14<00:08,  3.99it/s, loss=0.596]
  epoch 2/3:  64%|██████▎   | 56/88 [00:14<00:08,  3.98it/s, loss=0.596]
  epoch 2/3:  64%|██████▎   | 56/88 [00:14<00:08,  3.98it/s, loss=0.594]
  epoch 2/3:  65%|██████▍   | 57/88 [00:14<00:07,  3.99it/s, loss=0.594]
  epoch 2/3:  65%|██████▍   | 57/88 [00:14<00:07,  3.99it/s, loss=0.592]
  epoch 2/3:  66%|██████▌   | 58/88 [00:14<00:07,  4.01it/s, loss=0.592]
  epoch 2/3:  66%|██████▌   | 58/88 [00:15<00:07,  4.01it/s, loss=0.589]
  epoch 2/3:  67%|██████▋   | 59/88 [00:15<00:07,  4.01it/s, loss=0.589]
  epoch 2/3:  67%|██████▋   | 59/88 [00:15<00:07,  4.01it/s, loss=0.585]
  epoch 2/3:  68%|██████▊   | 60/88 [00:15<00:06,  4.00it/s, loss=0.585]
  epoch 2/3:  68%|██████▊   | 60/88 [00:15<00:06,  4.00it/s, loss=0.582]
  epoch 2/3:  69%|██████▉   | 61/88 [00:15<00:06,  4.01it/s, loss=0.582]
  epoch 2/3:  69%|██████▉   | 61/88 [00:15<00:06,  4.01it/s, loss=0.578]
  epoch 2/3:  70%|███████   | 62/88 [00:15<00:06,  4.02it/s, loss=0.578]
  epoch 2/3:  70%|███████   | 62/88 [00:16<00:06,  4.02it/s, loss=0.574]
  epoch 2/3:  72%|███████▏  | 63/88 [00:16<00:06,  4.02it/s, loss=0.574]
  epoch 2/3:  72%|███████▏  | 63/88 [00:16<00:06,  4.02it/s, loss=0.572]
  epoch 2/3:  73%|███████▎  | 64/88 [00:16<00:06,  3.97it/s, loss=0.572]
  epoch 2/3:  73%|███████▎  | 64/88 [00:16<00:06,  3.97it/s, loss=0.568]
  epoch 2/3:  74%|███████▍  | 65/88 [00:16<00:05,  3.98it/s, loss=0.568]
  epoch 2/3:  74%|███████▍  | 65/88 [00:16<00:05,  3.98it/s, loss=0.566]
  epoch 2/3:  75%|███████▌  | 66/88 [00:16<00:05,  3.99it/s, loss=0.566]
  epoch 2/3:  75%|███████▌  | 66/88 [00:17<00:05,  3.99it/s, loss=0.563]
  epoch 2/3:  76%|███████▌  | 67/88 [00:17<00:05,  4.01it/s, loss=0.563]
  epoch 2/3:  76%|███████▌  | 67/88 [00:17<00:05,  4.01it/s, loss=0.561]
  epoch 2/3:  77%|███████▋  | 68/88 [00:17<00:04,  4.03it/s, loss=0.561]
  epoch 2/3:  77%|███████▋  | 68/88 [00:17<00:04,  4.03it/s, loss=0.559]
  epoch 2/3:  78%|███████▊  | 69/88 [00:17<00:04,  4.02it/s, loss=0.559]
  epoch 2/3:  78%|███████▊  | 69/88 [00:17<00:04,  4.02it/s, loss=0.556]
  epoch 2/3:  80%|███████▉  | 70/88 [00:17<00:04,  4.02it/s, loss=0.556]
  epoch 2/3:  80%|███████▉  | 70/88 [00:18<00:04,  4.02it/s, loss=0.553]
  epoch 2/3:  81%|████████  | 71/88 [00:18<00:04,  4.02it/s, loss=0.553]
  epoch 2/3:  81%|████████  | 71/88 [00:18<00:04,  4.02it/s, loss=0.552]
  epoch 2/3:  82%|████████▏ | 72/88 [00:18<00:03,  4.03it/s, loss=0.552]
  epoch 2/3:  82%|████████▏ | 72/88 [00:18<00:03,  4.03it/s, loss=0.551]
  epoch 2/3:  83%|████████▎ | 73/88 [00:18<00:03,  4.02it/s, loss=0.551]
  epoch 2/3:  83%|████████▎ | 73/88 [00:18<00:03,  4.02it/s, loss=0.550]
  epoch 2/3:  84%|████████▍ | 74/88 [00:18<00:03,  4.01it/s, loss=0.550]
  epoch 2/3:  84%|████████▍ | 74/88 [00:18<00:03,  4.01it/s, loss=0.550]
  epoch 2/3:  85%|████████▌ | 75/88 [00:18<00:03,  4.03it/s, loss=0.550]
  epoch 2/3:  85%|████████▌ | 75/88 [00:19<00:03,  4.03it/s, loss=0.548]
  epoch 2/3:  86%|████████▋ | 76/88 [00:19<00:02,  4.04it/s, loss=0.548]
  epoch 2/3:  86%|████████▋ | 76/88 [00:19<00:02,  4.04it/s, loss=0.545]
  epoch 2/3:  88%|████████▊ | 77/88 [00:19<00:02,  4.06it/s, loss=0.545]
  epoch 2/3:  88%|████████▊ | 77/88 [00:19<00:02,  4.06it/s, loss=0.544]
  epoch 2/3:  89%|████████▊ | 78/88 [00:19<00:02,  4.06it/s, loss=0.544]
  epoch 2/3:  89%|████████▊ | 78/88 [00:19<00:02,  4.06it/s, loss=0.543]
  epoch 2/3:  90%|████████▉ | 79/88 [00:19<00:02,  4.04it/s, loss=0.543]
  epoch 2/3:  90%|████████▉ | 79/88 [00:20<00:02,  4.04it/s, loss=0.539]
  epoch 2/3:  91%|█████████ | 80/88 [00:20<00:02,  3.98it/s, loss=0.539]
  epoch 2/3:  91%|█████████ | 80/88 [00:20<00:02,  3.98it/s, loss=0.537]
  epoch 2/3:  92%|█████████▏| 81/88 [00:20<00:01,  3.99it/s, loss=0.537]
  epoch 2/3:  92%|█████████▏| 81/88 [00:20<00:01,  3.99it/s, loss=0.534]
  epoch 2/3:  93%|█████████▎| 82/88 [00:20<00:01,  4.00it/s, loss=0.534]
  epoch 2/3:  93%|█████████▎| 82/88 [00:20<00:01,  4.00it/s, loss=0.532]
  epoch 2/3:  94%|█████████▍| 83/88 [00:20<00:01,  3.99it/s, loss=0.532]
  epoch 2/3:  94%|█████████▍| 83/88 [00:21<00:01,  3.99it/s, loss=0.529]
  epoch 2/3:  95%|█████████▌| 84/88 [00:21<00:01,  3.99it/s, loss=0.529]
  epoch 2/3:  95%|█████████▌| 84/88 [00:21<00:01,  3.99it/s, loss=0.527]
  epoch 2/3:  97%|█████████▋| 85/88 [00:21<00:00,  4.01it/s, loss=0.527]
  epoch 2/3:  97%|█████████▋| 85/88 [00:21<00:00,  4.01it/s, loss=0.524]
  epoch 2/3:  98%|█████████▊| 86/88 [00:21<00:00,  4.03it/s, loss=0.524]
  epoch 2/3:  98%|█████████▊| 86/88 [00:21<00:00,  4.03it/s, loss=0.522]
  epoch 2/3:  99%|█████████▉| 87/88 [00:21<00:00,  4.03it/s, loss=0.522]
  epoch 2/3:  99%|█████████▉| 87/88 [00:22<00:00,  4.03it/s, loss=0.521]
  epoch 2/3: 100%|██████████| 88/88 [00:22<00:00,  4.36it/s, loss=0.521]
                                                                        

  epoch 3/3:   0%|          | 0/88 [00:00<?, ?it/s]
  epoch 3/3:   0%|          | 0/88 [00:00<?, ?it/s, loss=0.294]
  epoch 3/3:   1%|          | 1/88 [00:00<00:44,  1.97it/s, loss=0.294]
  epoch 3/3:   1%|          | 1/88 [00:00<00:44,  1.97it/s, loss=0.325]
  epoch 3/3:   2%|▏         | 2/88 [00:00<00:30,  2.83it/s, loss=0.325]
  epoch 3/3:   2%|▏         | 2/88 [00:01<00:30,  2.83it/s, loss=0.310]
  epoch 3/3:   3%|▎         | 3/88 [00:01<00:26,  3.27it/s, loss=0.310]
  epoch 3/3:   3%|▎         | 3/88 [00:01<00:26,  3.27it/s, loss=0.305]
  epoch 3/3:   5%|▍         | 4/88 [00:01<00:23,  3.53it/s, loss=0.305]
  epoch 3/3:   5%|▍         | 4/88 [00:01<00:23,  3.53it/s, loss=0.299]
  epoch 3/3:   6%|▌         | 5/88 [00:01<00:22,  3.68it/s, loss=0.299]
  epoch 3/3:   6%|▌         | 5/88 [00:01<00:22,  3.68it/s, loss=0.305]
  epoch 3/3:   7%|▋         | 6/88 [00:01<00:21,  3.80it/s, loss=0.305]
  epoch 3/3:   7%|▋         | 6/88 [00:01<00:21,  3.80it/s, loss=0.313]
  epoch 3/3:   8%|▊         | 7/88 [00:01<00:20,  3.88it/s, loss=0.313]
  epoch 3/3:   8%|▊         | 7/88 [00:02<00:20,  3.88it/s, loss=0.317]
  epoch 3/3:   9%|▉         | 8/88 [00:02<00:20,  3.85it/s, loss=0.317]
  epoch 3/3:   9%|▉         | 8/88 [00:02<00:20,  3.85it/s, loss=0.322]
  epoch 3/3:  10%|█         | 9/88 [00:02<00:20,  3.89it/s, loss=0.322]
  epoch 3/3:  10%|█         | 9/88 [00:02<00:20,  3.89it/s, loss=0.311]
  epoch 3/3:  11%|█▏        | 10/88 [00:02<00:19,  3.94it/s, loss=0.311]
  epoch 3/3:  11%|█▏        | 10/88 [00:03<00:19,  3.94it/s, loss=0.313]
  epoch 3/3:  12%|█▎        | 11/88 [00:03<00:19,  3.97it/s, loss=0.313]
  epoch 3/3:  12%|█▎        | 11/88 [00:03<00:19,  3.97it/s, loss=0.318]
  epoch 3/3:  14%|█▎        | 12/88 [00:03<00:19,  3.97it/s, loss=0.318]
  epoch 3/3:  14%|█▎        | 12/88 [00:03<00:19,  3.97it/s, loss=0.320]
  epoch 3/3:  15%|█▍        | 13/88 [00:03<00:18,  3.99it/s, loss=0.320]
  epoch 3/3:  15%|█▍        | 13/88 [00:03<00:18,  3.99it/s, loss=0.331]
  epoch 3/3:  16%|█▌        | 14/88 [00:03<00:18,  4.00it/s, loss=0.331]
  epoch 3/3:  16%|█▌        | 14/88 [00:04<00:18,  4.00it/s, loss=0.327]
  epoch 3/3:  17%|█▋        | 15/88 [00:04<00:18,  3.99it/s, loss=0.327]
  epoch 3/3:  17%|█▋        | 15/88 [00:04<00:18,  3.99it/s, loss=0.332]
  epoch 3/3:  18%|█▊        | 16/88 [00:04<00:18,  4.00it/s, loss=0.332]
  epoch 3/3:  18%|█▊        | 16/88 [00:04<00:18,  4.00it/s, loss=0.332]
  epoch 3/3:  19%|█▉        | 17/88 [00:04<00:17,  4.01it/s, loss=0.332]
  epoch 3/3:  19%|█▉        | 17/88 [00:04<00:17,  4.01it/s, loss=0.323]
  epoch 3/3:  20%|██        | 18/88 [00:04<00:17,  4.02it/s, loss=0.323]
  epoch 3/3:  20%|██        | 18/88 [00:05<00:17,  4.02it/s, loss=0.323]
  epoch 3/3:  22%|██▏       | 19/88 [00:05<00:17,  4.00it/s, loss=0.323]
  epoch 3/3:  22%|██▏       | 19/88 [00:05<00:17,  4.00it/s, loss=0.319]
  epoch 3/3:  23%|██▎       | 20/88 [00:05<00:16,  4.00it/s, loss=0.319]
  epoch 3/3:  23%|██▎       | 20/88 [00:05<00:16,  4.00it/s, loss=0.317]
  epoch 3/3:  24%|██▍       | 21/88 [00:05<00:16,  4.02it/s, loss=0.317]
  epoch 3/3:  24%|██▍       | 21/88 [00:05<00:16,  4.02it/s, loss=0.314]
  epoch 3/3:  25%|██▌       | 22/88 [00:05<00:16,  4.02it/s, loss=0.314]
  epoch 3/3:  25%|██▌       | 22/88 [00:05<00:16,  4.02it/s, loss=0.313]
  epoch 3/3:  26%|██▌       | 23/88 [00:05<00:16,  4.02it/s, loss=0.313]
  epoch 3/3:  26%|██▌       | 23/88 [00:06<00:16,  4.02it/s, loss=0.316]
  epoch 3/3:  27%|██▋       | 24/88 [00:06<00:16,  3.97it/s, loss=0.316]
  epoch 3/3:  27%|██▋       | 24/88 [00:06<00:16,  3.97it/s, loss=0.314]
  epoch 3/3:  28%|██▊       | 25/88 [00:06<00:15,  4.00it/s, loss=0.314]
  epoch 3/3:  28%|██▊       | 25/88 [00:06<00:15,  4.00it/s, loss=0.310]
  epoch 3/3:  30%|██▉       | 26/88 [00:06<00:15,  3.99it/s, loss=0.310]
  epoch 3/3:  30%|██▉       | 26/88 [00:07<00:15,  3.99it/s, loss=0.313]
  epoch 3/3:  31%|███       | 27/88 [00:07<00:15,  3.99it/s, loss=0.313]
  epoch 3/3:  31%|███       | 27/88 [00:07<00:15,  3.99it/s, loss=0.313]
  epoch 3/3:  32%|███▏      | 28/88 [00:07<00:15,  4.00it/s, loss=0.313]
  epoch 3/3:  32%|███▏      | 28/88 [00:07<00:15,  4.00it/s, loss=0.312]
  epoch 3/3:  33%|███▎      | 29/88 [00:07<00:14,  4.00it/s, loss=0.312]
  epoch 3/3:  33%|███▎      | 29/88 [00:07<00:14,  4.00it/s, loss=0.310]
  epoch 3/3:  34%|███▍      | 30/88 [00:07<00:14,  4.03it/s, loss=0.310]
  epoch 3/3:  34%|███▍      | 30/88 [00:07<00:14,  4.03it/s, loss=0.311]
  epoch 3/3:  35%|███▌      | 31/88 [00:07<00:14,  4.04it/s, loss=0.311]
  epoch 3/3:  35%|███▌      | 31/88 [00:08<00:14,  4.04it/s, loss=0.307]
  epoch 3/3:  36%|███▋      | 32/88 [00:08<00:13,  4.03it/s, loss=0.307]
  epoch 3/3:  36%|███▋      | 32/88 [00:08<00:13,  4.03it/s, loss=0.310]
  epoch 3/3:  38%|███▊      | 33/88 [00:08<00:13,  4.03it/s, loss=0.310]
  epoch 3/3:  38%|███▊      | 33/88 [00:08<00:13,  4.03it/s, loss=0.308]
  epoch 3/3:  39%|███▊      | 34/88 [00:08<00:13,  4.03it/s, loss=0.308]
  epoch 3/3:  39%|███▊      | 34/88 [00:08<00:13,  4.03it/s, loss=0.307]
  epoch 3/3:  40%|███▉      | 35/88 [00:08<00:13,  4.04it/s, loss=0.307]
  epoch 3/3:  40%|███▉      | 35/88 [00:09<00:13,  4.04it/s, loss=0.304]
  epoch 3/3:  41%|████      | 36/88 [00:09<00:12,  4.01it/s, loss=0.304]
  epoch 3/3:  41%|████      | 36/88 [00:09<00:12,  4.01it/s, loss=0.306]
  epoch 3/3:  42%|████▏     | 37/88 [00:09<00:12,  4.01it/s, loss=0.306]
  epoch 3/3:  42%|████▏     | 37/88 [00:09<00:12,  4.01it/s, loss=0.302]
  epoch 3/3:  43%|████▎     | 38/88 [00:09<00:12,  4.03it/s, loss=0.302]
  epoch 3/3:  43%|████▎     | 38/88 [00:09<00:12,  4.03it/s, loss=0.301]
  epoch 3/3:  44%|████▍     | 39/88 [00:09<00:12,  4.04it/s, loss=0.301]
  epoch 3/3:  44%|████▍     | 39/88 [00:10<00:12,  4.04it/s, loss=0.300]
  epoch 3/3:  45%|████▌     | 40/88 [00:10<00:12,  3.97it/s, loss=0.300]
  epoch 3/3:  45%|████▌     | 40/88 [00:10<00:12,  3.97it/s, loss=0.297]
  epoch 3/3:  47%|████▋     | 41/88 [00:10<00:11,  3.97it/s, loss=0.297]
  epoch 3/3:  47%|████▋     | 41/88 [00:10<00:11,  3.97it/s, loss=0.300]
  epoch 3/3:  48%|████▊     | 42/88 [00:10<00:11,  3.99it/s, loss=0.300]
  epoch 3/3:  48%|████▊     | 42/88 [00:10<00:11,  3.99it/s, loss=0.297]
  epoch 3/3:  49%|████▉     | 43/88 [00:10<00:11,  4.00it/s, loss=0.297]
  epoch 3/3:  49%|████▉     | 43/88 [00:11<00:11,  4.00it/s, loss=0.299]
  epoch 3/3:  50%|█████     | 44/88 [00:11<00:10,  4.02it/s, loss=0.299]
  epoch 3/3:  50%|█████     | 44/88 [00:11<00:10,  4.02it/s, loss=0.300]
  epoch 3/3:  51%|█████     | 45/88 [00:11<00:10,  4.00it/s, loss=0.300]
  epoch 3/3:  51%|█████     | 45/88 [00:11<00:10,  4.00it/s, loss=0.298]
  epoch 3/3:  52%|█████▏    | 46/88 [00:11<00:10,  4.00it/s, loss=0.298]
  epoch 3/3:  52%|█████▏    | 46/88 [00:11<00:10,  4.00it/s, loss=0.296]
  epoch 3/3:  53%|█████▎    | 47/88 [00:11<00:10,  4.00it/s, loss=0.296]
  epoch 3/3:  53%|█████▎    | 47/88 [00:12<00:10,  4.00it/s, loss=0.295]
  epoch 3/3:  55%|█████▍    | 48/88 [00:12<00:10,  4.00it/s, loss=0.295]
  epoch 3/3:  55%|█████▍    | 48/88 [00:12<00:10,  4.00it/s, loss=0.294]
  epoch 3/3:  56%|█████▌    | 49/88 [00:12<00:09,  4.00it/s, loss=0.294]
  epoch 3/3:  56%|█████▌    | 49/88 [00:12<00:09,  4.00it/s, loss=0.292]
  epoch 3/3:  57%|█████▋    | 50/88 [00:12<00:09,  4.02it/s, loss=0.292]
  epoch 3/3:  57%|█████▋    | 50/88 [00:12<00:09,  4.02it/s, loss=0.291]
  epoch 3/3:  58%|█████▊    | 51/88 [00:12<00:09,  4.04it/s, loss=0.291]
  epoch 3/3:  58%|█████▊    | 51/88 [00:13<00:09,  4.04it/s, loss=0.289]
  epoch 3/3:  59%|█████▉    | 52/88 [00:13<00:08,  4.02it/s, loss=0.289]
  epoch 3/3:  59%|█████▉    | 52/88 [00:13<00:08,  4.02it/s, loss=0.289]
  epoch 3/3:  60%|██████    | 53/88 [00:13<00:08,  4.02it/s, loss=0.289]
  epoch 3/3:  60%|██████    | 53/88 [00:13<00:08,  4.02it/s, loss=0.287]
  epoch 3/3:  61%|██████▏   | 54/88 [00:13<00:08,  4.02it/s, loss=0.287]
  epoch 3/3:  61%|██████▏   | 54/88 [00:13<00:08,  4.02it/s, loss=0.287]
  epoch 3/3:  62%|██████▎   | 55/88 [00:13<00:08,  4.04it/s, loss=0.287]
  epoch 3/3:  62%|██████▎   | 55/88 [00:14<00:08,  4.04it/s, loss=0.286]
  epoch 3/3:  64%|██████▎   | 56/88 [00:14<00:08,  3.97it/s, loss=0.286]
  epoch 3/3:  64%|██████▎   | 56/88 [00:14<00:08,  3.97it/s, loss=0.285]
  epoch 3/3:  65%|██████▍   | 57/88 [00:14<00:07,  3.96it/s, loss=0.285]
  epoch 3/3:  65%|██████▍   | 57/88 [00:14<00:07,  3.96it/s, loss=0.284]
  epoch 3/3:  66%|██████▌   | 58/88 [00:14<00:07,  3.98it/s, loss=0.284]
  epoch 3/3:  66%|██████▌   | 58/88 [00:14<00:07,  3.98it/s, loss=0.282]
  epoch 3/3:  67%|██████▋   | 59/88 [00:14<00:07,  4.00it/s, loss=0.282]
  epoch 3/3:  67%|██████▋   | 59/88 [00:15<00:07,  4.00it/s, loss=0.280]
  epoch 3/3:  68%|██████▊   | 60/88 [00:15<00:06,  4.04it/s, loss=0.280]
  epoch 3/3:  68%|██████▊   | 60/88 [00:15<00:06,  4.04it/s, loss=0.280]
  epoch 3/3:  69%|██████▉   | 61/88 [00:15<00:06,  4.04it/s, loss=0.280]
  epoch 3/3:  69%|██████▉   | 61/88 [00:15<00:06,  4.04it/s, loss=0.278]
  epoch 3/3:  70%|███████   | 62/88 [00:15<00:06,  4.04it/s, loss=0.278]
  epoch 3/3:  70%|███████   | 62/88 [00:15<00:06,  4.04it/s, loss=0.275]
  epoch 3/3:  72%|███████▏  | 63/88 [00:15<00:06,  4.02it/s, loss=0.275]
  epoch 3/3:  72%|███████▏  | 63/88 [00:16<00:06,  4.02it/s, loss=0.275]
  epoch 3/3:  73%|███████▎  | 64/88 [00:16<00:05,  4.04it/s, loss=0.275]
  epoch 3/3:  73%|███████▎  | 64/88 [00:16<00:05,  4.04it/s, loss=0.274]
  epoch 3/3:  74%|███████▍  | 65/88 [00:16<00:05,  4.05it/s, loss=0.274]
  epoch 3/3:  74%|███████▍  | 65/88 [00:16<00:05,  4.05it/s, loss=0.274]
  epoch 3/3:  75%|███████▌  | 66/88 [00:16<00:05,  4.07it/s, loss=0.274]
  epoch 3/3:  75%|███████▌  | 66/88 [00:16<00:05,  4.07it/s, loss=0.273]
  epoch 3/3:  76%|███████▌  | 67/88 [00:16<00:05,  4.07it/s, loss=0.273]
  epoch 3/3:  76%|███████▌  | 67/88 [00:17<00:05,  4.07it/s, loss=0.272]
  epoch 3/3:  77%|███████▋  | 68/88 [00:17<00:04,  4.05it/s, loss=0.272]
  epoch 3/3:  77%|███████▋  | 68/88 [00:17<00:04,  4.05it/s, loss=0.271]
  epoch 3/3:  78%|███████▊  | 69/88 [00:17<00:04,  4.04it/s, loss=0.271]
  epoch 3/3:  78%|███████▊  | 69/88 [00:17<00:04,  4.04it/s, loss=0.272]
  epoch 3/3:  80%|███████▉  | 70/88 [00:17<00:04,  4.05it/s, loss=0.272]
  epoch 3/3:  80%|███████▉  | 70/88 [00:17<00:04,  4.05it/s, loss=0.273]
  epoch 3/3:  81%|████████  | 71/88 [00:17<00:04,  4.03it/s, loss=0.273]
  epoch 3/3:  81%|████████  | 71/88 [00:18<00:04,  4.03it/s, loss=0.270]
  epoch 3/3:  82%|████████▏ | 72/88 [00:18<00:04,  3.96it/s, loss=0.270]
  epoch 3/3:  82%|████████▏ | 72/88 [00:18<00:04,  3.96it/s, loss=0.271]
  epoch 3/3:  83%|████████▎ | 73/88 [00:18<00:03,  3.97it/s, loss=0.271]
  epoch 3/3:  83%|████████▎ | 73/88 [00:18<00:03,  3.97it/s, loss=0.269]
  epoch 3/3:  84%|████████▍ | 74/88 [00:18<00:03,  3.98it/s, loss=0.269]
  epoch 3/3:  84%|████████▍ | 74/88 [00:18<00:03,  3.98it/s, loss=0.268]
  epoch 3/3:  85%|████████▌ | 75/88 [00:18<00:03,  4.00it/s, loss=0.268]
  epoch 3/3:  85%|████████▌ | 75/88 [00:19<00:03,  4.00it/s, loss=0.267]
  epoch 3/3:  86%|████████▋ | 76/88 [00:19<00:03,  3.99it/s, loss=0.267]
  epoch 3/3:  86%|████████▋ | 76/88 [00:19<00:03,  3.99it/s, loss=0.267]
  epoch 3/3:  88%|████████▊ | 77/88 [00:19<00:02,  3.99it/s, loss=0.267]
  epoch 3/3:  88%|████████▊ | 77/88 [00:19<00:02,  3.99it/s, loss=0.267]
  epoch 3/3:  89%|████████▊ | 78/88 [00:19<00:02,  4.00it/s, loss=0.267]
  epoch 3/3:  89%|████████▊ | 78/88 [00:19<00:02,  4.00it/s, loss=0.267]
  epoch 3/3:  90%|████████▉ | 79/88 [00:19<00:02,  3.98it/s, loss=0.267]
  epoch 3/3:  90%|████████▉ | 79/88 [00:20<00:02,  3.98it/s, loss=0.267]
  epoch 3/3:  91%|█████████ | 80/88 [00:20<00:02,  3.99it/s, loss=0.267]
  epoch 3/3:  91%|█████████ | 80/88 [00:20<00:02,  3.99it/s, loss=0.266]
  epoch 3/3:  92%|█████████▏| 81/88 [00:20<00:01,  4.01it/s, loss=0.266]
  epoch 3/3:  92%|█████████▏| 81/88 [00:20<00:01,  4.01it/s, loss=0.266]
  epoch 3/3:  93%|█████████▎| 82/88 [00:20<00:01,  4.02it/s, loss=0.266]
  epoch 3/3:  93%|█████████▎| 82/88 [00:20<00:01,  4.02it/s, loss=0.266]
  epoch 3/3:  94%|█████████▍| 83/88 [00:20<00:01,  4.00it/s, loss=0.266]
  epoch 3/3:  94%|█████████▍| 83/88 [00:21<00:01,  4.00it/s, loss=0.265]
  epoch 3/3:  95%|█████████▌| 84/88 [00:21<00:00,  4.01it/s, loss=0.265]
  epoch 3/3:  95%|█████████▌| 84/88 [00:21<00:00,  4.01it/s, loss=0.265]
  epoch 3/3:  97%|█████████▋| 85/88 [00:21<00:00,  4.03it/s, loss=0.265]
  epoch 3/3:  97%|█████████▋| 85/88 [00:21<00:00,  4.03it/s, loss=0.264]
  epoch 3/3:  98%|█████████▊| 86/88 [00:21<00:00,  4.02it/s, loss=0.264]
  epoch 3/3:  98%|█████████▊| 86/88 [00:21<00:00,  4.02it/s, loss=0.263]
  epoch 3/3:  99%|█████████▉| 87/88 [00:21<00:00,  4.02it/s, loss=0.263]
  epoch 3/3:  99%|█████████▉| 87/88 [00:22<00:00,  4.02it/s, loss=0.263]
  epoch 3/3: 100%|██████████| 88/88 [00:22<00:00,  4.28it/s, loss=0.263]
                                                                        
[titans] reset=never | norm(state) sau task = 82.2323
[titans]   self-mod v:β=1.02 |W|=1.22
[titans]   eta_t(avg)=3.6101  alpha_t/forget-gate(avg)=0.9707
[task 1] test acc so far: 0.920  0.577
[task 1] NCM-blend gamma=0: 0.860  0.849
[task 1] NCM-blend gamma=0.25: 0.863  0.857
[checkpoint] đã lưu tiến độ sau task 1
[task 2] classes=[9, 18, 19, 25, 27] | train=2800

  epoch 1/3:   0%|          | 0/88 [00:00<?, ?it/s]
  epoch 1/3:   0%|          | 0/88 [00:00<?, ?it/s, loss=1.635]
  epoch 1/3:   1%|          | 1/88 [00:00<01:01,  1.41it/s, loss=1.635]
  epoch 1/3:   1%|          | 1/88 [00:00<01:01,  1.41it/s, loss=1.726]
  epoch 1/3:   2%|▏         | 2/88 [00:00<00:37,  2.29it/s, loss=1.726]
  epoch 1/3:   2%|▏         | 2/88 [00:01<00:37,  2.29it/s, loss=1.723]
  epoch 1/3:   3%|▎         | 3/88 [00:01<00:29,  2.86it/s, loss=1.723]
  epoch 1/3:   3%|▎         | 3/88 [00:01<00:29,  2.86it/s, loss=1.715]
  epoch 1/3:   5%|▍         | 4/88 [00:01<00:25,  3.23it/s, loss=1.715]
  epoch 1/3:   5%|▍         | 4/88 [00:01<00:25,  3.23it/s, loss=1.688]
  epoch 1/3:   6%|▌         | 5/88 [00:01<00:23,  3.48it/s, loss=1.688]
  epoch 1/3:   6%|▌         | 5/88 [00:01<00:23,  3.48it/s, loss=1.674]
  epoch 1/3:   7%|▋         | 6/88 [00:01<00:22,  3.66it/s, loss=1.674]
  epoch 1/3:   7%|▋         | 6/88 [00:02<00:22,  3.66it/s, loss=1.675]
  epoch 1/3:   8%|▊         | 7/88 [00:02<00:21,  3.79it/s, loss=1.675]
  epoch 1/3:   8%|▊         | 7/88 [00:02<00:21,  3.79it/s, loss=1.682]
  epoch 1/3:   9%|▉         | 8/88 [00:02<00:20,  3.88it/s, loss=1.682]
  epoch 1/3:   9%|▉         | 8/88 [00:02<00:20,  3.88it/s, loss=1.683]
  epoch 1/3:  10%|█         | 9/88 [00:02<00:20,  3.92it/s, loss=1.683]
  epoch 1/3:  10%|█         | 9/88 [00:02<00:20,  3.92it/s, loss=1.680]
  epoch 1/3:  11%|█▏        | 10/88 [00:02<00:19,  3.95it/s, loss=1.680]
  epoch 1/3:  11%|█▏        | 10/88 [00:03<00:19,  3.95it/s, loss=1.673]
  epoch 1/3:  12%|█▎        | 11/88 [00:03<00:19,  3.97it/s, loss=1.673]
  epoch 1/3:  12%|█▎        | 11/88 [00:03<00:19,  3.97it/s, loss=1.663]
  epoch 1/3:  14%|█▎        | 12/88 [00:03<00:19,  4.00it/s, loss=1.663]
  epoch 1/3:  14%|█▎        | 12/88 [00:03<00:19,  4.00it/s, loss=1.654]
  epoch 1/3:  15%|█▍        | 13/88 [00:03<00:18,  4.03it/s, loss=1.654]
  epoch 1/3:  15%|█▍        | 13/88 [00:03<00:18,  4.03it/s, loss=1.653]
  epoch 1/3:  16%|█▌        | 14/88 [00:03<00:18,  4.03it/s, loss=1.653]
  epoch 1/3:  16%|█▌        | 14/88 [00:04<00:18,  4.03it/s, loss=1.652]
  epoch 1/3:  17%|█▋        | 15/88 [00:04<00:18,  4.02it/s, loss=1.652]
  epoch 1/3:  17%|█▋        | 15/88 [00:04<00:18,  4.02it/s, loss=1.640]
  epoch 1/3:  18%|█▊        | 16/88 [00:04<00:18,  3.98it/s, loss=1.640]
  epoch 1/3:  18%|█▊        | 16/88 [00:04<00:18,  3.98it/s, loss=1.636]
  epoch 1/3:  19%|█▉        | 17/88 [00:04<00:17,  3.98it/s, loss=1.636]
  epoch 1/3:  19%|█▉        | 17/88 [00:04<00:17,  3.98it/s, loss=1.634]
  epoch 1/3:  20%|██        | 18/88 [00:04<00:17,  4.00it/s, loss=1.634]
  epoch 1/3:  20%|██        | 18/88 [00:05<00:17,  4.00it/s, loss=1.630]
  epoch 1/3:  22%|██▏       | 19/88 [00:05<00:17,  4.01it/s, loss=1.630]
  epoch 1/3:  22%|██▏       | 19/88 [00:05<00:17,  4.01it/s, loss=1.625]
  epoch 1/3:  23%|██▎       | 20/88 [00:05<00:16,  4.02it/s, loss=1.625]
  epoch 1/3:  23%|██▎       | 20/88 [00:05<00:16,  4.02it/s, loss=1.620]
  epoch 1/3:  24%|██▍       | 21/88 [00:05<00:16,  3.99it/s, loss=1.620]
  epoch 1/3:  24%|██▍       | 21/88 [00:05<00:16,  3.99it/s, loss=1.614]
  epoch 1/3:  25%|██▌       | 22/88 [00:05<00:16,  4.01it/s, loss=1.614]
  epoch 1/3:  25%|██▌       | 22/88 [00:06<00:16,  4.01it/s, loss=1.606]
  epoch 1/3:  26%|██▌       | 23/88 [00:06<00:16,  4.02it/s, loss=1.606]
  epoch 1/3:  26%|██▌       | 23/88 [00:06<00:16,  4.02it/s, loss=1.594]
  epoch 1/3:  27%|██▋       | 24/88 [00:06<00:15,  4.05it/s, loss=1.594]
  epoch 1/3:  27%|██▋       | 24/88 [00:06<00:15,  4.05it/s, loss=1.586]
  epoch 1/3:  28%|██▊       | 25/88 [00:06<00:15,  4.05it/s, loss=1.586]
  epoch 1/3:  28%|██▊       | 25/88 [00:06<00:15,  4.05it/s, loss=1.577]
  epoch 1/3:  30%|██▉       | 26/88 [00:06<00:15,  4.03it/s, loss=1.577]
  epoch 1/3:  30%|██▉       | 26/88 [00:07<00:15,  4.03it/s, loss=1.571]
  epoch 1/3:  31%|███       | 27/88 [00:07<00:15,  4.04it/s, loss=1.571]
  epoch 1/3:  31%|███       | 27/88 [00:07<00:15,  4.04it/s, loss=1.561]
  epoch 1/3:  32%|███▏      | 28/88 [00:07<00:14,  4.05it/s, loss=1.561]
  epoch 1/3:  32%|███▏      | 28/88 [00:07<00:14,  4.05it/s, loss=1.555]
  epoch 1/3:  33%|███▎      | 29/88 [00:07<00:14,  4.04it/s, loss=1.555]
  epoch 1/3:  33%|███▎      | 29/88 [00:07<00:14,  4.04it/s, loss=1.544]
  epoch 1/3:  34%|███▍      | 30/88 [00:07<00:14,  4.05it/s, loss=1.544]
  epoch 1/3:  34%|███▍      | 30/88 [00:08<00:14,  4.05it/s, loss=1.540]
  epoch 1/3:  35%|███▌      | 31/88 [00:08<00:14,  4.07it/s, loss=1.540]
  epoch 1/3:  35%|███▌      | 31/88 [00:08<00:14,  4.07it/s, loss=1.539]
  epoch 1/3:  36%|███▋      | 32/88 [00:08<00:13,  4.03it/s, loss=1.539]
  epoch 1/3:  36%|███▋      | 32/88 [00:08<00:13,  4.03it/s, loss=1.532]
  epoch 1/3:  38%|███▊      | 33/88 [00:08<00:13,  4.03it/s, loss=1.532]
  epoch 1/3:  38%|███▊      | 33/88 [00:08<00:13,  4.03it/s, loss=1.526]
  epoch 1/3:  39%|███▊      | 34/88 [00:08<00:13,  4.03it/s, loss=1.526]
  epoch 1/3:  39%|███▊      | 34/88 [00:09<00:13,  4.03it/s, loss=1.519]
  epoch 1/3:  40%|███▉      | 35/88 [00:09<00:13,  4.05it/s, loss=1.519]
  epoch 1/3:  40%|███▉      | 35/88 [00:09<00:13,  4.05it/s, loss=1.515]
  epoch 1/3:  41%|████      | 36/88 [00:09<00:12,  4.03it/s, loss=1.515]
  epoch 1/3:  41%|████      | 36/88 [00:09<00:12,  4.03it/s, loss=1.507]
  epoch 1/3:  42%|████▏     | 37/88 [00:09<00:12,  4.03it/s, loss=1.507]
  epoch 1/3:  42%|████▏     | 37/88 [00:09<00:12,  4.03it/s, loss=1.502]
  epoch 1/3:  43%|████▎     | 38/88 [00:09<00:12,  4.03it/s, loss=1.502]
  epoch 1/3:  43%|████▎     | 38/88 [00:10<00:12,  4.03it/s, loss=1.498]
  epoch 1/3:  44%|████▍     | 39/88 [00:10<00:12,  4.04it/s, loss=1.498]
  epoch 1/3:  44%|████▍     | 39/88 [00:10<00:12,  4.04it/s, loss=1.491]
  epoch 1/3:  45%|████▌     | 40/88 [00:10<00:11,  4.05it/s, loss=1.491]
  epoch 1/3:  45%|████▌     | 40/88 [00:10<00:11,  4.05it/s, loss=1.483]
  epoch 1/3:  47%|████▋     | 41/88 [00:10<00:11,  4.02it/s, loss=1.483]
  epoch 1/3:  47%|████▋     | 41/88 [00:10<00:11,  4.02it/s, loss=1.479]
  epoch 1/3:  48%|████▊     | 42/88 [00:10<00:11,  4.01it/s, loss=1.479]
  epoch 1/3:  48%|████▊     | 42/88 [00:11<00:11,  4.01it/s, loss=1.474]
  epoch 1/3:  49%|████▉     | 43/88 [00:11<00:11,  4.03it/s, loss=1.474]
  epoch 1/3:  49%|████▉     | 43/88 [00:11<00:11,  4.03it/s, loss=1.466]
  epoch 1/3:  50%|█████     | 44/88 [00:11<00:10,  4.01it/s, loss=1.466]
  epoch 1/3:  50%|█████     | 44/88 [00:11<00:10,  4.01it/s, loss=1.461]
  epoch 1/3:  51%|█████     | 45/88 [00:11<00:10,  4.01it/s, loss=1.461]
  epoch 1/3:  51%|█████     | 45/88 [00:11<00:10,  4.01it/s, loss=1.454]
  epoch 1/3:  52%|█████▏    | 46/88 [00:11<00:10,  4.02it/s, loss=1.454]
  epoch 1/3:  52%|█████▏    | 46/88 [00:12<00:10,  4.02it/s, loss=1.447]
  epoch 1/3:  53%|█████▎    | 47/88 [00:12<00:10,  4.03it/s, loss=1.447]
  epoch 1/3:  53%|█████▎    | 47/88 [00:12<00:10,  4.03it/s, loss=1.440]
  epoch 1/3:  55%|█████▍    | 48/88 [00:12<00:10,  3.95it/s, loss=1.440]
  epoch 1/3:  55%|█████▍    | 48/88 [00:12<00:10,  3.95it/s, loss=1.434]
  epoch 1/3:  56%|█████▌    | 49/88 [00:12<00:09,  3.95it/s, loss=1.434]
  epoch 1/3:  56%|█████▌    | 49/88 [00:12<00:09,  3.95it/s, loss=1.425]
  epoch 1/3:  57%|█████▋    | 50/88 [00:12<00:09,  3.98it/s, loss=1.425]
  epoch 1/3:  57%|█████▋    | 50/88 [00:13<00:09,  3.98it/s, loss=1.420]
  epoch 1/3:  58%|█████▊    | 51/88 [00:13<00:09,  3.99it/s, loss=1.420]
  epoch 1/3:  58%|█████▊    | 51/88 [00:13<00:09,  3.99it/s, loss=1.412]
  epoch 1/3:  59%|█████▉    | 52/88 [00:13<00:08,  4.01it/s, loss=1.412]
  epoch 1/3:  59%|█████▉    | 52/88 [00:13<00:08,  4.01it/s, loss=1.406]
  epoch 1/3:  60%|██████    | 53/88 [00:13<00:08,  4.02it/s, loss=1.406]
  epoch 1/3:  60%|██████    | 53/88 [00:13<00:08,  4.02it/s, loss=1.401]
  epoch 1/3:  61%|██████▏   | 54/88 [00:13<00:08,  4.00it/s, loss=1.401]
  epoch 1/3:  61%|██████▏   | 54/88 [00:14<00:08,  4.00it/s, loss=1.394]
  epoch 1/3:  62%|██████▎   | 55/88 [00:14<00:08,  4.02it/s, loss=1.394]
  epoch 1/3:  62%|██████▎   | 55/88 [00:14<00:08,  4.02it/s, loss=1.391]
  epoch 1/3:  64%|██████▎   | 56/88 [00:14<00:07,  4.04it/s, loss=1.391]
  epoch 1/3:  64%|██████▎   | 56/88 [00:14<00:07,  4.04it/s, loss=1.386]
  epoch 1/3:  65%|██████▍   | 57/88 [00:14<00:07,  4.05it/s, loss=1.386]
  epoch 1/3:  65%|██████▍   | 57/88 [00:14<00:07,  4.05it/s, loss=1.378]
  epoch 1/3:  66%|██████▌   | 58/88 [00:14<00:07,  4.02it/s, loss=1.378]
  epoch 1/3:  66%|██████▌   | 58/88 [00:15<00:07,  4.02it/s, loss=1.373]
  epoch 1/3:  67%|██████▋   | 59/88 [00:15<00:07,  4.02it/s, loss=1.373]
  epoch 1/3:  67%|██████▋   | 59/88 [00:15<00:07,  4.02it/s, loss=1.367]
  epoch 1/3:  68%|██████▊   | 60/88 [00:15<00:06,  4.03it/s, loss=1.367]
  epoch 1/3:  68%|██████▊   | 60/88 [00:15<00:06,  4.03it/s, loss=1.363]
  epoch 1/3:  69%|██████▉   | 61/88 [00:15<00:06,  4.03it/s, loss=1.363]
  epoch 1/3:  69%|██████▉   | 61/88 [00:15<00:06,  4.03it/s, loss=1.358]
  epoch 1/3:  70%|███████   | 62/88 [00:15<00:06,  4.02it/s, loss=1.358]
  epoch 1/3:  70%|███████   | 62/88 [00:16<00:06,  4.02it/s, loss=1.352]
  epoch 1/3:  72%|███████▏  | 63/88 [00:16<00:06,  4.02it/s, loss=1.352]
  epoch 1/3:  72%|███████▏  | 63/88 [00:16<00:06,  4.02it/s, loss=1.347]
  epoch 1/3:  73%|███████▎  | 64/88 [00:16<00:06,  3.98it/s, loss=1.347]
  epoch 1/3:  73%|███████▎  | 64/88 [00:16<00:06,  3.98it/s, loss=1.342]
  epoch 1/3:  74%|███████▍  | 65/88 [00:16<00:05,  3.99it/s, loss=1.342]
  epoch 1/3:  74%|███████▍  | 65/88 [00:16<00:05,  3.99it/s, loss=1.339]
  epoch 1/3:  75%|███████▌  | 66/88 [00:16<00:05,  4.01it/s, loss=1.339]
  epoch 1/3:  75%|███████▌  | 66/88 [00:17<00:05,  4.01it/s, loss=1.334]
  epoch 1/3:  76%|███████▌  | 67/88 [00:17<00:05,  4.01it/s, loss=1.334]
  epoch 1/3:  76%|███████▌  | 67/88 [00:17<00:05,  4.01it/s, loss=1.328]
  epoch 1/3:  77%|███████▋  | 68/88 [00:17<00:05,  4.00it/s, loss=1.328]
  epoch 1/3:  77%|███████▋  | 68/88 [00:17<00:05,  4.00it/s, loss=1.322]
  epoch 1/3:  78%|███████▊  | 69/88 [00:17<00:04,  4.00it/s, loss=1.322]
  epoch 1/3:  78%|███████▊  | 69/88 [00:17<00:04,  4.00it/s, loss=1.316]
  epoch 1/3:  80%|███████▉  | 70/88 [00:17<00:04,  3.99it/s, loss=1.316]
  epoch 1/3:  80%|███████▉  | 70/88 [00:18<00:04,  3.99it/s, loss=1.310]
  epoch 1/3:  81%|████████  | 71/88 [00:18<00:04,  3.99it/s, loss=1.310]
  epoch 1/3:  81%|████████  | 71/88 [00:18<00:04,  3.99it/s, loss=1.304]
  epoch 1/3:  82%|████████▏ | 72/88 [00:18<00:03,  4.01it/s, loss=1.304]
  epoch 1/3:  82%|████████▏ | 72/88 [00:18<00:03,  4.01it/s, loss=1.299]
  epoch 1/3:  83%|████████▎ | 73/88 [00:18<00:03,  4.01it/s, loss=1.299]
  epoch 1/3:  83%|████████▎ | 73/88 [00:18<00:03,  4.01it/s, loss=1.295]
  epoch 1/3:  84%|████████▍ | 74/88 [00:18<00:03,  4.00it/s, loss=1.295]
  epoch 1/3:  84%|████████▍ | 74/88 [00:19<00:03,  4.00it/s, loss=1.288]
  epoch 1/3:  85%|████████▌ | 75/88 [00:19<00:03,  4.01it/s, loss=1.288]
  epoch 1/3:  85%|████████▌ | 75/88 [00:19<00:03,  4.01it/s, loss=1.282]
  epoch 1/3:  86%|████████▋ | 76/88 [00:19<00:02,  4.03it/s, loss=1.282]
  epoch 1/3:  86%|████████▋ | 76/88 [00:19<00:02,  4.03it/s, loss=1.275]
  epoch 1/3:  88%|████████▊ | 77/88 [00:19<00:02,  4.04it/s, loss=1.275]
  epoch 1/3:  88%|████████▊ | 77/88 [00:19<00:02,  4.04it/s, loss=1.270]
  epoch 1/3:  89%|████████▊ | 78/88 [00:19<00:02,  4.04it/s, loss=1.270]
  epoch 1/3:  89%|████████▊ | 78/88 [00:20<00:02,  4.04it/s, loss=1.264]
  epoch 1/3:  90%|████████▉ | 79/88 [00:20<00:02,  4.03it/s, loss=1.264]
  epoch 1/3:  90%|████████▉ | 79/88 [00:20<00:02,  4.03it/s, loss=1.259]
  epoch 1/3:  91%|█████████ | 80/88 [00:20<00:02,  3.97it/s, loss=1.259]
  epoch 1/3:  91%|█████████ | 80/88 [00:20<00:02,  3.97it/s, loss=1.255]
  epoch 1/3:  92%|█████████▏| 81/88 [00:20<00:01,  3.98it/s, loss=1.255]
  epoch 1/3:  92%|█████████▏| 81/88 [00:20<00:01,  3.98it/s, loss=1.251]
  epoch 1/3:  93%|█████████▎| 82/88 [00:20<00:01,  4.00it/s, loss=1.251]
  epoch 1/3:  93%|█████████▎| 82/88 [00:21<00:01,  4.00it/s, loss=1.245]
  epoch 1/3:  94%|█████████▍| 83/88 [00:21<00:01,  3.99it/s, loss=1.245]
  epoch 1/3:  94%|█████████▍| 83/88 [00:21<00:01,  3.99it/s, loss=1.241]
  epoch 1/3:  95%|█████████▌| 84/88 [00:21<00:01,  3.99it/s, loss=1.241]
  epoch 1/3:  95%|█████████▌| 84/88 [00:21<00:01,  3.99it/s, loss=1.236]
  epoch 1/3:  97%|█████████▋| 85/88 [00:21<00:00,  4.01it/s, loss=1.236]
  epoch 1/3:  97%|█████████▋| 85/88 [00:21<00:00,  4.01it/s, loss=1.231]
  epoch 1/3:  98%|█████████▊| 86/88 [00:21<00:00,  4.03it/s, loss=1.231]
  epoch 1/3:  98%|█████████▊| 86/88 [00:22<00:00,  4.03it/s, loss=1.224]
  epoch 1/3:  99%|█████████▉| 87/88 [00:22<00:00,  4.03it/s, loss=1.224]
  epoch 1/3:  99%|█████████▉| 87/88 [00:22<00:00,  4.03it/s, loss=1.222]
  epoch 1/3: 100%|██████████| 88/88 [00:22<00:00,  4.35it/s, loss=1.222]
                                                                        

  epoch 2/3:   0%|          | 0/88 [00:00<?, ?it/s]
  epoch 2/3:   0%|          | 0/88 [00:00<?, ?it/s, loss=0.675]
  epoch 2/3:   1%|          | 1/88 [00:00<00:46,  1.88it/s, loss=0.675]
  epoch 2/3:   1%|          | 1/88 [00:00<00:46,  1.88it/s, loss=0.760]
  epoch 2/3:   2%|▏         | 2/88 [00:00<00:31,  2.73it/s, loss=0.760]
  epoch 2/3:   2%|▏         | 2/88 [00:01<00:31,  2.73it/s, loss=0.793]
  epoch 2/3:   3%|▎         | 3/88 [00:01<00:26,  3.20it/s, loss=0.793]
  epoch 2/3:   3%|▎         | 3/88 [00:01<00:26,  3.20it/s, loss=0.797]
  epoch 2/3:   5%|▍         | 4/88 [00:01<00:24,  3.49it/s, loss=0.797]
  epoch 2/3:   5%|▍         | 4/88 [00:01<00:24,  3.49it/s, loss=0.781]
  epoch 2/3:   6%|▌         | 5/88 [00:01<00:22,  3.66it/s, loss=0.781]
  epoch 2/3:   6%|▌         | 5/88 [00:01<00:22,  3.66it/s, loss=0.770]
  epoch 2/3:   7%|▋         | 6/88 [00:01<00:21,  3.77it/s, loss=0.770]
  epoch 2/3:   7%|▋         | 6/88 [00:02<00:21,  3.77it/s, loss=0.760]
  epoch 2/3:   8%|▊         | 7/88 [00:02<00:21,  3.85it/s, loss=0.760]
  epoch 2/3:   8%|▊         | 7/88 [00:02<00:21,  3.85it/s, loss=0.786]
  epoch 2/3:   9%|▉         | 8/88 [00:02<00:20,  3.82it/s, loss=0.786]
  epoch 2/3:   9%|▉         | 8/88 [00:02<00:20,  3.82it/s, loss=0.771]
  epoch 2/3:  10%|█         | 9/88 [00:02<00:20,  3.86it/s, loss=0.771]
  epoch 2/3:  10%|█         | 9/88 [00:02<00:20,  3.86it/s, loss=0.770]
  epoch 2/3:  11%|█▏        | 10/88 [00:02<00:19,  3.90it/s, loss=0.770]
  epoch 2/3:  11%|█▏        | 10/88 [00:03<00:19,  3.90it/s, loss=0.772]
  epoch 2/3:  12%|█▎        | 11/88 [00:03<00:19,  3.94it/s, loss=0.772]
  epoch 2/3:  12%|█▎        | 11/88 [00:03<00:19,  3.94it/s, loss=0.763]
  epoch 2/3:  14%|█▎        | 12/88 [00:03<00:19,  3.95it/s, loss=0.763]
  epoch 2/3:  14%|█▎        | 12/88 [00:03<00:19,  3.95it/s, loss=0.759]
  epoch 2/3:  15%|█▍        | 13/88 [00:03<00:18,  3.97it/s, loss=0.759]
  epoch 2/3:  15%|█▍        | 13/88 [00:03<00:18,  3.97it/s, loss=0.747]
  epoch 2/3:  16%|█▌        | 14/88 [00:03<00:18,  3.99it/s, loss=0.747]
  epoch 2/3:  16%|█▌        | 14/88 [00:04<00:18,  3.99it/s, loss=0.745]
  epoch 2/3:  17%|█▋        | 15/88 [00:04<00:18,  3.98it/s, loss=0.745]
  epoch 2/3:  17%|█▋        | 15/88 [00:04<00:18,  3.98it/s, loss=0.738]
  epoch 2/3:  18%|█▊        | 16/88 [00:04<00:18,  3.99it/s, loss=0.738]
  epoch 2/3:  18%|█▊        | 16/88 [00:04<00:18,  3.99it/s, loss=0.733]
  epoch 2/3:  19%|█▉        | 17/88 [00:04<00:17,  4.01it/s, loss=0.733]
  epoch 2/3:  19%|█▉        | 17/88 [00:04<00:17,  4.01it/s, loss=0.728]
  epoch 2/3:  20%|██        | 18/88 [00:04<00:17,  4.01it/s, loss=0.728]
  epoch 2/3:  20%|██        | 18/88 [00:05<00:17,  4.01it/s, loss=0.732]
  epoch 2/3:  22%|██▏       | 19/88 [00:05<00:17,  4.00it/s, loss=0.732]
  epoch 2/3:  22%|██▏       | 19/88 [00:05<00:17,  4.00it/s, loss=0.730]
  epoch 2/3:  23%|██▎       | 20/88 [00:05<00:16,  4.01it/s, loss=0.730]
  epoch 2/3:  23%|██▎       | 20/88 [00:05<00:16,  4.01it/s, loss=0.734]
  epoch 2/3:  24%|██▍       | 21/88 [00:05<00:16,  4.02it/s, loss=0.734]
  epoch 2/3:  24%|██▍       | 21/88 [00:05<00:16,  4.02it/s, loss=0.733]
  epoch 2/3:  25%|██▌       | 22/88 [00:05<00:16,  4.00it/s, loss=0.733]
  epoch 2/3:  25%|██▌       | 22/88 [00:06<00:16,  4.00it/s, loss=0.725]
  epoch 2/3:  26%|██▌       | 23/88 [00:06<00:16,  4.01it/s, loss=0.725]
  epoch 2/3:  26%|██▌       | 23/88 [00:06<00:16,  4.01it/s, loss=0.723]
  epoch 2/3:  27%|██▋       | 24/88 [00:06<00:16,  3.97it/s, loss=0.723]
  epoch 2/3:  27%|██▋       | 24/88 [00:06<00:16,  3.97it/s, loss=0.716]
  epoch 2/3:  28%|██▊       | 25/88 [00:06<00:15,  3.98it/s, loss=0.716]
  epoch 2/3:  28%|██▊       | 25/88 [00:06<00:15,  3.98it/s, loss=0.709]
  epoch 2/3:  30%|██▉       | 26/88 [00:06<00:15,  4.00it/s, loss=0.709]
  epoch 2/3:  30%|██▉       | 26/88 [00:07<00:15,  4.00it/s, loss=0.709]
  epoch 2/3:  31%|███       | 27/88 [00:07<00:15,  4.00it/s, loss=0.709]
  epoch 2/3:  31%|███       | 27/88 [00:07<00:15,  4.00it/s, loss=0.704]
  epoch 2/3:  32%|███▏      | 28/88 [00:07<00:14,  4.00it/s, loss=0.704]
  epoch 2/3:  32%|███▏      | 28/88 [00:07<00:14,  4.00it/s, loss=0.700]
  epoch 2/3:  33%|███▎      | 29/88 [00:07<00:14,  3.99it/s, loss=0.700]
  epoch 2/3:  33%|███▎      | 29/88 [00:07<00:14,  3.99it/s, loss=0.694]
  epoch 2/3:  34%|███▍      | 30/88 [00:07<00:14,  3.99it/s, loss=0.694]
  epoch 2/3:  34%|███▍      | 30/88 [00:08<00:14,  3.99it/s, loss=0.693]
  epoch 2/3:  35%|███▌      | 31/88 [00:08<00:14,  4.00it/s, loss=0.693]
  epoch 2/3:  35%|███▌      | 31/88 [00:08<00:14,  4.00it/s, loss=0.691]
  epoch 2/3:  36%|███▋      | 32/88 [00:08<00:14,  3.98it/s, loss=0.691]
  epoch 2/3:  36%|███▋      | 32/88 [00:08<00:14,  3.98it/s, loss=0.683]
  epoch 2/3:  38%|███▊      | 33/88 [00:08<00:13,  3.99it/s, loss=0.683]
  epoch 2/3:  38%|███▊      | 33/88 [00:08<00:13,  3.99it/s, loss=0.679]
  epoch 2/3:  39%|███▊      | 34/88 [00:08<00:13,  3.98it/s, loss=0.679]
  epoch 2/3:  39%|███▊      | 34/88 [00:09<00:13,  3.98it/s, loss=0.676]
  epoch 2/3:  40%|███▉      | 35/88 [00:09<00:13,  3.98it/s, loss=0.676]
  epoch 2/3:  40%|███▉      | 35/88 [00:09<00:13,  3.98it/s, loss=0.676]
  epoch 2/3:  41%|████      | 36/88 [00:09<00:12,  4.00it/s, loss=0.676]
  epoch 2/3:  41%|████      | 36/88 [00:09<00:12,  4.00it/s, loss=0.671]
  epoch 2/3:  42%|████▏     | 37/88 [00:09<00:12,  3.97it/s, loss=0.671]
  epoch 2/3:  42%|████▏     | 37/88 [00:09<00:12,  3.97it/s, loss=0.668]
  epoch 2/3:  43%|████▎     | 38/88 [00:09<00:12,  3.98it/s, loss=0.668]
  epoch 2/3:  43%|████▎     | 38/88 [00:10<00:12,  3.98it/s, loss=0.667]
  epoch 2/3:  44%|████▍     | 39/88 [00:10<00:12,  4.00it/s, loss=0.667]
  epoch 2/3:  44%|████▍     | 39/88 [00:10<00:12,  4.00it/s, loss=0.665]
  epoch 2/3:  45%|████▌     | 40/88 [00:10<00:12,  3.95it/s, loss=0.665]
  epoch 2/3:  45%|████▌     | 40/88 [00:10<00:12,  3.95it/s, loss=0.661]
  epoch 2/3:  47%|████▋     | 41/88 [00:10<00:11,  3.98it/s, loss=0.661]
  epoch 2/3:  47%|████▋     | 41/88 [00:10<00:11,  3.98it/s, loss=0.658]
  epoch 2/3:  48%|████▊     | 42/88 [00:10<00:11,  3.97it/s, loss=0.658]
  epoch 2/3:  48%|████▊     | 42/88 [00:11<00:11,  3.97it/s, loss=0.658]
  epoch 2/3:  49%|████▉     | 43/88 [00:11<00:11,  3.99it/s, loss=0.658]
  epoch 2/3:  49%|████▉     | 43/88 [00:11<00:11,  3.99it/s, loss=0.652]
  epoch 2/3:  50%|█████     | 44/88 [00:11<00:10,  4.01it/s, loss=0.652]
  epoch 2/3:  50%|█████     | 44/88 [00:11<00:10,  4.01it/s, loss=0.649]
  epoch 2/3:  51%|█████     | 45/88 [00:11<00:10,  4.02it/s, loss=0.649]
  epoch 2/3:  51%|█████     | 45/88 [00:11<00:10,  4.02it/s, loss=0.645]
  epoch 2/3:  52%|█████▏    | 46/88 [00:11<00:10,  4.00it/s, loss=0.645]
  epoch 2/3:  52%|█████▏    | 46/88 [00:12<00:10,  4.00it/s, loss=0.640]
  epoch 2/3:  53%|█████▎    | 47/88 [00:12<00:10,  4.00it/s, loss=0.640]
  epoch 2/3:  53%|█████▎    | 47/88 [00:12<00:10,  4.00it/s, loss=0.638]
  epoch 2/3:  55%|█████▍    | 48/88 [00:12<00:10,  3.99it/s, loss=0.638]
  epoch 2/3:  55%|█████▍    | 48/88 [00:12<00:10,  3.99it/s, loss=0.633]
  epoch 2/3:  56%|█████▌    | 49/88 [00:12<00:09,  3.98it/s, loss=0.633]
  epoch 2/3:  56%|█████▌    | 49/88 [00:12<00:09,  3.98it/s, loss=0.629]
  epoch 2/3:  57%|█████▋    | 50/88 [00:12<00:09,  3.98it/s, loss=0.629]
  epoch 2/3:  57%|█████▋    | 50/88 [00:13<00:09,  3.98it/s, loss=0.626]
  epoch 2/3:  58%|█████▊    | 51/88 [00:13<00:09,  3.98it/s, loss=0.626]
  epoch 2/3:  58%|█████▊    | 51/88 [00:13<00:09,  3.98it/s, loss=0.622]
  epoch 2/3:  59%|█████▉    | 52/88 [00:13<00:09,  4.00it/s, loss=0.622]
  epoch 2/3:  59%|█████▉    | 52/88 [00:13<00:09,  4.00it/s, loss=0.616]
  epoch 2/3:  60%|██████    | 53/88 [00:13<00:08,  4.01it/s, loss=0.616]
  epoch 2/3:  60%|██████    | 53/88 [00:13<00:08,  4.01it/s, loss=0.612]
  epoch 2/3:  61%|██████▏   | 54/88 [00:13<00:08,  3.99it/s, loss=0.612]
  epoch 2/3:  61%|██████▏   | 54/88 [00:14<00:08,  3.99it/s, loss=0.610]
  epoch 2/3:  62%|██████▎   | 55/88 [00:14<00:08,  4.00it/s, loss=0.610]
  epoch 2/3:  62%|██████▎   | 55/88 [00:14<00:08,  4.00it/s, loss=0.607]
  epoch 2/3:  64%|██████▎   | 56/88 [00:14<00:08,  3.95it/s, loss=0.607]
  epoch 2/3:  64%|██████▎   | 56/88 [00:14<00:08,  3.95it/s, loss=0.603]
  epoch 2/3:  65%|██████▍   | 57/88 [00:14<00:07,  3.97it/s, loss=0.603]
  epoch 2/3:  65%|██████▍   | 57/88 [00:14<00:07,  3.97it/s, loss=0.602]
  epoch 2/3:  66%|██████▌   | 58/88 [00:14<00:07,  3.95it/s, loss=0.602]
  epoch 2/3:  66%|██████▌   | 58/88 [00:15<00:07,  3.95it/s, loss=0.599]
  epoch 2/3:  67%|██████▋   | 59/88 [00:15<00:07,  3.97it/s, loss=0.599]
  epoch 2/3:  67%|██████▋   | 59/88 [00:15<00:07,  3.97it/s, loss=0.597]
  epoch 2/3:  68%|██████▊   | 60/88 [00:15<00:07,  3.96it/s, loss=0.597]
  epoch 2/3:  68%|██████▊   | 60/88 [00:15<00:07,  3.96it/s, loss=0.595]
  epoch 2/3:  69%|██████▉   | 61/88 [00:15<00:06,  3.97it/s, loss=0.595]
  epoch 2/3:  69%|██████▉   | 61/88 [00:15<00:06,  3.97it/s, loss=0.593]
  epoch 2/3:  70%|███████   | 62/88 [00:15<00:06,  3.98it/s, loss=0.593]
  epoch 2/3:  70%|███████   | 62/88 [00:16<00:06,  3.98it/s, loss=0.589]
  epoch 2/3:  72%|███████▏  | 63/88 [00:16<00:06,  3.98it/s, loss=0.589]
  epoch 2/3:  72%|███████▏  | 63/88 [00:16<00:06,  3.98it/s, loss=0.586]
  epoch 2/3:  73%|███████▎  | 64/88 [00:16<00:06,  3.98it/s, loss=0.586]
  epoch 2/3:  73%|███████▎  | 64/88 [00:16<00:06,  3.98it/s, loss=0.584]
  epoch 2/3:  74%|███████▍  | 65/88 [00:16<00:05,  3.99it/s, loss=0.584]
  epoch 2/3:  74%|███████▍  | 65/88 [00:16<00:05,  3.99it/s, loss=0.580]
  epoch 2/3:  75%|███████▌  | 66/88 [00:16<00:05,  3.99it/s, loss=0.580]
  epoch 2/3:  75%|███████▌  | 66/88 [00:17<00:05,  3.99it/s, loss=0.580]
  epoch 2/3:  76%|███████▌  | 67/88 [00:17<00:05,  3.99it/s, loss=0.580]
  epoch 2/3:  76%|███████▌  | 67/88 [00:17<00:05,  3.99it/s, loss=0.578]
  epoch 2/3:  77%|███████▋  | 68/88 [00:17<00:04,  4.00it/s, loss=0.578]
  epoch 2/3:  77%|███████▋  | 68/88 [00:17<00:04,  4.00it/s, loss=0.574]
  epoch 2/3:  78%|███████▊  | 69/88 [00:17<00:04,  3.99it/s, loss=0.574]
  epoch 2/3:  78%|███████▊  | 69/88 [00:17<00:04,  3.99it/s, loss=0.569]
  epoch 2/3:  80%|███████▉  | 70/88 [00:17<00:04,  4.00it/s, loss=0.569]
  epoch 2/3:  80%|███████▉  | 70/88 [00:18<00:04,  4.00it/s, loss=0.567]
  epoch 2/3:  81%|████████  | 71/88 [00:18<00:04,  3.99it/s, loss=0.567]
  epoch 2/3:  81%|████████  | 71/88 [00:18<00:04,  3.99it/s, loss=0.564]
  epoch 2/3:  82%|████████▏ | 72/88 [00:18<00:04,  3.93it/s, loss=0.564]
  epoch 2/3:  82%|████████▏ | 72/88 [00:18<00:04,  3.93it/s, loss=0.561]
  epoch 2/3:  83%|████████▎ | 73/88 [00:18<00:03,  3.95it/s, loss=0.561]
  epoch 2/3:  83%|████████▎ | 73/88 [00:18<00:03,  3.95it/s, loss=0.559]
  epoch 2/3:  84%|████████▍ | 74/88 [00:18<00:03,  3.96it/s, loss=0.559]
  epoch 2/3:  84%|████████▍ | 74/88 [00:19<00:03,  3.96it/s, loss=0.555]
  epoch 2/3:  85%|████████▌ | 75/88 [00:19<00:03,  3.97it/s, loss=0.555]
  epoch 2/3:  85%|████████▌ | 75/88 [00:19<00:03,  3.97it/s, loss=0.554]
  epoch 2/3:  86%|████████▋ | 76/88 [00:19<00:03,  3.98it/s, loss=0.554]
  epoch 2/3:  86%|████████▋ | 76/88 [00:19<00:03,  3.98it/s, loss=0.551]
  epoch 2/3:  88%|████████▊ | 77/88 [00:19<00:02,  3.98it/s, loss=0.551]
  epoch 2/3:  88%|████████▊ | 77/88 [00:19<00:02,  3.98it/s, loss=0.548]
  epoch 2/3:  89%|████████▊ | 78/88 [00:19<00:02,  4.01it/s, loss=0.548]
  epoch 2/3:  89%|████████▊ | 78/88 [00:20<00:02,  4.01it/s, loss=0.547]
  epoch 2/3:  90%|████████▉ | 79/88 [00:20<00:02,  3.99it/s, loss=0.547]
  epoch 2/3:  90%|████████▉ | 79/88 [00:20<00:02,  3.99it/s, loss=0.545]
  epoch 2/3:  91%|█████████ | 80/88 [00:20<00:02,  4.00it/s, loss=0.545]
  epoch 2/3:  91%|█████████ | 80/88 [00:20<00:02,  4.00it/s, loss=0.543]
  epoch 2/3:  92%|█████████▏| 81/88 [00:20<00:01,  4.02it/s, loss=0.543]
  epoch 2/3:  92%|█████████▏| 81/88 [00:20<00:01,  4.02it/s, loss=0.541]
  epoch 2/3:  93%|█████████▎| 82/88 [00:20<00:01,  4.02it/s, loss=0.541]
  epoch 2/3:  93%|█████████▎| 82/88 [00:21<00:01,  4.02it/s, loss=0.539]
  epoch 2/3:  94%|█████████▍| 83/88 [00:21<00:01,  4.02it/s, loss=0.539]
  epoch 2/3:  94%|█████████▍| 83/88 [00:21<00:01,  4.02it/s, loss=0.537]
  epoch 2/3:  95%|█████████▌| 84/88 [00:21<00:00,  4.02it/s, loss=0.537]
  epoch 2/3:  95%|█████████▌| 84/88 [00:21<00:00,  4.02it/s, loss=0.534]
  epoch 2/3:  97%|█████████▋| 85/88 [00:21<00:00,  4.00it/s, loss=0.534]
  epoch 2/3:  97%|█████████▋| 85/88 [00:21<00:00,  4.00it/s, loss=0.532]
  epoch 2/3:  98%|█████████▊| 86/88 [00:21<00:00,  4.00it/s, loss=0.532]
  epoch 2/3:  98%|█████████▊| 86/88 [00:22<00:00,  4.00it/s, loss=0.529]
  epoch 2/3:  99%|█████████▉| 87/88 [00:22<00:00,  4.01it/s, loss=0.529]
  epoch 2/3:  99%|█████████▉| 87/88 [00:22<00:00,  4.01it/s, loss=0.529]
  epoch 2/3: 100%|██████████| 88/88 [00:22<00:00,  4.27it/s, loss=0.529]
                                                                        

  epoch 3/3:   0%|          | 0/88 [00:00<?, ?it/s]
  epoch 3/3:   0%|          | 0/88 [00:00<?, ?it/s, loss=0.323]
  epoch 3/3:   1%|          | 1/88 [00:00<00:46,  1.89it/s, loss=0.323]
  epoch 3/3:   1%|          | 1/88 [00:00<00:46,  1.89it/s, loss=0.329]
  epoch 3/3:   2%|▏         | 2/88 [00:00<00:31,  2.73it/s, loss=0.329]
  epoch 3/3:   2%|▏         | 2/88 [00:01<00:31,  2.73it/s, loss=0.378]
  epoch 3/3:   3%|▎         | 3/88 [00:01<00:26,  3.21it/s, loss=0.378]
  epoch 3/3:   3%|▎         | 3/88 [00:01<00:26,  3.21it/s, loss=0.370]
  epoch 3/3:   5%|▍         | 4/88 [00:01<00:23,  3.50it/s, loss=0.370]
  epoch 3/3:   5%|▍         | 4/88 [00:01<00:23,  3.50it/s, loss=0.381]
  epoch 3/3:   6%|▌         | 5/88 [00:01<00:22,  3.67it/s, loss=0.381]
  epoch 3/3:   6%|▌         | 5/88 [00:01<00:22,  3.67it/s, loss=0.367]
  epoch 3/3:   7%|▋         | 6/88 [00:01<00:21,  3.77it/s, loss=0.367]
  epoch 3/3:   7%|▋         | 6/88 [00:02<00:21,  3.77it/s, loss=0.374]
  epoch 3/3:   8%|▊         | 7/88 [00:02<00:21,  3.85it/s, loss=0.374]
  epoch 3/3:   8%|▊         | 7/88 [00:02<00:21,  3.85it/s, loss=0.371]
  epoch 3/3:   9%|▉         | 8/88 [00:02<00:20,  3.87it/s, loss=0.371]
  epoch 3/3:   9%|▉         | 8/88 [00:02<00:20,  3.87it/s, loss=0.365]
  epoch 3/3:  10%|█         | 9/88 [00:02<00:20,  3.91it/s, loss=0.365]
  epoch 3/3:  10%|█         | 9/88 [00:02<00:20,  3.91it/s, loss=0.356]
  epoch 3/3:  11%|█▏        | 10/88 [00:02<00:19,  3.94it/s, loss=0.356]
  epoch 3/3:  11%|█▏        | 10/88 [00:03<00:19,  3.94it/s, loss=0.354]
  epoch 3/3:  12%|█▎        | 11/88 [00:03<00:19,  3.96it/s, loss=0.354]
  epoch 3/3:  12%|█▎        | 11/88 [00:03<00:19,  3.96it/s, loss=0.357]
  epoch 3/3:  14%|█▎        | 12/88 [00:03<00:19,  3.97it/s, loss=0.357]
  epoch 3/3:  14%|█▎        | 12/88 [00:03<00:19,  3.97it/s, loss=0.345]
  epoch 3/3:  15%|█▍        | 13/88 [00:03<00:18,  3.99it/s, loss=0.345]
  epoch 3/3:  15%|█▍        | 13/88 [00:03<00:18,  3.99it/s, loss=0.348]
  epoch 3/3:  16%|█▌        | 14/88 [00:03<00:18,  3.98it/s, loss=0.348]
  epoch 3/3:  16%|█▌        | 14/88 [00:04<00:18,  3.98it/s, loss=0.348]
  epoch 3/3:  17%|█▋        | 15/88 [00:04<00:18,  3.99it/s, loss=0.348]
  epoch 3/3:  17%|█▋        | 15/88 [00:04<00:18,  3.99it/s, loss=0.345]
  epoch 3/3:  18%|█▊        | 16/88 [00:04<00:18,  3.94it/s, loss=0.345]
  epoch 3/3:  18%|█▊        | 16/88 [00:04<00:18,  3.94it/s, loss=0.339]
  epoch 3/3:  19%|█▉        | 17/88 [00:04<00:17,  3.96it/s, loss=0.339]
  epoch 3/3:  19%|█▉        | 17/88 [00:04<00:17,  3.96it/s, loss=0.338]
  epoch 3/3:  20%|██        | 18/88 [00:04<00:17,  3.96it/s, loss=0.338]
  epoch 3/3:  20%|██        | 18/88 [00:05<00:17,  3.96it/s, loss=0.337]
  epoch 3/3:  22%|██▏       | 19/88 [00:05<00:17,  3.97it/s, loss=0.337]
  epoch 3/3:  22%|██▏       | 19/88 [00:05<00:17,  3.97it/s, loss=0.339]
  epoch 3/3:  23%|██▎       | 20/88 [00:05<00:17,  3.99it/s, loss=0.339]
  epoch 3/3:  23%|██▎       | 20/88 [00:05<00:17,  3.99it/s, loss=0.335]
  epoch 3/3:  24%|██▍       | 21/88 [00:05<00:16,  3.99it/s, loss=0.335]
  epoch 3/3:  24%|██▍       | 21/88 [00:05<00:16,  3.99it/s, loss=0.339]
  epoch 3/3:  25%|██▌       | 22/88 [00:05<00:16,  4.00it/s, loss=0.339]
  epoch 3/3:  25%|██▌       | 22/88 [00:06<00:16,  4.00it/s, loss=0.331]
  epoch 3/3:  26%|██▌       | 23/88 [00:06<00:16,  4.01it/s, loss=0.331]
  epoch 3/3:  26%|██▌       | 23/88 [00:06<00:16,  4.01it/s, loss=0.327]
  epoch 3/3:  27%|██▋       | 24/88 [00:06<00:15,  4.02it/s, loss=0.327]
  epoch 3/3:  27%|██▋       | 24/88 [00:06<00:15,  4.02it/s, loss=0.325]
  epoch 3/3:  28%|██▊       | 25/88 [00:06<00:15,  4.03it/s, loss=0.325]
  epoch 3/3:  28%|██▊       | 25/88 [00:06<00:15,  4.03it/s, loss=0.320]
  epoch 3/3:  30%|██▉       | 26/88 [00:06<00:15,  4.01it/s, loss=0.320]
  epoch 3/3:  30%|██▉       | 26/88 [00:07<00:15,  4.01it/s, loss=0.322]
  epoch 3/3:  31%|███       | 27/88 [00:07<00:15,  4.02it/s, loss=0.322]
  epoch 3/3:  31%|███       | 27/88 [00:07<00:15,  4.02it/s, loss=0.321]
  epoch 3/3:  32%|███▏      | 28/88 [00:07<00:14,  4.03it/s, loss=0.321]
  epoch 3/3:  32%|███▏      | 28/88 [00:07<00:14,  4.03it/s, loss=0.316]
  epoch 3/3:  33%|███▎      | 29/88 [00:07<00:14,  4.03it/s, loss=0.316]
  epoch 3/3:  33%|███▎      | 29/88 [00:07<00:14,  4.03it/s, loss=0.317]
  epoch 3/3:  34%|███▍      | 30/88 [00:07<00:14,  4.02it/s, loss=0.317]
  epoch 3/3:  34%|███▍      | 30/88 [00:08<00:14,  4.02it/s, loss=0.315]
  epoch 3/3:  35%|███▌      | 31/88 [00:08<00:14,  4.02it/s, loss=0.315]
  epoch 3/3:  35%|███▌      | 31/88 [00:08<00:14,  4.02it/s, loss=0.315]
  epoch 3/3:  36%|███▋      | 32/88 [00:08<00:14,  3.96it/s, loss=0.315]
  epoch 3/3:  36%|███▋      | 32/88 [00:08<00:14,  3.96it/s, loss=0.316]
  epoch 3/3:  38%|███▊      | 33/88 [00:08<00:13,  3.99it/s, loss=0.316]
  epoch 3/3:  38%|███▊      | 33/88 [00:08<00:13,  3.99it/s, loss=0.315]
  epoch 3/3:  39%|███▊      | 34/88 [00:08<00:13,  4.01it/s, loss=0.315]
  epoch 3/3:  39%|███▊      | 34/88 [00:09<00:13,  4.01it/s, loss=0.312]
  epoch 3/3:  40%|███▉      | 35/88 [00:09<00:13,  4.00it/s, loss=0.312]
  epoch 3/3:  40%|███▉      | 35/88 [00:09<00:13,  4.00it/s, loss=0.311]
  epoch 3/3:  41%|████      | 36/88 [00:09<00:12,  4.01it/s, loss=0.311]
  epoch 3/3:  41%|████      | 36/88 [00:09<00:12,  4.01it/s, loss=0.307]
  epoch 3/3:  42%|████▏     | 37/88 [00:09<00:12,  4.00it/s, loss=0.307]
  epoch 3/3:  42%|████▏     | 37/88 [00:09<00:12,  4.00it/s, loss=0.305]
  epoch 3/3:  43%|████▎     | 38/88 [00:09<00:12,  4.00it/s, loss=0.305]
  epoch 3/3:  43%|████▎     | 38/88 [00:10<00:12,  4.00it/s, loss=0.304]
  epoch 3/3:  44%|████▍     | 39/88 [00:10<00:12,  4.00it/s, loss=0.304]
  epoch 3/3:  44%|████▍     | 39/88 [00:10<00:12,  4.00it/s, loss=0.304]
  epoch 3/3:  45%|████▌     | 40/88 [00:10<00:11,  4.01it/s, loss=0.304]
  epoch 3/3:  45%|████▌     | 40/88 [00:10<00:11,  4.01it/s, loss=0.304]
  epoch 3/3:  47%|████▋     | 41/88 [00:10<00:11,  4.01it/s, loss=0.304]
  epoch 3/3:  47%|████▋     | 41/88 [00:10<00:11,  4.01it/s, loss=0.304]
  epoch 3/3:  48%|████▊     | 42/88 [00:10<00:11,  4.00it/s, loss=0.304]
  epoch 3/3:  48%|████▊     | 42/88 [00:11<00:11,  4.00it/s, loss=0.303]
  epoch 3/3:  49%|████▉     | 43/88 [00:11<00:11,  4.02it/s, loss=0.303]
  epoch 3/3:  49%|████▉     | 43/88 [00:11<00:11,  4.02it/s, loss=0.302]
  epoch 3/3:  50%|█████     | 44/88 [00:11<00:11,  4.00it/s, loss=0.302]
  epoch 3/3:  50%|█████     | 44/88 [00:11<00:11,  4.00it/s, loss=0.301]
  epoch 3/3:  51%|█████     | 45/88 [00:11<00:10,  4.00it/s, loss=0.301]
  epoch 3/3:  51%|█████     | 45/88 [00:11<00:10,  4.00it/s, loss=0.300]
  epoch 3/3:  52%|█████▏    | 46/88 [00:11<00:10,  4.02it/s, loss=0.300]
  epoch 3/3:  52%|█████▏    | 46/88 [00:12<00:10,  4.02it/s, loss=0.298]
  epoch 3/3:  53%|█████▎    | 47/88 [00:12<00:10,  4.00it/s, loss=0.298]
  epoch 3/3:  53%|█████▎    | 47/88 [00:12<00:10,  4.00it/s, loss=0.297]
  epoch 3/3:  55%|█████▍    | 48/88 [00:12<00:10,  3.95it/s, loss=0.297]
  epoch 3/3:  55%|█████▍    | 48/88 [00:12<00:10,  3.95it/s, loss=0.296]
  epoch 3/3:  56%|█████▌    | 49/88 [00:12<00:09,  3.96it/s, loss=0.296]
  epoch 3/3:  56%|█████▌    | 49/88 [00:12<00:09,  3.96it/s, loss=0.296]
  epoch 3/3:  57%|█████▋    | 50/88 [00:12<00:09,  3.98it/s, loss=0.296]
  epoch 3/3:  57%|█████▋    | 50/88 [00:13<00:09,  3.98it/s, loss=0.293]
  epoch 3/3:  58%|█████▊    | 51/88 [00:13<00:09,  4.00it/s, loss=0.293]
  epoch 3/3:  58%|█████▊    | 51/88 [00:13<00:09,  4.00it/s, loss=0.294]
  epoch 3/3:  59%|█████▉    | 52/88 [00:13<00:09,  4.00it/s, loss=0.294]
  epoch 3/3:  59%|█████▉    | 52/88 [00:13<00:09,  4.00it/s, loss=0.293]
  epoch 3/3:  60%|██████    | 53/88 [00:13<00:08,  4.00it/s, loss=0.293]
  epoch 3/3:  60%|██████    | 53/88 [00:13<00:08,  4.00it/s, loss=0.293]
  epoch 3/3:  61%|██████▏   | 54/88 [00:13<00:08,  4.01it/s, loss=0.293]
  epoch 3/3:  61%|██████▏   | 54/88 [00:14<00:08,  4.01it/s, loss=0.292]
  epoch 3/3:  62%|██████▎   | 55/88 [00:14<00:08,  3.99it/s, loss=0.292]
  epoch 3/3:  62%|██████▎   | 55/88 [00:14<00:08,  3.99it/s, loss=0.291]
  epoch 3/3:  64%|██████▎   | 56/88 [00:14<00:08,  4.00it/s, loss=0.291]
  epoch 3/3:  64%|██████▎   | 56/88 [00:14<00:08,  4.00it/s, loss=0.291]
  epoch 3/3:  65%|██████▍   | 57/88 [00:14<00:07,  4.02it/s, loss=0.291]
  epoch 3/3:  65%|██████▍   | 57/88 [00:14<00:07,  4.02it/s, loss=0.290]
  epoch 3/3:  66%|██████▌   | 58/88 [00:14<00:07,  4.01it/s, loss=0.290]
  epoch 3/3:  66%|██████▌   | 58/88 [00:15<00:07,  4.01it/s, loss=0.288]
  epoch 3/3:  67%|██████▋   | 59/88 [00:15<00:07,  4.02it/s, loss=0.288]
  epoch 3/3:  67%|██████▋   | 59/88 [00:15<00:07,  4.02it/s, loss=0.287]
  epoch 3/3:  68%|██████▊   | 60/88 [00:15<00:06,  4.02it/s, loss=0.287]
  epoch 3/3:  68%|██████▊   | 60/88 [00:15<00:06,  4.02it/s, loss=0.286]
  epoch 3/3:  69%|██████▉   | 61/88 [00:15<00:06,  4.04it/s, loss=0.286]
  epoch 3/3:  69%|██████▉   | 61/88 [00:15<00:06,  4.04it/s, loss=0.286]
  epoch 3/3:  70%|███████   | 62/88 [00:15<00:06,  4.04it/s, loss=0.286]
  epoch 3/3:  70%|███████   | 62/88 [00:16<00:06,  4.04it/s, loss=0.286]
  epoch 3/3:  72%|███████▏  | 63/88 [00:16<00:06,  4.03it/s, loss=0.286]
  epoch 3/3:  72%|███████▏  | 63/88 [00:16<00:06,  4.03it/s, loss=0.285]
  epoch 3/3:  73%|███████▎  | 64/88 [00:16<00:06,  3.97it/s, loss=0.285]
  epoch 3/3:  73%|███████▎  | 64/88 [00:16<00:06,  3.97it/s, loss=0.286]
  epoch 3/3:  74%|███████▍  | 65/88 [00:16<00:05,  3.97it/s, loss=0.286]
  epoch 3/3:  74%|███████▍  | 65/88 [00:16<00:05,  3.97it/s, loss=0.286]
  epoch 3/3:  75%|███████▌  | 66/88 [00:16<00:05,  3.99it/s, loss=0.286]
  epoch 3/3:  75%|███████▌  | 66/88 [00:17<00:05,  3.99it/s, loss=0.285]
  epoch 3/3:  76%|███████▌  | 67/88 [00:17<00:05,  3.99it/s, loss=0.285]
  epoch 3/3:  76%|███████▌  | 67/88 [00:17<00:05,  3.99it/s, loss=0.285]
  epoch 3/3:  77%|███████▋  | 68/88 [00:17<00:05,  3.98it/s, loss=0.285]
  epoch 3/3:  77%|███████▋  | 68/88 [00:17<00:05,  3.98it/s, loss=0.284]
  epoch 3/3:  78%|███████▊  | 69/88 [00:17<00:04,  4.00it/s, loss=0.284]
  epoch 3/3:  78%|███████▊  | 69/88 [00:17<00:04,  4.00it/s, loss=0.282]
  epoch 3/3:  80%|███████▉  | 70/88 [00:17<00:04,  4.03it/s, loss=0.282]
  epoch 3/3:  80%|███████▉  | 70/88 [00:18<00:04,  4.03it/s, loss=0.283]
  epoch 3/3:  81%|████████  | 71/88 [00:18<00:04,  4.05it/s, loss=0.283]
  epoch 3/3:  81%|████████  | 71/88 [00:18<00:04,  4.05it/s, loss=0.282]
  epoch 3/3:  82%|████████▏ | 72/88 [00:18<00:03,  4.06it/s, loss=0.282]
  epoch 3/3:  82%|████████▏ | 72/88 [00:18<00:03,  4.06it/s, loss=0.282]
  epoch 3/3:  83%|████████▎ | 73/88 [00:18<00:03,  4.02it/s, loss=0.282]
  epoch 3/3:  83%|████████▎ | 73/88 [00:18<00:03,  4.02it/s, loss=0.281]
  epoch 3/3:  84%|████████▍ | 74/88 [00:18<00:03,  4.02it/s, loss=0.281]
  epoch 3/3:  84%|████████▍ | 74/88 [00:19<00:03,  4.02it/s, loss=0.279]
  epoch 3/3:  85%|████████▌ | 75/88 [00:19<00:03,  4.03it/s, loss=0.279]
  epoch 3/3:  85%|████████▌ | 75/88 [00:19<00:03,  4.03it/s, loss=0.279]
  epoch 3/3:  86%|████████▋ | 76/88 [00:19<00:02,  4.03it/s, loss=0.279]
  epoch 3/3:  86%|████████▋ | 76/88 [00:19<00:02,  4.03it/s, loss=0.278]
  epoch 3/3:  88%|████████▊ | 77/88 [00:19<00:02,  4.01it/s, loss=0.278]
  epoch 3/3:  88%|████████▊ | 77/88 [00:19<00:02,  4.01it/s, loss=0.277]
  epoch 3/3:  89%|████████▊ | 78/88 [00:19<00:02,  4.01it/s, loss=0.277]
  epoch 3/3:  89%|████████▊ | 78/88 [00:20<00:02,  4.01it/s, loss=0.276]
  epoch 3/3:  90%|████████▉ | 79/88 [00:20<00:02,  4.04it/s, loss=0.276]
  epoch 3/3:  90%|████████▉ | 79/88 [00:20<00:02,  4.04it/s, loss=0.275]
  epoch 3/3:  91%|█████████ | 80/88 [00:20<00:02,  4.00it/s, loss=0.275]
  epoch 3/3:  91%|█████████ | 80/88 [00:20<00:02,  4.00it/s, loss=0.274]
  epoch 3/3:  92%|█████████▏| 81/88 [00:20<00:01,  4.01it/s, loss=0.274]
  epoch 3/3:  92%|█████████▏| 81/88 [00:20<00:01,  4.01it/s, loss=0.274]
  epoch 3/3:  93%|█████████▎| 82/88 [00:20<00:01,  4.02it/s, loss=0.274]
  epoch 3/3:  93%|█████████▎| 82/88 [00:20<00:01,  4.02it/s, loss=0.273]
  epoch 3/3:  94%|█████████▍| 83/88 [00:20<00:01,  4.04it/s, loss=0.273]
  epoch 3/3:  94%|█████████▍| 83/88 [00:21<00:01,  4.04it/s, loss=0.274]
  epoch 3/3:  95%|█████████▌| 84/88 [00:21<00:00,  4.05it/s, loss=0.274]
  epoch 3/3:  95%|█████████▌| 84/88 [00:21<00:00,  4.05it/s, loss=0.272]
  epoch 3/3:  97%|█████████▋| 85/88 [00:21<00:00,  4.06it/s, loss=0.272]
  epoch 3/3:  97%|█████████▋| 85/88 [00:21<00:00,  4.06it/s, loss=0.270]
  epoch 3/3:  98%|█████████▊| 86/88 [00:21<00:00,  4.02it/s, loss=0.270]
  epoch 3/3:  98%|█████████▊| 86/88 [00:21<00:00,  4.02it/s, loss=0.271]
  epoch 3/3:  99%|█████████▉| 87/88 [00:21<00:00,  4.02it/s, loss=0.271]
  epoch 3/3:  99%|█████████▉| 87/88 [00:22<00:00,  4.02it/s, loss=0.270]
  epoch 3/3: 100%|██████████| 88/88 [00:22<00:00,  4.35it/s, loss=0.270]
                                                                        
[titans] reset=never | norm(state) sau task = 82.4919
[titans]   self-mod v:β=1.07 |W|=1.66
[titans]   eta_t(avg)=8.9651  alpha_t/forget-gate(avg)=0.9994
[task 2] test acc so far: 0.914  0.694  0.574
[task 2] NCM-blend gamma=0: 0.823  0.757  0.786
[task 2] NCM-blend gamma=0.25: 0.826  0.763  0.791
[checkpoint] đã lưu tiến độ sau task 2
[task 3] classes=[2, 24, 33, 35, 42] | train=2800

  epoch 1/3:   0%|          | 0/88 [00:00<?, ?it/s]
  epoch 1/3:   0%|          | 0/88 [00:00<?, ?it/s, loss=1.690]
  epoch 1/3:   1%|          | 1/88 [00:00<00:54,  1.60it/s, loss=1.690]
  epoch 1/3:   1%|          | 1/88 [00:00<00:54,  1.60it/s, loss=1.722]
  epoch 1/3:   2%|▏         | 2/88 [00:00<00:34,  2.48it/s, loss=1.722]
  epoch 1/3:   2%|▏         | 2/88 [00:01<00:34,  2.48it/s, loss=1.719]
  epoch 1/3:   3%|▎         | 3/88 [00:01<00:28,  3.01it/s, loss=1.719]
  epoch 1/3:   3%|▎         | 3/88 [00:01<00:28,  3.01it/s, loss=1.782]
  epoch 1/3:   5%|▍         | 4/88 [00:01<00:25,  3.35it/s, loss=1.782]
  epoch 1/3:   5%|▍         | 4/88 [00:01<00:25,  3.35it/s, loss=1.776]
  epoch 1/3:   6%|▌         | 5/88 [00:01<00:23,  3.56it/s, loss=1.776]
  epoch 1/3:   6%|▌         | 5/88 [00:01<00:23,  3.56it/s, loss=1.763]
  epoch 1/3:   7%|▋         | 6/88 [00:01<00:22,  3.70it/s, loss=1.763]
  epoch 1/3:   7%|▋         | 6/88 [00:02<00:22,  3.70it/s, loss=1.752]
  epoch 1/3:   8%|▊         | 7/88 [00:02<00:21,  3.80it/s, loss=1.752]
  epoch 1/3:   8%|▊         | 7/88 [00:02<00:21,  3.80it/s, loss=1.746]
  epoch 1/3:   9%|▉         | 8/88 [00:02<00:20,  3.83it/s, loss=1.746]
  epoch 1/3:   9%|▉         | 8/88 [00:02<00:20,  3.83it/s, loss=1.750]
  epoch 1/3:  10%|█         | 9/88 [00:02<00:20,  3.90it/s, loss=1.750]
  epoch 1/3:  10%|█         | 9/88 [00:02<00:20,  3.90it/s, loss=1.741]
  epoch 1/3:  11%|█▏        | 10/88 [00:02<00:19,  3.94it/s, loss=1.741]
  epoch 1/3:  11%|█▏        | 10/88 [00:03<00:19,  3.94it/s, loss=1.718]
  epoch 1/3:  12%|█▎        | 11/88 [00:03<00:19,  3.98it/s, loss=1.718]
  epoch 1/3:  12%|█▎        | 11/88 [00:03<00:19,  3.98it/s, loss=1.708]
  epoch 1/3:  14%|█▎        | 12/88 [00:03<00:18,  4.01it/s, loss=1.708]
  epoch 1/3:  14%|█▎        | 12/88 [00:03<00:18,  4.01it/s, loss=1.697]
  epoch 1/3:  15%|█▍        | 13/88 [00:03<00:18,  4.00it/s, loss=1.697]
  epoch 1/3:  15%|█▍        | 13/88 [00:03<00:18,  4.00it/s, loss=1.691]
  epoch 1/3:  16%|█▌        | 14/88 [00:03<00:18,  4.01it/s, loss=1.691]
  epoch 1/3:  16%|█▌        | 14/88 [00:04<00:18,  4.01it/s, loss=1.681]
  epoch 1/3:  17%|█▋        | 15/88 [00:04<00:18,  4.02it/s, loss=1.681]
  epoch 1/3:  17%|█▋        | 15/88 [00:04<00:18,  4.02it/s, loss=1.682]
  epoch 1/3:  18%|█▊        | 16/88 [00:04<00:17,  4.04it/s, loss=1.682]
  epoch 1/3:  18%|█▊        | 16/88 [00:04<00:17,  4.04it/s, loss=1.672]
  epoch 1/3:  19%|█▉        | 17/88 [00:04<00:17,  4.03it/s, loss=1.672]
  epoch 1/3:  19%|█▉        | 17/88 [00:04<00:17,  4.03it/s, loss=1.669]
  epoch 1/3:  20%|██        | 18/88 [00:04<00:17,  4.03it/s, loss=1.669]
  epoch 1/3:  20%|██        | 18/88 [00:05<00:17,  4.03it/s, loss=1.657]
  epoch 1/3:  22%|██▏       | 19/88 [00:05<00:17,  4.04it/s, loss=1.657]
  epoch 1/3:  22%|██▏       | 19/88 [00:05<00:17,  4.04it/s, loss=1.644]
  epoch 1/3:  23%|██▎       | 20/88 [00:05<00:16,  4.04it/s, loss=1.644]
  epoch 1/3:  23%|██▎       | 20/88 [00:05<00:16,  4.04it/s, loss=1.636]
  epoch 1/3:  24%|██▍       | 21/88 [00:05<00:16,  4.03it/s, loss=1.636]
  epoch 1/3:  24%|██▍       | 21/88 [00:05<00:16,  4.03it/s, loss=1.636]
  epoch 1/3:  25%|██▌       | 22/88 [00:05<00:16,  4.03it/s, loss=1.636]
  epoch 1/3:  25%|██▌       | 22/88 [00:06<00:16,  4.03it/s, loss=1.629]
  epoch 1/3:  26%|██▌       | 23/88 [00:06<00:16,  4.03it/s, loss=1.629]
  epoch 1/3:  26%|██▌       | 23/88 [00:06<00:16,  4.03it/s, loss=1.623]
  epoch 1/3:  27%|██▋       | 24/88 [00:06<00:16,  3.98it/s, loss=1.623]
  epoch 1/3:  27%|██▋       | 24/88 [00:06<00:16,  3.98it/s, loss=1.619]
  epoch 1/3:  28%|██▊       | 25/88 [00:06<00:15,  4.00it/s, loss=1.619]
  epoch 1/3:  28%|██▊       | 25/88 [00:06<00:15,  4.00it/s, loss=1.609]
  epoch 1/3:  30%|██▉       | 26/88 [00:06<00:15,  4.00it/s, loss=1.609]
  epoch 1/3:  30%|██▉       | 26/88 [00:07<00:15,  4.00it/s, loss=1.603]
  epoch 1/3:  31%|███       | 27/88 [00:07<00:15,  4.01it/s, loss=1.603]
  epoch 1/3:  31%|███       | 27/88 [00:07<00:15,  4.01it/s, loss=1.593]
  epoch 1/3:  32%|███▏      | 28/88 [00:07<00:14,  4.02it/s, loss=1.593]
  epoch 1/3:  32%|███▏      | 28/88 [00:07<00:14,  4.02it/s, loss=1.585]
  epoch 1/3:  33%|███▎      | 29/88 [00:07<00:14,  4.02it/s, loss=1.585]
  epoch 1/3:  33%|███▎      | 29/88 [00:07<00:14,  4.02it/s, loss=1.576]
  epoch 1/3:  34%|███▍      | 30/88 [00:07<00:14,  4.03it/s, loss=1.576]
  epoch 1/3:  34%|███▍      | 30/88 [00:08<00:14,  4.03it/s, loss=1.567]
  epoch 1/3:  35%|███▌      | 31/88 [00:08<00:14,  4.03it/s, loss=1.567]
  epoch 1/3:  35%|███▌      | 31/88 [00:08<00:14,  4.03it/s, loss=1.557]
  epoch 1/3:  36%|███▋      | 32/88 [00:08<00:13,  4.01it/s, loss=1.557]
  epoch 1/3:  36%|███▋      | 32/88 [00:08<00:13,  4.01it/s, loss=1.549]
  epoch 1/3:  38%|███▊      | 33/88 [00:08<00:13,  4.02it/s, loss=1.549]
  epoch 1/3:  38%|███▊      | 33/88 [00:08<00:13,  4.02it/s, loss=1.543]
  epoch 1/3:  39%|███▊      | 34/88 [00:08<00:13,  4.03it/s, loss=1.543]
  epoch 1/3:  39%|███▊      | 34/88 [00:09<00:13,  4.03it/s, loss=1.537]
  epoch 1/3:  40%|███▉      | 35/88 [00:09<00:13,  4.02it/s, loss=1.537]
  epoch 1/3:  40%|███▉      | 35/88 [00:09<00:13,  4.02it/s, loss=1.530]
  epoch 1/3:  41%|████      | 36/88 [00:09<00:12,  4.02it/s, loss=1.530]
  epoch 1/3:  41%|████      | 36/88 [00:09<00:12,  4.02it/s, loss=1.523]
  epoch 1/3:  42%|████▏     | 37/88 [00:09<00:12,  4.02it/s, loss=1.523]
  epoch 1/3:  42%|████▏     | 37/88 [00:09<00:12,  4.02it/s, loss=1.516]
  epoch 1/3:  43%|████▎     | 38/88 [00:09<00:12,  4.03it/s, loss=1.516]
  epoch 1/3:  43%|████▎     | 38/88 [00:10<00:12,  4.03it/s, loss=1.504]
  epoch 1/3:  44%|████▍     | 39/88 [00:10<00:12,  4.03it/s, loss=1.504]
  epoch 1/3:  44%|████▍     | 39/88 [00:10<00:12,  4.03it/s, loss=1.496]
  epoch 1/3:  45%|████▌     | 40/88 [00:10<00:12,  3.97it/s, loss=1.496]
  epoch 1/3:  45%|████▌     | 40/88 [00:10<00:12,  3.97it/s, loss=1.489]
  epoch 1/3:  47%|████▋     | 41/88 [00:10<00:11,  3.99it/s, loss=1.489]
  epoch 1/3:  47%|████▋     | 41/88 [00:10<00:11,  3.99it/s, loss=1.479]
  epoch 1/3:  48%|████▊     | 42/88 [00:10<00:11,  4.00it/s, loss=1.479]
  epoch 1/3:  48%|████▊     | 42/88 [00:11<00:11,  4.00it/s, loss=1.470]
  epoch 1/3:  49%|████▉     | 43/88 [00:11<00:11,  4.01it/s, loss=1.470]
  epoch 1/3:  49%|████▉     | 43/88 [00:11<00:11,  4.01it/s, loss=1.462]
  epoch 1/3:  50%|█████     | 44/88 [00:11<00:10,  4.03it/s, loss=1.462]
  epoch 1/3:  50%|█████     | 44/88 [00:11<00:10,  4.03it/s, loss=1.458]
  epoch 1/3:  51%|█████     | 45/88 [00:11<00:10,  4.04it/s, loss=1.458]
  epoch 1/3:  51%|█████     | 45/88 [00:11<00:10,  4.04it/s, loss=1.448]
  epoch 1/3:  52%|█████▏    | 46/88 [00:11<00:10,  4.02it/s, loss=1.448]
  epoch 1/3:  52%|█████▏    | 46/88 [00:12<00:10,  4.02it/s, loss=1.440]
  epoch 1/3:  53%|█████▎    | 47/88 [00:12<00:10,  4.01it/s, loss=1.440]
  epoch 1/3:  53%|█████▎    | 47/88 [00:12<00:10,  4.01it/s, loss=1.433]
  epoch 1/3:  55%|█████▍    | 48/88 [00:12<00:09,  4.02it/s, loss=1.433]
  epoch 1/3:  55%|█████▍    | 48/88 [00:12<00:09,  4.02it/s, loss=1.427]
  epoch 1/3:  56%|█████▌    | 49/88 [00:12<00:09,  4.04it/s, loss=1.427]
  epoch 1/3:  56%|█████▌    | 49/88 [00:12<00:09,  4.04it/s, loss=1.419]
  epoch 1/3:  57%|█████▋    | 50/88 [00:12<00:09,  4.02it/s, loss=1.419]
  epoch 1/3:  57%|█████▋    | 50/88 [00:13<00:09,  4.02it/s, loss=1.412]
  epoch 1/3:  58%|█████▊    | 51/88 [00:13<00:09,  4.02it/s, loss=1.412]
  epoch 1/3:  58%|█████▊    | 51/88 [00:13<00:09,  4.02it/s, loss=1.403]
  epoch 1/3:  59%|█████▉    | 52/88 [00:13<00:08,  4.03it/s, loss=1.403]
  epoch 1/3:  59%|█████▉    | 52/88 [00:13<00:08,  4.03it/s, loss=1.397]
  epoch 1/3:  60%|██████    | 53/88 [00:13<00:08,  4.04it/s, loss=1.397]
  epoch 1/3:  60%|██████    | 53/88 [00:13<00:08,  4.04it/s, loss=1.389]
  epoch 1/3:  61%|██████▏   | 54/88 [00:13<00:08,  4.03it/s, loss=1.389]
  epoch 1/3:  61%|██████▏   | 54/88 [00:14<00:08,  4.03it/s, loss=1.379]
  epoch 1/3:  62%|██████▎   | 55/88 [00:14<00:08,  4.02it/s, loss=1.379]
  epoch 1/3:  62%|██████▎   | 55/88 [00:14<00:08,  4.02it/s, loss=1.372]
  epoch 1/3:  64%|██████▎   | 56/88 [00:14<00:08,  3.97it/s, loss=1.372]
  epoch 1/3:  64%|██████▎   | 56/88 [00:14<00:08,  3.97it/s, loss=1.365]
  epoch 1/3:  65%|██████▍   | 57/88 [00:14<00:07,  3.98it/s, loss=1.365]
  epoch 1/3:  65%|██████▍   | 57/88 [00:14<00:07,  3.98it/s, loss=1.360]
  epoch 1/3:  66%|██████▌   | 58/88 [00:14<00:07,  4.00it/s, loss=1.360]
  epoch 1/3:  66%|██████▌   | 58/88 [00:15<00:07,  4.00it/s, loss=1.353]
  epoch 1/3:  67%|██████▋   | 59/88 [00:15<00:07,  4.02it/s, loss=1.353]
  epoch 1/3:  67%|██████▋   | 59/88 [00:15<00:07,  4.02it/s, loss=1.347]
  epoch 1/3:  68%|██████▊   | 60/88 [00:15<00:07,  3.99it/s, loss=1.347]
  epoch 1/3:  68%|██████▊   | 60/88 [00:15<00:07,  3.99it/s, loss=1.339]
  epoch 1/3:  69%|██████▉   | 61/88 [00:15<00:06,  4.00it/s, loss=1.339]
  epoch 1/3:  69%|██████▉   | 61/88 [00:15<00:06,  4.00it/s, loss=1.334]
  epoch 1/3:  70%|███████   | 62/88 [00:15<00:06,  3.98it/s, loss=1.334]
  epoch 1/3:  70%|███████   | 62/88 [00:16<00:06,  3.98it/s, loss=1.329]
  epoch 1/3:  72%|███████▏  | 63/88 [00:16<00:06,  3.98it/s, loss=1.329]
  epoch 1/3:  72%|███████▏  | 63/88 [00:16<00:06,  3.98it/s, loss=1.321]
  epoch 1/3:  73%|███████▎  | 64/88 [00:16<00:05,  4.01it/s, loss=1.321]
  epoch 1/3:  73%|███████▎  | 64/88 [00:16<00:05,  4.01it/s, loss=1.313]
  epoch 1/3:  74%|███████▍  | 65/88 [00:16<00:05,  4.02it/s, loss=1.313]
  epoch 1/3:  74%|███████▍  | 65/88 [00:16<00:05,  4.02it/s, loss=1.306]
  epoch 1/3:  75%|███████▌  | 66/88 [00:16<00:05,  4.02it/s, loss=1.306]
  epoch 1/3:  75%|███████▌  | 66/88 [00:17<00:05,  4.02it/s, loss=1.299]
  epoch 1/3:  76%|███████▌  | 67/88 [00:17<00:05,  4.02it/s, loss=1.299]
  epoch 1/3:  76%|███████▌  | 67/88 [00:17<00:05,  4.02it/s, loss=1.293]
  epoch 1/3:  77%|███████▋  | 68/88 [00:17<00:04,  4.02it/s, loss=1.293]
  epoch 1/3:  77%|███████▋  | 68/88 [00:17<00:04,  4.02it/s, loss=1.286]
  epoch 1/3:  78%|███████▊  | 69/88 [00:17<00:04,  4.04it/s, loss=1.286]
  epoch 1/3:  78%|███████▊  | 69/88 [00:17<00:04,  4.04it/s, loss=1.279]
  epoch 1/3:  80%|███████▉  | 70/88 [00:17<00:04,  4.02it/s, loss=1.279]
  epoch 1/3:  80%|███████▉  | 70/88 [00:18<00:04,  4.02it/s, loss=1.273]
  epoch 1/3:  81%|████████  | 71/88 [00:18<00:04,  4.02it/s, loss=1.273]
  epoch 1/3:  81%|████████  | 71/88 [00:18<00:04,  4.02it/s, loss=1.266]
  epoch 1/3:  82%|████████▏ | 72/88 [00:18<00:04,  3.96it/s, loss=1.266]
  epoch 1/3:  82%|████████▏ | 72/88 [00:18<00:04,  3.96it/s, loss=1.259]
  epoch 1/3:  83%|████████▎ | 73/88 [00:18<00:03,  3.98it/s, loss=1.259]
  epoch 1/3:  83%|████████▎ | 73/88 [00:18<00:03,  3.98it/s, loss=1.254]
  epoch 1/3:  84%|████████▍ | 74/88 [00:18<00:03,  4.00it/s, loss=1.254]
  epoch 1/3:  84%|████████▍ | 74/88 [00:19<00:03,  4.00it/s, loss=1.247]
  epoch 1/3:  85%|████████▌ | 75/88 [00:19<00:03,  3.99it/s, loss=1.247]
  epoch 1/3:  85%|████████▌ | 75/88 [00:19<00:03,  3.99it/s, loss=1.241]
  epoch 1/3:  86%|████████▋ | 76/88 [00:19<00:03,  4.00it/s, loss=1.241]
  epoch 1/3:  86%|████████▋ | 76/88 [00:19<00:03,  4.00it/s, loss=1.236]
  epoch 1/3:  88%|████████▊ | 77/88 [00:19<00:02,  4.02it/s, loss=1.236]
  epoch 1/3:  88%|████████▊ | 77/88 [00:19<00:02,  4.02it/s, loss=1.230]
  epoch 1/3:  89%|████████▊ | 78/88 [00:19<00:02,  4.00it/s, loss=1.230]
  epoch 1/3:  89%|████████▊ | 78/88 [00:20<00:02,  4.00it/s, loss=1.223]
  epoch 1/3:  90%|████████▉ | 79/88 [00:20<00:02,  4.00it/s, loss=1.223]
  epoch 1/3:  90%|████████▉ | 79/88 [00:20<00:02,  4.00it/s, loss=1.218]
  epoch 1/3:  91%|█████████ | 80/88 [00:20<00:01,  4.00it/s, loss=1.218]
  epoch 1/3:  91%|█████████ | 80/88 [00:20<00:01,  4.00it/s, loss=1.211]
  epoch 1/3:  92%|█████████▏| 81/88 [00:20<00:01,  3.99it/s, loss=1.211]
  epoch 1/3:  92%|█████████▏| 81/88 [00:20<00:01,  3.99it/s, loss=1.206]
  epoch 1/3:  93%|█████████▎| 82/88 [00:20<00:01,  4.00it/s, loss=1.206]
  epoch 1/3:  93%|█████████▎| 82/88 [00:21<00:01,  4.00it/s, loss=1.200]
  epoch 1/3:  94%|█████████▍| 83/88 [00:21<00:01,  4.02it/s, loss=1.200]
  epoch 1/3:  94%|█████████▍| 83/88 [00:21<00:01,  4.02it/s, loss=1.194]
  epoch 1/3:  95%|█████████▌| 84/88 [00:21<00:01,  3.99it/s, loss=1.194]
  epoch 1/3:  95%|█████████▌| 84/88 [00:21<00:01,  3.99it/s, loss=1.187]
  epoch 1/3:  97%|█████████▋| 85/88 [00:21<00:00,  4.00it/s, loss=1.187]
  epoch 1/3:  97%|█████████▋| 85/88 [00:21<00:00,  4.00it/s, loss=1.182]
  epoch 1/3:  98%|█████████▊| 86/88 [00:21<00:00,  4.01it/s, loss=1.182]
  epoch 1/3:  98%|█████████▊| 86/88 [00:22<00:00,  4.01it/s, loss=1.175]
  epoch 1/3:  99%|█████████▉| 87/88 [00:22<00:00,  4.01it/s, loss=1.175]
  epoch 1/3:  99%|█████████▉| 87/88 [00:22<00:00,  4.01it/s, loss=1.172]
  epoch 1/3: 100%|██████████| 88/88 [00:22<00:00,  4.28it/s, loss=1.172]
                                                                        

  epoch 2/3:   0%|          | 0/88 [00:00<?, ?it/s]
  epoch 2/3:   0%|          | 0/88 [00:00<?, ?it/s, loss=0.693]
  epoch 2/3:   1%|          | 1/88 [00:00<00:45,  1.90it/s, loss=0.693]
  epoch 2/3:   1%|          | 1/88 [00:00<00:45,  1.90it/s, loss=0.644]
  epoch 2/3:   2%|▏         | 2/88 [00:00<00:31,  2.75it/s, loss=0.644]
  epoch 2/3:   2%|▏         | 2/88 [00:01<00:31,  2.75it/s, loss=0.615]
  epoch 2/3:   3%|▎         | 3/88 [00:01<00:26,  3.20it/s, loss=0.615]
  epoch 2/3:   3%|▎         | 3/88 [00:01<00:26,  3.20it/s, loss=0.596]
  epoch 2/3:   5%|▍         | 4/88 [00:01<00:24,  3.48it/s, loss=0.596]
  epoch 2/3:   5%|▍         | 4/88 [00:01<00:24,  3.48it/s, loss=0.606]
  epoch 2/3:   6%|▌         | 5/88 [00:01<00:22,  3.65it/s, loss=0.606]
  epoch 2/3:   6%|▌         | 5/88 [00:01<00:22,  3.65it/s, loss=0.613]
  epoch 2/3:   7%|▋         | 6/88 [00:01<00:21,  3.76it/s, loss=0.613]
  epoch 2/3:   7%|▋         | 6/88 [00:02<00:21,  3.76it/s, loss=0.604]
  epoch 2/3:   8%|▊         | 7/88 [00:02<00:21,  3.85it/s, loss=0.604]
  epoch 2/3:   8%|▊         | 7/88 [00:02<00:21,  3.85it/s, loss=0.601]
  epoch 2/3:   9%|▉         | 8/88 [00:02<00:20,  3.88it/s, loss=0.601]
  epoch 2/3:   9%|▉         | 8/88 [00:02<00:20,  3.88it/s, loss=0.605]
  epoch 2/3:  10%|█         | 9/88 [00:02<00:20,  3.92it/s, loss=0.605]
  epoch 2/3:  10%|█         | 9/88 [00:02<00:20,  3.92it/s, loss=0.605]
  epoch 2/3:  11%|█▏        | 10/88 [00:02<00:19,  3.96it/s, loss=0.605]
  epoch 2/3:  11%|█▏        | 10/88 [00:03<00:19,  3.96it/s, loss=0.600]
  epoch 2/3:  12%|█▎        | 11/88 [00:03<00:19,  3.97it/s, loss=0.600]
  epoch 2/3:  12%|█▎        | 11/88 [00:03<00:19,  3.97it/s, loss=0.601]
  epoch 2/3:  14%|█▎        | 12/88 [00:03<00:19,  3.97it/s, loss=0.601]
  epoch 2/3:  14%|█▎        | 12/88 [00:03<00:19,  3.97it/s, loss=0.600]
  epoch 2/3:  15%|█▍        | 13/88 [00:03<00:18,  3.99it/s, loss=0.600]
  epoch 2/3:  15%|█▍        | 13/88 [00:03<00:18,  3.99it/s, loss=0.593]
  epoch 2/3:  16%|█▌        | 14/88 [00:03<00:18,  3.97it/s, loss=0.593]
  epoch 2/3:  16%|█▌        | 14/88 [00:04<00:18,  3.97it/s, loss=0.593]
  epoch 2/3:  17%|█▋        | 15/88 [00:04<00:18,  3.97it/s, loss=0.593]
  epoch 2/3:  17%|█▋        | 15/88 [00:04<00:18,  3.97it/s, loss=0.591]
  epoch 2/3:  18%|█▊        | 16/88 [00:04<00:18,  3.94it/s, loss=0.591]
  epoch 2/3:  18%|█▊        | 16/88 [00:04<00:18,  3.94it/s, loss=0.582]
  epoch 2/3:  19%|█▉        | 17/88 [00:04<00:17,  3.96it/s, loss=0.582]
  epoch 2/3:  19%|█▉        | 17/88 [00:04<00:17,  3.96it/s, loss=0.577]
  epoch 2/3:  20%|██        | 18/88 [00:04<00:17,  3.97it/s, loss=0.577]
  epoch 2/3:  20%|██        | 18/88 [00:05<00:17,  3.97it/s, loss=0.580]
  epoch 2/3:  22%|██▏       | 19/88 [00:05<00:17,  3.98it/s, loss=0.580]
  epoch 2/3:  22%|██▏       | 19/88 [00:05<00:17,  3.98it/s, loss=0.577]
  epoch 2/3:  23%|██▎       | 20/88 [00:05<00:17,  3.99it/s, loss=0.577]
  epoch 2/3:  23%|██▎       | 20/88 [00:05<00:17,  3.99it/s, loss=0.574]
  epoch 2/3:  24%|██▍       | 21/88 [00:05<00:16,  4.01it/s, loss=0.574]
  epoch 2/3:  24%|██▍       | 21/88 [00:05<00:16,  4.01it/s, loss=0.574]
  epoch 2/3:  25%|██▌       | 22/88 [00:05<00:16,  4.00it/s, loss=0.574]
  epoch 2/3:  25%|██▌       | 22/88 [00:06<00:16,  4.00it/s, loss=0.569]
  epoch 2/3:  26%|██▌       | 23/88 [00:06<00:16,  4.00it/s, loss=0.569]
  epoch 2/3:  26%|██▌       | 23/88 [00:06<00:16,  4.00it/s, loss=0.567]
  epoch 2/3:  27%|██▋       | 24/88 [00:06<00:15,  4.02it/s, loss=0.567]
  epoch 2/3:  27%|██▋       | 24/88 [00:06<00:15,  4.02it/s, loss=0.562]
  epoch 2/3:  28%|██▊       | 25/88 [00:06<00:15,  3.99it/s, loss=0.562]
  epoch 2/3:  28%|██▊       | 25/88 [00:06<00:15,  3.99it/s, loss=0.558]
  epoch 2/3:  30%|██▉       | 26/88 [00:06<00:15,  3.99it/s, loss=0.558]
  epoch 2/3:  30%|██▉       | 26/88 [00:07<00:15,  3.99it/s, loss=0.554]
  epoch 2/3:  31%|███       | 27/88 [00:07<00:15,  4.00it/s, loss=0.554]
  epoch 2/3:  31%|███       | 27/88 [00:07<00:15,  4.00it/s, loss=0.555]
  epoch 2/3:  32%|███▏      | 28/88 [00:07<00:15,  3.99it/s, loss=0.555]
  epoch 2/3:  32%|███▏      | 28/88 [00:07<00:15,  3.99it/s, loss=0.554]
  epoch 2/3:  33%|███▎      | 29/88 [00:07<00:14,  3.99it/s, loss=0.554]
  epoch 2/3:  33%|███▎      | 29/88 [00:07<00:14,  3.99it/s, loss=0.549]
  epoch 2/3:  34%|███▍      | 30/88 [00:07<00:14,  4.00it/s, loss=0.549]
  epoch 2/3:  34%|███▍      | 30/88 [00:08<00:14,  4.00it/s, loss=0.548]
  epoch 2/3:  35%|███▌      | 31/88 [00:08<00:14,  3.99it/s, loss=0.548]
  epoch 2/3:  35%|███▌      | 31/88 [00:08<00:14,  3.99it/s, loss=0.545]
  epoch 2/3:  36%|███▋      | 32/88 [00:08<00:14,  3.94it/s, loss=0.545]
  epoch 2/3:  36%|███▋      | 32/88 [00:08<00:14,  3.94it/s, loss=0.539]
  epoch 2/3:  38%|███▊      | 33/88 [00:08<00:13,  3.97it/s, loss=0.539]
  epoch 2/3:  38%|███▊      | 33/88 [00:08<00:13,  3.97it/s, loss=0.536]
  epoch 2/3:  39%|███▊      | 34/88 [00:08<00:13,  3.99it/s, loss=0.536]
  epoch 2/3:  39%|███▊      | 34/88 [00:09<00:13,  3.99it/s, loss=0.535]
  epoch 2/3:  40%|███▉      | 35/88 [00:09<00:13,  4.01it/s, loss=0.535]
  epoch 2/3:  40%|███▉      | 35/88 [00:09<00:13,  4.01it/s, loss=0.530]
  epoch 2/3:  41%|████      | 36/88 [00:09<00:13,  4.00it/s, loss=0.530]
  epoch 2/3:  41%|████      | 36/88 [00:09<00:13,  4.00it/s, loss=0.528]
  epoch 2/3:  42%|████▏     | 37/88 [00:09<00:12,  3.99it/s, loss=0.528]
  epoch 2/3:  42%|████▏     | 37/88 [00:09<00:12,  3.99it/s, loss=0.526]
  epoch 2/3:  43%|████▎     | 38/88 [00:09<00:12,  4.00it/s, loss=0.526]
  epoch 2/3:  43%|████▎     | 38/88 [00:10<00:12,  4.00it/s, loss=0.523]
  epoch 2/3:  44%|████▍     | 39/88 [00:10<00:12,  3.98it/s, loss=0.523]
  epoch 2/3:  44%|████▍     | 39/88 [00:10<00:12,  3.98it/s, loss=0.521]
  epoch 2/3:  45%|████▌     | 40/88 [00:10<00:12,  4.00it/s, loss=0.521]
  epoch 2/3:  45%|████▌     | 40/88 [00:10<00:12,  4.00it/s, loss=0.523]
  epoch 2/3:  47%|████▋     | 41/88 [00:10<00:11,  4.00it/s, loss=0.523]
  epoch 2/3:  47%|████▋     | 41/88 [00:10<00:11,  4.00it/s, loss=0.521]
  epoch 2/3:  48%|████▊     | 42/88 [00:10<00:11,  3.99it/s, loss=0.521]
  epoch 2/3:  48%|████▊     | 42/88 [00:11<00:11,  3.99it/s, loss=0.520]
  epoch 2/3:  49%|████▉     | 43/88 [00:11<00:11,  3.99it/s, loss=0.520]
  epoch 2/3:  49%|████▉     | 43/88 [00:11<00:11,  3.99it/s, loss=0.521]
  epoch 2/3:  50%|█████     | 44/88 [00:11<00:11,  3.99it/s, loss=0.521]
  epoch 2/3:  50%|█████     | 44/88 [00:11<00:11,  3.99it/s, loss=0.520]
  epoch 2/3:  51%|█████     | 45/88 [00:11<00:10,  3.99it/s, loss=0.520]
  epoch 2/3:  51%|█████     | 45/88 [00:11<00:10,  3.99it/s, loss=0.518]
  epoch 2/3:  52%|█████▏    | 46/88 [00:11<00:10,  3.99it/s, loss=0.518]
  epoch 2/3:  52%|█████▏    | 46/88 [00:12<00:10,  3.99it/s, loss=0.515]
  epoch 2/3:  53%|█████▎    | 47/88 [00:12<00:10,  3.98it/s, loss=0.515]
  epoch 2/3:  53%|█████▎    | 47/88 [00:12<00:10,  3.98it/s, loss=0.512]
  epoch 2/3:  55%|█████▍    | 48/88 [00:12<00:10,  3.92it/s, loss=0.512]
  epoch 2/3:  55%|█████▍    | 48/88 [00:12<00:10,  3.92it/s, loss=0.509]
  epoch 2/3:  56%|█████▌    | 49/88 [00:12<00:09,  3.94it/s, loss=0.509]
  epoch 2/3:  56%|█████▌    | 49/88 [00:12<00:09,  3.94it/s, loss=0.507]
  epoch 2/3:  57%|█████▋    | 50/88 [00:12<00:09,  3.97it/s, loss=0.507]
  epoch 2/3:  57%|█████▋    | 50/88 [00:13<00:09,  3.97it/s, loss=0.504]
  epoch 2/3:  58%|█████▊    | 51/88 [00:13<00:09,  3.97it/s, loss=0.504]
  epoch 2/3:  58%|█████▊    | 51/88 [00:13<00:09,  3.97it/s, loss=0.501]
  epoch 2/3:  59%|█████▉    | 52/88 [00:13<00:09,  3.98it/s, loss=0.501]
  epoch 2/3:  59%|█████▉    | 52/88 [00:13<00:09,  3.98it/s, loss=0.499]
  epoch 2/3:  60%|██████    | 53/88 [00:13<00:08,  3.99it/s, loss=0.499]
  epoch 2/3:  60%|██████    | 53/88 [00:13<00:08,  3.99it/s, loss=0.497]
  epoch 2/3:  61%|██████▏   | 54/88 [00:13<00:08,  3.98it/s, loss=0.497]
  epoch 2/3:  61%|██████▏   | 54/88 [00:14<00:08,  3.98it/s, loss=0.495]
  epoch 2/3:  62%|██████▎   | 55/88 [00:14<00:08,  3.98it/s, loss=0.495]
  epoch 2/3:  62%|██████▎   | 55/88 [00:14<00:08,  3.98it/s, loss=0.491]
  epoch 2/3:  64%|██████▎   | 56/88 [00:14<00:08,  3.99it/s, loss=0.491]
  epoch 2/3:  64%|██████▎   | 56/88 [00:14<00:08,  3.99it/s, loss=0.487]
  epoch 2/3:  65%|██████▍   | 57/88 [00:14<00:07,  3.97it/s, loss=0.487]
  epoch 2/3:  65%|██████▍   | 57/88 [00:14<00:07,  3.97it/s, loss=0.485]
  epoch 2/3:  66%|██████▌   | 58/88 [00:14<00:07,  3.98it/s, loss=0.485]
  epoch 2/3:  66%|██████▌   | 58/88 [00:15<00:07,  3.98it/s, loss=0.483]
  epoch 2/3:  67%|██████▋   | 59/88 [00:15<00:07,  4.00it/s, loss=0.483]
  epoch 2/3:  67%|██████▋   | 59/88 [00:15<00:07,  4.00it/s, loss=0.479]
  epoch 2/3:  68%|██████▊   | 60/88 [00:15<00:07,  3.99it/s, loss=0.479]
  epoch 2/3:  68%|██████▊   | 60/88 [00:15<00:07,  3.99it/s, loss=0.477]
  epoch 2/3:  69%|██████▉   | 61/88 [00:15<00:06,  3.99it/s, loss=0.477]
  epoch 2/3:  69%|██████▉   | 61/88 [00:15<00:06,  3.99it/s, loss=0.474]
  epoch 2/3:  70%|███████   | 62/88 [00:15<00:06,  4.01it/s, loss=0.474]
  epoch 2/3:  70%|███████   | 62/88 [00:16<00:06,  4.01it/s, loss=0.474]
  epoch 2/3:  72%|███████▏  | 63/88 [00:16<00:06,  4.02it/s, loss=0.474]
  epoch 2/3:  72%|███████▏  | 63/88 [00:16<00:06,  4.02it/s, loss=0.470]
  epoch 2/3:  73%|███████▎  | 64/88 [00:16<00:06,  3.96it/s, loss=0.470]
  epoch 2/3:  73%|███████▎  | 64/88 [00:16<00:06,  3.96it/s, loss=0.468]
  epoch 2/3:  74%|███████▍  | 65/88 [00:16<00:05,  3.95it/s, loss=0.468]
  epoch 2/3:  74%|███████▍  | 65/88 [00:16<00:05,  3.95it/s, loss=0.466]
  epoch 2/3:  75%|███████▌  | 66/88 [00:16<00:05,  3.97it/s, loss=0.466]
  epoch 2/3:  75%|███████▌  | 66/88 [00:17<00:05,  3.97it/s, loss=0.462]
  epoch 2/3:  76%|███████▌  | 67/88 [00:17<00:05,  4.00it/s, loss=0.462]
  epoch 2/3:  76%|███████▌  | 67/88 [00:17<00:05,  4.00it/s, loss=0.460]
  epoch 2/3:  77%|███████▋  | 68/88 [00:17<00:04,  4.01it/s, loss=0.460]
  epoch 2/3:  77%|███████▋  | 68/88 [00:17<00:04,  4.01it/s, loss=0.457]
  epoch 2/3:  78%|███████▊  | 69/88 [00:17<00:04,  4.01it/s, loss=0.457]
  epoch 2/3:  78%|███████▊  | 69/88 [00:17<00:04,  4.01it/s, loss=0.455]
  epoch 2/3:  80%|███████▉  | 70/88 [00:17<00:04,  4.00it/s, loss=0.455]
  epoch 2/3:  80%|███████▉  | 70/88 [00:18<00:04,  4.00it/s, loss=0.452]
  epoch 2/3:  81%|████████  | 71/88 [00:18<00:04,  4.02it/s, loss=0.452]
  epoch 2/3:  81%|████████  | 71/88 [00:18<00:04,  4.02it/s, loss=0.449]
  epoch 2/3:  82%|████████▏ | 72/88 [00:18<00:03,  4.02it/s, loss=0.449]
  epoch 2/3:  82%|████████▏ | 72/88 [00:18<00:03,  4.02it/s, loss=0.446]
  epoch 2/3:  83%|████████▎ | 73/88 [00:18<00:03,  4.00it/s, loss=0.446]
  epoch 2/3:  83%|████████▎ | 73/88 [00:18<00:03,  4.00it/s, loss=0.444]
  epoch 2/3:  84%|████████▍ | 74/88 [00:18<00:03,  4.00it/s, loss=0.444]
  epoch 2/3:  84%|████████▍ | 74/88 [00:19<00:03,  4.00it/s, loss=0.443]
  epoch 2/3:  85%|████████▌ | 75/88 [00:19<00:03,  4.01it/s, loss=0.443]
  epoch 2/3:  85%|████████▌ | 75/88 [00:19<00:03,  4.01it/s, loss=0.440]
  epoch 2/3:  86%|████████▋ | 76/88 [00:19<00:03,  3.99it/s, loss=0.440]
  epoch 2/3:  86%|████████▋ | 76/88 [00:19<00:03,  3.99it/s, loss=0.439]
  epoch 2/3:  88%|████████▊ | 77/88 [00:19<00:02,  4.00it/s, loss=0.439]
  epoch 2/3:  88%|████████▊ | 77/88 [00:19<00:02,  4.00it/s, loss=0.437]
  epoch 2/3:  89%|████████▊ | 78/88 [00:19<00:02,  4.00it/s, loss=0.437]
  epoch 2/3:  89%|████████▊ | 78/88 [00:20<00:02,  4.00it/s, loss=0.436]
  epoch 2/3:  90%|████████▉ | 79/88 [00:20<00:02,  4.00it/s, loss=0.436]
  epoch 2/3:  90%|████████▉ | 79/88 [00:20<00:02,  4.00it/s, loss=0.434]
  epoch 2/3:  91%|█████████ | 80/88 [00:20<00:02,  3.94it/s, loss=0.434]
  epoch 2/3:  91%|█████████ | 80/88 [00:20<00:02,  3.94it/s, loss=0.432]
  epoch 2/3:  92%|█████████▏| 81/88 [00:20<00:01,  3.95it/s, loss=0.432]
  epoch 2/3:  92%|█████████▏| 81/88 [00:20<00:01,  3.95it/s, loss=0.430]
  epoch 2/3:  93%|█████████▎| 82/88 [00:20<00:01,  3.98it/s, loss=0.430]
  epoch 2/3:  93%|█████████▎| 82/88 [00:21<00:01,  3.98it/s, loss=0.427]
  epoch 2/3:  94%|█████████▍| 83/88 [00:21<00:01,  3.98it/s, loss=0.427]
  epoch 2/3:  94%|█████████▍| 83/88 [00:21<00:01,  3.98it/s, loss=0.425]
  epoch 2/3:  95%|█████████▌| 84/88 [00:21<00:01,  3.99it/s, loss=0.425]
  epoch 2/3:  95%|█████████▌| 84/88 [00:21<00:01,  3.99it/s, loss=0.423]
  epoch 2/3:  97%|█████████▋| 85/88 [00:21<00:00,  4.00it/s, loss=0.423]
  epoch 2/3:  97%|█████████▋| 85/88 [00:21<00:00,  4.00it/s, loss=0.421]
  epoch 2/3:  98%|█████████▊| 86/88 [00:21<00:00,  3.99it/s, loss=0.421]
  epoch 2/3:  98%|█████████▊| 86/88 [00:22<00:00,  3.99it/s, loss=0.420]
  epoch 2/3:  99%|█████████▉| 87/88 [00:22<00:00,  4.00it/s, loss=0.420]
  epoch 2/3:  99%|█████████▉| 87/88 [00:22<00:00,  4.00it/s, loss=0.419]
  epoch 2/3: 100%|██████████| 88/88 [00:22<00:00,  4.33it/s, loss=0.419]
                                                                        

  epoch 3/3:   0%|          | 0/88 [00:00<?, ?it/s]
  epoch 3/3:   0%|          | 0/88 [00:00<?, ?it/s, loss=0.209]
  epoch 3/3:   1%|          | 1/88 [00:00<00:46,  1.86it/s, loss=0.209]
  epoch 3/3:   1%|          | 1/88 [00:00<00:46,  1.86it/s, loss=0.230]
  epoch 3/3:   2%|▏         | 2/88 [00:00<00:31,  2.74it/s, loss=0.230]
  epoch 3/3:   2%|▏         | 2/88 [00:01<00:31,  2.74it/s, loss=0.204]
  epoch 3/3:   3%|▎         | 3/88 [00:01<00:26,  3.19it/s, loss=0.204]
  epoch 3/3:   3%|▎         | 3/88 [00:01<00:26,  3.19it/s, loss=0.208]
  epoch 3/3:   5%|▍         | 4/88 [00:01<00:24,  3.46it/s, loss=0.208]
  epoch 3/3:   5%|▍         | 4/88 [00:01<00:24,  3.46it/s, loss=0.212]
  epoch 3/3:   6%|▌         | 5/88 [00:01<00:22,  3.64it/s, loss=0.212]
  epoch 3/3:   6%|▌         | 5/88 [00:01<00:22,  3.64it/s, loss=0.223]
  epoch 3/3:   7%|▋         | 6/88 [00:01<00:21,  3.78it/s, loss=0.223]
  epoch 3/3:   7%|▋         | 6/88 [00:02<00:21,  3.78it/s, loss=0.220]
  epoch 3/3:   8%|▊         | 7/88 [00:02<00:21,  3.85it/s, loss=0.220]
  epoch 3/3:   8%|▊         | 7/88 [00:02<00:21,  3.85it/s, loss=0.231]
  epoch 3/3:   9%|▉         | 8/88 [00:02<00:20,  3.84it/s, loss=0.231]
  epoch 3/3:   9%|▉         | 8/88 [00:02<00:20,  3.84it/s, loss=0.232]
  epoch 3/3:  10%|█         | 9/88 [00:02<00:20,  3.87it/s, loss=0.232]
  epoch 3/3:  10%|█         | 9/88 [00:02<00:20,  3.87it/s, loss=0.242]
  epoch 3/3:  11%|█▏        | 10/88 [00:02<00:19,  3.93it/s, loss=0.242]
  epoch 3/3:  11%|█▏        | 10/88 [00:03<00:19,  3.93it/s, loss=0.250]
  epoch 3/3:  12%|█▎        | 11/88 [00:03<00:19,  3.95it/s, loss=0.250]
  epoch 3/3:  12%|█▎        | 11/88 [00:03<00:19,  3.95it/s, loss=0.255]
  epoch 3/3:  14%|█▎        | 12/88 [00:03<00:19,  3.96it/s, loss=0.255]
  epoch 3/3:  14%|█▎        | 12/88 [00:03<00:19,  3.96it/s, loss=0.252]
  epoch 3/3:  15%|█▍        | 13/88 [00:03<00:18,  3.98it/s, loss=0.252]
  epoch 3/3:  15%|█▍        | 13/88 [00:03<00:18,  3.98it/s, loss=0.245]
  epoch 3/3:  16%|█▌        | 14/88 [00:03<00:18,  3.99it/s, loss=0.245]
  epoch 3/3:  16%|█▌        | 14/88 [00:04<00:18,  3.99it/s, loss=0.244]
  epoch 3/3:  17%|█▋        | 15/88 [00:04<00:18,  3.99it/s, loss=0.244]
  epoch 3/3:  17%|█▋        | 15/88 [00:04<00:18,  3.99it/s, loss=0.240]
  epoch 3/3:  18%|█▊        | 16/88 [00:04<00:18,  3.99it/s, loss=0.240]
  epoch 3/3:  18%|█▊        | 16/88 [00:04<00:18,  3.99it/s, loss=0.238]
  epoch 3/3:  19%|█▉        | 17/88 [00:04<00:17,  4.00it/s, loss=0.238]
  epoch 3/3:  19%|█▉        | 17/88 [00:04<00:17,  4.00it/s, loss=0.233]
  epoch 3/3:  20%|██        | 18/88 [00:04<00:17,  4.01it/s, loss=0.233]
  epoch 3/3:  20%|██        | 18/88 [00:05<00:17,  4.01it/s, loss=0.230]
  epoch 3/3:  22%|██▏       | 19/88 [00:05<00:17,  4.01it/s, loss=0.230]
  epoch 3/3:  22%|██▏       | 19/88 [00:05<00:17,  4.01it/s, loss=0.228]
  epoch 3/3:  23%|██▎       | 20/88 [00:05<00:16,  4.02it/s, loss=0.228]
  epoch 3/3:  23%|██▎       | 20/88 [00:05<00:16,  4.02it/s, loss=0.226]
  epoch 3/3:  24%|██▍       | 21/88 [00:05<00:16,  4.02it/s, loss=0.226]
  epoch 3/3:  24%|██▍       | 21/88 [00:05<00:16,  4.02it/s, loss=0.223]
  epoch 3/3:  25%|██▌       | 22/88 [00:05<00:16,  4.02it/s, loss=0.223]
  epoch 3/3:  25%|██▌       | 22/88 [00:06<00:16,  4.02it/s, loss=0.224]
  epoch 3/3:  26%|██▌       | 23/88 [00:06<00:16,  4.02it/s, loss=0.224]
  epoch 3/3:  26%|██▌       | 23/88 [00:06<00:16,  4.02it/s, loss=0.221]
  epoch 3/3:  27%|██▋       | 24/88 [00:06<00:16,  3.97it/s, loss=0.221]
  epoch 3/3:  27%|██▋       | 24/88 [00:06<00:16,  3.97it/s, loss=0.221]
  epoch 3/3:  28%|██▊       | 25/88 [00:06<00:15,  3.98it/s, loss=0.221]
  epoch 3/3:  28%|██▊       | 25/88 [00:06<00:15,  3.98it/s, loss=0.222]
  epoch 3/3:  30%|██▉       | 26/88 [00:06<00:15,  4.00it/s, loss=0.222]
  epoch 3/3:  30%|██▉       | 26/88 [00:07<00:15,  4.00it/s, loss=0.219]
  epoch 3/3:  31%|███       | 27/88 [00:07<00:15,  4.02it/s, loss=0.219]
  epoch 3/3:  31%|███       | 27/88 [00:07<00:15,  4.02it/s, loss=0.219]
  epoch 3/3:  32%|███▏      | 28/88 [00:07<00:14,  4.01it/s, loss=0.219]
  epoch 3/3:  32%|███▏      | 28/88 [00:07<00:14,  4.01it/s, loss=0.219]
  epoch 3/3:  33%|███▎      | 29/88 [00:07<00:14,  4.02it/s, loss=0.219]
  epoch 3/3:  33%|███▎      | 29/88 [00:07<00:14,  4.02it/s, loss=0.218]
  epoch 3/3:  34%|███▍      | 30/88 [00:07<00:14,  4.03it/s, loss=0.218]
  epoch 3/3:  34%|███▍      | 30/88 [00:08<00:14,  4.03it/s, loss=0.216]
  epoch 3/3:  35%|███▌      | 31/88 [00:08<00:14,  4.00it/s, loss=0.216]
  epoch 3/3:  35%|███▌      | 31/88 [00:08<00:14,  4.00it/s, loss=0.213]
  epoch 3/3:  36%|███▋      | 32/88 [00:08<00:14,  4.00it/s, loss=0.213]
  epoch 3/3:  36%|███▋      | 32/88 [00:08<00:14,  4.00it/s, loss=0.214]
  epoch 3/3:  38%|███▊      | 33/88 [00:08<00:13,  4.01it/s, loss=0.214]
  epoch 3/3:  38%|███▊      | 33/88 [00:08<00:13,  4.01it/s, loss=0.216]
  epoch 3/3:  39%|███▊      | 34/88 [00:08<00:13,  4.01it/s, loss=0.216]
  epoch 3/3:  39%|███▊      | 34/88 [00:09<00:13,  4.01it/s, loss=0.213]
  epoch 3/3:  40%|███▉      | 35/88 [00:09<00:13,  4.01it/s, loss=0.213]
  epoch 3/3:  40%|███▉      | 35/88 [00:09<00:13,  4.01it/s, loss=0.211]
  epoch 3/3:  41%|████      | 36/88 [00:09<00:12,  4.01it/s, loss=0.211]
  epoch 3/3:  41%|████      | 36/88 [00:09<00:12,  4.01it/s, loss=0.208]
  epoch 3/3:  42%|████▏     | 37/88 [00:09<00:12,  4.01it/s, loss=0.208]
  epoch 3/3:  42%|████▏     | 37/88 [00:09<00:12,  4.01it/s, loss=0.208]
  epoch 3/3:  43%|████▎     | 38/88 [00:09<00:12,  4.01it/s, loss=0.208]
  epoch 3/3:  43%|████▎     | 38/88 [00:10<00:12,  4.01it/s, loss=0.207]
  epoch 3/3:  44%|████▍     | 39/88 [00:10<00:12,  4.01it/s, loss=0.207]
  epoch 3/3:  44%|████▍     | 39/88 [00:10<00:12,  4.01it/s, loss=0.204]
  epoch 3/3:  45%|████▌     | 40/88 [00:10<00:12,  3.97it/s, loss=0.204]
  epoch 3/3:  45%|████▌     | 40/88 [00:10<00:12,  3.97it/s, loss=0.205]
  epoch 3/3:  47%|████▋     | 41/88 [00:10<00:11,  3.98it/s, loss=0.205]
  epoch 3/3:  47%|████▋     | 41/88 [00:10<00:11,  3.98it/s, loss=0.205]
  epoch 3/3:  48%|████▊     | 42/88 [00:10<00:11,  4.01it/s, loss=0.205]
  epoch 3/3:  48%|████▊     | 42/88 [00:11<00:11,  4.01it/s, loss=0.203]
  epoch 3/3:  49%|████▉     | 43/88 [00:11<00:11,  4.03it/s, loss=0.203]
  epoch 3/3:  49%|████▉     | 43/88 [00:11<00:11,  4.03it/s, loss=0.203]
  epoch 3/3:  50%|█████     | 44/88 [00:11<00:10,  4.04it/s, loss=0.203]
  epoch 3/3:  50%|█████     | 44/88 [00:11<00:10,  4.04it/s, loss=0.201]
  epoch 3/3:  51%|█████     | 45/88 [00:11<00:10,  4.02it/s, loss=0.201]
  epoch 3/3:  51%|█████     | 45/88 [00:11<00:10,  4.02it/s, loss=0.202]
  epoch 3/3:  52%|█████▏    | 46/88 [00:11<00:10,  4.02it/s, loss=0.202]
  epoch 3/3:  52%|█████▏    | 46/88 [00:12<00:10,  4.02it/s, loss=0.201]
  epoch 3/3:  53%|█████▎    | 47/88 [00:12<00:10,  4.04it/s, loss=0.201]
  epoch 3/3:  53%|█████▎    | 47/88 [00:12<00:10,  4.04it/s, loss=0.200]
  epoch 3/3:  55%|█████▍    | 48/88 [00:12<00:09,  4.05it/s, loss=0.200]
  epoch 3/3:  55%|█████▍    | 48/88 [00:12<00:09,  4.05it/s, loss=0.204]
  epoch 3/3:  56%|█████▌    | 49/88 [00:12<00:09,  4.06it/s, loss=0.204]
  epoch 3/3:  56%|█████▌    | 49/88 [00:12<00:09,  4.06it/s, loss=0.205]
  epoch 3/3:  57%|█████▋    | 50/88 [00:12<00:09,  4.04it/s, loss=0.205]
  epoch 3/3:  57%|█████▋    | 50/88 [00:13<00:09,  4.04it/s, loss=0.204]
  epoch 3/3:  58%|█████▊    | 51/88 [00:13<00:09,  4.03it/s, loss=0.204]
  epoch 3/3:  58%|█████▊    | 51/88 [00:13<00:09,  4.03it/s, loss=0.203]
  epoch 3/3:  59%|█████▉    | 52/88 [00:13<00:08,  4.03it/s, loss=0.203]
  epoch 3/3:  59%|█████▉    | 52/88 [00:13<00:08,  4.03it/s, loss=0.203]
  epoch 3/3:  60%|██████    | 53/88 [00:13<00:08,  4.00it/s, loss=0.203]
  epoch 3/3:  60%|██████    | 53/88 [00:13<00:08,  4.00it/s, loss=0.202]
  epoch 3/3:  61%|██████▏   | 54/88 [00:13<00:08,  4.00it/s, loss=0.202]
  epoch 3/3:  61%|██████▏   | 54/88 [00:14<00:08,  4.00it/s, loss=0.200]
  epoch 3/3:  62%|██████▎   | 55/88 [00:14<00:08,  4.03it/s, loss=0.200]
  epoch 3/3:  62%|██████▎   | 55/88 [00:14<00:08,  4.03it/s, loss=0.199]
  epoch 3/3:  64%|██████▎   | 56/88 [00:14<00:08,  3.97it/s, loss=0.199]
  epoch 3/3:  64%|██████▎   | 56/88 [00:14<00:08,  3.97it/s, loss=0.198]
  epoch 3/3:  65%|██████▍   | 57/88 [00:14<00:07,  3.99it/s, loss=0.198]
  epoch 3/3:  65%|██████▍   | 57/88 [00:14<00:07,  3.99it/s, loss=0.199]
  epoch 3/3:  66%|██████▌   | 58/88 [00:14<00:07,  3.98it/s, loss=0.199]
  epoch 3/3:  66%|██████▌   | 58/88 [00:15<00:07,  3.98it/s, loss=0.197]
  epoch 3/3:  67%|██████▋   | 59/88 [00:15<00:07,  3.98it/s, loss=0.197]
  epoch 3/3:  67%|██████▋   | 59/88 [00:15<00:07,  3.98it/s, loss=0.197]
  epoch 3/3:  68%|██████▊   | 60/88 [00:15<00:06,  4.00it/s, loss=0.197]
  epoch 3/3:  68%|██████▊   | 60/88 [00:15<00:06,  4.00it/s, loss=0.195]
  epoch 3/3:  69%|██████▉   | 61/88 [00:15<00:06,  4.02it/s, loss=0.195]
  epoch 3/3:  69%|██████▉   | 61/88 [00:15<00:06,  4.02it/s, loss=0.195]
  epoch 3/3:  70%|███████   | 62/88 [00:15<00:06,  4.02it/s, loss=0.195]
  epoch 3/3:  70%|███████   | 62/88 [00:16<00:06,  4.02it/s, loss=0.194]
  epoch 3/3:  72%|███████▏  | 63/88 [00:16<00:06,  4.02it/s, loss=0.194]
  epoch 3/3:  72%|███████▏  | 63/88 [00:16<00:06,  4.02it/s, loss=0.193]
  epoch 3/3:  73%|███████▎  | 64/88 [00:16<00:05,  4.03it/s, loss=0.193]
  epoch 3/3:  73%|███████▎  | 64/88 [00:16<00:05,  4.03it/s, loss=0.192]
  epoch 3/3:  74%|███████▍  | 65/88 [00:16<00:05,  4.05it/s, loss=0.192]
  epoch 3/3:  74%|███████▍  | 65/88 [00:16<00:05,  4.05it/s, loss=0.192]
  epoch 3/3:  75%|███████▌  | 66/88 [00:16<00:05,  4.03it/s, loss=0.192]
  epoch 3/3:  75%|███████▌  | 66/88 [00:16<00:05,  4.03it/s, loss=0.192]
  epoch 3/3:  76%|███████▌  | 67/88 [00:16<00:05,  4.02it/s, loss=0.192]
  epoch 3/3:  76%|███████▌  | 67/88 [00:17<00:05,  4.02it/s, loss=0.191]
  epoch 3/3:  77%|███████▋  | 68/88 [00:17<00:04,  4.03it/s, loss=0.191]
  epoch 3/3:  77%|███████▋  | 68/88 [00:17<00:04,  4.03it/s, loss=0.191]
  epoch 3/3:  78%|███████▊  | 69/88 [00:17<00:04,  4.04it/s, loss=0.191]
  epoch 3/3:  78%|███████▊  | 69/88 [00:17<00:04,  4.04it/s, loss=0.190]
  epoch 3/3:  80%|███████▉  | 70/88 [00:17<00:04,  4.05it/s, loss=0.190]
  epoch 3/3:  80%|███████▉  | 70/88 [00:17<00:04,  4.05it/s, loss=0.189]
  epoch 3/3:  81%|████████  | 71/88 [00:17<00:04,  4.04it/s, loss=0.189]
  epoch 3/3:  81%|████████  | 71/88 [00:18<00:04,  4.04it/s, loss=0.188]
  epoch 3/3:  82%|████████▏ | 72/88 [00:18<00:04,  3.97it/s, loss=0.188]
  epoch 3/3:  82%|████████▏ | 72/88 [00:18<00:04,  3.97it/s, loss=0.187]
  epoch 3/3:  83%|████████▎ | 73/88 [00:18<00:03,  3.97it/s, loss=0.187]
  epoch 3/3:  83%|████████▎ | 73/88 [00:18<00:03,  3.97it/s, loss=0.186]
  epoch 3/3:  84%|████████▍ | 74/88 [00:18<00:03,  4.00it/s, loss=0.186]
  epoch 3/3:  84%|████████▍ | 74/88 [00:18<00:03,  4.00it/s, loss=0.185]
  epoch 3/3:  85%|████████▌ | 75/88 [00:18<00:03,  4.01it/s, loss=0.185]
  epoch 3/3:  85%|████████▌ | 75/88 [00:19<00:03,  4.01it/s, loss=0.185]
  epoch 3/3:  86%|████████▋ | 76/88 [00:19<00:02,  4.00it/s, loss=0.185]
  epoch 3/3:  86%|████████▋ | 76/88 [00:19<00:02,  4.00it/s, loss=0.185]
  epoch 3/3:  88%|████████▊ | 77/88 [00:19<00:02,  4.01it/s, loss=0.185]
  epoch 3/3:  88%|████████▊ | 77/88 [00:19<00:02,  4.01it/s, loss=0.184]
  epoch 3/3:  89%|████████▊ | 78/88 [00:19<00:02,  4.02it/s, loss=0.184]
  epoch 3/3:  89%|████████▊ | 78/88 [00:19<00:02,  4.02it/s, loss=0.183]
  epoch 3/3:  90%|████████▉ | 79/88 [00:19<00:02,  4.02it/s, loss=0.183]
  epoch 3/3:  90%|████████▉ | 79/88 [00:20<00:02,  4.02it/s, loss=0.182]
  epoch 3/3:  91%|█████████ | 80/88 [00:20<00:01,  4.01it/s, loss=0.182]
  epoch 3/3:  91%|█████████ | 80/88 [00:20<00:01,  4.01it/s, loss=0.182]
  epoch 3/3:  92%|█████████▏| 81/88 [00:20<00:01,  4.02it/s, loss=0.182]
  epoch 3/3:  92%|█████████▏| 81/88 [00:20<00:01,  4.02it/s, loss=0.181]
  epoch 3/3:  93%|█████████▎| 82/88 [00:20<00:01,  4.03it/s, loss=0.181]
  epoch 3/3:  93%|█████████▎| 82/88 [00:20<00:01,  4.03it/s, loss=0.181]
  epoch 3/3:  94%|█████████▍| 83/88 [00:20<00:01,  4.03it/s, loss=0.181]
  epoch 3/3:  94%|█████████▍| 83/88 [00:21<00:01,  4.03it/s, loss=0.180]
  epoch 3/3:  95%|█████████▌| 84/88 [00:21<00:00,  4.02it/s, loss=0.180]
  epoch 3/3:  95%|█████████▌| 84/88 [00:21<00:00,  4.02it/s, loss=0.179]
  epoch 3/3:  97%|█████████▋| 85/88 [00:21<00:00,  4.01it/s, loss=0.179]
  epoch 3/3:  97%|█████████▋| 85/88 [00:21<00:00,  4.01it/s, loss=0.179]
  epoch 3/3:  98%|█████████▊| 86/88 [00:21<00:00,  4.02it/s, loss=0.179]
  epoch 3/3:  98%|█████████▊| 86/88 [00:21<00:00,  4.02it/s, loss=0.180]
  epoch 3/3:  99%|█████████▉| 87/88 [00:21<00:00,  4.00it/s, loss=0.180]
  epoch 3/3:  99%|█████████▉| 87/88 [00:22<00:00,  4.00it/s, loss=0.179]
  epoch 3/3: 100%|██████████| 88/88 [00:22<00:00,  4.27it/s, loss=0.179]
                                                                        
[titans] reset=never | norm(state) sau task = 82.2284
[titans]   self-mod v:β=1.07 |W|=1.99
[titans]   eta_t(avg)=12.5485  alpha_t/forget-gate(avg)=1.0000
[task 3] test acc so far: 0.900  0.749  0.717  0.463
[task 3] NCM-blend gamma=0: 0.791  0.734  0.766  0.811
[task 3] NCM-blend gamma=0.25: 0.809  0.740  0.774  0.823
[checkpoint] đã lưu tiến độ sau task 3
[task 4] classes=[7, 20, 31, 36, 40] | train=2800

  epoch 1/3:   0%|          | 0/88 [00:00<?, ?it/s]
  epoch 1/3:   0%|          | 0/88 [00:00<?, ?it/s, loss=1.772]
  epoch 1/3:   1%|          | 1/88 [00:00<00:50,  1.72it/s, loss=1.772]
  epoch 1/3:   1%|          | 1/88 [00:00<00:50,  1.72it/s, loss=1.761]
  epoch 1/3:   2%|▏         | 2/88 [00:00<00:33,  2.59it/s, loss=1.761]
  epoch 1/3:   2%|▏         | 2/88 [00:01<00:33,  2.59it/s, loss=1.744]
  epoch 1/3:   3%|▎         | 3/88 [00:01<00:27,  3.09it/s, loss=1.744]
  epoch 1/3:   3%|▎         | 3/88 [00:01<00:27,  3.09it/s, loss=1.758]
  epoch 1/3:   5%|▍         | 4/88 [00:01<00:24,  3.40it/s, loss=1.758]
  epoch 1/3:   5%|▍         | 4/88 [00:01<00:24,  3.40it/s, loss=1.750]
  epoch 1/3:   6%|▌         | 5/88 [00:01<00:22,  3.62it/s, loss=1.750]
  epoch 1/3:   6%|▌         | 5/88 [00:01<00:22,  3.62it/s, loss=1.740]
  epoch 1/3:   7%|▋         | 6/88 [00:01<00:21,  3.78it/s, loss=1.740]
  epoch 1/3:   7%|▋         | 6/88 [00:02<00:21,  3.78it/s, loss=1.725]
  epoch 1/3:   8%|▊         | 7/88 [00:02<00:20,  3.87it/s, loss=1.725]
  epoch 1/3:   8%|▊         | 7/88 [00:02<00:20,  3.87it/s, loss=1.716]
  epoch 1/3:   9%|▉         | 8/88 [00:02<00:20,  3.90it/s, loss=1.716]
  epoch 1/3:   9%|▉         | 8/88 [00:02<00:20,  3.90it/s, loss=1.711]
  epoch 1/3:  10%|█         | 9/88 [00:02<00:20,  3.93it/s, loss=1.711]
  epoch 1/3:  10%|█         | 9/88 [00:02<00:20,  3.93it/s, loss=1.709]
  epoch 1/3:  11%|█▏        | 10/88 [00:02<00:19,  3.98it/s, loss=1.709]
  epoch 1/3:  11%|█▏        | 10/88 [00:03<00:19,  3.98it/s, loss=1.703]
  epoch 1/3:  12%|█▎        | 11/88 [00:03<00:19,  4.00it/s, loss=1.703]
  epoch 1/3:  12%|█▎        | 11/88 [00:03<00:19,  4.00it/s, loss=1.688]
  epoch 1/3:  14%|█▎        | 12/88 [00:03<00:19,  3.99it/s, loss=1.688]
  epoch 1/3:  14%|█▎        | 12/88 [00:03<00:19,  3.99it/s, loss=1.679]
  epoch 1/3:  15%|█▍        | 13/88 [00:03<00:18,  4.00it/s, loss=1.679]
  epoch 1/3:  15%|█▍        | 13/88 [00:03<00:18,  4.00it/s, loss=1.677]
  epoch 1/3:  16%|█▌        | 14/88 [00:03<00:18,  4.02it/s, loss=1.677]
  epoch 1/3:  16%|█▌        | 14/88 [00:04<00:18,  4.02it/s, loss=1.667]
  epoch 1/3:  17%|█▋        | 15/88 [00:04<00:18,  4.03it/s, loss=1.667]
  epoch 1/3:  17%|█▋        | 15/88 [00:04<00:18,  4.03it/s, loss=1.664]
  epoch 1/3:  18%|█▊        | 16/88 [00:04<00:18,  3.96it/s, loss=1.664]
  epoch 1/3:  18%|█▊        | 16/88 [00:04<00:18,  3.96it/s, loss=1.656]
  epoch 1/3:  19%|█▉        | 17/88 [00:04<00:17,  3.98it/s, loss=1.656]
  epoch 1/3:  19%|█▉        | 17/88 [00:04<00:17,  3.98it/s, loss=1.638]
  epoch 1/3:  20%|██        | 18/88 [00:04<00:17,  3.99it/s, loss=1.638]
  epoch 1/3:  20%|██        | 18/88 [00:05<00:17,  3.99it/s, loss=1.627]
  epoch 1/3:  22%|██▏       | 19/88 [00:05<00:17,  4.00it/s, loss=1.627]
  epoch 1/3:  22%|██▏       | 19/88 [00:05<00:17,  4.00it/s, loss=1.614]
  epoch 1/3:  23%|██▎       | 20/88 [00:05<00:16,  4.01it/s, loss=1.614]
  epoch 1/3:  23%|██▎       | 20/88 [00:05<00:16,  4.01it/s, loss=1.610]
  epoch 1/3:  24%|██▍       | 21/88 [00:05<00:16,  4.03it/s, loss=1.610]
  epoch 1/3:  24%|██▍       | 21/88 [00:05<00:16,  4.03it/s, loss=1.597]
  epoch 1/3:  25%|██▌       | 22/88 [00:05<00:16,  4.04it/s, loss=1.597]
  epoch 1/3:  25%|██▌       | 22/88 [00:06<00:16,  4.04it/s, loss=1.587]
  epoch 1/3:  26%|██▌       | 23/88 [00:06<00:16,  4.03it/s, loss=1.587]
  epoch 1/3:  26%|██▌       | 23/88 [00:06<00:16,  4.03it/s, loss=1.572]
  epoch 1/3:  27%|██▋       | 24/88 [00:06<00:15,  4.03it/s, loss=1.572]
  epoch 1/3:  27%|██▋       | 24/88 [00:06<00:15,  4.03it/s, loss=1.565]
  epoch 1/3:  28%|██▊       | 25/88 [00:06<00:15,  4.02it/s, loss=1.565]
  epoch 1/3:  28%|██▊       | 25/88 [00:06<00:15,  4.02it/s, loss=1.555]
  epoch 1/3:  30%|██▉       | 26/88 [00:06<00:15,  4.02it/s, loss=1.555]
  epoch 1/3:  30%|██▉       | 26/88 [00:07<00:15,  4.02it/s, loss=1.551]
  epoch 1/3:  31%|███       | 27/88 [00:07<00:15,  4.01it/s, loss=1.551]
  epoch 1/3:  31%|███       | 27/88 [00:07<00:15,  4.01it/s, loss=1.544]
  epoch 1/3:  32%|███▏      | 28/88 [00:07<00:14,  4.02it/s, loss=1.544]
  epoch 1/3:  32%|███▏      | 28/88 [00:07<00:14,  4.02it/s, loss=1.536]
  epoch 1/3:  33%|███▎      | 29/88 [00:07<00:14,  4.03it/s, loss=1.536]
  epoch 1/3:  33%|███▎      | 29/88 [00:07<00:14,  4.03it/s, loss=1.530]
  epoch 1/3:  34%|███▍      | 30/88 [00:07<00:14,  4.02it/s, loss=1.530]
  epoch 1/3:  34%|███▍      | 30/88 [00:08<00:14,  4.02it/s, loss=1.521]
  epoch 1/3:  35%|███▌      | 31/88 [00:08<00:14,  4.02it/s, loss=1.521]
  epoch 1/3:  35%|███▌      | 31/88 [00:08<00:14,  4.02it/s, loss=1.513]
  epoch 1/3:  36%|███▋      | 32/88 [00:08<00:14,  3.99it/s, loss=1.513]
  epoch 1/3:  36%|███▋      | 32/88 [00:08<00:14,  3.99it/s, loss=1.503]
  epoch 1/3:  38%|███▊      | 33/88 [00:08<00:13,  4.00it/s, loss=1.503]
  epoch 1/3:  38%|███▊      | 33/88 [00:08<00:13,  4.00it/s, loss=1.500]
  epoch 1/3:  39%|███▊      | 34/88 [00:08<00:13,  4.02it/s, loss=1.500]
  epoch 1/3:  39%|███▊      | 34/88 [00:09<00:13,  4.02it/s, loss=1.491]
  epoch 1/3:  40%|███▉      | 35/88 [00:09<00:13,  4.03it/s, loss=1.491]
  epoch 1/3:  40%|███▉      | 35/88 [00:09<00:13,  4.03it/s, loss=1.485]
  epoch 1/3:  41%|████      | 36/88 [00:09<00:12,  4.02it/s, loss=1.485]
  epoch 1/3:  41%|████      | 36/88 [00:09<00:12,  4.02it/s, loss=1.477]
  epoch 1/3:  42%|████▏     | 37/88 [00:09<00:12,  4.02it/s, loss=1.477]
  epoch 1/3:  42%|████▏     | 37/88 [00:09<00:12,  4.02it/s, loss=1.469]
  epoch 1/3:  43%|████▎     | 38/88 [00:09<00:12,  4.03it/s, loss=1.469]
  epoch 1/3:  43%|████▎     | 38/88 [00:10<00:12,  4.03it/s, loss=1.460]
  epoch 1/3:  44%|████▍     | 39/88 [00:10<00:12,  4.05it/s, loss=1.460]
  epoch 1/3:  44%|████▍     | 39/88 [00:10<00:12,  4.05it/s, loss=1.451]
  epoch 1/3:  45%|████▌     | 40/88 [00:10<00:11,  4.02it/s, loss=1.451]
  epoch 1/3:  45%|████▌     | 40/88 [00:10<00:11,  4.02it/s, loss=1.444]
  epoch 1/3:  47%|████▋     | 41/88 [00:10<00:11,  4.01it/s, loss=1.444]
  epoch 1/3:  47%|████▋     | 41/88 [00:10<00:11,  4.01it/s, loss=1.438]
  epoch 1/3:  48%|████▊     | 42/88 [00:10<00:11,  4.03it/s, loss=1.438]
  epoch 1/3:  48%|████▊     | 42/88 [00:11<00:11,  4.03it/s, loss=1.430]
  epoch 1/3:  49%|████▉     | 43/88 [00:11<00:11,  4.02it/s, loss=1.430]
  epoch 1/3:  49%|████▉     | 43/88 [00:11<00:11,  4.02it/s, loss=1.424]
  epoch 1/3:  50%|█████     | 44/88 [00:11<00:10,  4.02it/s, loss=1.424]
  epoch 1/3:  50%|█████     | 44/88 [00:11<00:10,  4.02it/s, loss=1.416]
  epoch 1/3:  51%|█████     | 45/88 [00:11<00:10,  4.02it/s, loss=1.416]
  epoch 1/3:  51%|█████     | 45/88 [00:11<00:10,  4.02it/s, loss=1.411]
  epoch 1/3:  52%|█████▏    | 46/88 [00:11<00:10,  4.04it/s, loss=1.411]
  epoch 1/3:  52%|█████▏    | 46/88 [00:12<00:10,  4.04it/s, loss=1.407]
  epoch 1/3:  53%|█████▎    | 47/88 [00:12<00:10,  4.05it/s, loss=1.407]
  epoch 1/3:  53%|█████▎    | 47/88 [00:12<00:10,  4.05it/s, loss=1.400]
  epoch 1/3:  55%|█████▍    | 48/88 [00:12<00:10,  3.99it/s, loss=1.400]
  epoch 1/3:  55%|█████▍    | 48/88 [00:12<00:10,  3.99it/s, loss=1.392]
  epoch 1/3:  56%|█████▌    | 49/88 [00:12<00:09,  4.01it/s, loss=1.392]
  epoch 1/3:  56%|█████▌    | 49/88 [00:12<00:09,  4.01it/s, loss=1.384]
  epoch 1/3:  57%|█████▋    | 50/88 [00:12<00:09,  4.01it/s, loss=1.384]
  epoch 1/3:  57%|█████▋    | 50/88 [00:13<00:09,  4.01it/s, loss=1.377]
  epoch 1/3:  58%|█████▊    | 51/88 [00:13<00:09,  4.02it/s, loss=1.377]
  epoch 1/3:  58%|█████▊    | 51/88 [00:13<00:09,  4.02it/s, loss=1.371]
  epoch 1/3:  59%|█████▉    | 52/88 [00:13<00:08,  4.02it/s, loss=1.371]
  epoch 1/3:  59%|█████▉    | 52/88 [00:13<00:08,  4.02it/s, loss=1.362]
  epoch 1/3:  60%|██████    | 53/88 [00:13<00:08,  4.03it/s, loss=1.362]
  epoch 1/3:  60%|██████    | 53/88 [00:13<00:08,  4.03it/s, loss=1.355]
  epoch 1/3:  61%|██████▏   | 54/88 [00:13<00:08,  4.01it/s, loss=1.355]
  epoch 1/3:  61%|██████▏   | 54/88 [00:14<00:08,  4.01it/s, loss=1.350]
  epoch 1/3:  62%|██████▎   | 55/88 [00:14<00:08,  4.01it/s, loss=1.350]
  epoch 1/3:  62%|██████▎   | 55/88 [00:14<00:08,  4.01it/s, loss=1.342]
  epoch 1/3:  64%|██████▎   | 56/88 [00:14<00:07,  4.02it/s, loss=1.342]
  epoch 1/3:  64%|██████▎   | 56/88 [00:14<00:07,  4.02it/s, loss=1.334]
  epoch 1/3:  65%|██████▍   | 57/88 [00:14<00:07,  4.03it/s, loss=1.334]
  epoch 1/3:  65%|██████▍   | 57/88 [00:14<00:07,  4.03it/s, loss=1.327]
  epoch 1/3:  66%|██████▌   | 58/88 [00:14<00:07,  4.01it/s, loss=1.327]
  epoch 1/3:  66%|██████▌   | 58/88 [00:15<00:07,  4.01it/s, loss=1.321]
  epoch 1/3:  67%|██████▋   | 59/88 [00:15<00:07,  4.00it/s, loss=1.321]
  epoch 1/3:  67%|██████▋   | 59/88 [00:15<00:07,  4.00it/s, loss=1.315]
  epoch 1/3:  68%|██████▊   | 60/88 [00:15<00:06,  4.00it/s, loss=1.315]
  epoch 1/3:  68%|██████▊   | 60/88 [00:15<00:06,  4.00it/s, loss=1.309]
  epoch 1/3:  69%|██████▉   | 61/88 [00:15<00:06,  4.00it/s, loss=1.309]
  epoch 1/3:  69%|██████▉   | 61/88 [00:15<00:06,  4.00it/s, loss=1.300]
  epoch 1/3:  70%|███████   | 62/88 [00:15<00:06,  4.00it/s, loss=1.300]
  epoch 1/3:  70%|███████   | 62/88 [00:16<00:06,  4.00it/s, loss=1.292]
  epoch 1/3:  72%|███████▏  | 63/88 [00:16<00:06,  4.02it/s, loss=1.292]
  epoch 1/3:  72%|███████▏  | 63/88 [00:16<00:06,  4.02it/s, loss=1.285]
  epoch 1/3:  73%|███████▎  | 64/88 [00:16<00:06,  3.96it/s, loss=1.285]
  epoch 1/3:  73%|███████▎  | 64/88 [00:16<00:06,  3.96it/s, loss=1.276]
  epoch 1/3:  74%|███████▍  | 65/88 [00:16<00:05,  3.99it/s, loss=1.276]
  epoch 1/3:  74%|███████▍  | 65/88 [00:16<00:05,  3.99it/s, loss=1.270]
  epoch 1/3:  75%|███████▌  | 66/88 [00:16<00:05,  4.00it/s, loss=1.270]
  epoch 1/3:  75%|███████▌  | 66/88 [00:17<00:05,  4.00it/s, loss=1.263]
  epoch 1/3:  76%|███████▌  | 67/88 [00:17<00:05,  4.00it/s, loss=1.263]
  epoch 1/3:  76%|███████▌  | 67/88 [00:17<00:05,  4.00it/s, loss=1.256]
  epoch 1/3:  77%|███████▋  | 68/88 [00:17<00:04,  4.01it/s, loss=1.256]
  epoch 1/3:  77%|███████▋  | 68/88 [00:17<00:04,  4.01it/s, loss=1.248]
  epoch 1/3:  78%|███████▊  | 69/88 [00:17<00:04,  4.03it/s, loss=1.248]
  epoch 1/3:  78%|███████▊  | 69/88 [00:17<00:04,  4.03it/s, loss=1.242]
  epoch 1/3:  80%|███████▉  | 70/88 [00:17<00:04,  4.03it/s, loss=1.242]
  epoch 1/3:  80%|███████▉  | 70/88 [00:17<00:04,  4.03it/s, loss=1.235]
  epoch 1/3:  81%|████████  | 71/88 [00:17<00:04,  4.03it/s, loss=1.235]
  epoch 1/3:  81%|████████  | 71/88 [00:18<00:04,  4.03it/s, loss=1.229]
  epoch 1/3:  82%|████████▏ | 72/88 [00:18<00:03,  4.02it/s, loss=1.229]
  epoch 1/3:  82%|████████▏ | 72/88 [00:18<00:03,  4.02it/s, loss=1.223]
  epoch 1/3:  83%|████████▎ | 73/88 [00:18<00:03,  4.04it/s, loss=1.223]
  epoch 1/3:  83%|████████▎ | 73/88 [00:18<00:03,  4.04it/s, loss=1.218]
  epoch 1/3:  84%|████████▍ | 74/88 [00:18<00:03,  4.04it/s, loss=1.218]
  epoch 1/3:  84%|████████▍ | 74/88 [00:18<00:03,  4.04it/s, loss=1.211]
  epoch 1/3:  85%|████████▌ | 75/88 [00:18<00:03,  4.01it/s, loss=1.211]
  epoch 1/3:  85%|████████▌ | 75/88 [00:19<00:03,  4.01it/s, loss=1.205]
  epoch 1/3:  86%|████████▋ | 76/88 [00:19<00:02,  4.01it/s, loss=1.205]
  epoch 1/3:  86%|████████▋ | 76/88 [00:19<00:02,  4.01it/s, loss=1.201]
  epoch 1/3:  88%|████████▊ | 77/88 [00:19<00:02,  4.02it/s, loss=1.201]
  epoch 1/3:  88%|████████▊ | 77/88 [00:19<00:02,  4.02it/s, loss=1.194]
  epoch 1/3:  89%|████████▊ | 78/88 [00:19<00:02,  4.03it/s, loss=1.194]
  epoch 1/3:  89%|████████▊ | 78/88 [00:19<00:02,  4.03it/s, loss=1.188]
  epoch 1/3:  90%|████████▉ | 79/88 [00:19<00:02,  4.02it/s, loss=1.188]
  epoch 1/3:  90%|████████▉ | 79/88 [00:20<00:02,  4.02it/s, loss=1.182]
  epoch 1/3:  91%|█████████ | 80/88 [00:20<00:02,  3.97it/s, loss=1.182]
  epoch 1/3:  91%|█████████ | 80/88 [00:20<00:02,  3.97it/s, loss=1.175]
  epoch 1/3:  92%|█████████▏| 81/88 [00:20<00:01,  3.99it/s, loss=1.175]
  epoch 1/3:  92%|█████████▏| 81/88 [00:20<00:01,  3.99it/s, loss=1.168]
  epoch 1/3:  93%|█████████▎| 82/88 [00:20<00:01,  4.00it/s, loss=1.168]
  epoch 1/3:  93%|█████████▎| 82/88 [00:20<00:01,  4.00it/s, loss=1.161]
  epoch 1/3:  94%|█████████▍| 83/88 [00:20<00:01,  4.03it/s, loss=1.161]
  epoch 1/3:  94%|█████████▍| 83/88 [00:21<00:01,  4.03it/s, loss=1.156]
  epoch 1/3:  95%|█████████▌| 84/88 [00:21<00:00,  4.05it/s, loss=1.156]
  epoch 1/3:  95%|█████████▌| 84/88 [00:21<00:00,  4.05it/s, loss=1.149]
  epoch 1/3:  97%|█████████▋| 85/88 [00:21<00:00,  4.02it/s, loss=1.149]
  epoch 1/3:  97%|█████████▋| 85/88 [00:21<00:00,  4.02it/s, loss=1.145]
  epoch 1/3:  98%|█████████▊| 86/88 [00:21<00:00,  4.02it/s, loss=1.145]
  epoch 1/3:  98%|█████████▊| 86/88 [00:21<00:00,  4.02it/s, loss=1.140]
  epoch 1/3:  99%|█████████▉| 87/88 [00:21<00:00,  4.03it/s, loss=1.140]
  epoch 1/3:  99%|█████████▉| 87/88 [00:22<00:00,  4.03it/s, loss=1.137]
  epoch 1/3: 100%|██████████| 88/88 [00:22<00:00,  4.35it/s, loss=1.137]
                                                                        

  epoch 2/3:   0%|          | 0/88 [00:00<?, ?it/s]
  epoch 2/3:   0%|          | 0/88 [00:00<?, ?it/s, loss=0.773]
  epoch 2/3:   1%|          | 1/88 [00:00<00:47,  1.84it/s, loss=0.773]
  epoch 2/3:   1%|          | 1/88 [00:00<00:47,  1.84it/s, loss=0.672]
  epoch 2/3:   2%|▏         | 2/88 [00:00<00:31,  2.70it/s, loss=0.672]
  epoch 2/3:   2%|▏         | 2/88 [00:01<00:31,  2.70it/s, loss=0.659]
  epoch 2/3:   3%|▎         | 3/88 [00:01<00:26,  3.20it/s, loss=0.659]
  epoch 2/3:   3%|▎         | 3/88 [00:01<00:26,  3.20it/s, loss=0.652]
  epoch 2/3:   5%|▍         | 4/88 [00:01<00:24,  3.49it/s, loss=0.652]
  epoch 2/3:   5%|▍         | 4/88 [00:01<00:24,  3.49it/s, loss=0.626]
  epoch 2/3:   6%|▌         | 5/88 [00:01<00:22,  3.67it/s, loss=0.626]
  epoch 2/3:   6%|▌         | 5/88 [00:01<00:22,  3.67it/s, loss=0.619]
  epoch 2/3:   7%|▋         | 6/88 [00:01<00:21,  3.78it/s, loss=0.619]
  epoch 2/3:   7%|▋         | 6/88 [00:02<00:21,  3.78it/s, loss=0.618]
  epoch 2/3:   8%|▊         | 7/88 [00:02<00:20,  3.86it/s, loss=0.618]
  epoch 2/3:   8%|▊         | 7/88 [00:02<00:20,  3.86it/s, loss=0.610]
  epoch 2/3:   9%|▉         | 8/88 [00:02<00:20,  3.85it/s, loss=0.610]
  epoch 2/3:   9%|▉         | 8/88 [00:02<00:20,  3.85it/s, loss=0.616]
  epoch 2/3:  10%|█         | 9/88 [00:02<00:20,  3.90it/s, loss=0.616]
  epoch 2/3:  10%|█         | 9/88 [00:02<00:20,  3.90it/s, loss=0.615]
  epoch 2/3:  11%|█▏        | 10/88 [00:02<00:19,  3.92it/s, loss=0.615]
  epoch 2/3:  11%|█▏        | 10/88 [00:03<00:19,  3.92it/s, loss=0.609]
  epoch 2/3:  12%|█▎        | 11/88 [00:03<00:19,  3.94it/s, loss=0.609]
  epoch 2/3:  12%|█▎        | 11/88 [00:03<00:19,  3.94it/s, loss=0.611]
  epoch 2/3:  14%|█▎        | 12/88 [00:03<00:19,  3.95it/s, loss=0.611]
  epoch 2/3:  14%|█▎        | 12/88 [00:03<00:19,  3.95it/s, loss=0.615]
  epoch 2/3:  15%|█▍        | 13/88 [00:03<00:18,  3.97it/s, loss=0.615]
  epoch 2/3:  15%|█▍        | 13/88 [00:03<00:18,  3.97it/s, loss=0.605]
  epoch 2/3:  16%|█▌        | 14/88 [00:03<00:18,  3.99it/s, loss=0.605]
  epoch 2/3:  16%|█▌        | 14/88 [00:04<00:18,  3.99it/s, loss=0.600]
  epoch 2/3:  17%|█▋        | 15/88 [00:04<00:18,  3.98it/s, loss=0.600]
  epoch 2/3:  17%|█▋        | 15/88 [00:04<00:18,  3.98it/s, loss=0.593]
  epoch 2/3:  18%|█▊        | 16/88 [00:04<00:18,  3.99it/s, loss=0.593]
  epoch 2/3:  18%|█▊        | 16/88 [00:04<00:18,  3.99it/s, loss=0.586]
  epoch 2/3:  19%|█▉        | 17/88 [00:04<00:17,  4.00it/s, loss=0.586]
  epoch 2/3:  19%|█▉        | 17/88 [00:04<00:17,  4.00it/s, loss=0.582]
  epoch 2/3:  20%|██        | 18/88 [00:04<00:17,  4.02it/s, loss=0.582]
  epoch 2/3:  20%|██        | 18/88 [00:05<00:17,  4.02it/s, loss=0.575]
  epoch 2/3:  22%|██▏       | 19/88 [00:05<00:17,  4.00it/s, loss=0.575]
  epoch 2/3:  22%|██▏       | 19/88 [00:05<00:17,  4.00it/s, loss=0.570]
  epoch 2/3:  23%|██▎       | 20/88 [00:05<00:16,  4.00it/s, loss=0.570]
  epoch 2/3:  23%|██▎       | 20/88 [00:05<00:16,  4.00it/s, loss=0.564]
  epoch 2/3:  24%|██▍       | 21/88 [00:05<00:16,  4.02it/s, loss=0.564]
  epoch 2/3:  24%|██▍       | 21/88 [00:05<00:16,  4.02it/s, loss=0.557]
  epoch 2/3:  25%|██▌       | 22/88 [00:05<00:16,  4.03it/s, loss=0.557]
  epoch 2/3:  25%|██▌       | 22/88 [00:06<00:16,  4.03it/s, loss=0.556]
  epoch 2/3:  26%|██▌       | 23/88 [00:06<00:16,  4.02it/s, loss=0.556]
  epoch 2/3:  26%|██▌       | 23/88 [00:06<00:16,  4.02it/s, loss=0.556]
  epoch 2/3:  27%|██▋       | 24/88 [00:06<00:16,  3.96it/s, loss=0.556]
  epoch 2/3:  27%|██▋       | 24/88 [00:06<00:16,  3.96it/s, loss=0.554]
  epoch 2/3:  28%|██▊       | 25/88 [00:06<00:15,  3.97it/s, loss=0.554]
  epoch 2/3:  28%|██▊       | 25/88 [00:06<00:15,  3.97it/s, loss=0.550]
  epoch 2/3:  30%|██▉       | 26/88 [00:06<00:15,  3.99it/s, loss=0.550]
  epoch 2/3:  30%|██▉       | 26/88 [00:07<00:15,  3.99it/s, loss=0.548]
  epoch 2/3:  31%|███       | 27/88 [00:07<00:15,  4.00it/s, loss=0.548]
  epoch 2/3:  31%|███       | 27/88 [00:07<00:15,  4.00it/s, loss=0.546]
  epoch 2/3:  32%|███▏      | 28/88 [00:07<00:14,  4.00it/s, loss=0.546]
  epoch 2/3:  32%|███▏      | 28/88 [00:07<00:14,  4.00it/s, loss=0.546]
  epoch 2/3:  33%|███▎      | 29/88 [00:07<00:14,  4.00it/s, loss=0.546]
  epoch 2/3:  33%|███▎      | 29/88 [00:07<00:14,  4.00it/s, loss=0.543]
  epoch 2/3:  34%|███▍      | 30/88 [00:07<00:14,  3.99it/s, loss=0.543]
  epoch 2/3:  34%|███▍      | 30/88 [00:08<00:14,  3.99it/s, loss=0.540]
  epoch 2/3:  35%|███▌      | 31/88 [00:08<00:14,  3.99it/s, loss=0.540]
  epoch 2/3:  35%|███▌      | 31/88 [00:08<00:14,  3.99it/s, loss=0.537]
  epoch 2/3:  36%|███▋      | 32/88 [00:08<00:13,  4.01it/s, loss=0.537]
  epoch 2/3:  36%|███▋      | 32/88 [00:08<00:13,  4.01it/s, loss=0.535]
  epoch 2/3:  38%|███▊      | 33/88 [00:08<00:13,  4.03it/s, loss=0.535]
  epoch 2/3:  38%|███▊      | 33/88 [00:08<00:13,  4.03it/s, loss=0.534]
  epoch 2/3:  39%|███▊      | 34/88 [00:08<00:13,  4.01it/s, loss=0.534]
  epoch 2/3:  39%|███▊      | 34/88 [00:09<00:13,  4.01it/s, loss=0.529]
  epoch 2/3:  40%|███▉      | 35/88 [00:09<00:13,  4.01it/s, loss=0.529]
  epoch 2/3:  40%|███▉      | 35/88 [00:09<00:13,  4.01it/s, loss=0.525]
  epoch 2/3:  41%|████      | 36/88 [00:09<00:12,  4.02it/s, loss=0.525]
  epoch 2/3:  41%|████      | 36/88 [00:09<00:12,  4.02it/s, loss=0.525]
  epoch 2/3:  42%|████▏     | 37/88 [00:09<00:12,  4.03it/s, loss=0.525]
  epoch 2/3:  42%|████▏     | 37/88 [00:09<00:12,  4.03it/s, loss=0.522]
  epoch 2/3:  43%|████▎     | 38/88 [00:09<00:12,  4.00it/s, loss=0.522]
  epoch 2/3:  43%|████▎     | 38/88 [00:10<00:12,  4.00it/s, loss=0.520]
  epoch 2/3:  44%|████▍     | 39/88 [00:10<00:12,  4.00it/s, loss=0.520]
  epoch 2/3:  44%|████▍     | 39/88 [00:10<00:12,  4.00it/s, loss=0.520]
  epoch 2/3:  45%|████▌     | 40/88 [00:10<00:12,  3.97it/s, loss=0.520]
  epoch 2/3:  45%|████▌     | 40/88 [00:10<00:12,  3.97it/s, loss=0.517]
  epoch 2/3:  47%|████▋     | 41/88 [00:10<00:11,  3.98it/s, loss=0.517]
  epoch 2/3:  47%|████▋     | 41/88 [00:10<00:11,  3.98it/s, loss=0.515]
  epoch 2/3:  48%|████▊     | 42/88 [00:10<00:11,  3.98it/s, loss=0.515]
  epoch 2/3:  48%|████▊     | 42/88 [00:11<00:11,  3.98it/s, loss=0.514]
  epoch 2/3:  49%|████▉     | 43/88 [00:11<00:11,  3.99it/s, loss=0.514]
  epoch 2/3:  49%|████▉     | 43/88 [00:11<00:11,  3.99it/s, loss=0.510]
  epoch 2/3:  50%|█████     | 44/88 [00:11<00:11,  4.00it/s, loss=0.510]
  epoch 2/3:  50%|█████     | 44/88 [00:11<00:11,  4.00it/s, loss=0.507]
  epoch 2/3:  51%|█████     | 45/88 [00:11<00:10,  4.02it/s, loss=0.507]
  epoch 2/3:  51%|█████     | 45/88 [00:11<00:10,  4.02it/s, loss=0.506]
  epoch 2/3:  52%|█████▏    | 46/88 [00:11<00:10,  4.03it/s, loss=0.506]
  epoch 2/3:  52%|█████▏    | 46/88 [00:12<00:10,  4.03it/s, loss=0.502]
  epoch 2/3:  53%|█████▎    | 47/88 [00:12<00:10,  4.03it/s, loss=0.502]
  epoch 2/3:  53%|█████▎    | 47/88 [00:12<00:10,  4.03it/s, loss=0.499]
  epoch 2/3:  55%|█████▍    | 48/88 [00:12<00:09,  4.02it/s, loss=0.499]
  epoch 2/3:  55%|█████▍    | 48/88 [00:12<00:09,  4.02it/s, loss=0.498]
  epoch 2/3:  56%|█████▌    | 49/88 [00:12<00:09,  4.02it/s, loss=0.498]
  epoch 2/3:  56%|█████▌    | 49/88 [00:12<00:09,  4.02it/s, loss=0.495]
  epoch 2/3:  57%|█████▋    | 50/88 [00:12<00:09,  4.03it/s, loss=0.495]
  epoch 2/3:  57%|█████▋    | 50/88 [00:13<00:09,  4.03it/s, loss=0.493]
  epoch 2/3:  58%|█████▊    | 51/88 [00:13<00:09,  4.02it/s, loss=0.493]
  epoch 2/3:  58%|█████▊    | 51/88 [00:13<00:09,  4.02it/s, loss=0.488]
  epoch 2/3:  59%|█████▉    | 52/88 [00:13<00:08,  4.00it/s, loss=0.488]
  epoch 2/3:  59%|█████▉    | 52/88 [00:13<00:08,  4.00it/s, loss=0.487]
  epoch 2/3:  60%|██████    | 53/88 [00:13<00:08,  4.01it/s, loss=0.487]
  epoch 2/3:  60%|██████    | 53/88 [00:13<00:08,  4.01it/s, loss=0.484]
  epoch 2/3:  61%|██████▏   | 54/88 [00:13<00:08,  4.00it/s, loss=0.484]
  epoch 2/3:  61%|██████▏   | 54/88 [00:14<00:08,  4.00it/s, loss=0.481]
  epoch 2/3:  62%|██████▎   | 55/88 [00:14<00:08,  4.00it/s, loss=0.481]
  epoch 2/3:  62%|██████▎   | 55/88 [00:14<00:08,  4.00it/s, loss=0.480]
  epoch 2/3:  64%|██████▎   | 56/88 [00:14<00:08,  3.95it/s, loss=0.480]
  epoch 2/3:  64%|██████▎   | 56/88 [00:14<00:08,  3.95it/s, loss=0.479]
  epoch 2/3:  65%|██████▍   | 57/88 [00:14<00:07,  3.96it/s, loss=0.479]
  epoch 2/3:  65%|██████▍   | 57/88 [00:14<00:07,  3.96it/s, loss=0.478]
  epoch 2/3:  66%|██████▌   | 58/88 [00:14<00:07,  3.96it/s, loss=0.478]
  epoch 2/3:  66%|██████▌   | 58/88 [00:15<00:07,  3.96it/s, loss=0.475]
  epoch 2/3:  67%|██████▋   | 59/88 [00:15<00:07,  3.97it/s, loss=0.475]
  epoch 2/3:  67%|██████▋   | 59/88 [00:15<00:07,  3.97it/s, loss=0.473]
  epoch 2/3:  68%|██████▊   | 60/88 [00:15<00:07,  3.99it/s, loss=0.473]
  epoch 2/3:  68%|██████▊   | 60/88 [00:15<00:07,  3.99it/s, loss=0.470]
  epoch 2/3:  69%|██████▉   | 61/88 [00:15<00:06,  3.97it/s, loss=0.470]
  epoch 2/3:  69%|██████▉   | 61/88 [00:15<00:06,  3.97it/s, loss=0.468]
  epoch 2/3:  70%|███████   | 62/88 [00:15<00:06,  3.98it/s, loss=0.468]
  epoch 2/3:  70%|███████   | 62/88 [00:16<00:06,  3.98it/s, loss=0.464]
  epoch 2/3:  72%|███████▏  | 63/88 [00:16<00:06,  4.00it/s, loss=0.464]
  epoch 2/3:  72%|███████▏  | 63/88 [00:16<00:06,  4.00it/s, loss=0.461]
  epoch 2/3:  73%|███████▎  | 64/88 [00:16<00:06,  3.99it/s, loss=0.461]
  epoch 2/3:  73%|███████▎  | 64/88 [00:16<00:06,  3.99it/s, loss=0.458]
  epoch 2/3:  74%|███████▍  | 65/88 [00:16<00:05,  3.99it/s, loss=0.458]
  epoch 2/3:  74%|███████▍  | 65/88 [00:16<00:05,  3.99it/s, loss=0.457]
  epoch 2/3:  75%|███████▌  | 66/88 [00:16<00:05,  4.01it/s, loss=0.457]
  epoch 2/3:  75%|███████▌  | 66/88 [00:17<00:05,  4.01it/s, loss=0.454]
  epoch 2/3:  76%|███████▌  | 67/88 [00:17<00:05,  3.99it/s, loss=0.454]
  epoch 2/3:  76%|███████▌  | 67/88 [00:17<00:05,  3.99it/s, loss=0.450]
  epoch 2/3:  77%|███████▋  | 68/88 [00:17<00:04,  4.00it/s, loss=0.450]
  epoch 2/3:  77%|███████▋  | 68/88 [00:17<00:04,  4.00it/s, loss=0.449]
  epoch 2/3:  78%|███████▊  | 69/88 [00:17<00:04,  4.01it/s, loss=0.449]
  epoch 2/3:  78%|███████▊  | 69/88 [00:17<00:04,  4.01it/s, loss=0.447]
  epoch 2/3:  80%|███████▉  | 70/88 [00:17<00:04,  4.02it/s, loss=0.447]
  epoch 2/3:  80%|███████▉  | 70/88 [00:18<00:04,  4.02it/s, loss=0.445]
  epoch 2/3:  81%|████████  | 71/88 [00:18<00:04,  3.99it/s, loss=0.445]
  epoch 2/3:  81%|████████  | 71/88 [00:18<00:04,  3.99it/s, loss=0.442]
  epoch 2/3:  82%|████████▏ | 72/88 [00:18<00:04,  3.94it/s, loss=0.442]
  epoch 2/3:  82%|████████▏ | 72/88 [00:18<00:04,  3.94it/s, loss=0.440]
  epoch 2/3:  83%|████████▎ | 73/88 [00:18<00:03,  3.96it/s, loss=0.440]
  epoch 2/3:  83%|████████▎ | 73/88 [00:18<00:03,  3.96it/s, loss=0.437]
  epoch 2/3:  84%|████████▍ | 74/88 [00:18<00:03,  3.99it/s, loss=0.437]
  epoch 2/3:  84%|████████▍ | 74/88 [00:19<00:03,  3.99it/s, loss=0.435]
  epoch 2/3:  85%|████████▌ | 75/88 [00:19<00:03,  4.01it/s, loss=0.435]
  epoch 2/3:  85%|████████▌ | 75/88 [00:19<00:03,  4.01it/s, loss=0.432]
  epoch 2/3:  86%|████████▋ | 76/88 [00:19<00:03,  3.99it/s, loss=0.432]
  epoch 2/3:  86%|████████▋ | 76/88 [00:19<00:03,  3.99it/s, loss=0.430]
  epoch 2/3:  88%|████████▊ | 77/88 [00:19<00:02,  3.99it/s, loss=0.430]
  epoch 2/3:  88%|████████▊ | 77/88 [00:19<00:02,  3.99it/s, loss=0.428]
  epoch 2/3:  89%|████████▊ | 78/88 [00:19<00:02,  4.01it/s, loss=0.428]
  epoch 2/3:  89%|████████▊ | 78/88 [00:20<00:02,  4.01it/s, loss=0.429]
  epoch 2/3:  90%|████████▉ | 79/88 [00:20<00:02,  3.99it/s, loss=0.429]
  epoch 2/3:  90%|████████▉ | 79/88 [00:20<00:02,  3.99it/s, loss=0.428]
  epoch 2/3:  91%|█████████ | 80/88 [00:20<00:02,  3.99it/s, loss=0.428]
  epoch 2/3:  91%|█████████ | 80/88 [00:20<00:02,  3.99it/s, loss=0.427]
  epoch 2/3:  92%|█████████▏| 81/88 [00:20<00:01,  4.02it/s, loss=0.427]
  epoch 2/3:  92%|█████████▏| 81/88 [00:20<00:01,  4.02it/s, loss=0.425]
  epoch 2/3:  93%|█████████▎| 82/88 [00:20<00:01,  4.03it/s, loss=0.425]
  epoch 2/3:  93%|█████████▎| 82/88 [00:21<00:01,  4.03it/s, loss=0.424]
  epoch 2/3:  94%|█████████▍| 83/88 [00:21<00:01,  4.01it/s, loss=0.424]
  epoch 2/3:  94%|█████████▍| 83/88 [00:21<00:01,  4.01it/s, loss=0.421]
  epoch 2/3:  95%|█████████▌| 84/88 [00:21<00:00,  4.01it/s, loss=0.421]
  epoch 2/3:  95%|█████████▌| 84/88 [00:21<00:00,  4.01it/s, loss=0.418]
  epoch 2/3:  97%|█████████▋| 85/88 [00:21<00:00,  4.03it/s, loss=0.418]
  epoch 2/3:  97%|█████████▋| 85/88 [00:21<00:00,  4.03it/s, loss=0.416]
  epoch 2/3:  98%|█████████▊| 86/88 [00:21<00:00,  4.01it/s, loss=0.416]
  epoch 2/3:  98%|█████████▊| 86/88 [00:22<00:00,  4.01it/s, loss=0.415]
  epoch 2/3:  99%|█████████▉| 87/88 [00:22<00:00,  4.01it/s, loss=0.415]
  epoch 2/3:  99%|█████████▉| 87/88 [00:22<00:00,  4.01it/s, loss=0.413]
  epoch 2/3: 100%|██████████| 88/88 [00:22<00:00,  4.27it/s, loss=0.413]
                                                                        

  epoch 3/3:   0%|          | 0/88 [00:00<?, ?it/s]
  epoch 3/3:   0%|          | 0/88 [00:00<?, ?it/s, loss=0.181]
  epoch 3/3:   1%|          | 1/88 [00:00<00:46,  1.89it/s, loss=0.181]
  epoch 3/3:   1%|          | 1/88 [00:00<00:46,  1.89it/s, loss=0.199]
  epoch 3/3:   2%|▏         | 2/88 [00:00<00:31,  2.75it/s, loss=0.199]
  epoch 3/3:   2%|▏         | 2/88 [00:01<00:31,  2.75it/s, loss=0.198]
  epoch 3/3:   3%|▎         | 3/88 [00:01<00:26,  3.20it/s, loss=0.198]
  epoch 3/3:   3%|▎         | 3/88 [00:01<00:26,  3.20it/s, loss=0.205]
  epoch 3/3:   5%|▍         | 4/88 [00:01<00:24,  3.49it/s, loss=0.205]
  epoch 3/3:   5%|▍         | 4/88 [00:01<00:24,  3.49it/s, loss=0.221]
  epoch 3/3:   6%|▌         | 5/88 [00:01<00:22,  3.65it/s, loss=0.221]
  epoch 3/3:   6%|▌         | 5/88 [00:01<00:22,  3.65it/s, loss=0.226]
  epoch 3/3:   7%|▋         | 6/88 [00:01<00:21,  3.76it/s, loss=0.226]
  epoch 3/3:   7%|▋         | 6/88 [00:02<00:21,  3.76it/s, loss=0.230]
  epoch 3/3:   8%|▊         | 7/88 [00:02<00:21,  3.84it/s, loss=0.230]
  epoch 3/3:   8%|▊         | 7/88 [00:02<00:21,  3.84it/s, loss=0.233]
  epoch 3/3:   9%|▉         | 8/88 [00:02<00:20,  3.90it/s, loss=0.233]
  epoch 3/3:   9%|▉         | 8/88 [00:02<00:20,  3.90it/s, loss=0.236]
  epoch 3/3:  10%|█         | 9/88 [00:02<00:20,  3.93it/s, loss=0.236]
  epoch 3/3:  10%|█         | 9/88 [00:02<00:20,  3.93it/s, loss=0.232]
  epoch 3/3:  11%|█▏        | 10/88 [00:02<00:19,  3.96it/s, loss=0.232]
  epoch 3/3:  11%|█▏        | 10/88 [00:03<00:19,  3.96it/s, loss=0.229]
  epoch 3/3:  12%|█▎        | 11/88 [00:03<00:19,  3.98it/s, loss=0.229]
  epoch 3/3:  12%|█▎        | 11/88 [00:03<00:19,  3.98it/s, loss=0.227]
  epoch 3/3:  14%|█▎        | 12/88 [00:03<00:19,  3.98it/s, loss=0.227]
  epoch 3/3:  14%|█▎        | 12/88 [00:03<00:19,  3.98it/s, loss=0.224]
  epoch 3/3:  15%|█▍        | 13/88 [00:03<00:18,  3.99it/s, loss=0.224]
  epoch 3/3:  15%|█▍        | 13/88 [00:03<00:18,  3.99it/s, loss=0.228]
  epoch 3/3:  16%|█▌        | 14/88 [00:03<00:18,  3.99it/s, loss=0.228]
  epoch 3/3:  16%|█▌        | 14/88 [00:04<00:18,  3.99it/s, loss=0.231]
  epoch 3/3:  17%|█▋        | 15/88 [00:04<00:18,  4.02it/s, loss=0.231]
  epoch 3/3:  17%|█▋        | 15/88 [00:04<00:18,  4.02it/s, loss=0.234]
  epoch 3/3:  18%|█▊        | 16/88 [00:04<00:18,  3.95it/s, loss=0.234]
  epoch 3/3:  18%|█▊        | 16/88 [00:04<00:18,  3.95it/s, loss=0.236]
  epoch 3/3:  19%|█▉        | 17/88 [00:04<00:17,  3.98it/s, loss=0.236]
  epoch 3/3:  19%|█▉        | 17/88 [00:04<00:17,  3.98it/s, loss=0.238]
  epoch 3/3:  20%|██        | 18/88 [00:04<00:17,  3.98it/s, loss=0.238]
  epoch 3/3:  20%|██        | 18/88 [00:05<00:17,  3.98it/s, loss=0.240]
  epoch 3/3:  22%|██▏       | 19/88 [00:05<00:17,  3.99it/s, loss=0.240]
  epoch 3/3:  22%|██▏       | 19/88 [00:05<00:17,  3.99it/s, loss=0.238]
  epoch 3/3:  23%|██▎       | 20/88 [00:05<00:16,  4.01it/s, loss=0.238]
  epoch 3/3:  23%|██▎       | 20/88 [00:05<00:16,  4.01it/s, loss=0.236]
  epoch 3/3:  24%|██▍       | 21/88 [00:05<00:16,  4.04it/s, loss=0.236]
  epoch 3/3:  24%|██▍       | 21/88 [00:05<00:16,  4.04it/s, loss=0.239]
  epoch 3/3:  25%|██▌       | 22/88 [00:05<00:16,  4.04it/s, loss=0.239]
  epoch 3/3:  25%|██▌       | 22/88 [00:06<00:16,  4.04it/s, loss=0.234]
  epoch 3/3:  26%|██▌       | 23/88 [00:06<00:16,  4.02it/s, loss=0.234]
  epoch 3/3:  26%|██▌       | 23/88 [00:06<00:16,  4.02it/s, loss=0.234]
  epoch 3/3:  27%|██▋       | 24/88 [00:06<00:15,  4.02it/s, loss=0.234]
  epoch 3/3:  27%|██▋       | 24/88 [00:06<00:15,  4.02it/s, loss=0.232]
  epoch 3/3:  28%|██▊       | 25/88 [00:06<00:15,  4.03it/s, loss=0.232]
  epoch 3/3:  28%|██▊       | 25/88 [00:06<00:15,  4.03it/s, loss=0.227]
  epoch 3/3:  30%|██▉       | 26/88 [00:06<00:15,  4.02it/s, loss=0.227]
  epoch 3/3:  30%|██▉       | 26/88 [00:07<00:15,  4.02it/s, loss=0.226]
  epoch 3/3:  31%|███       | 27/88 [00:07<00:15,  4.01it/s, loss=0.226]
  epoch 3/3:  31%|███       | 27/88 [00:07<00:15,  4.01it/s, loss=0.226]
  epoch 3/3:  32%|███▏      | 28/88 [00:07<00:14,  4.03it/s, loss=0.226]
  epoch 3/3:  32%|███▏      | 28/88 [00:07<00:14,  4.03it/s, loss=0.226]
  epoch 3/3:  33%|███▎      | 29/88 [00:07<00:14,  4.04it/s, loss=0.226]
  epoch 3/3:  33%|███▎      | 29/88 [00:07<00:14,  4.04it/s, loss=0.223]
  epoch 3/3:  34%|███▍      | 30/88 [00:07<00:14,  4.03it/s, loss=0.223]
  epoch 3/3:  34%|███▍      | 30/88 [00:08<00:14,  4.03it/s, loss=0.221]
  epoch 3/3:  35%|███▌      | 31/88 [00:08<00:14,  4.01it/s, loss=0.221]
  epoch 3/3:  35%|███▌      | 31/88 [00:08<00:14,  4.01it/s, loss=0.221]
  epoch 3/3:  36%|███▋      | 32/88 [00:08<00:14,  3.97it/s, loss=0.221]
  epoch 3/3:  36%|███▋      | 32/88 [00:08<00:14,  3.97it/s, loss=0.219]
  epoch 3/3:  38%|███▊      | 33/88 [00:08<00:13,  3.98it/s, loss=0.219]
  epoch 3/3:  38%|███▊      | 33/88 [00:08<00:13,  3.98it/s, loss=0.224]
  epoch 3/3:  39%|███▊      | 34/88 [00:08<00:13,  4.00it/s, loss=0.224]
  epoch 3/3:  39%|███▊      | 34/88 [00:09<00:13,  4.00it/s, loss=0.222]
  epoch 3/3:  40%|███▉      | 35/88 [00:09<00:13,  3.99it/s, loss=0.222]
  epoch 3/3:  40%|███▉      | 35/88 [00:09<00:13,  3.99it/s, loss=0.219]
  epoch 3/3:  41%|████      | 36/88 [00:09<00:13,  4.00it/s, loss=0.219]
  epoch 3/3:  41%|████      | 36/88 [00:09<00:13,  4.00it/s, loss=0.217]
  epoch 3/3:  42%|████▏     | 37/88 [00:09<00:12,  4.01it/s, loss=0.217]
  epoch 3/3:  42%|████▏     | 37/88 [00:09<00:12,  4.01it/s, loss=0.216]
  epoch 3/3:  43%|████▎     | 38/88 [00:09<00:12,  4.03it/s, loss=0.216]
  epoch 3/3:  43%|████▎     | 38/88 [00:10<00:12,  4.03it/s, loss=0.214]
  epoch 3/3:  44%|████▍     | 39/88 [00:10<00:12,  4.04it/s, loss=0.214]
  epoch 3/3:  44%|████▍     | 39/88 [00:10<00:12,  4.04it/s, loss=0.213]
  epoch 3/3:  45%|████▌     | 40/88 [00:10<00:11,  4.02it/s, loss=0.213]
  epoch 3/3:  45%|████▌     | 40/88 [00:10<00:11,  4.02it/s, loss=0.218]
  epoch 3/3:  47%|████▋     | 41/88 [00:10<00:11,  4.02it/s, loss=0.218]
  epoch 3/3:  47%|████▋     | 41/88 [00:10<00:11,  4.02it/s, loss=0.217]
  epoch 3/3:  48%|████▊     | 42/88 [00:10<00:11,  4.02it/s, loss=0.217]
  epoch 3/3:  48%|████▊     | 42/88 [00:10<00:11,  4.02it/s, loss=0.215]
  epoch 3/3:  49%|████▉     | 43/88 [00:10<00:11,  4.05it/s, loss=0.215]
  epoch 3/3:  49%|████▉     | 43/88 [00:11<00:11,  4.05it/s, loss=0.213]
  epoch 3/3:  50%|█████     | 44/88 [00:11<00:10,  4.04it/s, loss=0.213]
  epoch 3/3:  50%|█████     | 44/88 [00:11<00:10,  4.04it/s, loss=0.211]
  epoch 3/3:  51%|█████     | 45/88 [00:11<00:10,  4.02it/s, loss=0.211]
  epoch 3/3:  51%|█████     | 45/88 [00:11<00:10,  4.02it/s, loss=0.209]
  epoch 3/3:  52%|█████▏    | 46/88 [00:11<00:10,  4.02it/s, loss=0.209]
  epoch 3/3:  52%|█████▏    | 46/88 [00:11<00:10,  4.02it/s, loss=0.208]
  epoch 3/3:  53%|█████▎    | 47/88 [00:11<00:10,  4.02it/s, loss=0.208]
  epoch 3/3:  53%|█████▎    | 47/88 [00:12<00:10,  4.02it/s, loss=0.206]
  epoch 3/3:  55%|█████▍    | 48/88 [00:12<00:10,  3.96it/s, loss=0.206]
  epoch 3/3:  55%|█████▍    | 48/88 [00:12<00:10,  3.96it/s, loss=0.205]
  epoch 3/3:  56%|█████▌    | 49/88 [00:12<00:09,  3.95it/s, loss=0.205]
  epoch 3/3:  56%|█████▌    | 49/88 [00:12<00:09,  3.95it/s, loss=0.203]
  epoch 3/3:  57%|█████▋    | 50/88 [00:12<00:09,  3.97it/s, loss=0.203]
  epoch 3/3:  57%|█████▋    | 50/88 [00:13<00:09,  3.97it/s, loss=0.202]
  epoch 3/3:  58%|█████▊    | 51/88 [00:13<00:09,  3.98it/s, loss=0.202]
  epoch 3/3:  58%|█████▊    | 51/88 [00:13<00:09,  3.98it/s, loss=0.200]
  epoch 3/3:  59%|█████▉    | 52/88 [00:13<00:09,  3.99it/s, loss=0.200]
  epoch 3/3:  59%|█████▉    | 52/88 [00:13<00:09,  3.99it/s, loss=0.201]
  epoch 3/3:  60%|██████    | 53/88 [00:13<00:08,  3.99it/s, loss=0.201]
  epoch 3/3:  60%|██████    | 53/88 [00:13<00:08,  3.99it/s, loss=0.204]
  epoch 3/3:  61%|██████▏   | 54/88 [00:13<00:08,  4.02it/s, loss=0.204]
  epoch 3/3:  61%|██████▏   | 54/88 [00:13<00:08,  4.02it/s, loss=0.204]
  epoch 3/3:  62%|██████▎   | 55/88 [00:14<00:08,  4.01it/s, loss=0.204]
  epoch 3/3:  62%|██████▎   | 55/88 [00:14<00:08,  4.01it/s, loss=0.205]
  epoch 3/3:  64%|██████▎   | 56/88 [00:14<00:07,  4.02it/s, loss=0.205]
  epoch 3/3:  64%|██████▎   | 56/88 [00:14<00:07,  4.02it/s, loss=0.205]
  epoch 3/3:  65%|██████▍   | 57/88 [00:14<00:07,  4.02it/s, loss=0.205]
  epoch 3/3:  65%|██████▍   | 57/88 [00:14<00:07,  4.02it/s, loss=0.203]
  epoch 3/3:  66%|██████▌   | 58/88 [00:14<00:07,  4.03it/s, loss=0.203]
  epoch 3/3:  66%|██████▌   | 58/88 [00:14<00:07,  4.03it/s, loss=0.202]
  epoch 3/3:  67%|██████▋   | 59/88 [00:14<00:07,  4.04it/s, loss=0.202]
  epoch 3/3:  67%|██████▋   | 59/88 [00:15<00:07,  4.04it/s, loss=0.200]
  epoch 3/3:  68%|██████▊   | 60/88 [00:15<00:06,  4.03it/s, loss=0.200]
  epoch 3/3:  68%|██████▊   | 60/88 [00:15<00:06,  4.03it/s, loss=0.200]
  epoch 3/3:  69%|██████▉   | 61/88 [00:15<00:06,  4.02it/s, loss=0.200]
  epoch 3/3:  69%|██████▉   | 61/88 [00:15<00:06,  4.02it/s, loss=0.199]
  epoch 3/3:  70%|███████   | 62/88 [00:15<00:06,  4.03it/s, loss=0.199]
  epoch 3/3:  70%|███████   | 62/88 [00:15<00:06,  4.03it/s, loss=0.199]
  epoch 3/3:  72%|███████▏  | 63/88 [00:15<00:06,  4.01it/s, loss=0.199]
  epoch 3/3:  72%|███████▏  | 63/88 [00:16<00:06,  4.01it/s, loss=0.198]
  epoch 3/3:  73%|███████▎  | 64/88 [00:16<00:06,  3.95it/s, loss=0.198]
  epoch 3/3:  73%|███████▎  | 64/88 [00:16<00:06,  3.95it/s, loss=0.199]
  epoch 3/3:  74%|███████▍  | 65/88 [00:16<00:05,  3.98it/s, loss=0.199]
  epoch 3/3:  74%|███████▍  | 65/88 [00:16<00:05,  3.98it/s, loss=0.198]
  epoch 3/3:  75%|███████▌  | 66/88 [00:16<00:05,  4.00it/s, loss=0.198]
  epoch 3/3:  75%|███████▌  | 66/88 [00:16<00:05,  4.00it/s, loss=0.197]
  epoch 3/3:  76%|███████▌  | 67/88 [00:16<00:05,  4.02it/s, loss=0.197]
  epoch 3/3:  76%|███████▌  | 67/88 [00:17<00:05,  4.02it/s, loss=0.196]
  epoch 3/3:  77%|███████▋  | 68/88 [00:17<00:05,  3.99it/s, loss=0.196]
  epoch 3/3:  77%|███████▋  | 68/88 [00:17<00:05,  3.99it/s, loss=0.196]
  epoch 3/3:  78%|███████▊  | 69/88 [00:17<00:04,  4.00it/s, loss=0.196]
  epoch 3/3:  78%|███████▊  | 69/88 [00:17<00:04,  4.00it/s, loss=0.195]
  epoch 3/3:  80%|███████▉  | 70/88 [00:17<00:04,  4.02it/s, loss=0.195]
  epoch 3/3:  80%|███████▉  | 70/88 [00:17<00:04,  4.02it/s, loss=0.197]
  epoch 3/3:  81%|████████  | 71/88 [00:17<00:04,  4.03it/s, loss=0.197]
  epoch 3/3:  81%|████████  | 71/88 [00:18<00:04,  4.03it/s, loss=0.195]
  epoch 3/3:  82%|████████▏ | 72/88 [00:18<00:03,  4.02it/s, loss=0.195]
  epoch 3/3:  82%|████████▏ | 72/88 [00:18<00:03,  4.02it/s, loss=0.193]
  epoch 3/3:  83%|████████▎ | 73/88 [00:18<00:03,  4.02it/s, loss=0.193]
  epoch 3/3:  83%|████████▎ | 73/88 [00:18<00:03,  4.02it/s, loss=0.192]
  epoch 3/3:  84%|████████▍ | 74/88 [00:18<00:03,  4.02it/s, loss=0.192]
  epoch 3/3:  84%|████████▍ | 74/88 [00:18<00:03,  4.02it/s, loss=0.191]
  epoch 3/3:  85%|████████▌ | 75/88 [00:18<00:03,  4.00it/s, loss=0.191]
  epoch 3/3:  85%|████████▌ | 75/88 [00:19<00:03,  4.00it/s, loss=0.189]
  epoch 3/3:  86%|████████▋ | 76/88 [00:19<00:02,  4.01it/s, loss=0.189]
  epoch 3/3:  86%|████████▋ | 76/88 [00:19<00:02,  4.01it/s, loss=0.190]
  epoch 3/3:  88%|████████▊ | 77/88 [00:19<00:02,  4.02it/s, loss=0.190]
  epoch 3/3:  88%|████████▊ | 77/88 [00:19<00:02,  4.02it/s, loss=0.188]
  epoch 3/3:  89%|████████▊ | 78/88 [00:19<00:02,  4.03it/s, loss=0.188]
  epoch 3/3:  89%|████████▊ | 78/88 [00:19<00:02,  4.03it/s, loss=0.188]
  epoch 3/3:  90%|████████▉ | 79/88 [00:19<00:02,  4.01it/s, loss=0.188]
  epoch 3/3:  90%|████████▉ | 79/88 [00:20<00:02,  4.01it/s, loss=0.187]
  epoch 3/3:  91%|█████████ | 80/88 [00:20<00:02,  3.96it/s, loss=0.187]
  epoch 3/3:  91%|█████████ | 80/88 [00:20<00:02,  3.96it/s, loss=0.186]
  epoch 3/3:  92%|█████████▏| 81/88 [00:20<00:01,  3.97it/s, loss=0.186]
  epoch 3/3:  92%|█████████▏| 81/88 [00:20<00:01,  3.97it/s, loss=0.186]
  epoch 3/3:  93%|█████████▎| 82/88 [00:20<00:01,  4.00it/s, loss=0.186]
  epoch 3/3:  93%|█████████▎| 82/88 [00:20<00:01,  4.00it/s, loss=0.185]
  epoch 3/3:  94%|█████████▍| 83/88 [00:20<00:01,  4.01it/s, loss=0.185]
  epoch 3/3:  94%|█████████▍| 83/88 [00:21<00:01,  4.01it/s, loss=0.185]
  epoch 3/3:  95%|█████████▌| 84/88 [00:21<00:01,  4.00it/s, loss=0.185]
  epoch 3/3:  95%|█████████▌| 84/88 [00:21<00:01,  4.00it/s, loss=0.184]
  epoch 3/3:  97%|█████████▋| 85/88 [00:21<00:00,  4.01it/s, loss=0.184]
  epoch 3/3:  97%|█████████▋| 85/88 [00:21<00:00,  4.01it/s, loss=0.183]
  epoch 3/3:  98%|█████████▊| 86/88 [00:21<00:00,  4.02it/s, loss=0.183]
  epoch 3/3:  98%|█████████▊| 86/88 [00:21<00:00,  4.02it/s, loss=0.182]
  epoch 3/3:  99%|█████████▉| 87/88 [00:21<00:00,  4.01it/s, loss=0.182]
  epoch 3/3:  99%|█████████▉| 87/88 [00:22<00:00,  4.01it/s, loss=0.181]
  epoch 3/3: 100%|██████████| 88/88 [00:22<00:00,  4.35it/s, loss=0.181]
                                                                        
[titans] reset=never | norm(state) sau task = 82.5835
[titans]   self-mod v:β=1.10 |W|=2.32
[titans]   eta_t(avg)=14.0738  alpha_t/forget-gate(avg)=1.0000
[task 4] test acc so far: 0.877  0.786  0.769  0.657  0.289
[task 4] NCM-blend gamma=0: 0.783  0.726  0.737  0.794  0.754
[task 4] NCM-blend gamma=0.25: 0.797  0.729  0.743  0.809  0.766
[checkpoint] đã lưu tiến độ sau task 4
[task 5] classes=[17, 26, 28, 29, 44] | train=2800

  epoch 1/3:   0%|          | 0/88 [00:00<?, ?it/s]
  epoch 1/3:   0%|          | 0/88 [00:00<?, ?it/s, loss=1.762]
  epoch 1/3:   1%|          | 1/88 [00:00<00:53,  1.64it/s, loss=1.762]
  epoch 1/3:   1%|          | 1/88 [00:00<00:53,  1.64it/s, loss=1.685]
  epoch 1/3:   2%|▏         | 2/88 [00:00<00:34,  2.52it/s, loss=1.685]
  epoch 1/3:   2%|▏         | 2/88 [00:01<00:34,  2.52it/s, loss=1.683]
  epoch 1/3:   3%|▎         | 3/88 [00:01<00:27,  3.05it/s, loss=1.683]
  epoch 1/3:   3%|▎         | 3/88 [00:01<00:27,  3.05it/s, loss=1.676]
  epoch 1/3:   5%|▍         | 4/88 [00:01<00:24,  3.37it/s, loss=1.676]
  epoch 1/3:   5%|▍         | 4/88 [00:01<00:24,  3.37it/s, loss=1.671]
  epoch 1/3:   6%|▌         | 5/88 [00:01<00:23,  3.59it/s, loss=1.671]
  epoch 1/3:   6%|▌         | 5/88 [00:01<00:23,  3.59it/s, loss=1.654]
  epoch 1/3:   7%|▋         | 6/88 [00:01<00:22,  3.71it/s, loss=1.654]
  epoch 1/3:   7%|▋         | 6/88 [00:02<00:22,  3.71it/s, loss=1.632]
  epoch 1/3:   8%|▊         | 7/88 [00:02<00:21,  3.81it/s, loss=1.632]
  epoch 1/3:   8%|▊         | 7/88 [00:02<00:21,  3.81it/s, loss=1.623]
  epoch 1/3:   9%|▉         | 8/88 [00:02<00:20,  3.83it/s, loss=1.623]
  epoch 1/3:   9%|▉         | 8/88 [00:02<00:20,  3.83it/s, loss=1.621]
  epoch 1/3:  10%|█         | 9/88 [00:02<00:20,  3.89it/s, loss=1.621]
  epoch 1/3:  10%|█         | 9/88 [00:02<00:20,  3.89it/s, loss=1.609]
  epoch 1/3:  11%|█▏        | 10/88 [00:02<00:19,  3.93it/s, loss=1.609]
  epoch 1/3:  11%|█▏        | 10/88 [00:03<00:19,  3.93it/s, loss=1.609]
  epoch 1/3:  12%|█▎        | 11/88 [00:03<00:19,  3.98it/s, loss=1.609]
  epoch 1/3:  12%|█▎        | 11/88 [00:03<00:19,  3.98it/s, loss=1.591]
  epoch 1/3:  14%|█▎        | 12/88 [00:03<00:18,  4.02it/s, loss=1.591]
  epoch 1/3:  14%|█▎        | 12/88 [00:03<00:18,  4.02it/s, loss=1.589]
  epoch 1/3:  15%|█▍        | 13/88 [00:03<00:18,  3.99it/s, loss=1.589]
  epoch 1/3:  15%|█▍        | 13/88 [00:03<00:18,  3.99it/s, loss=1.589]
  epoch 1/3:  16%|█▌        | 14/88 [00:03<00:18,  4.00it/s, loss=1.589]
  epoch 1/3:  16%|█▌        | 14/88 [00:04<00:18,  4.00it/s, loss=1.576]
  epoch 1/3:  17%|█▋        | 15/88 [00:04<00:18,  4.01it/s, loss=1.576]
  epoch 1/3:  17%|█▋        | 15/88 [00:04<00:18,  4.01it/s, loss=1.560]
  epoch 1/3:  18%|█▊        | 16/88 [00:04<00:17,  4.02it/s, loss=1.560]
  epoch 1/3:  18%|█▊        | 16/88 [00:04<00:17,  4.02it/s, loss=1.546]
  epoch 1/3:  19%|█▉        | 17/88 [00:04<00:17,  4.02it/s, loss=1.546]
  epoch 1/3:  19%|█▉        | 17/88 [00:04<00:17,  4.02it/s, loss=1.530]
  epoch 1/3:  20%|██        | 18/88 [00:04<00:17,  4.02it/s, loss=1.530]
  epoch 1/3:  20%|██        | 18/88 [00:05<00:17,  4.02it/s, loss=1.529]
  epoch 1/3:  22%|██▏       | 19/88 [00:05<00:17,  4.03it/s, loss=1.529]
  epoch 1/3:  22%|██▏       | 19/88 [00:05<00:17,  4.03it/s, loss=1.519]
  epoch 1/3:  23%|██▎       | 20/88 [00:05<00:16,  4.05it/s, loss=1.519]
  epoch 1/3:  23%|██▎       | 20/88 [00:05<00:16,  4.05it/s, loss=1.507]
  epoch 1/3:  24%|██▍       | 21/88 [00:05<00:16,  4.06it/s, loss=1.507]
  epoch 1/3:  24%|██▍       | 21/88 [00:05<00:16,  4.06it/s, loss=1.493]
  epoch 1/3:  25%|██▌       | 22/88 [00:05<00:16,  4.05it/s, loss=1.493]
  epoch 1/3:  25%|██▌       | 22/88 [00:06<00:16,  4.05it/s, loss=1.489]
  epoch 1/3:  26%|██▌       | 23/88 [00:06<00:16,  4.04it/s, loss=1.489]
  epoch 1/3:  26%|██▌       | 23/88 [00:06<00:16,  4.04it/s, loss=1.485]
  epoch 1/3:  27%|██▋       | 24/88 [00:06<00:16,  3.98it/s, loss=1.485]
  epoch 1/3:  27%|██▋       | 24/88 [00:06<00:16,  3.98it/s, loss=1.478]
  epoch 1/3:  28%|██▊       | 25/88 [00:06<00:15,  3.98it/s, loss=1.478]
  epoch 1/3:  28%|██▊       | 25/88 [00:06<00:15,  3.98it/s, loss=1.469]
  epoch 1/3:  30%|██▉       | 26/88 [00:06<00:15,  4.01it/s, loss=1.469]
  epoch 1/3:  30%|██▉       | 26/88 [00:07<00:15,  4.01it/s, loss=1.463]
  epoch 1/3:  31%|███       | 27/88 [00:07<00:15,  4.02it/s, loss=1.463]
  epoch 1/3:  31%|███       | 27/88 [00:07<00:15,  4.02it/s, loss=1.451]
  epoch 1/3:  32%|███▏      | 28/88 [00:07<00:14,  4.01it/s, loss=1.451]
  epoch 1/3:  32%|███▏      | 28/88 [00:07<00:14,  4.01it/s, loss=1.439]
  epoch 1/3:  33%|███▎      | 29/88 [00:07<00:14,  4.00it/s, loss=1.439]
  epoch 1/3:  33%|███▎      | 29/88 [00:07<00:14,  4.00it/s, loss=1.431]
  epoch 1/3:  34%|███▍      | 30/88 [00:07<00:14,  4.01it/s, loss=1.431]
  epoch 1/3:  34%|███▍      | 30/88 [00:08<00:14,  4.01it/s, loss=1.424]
  epoch 1/3:  35%|███▌      | 31/88 [00:08<00:14,  4.04it/s, loss=1.424]
  epoch 1/3:  35%|███▌      | 31/88 [00:08<00:14,  4.04it/s, loss=1.422]
  epoch 1/3:  36%|███▋      | 32/88 [00:08<00:13,  4.06it/s, loss=1.422]
  epoch 1/3:  36%|███▋      | 32/88 [00:08<00:13,  4.06it/s, loss=1.412]
  epoch 1/3:  38%|███▊      | 33/88 [00:08<00:13,  4.04it/s, loss=1.412]
  epoch 1/3:  38%|███▊      | 33/88 [00:08<00:13,  4.04it/s, loss=1.410]
  epoch 1/3:  39%|███▊      | 34/88 [00:08<00:13,  4.04it/s, loss=1.410]
  epoch 1/3:  39%|███▊      | 34/88 [00:09<00:13,  4.04it/s, loss=1.400]
  epoch 1/3:  40%|███▉      | 35/88 [00:09<00:13,  4.03it/s, loss=1.400]
  epoch 1/3:  40%|███▉      | 35/88 [00:09<00:13,  4.03it/s, loss=1.390]
  epoch 1/3:  41%|████      | 36/88 [00:09<00:12,  4.03it/s, loss=1.390]
  epoch 1/3:  41%|████      | 36/88 [00:09<00:12,  4.03it/s, loss=1.385]
  epoch 1/3:  42%|████▏     | 37/88 [00:09<00:12,  4.02it/s, loss=1.385]
  epoch 1/3:  42%|████▏     | 37/88 [00:09<00:12,  4.02it/s, loss=1.379]
  epoch 1/3:  43%|████▎     | 38/88 [00:09<00:12,  4.02it/s, loss=1.379]
  epoch 1/3:  43%|████▎     | 38/88 [00:10<00:12,  4.02it/s, loss=1.371]
  epoch 1/3:  44%|████▍     | 39/88 [00:10<00:12,  4.03it/s, loss=1.371]
  epoch 1/3:  44%|████▍     | 39/88 [00:10<00:12,  4.03it/s, loss=1.363]
  epoch 1/3:  45%|████▌     | 40/88 [00:10<00:12,  3.98it/s, loss=1.363]
  epoch 1/3:  45%|████▌     | 40/88 [00:10<00:12,  3.98it/s, loss=1.356]
  epoch 1/3:  47%|████▋     | 41/88 [00:10<00:11,  4.00it/s, loss=1.356]
  epoch 1/3:  47%|████▋     | 41/88 [00:10<00:11,  4.00it/s, loss=1.348]
  epoch 1/3:  48%|████▊     | 42/88 [00:10<00:11,  4.01it/s, loss=1.348]
  epoch 1/3:  48%|████▊     | 42/88 [00:11<00:11,  4.01it/s, loss=1.342]
  epoch 1/3:  49%|████▉     | 43/88 [00:11<00:11,  4.03it/s, loss=1.342]
  epoch 1/3:  49%|████▉     | 43/88 [00:11<00:11,  4.03it/s, loss=1.335]
  epoch 1/3:  50%|█████     | 44/88 [00:11<00:10,  4.03it/s, loss=1.335]
  epoch 1/3:  50%|█████     | 44/88 [00:11<00:10,  4.03it/s, loss=1.328]
  epoch 1/3:  51%|█████     | 45/88 [00:11<00:10,  4.03it/s, loss=1.328]
  epoch 1/3:  51%|█████     | 45/88 [00:11<00:10,  4.03it/s, loss=1.320]
  epoch 1/3:  52%|█████▏    | 46/88 [00:11<00:10,  4.02it/s, loss=1.320]
  epoch 1/3:  52%|█████▏    | 46/88 [00:12<00:10,  4.02it/s, loss=1.312]
  epoch 1/3:  53%|█████▎    | 47/88 [00:12<00:10,  4.03it/s, loss=1.312]
  epoch 1/3:  53%|█████▎    | 47/88 [00:12<00:10,  4.03it/s, loss=1.306]
  epoch 1/3:  55%|█████▍    | 48/88 [00:12<00:09,  4.03it/s, loss=1.306]
  epoch 1/3:  55%|█████▍    | 48/88 [00:12<00:09,  4.03it/s, loss=1.298]
  epoch 1/3:  56%|█████▌    | 49/88 [00:12<00:09,  4.01it/s, loss=1.298]
  epoch 1/3:  56%|█████▌    | 49/88 [00:12<00:09,  4.01it/s, loss=1.291]
  epoch 1/3:  57%|█████▋    | 50/88 [00:12<00:09,  4.02it/s, loss=1.291]
  epoch 1/3:  57%|█████▋    | 50/88 [00:13<00:09,  4.02it/s, loss=1.284]
  epoch 1/3:  58%|█████▊    | 51/88 [00:13<00:09,  4.02it/s, loss=1.284]
  epoch 1/3:  58%|█████▊    | 51/88 [00:13<00:09,  4.02it/s, loss=1.278]
  epoch 1/3:  59%|█████▉    | 52/88 [00:13<00:08,  4.02it/s, loss=1.278]
  epoch 1/3:  59%|█████▉    | 52/88 [00:13<00:08,  4.02it/s, loss=1.270]
  epoch 1/3:  60%|██████    | 53/88 [00:13<00:08,  4.01it/s, loss=1.270]
  epoch 1/3:  60%|██████    | 53/88 [00:13<00:08,  4.01it/s, loss=1.265]
  epoch 1/3:  61%|██████▏   | 54/88 [00:13<00:08,  4.02it/s, loss=1.265]
  epoch 1/3:  61%|██████▏   | 54/88 [00:14<00:08,  4.02it/s, loss=1.260]
  epoch 1/3:  62%|██████▎   | 55/88 [00:14<00:08,  4.04it/s, loss=1.260]
  epoch 1/3:  62%|██████▎   | 55/88 [00:14<00:08,  4.04it/s, loss=1.254]
  epoch 1/3:  64%|██████▎   | 56/88 [00:14<00:08,  3.98it/s, loss=1.254]
  epoch 1/3:  64%|██████▎   | 56/88 [00:14<00:08,  3.98it/s, loss=1.245]
  epoch 1/3:  65%|██████▍   | 57/88 [00:14<00:07,  3.99it/s, loss=1.245]
  epoch 1/3:  65%|██████▍   | 57/88 [00:14<00:07,  3.99it/s, loss=1.241]
  epoch 1/3:  66%|██████▌   | 58/88 [00:14<00:07,  4.02it/s, loss=1.241]
  epoch 1/3:  66%|██████▌   | 58/88 [00:15<00:07,  4.02it/s, loss=1.235]
  epoch 1/3:  67%|██████▋   | 59/88 [00:15<00:07,  4.00it/s, loss=1.235]
  epoch 1/3:  67%|██████▋   | 59/88 [00:15<00:07,  4.00it/s, loss=1.227]
  epoch 1/3:  68%|██████▊   | 60/88 [00:15<00:06,  4.01it/s, loss=1.227]
  epoch 1/3:  68%|██████▊   | 60/88 [00:15<00:06,  4.01it/s, loss=1.220]
  epoch 1/3:  69%|██████▉   | 61/88 [00:15<00:06,  4.01it/s, loss=1.220]
  epoch 1/3:  69%|██████▉   | 61/88 [00:15<00:06,  4.01it/s, loss=1.215]
  epoch 1/3:  70%|███████   | 62/88 [00:15<00:06,  4.00it/s, loss=1.215]
  epoch 1/3:  70%|███████   | 62/88 [00:16<00:06,  4.00it/s, loss=1.210]
  epoch 1/3:  72%|███████▏  | 63/88 [00:16<00:06,  3.99it/s, loss=1.210]
  epoch 1/3:  72%|███████▏  | 63/88 [00:16<00:06,  3.99it/s, loss=1.204]
  epoch 1/3:  73%|███████▎  | 64/88 [00:16<00:05,  4.01it/s, loss=1.204]
  epoch 1/3:  73%|███████▎  | 64/88 [00:16<00:05,  4.01it/s, loss=1.197]
  epoch 1/3:  74%|███████▍  | 65/88 [00:16<00:05,  3.99it/s, loss=1.197]
  epoch 1/3:  74%|███████▍  | 65/88 [00:16<00:05,  3.99it/s, loss=1.191]
  epoch 1/3:  75%|███████▌  | 66/88 [00:16<00:05,  4.00it/s, loss=1.191]
  epoch 1/3:  75%|███████▌  | 66/88 [00:17<00:05,  4.00it/s, loss=1.185]
  epoch 1/3:  76%|███████▌  | 67/88 [00:17<00:05,  4.02it/s, loss=1.185]
  epoch 1/3:  76%|███████▌  | 67/88 [00:17<00:05,  4.02it/s, loss=1.179]
  epoch 1/3:  77%|███████▋  | 68/88 [00:17<00:04,  4.01it/s, loss=1.179]
  epoch 1/3:  77%|███████▋  | 68/88 [00:17<00:04,  4.01it/s, loss=1.172]
  epoch 1/3:  78%|███████▊  | 69/88 [00:17<00:04,  4.02it/s, loss=1.172]
  epoch 1/3:  78%|███████▊  | 69/88 [00:17<00:04,  4.02it/s, loss=1.166]
  epoch 1/3:  80%|███████▉  | 70/88 [00:17<00:04,  4.02it/s, loss=1.166]
  epoch 1/3:  80%|███████▉  | 70/88 [00:18<00:04,  4.02it/s, loss=1.160]
  epoch 1/3:  81%|████████  | 71/88 [00:18<00:04,  4.02it/s, loss=1.160]
  epoch 1/3:  81%|████████  | 71/88 [00:18<00:04,  4.02it/s, loss=1.155]
  epoch 1/3:  82%|████████▏ | 72/88 [00:18<00:04,  3.97it/s, loss=1.155]
  epoch 1/3:  82%|████████▏ | 72/88 [00:18<00:04,  3.97it/s, loss=1.148]
  epoch 1/3:  83%|████████▎ | 73/88 [00:18<00:03,  4.00it/s, loss=1.148]
  epoch 1/3:  83%|████████▎ | 73/88 [00:18<00:03,  4.00it/s, loss=1.142]
  epoch 1/3:  84%|████████▍ | 74/88 [00:18<00:03,  4.02it/s, loss=1.142]
  epoch 1/3:  84%|████████▍ | 74/88 [00:19<00:03,  4.02it/s, loss=1.135]
  epoch 1/3:  85%|████████▌ | 75/88 [00:19<00:03,  4.02it/s, loss=1.135]
  epoch 1/3:  85%|████████▌ | 75/88 [00:19<00:03,  4.02it/s, loss=1.131]
  epoch 1/3:  86%|████████▋ | 76/88 [00:19<00:02,  4.01it/s, loss=1.131]
  epoch 1/3:  86%|████████▋ | 76/88 [00:19<00:02,  4.01it/s, loss=1.126]
  epoch 1/3:  88%|████████▊ | 77/88 [00:19<00:02,  4.01it/s, loss=1.126]
  epoch 1/3:  88%|████████▊ | 77/88 [00:19<00:02,  4.01it/s, loss=1.120]
  epoch 1/3:  89%|████████▊ | 78/88 [00:19<00:02,  4.01it/s, loss=1.120]
  epoch 1/3:  89%|████████▊ | 78/88 [00:20<00:02,  4.01it/s, loss=1.114]
  epoch 1/3:  90%|████████▉ | 79/88 [00:20<00:02,  4.01it/s, loss=1.114]
  epoch 1/3:  90%|████████▉ | 79/88 [00:20<00:02,  4.01it/s, loss=1.108]
  epoch 1/3:  91%|█████████ | 80/88 [00:20<00:01,  4.01it/s, loss=1.108]
  epoch 1/3:  91%|█████████ | 80/88 [00:20<00:01,  4.01it/s, loss=1.103]
  epoch 1/3:  92%|█████████▏| 81/88 [00:20<00:01,  4.02it/s, loss=1.103]
  epoch 1/3:  92%|█████████▏| 81/88 [00:20<00:01,  4.02it/s, loss=1.098]
  epoch 1/3:  93%|█████████▎| 82/88 [00:20<00:01,  4.02it/s, loss=1.098]
  epoch 1/3:  93%|█████████▎| 82/88 [00:21<00:01,  4.02it/s, loss=1.093]
  epoch 1/3:  94%|█████████▍| 83/88 [00:21<00:01,  4.01it/s, loss=1.093]
  epoch 1/3:  94%|█████████▍| 83/88 [00:21<00:01,  4.01it/s, loss=1.088]
  epoch 1/3:  95%|█████████▌| 84/88 [00:21<00:00,  4.02it/s, loss=1.088]
  epoch 1/3:  95%|█████████▌| 84/88 [00:21<00:00,  4.02it/s, loss=1.085]
  epoch 1/3:  97%|█████████▋| 85/88 [00:21<00:00,  4.04it/s, loss=1.085]
  epoch 1/3:  97%|█████████▋| 85/88 [00:21<00:00,  4.04it/s, loss=1.080]
  epoch 1/3:  98%|█████████▊| 86/88 [00:21<00:00,  4.01it/s, loss=1.080]
  epoch 1/3:  98%|█████████▊| 86/88 [00:22<00:00,  4.01it/s, loss=1.075]
  epoch 1/3:  99%|█████████▉| 87/88 [00:22<00:00,  4.00it/s, loss=1.075]
  epoch 1/3:  99%|█████████▉| 87/88 [00:22<00:00,  4.00it/s, loss=1.072]
  epoch 1/3: 100%|██████████| 88/88 [00:22<00:00,  4.27it/s, loss=1.072]
                                                                        

  epoch 2/3:   0%|          | 0/88 [00:00<?, ?it/s]
  epoch 2/3:   0%|          | 0/88 [00:00<?, ?it/s, loss=0.614]
  epoch 2/3:   1%|          | 1/88 [00:00<00:46,  1.86it/s, loss=0.614]
  epoch 2/3:   1%|          | 1/88 [00:00<00:46,  1.86it/s, loss=0.620]
  epoch 2/3:   2%|▏         | 2/88 [00:00<00:31,  2.73it/s, loss=0.620]
  epoch 2/3:   2%|▏         | 2/88 [00:01<00:31,  2.73it/s, loss=0.629]
  epoch 2/3:   3%|▎         | 3/88 [00:01<00:26,  3.21it/s, loss=0.629]
  epoch 2/3:   3%|▎         | 3/88 [00:01<00:26,  3.21it/s, loss=0.615]
  epoch 2/3:   5%|▍         | 4/88 [00:01<00:24,  3.49it/s, loss=0.615]
  epoch 2/3:   5%|▍         | 4/88 [00:01<00:24,  3.49it/s, loss=0.633]
  epoch 2/3:   6%|▌         | 5/88 [00:01<00:22,  3.66it/s, loss=0.633]
  epoch 2/3:   6%|▌         | 5/88 [00:01<00:22,  3.66it/s, loss=0.625]
  epoch 2/3:   7%|▋         | 6/88 [00:01<00:21,  3.78it/s, loss=0.625]
  epoch 2/3:   7%|▋         | 6/88 [00:02<00:21,  3.78it/s, loss=0.607]
  epoch 2/3:   8%|▊         | 7/88 [00:02<00:20,  3.86it/s, loss=0.607]
  epoch 2/3:   8%|▊         | 7/88 [00:02<00:20,  3.86it/s, loss=0.603]
  epoch 2/3:   9%|▉         | 8/88 [00:02<00:20,  3.92it/s, loss=0.603]
  epoch 2/3:   9%|▉         | 8/88 [00:02<00:20,  3.92it/s, loss=0.606]
  epoch 2/3:  10%|█         | 9/88 [00:02<00:19,  3.96it/s, loss=0.606]
  epoch 2/3:  10%|█         | 9/88 [00:02<00:19,  3.96it/s, loss=0.596]
  epoch 2/3:  11%|█▏        | 10/88 [00:02<00:19,  3.97it/s, loss=0.596]
  epoch 2/3:  11%|█▏        | 10/88 [00:03<00:19,  3.97it/s, loss=0.592]
  epoch 2/3:  12%|█▎        | 11/88 [00:03<00:19,  3.99it/s, loss=0.592]
  epoch 2/3:  12%|█▎        | 11/88 [00:03<00:19,  3.99it/s, loss=0.595]
  epoch 2/3:  14%|█▎        | 12/88 [00:03<00:18,  4.02it/s, loss=0.595]
  epoch 2/3:  14%|█▎        | 12/88 [00:03<00:18,  4.02it/s, loss=0.594]
  epoch 2/3:  15%|█▍        | 13/88 [00:03<00:18,  4.01it/s, loss=0.594]
  epoch 2/3:  15%|█▍        | 13/88 [00:03<00:18,  4.01it/s, loss=0.590]
  epoch 2/3:  16%|█▌        | 14/88 [00:03<00:18,  4.00it/s, loss=0.590]
  epoch 2/3:  16%|█▌        | 14/88 [00:04<00:18,  4.00it/s, loss=0.587]
  epoch 2/3:  17%|█▋        | 15/88 [00:04<00:18,  4.01it/s, loss=0.587]
  epoch 2/3:  17%|█▋        | 15/88 [00:04<00:18,  4.01it/s, loss=0.584]
  epoch 2/3:  18%|█▊        | 16/88 [00:04<00:18,  3.97it/s, loss=0.584]
  epoch 2/3:  18%|█▊        | 16/88 [00:04<00:18,  3.97it/s, loss=0.581]
  epoch 2/3:  19%|█▉        | 17/88 [00:04<00:17,  3.99it/s, loss=0.581]
  epoch 2/3:  19%|█▉        | 17/88 [00:04<00:17,  3.99it/s, loss=0.573]
  epoch 2/3:  20%|██        | 18/88 [00:04<00:17,  4.01it/s, loss=0.573]
  epoch 2/3:  20%|██        | 18/88 [00:05<00:17,  4.01it/s, loss=0.560]
  epoch 2/3:  22%|██▏       | 19/88 [00:05<00:17,  4.00it/s, loss=0.560]
  epoch 2/3:  22%|██▏       | 19/88 [00:05<00:17,  4.00it/s, loss=0.557]
  epoch 2/3:  23%|██▎       | 20/88 [00:05<00:17,  4.00it/s, loss=0.557]
  epoch 2/3:  23%|██▎       | 20/88 [00:05<00:17,  4.00it/s, loss=0.550]
  epoch 2/3:  24%|██▍       | 21/88 [00:05<00:16,  4.01it/s, loss=0.550]
  epoch 2/3:  24%|██▍       | 21/88 [00:05<00:16,  4.01it/s, loss=0.551]
  epoch 2/3:  25%|██▌       | 22/88 [00:05<00:16,  4.02it/s, loss=0.551]
  epoch 2/3:  25%|██▌       | 22/88 [00:06<00:16,  4.02it/s, loss=0.548]
  epoch 2/3:  26%|██▌       | 23/88 [00:06<00:16,  4.04it/s, loss=0.548]
  epoch 2/3:  26%|██▌       | 23/88 [00:06<00:16,  4.04it/s, loss=0.546]
  epoch 2/3:  27%|██▋       | 24/88 [00:06<00:15,  4.03it/s, loss=0.546]
  epoch 2/3:  27%|██▋       | 24/88 [00:06<00:15,  4.03it/s, loss=0.547]
  epoch 2/3:  28%|██▊       | 25/88 [00:06<00:15,  4.02it/s, loss=0.547]
  epoch 2/3:  28%|██▊       | 25/88 [00:06<00:15,  4.02it/s, loss=0.542]
  epoch 2/3:  30%|██▉       | 26/88 [00:06<00:15,  4.03it/s, loss=0.542]
  epoch 2/3:  30%|██▉       | 26/88 [00:06<00:15,  4.03it/s, loss=0.541]
  epoch 2/3:  31%|███       | 27/88 [00:06<00:15,  4.04it/s, loss=0.541]
  epoch 2/3:  31%|███       | 27/88 [00:07<00:15,  4.04it/s, loss=0.536]
  epoch 2/3:  32%|███▏      | 28/88 [00:07<00:14,  4.01it/s, loss=0.536]
  epoch 2/3:  32%|███▏      | 28/88 [00:07<00:14,  4.01it/s, loss=0.536]
  epoch 2/3:  33%|███▎      | 29/88 [00:07<00:14,  4.02it/s, loss=0.536]
  epoch 2/3:  33%|███▎      | 29/88 [00:07<00:14,  4.02it/s, loss=0.534]
  epoch 2/3:  34%|███▍      | 30/88 [00:07<00:14,  4.03it/s, loss=0.534]
  epoch 2/3:  34%|███▍      | 30/88 [00:07<00:14,  4.03it/s, loss=0.535]
  epoch 2/3:  35%|███▌      | 31/88 [00:07<00:14,  4.01it/s, loss=0.535]
  epoch 2/3:  35%|███▌      | 31/88 [00:08<00:14,  4.01it/s, loss=0.535]
  epoch 2/3:  36%|███▋      | 32/88 [00:08<00:14,  3.95it/s, loss=0.535]
  epoch 2/3:  36%|███▋      | 32/88 [00:08<00:14,  3.95it/s, loss=0.536]
  epoch 2/3:  38%|███▊      | 33/88 [00:08<00:13,  3.96it/s, loss=0.536]
  epoch 2/3:  38%|███▊      | 33/88 [00:08<00:13,  3.96it/s, loss=0.533]
  epoch 2/3:  39%|███▊      | 34/88 [00:08<00:13,  3.98it/s, loss=0.533]
  epoch 2/3:  39%|███▊      | 34/88 [00:09<00:13,  3.98it/s, loss=0.527]
  epoch 2/3:  40%|███▉      | 35/88 [00:09<00:13,  3.99it/s, loss=0.527]
  epoch 2/3:  40%|███▉      | 35/88 [00:09<00:13,  3.99it/s, loss=0.522]
  epoch 2/3:  41%|████      | 36/88 [00:09<00:12,  4.00it/s, loss=0.522]
  epoch 2/3:  41%|████      | 36/88 [00:09<00:12,  4.00it/s, loss=0.522]
  epoch 2/3:  42%|████▏     | 37/88 [00:09<00:12,  3.99it/s, loss=0.522]
  epoch 2/3:  42%|████▏     | 37/88 [00:09<00:12,  3.99it/s, loss=0.517]
  epoch 2/3:  43%|████▎     | 38/88 [00:09<00:12,  4.01it/s, loss=0.517]
  epoch 2/3:  43%|████▎     | 38/88 [00:09<00:12,  4.01it/s, loss=0.519]
  epoch 2/3:  44%|████▍     | 39/88 [00:09<00:12,  4.03it/s, loss=0.519]
  epoch 2/3:  44%|████▍     | 39/88 [00:10<00:12,  4.03it/s, loss=0.517]
  epoch 2/3:  45%|████▌     | 40/88 [00:10<00:11,  4.02it/s, loss=0.517]
  epoch 2/3:  45%|████▌     | 40/88 [00:10<00:11,  4.02it/s, loss=0.512]
  epoch 2/3:  47%|████▋     | 41/88 [00:10<00:11,  4.02it/s, loss=0.512]
  epoch 2/3:  47%|████▋     | 41/88 [00:10<00:11,  4.02it/s, loss=0.508]
  epoch 2/3:  48%|████▊     | 42/88 [00:10<00:11,  4.02it/s, loss=0.508]
  epoch 2/3:  48%|████▊     | 42/88 [00:10<00:11,  4.02it/s, loss=0.505]
  epoch 2/3:  49%|████▉     | 43/88 [00:10<00:11,  4.03it/s, loss=0.505]
  epoch 2/3:  49%|████▉     | 43/88 [00:11<00:11,  4.03it/s, loss=0.504]
  epoch 2/3:  50%|█████     | 44/88 [00:11<00:10,  4.00it/s, loss=0.504]
  epoch 2/3:  50%|█████     | 44/88 [00:11<00:10,  4.00it/s, loss=0.501]
  epoch 2/3:  51%|█████     | 45/88 [00:11<00:10,  4.01it/s, loss=0.501]
  epoch 2/3:  51%|█████     | 45/88 [00:11<00:10,  4.01it/s, loss=0.498]
  epoch 2/3:  52%|█████▏    | 46/88 [00:11<00:10,  4.01it/s, loss=0.498]
  epoch 2/3:  52%|█████▏    | 46/88 [00:11<00:10,  4.01it/s, loss=0.494]
  epoch 2/3:  53%|█████▎    | 47/88 [00:11<00:10,  4.01it/s, loss=0.494]
  epoch 2/3:  53%|█████▎    | 47/88 [00:12<00:10,  4.01it/s, loss=0.490]
  epoch 2/3:  55%|█████▍    | 48/88 [00:12<00:10,  3.95it/s, loss=0.490]
  epoch 2/3:  55%|█████▍    | 48/88 [00:12<00:10,  3.95it/s, loss=0.488]
  epoch 2/3:  56%|█████▌    | 49/88 [00:12<00:09,  3.97it/s, loss=0.488]
  epoch 2/3:  56%|█████▌    | 49/88 [00:12<00:09,  3.97it/s, loss=0.484]
  epoch 2/3:  57%|█████▋    | 50/88 [00:12<00:09,  3.99it/s, loss=0.484]
  epoch 2/3:  57%|█████▋    | 50/88 [00:13<00:09,  3.99it/s, loss=0.481]
  epoch 2/3:  58%|█████▊    | 51/88 [00:13<00:09,  3.97it/s, loss=0.481]
  epoch 2/3:  58%|█████▊    | 51/88 [00:13<00:09,  3.97it/s, loss=0.478]
  epoch 2/3:  59%|█████▉    | 52/88 [00:13<00:09,  3.97it/s, loss=0.478]
  epoch 2/3:  59%|█████▉    | 52/88 [00:13<00:09,  3.97it/s, loss=0.477]
  epoch 2/3:  60%|██████    | 53/88 [00:13<00:08,  3.99it/s, loss=0.477]
  epoch 2/3:  60%|██████    | 53/88 [00:13<00:08,  3.99it/s, loss=0.474]
  epoch 2/3:  61%|██████▏   | 54/88 [00:13<00:08,  3.99it/s, loss=0.474]
  epoch 2/3:  61%|██████▏   | 54/88 [00:14<00:08,  3.99it/s, loss=0.471]
  epoch 2/3:  62%|██████▎   | 55/88 [00:14<00:08,  3.99it/s, loss=0.471]
  epoch 2/3:  62%|██████▎   | 55/88 [00:14<00:08,  3.99it/s, loss=0.469]
  epoch 2/3:  64%|██████▎   | 56/88 [00:14<00:07,  4.00it/s, loss=0.469]
  epoch 2/3:  64%|██████▎   | 56/88 [00:14<00:07,  4.00it/s, loss=0.467]
  epoch 2/3:  65%|██████▍   | 57/88 [00:14<00:07,  4.00it/s, loss=0.467]
  epoch 2/3:  65%|██████▍   | 57/88 [00:14<00:07,  4.00it/s, loss=0.465]
  epoch 2/3:  66%|██████▌   | 58/88 [00:14<00:07,  4.00it/s, loss=0.465]
  epoch 2/3:  66%|██████▌   | 58/88 [00:15<00:07,  4.00it/s, loss=0.462]
  epoch 2/3:  67%|██████▋   | 59/88 [00:15<00:07,  4.02it/s, loss=0.462]
  epoch 2/3:  67%|██████▋   | 59/88 [00:15<00:07,  4.02it/s, loss=0.461]
  epoch 2/3:  68%|██████▊   | 60/88 [00:15<00:06,  4.02it/s, loss=0.461]
  epoch 2/3:  68%|██████▊   | 60/88 [00:15<00:06,  4.02it/s, loss=0.460]
  epoch 2/3:  69%|██████▉   | 61/88 [00:15<00:06,  4.01it/s, loss=0.460]
  epoch 2/3:  69%|██████▉   | 61/88 [00:15<00:06,  4.01it/s, loss=0.459]
  epoch 2/3:  70%|███████   | 62/88 [00:15<00:06,  4.02it/s, loss=0.459]
  epoch 2/3:  70%|███████   | 62/88 [00:15<00:06,  4.02it/s, loss=0.457]
  epoch 2/3:  72%|███████▏  | 63/88 [00:15<00:06,  4.02it/s, loss=0.457]
  epoch 2/3:  72%|███████▏  | 63/88 [00:16<00:06,  4.02it/s, loss=0.454]
  epoch 2/3:  73%|███████▎  | 64/88 [00:16<00:06,  3.95it/s, loss=0.454]
  epoch 2/3:  73%|███████▎  | 64/88 [00:16<00:06,  3.95it/s, loss=0.451]
  epoch 2/3:  74%|███████▍  | 65/88 [00:16<00:05,  3.96it/s, loss=0.451]
  epoch 2/3:  74%|███████▍  | 65/88 [00:16<00:05,  3.96it/s, loss=0.449]
  epoch 2/3:  75%|███████▌  | 66/88 [00:16<00:05,  3.99it/s, loss=0.449]
  epoch 2/3:  75%|███████▌  | 66/88 [00:17<00:05,  3.99it/s, loss=0.447]
  epoch 2/3:  76%|███████▌  | 67/88 [00:17<00:05,  4.01it/s, loss=0.447]
  epoch 2/3:  76%|███████▌  | 67/88 [00:17<00:05,  4.01it/s, loss=0.443]
  epoch 2/3:  77%|███████▋  | 68/88 [00:17<00:04,  4.03it/s, loss=0.443]
  epoch 2/3:  77%|███████▋  | 68/88 [00:17<00:04,  4.03it/s, loss=0.442]
  epoch 2/3:  78%|███████▊  | 69/88 [00:17<00:04,  4.01it/s, loss=0.442]
  epoch 2/3:  78%|███████▊  | 69/88 [00:17<00:04,  4.01it/s, loss=0.440]
  epoch 2/3:  80%|███████▉  | 70/88 [00:17<00:04,  4.01it/s, loss=0.440]
  epoch 2/3:  80%|███████▉  | 70/88 [00:17<00:04,  4.01it/s, loss=0.438]
  epoch 2/3:  81%|████████  | 71/88 [00:17<00:04,  4.02it/s, loss=0.438]
  epoch 2/3:  81%|████████  | 71/88 [00:18<00:04,  4.02it/s, loss=0.435]
  epoch 2/3:  82%|████████▏ | 72/88 [00:18<00:04,  3.99it/s, loss=0.435]
  epoch 2/3:  82%|████████▏ | 72/88 [00:18<00:04,  3.99it/s, loss=0.434]
  epoch 2/3:  83%|████████▎ | 73/88 [00:18<00:03,  3.99it/s, loss=0.434]
  epoch 2/3:  83%|████████▎ | 73/88 [00:18<00:03,  3.99it/s, loss=0.431]
  epoch 2/3:  84%|████████▍ | 74/88 [00:18<00:03,  4.00it/s, loss=0.431]
  epoch 2/3:  84%|████████▍ | 74/88 [00:19<00:03,  4.00it/s, loss=0.429]
  epoch 2/3:  85%|████████▌ | 75/88 [00:19<00:03,  4.00it/s, loss=0.429]
  epoch 2/3:  85%|████████▌ | 75/88 [00:19<00:03,  4.00it/s, loss=0.428]
  epoch 2/3:  86%|████████▋ | 76/88 [00:19<00:02,  4.00it/s, loss=0.428]
  epoch 2/3:  86%|████████▋ | 76/88 [00:19<00:02,  4.00it/s, loss=0.426]
  epoch 2/3:  88%|████████▊ | 77/88 [00:19<00:02,  4.02it/s, loss=0.426]
  epoch 2/3:  88%|████████▊ | 77/88 [00:19<00:02,  4.02it/s, loss=0.424]
  epoch 2/3:  89%|████████▊ | 78/88 [00:19<00:02,  4.00it/s, loss=0.424]
  epoch 2/3:  89%|████████▊ | 78/88 [00:20<00:02,  4.00it/s, loss=0.422]
  epoch 2/3:  90%|████████▉ | 79/88 [00:20<00:02,  4.00it/s, loss=0.422]
  epoch 2/3:  90%|████████▉ | 79/88 [00:20<00:02,  4.00it/s, loss=0.423]
  epoch 2/3:  91%|█████████ | 80/88 [00:20<00:02,  3.96it/s, loss=0.423]
  epoch 2/3:  91%|█████████ | 80/88 [00:20<00:02,  3.96it/s, loss=0.420]
  epoch 2/3:  92%|█████████▏| 81/88 [00:20<00:01,  3.98it/s, loss=0.420]
  epoch 2/3:  92%|█████████▏| 81/88 [00:20<00:01,  3.98it/s, loss=0.419]
  epoch 2/3:  93%|█████████▎| 82/88 [00:20<00:01,  4.00it/s, loss=0.419]
  epoch 2/3:  93%|█████████▎| 82/88 [00:21<00:01,  4.00it/s, loss=0.417]
  epoch 2/3:  94%|█████████▍| 83/88 [00:21<00:01,  4.00it/s, loss=0.417]
  epoch 2/3:  94%|█████████▍| 83/88 [00:21<00:01,  4.00it/s, loss=0.416]
  epoch 2/3:  95%|█████████▌| 84/88 [00:21<00:01,  4.00it/s, loss=0.416]
  epoch 2/3:  95%|█████████▌| 84/88 [00:21<00:01,  4.00it/s, loss=0.415]
  epoch 2/3:  97%|█████████▋| 85/88 [00:21<00:00,  4.01it/s, loss=0.415]
  epoch 2/3:  97%|█████████▋| 85/88 [00:21<00:00,  4.01it/s, loss=0.412]
  epoch 2/3:  98%|█████████▊| 86/88 [00:21<00:00,  4.01it/s, loss=0.412]
  epoch 2/3:  98%|█████████▊| 86/88 [00:22<00:00,  4.01it/s, loss=0.411]
  epoch 2/3:  99%|█████████▉| 87/88 [00:22<00:00,  4.00it/s, loss=0.411]
  epoch 2/3:  99%|█████████▉| 87/88 [00:22<00:00,  4.00it/s, loss=0.410]
  epoch 2/3: 100%|██████████| 88/88 [00:22<00:00,  4.35it/s, loss=0.410]
                                                                        

  epoch 3/3:   0%|          | 0/88 [00:00<?, ?it/s]
  epoch 3/3:   0%|          | 0/88 [00:00<?, ?it/s, loss=0.323]
  epoch 3/3:   1%|          | 1/88 [00:00<00:46,  1.87it/s, loss=0.323]
  epoch 3/3:   1%|          | 1/88 [00:00<00:46,  1.87it/s, loss=0.283]
  epoch 3/3:   2%|▏         | 2/88 [00:00<00:31,  2.72it/s, loss=0.283]
  epoch 3/3:   2%|▏         | 2/88 [00:01<00:31,  2.72it/s, loss=0.289]
  epoch 3/3:   3%|▎         | 3/88 [00:01<00:26,  3.18it/s, loss=0.289]
  epoch 3/3:   3%|▎         | 3/88 [00:01<00:26,  3.18it/s, loss=0.277]
  epoch 3/3:   5%|▍         | 4/88 [00:01<00:24,  3.48it/s, loss=0.277]
  epoch 3/3:   5%|▍         | 4/88 [00:01<00:24,  3.48it/s, loss=0.264]
  epoch 3/3:   6%|▌         | 5/88 [00:01<00:22,  3.63it/s, loss=0.264]
  epoch 3/3:   6%|▌         | 5/88 [00:01<00:22,  3.63it/s, loss=0.263]
  epoch 3/3:   7%|▋         | 6/88 [00:01<00:21,  3.75it/s, loss=0.263]
  epoch 3/3:   7%|▋         | 6/88 [00:02<00:21,  3.75it/s, loss=0.253]
  epoch 3/3:   8%|▊         | 7/88 [00:02<00:21,  3.84it/s, loss=0.253]
  epoch 3/3:   8%|▊         | 7/88 [00:02<00:21,  3.84it/s, loss=0.249]
  epoch 3/3:   9%|▉         | 8/88 [00:02<00:20,  3.85it/s, loss=0.249]
  epoch 3/3:   9%|▉         | 8/88 [00:02<00:20,  3.85it/s, loss=0.242]
  epoch 3/3:  10%|█         | 9/88 [00:02<00:20,  3.91it/s, loss=0.242]
  epoch 3/3:  10%|█         | 9/88 [00:02<00:20,  3.91it/s, loss=0.239]
  epoch 3/3:  11%|█▏        | 10/88 [00:02<00:19,  3.92it/s, loss=0.239]
  epoch 3/3:  11%|█▏        | 10/88 [00:03<00:19,  3.92it/s, loss=0.240]
  epoch 3/3:  12%|█▎        | 11/88 [00:03<00:19,  3.94it/s, loss=0.240]
  epoch 3/3:  12%|█▎        | 11/88 [00:03<00:19,  3.94it/s, loss=0.243]
  epoch 3/3:  14%|█▎        | 12/88 [00:03<00:19,  3.97it/s, loss=0.243]
  epoch 3/3:  14%|█▎        | 12/88 [00:03<00:19,  3.97it/s, loss=0.245]
  epoch 3/3:  15%|█▍        | 13/88 [00:03<00:18,  3.99it/s, loss=0.245]
  epoch 3/3:  15%|█▍        | 13/88 [00:03<00:18,  3.99it/s, loss=0.243]
  epoch 3/3:  16%|█▌        | 14/88 [00:03<00:18,  4.00it/s, loss=0.243]
  epoch 3/3:  16%|█▌        | 14/88 [00:04<00:18,  4.00it/s, loss=0.245]
  epoch 3/3:  17%|█▋        | 15/88 [00:04<00:18,  4.01it/s, loss=0.245]
  epoch 3/3:  17%|█▋        | 15/88 [00:04<00:18,  4.01it/s, loss=0.246]
  epoch 3/3:  18%|█▊        | 16/88 [00:04<00:17,  4.03it/s, loss=0.246]
  epoch 3/3:  18%|█▊        | 16/88 [00:04<00:17,  4.03it/s, loss=0.240]
  epoch 3/3:  19%|█▉        | 17/88 [00:04<00:17,  4.04it/s, loss=0.240]
  epoch 3/3:  19%|█▉        | 17/88 [00:04<00:17,  4.04it/s, loss=0.238]
  epoch 3/3:  20%|██        | 18/88 [00:04<00:17,  4.03it/s, loss=0.238]
  epoch 3/3:  20%|██        | 18/88 [00:05<00:17,  4.03it/s, loss=0.233]
  epoch 3/3:  22%|██▏       | 19/88 [00:05<00:17,  4.03it/s, loss=0.233]
  epoch 3/3:  22%|██▏       | 19/88 [00:05<00:17,  4.03it/s, loss=0.233]
  epoch 3/3:  23%|██▎       | 20/88 [00:05<00:16,  4.03it/s, loss=0.233]
  epoch 3/3:  23%|██▎       | 20/88 [00:05<00:16,  4.03it/s, loss=0.235]
  epoch 3/3:  24%|██▍       | 21/88 [00:05<00:16,  4.02it/s, loss=0.235]
  epoch 3/3:  24%|██▍       | 21/88 [00:05<00:16,  4.02it/s, loss=0.236]
  epoch 3/3:  25%|██▌       | 22/88 [00:05<00:16,  4.02it/s, loss=0.236]
  epoch 3/3:  25%|██▌       | 22/88 [00:06<00:16,  4.02it/s, loss=0.242]
  epoch 3/3:  26%|██▌       | 23/88 [00:06<00:16,  4.02it/s, loss=0.242]
  epoch 3/3:  26%|██▌       | 23/88 [00:06<00:16,  4.02it/s, loss=0.239]
  epoch 3/3:  27%|██▋       | 24/88 [00:06<00:16,  3.97it/s, loss=0.239]
  epoch 3/3:  27%|██▋       | 24/88 [00:06<00:16,  3.97it/s, loss=0.240]
  epoch 3/3:  28%|██▊       | 25/88 [00:06<00:15,  3.99it/s, loss=0.240]
  epoch 3/3:  28%|██▊       | 25/88 [00:06<00:15,  3.99it/s, loss=0.237]
  epoch 3/3:  30%|██▉       | 26/88 [00:06<00:15,  4.01it/s, loss=0.237]
  epoch 3/3:  30%|██▉       | 26/88 [00:07<00:15,  4.01it/s, loss=0.239]
  epoch 3/3:  31%|███       | 27/88 [00:07<00:15,  4.02it/s, loss=0.239]
  epoch 3/3:  31%|███       | 27/88 [00:07<00:15,  4.02it/s, loss=0.242]
  epoch 3/3:  32%|███▏      | 28/88 [00:07<00:14,  4.01it/s, loss=0.242]
  epoch 3/3:  32%|███▏      | 28/88 [00:07<00:14,  4.01it/s, loss=0.241]
  epoch 3/3:  33%|███▎      | 29/88 [00:07<00:14,  4.00it/s, loss=0.241]
  epoch 3/3:  33%|███▎      | 29/88 [00:07<00:14,  4.00it/s, loss=0.238]
  epoch 3/3:  34%|███▍      | 30/88 [00:07<00:14,  4.01it/s, loss=0.238]
  epoch 3/3:  34%|███▍      | 30/88 [00:08<00:14,  4.01it/s, loss=0.238]
  epoch 3/3:  35%|███▌      | 31/88 [00:08<00:14,  4.03it/s, loss=0.238]
  epoch 3/3:  35%|███▌      | 31/88 [00:08<00:14,  4.03it/s, loss=0.239]
  epoch 3/3:  36%|███▋      | 32/88 [00:08<00:13,  4.03it/s, loss=0.239]
  epoch 3/3:  36%|███▋      | 32/88 [00:08<00:13,  4.03it/s, loss=0.237]
  epoch 3/3:  38%|███▊      | 33/88 [00:08<00:13,  4.02it/s, loss=0.237]
  epoch 3/3:  38%|███▊      | 33/88 [00:08<00:13,  4.02it/s, loss=0.234]
  epoch 3/3:  39%|███▊      | 34/88 [00:08<00:13,  4.02it/s, loss=0.234]
  epoch 3/3:  39%|███▊      | 34/88 [00:09<00:13,  4.02it/s, loss=0.233]
  epoch 3/3:  40%|███▉      | 35/88 [00:09<00:13,  4.00it/s, loss=0.233]
  epoch 3/3:  40%|███▉      | 35/88 [00:09<00:13,  4.00it/s, loss=0.232]
  epoch 3/3:  41%|████      | 36/88 [00:09<00:12,  4.00it/s, loss=0.232]
  epoch 3/3:  41%|████      | 36/88 [00:09<00:12,  4.00it/s, loss=0.231]
  epoch 3/3:  42%|████▏     | 37/88 [00:09<00:12,  4.01it/s, loss=0.231]
  epoch 3/3:  42%|████▏     | 37/88 [00:09<00:12,  4.01it/s, loss=0.230]
  epoch 3/3:  43%|████▎     | 38/88 [00:09<00:12,  4.03it/s, loss=0.230]
  epoch 3/3:  43%|████▎     | 38/88 [00:10<00:12,  4.03it/s, loss=0.233]
  epoch 3/3:  44%|████▍     | 39/88 [00:10<00:12,  4.01it/s, loss=0.233]
  epoch 3/3:  44%|████▍     | 39/88 [00:10<00:12,  4.01it/s, loss=0.230]
  epoch 3/3:  45%|████▌     | 40/88 [00:10<00:12,  3.96it/s, loss=0.230]
  epoch 3/3:  45%|████▌     | 40/88 [00:10<00:12,  3.96it/s, loss=0.229]
  epoch 3/3:  47%|████▋     | 41/88 [00:10<00:11,  3.98it/s, loss=0.229]
  epoch 3/3:  47%|████▋     | 41/88 [00:10<00:11,  3.98it/s, loss=0.228]
  epoch 3/3:  48%|████▊     | 42/88 [00:10<00:11,  3.99it/s, loss=0.228]
  epoch 3/3:  48%|████▊     | 42/88 [00:11<00:11,  3.99it/s, loss=0.226]
  epoch 3/3:  49%|████▉     | 43/88 [00:11<00:11,  4.02it/s, loss=0.226]
  epoch 3/3:  49%|████▉     | 43/88 [00:11<00:11,  4.02it/s, loss=0.227]
  epoch 3/3:  50%|█████     | 44/88 [00:11<00:10,  4.00it/s, loss=0.227]
  epoch 3/3:  50%|█████     | 44/88 [00:11<00:10,  4.00it/s, loss=0.225]
  epoch 3/3:  51%|█████     | 45/88 [00:11<00:10,  4.01it/s, loss=0.225]
  epoch 3/3:  51%|█████     | 45/88 [00:11<00:10,  4.01it/s, loss=0.226]
  epoch 3/3:  52%|█████▏    | 46/88 [00:11<00:10,  4.02it/s, loss=0.226]
  epoch 3/3:  52%|█████▏    | 46/88 [00:12<00:10,  4.02it/s, loss=0.227]
  epoch 3/3:  53%|█████▎    | 47/88 [00:12<00:10,  4.00it/s, loss=0.227]
  epoch 3/3:  53%|█████▎    | 47/88 [00:12<00:10,  4.00it/s, loss=0.224]
  epoch 3/3:  55%|█████▍    | 48/88 [00:12<00:09,  4.01it/s, loss=0.224]
  epoch 3/3:  55%|█████▍    | 48/88 [00:12<00:09,  4.01it/s, loss=0.222]
  epoch 3/3:  56%|█████▌    | 49/88 [00:12<00:09,  4.01it/s, loss=0.222]
  epoch 3/3:  56%|█████▌    | 49/88 [00:12<00:09,  4.01it/s, loss=0.223]
  epoch 3/3:  57%|█████▋    | 50/88 [00:12<00:09,  4.00it/s, loss=0.223]
  epoch 3/3:  57%|█████▋    | 50/88 [00:13<00:09,  4.00it/s, loss=0.222]
  epoch 3/3:  58%|█████▊    | 51/88 [00:13<00:09,  3.99it/s, loss=0.222]
  epoch 3/3:  58%|█████▊    | 51/88 [00:13<00:09,  3.99it/s, loss=0.221]
  epoch 3/3:  59%|█████▉    | 52/88 [00:13<00:08,  4.01it/s, loss=0.221]
  epoch 3/3:  59%|█████▉    | 52/88 [00:13<00:08,  4.01it/s, loss=0.220]
  epoch 3/3:  60%|██████    | 53/88 [00:13<00:08,  4.01it/s, loss=0.220]
  epoch 3/3:  60%|██████    | 53/88 [00:13<00:08,  4.01it/s, loss=0.220]
  epoch 3/3:  61%|██████▏   | 54/88 [00:13<00:08,  4.01it/s, loss=0.220]
  epoch 3/3:  61%|██████▏   | 54/88 [00:14<00:08,  4.01it/s, loss=0.218]
  epoch 3/3:  62%|██████▎   | 55/88 [00:14<00:08,  4.01it/s, loss=0.218]
  epoch 3/3:  62%|██████▎   | 55/88 [00:14<00:08,  4.01it/s, loss=0.218]
  epoch 3/3:  64%|██████▎   | 56/88 [00:14<00:08,  3.97it/s, loss=0.218]
  epoch 3/3:  64%|██████▎   | 56/88 [00:14<00:08,  3.97it/s, loss=0.218]
  epoch 3/3:  65%|██████▍   | 57/88 [00:14<00:07,  3.98it/s, loss=0.218]
  epoch 3/3:  65%|██████▍   | 57/88 [00:14<00:07,  3.98it/s, loss=0.216]
  epoch 3/3:  66%|██████▌   | 58/88 [00:14<00:07,  4.00it/s, loss=0.216]
  epoch 3/3:  66%|██████▌   | 58/88 [00:15<00:07,  4.00it/s, loss=0.215]
  epoch 3/3:  67%|██████▋   | 59/88 [00:15<00:07,  4.00it/s, loss=0.215]
  epoch 3/3:  67%|██████▋   | 59/88 [00:15<00:07,  4.00it/s, loss=0.212]
  epoch 3/3:  68%|██████▊   | 60/88 [00:15<00:06,  4.00it/s, loss=0.212]
  epoch 3/3:  68%|██████▊   | 60/88 [00:15<00:06,  4.00it/s, loss=0.215]
  epoch 3/3:  69%|██████▉   | 61/88 [00:15<00:06,  4.02it/s, loss=0.215]
  epoch 3/3:  69%|██████▉   | 61/88 [00:15<00:06,  4.02it/s, loss=0.214]
  epoch 3/3:  70%|███████   | 62/88 [00:15<00:06,  3.99it/s, loss=0.214]
  epoch 3/3:  70%|███████   | 62/88 [00:16<00:06,  3.99it/s, loss=0.212]
  epoch 3/3:  72%|███████▏  | 63/88 [00:16<00:06,  4.00it/s, loss=0.212]
  epoch 3/3:  72%|███████▏  | 63/88 [00:16<00:06,  4.00it/s, loss=0.214]
  epoch 3/3:  73%|███████▎  | 64/88 [00:16<00:05,  4.02it/s, loss=0.214]
  epoch 3/3:  73%|███████▎  | 64/88 [00:16<00:05,  4.02it/s, loss=0.213]
  epoch 3/3:  74%|███████▍  | 65/88 [00:16<00:05,  4.02it/s, loss=0.213]
  epoch 3/3:  74%|███████▍  | 65/88 [00:16<00:05,  4.02it/s, loss=0.213]
  epoch 3/3:  75%|███████▌  | 66/88 [00:16<00:05,  4.02it/s, loss=0.213]
  epoch 3/3:  75%|███████▌  | 66/88 [00:17<00:05,  4.02it/s, loss=0.214]
  epoch 3/3:  76%|███████▌  | 67/88 [00:17<00:05,  4.01it/s, loss=0.214]
  epoch 3/3:  76%|███████▌  | 67/88 [00:17<00:05,  4.01it/s, loss=0.212]
  epoch 3/3:  77%|███████▋  | 68/88 [00:17<00:04,  4.03it/s, loss=0.212]
  epoch 3/3:  77%|███████▋  | 68/88 [00:17<00:04,  4.03it/s, loss=0.211]
  epoch 3/3:  78%|███████▊  | 69/88 [00:17<00:04,  4.01it/s, loss=0.211]
  epoch 3/3:  78%|███████▊  | 69/88 [00:17<00:04,  4.01it/s, loss=0.211]
  epoch 3/3:  80%|███████▉  | 70/88 [00:17<00:04,  4.00it/s, loss=0.211]
  epoch 3/3:  80%|███████▉  | 70/88 [00:18<00:04,  4.00it/s, loss=0.209]
  epoch 3/3:  81%|████████  | 71/88 [00:18<00:04,  4.01it/s, loss=0.209]
  epoch 3/3:  81%|████████  | 71/88 [00:18<00:04,  4.01it/s, loss=0.209]
  epoch 3/3:  82%|████████▏ | 72/88 [00:18<00:04,  3.97it/s, loss=0.209]
  epoch 3/3:  82%|████████▏ | 72/88 [00:18<00:04,  3.97it/s, loss=0.207]
  epoch 3/3:  83%|████████▎ | 73/88 [00:18<00:03,  3.98it/s, loss=0.207]
  epoch 3/3:  83%|████████▎ | 73/88 [00:18<00:03,  3.98it/s, loss=0.207]
  epoch 3/3:  84%|████████▍ | 74/88 [00:18<00:03,  4.02it/s, loss=0.207]
  epoch 3/3:  84%|████████▍ | 74/88 [00:19<00:03,  4.02it/s, loss=0.206]
  epoch 3/3:  85%|████████▌ | 75/88 [00:19<00:03,  4.00it/s, loss=0.206]
  epoch 3/3:  85%|████████▌ | 75/88 [00:19<00:03,  4.00it/s, loss=0.206]
  epoch 3/3:  86%|████████▋ | 76/88 [00:19<00:02,  4.00it/s, loss=0.206]
  epoch 3/3:  86%|████████▋ | 76/88 [00:19<00:02,  4.00it/s, loss=0.205]
  epoch 3/3:  88%|████████▊ | 77/88 [00:19<00:02,  4.02it/s, loss=0.205]
  epoch 3/3:  88%|████████▊ | 77/88 [00:19<00:02,  4.02it/s, loss=0.204]
  epoch 3/3:  89%|████████▊ | 78/88 [00:19<00:02,  4.03it/s, loss=0.204]
  epoch 3/3:  89%|████████▊ | 78/88 [00:19<00:02,  4.03it/s, loss=0.203]
  epoch 3/3:  90%|████████▉ | 79/88 [00:19<00:02,  4.02it/s, loss=0.203]
  epoch 3/3:  90%|████████▉ | 79/88 [00:20<00:02,  4.02it/s, loss=0.202]
  epoch 3/3:  91%|█████████ | 80/88 [00:20<00:01,  4.02it/s, loss=0.202]
  epoch 3/3:  91%|█████████ | 80/88 [00:20<00:01,  4.02it/s, loss=0.201]
  epoch 3/3:  92%|█████████▏| 81/88 [00:20<00:01,  4.03it/s, loss=0.201]
  epoch 3/3:  92%|█████████▏| 81/88 [00:20<00:01,  4.03it/s, loss=0.201]
  epoch 3/3:  93%|█████████▎| 82/88 [00:20<00:01,  4.02it/s, loss=0.201]
  epoch 3/3:  93%|█████████▎| 82/88 [00:20<00:01,  4.02it/s, loss=0.200]
  epoch 3/3:  94%|█████████▍| 83/88 [00:20<00:01,  4.01it/s, loss=0.200]
  epoch 3/3:  94%|█████████▍| 83/88 [00:21<00:01,  4.01it/s, loss=0.199]
  epoch 3/3:  95%|█████████▌| 84/88 [00:21<00:00,  4.03it/s, loss=0.199]
  epoch 3/3:  95%|█████████▌| 84/88 [00:21<00:00,  4.03it/s, loss=0.198]
  epoch 3/3:  97%|█████████▋| 85/88 [00:21<00:00,  4.04it/s, loss=0.198]
  epoch 3/3:  97%|█████████▋| 85/88 [00:21<00:00,  4.04it/s, loss=0.198]
  epoch 3/3:  98%|█████████▊| 86/88 [00:21<00:00,  4.05it/s, loss=0.198]
  epoch 3/3:  98%|█████████▊| 86/88 [00:21<00:00,  4.05it/s, loss=0.197]
  epoch 3/3:  99%|█████████▉| 87/88 [00:21<00:00,  4.04it/s, loss=0.197]
  epoch 3/3:  99%|█████████▉| 87/88 [00:22<00:00,  4.04it/s, loss=0.196]
  epoch 3/3: 100%|██████████| 88/88 [00:22<00:00,  4.30it/s, loss=0.196]
                                                                        
[titans] reset=never | norm(state) sau task = 82.4558
[titans]   self-mod v:β=1.29 |W|=2.61
[titans]   eta_t(avg)=20.5904  alpha_t/forget-gate(avg)=1.0000
[task 5] test acc so far: 0.860  0.777  0.771  0.751  0.494  0.091
[task 5] NCM-blend gamma=0: 0.754  0.677  0.709  0.774  0.746  0.746
[task 5] NCM-blend gamma=0.25: 0.777  0.677  0.714  0.791  0.760  0.760
[checkpoint] đã lưu tiến độ sau task 5
[task 6] classes=[12, 14, 16, 22, 39] | train=2800

  epoch 1/3:   0%|          | 0/88 [00:00<?, ?it/s]
  epoch 1/3:   0%|          | 0/88 [00:00<?, ?it/s, loss=1.510]
  epoch 1/3:   1%|          | 1/88 [00:00<00:51,  1.68it/s, loss=1.510]
  epoch 1/3:   1%|          | 1/88 [00:00<00:51,  1.68it/s, loss=1.489]
  epoch 1/3:   2%|▏         | 2/88 [00:00<00:33,  2.56it/s, loss=1.489]
  epoch 1/3:   2%|▏         | 2/88 [00:01<00:33,  2.56it/s, loss=1.472]
  epoch 1/3:   3%|▎         | 3/88 [00:01<00:27,  3.07it/s, loss=1.472]
  epoch 1/3:   3%|▎         | 3/88 [00:01<00:27,  3.07it/s, loss=1.523]
  epoch 1/3:   5%|▍         | 4/88 [00:01<00:24,  3.41it/s, loss=1.523]
  epoch 1/3:   5%|▍         | 4/88 [00:01<00:24,  3.41it/s, loss=1.547]
  epoch 1/3:   6%|▌         | 5/88 [00:01<00:22,  3.63it/s, loss=1.547]
  epoch 1/3:   6%|▌         | 5/88 [00:01<00:22,  3.63it/s, loss=1.534]
  epoch 1/3:   7%|▋         | 6/88 [00:01<00:21,  3.74it/s, loss=1.534]
  epoch 1/3:   7%|▋         | 6/88 [00:02<00:21,  3.74it/s, loss=1.534]
  epoch 1/3:   8%|▊         | 7/88 [00:02<00:21,  3.83it/s, loss=1.534]
  epoch 1/3:   8%|▊         | 7/88 [00:02<00:21,  3.83it/s, loss=1.527]
  epoch 1/3:   9%|▉         | 8/88 [00:02<00:20,  3.89it/s, loss=1.527]
  epoch 1/3:   9%|▉         | 8/88 [00:02<00:20,  3.89it/s, loss=1.538]
  epoch 1/3:  10%|█         | 9/88 [00:02<00:20,  3.94it/s, loss=1.538]
  epoch 1/3:  10%|█         | 9/88 [00:02<00:20,  3.94it/s, loss=1.551]
  epoch 1/3:  11%|█▏        | 10/88 [00:02<00:19,  3.95it/s, loss=1.551]
  epoch 1/3:  11%|█▏        | 10/88 [00:03<00:19,  3.95it/s, loss=1.547]
  epoch 1/3:  12%|█▎        | 11/88 [00:03<00:19,  3.98it/s, loss=1.547]
  epoch 1/3:  12%|█▎        | 11/88 [00:03<00:19,  3.98it/s, loss=1.534]
  epoch 1/3:  14%|█▎        | 12/88 [00:03<00:18,  4.01it/s, loss=1.534]
  epoch 1/3:  14%|█▎        | 12/88 [00:03<00:18,  4.01it/s, loss=1.522]
  epoch 1/3:  15%|█▍        | 13/88 [00:03<00:18,  4.03it/s, loss=1.522]
  epoch 1/3:  15%|█▍        | 13/88 [00:03<00:18,  4.03it/s, loss=1.515]
  epoch 1/3:  16%|█▌        | 14/88 [00:03<00:18,  4.04it/s, loss=1.515]
  epoch 1/3:  16%|█▌        | 14/88 [00:04<00:18,  4.04it/s, loss=1.502]
  epoch 1/3:  17%|█▋        | 15/88 [00:04<00:18,  4.03it/s, loss=1.502]
  epoch 1/3:  17%|█▋        | 15/88 [00:04<00:18,  4.03it/s, loss=1.502]
  epoch 1/3:  18%|█▊        | 16/88 [00:04<00:18,  3.97it/s, loss=1.502]
  epoch 1/3:  18%|█▊        | 16/88 [00:04<00:18,  3.97it/s, loss=1.491]
  epoch 1/3:  19%|█▉        | 17/88 [00:04<00:17,  3.98it/s, loss=1.491]
  epoch 1/3:  19%|█▉        | 17/88 [00:04<00:17,  3.98it/s, loss=1.481]
  epoch 1/3:  20%|██        | 18/88 [00:04<00:17,  3.99it/s, loss=1.481]
  epoch 1/3:  20%|██        | 18/88 [00:05<00:17,  3.99it/s, loss=1.476]
  epoch 1/3:  22%|██▏       | 19/88 [00:05<00:17,  4.01it/s, loss=1.476]
  epoch 1/3:  22%|██▏       | 19/88 [00:05<00:17,  4.01it/s, loss=1.466]
  epoch 1/3:  23%|██▎       | 20/88 [00:05<00:16,  4.03it/s, loss=1.466]
  epoch 1/3:  23%|██▎       | 20/88 [00:05<00:16,  4.03it/s, loss=1.454]
  epoch 1/3:  24%|██▍       | 21/88 [00:05<00:16,  4.05it/s, loss=1.454]
  epoch 1/3:  24%|██▍       | 21/88 [00:05<00:16,  4.05it/s, loss=1.447]
  epoch 1/3:  25%|██▌       | 22/88 [00:05<00:16,  4.07it/s, loss=1.447]
  epoch 1/3:  25%|██▌       | 22/88 [00:06<00:16,  4.07it/s, loss=1.435]
  epoch 1/3:  26%|██▌       | 23/88 [00:06<00:15,  4.08it/s, loss=1.435]
  epoch 1/3:  26%|██▌       | 23/88 [00:06<00:15,  4.08it/s, loss=1.424]
  epoch 1/3:  27%|██▋       | 24/88 [00:06<00:15,  4.05it/s, loss=1.424]
  epoch 1/3:  27%|██▋       | 24/88 [00:06<00:15,  4.05it/s, loss=1.415]
  epoch 1/3:  28%|██▊       | 25/88 [00:06<00:15,  4.05it/s, loss=1.415]
  epoch 1/3:  28%|██▊       | 25/88 [00:06<00:15,  4.05it/s, loss=1.410]
  epoch 1/3:  30%|██▉       | 26/88 [00:06<00:15,  4.05it/s, loss=1.410]
  epoch 1/3:  30%|██▉       | 26/88 [00:07<00:15,  4.05it/s, loss=1.401]
  epoch 1/3:  31%|███       | 27/88 [00:07<00:15,  4.06it/s, loss=1.401]
  epoch 1/3:  31%|███       | 27/88 [00:07<00:15,  4.06it/s, loss=1.393]
  epoch 1/3:  32%|███▏      | 28/88 [00:07<00:14,  4.07it/s, loss=1.393]
  epoch 1/3:  32%|███▏      | 28/88 [00:07<00:14,  4.07it/s, loss=1.384]
  epoch 1/3:  33%|███▎      | 29/88 [00:07<00:14,  4.07it/s, loss=1.384]
  epoch 1/3:  33%|███▎      | 29/88 [00:07<00:14,  4.07it/s, loss=1.374]
  epoch 1/3:  34%|███▍      | 30/88 [00:07<00:14,  4.05it/s, loss=1.374]
  epoch 1/3:  34%|███▍      | 30/88 [00:08<00:14,  4.05it/s, loss=1.368]
  epoch 1/3:  35%|███▌      | 31/88 [00:08<00:14,  4.04it/s, loss=1.368]
  epoch 1/3:  35%|███▌      | 31/88 [00:08<00:14,  4.04it/s, loss=1.364]
  epoch 1/3:  36%|███▋      | 32/88 [00:08<00:14,  3.98it/s, loss=1.364]
  epoch 1/3:  36%|███▋      | 32/88 [00:08<00:14,  3.98it/s, loss=1.356]
  epoch 1/3:  38%|███▊      | 33/88 [00:08<00:13,  3.99it/s, loss=1.356]
  epoch 1/3:  38%|███▊      | 33/88 [00:08<00:13,  3.99it/s, loss=1.349]
  epoch 1/3:  39%|███▊      | 34/88 [00:08<00:13,  4.01it/s, loss=1.349]
  epoch 1/3:  39%|███▊      | 34/88 [00:09<00:13,  4.01it/s, loss=1.341]
  epoch 1/3:  40%|███▉      | 35/88 [00:09<00:13,  4.03it/s, loss=1.341]
  epoch 1/3:  40%|███▉      | 35/88 [00:09<00:13,  4.03it/s, loss=1.334]
  epoch 1/3:  41%|████      | 36/88 [00:09<00:12,  4.02it/s, loss=1.334]
  epoch 1/3:  41%|████      | 36/88 [00:09<00:12,  4.02it/s, loss=1.328]
  epoch 1/3:  42%|████▏     | 37/88 [00:09<00:12,  4.02it/s, loss=1.328]
  epoch 1/3:  42%|████▏     | 37/88 [00:09<00:12,  4.02it/s, loss=1.322]
  epoch 1/3:  43%|████▎     | 38/88 [00:09<00:12,  4.02it/s, loss=1.322]
  epoch 1/3:  43%|████▎     | 38/88 [00:10<00:12,  4.02it/s, loss=1.315]
  epoch 1/3:  44%|████▍     | 39/88 [00:10<00:12,  4.04it/s, loss=1.315]
  epoch 1/3:  44%|████▍     | 39/88 [00:10<00:12,  4.04it/s, loss=1.307]
  epoch 1/3:  45%|████▌     | 40/88 [00:10<00:11,  4.04it/s, loss=1.307]
  epoch 1/3:  45%|████▌     | 40/88 [00:10<00:11,  4.04it/s, loss=1.301]
  epoch 1/3:  47%|████▋     | 41/88 [00:10<00:11,  4.05it/s, loss=1.301]
  epoch 1/3:  47%|████▋     | 41/88 [00:10<00:11,  4.05it/s, loss=1.292]
  epoch 1/3:  48%|████▊     | 42/88 [00:10<00:11,  4.04it/s, loss=1.292]
  epoch 1/3:  48%|████▊     | 42/88 [00:11<00:11,  4.04it/s, loss=1.282]
  epoch 1/3:  49%|████▉     | 43/88 [00:11<00:11,  4.04it/s, loss=1.282]
  epoch 1/3:  49%|████▉     | 43/88 [00:11<00:11,  4.04it/s, loss=1.274]
  epoch 1/3:  50%|█████     | 44/88 [00:11<00:10,  4.05it/s, loss=1.274]
  epoch 1/3:  50%|█████     | 44/88 [00:11<00:10,  4.05it/s, loss=1.270]
  epoch 1/3:  51%|█████     | 45/88 [00:11<00:10,  4.05it/s, loss=1.270]
  epoch 1/3:  51%|█████     | 45/88 [00:11<00:10,  4.05it/s, loss=1.264]
  epoch 1/3:  52%|█████▏    | 46/88 [00:11<00:10,  4.03it/s, loss=1.264]
  epoch 1/3:  52%|█████▏    | 46/88 [00:11<00:10,  4.03it/s, loss=1.261]
  epoch 1/3:  53%|█████▎    | 47/88 [00:11<00:10,  4.02it/s, loss=1.261]
  epoch 1/3:  53%|█████▎    | 47/88 [00:12<00:10,  4.02it/s, loss=1.255]
  epoch 1/3:  55%|█████▍    | 48/88 [00:12<00:10,  3.98it/s, loss=1.255]
  epoch 1/3:  55%|█████▍    | 48/88 [00:12<00:10,  3.98it/s, loss=1.250]
  epoch 1/3:  56%|█████▌    | 49/88 [00:12<00:09,  3.99it/s, loss=1.250]
  epoch 1/3:  56%|█████▌    | 49/88 [00:12<00:09,  3.99it/s, loss=1.243]
  epoch 1/3:  57%|█████▋    | 50/88 [00:12<00:09,  4.01it/s, loss=1.243]
  epoch 1/3:  57%|█████▋    | 50/88 [00:12<00:09,  4.01it/s, loss=1.235]
  epoch 1/3:  58%|█████▊    | 51/88 [00:12<00:09,  4.01it/s, loss=1.235]
  epoch 1/3:  58%|█████▊    | 51/88 [00:13<00:09,  4.01it/s, loss=1.228]
  epoch 1/3:  59%|█████▉    | 52/88 [00:13<00:08,  4.01it/s, loss=1.228]
  epoch 1/3:  59%|█████▉    | 52/88 [00:13<00:08,  4.01it/s, loss=1.221]
  epoch 1/3:  60%|██████    | 53/88 [00:13<00:08,  4.01it/s, loss=1.221]
  epoch 1/3:  60%|██████    | 53/88 [00:13<00:08,  4.01it/s, loss=1.215]
  epoch 1/3:  61%|██████▏   | 54/88 [00:13<00:08,  4.01it/s, loss=1.215]
  epoch 1/3:  61%|██████▏   | 54/88 [00:13<00:08,  4.01it/s, loss=1.209]
  epoch 1/3:  62%|██████▎   | 55/88 [00:13<00:08,  4.02it/s, loss=1.209]
  epoch 1/3:  62%|██████▎   | 55/88 [00:14<00:08,  4.02it/s, loss=1.203]
  epoch 1/3:  64%|██████▎   | 56/88 [00:14<00:07,  4.02it/s, loss=1.203]
  epoch 1/3:  64%|██████▎   | 56/88 [00:14<00:07,  4.02it/s, loss=1.197]
  epoch 1/3:  65%|██████▍   | 57/88 [00:14<00:07,  4.02it/s, loss=1.197]
  epoch 1/3:  65%|██████▍   | 57/88 [00:14<00:07,  4.02it/s, loss=1.190]
  epoch 1/3:  66%|██████▌   | 58/88 [00:14<00:07,  4.03it/s, loss=1.190]
  epoch 1/3:  66%|██████▌   | 58/88 [00:14<00:07,  4.03it/s, loss=1.183]
  epoch 1/3:  67%|██████▋   | 59/88 [00:14<00:07,  4.05it/s, loss=1.183]
  epoch 1/3:  67%|██████▋   | 59/88 [00:15<00:07,  4.05it/s, loss=1.177]
  epoch 1/3:  68%|██████▊   | 60/88 [00:15<00:06,  4.06it/s, loss=1.177]
  epoch 1/3:  68%|██████▊   | 60/88 [00:15<00:06,  4.06it/s, loss=1.170]
  epoch 1/3:  69%|██████▉   | 61/88 [00:15<00:06,  4.05it/s, loss=1.170]
  epoch 1/3:  69%|██████▉   | 61/88 [00:15<00:06,  4.05it/s, loss=1.164]
  epoch 1/3:  70%|███████   | 62/88 [00:15<00:06,  4.03it/s, loss=1.164]
  epoch 1/3:  70%|███████   | 62/88 [00:15<00:06,  4.03it/s, loss=1.158]
  epoch 1/3:  72%|███████▏  | 63/88 [00:15<00:06,  4.04it/s, loss=1.158]
  epoch 1/3:  72%|███████▏  | 63/88 [00:16<00:06,  4.04it/s, loss=1.151]
  epoch 1/3:  73%|███████▎  | 64/88 [00:16<00:06,  3.99it/s, loss=1.151]
  epoch 1/3:  73%|███████▎  | 64/88 [00:16<00:06,  3.99it/s, loss=1.145]
  epoch 1/3:  74%|███████▍  | 65/88 [00:16<00:05,  4.01it/s, loss=1.145]
  epoch 1/3:  74%|███████▍  | 65/88 [00:16<00:05,  4.01it/s, loss=1.138]
  epoch 1/3:  75%|███████▌  | 66/88 [00:16<00:05,  4.02it/s, loss=1.138]
  epoch 1/3:  75%|███████▌  | 66/88 [00:16<00:05,  4.02it/s, loss=1.132]
  epoch 1/3:  76%|███████▌  | 67/88 [00:16<00:05,  4.04it/s, loss=1.132]
  epoch 1/3:  76%|███████▌  | 67/88 [00:17<00:05,  4.04it/s, loss=1.126]
  epoch 1/3:  77%|███████▋  | 68/88 [00:17<00:04,  4.02it/s, loss=1.126]
  epoch 1/3:  77%|███████▋  | 68/88 [00:17<00:04,  4.02it/s, loss=1.120]
  epoch 1/3:  78%|███████▊  | 69/88 [00:17<00:04,  4.01it/s, loss=1.120]
  epoch 1/3:  78%|███████▊  | 69/88 [00:17<00:04,  4.01it/s, loss=1.113]
  epoch 1/3:  80%|███████▉  | 70/88 [00:17<00:04,  4.03it/s, loss=1.113]
  epoch 1/3:  80%|███████▉  | 70/88 [00:17<00:04,  4.03it/s, loss=1.107]
  epoch 1/3:  81%|████████  | 71/88 [00:17<00:04,  4.01it/s, loss=1.107]
  epoch 1/3:  81%|████████  | 71/88 [00:18<00:04,  4.01it/s, loss=1.101]
  epoch 1/3:  82%|████████▏ | 72/88 [00:18<00:03,  4.01it/s, loss=1.101]
  epoch 1/3:  82%|████████▏ | 72/88 [00:18<00:03,  4.01it/s, loss=1.094]
  epoch 1/3:  83%|████████▎ | 73/88 [00:18<00:03,  4.02it/s, loss=1.094]
  epoch 1/3:  83%|████████▎ | 73/88 [00:18<00:03,  4.02it/s, loss=1.088]
  epoch 1/3:  84%|████████▍ | 74/88 [00:18<00:03,  4.03it/s, loss=1.088]
  epoch 1/3:  84%|████████▍ | 74/88 [00:18<00:03,  4.03it/s, loss=1.083]
  epoch 1/3:  85%|████████▌ | 75/88 [00:18<00:03,  4.04it/s, loss=1.083]
  epoch 1/3:  85%|████████▌ | 75/88 [00:19<00:03,  4.04it/s, loss=1.079]
  epoch 1/3:  86%|████████▋ | 76/88 [00:19<00:02,  4.02it/s, loss=1.079]
  epoch 1/3:  86%|████████▋ | 76/88 [00:19<00:02,  4.02it/s, loss=1.072]
  epoch 1/3:  88%|████████▊ | 77/88 [00:19<00:02,  4.02it/s, loss=1.072]
  epoch 1/3:  88%|████████▊ | 77/88 [00:19<00:02,  4.02it/s, loss=1.066]
  epoch 1/3:  89%|████████▊ | 78/88 [00:19<00:02,  4.02it/s, loss=1.066]
  epoch 1/3:  89%|████████▊ | 78/88 [00:19<00:02,  4.02it/s, loss=1.061]
  epoch 1/3:  90%|████████▉ | 79/88 [00:19<00:02,  4.01it/s, loss=1.061]
  epoch 1/3:  90%|████████▉ | 79/88 [00:20<00:02,  4.01it/s, loss=1.056]
  epoch 1/3:  91%|█████████ | 80/88 [00:20<00:02,  3.94it/s, loss=1.056]
  epoch 1/3:  91%|█████████ | 80/88 [00:20<00:02,  3.94it/s, loss=1.052]
  epoch 1/3:  92%|█████████▏| 81/88 [00:20<00:01,  3.97it/s, loss=1.052]
  epoch 1/3:  92%|█████████▏| 81/88 [00:20<00:01,  3.97it/s, loss=1.048]
  epoch 1/3:  93%|█████████▎| 82/88 [00:20<00:01,  3.99it/s, loss=1.048]
  epoch 1/3:  93%|█████████▎| 82/88 [00:20<00:01,  3.99it/s, loss=1.043]
  epoch 1/3:  94%|█████████▍| 83/88 [00:20<00:01,  4.00it/s, loss=1.043]
  epoch 1/3:  94%|█████████▍| 83/88 [00:21<00:01,  4.00it/s, loss=1.038]
  epoch 1/3:  95%|█████████▌| 84/88 [00:21<00:00,  4.01it/s, loss=1.038]
  epoch 1/3:  95%|█████████▌| 84/88 [00:21<00:00,  4.01it/s, loss=1.034]
  epoch 1/3:  97%|█████████▋| 85/88 [00:21<00:00,  4.00it/s, loss=1.034]
  epoch 1/3:  97%|█████████▋| 85/88 [00:21<00:00,  4.00it/s, loss=1.029]
  epoch 1/3:  98%|█████████▊| 86/88 [00:21<00:00,  4.02it/s, loss=1.029]
  epoch 1/3:  98%|█████████▊| 86/88 [00:21<00:00,  4.02it/s, loss=1.024]
  epoch 1/3:  99%|█████████▉| 87/88 [00:21<00:00,  4.04it/s, loss=1.024]
  epoch 1/3:  99%|█████████▉| 87/88 [00:22<00:00,  4.04it/s, loss=1.021]
  epoch 1/3: 100%|██████████| 88/88 [00:22<00:00,  4.35it/s, loss=1.021]
                                                                        

  epoch 2/3:   0%|          | 0/88 [00:00<?, ?it/s]
  epoch 2/3:   0%|          | 0/88 [00:00<?, ?it/s, loss=0.469]
  epoch 2/3:   1%|          | 1/88 [00:00<00:46,  1.87it/s, loss=0.469]
  epoch 2/3:   1%|          | 1/88 [00:00<00:46,  1.87it/s, loss=0.550]
  epoch 2/3:   2%|▏         | 2/88 [00:00<00:31,  2.73it/s, loss=0.550]
  epoch 2/3:   2%|▏         | 2/88 [00:01<00:31,  2.73it/s, loss=0.545]
  epoch 2/3:   3%|▎         | 3/88 [00:01<00:26,  3.21it/s, loss=0.545]
  epoch 2/3:   3%|▎         | 3/88 [00:01<00:26,  3.21it/s, loss=0.524]
  epoch 2/3:   5%|▍         | 4/88 [00:01<00:24,  3.47it/s, loss=0.524]
  epoch 2/3:   5%|▍         | 4/88 [00:01<00:24,  3.47it/s, loss=0.531]
  epoch 2/3:   6%|▌         | 5/88 [00:01<00:22,  3.65it/s, loss=0.531]
  epoch 2/3:   6%|▌         | 5/88 [00:01<00:22,  3.65it/s, loss=0.553]
  epoch 2/3:   7%|▋         | 6/88 [00:01<00:21,  3.78it/s, loss=0.553]
  epoch 2/3:   7%|▋         | 6/88 [00:02<00:21,  3.78it/s, loss=0.547]
  epoch 2/3:   8%|▊         | 7/88 [00:02<00:20,  3.86it/s, loss=0.547]
  epoch 2/3:   8%|▊         | 7/88 [00:02<00:20,  3.86it/s, loss=0.538]
  epoch 2/3:   9%|▉         | 8/88 [00:02<00:20,  3.84it/s, loss=0.538]
  epoch 2/3:   9%|▉         | 8/88 [00:02<00:20,  3.84it/s, loss=0.536]
  epoch 2/3:  10%|█         | 9/88 [00:02<00:20,  3.89it/s, loss=0.536]
  epoch 2/3:  10%|█         | 9/88 [00:02<00:20,  3.89it/s, loss=0.528]
  epoch 2/3:  11%|█▏        | 10/88 [00:02<00:19,  3.92it/s, loss=0.528]
  epoch 2/3:  11%|█▏        | 10/88 [00:03<00:19,  3.92it/s, loss=0.528]
  epoch 2/3:  12%|█▎        | 11/88 [00:03<00:19,  3.96it/s, loss=0.528]
  epoch 2/3:  12%|█▎        | 11/88 [00:03<00:19,  3.96it/s, loss=0.517]
  epoch 2/3:  14%|█▎        | 12/88 [00:03<00:19,  3.99it/s, loss=0.517]
  epoch 2/3:  14%|█▎        | 12/88 [00:03<00:19,  3.99it/s, loss=0.517]
  epoch 2/3:  15%|█▍        | 13/88 [00:03<00:18,  3.98it/s, loss=0.517]
  epoch 2/3:  15%|█▍        | 13/88 [00:03<00:18,  3.98it/s, loss=0.524]
  epoch 2/3:  16%|█▌        | 14/88 [00:03<00:18,  3.99it/s, loss=0.524]
  epoch 2/3:  16%|█▌        | 14/88 [00:04<00:18,  3.99it/s, loss=0.519]
  epoch 2/3:  17%|█▋        | 15/88 [00:04<00:18,  4.00it/s, loss=0.519]
  epoch 2/3:  17%|█▋        | 15/88 [00:04<00:18,  4.00it/s, loss=0.520]
  epoch 2/3:  18%|█▊        | 16/88 [00:04<00:17,  4.03it/s, loss=0.520]
  epoch 2/3:  18%|█▊        | 16/88 [00:04<00:17,  4.03it/s, loss=0.517]
  epoch 2/3:  19%|█▉        | 17/88 [00:04<00:17,  4.05it/s, loss=0.517]
  epoch 2/3:  19%|█▉        | 17/88 [00:04<00:17,  4.05it/s, loss=0.513]
  epoch 2/3:  20%|██        | 18/88 [00:04<00:17,  4.01it/s, loss=0.513]
  epoch 2/3:  20%|██        | 18/88 [00:05<00:17,  4.01it/s, loss=0.509]
  epoch 2/3:  22%|██▏       | 19/88 [00:05<00:17,  4.02it/s, loss=0.509]
  epoch 2/3:  22%|██▏       | 19/88 [00:05<00:17,  4.02it/s, loss=0.508]
  epoch 2/3:  23%|██▎       | 20/88 [00:05<00:16,  4.03it/s, loss=0.508]
  epoch 2/3:  23%|██▎       | 20/88 [00:05<00:16,  4.03it/s, loss=0.503]
  epoch 2/3:  24%|██▍       | 21/88 [00:05<00:16,  4.01it/s, loss=0.503]
  epoch 2/3:  24%|██▍       | 21/88 [00:05<00:16,  4.01it/s, loss=0.498]
  epoch 2/3:  25%|██▌       | 22/88 [00:05<00:16,  4.01it/s, loss=0.498]
  epoch 2/3:  25%|██▌       | 22/88 [00:06<00:16,  4.01it/s, loss=0.498]
  epoch 2/3:  26%|██▌       | 23/88 [00:06<00:16,  4.02it/s, loss=0.498]
  epoch 2/3:  26%|██▌       | 23/88 [00:06<00:16,  4.02it/s, loss=0.495]
  epoch 2/3:  27%|██▋       | 24/88 [00:06<00:16,  3.98it/s, loss=0.495]
  epoch 2/3:  27%|██▋       | 24/88 [00:06<00:16,  3.98it/s, loss=0.493]
  epoch 2/3:  28%|██▊       | 25/88 [00:06<00:15,  3.99it/s, loss=0.493]
  epoch 2/3:  28%|██▊       | 25/88 [00:06<00:15,  3.99it/s, loss=0.490]
  epoch 2/3:  30%|██▉       | 26/88 [00:06<00:15,  4.01it/s, loss=0.490]
  epoch 2/3:  30%|██▉       | 26/88 [00:07<00:15,  4.01it/s, loss=0.486]
  epoch 2/3:  31%|███       | 27/88 [00:07<00:15,  3.98it/s, loss=0.486]
  epoch 2/3:  31%|███       | 27/88 [00:07<00:15,  3.98it/s, loss=0.486]
  epoch 2/3:  32%|███▏      | 28/88 [00:07<00:15,  3.98it/s, loss=0.486]
  epoch 2/3:  32%|███▏      | 28/88 [00:07<00:15,  3.98it/s, loss=0.488]
  epoch 2/3:  33%|███▎      | 29/88 [00:07<00:14,  4.01it/s, loss=0.488]
  epoch 2/3:  33%|███▎      | 29/88 [00:07<00:14,  4.01it/s, loss=0.485]
  epoch 2/3:  34%|███▍      | 30/88 [00:07<00:14,  4.00it/s, loss=0.485]
  epoch 2/3:  34%|███▍      | 30/88 [00:08<00:14,  4.00it/s, loss=0.482]
  epoch 2/3:  35%|███▌      | 31/88 [00:08<00:14,  3.99it/s, loss=0.482]
  epoch 2/3:  35%|███▌      | 31/88 [00:08<00:14,  3.99it/s, loss=0.479]
  epoch 2/3:  36%|███▋      | 32/88 [00:08<00:13,  4.01it/s, loss=0.479]
  epoch 2/3:  36%|███▋      | 32/88 [00:08<00:13,  4.01it/s, loss=0.477]
  epoch 2/3:  38%|███▊      | 33/88 [00:08<00:13,  4.02it/s, loss=0.477]
  epoch 2/3:  38%|███▊      | 33/88 [00:08<00:13,  4.02it/s, loss=0.475]
  epoch 2/3:  39%|███▊      | 34/88 [00:08<00:13,  4.03it/s, loss=0.475]
  epoch 2/3:  39%|███▊      | 34/88 [00:09<00:13,  4.03it/s, loss=0.471]
  epoch 2/3:  40%|███▉      | 35/88 [00:09<00:13,  4.01it/s, loss=0.471]
  epoch 2/3:  40%|███▉      | 35/88 [00:09<00:13,  4.01it/s, loss=0.471]
  epoch 2/3:  41%|████      | 36/88 [00:09<00:12,  4.02it/s, loss=0.471]
  epoch 2/3:  41%|████      | 36/88 [00:09<00:12,  4.02it/s, loss=0.466]
  epoch 2/3:  42%|████▏     | 37/88 [00:09<00:12,  4.01it/s, loss=0.466]
  epoch 2/3:  42%|████▏     | 37/88 [00:09<00:12,  4.01it/s, loss=0.465]
  epoch 2/3:  43%|████▎     | 38/88 [00:09<00:12,  4.00it/s, loss=0.465]
  epoch 2/3:  43%|████▎     | 38/88 [00:10<00:12,  4.00it/s, loss=0.462]
  epoch 2/3:  44%|████▍     | 39/88 [00:10<00:12,  4.01it/s, loss=0.462]
  epoch 2/3:  44%|████▍     | 39/88 [00:10<00:12,  4.01it/s, loss=0.459]
  epoch 2/3:  45%|████▌     | 40/88 [00:10<00:12,  3.95it/s, loss=0.459]
  epoch 2/3:  45%|████▌     | 40/88 [00:10<00:12,  3.95it/s, loss=0.460]
  epoch 2/3:  47%|████▋     | 41/88 [00:10<00:11,  3.97it/s, loss=0.460]
  epoch 2/3:  47%|████▋     | 41/88 [00:10<00:11,  3.97it/s, loss=0.457]
  epoch 2/3:  48%|████▊     | 42/88 [00:10<00:11,  4.00it/s, loss=0.457]
  epoch 2/3:  48%|████▊     | 42/88 [00:11<00:11,  4.00it/s, loss=0.453]
  epoch 2/3:  49%|████▉     | 43/88 [00:11<00:11,  3.99it/s, loss=0.453]
  epoch 2/3:  49%|████▉     | 43/88 [00:11<00:11,  3.99it/s, loss=0.451]
  epoch 2/3:  50%|█████     | 44/88 [00:11<00:11,  4.00it/s, loss=0.451]
  epoch 2/3:  50%|█████     | 44/88 [00:11<00:11,  4.00it/s, loss=0.448]
  epoch 2/3:  51%|█████     | 45/88 [00:11<00:10,  4.00it/s, loss=0.448]
  epoch 2/3:  51%|█████     | 45/88 [00:11<00:10,  4.00it/s, loss=0.446]
  epoch 2/3:  52%|█████▏    | 46/88 [00:11<00:10,  3.98it/s, loss=0.446]
  epoch 2/3:  52%|█████▏    | 46/88 [00:12<00:10,  3.98it/s, loss=0.444]
  epoch 2/3:  53%|█████▎    | 47/88 [00:12<00:10,  4.00it/s, loss=0.444]
  epoch 2/3:  53%|█████▎    | 47/88 [00:12<00:10,  4.00it/s, loss=0.443]
  epoch 2/3:  55%|█████▍    | 48/88 [00:12<00:09,  4.03it/s, loss=0.443]
  epoch 2/3:  55%|█████▍    | 48/88 [00:12<00:09,  4.03it/s, loss=0.440]
  epoch 2/3:  56%|█████▌    | 49/88 [00:12<00:09,  4.03it/s, loss=0.440]
  epoch 2/3:  56%|█████▌    | 49/88 [00:12<00:09,  4.03it/s, loss=0.437]
  epoch 2/3:  57%|█████▋    | 50/88 [00:12<00:09,  4.01it/s, loss=0.437]
  epoch 2/3:  57%|█████▋    | 50/88 [00:13<00:09,  4.01it/s, loss=0.435]
  epoch 2/3:  58%|█████▊    | 51/88 [00:13<00:09,  4.00it/s, loss=0.435]
  epoch 2/3:  58%|█████▊    | 51/88 [00:13<00:09,  4.00it/s, loss=0.434]
  epoch 2/3:  59%|█████▉    | 52/88 [00:13<00:08,  4.01it/s, loss=0.434]
  epoch 2/3:  59%|█████▉    | 52/88 [00:13<00:08,  4.01it/s, loss=0.432]
  epoch 2/3:  60%|██████    | 53/88 [00:13<00:08,  4.02it/s, loss=0.432]
  epoch 2/3:  60%|██████    | 53/88 [00:13<00:08,  4.02it/s, loss=0.430]
  epoch 2/3:  61%|██████▏   | 54/88 [00:13<00:08,  4.01it/s, loss=0.430]
  epoch 2/3:  61%|██████▏   | 54/88 [00:14<00:08,  4.01it/s, loss=0.428]
  epoch 2/3:  62%|██████▎   | 55/88 [00:14<00:08,  4.02it/s, loss=0.428]
  epoch 2/3:  62%|██████▎   | 55/88 [00:14<00:08,  4.02it/s, loss=0.424]
  epoch 2/3:  64%|██████▎   | 56/88 [00:14<00:08,  3.96it/s, loss=0.424]
  epoch 2/3:  64%|██████▎   | 56/88 [00:14<00:08,  3.96it/s, loss=0.423]
  epoch 2/3:  65%|██████▍   | 57/88 [00:14<00:07,  3.98it/s, loss=0.423]
  epoch 2/3:  65%|██████▍   | 57/88 [00:14<00:07,  3.98it/s, loss=0.420]
  epoch 2/3:  66%|██████▌   | 58/88 [00:14<00:07,  3.98it/s, loss=0.420]
  epoch 2/3:  66%|██████▌   | 58/88 [00:15<00:07,  3.98it/s, loss=0.421]
  epoch 2/3:  67%|██████▋   | 59/88 [00:15<00:07,  3.99it/s, loss=0.421]
  epoch 2/3:  67%|██████▋   | 59/88 [00:15<00:07,  3.99it/s, loss=0.420]
  epoch 2/3:  68%|██████▊   | 60/88 [00:15<00:06,  4.01it/s, loss=0.420]
  epoch 2/3:  68%|██████▊   | 60/88 [00:15<00:06,  4.01it/s, loss=0.417]
  epoch 2/3:  69%|██████▉   | 61/88 [00:15<00:06,  4.02it/s, loss=0.417]
  epoch 2/3:  69%|██████▉   | 61/88 [00:15<00:06,  4.02it/s, loss=0.413]
  epoch 2/3:  70%|███████   | 62/88 [00:15<00:06,  4.04it/s, loss=0.413]
  epoch 2/3:  70%|███████   | 62/88 [00:16<00:06,  4.04it/s, loss=0.409]
  epoch 2/3:  72%|███████▏  | 63/88 [00:16<00:06,  4.01it/s, loss=0.409]
  epoch 2/3:  72%|███████▏  | 63/88 [00:16<00:06,  4.01it/s, loss=0.406]
  epoch 2/3:  73%|███████▎  | 64/88 [00:16<00:05,  4.02it/s, loss=0.406]
  epoch 2/3:  73%|███████▎  | 64/88 [00:16<00:05,  4.02it/s, loss=0.403]
  epoch 2/3:  74%|███████▍  | 65/88 [00:16<00:05,  4.02it/s, loss=0.403]
  epoch 2/3:  74%|███████▍  | 65/88 [00:16<00:05,  4.02it/s, loss=0.402]
  epoch 2/3:  75%|███████▌  | 66/88 [00:16<00:05,  4.01it/s, loss=0.402]
  epoch 2/3:  75%|███████▌  | 66/88 [00:17<00:05,  4.01it/s, loss=0.399]
  epoch 2/3:  76%|███████▌  | 67/88 [00:17<00:05,  4.01it/s, loss=0.399]
  epoch 2/3:  76%|███████▌  | 67/88 [00:17<00:05,  4.01it/s, loss=0.399]
  epoch 2/3:  77%|███████▋  | 68/88 [00:17<00:04,  4.01it/s, loss=0.399]
  epoch 2/3:  77%|███████▋  | 68/88 [00:17<00:04,  4.01it/s, loss=0.396]
  epoch 2/3:  78%|███████▊  | 69/88 [00:17<00:04,  4.00it/s, loss=0.396]
  epoch 2/3:  78%|███████▊  | 69/88 [00:17<00:04,  4.00it/s, loss=0.394]
  epoch 2/3:  80%|███████▉  | 70/88 [00:17<00:04,  4.00it/s, loss=0.394]
  epoch 2/3:  80%|███████▉  | 70/88 [00:18<00:04,  4.00it/s, loss=0.392]
  epoch 2/3:  81%|████████  | 71/88 [00:18<00:04,  4.01it/s, loss=0.392]
  epoch 2/3:  81%|████████  | 71/88 [00:18<00:04,  4.01it/s, loss=0.390]
  epoch 2/3:  82%|████████▏ | 72/88 [00:18<00:04,  3.96it/s, loss=0.390]
  epoch 2/3:  82%|████████▏ | 72/88 [00:18<00:04,  3.96it/s, loss=0.388]
  epoch 2/3:  83%|████████▎ | 73/88 [00:18<00:03,  3.97it/s, loss=0.388]
  epoch 2/3:  83%|████████▎ | 73/88 [00:18<00:03,  3.97it/s, loss=0.388]
  epoch 2/3:  84%|████████▍ | 74/88 [00:18<00:03,  3.97it/s, loss=0.388]
  epoch 2/3:  84%|████████▍ | 74/88 [00:19<00:03,  3.97it/s, loss=0.386]
  epoch 2/3:  85%|████████▌ | 75/88 [00:19<00:03,  3.98it/s, loss=0.386]
  epoch 2/3:  85%|████████▌ | 75/88 [00:19<00:03,  3.98it/s, loss=0.383]
  epoch 2/3:  86%|████████▋ | 76/88 [00:19<00:02,  4.00it/s, loss=0.383]
  epoch 2/3:  86%|████████▋ | 76/88 [00:19<00:02,  4.00it/s, loss=0.383]
  epoch 2/3:  88%|████████▊ | 77/88 [00:19<00:02,  4.02it/s, loss=0.383]
  epoch 2/3:  88%|████████▊ | 77/88 [00:19<00:02,  4.02it/s, loss=0.380]
  epoch 2/3:  89%|████████▊ | 78/88 [00:19<00:02,  4.00it/s, loss=0.380]
  epoch 2/3:  89%|████████▊ | 78/88 [00:20<00:02,  4.00it/s, loss=0.379]
  epoch 2/3:  90%|████████▉ | 79/88 [00:20<00:02,  3.99it/s, loss=0.379]
  epoch 2/3:  90%|████████▉ | 79/88 [00:20<00:02,  3.99it/s, loss=0.376]
  epoch 2/3:  91%|█████████ | 80/88 [00:20<00:01,  4.01it/s, loss=0.376]
  epoch 2/3:  91%|█████████ | 80/88 [00:20<00:01,  4.01it/s, loss=0.374]
  epoch 2/3:  92%|█████████▏| 81/88 [00:20<00:01,  3.99it/s, loss=0.374]
  epoch 2/3:  92%|█████████▏| 81/88 [00:20<00:01,  3.99it/s, loss=0.373]
  epoch 2/3:  93%|█████████▎| 82/88 [00:20<00:01,  3.99it/s, loss=0.373]
  epoch 2/3:  93%|█████████▎| 82/88 [00:21<00:01,  3.99it/s, loss=0.371]
  epoch 2/3:  94%|█████████▍| 83/88 [00:21<00:01,  4.00it/s, loss=0.371]
  epoch 2/3:  94%|█████████▍| 83/88 [00:21<00:01,  4.00it/s, loss=0.369]
  epoch 2/3:  95%|█████████▌| 84/88 [00:21<00:00,  4.01it/s, loss=0.369]
  epoch 2/3:  95%|█████████▌| 84/88 [00:21<00:00,  4.01it/s, loss=0.367]
  epoch 2/3:  97%|█████████▋| 85/88 [00:21<00:00,  4.00it/s, loss=0.367]
  epoch 2/3:  97%|█████████▋| 85/88 [00:21<00:00,  4.00it/s, loss=0.364]
  epoch 2/3:  98%|█████████▊| 86/88 [00:21<00:00,  4.01it/s, loss=0.364]
  epoch 2/3:  98%|█████████▊| 86/88 [00:22<00:00,  4.01it/s, loss=0.364]
  epoch 2/3:  99%|█████████▉| 87/88 [00:22<00:00,  4.02it/s, loss=0.364]
  epoch 2/3:  99%|█████████▉| 87/88 [00:22<00:00,  4.02it/s, loss=0.363]
  epoch 2/3: 100%|██████████| 88/88 [00:22<00:00,  4.29it/s, loss=0.363]
                                                                        

  epoch 3/3:   0%|          | 0/88 [00:00<?, ?it/s]
  epoch 3/3:   0%|          | 0/88 [00:00<?, ?it/s, loss=0.212]
  epoch 3/3:   1%|          | 1/88 [00:00<00:46,  1.89it/s, loss=0.212]
  epoch 3/3:   1%|          | 1/88 [00:00<00:46,  1.89it/s, loss=0.248]
  epoch 3/3:   2%|▏         | 2/88 [00:00<00:31,  2.76it/s, loss=0.248]
  epoch 3/3:   2%|▏         | 2/88 [00:01<00:31,  2.76it/s, loss=0.225]
  epoch 3/3:   3%|▎         | 3/88 [00:01<00:26,  3.21it/s, loss=0.225]
  epoch 3/3:   3%|▎         | 3/88 [00:01<00:26,  3.21it/s, loss=0.221]
  epoch 3/3:   5%|▍         | 4/88 [00:01<00:24,  3.49it/s, loss=0.221]
  epoch 3/3:   5%|▍         | 4/88 [00:01<00:24,  3.49it/s, loss=0.209]
  epoch 3/3:   6%|▌         | 5/88 [00:01<00:22,  3.68it/s, loss=0.209]
  epoch 3/3:   6%|▌         | 5/88 [00:01<00:22,  3.68it/s, loss=0.218]
  epoch 3/3:   7%|▋         | 6/88 [00:01<00:21,  3.77it/s, loss=0.218]
  epoch 3/3:   7%|▋         | 6/88 [00:02<00:21,  3.77it/s, loss=0.216]
  epoch 3/3:   8%|▊         | 7/88 [00:02<00:20,  3.86it/s, loss=0.216]
  epoch 3/3:   8%|▊         | 7/88 [00:02<00:20,  3.86it/s, loss=0.212]
  epoch 3/3:   9%|▉         | 8/88 [00:02<00:20,  3.91it/s, loss=0.212]
  epoch 3/3:   9%|▉         | 8/88 [00:02<00:20,  3.91it/s, loss=0.216]
  epoch 3/3:  10%|█         | 9/88 [00:02<00:19,  3.96it/s, loss=0.216]
  epoch 3/3:  10%|█         | 9/88 [00:02<00:19,  3.96it/s, loss=0.218]
  epoch 3/3:  11%|█▏        | 10/88 [00:02<00:19,  3.97it/s, loss=0.218]
  epoch 3/3:  11%|█▏        | 10/88 [00:03<00:19,  3.97it/s, loss=0.216]
  epoch 3/3:  12%|█▎        | 11/88 [00:03<00:19,  3.99it/s, loss=0.216]
  epoch 3/3:  12%|█▎        | 11/88 [00:03<00:19,  3.99it/s, loss=0.207]
  epoch 3/3:  14%|█▎        | 12/88 [00:03<00:19,  3.99it/s, loss=0.207]
  epoch 3/3:  14%|█▎        | 12/88 [00:03<00:19,  3.99it/s, loss=0.212]
  epoch 3/3:  15%|█▍        | 13/88 [00:03<00:18,  4.02it/s, loss=0.212]
  epoch 3/3:  15%|█▍        | 13/88 [00:03<00:18,  4.02it/s, loss=0.216]
  epoch 3/3:  16%|█▌        | 14/88 [00:03<00:18,  3.99it/s, loss=0.216]
  epoch 3/3:  16%|█▌        | 14/88 [00:04<00:18,  3.99it/s, loss=0.219]
  epoch 3/3:  17%|█▋        | 15/88 [00:04<00:18,  4.01it/s, loss=0.219]
  epoch 3/3:  17%|█▋        | 15/88 [00:04<00:18,  4.01it/s, loss=0.220]
  epoch 3/3:  18%|█▊        | 16/88 [00:04<00:18,  3.96it/s, loss=0.220]
  epoch 3/3:  18%|█▊        | 16/88 [00:04<00:18,  3.96it/s, loss=0.223]
  epoch 3/3:  19%|█▉        | 17/88 [00:04<00:17,  3.98it/s, loss=0.223]
  epoch 3/3:  19%|█▉        | 17/88 [00:04<00:17,  3.98it/s, loss=0.221]
  epoch 3/3:  20%|██        | 18/88 [00:04<00:17,  3.99it/s, loss=0.221]
  epoch 3/3:  20%|██        | 18/88 [00:05<00:17,  3.99it/s, loss=0.219]
  epoch 3/3:  22%|██▏       | 19/88 [00:05<00:17,  3.99it/s, loss=0.219]
  epoch 3/3:  22%|██▏       | 19/88 [00:05<00:17,  3.99it/s, loss=0.218]
  epoch 3/3:  23%|██▎       | 20/88 [00:05<00:17,  4.00it/s, loss=0.218]
  epoch 3/3:  23%|██▎       | 20/88 [00:05<00:17,  4.00it/s, loss=0.216]
  epoch 3/3:  24%|██▍       | 21/88 [00:05<00:16,  4.02it/s, loss=0.216]
  epoch 3/3:  24%|██▍       | 21/88 [00:05<00:16,  4.02it/s, loss=0.224]
  epoch 3/3:  25%|██▌       | 22/88 [00:05<00:16,  4.01it/s, loss=0.224]
  epoch 3/3:  25%|██▌       | 22/88 [00:06<00:16,  4.01it/s, loss=0.222]
  epoch 3/3:  26%|██▌       | 23/88 [00:06<00:16,  4.01it/s, loss=0.222]
  epoch 3/3:  26%|██▌       | 23/88 [00:06<00:16,  4.01it/s, loss=0.224]
  epoch 3/3:  27%|██▋       | 24/88 [00:06<00:15,  4.00it/s, loss=0.224]
  epoch 3/3:  27%|██▋       | 24/88 [00:06<00:15,  4.00it/s, loss=0.219]
  epoch 3/3:  28%|██▊       | 25/88 [00:06<00:15,  3.98it/s, loss=0.219]
  epoch 3/3:  28%|██▊       | 25/88 [00:06<00:15,  3.98it/s, loss=0.219]
  epoch 3/3:  30%|██▉       | 26/88 [00:06<00:15,  3.98it/s, loss=0.219]
  epoch 3/3:  30%|██▉       | 26/88 [00:07<00:15,  3.98it/s, loss=0.220]
  epoch 3/3:  31%|███       | 27/88 [00:07<00:15,  4.00it/s, loss=0.220]
  epoch 3/3:  31%|███       | 27/88 [00:07<00:15,  4.00it/s, loss=0.221]
  epoch 3/3:  32%|███▏      | 28/88 [00:07<00:15,  4.00it/s, loss=0.221]
  epoch 3/3:  32%|███▏      | 28/88 [00:07<00:15,  4.00it/s, loss=0.222]
  epoch 3/3:  33%|███▎      | 29/88 [00:07<00:14,  3.99it/s, loss=0.222]
  epoch 3/3:  33%|███▎      | 29/88 [00:07<00:14,  3.99it/s, loss=0.219]
  epoch 3/3:  34%|███▍      | 30/88 [00:07<00:14,  4.02it/s, loss=0.219]
  epoch 3/3:  34%|███▍      | 30/88 [00:08<00:14,  4.02it/s, loss=0.217]
  epoch 3/3:  35%|███▌      | 31/88 [00:08<00:14,  4.03it/s, loss=0.217]
  epoch 3/3:  35%|███▌      | 31/88 [00:08<00:14,  4.03it/s, loss=0.217]
  epoch 3/3:  36%|███▋      | 32/88 [00:08<00:14,  3.96it/s, loss=0.217]
  epoch 3/3:  36%|███▋      | 32/88 [00:08<00:14,  3.96it/s, loss=0.217]
  epoch 3/3:  38%|███▊      | 33/88 [00:08<00:13,  3.97it/s, loss=0.217]
  epoch 3/3:  38%|███▊      | 33/88 [00:08<00:13,  3.97it/s, loss=0.216]
  epoch 3/3:  39%|███▊      | 34/88 [00:08<00:13,  3.98it/s, loss=0.216]
  epoch 3/3:  39%|███▊      | 34/88 [00:09<00:13,  3.98it/s, loss=0.214]
  epoch 3/3:  40%|███▉      | 35/88 [00:09<00:13,  4.00it/s, loss=0.214]
  epoch 3/3:  40%|███▉      | 35/88 [00:09<00:13,  4.00it/s, loss=0.213]
  epoch 3/3:  41%|████      | 36/88 [00:09<00:13,  3.99it/s, loss=0.213]
  epoch 3/3:  41%|████      | 36/88 [00:09<00:13,  3.99it/s, loss=0.210]
  epoch 3/3:  42%|████▏     | 37/88 [00:09<00:12,  3.99it/s, loss=0.210]
  epoch 3/3:  42%|████▏     | 37/88 [00:09<00:12,  3.99it/s, loss=0.209]
  epoch 3/3:  43%|████▎     | 38/88 [00:09<00:12,  4.01it/s, loss=0.209]
  epoch 3/3:  43%|████▎     | 38/88 [00:10<00:12,  4.01it/s, loss=0.207]
  epoch 3/3:  44%|████▍     | 39/88 [00:10<00:12,  4.02it/s, loss=0.207]
  epoch 3/3:  44%|████▍     | 39/88 [00:10<00:12,  4.02it/s, loss=0.205]
  epoch 3/3:  45%|████▌     | 40/88 [00:10<00:11,  4.02it/s, loss=0.205]
  epoch 3/3:  45%|████▌     | 40/88 [00:10<00:11,  4.02it/s, loss=0.203]
  epoch 3/3:  47%|████▋     | 41/88 [00:10<00:11,  4.01it/s, loss=0.203]
  epoch 3/3:  47%|████▋     | 41/88 [00:10<00:11,  4.01it/s, loss=0.202]
  epoch 3/3:  48%|████▊     | 42/88 [00:10<00:11,  4.02it/s, loss=0.202]
  epoch 3/3:  48%|████▊     | 42/88 [00:11<00:11,  4.02it/s, loss=0.202]
  epoch 3/3:  49%|████▉     | 43/88 [00:11<00:11,  4.03it/s, loss=0.202]
  epoch 3/3:  49%|████▉     | 43/88 [00:11<00:11,  4.03it/s, loss=0.201]
  epoch 3/3:  50%|█████     | 44/88 [00:11<00:10,  4.02it/s, loss=0.201]
  epoch 3/3:  50%|█████     | 44/88 [00:11<00:10,  4.02it/s, loss=0.201]
  epoch 3/3:  51%|█████     | 45/88 [00:11<00:10,  4.02it/s, loss=0.201]
  epoch 3/3:  51%|█████     | 45/88 [00:11<00:10,  4.02it/s, loss=0.201]
  epoch 3/3:  52%|█████▏    | 46/88 [00:11<00:10,  4.02it/s, loss=0.201]
  epoch 3/3:  52%|█████▏    | 46/88 [00:12<00:10,  4.02it/s, loss=0.199]
  epoch 3/3:  53%|█████▎    | 47/88 [00:12<00:10,  4.02it/s, loss=0.199]
  epoch 3/3:  53%|█████▎    | 47/88 [00:12<00:10,  4.02it/s, loss=0.199]
  epoch 3/3:  55%|█████▍    | 48/88 [00:12<00:10,  3.96it/s, loss=0.199]
  epoch 3/3:  55%|█████▍    | 48/88 [00:12<00:10,  3.96it/s, loss=0.197]
  epoch 3/3:  56%|█████▌    | 49/88 [00:12<00:09,  3.98it/s, loss=0.197]
  epoch 3/3:  56%|█████▌    | 49/88 [00:12<00:09,  3.98it/s, loss=0.195]
  epoch 3/3:  57%|█████▋    | 50/88 [00:12<00:09,  3.99it/s, loss=0.195]
  epoch 3/3:  57%|█████▋    | 50/88 [00:13<00:09,  3.99it/s, loss=0.195]
  epoch 3/3:  58%|█████▊    | 51/88 [00:13<00:09,  3.99it/s, loss=0.195]
  epoch 3/3:  58%|█████▊    | 51/88 [00:13<00:09,  3.99it/s, loss=0.196]
  epoch 3/3:  59%|█████▉    | 52/88 [00:13<00:09,  3.99it/s, loss=0.196]
  epoch 3/3:  59%|█████▉    | 52/88 [00:13<00:09,  3.99it/s, loss=0.196]
  epoch 3/3:  60%|██████    | 53/88 [00:13<00:08,  4.00it/s, loss=0.196]
  epoch 3/3:  60%|██████    | 53/88 [00:13<00:08,  4.00it/s, loss=0.195]
  epoch 3/3:  61%|██████▏   | 54/88 [00:13<00:08,  4.00it/s, loss=0.195]
  epoch 3/3:  61%|██████▏   | 54/88 [00:14<00:08,  4.00it/s, loss=0.194]
  epoch 3/3:  62%|██████▎   | 55/88 [00:14<00:08,  3.99it/s, loss=0.194]
  epoch 3/3:  62%|██████▎   | 55/88 [00:14<00:08,  3.99it/s, loss=0.192]
  epoch 3/3:  64%|██████▎   | 56/88 [00:14<00:07,  4.00it/s, loss=0.192]
  epoch 3/3:  64%|██████▎   | 56/88 [00:14<00:07,  4.00it/s, loss=0.192]
  epoch 3/3:  65%|██████▍   | 57/88 [00:14<00:07,  4.03it/s, loss=0.192]
  epoch 3/3:  65%|██████▍   | 57/88 [00:14<00:07,  4.03it/s, loss=0.192]
  epoch 3/3:  66%|██████▌   | 58/88 [00:14<00:07,  4.03it/s, loss=0.192]
  epoch 3/3:  66%|██████▌   | 58/88 [00:15<00:07,  4.03it/s, loss=0.191]
  epoch 3/3:  67%|██████▋   | 59/88 [00:15<00:07,  4.03it/s, loss=0.191]
  epoch 3/3:  67%|██████▋   | 59/88 [00:15<00:07,  4.03it/s, loss=0.190]
  epoch 3/3:  68%|██████▊   | 60/88 [00:15<00:06,  4.02it/s, loss=0.190]
  epoch 3/3:  68%|██████▊   | 60/88 [00:15<00:06,  4.02it/s, loss=0.188]
  epoch 3/3:  69%|██████▉   | 61/88 [00:15<00:06,  4.03it/s, loss=0.188]
  epoch 3/3:  69%|██████▉   | 61/88 [00:15<00:06,  4.03it/s, loss=0.188]
  epoch 3/3:  70%|███████   | 62/88 [00:15<00:06,  4.04it/s, loss=0.188]
  epoch 3/3:  70%|███████   | 62/88 [00:15<00:06,  4.04it/s, loss=0.187]
  epoch 3/3:  72%|███████▏  | 63/88 [00:15<00:06,  4.03it/s, loss=0.187]
  epoch 3/3:  72%|███████▏  | 63/88 [00:16<00:06,  4.03it/s, loss=0.186]
  epoch 3/3:  73%|███████▎  | 64/88 [00:16<00:06,  3.97it/s, loss=0.186]
  epoch 3/3:  73%|███████▎  | 64/88 [00:16<00:06,  3.97it/s, loss=0.186]
  epoch 3/3:  74%|███████▍  | 65/88 [00:16<00:05,  3.99it/s, loss=0.186]
  epoch 3/3:  74%|███████▍  | 65/88 [00:16<00:05,  3.99it/s, loss=0.185]
  epoch 3/3:  75%|███████▌  | 66/88 [00:16<00:05,  4.00it/s, loss=0.185]
  epoch 3/3:  75%|███████▌  | 66/88 [00:17<00:05,  4.00it/s, loss=0.184]
  epoch 3/3:  76%|███████▌  | 67/88 [00:17<00:05,  4.02it/s, loss=0.184]
  epoch 3/3:  76%|███████▌  | 67/88 [00:17<00:05,  4.02it/s, loss=0.183]
  epoch 3/3:  77%|███████▋  | 68/88 [00:17<00:05,  4.00it/s, loss=0.183]
  epoch 3/3:  77%|███████▋  | 68/88 [00:17<00:05,  4.00it/s, loss=0.181]
  epoch 3/3:  78%|███████▊  | 69/88 [00:17<00:04,  4.00it/s, loss=0.181]
  epoch 3/3:  78%|███████▊  | 69/88 [00:17<00:04,  4.00it/s, loss=0.182]
  epoch 3/3:  80%|███████▉  | 70/88 [00:17<00:04,  4.01it/s, loss=0.182]
  epoch 3/3:  80%|███████▉  | 70/88 [00:18<00:04,  4.01it/s, loss=0.181]
  epoch 3/3:  81%|████████  | 71/88 [00:18<00:04,  4.01it/s, loss=0.181]
  epoch 3/3:  81%|████████  | 71/88 [00:18<00:04,  4.01it/s, loss=0.181]
  epoch 3/3:  82%|████████▏ | 72/88 [00:18<00:03,  4.01it/s, loss=0.181]
  epoch 3/3:  82%|████████▏ | 72/88 [00:18<00:03,  4.01it/s, loss=0.182]
  epoch 3/3:  83%|████████▎ | 73/88 [00:18<00:03,  4.01it/s, loss=0.182]
  epoch 3/3:  83%|████████▎ | 73/88 [00:18<00:03,  4.01it/s, loss=0.180]
  epoch 3/3:  84%|████████▍ | 74/88 [00:18<00:03,  4.02it/s, loss=0.180]
  epoch 3/3:  84%|████████▍ | 74/88 [00:18<00:03,  4.02it/s, loss=0.181]
  epoch 3/3:  85%|████████▌ | 75/88 [00:18<00:03,  4.02it/s, loss=0.181]
  epoch 3/3:  85%|████████▌ | 75/88 [00:19<00:03,  4.02it/s, loss=0.180]
  epoch 3/3:  86%|████████▋ | 76/88 [00:19<00:02,  4.01it/s, loss=0.180]
  epoch 3/3:  86%|████████▋ | 76/88 [00:19<00:02,  4.01it/s, loss=0.180]
  epoch 3/3:  88%|████████▊ | 77/88 [00:19<00:02,  4.03it/s, loss=0.180]
  epoch 3/3:  88%|████████▊ | 77/88 [00:19<00:02,  4.03it/s, loss=0.181]
  epoch 3/3:  89%|████████▊ | 78/88 [00:19<00:02,  4.04it/s, loss=0.181]
  epoch 3/3:  89%|████████▊ | 78/88 [00:19<00:02,  4.04it/s, loss=0.180]
  epoch 3/3:  90%|████████▉ | 79/88 [00:19<00:02,  4.02it/s, loss=0.180]
  epoch 3/3:  90%|████████▉ | 79/88 [00:20<00:02,  4.02it/s, loss=0.180]
  epoch 3/3:  91%|█████████ | 80/88 [00:20<00:02,  3.96it/s, loss=0.180]
  epoch 3/3:  91%|█████████ | 80/88 [00:20<00:02,  3.96it/s, loss=0.179]
  epoch 3/3:  92%|█████████▏| 81/88 [00:20<00:01,  3.97it/s, loss=0.179]
  epoch 3/3:  92%|█████████▏| 81/88 [00:20<00:01,  3.97it/s, loss=0.178]
  epoch 3/3:  93%|█████████▎| 82/88 [00:20<00:01,  3.99it/s, loss=0.178]
  epoch 3/3:  93%|█████████▎| 82/88 [00:20<00:01,  3.99it/s, loss=0.179]
  epoch 3/3:  94%|█████████▍| 83/88 [00:20<00:01,  4.01it/s, loss=0.179]
  epoch 3/3:  94%|█████████▍| 83/88 [00:21<00:01,  4.01it/s, loss=0.178]
  epoch 3/3:  95%|█████████▌| 84/88 [00:21<00:00,  4.01it/s, loss=0.178]
  epoch 3/3:  95%|█████████▌| 84/88 [00:21<00:00,  4.01it/s, loss=0.178]
  epoch 3/3:  97%|█████████▋| 85/88 [00:21<00:00,  4.02it/s, loss=0.178]
  epoch 3/3:  97%|█████████▋| 85/88 [00:21<00:00,  4.02it/s, loss=0.177]
  epoch 3/3:  98%|█████████▊| 86/88 [00:21<00:00,  4.03it/s, loss=0.177]
  epoch 3/3:  98%|█████████▊| 86/88 [00:21<00:00,  4.03it/s, loss=0.178]
  epoch 3/3:  99%|█████████▉| 87/88 [00:21<00:00,  4.04it/s, loss=0.178]
  epoch 3/3:  99%|█████████▉| 87/88 [00:22<00:00,  4.04it/s, loss=0.180]
  epoch 3/3: 100%|██████████| 88/88 [00:22<00:00,  4.36it/s, loss=0.180]
                                                                        
[titans] reset=never | norm(state) sau task = 82.5457
[titans]   self-mod v:β=1.43 |W|=2.87
[titans]   eta_t(avg)=21.2790  alpha_t/forget-gate(avg)=1.0000
[task 6] test acc so far: 0.857  0.789  0.791  0.814  0.614  0.271  0.080
[task 6] NCM-blend gamma=0: 0.734  0.674  0.700  0.754  0.743  0.714  0.711
[task 6] NCM-blend gamma=0.25: 0.749  0.677  0.700  0.771  0.754  0.723  0.726
[checkpoint] đã lưu tiến độ sau task 6
[task 7] classes=[0, 4, 30, 38, 43] | train=2800

  epoch 1/3:   0%|          | 0/88 [00:00<?, ?it/s]
  epoch 1/3:   0%|          | 0/88 [00:00<?, ?it/s, loss=1.782]
  epoch 1/3:   1%|          | 1/88 [00:00<00:52,  1.66it/s, loss=1.782]
  epoch 1/3:   1%|          | 1/88 [00:00<00:52,  1.66it/s, loss=1.824]
  epoch 1/3:   2%|▏         | 2/88 [00:00<00:33,  2.54it/s, loss=1.824]
  epoch 1/3:   2%|▏         | 2/88 [00:01<00:33,  2.54it/s, loss=1.795]
  epoch 1/3:   3%|▎         | 3/88 [00:01<00:27,  3.06it/s, loss=1.795]
  epoch 1/3:   3%|▎         | 3/88 [00:01<00:27,  3.06it/s, loss=1.795]
  epoch 1/3:   5%|▍         | 4/88 [00:01<00:24,  3.40it/s, loss=1.795]
  epoch 1/3:   5%|▍         | 4/88 [00:01<00:24,  3.40it/s, loss=1.782]
  epoch 1/3:   6%|▌         | 5/88 [00:01<00:22,  3.62it/s, loss=1.782]
  epoch 1/3:   6%|▌         | 5/88 [00:01<00:22,  3.62it/s, loss=1.763]
  epoch 1/3:   7%|▋         | 6/88 [00:01<00:21,  3.74it/s, loss=1.763]
  epoch 1/3:   7%|▋         | 6/88 [00:02<00:21,  3.74it/s, loss=1.760]
  epoch 1/3:   8%|▊         | 7/88 [00:02<00:21,  3.83it/s, loss=1.760]
  epoch 1/3:   8%|▊         | 7/88 [00:02<00:21,  3.83it/s, loss=1.747]
  epoch 1/3:   9%|▉         | 8/88 [00:02<00:20,  3.83it/s, loss=1.747]
  epoch 1/3:   9%|▉         | 8/88 [00:02<00:20,  3.83it/s, loss=1.732]
  epoch 1/3:  10%|█         | 9/88 [00:02<00:20,  3.89it/s, loss=1.732]
  epoch 1/3:  10%|█         | 9/88 [00:02<00:20,  3.89it/s, loss=1.733]
  epoch 1/3:  11%|█▏        | 10/88 [00:02<00:19,  3.93it/s, loss=1.733]
  epoch 1/3:  11%|█▏        | 10/88 [00:03<00:19,  3.93it/s, loss=1.728]
  epoch 1/3:  12%|█▎        | 11/88 [00:03<00:19,  3.97it/s, loss=1.728]
  epoch 1/3:  12%|█▎        | 11/88 [00:03<00:19,  3.97it/s, loss=1.725]
  epoch 1/3:  14%|█▎        | 12/88 [00:03<00:19,  4.00it/s, loss=1.725]
  epoch 1/3:  14%|█▎        | 12/88 [00:03<00:19,  4.00it/s, loss=1.716]
  epoch 1/3:  15%|█▍        | 13/88 [00:03<00:18,  4.00it/s, loss=1.716]
  epoch 1/3:  15%|█▍        | 13/88 [00:03<00:18,  4.00it/s, loss=1.707]
  epoch 1/3:  16%|█▌        | 14/88 [00:03<00:18,  4.00it/s, loss=1.707]
  epoch 1/3:  16%|█▌        | 14/88 [00:04<00:18,  4.00it/s, loss=1.692]
  epoch 1/3:  17%|█▋        | 15/88 [00:04<00:18,  4.01it/s, loss=1.692]
  epoch 1/3:  17%|█▋        | 15/88 [00:04<00:18,  4.01it/s, loss=1.691]
  epoch 1/3:  18%|█▊        | 16/88 [00:04<00:17,  4.01it/s, loss=1.691]
  epoch 1/3:  18%|█▊        | 16/88 [00:04<00:17,  4.01it/s, loss=1.687]
  epoch 1/3:  19%|█▉        | 17/88 [00:04<00:17,  4.02it/s, loss=1.687]
  epoch 1/3:  19%|█▉        | 17/88 [00:04<00:17,  4.02it/s, loss=1.681]
  epoch 1/3:  20%|██        | 18/88 [00:04<00:17,  4.02it/s, loss=1.681]
  epoch 1/3:  20%|██        | 18/88 [00:05<00:17,  4.02it/s, loss=1.674]
  epoch 1/3:  22%|██▏       | 19/88 [00:05<00:17,  4.02it/s, loss=1.674]
  epoch 1/3:  22%|██▏       | 19/88 [00:05<00:17,  4.02it/s, loss=1.667]
  epoch 1/3:  23%|██▎       | 20/88 [00:05<00:16,  4.03it/s, loss=1.667]
  epoch 1/3:  23%|██▎       | 20/88 [00:05<00:16,  4.03it/s, loss=1.656]
  epoch 1/3:  24%|██▍       | 21/88 [00:05<00:16,  4.03it/s, loss=1.656]
  epoch 1/3:  24%|██▍       | 21/88 [00:05<00:16,  4.03it/s, loss=1.640]
  epoch 1/3:  25%|██▌       | 22/88 [00:05<00:16,  4.03it/s, loss=1.640]
  epoch 1/3:  25%|██▌       | 22/88 [00:06<00:16,  4.03it/s, loss=1.632]
  epoch 1/3:  26%|██▌       | 23/88 [00:06<00:16,  4.02it/s, loss=1.632]
  epoch 1/3:  26%|██▌       | 23/88 [00:06<00:16,  4.02it/s, loss=1.621]
  epoch 1/3:  27%|██▋       | 24/88 [00:06<00:16,  3.98it/s, loss=1.621]
  epoch 1/3:  27%|██▋       | 24/88 [00:06<00:16,  3.98it/s, loss=1.613]
  epoch 1/3:  28%|██▊       | 25/88 [00:06<00:15,  4.00it/s, loss=1.613]
  epoch 1/3:  28%|██▊       | 25/88 [00:06<00:15,  4.00it/s, loss=1.606]
  epoch 1/3:  30%|██▉       | 26/88 [00:06<00:15,  4.01it/s, loss=1.606]
  epoch 1/3:  30%|██▉       | 26/88 [00:07<00:15,  4.01it/s, loss=1.598]
  epoch 1/3:  31%|███       | 27/88 [00:07<00:15,  4.02it/s, loss=1.598]
  epoch 1/3:  31%|███       | 27/88 [00:07<00:15,  4.02it/s, loss=1.591]
  epoch 1/3:  32%|███▏      | 28/88 [00:07<00:14,  4.05it/s, loss=1.591]
  epoch 1/3:  32%|███▏      | 28/88 [00:07<00:14,  4.05it/s, loss=1.582]
  epoch 1/3:  33%|███▎      | 29/88 [00:07<00:14,  4.04it/s, loss=1.582]
  epoch 1/3:  33%|███▎      | 29/88 [00:07<00:14,  4.04it/s, loss=1.576]
  epoch 1/3:  34%|███▍      | 30/88 [00:07<00:14,  4.03it/s, loss=1.576]
  epoch 1/3:  34%|███▍      | 30/88 [00:08<00:14,  4.03it/s, loss=1.565]
  epoch 1/3:  35%|███▌      | 31/88 [00:08<00:14,  4.04it/s, loss=1.565]
  epoch 1/3:  35%|███▌      | 31/88 [00:08<00:14,  4.04it/s, loss=1.557]
  epoch 1/3:  36%|███▋      | 32/88 [00:08<00:13,  4.04it/s, loss=1.557]
  epoch 1/3:  36%|███▋      | 32/88 [00:08<00:13,  4.04it/s, loss=1.550]
  epoch 1/3:  38%|███▊      | 33/88 [00:08<00:13,  4.04it/s, loss=1.550]
  epoch 1/3:  38%|███▊      | 33/88 [00:08<00:13,  4.04it/s, loss=1.539]
  epoch 1/3:  39%|███▊      | 34/88 [00:08<00:13,  4.02it/s, loss=1.539]
  epoch 1/3:  39%|███▊      | 34/88 [00:09<00:13,  4.02it/s, loss=1.534]
  epoch 1/3:  40%|███▉      | 35/88 [00:09<00:13,  4.01it/s, loss=1.534]
  epoch 1/3:  40%|███▉      | 35/88 [00:09<00:13,  4.01it/s, loss=1.528]
  epoch 1/3:  41%|████      | 36/88 [00:09<00:12,  4.02it/s, loss=1.528]
  epoch 1/3:  41%|████      | 36/88 [00:09<00:12,  4.02it/s, loss=1.517]
  epoch 1/3:  42%|████▏     | 37/88 [00:09<00:12,  4.04it/s, loss=1.517]
  epoch 1/3:  42%|████▏     | 37/88 [00:09<00:12,  4.04it/s, loss=1.514]
  epoch 1/3:  43%|████▎     | 38/88 [00:09<00:12,  4.05it/s, loss=1.514]
  epoch 1/3:  43%|████▎     | 38/88 [00:10<00:12,  4.05it/s, loss=1.504]
  epoch 1/3:  44%|████▍     | 39/88 [00:10<00:12,  4.07it/s, loss=1.504]
  epoch 1/3:  44%|████▍     | 39/88 [00:10<00:12,  4.07it/s, loss=1.499]
  epoch 1/3:  45%|████▌     | 40/88 [00:10<00:11,  4.01it/s, loss=1.499]
  epoch 1/3:  45%|████▌     | 40/88 [00:10<00:11,  4.01it/s, loss=1.494]
  epoch 1/3:  47%|████▋     | 41/88 [00:10<00:11,  4.02it/s, loss=1.494]
  epoch 1/3:  47%|████▋     | 41/88 [00:10<00:11,  4.02it/s, loss=1.486]
  epoch 1/3:  48%|████▊     | 42/88 [00:10<00:11,  4.05it/s, loss=1.486]
  epoch 1/3:  48%|████▊     | 42/88 [00:11<00:11,  4.05it/s, loss=1.479]
  epoch 1/3:  49%|████▉     | 43/88 [00:11<00:11,  4.03it/s, loss=1.479]
  epoch 1/3:  49%|████▉     | 43/88 [00:11<00:11,  4.03it/s, loss=1.472]
  epoch 1/3:  50%|█████     | 44/88 [00:11<00:10,  4.03it/s, loss=1.472]
  epoch 1/3:  50%|█████     | 44/88 [00:11<00:10,  4.03it/s, loss=1.461]
  epoch 1/3:  51%|█████     | 45/88 [00:11<00:10,  4.03it/s, loss=1.461]
  epoch 1/3:  51%|█████     | 45/88 [00:11<00:10,  4.03it/s, loss=1.453]
  epoch 1/3:  52%|█████▏    | 46/88 [00:11<00:10,  4.03it/s, loss=1.453]
  epoch 1/3:  52%|█████▏    | 46/88 [00:12<00:10,  4.03it/s, loss=1.443]
  epoch 1/3:  53%|█████▎    | 47/88 [00:12<00:10,  4.00it/s, loss=1.443]
  epoch 1/3:  53%|█████▎    | 47/88 [00:12<00:10,  4.00it/s, loss=1.435]
  epoch 1/3:  55%|█████▍    | 48/88 [00:12<00:09,  4.01it/s, loss=1.435]
  epoch 1/3:  55%|█████▍    | 48/88 [00:12<00:09,  4.01it/s, loss=1.431]
  epoch 1/3:  56%|█████▌    | 49/88 [00:12<00:09,  4.01it/s, loss=1.431]
  epoch 1/3:  56%|█████▌    | 49/88 [00:12<00:09,  4.01it/s, loss=1.421]
  epoch 1/3:  57%|█████▋    | 50/88 [00:12<00:09,  4.01it/s, loss=1.421]
  epoch 1/3:  57%|█████▋    | 50/88 [00:13<00:09,  4.01it/s, loss=1.413]
  epoch 1/3:  58%|█████▊    | 51/88 [00:13<00:09,  4.03it/s, loss=1.413]
  epoch 1/3:  58%|█████▊    | 51/88 [00:13<00:09,  4.03it/s, loss=1.407]
  epoch 1/3:  59%|█████▉    | 52/88 [00:13<00:08,  4.02it/s, loss=1.407]
  epoch 1/3:  59%|█████▉    | 52/88 [00:13<00:08,  4.02it/s, loss=1.401]
  epoch 1/3:  60%|██████    | 53/88 [00:13<00:08,  4.05it/s, loss=1.401]
  epoch 1/3:  60%|██████    | 53/88 [00:13<00:08,  4.05it/s, loss=1.397]
  epoch 1/3:  61%|██████▏   | 54/88 [00:13<00:08,  4.03it/s, loss=1.397]
  epoch 1/3:  61%|██████▏   | 54/88 [00:14<00:08,  4.03it/s, loss=1.388]
  epoch 1/3:  62%|██████▎   | 55/88 [00:14<00:08,  4.02it/s, loss=1.388]
  epoch 1/3:  62%|██████▎   | 55/88 [00:14<00:08,  4.02it/s, loss=1.380]
  epoch 1/3:  64%|██████▎   | 56/88 [00:14<00:08,  3.97it/s, loss=1.380]
  epoch 1/3:  64%|██████▎   | 56/88 [00:14<00:08,  3.97it/s, loss=1.374]
  epoch 1/3:  65%|██████▍   | 57/88 [00:14<00:07,  3.98it/s, loss=1.374]
  epoch 1/3:  65%|██████▍   | 57/88 [00:14<00:07,  3.98it/s, loss=1.366]
  epoch 1/3:  66%|██████▌   | 58/88 [00:14<00:07,  3.99it/s, loss=1.366]
  epoch 1/3:  66%|██████▌   | 58/88 [00:15<00:07,  3.99it/s, loss=1.359]
  epoch 1/3:  67%|██████▋   | 59/88 [00:15<00:07,  4.00it/s, loss=1.359]
  epoch 1/3:  67%|██████▋   | 59/88 [00:15<00:07,  4.00it/s, loss=1.350]
  epoch 1/3:  68%|██████▊   | 60/88 [00:15<00:07,  4.00it/s, loss=1.350]
  epoch 1/3:  68%|██████▊   | 60/88 [00:15<00:07,  4.00it/s, loss=1.342]
  epoch 1/3:  69%|██████▉   | 61/88 [00:15<00:06,  4.00it/s, loss=1.342]
  epoch 1/3:  69%|██████▉   | 61/88 [00:15<00:06,  4.00it/s, loss=1.335]
  epoch 1/3:  70%|███████   | 62/88 [00:15<00:06,  4.02it/s, loss=1.335]
  epoch 1/3:  70%|███████   | 62/88 [00:16<00:06,  4.02it/s, loss=1.327]
  epoch 1/3:  72%|███████▏  | 63/88 [00:16<00:06,  4.00it/s, loss=1.327]
  epoch 1/3:  72%|███████▏  | 63/88 [00:16<00:06,  4.00it/s, loss=1.320]
  epoch 1/3:  73%|███████▎  | 64/88 [00:16<00:05,  4.00it/s, loss=1.320]
  epoch 1/3:  73%|███████▎  | 64/88 [00:16<00:05,  4.00it/s, loss=1.312]
  epoch 1/3:  74%|███████▍  | 65/88 [00:16<00:05,  4.02it/s, loss=1.312]
  epoch 1/3:  74%|███████▍  | 65/88 [00:16<00:05,  4.02it/s, loss=1.305]
  epoch 1/3:  75%|███████▌  | 66/88 [00:16<00:05,  4.04it/s, loss=1.305]
  epoch 1/3:  75%|███████▌  | 66/88 [00:17<00:05,  4.04it/s, loss=1.301]
  epoch 1/3:  76%|███████▌  | 67/88 [00:17<00:05,  4.02it/s, loss=1.301]
  epoch 1/3:  76%|███████▌  | 67/88 [00:17<00:05,  4.02it/s, loss=1.293]
  epoch 1/3:  77%|███████▋  | 68/88 [00:17<00:04,  4.02it/s, loss=1.293]
  epoch 1/3:  77%|███████▋  | 68/88 [00:17<00:04,  4.02it/s, loss=1.287]
  epoch 1/3:  78%|███████▊  | 69/88 [00:17<00:04,  4.01it/s, loss=1.287]
  epoch 1/3:  78%|███████▊  | 69/88 [00:17<00:04,  4.01it/s, loss=1.282]
  epoch 1/3:  80%|███████▉  | 70/88 [00:17<00:04,  4.03it/s, loss=1.282]
  epoch 1/3:  80%|███████▉  | 70/88 [00:18<00:04,  4.03it/s, loss=1.276]
  epoch 1/3:  81%|████████  | 71/88 [00:18<00:04,  4.02it/s, loss=1.276]
  epoch 1/3:  81%|████████  | 71/88 [00:18<00:04,  4.02it/s, loss=1.271]
  epoch 1/3:  82%|████████▏ | 72/88 [00:18<00:04,  3.96it/s, loss=1.271]
  epoch 1/3:  82%|████████▏ | 72/88 [00:18<00:04,  3.96it/s, loss=1.266]
  epoch 1/3:  83%|████████▎ | 73/88 [00:18<00:03,  3.96it/s, loss=1.266]
  epoch 1/3:  83%|████████▎ | 73/88 [00:18<00:03,  3.96it/s, loss=1.260]
  epoch 1/3:  84%|████████▍ | 74/88 [00:18<00:03,  3.98it/s, loss=1.260]
  epoch 1/3:  84%|████████▍ | 74/88 [00:19<00:03,  3.98it/s, loss=1.252]
  epoch 1/3:  85%|████████▌ | 75/88 [00:19<00:03,  3.97it/s, loss=1.252]
  epoch 1/3:  85%|████████▌ | 75/88 [00:19<00:03,  3.97it/s, loss=1.246]
  epoch 1/3:  86%|████████▋ | 76/88 [00:19<00:03,  3.99it/s, loss=1.246]
  epoch 1/3:  86%|████████▋ | 76/88 [00:19<00:03,  3.99it/s, loss=1.240]
  epoch 1/3:  88%|████████▊ | 77/88 [00:19<00:02,  4.00it/s, loss=1.240]
  epoch 1/3:  88%|████████▊ | 77/88 [00:19<00:02,  4.00it/s, loss=1.236]
  epoch 1/3:  89%|████████▊ | 78/88 [00:19<00:02,  3.99it/s, loss=1.236]
  epoch 1/3:  89%|████████▊ | 78/88 [00:20<00:02,  3.99it/s, loss=1.230]
  epoch 1/3:  90%|████████▉ | 79/88 [00:20<00:02,  3.99it/s, loss=1.230]
  epoch 1/3:  90%|████████▉ | 79/88 [00:20<00:02,  3.99it/s, loss=1.224]
  epoch 1/3:  91%|█████████ | 80/88 [00:20<00:01,  4.00it/s, loss=1.224]
  epoch 1/3:  91%|█████████ | 80/88 [00:20<00:01,  4.00it/s, loss=1.217]
  epoch 1/3:  92%|█████████▏| 81/88 [00:20<00:01,  4.03it/s, loss=1.217]
  epoch 1/3:  92%|█████████▏| 81/88 [00:20<00:01,  4.03it/s, loss=1.212]
  epoch 1/3:  93%|█████████▎| 82/88 [00:20<00:01,  4.01it/s, loss=1.212]
  epoch 1/3:  93%|█████████▎| 82/88 [00:21<00:01,  4.01it/s, loss=1.206]
  epoch 1/3:  94%|█████████▍| 83/88 [00:21<00:01,  4.01it/s, loss=1.206]
  epoch 1/3:  94%|█████████▍| 83/88 [00:21<00:01,  4.01it/s, loss=1.200]
  epoch 1/3:  95%|█████████▌| 84/88 [00:21<00:00,  4.02it/s, loss=1.200]
  epoch 1/3:  95%|█████████▌| 84/88 [00:21<00:00,  4.02it/s, loss=1.193]
  epoch 1/3:  97%|█████████▋| 85/88 [00:21<00:00,  4.01it/s, loss=1.193]
  epoch 1/3:  97%|█████████▋| 85/88 [00:21<00:00,  4.01it/s, loss=1.187]
  epoch 1/3:  98%|█████████▊| 86/88 [00:21<00:00,  4.01it/s, loss=1.187]
  epoch 1/3:  98%|█████████▊| 86/88 [00:22<00:00,  4.01it/s, loss=1.181]
  epoch 1/3:  99%|█████████▉| 87/88 [00:22<00:00,  4.02it/s, loss=1.181]
  epoch 1/3:  99%|█████████▉| 87/88 [00:22<00:00,  4.02it/s, loss=1.179]
  epoch 1/3: 100%|██████████| 88/88 [00:22<00:00,  4.28it/s, loss=1.179]
                                                                        

  epoch 2/3:   0%|          | 0/88 [00:00<?, ?it/s]
  epoch 2/3:   0%|          | 0/88 [00:00<?, ?it/s, loss=0.701]
  epoch 2/3:   1%|          | 1/88 [00:00<00:46,  1.86it/s, loss=0.701]
  epoch 2/3:   1%|          | 1/88 [00:00<00:46,  1.86it/s, loss=0.647]
  epoch 2/3:   2%|▏         | 2/88 [00:00<00:31,  2.74it/s, loss=0.647]
  epoch 2/3:   2%|▏         | 2/88 [00:01<00:31,  2.74it/s, loss=0.654]
  epoch 2/3:   3%|▎         | 3/88 [00:01<00:26,  3.20it/s, loss=0.654]
  epoch 2/3:   3%|▎         | 3/88 [00:01<00:26,  3.20it/s, loss=0.645]
  epoch 2/3:   5%|▍         | 4/88 [00:01<00:24,  3.48it/s, loss=0.645]
  epoch 2/3:   5%|▍         | 4/88 [00:01<00:24,  3.48it/s, loss=0.620]
  epoch 2/3:   6%|▌         | 5/88 [00:01<00:22,  3.66it/s, loss=0.620]
  epoch 2/3:   6%|▌         | 5/88 [00:01<00:22,  3.66it/s, loss=0.590]
  epoch 2/3:   7%|▋         | 6/88 [00:01<00:21,  3.78it/s, loss=0.590]
  epoch 2/3:   7%|▋         | 6/88 [00:02<00:21,  3.78it/s, loss=0.588]
  epoch 2/3:   8%|▊         | 7/88 [00:02<00:20,  3.86it/s, loss=0.588]
  epoch 2/3:   8%|▊         | 7/88 [00:02<00:20,  3.86it/s, loss=0.603]
  epoch 2/3:   9%|▉         | 8/88 [00:02<00:20,  3.91it/s, loss=0.603]
  epoch 2/3:   9%|▉         | 8/88 [00:02<00:20,  3.91it/s, loss=0.607]
  epoch 2/3:  10%|█         | 9/88 [00:02<00:20,  3.94it/s, loss=0.607]
  epoch 2/3:  10%|█         | 9/88 [00:02<00:20,  3.94it/s, loss=0.596]
  epoch 2/3:  11%|█▏        | 10/88 [00:02<00:19,  3.94it/s, loss=0.596]
  epoch 2/3:  11%|█▏        | 10/88 [00:03<00:19,  3.94it/s, loss=0.591]
  epoch 2/3:  12%|█▎        | 11/88 [00:03<00:19,  3.96it/s, loss=0.591]
  epoch 2/3:  12%|█▎        | 11/88 [00:03<00:19,  3.96it/s, loss=0.587]
  epoch 2/3:  14%|█▎        | 12/88 [00:03<00:19,  3.99it/s, loss=0.587]
  epoch 2/3:  14%|█▎        | 12/88 [00:03<00:19,  3.99it/s, loss=0.588]
  epoch 2/3:  15%|█▍        | 13/88 [00:03<00:18,  3.97it/s, loss=0.588]
  epoch 2/3:  15%|█▍        | 13/88 [00:03<00:18,  3.97it/s, loss=0.599]
  epoch 2/3:  16%|█▌        | 14/88 [00:03<00:18,  3.98it/s, loss=0.599]
  epoch 2/3:  16%|█▌        | 14/88 [00:04<00:18,  3.98it/s, loss=0.591]
  epoch 2/3:  17%|█▋        | 15/88 [00:04<00:18,  3.97it/s, loss=0.591]
  epoch 2/3:  17%|█▋        | 15/88 [00:04<00:18,  3.97it/s, loss=0.591]
  epoch 2/3:  18%|█▊        | 16/88 [00:04<00:18,  3.93it/s, loss=0.591]
  epoch 2/3:  18%|█▊        | 16/88 [00:04<00:18,  3.93it/s, loss=0.592]
  epoch 2/3:  19%|█▉        | 17/88 [00:04<00:17,  3.96it/s, loss=0.592]
  epoch 2/3:  19%|█▉        | 17/88 [00:04<00:17,  3.96it/s, loss=0.594]
  epoch 2/3:  20%|██        | 18/88 [00:04<00:17,  3.97it/s, loss=0.594]
  epoch 2/3:  20%|██        | 18/88 [00:05<00:17,  3.97it/s, loss=0.598]
  epoch 2/3:  22%|██▏       | 19/88 [00:05<00:17,  3.99it/s, loss=0.598]
  epoch 2/3:  22%|██▏       | 19/88 [00:05<00:17,  3.99it/s, loss=0.587]
  epoch 2/3:  23%|██▎       | 20/88 [00:05<00:17,  3.99it/s, loss=0.587]
  epoch 2/3:  23%|██▎       | 20/88 [00:05<00:17,  3.99it/s, loss=0.584]
  epoch 2/3:  24%|██▍       | 21/88 [00:05<00:16,  3.99it/s, loss=0.584]
  epoch 2/3:  24%|██▍       | 21/88 [00:05<00:16,  3.99it/s, loss=0.583]
  epoch 2/3:  25%|██▌       | 22/88 [00:05<00:16,  4.01it/s, loss=0.583]
  epoch 2/3:  25%|██▌       | 22/88 [00:06<00:16,  4.01it/s, loss=0.579]
  epoch 2/3:  26%|██▌       | 23/88 [00:06<00:16,  4.01it/s, loss=0.579]
  epoch 2/3:  26%|██▌       | 23/88 [00:06<00:16,  4.01it/s, loss=0.573]
  epoch 2/3:  27%|██▋       | 24/88 [00:06<00:15,  4.00it/s, loss=0.573]
  epoch 2/3:  27%|██▋       | 24/88 [00:06<00:15,  4.00it/s, loss=0.570]
  epoch 2/3:  28%|██▊       | 25/88 [00:06<00:15,  4.00it/s, loss=0.570]
  epoch 2/3:  28%|██▊       | 25/88 [00:06<00:15,  4.00it/s, loss=0.568]
  epoch 2/3:  30%|██▉       | 26/88 [00:06<00:15,  3.99it/s, loss=0.568]
  epoch 2/3:  30%|██▉       | 26/88 [00:07<00:15,  3.99it/s, loss=0.569]
  epoch 2/3:  31%|███       | 27/88 [00:07<00:15,  4.00it/s, loss=0.569]
  epoch 2/3:  31%|███       | 27/88 [00:07<00:15,  4.00it/s, loss=0.564]
  epoch 2/3:  32%|███▏      | 28/88 [00:07<00:14,  4.02it/s, loss=0.564]
  epoch 2/3:  32%|███▏      | 28/88 [00:07<00:14,  4.02it/s, loss=0.561]
  epoch 2/3:  33%|███▎      | 29/88 [00:07<00:14,  4.03it/s, loss=0.561]
  epoch 2/3:  33%|███▎      | 29/88 [00:07<00:14,  4.03it/s, loss=0.562]
  epoch 2/3:  34%|███▍      | 30/88 [00:07<00:14,  4.04it/s, loss=0.562]
  epoch 2/3:  34%|███▍      | 30/88 [00:08<00:14,  4.04it/s, loss=0.558]
  epoch 2/3:  35%|███▌      | 31/88 [00:08<00:14,  4.03it/s, loss=0.558]
  epoch 2/3:  35%|███▌      | 31/88 [00:08<00:14,  4.03it/s, loss=0.555]
  epoch 2/3:  36%|███▋      | 32/88 [00:08<00:14,  3.97it/s, loss=0.555]
  epoch 2/3:  36%|███▋      | 32/88 [00:08<00:14,  3.97it/s, loss=0.552]
  epoch 2/3:  38%|███▊      | 33/88 [00:08<00:13,  3.98it/s, loss=0.552]
  epoch 2/3:  38%|███▊      | 33/88 [00:08<00:13,  3.98it/s, loss=0.546]
  epoch 2/3:  39%|███▊      | 34/88 [00:08<00:13,  4.00it/s, loss=0.546]
  epoch 2/3:  39%|███▊      | 34/88 [00:09<00:13,  4.00it/s, loss=0.544]
  epoch 2/3:  40%|███▉      | 35/88 [00:09<00:13,  4.02it/s, loss=0.544]
  epoch 2/3:  40%|███▉      | 35/88 [00:09<00:13,  4.02it/s, loss=0.539]
  epoch 2/3:  41%|████      | 36/88 [00:09<00:13,  3.99it/s, loss=0.539]
  epoch 2/3:  41%|████      | 36/88 [00:09<00:13,  3.99it/s, loss=0.532]
  epoch 2/3:  42%|████▏     | 37/88 [00:09<00:12,  4.00it/s, loss=0.532]
  epoch 2/3:  42%|████▏     | 37/88 [00:09<00:12,  4.00it/s, loss=0.528]
  epoch 2/3:  43%|████▎     | 38/88 [00:09<00:12,  4.02it/s, loss=0.528]
  epoch 2/3:  43%|████▎     | 38/88 [00:10<00:12,  4.02it/s, loss=0.523]
  epoch 2/3:  44%|████▍     | 39/88 [00:10<00:12,  4.03it/s, loss=0.523]
  epoch 2/3:  44%|████▍     | 39/88 [00:10<00:12,  4.03it/s, loss=0.520]
  epoch 2/3:  45%|████▌     | 40/88 [00:10<00:12,  4.00it/s, loss=0.520]
  epoch 2/3:  45%|████▌     | 40/88 [00:10<00:12,  4.00it/s, loss=0.517]
  epoch 2/3:  47%|████▋     | 41/88 [00:10<00:11,  3.99it/s, loss=0.517]
  epoch 2/3:  47%|████▋     | 41/88 [00:10<00:11,  3.99it/s, loss=0.516]
  epoch 2/3:  48%|████▊     | 42/88 [00:10<00:11,  4.00it/s, loss=0.516]
  epoch 2/3:  48%|████▊     | 42/88 [00:11<00:11,  4.00it/s, loss=0.511]
  epoch 2/3:  49%|████▉     | 43/88 [00:11<00:11,  4.00it/s, loss=0.511]
  epoch 2/3:  49%|████▉     | 43/88 [00:11<00:11,  4.00it/s, loss=0.509]
  epoch 2/3:  50%|█████     | 44/88 [00:11<00:11,  3.99it/s, loss=0.509]
  epoch 2/3:  50%|█████     | 44/88 [00:11<00:11,  3.99it/s, loss=0.508]
  epoch 2/3:  51%|█████     | 45/88 [00:11<00:10,  3.98it/s, loss=0.508]
  epoch 2/3:  51%|█████     | 45/88 [00:11<00:10,  3.98it/s, loss=0.506]
  epoch 2/3:  52%|█████▏    | 46/88 [00:11<00:10,  3.98it/s, loss=0.506]
  epoch 2/3:  52%|█████▏    | 46/88 [00:12<00:10,  3.98it/s, loss=0.502]
  epoch 2/3:  53%|█████▎    | 47/88 [00:12<00:10,  4.02it/s, loss=0.502]
  epoch 2/3:  53%|█████▎    | 47/88 [00:12<00:10,  4.02it/s, loss=0.501]
  epoch 2/3:  55%|█████▍    | 48/88 [00:12<00:10,  3.98it/s, loss=0.501]
  epoch 2/3:  55%|█████▍    | 48/88 [00:12<00:10,  3.98it/s, loss=0.500]
  epoch 2/3:  56%|█████▌    | 49/88 [00:12<00:09,  3.99it/s, loss=0.500]
  epoch 2/3:  56%|█████▌    | 49/88 [00:12<00:09,  3.99it/s, loss=0.499]
  epoch 2/3:  57%|█████▋    | 50/88 [00:12<00:09,  4.01it/s, loss=0.499]
  epoch 2/3:  57%|█████▋    | 50/88 [00:13<00:09,  4.01it/s, loss=0.497]
  epoch 2/3:  58%|█████▊    | 51/88 [00:13<00:09,  4.01it/s, loss=0.497]
  epoch 2/3:  58%|█████▊    | 51/88 [00:13<00:09,  4.01it/s, loss=0.494]
  epoch 2/3:  59%|█████▉    | 52/88 [00:13<00:08,  4.00it/s, loss=0.494]
  epoch 2/3:  59%|█████▉    | 52/88 [00:13<00:08,  4.00it/s, loss=0.491]
  epoch 2/3:  60%|██████    | 53/88 [00:13<00:08,  4.01it/s, loss=0.491]
  epoch 2/3:  60%|██████    | 53/88 [00:13<00:08,  4.01it/s, loss=0.489]
  epoch 2/3:  61%|██████▏   | 54/88 [00:13<00:08,  4.02it/s, loss=0.489]
  epoch 2/3:  61%|██████▏   | 54/88 [00:14<00:08,  4.02it/s, loss=0.486]
  epoch 2/3:  62%|██████▎   | 55/88 [00:14<00:08,  4.00it/s, loss=0.486]
  epoch 2/3:  62%|██████▎   | 55/88 [00:14<00:08,  4.00it/s, loss=0.484]
  epoch 2/3:  64%|██████▎   | 56/88 [00:14<00:07,  4.01it/s, loss=0.484]
  epoch 2/3:  64%|██████▎   | 56/88 [00:14<00:07,  4.01it/s, loss=0.482]
  epoch 2/3:  65%|██████▍   | 57/88 [00:14<00:07,  4.02it/s, loss=0.482]
  epoch 2/3:  65%|██████▍   | 57/88 [00:14<00:07,  4.02it/s, loss=0.479]
  epoch 2/3:  66%|██████▌   | 58/88 [00:14<00:07,  4.01it/s, loss=0.479]
  epoch 2/3:  66%|██████▌   | 58/88 [00:15<00:07,  4.01it/s, loss=0.477]
  epoch 2/3:  67%|██████▋   | 59/88 [00:15<00:07,  4.01it/s, loss=0.477]
  epoch 2/3:  67%|██████▋   | 59/88 [00:15<00:07,  4.01it/s, loss=0.475]
  epoch 2/3:  68%|██████▊   | 60/88 [00:15<00:06,  4.02it/s, loss=0.475]
  epoch 2/3:  68%|██████▊   | 60/88 [00:15<00:06,  4.02it/s, loss=0.471]
  epoch 2/3:  69%|██████▉   | 61/88 [00:15<00:06,  4.04it/s, loss=0.471]
  epoch 2/3:  69%|██████▉   | 61/88 [00:15<00:06,  4.04it/s, loss=0.469]
  epoch 2/3:  70%|███████   | 62/88 [00:15<00:06,  4.02it/s, loss=0.469]
  epoch 2/3:  70%|███████   | 62/88 [00:16<00:06,  4.02it/s, loss=0.468]
  epoch 2/3:  72%|███████▏  | 63/88 [00:16<00:06,  4.01it/s, loss=0.468]
  epoch 2/3:  72%|███████▏  | 63/88 [00:16<00:06,  4.01it/s, loss=0.465]
  epoch 2/3:  73%|███████▎  | 64/88 [00:16<00:06,  3.97it/s, loss=0.465]
  epoch 2/3:  73%|███████▎  | 64/88 [00:16<00:06,  3.97it/s, loss=0.463]
  epoch 2/3:  74%|███████▍  | 65/88 [00:16<00:05,  3.98it/s, loss=0.463]
  epoch 2/3:  74%|███████▍  | 65/88 [00:16<00:05,  3.98it/s, loss=0.461]
  epoch 2/3:  75%|███████▌  | 66/88 [00:16<00:05,  4.00it/s, loss=0.461]
  epoch 2/3:  75%|███████▌  | 66/88 [00:17<00:05,  4.00it/s, loss=0.458]
  epoch 2/3:  76%|███████▌  | 67/88 [00:17<00:05,  4.02it/s, loss=0.458]
  epoch 2/3:  76%|███████▌  | 67/88 [00:17<00:05,  4.02it/s, loss=0.454]
  epoch 2/3:  77%|███████▋  | 68/88 [00:17<00:04,  4.01it/s, loss=0.454]
  epoch 2/3:  77%|███████▋  | 68/88 [00:17<00:04,  4.01it/s, loss=0.451]
  epoch 2/3:  78%|███████▊  | 69/88 [00:17<00:04,  4.01it/s, loss=0.451]
  epoch 2/3:  78%|███████▊  | 69/88 [00:17<00:04,  4.01it/s, loss=0.448]
  epoch 2/3:  80%|███████▉  | 70/88 [00:17<00:04,  4.02it/s, loss=0.448]
  epoch 2/3:  80%|███████▉  | 70/88 [00:18<00:04,  4.02it/s, loss=0.446]
  epoch 2/3:  81%|████████  | 71/88 [00:18<00:04,  4.01it/s, loss=0.446]
  epoch 2/3:  81%|████████  | 71/88 [00:18<00:04,  4.01it/s, loss=0.444]
  epoch 2/3:  82%|████████▏ | 72/88 [00:18<00:03,  4.01it/s, loss=0.444]
  epoch 2/3:  82%|████████▏ | 72/88 [00:18<00:03,  4.01it/s, loss=0.444]
  epoch 2/3:  83%|████████▎ | 73/88 [00:18<00:03,  4.01it/s, loss=0.444]
  epoch 2/3:  83%|████████▎ | 73/88 [00:18<00:03,  4.01it/s, loss=0.443]
  epoch 2/3:  84%|████████▍ | 74/88 [00:18<00:03,  4.02it/s, loss=0.443]
  epoch 2/3:  84%|████████▍ | 74/88 [00:19<00:03,  4.02it/s, loss=0.444]
  epoch 2/3:  85%|████████▌ | 75/88 [00:19<00:03,  4.01it/s, loss=0.444]
  epoch 2/3:  85%|████████▌ | 75/88 [00:19<00:03,  4.01it/s, loss=0.441]
  epoch 2/3:  86%|████████▋ | 76/88 [00:19<00:02,  4.02it/s, loss=0.441]
  epoch 2/3:  86%|████████▋ | 76/88 [00:19<00:02,  4.02it/s, loss=0.439]
  epoch 2/3:  88%|████████▊ | 77/88 [00:19<00:02,  4.03it/s, loss=0.439]
  epoch 2/3:  88%|████████▊ | 77/88 [00:19<00:02,  4.03it/s, loss=0.438]
  epoch 2/3:  89%|████████▊ | 78/88 [00:19<00:02,  4.02it/s, loss=0.438]
  epoch 2/3:  89%|████████▊ | 78/88 [00:20<00:02,  4.02it/s, loss=0.435]
  epoch 2/3:  90%|████████▉ | 79/88 [00:20<00:02,  4.02it/s, loss=0.435]
  epoch 2/3:  90%|████████▉ | 79/88 [00:20<00:02,  4.02it/s, loss=0.433]
  epoch 2/3:  91%|█████████ | 80/88 [00:20<00:02,  3.98it/s, loss=0.433]
  epoch 2/3:  91%|█████████ | 80/88 [00:20<00:02,  3.98it/s, loss=0.431]
  epoch 2/3:  92%|█████████▏| 81/88 [00:20<00:01,  3.98it/s, loss=0.431]
  epoch 2/3:  92%|█████████▏| 81/88 [00:20<00:01,  3.98it/s, loss=0.428]
  epoch 2/3:  93%|█████████▎| 82/88 [00:20<00:01,  4.00it/s, loss=0.428]
  epoch 2/3:  93%|█████████▎| 82/88 [00:21<00:01,  4.00it/s, loss=0.427]
  epoch 2/3:  94%|█████████▍| 83/88 [00:21<00:01,  4.01it/s, loss=0.427]
  epoch 2/3:  94%|█████████▍| 83/88 [00:21<00:01,  4.01it/s, loss=0.425]
  epoch 2/3:  95%|█████████▌| 84/88 [00:21<00:00,  4.00it/s, loss=0.425]
  epoch 2/3:  95%|█████████▌| 84/88 [00:21<00:00,  4.00it/s, loss=0.424]
  epoch 2/3:  97%|█████████▋| 85/88 [00:21<00:00,  4.01it/s, loss=0.424]
  epoch 2/3:  97%|█████████▋| 85/88 [00:21<00:00,  4.01it/s, loss=0.421]
  epoch 2/3:  98%|█████████▊| 86/88 [00:21<00:00,  4.03it/s, loss=0.421]
  epoch 2/3:  98%|█████████▊| 86/88 [00:22<00:00,  4.03it/s, loss=0.421]
  epoch 2/3:  99%|█████████▉| 87/88 [00:22<00:00,  4.05it/s, loss=0.421]
  epoch 2/3:  99%|█████████▉| 87/88 [00:22<00:00,  4.05it/s, loss=0.420]
  epoch 2/3: 100%|██████████| 88/88 [00:22<00:00,  4.37it/s, loss=0.420]
                                                                        

  epoch 3/3:   0%|          | 0/88 [00:00<?, ?it/s]
  epoch 3/3:   0%|          | 0/88 [00:00<?, ?it/s, loss=0.281]
  epoch 3/3:   1%|          | 1/88 [00:00<00:46,  1.89it/s, loss=0.281]
  epoch 3/3:   1%|          | 1/88 [00:00<00:46,  1.89it/s, loss=0.287]
  epoch 3/3:   2%|▏         | 2/88 [00:00<00:31,  2.75it/s, loss=0.287]
  epoch 3/3:   2%|▏         | 2/88 [00:01<00:31,  2.75it/s, loss=0.280]
  epoch 3/3:   3%|▎         | 3/88 [00:01<00:26,  3.21it/s, loss=0.280]
  epoch 3/3:   3%|▎         | 3/88 [00:01<00:26,  3.21it/s, loss=0.269]
  epoch 3/3:   5%|▍         | 4/88 [00:01<00:24,  3.49it/s, loss=0.269]
  epoch 3/3:   5%|▍         | 4/88 [00:01<00:24,  3.49it/s, loss=0.261]
  epoch 3/3:   6%|▌         | 5/88 [00:01<00:22,  3.67it/s, loss=0.261]
  epoch 3/3:   6%|▌         | 5/88 [00:01<00:22,  3.67it/s, loss=0.263]
  epoch 3/3:   7%|▋         | 6/88 [00:01<00:21,  3.77it/s, loss=0.263]
  epoch 3/3:   7%|▋         | 6/88 [00:02<00:21,  3.77it/s, loss=0.260]
  epoch 3/3:   8%|▊         | 7/88 [00:02<00:21,  3.84it/s, loss=0.260]
  epoch 3/3:   8%|▊         | 7/88 [00:02<00:21,  3.84it/s, loss=0.260]
  epoch 3/3:   9%|▉         | 8/88 [00:02<00:20,  3.82it/s, loss=0.260]
  epoch 3/3:   9%|▉         | 8/88 [00:02<00:20,  3.82it/s, loss=0.262]
  epoch 3/3:  10%|█         | 9/88 [00:02<00:20,  3.88it/s, loss=0.262]
  epoch 3/3:  10%|█         | 9/88 [00:02<00:20,  3.88it/s, loss=0.259]
  epoch 3/3:  11%|█▏        | 10/88 [00:02<00:19,  3.92it/s, loss=0.259]
  epoch 3/3:  11%|█▏        | 10/88 [00:03<00:19,  3.92it/s, loss=0.247]
  epoch 3/3:  12%|█▎        | 11/88 [00:03<00:19,  3.95it/s, loss=0.247]
  epoch 3/3:  12%|█▎        | 11/88 [00:03<00:19,  3.95it/s, loss=0.241]
  epoch 3/3:  14%|█▎        | 12/88 [00:03<00:19,  3.99it/s, loss=0.241]
  epoch 3/3:  14%|█▎        | 12/88 [00:03<00:19,  3.99it/s, loss=0.234]
  epoch 3/3:  15%|█▍        | 13/88 [00:03<00:18,  4.01it/s, loss=0.234]
  epoch 3/3:  15%|█▍        | 13/88 [00:03<00:18,  4.01it/s, loss=0.230]
  epoch 3/3:  16%|█▌        | 14/88 [00:03<00:18,  4.00it/s, loss=0.230]
  epoch 3/3:  16%|█▌        | 14/88 [00:04<00:18,  4.00it/s, loss=0.234]
  epoch 3/3:  17%|█▋        | 15/88 [00:04<00:18,  4.00it/s, loss=0.234]
  epoch 3/3:  17%|█▋        | 15/88 [00:04<00:18,  4.00it/s, loss=0.234]
  epoch 3/3:  18%|█▊        | 16/88 [00:04<00:17,  4.02it/s, loss=0.234]
  epoch 3/3:  18%|█▊        | 16/88 [00:04<00:17,  4.02it/s, loss=0.236]
  epoch 3/3:  19%|█▉        | 17/88 [00:04<00:17,  3.99it/s, loss=0.236]
  epoch 3/3:  19%|█▉        | 17/88 [00:04<00:17,  3.99it/s, loss=0.237]
  epoch 3/3:  20%|██        | 18/88 [00:04<00:17,  4.00it/s, loss=0.237]
  epoch 3/3:  20%|██        | 18/88 [00:05<00:17,  4.00it/s, loss=0.238]
  epoch 3/3:  22%|██▏       | 19/88 [00:05<00:17,  4.02it/s, loss=0.238]
  epoch 3/3:  22%|██▏       | 19/88 [00:05<00:17,  4.02it/s, loss=0.235]
  epoch 3/3:  23%|██▎       | 20/88 [00:05<00:16,  4.03it/s, loss=0.235]
  epoch 3/3:  23%|██▎       | 20/88 [00:05<00:16,  4.03it/s, loss=0.236]
  epoch 3/3:  24%|██▍       | 21/88 [00:05<00:16,  4.02it/s, loss=0.236]
  epoch 3/3:  24%|██▍       | 21/88 [00:05<00:16,  4.02it/s, loss=0.230]
  epoch 3/3:  25%|██▌       | 22/88 [00:05<00:16,  4.02it/s, loss=0.230]
  epoch 3/3:  25%|██▌       | 22/88 [00:06<00:16,  4.02it/s, loss=0.230]
  epoch 3/3:  26%|██▌       | 23/88 [00:06<00:16,  4.03it/s, loss=0.230]
  epoch 3/3:  26%|██▌       | 23/88 [00:06<00:16,  4.03it/s, loss=0.229]
  epoch 3/3:  27%|██▋       | 24/88 [00:06<00:16,  3.96it/s, loss=0.229]
  epoch 3/3:  27%|██▋       | 24/88 [00:06<00:16,  3.96it/s, loss=0.230]
  epoch 3/3:  28%|██▊       | 25/88 [00:06<00:15,  4.00it/s, loss=0.230]
  epoch 3/3:  28%|██▊       | 25/88 [00:06<00:15,  4.00it/s, loss=0.230]
  epoch 3/3:  30%|██▉       | 26/88 [00:06<00:15,  3.98it/s, loss=0.230]
  epoch 3/3:  30%|██▉       | 26/88 [00:07<00:15,  3.98it/s, loss=0.230]
  epoch 3/3:  31%|███       | 27/88 [00:07<00:15,  3.99it/s, loss=0.230]
  epoch 3/3:  31%|███       | 27/88 [00:07<00:15,  3.99it/s, loss=0.232]
  epoch 3/3:  32%|███▏      | 28/88 [00:07<00:14,  4.01it/s, loss=0.232]
  epoch 3/3:  32%|███▏      | 28/88 [00:07<00:14,  4.01it/s, loss=0.230]
  epoch 3/3:  33%|███▎      | 29/88 [00:07<00:14,  4.03it/s, loss=0.230]
  epoch 3/3:  33%|███▎      | 29/88 [00:07<00:14,  4.03it/s, loss=0.232]
  epoch 3/3:  34%|███▍      | 30/88 [00:07<00:14,  4.04it/s, loss=0.232]
  epoch 3/3:  34%|███▍      | 30/88 [00:08<00:14,  4.04it/s, loss=0.229]
  epoch 3/3:  35%|███▌      | 31/88 [00:08<00:14,  4.03it/s, loss=0.229]
  epoch 3/3:  35%|███▌      | 31/88 [00:08<00:14,  4.03it/s, loss=0.230]
  epoch 3/3:  36%|███▋      | 32/88 [00:08<00:13,  4.03it/s, loss=0.230]
  epoch 3/3:  36%|███▋      | 32/88 [00:08<00:13,  4.03it/s, loss=0.234]
  epoch 3/3:  38%|███▊      | 33/88 [00:08<00:13,  4.03it/s, loss=0.234]
  epoch 3/3:  38%|███▊      | 33/88 [00:08<00:13,  4.03it/s, loss=0.233]
  epoch 3/3:  39%|███▊      | 34/88 [00:08<00:13,  4.04it/s, loss=0.233]
  epoch 3/3:  39%|███▊      | 34/88 [00:09<00:13,  4.04it/s, loss=0.230]
  epoch 3/3:  40%|███▉      | 35/88 [00:09<00:13,  4.02it/s, loss=0.230]
  epoch 3/3:  40%|███▉      | 35/88 [00:09<00:13,  4.02it/s, loss=0.230]
  epoch 3/3:  41%|████      | 36/88 [00:09<00:12,  4.01it/s, loss=0.230]
  epoch 3/3:  41%|████      | 36/88 [00:09<00:12,  4.01it/s, loss=0.228]
  epoch 3/3:  42%|████▏     | 37/88 [00:09<00:12,  4.01it/s, loss=0.228]
  epoch 3/3:  42%|████▏     | 37/88 [00:09<00:12,  4.01it/s, loss=0.227]
  epoch 3/3:  43%|████▎     | 38/88 [00:09<00:12,  4.01it/s, loss=0.227]
  epoch 3/3:  43%|████▎     | 38/88 [00:10<00:12,  4.01it/s, loss=0.226]
  epoch 3/3:  44%|████▍     | 39/88 [00:10<00:12,  4.01it/s, loss=0.226]
  epoch 3/3:  44%|████▍     | 39/88 [00:10<00:12,  4.01it/s, loss=0.224]
  epoch 3/3:  45%|████▌     | 40/88 [00:10<00:12,  3.95it/s, loss=0.224]
  epoch 3/3:  45%|████▌     | 40/88 [00:10<00:12,  3.95it/s, loss=0.226]
  epoch 3/3:  47%|████▋     | 41/88 [00:10<00:11,  3.98it/s, loss=0.226]
  epoch 3/3:  47%|████▋     | 41/88 [00:10<00:11,  3.98it/s, loss=0.225]
  epoch 3/3:  48%|████▊     | 42/88 [00:10<00:11,  3.99it/s, loss=0.225]
  epoch 3/3:  48%|████▊     | 42/88 [00:11<00:11,  3.99it/s, loss=0.223]
  epoch 3/3:  49%|████▉     | 43/88 [00:11<00:11,  3.99it/s, loss=0.223]
  epoch 3/3:  49%|████▉     | 43/88 [00:11<00:11,  3.99it/s, loss=0.225]
  epoch 3/3:  50%|█████     | 44/88 [00:11<00:11,  4.00it/s, loss=0.225]
  epoch 3/3:  50%|█████     | 44/88 [00:11<00:11,  4.00it/s, loss=0.222]
  epoch 3/3:  51%|█████     | 45/88 [00:11<00:10,  4.02it/s, loss=0.222]
  epoch 3/3:  51%|█████     | 45/88 [00:11<00:10,  4.02it/s, loss=0.220]
  epoch 3/3:  52%|█████▏    | 46/88 [00:11<00:10,  4.03it/s, loss=0.220]
  epoch 3/3:  52%|█████▏    | 46/88 [00:12<00:10,  4.03it/s, loss=0.218]
  epoch 3/3:  53%|█████▎    | 47/88 [00:12<00:10,  4.02it/s, loss=0.218]
  epoch 3/3:  53%|█████▎    | 47/88 [00:12<00:10,  4.02it/s, loss=0.220]
  epoch 3/3:  55%|█████▍    | 48/88 [00:12<00:09,  4.02it/s, loss=0.220]
  epoch 3/3:  55%|█████▍    | 48/88 [00:12<00:09,  4.02it/s, loss=0.218]
  epoch 3/3:  56%|█████▌    | 49/88 [00:12<00:09,  4.02it/s, loss=0.218]
  epoch 3/3:  56%|█████▌    | 49/88 [00:12<00:09,  4.02it/s, loss=0.221]
  epoch 3/3:  57%|█████▋    | 50/88 [00:12<00:09,  4.02it/s, loss=0.221]
  epoch 3/3:  57%|█████▋    | 50/88 [00:13<00:09,  4.02it/s, loss=0.221]
  epoch 3/3:  58%|█████▊    | 51/88 [00:13<00:09,  4.02it/s, loss=0.221]
  epoch 3/3:  58%|█████▊    | 51/88 [00:13<00:09,  4.02it/s, loss=0.218]
  epoch 3/3:  59%|█████▉    | 52/88 [00:13<00:08,  4.02it/s, loss=0.218]
  epoch 3/3:  59%|█████▉    | 52/88 [00:13<00:08,  4.02it/s, loss=0.219]
  epoch 3/3:  60%|██████    | 53/88 [00:13<00:08,  4.03it/s, loss=0.219]
  epoch 3/3:  60%|██████    | 53/88 [00:13<00:08,  4.03it/s, loss=0.217]
  epoch 3/3:  61%|██████▏   | 54/88 [00:13<00:08,  4.02it/s, loss=0.217]
  epoch 3/3:  61%|██████▏   | 54/88 [00:13<00:08,  4.02it/s, loss=0.215]
  epoch 3/3:  62%|██████▎   | 55/88 [00:13<00:08,  4.02it/s, loss=0.215]
  epoch 3/3:  62%|██████▎   | 55/88 [00:14<00:08,  4.02it/s, loss=0.214]
  epoch 3/3:  64%|██████▎   | 56/88 [00:14<00:08,  3.97it/s, loss=0.214]
  epoch 3/3:  64%|██████▎   | 56/88 [00:14<00:08,  3.97it/s, loss=0.213]
  epoch 3/3:  65%|██████▍   | 57/88 [00:14<00:07,  3.98it/s, loss=0.213]
  epoch 3/3:  65%|██████▍   | 57/88 [00:14<00:07,  3.98it/s, loss=0.212]
  epoch 3/3:  66%|██████▌   | 58/88 [00:14<00:07,  4.00it/s, loss=0.212]
  epoch 3/3:  66%|██████▌   | 58/88 [00:15<00:07,  4.00it/s, loss=0.212]
  epoch 3/3:  67%|██████▋   | 59/88 [00:15<00:07,  3.98it/s, loss=0.212]
  epoch 3/3:  67%|██████▋   | 59/88 [00:15<00:07,  3.98it/s, loss=0.213]
  epoch 3/3:  68%|██████▊   | 60/88 [00:15<00:07,  3.99it/s, loss=0.213]
  epoch 3/3:  68%|██████▊   | 60/88 [00:15<00:07,  3.99it/s, loss=0.211]
  epoch 3/3:  69%|██████▉   | 61/88 [00:15<00:06,  4.01it/s, loss=0.211]
  epoch 3/3:  69%|██████▉   | 61/88 [00:15<00:06,  4.01it/s, loss=0.210]
  epoch 3/3:  70%|███████   | 62/88 [00:15<00:06,  4.03it/s, loss=0.210]
  epoch 3/3:  70%|███████   | 62/88 [00:15<00:06,  4.03it/s, loss=0.209]
  epoch 3/3:  72%|███████▏  | 63/88 [00:15<00:06,  4.01it/s, loss=0.209]
  epoch 3/3:  72%|███████▏  | 63/88 [00:16<00:06,  4.01it/s, loss=0.208]
  epoch 3/3:  73%|███████▎  | 64/88 [00:16<00:05,  4.02it/s, loss=0.208]
  epoch 3/3:  73%|███████▎  | 64/88 [00:16<00:05,  4.02it/s, loss=0.208]
  epoch 3/3:  74%|███████▍  | 65/88 [00:16<00:05,  4.03it/s, loss=0.208]
  epoch 3/3:  74%|███████▍  | 65/88 [00:16<00:05,  4.03it/s, loss=0.207]
  epoch 3/3:  75%|███████▌  | 66/88 [00:16<00:05,  4.02it/s, loss=0.207]
  epoch 3/3:  75%|███████▌  | 66/88 [00:16<00:05,  4.02it/s, loss=0.207]
  epoch 3/3:  76%|███████▌  | 67/88 [00:16<00:05,  4.02it/s, loss=0.207]
  epoch 3/3:  76%|███████▌  | 67/88 [00:17<00:05,  4.02it/s, loss=0.206]
  epoch 3/3:  77%|███████▋  | 68/88 [00:17<00:04,  4.02it/s, loss=0.206]
  epoch 3/3:  77%|███████▋  | 68/88 [00:17<00:04,  4.02it/s, loss=0.206]
  epoch 3/3:  78%|███████▊  | 69/88 [00:17<00:04,  4.03it/s, loss=0.206]
  epoch 3/3:  78%|███████▊  | 69/88 [00:17<00:04,  4.03it/s, loss=0.204]
  epoch 3/3:  80%|███████▉  | 70/88 [00:17<00:04,  4.03it/s, loss=0.204]
  epoch 3/3:  80%|███████▉  | 70/88 [00:17<00:04,  4.03it/s, loss=0.202]
  epoch 3/3:  81%|████████  | 71/88 [00:17<00:04,  4.03it/s, loss=0.202]
  epoch 3/3:  81%|████████  | 71/88 [00:18<00:04,  4.03it/s, loss=0.201]
  epoch 3/3:  82%|████████▏ | 72/88 [00:18<00:04,  3.97it/s, loss=0.201]
  epoch 3/3:  82%|████████▏ | 72/88 [00:18<00:04,  3.97it/s, loss=0.199]
  epoch 3/3:  83%|████████▎ | 73/88 [00:18<00:03,  3.98it/s, loss=0.199]
  epoch 3/3:  83%|████████▎ | 73/88 [00:18<00:03,  3.98it/s, loss=0.200]
  epoch 3/3:  84%|████████▍ | 74/88 [00:18<00:03,  4.00it/s, loss=0.200]
  epoch 3/3:  84%|████████▍ | 74/88 [00:18<00:03,  4.00it/s, loss=0.199]
  epoch 3/3:  85%|████████▌ | 75/88 [00:18<00:03,  4.02it/s, loss=0.199]
  epoch 3/3:  85%|████████▌ | 75/88 [00:19<00:03,  4.02it/s, loss=0.198]
  epoch 3/3:  86%|████████▋ | 76/88 [00:19<00:02,  4.00it/s, loss=0.198]
  epoch 3/3:  86%|████████▋ | 76/88 [00:19<00:02,  4.00it/s, loss=0.197]
  epoch 3/3:  88%|████████▊ | 77/88 [00:19<00:02,  3.99it/s, loss=0.197]
  epoch 3/3:  88%|████████▊ | 77/88 [00:19<00:02,  3.99it/s, loss=0.196]
  epoch 3/3:  89%|████████▊ | 78/88 [00:19<00:02,  3.98it/s, loss=0.196]
  epoch 3/3:  89%|████████▊ | 78/88 [00:19<00:02,  3.98it/s, loss=0.196]
  epoch 3/3:  90%|████████▉ | 79/88 [00:19<00:02,  3.99it/s, loss=0.196]
  epoch 3/3:  90%|████████▉ | 79/88 [00:20<00:02,  3.99it/s, loss=0.196]
  epoch 3/3:  91%|█████████ | 80/88 [00:20<00:01,  4.01it/s, loss=0.196]
  epoch 3/3:  91%|█████████ | 80/88 [00:20<00:01,  4.01it/s, loss=0.194]
  epoch 3/3:  92%|█████████▏| 81/88 [00:20<00:01,  4.02it/s, loss=0.194]
  epoch 3/3:  92%|█████████▏| 81/88 [00:20<00:01,  4.02it/s, loss=0.195]
  epoch 3/3:  93%|█████████▎| 82/88 [00:20<00:01,  3.99it/s, loss=0.195]
  epoch 3/3:  93%|█████████▎| 82/88 [00:20<00:01,  3.99it/s, loss=0.194]
  epoch 3/3:  94%|█████████▍| 83/88 [00:20<00:01,  3.99it/s, loss=0.194]
  epoch 3/3:  94%|█████████▍| 83/88 [00:21<00:01,  3.99it/s, loss=0.193]
  epoch 3/3:  95%|█████████▌| 84/88 [00:21<00:01,  4.00it/s, loss=0.193]
  epoch 3/3:  95%|█████████▌| 84/88 [00:21<00:01,  4.00it/s, loss=0.191]
  epoch 3/3:  97%|█████████▋| 85/88 [00:21<00:00,  4.02it/s, loss=0.191]
  epoch 3/3:  97%|█████████▋| 85/88 [00:21<00:00,  4.02it/s, loss=0.191]
  epoch 3/3:  98%|█████████▊| 86/88 [00:21<00:00,  4.01it/s, loss=0.191]
  epoch 3/3:  98%|█████████▊| 86/88 [00:21<00:00,  4.01it/s, loss=0.191]
  epoch 3/3:  99%|█████████▉| 87/88 [00:21<00:00,  4.02it/s, loss=0.191]
  epoch 3/3:  99%|█████████▉| 87/88 [00:22<00:00,  4.02it/s, loss=0.190]
  epoch 3/3: 100%|██████████| 88/88 [00:22<00:00,  4.27it/s, loss=0.190]
                                                                        
[titans] reset=never | norm(state) sau task = 82.5437
[titans]   self-mod v:β=1.40 |W|=3.11
[titans]   eta_t(avg)=25.1949  alpha_t/forget-gate(avg)=1.0000
[task 7] test acc so far: 0.823  0.794  0.800  0.846  0.726  0.440  0.260  0.194
[task 7] NCM-blend gamma=0: 0.717  0.663  0.677  0.743  0.709  0.697  0.700  0.771
[task 7] NCM-blend gamma=0.25: 0.720  0.657  0.683  0.766  0.723  0.706  0.726  0.786
[checkpoint] đã lưu tiến độ sau task 7
[task 8] classes=[8, 15, 23, 34, 37] | train=2800

  epoch 1/3:   0%|          | 0/88 [00:00<?, ?it/s]
  epoch 1/3:   0%|          | 0/88 [00:00<?, ?it/s, loss=1.737]
  epoch 1/3:   1%|          | 1/88 [00:00<00:53,  1.62it/s, loss=1.737]
  epoch 1/3:   1%|          | 1/88 [00:00<00:53,  1.62it/s, loss=1.710]
  epoch 1/3:   2%|▏         | 2/88 [00:00<00:34,  2.50it/s, loss=1.710]
  epoch 1/3:   2%|▏         | 2/88 [00:01<00:34,  2.50it/s, loss=1.707]
  epoch 1/3:   3%|▎         | 3/88 [00:01<00:28,  3.03it/s, loss=1.707]
  epoch 1/3:   3%|▎         | 3/88 [00:01<00:28,  3.03it/s, loss=1.683]
  epoch 1/3:   5%|▍         | 4/88 [00:01<00:24,  3.37it/s, loss=1.683]
  epoch 1/3:   5%|▍         | 4/88 [00:01<00:24,  3.37it/s, loss=1.689]
  epoch 1/3:   6%|▌         | 5/88 [00:01<00:23,  3.60it/s, loss=1.689]
  epoch 1/3:   6%|▌         | 5/88 [00:01<00:23,  3.60it/s, loss=1.675]
  epoch 1/3:   7%|▋         | 6/88 [00:01<00:21,  3.74it/s, loss=1.675]
  epoch 1/3:   7%|▋         | 6/88 [00:02<00:21,  3.74it/s, loss=1.693]
  epoch 1/3:   8%|▊         | 7/88 [00:02<00:21,  3.85it/s, loss=1.693]
  epoch 1/3:   8%|▊         | 7/88 [00:02<00:21,  3.85it/s, loss=1.670]
  epoch 1/3:   9%|▉         | 8/88 [00:02<00:20,  3.90it/s, loss=1.670]
  epoch 1/3:   9%|▉         | 8/88 [00:02<00:20,  3.90it/s, loss=1.677]
  epoch 1/3:  10%|█         | 9/88 [00:02<00:20,  3.94it/s, loss=1.677]
  epoch 1/3:  10%|█         | 9/88 [00:02<00:20,  3.94it/s, loss=1.663]
  epoch 1/3:  11%|█▏        | 10/88 [00:02<00:19,  3.98it/s, loss=1.663]
  epoch 1/3:  11%|█▏        | 10/88 [00:03<00:19,  3.98it/s, loss=1.661]
  epoch 1/3:  12%|█▎        | 11/88 [00:03<00:19,  4.02it/s, loss=1.661]
  epoch 1/3:  12%|█▎        | 11/88 [00:03<00:19,  4.02it/s, loss=1.652]
  epoch 1/3:  14%|█▎        | 12/88 [00:03<00:18,  4.04it/s, loss=1.652]
  epoch 1/3:  14%|█▎        | 12/88 [00:03<00:18,  4.04it/s, loss=1.635]
  epoch 1/3:  15%|█▍        | 13/88 [00:03<00:18,  4.06it/s, loss=1.635]
  epoch 1/3:  15%|█▍        | 13/88 [00:03<00:18,  4.06it/s, loss=1.628]
  epoch 1/3:  16%|█▌        | 14/88 [00:03<00:18,  4.05it/s, loss=1.628]
  epoch 1/3:  16%|█▌        | 14/88 [00:04<00:18,  4.05it/s, loss=1.622]
  epoch 1/3:  17%|█▋        | 15/88 [00:04<00:18,  4.04it/s, loss=1.622]
  epoch 1/3:  17%|█▋        | 15/88 [00:04<00:18,  4.04it/s, loss=1.617]
  epoch 1/3:  18%|█▊        | 16/88 [00:04<00:18,  3.98it/s, loss=1.617]
  epoch 1/3:  18%|█▊        | 16/88 [00:04<00:18,  3.98it/s, loss=1.609]
  epoch 1/3:  19%|█▉        | 17/88 [00:04<00:17,  4.00it/s, loss=1.609]
  epoch 1/3:  19%|█▉        | 17/88 [00:04<00:17,  4.00it/s, loss=1.606]
  epoch 1/3:  20%|██        | 18/88 [00:04<00:17,  4.00it/s, loss=1.606]
  epoch 1/3:  20%|██        | 18/88 [00:05<00:17,  4.00it/s, loss=1.594]
  epoch 1/3:  22%|██▏       | 19/88 [00:05<00:17,  4.02it/s, loss=1.594]
  epoch 1/3:  22%|██▏       | 19/88 [00:05<00:17,  4.02it/s, loss=1.587]
  epoch 1/3:  23%|██▎       | 20/88 [00:05<00:16,  4.00it/s, loss=1.587]
  epoch 1/3:  23%|██▎       | 20/88 [00:05<00:16,  4.00it/s, loss=1.574]
  epoch 1/3:  24%|██▍       | 21/88 [00:05<00:16,  4.01it/s, loss=1.574]
  epoch 1/3:  24%|██▍       | 21/88 [00:05<00:16,  4.01it/s, loss=1.570]
  epoch 1/3:  25%|██▌       | 22/88 [00:05<00:16,  4.02it/s, loss=1.570]
  epoch 1/3:  25%|██▌       | 22/88 [00:06<00:16,  4.02it/s, loss=1.562]
  epoch 1/3:  26%|██▌       | 23/88 [00:06<00:16,  4.04it/s, loss=1.562]
  epoch 1/3:  26%|██▌       | 23/88 [00:06<00:16,  4.04it/s, loss=1.552]
  epoch 1/3:  27%|██▋       | 24/88 [00:06<00:15,  4.06it/s, loss=1.552]
  epoch 1/3:  27%|██▋       | 24/88 [00:06<00:15,  4.06it/s, loss=1.542]
  epoch 1/3:  28%|██▊       | 25/88 [00:06<00:15,  4.07it/s, loss=1.542]
  epoch 1/3:  28%|██▊       | 25/88 [00:06<00:15,  4.07it/s, loss=1.532]
  epoch 1/3:  30%|██▉       | 26/88 [00:06<00:15,  4.07it/s, loss=1.532]
  epoch 1/3:  30%|██▉       | 26/88 [00:07<00:15,  4.07it/s, loss=1.520]
  epoch 1/3:  31%|███       | 27/88 [00:07<00:15,  4.05it/s, loss=1.520]
  epoch 1/3:  31%|███       | 27/88 [00:07<00:15,  4.05it/s, loss=1.512]
  epoch 1/3:  32%|███▏      | 28/88 [00:07<00:14,  4.05it/s, loss=1.512]
  epoch 1/3:  32%|███▏      | 28/88 [00:07<00:14,  4.05it/s, loss=1.499]
  epoch 1/3:  33%|███▎      | 29/88 [00:07<00:14,  4.05it/s, loss=1.499]
  epoch 1/3:  33%|███▎      | 29/88 [00:07<00:14,  4.05it/s, loss=1.483]
  epoch 1/3:  34%|███▍      | 30/88 [00:07<00:14,  4.04it/s, loss=1.483]
  epoch 1/3:  34%|███▍      | 30/88 [00:08<00:14,  4.04it/s, loss=1.473]
  epoch 1/3:  35%|███▌      | 31/88 [00:08<00:14,  4.03it/s, loss=1.473]
  epoch 1/3:  35%|███▌      | 31/88 [00:08<00:14,  4.03it/s, loss=1.467]
  epoch 1/3:  36%|███▋      | 32/88 [00:08<00:14,  3.98it/s, loss=1.467]
  epoch 1/3:  36%|███▋      | 32/88 [00:08<00:14,  3.98it/s, loss=1.458]
  epoch 1/3:  38%|███▊      | 33/88 [00:08<00:13,  3.99it/s, loss=1.458]
  epoch 1/3:  38%|███▊      | 33/88 [00:08<00:13,  3.99it/s, loss=1.445]
  epoch 1/3:  39%|███▊      | 34/88 [00:08<00:13,  4.00it/s, loss=1.445]
  epoch 1/3:  39%|███▊      | 34/88 [00:09<00:13,  4.00it/s, loss=1.437]
  epoch 1/3:  40%|███▉      | 35/88 [00:09<00:13,  4.02it/s, loss=1.437]
  epoch 1/3:  40%|███▉      | 35/88 [00:09<00:13,  4.02it/s, loss=1.427]
  epoch 1/3:  41%|████      | 36/88 [00:09<00:12,  4.01it/s, loss=1.427]
  epoch 1/3:  41%|████      | 36/88 [00:09<00:12,  4.01it/s, loss=1.420]
  epoch 1/3:  42%|████▏     | 37/88 [00:09<00:12,  4.01it/s, loss=1.420]
  epoch 1/3:  42%|████▏     | 37/88 [00:09<00:12,  4.01it/s, loss=1.414]
  epoch 1/3:  43%|████▎     | 38/88 [00:09<00:12,  4.02it/s, loss=1.414]
  epoch 1/3:  43%|████▎     | 38/88 [00:10<00:12,  4.02it/s, loss=1.404]
  epoch 1/3:  44%|████▍     | 39/88 [00:10<00:12,  4.03it/s, loss=1.404]
  epoch 1/3:  44%|████▍     | 39/88 [00:10<00:12,  4.03it/s, loss=1.395]
  epoch 1/3:  45%|████▌     | 40/88 [00:10<00:11,  4.03it/s, loss=1.395]
  epoch 1/3:  45%|████▌     | 40/88 [00:10<00:11,  4.03it/s, loss=1.387]
  epoch 1/3:  47%|████▋     | 41/88 [00:10<00:11,  4.02it/s, loss=1.387]
  epoch 1/3:  47%|████▋     | 41/88 [00:10<00:11,  4.02it/s, loss=1.376]
  epoch 1/3:  48%|████▊     | 42/88 [00:10<00:11,  4.02it/s, loss=1.376]
  epoch 1/3:  48%|████▊     | 42/88 [00:11<00:11,  4.02it/s, loss=1.368]
  epoch 1/3:  49%|████▉     | 43/88 [00:11<00:11,  4.02it/s, loss=1.368]
  epoch 1/3:  49%|████▉     | 43/88 [00:11<00:11,  4.02it/s, loss=1.361]
  epoch 1/3:  50%|█████     | 44/88 [00:11<00:10,  4.00it/s, loss=1.361]
  epoch 1/3:  50%|█████     | 44/88 [00:11<00:10,  4.00it/s, loss=1.351]
  epoch 1/3:  51%|█████     | 45/88 [00:11<00:10,  4.01it/s, loss=1.351]
  epoch 1/3:  51%|█████     | 45/88 [00:11<00:10,  4.01it/s, loss=1.344]
  epoch 1/3:  52%|█████▏    | 46/88 [00:11<00:10,  4.03it/s, loss=1.344]
  epoch 1/3:  52%|█████▏    | 46/88 [00:12<00:10,  4.03it/s, loss=1.336]
  epoch 1/3:  53%|█████▎    | 47/88 [00:12<00:10,  4.01it/s, loss=1.336]
  epoch 1/3:  53%|█████▎    | 47/88 [00:12<00:10,  4.01it/s, loss=1.326]
  epoch 1/3:  55%|█████▍    | 48/88 [00:12<00:10,  3.95it/s, loss=1.326]
  epoch 1/3:  55%|█████▍    | 48/88 [00:12<00:10,  3.95it/s, loss=1.318]
  epoch 1/3:  56%|█████▌    | 49/88 [00:12<00:09,  3.97it/s, loss=1.318]
  epoch 1/3:  56%|█████▌    | 49/88 [00:12<00:09,  3.97it/s, loss=1.310]
  epoch 1/3:  57%|█████▋    | 50/88 [00:12<00:09,  3.99it/s, loss=1.310]
  epoch 1/3:  57%|█████▋    | 50/88 [00:13<00:09,  3.99it/s, loss=1.301]
  epoch 1/3:  58%|█████▊    | 51/88 [00:13<00:09,  4.01it/s, loss=1.301]
  epoch 1/3:  58%|█████▊    | 51/88 [00:13<00:09,  4.01it/s, loss=1.292]
  epoch 1/3:  59%|█████▉    | 52/88 [00:13<00:08,  4.04it/s, loss=1.292]
  epoch 1/3:  59%|█████▉    | 52/88 [00:13<00:08,  4.04it/s, loss=1.285]
  epoch 1/3:  60%|██████    | 53/88 [00:13<00:08,  4.03it/s, loss=1.285]
  epoch 1/3:  60%|██████    | 53/88 [00:13<00:08,  4.03it/s, loss=1.278]
  epoch 1/3:  61%|██████▏   | 54/88 [00:13<00:08,  4.02it/s, loss=1.278]
  epoch 1/3:  61%|██████▏   | 54/88 [00:14<00:08,  4.02it/s, loss=1.269]
  epoch 1/3:  62%|██████▎   | 55/88 [00:14<00:08,  4.01it/s, loss=1.269]
  epoch 1/3:  62%|██████▎   | 55/88 [00:14<00:08,  4.01it/s, loss=1.259]
  epoch 1/3:  64%|██████▎   | 56/88 [00:14<00:07,  4.02it/s, loss=1.259]
  epoch 1/3:  64%|██████▎   | 56/88 [00:14<00:07,  4.02it/s, loss=1.249]
  epoch 1/3:  65%|██████▍   | 57/88 [00:14<00:07,  4.02it/s, loss=1.249]
  epoch 1/3:  65%|██████▍   | 57/88 [00:14<00:07,  4.02it/s, loss=1.242]
  epoch 1/3:  66%|██████▌   | 58/88 [00:14<00:07,  4.01it/s, loss=1.242]
  epoch 1/3:  66%|██████▌   | 58/88 [00:15<00:07,  4.01it/s, loss=1.235]
  epoch 1/3:  67%|██████▋   | 59/88 [00:15<00:07,  4.02it/s, loss=1.235]
  epoch 1/3:  67%|██████▋   | 59/88 [00:15<00:07,  4.02it/s, loss=1.228]
  epoch 1/3:  68%|██████▊   | 60/88 [00:15<00:06,  4.02it/s, loss=1.228]
  epoch 1/3:  68%|██████▊   | 60/88 [00:15<00:06,  4.02it/s, loss=1.220]
  epoch 1/3:  69%|██████▉   | 61/88 [00:15<00:06,  4.02it/s, loss=1.220]
  epoch 1/3:  69%|██████▉   | 61/88 [00:15<00:06,  4.02it/s, loss=1.213]
  epoch 1/3:  70%|███████   | 62/88 [00:15<00:06,  4.02it/s, loss=1.213]
  epoch 1/3:  70%|███████   | 62/88 [00:16<00:06,  4.02it/s, loss=1.204]
  epoch 1/3:  72%|███████▏  | 63/88 [00:16<00:06,  4.02it/s, loss=1.204]
  epoch 1/3:  72%|███████▏  | 63/88 [00:16<00:06,  4.02it/s, loss=1.195]
  epoch 1/3:  73%|███████▎  | 64/88 [00:16<00:06,  3.98it/s, loss=1.195]
  epoch 1/3:  73%|███████▎  | 64/88 [00:16<00:06,  3.98it/s, loss=1.188]
  epoch 1/3:  74%|███████▍  | 65/88 [00:16<00:05,  4.00it/s, loss=1.188]
  epoch 1/3:  74%|███████▍  | 65/88 [00:16<00:05,  4.00it/s, loss=1.181]
  epoch 1/3:  75%|███████▌  | 66/88 [00:16<00:05,  4.01it/s, loss=1.181]
  epoch 1/3:  75%|███████▌  | 66/88 [00:17<00:05,  4.01it/s, loss=1.172]
  epoch 1/3:  76%|███████▌  | 67/88 [00:17<00:05,  4.03it/s, loss=1.172]
  epoch 1/3:  76%|███████▌  | 67/88 [00:17<00:05,  4.03it/s, loss=1.165]
  epoch 1/3:  77%|███████▋  | 68/88 [00:17<00:04,  4.02it/s, loss=1.165]
  epoch 1/3:  77%|███████▋  | 68/88 [00:17<00:04,  4.02it/s, loss=1.159]
  epoch 1/3:  78%|███████▊  | 69/88 [00:17<00:04,  4.01it/s, loss=1.159]
  epoch 1/3:  78%|███████▊  | 69/88 [00:17<00:04,  4.01it/s, loss=1.152]
  epoch 1/3:  80%|███████▉  | 70/88 [00:17<00:04,  4.03it/s, loss=1.152]
  epoch 1/3:  80%|███████▉  | 70/88 [00:18<00:04,  4.03it/s, loss=1.144]
  epoch 1/3:  81%|████████  | 71/88 [00:18<00:04,  4.04it/s, loss=1.144]
  epoch 1/3:  81%|████████  | 71/88 [00:18<00:04,  4.04it/s, loss=1.137]
  epoch 1/3:  82%|████████▏ | 72/88 [00:18<00:03,  4.06it/s, loss=1.137]
  epoch 1/3:  82%|████████▏ | 72/88 [00:18<00:03,  4.06it/s, loss=1.129]
  epoch 1/3:  83%|████████▎ | 73/88 [00:18<00:03,  4.07it/s, loss=1.129]
  epoch 1/3:  83%|████████▎ | 73/88 [00:18<00:03,  4.07it/s, loss=1.121]
  epoch 1/3:  84%|████████▍ | 74/88 [00:18<00:03,  4.08it/s, loss=1.121]
  epoch 1/3:  84%|████████▍ | 74/88 [00:18<00:03,  4.08it/s, loss=1.114]
  epoch 1/3:  85%|████████▌ | 75/88 [00:18<00:03,  4.02it/s, loss=1.114]
  epoch 1/3:  85%|████████▌ | 75/88 [00:19<00:03,  4.02it/s, loss=1.107]
  epoch 1/3:  86%|████████▋ | 76/88 [00:19<00:02,  4.02it/s, loss=1.107]
  epoch 1/3:  86%|████████▋ | 76/88 [00:19<00:02,  4.02it/s, loss=1.099]
  epoch 1/3:  88%|████████▊ | 77/88 [00:19<00:02,  4.03it/s, loss=1.099]
  epoch 1/3:  88%|████████▊ | 77/88 [00:19<00:02,  4.03it/s, loss=1.092]
  epoch 1/3:  89%|████████▊ | 78/88 [00:19<00:02,  4.05it/s, loss=1.092]
  epoch 1/3:  89%|████████▊ | 78/88 [00:19<00:02,  4.05it/s, loss=1.084]
  epoch 1/3:  90%|████████▉ | 79/88 [00:19<00:02,  4.05it/s, loss=1.084]
  epoch 1/3:  90%|████████▉ | 79/88 [00:20<00:02,  4.05it/s, loss=1.077]
  epoch 1/3:  91%|█████████ | 80/88 [00:20<00:02,  3.97it/s, loss=1.077]
  epoch 1/3:  91%|█████████ | 80/88 [00:20<00:02,  3.97it/s, loss=1.069]
  epoch 1/3:  92%|█████████▏| 81/88 [00:20<00:01,  3.99it/s, loss=1.069]
  epoch 1/3:  92%|█████████▏| 81/88 [00:20<00:01,  3.99it/s, loss=1.062]
  epoch 1/3:  93%|█████████▎| 82/88 [00:20<00:01,  4.00it/s, loss=1.062]
  epoch 1/3:  93%|█████████▎| 82/88 [00:20<00:01,  4.00it/s, loss=1.055]
  epoch 1/3:  94%|█████████▍| 83/88 [00:20<00:01,  4.01it/s, loss=1.055]
  epoch 1/3:  94%|█████████▍| 83/88 [00:21<00:01,  4.01it/s, loss=1.048]
  epoch 1/3:  95%|█████████▌| 84/88 [00:21<00:00,  4.00it/s, loss=1.048]
  epoch 1/3:  95%|█████████▌| 84/88 [00:21<00:00,  4.00it/s, loss=1.041]
  epoch 1/3:  97%|█████████▋| 85/88 [00:21<00:00,  4.01it/s, loss=1.041]
  epoch 1/3:  97%|█████████▋| 85/88 [00:21<00:00,  4.01it/s, loss=1.034]
  epoch 1/3:  98%|█████████▊| 86/88 [00:21<00:00,  4.01it/s, loss=1.034]
  epoch 1/3:  98%|█████████▊| 86/88 [00:21<00:00,  4.01it/s, loss=1.028]
  epoch 1/3:  99%|█████████▉| 87/88 [00:21<00:00,  4.03it/s, loss=1.028]
  epoch 1/3:  99%|█████████▉| 87/88 [00:22<00:00,  4.03it/s, loss=1.025]
  epoch 1/3: 100%|██████████| 88/88 [00:22<00:00,  4.35it/s, loss=1.025]
                                                                        

  epoch 2/3:   0%|          | 0/88 [00:00<?, ?it/s]
  epoch 2/3:   0%|          | 0/88 [00:00<?, ?it/s, loss=0.464]
  epoch 2/3:   1%|          | 1/88 [00:00<00:47,  1.84it/s, loss=0.464]
  epoch 2/3:   1%|          | 1/88 [00:00<00:47,  1.84it/s, loss=0.423]
  epoch 2/3:   2%|▏         | 2/88 [00:00<00:31,  2.71it/s, loss=0.423]
  epoch 2/3:   2%|▏         | 2/88 [00:01<00:31,  2.71it/s, loss=0.416]
  epoch 2/3:   3%|▎         | 3/88 [00:01<00:26,  3.19it/s, loss=0.416]
  epoch 2/3:   3%|▎         | 3/88 [00:01<00:26,  3.19it/s, loss=0.425]
  epoch 2/3:   5%|▍         | 4/88 [00:01<00:24,  3.49it/s, loss=0.425]
  epoch 2/3:   5%|▍         | 4/88 [00:01<00:24,  3.49it/s, loss=0.431]
  epoch 2/3:   6%|▌         | 5/88 [00:01<00:22,  3.63it/s, loss=0.431]
  epoch 2/3:   6%|▌         | 5/88 [00:01<00:22,  3.63it/s, loss=0.426]
  epoch 2/3:   7%|▋         | 6/88 [00:01<00:21,  3.75it/s, loss=0.426]
  epoch 2/3:   7%|▋         | 6/88 [00:02<00:21,  3.75it/s, loss=0.421]
  epoch 2/3:   8%|▊         | 7/88 [00:02<00:21,  3.85it/s, loss=0.421]
  epoch 2/3:   8%|▊         | 7/88 [00:02<00:21,  3.85it/s, loss=0.419]
  epoch 2/3:   9%|▉         | 8/88 [00:02<00:20,  3.84it/s, loss=0.419]
  epoch 2/3:   9%|▉         | 8/88 [00:02<00:20,  3.84it/s, loss=0.417]
  epoch 2/3:  10%|█         | 9/88 [00:02<00:20,  3.90it/s, loss=0.417]
  epoch 2/3:  10%|█         | 9/88 [00:02<00:20,  3.90it/s, loss=0.415]
  epoch 2/3:  11%|█▏        | 10/88 [00:02<00:19,  3.93it/s, loss=0.415]
  epoch 2/3:  11%|█▏        | 10/88 [00:03<00:19,  3.93it/s, loss=0.404]
  epoch 2/3:  12%|█▎        | 11/88 [00:03<00:19,  3.96it/s, loss=0.404]
  epoch 2/3:  12%|█▎        | 11/88 [00:03<00:19,  3.96it/s, loss=0.398]
  epoch 2/3:  14%|█▎        | 12/88 [00:03<00:19,  3.98it/s, loss=0.398]
  epoch 2/3:  14%|█▎        | 12/88 [00:03<00:19,  3.98it/s, loss=0.396]
  epoch 2/3:  15%|█▍        | 13/88 [00:03<00:18,  3.98it/s, loss=0.396]
  epoch 2/3:  15%|█▍        | 13/88 [00:03<00:18,  3.98it/s, loss=0.395]
  epoch 2/3:  16%|█▌        | 14/88 [00:03<00:18,  4.00it/s, loss=0.395]
  epoch 2/3:  16%|█▌        | 14/88 [00:04<00:18,  4.00it/s, loss=0.392]
  epoch 2/3:  17%|█▋        | 15/88 [00:04<00:18,  4.00it/s, loss=0.392]
  epoch 2/3:  17%|█▋        | 15/88 [00:04<00:18,  4.00it/s, loss=0.393]
  epoch 2/3:  18%|█▊        | 16/88 [00:04<00:17,  4.01it/s, loss=0.393]
  epoch 2/3:  18%|█▊        | 16/88 [00:04<00:17,  4.01it/s, loss=0.389]
  epoch 2/3:  19%|█▉        | 17/88 [00:04<00:17,  4.03it/s, loss=0.389]
  epoch 2/3:  19%|█▉        | 17/88 [00:04<00:17,  4.03it/s, loss=0.384]
  epoch 2/3:  20%|██        | 18/88 [00:04<00:17,  4.02it/s, loss=0.384]
  epoch 2/3:  20%|██        | 18/88 [00:05<00:17,  4.02it/s, loss=0.385]
  epoch 2/3:  22%|██▏       | 19/88 [00:05<00:17,  4.01it/s, loss=0.385]
  epoch 2/3:  22%|██▏       | 19/88 [00:05<00:17,  4.01it/s, loss=0.381]
  epoch 2/3:  23%|██▎       | 20/88 [00:05<00:16,  4.03it/s, loss=0.381]
  epoch 2/3:  23%|██▎       | 20/88 [00:05<00:16,  4.03it/s, loss=0.377]
  epoch 2/3:  24%|██▍       | 21/88 [00:05<00:16,  4.03it/s, loss=0.377]
  epoch 2/3:  24%|██▍       | 21/88 [00:05<00:16,  4.03it/s, loss=0.374]
  epoch 2/3:  25%|██▌       | 22/88 [00:05<00:16,  4.05it/s, loss=0.374]
  epoch 2/3:  25%|██▌       | 22/88 [00:06<00:16,  4.05it/s, loss=0.371]
  epoch 2/3:  26%|██▌       | 23/88 [00:06<00:16,  4.03it/s, loss=0.371]
  epoch 2/3:  26%|██▌       | 23/88 [00:06<00:16,  4.03it/s, loss=0.370]
  epoch 2/3:  27%|██▋       | 24/88 [00:06<00:16,  3.97it/s, loss=0.370]
  epoch 2/3:  27%|██▋       | 24/88 [00:06<00:16,  3.97it/s, loss=0.367]
  epoch 2/3:  28%|██▊       | 25/88 [00:06<00:15,  3.99it/s, loss=0.367]
  epoch 2/3:  28%|██▊       | 25/88 [00:06<00:15,  3.99it/s, loss=0.364]
  epoch 2/3:  30%|██▉       | 26/88 [00:06<00:15,  4.00it/s, loss=0.364]
  epoch 2/3:  30%|██▉       | 26/88 [00:07<00:15,  4.00it/s, loss=0.362]
  epoch 2/3:  31%|███       | 27/88 [00:07<00:15,  3.99it/s, loss=0.362]
  epoch 2/3:  31%|███       | 27/88 [00:07<00:15,  3.99it/s, loss=0.365]
  epoch 2/3:  32%|███▏      | 28/88 [00:07<00:15,  3.99it/s, loss=0.365]
  epoch 2/3:  32%|███▏      | 28/88 [00:07<00:15,  3.99it/s, loss=0.366]
  epoch 2/3:  33%|███▎      | 29/88 [00:07<00:14,  4.00it/s, loss=0.366]
  epoch 2/3:  33%|███▎      | 29/88 [00:07<00:14,  4.00it/s, loss=0.362]
  epoch 2/3:  34%|███▍      | 30/88 [00:07<00:14,  4.02it/s, loss=0.362]
  epoch 2/3:  34%|███▍      | 30/88 [00:08<00:14,  4.02it/s, loss=0.359]
  epoch 2/3:  35%|███▌      | 31/88 [00:08<00:14,  4.03it/s, loss=0.359]
  epoch 2/3:  35%|███▌      | 31/88 [00:08<00:14,  4.03it/s, loss=0.355]
  epoch 2/3:  36%|███▋      | 32/88 [00:08<00:13,  4.01it/s, loss=0.355]
  epoch 2/3:  36%|███▋      | 32/88 [00:08<00:13,  4.01it/s, loss=0.351]
  epoch 2/3:  38%|███▊      | 33/88 [00:08<00:13,  4.01it/s, loss=0.351]
  epoch 2/3:  38%|███▊      | 33/88 [00:08<00:13,  4.01it/s, loss=0.350]
  epoch 2/3:  39%|███▊      | 34/88 [00:08<00:13,  4.02it/s, loss=0.350]
  epoch 2/3:  39%|███▊      | 34/88 [00:09<00:13,  4.02it/s, loss=0.347]
  epoch 2/3:  40%|███▉      | 35/88 [00:09<00:13,  4.00it/s, loss=0.347]
  epoch 2/3:  40%|███▉      | 35/88 [00:09<00:13,  4.00it/s, loss=0.345]
  epoch 2/3:  41%|████      | 36/88 [00:09<00:13,  3.99it/s, loss=0.345]
  epoch 2/3:  41%|████      | 36/88 [00:09<00:13,  3.99it/s, loss=0.343]
  epoch 2/3:  42%|████▏     | 37/88 [00:09<00:12,  4.01it/s, loss=0.343]
  epoch 2/3:  42%|████▏     | 37/88 [00:09<00:12,  4.01it/s, loss=0.342]
  epoch 2/3:  43%|████▎     | 38/88 [00:09<00:12,  4.03it/s, loss=0.342]
  epoch 2/3:  43%|████▎     | 38/88 [00:10<00:12,  4.03it/s, loss=0.339]
  epoch 2/3:  44%|████▍     | 39/88 [00:10<00:12,  4.01it/s, loss=0.339]
  epoch 2/3:  44%|████▍     | 39/88 [00:10<00:12,  4.01it/s, loss=0.338]
  epoch 2/3:  45%|████▌     | 40/88 [00:10<00:12,  3.95it/s, loss=0.338]
  epoch 2/3:  45%|████▌     | 40/88 [00:10<00:12,  3.95it/s, loss=0.335]
  epoch 2/3:  47%|████▋     | 41/88 [00:10<00:11,  3.97it/s, loss=0.335]
  epoch 2/3:  47%|████▋     | 41/88 [00:10<00:11,  3.97it/s, loss=0.333]
  epoch 2/3:  48%|████▊     | 42/88 [00:10<00:11,  4.00it/s, loss=0.333]
  epoch 2/3:  48%|████▊     | 42/88 [00:11<00:11,  4.00it/s, loss=0.331]
  epoch 2/3:  49%|████▉     | 43/88 [00:11<00:11,  4.00it/s, loss=0.331]
  epoch 2/3:  49%|████▉     | 43/88 [00:11<00:11,  4.00it/s, loss=0.330]
  epoch 2/3:  50%|█████     | 44/88 [00:11<00:11,  3.99it/s, loss=0.330]
  epoch 2/3:  50%|█████     | 44/88 [00:11<00:11,  3.99it/s, loss=0.327]
  epoch 2/3:  51%|█████     | 45/88 [00:11<00:10,  4.00it/s, loss=0.327]
  epoch 2/3:  51%|█████     | 45/88 [00:11<00:10,  4.00it/s, loss=0.324]
  epoch 2/3:  52%|█████▏    | 46/88 [00:11<00:10,  4.02it/s, loss=0.324]
  epoch 2/3:  52%|█████▏    | 46/88 [00:12<00:10,  4.02it/s, loss=0.323]
  epoch 2/3:  53%|█████▎    | 47/88 [00:12<00:10,  4.04it/s, loss=0.323]
  epoch 2/3:  53%|█████▎    | 47/88 [00:12<00:10,  4.04it/s, loss=0.321]
  epoch 2/3:  55%|█████▍    | 48/88 [00:12<00:09,  4.04it/s, loss=0.321]
  epoch 2/3:  55%|█████▍    | 48/88 [00:12<00:09,  4.04it/s, loss=0.320]
  epoch 2/3:  56%|█████▌    | 49/88 [00:12<00:09,  4.02it/s, loss=0.320]
  epoch 2/3:  56%|█████▌    | 49/88 [00:12<00:09,  4.02it/s, loss=0.317]
  epoch 2/3:  57%|█████▋    | 50/88 [00:12<00:09,  4.03it/s, loss=0.317]
  epoch 2/3:  57%|█████▋    | 50/88 [00:13<00:09,  4.03it/s, loss=0.314]
  epoch 2/3:  58%|█████▊    | 51/88 [00:13<00:09,  4.04it/s, loss=0.314]
  epoch 2/3:  58%|█████▊    | 51/88 [00:13<00:09,  4.04it/s, loss=0.312]
  epoch 2/3:  59%|█████▉    | 52/88 [00:13<00:08,  4.01it/s, loss=0.312]
  epoch 2/3:  59%|█████▉    | 52/88 [00:13<00:08,  4.01it/s, loss=0.310]
  epoch 2/3:  60%|██████    | 53/88 [00:13<00:08,  4.01it/s, loss=0.310]
  epoch 2/3:  60%|██████    | 53/88 [00:13<00:08,  4.01it/s, loss=0.308]
  epoch 2/3:  61%|██████▏   | 54/88 [00:13<00:08,  4.02it/s, loss=0.308]
  epoch 2/3:  61%|██████▏   | 54/88 [00:14<00:08,  4.02it/s, loss=0.305]
  epoch 2/3:  62%|██████▎   | 55/88 [00:14<00:08,  4.00it/s, loss=0.305]
  epoch 2/3:  62%|██████▎   | 55/88 [00:14<00:08,  4.00it/s, loss=0.304]
  epoch 2/3:  64%|██████▎   | 56/88 [00:14<00:08,  3.95it/s, loss=0.304]
  epoch 2/3:  64%|██████▎   | 56/88 [00:14<00:08,  3.95it/s, loss=0.302]
  epoch 2/3:  65%|██████▍   | 57/88 [00:14<00:07,  3.97it/s, loss=0.302]
  epoch 2/3:  65%|██████▍   | 57/88 [00:14<00:07,  3.97it/s, loss=0.300]
  epoch 2/3:  66%|██████▌   | 58/88 [00:14<00:07,  4.00it/s, loss=0.300]
  epoch 2/3:  66%|██████▌   | 58/88 [00:15<00:07,  4.00it/s, loss=0.298]
  epoch 2/3:  67%|██████▋   | 59/88 [00:15<00:07,  3.99it/s, loss=0.298]
  epoch 2/3:  67%|██████▋   | 59/88 [00:15<00:07,  3.99it/s, loss=0.298]
  epoch 2/3:  68%|██████▊   | 60/88 [00:15<00:07,  4.00it/s, loss=0.298]
  epoch 2/3:  68%|██████▊   | 60/88 [00:15<00:07,  4.00it/s, loss=0.296]
  epoch 2/3:  69%|██████▉   | 61/88 [00:15<00:06,  4.00it/s, loss=0.296]
  epoch 2/3:  69%|██████▉   | 61/88 [00:15<00:06,  4.00it/s, loss=0.293]
  epoch 2/3:  70%|███████   | 62/88 [00:15<00:06,  4.01it/s, loss=0.293]
  epoch 2/3:  70%|███████   | 62/88 [00:16<00:06,  4.01it/s, loss=0.292]
  epoch 2/3:  72%|███████▏  | 63/88 [00:16<00:06,  4.01it/s, loss=0.292]
  epoch 2/3:  72%|███████▏  | 63/88 [00:16<00:06,  4.01it/s, loss=0.290]
  epoch 2/3:  73%|███████▎  | 64/88 [00:16<00:05,  4.01it/s, loss=0.290]
  epoch 2/3:  73%|███████▎  | 64/88 [00:16<00:05,  4.01it/s, loss=0.288]
  epoch 2/3:  74%|███████▍  | 65/88 [00:16<00:05,  4.02it/s, loss=0.288]
  epoch 2/3:  74%|███████▍  | 65/88 [00:16<00:05,  4.02it/s, loss=0.286]
  epoch 2/3:  75%|███████▌  | 66/88 [00:16<00:05,  4.02it/s, loss=0.286]
  epoch 2/3:  75%|███████▌  | 66/88 [00:17<00:05,  4.02it/s, loss=0.284]
  epoch 2/3:  76%|███████▌  | 67/88 [00:17<00:05,  4.01it/s, loss=0.284]
  epoch 2/3:  76%|███████▌  | 67/88 [00:17<00:05,  4.01it/s, loss=0.282]
  epoch 2/3:  77%|███████▋  | 68/88 [00:17<00:04,  4.01it/s, loss=0.282]
  epoch 2/3:  77%|███████▋  | 68/88 [00:17<00:04,  4.01it/s, loss=0.281]
  epoch 2/3:  78%|███████▊  | 69/88 [00:17<00:04,  4.03it/s, loss=0.281]
  epoch 2/3:  78%|███████▊  | 69/88 [00:17<00:04,  4.03it/s, loss=0.278]
  epoch 2/3:  80%|███████▉  | 70/88 [00:17<00:04,  4.00it/s, loss=0.278]
  epoch 2/3:  80%|███████▉  | 70/88 [00:18<00:04,  4.00it/s, loss=0.276]
  epoch 2/3:  81%|████████  | 71/88 [00:18<00:04,  4.00it/s, loss=0.276]
  epoch 2/3:  81%|████████  | 71/88 [00:18<00:04,  4.00it/s, loss=0.277]
  epoch 2/3:  82%|████████▏ | 72/88 [00:18<00:04,  3.94it/s, loss=0.277]
  epoch 2/3:  82%|████████▏ | 72/88 [00:18<00:04,  3.94it/s, loss=0.276]
  epoch 2/3:  83%|████████▎ | 73/88 [00:18<00:03,  3.98it/s, loss=0.276]
  epoch 2/3:  83%|████████▎ | 73/88 [00:18<00:03,  3.98it/s, loss=0.274]
  epoch 2/3:  84%|████████▍ | 74/88 [00:18<00:03,  3.99it/s, loss=0.274]
  epoch 2/3:  84%|████████▍ | 74/88 [00:19<00:03,  3.99it/s, loss=0.272]
  epoch 2/3:  85%|████████▌ | 75/88 [00:19<00:03,  3.99it/s, loss=0.272]
  epoch 2/3:  85%|████████▌ | 75/88 [00:19<00:03,  3.99it/s, loss=0.272]
  epoch 2/3:  86%|████████▋ | 76/88 [00:19<00:02,  4.00it/s, loss=0.272]
  epoch 2/3:  86%|████████▋ | 76/88 [00:19<00:02,  4.00it/s, loss=0.270]
  epoch 2/3:  88%|████████▊ | 77/88 [00:19<00:02,  4.01it/s, loss=0.270]
  epoch 2/3:  88%|████████▊ | 77/88 [00:19<00:02,  4.01it/s, loss=0.269]
  epoch 2/3:  89%|████████▊ | 78/88 [00:19<00:02,  4.00it/s, loss=0.269]
  epoch 2/3:  89%|████████▊ | 78/88 [00:20<00:02,  4.00it/s, loss=0.267]
  epoch 2/3:  90%|████████▉ | 79/88 [00:20<00:02,  4.00it/s, loss=0.267]
  epoch 2/3:  90%|████████▉ | 79/88 [00:20<00:02,  4.00it/s, loss=0.266]
  epoch 2/3:  91%|█████████ | 80/88 [00:20<00:01,  4.02it/s, loss=0.266]
  epoch 2/3:  91%|█████████ | 80/88 [00:20<00:01,  4.02it/s, loss=0.266]
  epoch 2/3:  92%|█████████▏| 81/88 [00:20<00:01,  4.02it/s, loss=0.266]
  epoch 2/3:  92%|█████████▏| 81/88 [00:20<00:01,  4.02it/s, loss=0.265]
  epoch 2/3:  93%|█████████▎| 82/88 [00:20<00:01,  4.01it/s, loss=0.265]
  epoch 2/3:  93%|█████████▎| 82/88 [00:21<00:01,  4.01it/s, loss=0.264]
  epoch 2/3:  94%|█████████▍| 83/88 [00:21<00:01,  4.03it/s, loss=0.264]
  epoch 2/3:  94%|█████████▍| 83/88 [00:21<00:01,  4.03it/s, loss=0.263]
  epoch 2/3:  95%|█████████▌| 84/88 [00:21<00:00,  4.03it/s, loss=0.263]
  epoch 2/3:  95%|█████████▌| 84/88 [00:21<00:00,  4.03it/s, loss=0.261]
  epoch 2/3:  97%|█████████▋| 85/88 [00:21<00:00,  4.02it/s, loss=0.261]
  epoch 2/3:  97%|█████████▋| 85/88 [00:21<00:00,  4.02it/s, loss=0.259]
  epoch 2/3:  98%|█████████▊| 86/88 [00:21<00:00,  4.03it/s, loss=0.259]
  epoch 2/3:  98%|█████████▊| 86/88 [00:22<00:00,  4.03it/s, loss=0.258]
  epoch 2/3:  99%|█████████▉| 87/88 [00:22<00:00,  4.03it/s, loss=0.258]
  epoch 2/3:  99%|█████████▉| 87/88 [00:22<00:00,  4.03it/s, loss=0.257]
  epoch 2/3: 100%|██████████| 88/88 [00:22<00:00,  4.30it/s, loss=0.257]
                                                                        

  epoch 3/3:   0%|          | 0/88 [00:00<?, ?it/s]
  epoch 3/3:   0%|          | 0/88 [00:00<?, ?it/s, loss=0.077]
  epoch 3/3:   1%|          | 1/88 [00:00<00:46,  1.86it/s, loss=0.077]
  epoch 3/3:   1%|          | 1/88 [00:00<00:46,  1.86it/s, loss=0.099]
  epoch 3/3:   2%|▏         | 2/88 [00:00<00:31,  2.72it/s, loss=0.099]
  epoch 3/3:   2%|▏         | 2/88 [00:01<00:31,  2.72it/s, loss=0.101]
  epoch 3/3:   3%|▎         | 3/88 [00:01<00:26,  3.19it/s, loss=0.101]
  epoch 3/3:   3%|▎         | 3/88 [00:01<00:26,  3.19it/s, loss=0.126]
  epoch 3/3:   5%|▍         | 4/88 [00:01<00:24,  3.48it/s, loss=0.126]
  epoch 3/3:   5%|▍         | 4/88 [00:01<00:24,  3.48it/s, loss=0.130]
  epoch 3/3:   6%|▌         | 5/88 [00:01<00:22,  3.66it/s, loss=0.130]
  epoch 3/3:   6%|▌         | 5/88 [00:01<00:22,  3.66it/s, loss=0.133]
  epoch 3/3:   7%|▋         | 6/88 [00:01<00:21,  3.77it/s, loss=0.133]
  epoch 3/3:   7%|▋         | 6/88 [00:02<00:21,  3.77it/s, loss=0.139]
  epoch 3/3:   8%|▊         | 7/88 [00:02<00:21,  3.84it/s, loss=0.139]
  epoch 3/3:   8%|▊         | 7/88 [00:02<00:21,  3.84it/s, loss=0.144]
  epoch 3/3:   9%|▉         | 8/88 [00:02<00:20,  3.89it/s, loss=0.144]
  epoch 3/3:   9%|▉         | 8/88 [00:02<00:20,  3.89it/s, loss=0.146]
  epoch 3/3:  10%|█         | 9/88 [00:02<00:20,  3.94it/s, loss=0.146]
  epoch 3/3:  10%|█         | 9/88 [00:02<00:20,  3.94it/s, loss=0.150]
  epoch 3/3:  11%|█▏        | 10/88 [00:02<00:19,  3.95it/s, loss=0.150]
  epoch 3/3:  11%|█▏        | 10/88 [00:03<00:19,  3.95it/s, loss=0.146]
  epoch 3/3:  12%|█▎        | 11/88 [00:03<00:19,  3.97it/s, loss=0.146]
  epoch 3/3:  12%|█▎        | 11/88 [00:03<00:19,  3.97it/s, loss=0.142]
  epoch 3/3:  14%|█▎        | 12/88 [00:03<00:19,  3.99it/s, loss=0.142]
  epoch 3/3:  14%|█▎        | 12/88 [00:03<00:19,  3.99it/s, loss=0.137]
  epoch 3/3:  15%|█▍        | 13/88 [00:03<00:18,  3.99it/s, loss=0.137]
  epoch 3/3:  15%|█▍        | 13/88 [00:03<00:18,  3.99it/s, loss=0.133]
  epoch 3/3:  16%|█▌        | 14/88 [00:03<00:18,  3.99it/s, loss=0.133]
  epoch 3/3:  16%|█▌        | 14/88 [00:04<00:18,  3.99it/s, loss=0.133]
  epoch 3/3:  17%|█▋        | 15/88 [00:04<00:18,  4.00it/s, loss=0.133]
  epoch 3/3:  17%|█▋        | 15/88 [00:04<00:18,  4.00it/s, loss=0.128]
  epoch 3/3:  18%|█▊        | 16/88 [00:04<00:18,  3.95it/s, loss=0.128]
  epoch 3/3:  18%|█▊        | 16/88 [00:04<00:18,  3.95it/s, loss=0.124]
  epoch 3/3:  19%|█▉        | 17/88 [00:04<00:17,  3.97it/s, loss=0.124]
  epoch 3/3:  19%|█▉        | 17/88 [00:04<00:17,  3.97it/s, loss=0.121]
  epoch 3/3:  20%|██        | 18/88 [00:04<00:17,  3.97it/s, loss=0.121]
  epoch 3/3:  20%|██        | 18/88 [00:05<00:17,  3.97it/s, loss=0.119]
  epoch 3/3:  22%|██▏       | 19/88 [00:05<00:17,  3.97it/s, loss=0.119]
  epoch 3/3:  22%|██▏       | 19/88 [00:05<00:17,  3.97it/s, loss=0.119]
  epoch 3/3:  23%|██▎       | 20/88 [00:05<00:17,  3.97it/s, loss=0.119]
  epoch 3/3:  23%|██▎       | 20/88 [00:05<00:17,  3.97it/s, loss=0.121]
  epoch 3/3:  24%|██▍       | 21/88 [00:05<00:16,  3.98it/s, loss=0.121]
  epoch 3/3:  24%|██▍       | 21/88 [00:05<00:16,  3.98it/s, loss=0.121]
  epoch 3/3:  25%|██▌       | 22/88 [00:05<00:16,  4.00it/s, loss=0.121]
  epoch 3/3:  25%|██▌       | 22/88 [00:06<00:16,  4.00it/s, loss=0.121]
  epoch 3/3:  26%|██▌       | 23/88 [00:06<00:16,  4.00it/s, loss=0.121]
  epoch 3/3:  26%|██▌       | 23/88 [00:06<00:16,  4.00it/s, loss=0.118]
  epoch 3/3:  27%|██▋       | 24/88 [00:06<00:15,  4.01it/s, loss=0.118]
  epoch 3/3:  27%|██▋       | 24/88 [00:06<00:15,  4.01it/s, loss=0.115]
  epoch 3/3:  28%|██▊       | 25/88 [00:06<00:15,  4.00it/s, loss=0.115]
  epoch 3/3:  28%|██▊       | 25/88 [00:06<00:15,  4.00it/s, loss=0.113]
  epoch 3/3:  30%|██▉       | 26/88 [00:06<00:15,  3.99it/s, loss=0.113]
  epoch 3/3:  30%|██▉       | 26/88 [00:07<00:15,  3.99it/s, loss=0.112]
  epoch 3/3:  31%|███       | 27/88 [00:07<00:15,  4.00it/s, loss=0.112]
  epoch 3/3:  31%|███       | 27/88 [00:07<00:15,  4.00it/s, loss=0.112]
  epoch 3/3:  32%|███▏      | 28/88 [00:07<00:14,  4.01it/s, loss=0.112]
  epoch 3/3:  32%|███▏      | 28/88 [00:07<00:14,  4.01it/s, loss=0.111]
  epoch 3/3:  33%|███▎      | 29/88 [00:07<00:14,  4.02it/s, loss=0.111]
  epoch 3/3:  33%|███▎      | 29/88 [00:07<00:14,  4.02it/s, loss=0.110]
  epoch 3/3:  34%|███▍      | 30/88 [00:07<00:14,  4.02it/s, loss=0.110]
  epoch 3/3:  34%|███▍      | 30/88 [00:08<00:14,  4.02it/s, loss=0.110]
  epoch 3/3:  35%|███▌      | 31/88 [00:08<00:14,  4.01it/s, loss=0.110]
  epoch 3/3:  35%|███▌      | 31/88 [00:08<00:14,  4.01it/s, loss=0.108]
  epoch 3/3:  36%|███▋      | 32/88 [00:08<00:14,  3.97it/s, loss=0.108]
  epoch 3/3:  36%|███▋      | 32/88 [00:08<00:14,  3.97it/s, loss=0.106]
  epoch 3/3:  38%|███▊      | 33/88 [00:08<00:13,  3.99it/s, loss=0.106]
  epoch 3/3:  38%|███▊      | 33/88 [00:08<00:13,  3.99it/s, loss=0.105]
  epoch 3/3:  39%|███▊      | 34/88 [00:08<00:13,  4.01it/s, loss=0.105]
  epoch 3/3:  39%|███▊      | 34/88 [00:09<00:13,  4.01it/s, loss=0.103]
  epoch 3/3:  40%|███▉      | 35/88 [00:09<00:13,  4.01it/s, loss=0.103]
  epoch 3/3:  40%|███▉      | 35/88 [00:09<00:13,  4.01it/s, loss=0.104]
  epoch 3/3:  41%|████      | 36/88 [00:09<00:12,  4.01it/s, loss=0.104]
  epoch 3/3:  41%|████      | 36/88 [00:09<00:12,  4.01it/s, loss=0.104]
  epoch 3/3:  42%|████▏     | 37/88 [00:09<00:12,  4.01it/s, loss=0.104]
  epoch 3/3:  42%|████▏     | 37/88 [00:09<00:12,  4.01it/s, loss=0.104]
  epoch 3/3:  43%|████▎     | 38/88 [00:09<00:12,  4.02it/s, loss=0.104]
  epoch 3/3:  43%|████▎     | 38/88 [00:10<00:12,  4.02it/s, loss=0.102]
  epoch 3/3:  44%|████▍     | 39/88 [00:10<00:12,  4.01it/s, loss=0.102]
  epoch 3/3:  44%|████▍     | 39/88 [00:10<00:12,  4.01it/s, loss=0.103]
  epoch 3/3:  45%|████▌     | 40/88 [00:10<00:11,  4.01it/s, loss=0.103]
  epoch 3/3:  45%|████▌     | 40/88 [00:10<00:11,  4.01it/s, loss=0.101]
  epoch 3/3:  47%|████▋     | 41/88 [00:10<00:11,  4.02it/s, loss=0.101]
  epoch 3/3:  47%|████▋     | 41/88 [00:10<00:11,  4.02it/s, loss=0.101]
  epoch 3/3:  48%|████▊     | 42/88 [00:10<00:11,  4.02it/s, loss=0.101]
  epoch 3/3:  48%|████▊     | 42/88 [00:11<00:11,  4.02it/s, loss=0.100]
  epoch 3/3:  49%|████▉     | 43/88 [00:11<00:11,  4.01it/s, loss=0.100]
  epoch 3/3:  49%|████▉     | 43/88 [00:11<00:11,  4.01it/s, loss=0.099]
  epoch 3/3:  50%|█████     | 44/88 [00:11<00:10,  4.01it/s, loss=0.099]
  epoch 3/3:  50%|█████     | 44/88 [00:11<00:10,  4.01it/s, loss=0.098]
  epoch 3/3:  51%|█████     | 45/88 [00:11<00:10,  4.02it/s, loss=0.098]
  epoch 3/3:  51%|█████     | 45/88 [00:11<00:10,  4.02it/s, loss=0.099]
  epoch 3/3:  52%|█████▏    | 46/88 [00:11<00:10,  3.99it/s, loss=0.099]
  epoch 3/3:  52%|█████▏    | 46/88 [00:12<00:10,  3.99it/s, loss=0.099]
  epoch 3/3:  53%|█████▎    | 47/88 [00:12<00:10,  4.00it/s, loss=0.099]
  epoch 3/3:  53%|█████▎    | 47/88 [00:12<00:10,  4.00it/s, loss=0.102]
  epoch 3/3:  55%|█████▍    | 48/88 [00:12<00:10,  3.97it/s, loss=0.102]
  epoch 3/3:  55%|█████▍    | 48/88 [00:12<00:10,  3.97it/s, loss=0.103]
  epoch 3/3:  56%|█████▌    | 49/88 [00:12<00:09,  3.98it/s, loss=0.103]
  epoch 3/3:  56%|█████▌    | 49/88 [00:12<00:09,  3.98it/s, loss=0.103]
  epoch 3/3:  57%|█████▋    | 50/88 [00:12<00:09,  4.00it/s, loss=0.103]
  epoch 3/3:  57%|█████▋    | 50/88 [00:13<00:09,  4.00it/s, loss=0.102]
  epoch 3/3:  58%|█████▊    | 51/88 [00:13<00:09,  3.99it/s, loss=0.102]
  epoch 3/3:  58%|█████▊    | 51/88 [00:13<00:09,  3.99it/s, loss=0.101]
  epoch 3/3:  59%|█████▉    | 52/88 [00:13<00:08,  4.00it/s, loss=0.101]
  epoch 3/3:  59%|█████▉    | 52/88 [00:13<00:08,  4.00it/s, loss=0.102]
  epoch 3/3:  60%|██████    | 53/88 [00:13<00:08,  4.01it/s, loss=0.102]
  epoch 3/3:  60%|██████    | 53/88 [00:13<00:08,  4.01it/s, loss=0.101]
  epoch 3/3:  61%|██████▏   | 54/88 [00:13<00:08,  4.00it/s, loss=0.101]
  epoch 3/3:  61%|██████▏   | 54/88 [00:14<00:08,  4.00it/s, loss=0.100]
  epoch 3/3:  62%|██████▎   | 55/88 [00:14<00:08,  4.00it/s, loss=0.100]
  epoch 3/3:  62%|██████▎   | 55/88 [00:14<00:08,  4.00it/s, loss=0.099]
  epoch 3/3:  64%|██████▎   | 56/88 [00:14<00:07,  4.01it/s, loss=0.099]
  epoch 3/3:  64%|██████▎   | 56/88 [00:14<00:07,  4.01it/s, loss=0.099]
  epoch 3/3:  65%|██████▍   | 57/88 [00:14<00:07,  4.01it/s, loss=0.099]
  epoch 3/3:  65%|██████▍   | 57/88 [00:14<00:07,  4.01it/s, loss=0.098]
  epoch 3/3:  66%|██████▌   | 58/88 [00:14<00:07,  4.01it/s, loss=0.098]
  epoch 3/3:  66%|██████▌   | 58/88 [00:15<00:07,  4.01it/s, loss=0.098]
  epoch 3/3:  67%|██████▋   | 59/88 [00:15<00:07,  4.01it/s, loss=0.098]
  epoch 3/3:  67%|██████▋   | 59/88 [00:15<00:07,  4.01it/s, loss=0.097]
  epoch 3/3:  68%|██████▊   | 60/88 [00:15<00:06,  4.02it/s, loss=0.097]
  epoch 3/3:  68%|██████▊   | 60/88 [00:15<00:06,  4.02it/s, loss=0.096]
  epoch 3/3:  69%|██████▉   | 61/88 [00:15<00:06,  4.01it/s, loss=0.096]
  epoch 3/3:  69%|██████▉   | 61/88 [00:15<00:06,  4.01it/s, loss=0.096]
  epoch 3/3:  70%|███████   | 62/88 [00:15<00:06,  4.01it/s, loss=0.096]
  epoch 3/3:  70%|███████   | 62/88 [00:16<00:06,  4.01it/s, loss=0.095]
  epoch 3/3:  72%|███████▏  | 63/88 [00:16<00:06,  4.02it/s, loss=0.095]
  epoch 3/3:  72%|███████▏  | 63/88 [00:16<00:06,  4.02it/s, loss=0.094]
  epoch 3/3:  73%|███████▎  | 64/88 [00:16<00:06,  3.95it/s, loss=0.094]
  epoch 3/3:  73%|███████▎  | 64/88 [00:16<00:06,  3.95it/s, loss=0.094]
  epoch 3/3:  74%|███████▍  | 65/88 [00:16<00:05,  3.98it/s, loss=0.094]
  epoch 3/3:  74%|███████▍  | 65/88 [00:16<00:05,  3.98it/s, loss=0.094]
  epoch 3/3:  75%|███████▌  | 66/88 [00:16<00:05,  4.01it/s, loss=0.094]
  epoch 3/3:  75%|███████▌  | 66/88 [00:17<00:05,  4.01it/s, loss=0.093]
  epoch 3/3:  76%|███████▌  | 67/88 [00:17<00:05,  4.02it/s, loss=0.093]
  epoch 3/3:  76%|███████▌  | 67/88 [00:17<00:05,  4.02it/s, loss=0.093]
  epoch 3/3:  77%|███████▋  | 68/88 [00:17<00:04,  4.01it/s, loss=0.093]
  epoch 3/3:  77%|███████▋  | 68/88 [00:17<00:04,  4.01it/s, loss=0.092]
  epoch 3/3:  78%|███████▊  | 69/88 [00:17<00:04,  4.02it/s, loss=0.092]
  epoch 3/3:  78%|███████▊  | 69/88 [00:17<00:04,  4.02it/s, loss=0.091]
  epoch 3/3:  80%|███████▉  | 70/88 [00:17<00:04,  4.02it/s, loss=0.091]
  epoch 3/3:  80%|███████▉  | 70/88 [00:18<00:04,  4.02it/s, loss=0.092]
  epoch 3/3:  81%|████████  | 71/88 [00:18<00:04,  4.01it/s, loss=0.092]
  epoch 3/3:  81%|████████  | 71/88 [00:18<00:04,  4.01it/s, loss=0.093]
  epoch 3/3:  82%|████████▏ | 72/88 [00:18<00:03,  4.01it/s, loss=0.093]
  epoch 3/3:  82%|████████▏ | 72/88 [00:18<00:03,  4.01it/s, loss=0.093]
  epoch 3/3:  83%|████████▎ | 73/88 [00:18<00:03,  4.02it/s, loss=0.093]
  epoch 3/3:  83%|████████▎ | 73/88 [00:18<00:03,  4.02it/s, loss=0.093]
  epoch 3/3:  84%|████████▍ | 74/88 [00:18<00:03,  4.00it/s, loss=0.093]
  epoch 3/3:  84%|████████▍ | 74/88 [00:19<00:03,  4.00it/s, loss=0.092]
  epoch 3/3:  85%|████████▌ | 75/88 [00:19<00:03,  4.00it/s, loss=0.092]
  epoch 3/3:  85%|████████▌ | 75/88 [00:19<00:03,  4.00it/s, loss=0.091]
  epoch 3/3:  86%|████████▋ | 76/88 [00:19<00:02,  4.01it/s, loss=0.091]
  epoch 3/3:  86%|████████▋ | 76/88 [00:19<00:02,  4.01it/s, loss=0.091]
  epoch 3/3:  88%|████████▊ | 77/88 [00:19<00:02,  4.00it/s, loss=0.091]
  epoch 3/3:  88%|████████▊ | 77/88 [00:19<00:02,  4.00it/s, loss=0.091]
  epoch 3/3:  89%|████████▊ | 78/88 [00:19<00:02,  4.00it/s, loss=0.091]
  epoch 3/3:  89%|████████▊ | 78/88 [00:20<00:02,  4.00it/s, loss=0.090]
  epoch 3/3:  90%|████████▉ | 79/88 [00:20<00:02,  4.01it/s, loss=0.090]
  epoch 3/3:  90%|████████▉ | 79/88 [00:20<00:02,  4.01it/s, loss=0.090]
  epoch 3/3:  91%|█████████ | 80/88 [00:20<00:02,  3.94it/s, loss=0.090]
  epoch 3/3:  91%|█████████ | 80/88 [00:20<00:02,  3.94it/s, loss=0.089]
  epoch 3/3:  92%|█████████▏| 81/88 [00:20<00:01,  3.98it/s, loss=0.089]
  epoch 3/3:  92%|█████████▏| 81/88 [00:20<00:01,  3.98it/s, loss=0.088]
  epoch 3/3:  93%|█████████▎| 82/88 [00:20<00:01,  3.98it/s, loss=0.088]
  epoch 3/3:  93%|█████████▎| 82/88 [00:21<00:01,  3.98it/s, loss=0.088]
  epoch 3/3:  94%|█████████▍| 83/88 [00:21<00:01,  3.99it/s, loss=0.088]
  epoch 3/3:  94%|█████████▍| 83/88 [00:21<00:01,  3.99it/s, loss=0.087]
  epoch 3/3:  95%|█████████▌| 84/88 [00:21<00:00,  4.00it/s, loss=0.087]
  epoch 3/3:  95%|█████████▌| 84/88 [00:21<00:00,  4.00it/s, loss=0.087]
  epoch 3/3:  97%|█████████▋| 85/88 [00:21<00:00,  4.00it/s, loss=0.087]
  epoch 3/3:  97%|█████████▋| 85/88 [00:21<00:00,  4.00it/s, loss=0.088]
  epoch 3/3:  98%|█████████▊| 86/88 [00:21<00:00,  4.00it/s, loss=0.088]
  epoch 3/3:  98%|█████████▊| 86/88 [00:22<00:00,  4.00it/s, loss=0.087]
  epoch 3/3:  99%|█████████▉| 87/88 [00:22<00:00,  4.01it/s, loss=0.087]
  epoch 3/3:  99%|█████████▉| 87/88 [00:22<00:00,  4.01it/s, loss=0.087]
  epoch 3/3: 100%|██████████| 88/88 [00:22<00:00,  4.33it/s, loss=0.087]
                                                                        
[titans] reset=never | norm(state) sau task = 82.5796
[titans]   self-mod v:β=1.30 |W|=3.27
[titans]   eta_t(avg)=25.8945  alpha_t/forget-gate(avg)=1.0000
[task 8] test acc so far: 0.806  0.743  0.797  0.837  0.771  0.557  0.471  0.431  0.280
[task 8] NCM-blend gamma=0: 0.714  0.631  0.654  0.731  0.706  0.694  0.697  0.766  0.809
[task 8] NCM-blend gamma=0.25: 0.711  0.620  0.657  0.754  0.720  0.709  0.717  0.783  0.817
[checkpoint] đã lưu tiến độ sau task 8
  memory_state.pt đã lưu (norm=82.5796)

== Ma trận accuracy (hàng = sau khi học task i, cột = đánh giá task j)
[[0.949 0.    0.    0.    0.    0.    0.    0.    0.   ]
 [0.92  0.577 0.    0.    0.    0.    0.    0.    0.   ]
 [0.914 0.694 0.574 0.    0.    0.    0.    0.    0.   ]
 [0.9   0.749 0.717 0.463 0.    0.    0.    0.    0.   ]
 [0.877 0.786 0.769 0.657 0.289 0.    0.    0.    0.   ]
 [0.86  0.777 0.771 0.751 0.494 0.091 0.    0.    0.   ]
 [0.857 0.789 0.791 0.814 0.614 0.271 0.08  0.    0.   ]
 [0.823 0.794 0.8   0.846 0.726 0.44  0.26  0.194 0.   ]
 [0.806 0.743 0.797 0.837 0.771 0.557 0.471 0.431 0.28 ]]

== Kết quả
  Average Accuracy   : 0.6327  (cao = tốt)
  Average Forgetting : -0.0507  (thấp = tốt — con số dự án cần giảm)
  Backward Transfer  : 0.2746  (âm = quên)
  checkpoint.pt đã lưu (model + Titans state + online NCM)
  Saved -> artifacts_ncm_gamma025_confirmatory/results/resisc45_titans_seed3_gamma025-confirm-seed3_m3_delta_clip_f16_lr0.005_rnever_optkeep_splitcombined31500_v2_ncmadapt0a7909dc

[2026-08-01 12:23:21] $ /usr/bin/python3 /home/an/RaybanMeta/uav-continual-learning/scripts/run_g1.py --config /home/an/RaybanMeta/uav-continual-learning/configs/g2_titans_resisc45_ncm_adaptation.yaml --method titans --skip-existing --set seed=3 train.ncm.blend.gammas=[0,0.25] train.ncm.transport.enabled=false train.feature_distillation.enabled=false log.dir=artifacts_ncm_gamma025_confirmatory log.run_tag=gamma025-confirm-seed3
== G1 run: dataset=resisc45 method=titans seed=3 device=cuda
Warning: You are sending unauthenticated requests to the HF Hub. Please set a HF_TOKEN to enable higher rate limits and faster downloads.
task 0: 5 classes [airport, basketball_court, chaparral, forest, river] | train 2800 / val 350 / test 350
task 1: 5 classes [bridge, commercial_area, dense_residential, lake, tennis_court] | train 2800 / val 350 / test 350
task 2: 5 classes [cloud, industrial_area, intersection, mountain, palace] | train 2800 / val 350 / test 350
task 3: 5 classes [baseball_diamond, mobile_home_park, roundabout, sea_ice, terrace] | train 2800 / val 350 / test 350
task 4: 5 classes [church, island, rectangular_farmland, ship, storage_tank] | train 2800 / val 350 / test 350
task 5: 5 classes [harbor, overpass, parking_lot, railway, wetland] | train 2800 / val 350 / test 350
task 6: 5 classes [desert, freeway, ground_track_field, meadow, stadium] | train 2800 / val 350 / test 350
task 7: 5 classes [airplane, beach, railway_station, sparse_residential, thermal_power_station] | train 2800 / val 350 / test 350
task 8: 5 classes [circular_farmland, golf_course, medium_residential, runway, snowberg] | train 2800 / val 350 / test 350
[titans] seq=image_seq reset=never chunk=32
[task 0] classes=[1, 3, 6, 13, 32] | train=2800

  epoch 1/3:   0%|          | 0/88 [00:00<?, ?it/s]
  epoch 1/3:   0%|          | 0/88 [00:01<?, ?it/s, loss=1.848]
  epoch 1/3:   1%|          | 1/88 [00:01<02:20,  1.61s/it, loss=1.848]
  epoch 1/3:   1%|          | 1/88 [00:01<02:20,  1.61s/it, loss=1.817]
  epoch 1/3:   2%|▏         | 2/88 [00:01<01:10,  1.23it/s, loss=1.817]
  epoch 1/3:   2%|▏         | 2/88 [00:02<01:10,  1.23it/s, loss=1.796]
  epoch 1/3:   3%|▎         | 3/88 [00:02<00:46,  1.83it/s, loss=1.796]
  epoch 1/3:   3%|▎         | 3/88 [00:02<00:46,  1.83it/s, loss=1.761]
  epoch 1/3:   5%|▍         | 4/88 [00:02<00:35,  2.39it/s, loss=1.761]
  epoch 1/3:   5%|▍         | 4/88 [00:02<00:35,  2.39it/s, loss=1.781]
  epoch 1/3:   6%|▌         | 5/88 [00:02<00:28,  2.87it/s, loss=1.781]
  epoch 1/3:   6%|▌         | 5/88 [00:02<00:28,  2.87it/s, loss=1.783]
  epoch 1/3:   7%|▋         | 6/88 [00:02<00:25,  3.26it/s, loss=1.783]
  epoch 1/3:   7%|▋         | 6/88 [00:02<00:25,  3.26it/s, loss=1.803]
  epoch 1/3:   8%|▊         | 7/88 [00:02<00:22,  3.55it/s, loss=1.803]
  epoch 1/3:   8%|▊         | 7/88 [00:03<00:22,  3.55it/s, loss=1.786]
  epoch 1/3:   9%|▉         | 8/88 [00:03<00:21,  3.77it/s, loss=1.786]
  epoch 1/3:   9%|▉         | 8/88 [00:03<00:21,  3.77it/s, loss=1.785]
  epoch 1/3:  10%|█         | 9/88 [00:03<00:19,  3.95it/s, loss=1.785]
  epoch 1/3:  10%|█         | 9/88 [00:03<00:19,  3.95it/s, loss=1.788]
  epoch 1/3:  11%|█▏        | 10/88 [00:03<00:19,  4.09it/s, loss=1.788]
  epoch 1/3:  11%|█▏        | 10/88 [00:03<00:19,  4.09it/s, loss=1.764]
  epoch 1/3:  12%|█▎        | 11/88 [00:03<00:18,  4.19it/s, loss=1.764]
  epoch 1/3:  12%|█▎        | 11/88 [00:04<00:18,  4.19it/s, loss=1.766]
  epoch 1/3:  14%|█▎        | 12/88 [00:04<00:17,  4.24it/s, loss=1.766]
  epoch 1/3:  14%|█▎        | 12/88 [00:04<00:17,  4.24it/s, loss=1.751]
  epoch 1/3:  15%|█▍        | 13/88 [00:04<00:17,  4.28it/s, loss=1.751]
  epoch 1/3:  15%|█▍        | 13/88 [00:04<00:17,  4.28it/s, loss=1.744]
  epoch 1/3:  16%|█▌        | 14/88 [00:04<00:17,  4.32it/s, loss=1.744]
  epoch 1/3:  16%|█▌        | 14/88 [00:04<00:17,  4.32it/s, loss=1.737]
  epoch 1/3:  17%|█▋        | 15/88 [00:04<00:16,  4.33it/s, loss=1.737]
  epoch 1/3:  17%|█▋        | 15/88 [00:05<00:16,  4.33it/s, loss=1.726]
  epoch 1/3:  18%|█▊        | 16/88 [00:05<00:16,  4.28it/s, loss=1.726]
  epoch 1/3:  18%|█▊        | 16/88 [00:05<00:16,  4.28it/s, loss=1.720]
  epoch 1/3:  19%|█▉        | 17/88 [00:05<00:16,  4.32it/s, loss=1.720]
  epoch 1/3:  19%|█▉        | 17/88 [00:05<00:16,  4.32it/s, loss=1.709]
  epoch 1/3:  20%|██        | 18/88 [00:05<00:16,  4.35it/s, loss=1.709]
  epoch 1/3:  20%|██        | 18/88 [00:05<00:16,  4.35it/s, loss=1.700]
  epoch 1/3:  22%|██▏       | 19/88 [00:05<00:15,  4.36it/s, loss=1.700]
  epoch 1/3:  22%|██▏       | 19/88 [00:05<00:15,  4.36it/s, loss=1.696]
  epoch 1/3:  23%|██▎       | 20/88 [00:05<00:15,  4.37it/s, loss=1.696]
  epoch 1/3:  23%|██▎       | 20/88 [00:06<00:15,  4.37it/s, loss=1.693]
  epoch 1/3:  24%|██▍       | 21/88 [00:06<00:15,  4.38it/s, loss=1.693]
  epoch 1/3:  24%|██▍       | 21/88 [00:06<00:15,  4.38it/s, loss=1.688]
  epoch 1/3:  25%|██▌       | 22/88 [00:06<00:15,  4.36it/s, loss=1.688]
  epoch 1/3:  25%|██▌       | 22/88 [00:06<00:15,  4.36it/s, loss=1.681]
  epoch 1/3:  26%|██▌       | 23/88 [00:06<00:14,  4.37it/s, loss=1.681]
  epoch 1/3:  26%|██▌       | 23/88 [00:06<00:14,  4.37it/s, loss=1.674]
  epoch 1/3:  27%|██▋       | 24/88 [00:06<00:14,  4.39it/s, loss=1.674]
  epoch 1/3:  27%|██▋       | 24/88 [00:07<00:14,  4.39it/s, loss=1.670]
  epoch 1/3:  28%|██▊       | 25/88 [00:07<00:14,  4.40it/s, loss=1.670]
  epoch 1/3:  28%|██▊       | 25/88 [00:07<00:14,  4.40it/s, loss=1.661]
  epoch 1/3:  30%|██▉       | 26/88 [00:07<00:14,  4.41it/s, loss=1.661]
  epoch 1/3:  30%|██▉       | 26/88 [00:07<00:14,  4.41it/s, loss=1.662]
  epoch 1/3:  31%|███       | 27/88 [00:07<00:13,  4.37it/s, loss=1.662]
  epoch 1/3:  31%|███       | 27/88 [00:07<00:13,  4.37it/s, loss=1.652]
  epoch 1/3:  32%|███▏      | 28/88 [00:07<00:13,  4.38it/s, loss=1.652]
  epoch 1/3:  32%|███▏      | 28/88 [00:08<00:13,  4.38it/s, loss=1.646]
  epoch 1/3:  33%|███▎      | 29/88 [00:08<00:13,  4.41it/s, loss=1.646]
  epoch 1/3:  33%|███▎      | 29/88 [00:08<00:13,  4.41it/s, loss=1.636]
  epoch 1/3:  34%|███▍      | 30/88 [00:08<00:13,  4.41it/s, loss=1.636]
  epoch 1/3:  34%|███▍      | 30/88 [00:08<00:13,  4.41it/s, loss=1.626]
  epoch 1/3:  35%|███▌      | 31/88 [00:08<00:12,  4.39it/s, loss=1.626]
  epoch 1/3:  35%|███▌      | 31/88 [00:08<00:12,  4.39it/s, loss=1.617]
  epoch 1/3:  36%|███▋      | 32/88 [00:08<00:12,  4.32it/s, loss=1.617]
  epoch 1/3:  36%|███▋      | 32/88 [00:08<00:12,  4.32it/s, loss=1.607]
  epoch 1/3:  38%|███▊      | 33/88 [00:08<00:12,  4.32it/s, loss=1.607]
  epoch 1/3:  38%|███▊      | 33/88 [00:09<00:12,  4.32it/s, loss=1.601]
  epoch 1/3:  39%|███▊      | 34/88 [00:09<00:12,  4.34it/s, loss=1.601]
  epoch 1/3:  39%|███▊      | 34/88 [00:09<00:12,  4.34it/s, loss=1.594]
  epoch 1/3:  40%|███▉      | 35/88 [00:09<00:12,  4.36it/s, loss=1.594]
  epoch 1/3:  40%|███▉      | 35/88 [00:09<00:12,  4.36it/s, loss=1.588]
  epoch 1/3:  41%|████      | 36/88 [00:09<00:11,  4.36it/s, loss=1.588]
  epoch 1/3:  41%|████      | 36/88 [00:09<00:11,  4.36it/s, loss=1.581]
  epoch 1/3:  42%|████▏     | 37/88 [00:09<00:11,  4.36it/s, loss=1.581]
  epoch 1/3:  42%|████▏     | 37/88 [00:10<00:11,  4.36it/s, loss=1.572]
  epoch 1/3:  43%|████▎     | 38/88 [00:10<00:11,  4.37it/s, loss=1.572]
  epoch 1/3:  43%|████▎     | 38/88 [00:10<00:11,  4.37it/s, loss=1.564]
  epoch 1/3:  44%|████▍     | 39/88 [00:10<00:11,  4.38it/s, loss=1.564]
  epoch 1/3:  44%|████▍     | 39/88 [00:10<00:11,  4.38it/s, loss=1.555]
  epoch 1/3:  45%|████▌     | 40/88 [00:10<00:10,  4.37it/s, loss=1.555]
  epoch 1/3:  45%|████▌     | 40/88 [00:10<00:10,  4.37it/s, loss=1.547]
  epoch 1/3:  47%|████▋     | 41/88 [00:10<00:10,  4.37it/s, loss=1.547]
  epoch 1/3:  47%|████▋     | 41/88 [00:10<00:10,  4.37it/s, loss=1.537]
  epoch 1/3:  48%|████▊     | 42/88 [00:10<00:10,  4.39it/s, loss=1.537]
  epoch 1/3:  48%|████▊     | 42/88 [00:11<00:10,  4.39it/s, loss=1.528]
  epoch 1/3:  49%|████▉     | 43/88 [00:11<00:10,  4.39it/s, loss=1.528]
  epoch 1/3:  49%|████▉     | 43/88 [00:11<00:10,  4.39it/s, loss=1.520]
  epoch 1/3:  50%|█████     | 44/88 [00:11<00:10,  4.39it/s, loss=1.520]
  epoch 1/3:  50%|█████     | 44/88 [00:11<00:10,  4.39it/s, loss=1.513]
  epoch 1/3:  51%|█████     | 45/88 [00:11<00:09,  4.37it/s, loss=1.513]
  epoch 1/3:  51%|█████     | 45/88 [00:11<00:09,  4.37it/s, loss=1.505]
  epoch 1/3:  52%|█████▏    | 46/88 [00:11<00:09,  4.36it/s, loss=1.505]
  epoch 1/3:  52%|█████▏    | 46/88 [00:12<00:09,  4.36it/s, loss=1.500]
  epoch 1/3:  53%|█████▎    | 47/88 [00:12<00:09,  4.37it/s, loss=1.500]
  epoch 1/3:  53%|█████▎    | 47/88 [00:12<00:09,  4.37it/s, loss=1.492]
  epoch 1/3:  55%|█████▍    | 48/88 [00:12<00:09,  4.29it/s, loss=1.492]
  epoch 1/3:  55%|█████▍    | 48/88 [00:12<00:09,  4.29it/s, loss=1.486]
  epoch 1/3:  56%|█████▌    | 49/88 [00:12<00:09,  4.28it/s, loss=1.486]
  epoch 1/3:  56%|█████▌    | 49/88 [00:12<00:09,  4.28it/s, loss=1.477]
  epoch 1/3:  57%|█████▋    | 50/88 [00:12<00:08,  4.33it/s, loss=1.477]
  epoch 1/3:  57%|█████▋    | 50/88 [00:13<00:08,  4.33it/s, loss=1.470]
  epoch 1/3:  58%|█████▊    | 51/88 [00:13<00:08,  4.35it/s, loss=1.470]
  epoch 1/3:  58%|█████▊    | 51/88 [00:13<00:08,  4.35it/s, loss=1.461]
  epoch 1/3:  59%|█████▉    | 52/88 [00:13<00:08,  4.34it/s, loss=1.461]
  epoch 1/3:  59%|█████▉    | 52/88 [00:13<00:08,  4.34it/s, loss=1.451]
  epoch 1/3:  60%|██████    | 53/88 [00:13<00:08,  4.35it/s, loss=1.451]
  epoch 1/3:  60%|██████    | 53/88 [00:13<00:08,  4.35it/s, loss=1.444]
  epoch 1/3:  61%|██████▏   | 54/88 [00:13<00:07,  4.36it/s, loss=1.444]
  epoch 1/3:  61%|██████▏   | 54/88 [00:13<00:07,  4.36it/s, loss=1.436]
  epoch 1/3:  62%|██████▎   | 55/88 [00:13<00:07,  4.37it/s, loss=1.436]
  epoch 1/3:  62%|██████▎   | 55/88 [00:14<00:07,  4.37it/s, loss=1.430]
  epoch 1/3:  64%|██████▎   | 56/88 [00:14<00:07,  4.36it/s, loss=1.430]
  epoch 1/3:  64%|██████▎   | 56/88 [00:14<00:07,  4.36it/s, loss=1.424]
  epoch 1/3:  65%|██████▍   | 57/88 [00:14<00:07,  4.37it/s, loss=1.424]
  epoch 1/3:  65%|██████▍   | 57/88 [00:14<00:07,  4.37it/s, loss=1.415]
  epoch 1/3:  66%|██████▌   | 58/88 [00:14<00:06,  4.38it/s, loss=1.415]
  epoch 1/3:  66%|██████▌   | 58/88 [00:14<00:06,  4.38it/s, loss=1.407]
  epoch 1/3:  67%|██████▋   | 59/88 [00:14<00:06,  4.38it/s, loss=1.407]
  epoch 1/3:  67%|██████▋   | 59/88 [00:15<00:06,  4.38it/s, loss=1.399]
  epoch 1/3:  68%|██████▊   | 60/88 [00:15<00:06,  4.36it/s, loss=1.399]
  epoch 1/3:  68%|██████▊   | 60/88 [00:15<00:06,  4.36it/s, loss=1.392]
  epoch 1/3:  69%|██████▉   | 61/88 [00:15<00:06,  4.36it/s, loss=1.392]
  epoch 1/3:  69%|██████▉   | 61/88 [00:15<00:06,  4.36it/s, loss=1.385]
  epoch 1/3:  70%|███████   | 62/88 [00:15<00:05,  4.37it/s, loss=1.385]
  epoch 1/3:  70%|███████   | 62/88 [00:15<00:05,  4.37it/s, loss=1.378]
  epoch 1/3:  72%|███████▏  | 63/88 [00:15<00:05,  4.35it/s, loss=1.378]
  epoch 1/3:  72%|███████▏  | 63/88 [00:16<00:05,  4.35it/s, loss=1.369]
  epoch 1/3:  73%|███████▎  | 64/88 [00:16<00:05,  4.30it/s, loss=1.369]
  epoch 1/3:  73%|███████▎  | 64/88 [00:16<00:05,  4.30it/s, loss=1.362]
  epoch 1/3:  74%|███████▍  | 65/88 [00:16<00:05,  4.27it/s, loss=1.362]
  epoch 1/3:  74%|███████▍  | 65/88 [00:16<00:05,  4.27it/s, loss=1.355]
  epoch 1/3:  75%|███████▌  | 66/88 [00:16<00:05,  4.28it/s, loss=1.355]
  epoch 1/3:  75%|███████▌  | 66/88 [00:16<00:05,  4.28it/s, loss=1.348]
  epoch 1/3:  76%|███████▌  | 67/88 [00:16<00:04,  4.29it/s, loss=1.348]
  epoch 1/3:  76%|███████▌  | 67/88 [00:16<00:04,  4.29it/s, loss=1.342]
  epoch 1/3:  77%|███████▋  | 68/88 [00:16<00:04,  4.32it/s, loss=1.342]
  epoch 1/3:  77%|███████▋  | 68/88 [00:17<00:04,  4.32it/s, loss=1.335]
  epoch 1/3:  78%|███████▊  | 69/88 [00:17<00:04,  4.33it/s, loss=1.335]
  epoch 1/3:  78%|███████▊  | 69/88 [00:17<00:04,  4.33it/s, loss=1.329]
  epoch 1/3:  80%|███████▉  | 70/88 [00:17<00:04,  4.33it/s, loss=1.329]
  epoch 1/3:  80%|███████▉  | 70/88 [00:17<00:04,  4.33it/s, loss=1.322]
  epoch 1/3:  81%|████████  | 71/88 [00:17<00:03,  4.35it/s, loss=1.322]
  epoch 1/3:  81%|████████  | 71/88 [00:17<00:03,  4.35it/s, loss=1.315]
  epoch 1/3:  82%|████████▏ | 72/88 [00:17<00:03,  4.36it/s, loss=1.315]
  epoch 1/3:  82%|████████▏ | 72/88 [00:18<00:03,  4.36it/s, loss=1.308]
  epoch 1/3:  83%|████████▎ | 73/88 [00:18<00:03,  4.32it/s, loss=1.308]
  epoch 1/3:  83%|████████▎ | 73/88 [00:18<00:03,  4.32it/s, loss=1.301]
  epoch 1/3:  84%|████████▍ | 74/88 [00:18<00:03,  4.34it/s, loss=1.301]
  epoch 1/3:  84%|████████▍ | 74/88 [00:18<00:03,  4.34it/s, loss=1.294]
  epoch 1/3:  85%|████████▌ | 75/88 [00:18<00:02,  4.34it/s, loss=1.294]
  epoch 1/3:  85%|████████▌ | 75/88 [00:18<00:02,  4.34it/s, loss=1.289]
  epoch 1/3:  86%|████████▋ | 76/88 [00:18<00:02,  4.34it/s, loss=1.289]
  epoch 1/3:  86%|████████▋ | 76/88 [00:19<00:02,  4.34it/s, loss=1.282]
  epoch 1/3:  88%|████████▊ | 77/88 [00:19<00:02,  4.36it/s, loss=1.282]
  epoch 1/3:  88%|████████▊ | 77/88 [00:19<00:02,  4.36it/s, loss=1.275]
  epoch 1/3:  89%|████████▊ | 78/88 [00:19<00:02,  4.37it/s, loss=1.275]
  epoch 1/3:  89%|████████▊ | 78/88 [00:19<00:02,  4.37it/s, loss=1.270]
  epoch 1/3:  90%|████████▉ | 79/88 [00:19<00:02,  4.36it/s, loss=1.270]
  epoch 1/3:  90%|████████▉ | 79/88 [00:19<00:02,  4.36it/s, loss=1.263]
  epoch 1/3:  91%|█████████ | 80/88 [00:19<00:01,  4.30it/s, loss=1.263]
  epoch 1/3:  91%|█████████ | 80/88 [00:19<00:01,  4.30it/s, loss=1.258]
  epoch 1/3:  92%|█████████▏| 81/88 [00:19<00:01,  4.31it/s, loss=1.258]
  epoch 1/3:  92%|█████████▏| 81/88 [00:20<00:01,  4.31it/s, loss=1.252]
  epoch 1/3:  93%|█████████▎| 82/88 [00:20<00:01,  4.33it/s, loss=1.252]
  epoch 1/3:  93%|█████████▎| 82/88 [00:20<00:01,  4.33it/s, loss=1.247]
  epoch 1/3:  94%|█████████▍| 83/88 [00:20<00:01,  4.33it/s, loss=1.247]
  epoch 1/3:  94%|█████████▍| 83/88 [00:20<00:01,  4.33it/s, loss=1.241]
  epoch 1/3:  95%|█████████▌| 84/88 [00:20<00:00,  4.33it/s, loss=1.241]
  epoch 1/3:  95%|█████████▌| 84/88 [00:20<00:00,  4.33it/s, loss=1.236]
  epoch 1/3:  97%|█████████▋| 85/88 [00:20<00:00,  4.33it/s, loss=1.236]
  epoch 1/3:  97%|█████████▋| 85/88 [00:21<00:00,  4.33it/s, loss=1.229]
  epoch 1/3:  98%|█████████▊| 86/88 [00:21<00:00,  4.32it/s, loss=1.229]
  epoch 1/3:  98%|█████████▊| 86/88 [00:21<00:00,  4.32it/s, loss=1.224]
  epoch 1/3:  99%|█████████▉| 87/88 [00:21<00:00,  4.34it/s, loss=1.224]
  epoch 1/3:  99%|█████████▉| 87/88 [00:21<00:00,  4.34it/s, loss=1.222]
  epoch 1/3: 100%|██████████| 88/88 [00:21<00:00,  4.67it/s, loss=1.222]
                                                                        

  epoch 2/3:   0%|          | 0/88 [00:00<?, ?it/s]
  epoch 2/3:   0%|          | 0/88 [00:00<?, ?it/s, loss=0.756]
  epoch 2/3:   1%|          | 1/88 [00:00<00:42,  2.05it/s, loss=0.756]
  epoch 2/3:   1%|          | 1/88 [00:00<00:42,  2.05it/s, loss=0.726]
  epoch 2/3:   2%|▏         | 2/88 [00:00<00:28,  2.98it/s, loss=0.726]
  epoch 2/3:   2%|▏         | 2/88 [00:00<00:28,  2.98it/s, loss=0.684]
  epoch 2/3:   3%|▎         | 3/88 [00:00<00:24,  3.46it/s, loss=0.684]
  epoch 2/3:   3%|▎         | 3/88 [00:01<00:24,  3.46it/s, loss=0.705]
  epoch 2/3:   5%|▍         | 4/88 [00:01<00:22,  3.77it/s, loss=0.705]
  epoch 2/3:   5%|▍         | 4/88 [00:01<00:22,  3.77it/s, loss=0.705]
  epoch 2/3:   6%|▌         | 5/88 [00:01<00:20,  3.97it/s, loss=0.705]
  epoch 2/3:   6%|▌         | 5/88 [00:01<00:20,  3.97it/s, loss=0.680]
  epoch 2/3:   7%|▋         | 6/88 [00:01<00:20,  4.08it/s, loss=0.680]
  epoch 2/3:   7%|▋         | 6/88 [00:01<00:20,  4.08it/s, loss=0.660]
  epoch 2/3:   8%|▊         | 7/88 [00:01<00:19,  4.17it/s, loss=0.660]
  epoch 2/3:   8%|▊         | 7/88 [00:02<00:19,  4.17it/s, loss=0.660]
  epoch 2/3:   9%|▉         | 8/88 [00:02<00:19,  4.15it/s, loss=0.660]
  epoch 2/3:   9%|▉         | 8/88 [00:02<00:19,  4.15it/s, loss=0.668]
  epoch 2/3:  10%|█         | 9/88 [00:02<00:18,  4.20it/s, loss=0.668]
  epoch 2/3:  10%|█         | 9/88 [00:02<00:18,  4.20it/s, loss=0.664]
  epoch 2/3:  11%|█▏        | 10/88 [00:02<00:18,  4.23it/s, loss=0.664]
  epoch 2/3:  11%|█▏        | 10/88 [00:02<00:18,  4.23it/s, loss=0.660]
  epoch 2/3:  12%|█▎        | 11/88 [00:02<00:17,  4.28it/s, loss=0.660]
  epoch 2/3:  12%|█▎        | 11/88 [00:03<00:17,  4.28it/s, loss=0.652]
  epoch 2/3:  14%|█▎        | 12/88 [00:03<00:17,  4.28it/s, loss=0.652]
  epoch 2/3:  14%|█▎        | 12/88 [00:03<00:17,  4.28it/s, loss=0.639]
  epoch 2/3:  15%|█▍        | 13/88 [00:03<00:17,  4.30it/s, loss=0.639]
  epoch 2/3:  15%|█▍        | 13/88 [00:03<00:17,  4.30it/s, loss=0.637]
  epoch 2/3:  16%|█▌        | 14/88 [00:03<00:17,  4.31it/s, loss=0.637]
  epoch 2/3:  16%|█▌        | 14/88 [00:03<00:17,  4.31it/s, loss=0.633]
  epoch 2/3:  17%|█▋        | 15/88 [00:03<00:16,  4.31it/s, loss=0.633]
  epoch 2/3:  17%|█▋        | 15/88 [00:03<00:16,  4.31it/s, loss=0.628]
  epoch 2/3:  18%|█▊        | 16/88 [00:03<00:16,  4.32it/s, loss=0.628]
  epoch 2/3:  18%|█▊        | 16/88 [00:04<00:16,  4.32it/s, loss=0.625]
  epoch 2/3:  19%|█▉        | 17/88 [00:04<00:16,  4.31it/s, loss=0.625]
  epoch 2/3:  19%|█▉        | 17/88 [00:04<00:16,  4.31it/s, loss=0.618]
  epoch 2/3:  20%|██        | 18/88 [00:04<00:16,  4.33it/s, loss=0.618]
  epoch 2/3:  20%|██        | 18/88 [00:04<00:16,  4.33it/s, loss=0.617]
  epoch 2/3:  22%|██▏       | 19/88 [00:04<00:15,  4.34it/s, loss=0.617]
  epoch 2/3:  22%|██▏       | 19/88 [00:04<00:15,  4.34it/s, loss=0.612]
  epoch 2/3:  23%|██▎       | 20/88 [00:04<00:15,  4.31it/s, loss=0.612]
  epoch 2/3:  23%|██▎       | 20/88 [00:05<00:15,  4.31it/s, loss=0.614]
  epoch 2/3:  24%|██▍       | 21/88 [00:05<00:15,  4.32it/s, loss=0.614]
  epoch 2/3:  24%|██▍       | 21/88 [00:05<00:15,  4.32it/s, loss=0.614]
  epoch 2/3:  25%|██▌       | 22/88 [00:05<00:15,  4.31it/s, loss=0.614]
  epoch 2/3:  25%|██▌       | 22/88 [00:05<00:15,  4.31it/s, loss=0.610]
  epoch 2/3:  26%|██▌       | 23/88 [00:05<00:15,  4.32it/s, loss=0.610]
  epoch 2/3:  26%|██▌       | 23/88 [00:05<00:15,  4.32it/s, loss=0.605]
  epoch 2/3:  27%|██▋       | 24/88 [00:05<00:15,  4.25it/s, loss=0.605]
  epoch 2/3:  27%|██▋       | 24/88 [00:06<00:15,  4.25it/s, loss=0.606]
  epoch 2/3:  28%|██▊       | 25/88 [00:06<00:14,  4.27it/s, loss=0.606]
  epoch 2/3:  28%|██▊       | 25/88 [00:06<00:14,  4.27it/s, loss=0.600]
  epoch 2/3:  30%|██▉       | 26/88 [00:06<00:14,  4.29it/s, loss=0.600]
  epoch 2/3:  30%|██▉       | 26/88 [00:06<00:14,  4.29it/s, loss=0.593]
  epoch 2/3:  31%|███       | 27/88 [00:06<00:14,  4.30it/s, loss=0.593]
  epoch 2/3:  31%|███       | 27/88 [00:06<00:14,  4.30it/s, loss=0.590]
  epoch 2/3:  32%|███▏      | 28/88 [00:06<00:13,  4.31it/s, loss=0.590]
  epoch 2/3:  32%|███▏      | 28/88 [00:06<00:13,  4.31it/s, loss=0.586]
  epoch 2/3:  33%|███▎      | 29/88 [00:06<00:13,  4.33it/s, loss=0.586]
  epoch 2/3:  33%|███▎      | 29/88 [00:07<00:13,  4.33it/s, loss=0.582]
  epoch 2/3:  34%|███▍      | 30/88 [00:07<00:13,  4.32it/s, loss=0.582]
  epoch 2/3:  34%|███▍      | 30/88 [00:07<00:13,  4.32it/s, loss=0.579]
  epoch 2/3:  35%|███▌      | 31/88 [00:07<00:13,  4.31it/s, loss=0.579]
  epoch 2/3:  35%|███▌      | 31/88 [00:07<00:13,  4.31it/s, loss=0.576]
  epoch 2/3:  36%|███▋      | 32/88 [00:07<00:12,  4.32it/s, loss=0.576]
  epoch 2/3:  36%|███▋      | 32/88 [00:07<00:12,  4.32it/s, loss=0.572]
  epoch 2/3:  38%|███▊      | 33/88 [00:07<00:12,  4.32it/s, loss=0.572]
  epoch 2/3:  38%|███▊      | 33/88 [00:08<00:12,  4.32it/s, loss=0.570]
  epoch 2/3:  39%|███▊      | 34/88 [00:08<00:12,  4.31it/s, loss=0.570]
  epoch 2/3:  39%|███▊      | 34/88 [00:08<00:12,  4.31it/s, loss=0.569]
  epoch 2/3:  40%|███▉      | 35/88 [00:08<00:12,  4.30it/s, loss=0.569]
  epoch 2/3:  40%|███▉      | 35/88 [00:08<00:12,  4.30it/s, loss=0.565]
  epoch 2/3:  41%|████      | 36/88 [00:08<00:12,  4.30it/s, loss=0.565]
  epoch 2/3:  41%|████      | 36/88 [00:08<00:12,  4.30it/s, loss=0.560]
  epoch 2/3:  42%|████▏     | 37/88 [00:08<00:11,  4.31it/s, loss=0.560]
  epoch 2/3:  42%|████▏     | 37/88 [00:09<00:11,  4.31it/s, loss=0.559]
  epoch 2/3:  43%|████▎     | 38/88 [00:09<00:11,  4.31it/s, loss=0.559]
  epoch 2/3:  43%|████▎     | 38/88 [00:09<00:11,  4.31it/s, loss=0.556]
  epoch 2/3:  44%|████▍     | 39/88 [00:09<00:11,  4.31it/s, loss=0.556]
  epoch 2/3:  44%|████▍     | 39/88 [00:09<00:11,  4.31it/s, loss=0.550]
  epoch 2/3:  45%|████▌     | 40/88 [00:09<00:11,  4.25it/s, loss=0.550]
  epoch 2/3:  45%|████▌     | 40/88 [00:09<00:11,  4.25it/s, loss=0.548]
  epoch 2/3:  47%|████▋     | 41/88 [00:09<00:11,  4.27it/s, loss=0.548]
  epoch 2/3:  47%|████▋     | 41/88 [00:10<00:11,  4.27it/s, loss=0.541]
  epoch 2/3:  48%|████▊     | 42/88 [00:10<00:10,  4.30it/s, loss=0.541]
  epoch 2/3:  48%|████▊     | 42/88 [00:10<00:10,  4.30it/s, loss=0.542]
  epoch 2/3:  49%|████▉     | 43/88 [00:10<00:10,  4.29it/s, loss=0.542]
  epoch 2/3:  49%|████▉     | 43/88 [00:10<00:10,  4.29it/s, loss=0.540]
  epoch 2/3:  50%|█████     | 44/88 [00:10<00:10,  4.30it/s, loss=0.540]
  epoch 2/3:  50%|█████     | 44/88 [00:10<00:10,  4.30it/s, loss=0.539]
  epoch 2/3:  51%|█████     | 45/88 [00:10<00:10,  4.29it/s, loss=0.539]
  epoch 2/3:  51%|█████     | 45/88 [00:10<00:10,  4.29it/s, loss=0.536]
  epoch 2/3:  52%|█████▏    | 46/88 [00:10<00:09,  4.32it/s, loss=0.536]
  epoch 2/3:  52%|█████▏    | 46/88 [00:11<00:09,  4.32it/s, loss=0.533]
  epoch 2/3:  53%|█████▎    | 47/88 [00:11<00:09,  4.33it/s, loss=0.533]
  epoch 2/3:  53%|█████▎    | 47/88 [00:11<00:09,  4.33it/s, loss=0.529]
  epoch 2/3:  55%|█████▍    | 48/88 [00:11<00:09,  4.31it/s, loss=0.529]
  epoch 2/3:  55%|█████▍    | 48/88 [00:11<00:09,  4.31it/s, loss=0.527]
  epoch 2/3:  56%|█████▌    | 49/88 [00:11<00:09,  4.32it/s, loss=0.527]
  epoch 2/3:  56%|█████▌    | 49/88 [00:11<00:09,  4.32it/s, loss=0.526]
  epoch 2/3:  57%|█████▋    | 50/88 [00:11<00:08,  4.31it/s, loss=0.526]
  epoch 2/3:  57%|█████▋    | 50/88 [00:12<00:08,  4.31it/s, loss=0.521]
  epoch 2/3:  58%|█████▊    | 51/88 [00:12<00:08,  4.32it/s, loss=0.521]
  epoch 2/3:  58%|█████▊    | 51/88 [00:12<00:08,  4.32it/s, loss=0.516]
  epoch 2/3:  59%|█████▉    | 52/88 [00:12<00:08,  4.32it/s, loss=0.516]
  epoch 2/3:  59%|█████▉    | 52/88 [00:12<00:08,  4.32it/s, loss=0.513]
  epoch 2/3:  60%|██████    | 53/88 [00:12<00:08,  4.32it/s, loss=0.513]
  epoch 2/3:  60%|██████    | 53/88 [00:12<00:08,  4.32it/s, loss=0.511]
  epoch 2/3:  61%|██████▏   | 54/88 [00:12<00:07,  4.34it/s, loss=0.511]
  epoch 2/3:  61%|██████▏   | 54/88 [00:13<00:07,  4.34it/s, loss=0.507]
  epoch 2/3:  62%|██████▎   | 55/88 [00:13<00:07,  4.31it/s, loss=0.507]
  epoch 2/3:  62%|██████▎   | 55/88 [00:13<00:07,  4.31it/s, loss=0.504]
  epoch 2/3:  64%|██████▎   | 56/88 [00:13<00:07,  4.25it/s, loss=0.504]
  epoch 2/3:  64%|██████▎   | 56/88 [00:13<00:07,  4.25it/s, loss=0.503]
  epoch 2/3:  65%|██████▍   | 57/88 [00:13<00:07,  4.27it/s, loss=0.503]
  epoch 2/3:  65%|██████▍   | 57/88 [00:13<00:07,  4.27it/s, loss=0.500]
  epoch 2/3:  66%|██████▌   | 58/88 [00:13<00:07,  4.25it/s, loss=0.500]
  epoch 2/3:  66%|██████▌   | 58/88 [00:13<00:07,  4.25it/s, loss=0.499]
  epoch 2/3:  67%|██████▋   | 59/88 [00:13<00:06,  4.26it/s, loss=0.499]
  epoch 2/3:  67%|██████▋   | 59/88 [00:14<00:06,  4.26it/s, loss=0.497]
  epoch 2/3:  68%|██████▊   | 60/88 [00:14<00:06,  4.26it/s, loss=0.497]
  epoch 2/3:  68%|██████▊   | 60/88 [00:14<00:06,  4.26it/s, loss=0.495]
  epoch 2/3:  69%|██████▉   | 61/88 [00:14<00:06,  4.29it/s, loss=0.495]
  epoch 2/3:  69%|██████▉   | 61/88 [00:14<00:06,  4.29it/s, loss=0.492]
  epoch 2/3:  70%|███████   | 62/88 [00:14<00:06,  4.27it/s, loss=0.492]
  epoch 2/3:  70%|███████   | 62/88 [00:14<00:06,  4.27it/s, loss=0.491]
  epoch 2/3:  72%|███████▏  | 63/88 [00:14<00:05,  4.29it/s, loss=0.491]
  epoch 2/3:  72%|███████▏  | 63/88 [00:15<00:05,  4.29it/s, loss=0.489]
  epoch 2/3:  73%|███████▎  | 64/88 [00:15<00:05,  4.28it/s, loss=0.489]
  epoch 2/3:  73%|███████▎  | 64/88 [00:15<00:05,  4.28it/s, loss=0.486]
  epoch 2/3:  74%|███████▍  | 65/88 [00:15<00:05,  4.28it/s, loss=0.486]
  epoch 2/3:  74%|███████▍  | 65/88 [00:15<00:05,  4.28it/s, loss=0.483]
  epoch 2/3:  75%|███████▌  | 66/88 [00:15<00:05,  4.28it/s, loss=0.483]
  epoch 2/3:  75%|███████▌  | 66/88 [00:15<00:05,  4.28it/s, loss=0.481]
  epoch 2/3:  76%|███████▌  | 67/88 [00:15<00:04,  4.29it/s, loss=0.481]
  epoch 2/3:  76%|███████▌  | 67/88 [00:16<00:04,  4.29it/s, loss=0.478]
  epoch 2/3:  77%|███████▋  | 68/88 [00:16<00:04,  4.27it/s, loss=0.478]
  epoch 2/3:  77%|███████▋  | 68/88 [00:16<00:04,  4.27it/s, loss=0.474]
  epoch 2/3:  78%|███████▊  | 69/88 [00:16<00:04,  4.29it/s, loss=0.474]
  epoch 2/3:  78%|███████▊  | 69/88 [00:16<00:04,  4.29it/s, loss=0.472]
  epoch 2/3:  80%|███████▉  | 70/88 [00:16<00:04,  4.27it/s, loss=0.472]
  epoch 2/3:  80%|███████▉  | 70/88 [00:16<00:04,  4.27it/s, loss=0.471]
  epoch 2/3:  81%|████████  | 71/88 [00:16<00:03,  4.30it/s, loss=0.471]
  epoch 2/3:  81%|████████  | 71/88 [00:17<00:03,  4.30it/s, loss=0.469]
  epoch 2/3:  82%|████████▏ | 72/88 [00:17<00:03,  4.22it/s, loss=0.469]
  epoch 2/3:  82%|████████▏ | 72/88 [00:17<00:03,  4.22it/s, loss=0.466]
  epoch 2/3:  83%|████████▎ | 73/88 [00:17<00:03,  4.23it/s, loss=0.466]
  epoch 2/3:  83%|████████▎ | 73/88 [00:17<00:03,  4.23it/s, loss=0.464]
  epoch 2/3:  84%|████████▍ | 74/88 [00:17<00:03,  4.27it/s, loss=0.464]
  epoch 2/3:  84%|████████▍ | 74/88 [00:17<00:03,  4.27it/s, loss=0.461]
  epoch 2/3:  85%|████████▌ | 75/88 [00:17<00:03,  4.25it/s, loss=0.461]
  epoch 2/3:  85%|████████▌ | 75/88 [00:17<00:03,  4.25it/s, loss=0.459]
  epoch 2/3:  86%|████████▋ | 76/88 [00:17<00:02,  4.27it/s, loss=0.459]
  epoch 2/3:  86%|████████▋ | 76/88 [00:18<00:02,  4.27it/s, loss=0.456]
  epoch 2/3:  88%|████████▊ | 77/88 [00:18<00:02,  4.26it/s, loss=0.456]
  epoch 2/3:  88%|████████▊ | 77/88 [00:18<00:02,  4.26it/s, loss=0.453]
  epoch 2/3:  89%|████████▊ | 78/88 [00:18<00:02,  4.27it/s, loss=0.453]
  epoch 2/3:  89%|████████▊ | 78/88 [00:18<00:02,  4.27it/s, loss=0.450]
  epoch 2/3:  90%|████████▉ | 79/88 [00:18<00:02,  4.27it/s, loss=0.450]
  epoch 2/3:  90%|████████▉ | 79/88 [00:18<00:02,  4.27it/s, loss=0.450]
  epoch 2/3:  91%|█████████ | 80/88 [00:18<00:01,  4.29it/s, loss=0.450]
  epoch 2/3:  91%|█████████ | 80/88 [00:19<00:01,  4.29it/s, loss=0.447]
  epoch 2/3:  92%|█████████▏| 81/88 [00:19<00:01,  4.27it/s, loss=0.447]
  epoch 2/3:  92%|█████████▏| 81/88 [00:19<00:01,  4.27it/s, loss=0.445]
  epoch 2/3:  93%|█████████▎| 82/88 [00:19<00:01,  4.28it/s, loss=0.445]
  epoch 2/3:  93%|█████████▎| 82/88 [00:19<00:01,  4.28it/s, loss=0.444]
  epoch 2/3:  94%|█████████▍| 83/88 [00:19<00:01,  4.28it/s, loss=0.444]
  epoch 2/3:  94%|█████████▍| 83/88 [00:19<00:01,  4.28it/s, loss=0.441]
  epoch 2/3:  95%|█████████▌| 84/88 [00:19<00:00,  4.29it/s, loss=0.441]
  epoch 2/3:  95%|█████████▌| 84/88 [00:20<00:00,  4.29it/s, loss=0.439]
  epoch 2/3:  97%|█████████▋| 85/88 [00:20<00:00,  4.29it/s, loss=0.439]
  epoch 2/3:  97%|█████████▋| 85/88 [00:20<00:00,  4.29it/s, loss=0.437]
  epoch 2/3:  98%|█████████▊| 86/88 [00:20<00:00,  4.30it/s, loss=0.437]
  epoch 2/3:  98%|█████████▊| 86/88 [00:20<00:00,  4.30it/s, loss=0.434]
  epoch 2/3:  99%|█████████▉| 87/88 [00:20<00:00,  4.28it/s, loss=0.434]
  epoch 2/3:  99%|█████████▉| 87/88 [00:20<00:00,  4.28it/s, loss=0.433]
  epoch 2/3: 100%|██████████| 88/88 [00:20<00:00,  4.55it/s, loss=0.433]
                                                                        

  epoch 3/3:   0%|          | 0/88 [00:00<?, ?it/s]
  epoch 3/3:   0%|          | 0/88 [00:00<?, ?it/s, loss=0.196]
  epoch 3/3:   1%|          | 1/88 [00:00<00:42,  2.03it/s, loss=0.196]
  epoch 3/3:   1%|          | 1/88 [00:00<00:42,  2.03it/s, loss=0.222]
  epoch 3/3:   2%|▏         | 2/88 [00:00<00:29,  2.94it/s, loss=0.222]
  epoch 3/3:   2%|▏         | 2/88 [00:00<00:29,  2.94it/s, loss=0.219]
  epoch 3/3:   3%|▎         | 3/88 [00:00<00:24,  3.42it/s, loss=0.219]
  epoch 3/3:   3%|▎         | 3/88 [00:01<00:24,  3.42it/s, loss=0.235]
  epoch 3/3:   5%|▍         | 4/88 [00:01<00:22,  3.71it/s, loss=0.235]
  epoch 3/3:   5%|▍         | 4/88 [00:01<00:22,  3.71it/s, loss=0.226]
  epoch 3/3:   6%|▌         | 5/88 [00:01<00:21,  3.89it/s, loss=0.226]
  epoch 3/3:   6%|▌         | 5/88 [00:01<00:21,  3.89it/s, loss=0.229]
  epoch 3/3:   7%|▋         | 6/88 [00:01<00:20,  3.99it/s, loss=0.229]
  epoch 3/3:   7%|▋         | 6/88 [00:01<00:20,  3.99it/s, loss=0.225]
  epoch 3/3:   8%|▊         | 7/88 [00:01<00:19,  4.08it/s, loss=0.225]
  epoch 3/3:   8%|▊         | 7/88 [00:02<00:19,  4.08it/s, loss=0.226]
  epoch 3/3:   9%|▉         | 8/88 [00:02<00:19,  4.14it/s, loss=0.226]
  epoch 3/3:   9%|▉         | 8/88 [00:02<00:19,  4.14it/s, loss=0.227]
  epoch 3/3:  10%|█         | 9/88 [00:02<00:18,  4.19it/s, loss=0.227]
  epoch 3/3:  10%|█         | 9/88 [00:02<00:18,  4.19it/s, loss=0.240]
  epoch 3/3:  11%|█▏        | 10/88 [00:02<00:18,  4.22it/s, loss=0.240]
  epoch 3/3:  11%|█▏        | 10/88 [00:02<00:18,  4.22it/s, loss=0.236]
  epoch 3/3:  12%|█▎        | 11/88 [00:02<00:18,  4.24it/s, loss=0.236]
  epoch 3/3:  12%|█▎        | 11/88 [00:03<00:18,  4.24it/s, loss=0.230]
  epoch 3/3:  14%|█▎        | 12/88 [00:03<00:17,  4.24it/s, loss=0.230]
  epoch 3/3:  14%|█▎        | 12/88 [00:03<00:17,  4.24it/s, loss=0.229]
  epoch 3/3:  15%|█▍        | 13/88 [00:03<00:17,  4.25it/s, loss=0.229]
  epoch 3/3:  15%|█▍        | 13/88 [00:03<00:17,  4.25it/s, loss=0.234]
  epoch 3/3:  16%|█▌        | 14/88 [00:03<00:17,  4.26it/s, loss=0.234]
  epoch 3/3:  16%|█▌        | 14/88 [00:03<00:17,  4.26it/s, loss=0.233]
  epoch 3/3:  17%|█▋        | 15/88 [00:03<00:17,  4.26it/s, loss=0.233]
  epoch 3/3:  17%|█▋        | 15/88 [00:04<00:17,  4.26it/s, loss=0.239]
  epoch 3/3:  18%|█▊        | 16/88 [00:04<00:17,  4.22it/s, loss=0.239]
  epoch 3/3:  18%|█▊        | 16/88 [00:04<00:17,  4.22it/s, loss=0.238]
  epoch 3/3:  19%|█▉        | 17/88 [00:04<00:16,  4.23it/s, loss=0.238]
  epoch 3/3:  19%|█▉        | 17/88 [00:04<00:16,  4.23it/s, loss=0.237]
  epoch 3/3:  20%|██        | 18/88 [00:04<00:16,  4.23it/s, loss=0.237]
  epoch 3/3:  20%|██        | 18/88 [00:04<00:16,  4.23it/s, loss=0.234]
  epoch 3/3:  22%|██▏       | 19/88 [00:04<00:16,  4.26it/s, loss=0.234]
  epoch 3/3:  22%|██▏       | 19/88 [00:04<00:16,  4.26it/s, loss=0.235]
  epoch 3/3:  23%|██▎       | 20/88 [00:04<00:15,  4.25it/s, loss=0.235]
  epoch 3/3:  23%|██▎       | 20/88 [00:05<00:15,  4.25it/s, loss=0.234]
  epoch 3/3:  24%|██▍       | 21/88 [00:05<00:15,  4.26it/s, loss=0.234]
  epoch 3/3:  24%|██▍       | 21/88 [00:05<00:15,  4.26it/s, loss=0.236]
  epoch 3/3:  25%|██▌       | 22/88 [00:05<00:15,  4.26it/s, loss=0.236]
  epoch 3/3:  25%|██▌       | 22/88 [00:05<00:15,  4.26it/s, loss=0.234]
  epoch 3/3:  26%|██▌       | 23/88 [00:05<00:15,  4.27it/s, loss=0.234]
  epoch 3/3:  26%|██▌       | 23/88 [00:05<00:15,  4.27it/s, loss=0.231]
  epoch 3/3:  27%|██▋       | 24/88 [00:05<00:15,  4.25it/s, loss=0.231]
  epoch 3/3:  27%|██▋       | 24/88 [00:06<00:15,  4.25it/s, loss=0.232]
  epoch 3/3:  28%|██▊       | 25/88 [00:06<00:14,  4.27it/s, loss=0.232]
  epoch 3/3:  28%|██▊       | 25/88 [00:06<00:14,  4.27it/s, loss=0.229]
  epoch 3/3:  30%|██▉       | 26/88 [00:06<00:14,  4.26it/s, loss=0.229]
  epoch 3/3:  30%|██▉       | 26/88 [00:06<00:14,  4.26it/s, loss=0.225]
  epoch 3/3:  31%|███       | 27/88 [00:06<00:14,  4.25it/s, loss=0.225]
  epoch 3/3:  31%|███       | 27/88 [00:06<00:14,  4.25it/s, loss=0.225]
  epoch 3/3:  32%|███▏      | 28/88 [00:06<00:14,  4.27it/s, loss=0.225]
  epoch 3/3:  32%|███▏      | 28/88 [00:07<00:14,  4.27it/s, loss=0.224]
  epoch 3/3:  33%|███▎      | 29/88 [00:07<00:13,  4.26it/s, loss=0.224]
  epoch 3/3:  33%|███▎      | 29/88 [00:07<00:13,  4.26it/s, loss=0.227]
  epoch 3/3:  34%|███▍      | 30/88 [00:07<00:13,  4.27it/s, loss=0.227]
  epoch 3/3:  34%|███▍      | 30/88 [00:07<00:13,  4.27it/s, loss=0.225]
  epoch 3/3:  35%|███▌      | 31/88 [00:07<00:13,  4.25it/s, loss=0.225]
  epoch 3/3:  35%|███▌      | 31/88 [00:07<00:13,  4.25it/s, loss=0.223]
  epoch 3/3:  36%|███▋      | 32/88 [00:07<00:13,  4.19it/s, loss=0.223]
  epoch 3/3:  36%|███▋      | 32/88 [00:08<00:13,  4.19it/s, loss=0.223]
  epoch 3/3:  38%|███▊      | 33/88 [00:08<00:13,  4.20it/s, loss=0.223]
  epoch 3/3:  38%|███▊      | 33/88 [00:08<00:13,  4.20it/s, loss=0.221]
  epoch 3/3:  39%|███▊      | 34/88 [00:08<00:12,  4.23it/s, loss=0.221]
  epoch 3/3:  39%|███▊      | 34/88 [00:08<00:12,  4.23it/s, loss=0.221]
  epoch 3/3:  40%|███▉      | 35/88 [00:08<00:12,  4.24it/s, loss=0.221]
  epoch 3/3:  40%|███▉      | 35/88 [00:08<00:12,  4.24it/s, loss=0.219]
  epoch 3/3:  41%|████      | 36/88 [00:08<00:12,  4.24it/s, loss=0.219]
  epoch 3/3:  41%|████      | 36/88 [00:08<00:12,  4.24it/s, loss=0.218]
  epoch 3/3:  42%|████▏     | 37/88 [00:08<00:12,  4.25it/s, loss=0.218]
  epoch 3/3:  42%|████▏     | 37/88 [00:09<00:12,  4.25it/s, loss=0.217]
  epoch 3/3:  43%|████▎     | 38/88 [00:09<00:11,  4.25it/s, loss=0.217]
  epoch 3/3:  43%|████▎     | 38/88 [00:09<00:11,  4.25it/s, loss=0.217]
  epoch 3/3:  44%|████▍     | 39/88 [00:09<00:11,  4.26it/s, loss=0.217]
  epoch 3/3:  44%|████▍     | 39/88 [00:09<00:11,  4.26it/s, loss=0.216]
  epoch 3/3:  45%|████▌     | 40/88 [00:09<00:11,  4.25it/s, loss=0.216]
  epoch 3/3:  45%|████▌     | 40/88 [00:09<00:11,  4.25it/s, loss=0.215]
  epoch 3/3:  47%|████▋     | 41/88 [00:09<00:11,  4.26it/s, loss=0.215]
  epoch 3/3:  47%|████▋     | 41/88 [00:10<00:11,  4.26it/s, loss=0.216]
  epoch 3/3:  48%|████▊     | 42/88 [00:10<00:10,  4.23it/s, loss=0.216]
  epoch 3/3:  48%|████▊     | 42/88 [00:10<00:10,  4.23it/s, loss=0.215]
  epoch 3/3:  49%|████▉     | 43/88 [00:10<00:10,  4.24it/s, loss=0.215]
  epoch 3/3:  49%|████▉     | 43/88 [00:10<00:10,  4.24it/s, loss=0.214]
  epoch 3/3:  50%|█████     | 44/88 [00:10<00:10,  4.25it/s, loss=0.214]
  epoch 3/3:  50%|█████     | 44/88 [00:10<00:10,  4.25it/s, loss=0.214]
  epoch 3/3:  51%|█████     | 45/88 [00:10<00:10,  4.25it/s, loss=0.214]
  epoch 3/3:  51%|█████     | 45/88 [00:11<00:10,  4.25it/s, loss=0.214]
  epoch 3/3:  52%|█████▏    | 46/88 [00:11<00:09,  4.25it/s, loss=0.214]
  epoch 3/3:  52%|█████▏    | 46/88 [00:11<00:09,  4.25it/s, loss=0.214]
  epoch 3/3:  53%|█████▎    | 47/88 [00:11<00:09,  4.24it/s, loss=0.214]
  epoch 3/3:  53%|█████▎    | 47/88 [00:11<00:09,  4.24it/s, loss=0.213]
  epoch 3/3:  55%|█████▍    | 48/88 [00:11<00:09,  4.18it/s, loss=0.213]
  epoch 3/3:  55%|█████▍    | 48/88 [00:11<00:09,  4.18it/s, loss=0.213]
  epoch 3/3:  56%|█████▌    | 49/88 [00:11<00:09,  4.21it/s, loss=0.213]
  epoch 3/3:  56%|█████▌    | 49/88 [00:12<00:09,  4.21it/s, loss=0.212]
  epoch 3/3:  57%|█████▋    | 50/88 [00:12<00:09,  4.22it/s, loss=0.212]
  epoch 3/3:  57%|█████▋    | 50/88 [00:12<00:09,  4.22it/s, loss=0.211]
  epoch 3/3:  58%|█████▊    | 51/88 [00:12<00:08,  4.21it/s, loss=0.211]
  epoch 3/3:  58%|█████▊    | 51/88 [00:12<00:08,  4.21it/s, loss=0.211]
  epoch 3/3:  59%|█████▉    | 52/88 [00:12<00:08,  4.22it/s, loss=0.211]
  epoch 3/3:  59%|█████▉    | 52/88 [00:12<00:08,  4.22it/s, loss=0.211]
  epoch 3/3:  60%|██████    | 53/88 [00:12<00:08,  4.23it/s, loss=0.211]
  epoch 3/3:  60%|██████    | 53/88 [00:12<00:08,  4.23it/s, loss=0.210]
  epoch 3/3:  61%|██████▏   | 54/88 [00:12<00:08,  4.22it/s, loss=0.210]
  epoch 3/3:  61%|██████▏   | 54/88 [00:13<00:08,  4.22it/s, loss=0.209]
  epoch 3/3:  62%|██████▎   | 55/88 [00:13<00:07,  4.23it/s, loss=0.209]
  epoch 3/3:  62%|██████▎   | 55/88 [00:13<00:07,  4.23it/s, loss=0.208]
  epoch 3/3:  64%|██████▎   | 56/88 [00:13<00:07,  4.24it/s, loss=0.208]
  epoch 3/3:  64%|██████▎   | 56/88 [00:13<00:07,  4.24it/s, loss=0.210]
  epoch 3/3:  65%|██████▍   | 57/88 [00:13<00:07,  4.24it/s, loss=0.210]
  epoch 3/3:  65%|██████▍   | 57/88 [00:13<00:07,  4.24it/s, loss=0.208]
  epoch 3/3:  66%|██████▌   | 58/88 [00:13<00:07,  4.25it/s, loss=0.208]
  epoch 3/3:  66%|██████▌   | 58/88 [00:14<00:07,  4.25it/s, loss=0.206]
  epoch 3/3:  67%|██████▋   | 59/88 [00:14<00:06,  4.23it/s, loss=0.206]
  epoch 3/3:  67%|██████▋   | 59/88 [00:14<00:06,  4.23it/s, loss=0.206]
  epoch 3/3:  68%|██████▊   | 60/88 [00:14<00:06,  4.24it/s, loss=0.206]
  epoch 3/3:  68%|██████▊   | 60/88 [00:14<00:06,  4.24it/s, loss=0.205]
