
[2026-07-26 09:20:36] $ /usr/bin/python3 /home/an/RaybanMeta/uav-continual-learning/scripts/run_g1.py --config /home/an/RaybanMeta/uav-continual-learning/configs/g2_titans_resisc45_selfmod_m3_legacy.yaml --skip-existing --set seed=0 train.lr=0.001 train.eval_ncm_head=true train.max_state_norm=10000 train.max_state_norm_growth=10 log.dir=/home/an/RaybanMeta/uav-continual-learning/artifacts/titan_m3_study log.run_tag=legacy
== G1 run: dataset=resisc45 method=titans seed=0 device=cuda
Warning: You are sending unauthenticated requests to the HF Hub. Please set a HF_TOKEN to enable higher rate limits and faster downloads.
task 0: 5 classes [airplane, airport, desert, runway, stadium] | train 2800 / val 350 / test 350
task 1: 5 classes [church, dense_residential, lake, tennis_court, thermal_power_station] | train 2800 / val 350 / test 350
task 2: 5 classes [bridge, chaparral, freeway, island, railway] | train 2800 / val 350 / test 350
task 3: 5 classes [commercial_area, golf_course, medium_residential, parking_lot, terrace] | train 2800 / val 350 / test 350
task 4: 5 classes [cloud, harbor, palace, sea_ice, ship] | train 2800 / val 350 / test 350
task 5: 5 classes [basketball_court, roundabout, snowberg, sparse_residential, wetland] | train 2800 / val 350 / test 350
task 6: 5 classes [beach, circular_farmland, forest, industrial_area, storage_tank] | train 2800 / val 350 / test 350
task 7: 5 classes [intersection, meadow, mountain, railway_station, rectangular_farmland] | train 2800 / val 350 / test 350
task 8: 5 classes [baseball_diamond, ground_track_field, mobile_home_park, overpass, river] | train 2800 / val 350 / test 350
[titans] seq=image_seq reset=never chunk=32
[task 0] classes=[0, 1, 12, 34, 39] | train=2800

  epoch 1/3:   0%|          | 0/88 [00:00<?, ?it/s]
  epoch 1/3:   0%|          | 0/88 [00:01<?, ?it/s, loss=1.746]
  epoch 1/3:   1%|          | 1/88 [00:01<02:15,  1.56s/it, loss=1.746]
  epoch 1/3:   1%|          | 1/88 [00:01<02:15,  1.56s/it, loss=1.779]
  epoch 1/3:   2%|▏         | 2/88 [00:01<01:09,  1.25it/s, loss=1.779]
  epoch 1/3:   2%|▏         | 2/88 [00:02<01:09,  1.25it/s, loss=1.661]
  epoch 1/3:   3%|▎         | 3/88 [00:02<00:46,  1.82it/s, loss=1.661]
  epoch 1/3:   3%|▎         | 3/88 [00:02<00:46,  1.82it/s, loss=1.553]
  epoch 1/3:   5%|▍         | 4/88 [00:02<00:36,  2.31it/s, loss=1.553]
  epoch 1/3:   5%|▍         | 4/88 [00:02<00:36,  2.31it/s, loss=1.468]
  epoch 1/3:   6%|▌         | 5/88 [00:02<00:30,  2.71it/s, loss=1.468]
  epoch 1/3:   6%|▌         | 5/88 [00:02<00:30,  2.71it/s, loss=1.378]
  epoch 1/3:   7%|▋         | 6/88 [00:02<00:27,  3.03it/s, loss=1.378]
  epoch 1/3:   7%|▋         | 6/88 [00:03<00:27,  3.03it/s, loss=1.304]
  epoch 1/3:   8%|▊         | 7/88 [00:03<00:24,  3.26it/s, loss=1.304]
  epoch 1/3:   8%|▊         | 7/88 [00:03<00:24,  3.26it/s, loss=1.226]
  epoch 1/3:   9%|▉         | 8/88 [00:03<00:23,  3.45it/s, loss=1.226]
  epoch 1/3:   9%|▉         | 8/88 [00:03<00:23,  3.45it/s, loss=1.137]
  epoch 1/3:  10%|█         | 9/88 [00:03<00:22,  3.58it/s, loss=1.137]
  epoch 1/3:  10%|█         | 9/88 [00:03<00:22,  3.58it/s, loss=1.062]
  epoch 1/3:  11%|█▏        | 10/88 [00:03<00:21,  3.66it/s, loss=1.062]
  epoch 1/3:  11%|█▏        | 10/88 [00:04<00:21,  3.66it/s, loss=0.992]
  epoch 1/3:  12%|█▎        | 11/88 [00:04<00:20,  3.74it/s, loss=0.992]
  epoch 1/3:  12%|█▎        | 11/88 [00:04<00:20,  3.74it/s, loss=0.933]
  epoch 1/3:  14%|█▎        | 12/88 [00:04<00:20,  3.79it/s, loss=0.933]
  epoch 1/3:  14%|█▎        | 12/88 [00:04<00:20,  3.79it/s, loss=0.877]
  epoch 1/3:  15%|█▍        | 13/88 [00:04<00:19,  3.81it/s, loss=0.877]
  epoch 1/3:  15%|█▍        | 13/88 [00:04<00:19,  3.81it/s, loss=0.823]
  epoch 1/3:  16%|█▌        | 14/88 [00:04<00:19,  3.84it/s, loss=0.823]
  epoch 1/3:  16%|█▌        | 14/88 [00:05<00:19,  3.84it/s, loss=0.779]
  epoch 1/3:  17%|█▋        | 15/88 [00:05<00:18,  3.86it/s, loss=0.779]
  epoch 1/3:  17%|█▋        | 15/88 [00:05<00:18,  3.86it/s, loss=0.750]
  epoch 1/3:  18%|█▊        | 16/88 [00:05<00:18,  3.82it/s, loss=0.750]
  epoch 1/3:  18%|█▊        | 16/88 [00:05<00:18,  3.82it/s, loss=0.731]
  epoch 1/3:  19%|█▉        | 17/88 [00:05<00:18,  3.83it/s, loss=0.731]
  epoch 1/3:  19%|█▉        | 17/88 [00:05<00:18,  3.83it/s, loss=0.693]
  epoch 1/3:  20%|██        | 18/88 [00:05<00:18,  3.83it/s, loss=0.693]
  epoch 1/3:  20%|██        | 18/88 [00:06<00:18,  3.83it/s, loss=0.661]
  epoch 1/3:  22%|██▏       | 19/88 [00:06<00:18,  3.82it/s, loss=0.661]
  epoch 1/3:  22%|██▏       | 19/88 [00:06<00:18,  3.82it/s, loss=0.644]
  epoch 1/3:  23%|██▎       | 20/88 [00:06<00:17,  3.81it/s, loss=0.644]
  epoch 1/3:  23%|██▎       | 20/88 [00:06<00:17,  3.81it/s, loss=0.620]
  epoch 1/3:  24%|██▍       | 21/88 [00:06<00:17,  3.81it/s, loss=0.620]
  epoch 1/3:  24%|██▍       | 21/88 [00:06<00:17,  3.81it/s, loss=0.594]
  epoch 1/3:  25%|██▌       | 22/88 [00:06<00:17,  3.81it/s, loss=0.594]
  epoch 1/3:  25%|██▌       | 22/88 [00:07<00:17,  3.81it/s, loss=0.581]
  epoch 1/3:  26%|██▌       | 23/88 [00:07<00:17,  3.80it/s, loss=0.581]
  epoch 1/3:  26%|██▌       | 23/88 [00:07<00:17,  3.80it/s, loss=0.566]
  epoch 1/3:  27%|██▋       | 24/88 [00:07<00:16,  3.80it/s, loss=0.566]
  epoch 1/3:  27%|██▋       | 24/88 [00:07<00:16,  3.80it/s, loss=0.555]
  epoch 1/3:  28%|██▊       | 25/88 [00:07<00:16,  3.80it/s, loss=0.555]
  epoch 1/3:  28%|██▊       | 25/88 [00:08<00:16,  3.80it/s, loss=0.535]
  epoch 1/3:  30%|██▉       | 26/88 [00:08<00:16,  3.79it/s, loss=0.535]
  epoch 1/3:  30%|██▉       | 26/88 [00:08<00:16,  3.79it/s, loss=0.527]
  epoch 1/3:  31%|███       | 27/88 [00:08<00:16,  3.80it/s, loss=0.527]
  epoch 1/3:  31%|███       | 27/88 [00:08<00:16,  3.80it/s, loss=0.519]
  epoch 1/3:  32%|███▏      | 28/88 [00:08<00:15,  3.79it/s, loss=0.519]
  epoch 1/3:  32%|███▏      | 28/88 [00:08<00:15,  3.79it/s, loss=0.509]
  epoch 1/3:  33%|███▎      | 29/88 [00:08<00:15,  3.80it/s, loss=0.509]
  epoch 1/3:  33%|███▎      | 29/88 [00:09<00:15,  3.80it/s, loss=0.493]
  epoch 1/3:  34%|███▍      | 30/88 [00:09<00:15,  3.79it/s, loss=0.493]
  epoch 1/3:  34%|███▍      | 30/88 [00:09<00:15,  3.79it/s, loss=0.482]
  epoch 1/3:  35%|███▌      | 31/88 [00:09<00:15,  3.79it/s, loss=0.482]
  epoch 1/3:  35%|███▌      | 31/88 [00:09<00:15,  3.79it/s, loss=0.473]
  epoch 1/3:  36%|███▋      | 32/88 [00:09<00:14,  3.75it/s, loss=0.473]
  epoch 1/3:  36%|███▋      | 32/88 [00:09<00:14,  3.75it/s, loss=0.460]
  epoch 1/3:  38%|███▊      | 33/88 [00:09<00:14,  3.77it/s, loss=0.460]
  epoch 1/3:  38%|███▊      | 33/88 [00:10<00:14,  3.77it/s, loss=0.448]
  epoch 1/3:  39%|███▊      | 34/88 [00:10<00:14,  3.78it/s, loss=0.448]
  epoch 1/3:  39%|███▊      | 34/88 [00:10<00:14,  3.78it/s, loss=0.447]
  epoch 1/3:  40%|███▉      | 35/88 [00:10<00:14,  3.78it/s, loss=0.447]
  epoch 1/3:  40%|███▉      | 35/88 [00:10<00:14,  3.78it/s, loss=0.443]
  epoch 1/3:  41%|████      | 36/88 [00:10<00:13,  3.77it/s, loss=0.443]
  epoch 1/3:  41%|████      | 36/88 [00:10<00:13,  3.77it/s, loss=0.439]
  epoch 1/3:  42%|████▏     | 37/88 [00:10<00:13,  3.78it/s, loss=0.439]
  epoch 1/3:  42%|████▏     | 37/88 [00:11<00:13,  3.78it/s, loss=0.444]
  epoch 1/3:  43%|████▎     | 38/88 [00:11<00:13,  3.78it/s, loss=0.444]
  epoch 1/3:  43%|████▎     | 38/88 [00:11<00:13,  3.78it/s, loss=0.437]
  epoch 1/3:  44%|████▍     | 39/88 [00:11<00:13,  3.76it/s, loss=0.437]
  epoch 1/3:  44%|████▍     | 39/88 [00:11<00:13,  3.76it/s, loss=0.430]
  epoch 1/3:  45%|████▌     | 40/88 [00:11<00:12,  3.77it/s, loss=0.430]
  epoch 1/3:  45%|████▌     | 40/88 [00:12<00:12,  3.77it/s, loss=0.426]
  epoch 1/3:  47%|████▋     | 41/88 [00:12<00:12,  3.77it/s, loss=0.426]
  epoch 1/3:  47%|████▋     | 41/88 [00:12<00:12,  3.77it/s, loss=0.429]
  epoch 1/3:  48%|████▊     | 42/88 [00:12<00:12,  3.78it/s, loss=0.429]
  epoch 1/3:  48%|████▊     | 42/88 [00:12<00:12,  3.78it/s, loss=0.421]
  epoch 1/3:  49%|████▉     | 43/88 [00:12<00:11,  3.78it/s, loss=0.421]
  epoch 1/3:  49%|████▉     | 43/88 [00:12<00:11,  3.78it/s, loss=0.414]
  epoch 1/3:  50%|█████     | 44/88 [00:12<00:11,  3.79it/s, loss=0.414]
  epoch 1/3:  50%|█████     | 44/88 [00:13<00:11,  3.79it/s, loss=0.410]
  epoch 1/3:  51%|█████     | 45/88 [00:13<00:11,  3.78it/s, loss=0.410]
  epoch 1/3:  51%|█████     | 45/88 [00:13<00:11,  3.78it/s, loss=0.401]
  epoch 1/3:  52%|█████▏    | 46/88 [00:13<00:11,  3.77it/s, loss=0.401]
  epoch 1/3:  52%|█████▏    | 46/88 [00:13<00:11,  3.77it/s, loss=0.400]
  epoch 1/3:  53%|█████▎    | 47/88 [00:13<00:10,  3.75it/s, loss=0.400]
  epoch 1/3:  53%|█████▎    | 47/88 [00:13<00:10,  3.75it/s, loss=0.398]
  epoch 1/3:  55%|█████▍    | 48/88 [00:13<00:10,  3.68it/s, loss=0.398]
  epoch 1/3:  55%|█████▍    | 48/88 [00:14<00:10,  3.68it/s, loss=0.390]
  epoch 1/3:  56%|█████▌    | 49/88 [00:14<00:10,  3.71it/s, loss=0.390]
  epoch 1/3:  56%|█████▌    | 49/88 [00:14<00:10,  3.71it/s, loss=0.390]
  epoch 1/3:  57%|█████▋    | 50/88 [00:14<00:09,  3.88it/s, loss=0.390]
  epoch 1/3:  57%|█████▋    | 50/88 [00:14<00:09,  3.88it/s, loss=0.386]
  epoch 1/3:  58%|█████▊    | 51/88 [00:14<00:09,  3.84it/s, loss=0.386]
  epoch 1/3:  58%|█████▊    | 51/88 [00:14<00:09,  3.84it/s, loss=0.381]
  epoch 1/3:  59%|█████▉    | 52/88 [00:14<00:09,  3.81it/s, loss=0.381]
  epoch 1/3:  59%|█████▉    | 52/88 [00:15<00:09,  3.81it/s, loss=0.374]
  epoch 1/3:  60%|██████    | 53/88 [00:15<00:09,  3.78it/s, loss=0.374]
  epoch 1/3:  60%|██████    | 53/88 [00:15<00:09,  3.78it/s, loss=0.369]
  epoch 1/3:  61%|██████▏   | 54/88 [00:15<00:09,  3.74it/s, loss=0.369]
  epoch 1/3:  61%|██████▏   | 54/88 [00:15<00:09,  3.74it/s, loss=0.362]
  epoch 1/3:  62%|██████▎   | 55/88 [00:15<00:08,  3.75it/s, loss=0.362]
  epoch 1/3:  62%|██████▎   | 55/88 [00:16<00:08,  3.75it/s, loss=0.357]
  epoch 1/3:  64%|██████▎   | 56/88 [00:16<00:08,  3.74it/s, loss=0.357]
  epoch 1/3:  64%|██████▎   | 56/88 [00:16<00:08,  3.74it/s, loss=0.353]
  epoch 1/3:  65%|██████▍   | 57/88 [00:16<00:08,  3.70it/s, loss=0.353]
  epoch 1/3:  65%|██████▍   | 57/88 [00:16<00:08,  3.70it/s, loss=0.347]
  epoch 1/3:  66%|██████▌   | 58/88 [00:16<00:08,  3.64it/s, loss=0.347]
  epoch 1/3:  66%|██████▌   | 58/88 [00:16<00:08,  3.64it/s, loss=0.341]
  epoch 1/3:  67%|██████▋   | 59/88 [00:16<00:07,  3.67it/s, loss=0.341]
  epoch 1/3:  67%|██████▋   | 59/88 [00:17<00:07,  3.67it/s, loss=0.341]
  epoch 1/3:  68%|██████▊   | 60/88 [00:17<00:07,  3.67it/s, loss=0.341]
  epoch 1/3:  68%|██████▊   | 60/88 [00:17<00:07,  3.67it/s, loss=0.339]
  epoch 1/3:  69%|██████▉   | 61/88 [00:17<00:07,  3.67it/s, loss=0.339]
  epoch 1/3:  69%|██████▉   | 61/88 [00:17<00:07,  3.67it/s, loss=0.337]
  epoch 1/3:  70%|███████   | 62/88 [00:17<00:07,  3.67it/s, loss=0.337]
  epoch 1/3:  70%|███████   | 62/88 [00:17<00:07,  3.67it/s, loss=0.334]
  epoch 1/3:  72%|███████▏  | 63/88 [00:17<00:06,  3.66it/s, loss=0.334]
  epoch 1/3:  72%|███████▏  | 63/88 [00:18<00:06,  3.66it/s, loss=0.332]
  epoch 1/3:  73%|███████▎  | 64/88 [00:18<00:06,  3.61it/s, loss=0.332]
  epoch 1/3:  73%|███████▎  | 64/88 [00:18<00:06,  3.61it/s, loss=0.329]
  epoch 1/3:  74%|███████▍  | 65/88 [00:18<00:06,  3.64it/s, loss=0.329]
  epoch 1/3:  74%|███████▍  | 65/88 [00:18<00:06,  3.64it/s, loss=0.327]
  epoch 1/3:  75%|███████▌  | 66/88 [00:18<00:06,  3.63it/s, loss=0.327]
  epoch 1/3:  75%|███████▌  | 66/88 [00:19<00:06,  3.63it/s, loss=0.322]
  epoch 1/3:  76%|███████▌  | 67/88 [00:19<00:05,  3.64it/s, loss=0.322]
  epoch 1/3:  76%|███████▌  | 67/88 [00:19<00:05,  3.64it/s, loss=0.317]
  epoch 1/3:  77%|███████▋  | 68/88 [00:19<00:05,  3.64it/s, loss=0.317]
  epoch 1/3:  77%|███████▋  | 68/88 [00:19<00:05,  3.64it/s, loss=0.314]
  epoch 1/3:  78%|███████▊  | 69/88 [00:19<00:05,  3.64it/s, loss=0.314]
  epoch 1/3:  78%|███████▊  | 69/88 [00:19<00:05,  3.64it/s, loss=0.311]
  epoch 1/3:  80%|███████▉  | 70/88 [00:19<00:04,  3.64it/s, loss=0.311]
  epoch 1/3:  80%|███████▉  | 70/88 [00:20<00:04,  3.64it/s, loss=0.311]
  epoch 1/3:  81%|████████  | 71/88 [00:20<00:04,  3.64it/s, loss=0.311]
  epoch 1/3:  81%|████████  | 71/88 [00:20<00:04,  3.64it/s, loss=0.309]
  epoch 1/3:  82%|████████▏ | 72/88 [00:20<00:04,  3.65it/s, loss=0.309]
  epoch 1/3:  82%|████████▏ | 72/88 [00:20<00:04,  3.65it/s, loss=0.311]
  epoch 1/3:  83%|████████▎ | 73/88 [00:20<00:04,  3.65it/s, loss=0.311]
  epoch 1/3:  83%|████████▎ | 73/88 [00:20<00:04,  3.65it/s, loss=0.310]
  epoch 1/3:  84%|████████▍ | 74/88 [00:20<00:03,  3.64it/s, loss=0.310]
  epoch 1/3:  84%|████████▍ | 74/88 [00:21<00:03,  3.64it/s, loss=0.306]
  epoch 1/3:  85%|████████▌ | 75/88 [00:21<00:03,  3.64it/s, loss=0.306]
  epoch 1/3:  85%|████████▌ | 75/88 [00:21<00:03,  3.64it/s, loss=0.302]
  epoch 1/3:  86%|████████▋ | 76/88 [00:21<00:03,  3.66it/s, loss=0.302]
  epoch 1/3:  86%|████████▋ | 76/88 [00:21<00:03,  3.66it/s, loss=0.301]
  epoch 1/3:  88%|████████▊ | 77/88 [00:21<00:03,  3.64it/s, loss=0.301]
  epoch 1/3:  88%|████████▊ | 77/88 [00:22<00:03,  3.64it/s, loss=0.298]
  epoch 1/3:  89%|████████▊ | 78/88 [00:22<00:02,  3.65it/s, loss=0.298]
  epoch 1/3:  89%|████████▊ | 78/88 [00:22<00:02,  3.65it/s, loss=0.295]
  epoch 1/3:  90%|████████▉ | 79/88 [00:22<00:02,  3.64it/s, loss=0.295]
  epoch 1/3:  90%|████████▉ | 79/88 [00:22<00:02,  3.64it/s, loss=0.294]
  epoch 1/3:  91%|█████████ | 80/88 [00:22<00:02,  3.58it/s, loss=0.294]
  epoch 1/3:  91%|█████████ | 80/88 [00:22<00:02,  3.58it/s, loss=0.291]
  epoch 1/3:  92%|█████████▏| 81/88 [00:22<00:01,  3.59it/s, loss=0.291]
  epoch 1/3:  92%|█████████▏| 81/88 [00:23<00:01,  3.59it/s, loss=0.288]
  epoch 1/3:  93%|█████████▎| 82/88 [00:23<00:01,  3.59it/s, loss=0.288]
  epoch 1/3:  93%|█████████▎| 82/88 [00:23<00:01,  3.59it/s, loss=0.285]
  epoch 1/3:  94%|█████████▍| 83/88 [00:23<00:01,  3.60it/s, loss=0.285]
  epoch 1/3:  94%|█████████▍| 83/88 [00:23<00:01,  3.60it/s, loss=0.282]
  epoch 1/3:  95%|█████████▌| 84/88 [00:23<00:01,  3.60it/s, loss=0.282]
  epoch 1/3:  95%|█████████▌| 84/88 [00:24<00:01,  3.60it/s, loss=0.279]
  epoch 1/3:  97%|█████████▋| 85/88 [00:24<00:00,  3.60it/s, loss=0.279]
  epoch 1/3:  97%|█████████▋| 85/88 [00:24<00:00,  3.60it/s, loss=0.279]
  epoch 1/3:  98%|█████████▊| 86/88 [00:24<00:00,  3.62it/s, loss=0.279]
  epoch 1/3:  98%|█████████▊| 86/88 [00:24<00:00,  3.62it/s, loss=0.277]
  epoch 1/3:  99%|█████████▉| 87/88 [00:24<00:00,  3.60it/s, loss=0.277]
  epoch 1/3:  99%|█████████▉| 87/88 [00:24<00:00,  3.60it/s, loss=0.276]
  epoch 1/3: 100%|██████████| 88/88 [00:24<00:00,  3.93it/s, loss=0.276]
                                                                        

  epoch 2/3:   0%|          | 0/88 [00:00<?, ?it/s]
  epoch 2/3:   0%|          | 0/88 [00:00<?, ?it/s, loss=0.084]
  epoch 2/3:   1%|          | 1/88 [00:00<00:47,  1.84it/s, loss=0.084]
  epoch 2/3:   1%|          | 1/88 [00:00<00:47,  1.84it/s, loss=0.150]
  epoch 2/3:   2%|▏         | 2/88 [00:00<00:33,  2.58it/s, loss=0.150]
  epoch 2/3:   2%|▏         | 2/88 [00:01<00:33,  2.58it/s, loss=0.108]
  epoch 2/3:   3%|▎         | 3/88 [00:01<00:28,  2.97it/s, loss=0.108]
  epoch 2/3:   3%|▎         | 3/88 [00:01<00:28,  2.97it/s, loss=0.135]
  epoch 2/3:   5%|▍         | 4/88 [00:01<00:26,  3.17it/s, loss=0.135]
  epoch 2/3:   5%|▍         | 4/88 [00:01<00:26,  3.17it/s, loss=0.157]
  epoch 2/3:   6%|▌         | 5/88 [00:01<00:25,  3.29it/s, loss=0.157]
  epoch 2/3:   6%|▌         | 5/88 [00:01<00:25,  3.29it/s, loss=0.132]
  epoch 2/3:   7%|▋         | 6/88 [00:01<00:24,  3.38it/s, loss=0.132]
  epoch 2/3:   7%|▋         | 6/88 [00:02<00:24,  3.38it/s, loss=0.113]
  epoch 2/3:   8%|▊         | 7/88 [00:02<00:23,  3.45it/s, loss=0.113]
  epoch 2/3:   8%|▊         | 7/88 [00:02<00:23,  3.45it/s, loss=0.099]
  epoch 2/3:   9%|▉         | 8/88 [00:02<00:23,  3.45it/s, loss=0.099]
  epoch 2/3:   9%|▉         | 8/88 [00:02<00:23,  3.45it/s, loss=0.089]
  epoch 2/3:  10%|█         | 9/88 [00:02<00:22,  3.49it/s, loss=0.089]
  epoch 2/3:  10%|█         | 9/88 [00:03<00:22,  3.49it/s, loss=0.107]
  epoch 2/3:  11%|█▏        | 10/88 [00:03<00:22,  3.51it/s, loss=0.107]
  epoch 2/3:  11%|█▏        | 10/88 [00:03<00:22,  3.51it/s, loss=0.118]
  epoch 2/3:  12%|█▎        | 11/88 [00:03<00:21,  3.54it/s, loss=0.118]
  epoch 2/3:  12%|█▎        | 11/88 [00:03<00:21,  3.54it/s, loss=0.119]
  epoch 2/3:  14%|█▎        | 12/88 [00:03<00:21,  3.54it/s, loss=0.119]
  epoch 2/3:  14%|█▎        | 12/88 [00:03<00:21,  3.54it/s, loss=0.110]
  epoch 2/3:  15%|█▍        | 13/88 [00:03<00:21,  3.54it/s, loss=0.110]
  epoch 2/3:  15%|█▍        | 13/88 [00:04<00:21,  3.54it/s, loss=0.116]
  epoch 2/3:  16%|█▌        | 14/88 [00:04<00:20,  3.53it/s, loss=0.116]
  epoch 2/3:  16%|█▌        | 14/88 [00:04<00:20,  3.53it/s, loss=0.108]
  epoch 2/3:  17%|█▋        | 15/88 [00:04<00:20,  3.53it/s, loss=0.108]
  epoch 2/3:  17%|█▋        | 15/88 [00:04<00:20,  3.53it/s, loss=0.101]
  epoch 2/3:  18%|█▊        | 16/88 [00:04<00:20,  3.53it/s, loss=0.101]
  epoch 2/3:  18%|█▊        | 16/88 [00:05<00:20,  3.53it/s, loss=0.101]
  epoch 2/3:  19%|█▉        | 17/88 [00:05<00:20,  3.53it/s, loss=0.101]
  epoch 2/3:  19%|█▉        | 17/88 [00:05<00:20,  3.53it/s, loss=0.102]
  epoch 2/3:  20%|██        | 18/88 [00:05<00:19,  3.52it/s, loss=0.102]
  epoch 2/3:  20%|██        | 18/88 [00:05<00:19,  3.52it/s, loss=0.098]
  epoch 2/3:  22%|██▏       | 19/88 [00:05<00:19,  3.52it/s, loss=0.098]
  epoch 2/3:  22%|██▏       | 19/88 [00:05<00:19,  3.52it/s, loss=0.100]
  epoch 2/3:  23%|██▎       | 20/88 [00:05<00:19,  3.52it/s, loss=0.100]
  epoch 2/3:  23%|██▎       | 20/88 [00:06<00:19,  3.52it/s, loss=0.102]
  epoch 2/3:  24%|██▍       | 21/88 [00:06<00:19,  3.52it/s, loss=0.102]
  epoch 2/3:  24%|██▍       | 21/88 [00:06<00:19,  3.52it/s, loss=0.099]
  epoch 2/3:  25%|██▌       | 22/88 [00:06<00:18,  3.52it/s, loss=0.099]
  epoch 2/3:  25%|██▌       | 22/88 [00:06<00:18,  3.52it/s, loss=0.098]
  epoch 2/3:  26%|██▌       | 23/88 [00:06<00:18,  3.52it/s, loss=0.098]
  epoch 2/3:  26%|██▌       | 23/88 [00:07<00:18,  3.52it/s, loss=0.094]
  epoch 2/3:  27%|██▋       | 24/88 [00:07<00:18,  3.47it/s, loss=0.094]
  epoch 2/3:  27%|██▋       | 24/88 [00:07<00:18,  3.47it/s, loss=0.093]
  epoch 2/3:  28%|██▊       | 25/88 [00:07<00:18,  3.50it/s, loss=0.093]
  epoch 2/3:  28%|██▊       | 25/88 [00:07<00:18,  3.50it/s, loss=0.098]
  epoch 2/3:  30%|██▉       | 26/88 [00:07<00:17,  3.50it/s, loss=0.098]
  epoch 2/3:  30%|██▉       | 26/88 [00:07<00:17,  3.50it/s, loss=0.096]
  epoch 2/3:  31%|███       | 27/88 [00:07<00:17,  3.50it/s, loss=0.096]
  epoch 2/3:  31%|███       | 27/88 [00:08<00:17,  3.50it/s, loss=0.099]
  epoch 2/3:  32%|███▏      | 28/88 [00:08<00:17,  3.50it/s, loss=0.099]
  epoch 2/3:  32%|███▏      | 28/88 [00:08<00:17,  3.50it/s, loss=0.095]
  epoch 2/3:  33%|███▎      | 29/88 [00:08<00:16,  3.49it/s, loss=0.095]
  epoch 2/3:  33%|███▎      | 29/88 [00:08<00:16,  3.49it/s, loss=0.092]
  epoch 2/3:  34%|███▍      | 30/88 [00:08<00:16,  3.50it/s, loss=0.092]
  epoch 2/3:  34%|███▍      | 30/88 [00:09<00:16,  3.50it/s, loss=0.097]
  epoch 2/3:  35%|███▌      | 31/88 [00:09<00:16,  3.51it/s, loss=0.097]
  epoch 2/3:  35%|███▌      | 31/88 [00:09<00:16,  3.51it/s, loss=0.095]
  epoch 2/3:  36%|███▋      | 32/88 [00:09<00:15,  3.51it/s, loss=0.095]
  epoch 2/3:  36%|███▋      | 32/88 [00:09<00:15,  3.51it/s, loss=0.092]
  epoch 2/3:  38%|███▊      | 33/88 [00:09<00:15,  3.50it/s, loss=0.092]
  epoch 2/3:  38%|███▊      | 33/88 [00:09<00:15,  3.50it/s, loss=0.092]
  epoch 2/3:  39%|███▊      | 34/88 [00:09<00:15,  3.52it/s, loss=0.092]
  epoch 2/3:  39%|███▊      | 34/88 [00:10<00:15,  3.52it/s, loss=0.090]
  epoch 2/3:  40%|███▉      | 35/88 [00:10<00:15,  3.51it/s, loss=0.090]
  epoch 2/3:  40%|███▉      | 35/88 [00:10<00:15,  3.51it/s, loss=0.093]
  epoch 2/3:  41%|████      | 36/88 [00:10<00:14,  3.51it/s, loss=0.093]
  epoch 2/3:  41%|████      | 36/88 [00:10<00:14,  3.51it/s, loss=0.100]
  epoch 2/3:  42%|████▏     | 37/88 [00:10<00:14,  3.51it/s, loss=0.100]
  epoch 2/3:  42%|████▏     | 37/88 [00:11<00:14,  3.51it/s, loss=0.097]
  epoch 2/3:  43%|████▎     | 38/88 [00:11<00:14,  3.51it/s, loss=0.097]
  epoch 2/3:  43%|████▎     | 38/88 [00:11<00:14,  3.51it/s, loss=0.095]
  epoch 2/3:  44%|████▍     | 39/88 [00:11<00:13,  3.53it/s, loss=0.095]
  epoch 2/3:  44%|████▍     | 39/88 [00:11<00:13,  3.53it/s, loss=0.100]
  epoch 2/3:  45%|████▌     | 40/88 [00:11<00:13,  3.48it/s, loss=0.100]
  epoch 2/3:  45%|████▌     | 40/88 [00:11<00:13,  3.48it/s, loss=0.098]
  epoch 2/3:  47%|████▋     | 41/88 [00:11<00:13,  3.49it/s, loss=0.098]
  epoch 2/3:  47%|████▋     | 41/88 [00:12<00:13,  3.49it/s, loss=0.097]
  epoch 2/3:  48%|████▊     | 42/88 [00:12<00:13,  3.49it/s, loss=0.097]
  epoch 2/3:  48%|████▊     | 42/88 [00:12<00:13,  3.49it/s, loss=0.096]
  epoch 2/3:  49%|████▉     | 43/88 [00:12<00:12,  3.49it/s, loss=0.096]
  epoch 2/3:  49%|████▉     | 43/88 [00:12<00:12,  3.49it/s, loss=0.094]
  epoch 2/3:  50%|█████     | 44/88 [00:12<00:12,  3.49it/s, loss=0.094]
  epoch 2/3:  50%|█████     | 44/88 [00:13<00:12,  3.49it/s, loss=0.102]
  epoch 2/3:  51%|█████     | 45/88 [00:13<00:12,  3.51it/s, loss=0.102]
  epoch 2/3:  51%|█████     | 45/88 [00:13<00:12,  3.51it/s, loss=0.100]
  epoch 2/3:  52%|█████▏    | 46/88 [00:13<00:11,  3.51it/s, loss=0.100]
  epoch 2/3:  52%|█████▏    | 46/88 [00:13<00:11,  3.51it/s, loss=0.106]
  epoch 2/3:  53%|█████▎    | 47/88 [00:13<00:11,  3.50it/s, loss=0.106]
  epoch 2/3:  53%|█████▎    | 47/88 [00:13<00:11,  3.50it/s, loss=0.104]
  epoch 2/3:  55%|█████▍    | 48/88 [00:13<00:11,  3.52it/s, loss=0.104]
  epoch 2/3:  55%|█████▍    | 48/88 [00:14<00:11,  3.52it/s, loss=0.102]
  epoch 2/3:  56%|█████▌    | 49/88 [00:14<00:11,  3.52it/s, loss=0.102]
  epoch 2/3:  56%|█████▌    | 49/88 [00:14<00:11,  3.52it/s, loss=0.100]
  epoch 2/3:  57%|█████▋    | 50/88 [00:14<00:10,  3.52it/s, loss=0.100]
  epoch 2/3:  57%|█████▋    | 50/88 [00:14<00:10,  3.52it/s, loss=0.100]
  epoch 2/3:  58%|█████▊    | 51/88 [00:14<00:10,  3.52it/s, loss=0.100]
  epoch 2/3:  58%|█████▊    | 51/88 [00:15<00:10,  3.52it/s, loss=0.104]
  epoch 2/3:  59%|█████▉    | 52/88 [00:15<00:10,  3.52it/s, loss=0.104]
  epoch 2/3:  59%|█████▉    | 52/88 [00:15<00:10,  3.52it/s, loss=0.103]
  epoch 2/3:  60%|██████    | 53/88 [00:15<00:09,  3.53it/s, loss=0.103]
  epoch 2/3:  60%|██████    | 53/88 [00:15<00:09,  3.53it/s, loss=0.101]
  epoch 2/3:  61%|██████▏   | 54/88 [00:15<00:09,  3.52it/s, loss=0.101]
  epoch 2/3:  61%|██████▏   | 54/88 [00:15<00:09,  3.52it/s, loss=0.104]
  epoch 2/3:  62%|██████▎   | 55/88 [00:15<00:09,  3.52it/s, loss=0.104]
  epoch 2/3:  62%|██████▎   | 55/88 [00:16<00:09,  3.52it/s, loss=0.102]
  epoch 2/3:  64%|██████▎   | 56/88 [00:16<00:09,  3.47it/s, loss=0.102]
  epoch 2/3:  64%|██████▎   | 56/88 [00:16<00:09,  3.47it/s, loss=0.113]
  epoch 2/3:  65%|██████▍   | 57/88 [00:16<00:08,  3.49it/s, loss=0.113]
  epoch 2/3:  65%|██████▍   | 57/88 [00:16<00:08,  3.49it/s, loss=0.116]
  epoch 2/3:  66%|██████▌   | 58/88 [00:16<00:08,  3.50it/s, loss=0.116]
  epoch 2/3:  66%|██████▌   | 58/88 [00:17<00:08,  3.50it/s, loss=0.121]
  epoch 2/3:  67%|██████▋   | 59/88 [00:17<00:08,  3.51it/s, loss=0.121]
  epoch 2/3:  67%|██████▋   | 59/88 [00:17<00:08,  3.51it/s, loss=0.126]
  epoch 2/3:  68%|██████▊   | 60/88 [00:17<00:07,  3.51it/s, loss=0.126]
  epoch 2/3:  68%|██████▊   | 60/88 [00:17<00:07,  3.51it/s, loss=0.128]
  epoch 2/3:  69%|██████▉   | 61/88 [00:17<00:07,  3.52it/s, loss=0.128]
  epoch 2/3:  69%|██████▉   | 61/88 [00:17<00:07,  3.52it/s, loss=0.128]
  epoch 2/3:  70%|███████   | 62/88 [00:17<00:07,  3.51it/s, loss=0.128]
  epoch 2/3:  70%|███████   | 62/88 [00:18<00:07,  3.51it/s, loss=0.129]
  epoch 2/3:  72%|███████▏  | 63/88 [00:18<00:07,  3.52it/s, loss=0.129]
  epoch 2/3:  72%|███████▏  | 63/88 [00:18<00:07,  3.52it/s, loss=0.128]
  epoch 2/3:  73%|███████▎  | 64/88 [00:18<00:06,  3.53it/s, loss=0.128]
  epoch 2/3:  73%|███████▎  | 64/88 [00:18<00:06,  3.53it/s, loss=0.134]
  epoch 2/3:  74%|███████▍  | 65/88 [00:18<00:06,  3.57it/s, loss=0.134]
  epoch 2/3:  74%|███████▍  | 65/88 [00:19<00:06,  3.57it/s, loss=0.134]
  epoch 2/3:  75%|███████▌  | 66/88 [00:19<00:06,  3.55it/s, loss=0.134]
  epoch 2/3:  75%|███████▌  | 66/88 [00:19<00:06,  3.55it/s, loss=0.132]
  epoch 2/3:  76%|███████▌  | 67/88 [00:19<00:05,  3.55it/s, loss=0.132]
  epoch 2/3:  76%|███████▌  | 67/88 [00:19<00:05,  3.55it/s, loss=0.130]
  epoch 2/3:  77%|███████▋  | 68/88 [00:19<00:05,  3.55it/s, loss=0.130]
  epoch 2/3:  77%|███████▋  | 68/88 [00:19<00:05,  3.55it/s, loss=0.134]
  epoch 2/3:  78%|███████▊  | 69/88 [00:19<00:05,  3.56it/s, loss=0.134]
  epoch 2/3:  78%|███████▊  | 69/88 [00:20<00:05,  3.56it/s, loss=0.136]
  epoch 2/3:  80%|███████▉  | 70/88 [00:20<00:05,  3.56it/s, loss=0.136]
  epoch 2/3:  80%|███████▉  | 70/88 [00:20<00:05,  3.56it/s, loss=0.138]
  epoch 2/3:  81%|████████  | 71/88 [00:20<00:04,  3.58it/s, loss=0.138]
  epoch 2/3:  81%|████████  | 71/88 [00:20<00:04,  3.58it/s, loss=0.138]
  epoch 2/3:  82%|████████▏ | 72/88 [00:20<00:04,  3.52it/s, loss=0.138]
  epoch 2/3:  82%|████████▏ | 72/88 [00:20<00:04,  3.52it/s, loss=0.137]
  epoch 2/3:  83%|████████▎ | 73/88 [00:20<00:04,  3.56it/s, loss=0.137]
  epoch 2/3:  83%|████████▎ | 73/88 [00:21<00:04,  3.56it/s, loss=0.140]
  epoch 2/3:  84%|████████▍ | 74/88 [00:21<00:03,  3.56it/s, loss=0.140]
  epoch 2/3:  84%|████████▍ | 74/88 [00:21<00:03,  3.56it/s, loss=0.138]
  epoch 2/3:  85%|████████▌ | 75/88 [00:21<00:03,  3.58it/s, loss=0.138]
  epoch 2/3:  85%|████████▌ | 75/88 [00:21<00:03,  3.58it/s, loss=0.136]
  epoch 2/3:  86%|████████▋ | 76/88 [00:21<00:03,  3.58it/s, loss=0.136]
  epoch 2/3:  86%|████████▋ | 76/88 [00:22<00:03,  3.58it/s, loss=0.135]
  epoch 2/3:  88%|████████▊ | 77/88 [00:22<00:03,  3.59it/s, loss=0.135]
  epoch 2/3:  88%|████████▊ | 77/88 [00:22<00:03,  3.59it/s, loss=0.134]
  epoch 2/3:  89%|████████▊ | 78/88 [00:22<00:02,  3.59it/s, loss=0.134]
  epoch 2/3:  89%|████████▊ | 78/88 [00:22<00:02,  3.59it/s, loss=0.133]
  epoch 2/3:  90%|████████▉ | 79/88 [00:22<00:02,  3.60it/s, loss=0.133]
  epoch 2/3:  90%|████████▉ | 79/88 [00:22<00:02,  3.60it/s, loss=0.132]
  epoch 2/3:  91%|█████████ | 80/88 [00:22<00:02,  3.61it/s, loss=0.132]
  epoch 2/3:  91%|█████████ | 80/88 [00:23<00:02,  3.61it/s, loss=0.130]
  epoch 2/3:  92%|█████████▏| 81/88 [00:23<00:01,  3.62it/s, loss=0.130]
  epoch 2/3:  92%|█████████▏| 81/88 [00:23<00:01,  3.62it/s, loss=0.132]
  epoch 2/3:  93%|█████████▎| 82/88 [00:23<00:01,  3.63it/s, loss=0.132]
  epoch 2/3:  93%|█████████▎| 82/88 [00:23<00:01,  3.63it/s, loss=0.134]
  epoch 2/3:  94%|█████████▍| 83/88 [00:23<00:01,  3.63it/s, loss=0.134]
  epoch 2/3:  94%|█████████▍| 83/88 [00:24<00:01,  3.63it/s, loss=0.134]
  epoch 2/3:  95%|█████████▌| 84/88 [00:24<00:01,  3.64it/s, loss=0.134]
  epoch 2/3:  95%|█████████▌| 84/88 [00:24<00:01,  3.64it/s, loss=0.136]
  epoch 2/3:  97%|█████████▋| 85/88 [00:24<00:00,  3.64it/s, loss=0.136]
  epoch 2/3:  97%|█████████▋| 85/88 [00:24<00:00,  3.64it/s, loss=0.137]
  epoch 2/3:  98%|█████████▊| 86/88 [00:24<00:00,  3.65it/s, loss=0.137]
  epoch 2/3:  98%|█████████▊| 86/88 [00:24<00:00,  3.65it/s, loss=0.140]
  epoch 2/3:  99%|█████████▉| 87/88 [00:24<00:00,  3.65it/s, loss=0.140]
  epoch 2/3:  99%|█████████▉| 87/88 [00:25<00:00,  3.65it/s, loss=0.142]
  epoch 2/3: 100%|██████████| 88/88 [00:25<00:00,  3.93it/s, loss=0.142]
                                                                        

  epoch 3/3:   0%|          | 0/88 [00:00<?, ?it/s]
  epoch 3/3:   0%|          | 0/88 [00:00<?, ?it/s, loss=0.091]
  epoch 3/3:   1%|          | 1/88 [00:00<00:46,  1.89it/s, loss=0.091]
  epoch 3/3:   1%|          | 1/88 [00:00<00:46,  1.89it/s, loss=0.048]
  epoch 3/3:   2%|▏         | 2/88 [00:00<00:32,  2.64it/s, loss=0.048]
  epoch 3/3:   2%|▏         | 2/88 [00:01<00:32,  2.64it/s, loss=0.032]
  epoch 3/3:   3%|▎         | 3/88 [00:01<00:28,  3.03it/s, loss=0.032]
  epoch 3/3:   3%|▎         | 3/88 [00:01<00:28,  3.03it/s, loss=0.046]
  epoch 3/3:   5%|▍         | 4/88 [00:01<00:25,  3.24it/s, loss=0.046]
  epoch 3/3:   5%|▍         | 4/88 [00:01<00:25,  3.24it/s, loss=0.039]
  epoch 3/3:   6%|▌         | 5/88 [00:01<00:24,  3.37it/s, loss=0.039]
  epoch 3/3:   6%|▌         | 5/88 [00:01<00:24,  3.37it/s, loss=0.033]
  epoch 3/3:   7%|▋         | 6/88 [00:01<00:23,  3.47it/s, loss=0.033]
  epoch 3/3:   7%|▋         | 6/88 [00:02<00:23,  3.47it/s, loss=0.035]
  epoch 3/3:   8%|▊         | 7/88 [00:02<00:22,  3.53it/s, loss=0.035]
  epoch 3/3:   8%|▊         | 7/88 [00:02<00:22,  3.53it/s, loss=0.030]
  epoch 3/3:   9%|▉         | 8/88 [00:02<00:22,  3.57it/s, loss=0.030]
  epoch 3/3:   9%|▉         | 8/88 [00:02<00:22,  3.57it/s, loss=0.066]
  epoch 3/3:  10%|█         | 9/88 [00:02<00:21,  3.61it/s, loss=0.066]
  epoch 3/3:  10%|█         | 9/88 [00:02<00:21,  3.61it/s, loss=0.073]
  epoch 3/3:  11%|█▏        | 10/88 [00:02<00:21,  3.63it/s, loss=0.073]
  epoch 3/3:  11%|█▏        | 10/88 [00:03<00:21,  3.63it/s, loss=0.070]
  epoch 3/3:  12%|█▎        | 11/88 [00:03<00:21,  3.65it/s, loss=0.070]
  epoch 3/3:  12%|█▎        | 11/88 [00:03<00:21,  3.65it/s, loss=0.072]
  epoch 3/3:  14%|█▎        | 12/88 [00:03<00:20,  3.66it/s, loss=0.072]
  epoch 3/3:  14%|█▎        | 12/88 [00:03<00:20,  3.66it/s, loss=0.067]
  epoch 3/3:  15%|█▍        | 13/88 [00:03<00:20,  3.66it/s, loss=0.067]
  epoch 3/3:  15%|█▍        | 13/88 [00:04<00:20,  3.66it/s, loss=0.077]
  epoch 3/3:  16%|█▌        | 14/88 [00:04<00:20,  3.69it/s, loss=0.077]
  epoch 3/3:  16%|█▌        | 14/88 [00:04<00:20,  3.69it/s, loss=0.073]
  epoch 3/3:  17%|█▋        | 15/88 [00:04<00:19,  3.71it/s, loss=0.073]
  epoch 3/3:  17%|█▋        | 15/88 [00:04<00:19,  3.71it/s, loss=0.070]
  epoch 3/3:  18%|█▊        | 16/88 [00:04<00:19,  3.65it/s, loss=0.070]
  epoch 3/3:  18%|█▊        | 16/88 [00:04<00:19,  3.65it/s, loss=0.101]
  epoch 3/3:  19%|█▉        | 17/88 [00:04<00:19,  3.68it/s, loss=0.101]
  epoch 3/3:  19%|█▉        | 17/88 [00:05<00:19,  3.68it/s, loss=0.097]
  epoch 3/3:  20%|██        | 18/88 [00:05<00:18,  3.69it/s, loss=0.097]
  epoch 3/3:  20%|██        | 18/88 [00:05<00:18,  3.69it/s, loss=0.094]
  epoch 3/3:  22%|██▏       | 19/88 [00:05<00:18,  3.69it/s, loss=0.094]
  epoch 3/3:  22%|██▏       | 19/88 [00:05<00:18,  3.69it/s, loss=0.091]
  epoch 3/3:  23%|██▎       | 20/88 [00:05<00:18,  3.70it/s, loss=0.091]
  epoch 3/3:  23%|██▎       | 20/88 [00:05<00:18,  3.70it/s, loss=0.101]
  epoch 3/3:  24%|██▍       | 21/88 [00:05<00:18,  3.70it/s, loss=0.101]
  epoch 3/3:  24%|██▍       | 21/88 [00:06<00:18,  3.70it/s, loss=0.103]
  epoch 3/3:  25%|██▌       | 22/88 [00:06<00:17,  3.70it/s, loss=0.103]
  epoch 3/3:  25%|██▌       | 22/88 [00:06<00:17,  3.70it/s, loss=0.098]
  epoch 3/3:  26%|██▌       | 23/88 [00:06<00:17,  3.72it/s, loss=0.098]
  epoch 3/3:  26%|██▌       | 23/88 [00:06<00:17,  3.72it/s, loss=0.099]
  epoch 3/3:  27%|██▋       | 24/88 [00:06<00:17,  3.71it/s, loss=0.099]
  epoch 3/3:  27%|██▋       | 24/88 [00:07<00:17,  3.71it/s, loss=0.096]
  epoch 3/3:  28%|██▊       | 25/88 [00:07<00:17,  3.70it/s, loss=0.096]
  epoch 3/3:  28%|██▊       | 25/88 [00:07<00:17,  3.70it/s, loss=0.093]
  epoch 3/3:  30%|██▉       | 26/88 [00:07<00:16,  3.71it/s, loss=0.093]
  epoch 3/3:  30%|██▉       | 26/88 [00:07<00:16,  3.71it/s, loss=0.089]
  epoch 3/3:  31%|███       | 27/88 [00:07<00:16,  3.73it/s, loss=0.089]
  epoch 3/3:  31%|███       | 27/88 [00:07<00:16,  3.73it/s, loss=0.108]
  epoch 3/3:  32%|███▏      | 28/88 [00:07<00:16,  3.72it/s, loss=0.108]
  epoch 3/3:  32%|███▏      | 28/88 [00:08<00:16,  3.72it/s, loss=0.106]
  epoch 3/3:  33%|███▎      | 29/88 [00:08<00:15,  3.74it/s, loss=0.106]
  epoch 3/3:  33%|███▎      | 29/88 [00:08<00:15,  3.74it/s, loss=0.109]
  epoch 3/3:  34%|███▍      | 30/88 [00:08<00:15,  3.72it/s, loss=0.109]
  epoch 3/3:  34%|███▍      | 30/88 [00:08<00:15,  3.72it/s, loss=0.106]
  epoch 3/3:  35%|███▌      | 31/88 [00:08<00:15,  3.73it/s, loss=0.106]
  epoch 3/3:  35%|███▌      | 31/88 [00:08<00:15,  3.73it/s, loss=0.102]
  epoch 3/3:  36%|███▋      | 32/88 [00:08<00:15,  3.69it/s, loss=0.102]
  epoch 3/3:  36%|███▋      | 32/88 [00:09<00:15,  3.69it/s, loss=0.100]
  epoch 3/3:  38%|███▊      | 33/88 [00:09<00:14,  3.69it/s, loss=0.100]
  epoch 3/3:  38%|███▊      | 33/88 [00:09<00:14,  3.69it/s, loss=0.099]
  epoch 3/3:  39%|███▊      | 34/88 [00:09<00:14,  3.71it/s, loss=0.099]
  epoch 3/3:  39%|███▊      | 34/88 [00:09<00:14,  3.71it/s, loss=0.106]
  epoch 3/3:  40%|███▉      | 35/88 [00:09<00:14,  3.73it/s, loss=0.106]
  epoch 3/3:  40%|███▉      | 35/88 [00:09<00:14,  3.73it/s, loss=0.104]
  epoch 3/3:  41%|████      | 36/88 [00:09<00:13,  3.73it/s, loss=0.104]
  epoch 3/3:  41%|████      | 36/88 [00:10<00:13,  3.73it/s, loss=0.101]
  epoch 3/3:  42%|████▏     | 37/88 [00:10<00:13,  3.73it/s, loss=0.101]
  epoch 3/3:  42%|████▏     | 37/88 [00:10<00:13,  3.73it/s, loss=0.098]
  epoch 3/3:  43%|████▎     | 38/88 [00:10<00:13,  3.72it/s, loss=0.098]
  epoch 3/3:  43%|████▎     | 38/88 [00:10<00:13,  3.72it/s, loss=0.096]
  epoch 3/3:  44%|████▍     | 39/88 [00:10<00:13,  3.75it/s, loss=0.096]
  epoch 3/3:  44%|████▍     | 39/88 [00:11<00:13,  3.75it/s, loss=0.094]
  epoch 3/3:  45%|████▌     | 40/88 [00:11<00:12,  3.76it/s, loss=0.094]
  epoch 3/3:  45%|████▌     | 40/88 [00:11<00:12,  3.76it/s, loss=0.093]
  epoch 3/3:  47%|████▋     | 41/88 [00:11<00:12,  3.77it/s, loss=0.093]
  epoch 3/3:  47%|████▋     | 41/88 [00:11<00:12,  3.77it/s, loss=0.096]
  epoch 3/3:  48%|████▊     | 42/88 [00:11<00:12,  3.78it/s, loss=0.096]
  epoch 3/3:  48%|████▊     | 42/88 [00:11<00:12,  3.78it/s, loss=0.095]
  epoch 3/3:  49%|████▉     | 43/88 [00:11<00:11,  3.79it/s, loss=0.095]
  epoch 3/3:  49%|████▉     | 43/88 [00:12<00:11,  3.79it/s, loss=0.099]
  epoch 3/3:  50%|█████     | 44/88 [00:12<00:11,  3.79it/s, loss=0.099]
  epoch 3/3:  50%|█████     | 44/88 [00:12<00:11,  3.79it/s, loss=0.097]
  epoch 3/3:  51%|█████     | 45/88 [00:12<00:11,  3.79it/s, loss=0.097]
  epoch 3/3:  51%|█████     | 45/88 [00:12<00:11,  3.79it/s, loss=0.095]
  epoch 3/3:  52%|█████▏    | 46/88 [00:12<00:11,  3.79it/s, loss=0.095]
  epoch 3/3:  52%|█████▏    | 46/88 [00:12<00:11,  3.79it/s, loss=0.098]
  epoch 3/3:  53%|█████▎    | 47/88 [00:12<00:10,  3.79it/s, loss=0.098]
  epoch 3/3:  53%|█████▎    | 47/88 [00:13<00:10,  3.79it/s, loss=0.096]
  epoch 3/3:  55%|█████▍    | 48/88 [00:13<00:10,  3.74it/s, loss=0.096]
  epoch 3/3:  55%|█████▍    | 48/88 [00:13<00:10,  3.74it/s, loss=0.103]
  epoch 3/3:  56%|█████▌    | 49/88 [00:13<00:10,  3.75it/s, loss=0.103]
  epoch 3/3:  56%|█████▌    | 49/88 [00:13<00:10,  3.75it/s, loss=0.111]
  epoch 3/3:  57%|█████▋    | 50/88 [00:13<00:10,  3.75it/s, loss=0.111]
  epoch 3/3:  57%|█████▋    | 50/88 [00:13<00:10,  3.75it/s, loss=0.114]
  epoch 3/3:  58%|█████▊    | 51/88 [00:13<00:09,  3.75it/s, loss=0.114]
  epoch 3/3:  58%|█████▊    | 51/88 [00:14<00:09,  3.75it/s, loss=0.116]
  epoch 3/3:  59%|█████▉    | 52/88 [00:14<00:09,  3.77it/s, loss=0.116]
  epoch 3/3:  59%|█████▉    | 52/88 [00:14<00:09,  3.77it/s, loss=0.114]
  epoch 3/3:  60%|██████    | 53/88 [00:14<00:09,  3.78it/s, loss=0.114]
  epoch 3/3:  60%|██████    | 53/88 [00:14<00:09,  3.78it/s, loss=0.112]
  epoch 3/3:  61%|██████▏   | 54/88 [00:14<00:08,  3.78it/s, loss=0.112]
  epoch 3/3:  61%|██████▏   | 54/88 [00:15<00:08,  3.78it/s, loss=0.110]
  epoch 3/3:  62%|██████▎   | 55/88 [00:15<00:08,  3.78it/s, loss=0.110]
  epoch 3/3:  62%|██████▎   | 55/88 [00:15<00:08,  3.78it/s, loss=0.115]
  epoch 3/3:  64%|██████▎   | 56/88 [00:15<00:08,  3.79it/s, loss=0.115]
  epoch 3/3:  64%|██████▎   | 56/88 [00:15<00:08,  3.79it/s, loss=0.113]
  epoch 3/3:  65%|██████▍   | 57/88 [00:15<00:08,  3.79it/s, loss=0.113]
  epoch 3/3:  65%|██████▍   | 57/88 [00:15<00:08,  3.79it/s, loss=0.112]
  epoch 3/3:  66%|██████▌   | 58/88 [00:15<00:07,  3.79it/s, loss=0.112]
  epoch 3/3:  66%|██████▌   | 58/88 [00:16<00:07,  3.79it/s, loss=0.112]
  epoch 3/3:  67%|██████▋   | 59/88 [00:16<00:07,  3.80it/s, loss=0.112]
  epoch 3/3:  67%|██████▋   | 59/88 [00:16<00:07,  3.80it/s, loss=0.111]
  epoch 3/3:  68%|██████▊   | 60/88 [00:16<00:07,  3.80it/s, loss=0.111]
  epoch 3/3:  68%|██████▊   | 60/88 [00:16<00:07,  3.80it/s, loss=0.111]
  epoch 3/3:  69%|██████▉   | 61/88 [00:16<00:07,  3.80it/s, loss=0.111]
  epoch 3/3:  69%|██████▉   | 61/88 [00:16<00:07,  3.80it/s, loss=0.109]
  epoch 3/3:  70%|███████   | 62/88 [00:16<00:06,  3.80it/s, loss=0.109]
  epoch 3/3:  70%|███████   | 62/88 [00:17<00:06,  3.80it/s, loss=0.108]
  epoch 3/3:  72%|███████▏  | 63/88 [00:17<00:06,  3.80it/s, loss=0.108]
  epoch 3/3:  72%|███████▏  | 63/88 [00:17<00:06,  3.80it/s, loss=0.106]
  epoch 3/3:  73%|███████▎  | 64/88 [00:17<00:06,  3.75it/s, loss=0.106]
  epoch 3/3:  73%|███████▎  | 64/88 [00:17<00:06,  3.75it/s, loss=0.110]
  epoch 3/3:  74%|███████▍  | 65/88 [00:17<00:06,  3.77it/s, loss=0.110]
  epoch 3/3:  74%|███████▍  | 65/88 [00:17<00:06,  3.77it/s, loss=0.108]
  epoch 3/3:  75%|███████▌  | 66/88 [00:17<00:05,  3.78it/s, loss=0.108]
  epoch 3/3:  75%|███████▌  | 66/88 [00:18<00:05,  3.78it/s, loss=0.107]
  epoch 3/3:  76%|███████▌  | 67/88 [00:18<00:05,  3.78it/s, loss=0.107]
  epoch 3/3:  76%|███████▌  | 67/88 [00:18<00:05,  3.78it/s, loss=0.109]
  epoch 3/3:  77%|███████▋  | 68/88 [00:18<00:05,  3.79it/s, loss=0.109]
  epoch 3/3:  77%|███████▋  | 68/88 [00:18<00:05,  3.79it/s, loss=0.117]
  epoch 3/3:  78%|███████▊  | 69/88 [00:18<00:05,  3.78it/s, loss=0.117]
  epoch 3/3:  78%|███████▊  | 69/88 [00:18<00:05,  3.78it/s, loss=0.120]
  epoch 3/3:  80%|███████▉  | 70/88 [00:18<00:04,  3.79it/s, loss=0.120]
  epoch 3/3:  80%|███████▉  | 70/88 [00:19<00:04,  3.79it/s, loss=0.120]
  epoch 3/3:  81%|████████  | 71/88 [00:19<00:04,  3.80it/s, loss=0.120]
  epoch 3/3:  81%|████████  | 71/88 [00:19<00:04,  3.80it/s, loss=0.119]
  epoch 3/3:  82%|████████▏ | 72/88 [00:19<00:04,  3.80it/s, loss=0.119]
  epoch 3/3:  82%|████████▏ | 72/88 [00:19<00:04,  3.80it/s, loss=0.117]
  epoch 3/3:  83%|████████▎ | 73/88 [00:19<00:03,  3.80it/s, loss=0.117]
  epoch 3/3:  83%|████████▎ | 73/88 [00:20<00:03,  3.80it/s, loss=0.122]
  epoch 3/3:  84%|████████▍ | 74/88 [00:20<00:03,  3.80it/s, loss=0.122]
  epoch 3/3:  84%|████████▍ | 74/88 [00:20<00:03,  3.80it/s, loss=0.120]
  epoch 3/3:  85%|████████▌ | 75/88 [00:20<00:03,  3.81it/s, loss=0.120]
  epoch 3/3:  85%|████████▌ | 75/88 [00:20<00:03,  3.81it/s, loss=0.126]
  epoch 3/3:  86%|████████▋ | 76/88 [00:20<00:03,  3.81it/s, loss=0.126]
  epoch 3/3:  86%|████████▋ | 76/88 [00:20<00:03,  3.81it/s, loss=0.125]
  epoch 3/3:  88%|████████▊ | 77/88 [00:20<00:02,  3.81it/s, loss=0.125]
  epoch 3/3:  88%|████████▊ | 77/88 [00:21<00:02,  3.81it/s, loss=0.123]
  epoch 3/3:  89%|████████▊ | 78/88 [00:21<00:02,  3.81it/s, loss=0.123]
  epoch 3/3:  89%|████████▊ | 78/88 [00:21<00:02,  3.81it/s, loss=0.122]
  epoch 3/3:  90%|████████▉ | 79/88 [00:21<00:02,  3.82it/s, loss=0.122]
  epoch 3/3:  90%|████████▉ | 79/88 [00:21<00:02,  3.82it/s, loss=0.120]
  epoch 3/3:  91%|█████████ | 80/88 [00:21<00:02,  3.77it/s, loss=0.120]
  epoch 3/3:  91%|█████████ | 80/88 [00:21<00:02,  3.77it/s, loss=0.120]
  epoch 3/3:  92%|█████████▏| 81/88 [00:21<00:01,  3.80it/s, loss=0.120]
  epoch 3/3:  92%|█████████▏| 81/88 [00:22<00:01,  3.80it/s, loss=0.119]
  epoch 3/3:  93%|█████████▎| 82/88 [00:22<00:01,  3.80it/s, loss=0.119]
  epoch 3/3:  93%|█████████▎| 82/88 [00:22<00:01,  3.80it/s, loss=0.117]
  epoch 3/3:  94%|█████████▍| 83/88 [00:22<00:01,  3.81it/s, loss=0.117]
  epoch 3/3:  94%|█████████▍| 83/88 [00:22<00:01,  3.81it/s, loss=0.117]
  epoch 3/3:  95%|█████████▌| 84/88 [00:22<00:01,  3.81it/s, loss=0.117]
  epoch 3/3:  95%|█████████▌| 84/88 [00:22<00:01,  3.81it/s, loss=0.116]
  epoch 3/3:  97%|█████████▋| 85/88 [00:22<00:00,  3.81it/s, loss=0.116]
  epoch 3/3:  97%|█████████▋| 85/88 [00:23<00:00,  3.81it/s, loss=0.118]
  epoch 3/3:  98%|█████████▊| 86/88 [00:23<00:00,  3.81it/s, loss=0.118]
  epoch 3/3:  98%|█████████▊| 86/88 [00:23<00:00,  3.81it/s, loss=0.117]
  epoch 3/3:  99%|█████████▉| 87/88 [00:23<00:00,  3.82it/s, loss=0.117]
  epoch 3/3:  99%|█████████▉| 87/88 [00:23<00:00,  3.82it/s, loss=0.116]
  epoch 3/3: 100%|██████████| 88/88 [00:23<00:00,  4.14it/s, loss=0.116]
                                                                        
[titans] reset=never | norm(state) sau task = 84.0408
[titans]   self-mod v:β=1.02 |W|=10.56
[titans]   eta_t(avg)=9.1627  alpha_t/forget-gate(avg)=0.9700
[task 0] test acc so far: 0.974
[task 0] NCM-head acc so far: 0.917
[task 1] classes=[7, 11, 21, 41, 43] | train=2800

  epoch 1/3:   0%|          | 0/88 [00:00<?, ?it/s]
  epoch 1/3:   0%|          | 0/88 [00:00<?, ?it/s, loss=1.647]
  epoch 1/3:   1%|          | 1/88 [00:00<00:45,  1.93it/s, loss=1.647]
  epoch 1/3:   1%|          | 1/88 [00:00<00:45,  1.93it/s, loss=1.643]
  epoch 1/3:   2%|▏         | 2/88 [00:00<00:31,  2.72it/s, loss=1.643]
  epoch 1/3:   2%|▏         | 2/88 [00:01<00:31,  2.72it/s, loss=1.505]
  epoch 1/3:   3%|▎         | 3/88 [00:01<00:27,  3.13it/s, loss=1.505]
  epoch 1/3:   3%|▎         | 3/88 [00:01<00:27,  3.13it/s, loss=1.426]
  epoch 1/3:   5%|▍         | 4/88 [00:01<00:25,  3.36it/s, loss=1.426]
  epoch 1/3:   5%|▍         | 4/88 [00:01<00:25,  3.36it/s, loss=1.345]
  epoch 1/3:   6%|▌         | 5/88 [00:01<00:23,  3.51it/s, loss=1.345]
  epoch 1/3:   6%|▌         | 5/88 [00:01<00:23,  3.51it/s, loss=1.276]
  epoch 1/3:   7%|▋         | 6/88 [00:01<00:22,  3.60it/s, loss=1.276]
  epoch 1/3:   7%|▋         | 6/88 [00:02<00:22,  3.60it/s, loss=1.202]
  epoch 1/3:   8%|▊         | 7/88 [00:02<00:22,  3.66it/s, loss=1.202]
  epoch 1/3:   8%|▊         | 7/88 [00:02<00:22,  3.66it/s, loss=1.140]
  epoch 1/3:   9%|▉         | 8/88 [00:02<00:21,  3.70it/s, loss=1.140]
  epoch 1/3:   9%|▉         | 8/88 [00:02<00:21,  3.70it/s, loss=1.079]
  epoch 1/3:  10%|█         | 9/88 [00:02<00:21,  3.73it/s, loss=1.079]
  epoch 1/3:  10%|█         | 9/88 [00:02<00:21,  3.73it/s, loss=1.029]
  epoch 1/3:  11%|█▏        | 10/88 [00:02<00:20,  3.75it/s, loss=1.029]
  epoch 1/3:  11%|█▏        | 10/88 [00:03<00:20,  3.75it/s, loss=0.956]
  epoch 1/3:  12%|█▎        | 11/88 [00:03<00:20,  3.77it/s, loss=0.956]
  epoch 1/3:  12%|█▎        | 11/88 [00:03<00:20,  3.77it/s, loss=0.911]
  epoch 1/3:  14%|█▎        | 12/88 [00:03<00:20,  3.77it/s, loss=0.911]
  epoch 1/3:  14%|█▎        | 12/88 [00:03<00:20,  3.77it/s, loss=0.866]
  epoch 1/3:  15%|█▍        | 13/88 [00:03<00:19,  3.78it/s, loss=0.866]
  epoch 1/3:  15%|█▍        | 13/88 [00:03<00:19,  3.78it/s, loss=0.831]
  epoch 1/3:  16%|█▌        | 14/88 [00:03<00:19,  3.77it/s, loss=0.831]
  epoch 1/3:  16%|█▌        | 14/88 [00:04<00:19,  3.77it/s, loss=0.826]
  epoch 1/3:  17%|█▋        | 15/88 [00:04<00:19,  3.78it/s, loss=0.826]
  epoch 1/3:  17%|█▋        | 15/88 [00:04<00:19,  3.78it/s, loss=0.793]
  epoch 1/3:  18%|█▊        | 16/88 [00:04<00:19,  3.74it/s, loss=0.793]
  epoch 1/3:  18%|█▊        | 16/88 [00:04<00:19,  3.74it/s, loss=0.767]
  epoch 1/3:  19%|█▉        | 17/88 [00:04<00:18,  3.76it/s, loss=0.767]
  epoch 1/3:  19%|█▉        | 17/88 [00:05<00:18,  3.76it/s, loss=0.744]
  epoch 1/3:  20%|██        | 18/88 [00:05<00:18,  3.75it/s, loss=0.744]
  epoch 1/3:  20%|██        | 18/88 [00:05<00:18,  3.75it/s, loss=0.732]
  epoch 1/3:  22%|██▏       | 19/88 [00:05<00:18,  3.74it/s, loss=0.732]
  epoch 1/3:  22%|██▏       | 19/88 [00:05<00:18,  3.74it/s, loss=0.703]
  epoch 1/3:  23%|██▎       | 20/88 [00:05<00:18,  3.76it/s, loss=0.703]
  epoch 1/3:  23%|██▎       | 20/88 [00:05<00:18,  3.76it/s, loss=0.679]
  epoch 1/3:  24%|██▍       | 21/88 [00:05<00:17,  3.77it/s, loss=0.679]
  epoch 1/3:  24%|██▍       | 21/88 [00:06<00:17,  3.77it/s, loss=0.663]
  epoch 1/3:  25%|██▌       | 22/88 [00:06<00:17,  3.78it/s, loss=0.663]
  epoch 1/3:  25%|██▌       | 22/88 [00:06<00:17,  3.78it/s, loss=0.649]
  epoch 1/3:  26%|██▌       | 23/88 [00:06<00:17,  3.78it/s, loss=0.649]
  epoch 1/3:  26%|██▌       | 23/88 [00:06<00:17,  3.78it/s, loss=0.628]
  epoch 1/3:  27%|██▋       | 24/88 [00:06<00:16,  3.79it/s, loss=0.628]
  epoch 1/3:  27%|██▋       | 24/88 [00:06<00:16,  3.79it/s, loss=0.628]
  epoch 1/3:  28%|██▊       | 25/88 [00:06<00:16,  3.79it/s, loss=0.628]
  epoch 1/3:  28%|██▊       | 25/88 [00:07<00:16,  3.79it/s, loss=0.612]
  epoch 1/3:  30%|██▉       | 26/88 [00:07<00:16,  3.79it/s, loss=0.612]
  epoch 1/3:  30%|██▉       | 26/88 [00:07<00:16,  3.79it/s, loss=0.600]
  epoch 1/3:  31%|███       | 27/88 [00:07<00:16,  3.79it/s, loss=0.600]
  epoch 1/3:  31%|███       | 27/88 [00:07<00:16,  3.79it/s, loss=0.582]
  epoch 1/3:  32%|███▏      | 28/88 [00:07<00:15,  3.79it/s, loss=0.582]
  epoch 1/3:  32%|███▏      | 28/88 [00:07<00:15,  3.79it/s, loss=0.562]
  epoch 1/3:  33%|███▎      | 29/88 [00:07<00:15,  3.79it/s, loss=0.562]
  epoch 1/3:  33%|███▎      | 29/88 [00:08<00:15,  3.79it/s, loss=0.548]
  epoch 1/3:  34%|███▍      | 30/88 [00:08<00:15,  3.79it/s, loss=0.548]
  epoch 1/3:  34%|███▍      | 30/88 [00:08<00:15,  3.79it/s, loss=0.533]
  epoch 1/3:  35%|███▌      | 31/88 [00:08<00:15,  3.79it/s, loss=0.533]
  epoch 1/3:  35%|███▌      | 31/88 [00:08<00:15,  3.79it/s, loss=0.521]
  epoch 1/3:  36%|███▋      | 32/88 [00:08<00:14,  3.74it/s, loss=0.521]
  epoch 1/3:  36%|███▋      | 32/88 [00:08<00:14,  3.74it/s, loss=0.511]
  epoch 1/3:  38%|███▊      | 33/88 [00:08<00:14,  3.75it/s, loss=0.511]
  epoch 1/3:  38%|███▊      | 33/88 [00:09<00:14,  3.75it/s, loss=0.501]
  epoch 1/3:  39%|███▊      | 34/88 [00:09<00:14,  3.75it/s, loss=0.501]
  epoch 1/3:  39%|███▊      | 34/88 [00:09<00:14,  3.75it/s, loss=0.489]
  epoch 1/3:  40%|███▉      | 35/88 [00:09<00:14,  3.75it/s, loss=0.489]
  epoch 1/3:  40%|███▉      | 35/88 [00:09<00:14,  3.75it/s, loss=0.482]
  epoch 1/3:  41%|████      | 36/88 [00:09<00:13,  3.76it/s, loss=0.482]
  epoch 1/3:  41%|████      | 36/88 [00:10<00:13,  3.76it/s, loss=0.473]
  epoch 1/3:  42%|████▏     | 37/88 [00:10<00:13,  3.77it/s, loss=0.473]
  epoch 1/3:  42%|████▏     | 37/88 [00:10<00:13,  3.77it/s, loss=0.464]
  epoch 1/3:  43%|████▎     | 38/88 [00:10<00:13,  3.77it/s, loss=0.464]
  epoch 1/3:  43%|████▎     | 38/88 [00:10<00:13,  3.77it/s, loss=0.452]
  epoch 1/3:  44%|████▍     | 39/88 [00:10<00:12,  3.78it/s, loss=0.452]
  epoch 1/3:  44%|████▍     | 39/88 [00:10<00:12,  3.78it/s, loss=0.443]
  epoch 1/3:  45%|████▌     | 40/88 [00:10<00:12,  3.78it/s, loss=0.443]
  epoch 1/3:  45%|████▌     | 40/88 [00:11<00:12,  3.78it/s, loss=0.440]
  epoch 1/3:  47%|████▋     | 41/88 [00:11<00:12,  3.79it/s, loss=0.440]
  epoch 1/3:  47%|████▋     | 41/88 [00:11<00:12,  3.79it/s, loss=0.431]
  epoch 1/3:  48%|████▊     | 42/88 [00:11<00:12,  3.77it/s, loss=0.431]
  epoch 1/3:  48%|████▊     | 42/88 [00:11<00:12,  3.77it/s, loss=0.422]
  epoch 1/3:  49%|████▉     | 43/88 [00:11<00:11,  3.77it/s, loss=0.422]
  epoch 1/3:  49%|████▉     | 43/88 [00:11<00:11,  3.77it/s, loss=0.418]
  epoch 1/3:  50%|█████     | 44/88 [00:11<00:11,  3.76it/s, loss=0.418]
  epoch 1/3:  50%|█████     | 44/88 [00:12<00:11,  3.76it/s, loss=0.409]
  epoch 1/3:  51%|█████     | 45/88 [00:12<00:11,  3.75it/s, loss=0.409]
  epoch 1/3:  51%|█████     | 45/88 [00:12<00:11,  3.75it/s, loss=0.401]
  epoch 1/3:  52%|█████▏    | 46/88 [00:12<00:11,  3.74it/s, loss=0.401]
  epoch 1/3:  52%|█████▏    | 46/88 [00:12<00:11,  3.74it/s, loss=0.394]
  epoch 1/3:  53%|█████▎    | 47/88 [00:12<00:10,  3.75it/s, loss=0.394]
  epoch 1/3:  53%|█████▎    | 47/88 [00:12<00:10,  3.75it/s, loss=0.387]
  epoch 1/3:  55%|█████▍    | 48/88 [00:12<00:10,  3.70it/s, loss=0.387]
  epoch 1/3:  55%|█████▍    | 48/88 [00:13<00:10,  3.70it/s, loss=0.380]
  epoch 1/3:  56%|█████▌    | 49/88 [00:13<00:10,  3.71it/s, loss=0.380]
  epoch 1/3:  56%|█████▌    | 49/88 [00:13<00:10,  3.71it/s, loss=0.376]
  epoch 1/3:  57%|█████▋    | 50/88 [00:13<00:10,  3.72it/s, loss=0.376]
  epoch 1/3:  57%|█████▋    | 50/88 [00:13<00:10,  3.72it/s, loss=0.373]
  epoch 1/3:  58%|█████▊    | 51/88 [00:13<00:09,  3.74it/s, loss=0.373]
  epoch 1/3:  58%|█████▊    | 51/88 [00:14<00:09,  3.74it/s, loss=0.368]
  epoch 1/3:  59%|█████▉    | 52/88 [00:14<00:09,  3.75it/s, loss=0.368]
  epoch 1/3:  59%|█████▉    | 52/88 [00:14<00:09,  3.75it/s, loss=0.361]
  epoch 1/3:  60%|██████    | 53/88 [00:14<00:09,  3.75it/s, loss=0.361]
  epoch 1/3:  60%|██████    | 53/88 [00:14<00:09,  3.75it/s, loss=0.359]
  epoch 1/3:  61%|██████▏   | 54/88 [00:14<00:09,  3.74it/s, loss=0.359]
  epoch 1/3:  61%|██████▏   | 54/88 [00:14<00:09,  3.74it/s, loss=0.352]
  epoch 1/3:  62%|██████▎   | 55/88 [00:14<00:08,  3.73it/s, loss=0.352]
  epoch 1/3:  62%|██████▎   | 55/88 [00:15<00:08,  3.73it/s, loss=0.350]
  epoch 1/3:  64%|██████▎   | 56/88 [00:15<00:08,  3.73it/s, loss=0.350]
  epoch 1/3:  64%|██████▎   | 56/88 [00:15<00:08,  3.73it/s, loss=0.350]
  epoch 1/3:  65%|██████▍   | 57/88 [00:15<00:08,  3.74it/s, loss=0.350]
  epoch 1/3:  65%|██████▍   | 57/88 [00:15<00:08,  3.74it/s, loss=0.347]
  epoch 1/3:  66%|██████▌   | 58/88 [00:15<00:07,  3.75it/s, loss=0.347]
  epoch 1/3:  66%|██████▌   | 58/88 [00:15<00:07,  3.75it/s, loss=0.341]
  epoch 1/3:  67%|██████▋   | 59/88 [00:15<00:07,  3.74it/s, loss=0.341]
  epoch 1/3:  67%|██████▋   | 59/88 [00:16<00:07,  3.74it/s, loss=0.341]
  epoch 1/3:  68%|██████▊   | 60/88 [00:16<00:07,  3.74it/s, loss=0.341]
  epoch 1/3:  68%|██████▊   | 60/88 [00:16<00:07,  3.74it/s, loss=0.341]
  epoch 1/3:  69%|██████▉   | 61/88 [00:16<00:07,  3.72it/s, loss=0.341]
  epoch 1/3:  69%|██████▉   | 61/88 [00:16<00:07,  3.72it/s, loss=0.341]
  epoch 1/3:  70%|███████   | 62/88 [00:16<00:06,  3.74it/s, loss=0.341]
  epoch 1/3:  70%|███████   | 62/88 [00:16<00:06,  3.74it/s, loss=0.338]
  epoch 1/3:  72%|███████▏  | 63/88 [00:16<00:06,  3.75it/s, loss=0.338]
  epoch 1/3:  72%|███████▏  | 63/88 [00:17<00:06,  3.75it/s, loss=0.336]
  epoch 1/3:  73%|███████▎  | 64/88 [00:17<00:06,  3.67it/s, loss=0.336]
  epoch 1/3:  73%|███████▎  | 64/88 [00:17<00:06,  3.67it/s, loss=0.333]
  epoch 1/3:  74%|███████▍  | 65/88 [00:17<00:06,  3.72it/s, loss=0.333]
  epoch 1/3:  74%|███████▍  | 65/88 [00:17<00:06,  3.72it/s, loss=0.328]
  epoch 1/3:  75%|███████▌  | 66/88 [00:17<00:05,  3.74it/s, loss=0.328]
  epoch 1/3:  75%|███████▌  | 66/88 [00:18<00:05,  3.74it/s, loss=0.325]
  epoch 1/3:  76%|███████▌  | 67/88 [00:18<00:05,  3.73it/s, loss=0.325]
  epoch 1/3:  76%|███████▌  | 67/88 [00:18<00:05,  3.73it/s, loss=0.324]
  epoch 1/3:  77%|███████▋  | 68/88 [00:18<00:05,  3.73it/s, loss=0.324]
  epoch 1/3:  77%|███████▋  | 68/88 [00:18<00:05,  3.73it/s, loss=0.323]
  epoch 1/3:  78%|███████▊  | 69/88 [00:18<00:05,  3.72it/s, loss=0.323]
  epoch 1/3:  78%|███████▊  | 69/88 [00:18<00:05,  3.72it/s, loss=0.320]
  epoch 1/3:  80%|███████▉  | 70/88 [00:18<00:04,  3.74it/s, loss=0.320]
  epoch 1/3:  80%|███████▉  | 70/88 [00:19<00:04,  3.74it/s, loss=0.319]
  epoch 1/3:  81%|████████  | 71/88 [00:19<00:04,  3.75it/s, loss=0.319]
  epoch 1/3:  81%|████████  | 71/88 [00:19<00:04,  3.75it/s, loss=0.315]
  epoch 1/3:  82%|████████▏ | 72/88 [00:19<00:04,  3.73it/s, loss=0.315]
  epoch 1/3:  82%|████████▏ | 72/88 [00:19<00:04,  3.73it/s, loss=0.312]
  epoch 1/3:  83%|████████▎ | 73/88 [00:19<00:04,  3.73it/s, loss=0.312]
  epoch 1/3:  83%|████████▎ | 73/88 [00:19<00:04,  3.73it/s, loss=0.311]
  epoch 1/3:  84%|████████▍ | 74/88 [00:19<00:03,  3.72it/s, loss=0.311]
  epoch 1/3:  84%|████████▍ | 74/88 [00:20<00:03,  3.72it/s, loss=0.308]
  epoch 1/3:  85%|████████▌ | 75/88 [00:20<00:03,  3.73it/s, loss=0.308]
  epoch 1/3:  85%|████████▌ | 75/88 [00:20<00:03,  3.73it/s, loss=0.305]
  epoch 1/3:  86%|████████▋ | 76/88 [00:20<00:03,  3.74it/s, loss=0.305]
  epoch 1/3:  86%|████████▋ | 76/88 [00:20<00:03,  3.74it/s, loss=0.303]
  epoch 1/3:  88%|████████▊ | 77/88 [00:20<00:02,  3.74it/s, loss=0.303]
  epoch 1/3:  88%|████████▊ | 77/88 [00:21<00:02,  3.74it/s, loss=0.300]
  epoch 1/3:  89%|████████▊ | 78/88 [00:21<00:02,  3.73it/s, loss=0.300]
  epoch 1/3:  89%|████████▊ | 78/88 [00:21<00:02,  3.73it/s, loss=0.301]
  epoch 1/3:  90%|████████▉ | 79/88 [00:21<00:02,  3.72it/s, loss=0.301]
  epoch 1/3:  90%|████████▉ | 79/88 [00:21<00:02,  3.72it/s, loss=0.300]
  epoch 1/3:  91%|█████████ | 80/88 [00:21<00:02,  3.67it/s, loss=0.300]
  epoch 1/3:  91%|█████████ | 80/88 [00:21<00:02,  3.67it/s, loss=0.300]
  epoch 1/3:  92%|█████████▏| 81/88 [00:21<00:01,  3.70it/s, loss=0.300]
  epoch 1/3:  92%|█████████▏| 81/88 [00:22<00:01,  3.70it/s, loss=0.296]
  epoch 1/3:  93%|█████████▎| 82/88 [00:22<00:01,  3.72it/s, loss=0.296]
  epoch 1/3:  93%|█████████▎| 82/88 [00:22<00:01,  3.72it/s, loss=0.293]
  epoch 1/3:  94%|█████████▍| 83/88 [00:22<00:01,  3.73it/s, loss=0.293]
  epoch 1/3:  94%|█████████▍| 83/88 [00:22<00:01,  3.73it/s, loss=0.293]
  epoch 1/3:  95%|█████████▌| 84/88 [00:22<00:01,  3.72it/s, loss=0.293]
  epoch 1/3:  95%|█████████▌| 84/88 [00:22<00:01,  3.72it/s, loss=0.292]
  epoch 1/3:  97%|█████████▋| 85/88 [00:22<00:00,  3.72it/s, loss=0.292]
  epoch 1/3:  97%|█████████▋| 85/88 [00:23<00:00,  3.72it/s, loss=0.293]
  epoch 1/3:  98%|█████████▊| 86/88 [00:23<00:00,  3.73it/s, loss=0.293]
  epoch 1/3:  98%|█████████▊| 86/88 [00:23<00:00,  3.73it/s, loss=0.294]
  epoch 1/3:  99%|█████████▉| 87/88 [00:23<00:00,  3.74it/s, loss=0.294]
  epoch 1/3:  99%|█████████▉| 87/88 [00:23<00:00,  3.74it/s, loss=0.292]
  epoch 1/3: 100%|██████████| 88/88 [00:23<00:00,  4.08it/s, loss=0.292]
                                                                        

  epoch 2/3:   0%|          | 0/88 [00:00<?, ?it/s]
  epoch 2/3:   0%|          | 0/88 [00:00<?, ?it/s, loss=0.378]
  epoch 2/3:   1%|          | 1/88 [00:00<00:45,  1.92it/s, loss=0.378]
  epoch 2/3:   1%|          | 1/88 [00:00<00:45,  1.92it/s, loss=0.197]
  epoch 2/3:   2%|▏         | 2/88 [00:00<00:32,  2.69it/s, loss=0.197]
  epoch 2/3:   2%|▏         | 2/88 [00:01<00:32,  2.69it/s, loss=0.163]
  epoch 2/3:   3%|▎         | 3/88 [00:01<00:27,  3.10it/s, loss=0.163]
  epoch 2/3:   3%|▎         | 3/88 [00:01<00:27,  3.10it/s, loss=0.123]
  epoch 2/3:   5%|▍         | 4/88 [00:01<00:25,  3.33it/s, loss=0.123]
  epoch 2/3:   5%|▍         | 4/88 [00:01<00:25,  3.33it/s, loss=0.150]
  epoch 2/3:   6%|▌         | 5/88 [00:01<00:24,  3.44it/s, loss=0.150]
  epoch 2/3:   6%|▌         | 5/88 [00:01<00:24,  3.44it/s, loss=0.135]
  epoch 2/3:   7%|▋         | 6/88 [00:01<00:23,  3.53it/s, loss=0.135]
  epoch 2/3:   7%|▋         | 6/88 [00:02<00:23,  3.53it/s, loss=0.119]
  epoch 2/3:   8%|▊         | 7/88 [00:02<00:22,  3.59it/s, loss=0.119]
  epoch 2/3:   8%|▊         | 7/88 [00:02<00:22,  3.59it/s, loss=0.105]
  epoch 2/3:   9%|▉         | 8/88 [00:02<00:22,  3.57it/s, loss=0.105]
  epoch 2/3:   9%|▉         | 8/88 [00:02<00:22,  3.57it/s, loss=0.094]
  epoch 2/3:  10%|█         | 9/88 [00:02<00:21,  3.63it/s, loss=0.094]
  epoch 2/3:  10%|█         | 9/88 [00:02<00:21,  3.63it/s, loss=0.088]
  epoch 2/3:  11%|█▏        | 10/88 [00:02<00:21,  3.66it/s, loss=0.088]
  epoch 2/3:  11%|█▏        | 10/88 [00:03<00:21,  3.66it/s, loss=0.083]
  epoch 2/3:  12%|█▎        | 11/88 [00:03<00:21,  3.67it/s, loss=0.083]
  epoch 2/3:  12%|█▎        | 11/88 [00:03<00:21,  3.67it/s, loss=0.076]
  epoch 2/3:  14%|█▎        | 12/88 [00:03<00:20,  3.67it/s, loss=0.076]
  epoch 2/3:  14%|█▎        | 12/88 [00:03<00:20,  3.67it/s, loss=0.088]
  epoch 2/3:  15%|█▍        | 13/88 [00:03<00:20,  3.67it/s, loss=0.088]
  epoch 2/3:  15%|█▍        | 13/88 [00:04<00:20,  3.67it/s, loss=0.082]
  epoch 2/3:  16%|█▌        | 14/88 [00:04<00:20,  3.69it/s, loss=0.082]
  epoch 2/3:  16%|█▌        | 14/88 [00:04<00:20,  3.69it/s, loss=0.077]
  epoch 2/3:  17%|█▋        | 15/88 [00:04<00:19,  3.69it/s, loss=0.077]
  epoch 2/3:  17%|█▋        | 15/88 [00:04<00:19,  3.69it/s, loss=0.083]
  epoch 2/3:  18%|█▊        | 16/88 [00:04<00:19,  3.69it/s, loss=0.083]
  epoch 2/3:  18%|█▊        | 16/88 [00:04<00:19,  3.69it/s, loss=0.083]
  epoch 2/3:  19%|█▉        | 17/88 [00:04<00:19,  3.68it/s, loss=0.083]
  epoch 2/3:  19%|█▉        | 17/88 [00:05<00:19,  3.68it/s, loss=0.083]
  epoch 2/3:  20%|██        | 18/88 [00:05<00:18,  3.70it/s, loss=0.083]
  epoch 2/3:  20%|██        | 18/88 [00:05<00:18,  3.70it/s, loss=0.093]
  epoch 2/3:  22%|██▏       | 19/88 [00:05<00:18,  3.69it/s, loss=0.093]
  epoch 2/3:  22%|██▏       | 19/88 [00:05<00:18,  3.69it/s, loss=0.089]
  epoch 2/3:  23%|██▎       | 20/88 [00:05<00:18,  3.68it/s, loss=0.089]
  epoch 2/3:  23%|██▎       | 20/88 [00:05<00:18,  3.68it/s, loss=0.090]
  epoch 2/3:  24%|██▍       | 21/88 [00:05<00:18,  3.68it/s, loss=0.090]
  epoch 2/3:  24%|██▍       | 21/88 [00:06<00:18,  3.68it/s, loss=0.087]
  epoch 2/3:  25%|██▌       | 22/88 [00:06<00:17,  3.68it/s, loss=0.087]
  epoch 2/3:  25%|██▌       | 22/88 [00:06<00:17,  3.68it/s, loss=0.089]
  epoch 2/3:  26%|██▌       | 23/88 [00:06<00:17,  3.70it/s, loss=0.089]
  epoch 2/3:  26%|██▌       | 23/88 [00:06<00:17,  3.70it/s, loss=0.093]
  epoch 2/3:  27%|██▋       | 24/88 [00:06<00:17,  3.64it/s, loss=0.093]
  epoch 2/3:  27%|██▋       | 24/88 [00:07<00:17,  3.64it/s, loss=0.100]
  epoch 2/3:  28%|██▊       | 25/88 [00:07<00:17,  3.67it/s, loss=0.100]
  epoch 2/3:  28%|██▊       | 25/88 [00:07<00:17,  3.67it/s, loss=0.105]
  epoch 2/3:  30%|██▉       | 26/88 [00:07<00:16,  3.66it/s, loss=0.105]
  epoch 2/3:  30%|██▉       | 26/88 [00:07<00:16,  3.66it/s, loss=0.108]
  epoch 2/3:  31%|███       | 27/88 [00:07<00:16,  3.68it/s, loss=0.108]
  epoch 2/3:  31%|███       | 27/88 [00:07<00:16,  3.68it/s, loss=0.104]
  epoch 2/3:  32%|███▏      | 28/88 [00:07<00:16,  3.69it/s, loss=0.104]
  epoch 2/3:  32%|███▏      | 28/88 [00:08<00:16,  3.69it/s, loss=0.107]
  epoch 2/3:  33%|███▎      | 29/88 [00:08<00:16,  3.68it/s, loss=0.107]
  epoch 2/3:  33%|███▎      | 29/88 [00:08<00:16,  3.68it/s, loss=0.109]
  epoch 2/3:  34%|███▍      | 30/88 [00:08<00:15,  3.69it/s, loss=0.109]
  epoch 2/3:  34%|███▍      | 30/88 [00:08<00:15,  3.69it/s, loss=0.106]
  epoch 2/3:  35%|███▌      | 31/88 [00:08<00:15,  3.68it/s, loss=0.106]
  epoch 2/3:  35%|███▌      | 31/88 [00:08<00:15,  3.68it/s, loss=0.111]
  epoch 2/3:  36%|███▋      | 32/88 [00:08<00:15,  3.69it/s, loss=0.111]
  epoch 2/3:  36%|███▋      | 32/88 [00:09<00:15,  3.69it/s, loss=0.109]
  epoch 2/3:  38%|███▊      | 33/88 [00:09<00:14,  3.67it/s, loss=0.109]
  epoch 2/3:  38%|███▊      | 33/88 [00:09<00:14,  3.67it/s, loss=0.110]
  epoch 2/3:  39%|███▊      | 34/88 [00:09<00:14,  3.67it/s, loss=0.110]
  epoch 2/3:  39%|███▊      | 34/88 [00:09<00:14,  3.67it/s, loss=0.110]
  epoch 2/3:  40%|███▉      | 35/88 [00:09<00:14,  3.68it/s, loss=0.110]
  epoch 2/3:  40%|███▉      | 35/88 [00:10<00:14,  3.68it/s, loss=0.107]
  epoch 2/3:  41%|████      | 36/88 [00:10<00:14,  3.67it/s, loss=0.107]
  epoch 2/3:  41%|████      | 36/88 [00:10<00:14,  3.67it/s, loss=0.105]
  epoch 2/3:  42%|████▏     | 37/88 [00:10<00:13,  3.66it/s, loss=0.105]
  epoch 2/3:  42%|████▏     | 37/88 [00:10<00:13,  3.66it/s, loss=0.103]
  epoch 2/3:  43%|████▎     | 38/88 [00:10<00:13,  3.66it/s, loss=0.103]
  epoch 2/3:  43%|████▎     | 38/88 [00:10<00:13,  3.66it/s, loss=0.105]
  epoch 2/3:  44%|████▍     | 39/88 [00:10<00:13,  3.66it/s, loss=0.105]
  epoch 2/3:  44%|████▍     | 39/88 [00:11<00:13,  3.66it/s, loss=0.103]
  epoch 2/3:  45%|████▌     | 40/88 [00:11<00:13,  3.61it/s, loss=0.103]
  epoch 2/3:  45%|████▌     | 40/88 [00:11<00:13,  3.61it/s, loss=0.105]
  epoch 2/3:  47%|████▋     | 41/88 [00:11<00:12,  3.63it/s, loss=0.105]
  epoch 2/3:  47%|████▋     | 41/88 [00:11<00:12,  3.63it/s, loss=0.103]
  epoch 2/3:  48%|████▊     | 42/88 [00:11<00:12,  3.65it/s, loss=0.103]
  epoch 2/3:  48%|████▊     | 42/88 [00:11<00:12,  3.65it/s, loss=0.101]
  epoch 2/3:  49%|████▉     | 43/88 [00:11<00:12,  3.65it/s, loss=0.101]
  epoch 2/3:  49%|████▉     | 43/88 [00:12<00:12,  3.65it/s, loss=0.100]
  epoch 2/3:  50%|█████     | 44/88 [00:12<00:11,  3.67it/s, loss=0.100]
  epoch 2/3:  50%|█████     | 44/88 [00:12<00:11,  3.67it/s, loss=0.101]
  epoch 2/3:  51%|█████     | 45/88 [00:12<00:11,  3.67it/s, loss=0.101]
  epoch 2/3:  51%|█████     | 45/88 [00:12<00:11,  3.67it/s, loss=0.100]
  epoch 2/3:  52%|█████▏    | 46/88 [00:12<00:11,  3.67it/s, loss=0.100]
  epoch 2/3:  52%|█████▏    | 46/88 [00:13<00:11,  3.67it/s, loss=0.098]
  epoch 2/3:  53%|█████▎    | 47/88 [00:13<00:11,  3.68it/s, loss=0.098]
  epoch 2/3:  53%|█████▎    | 47/88 [00:13<00:11,  3.68it/s, loss=0.100]
  epoch 2/3:  55%|█████▍    | 48/88 [00:13<00:10,  3.67it/s, loss=0.100]
  epoch 2/3:  55%|█████▍    | 48/88 [00:13<00:10,  3.67it/s, loss=0.101]
  epoch 2/3:  56%|█████▌    | 49/88 [00:13<00:10,  3.65it/s, loss=0.101]
  epoch 2/3:  56%|█████▌    | 49/88 [00:13<00:10,  3.65it/s, loss=0.102]
  epoch 2/3:  57%|█████▋    | 50/88 [00:13<00:10,  3.66it/s, loss=0.102]
  epoch 2/3:  57%|█████▋    | 50/88 [00:14<00:10,  3.66it/s, loss=0.106]
  epoch 2/3:  58%|█████▊    | 51/88 [00:14<00:10,  3.66it/s, loss=0.106]
  epoch 2/3:  58%|█████▊    | 51/88 [00:14<00:10,  3.66it/s, loss=0.105]
  epoch 2/3:  59%|█████▉    | 52/88 [00:14<00:09,  3.66it/s, loss=0.105]
  epoch 2/3:  59%|█████▉    | 52/88 [00:14<00:09,  3.66it/s, loss=0.104]
  epoch 2/3:  60%|██████    | 53/88 [00:14<00:09,  3.65it/s, loss=0.104]
  epoch 2/3:  60%|██████    | 53/88 [00:14<00:09,  3.65it/s, loss=0.106]
  epoch 2/3:  61%|██████▏   | 54/88 [00:14<00:09,  3.65it/s, loss=0.106]
  epoch 2/3:  61%|██████▏   | 54/88 [00:15<00:09,  3.65it/s, loss=0.111]
  epoch 2/3:  62%|██████▎   | 55/88 [00:15<00:09,  3.66it/s, loss=0.111]
  epoch 2/3:  62%|██████▎   | 55/88 [00:15<00:09,  3.66it/s, loss=0.109]
  epoch 2/3:  64%|██████▎   | 56/88 [00:15<00:08,  3.61it/s, loss=0.109]
  epoch 2/3:  64%|██████▎   | 56/88 [00:15<00:08,  3.61it/s, loss=0.108]
  epoch 2/3:  65%|██████▍   | 57/88 [00:15<00:08,  3.63it/s, loss=0.108]
  epoch 2/3:  65%|██████▍   | 57/88 [00:16<00:08,  3.63it/s, loss=0.107]
  epoch 2/3:  66%|██████▌   | 58/88 [00:16<00:08,  3.64it/s, loss=0.107]
  epoch 2/3:  66%|██████▌   | 58/88 [00:16<00:08,  3.64it/s, loss=0.106]
  epoch 2/3:  67%|██████▋   | 59/88 [00:16<00:07,  3.65it/s, loss=0.106]
  epoch 2/3:  67%|██████▋   | 59/88 [00:16<00:07,  3.65it/s, loss=0.105]
  epoch 2/3:  68%|██████▊   | 60/88 [00:16<00:07,  3.65it/s, loss=0.105]
  epoch 2/3:  68%|██████▊   | 60/88 [00:16<00:07,  3.65it/s, loss=0.104]
  epoch 2/3:  69%|██████▉   | 61/88 [00:16<00:07,  3.65it/s, loss=0.104]
  epoch 2/3:  69%|██████▉   | 61/88 [00:17<00:07,  3.65it/s, loss=0.103]
  epoch 2/3:  70%|███████   | 62/88 [00:17<00:07,  3.66it/s, loss=0.103]
  epoch 2/3:  70%|███████   | 62/88 [00:17<00:07,  3.66it/s, loss=0.102]
  epoch 2/3:  72%|███████▏  | 63/88 [00:17<00:06,  3.65it/s, loss=0.102]
  epoch 2/3:  72%|███████▏  | 63/88 [00:17<00:06,  3.65it/s, loss=0.103]
  epoch 2/3:  73%|███████▎  | 64/88 [00:17<00:06,  3.65it/s, loss=0.103]
  epoch 2/3:  73%|███████▎  | 64/88 [00:17<00:06,  3.65it/s, loss=0.103]
  epoch 2/3:  74%|███████▍  | 65/88 [00:17<00:06,  3.65it/s, loss=0.103]
  epoch 2/3:  74%|███████▍  | 65/88 [00:18<00:06,  3.65it/s, loss=0.101]
  epoch 2/3:  75%|███████▌  | 66/88 [00:18<00:06,  3.67it/s, loss=0.101]
  epoch 2/3:  75%|███████▌  | 66/88 [00:18<00:06,  3.67it/s, loss=0.105]
  epoch 2/3:  76%|███████▌  | 67/88 [00:18<00:05,  3.65it/s, loss=0.105]
  epoch 2/3:  76%|███████▌  | 67/88 [00:18<00:05,  3.65it/s, loss=0.112]
  epoch 2/3:  77%|███████▋  | 68/88 [00:18<00:05,  3.67it/s, loss=0.112]
  epoch 2/3:  77%|███████▋  | 68/88 [00:19<00:05,  3.67it/s, loss=0.117]
  epoch 2/3:  78%|███████▊  | 69/88 [00:19<00:05,  3.67it/s, loss=0.117]
  epoch 2/3:  78%|███████▊  | 69/88 [00:19<00:05,  3.67it/s, loss=0.122]
  epoch 2/3:  80%|███████▉  | 70/88 [00:19<00:04,  3.69it/s, loss=0.122]
  epoch 2/3:  80%|███████▉  | 70/88 [00:19<00:04,  3.69it/s, loss=0.121]
  epoch 2/3:  81%|████████  | 71/88 [00:19<00:04,  3.68it/s, loss=0.121]
  epoch 2/3:  81%|████████  | 71/88 [00:19<00:04,  3.68it/s, loss=0.121]
  epoch 2/3:  82%|████████▏ | 72/88 [00:19<00:04,  3.62it/s, loss=0.121]
  epoch 2/3:  82%|████████▏ | 72/88 [00:20<00:04,  3.62it/s, loss=0.120]
  epoch 2/3:  83%|████████▎ | 73/88 [00:20<00:04,  3.64it/s, loss=0.120]
  epoch 2/3:  83%|████████▎ | 73/88 [00:20<00:04,  3.64it/s, loss=0.118]
  epoch 2/3:  84%|████████▍ | 74/88 [00:20<00:03,  3.65it/s, loss=0.118]
  epoch 2/3:  84%|████████▍ | 74/88 [00:20<00:03,  3.65it/s, loss=0.117]
  epoch 2/3:  85%|████████▌ | 75/88 [00:20<00:03,  3.66it/s, loss=0.117]
  epoch 2/3:  85%|████████▌ | 75/88 [00:20<00:03,  3.66it/s, loss=0.119]
  epoch 2/3:  86%|████████▋ | 76/88 [00:20<00:03,  3.68it/s, loss=0.119]
  epoch 2/3:  86%|████████▋ | 76/88 [00:21<00:03,  3.68it/s, loss=0.122]
  epoch 2/3:  88%|████████▊ | 77/88 [00:21<00:02,  3.69it/s, loss=0.122]
  epoch 2/3:  88%|████████▊ | 77/88 [00:21<00:02,  3.69it/s, loss=0.121]
  epoch 2/3:  89%|████████▊ | 78/88 [00:21<00:02,  3.67it/s, loss=0.121]
  epoch 2/3:  89%|████████▊ | 78/88 [00:21<00:02,  3.67it/s, loss=0.119]
  epoch 2/3:  90%|████████▉ | 79/88 [00:21<00:02,  3.69it/s, loss=0.119]
  epoch 2/3:  90%|████████▉ | 79/88 [00:22<00:02,  3.69it/s, loss=0.118]
  epoch 2/3:  91%|█████████ | 80/88 [00:22<00:02,  3.69it/s, loss=0.118]
  epoch 2/3:  91%|█████████ | 80/88 [00:22<00:02,  3.69it/s, loss=0.119]
  epoch 2/3:  92%|█████████▏| 81/88 [00:22<00:01,  3.69it/s, loss=0.119]
  epoch 2/3:  92%|█████████▏| 81/88 [00:22<00:01,  3.69it/s, loss=0.121]
  epoch 2/3:  93%|█████████▎| 82/88 [00:22<00:01,  3.69it/s, loss=0.121]
  epoch 2/3:  93%|█████████▎| 82/88 [00:22<00:01,  3.69it/s, loss=0.122]
  epoch 2/3:  94%|█████████▍| 83/88 [00:22<00:01,  3.69it/s, loss=0.122]
  epoch 2/3:  94%|█████████▍| 83/88 [00:23<00:01,  3.69it/s, loss=0.125]
  epoch 2/3:  95%|█████████▌| 84/88 [00:23<00:01,  3.70it/s, loss=0.125]
  epoch 2/3:  95%|█████████▌| 84/88 [00:23<00:01,  3.70it/s, loss=0.123]
  epoch 2/3:  97%|█████████▋| 85/88 [00:23<00:00,  3.68it/s, loss=0.123]
  epoch 2/3:  97%|█████████▋| 85/88 [00:23<00:00,  3.68it/s, loss=0.129]
  epoch 2/3:  98%|█████████▊| 86/88 [00:23<00:00,  3.68it/s, loss=0.129]
  epoch 2/3:  98%|█████████▊| 86/88 [00:23<00:00,  3.68it/s, loss=0.128]
  epoch 2/3:  99%|█████████▉| 87/88 [00:23<00:00,  3.67it/s, loss=0.128]
  epoch 2/3:  99%|█████████▉| 87/88 [00:24<00:00,  3.67it/s, loss=0.131]
  epoch 2/3: 100%|██████████| 88/88 [00:24<00:00,  3.94it/s, loss=0.131]
                                                                        

  epoch 3/3:   0%|          | 0/88 [00:00<?, ?it/s]
  epoch 3/3:   0%|          | 0/88 [00:00<?, ?it/s, loss=0.671]
  epoch 3/3:   1%|          | 1/88 [00:00<00:46,  1.88it/s, loss=0.671]
  epoch 3/3:   1%|          | 1/88 [00:00<00:46,  1.88it/s, loss=0.424]
  epoch 3/3:   2%|▏         | 2/88 [00:00<00:32,  2.65it/s, loss=0.424]
  epoch 3/3:   2%|▏         | 2/88 [00:01<00:32,  2.65it/s, loss=0.283]
  epoch 3/3:   3%|▎         | 3/88 [00:01<00:27,  3.04it/s, loss=0.283]
  epoch 3/3:   3%|▎         | 3/88 [00:01<00:27,  3.04it/s, loss=0.238]
  epoch 3/3:   5%|▍         | 4/88 [00:01<00:25,  3.26it/s, loss=0.238]
  epoch 3/3:   5%|▍         | 4/88 [00:01<00:25,  3.26it/s, loss=0.190]
  epoch 3/3:   6%|▌         | 5/88 [00:01<00:24,  3.42it/s, loss=0.190]
  epoch 3/3:   6%|▌         | 5/88 [00:01<00:24,  3.42it/s, loss=0.260]
  epoch 3/3:   7%|▋         | 6/88 [00:01<00:23,  3.50it/s, loss=0.260]
  epoch 3/3:   7%|▋         | 6/88 [00:02<00:23,  3.50it/s, loss=0.223]
  epoch 3/3:   8%|▊         | 7/88 [00:02<00:22,  3.55it/s, loss=0.223]
  epoch 3/3:   8%|▊         | 7/88 [00:02<00:22,  3.55it/s, loss=0.232]
  epoch 3/3:   9%|▉         | 8/88 [00:02<00:22,  3.59it/s, loss=0.232]
  epoch 3/3:   9%|▉         | 8/88 [00:02<00:22,  3.59it/s, loss=0.216]
  epoch 3/3:  10%|█         | 9/88 [00:02<00:21,  3.62it/s, loss=0.216]
  epoch 3/3:  10%|█         | 9/88 [00:02<00:21,  3.62it/s, loss=0.195]
  epoch 3/3:  11%|█▏        | 10/88 [00:02<00:21,  3.66it/s, loss=0.195]
  epoch 3/3:  11%|█▏        | 10/88 [00:03<00:21,  3.66it/s, loss=0.180]
  epoch 3/3:  12%|█▎        | 11/88 [00:03<00:21,  3.66it/s, loss=0.180]
  epoch 3/3:  12%|█▎        | 11/88 [00:03<00:21,  3.66it/s, loss=0.165]
  epoch 3/3:  14%|█▎        | 12/88 [00:03<00:20,  3.67it/s, loss=0.165]
  epoch 3/3:  14%|█▎        | 12/88 [00:03<00:20,  3.67it/s, loss=0.161]
  epoch 3/3:  15%|█▍        | 13/88 [00:03<00:20,  3.69it/s, loss=0.161]
  epoch 3/3:  15%|█▍        | 13/88 [00:04<00:20,  3.69it/s, loss=0.162]
  epoch 3/3:  16%|█▌        | 14/88 [00:04<00:19,  3.71it/s, loss=0.162]
  epoch 3/3:  16%|█▌        | 14/88 [00:04<00:19,  3.71it/s, loss=0.167]
  epoch 3/3:  17%|█▋        | 15/88 [00:04<00:19,  3.70it/s, loss=0.167]
  epoch 3/3:  17%|█▋        | 15/88 [00:04<00:19,  3.70it/s, loss=0.165]
  epoch 3/3:  18%|█▊        | 16/88 [00:04<00:19,  3.66it/s, loss=0.165]
  epoch 3/3:  18%|█▊        | 16/88 [00:04<00:19,  3.66it/s, loss=0.155]
  epoch 3/3:  19%|█▉        | 17/88 [00:04<00:19,  3.68it/s, loss=0.155]
  epoch 3/3:  19%|█▉        | 17/88 [00:05<00:19,  3.68it/s, loss=0.153]
  epoch 3/3:  20%|██        | 18/88 [00:05<00:19,  3.68it/s, loss=0.153]
  epoch 3/3:  20%|██        | 18/88 [00:05<00:19,  3.68it/s, loss=0.145]
  epoch 3/3:  22%|██▏       | 19/88 [00:05<00:18,  3.70it/s, loss=0.145]
  epoch 3/3:  22%|██▏       | 19/88 [00:05<00:18,  3.70it/s, loss=0.137]
  epoch 3/3:  23%|██▎       | 20/88 [00:05<00:18,  3.70it/s, loss=0.137]
  epoch 3/3:  23%|██▎       | 20/88 [00:05<00:18,  3.70it/s, loss=0.136]
  epoch 3/3:  24%|██▍       | 21/88 [00:05<00:18,  3.69it/s, loss=0.136]
  epoch 3/3:  24%|██▍       | 21/88 [00:06<00:18,  3.69it/s, loss=0.135]
  epoch 3/3:  25%|██▌       | 22/88 [00:06<00:17,  3.71it/s, loss=0.135]
  epoch 3/3:  25%|██▌       | 22/88 [00:06<00:17,  3.71it/s, loss=0.137]
  epoch 3/3:  26%|██▌       | 23/88 [00:06<00:17,  3.71it/s, loss=0.137]
  epoch 3/3:  26%|██▌       | 23/88 [00:06<00:17,  3.71it/s, loss=0.139]
  epoch 3/3:  27%|██▋       | 24/88 [00:06<00:17,  3.71it/s, loss=0.139]
  epoch 3/3:  27%|██▋       | 24/88 [00:07<00:17,  3.71it/s, loss=0.139]
  epoch 3/3:  28%|██▊       | 25/88 [00:07<00:16,  3.71it/s, loss=0.139]
  epoch 3/3:  28%|██▊       | 25/88 [00:07<00:16,  3.71it/s, loss=0.134]
  epoch 3/3:  30%|██▉       | 26/88 [00:07<00:16,  3.70it/s, loss=0.134]
  epoch 3/3:  30%|██▉       | 26/88 [00:07<00:16,  3.70it/s, loss=0.132]
  epoch 3/3:  31%|███       | 27/88 [00:07<00:16,  3.71it/s, loss=0.132]
  epoch 3/3:  31%|███       | 27/88 [00:07<00:16,  3.71it/s, loss=0.132]
  epoch 3/3:  32%|███▏      | 28/88 [00:07<00:16,  3.71it/s, loss=0.132]
  epoch 3/3:  32%|███▏      | 28/88 [00:08<00:16,  3.71it/s, loss=0.134]
  epoch 3/3:  33%|███▎      | 29/88 [00:08<00:15,  3.70it/s, loss=0.134]
  epoch 3/3:  33%|███▎      | 29/88 [00:08<00:15,  3.70it/s, loss=0.139]
  epoch 3/3:  34%|███▍      | 30/88 [00:08<00:15,  3.71it/s, loss=0.139]
  epoch 3/3:  34%|███▍      | 30/88 [00:08<00:15,  3.71it/s, loss=0.135]
  epoch 3/3:  35%|███▌      | 31/88 [00:08<00:15,  3.71it/s, loss=0.135]
  epoch 3/3:  35%|███▌      | 31/88 [00:08<00:15,  3.71it/s, loss=0.131]
  epoch 3/3:  36%|███▋      | 32/88 [00:08<00:15,  3.65it/s, loss=0.131]
  epoch 3/3:  36%|███▋      | 32/88 [00:09<00:15,  3.65it/s, loss=0.127]
  epoch 3/3:  38%|███▊      | 33/88 [00:09<00:14,  3.69it/s, loss=0.127]
  epoch 3/3:  38%|███▊      | 33/88 [00:09<00:14,  3.69it/s, loss=0.126]
  epoch 3/3:  39%|███▊      | 34/88 [00:09<00:14,  3.71it/s, loss=0.126]
  epoch 3/3:  39%|███▊      | 34/88 [00:09<00:14,  3.71it/s, loss=0.127]
  epoch 3/3:  40%|███▉      | 35/88 [00:09<00:14,  3.71it/s, loss=0.127]
  epoch 3/3:  40%|███▉      | 35/88 [00:09<00:14,  3.71it/s, loss=0.132]
  epoch 3/3:  41%|████      | 36/88 [00:09<00:14,  3.69it/s, loss=0.132]
  epoch 3/3:  41%|████      | 36/88 [00:10<00:14,  3.69it/s, loss=0.129]
  epoch 3/3:  42%|████▏     | 37/88 [00:10<00:13,  3.71it/s, loss=0.129]
  epoch 3/3:  42%|████▏     | 37/88 [00:10<00:13,  3.71it/s, loss=0.130]
  epoch 3/3:  43%|████▎     | 38/88 [00:10<00:13,  3.72it/s, loss=0.130]
  epoch 3/3:  43%|████▎     | 38/88 [00:10<00:13,  3.72it/s, loss=0.127]
  epoch 3/3:  44%|████▍     | 39/88 [00:10<00:13,  3.72it/s, loss=0.127]
  epoch 3/3:  44%|████▍     | 39/88 [00:11<00:13,  3.72it/s, loss=0.126]
  epoch 3/3:  45%|████▌     | 40/88 [00:11<00:12,  3.71it/s, loss=0.126]
  epoch 3/3:  45%|████▌     | 40/88 [00:11<00:12,  3.71it/s, loss=0.128]
  epoch 3/3:  47%|████▋     | 41/88 [00:11<00:12,  3.73it/s, loss=0.128]
  epoch 3/3:  47%|████▋     | 41/88 [00:11<00:12,  3.73it/s, loss=0.125]
  epoch 3/3:  48%|████▊     | 42/88 [00:11<00:12,  3.74it/s, loss=0.125]
  epoch 3/3:  48%|████▊     | 42/88 [00:11<00:12,  3.74it/s, loss=0.125]
  epoch 3/3:  49%|████▉     | 43/88 [00:11<00:12,  3.73it/s, loss=0.125]
  epoch 3/3:  49%|████▉     | 43/88 [00:12<00:12,  3.73it/s, loss=0.122]
  epoch 3/3:  50%|█████     | 44/88 [00:12<00:11,  3.71it/s, loss=0.122]
  epoch 3/3:  50%|█████     | 44/88 [00:12<00:11,  3.71it/s, loss=0.119]
  epoch 3/3:  51%|█████     | 45/88 [00:12<00:11,  3.73it/s, loss=0.119]
  epoch 3/3:  51%|█████     | 45/88 [00:12<00:11,  3.73it/s, loss=0.126]
  epoch 3/3:  52%|█████▏    | 46/88 [00:12<00:11,  3.73it/s, loss=0.126]
  epoch 3/3:  52%|█████▏    | 46/88 [00:12<00:11,  3.73it/s, loss=0.124]
  epoch 3/3:  53%|█████▎    | 47/88 [00:12<00:11,  3.73it/s, loss=0.124]
  epoch 3/3:  53%|█████▎    | 47/88 [00:13<00:11,  3.73it/s, loss=0.122]
  epoch 3/3:  55%|█████▍    | 48/88 [00:13<00:10,  3.66it/s, loss=0.122]
  epoch 3/3:  55%|█████▍    | 48/88 [00:13<00:10,  3.66it/s, loss=0.128]
  epoch 3/3:  56%|█████▌    | 49/88 [00:13<00:10,  3.69it/s, loss=0.128]
  epoch 3/3:  56%|█████▌    | 49/88 [00:13<00:10,  3.69it/s, loss=0.126]
  epoch 3/3:  57%|█████▋    | 50/88 [00:13<00:10,  3.70it/s, loss=0.126]
  epoch 3/3:  57%|█████▋    | 50/88 [00:14<00:10,  3.70it/s, loss=0.130]
  epoch 3/3:  58%|█████▊    | 51/88 [00:14<00:09,  3.72it/s, loss=0.130]
  epoch 3/3:  58%|█████▊    | 51/88 [00:14<00:09,  3.72it/s, loss=0.129]
  epoch 3/3:  59%|█████▉    | 52/88 [00:14<00:09,  3.72it/s, loss=0.129]
  epoch 3/3:  59%|█████▉    | 52/88 [00:14<00:09,  3.72it/s, loss=0.134]
  epoch 3/3:  60%|██████    | 53/88 [00:14<00:09,  3.72it/s, loss=0.134]
  epoch 3/3:  60%|██████    | 53/88 [00:14<00:09,  3.72it/s, loss=0.138]
  epoch 3/3:  61%|██████▏   | 54/88 [00:14<00:09,  3.71it/s, loss=0.138]
  epoch 3/3:  61%|██████▏   | 54/88 [00:15<00:09,  3.71it/s, loss=0.143]
  epoch 3/3:  62%|██████▎   | 55/88 [00:15<00:08,  3.74it/s, loss=0.143]
  epoch 3/3:  62%|██████▎   | 55/88 [00:15<00:08,  3.74it/s, loss=0.143]
  epoch 3/3:  64%|██████▎   | 56/88 [00:15<00:08,  3.75it/s, loss=0.143]
  epoch 3/3:  64%|██████▎   | 56/88 [00:15<00:08,  3.75it/s, loss=0.144]
  epoch 3/3:  65%|██████▍   | 57/88 [00:15<00:08,  3.74it/s, loss=0.144]
  epoch 3/3:  65%|██████▍   | 57/88 [00:15<00:08,  3.74it/s, loss=0.142]
  epoch 3/3:  66%|██████▌   | 58/88 [00:15<00:08,  3.73it/s, loss=0.142]
  epoch 3/3:  66%|██████▌   | 58/88 [00:16<00:08,  3.73it/s, loss=0.140]
  epoch 3/3:  67%|██████▋   | 59/88 [00:16<00:07,  3.72it/s, loss=0.140]
  epoch 3/3:  67%|██████▋   | 59/88 [00:16<00:07,  3.72it/s, loss=0.138]
  epoch 3/3:  68%|██████▊   | 60/88 [00:16<00:07,  3.73it/s, loss=0.138]
  epoch 3/3:  68%|██████▊   | 60/88 [00:16<00:07,  3.73it/s, loss=0.135]
  epoch 3/3:  69%|██████▉   | 61/88 [00:16<00:07,  3.74it/s, loss=0.135]
  epoch 3/3:  69%|██████▉   | 61/88 [00:16<00:07,  3.74it/s, loss=0.139]
  epoch 3/3:  70%|███████   | 62/88 [00:16<00:06,  3.74it/s, loss=0.139]
  epoch 3/3:  70%|███████   | 62/88 [00:17<00:06,  3.74it/s, loss=0.137]
  epoch 3/3:  72%|███████▏  | 63/88 [00:17<00:06,  3.74it/s, loss=0.137]
  epoch 3/3:  72%|███████▏  | 63/88 [00:17<00:06,  3.74it/s, loss=0.135]
  epoch 3/3:  73%|███████▎  | 64/88 [00:17<00:06,  3.68it/s, loss=0.135]
  epoch 3/3:  73%|███████▎  | 64/88 [00:17<00:06,  3.68it/s, loss=0.134]
  epoch 3/3:  74%|███████▍  | 65/88 [00:17<00:06,  3.70it/s, loss=0.134]
  epoch 3/3:  74%|███████▍  | 65/88 [00:18<00:06,  3.70it/s, loss=0.133]
  epoch 3/3:  75%|███████▌  | 66/88 [00:18<00:05,  3.71it/s, loss=0.133]
  epoch 3/3:  75%|███████▌  | 66/88 [00:18<00:05,  3.71it/s, loss=0.133]
  epoch 3/3:  76%|███████▌  | 67/88 [00:18<00:05,  3.72it/s, loss=0.133]
  epoch 3/3:  76%|███████▌  | 67/88 [00:18<00:05,  3.72it/s, loss=0.131]
  epoch 3/3:  77%|███████▋  | 68/88 [00:18<00:05,  3.73it/s, loss=0.131]
  epoch 3/3:  77%|███████▋  | 68/88 [00:18<00:05,  3.73it/s, loss=0.129]
  epoch 3/3:  78%|███████▊  | 69/88 [00:18<00:05,  3.73it/s, loss=0.129]
  epoch 3/3:  78%|███████▊  | 69/88 [00:19<00:05,  3.73it/s, loss=0.128]
  epoch 3/3:  80%|███████▉  | 70/88 [00:19<00:04,  3.71it/s, loss=0.128]
  epoch 3/3:  80%|███████▉  | 70/88 [00:19<00:04,  3.71it/s, loss=0.128]
  epoch 3/3:  81%|████████  | 71/88 [00:19<00:04,  3.74it/s, loss=0.128]
  epoch 3/3:  81%|████████  | 71/88 [00:19<00:04,  3.74it/s, loss=0.127]
  epoch 3/3:  82%|████████▏ | 72/88 [00:19<00:04,  3.75it/s, loss=0.127]
  epoch 3/3:  82%|████████▏ | 72/88 [00:19<00:04,  3.75it/s, loss=0.125]
  epoch 3/3:  83%|████████▎ | 73/88 [00:19<00:04,  3.74it/s, loss=0.125]
  epoch 3/3:  83%|████████▎ | 73/88 [00:20<00:04,  3.74it/s, loss=0.124]
  epoch 3/3:  84%|████████▍ | 74/88 [00:20<00:03,  3.75it/s, loss=0.124]
  epoch 3/3:  84%|████████▍ | 74/88 [00:20<00:03,  3.75it/s, loss=0.125]
  epoch 3/3:  85%|████████▌ | 75/88 [00:20<00:03,  3.75it/s, loss=0.125]
  epoch 3/3:  85%|████████▌ | 75/88 [00:20<00:03,  3.75it/s, loss=0.124]
  epoch 3/3:  86%|████████▋ | 76/88 [00:20<00:03,  3.74it/s, loss=0.124]
  epoch 3/3:  86%|████████▋ | 76/88 [00:20<00:03,  3.74it/s, loss=0.125]
  epoch 3/3:  88%|████████▊ | 77/88 [00:21<00:02,  3.74it/s, loss=0.125]
  epoch 3/3:  88%|████████▊ | 77/88 [00:21<00:02,  3.74it/s, loss=0.127]
  epoch 3/3:  89%|████████▊ | 78/88 [00:21<00:02,  3.75it/s, loss=0.127]
  epoch 3/3:  89%|████████▊ | 78/88 [00:21<00:02,  3.75it/s, loss=0.127]
  epoch 3/3:  90%|████████▉ | 79/88 [00:21<00:02,  3.74it/s, loss=0.127]
  epoch 3/3:  90%|████████▉ | 79/88 [00:21<00:02,  3.74it/s, loss=0.126]
  epoch 3/3:  91%|█████████ | 80/88 [00:21<00:02,  3.68it/s, loss=0.126]
  epoch 3/3:  91%|█████████ | 80/88 [00:22<00:02,  3.68it/s, loss=0.125]
  epoch 3/3:  92%|█████████▏| 81/88 [00:22<00:01,  3.72it/s, loss=0.125]
  epoch 3/3:  92%|█████████▏| 81/88 [00:22<00:01,  3.72it/s, loss=0.124]
  epoch 3/3:  93%|█████████▎| 82/88 [00:22<00:01,  3.72it/s, loss=0.124]
  epoch 3/3:  93%|█████████▎| 82/88 [00:22<00:01,  3.72it/s, loss=0.122]
  epoch 3/3:  94%|█████████▍| 83/88 [00:22<00:01,  3.73it/s, loss=0.122]
  epoch 3/3:  94%|█████████▍| 83/88 [00:22<00:01,  3.73it/s, loss=0.121]
  epoch 3/3:  95%|█████████▌| 84/88 [00:22<00:01,  3.72it/s, loss=0.121]
  epoch 3/3:  95%|█████████▌| 84/88 [00:23<00:01,  3.72it/s, loss=0.126]
  epoch 3/3:  97%|█████████▋| 85/88 [00:23<00:00,  3.75it/s, loss=0.126]
  epoch 3/3:  97%|█████████▋| 85/88 [00:23<00:00,  3.75it/s, loss=0.124]
  epoch 3/3:  98%|█████████▊| 86/88 [00:23<00:00,  3.76it/s, loss=0.124]
  epoch 3/3:  98%|█████████▊| 86/88 [00:23<00:00,  3.76it/s, loss=0.136]
  epoch 3/3:  99%|█████████▉| 87/88 [00:23<00:00,  3.75it/s, loss=0.136]
  epoch 3/3:  99%|█████████▉| 87/88 [00:23<00:00,  3.75it/s, loss=0.139]
  epoch 3/3: 100%|██████████| 88/88 [00:23<00:00,  4.10it/s, loss=0.139]
                                                                        
[titans] reset=never | norm(state) sau task = 84.3447
[titans]   self-mod v:β=1.02 |W|=14.60
[titans]   eta_t(avg)=22.7298  alpha_t/forget-gate(avg)=1.0000
[task 1] test acc so far: 0.931  0.820
[task 1] NCM-head acc so far: 0.883  0.917
[task 2] classes=[5, 6, 14, 20, 29] | train=2800

  epoch 1/3:   0%|          | 0/88 [00:00<?, ?it/s]
  epoch 1/3:   0%|          | 0/88 [00:00<?, ?it/s, loss=1.758]
  epoch 1/3:   1%|          | 1/88 [00:00<00:45,  1.93it/s, loss=1.758]
  epoch 1/3:   1%|          | 1/88 [00:00<00:45,  1.93it/s, loss=1.706]
  epoch 1/3:   2%|▏         | 2/88 [00:00<00:31,  2.70it/s, loss=1.706]
  epoch 1/3:   2%|▏         | 2/88 [00:01<00:31,  2.70it/s, loss=1.613]
  epoch 1/3:   3%|▎         | 3/88 [00:01<00:27,  3.11it/s, loss=1.613]
  epoch 1/3:   3%|▎         | 3/88 [00:01<00:27,  3.11it/s, loss=1.550]
  epoch 1/3:   5%|▍         | 4/88 [00:01<00:25,  3.35it/s, loss=1.550]
  epoch 1/3:   5%|▍         | 4/88 [00:01<00:25,  3.35it/s, loss=1.507]
  epoch 1/3:   6%|▌         | 5/88 [00:01<00:23,  3.50it/s, loss=1.507]
  epoch 1/3:   6%|▌         | 5/88 [00:01<00:23,  3.50it/s, loss=1.444]
  epoch 1/3:   7%|▋         | 6/88 [00:01<00:22,  3.59it/s, loss=1.444]
  epoch 1/3:   7%|▋         | 6/88 [00:02<00:22,  3.59it/s, loss=1.368]
  epoch 1/3:   8%|▊         | 7/88 [00:02<00:22,  3.66it/s, loss=1.368]
  epoch 1/3:   8%|▊         | 7/88 [00:02<00:22,  3.66it/s, loss=1.265]
  epoch 1/3:   9%|▉         | 8/88 [00:02<00:21,  3.70it/s, loss=1.265]
  epoch 1/3:   9%|▉         | 8/88 [00:02<00:21,  3.70it/s, loss=1.218]
  epoch 1/3:  10%|█         | 9/88 [00:02<00:21,  3.73it/s, loss=1.218]
  epoch 1/3:  10%|█         | 9/88 [00:02<00:21,  3.73it/s, loss=1.136]
  epoch 1/3:  11%|█▏        | 10/88 [00:02<00:20,  3.75it/s, loss=1.136]
  epoch 1/3:  11%|█▏        | 10/88 [00:03<00:20,  3.75it/s, loss=1.081]
  epoch 1/3:  12%|█▎        | 11/88 [00:03<00:20,  3.76it/s, loss=1.081]
  epoch 1/3:  12%|█▎        | 11/88 [00:03<00:20,  3.76it/s, loss=1.028]
  epoch 1/3:  14%|█▎        | 12/88 [00:03<00:20,  3.77it/s, loss=1.028]
  epoch 1/3:  14%|█▎        | 12/88 [00:03<00:20,  3.77it/s, loss=0.981]
  epoch 1/3:  15%|█▍        | 13/88 [00:03<00:19,  3.78it/s, loss=0.981]
  epoch 1/3:  15%|█▍        | 13/88 [00:03<00:19,  3.78it/s, loss=0.961]
  epoch 1/3:  16%|█▌        | 14/88 [00:03<00:19,  3.78it/s, loss=0.961]
  epoch 1/3:  16%|█▌        | 14/88 [00:04<00:19,  3.78it/s, loss=0.912]
  epoch 1/3:  17%|█▋        | 15/88 [00:04<00:19,  3.79it/s, loss=0.912]
  epoch 1/3:  17%|█▋        | 15/88 [00:04<00:19,  3.79it/s, loss=0.884]
  epoch 1/3:  18%|█▊        | 16/88 [00:04<00:19,  3.74it/s, loss=0.884]
  epoch 1/3:  18%|█▊        | 16/88 [00:04<00:19,  3.74it/s, loss=0.850]
  epoch 1/3:  19%|█▉        | 17/88 [00:04<00:18,  3.75it/s, loss=0.850]
  epoch 1/3:  19%|█▉        | 17/88 [00:05<00:18,  3.75it/s, loss=0.814]
  epoch 1/3:  20%|██        | 18/88 [00:05<00:18,  3.74it/s, loss=0.814]
  epoch 1/3:  20%|██        | 18/88 [00:05<00:18,  3.74it/s, loss=0.786]
  epoch 1/3:  22%|██▏       | 19/88 [00:05<00:18,  3.76it/s, loss=0.786]
  epoch 1/3:  22%|██▏       | 19/88 [00:05<00:18,  3.76it/s, loss=0.761]
  epoch 1/3:  23%|██▎       | 20/88 [00:05<00:18,  3.77it/s, loss=0.761]
  epoch 1/3:  23%|██▎       | 20/88 [00:05<00:18,  3.77it/s, loss=0.749]
  epoch 1/3:  24%|██▍       | 21/88 [00:05<00:17,  3.77it/s, loss=0.749]
  epoch 1/3:  24%|██▍       | 21/88 [00:06<00:17,  3.77it/s, loss=0.727]
  epoch 1/3:  25%|██▌       | 22/88 [00:06<00:17,  3.78it/s, loss=0.727]
  epoch 1/3:  25%|██▌       | 22/88 [00:06<00:17,  3.78it/s, loss=0.704]
  epoch 1/3:  26%|██▌       | 23/88 [00:06<00:17,  3.78it/s, loss=0.704]
  epoch 1/3:  26%|██▌       | 23/88 [00:06<00:17,  3.78it/s, loss=0.678]
  epoch 1/3:  27%|██▋       | 24/88 [00:06<00:16,  3.79it/s, loss=0.678]
  epoch 1/3:  27%|██▋       | 24/88 [00:06<00:16,  3.79it/s, loss=0.658]
  epoch 1/3:  28%|██▊       | 25/88 [00:06<00:16,  3.78it/s, loss=0.658]
  epoch 1/3:  28%|██▊       | 25/88 [00:07<00:16,  3.78it/s, loss=0.643]
  epoch 1/3:  30%|██▉       | 26/88 [00:07<00:16,  3.79it/s, loss=0.643]
  epoch 1/3:  30%|██▉       | 26/88 [00:07<00:16,  3.79it/s, loss=0.624]
  epoch 1/3:  31%|███       | 27/88 [00:07<00:16,  3.79it/s, loss=0.624]
  epoch 1/3:  31%|███       | 27/88 [00:07<00:16,  3.79it/s, loss=0.610]
  epoch 1/3:  32%|███▏      | 28/88 [00:07<00:15,  3.78it/s, loss=0.610]
  epoch 1/3:  32%|███▏      | 28/88 [00:07<00:15,  3.78it/s, loss=0.591]
  epoch 1/3:  33%|███▎      | 29/88 [00:07<00:15,  3.77it/s, loss=0.591]
  epoch 1/3:  33%|███▎      | 29/88 [00:08<00:15,  3.77it/s, loss=0.583]
  epoch 1/3:  34%|███▍      | 30/88 [00:08<00:15,  3.76it/s, loss=0.583]
  epoch 1/3:  34%|███▍      | 30/88 [00:08<00:15,  3.76it/s, loss=0.570]
  epoch 1/3:  35%|███▌      | 31/88 [00:08<00:15,  3.74it/s, loss=0.570]
  epoch 1/3:  35%|███▌      | 31/88 [00:08<00:15,  3.74it/s, loss=0.560]
  epoch 1/3:  36%|███▋      | 32/88 [00:08<00:15,  3.70it/s, loss=0.560]
  epoch 1/3:  36%|███▋      | 32/88 [00:09<00:15,  3.70it/s, loss=0.550]
  epoch 1/3:  38%|███▊      | 33/88 [00:09<00:14,  3.72it/s, loss=0.550]
  epoch 1/3:  38%|███▊      | 33/88 [00:09<00:14,  3.72it/s, loss=0.538]
  epoch 1/3:  39%|███▊      | 34/88 [00:09<00:14,  3.73it/s, loss=0.538]
  epoch 1/3:  39%|███▊      | 34/88 [00:09<00:14,  3.73it/s, loss=0.525]
  epoch 1/3:  40%|███▉      | 35/88 [00:09<00:14,  3.74it/s, loss=0.525]
  epoch 1/3:  40%|███▉      | 35/88 [00:09<00:14,  3.74it/s, loss=0.516]
  epoch 1/3:  41%|████      | 36/88 [00:09<00:13,  3.76it/s, loss=0.516]
  epoch 1/3:  41%|████      | 36/88 [00:10<00:13,  3.76it/s, loss=0.511]
  epoch 1/3:  42%|████▏     | 37/88 [00:10<00:13,  3.76it/s, loss=0.511]
  epoch 1/3:  42%|████▏     | 37/88 [00:10<00:13,  3.76it/s, loss=0.500]
  epoch 1/3:  43%|████▎     | 38/88 [00:10<00:13,  3.76it/s, loss=0.500]
  epoch 1/3:  43%|████▎     | 38/88 [00:10<00:13,  3.76it/s, loss=0.490]
  epoch 1/3:  44%|████▍     | 39/88 [00:10<00:13,  3.75it/s, loss=0.490]
  epoch 1/3:  44%|████▍     | 39/88 [00:10<00:13,  3.75it/s, loss=0.485]
  epoch 1/3:  45%|████▌     | 40/88 [00:10<00:12,  3.75it/s, loss=0.485]
  epoch 1/3:  45%|████▌     | 40/88 [00:11<00:12,  3.75it/s, loss=0.478]
  epoch 1/3:  47%|████▋     | 41/88 [00:11<00:12,  3.74it/s, loss=0.478]
  epoch 1/3:  47%|████▋     | 41/88 [00:11<00:12,  3.74it/s, loss=0.474]
  epoch 1/3:  48%|████▊     | 42/88 [00:11<00:12,  3.76it/s, loss=0.474]
  epoch 1/3:  48%|████▊     | 42/88 [00:11<00:12,  3.76it/s, loss=0.465]
  epoch 1/3:  49%|████▉     | 43/88 [00:11<00:11,  3.77it/s, loss=0.465]
  epoch 1/3:  49%|████▉     | 43/88 [00:11<00:11,  3.77it/s, loss=0.457]
  epoch 1/3:  50%|█████     | 44/88 [00:11<00:11,  3.77it/s, loss=0.457]
  epoch 1/3:  50%|█████     | 44/88 [00:12<00:11,  3.77it/s, loss=0.449]
  epoch 1/3:  51%|█████     | 45/88 [00:12<00:11,  3.79it/s, loss=0.449]
  epoch 1/3:  51%|█████     | 45/88 [00:12<00:11,  3.79it/s, loss=0.441]
  epoch 1/3:  52%|█████▏    | 46/88 [00:12<00:11,  3.79it/s, loss=0.441]
  epoch 1/3:  52%|█████▏    | 46/88 [00:12<00:11,  3.79it/s, loss=0.433]
  epoch 1/3:  53%|█████▎    | 47/88 [00:12<00:10,  3.79it/s, loss=0.433]
  epoch 1/3:  53%|█████▎    | 47/88 [00:12<00:10,  3.79it/s, loss=0.425]
  epoch 1/3:  55%|█████▍    | 48/88 [00:12<00:10,  3.74it/s, loss=0.425]
  epoch 1/3:  55%|█████▍    | 48/88 [00:13<00:10,  3.74it/s, loss=0.421]
  epoch 1/3:  56%|█████▌    | 49/88 [00:13<00:10,  3.74it/s, loss=0.421]
  epoch 1/3:  56%|█████▌    | 49/88 [00:13<00:10,  3.74it/s, loss=0.414]
  epoch 1/3:  57%|█████▋    | 50/88 [00:13<00:10,  3.74it/s, loss=0.414]
  epoch 1/3:  57%|█████▋    | 50/88 [00:13<00:10,  3.74it/s, loss=0.409]
  epoch 1/3:  58%|█████▊    | 51/88 [00:13<00:09,  3.76it/s, loss=0.409]
  epoch 1/3:  58%|█████▊    | 51/88 [00:14<00:09,  3.76it/s, loss=0.402]
  epoch 1/3:  59%|█████▉    | 52/88 [00:14<00:09,  3.77it/s, loss=0.402]
  epoch 1/3:  59%|█████▉    | 52/88 [00:14<00:09,  3.77it/s, loss=0.399]
  epoch 1/3:  60%|██████    | 53/88 [00:14<00:09,  3.77it/s, loss=0.399]
  epoch 1/3:  60%|██████    | 53/88 [00:14<00:09,  3.77it/s, loss=0.395]
  epoch 1/3:  61%|██████▏   | 54/88 [00:14<00:09,  3.78it/s, loss=0.395]
  epoch 1/3:  61%|██████▏   | 54/88 [00:14<00:09,  3.78it/s, loss=0.390]
  epoch 1/3:  62%|██████▎   | 55/88 [00:14<00:08,  3.78it/s, loss=0.390]
  epoch 1/3:  62%|██████▎   | 55/88 [00:15<00:08,  3.78it/s, loss=0.386]
  epoch 1/3:  64%|██████▎   | 56/88 [00:15<00:08,  3.78it/s, loss=0.386]
  epoch 1/3:  64%|██████▎   | 56/88 [00:15<00:08,  3.78it/s, loss=0.381]
  epoch 1/3:  65%|██████▍   | 57/88 [00:15<00:08,  3.76it/s, loss=0.381]
  epoch 1/3:  65%|██████▍   | 57/88 [00:15<00:08,  3.76it/s, loss=0.379]
  epoch 1/3:  66%|██████▌   | 58/88 [00:15<00:08,  3.74it/s, loss=0.379]
  epoch 1/3:  66%|██████▌   | 58/88 [00:15<00:08,  3.74it/s, loss=0.375]
  epoch 1/3:  67%|██████▋   | 59/88 [00:15<00:07,  3.74it/s, loss=0.375]
  epoch 1/3:  67%|██████▋   | 59/88 [00:16<00:07,  3.74it/s, loss=0.370]
  epoch 1/3:  68%|██████▊   | 60/88 [00:16<00:07,  3.75it/s, loss=0.370]
  epoch 1/3:  68%|██████▊   | 60/88 [00:16<00:07,  3.75it/s, loss=0.367]
  epoch 1/3:  69%|██████▉   | 61/88 [00:16<00:07,  3.76it/s, loss=0.367]
  epoch 1/3:  69%|██████▉   | 61/88 [00:16<00:07,  3.76it/s, loss=0.362]
  epoch 1/3:  70%|███████   | 62/88 [00:16<00:06,  3.75it/s, loss=0.362]
  epoch 1/3:  70%|███████   | 62/88 [00:16<00:06,  3.75it/s, loss=0.360]
  epoch 1/3:  72%|███████▏  | 63/88 [00:16<00:06,  3.74it/s, loss=0.360]
  epoch 1/3:  72%|███████▏  | 63/88 [00:17<00:06,  3.74it/s, loss=0.357]
  epoch 1/3:  73%|███████▎  | 64/88 [00:17<00:06,  3.67it/s, loss=0.357]
  epoch 1/3:  73%|███████▎  | 64/88 [00:17<00:06,  3.67it/s, loss=0.354]
  epoch 1/3:  74%|███████▍  | 65/88 [00:17<00:06,  3.70it/s, loss=0.354]
  epoch 1/3:  74%|███████▍  | 65/88 [00:17<00:06,  3.70it/s, loss=0.352]
  epoch 1/3:  75%|███████▌  | 66/88 [00:17<00:05,  3.71it/s, loss=0.352]
  epoch 1/3:  75%|███████▌  | 66/88 [00:18<00:05,  3.71it/s, loss=0.348]
  epoch 1/3:  76%|███████▌  | 67/88 [00:18<00:05,  3.73it/s, loss=0.348]
  epoch 1/3:  76%|███████▌  | 67/88 [00:18<00:05,  3.73it/s, loss=0.345]
  epoch 1/3:  77%|███████▋  | 68/88 [00:18<00:05,  3.74it/s, loss=0.345]
  epoch 1/3:  77%|███████▋  | 68/88 [00:18<00:05,  3.74it/s, loss=0.342]
  epoch 1/3:  78%|███████▊  | 69/88 [00:18<00:05,  3.73it/s, loss=0.342]
  epoch 1/3:  78%|███████▊  | 69/88 [00:18<00:05,  3.73it/s, loss=0.339]
  epoch 1/3:  80%|███████▉  | 70/88 [00:18<00:04,  3.73it/s, loss=0.339]
  epoch 1/3:  80%|███████▉  | 70/88 [00:19<00:04,  3.73it/s, loss=0.337]
  epoch 1/3:  81%|████████  | 71/88 [00:19<00:04,  3.73it/s, loss=0.337]
  epoch 1/3:  81%|████████  | 71/88 [00:19<00:04,  3.73it/s, loss=0.333]
  epoch 1/3:  82%|████████▏ | 72/88 [00:19<00:04,  3.74it/s, loss=0.333]
  epoch 1/3:  82%|████████▏ | 72/88 [00:19<00:04,  3.74it/s, loss=0.333]
  epoch 1/3:  83%|████████▎ | 73/88 [00:19<00:04,  3.75it/s, loss=0.333]
  epoch 1/3:  83%|████████▎ | 73/88 [00:19<00:04,  3.75it/s, loss=0.332]
  epoch 1/3:  84%|████████▍ | 74/88 [00:19<00:03,  3.75it/s, loss=0.332]
  epoch 1/3:  84%|████████▍ | 74/88 [00:20<00:03,  3.75it/s, loss=0.329]
  epoch 1/3:  85%|████████▌ | 75/88 [00:20<00:03,  3.73it/s, loss=0.329]
  epoch 1/3:  85%|████████▌ | 75/88 [00:20<00:03,  3.73it/s, loss=0.327]
  epoch 1/3:  86%|████████▋ | 76/88 [00:20<00:03,  3.73it/s, loss=0.327]
  epoch 1/3:  86%|████████▋ | 76/88 [00:20<00:03,  3.73it/s, loss=0.324]
  epoch 1/3:  88%|████████▊ | 77/88 [00:20<00:02,  3.75it/s, loss=0.324]
  epoch 1/3:  88%|████████▊ | 77/88 [00:21<00:02,  3.75it/s, loss=0.322]
  epoch 1/3:  89%|████████▊ | 78/88 [00:21<00:02,  3.75it/s, loss=0.322]
  epoch 1/3:  89%|████████▊ | 78/88 [00:21<00:02,  3.75it/s, loss=0.327]
  epoch 1/3:  90%|████████▉ | 79/88 [00:21<00:02,  3.74it/s, loss=0.327]
  epoch 1/3:  90%|████████▉ | 79/88 [00:21<00:02,  3.74it/s, loss=0.325]
  epoch 1/3:  91%|█████████ | 80/88 [00:21<00:02,  3.67it/s, loss=0.325]
  epoch 1/3:  91%|█████████ | 80/88 [00:21<00:02,  3.67it/s, loss=0.325]
  epoch 1/3:  92%|█████████▏| 81/88 [00:21<00:01,  3.69it/s, loss=0.325]
  epoch 1/3:  92%|█████████▏| 81/88 [00:22<00:01,  3.69it/s, loss=0.322]
  epoch 1/3:  93%|█████████▎| 82/88 [00:22<00:01,  3.69it/s, loss=0.322]
  epoch 1/3:  93%|█████████▎| 82/88 [00:22<00:01,  3.69it/s, loss=0.321]
  epoch 1/3:  94%|█████████▍| 83/88 [00:22<00:01,  3.72it/s, loss=0.321]
  epoch 1/3:  94%|█████████▍| 83/88 [00:22<00:01,  3.72it/s, loss=0.318]
  epoch 1/3:  95%|█████████▌| 84/88 [00:22<00:01,  3.73it/s, loss=0.318]
  epoch 1/3:  95%|█████████▌| 84/88 [00:22<00:01,  3.73it/s, loss=0.316]
  epoch 1/3:  97%|█████████▋| 85/88 [00:22<00:00,  3.74it/s, loss=0.316]
  epoch 1/3:  97%|█████████▋| 85/88 [00:23<00:00,  3.74it/s, loss=0.312]
  epoch 1/3:  98%|█████████▊| 86/88 [00:23<00:00,  3.73it/s, loss=0.312]
  epoch 1/3:  98%|█████████▊| 86/88 [00:23<00:00,  3.73it/s, loss=0.309]
  epoch 1/3:  99%|█████████▉| 87/88 [00:23<00:00,  3.74it/s, loss=0.309]
  epoch 1/3:  99%|█████████▉| 87/88 [00:23<00:00,  3.74it/s, loss=0.310]
  epoch 1/3: 100%|██████████| 88/88 [00:23<00:00,  4.06it/s, loss=0.310]
                                                                        

  epoch 2/3:   0%|          | 0/88 [00:00<?, ?it/s]
  epoch 2/3:   0%|          | 0/88 [00:00<?, ?it/s, loss=0.005]
  epoch 2/3:   1%|          | 1/88 [00:00<00:45,  1.92it/s, loss=0.005]
  epoch 2/3:   1%|          | 1/88 [00:00<00:45,  1.92it/s, loss=0.026]
  epoch 2/3:   2%|▏         | 2/88 [00:00<00:31,  2.69it/s, loss=0.026]
  epoch 2/3:   2%|▏         | 2/88 [00:01<00:31,  2.69it/s, loss=0.025]
  epoch 2/3:   3%|▎         | 3/88 [00:01<00:27,  3.10it/s, loss=0.025]
  epoch 2/3:   3%|▎         | 3/88 [00:01<00:27,  3.10it/s, loss=0.045]
  epoch 2/3:   5%|▍         | 4/88 [00:01<00:25,  3.33it/s, loss=0.045]
  epoch 2/3:   5%|▍         | 4/88 [00:01<00:25,  3.33it/s, loss=0.038]
  epoch 2/3:   6%|▌         | 5/88 [00:01<00:23,  3.46it/s, loss=0.038]
  epoch 2/3:   6%|▌         | 5/88 [00:01<00:23,  3.46it/s, loss=0.052]
  epoch 2/3:   7%|▋         | 6/88 [00:01<00:23,  3.53it/s, loss=0.052]
  epoch 2/3:   7%|▋         | 6/88 [00:02<00:23,  3.53it/s, loss=0.069]
  epoch 2/3:   8%|▊         | 7/88 [00:02<00:22,  3.60it/s, loss=0.069]
  epoch 2/3:   8%|▊         | 7/88 [00:02<00:22,  3.60it/s, loss=0.074]
  epoch 2/3:   9%|▉         | 8/88 [00:02<00:22,  3.60it/s, loss=0.074]
  epoch 2/3:   9%|▉         | 8/88 [00:02<00:22,  3.60it/s, loss=0.087]
  epoch 2/3:  10%|█         | 9/88 [00:02<00:21,  3.64it/s, loss=0.087]
  epoch 2/3:  10%|█         | 9/88 [00:02<00:21,  3.64it/s, loss=0.081]
  epoch 2/3:  11%|█▏        | 10/88 [00:02<00:21,  3.68it/s, loss=0.081]
  epoch 2/3:  11%|█▏        | 10/88 [00:03<00:21,  3.68it/s, loss=0.075]
  epoch 2/3:  12%|█▎        | 11/88 [00:03<00:20,  3.70it/s, loss=0.075]
  epoch 2/3:  12%|█▎        | 11/88 [00:03<00:20,  3.70it/s, loss=0.081]
  epoch 2/3:  14%|█▎        | 12/88 [00:03<00:20,  3.72it/s, loss=0.081]
  epoch 2/3:  14%|█▎        | 12/88 [00:03<00:20,  3.72it/s, loss=0.083]
  epoch 2/3:  15%|█▍        | 13/88 [00:03<00:20,  3.71it/s, loss=0.083]
  epoch 2/3:  15%|█▍        | 13/88 [00:04<00:20,  3.71it/s, loss=0.086]
  epoch 2/3:  16%|█▌        | 14/88 [00:04<00:19,  3.71it/s, loss=0.086]
  epoch 2/3:  16%|█▌        | 14/88 [00:04<00:19,  3.71it/s, loss=0.083]
  epoch 2/3:  17%|█▋        | 15/88 [00:04<00:19,  3.72it/s, loss=0.083]
  epoch 2/3:  17%|█▋        | 15/88 [00:04<00:19,  3.72it/s, loss=0.133]
  epoch 2/3:  18%|█▊        | 16/88 [00:04<00:19,  3.73it/s, loss=0.133]
  epoch 2/3:  18%|█▊        | 16/88 [00:04<00:19,  3.73it/s, loss=0.126]
  epoch 2/3:  19%|█▉        | 17/88 [00:04<00:19,  3.73it/s, loss=0.126]
  epoch 2/3:  19%|█▉        | 17/88 [00:05<00:19,  3.73it/s, loss=0.122]
  epoch 2/3:  20%|██        | 18/88 [00:05<00:18,  3.72it/s, loss=0.122]
  epoch 2/3:  20%|██        | 18/88 [00:05<00:18,  3.72it/s, loss=0.118]
  epoch 2/3:  22%|██▏       | 19/88 [00:05<00:18,  3.74it/s, loss=0.118]
  epoch 2/3:  22%|██▏       | 19/88 [00:05<00:18,  3.74it/s, loss=0.113]
  epoch 2/3:  23%|██▎       | 20/88 [00:05<00:18,  3.74it/s, loss=0.113]
  epoch 2/3:  23%|██▎       | 20/88 [00:05<00:18,  3.74it/s, loss=0.111]
  epoch 2/3:  24%|██▍       | 21/88 [00:05<00:17,  3.76it/s, loss=0.111]
  epoch 2/3:  24%|██▍       | 21/88 [00:06<00:17,  3.76it/s, loss=0.109]
  epoch 2/3:  25%|██▌       | 22/88 [00:06<00:17,  3.75it/s, loss=0.109]
  epoch 2/3:  25%|██▌       | 22/88 [00:06<00:17,  3.75it/s, loss=0.116]
  epoch 2/3:  26%|██▌       | 23/88 [00:06<00:17,  3.74it/s, loss=0.116]
  epoch 2/3:  26%|██▌       | 23/88 [00:06<00:17,  3.74it/s, loss=0.117]
  epoch 2/3:  27%|██▋       | 24/88 [00:06<00:17,  3.68it/s, loss=0.117]
  epoch 2/3:  27%|██▋       | 24/88 [00:06<00:17,  3.68it/s, loss=0.114]
  epoch 2/3:  28%|██▊       | 25/88 [00:06<00:17,  3.70it/s, loss=0.114]
  epoch 2/3:  28%|██▊       | 25/88 [00:07<00:17,  3.70it/s, loss=0.113]
  epoch 2/3:  30%|██▉       | 26/88 [00:07<00:16,  3.71it/s, loss=0.113]
  epoch 2/3:  30%|██▉       | 26/88 [00:07<00:16,  3.71it/s, loss=0.111]
  epoch 2/3:  31%|███       | 27/88 [00:07<00:16,  3.73it/s, loss=0.111]
  epoch 2/3:  31%|███       | 27/88 [00:07<00:16,  3.73it/s, loss=0.121]
  epoch 2/3:  32%|███▏      | 28/88 [00:07<00:15,  3.75it/s, loss=0.121]
  epoch 2/3:  32%|███▏      | 28/88 [00:08<00:15,  3.75it/s, loss=0.120]
  epoch 2/3:  33%|███▎      | 29/88 [00:08<00:15,  3.76it/s, loss=0.120]
  epoch 2/3:  33%|███▎      | 29/88 [00:08<00:15,  3.76it/s, loss=0.122]
  epoch 2/3:  34%|███▍      | 30/88 [00:08<00:15,  3.76it/s, loss=0.122]
  epoch 2/3:  34%|███▍      | 30/88 [00:08<00:15,  3.76it/s, loss=0.121]
  epoch 2/3:  35%|███▌      | 31/88 [00:08<00:15,  3.76it/s, loss=0.121]
  epoch 2/3:  35%|███▌      | 31/88 [00:08<00:15,  3.76it/s, loss=0.119]
  epoch 2/3:  36%|███▋      | 32/88 [00:08<00:14,  3.76it/s, loss=0.119]
  epoch 2/3:  36%|███▋      | 32/88 [00:09<00:14,  3.76it/s, loss=0.116]
  epoch 2/3:  38%|███▊      | 33/88 [00:09<00:14,  3.75it/s, loss=0.116]
  epoch 2/3:  38%|███▊      | 33/88 [00:09<00:14,  3.75it/s, loss=0.121]
  epoch 2/3:  39%|███▊      | 34/88 [00:09<00:14,  3.73it/s, loss=0.121]
  epoch 2/3:  39%|███▊      | 34/88 [00:09<00:14,  3.73it/s, loss=0.127]
  epoch 2/3:  40%|███▉      | 35/88 [00:09<00:14,  3.74it/s, loss=0.127]
  epoch 2/3:  40%|███▉      | 35/88 [00:09<00:14,  3.74it/s, loss=0.124]
  epoch 2/3:  41%|████      | 36/88 [00:09<00:13,  3.75it/s, loss=0.124]
  epoch 2/3:  41%|████      | 36/88 [00:10<00:13,  3.75it/s, loss=0.122]
  epoch 2/3:  42%|████▏     | 37/88 [00:10<00:13,  3.74it/s, loss=0.122]
  epoch 2/3:  42%|████▏     | 37/88 [00:10<00:13,  3.74it/s, loss=0.119]
  epoch 2/3:  43%|████▎     | 38/88 [00:10<00:13,  3.73it/s, loss=0.119]
  epoch 2/3:  43%|████▎     | 38/88 [00:10<00:13,  3.73it/s, loss=0.117]
  epoch 2/3:  44%|████▍     | 39/88 [00:10<00:13,  3.72it/s, loss=0.117]
  epoch 2/3:  44%|████▍     | 39/88 [00:10<00:13,  3.72it/s, loss=0.123]
  epoch 2/3:  45%|████▌     | 40/88 [00:10<00:13,  3.68it/s, loss=0.123]
  epoch 2/3:  45%|████▌     | 40/88 [00:11<00:13,  3.68it/s, loss=0.130]
  epoch 2/3:  47%|████▋     | 41/88 [00:11<00:12,  3.71it/s, loss=0.130]
  epoch 2/3:  47%|████▋     | 41/88 [00:11<00:12,  3.71it/s, loss=0.129]
  epoch 2/3:  48%|████▊     | 42/88 [00:11<00:12,  3.71it/s, loss=0.129]
  epoch 2/3:  48%|████▊     | 42/88 [00:11<00:12,  3.71it/s, loss=0.135]
  epoch 2/3:  49%|████▉     | 43/88 [00:11<00:12,  3.73it/s, loss=0.135]
  epoch 2/3:  49%|████▉     | 43/88 [00:12<00:12,  3.73it/s, loss=0.133]
  epoch 2/3:  50%|█████     | 44/88 [00:12<00:11,  3.73it/s, loss=0.133]
  epoch 2/3:  50%|█████     | 44/88 [00:12<00:11,  3.73it/s, loss=0.130]
  epoch 2/3:  51%|█████     | 45/88 [00:12<00:11,  3.73it/s, loss=0.130]
  epoch 2/3:  51%|█████     | 45/88 [00:12<00:11,  3.73it/s, loss=0.131]
  epoch 2/3:  52%|█████▏    | 46/88 [00:12<00:11,  3.73it/s, loss=0.131]
  epoch 2/3:  52%|█████▏    | 46/88 [00:12<00:11,  3.73it/s, loss=0.132]
  epoch 2/3:  53%|█████▎    | 47/88 [00:12<00:11,  3.71it/s, loss=0.132]
  epoch 2/3:  53%|█████▎    | 47/88 [00:13<00:11,  3.71it/s, loss=0.132]
  epoch 2/3:  55%|█████▍    | 48/88 [00:13<00:10,  3.71it/s, loss=0.132]
  epoch 2/3:  55%|█████▍    | 48/88 [00:13<00:10,  3.71it/s, loss=0.133]
  epoch 2/3:  56%|█████▌    | 49/88 [00:13<00:10,  3.72it/s, loss=0.133]
  epoch 2/3:  56%|█████▌    | 49/88 [00:13<00:10,  3.72it/s, loss=0.132]
  epoch 2/3:  57%|█████▋    | 50/88 [00:13<00:10,  3.73it/s, loss=0.132]
  epoch 2/3:  57%|█████▋    | 50/88 [00:13<00:10,  3.73it/s, loss=0.135]
  epoch 2/3:  58%|█████▊    | 51/88 [00:13<00:09,  3.72it/s, loss=0.135]
  epoch 2/3:  58%|█████▊    | 51/88 [00:14<00:09,  3.72it/s, loss=0.140]
  epoch 2/3:  59%|█████▉    | 52/88 [00:14<00:09,  3.74it/s, loss=0.140]
  epoch 2/3:  59%|█████▉    | 52/88 [00:14<00:09,  3.74it/s, loss=0.142]
  epoch 2/3:  60%|██████    | 53/88 [00:14<00:09,  3.76it/s, loss=0.142]
  epoch 2/3:  60%|██████    | 53/88 [00:14<00:09,  3.76it/s, loss=0.143]
  epoch 2/3:  61%|██████▏   | 54/88 [00:14<00:09,  3.75it/s, loss=0.143]
  epoch 2/3:  61%|██████▏   | 54/88 [00:14<00:09,  3.75it/s, loss=0.147]
  epoch 2/3:  62%|██████▎   | 55/88 [00:14<00:08,  3.75it/s, loss=0.147]
  epoch 2/3:  62%|██████▎   | 55/88 [00:15<00:08,  3.75it/s, loss=0.155]
  epoch 2/3:  64%|██████▎   | 56/88 [00:15<00:08,  3.69it/s, loss=0.155]
  epoch 2/3:  64%|██████▎   | 56/88 [00:15<00:08,  3.69it/s, loss=0.155]
  epoch 2/3:  65%|██████▍   | 57/88 [00:15<00:08,  3.73it/s, loss=0.155]
  epoch 2/3:  65%|██████▍   | 57/88 [00:15<00:08,  3.73it/s, loss=0.153]
  epoch 2/3:  66%|██████▌   | 58/88 [00:15<00:08,  3.74it/s, loss=0.153]
  epoch 2/3:  66%|██████▌   | 58/88 [00:16<00:08,  3.74it/s, loss=0.151]
  epoch 2/3:  67%|██████▋   | 59/88 [00:16<00:07,  3.73it/s, loss=0.151]
  epoch 2/3:  67%|██████▋   | 59/88 [00:16<00:07,  3.73it/s, loss=0.155]
  epoch 2/3:  68%|██████▊   | 60/88 [00:16<00:07,  3.72it/s, loss=0.155]
  epoch 2/3:  68%|██████▊   | 60/88 [00:16<00:07,  3.72it/s, loss=0.155]
  epoch 2/3:  69%|██████▉   | 61/88 [00:16<00:07,  3.71it/s, loss=0.155]
  epoch 2/3:  69%|██████▉   | 61/88 [00:16<00:07,  3.71it/s, loss=0.155]
  epoch 2/3:  70%|███████   | 62/88 [00:16<00:06,  3.73it/s, loss=0.155]
  epoch 2/3:  70%|███████   | 62/88 [00:17<00:06,  3.73it/s, loss=0.159]
  epoch 2/3:  72%|███████▏  | 63/88 [00:17<00:06,  3.73it/s, loss=0.159]
  epoch 2/3:  72%|███████▏  | 63/88 [00:17<00:06,  3.73it/s, loss=0.165]
  epoch 2/3:  73%|███████▎  | 64/88 [00:17<00:06,  3.72it/s, loss=0.165]
  epoch 2/3:  73%|███████▎  | 64/88 [00:17<00:06,  3.72it/s, loss=0.163]
  epoch 2/3:  74%|███████▍  | 65/88 [00:17<00:06,  3.72it/s, loss=0.163]
  epoch 2/3:  74%|███████▍  | 65/88 [00:17<00:06,  3.72it/s, loss=0.163]
  epoch 2/3:  75%|███████▌  | 66/88 [00:17<00:05,  3.74it/s, loss=0.163]
  epoch 2/3:  75%|███████▌  | 66/88 [00:18<00:05,  3.74it/s, loss=0.162]
  epoch 2/3:  76%|███████▌  | 67/88 [00:18<00:05,  3.74it/s, loss=0.162]
  epoch 2/3:  76%|███████▌  | 67/88 [00:18<00:05,  3.74it/s, loss=0.162]
  epoch 2/3:  77%|███████▋  | 68/88 [00:18<00:05,  3.73it/s, loss=0.162]
  epoch 2/3:  77%|███████▋  | 68/88 [00:18<00:05,  3.73it/s, loss=0.161]
  epoch 2/3:  78%|███████▊  | 69/88 [00:18<00:05,  3.73it/s, loss=0.161]
  epoch 2/3:  78%|███████▊  | 69/88 [00:19<00:05,  3.73it/s, loss=0.159]
  epoch 2/3:  80%|███████▉  | 70/88 [00:19<00:04,  3.73it/s, loss=0.159]
  epoch 2/3:  80%|███████▉  | 70/88 [00:19<00:04,  3.73it/s, loss=0.159]
  epoch 2/3:  81%|████████  | 71/88 [00:19<00:04,  3.74it/s, loss=0.159]
  epoch 2/3:  81%|████████  | 71/88 [00:19<00:04,  3.74it/s, loss=0.158]
  epoch 2/3:  82%|████████▏ | 72/88 [00:19<00:04,  3.69it/s, loss=0.158]
  epoch 2/3:  82%|████████▏ | 72/88 [00:19<00:04,  3.69it/s, loss=0.160]
  epoch 2/3:  83%|████████▎ | 73/88 [00:19<00:04,  3.70it/s, loss=0.160]
  epoch 2/3:  83%|████████▎ | 73/88 [00:20<00:04,  3.70it/s, loss=0.158]
  epoch 2/3:  84%|████████▍ | 74/88 [00:20<00:03,  3.72it/s, loss=0.158]
  epoch 2/3:  84%|████████▍ | 74/88 [00:20<00:03,  3.72it/s, loss=0.158]
  epoch 2/3:  85%|████████▌ | 75/88 [00:20<00:03,  3.72it/s, loss=0.158]
  epoch 2/3:  85%|████████▌ | 75/88 [00:20<00:03,  3.72it/s, loss=0.158]
  epoch 2/3:  86%|████████▋ | 76/88 [00:20<00:03,  3.72it/s, loss=0.158]
  epoch 2/3:  86%|████████▋ | 76/88 [00:20<00:03,  3.72it/s, loss=0.158]
  epoch 2/3:  88%|████████▊ | 77/88 [00:20<00:02,  3.71it/s, loss=0.158]
  epoch 2/3:  88%|████████▊ | 77/88 [00:21<00:02,  3.71it/s, loss=0.159]
  epoch 2/3:  89%|████████▊ | 78/88 [00:21<00:02,  3.70it/s, loss=0.159]
  epoch 2/3:  89%|████████▊ | 78/88 [00:21<00:02,  3.70it/s, loss=0.157]
  epoch 2/3:  90%|████████▉ | 79/88 [00:21<00:02,  3.70it/s, loss=0.157]
  epoch 2/3:  90%|████████▉ | 79/88 [00:21<00:02,  3.70it/s, loss=0.156]
  epoch 2/3:  91%|█████████ | 80/88 [00:21<00:02,  3.71it/s, loss=0.156]
  epoch 2/3:  91%|█████████ | 80/88 [00:21<00:02,  3.71it/s, loss=0.159]
  epoch 2/3:  92%|█████████▏| 81/88 [00:21<00:01,  3.70it/s, loss=0.159]
  epoch 2/3:  92%|█████████▏| 81/88 [00:22<00:01,  3.70it/s, loss=0.160]
  epoch 2/3:  93%|█████████▎| 82/88 [00:22<00:01,  3.70it/s, loss=0.160]
  epoch 2/3:  93%|█████████▎| 82/88 [00:22<00:01,  3.70it/s, loss=0.161]
  epoch 2/3:  94%|█████████▍| 83/88 [00:22<00:01,  3.71it/s, loss=0.161]
  epoch 2/3:  94%|█████████▍| 83/88 [00:22<00:01,  3.71it/s, loss=0.161]
  epoch 2/3:  95%|█████████▌| 84/88 [00:22<00:01,  3.71it/s, loss=0.161]
  epoch 2/3:  95%|█████████▌| 84/88 [00:23<00:01,  3.71it/s, loss=0.161]
  epoch 2/3:  97%|█████████▋| 85/88 [00:23<00:00,  3.71it/s, loss=0.161]
  epoch 2/3:  97%|█████████▋| 85/88 [00:23<00:00,  3.71it/s, loss=0.162]
  epoch 2/3:  98%|█████████▊| 86/88 [00:23<00:00,  3.70it/s, loss=0.162]
  epoch 2/3:  98%|█████████▊| 86/88 [00:23<00:00,  3.70it/s, loss=0.165]
  epoch 2/3:  99%|█████████▉| 87/88 [00:23<00:00,  3.72it/s, loss=0.165]
  epoch 2/3:  99%|█████████▉| 87/88 [00:23<00:00,  3.72it/s, loss=0.165]
  epoch 2/3: 100%|██████████| 88/88 [00:23<00:00,  4.01it/s, loss=0.165]
                                                                        

  epoch 3/3:   0%|          | 0/88 [00:00<?, ?it/s]
  epoch 3/3:   0%|          | 0/88 [00:00<?, ?it/s, loss=0.117]
  epoch 3/3:   1%|          | 1/88 [00:00<00:45,  1.92it/s, loss=0.117]
  epoch 3/3:   1%|          | 1/88 [00:00<00:45,  1.92it/s, loss=0.109]
  epoch 3/3:   2%|▏         | 2/88 [00:00<00:32,  2.67it/s, loss=0.109]
  epoch 3/3:   2%|▏         | 2/88 [00:01<00:32,  2.67it/s, loss=0.118]
  epoch 3/3:   3%|▎         | 3/88 [00:01<00:27,  3.07it/s, loss=0.118]
  epoch 3/3:   3%|▎         | 3/88 [00:01<00:27,  3.07it/s, loss=0.154]
  epoch 3/3:   5%|▍         | 4/88 [00:01<00:25,  3.30it/s, loss=0.154]
  epoch 3/3:   5%|▍         | 4/88 [00:01<00:25,  3.30it/s, loss=0.123]
  epoch 3/3:   6%|▌         | 5/88 [00:01<00:24,  3.45it/s, loss=0.123]
  epoch 3/3:   6%|▌         | 5/88 [00:01<00:24,  3.45it/s, loss=0.104]
  epoch 3/3:   7%|▋         | 6/88 [00:01<00:23,  3.52it/s, loss=0.104]
  epoch 3/3:   7%|▋         | 6/88 [00:02<00:23,  3.52it/s, loss=0.112]
  epoch 3/3:   8%|▊         | 7/88 [00:02<00:22,  3.60it/s, loss=0.112]
  epoch 3/3:   8%|▊         | 7/88 [00:02<00:22,  3.60it/s, loss=0.120]
  epoch 3/3:   9%|▉         | 8/88 [00:02<00:21,  3.64it/s, loss=0.120]
  epoch 3/3:   9%|▉         | 8/88 [00:02<00:21,  3.64it/s, loss=0.129]
  epoch 3/3:  10%|█         | 9/88 [00:02<00:21,  3.66it/s, loss=0.129]
  epoch 3/3:  10%|█         | 9/88 [00:02<00:21,  3.66it/s, loss=0.133]
  epoch 3/3:  11%|█▏        | 10/88 [00:02<00:21,  3.67it/s, loss=0.133]
  epoch 3/3:  11%|█▏        | 10/88 [00:03<00:21,  3.67it/s, loss=0.126]
  epoch 3/3:  12%|█▎        | 11/88 [00:03<00:20,  3.70it/s, loss=0.126]
  epoch 3/3:  12%|█▎        | 11/88 [00:03<00:20,  3.70it/s, loss=0.126]
  epoch 3/3:  14%|█▎        | 12/88 [00:03<00:20,  3.70it/s, loss=0.126]
  epoch 3/3:  14%|█▎        | 12/88 [00:03<00:20,  3.70it/s, loss=0.139]
  epoch 3/3:  15%|█▍        | 13/88 [00:03<00:20,  3.70it/s, loss=0.139]
  epoch 3/3:  15%|█▍        | 13/88 [00:04<00:20,  3.70it/s, loss=0.138]
  epoch 3/3:  16%|█▌        | 14/88 [00:04<00:19,  3.71it/s, loss=0.138]
  epoch 3/3:  16%|█▌        | 14/88 [00:04<00:19,  3.71it/s, loss=0.130]
  epoch 3/3:  17%|█▋        | 15/88 [00:04<00:19,  3.73it/s, loss=0.130]
  epoch 3/3:  17%|█▋        | 15/88 [00:04<00:19,  3.73it/s, loss=0.139]
  epoch 3/3:  18%|█▊        | 16/88 [00:04<00:19,  3.66it/s, loss=0.139]
  epoch 3/3:  18%|█▊        | 16/88 [00:04<00:19,  3.66it/s, loss=0.138]
  epoch 3/3:  19%|█▉        | 17/88 [00:04<00:19,  3.70it/s, loss=0.138]
  epoch 3/3:  19%|█▉        | 17/88 [00:05<00:19,  3.70it/s, loss=0.144]
  epoch 3/3:  20%|██        | 18/88 [00:05<00:18,  3.71it/s, loss=0.144]
  epoch 3/3:  20%|██        | 18/88 [00:05<00:18,  3.71it/s, loss=0.145]
  epoch 3/3:  22%|██▏       | 19/88 [00:05<00:18,  3.71it/s, loss=0.145]
  epoch 3/3:  22%|██▏       | 19/88 [00:05<00:18,  3.71it/s, loss=0.145]
  epoch 3/3:  23%|██▎       | 20/88 [00:05<00:18,  3.71it/s, loss=0.145]
  epoch 3/3:  23%|██▎       | 20/88 [00:05<00:18,  3.71it/s, loss=0.155]
  epoch 3/3:  24%|██▍       | 21/88 [00:05<00:18,  3.72it/s, loss=0.155]
  epoch 3/3:  24%|██▍       | 21/88 [00:06<00:18,  3.72it/s, loss=0.158]
  epoch 3/3:  25%|██▌       | 22/88 [00:06<00:17,  3.72it/s, loss=0.158]
  epoch 3/3:  25%|██▌       | 22/88 [00:06<00:17,  3.72it/s, loss=0.158]
  epoch 3/3:  26%|██▌       | 23/88 [00:06<00:17,  3.73it/s, loss=0.158]
  epoch 3/3:  26%|██▌       | 23/88 [00:06<00:17,  3.73it/s, loss=0.154]
  epoch 3/3:  27%|██▋       | 24/88 [00:06<00:17,  3.72it/s, loss=0.154]
  epoch 3/3:  27%|██▋       | 24/88 [00:06<00:17,  3.72it/s, loss=0.149]
  epoch 3/3:  28%|██▊       | 25/88 [00:06<00:16,  3.71it/s, loss=0.149]
  epoch 3/3:  28%|██▊       | 25/88 [00:07<00:16,  3.71it/s, loss=0.148]
  epoch 3/3:  30%|██▉       | 26/88 [00:07<00:16,  3.71it/s, loss=0.148]
  epoch 3/3:  30%|██▉       | 26/88 [00:07<00:16,  3.71it/s, loss=0.148]
  epoch 3/3:  31%|███       | 27/88 [00:07<00:16,  3.71it/s, loss=0.148]
  epoch 3/3:  31%|███       | 27/88 [00:07<00:16,  3.71it/s, loss=0.152]
  epoch 3/3:  32%|███▏      | 28/88 [00:07<00:16,  3.71it/s, loss=0.152]
  epoch 3/3:  32%|███▏      | 28/88 [00:08<00:16,  3.71it/s, loss=0.149]
  epoch 3/3:  33%|███▎      | 29/88 [00:08<00:15,  3.70it/s, loss=0.149]
  epoch 3/3:  33%|███▎      | 29/88 [00:08<00:15,  3.70it/s, loss=0.144]
  epoch 3/3:  34%|███▍      | 30/88 [00:08<00:15,  3.71it/s, loss=0.144]
  epoch 3/3:  34%|███▍      | 30/88 [00:08<00:15,  3.71it/s, loss=0.140]
  epoch 3/3:  35%|███▌      | 31/88 [00:08<00:15,  3.72it/s, loss=0.140]
  epoch 3/3:  35%|███▌      | 31/88 [00:08<00:15,  3.72it/s, loss=0.136]
  epoch 3/3:  36%|███▋      | 32/88 [00:08<00:15,  3.66it/s, loss=0.136]
  epoch 3/3:  36%|███▋      | 32/88 [00:09<00:15,  3.66it/s, loss=0.133]
  epoch 3/3:  38%|███▊      | 33/88 [00:09<00:14,  3.70it/s, loss=0.133]
  epoch 3/3:  38%|███▊      | 33/88 [00:09<00:14,  3.70it/s, loss=0.131]
  epoch 3/3:  39%|███▊      | 34/88 [00:09<00:14,  3.70it/s, loss=0.131]
  epoch 3/3:  39%|███▊      | 34/88 [00:09<00:14,  3.70it/s, loss=0.128]
  epoch 3/3:  40%|███▉      | 35/88 [00:09<00:14,  3.70it/s, loss=0.128]
  epoch 3/3:  40%|███▉      | 35/88 [00:09<00:14,  3.70it/s, loss=0.125]
  epoch 3/3:  41%|████      | 36/88 [00:09<00:14,  3.71it/s, loss=0.125]
  epoch 3/3:  41%|████      | 36/88 [00:10<00:14,  3.71it/s, loss=0.122]
  epoch 3/3:  42%|████▏     | 37/88 [00:10<00:13,  3.72it/s, loss=0.122]
  epoch 3/3:  42%|████▏     | 37/88 [00:10<00:13,  3.72it/s, loss=0.140]
  epoch 3/3:  43%|████▎     | 38/88 [00:10<00:13,  3.72it/s, loss=0.140]
  epoch 3/3:  43%|████▎     | 38/88 [00:10<00:13,  3.72it/s, loss=0.138]
  epoch 3/3:  44%|████▍     | 39/88 [00:10<00:13,  3.70it/s, loss=0.138]
  epoch 3/3:  44%|████▍     | 39/88 [00:11<00:13,  3.70it/s, loss=0.138]
  epoch 3/3:  45%|████▌     | 40/88 [00:11<00:12,  3.71it/s, loss=0.138]
  epoch 3/3:  45%|████▌     | 40/88 [00:11<00:12,  3.71it/s, loss=0.139]
  epoch 3/3:  47%|████▋     | 41/88 [00:11<00:12,  3.71it/s, loss=0.139]
  epoch 3/3:  47%|████▋     | 41/88 [00:11<00:12,  3.71it/s, loss=0.136]
  epoch 3/3:  48%|████▊     | 42/88 [00:11<00:12,  3.70it/s, loss=0.136]
  epoch 3/3:  48%|████▊     | 42/88 [00:11<00:12,  3.70it/s, loss=0.133]
  epoch 3/3:  49%|████▉     | 43/88 [00:11<00:12,  3.72it/s, loss=0.133]
  epoch 3/3:  49%|████▉     | 43/88 [00:12<00:12,  3.72it/s, loss=0.134]
  epoch 3/3:  50%|█████     | 44/88 [00:12<00:11,  3.73it/s, loss=0.134]
  epoch 3/3:  50%|█████     | 44/88 [00:12<00:11,  3.73it/s, loss=0.136]
  epoch 3/3:  51%|█████     | 45/88 [00:12<00:11,  3.73it/s, loss=0.136]
  epoch 3/3:  51%|█████     | 45/88 [00:12<00:11,  3.73it/s, loss=0.135]
  epoch 3/3:  52%|█████▏    | 46/88 [00:12<00:11,  3.71it/s, loss=0.135]
  epoch 3/3:  52%|█████▏    | 46/88 [00:12<00:11,  3.71it/s, loss=0.132]
  epoch 3/3:  53%|█████▎    | 47/88 [00:12<00:10,  3.73it/s, loss=0.132]
  epoch 3/3:  53%|█████▎    | 47/88 [00:13<00:10,  3.73it/s, loss=0.132]
  epoch 3/3:  55%|█████▍    | 48/88 [00:13<00:10,  3.65it/s, loss=0.132]
  epoch 3/3:  55%|█████▍    | 48/88 [00:13<00:10,  3.65it/s, loss=0.130]
  epoch 3/3:  56%|█████▌    | 49/88 [00:13<00:10,  3.67it/s, loss=0.130]
  epoch 3/3:  56%|█████▌    | 49/88 [00:13<00:10,  3.67it/s, loss=0.129]
  epoch 3/3:  57%|█████▋    | 50/88 [00:13<00:10,  3.68it/s, loss=0.129]
  epoch 3/3:  57%|█████▋    | 50/88 [00:13<00:10,  3.68it/s, loss=0.130]
  epoch 3/3:  58%|█████▊    | 51/88 [00:14<00:10,  3.70it/s, loss=0.130]
  epoch 3/3:  58%|█████▊    | 51/88 [00:14<00:10,  3.70it/s, loss=0.130]
  epoch 3/3:  59%|█████▉    | 52/88 [00:14<00:09,  3.71it/s, loss=0.130]
  epoch 3/3:  59%|█████▉    | 52/88 [00:14<00:09,  3.71it/s, loss=0.128]
  epoch 3/3:  60%|██████    | 53/88 [00:14<00:09,  3.71it/s, loss=0.128]
  epoch 3/3:  60%|██████    | 53/88 [00:14<00:09,  3.71it/s, loss=0.129]
  epoch 3/3:  61%|██████▏   | 54/88 [00:14<00:09,  3.71it/s, loss=0.129]
  epoch 3/3:  61%|██████▏   | 54/88 [00:15<00:09,  3.71it/s, loss=0.128]
  epoch 3/3:  62%|██████▎   | 55/88 [00:15<00:08,  3.72it/s, loss=0.128]
  epoch 3/3:  62%|██████▎   | 55/88 [00:15<00:08,  3.72it/s, loss=0.130]
  epoch 3/3:  64%|██████▎   | 56/88 [00:15<00:08,  3.71it/s, loss=0.130]
  epoch 3/3:  64%|██████▎   | 56/88 [00:15<00:08,  3.71it/s, loss=0.131]
  epoch 3/3:  65%|██████▍   | 57/88 [00:15<00:08,  3.70it/s, loss=0.131]
  epoch 3/3:  65%|██████▍   | 57/88 [00:15<00:08,  3.70it/s, loss=0.129]
  epoch 3/3:  66%|██████▌   | 58/88 [00:15<00:08,  3.71it/s, loss=0.129]
  epoch 3/3:  66%|██████▌   | 58/88 [00:16<00:08,  3.71it/s, loss=0.128]
  epoch 3/3:  67%|██████▋   | 59/88 [00:16<00:07,  3.72it/s, loss=0.128]
  epoch 3/3:  67%|██████▋   | 59/88 [00:16<00:07,  3.72it/s, loss=0.133]
  epoch 3/3:  68%|██████▊   | 60/88 [00:16<00:07,  3.71it/s, loss=0.133]
  epoch 3/3:  68%|██████▊   | 60/88 [00:16<00:07,  3.71it/s, loss=0.132]
  epoch 3/3:  69%|██████▉   | 61/88 [00:16<00:07,  3.70it/s, loss=0.132]
  epoch 3/3:  69%|██████▉   | 61/88 [00:16<00:07,  3.70it/s, loss=0.138]
  epoch 3/3:  70%|███████   | 62/88 [00:16<00:07,  3.69it/s, loss=0.138]
  epoch 3/3:  70%|███████   | 62/88 [00:17<00:07,  3.69it/s, loss=0.137]
  epoch 3/3:  72%|███████▏  | 63/88 [00:17<00:06,  3.68it/s, loss=0.137]
  epoch 3/3:  72%|███████▏  | 63/88 [00:17<00:06,  3.68it/s, loss=0.138]
  epoch 3/3:  73%|███████▎  | 64/88 [00:17<00:06,  3.65it/s, loss=0.138]
  epoch 3/3:  73%|███████▎  | 64/88 [00:17<00:06,  3.65it/s, loss=0.137]
  epoch 3/3:  74%|███████▍  | 65/88 [00:17<00:06,  3.67it/s, loss=0.137]
  epoch 3/3:  74%|███████▍  | 65/88 [00:18<00:06,  3.67it/s, loss=0.138]
  epoch 3/3:  75%|███████▌  | 66/88 [00:18<00:05,  3.70it/s, loss=0.138]
  epoch 3/3:  75%|███████▌  | 66/88 [00:18<00:05,  3.70it/s, loss=0.139]
  epoch 3/3:  76%|███████▌  | 67/88 [00:18<00:05,  3.71it/s, loss=0.139]
  epoch 3/3:  76%|███████▌  | 67/88 [00:18<00:05,  3.71it/s, loss=0.139]
  epoch 3/3:  77%|███████▋  | 68/88 [00:18<00:05,  3.71it/s, loss=0.139]
  epoch 3/3:  77%|███████▋  | 68/88 [00:18<00:05,  3.71it/s, loss=0.140]
  epoch 3/3:  78%|███████▊  | 69/88 [00:18<00:05,  3.71it/s, loss=0.140]
  epoch 3/3:  78%|███████▊  | 69/88 [00:19<00:05,  3.71it/s, loss=0.138]
  epoch 3/3:  80%|███████▉  | 70/88 [00:19<00:04,  3.72it/s, loss=0.138]
  epoch 3/3:  80%|███████▉  | 70/88 [00:19<00:04,  3.72it/s, loss=0.143]
  epoch 3/3:  81%|████████  | 71/88 [00:19<00:04,  3.72it/s, loss=0.143]
  epoch 3/3:  81%|████████  | 71/88 [00:19<00:04,  3.72it/s, loss=0.142]
  epoch 3/3:  82%|████████▏ | 72/88 [00:19<00:04,  3.70it/s, loss=0.142]
  epoch 3/3:  82%|████████▏ | 72/88 [00:19<00:04,  3.70it/s, loss=0.145]
  epoch 3/3:  83%|████████▎ | 73/88 [00:19<00:04,  3.72it/s, loss=0.145]
  epoch 3/3:  83%|████████▎ | 73/88 [00:20<00:04,  3.72it/s, loss=0.143]
  epoch 3/3:  84%|████████▍ | 74/88 [00:20<00:03,  3.73it/s, loss=0.143]
  epoch 3/3:  84%|████████▍ | 74/88 [00:20<00:03,  3.73it/s, loss=0.144]
  epoch 3/3:  85%|████████▌ | 75/88 [00:20<00:03,  3.72it/s, loss=0.144]
  epoch 3/3:  85%|████████▌ | 75/88 [00:20<00:03,  3.72it/s, loss=0.144]
  epoch 3/3:  86%|████████▋ | 76/88 [00:20<00:03,  3.71it/s, loss=0.144]
  epoch 3/3:  86%|████████▋ | 76/88 [00:21<00:03,  3.71it/s, loss=0.149]
  epoch 3/3:  88%|████████▊ | 77/88 [00:21<00:02,  3.72it/s, loss=0.149]
  epoch 3/3:  88%|████████▊ | 77/88 [00:21<00:02,  3.72it/s, loss=0.148]
  epoch 3/3:  89%|████████▊ | 78/88 [00:21<00:02,  3.74it/s, loss=0.148]
  epoch 3/3:  89%|████████▊ | 78/88 [00:21<00:02,  3.74it/s, loss=0.146]
  epoch 3/3:  90%|████████▉ | 79/88 [00:21<00:02,  3.73it/s, loss=0.146]
  epoch 3/3:  90%|████████▉ | 79/88 [00:21<00:02,  3.73it/s, loss=0.144]
  epoch 3/3:  91%|█████████ | 80/88 [00:21<00:02,  3.66it/s, loss=0.144]
  epoch 3/3:  91%|█████████ | 80/88 [00:22<00:02,  3.66it/s, loss=0.144]
  epoch 3/3:  92%|█████████▏| 81/88 [00:22<00:01,  3.68it/s, loss=0.144]
  epoch 3/3:  92%|█████████▏| 81/88 [00:22<00:01,  3.68it/s, loss=0.144]
  epoch 3/3:  93%|█████████▎| 82/88 [00:22<00:01,  3.69it/s, loss=0.144]
  epoch 3/3:  93%|█████████▎| 82/88 [00:22<00:01,  3.69it/s, loss=0.142]
  epoch 3/3:  94%|█████████▍| 83/88 [00:22<00:01,  3.72it/s, loss=0.142]
  epoch 3/3:  94%|█████████▍| 83/88 [00:22<00:01,  3.72it/s, loss=0.143]
  epoch 3/3:  95%|█████████▌| 84/88 [00:22<00:01,  3.74it/s, loss=0.143]
  epoch 3/3:  95%|█████████▌| 84/88 [00:23<00:01,  3.74it/s, loss=0.141]
  epoch 3/3:  97%|█████████▋| 85/88 [00:23<00:00,  3.73it/s, loss=0.141]
  epoch 3/3:  97%|█████████▋| 85/88 [00:23<00:00,  3.73it/s, loss=0.140]
  epoch 3/3:  98%|█████████▊| 86/88 [00:23<00:00,  3.73it/s, loss=0.140]
  epoch 3/3:  98%|█████████▊| 86/88 [00:23<00:00,  3.73it/s, loss=0.143]
  epoch 3/3:  99%|█████████▉| 87/88 [00:23<00:00,  3.72it/s, loss=0.143]
  epoch 3/3:  99%|█████████▉| 87/88 [00:23<00:00,  3.72it/s, loss=0.143]
  epoch 3/3: 100%|██████████| 88/88 [00:23<00:00,  4.07it/s, loss=0.143]
                                                                        
[titans] reset=never | norm(state) sau task = 84.3443
[titans]   self-mod v:β=1.01 |W|=17.40
[titans]   eta_t(avg)=41.9340  alpha_t/forget-gate(avg)=1.0000
[task 2] test acc so far: 0.903  0.749  0.837
[task 2] NCM-head acc so far: 0.837  0.891  0.829
[task 3] classes=[10, 15, 23, 28, 42] | train=2800

  epoch 1/3:   0%|          | 0/88 [00:00<?, ?it/s]
  epoch 1/3:   0%|          | 0/88 [00:00<?, ?it/s, loss=1.686]
  epoch 1/3:   1%|          | 1/88 [00:00<00:44,  1.94it/s, loss=1.686]
  epoch 1/3:   1%|          | 1/88 [00:00<00:44,  1.94it/s, loss=1.708]
  epoch 1/3:   2%|▏         | 2/88 [00:00<00:31,  2.72it/s, loss=1.708]
  epoch 1/3:   2%|▏         | 2/88 [00:01<00:31,  2.72it/s, loss=1.703]
  epoch 1/3:   3%|▎         | 3/88 [00:01<00:27,  3.13it/s, loss=1.703]
  epoch 1/3:   3%|▎         | 3/88 [00:01<00:27,  3.13it/s, loss=1.577]
  epoch 1/3:   5%|▍         | 4/88 [00:01<00:25,  3.36it/s, loss=1.577]
  epoch 1/3:   5%|▍         | 4/88 [00:01<00:25,  3.36it/s, loss=1.497]
  epoch 1/3:   6%|▌         | 5/88 [00:01<00:23,  3.49it/s, loss=1.497]
  epoch 1/3:   6%|▌         | 5/88 [00:01<00:23,  3.49it/s, loss=1.391]
  epoch 1/3:   7%|▋         | 6/88 [00:01<00:22,  3.57it/s, loss=1.391]
  epoch 1/3:   7%|▋         | 6/88 [00:02<00:22,  3.57it/s, loss=1.315]
  epoch 1/3:   8%|▊         | 7/88 [00:02<00:22,  3.61it/s, loss=1.315]
  epoch 1/3:   8%|▊         | 7/88 [00:02<00:22,  3.61it/s, loss=1.249]
  epoch 1/3:   9%|▉         | 8/88 [00:02<00:21,  3.66it/s, loss=1.249]
  epoch 1/3:   9%|▉         | 8/88 [00:02<00:21,  3.66it/s, loss=1.174]
  epoch 1/3:  10%|█         | 9/88 [00:02<00:21,  3.69it/s, loss=1.174]
  epoch 1/3:  10%|█         | 9/88 [00:02<00:21,  3.69it/s, loss=1.092]
  epoch 1/3:  11%|█▏        | 10/88 [00:02<00:21,  3.71it/s, loss=1.092]
  epoch 1/3:  11%|█▏        | 10/88 [00:03<00:21,  3.71it/s, loss=1.033]
  epoch 1/3:  12%|█▎        | 11/88 [00:03<00:20,  3.72it/s, loss=1.033]
  epoch 1/3:  12%|█▎        | 11/88 [00:03<00:20,  3.72it/s, loss=0.997]
  epoch 1/3:  14%|█▎        | 12/88 [00:03<00:20,  3.72it/s, loss=0.997]
  epoch 1/3:  14%|█▎        | 12/88 [00:03<00:20,  3.72it/s, loss=0.945]
  epoch 1/3:  15%|█▍        | 13/88 [00:03<00:20,  3.71it/s, loss=0.945]
  epoch 1/3:  15%|█▍        | 13/88 [00:03<00:20,  3.71it/s, loss=0.908]
  epoch 1/3:  16%|█▌        | 14/88 [00:03<00:19,  3.74it/s, loss=0.908]
  epoch 1/3:  16%|█▌        | 14/88 [00:04<00:19,  3.74it/s, loss=0.869]
  epoch 1/3:  17%|█▋        | 15/88 [00:04<00:19,  3.75it/s, loss=0.869]
  epoch 1/3:  17%|█▋        | 15/88 [00:04<00:19,  3.75it/s, loss=0.830]
  epoch 1/3:  18%|█▊        | 16/88 [00:04<00:19,  3.68it/s, loss=0.830]
  epoch 1/3:  18%|█▊        | 16/88 [00:04<00:19,  3.68it/s, loss=0.798]
  epoch 1/3:  19%|█▉        | 17/88 [00:04<00:19,  3.72it/s, loss=0.798]
  epoch 1/3:  19%|█▉        | 17/88 [00:05<00:19,  3.72it/s, loss=0.773]
  epoch 1/3:  20%|██        | 18/88 [00:05<00:18,  3.74it/s, loss=0.773]
  epoch 1/3:  20%|██        | 18/88 [00:05<00:18,  3.74it/s, loss=0.745]
  epoch 1/3:  22%|██▏       | 19/88 [00:05<00:18,  3.76it/s, loss=0.745]
  epoch 1/3:  22%|██▏       | 19/88 [00:05<00:18,  3.76it/s, loss=0.713]
  epoch 1/3:  23%|██▎       | 20/88 [00:05<00:18,  3.77it/s, loss=0.713]
  epoch 1/3:  23%|██▎       | 20/88 [00:05<00:18,  3.77it/s, loss=0.687]
  epoch 1/3:  24%|██▍       | 21/88 [00:05<00:17,  3.76it/s, loss=0.687]
  epoch 1/3:  24%|██▍       | 21/88 [00:06<00:17,  3.76it/s, loss=0.662]
  epoch 1/3:  25%|██▌       | 22/88 [00:06<00:17,  3.74it/s, loss=0.662]
  epoch 1/3:  25%|██▌       | 22/88 [00:06<00:17,  3.74it/s, loss=0.640]
  epoch 1/3:  26%|██▌       | 23/88 [00:06<00:17,  3.72it/s, loss=0.640]
  epoch 1/3:  26%|██▌       | 23/88 [00:06<00:17,  3.72it/s, loss=0.625]
  epoch 1/3:  27%|██▋       | 24/88 [00:06<00:17,  3.75it/s, loss=0.625]
  epoch 1/3:  27%|██▋       | 24/88 [00:06<00:17,  3.75it/s, loss=0.604]
  epoch 1/3:  28%|██▊       | 25/88 [00:06<00:16,  3.76it/s, loss=0.604]
  epoch 1/3:  28%|██▊       | 25/88 [00:07<00:16,  3.76it/s, loss=0.588]
  epoch 1/3:  30%|██▉       | 26/88 [00:07<00:16,  3.74it/s, loss=0.588]
  epoch 1/3:  30%|██▉       | 26/88 [00:07<00:16,  3.74it/s, loss=0.573]
  epoch 1/3:  31%|███       | 27/88 [00:07<00:16,  3.73it/s, loss=0.573]
  epoch 1/3:  31%|███       | 27/88 [00:07<00:16,  3.73it/s, loss=0.556]
  epoch 1/3:  32%|███▏      | 28/88 [00:07<00:16,  3.73it/s, loss=0.556]
  epoch 1/3:  32%|███▏      | 28/88 [00:07<00:16,  3.73it/s, loss=0.539]
  epoch 1/3:  33%|███▎      | 29/88 [00:07<00:15,  3.75it/s, loss=0.539]
  epoch 1/3:  33%|███▎      | 29/88 [00:08<00:15,  3.75it/s, loss=0.523]
  epoch 1/3:  34%|███▍      | 30/88 [00:08<00:15,  3.76it/s, loss=0.523]
  epoch 1/3:  34%|███▍      | 30/88 [00:08<00:15,  3.76it/s, loss=0.514]
  epoch 1/3:  35%|███▌      | 31/88 [00:08<00:15,  3.77it/s, loss=0.514]
  epoch 1/3:  35%|███▌      | 31/88 [00:08<00:15,  3.77it/s, loss=0.501]
  epoch 1/3:  36%|███▋      | 32/88 [00:08<00:15,  3.72it/s, loss=0.501]
  epoch 1/3:  36%|███▋      | 32/88 [00:09<00:15,  3.72it/s, loss=0.487]
  epoch 1/3:  38%|███▊      | 33/88 [00:09<00:14,  3.72it/s, loss=0.487]
  epoch 1/3:  38%|███▊      | 33/88 [00:09<00:14,  3.72it/s, loss=0.473]
  epoch 1/3:  39%|███▊      | 34/88 [00:09<00:14,  3.74it/s, loss=0.473]
  epoch 1/3:  39%|███▊      | 34/88 [00:09<00:14,  3.74it/s, loss=0.462]
  epoch 1/3:  40%|███▉      | 35/88 [00:09<00:14,  3.73it/s, loss=0.462]
  epoch 1/3:  40%|███▉      | 35/88 [00:09<00:14,  3.73it/s, loss=0.451]
  epoch 1/3:  41%|████      | 36/88 [00:09<00:13,  3.73it/s, loss=0.451]
  epoch 1/3:  41%|████      | 36/88 [00:10<00:13,  3.73it/s, loss=0.441]
  epoch 1/3:  42%|████▏     | 37/88 [00:10<00:13,  3.72it/s, loss=0.441]
  epoch 1/3:  42%|████▏     | 37/88 [00:10<00:13,  3.72it/s, loss=0.430]
  epoch 1/3:  43%|████▎     | 38/88 [00:10<00:13,  3.73it/s, loss=0.430]
  epoch 1/3:  43%|████▎     | 38/88 [00:10<00:13,  3.73it/s, loss=0.421]
  epoch 1/3:  44%|████▍     | 39/88 [00:10<00:13,  3.73it/s, loss=0.421]
  epoch 1/3:  44%|████▍     | 39/88 [00:10<00:13,  3.73it/s, loss=0.415]
  epoch 1/3:  45%|████▌     | 40/88 [00:10<00:12,  3.74it/s, loss=0.415]
  epoch 1/3:  45%|████▌     | 40/88 [00:11<00:12,  3.74it/s, loss=0.411]
  epoch 1/3:  47%|████▋     | 41/88 [00:11<00:12,  3.72it/s, loss=0.411]
  epoch 1/3:  47%|████▋     | 41/88 [00:11<00:12,  3.72it/s, loss=0.410]
  epoch 1/3:  48%|████▊     | 42/88 [00:11<00:12,  3.74it/s, loss=0.410]
  epoch 1/3:  48%|████▊     | 42/88 [00:11<00:12,  3.74it/s, loss=0.400]
  epoch 1/3:  49%|████▉     | 43/88 [00:11<00:12,  3.75it/s, loss=0.400]
  epoch 1/3:  49%|████▉     | 43/88 [00:12<00:12,  3.75it/s, loss=0.392]
  epoch 1/3:  50%|█████     | 44/88 [00:12<00:11,  3.75it/s, loss=0.392]
  epoch 1/3:  50%|█████     | 44/88 [00:12<00:11,  3.75it/s, loss=0.386]
  epoch 1/3:  51%|█████     | 45/88 [00:12<00:11,  3.74it/s, loss=0.386]
  epoch 1/3:  51%|█████     | 45/88 [00:12<00:11,  3.74it/s, loss=0.381]
  epoch 1/3:  52%|█████▏    | 46/88 [00:12<00:11,  3.72it/s, loss=0.381]
  epoch 1/3:  52%|█████▏    | 46/88 [00:12<00:11,  3.72it/s, loss=0.373]
  epoch 1/3:  53%|█████▎    | 47/88 [00:12<00:10,  3.73it/s, loss=0.373]
  epoch 1/3:  53%|█████▎    | 47/88 [00:13<00:10,  3.73it/s, loss=0.367]
  epoch 1/3:  55%|█████▍    | 48/88 [00:13<00:10,  3.68it/s, loss=0.367]
  epoch 1/3:  55%|█████▍    | 48/88 [00:13<00:10,  3.68it/s, loss=0.361]
  epoch 1/3:  56%|█████▌    | 49/88 [00:13<00:10,  3.71it/s, loss=0.361]
  epoch 1/3:  56%|█████▌    | 49/88 [00:13<00:10,  3.71it/s, loss=0.357]
  epoch 1/3:  57%|█████▋    | 50/88 [00:13<00:10,  3.73it/s, loss=0.357]
  epoch 1/3:  57%|█████▋    | 50/88 [00:13<00:10,  3.73it/s, loss=0.352]
  epoch 1/3:  58%|█████▊    | 51/88 [00:13<00:09,  3.75it/s, loss=0.352]
  epoch 1/3:  58%|█████▊    | 51/88 [00:14<00:09,  3.75it/s, loss=0.350]
  epoch 1/3:  59%|█████▉    | 52/88 [00:14<00:09,  3.76it/s, loss=0.350]
  epoch 1/3:  59%|█████▉    | 52/88 [00:14<00:09,  3.76it/s, loss=0.343]
  epoch 1/3:  60%|██████    | 53/88 [00:14<00:09,  3.76it/s, loss=0.343]
  epoch 1/3:  60%|██████    | 53/88 [00:14<00:09,  3.76it/s, loss=0.337]
  epoch 1/3:  61%|██████▏   | 54/88 [00:14<00:09,  3.74it/s, loss=0.337]
  epoch 1/3:  61%|██████▏   | 54/88 [00:14<00:09,  3.74it/s, loss=0.334]
  epoch 1/3:  62%|██████▎   | 55/88 [00:14<00:08,  3.75it/s, loss=0.334]
  epoch 1/3:  62%|██████▎   | 55/88 [00:15<00:08,  3.75it/s, loss=0.331]
  epoch 1/3:  64%|██████▎   | 56/88 [00:15<00:08,  3.73it/s, loss=0.331]
  epoch 1/3:  64%|██████▎   | 56/88 [00:15<00:08,  3.73it/s, loss=0.329]
  epoch 1/3:  65%|██████▍   | 57/88 [00:15<00:08,  3.73it/s, loss=0.329]
  epoch 1/3:  65%|██████▍   | 57/88 [00:15<00:08,  3.73it/s, loss=0.325]
  epoch 1/3:  66%|██████▌   | 58/88 [00:15<00:08,  3.73it/s, loss=0.325]
  epoch 1/3:  66%|██████▌   | 58/88 [00:16<00:08,  3.73it/s, loss=0.325]
  epoch 1/3:  67%|██████▋   | 59/88 [00:16<00:07,  3.73it/s, loss=0.325]
  epoch 1/3:  67%|██████▋   | 59/88 [00:16<00:07,  3.73it/s, loss=0.320]
  epoch 1/3:  68%|██████▊   | 60/88 [00:16<00:07,  3.73it/s, loss=0.320]
  epoch 1/3:  68%|██████▊   | 60/88 [00:16<00:07,  3.73it/s, loss=0.315]
  epoch 1/3:  69%|██████▉   | 61/88 [00:16<00:07,  3.74it/s, loss=0.315]
  epoch 1/3:  69%|██████▉   | 61/88 [00:16<00:07,  3.74it/s, loss=0.310]
  epoch 1/3:  70%|███████   | 62/88 [00:16<00:06,  3.74it/s, loss=0.310]
  epoch 1/3:  70%|███████   | 62/88 [00:17<00:06,  3.74it/s, loss=0.305]
  epoch 1/3:  72%|███████▏  | 63/88 [00:17<00:06,  3.73it/s, loss=0.305]
  epoch 1/3:  72%|███████▏  | 63/88 [00:17<00:06,  3.73it/s, loss=0.301]
  epoch 1/3:  73%|███████▎  | 64/88 [00:17<00:06,  3.67it/s, loss=0.301]
  epoch 1/3:  73%|███████▎  | 64/88 [00:17<00:06,  3.67it/s, loss=0.298]
  epoch 1/3:  74%|███████▍  | 65/88 [00:17<00:06,  3.70it/s, loss=0.298]
  epoch 1/3:  74%|███████▍  | 65/88 [00:17<00:06,  3.70it/s, loss=0.297]
  epoch 1/3:  75%|███████▌  | 66/88 [00:17<00:05,  3.70it/s, loss=0.297]
  epoch 1/3:  75%|███████▌  | 66/88 [00:18<00:05,  3.70it/s, loss=0.293]
  epoch 1/3:  76%|███████▌  | 67/88 [00:18<00:05,  3.72it/s, loss=0.293]
  epoch 1/3:  76%|███████▌  | 67/88 [00:18<00:05,  3.72it/s, loss=0.292]
  epoch 1/3:  77%|███████▋  | 68/88 [00:18<00:05,  3.73it/s, loss=0.292]
  epoch 1/3:  77%|███████▋  | 68/88 [00:18<00:05,  3.73it/s, loss=0.289]
  epoch 1/3:  78%|███████▊  | 69/88 [00:18<00:05,  3.72it/s, loss=0.289]
  epoch 1/3:  78%|███████▊  | 69/88 [00:18<00:05,  3.72it/s, loss=0.289]
  epoch 1/3:  80%|███████▉  | 70/88 [00:18<00:04,  3.72it/s, loss=0.289]
  epoch 1/3:  80%|███████▉  | 70/88 [00:19<00:04,  3.72it/s, loss=0.289]
  epoch 1/3:  81%|████████  | 71/88 [00:19<00:04,  3.74it/s, loss=0.289]
  epoch 1/3:  81%|████████  | 71/88 [00:19<00:04,  3.74it/s, loss=0.286]
  epoch 1/3:  82%|████████▏ | 72/88 [00:19<00:04,  3.74it/s, loss=0.286]
  epoch 1/3:  82%|████████▏ | 72/88 [00:19<00:04,  3.74it/s, loss=0.284]
  epoch 1/3:  83%|████████▎ | 73/88 [00:19<00:04,  3.74it/s, loss=0.284]
  epoch 1/3:  83%|████████▎ | 73/88 [00:20<00:04,  3.74it/s, loss=0.281]
  epoch 1/3:  84%|████████▍ | 74/88 [00:20<00:03,  3.74it/s, loss=0.281]
  epoch 1/3:  84%|████████▍ | 74/88 [00:20<00:03,  3.74it/s, loss=0.280]
  epoch 1/3:  85%|████████▌ | 75/88 [00:20<00:03,  3.72it/s, loss=0.280]
  epoch 1/3:  85%|████████▌ | 75/88 [00:20<00:03,  3.72it/s, loss=0.276]
  epoch 1/3:  86%|████████▋ | 76/88 [00:20<00:03,  3.74it/s, loss=0.276]
  epoch 1/3:  86%|████████▋ | 76/88 [00:20<00:03,  3.74it/s, loss=0.273]
  epoch 1/3:  88%|████████▊ | 77/88 [00:20<00:02,  3.74it/s, loss=0.273]
  epoch 1/3:  88%|████████▊ | 77/88 [00:21<00:02,  3.74it/s, loss=0.270]
  epoch 1/3:  89%|████████▊ | 78/88 [00:21<00:02,  3.74it/s, loss=0.270]
  epoch 1/3:  89%|████████▊ | 78/88 [00:21<00:02,  3.74it/s, loss=0.267]
  epoch 1/3:  90%|████████▉ | 79/88 [00:21<00:02,  3.73it/s, loss=0.267]
  epoch 1/3:  90%|████████▉ | 79/88 [00:21<00:02,  3.73it/s, loss=0.265]
  epoch 1/3:  91%|█████████ | 80/88 [00:21<00:02,  3.68it/s, loss=0.265]
  epoch 1/3:  91%|█████████ | 80/88 [00:21<00:02,  3.68it/s, loss=0.264]
  epoch 1/3:  92%|█████████▏| 81/88 [00:21<00:01,  3.70it/s, loss=0.264]
  epoch 1/3:  92%|█████████▏| 81/88 [00:22<00:01,  3.70it/s, loss=0.263]
  epoch 1/3:  93%|█████████▎| 82/88 [00:22<00:01,  3.71it/s, loss=0.263]
  epoch 1/3:  93%|█████████▎| 82/88 [00:22<00:01,  3.71it/s, loss=0.260]
  epoch 1/3:  94%|█████████▍| 83/88 [00:22<00:01,  3.73it/s, loss=0.260]
  epoch 1/3:  94%|█████████▍| 83/88 [00:22<00:01,  3.73it/s, loss=0.257]
  epoch 1/3:  95%|█████████▌| 84/88 [00:22<00:01,  3.72it/s, loss=0.257]
  epoch 1/3:  95%|█████████▌| 84/88 [00:23<00:01,  3.72it/s, loss=0.258]
  epoch 1/3:  97%|█████████▋| 85/88 [00:23<00:00,  3.73it/s, loss=0.258]
  epoch 1/3:  97%|█████████▋| 85/88 [00:23<00:00,  3.73it/s, loss=0.256]
  epoch 1/3:  98%|█████████▊| 86/88 [00:23<00:00,  3.72it/s, loss=0.256]
  epoch 1/3:  98%|█████████▊| 86/88 [00:23<00:00,  3.72it/s, loss=0.253]
  epoch 1/3:  99%|█████████▉| 87/88 [00:23<00:00,  3.74it/s, loss=0.253]
  epoch 1/3:  99%|█████████▉| 87/88 [00:23<00:00,  3.74it/s, loss=0.252]
  epoch 1/3: 100%|██████████| 88/88 [00:23<00:00,  4.09it/s, loss=0.252]
                                                                        

  epoch 2/3:   0%|          | 0/88 [00:00<?, ?it/s]
  epoch 2/3:   0%|          | 0/88 [00:00<?, ?it/s, loss=0.265]
  epoch 2/3:   1%|          | 1/88 [00:00<00:45,  1.92it/s, loss=0.265]
  epoch 2/3:   1%|          | 1/88 [00:00<00:45,  1.92it/s, loss=0.212]
  epoch 2/3:   2%|▏         | 2/88 [00:00<00:31,  2.70it/s, loss=0.212]
  epoch 2/3:   2%|▏         | 2/88 [00:01<00:31,  2.70it/s, loss=0.147]
  epoch 2/3:   3%|▎         | 3/88 [00:01<00:27,  3.10it/s, loss=0.147]
  epoch 2/3:   3%|▎         | 3/88 [00:01<00:27,  3.10it/s, loss=0.160]
  epoch 2/3:   5%|▍         | 4/88 [00:01<00:25,  3.32it/s, loss=0.160]
  epoch 2/3:   5%|▍         | 4/88 [00:01<00:25,  3.32it/s, loss=0.149]
  epoch 2/3:   6%|▌         | 5/88 [00:01<00:24,  3.45it/s, loss=0.149]
  epoch 2/3:   6%|▌         | 5/88 [00:01<00:24,  3.45it/s, loss=0.129]
  epoch 2/3:   7%|▋         | 6/88 [00:01<00:23,  3.56it/s, loss=0.129]
  epoch 2/3:   7%|▋         | 6/88 [00:02<00:23,  3.56it/s, loss=0.143]
  epoch 2/3:   8%|▊         | 7/88 [00:02<00:22,  3.63it/s, loss=0.143]
  epoch 2/3:   8%|▊         | 7/88 [00:02<00:22,  3.63it/s, loss=0.129]
  epoch 2/3:   9%|▉         | 8/88 [00:02<00:22,  3.61it/s, loss=0.129]
  epoch 2/3:   9%|▉         | 8/88 [00:02<00:22,  3.61it/s, loss=0.115]
  epoch 2/3:  10%|█         | 9/88 [00:02<00:21,  3.65it/s, loss=0.115]
  epoch 2/3:  10%|█         | 9/88 [00:02<00:21,  3.65it/s, loss=0.124]
  epoch 2/3:  11%|█▏        | 10/88 [00:02<00:21,  3.69it/s, loss=0.124]
  epoch 2/3:  11%|█▏        | 10/88 [00:03<00:21,  3.69it/s, loss=0.115]
  epoch 2/3:  12%|█▎        | 11/88 [00:03<00:20,  3.72it/s, loss=0.115]
  epoch 2/3:  12%|█▎        | 11/88 [00:03<00:20,  3.72it/s, loss=0.116]
  epoch 2/3:  14%|█▎        | 12/88 [00:03<00:20,  3.72it/s, loss=0.116]
  epoch 2/3:  14%|█▎        | 12/88 [00:03<00:20,  3.72it/s, loss=0.107]
  epoch 2/3:  15%|█▍        | 13/88 [00:03<00:20,  3.71it/s, loss=0.107]
  epoch 2/3:  15%|█▍        | 13/88 [00:03<00:20,  3.71it/s, loss=0.102]
  epoch 2/3:  16%|█▌        | 14/88 [00:03<00:19,  3.72it/s, loss=0.102]
  epoch 2/3:  16%|█▌        | 14/88 [00:04<00:19,  3.72it/s, loss=0.103]
  epoch 2/3:  17%|█▋        | 15/88 [00:04<00:19,  3.74it/s, loss=0.103]
  epoch 2/3:  17%|█▋        | 15/88 [00:04<00:19,  3.74it/s, loss=0.105]
  epoch 2/3:  18%|█▊        | 16/88 [00:04<00:19,  3.74it/s, loss=0.105]
  epoch 2/3:  18%|█▊        | 16/88 [00:04<00:19,  3.74it/s, loss=0.100]
  epoch 2/3:  19%|█▉        | 17/88 [00:04<00:19,  3.73it/s, loss=0.100]
  epoch 2/3:  19%|█▉        | 17/88 [00:05<00:19,  3.73it/s, loss=0.097]
  epoch 2/3:  20%|██        | 18/88 [00:05<00:18,  3.71it/s, loss=0.097]
  epoch 2/3:  20%|██        | 18/88 [00:05<00:18,  3.71it/s, loss=0.096]
  epoch 2/3:  22%|██▏       | 19/88 [00:05<00:18,  3.74it/s, loss=0.096]
  epoch 2/3:  22%|██▏       | 19/88 [00:05<00:18,  3.74it/s, loss=0.093]
  epoch 2/3:  23%|██▎       | 20/88 [00:05<00:18,  3.74it/s, loss=0.093]
  epoch 2/3:  23%|██▎       | 20/88 [00:05<00:18,  3.74it/s, loss=0.090]
  epoch 2/3:  24%|██▍       | 21/88 [00:05<00:17,  3.73it/s, loss=0.090]
  epoch 2/3:  24%|██▍       | 21/88 [00:06<00:17,  3.73it/s, loss=0.088]
  epoch 2/3:  25%|██▌       | 22/88 [00:06<00:17,  3.71it/s, loss=0.088]
  epoch 2/3:  25%|██▌       | 22/88 [00:06<00:17,  3.71it/s, loss=0.086]
  epoch 2/3:  26%|██▌       | 23/88 [00:06<00:17,  3.73it/s, loss=0.086]
  epoch 2/3:  26%|██▌       | 23/88 [00:06<00:17,  3.73it/s, loss=0.084]
  epoch 2/3:  27%|██▋       | 24/88 [00:06<00:17,  3.68it/s, loss=0.084]
  epoch 2/3:  27%|██▋       | 24/88 [00:06<00:17,  3.68it/s, loss=0.083]
  epoch 2/3:  28%|██▊       | 25/88 [00:06<00:17,  3.70it/s, loss=0.083]
  epoch 2/3:  28%|██▊       | 25/88 [00:07<00:17,  3.70it/s, loss=0.082]
  epoch 2/3:  30%|██▉       | 26/88 [00:07<00:16,  3.72it/s, loss=0.082]
  epoch 2/3:  30%|██▉       | 26/88 [00:07<00:16,  3.72it/s, loss=0.081]
  epoch 2/3:  31%|███       | 27/88 [00:07<00:16,  3.72it/s, loss=0.081]
  epoch 2/3:  31%|███       | 27/88 [00:07<00:16,  3.72it/s, loss=0.081]
  epoch 2/3:  32%|███▏      | 28/88 [00:07<00:16,  3.71it/s, loss=0.081]
  epoch 2/3:  32%|███▏      | 28/88 [00:08<00:16,  3.71it/s, loss=0.078]
  epoch 2/3:  33%|███▎      | 29/88 [00:08<00:15,  3.71it/s, loss=0.078]
  epoch 2/3:  33%|███▎      | 29/88 [00:08<00:15,  3.71it/s, loss=0.076]
  epoch 2/3:  34%|███▍      | 30/88 [00:08<00:15,  3.73it/s, loss=0.076]
  epoch 2/3:  34%|███▍      | 30/88 [00:08<00:15,  3.73it/s, loss=0.073]
  epoch 2/3:  35%|███▌      | 31/88 [00:08<00:15,  3.74it/s, loss=0.073]
  epoch 2/3:  35%|███▌      | 31/88 [00:08<00:15,  3.74it/s, loss=0.071]
  epoch 2/3:  36%|███▋      | 32/88 [00:08<00:14,  3.74it/s, loss=0.071]
  epoch 2/3:  36%|███▋      | 32/88 [00:09<00:14,  3.74it/s, loss=0.069]
  epoch 2/3:  38%|███▊      | 33/88 [00:09<00:14,  3.73it/s, loss=0.069]
  epoch 2/3:  38%|███▊      | 33/88 [00:09<00:14,  3.73it/s, loss=0.067]
  epoch 2/3:  39%|███▊      | 34/88 [00:09<00:14,  3.72it/s, loss=0.067]
  epoch 2/3:  39%|███▊      | 34/88 [00:09<00:14,  3.72it/s, loss=0.065]
  epoch 2/3:  40%|███▉      | 35/88 [00:09<00:14,  3.74it/s, loss=0.065]
  epoch 2/3:  40%|███▉      | 35/88 [00:09<00:14,  3.74it/s, loss=0.063]
  epoch 2/3:  41%|████      | 36/88 [00:09<00:13,  3.75it/s, loss=0.063]
  epoch 2/3:  41%|████      | 36/88 [00:10<00:13,  3.75it/s, loss=0.062]
  epoch 2/3:  42%|████▏     | 37/88 [00:10<00:13,  3.75it/s, loss=0.062]
  epoch 2/3:  42%|████▏     | 37/88 [00:10<00:13,  3.75it/s, loss=0.063]
  epoch 2/3:  43%|████▎     | 38/88 [00:10<00:13,  3.75it/s, loss=0.063]
  epoch 2/3:  43%|████▎     | 38/88 [00:10<00:13,  3.75it/s, loss=0.063]
  epoch 2/3:  44%|████▍     | 39/88 [00:10<00:13,  3.75it/s, loss=0.063]
  epoch 2/3:  44%|████▍     | 39/88 [00:10<00:13,  3.75it/s, loss=0.062]
  epoch 2/3:  45%|████▌     | 40/88 [00:10<00:13,  3.68it/s, loss=0.062]
  epoch 2/3:  45%|████▌     | 40/88 [00:11<00:13,  3.68it/s, loss=0.061]
  epoch 2/3:  47%|████▋     | 41/88 [00:11<00:12,  3.71it/s, loss=0.061]
  epoch 2/3:  47%|████▋     | 41/88 [00:11<00:12,  3.71it/s, loss=0.061]
  epoch 2/3:  48%|████▊     | 42/88 [00:11<00:12,  3.71it/s, loss=0.061]
  epoch 2/3:  48%|████▊     | 42/88 [00:11<00:12,  3.71it/s, loss=0.060]
  epoch 2/3:  49%|████▉     | 43/88 [00:11<00:12,  3.72it/s, loss=0.060]
  epoch 2/3:  49%|████▉     | 43/88 [00:12<00:12,  3.72it/s, loss=0.063]
  epoch 2/3:  50%|█████     | 44/88 [00:12<00:11,  3.73it/s, loss=0.063]
  epoch 2/3:  50%|█████     | 44/88 [00:12<00:11,  3.73it/s, loss=0.063]
  epoch 2/3:  51%|█████     | 45/88 [00:12<00:11,  3.74it/s, loss=0.063]
  epoch 2/3:  51%|█████     | 45/88 [00:12<00:11,  3.74it/s, loss=0.062]
  epoch 2/3:  52%|█████▏    | 46/88 [00:12<00:11,  3.72it/s, loss=0.062]
  epoch 2/3:  52%|█████▏    | 46/88 [00:12<00:11,  3.72it/s, loss=0.068]
  epoch 2/3:  53%|█████▎    | 47/88 [00:12<00:11,  3.71it/s, loss=0.068]
  epoch 2/3:  53%|█████▎    | 47/88 [00:13<00:11,  3.71it/s, loss=0.067]
  epoch 2/3:  55%|█████▍    | 48/88 [00:13<00:10,  3.73it/s, loss=0.067]
  epoch 2/3:  55%|█████▍    | 48/88 [00:13<00:10,  3.73it/s, loss=0.065]
  epoch 2/3:  56%|█████▌    | 49/88 [00:13<00:10,  3.72it/s, loss=0.065]
  epoch 2/3:  56%|█████▌    | 49/88 [00:13<00:10,  3.72it/s, loss=0.064]
  epoch 2/3:  57%|█████▋    | 50/88 [00:13<00:10,  3.72it/s, loss=0.064]
  epoch 2/3:  57%|█████▋    | 50/88 [00:13<00:10,  3.72it/s, loss=0.070]
  epoch 2/3:  58%|█████▊    | 51/88 [00:13<00:09,  3.71it/s, loss=0.070]
  epoch 2/3:  58%|█████▊    | 51/88 [00:14<00:09,  3.71it/s, loss=0.072]
  epoch 2/3:  59%|█████▉    | 52/88 [00:14<00:09,  3.72it/s, loss=0.072]
  epoch 2/3:  59%|█████▉    | 52/88 [00:14<00:09,  3.72it/s, loss=0.071]
  epoch 2/3:  60%|██████    | 53/88 [00:14<00:09,  3.73it/s, loss=0.071]
  epoch 2/3:  60%|██████    | 53/88 [00:14<00:09,  3.73it/s, loss=0.070]
  epoch 2/3:  61%|██████▏   | 54/88 [00:14<00:09,  3.73it/s, loss=0.070]
  epoch 2/3:  61%|██████▏   | 54/88 [00:15<00:09,  3.73it/s, loss=0.070]
  epoch 2/3:  62%|██████▎   | 55/88 [00:15<00:08,  3.72it/s, loss=0.070]
  epoch 2/3:  62%|██████▎   | 55/88 [00:15<00:08,  3.72it/s, loss=0.070]
  epoch 2/3:  64%|██████▎   | 56/88 [00:15<00:08,  3.68it/s, loss=0.070]
  epoch 2/3:  64%|██████▎   | 56/88 [00:15<00:08,  3.68it/s, loss=0.071]
  epoch 2/3:  65%|██████▍   | 57/88 [00:15<00:08,  3.70it/s, loss=0.071]
  epoch 2/3:  65%|██████▍   | 57/88 [00:15<00:08,  3.70it/s, loss=0.079]
  epoch 2/3:  66%|██████▌   | 58/88 [00:15<00:08,  3.71it/s, loss=0.079]
  epoch 2/3:  66%|██████▌   | 58/88 [00:16<00:08,  3.71it/s, loss=0.077]
  epoch 2/3:  67%|██████▋   | 59/88 [00:16<00:07,  3.73it/s, loss=0.077]
  epoch 2/3:  67%|██████▋   | 59/88 [00:16<00:07,  3.73it/s, loss=0.078]
  epoch 2/3:  68%|██████▊   | 60/88 [00:16<00:07,  3.74it/s, loss=0.078]
  epoch 2/3:  68%|██████▊   | 60/88 [00:16<00:07,  3.74it/s, loss=0.079]
  epoch 2/3:  69%|██████▉   | 61/88 [00:16<00:07,  3.75it/s, loss=0.079]
  epoch 2/3:  69%|██████▉   | 61/88 [00:16<00:07,  3.75it/s, loss=0.078]
  epoch 2/3:  70%|███████   | 62/88 [00:16<00:06,  3.73it/s, loss=0.078]
  epoch 2/3:  70%|███████   | 62/88 [00:17<00:06,  3.73it/s, loss=0.079]
  epoch 2/3:  72%|███████▏  | 63/88 [00:17<00:06,  3.71it/s, loss=0.079]
  epoch 2/3:  72%|███████▏  | 63/88 [00:17<00:06,  3.71it/s, loss=0.078]
  epoch 2/3:  73%|███████▎  | 64/88 [00:17<00:06,  3.73it/s, loss=0.078]
  epoch 2/3:  73%|███████▎  | 64/88 [00:17<00:06,  3.73it/s, loss=0.078]
  epoch 2/3:  74%|███████▍  | 65/88 [00:17<00:06,  3.72it/s, loss=0.078]
  epoch 2/3:  74%|███████▍  | 65/88 [00:17<00:06,  3.72it/s, loss=0.079]
  epoch 2/3:  75%|███████▌  | 66/88 [00:17<00:05,  3.73it/s, loss=0.079]
  epoch 2/3:  75%|███████▌  | 66/88 [00:18<00:05,  3.73it/s, loss=0.083]
  epoch 2/3:  76%|███████▌  | 67/88 [00:18<00:05,  3.72it/s, loss=0.083]
  epoch 2/3:  76%|███████▌  | 67/88 [00:18<00:05,  3.72it/s, loss=0.090]
  epoch 2/3:  77%|███████▋  | 68/88 [00:18<00:05,  3.73it/s, loss=0.090]
  epoch 2/3:  77%|███████▋  | 68/88 [00:18<00:05,  3.73it/s, loss=0.091]
  epoch 2/3:  78%|███████▊  | 69/88 [00:18<00:05,  3.74it/s, loss=0.091]
  epoch 2/3:  78%|███████▊  | 69/88 [00:19<00:05,  3.74it/s, loss=0.089]
  epoch 2/3:  80%|███████▉  | 70/88 [00:19<00:04,  3.74it/s, loss=0.089]
  epoch 2/3:  80%|███████▉  | 70/88 [00:19<00:04,  3.74it/s, loss=0.088]
  epoch 2/3:  81%|████████  | 71/88 [00:19<00:04,  3.75it/s, loss=0.088]
  epoch 2/3:  81%|████████  | 71/88 [00:19<00:04,  3.75it/s, loss=0.090]
  epoch 2/3:  82%|████████▏ | 72/88 [00:19<00:04,  3.69it/s, loss=0.090]
  epoch 2/3:  82%|████████▏ | 72/88 [00:19<00:04,  3.69it/s, loss=0.089]
  epoch 2/3:  83%|████████▎ | 73/88 [00:19<00:04,  3.70it/s, loss=0.089]
  epoch 2/3:  83%|████████▎ | 73/88 [00:20<00:04,  3.70it/s, loss=0.090]
  epoch 2/3:  84%|████████▍ | 74/88 [00:20<00:03,  3.70it/s, loss=0.090]
  epoch 2/3:  84%|████████▍ | 74/88 [00:20<00:03,  3.70it/s, loss=0.091]
  epoch 2/3:  85%|████████▌ | 75/88 [00:20<00:03,  3.71it/s, loss=0.091]
  epoch 2/3:  85%|████████▌ | 75/88 [00:20<00:03,  3.71it/s, loss=0.089]
  epoch 2/3:  86%|████████▋ | 76/88 [00:20<00:03,  3.72it/s, loss=0.089]
  epoch 2/3:  86%|████████▋ | 76/88 [00:20<00:03,  3.72it/s, loss=0.088]
  epoch 2/3:  88%|████████▊ | 77/88 [00:20<00:02,  3.73it/s, loss=0.088]
  epoch 2/3:  88%|████████▊ | 77/88 [00:21<00:02,  3.73it/s, loss=0.088]
  epoch 2/3:  89%|████████▊ | 78/88 [00:21<00:02,  3.75it/s, loss=0.088]
  epoch 2/3:  89%|████████▊ | 78/88 [00:21<00:02,  3.75it/s, loss=0.091]
  epoch 2/3:  90%|████████▉ | 79/88 [00:21<00:02,  3.74it/s, loss=0.091]
  epoch 2/3:  90%|████████▉ | 79/88 [00:21<00:02,  3.74it/s, loss=0.090]
  epoch 2/3:  91%|█████████ | 80/88 [00:21<00:02,  3.72it/s, loss=0.090]
  epoch 2/3:  91%|█████████ | 80/88 [00:21<00:02,  3.72it/s, loss=0.098]
  epoch 2/3:  92%|█████████▏| 81/88 [00:21<00:01,  3.74it/s, loss=0.098]
  epoch 2/3:  92%|█████████▏| 81/88 [00:22<00:01,  3.74it/s, loss=0.098]
  epoch 2/3:  93%|█████████▎| 82/88 [00:22<00:01,  3.72it/s, loss=0.098]
  epoch 2/3:  93%|█████████▎| 82/88 [00:22<00:01,  3.72it/s, loss=0.097]
  epoch 2/3:  94%|█████████▍| 83/88 [00:22<00:01,  3.71it/s, loss=0.097]
  epoch 2/3:  94%|█████████▍| 83/88 [00:22<00:01,  3.71it/s, loss=0.096]
  epoch 2/3:  95%|█████████▌| 84/88 [00:22<00:01,  3.71it/s, loss=0.096]
  epoch 2/3:  95%|█████████▌| 84/88 [00:23<00:01,  3.71it/s, loss=0.095]
  epoch 2/3:  97%|█████████▋| 85/88 [00:23<00:00,  3.71it/s, loss=0.095]
  epoch 2/3:  97%|█████████▋| 85/88 [00:23<00:00,  3.71it/s, loss=0.094]
  epoch 2/3:  98%|█████████▊| 86/88 [00:23<00:00,  3.69it/s, loss=0.094]
  epoch 2/3:  98%|█████████▊| 86/88 [00:23<00:00,  3.69it/s, loss=0.095]
  epoch 2/3:  99%|█████████▉| 87/88 [00:23<00:00,  3.71it/s, loss=0.095]
  epoch 2/3:  99%|█████████▉| 87/88 [00:23<00:00,  3.71it/s, loss=0.095]
  epoch 2/3: 100%|██████████| 88/88 [00:23<00:00,  4.00it/s, loss=0.095]
                                                                        

  epoch 3/3:   0%|          | 0/88 [00:00<?, ?it/s]
  epoch 3/3:   0%|          | 0/88 [00:00<?, ?it/s, loss=0.027]
  epoch 3/3:   1%|          | 1/88 [00:00<00:44,  1.95it/s, loss=0.027]
  epoch 3/3:   1%|          | 1/88 [00:00<00:44,  1.95it/s, loss=0.091]
  epoch 3/3:   2%|▏         | 2/88 [00:00<00:31,  2.71it/s, loss=0.091]
  epoch 3/3:   2%|▏         | 2/88 [00:01<00:31,  2.71it/s, loss=0.083]
  epoch 3/3:   3%|▎         | 3/88 [00:01<00:27,  3.11it/s, loss=0.083]
  epoch 3/3:   3%|▎         | 3/88 [00:01<00:27,  3.11it/s, loss=0.073]
  epoch 3/3:   5%|▍         | 4/88 [00:01<00:25,  3.33it/s, loss=0.073]
  epoch 3/3:   5%|▍         | 4/88 [00:01<00:25,  3.33it/s, loss=0.059]
  epoch 3/3:   6%|▌         | 5/88 [00:01<00:23,  3.47it/s, loss=0.059]
  epoch 3/3:   6%|▌         | 5/88 [00:01<00:23,  3.47it/s, loss=0.049]
  epoch 3/3:   7%|▋         | 6/88 [00:01<00:23,  3.55it/s, loss=0.049]
  epoch 3/3:   7%|▋         | 6/88 [00:02<00:23,  3.55it/s, loss=0.042]
  epoch 3/3:   8%|▊         | 7/88 [00:02<00:22,  3.60it/s, loss=0.042]
  epoch 3/3:   8%|▊         | 7/88 [00:02<00:22,  3.60it/s, loss=0.041]
  epoch 3/3:   9%|▉         | 8/88 [00:02<00:21,  3.66it/s, loss=0.041]
  epoch 3/3:   9%|▉         | 8/88 [00:02<00:21,  3.66it/s, loss=0.037]
  epoch 3/3:  10%|█         | 9/88 [00:02<00:21,  3.69it/s, loss=0.037]
  epoch 3/3:  10%|█         | 9/88 [00:02<00:21,  3.69it/s, loss=0.033]
  epoch 3/3:  11%|█▏        | 10/88 [00:02<00:21,  3.70it/s, loss=0.033]
  epoch 3/3:  11%|█▏        | 10/88 [00:03<00:21,  3.70it/s, loss=0.032]
  epoch 3/3:  12%|█▎        | 11/88 [00:03<00:20,  3.72it/s, loss=0.032]
  epoch 3/3:  12%|█▎        | 11/88 [00:03<00:20,  3.72it/s, loss=0.037]
  epoch 3/3:  14%|█▎        | 12/88 [00:03<00:20,  3.72it/s, loss=0.037]
  epoch 3/3:  14%|█▎        | 12/88 [00:03<00:20,  3.72it/s, loss=0.034]
  epoch 3/3:  15%|█▍        | 13/88 [00:03<00:20,  3.72it/s, loss=0.034]
  epoch 3/3:  15%|█▍        | 13/88 [00:03<00:20,  3.72it/s, loss=0.032]
  epoch 3/3:  16%|█▌        | 14/88 [00:03<00:19,  3.72it/s, loss=0.032]
  epoch 3/3:  16%|█▌        | 14/88 [00:04<00:19,  3.72it/s, loss=0.034]
  epoch 3/3:  17%|█▋        | 15/88 [00:04<00:19,  3.73it/s, loss=0.034]
  epoch 3/3:  17%|█▋        | 15/88 [00:04<00:19,  3.73it/s, loss=0.043]
  epoch 3/3:  18%|█▊        | 16/88 [00:04<00:19,  3.67it/s, loss=0.043]
  epoch 3/3:  18%|█▊        | 16/88 [00:04<00:19,  3.67it/s, loss=0.040]
  epoch 3/3:  19%|█▉        | 17/88 [00:04<00:19,  3.72it/s, loss=0.040]
  epoch 3/3:  19%|█▉        | 17/88 [00:05<00:19,  3.72it/s, loss=0.038]
  epoch 3/3:  20%|██        | 18/88 [00:05<00:18,  3.73it/s, loss=0.038]
  epoch 3/3:  20%|██        | 18/88 [00:05<00:18,  3.73it/s, loss=0.036]
  epoch 3/3:  22%|██▏       | 19/88 [00:05<00:18,  3.73it/s, loss=0.036]
  epoch 3/3:  22%|██▏       | 19/88 [00:05<00:18,  3.73it/s, loss=0.035]
  epoch 3/3:  23%|██▎       | 20/88 [00:05<00:18,  3.71it/s, loss=0.035]
  epoch 3/3:  23%|██▎       | 20/88 [00:05<00:18,  3.71it/s, loss=0.033]
  epoch 3/3:  24%|██▍       | 21/88 [00:05<00:17,  3.73it/s, loss=0.033]
  epoch 3/3:  24%|██▍       | 21/88 [00:06<00:17,  3.73it/s, loss=0.032]
  epoch 3/3:  25%|██▌       | 22/88 [00:06<00:17,  3.75it/s, loss=0.032]
  epoch 3/3:  25%|██▌       | 22/88 [00:06<00:17,  3.75it/s, loss=0.031]
  epoch 3/3:  26%|██▌       | 23/88 [00:06<00:17,  3.75it/s, loss=0.031]
  epoch 3/3:  26%|██▌       | 23/88 [00:06<00:17,  3.75it/s, loss=0.029]
  epoch 3/3:  27%|██▋       | 24/88 [00:06<00:17,  3.74it/s, loss=0.029]
  epoch 3/3:  27%|██▋       | 24/88 [00:06<00:17,  3.74it/s, loss=0.028]
  epoch 3/3:  28%|██▊       | 25/88 [00:06<00:16,  3.74it/s, loss=0.028]
  epoch 3/3:  28%|██▊       | 25/88 [00:07<00:16,  3.74it/s, loss=0.028]
  epoch 3/3:  30%|██▉       | 26/88 [00:07<00:16,  3.72it/s, loss=0.028]
  epoch 3/3:  30%|██▉       | 26/88 [00:07<00:16,  3.72it/s, loss=0.046]
  epoch 3/3:  31%|███       | 27/88 [00:07<00:16,  3.72it/s, loss=0.046]
  epoch 3/3:  31%|███       | 27/88 [00:07<00:16,  3.72it/s, loss=0.045]
  epoch 3/3:  32%|███▏      | 28/88 [00:07<00:16,  3.72it/s, loss=0.045]
  epoch 3/3:  32%|███▏      | 28/88 [00:08<00:16,  3.72it/s, loss=0.043]
  epoch 3/3:  33%|███▎      | 29/88 [00:08<00:15,  3.71it/s, loss=0.043]
  epoch 3/3:  33%|███▎      | 29/88 [00:08<00:15,  3.71it/s, loss=0.042]
  epoch 3/3:  34%|███▍      | 30/88 [00:08<00:15,  3.72it/s, loss=0.042]
  epoch 3/3:  34%|███▍      | 30/88 [00:08<00:15,  3.72it/s, loss=0.041]
  epoch 3/3:  35%|███▌      | 31/88 [00:08<00:15,  3.74it/s, loss=0.041]
  epoch 3/3:  35%|███▌      | 31/88 [00:08<00:15,  3.74it/s, loss=0.039]
  epoch 3/3:  36%|███▋      | 32/88 [00:08<00:15,  3.69it/s, loss=0.039]
  epoch 3/3:  36%|███▋      | 32/88 [00:09<00:15,  3.69it/s, loss=0.046]
  epoch 3/3:  38%|███▊      | 33/88 [00:09<00:14,  3.71it/s, loss=0.046]
  epoch 3/3:  38%|███▊      | 33/88 [00:09<00:14,  3.71it/s, loss=0.045]
  epoch 3/3:  39%|███▊      | 34/88 [00:09<00:14,  3.72it/s, loss=0.045]
  epoch 3/3:  39%|███▊      | 34/88 [00:09<00:14,  3.72it/s, loss=0.045]
  epoch 3/3:  40%|███▉      | 35/88 [00:09<00:14,  3.72it/s, loss=0.045]
  epoch 3/3:  40%|███▉      | 35/88 [00:09<00:14,  3.72it/s, loss=0.044]
  epoch 3/3:  41%|████      | 36/88 [00:09<00:14,  3.71it/s, loss=0.044]
  epoch 3/3:  41%|████      | 36/88 [00:10<00:14,  3.71it/s, loss=0.043]
  epoch 3/3:  42%|████▏     | 37/88 [00:10<00:13,  3.73it/s, loss=0.043]
  epoch 3/3:  42%|████▏     | 37/88 [00:10<00:13,  3.73it/s, loss=0.042]
  epoch 3/3:  43%|████▎     | 38/88 [00:10<00:13,  3.72it/s, loss=0.042]
  epoch 3/3:  43%|████▎     | 38/88 [00:10<00:13,  3.72it/s, loss=0.045]
  epoch 3/3:  44%|████▍     | 39/88 [00:10<00:13,  3.71it/s, loss=0.045]
  epoch 3/3:  44%|████▍     | 39/88 [00:10<00:13,  3.71it/s, loss=0.049]
  epoch 3/3:  45%|████▌     | 40/88 [00:10<00:12,  3.72it/s, loss=0.049]
  epoch 3/3:  45%|████▌     | 40/88 [00:11<00:12,  3.72it/s, loss=0.050]
  epoch 3/3:  47%|████▋     | 41/88 [00:11<00:12,  3.71it/s, loss=0.050]
  epoch 3/3:  47%|████▋     | 41/88 [00:11<00:12,  3.71it/s, loss=0.050]
  epoch 3/3:  48%|████▊     | 42/88 [00:11<00:12,  3.70it/s, loss=0.050]
  epoch 3/3:  48%|████▊     | 42/88 [00:11<00:12,  3.70it/s, loss=0.050]
  epoch 3/3:  49%|████▉     | 43/88 [00:11<00:12,  3.71it/s, loss=0.050]
  epoch 3/3:  49%|████▉     | 43/88 [00:12<00:12,  3.71it/s, loss=0.050]
  epoch 3/3:  50%|█████     | 44/88 [00:12<00:11,  3.71it/s, loss=0.050]
  epoch 3/3:  50%|█████     | 44/88 [00:12<00:11,  3.71it/s, loss=0.052]
  epoch 3/3:  51%|█████     | 45/88 [00:12<00:11,  3.72it/s, loss=0.052]
  epoch 3/3:  51%|█████     | 45/88 [00:12<00:11,  3.72it/s, loss=0.053]
  epoch 3/3:  52%|█████▏    | 46/88 [00:12<00:11,  3.70it/s, loss=0.053]
  epoch 3/3:  52%|█████▏    | 46/88 [00:12<00:11,  3.70it/s, loss=0.052]
  epoch 3/3:  53%|█████▎    | 47/88 [00:12<00:10,  3.73it/s, loss=0.052]
  epoch 3/3:  53%|█████▎    | 47/88 [00:13<00:10,  3.73it/s, loss=0.053]
  epoch 3/3:  55%|█████▍    | 48/88 [00:13<00:10,  3.67it/s, loss=0.053]
  epoch 3/3:  55%|█████▍    | 48/88 [00:13<00:10,  3.67it/s, loss=0.055]
  epoch 3/3:  56%|█████▌    | 49/88 [00:13<00:10,  3.71it/s, loss=0.055]
  epoch 3/3:  56%|█████▌    | 49/88 [00:13<00:10,  3.71it/s, loss=0.054]
  epoch 3/3:  57%|█████▋    | 50/88 [00:13<00:10,  3.72it/s, loss=0.054]
  epoch 3/3:  57%|█████▋    | 50/88 [00:13<00:10,  3.72it/s, loss=0.059]
  epoch 3/3:  58%|█████▊    | 51/88 [00:13<00:09,  3.72it/s, loss=0.059]
  epoch 3/3:  58%|█████▊    | 51/88 [00:14<00:09,  3.72it/s, loss=0.058]
  epoch 3/3:  59%|█████▉    | 52/88 [00:14<00:09,  3.71it/s, loss=0.058]
  epoch 3/3:  59%|█████▉    | 52/88 [00:14<00:09,  3.71it/s, loss=0.057]
  epoch 3/3:  60%|██████    | 53/88 [00:14<00:09,  3.72it/s, loss=0.057]
  epoch 3/3:  60%|██████    | 53/88 [00:14<00:09,  3.72it/s, loss=0.056]
  epoch 3/3:  61%|██████▏   | 54/88 [00:14<00:09,  3.74it/s, loss=0.056]
  epoch 3/3:  61%|██████▏   | 54/88 [00:15<00:09,  3.74it/s, loss=0.055]
  epoch 3/3:  62%|██████▎   | 55/88 [00:15<00:08,  3.74it/s, loss=0.055]
  epoch 3/3:  62%|██████▎   | 55/88 [00:15<00:08,  3.74it/s, loss=0.054]
  epoch 3/3:  64%|██████▎   | 56/88 [00:15<00:08,  3.73it/s, loss=0.054]
  epoch 3/3:  64%|██████▎   | 56/88 [00:15<00:08,  3.73it/s, loss=0.053]
  epoch 3/3:  65%|██████▍   | 57/88 [00:15<00:08,  3.70it/s, loss=0.053]
  epoch 3/3:  65%|██████▍   | 57/88 [00:15<00:08,  3.70it/s, loss=0.059]
  epoch 3/3:  66%|██████▌   | 58/88 [00:15<00:08,  3.71it/s, loss=0.059]
  epoch 3/3:  66%|██████▌   | 58/88 [00:16<00:08,  3.71it/s, loss=0.058]
  epoch 3/3:  67%|██████▋   | 59/88 [00:16<00:07,  3.72it/s, loss=0.058]
  epoch 3/3:  67%|██████▋   | 59/88 [00:16<00:07,  3.72it/s, loss=0.057]
  epoch 3/3:  68%|██████▊   | 60/88 [00:16<00:07,  3.71it/s, loss=0.057]
  epoch 3/3:  68%|██████▊   | 60/88 [00:16<00:07,  3.71it/s, loss=0.060]
  epoch 3/3:  69%|██████▉   | 61/88 [00:16<00:07,  3.73it/s, loss=0.060]
  epoch 3/3:  69%|██████▉   | 61/88 [00:16<00:07,  3.73it/s, loss=0.059]
  epoch 3/3:  70%|███████   | 62/88 [00:16<00:06,  3.72it/s, loss=0.059]
  epoch 3/3:  70%|███████   | 62/88 [00:17<00:06,  3.72it/s, loss=0.059]
  epoch 3/3:  72%|███████▏  | 63/88 [00:17<00:06,  3.70it/s, loss=0.059]
  epoch 3/3:  72%|███████▏  | 63/88 [00:17<00:06,  3.70it/s, loss=0.065]
  epoch 3/3:  73%|███████▎  | 64/88 [00:17<00:06,  3.66it/s, loss=0.065]
  epoch 3/3:  73%|███████▎  | 64/88 [00:17<00:06,  3.66it/s, loss=0.064]
  epoch 3/3:  74%|███████▍  | 65/88 [00:17<00:06,  3.68it/s, loss=0.064]
  epoch 3/3:  74%|███████▍  | 65/88 [00:17<00:06,  3.68it/s, loss=0.068]
  epoch 3/3:  75%|███████▌  | 66/88 [00:17<00:05,  3.70it/s, loss=0.068]
  epoch 3/3:  75%|███████▌  | 66/88 [00:18<00:05,  3.70it/s, loss=0.067]
  epoch 3/3:  76%|███████▌  | 67/88 [00:18<00:05,  3.72it/s, loss=0.067]
  epoch 3/3:  76%|███████▌  | 67/88 [00:18<00:05,  3.72it/s, loss=0.068]
  epoch 3/3:  77%|███████▋  | 68/88 [00:18<00:05,  3.71it/s, loss=0.068]
  epoch 3/3:  77%|███████▋  | 68/88 [00:18<00:05,  3.71it/s, loss=0.068]
  epoch 3/3:  78%|███████▊  | 69/88 [00:18<00:05,  3.71it/s, loss=0.068]
  epoch 3/3:  78%|███████▊  | 69/88 [00:19<00:05,  3.71it/s, loss=0.067]
  epoch 3/3:  80%|███████▉  | 70/88 [00:19<00:04,  3.73it/s, loss=0.067]
  epoch 3/3:  80%|███████▉  | 70/88 [00:19<00:04,  3.73it/s, loss=0.067]
  epoch 3/3:  81%|████████  | 71/88 [00:19<00:04,  3.73it/s, loss=0.067]
  epoch 3/3:  81%|████████  | 71/88 [00:19<00:04,  3.73it/s, loss=0.066]
  epoch 3/3:  82%|████████▏ | 72/88 [00:19<00:04,  3.72it/s, loss=0.066]
  epoch 3/3:  82%|████████▏ | 72/88 [00:19<00:04,  3.72it/s, loss=0.065]
  epoch 3/3:  83%|████████▎ | 73/88 [00:19<00:04,  3.71it/s, loss=0.065]
  epoch 3/3:  83%|████████▎ | 73/88 [00:20<00:04,  3.71it/s, loss=0.064]
  epoch 3/3:  84%|████████▍ | 74/88 [00:20<00:03,  3.73it/s, loss=0.064]
  epoch 3/3:  84%|████████▍ | 74/88 [00:20<00:03,  3.73it/s, loss=0.066]
  epoch 3/3:  85%|████████▌ | 75/88 [00:20<00:03,  3.71it/s, loss=0.066]
  epoch 3/3:  85%|████████▌ | 75/88 [00:20<00:03,  3.71it/s, loss=0.065]
  epoch 3/3:  86%|████████▋ | 76/88 [00:20<00:03,  3.72it/s, loss=0.065]
  epoch 3/3:  86%|████████▋ | 76/88 [00:20<00:03,  3.72it/s, loss=0.064]
  epoch 3/3:  88%|████████▊ | 77/88 [00:20<00:02,  3.72it/s, loss=0.064]
  epoch 3/3:  88%|████████▊ | 77/88 [00:21<00:02,  3.72it/s, loss=0.063]
  epoch 3/3:  89%|████████▊ | 78/88 [00:21<00:02,  3.73it/s, loss=0.063]
  epoch 3/3:  89%|████████▊ | 78/88 [00:21<00:02,  3.73it/s, loss=0.062]
  epoch 3/3:  90%|████████▉ | 79/88 [00:21<00:02,  3.72it/s, loss=0.062]
  epoch 3/3:  90%|████████▉ | 79/88 [00:21<00:02,  3.72it/s, loss=0.064]
  epoch 3/3:  91%|█████████ | 80/88 [00:21<00:02,  3.68it/s, loss=0.064]
  epoch 3/3:  91%|█████████ | 80/88 [00:22<00:02,  3.68it/s, loss=0.065]
  epoch 3/3:  92%|█████████▏| 81/88 [00:22<00:01,  3.70it/s, loss=0.065]
  epoch 3/3:  92%|█████████▏| 81/88 [00:22<00:01,  3.70it/s, loss=0.073]
  epoch 3/3:  93%|█████████▎| 82/88 [00:22<00:01,  3.71it/s, loss=0.073]
  epoch 3/3:  93%|█████████▎| 82/88 [00:22<00:01,  3.71it/s, loss=0.074]
  epoch 3/3:  94%|█████████▍| 83/88 [00:22<00:01,  3.71it/s, loss=0.074]
  epoch 3/3:  94%|█████████▍| 83/88 [00:22<00:01,  3.71it/s, loss=0.074]
  epoch 3/3:  95%|█████████▌| 84/88 [00:22<00:01,  3.69it/s, loss=0.074]
  epoch 3/3:  95%|█████████▌| 84/88 [00:23<00:01,  3.69it/s, loss=0.073]
  epoch 3/3:  97%|█████████▋| 85/88 [00:23<00:00,  3.70it/s, loss=0.073]
  epoch 3/3:  97%|█████████▋| 85/88 [00:23<00:00,  3.70it/s, loss=0.072]
  epoch 3/3:  98%|█████████▊| 86/88 [00:23<00:00,  3.71it/s, loss=0.072]
  epoch 3/3:  98%|█████████▊| 86/88 [00:23<00:00,  3.71it/s, loss=0.071]
  epoch 3/3:  99%|█████████▉| 87/88 [00:23<00:00,  3.71it/s, loss=0.071]
  epoch 3/3:  99%|█████████▉| 87/88 [00:23<00:00,  3.71it/s, loss=0.071]
  epoch 3/3: 100%|██████████| 88/88 [00:23<00:00,  4.07it/s, loss=0.071]
                                                                        
[titans] reset=never | norm(state) sau task = 84.6060
[titans]   self-mod v:β=1.03 |W|=20.21
[titans]   eta_t(avg)=47.0811  alpha_t/forget-gate(avg)=1.0000
[task 3] test acc so far: 0.849  0.586  0.826  0.866
[task 3] NCM-head acc so far: 0.837  0.809  0.817  0.800
[task 4] classes=[9, 17, 27, 35, 36] | train=2800

  epoch 1/3:   0%|          | 0/88 [00:00<?, ?it/s]
  epoch 1/3:   0%|          | 0/88 [00:00<?, ?it/s, loss=1.603]
  epoch 1/3:   1%|          | 1/88 [00:00<00:46,  1.87it/s, loss=1.603]
  epoch 1/3:   1%|          | 1/88 [00:00<00:46,  1.87it/s, loss=1.562]
  epoch 1/3:   2%|▏         | 2/88 [00:00<00:32,  2.65it/s, loss=1.562]
  epoch 1/3:   2%|▏         | 2/88 [00:01<00:32,  2.65it/s, loss=1.498]
  epoch 1/3:   3%|▎         | 3/88 [00:01<00:27,  3.06it/s, loss=1.498]
  epoch 1/3:   3%|▎         | 3/88 [00:01<00:27,  3.06it/s, loss=1.401]
  epoch 1/3:   5%|▍         | 4/88 [00:01<00:25,  3.25it/s, loss=1.401]
  epoch 1/3:   5%|▍         | 4/88 [00:01<00:25,  3.25it/s, loss=1.305]
  epoch 1/3:   6%|▌         | 5/88 [00:01<00:24,  3.40it/s, loss=1.305]
  epoch 1/3:   6%|▌         | 5/88 [00:01<00:24,  3.40it/s, loss=1.233]
  epoch 1/3:   7%|▋         | 6/88 [00:01<00:23,  3.49it/s, loss=1.233]
  epoch 1/3:   7%|▋         | 6/88 [00:02<00:23,  3.49it/s, loss=1.141]
  epoch 1/3:   8%|▊         | 7/88 [00:02<00:22,  3.54it/s, loss=1.141]
  epoch 1/3:   8%|▊         | 7/88 [00:02<00:22,  3.54it/s, loss=1.045]
  epoch 1/3:   9%|▉         | 8/88 [00:02<00:22,  3.57it/s, loss=1.045]
  epoch 1/3:   9%|▉         | 8/88 [00:02<00:22,  3.57it/s, loss=0.967]
  epoch 1/3:  10%|█         | 9/88 [00:02<00:21,  3.61it/s, loss=0.967]
  epoch 1/3:  10%|█         | 9/88 [00:02<00:21,  3.61it/s, loss=0.905]
  epoch 1/3:  11%|█▏        | 10/88 [00:02<00:21,  3.62it/s, loss=0.905]
  epoch 1/3:  11%|█▏        | 10/88 [00:03<00:21,  3.62it/s, loss=0.847]
  epoch 1/3:  12%|█▎        | 11/88 [00:03<00:21,  3.63it/s, loss=0.847]
  epoch 1/3:  12%|█▎        | 11/88 [00:03<00:21,  3.63it/s, loss=0.804]
  epoch 1/3:  14%|█▎        | 12/88 [00:03<00:20,  3.64it/s, loss=0.804]
  epoch 1/3:  14%|█▎        | 12/88 [00:03<00:20,  3.64it/s, loss=0.757]
  epoch 1/3:  15%|█▍        | 13/88 [00:03<00:20,  3.67it/s, loss=0.757]
  epoch 1/3:  15%|█▍        | 13/88 [00:04<00:20,  3.67it/s, loss=0.714]
  epoch 1/3:  16%|█▌        | 14/88 [00:04<00:20,  3.68it/s, loss=0.714]
  epoch 1/3:  16%|█▌        | 14/88 [00:04<00:20,  3.68it/s, loss=0.685]
  epoch 1/3:  17%|█▋        | 15/88 [00:04<00:19,  3.69it/s, loss=0.685]
  epoch 1/3:  17%|█▋        | 15/88 [00:04<00:19,  3.69it/s, loss=0.657]
  epoch 1/3:  18%|█▊        | 16/88 [00:04<00:19,  3.64it/s, loss=0.657]
  epoch 1/3:  18%|█▊        | 16/88 [00:04<00:19,  3.64it/s, loss=0.636]
  epoch 1/3:  19%|█▉        | 17/88 [00:04<00:19,  3.66it/s, loss=0.636]
  epoch 1/3:  19%|█▉        | 17/88 [00:05<00:19,  3.66it/s, loss=0.615]
  epoch 1/3:  20%|██        | 18/88 [00:05<00:19,  3.67it/s, loss=0.615]
  epoch 1/3:  20%|██        | 18/88 [00:05<00:19,  3.67it/s, loss=0.588]
  epoch 1/3:  22%|██▏       | 19/88 [00:05<00:18,  3.69it/s, loss=0.588]
  epoch 1/3:  22%|██▏       | 19/88 [00:05<00:18,  3.69it/s, loss=0.563]
  epoch 1/3:  23%|██▎       | 20/88 [00:05<00:18,  3.69it/s, loss=0.563]
  epoch 1/3:  23%|██▎       | 20/88 [00:05<00:18,  3.69it/s, loss=0.541]
  epoch 1/3:  24%|██▍       | 21/88 [00:05<00:18,  3.69it/s, loss=0.541]
  epoch 1/3:  24%|██▍       | 21/88 [00:06<00:18,  3.69it/s, loss=0.519]
  epoch 1/3:  25%|██▌       | 22/88 [00:06<00:17,  3.68it/s, loss=0.519]
  epoch 1/3:  25%|██▌       | 22/88 [00:06<00:17,  3.68it/s, loss=0.501]
  epoch 1/3:  26%|██▌       | 23/88 [00:06<00:17,  3.69it/s, loss=0.501]
  epoch 1/3:  26%|██▌       | 23/88 [00:06<00:17,  3.69it/s, loss=0.481]
  epoch 1/3:  27%|██▋       | 24/88 [00:06<00:17,  3.71it/s, loss=0.481]
  epoch 1/3:  27%|██▋       | 24/88 [00:07<00:17,  3.71it/s, loss=0.466]
  epoch 1/3:  28%|██▊       | 25/88 [00:07<00:17,  3.67it/s, loss=0.466]
  epoch 1/3:  28%|██▊       | 25/88 [00:07<00:17,  3.67it/s, loss=0.449]
  epoch 1/3:  30%|██▉       | 26/88 [00:07<00:16,  3.67it/s, loss=0.449]
  epoch 1/3:  30%|██▉       | 26/88 [00:07<00:16,  3.67it/s, loss=0.433]
  epoch 1/3:  31%|███       | 27/88 [00:07<00:16,  3.67it/s, loss=0.433]
  epoch 1/3:  31%|███       | 27/88 [00:07<00:16,  3.67it/s, loss=0.419]
  epoch 1/3:  32%|███▏      | 28/88 [00:07<00:16,  3.67it/s, loss=0.419]
  epoch 1/3:  32%|███▏      | 28/88 [00:08<00:16,  3.67it/s, loss=0.409]
  epoch 1/3:  33%|███▎      | 29/88 [00:08<00:16,  3.66it/s, loss=0.409]
  epoch 1/3:  33%|███▎      | 29/88 [00:08<00:16,  3.66it/s, loss=0.398]
  epoch 1/3:  34%|███▍      | 30/88 [00:08<00:15,  3.67it/s, loss=0.398]
  epoch 1/3:  34%|███▍      | 30/88 [00:08<00:15,  3.67it/s, loss=0.387]
  epoch 1/3:  35%|███▌      | 31/88 [00:08<00:15,  3.68it/s, loss=0.387]
  epoch 1/3:  35%|███▌      | 31/88 [00:08<00:15,  3.68it/s, loss=0.378]
  epoch 1/3:  36%|███▋      | 32/88 [00:08<00:15,  3.63it/s, loss=0.378]
  epoch 1/3:  36%|███▋      | 32/88 [00:09<00:15,  3.63it/s, loss=0.377]
  epoch 1/3:  38%|███▊      | 33/88 [00:09<00:15,  3.66it/s, loss=0.377]
  epoch 1/3:  38%|███▊      | 33/88 [00:09<00:15,  3.66it/s, loss=0.366]
  epoch 1/3:  39%|███▊      | 34/88 [00:09<00:14,  3.67it/s, loss=0.366]
  epoch 1/3:  39%|███▊      | 34/88 [00:09<00:14,  3.67it/s, loss=0.355]
  epoch 1/3:  40%|███▉      | 35/88 [00:09<00:14,  3.67it/s, loss=0.355]
  epoch 1/3:  40%|███▉      | 35/88 [00:10<00:14,  3.67it/s, loss=0.351]
  epoch 1/3:  41%|████      | 36/88 [00:10<00:14,  3.68it/s, loss=0.351]
  epoch 1/3:  41%|████      | 36/88 [00:10<00:14,  3.68it/s, loss=0.342]
  epoch 1/3:  42%|████▏     | 37/88 [00:10<00:13,  3.69it/s, loss=0.342]
  epoch 1/3:  42%|████▏     | 37/88 [00:10<00:13,  3.69it/s, loss=0.333]
  epoch 1/3:  43%|████▎     | 38/88 [00:10<00:13,  3.69it/s, loss=0.333]
  epoch 1/3:  43%|████▎     | 38/88 [00:10<00:13,  3.69it/s, loss=0.326]
  epoch 1/3:  44%|████▍     | 39/88 [00:10<00:13,  3.69it/s, loss=0.326]
  epoch 1/3:  44%|████▍     | 39/88 [00:11<00:13,  3.69it/s, loss=0.318]
  epoch 1/3:  45%|████▌     | 40/88 [00:11<00:12,  3.70it/s, loss=0.318]
  epoch 1/3:  45%|████▌     | 40/88 [00:11<00:12,  3.70it/s, loss=0.314]
  epoch 1/3:  47%|████▋     | 41/88 [00:11<00:12,  3.71it/s, loss=0.314]
  epoch 1/3:  47%|████▋     | 41/88 [00:11<00:12,  3.71it/s, loss=0.307]
  epoch 1/3:  48%|████▊     | 42/88 [00:11<00:12,  3.69it/s, loss=0.307]
  epoch 1/3:  48%|████▊     | 42/88 [00:11<00:12,  3.69it/s, loss=0.301]
  epoch 1/3:  49%|████▉     | 43/88 [00:11<00:12,  3.71it/s, loss=0.301]
  epoch 1/3:  49%|████▉     | 43/88 [00:12<00:12,  3.71it/s, loss=0.296]
  epoch 1/3:  50%|█████     | 44/88 [00:12<00:11,  3.70it/s, loss=0.296]
  epoch 1/3:  50%|█████     | 44/88 [00:12<00:11,  3.70it/s, loss=0.292]
  epoch 1/3:  51%|█████     | 45/88 [00:12<00:11,  3.69it/s, loss=0.292]
  epoch 1/3:  51%|█████     | 45/88 [00:12<00:11,  3.69it/s, loss=0.293]
  epoch 1/3:  52%|█████▏    | 46/88 [00:12<00:11,  3.70it/s, loss=0.293]
  epoch 1/3:  52%|█████▏    | 46/88 [00:13<00:11,  3.70it/s, loss=0.287]
  epoch 1/3:  53%|█████▎    | 47/88 [00:13<00:11,  3.72it/s, loss=0.287]
  epoch 1/3:  53%|█████▎    | 47/88 [00:13<00:11,  3.72it/s, loss=0.286]
  epoch 1/3:  55%|█████▍    | 48/88 [00:13<00:10,  3.66it/s, loss=0.286]
  epoch 1/3:  55%|█████▍    | 48/88 [00:13<00:10,  3.66it/s, loss=0.280]
  epoch 1/3:  56%|█████▌    | 49/88 [00:13<00:10,  3.68it/s, loss=0.280]
  epoch 1/3:  56%|█████▌    | 49/88 [00:13<00:10,  3.68it/s, loss=0.275]
  epoch 1/3:  57%|█████▋    | 50/88 [00:13<00:10,  3.69it/s, loss=0.275]
  epoch 1/3:  57%|█████▋    | 50/88 [00:14<00:10,  3.69it/s, loss=0.271]
  epoch 1/3:  58%|█████▊    | 51/88 [00:14<00:10,  3.69it/s, loss=0.271]
  epoch 1/3:  58%|█████▊    | 51/88 [00:14<00:10,  3.69it/s, loss=0.266]
  epoch 1/3:  59%|█████▉    | 52/88 [00:14<00:09,  3.70it/s, loss=0.266]
  epoch 1/3:  59%|█████▉    | 52/88 [00:14<00:09,  3.70it/s, loss=0.264]
  epoch 1/3:  60%|██████    | 53/88 [00:14<00:09,  3.70it/s, loss=0.264]
  epoch 1/3:  60%|██████    | 53/88 [00:14<00:09,  3.70it/s, loss=0.260]
  epoch 1/3:  61%|██████▏   | 54/88 [00:14<00:09,  3.69it/s, loss=0.260]
  epoch 1/3:  61%|██████▏   | 54/88 [00:15<00:09,  3.69it/s, loss=0.259]
  epoch 1/3:  62%|██████▎   | 55/88 [00:15<00:08,  3.68it/s, loss=0.259]
  epoch 1/3:  62%|██████▎   | 55/88 [00:15<00:08,  3.68it/s, loss=0.254]
  epoch 1/3:  64%|██████▎   | 56/88 [00:15<00:08,  3.68it/s, loss=0.254]
  epoch 1/3:  64%|██████▎   | 56/88 [00:15<00:08,  3.68it/s, loss=0.251]
  epoch 1/3:  65%|██████▍   | 57/88 [00:15<00:08,  3.66it/s, loss=0.251]
  epoch 1/3:  65%|██████▍   | 57/88 [00:16<00:08,  3.66it/s, loss=0.248]
  epoch 1/3:  66%|██████▌   | 58/88 [00:16<00:08,  3.66it/s, loss=0.248]
  epoch 1/3:  66%|██████▌   | 58/88 [00:16<00:08,  3.66it/s, loss=0.245]
  epoch 1/3:  67%|██████▋   | 59/88 [00:16<00:07,  3.66it/s, loss=0.245]
  epoch 1/3:  67%|██████▋   | 59/88 [00:16<00:07,  3.66it/s, loss=0.241]
  epoch 1/3:  68%|██████▊   | 60/88 [00:16<00:07,  3.67it/s, loss=0.241]
  epoch 1/3:  68%|██████▊   | 60/88 [00:16<00:07,  3.67it/s, loss=0.237]
  epoch 1/3:  69%|██████▉   | 61/88 [00:16<00:07,  3.69it/s, loss=0.237]
  epoch 1/3:  69%|██████▉   | 61/88 [00:17<00:07,  3.69it/s, loss=0.235]
  epoch 1/3:  70%|███████   | 62/88 [00:17<00:07,  3.69it/s, loss=0.235]
  epoch 1/3:  70%|███████   | 62/88 [00:17<00:07,  3.69it/s, loss=0.231]
  epoch 1/3:  72%|███████▏  | 63/88 [00:17<00:06,  3.69it/s, loss=0.231]
  epoch 1/3:  72%|███████▏  | 63/88 [00:17<00:06,  3.69it/s, loss=0.229]
  epoch 1/3:  73%|███████▎  | 64/88 [00:17<00:06,  3.65it/s, loss=0.229]
  epoch 1/3:  73%|███████▎  | 64/88 [00:17<00:06,  3.65it/s, loss=0.226]
  epoch 1/3:  74%|███████▍  | 65/88 [00:17<00:06,  3.68it/s, loss=0.226]
  epoch 1/3:  74%|███████▍  | 65/88 [00:18<00:06,  3.68it/s, loss=0.223]
  epoch 1/3:  75%|███████▌  | 66/88 [00:18<00:05,  3.69it/s, loss=0.223]
  epoch 1/3:  75%|███████▌  | 66/88 [00:18<00:05,  3.69it/s, loss=0.221]
  epoch 1/3:  76%|███████▌  | 67/88 [00:18<00:05,  3.67it/s, loss=0.221]
  epoch 1/3:  76%|███████▌  | 67/88 [00:18<00:05,  3.67it/s, loss=0.220]
  epoch 1/3:  77%|███████▋  | 68/88 [00:18<00:05,  3.68it/s, loss=0.220]
  epoch 1/3:  77%|███████▋  | 68/88 [00:19<00:05,  3.68it/s, loss=0.223]
  epoch 1/3:  78%|███████▊  | 69/88 [00:19<00:05,  3.70it/s, loss=0.223]
  epoch 1/3:  78%|███████▊  | 69/88 [00:19<00:05,  3.70it/s, loss=0.220]
  epoch 1/3:  80%|███████▉  | 70/88 [00:19<00:04,  3.69it/s, loss=0.220]
  epoch 1/3:  80%|███████▉  | 70/88 [00:19<00:04,  3.69it/s, loss=0.218]
  epoch 1/3:  81%|████████  | 71/88 [00:19<00:04,  3.70it/s, loss=0.218]
  epoch 1/3:  81%|████████  | 71/88 [00:19<00:04,  3.70it/s, loss=0.220]
  epoch 1/3:  82%|████████▏ | 72/88 [00:19<00:04,  3.70it/s, loss=0.220]
  epoch 1/3:  82%|████████▏ | 72/88 [00:20<00:04,  3.70it/s, loss=0.218]
  epoch 1/3:  83%|████████▎ | 73/88 [00:20<00:04,  3.68it/s, loss=0.218]
  epoch 1/3:  83%|████████▎ | 73/88 [00:20<00:04,  3.68it/s, loss=0.219]
  epoch 1/3:  84%|████████▍ | 74/88 [00:20<00:03,  3.69it/s, loss=0.219]
  epoch 1/3:  84%|████████▍ | 74/88 [00:20<00:03,  3.69it/s, loss=0.217]
  epoch 1/3:  85%|████████▌ | 75/88 [00:20<00:03,  3.70it/s, loss=0.217]
  epoch 1/3:  85%|████████▌ | 75/88 [00:20<00:03,  3.70it/s, loss=0.215]
  epoch 1/3:  86%|████████▋ | 76/88 [00:20<00:03,  3.69it/s, loss=0.215]
  epoch 1/3:  86%|████████▋ | 76/88 [00:21<00:03,  3.69it/s, loss=0.212]
  epoch 1/3:  88%|████████▊ | 77/88 [00:21<00:02,  3.70it/s, loss=0.212]
  epoch 1/3:  88%|████████▊ | 77/88 [00:21<00:02,  3.70it/s, loss=0.211]
  epoch 1/3:  89%|████████▊ | 78/88 [00:21<00:02,  3.71it/s, loss=0.211]
  epoch 1/3:  89%|████████▊ | 78/88 [00:21<00:02,  3.71it/s, loss=0.209]
  epoch 1/3:  90%|████████▉ | 79/88 [00:21<00:02,  3.71it/s, loss=0.209]
  epoch 1/3:  90%|████████▉ | 79/88 [00:21<00:02,  3.71it/s, loss=0.206]
  epoch 1/3:  91%|█████████ | 80/88 [00:21<00:02,  3.65it/s, loss=0.206]
  epoch 1/3:  91%|█████████ | 80/88 [00:22<00:02,  3.65it/s, loss=0.205]
  epoch 1/3:  92%|█████████▏| 81/88 [00:22<00:01,  3.69it/s, loss=0.205]
  epoch 1/3:  92%|█████████▏| 81/88 [00:22<00:01,  3.69it/s, loss=0.205]
  epoch 1/3:  93%|█████████▎| 82/88 [00:22<00:01,  3.69it/s, loss=0.205]
  epoch 1/3:  93%|█████████▎| 82/88 [00:22<00:01,  3.69it/s, loss=0.204]
  epoch 1/3:  94%|█████████▍| 83/88 [00:22<00:01,  3.69it/s, loss=0.204]
  epoch 1/3:  94%|█████████▍| 83/88 [00:23<00:01,  3.69it/s, loss=0.204]
  epoch 1/3:  95%|█████████▌| 84/88 [00:23<00:01,  3.72it/s, loss=0.204]
  epoch 1/3:  95%|█████████▌| 84/88 [00:23<00:01,  3.72it/s, loss=0.202]
  epoch 1/3:  97%|█████████▋| 85/88 [00:23<00:00,  3.73it/s, loss=0.202]
  epoch 1/3:  97%|█████████▋| 85/88 [00:23<00:00,  3.73it/s, loss=0.200]
  epoch 1/3:  98%|█████████▊| 86/88 [00:23<00:00,  3.73it/s, loss=0.200]
  epoch 1/3:  98%|█████████▊| 86/88 [00:23<00:00,  3.73it/s, loss=0.199]
  epoch 1/3:  99%|█████████▉| 87/88 [00:23<00:00,  3.73it/s, loss=0.199]
  epoch 1/3:  99%|█████████▉| 87/88 [00:24<00:00,  3.73it/s, loss=0.197]
  epoch 1/3: 100%|██████████| 88/88 [00:24<00:00,  4.04it/s, loss=0.197]
                                                                        

  epoch 2/3:   0%|          | 0/88 [00:00<?, ?it/s]
  epoch 2/3:   0%|          | 0/88 [00:00<?, ?it/s, loss=0.005]
  epoch 2/3:   1%|          | 1/88 [00:00<00:45,  1.93it/s, loss=0.005]
  epoch 2/3:   1%|          | 1/88 [00:00<00:45,  1.93it/s, loss=0.003]
  epoch 2/3:   2%|▏         | 2/88 [00:00<00:31,  2.69it/s, loss=0.003]
  epoch 2/3:   2%|▏         | 2/88 [00:01<00:31,  2.69it/s, loss=0.004]
  epoch 2/3:   3%|▎         | 3/88 [00:01<00:27,  3.10it/s, loss=0.004]
  epoch 2/3:   3%|▎         | 3/88 [00:01<00:27,  3.10it/s, loss=0.004]
  epoch 2/3:   5%|▍         | 4/88 [00:01<00:25,  3.33it/s, loss=0.004]
  epoch 2/3:   5%|▍         | 4/88 [00:01<00:25,  3.33it/s, loss=0.004]
  epoch 2/3:   6%|▌         | 5/88 [00:01<00:23,  3.46it/s, loss=0.004]
  epoch 2/3:   6%|▌         | 5/88 [00:01<00:23,  3.46it/s, loss=0.053]
  epoch 2/3:   7%|▋         | 6/88 [00:01<00:23,  3.55it/s, loss=0.053]
  epoch 2/3:   7%|▋         | 6/88 [00:02<00:23,  3.55it/s, loss=0.047]
  epoch 2/3:   8%|▊         | 7/88 [00:02<00:22,  3.60it/s, loss=0.047]
  epoch 2/3:   8%|▊         | 7/88 [00:02<00:22,  3.60it/s, loss=0.044]
  epoch 2/3:   9%|▉         | 8/88 [00:02<00:22,  3.60it/s, loss=0.044]
  epoch 2/3:   9%|▉         | 8/88 [00:02<00:22,  3.60it/s, loss=0.081]
  epoch 2/3:  10%|█         | 9/88 [00:02<00:21,  3.64it/s, loss=0.081]
  epoch 2/3:  10%|█         | 9/88 [00:02<00:21,  3.64it/s, loss=0.085]
  epoch 2/3:  11%|█▏        | 10/88 [00:02<00:21,  3.67it/s, loss=0.085]
  epoch 2/3:  11%|█▏        | 10/88 [00:03<00:21,  3.67it/s, loss=0.084]
  epoch 2/3:  12%|█▎        | 11/88 [00:03<00:20,  3.71it/s, loss=0.084]
  epoch 2/3:  12%|█▎        | 11/88 [00:03<00:20,  3.71it/s, loss=0.078]
  epoch 2/3:  14%|█▎        | 12/88 [00:03<00:20,  3.72it/s, loss=0.078]
  epoch 2/3:  14%|█▎        | 12/88 [00:03<00:20,  3.72it/s, loss=0.081]
  epoch 2/3:  15%|█▍        | 13/88 [00:03<00:20,  3.71it/s, loss=0.081]
  epoch 2/3:  15%|█▍        | 13/88 [00:04<00:20,  3.71it/s, loss=0.094]
  epoch 2/3:  16%|█▌        | 14/88 [00:04<00:19,  3.73it/s, loss=0.094]
  epoch 2/3:  16%|█▌        | 14/88 [00:04<00:19,  3.73it/s, loss=0.088]
  epoch 2/3:  17%|█▋        | 15/88 [00:04<00:19,  3.72it/s, loss=0.088]
  epoch 2/3:  17%|█▋        | 15/88 [00:04<00:19,  3.72it/s, loss=0.082]
  epoch 2/3:  18%|█▊        | 16/88 [00:04<00:19,  3.73it/s, loss=0.082]
  epoch 2/3:  18%|█▊        | 16/88 [00:04<00:19,  3.73it/s, loss=0.080]
  epoch 2/3:  19%|█▉        | 17/88 [00:04<00:18,  3.75it/s, loss=0.080]
  epoch 2/3:  19%|█▉        | 17/88 [00:05<00:18,  3.75it/s, loss=0.076]
  epoch 2/3:  20%|██        | 18/88 [00:05<00:18,  3.74it/s, loss=0.076]
  epoch 2/3:  20%|██        | 18/88 [00:05<00:18,  3.74it/s, loss=0.072]
  epoch 2/3:  22%|██▏       | 19/88 [00:05<00:18,  3.74it/s, loss=0.072]
  epoch 2/3:  22%|██▏       | 19/88 [00:05<00:18,  3.74it/s, loss=0.069]
  epoch 2/3:  23%|██▎       | 20/88 [00:05<00:18,  3.72it/s, loss=0.069]
  epoch 2/3:  23%|██▎       | 20/88 [00:05<00:18,  3.72it/s, loss=0.068]
  epoch 2/3:  24%|██▍       | 21/88 [00:05<00:17,  3.74it/s, loss=0.068]
  epoch 2/3:  24%|██▍       | 21/88 [00:06<00:17,  3.74it/s, loss=0.069]
  epoch 2/3:  25%|██▌       | 22/88 [00:06<00:17,  3.73it/s, loss=0.069]
  epoch 2/3:  25%|██▌       | 22/88 [00:06<00:17,  3.73it/s, loss=0.069]
  epoch 2/3:  26%|██▌       | 23/88 [00:06<00:17,  3.73it/s, loss=0.069]
  epoch 2/3:  26%|██▌       | 23/88 [00:06<00:17,  3.73it/s, loss=0.070]
  epoch 2/3:  27%|██▋       | 24/88 [00:06<00:17,  3.68it/s, loss=0.070]
  epoch 2/3:  27%|██▋       | 24/88 [00:06<00:17,  3.68it/s, loss=0.068]
  epoch 2/3:  28%|██▊       | 25/88 [00:06<00:17,  3.69it/s, loss=0.068]
  epoch 2/3:  28%|██▊       | 25/88 [00:07<00:17,  3.69it/s, loss=0.065]
  epoch 2/3:  30%|██▉       | 26/88 [00:07<00:16,  3.69it/s, loss=0.065]
  epoch 2/3:  30%|██▉       | 26/88 [00:07<00:16,  3.69it/s, loss=0.063]
  epoch 2/3:  31%|███       | 27/88 [00:07<00:16,  3.71it/s, loss=0.063]
  epoch 2/3:  31%|███       | 27/88 [00:07<00:16,  3.71it/s, loss=0.061]
  epoch 2/3:  32%|███▏      | 28/88 [00:07<00:16,  3.73it/s, loss=0.061]
  epoch 2/3:  32%|███▏      | 28/88 [00:08<00:16,  3.73it/s, loss=0.063]
  epoch 2/3:  33%|███▎      | 29/88 [00:08<00:15,  3.74it/s, loss=0.063]
  epoch 2/3:  33%|███▎      | 29/88 [00:08<00:15,  3.74it/s, loss=0.063]
  epoch 2/3:  34%|███▍      | 30/88 [00:08<00:15,  3.72it/s, loss=0.063]
  epoch 2/3:  34%|███▍      | 30/88 [00:08<00:15,  3.72it/s, loss=0.065]
  epoch 2/3:  35%|███▌      | 31/88 [00:08<00:15,  3.71it/s, loss=0.065]
  epoch 2/3:  35%|███▌      | 31/88 [00:08<00:15,  3.71it/s, loss=0.065]
  epoch 2/3:  36%|███▋      | 32/88 [00:08<00:14,  3.73it/s, loss=0.065]
  epoch 2/3:  36%|███▋      | 32/88 [00:09<00:14,  3.73it/s, loss=0.066]
  epoch 2/3:  38%|███▊      | 33/88 [00:09<00:14,  3.74it/s, loss=0.066]
  epoch 2/3:  38%|███▊      | 33/88 [00:09<00:14,  3.74it/s, loss=0.067]
  epoch 2/3:  39%|███▊      | 34/88 [00:09<00:14,  3.75it/s, loss=0.067]
  epoch 2/3:  39%|███▊      | 34/88 [00:09<00:14,  3.75it/s, loss=0.065]
  epoch 2/3:  40%|███▉      | 35/88 [00:09<00:14,  3.76it/s, loss=0.065]
  epoch 2/3:  40%|███▉      | 35/88 [00:09<00:14,  3.76it/s, loss=0.067]
  epoch 2/3:  41%|████      | 36/88 [00:09<00:13,  3.75it/s, loss=0.067]
  epoch 2/3:  41%|████      | 36/88 [00:10<00:13,  3.75it/s, loss=0.066]
  epoch 2/3:  42%|████▏     | 37/88 [00:10<00:13,  3.74it/s, loss=0.066]
  epoch 2/3:  42%|████▏     | 37/88 [00:10<00:13,  3.74it/s, loss=0.075]
  epoch 2/3:  43%|████▎     | 38/88 [00:10<00:13,  3.73it/s, loss=0.075]
  epoch 2/3:  43%|████▎     | 38/88 [00:10<00:13,  3.73it/s, loss=0.083]
  epoch 2/3:  44%|████▍     | 39/88 [00:10<00:13,  3.74it/s, loss=0.083]
  epoch 2/3:  44%|████▍     | 39/88 [00:10<00:13,  3.74it/s, loss=0.092]
  epoch 2/3:  45%|████▌     | 40/88 [00:10<00:12,  3.71it/s, loss=0.092]
  epoch 2/3:  45%|████▌     | 40/88 [00:11<00:12,  3.71it/s, loss=0.095]
  epoch 2/3:  47%|████▋     | 41/88 [00:11<00:12,  3.73it/s, loss=0.095]
  epoch 2/3:  47%|████▋     | 41/88 [00:11<00:12,  3.73it/s, loss=0.100]
  epoch 2/3:  48%|████▊     | 42/88 [00:11<00:12,  3.72it/s, loss=0.100]
  epoch 2/3:  48%|████▊     | 42/88 [00:11<00:12,  3.72it/s, loss=0.101]
  epoch 2/3:  49%|████▉     | 43/88 [00:11<00:12,  3.74it/s, loss=0.101]
  epoch 2/3:  49%|████▉     | 43/88 [00:12<00:12,  3.74it/s, loss=0.099]
  epoch 2/3:  50%|█████     | 44/88 [00:12<00:11,  3.74it/s, loss=0.099]
  epoch 2/3:  50%|█████     | 44/88 [00:12<00:11,  3.74it/s, loss=0.096]
  epoch 2/3:  51%|█████     | 45/88 [00:12<00:11,  3.75it/s, loss=0.096]
  epoch 2/3:  51%|█████     | 45/88 [00:12<00:11,  3.75it/s, loss=0.094]
  epoch 2/3:  52%|█████▏    | 46/88 [00:12<00:11,  3.74it/s, loss=0.094]
  epoch 2/3:  52%|█████▏    | 46/88 [00:12<00:11,  3.74it/s, loss=0.106]
  epoch 2/3:  53%|█████▎    | 47/88 [00:12<00:10,  3.74it/s, loss=0.106]
  epoch 2/3:  53%|█████▎    | 47/88 [00:13<00:10,  3.74it/s, loss=0.113]
  epoch 2/3:  55%|█████▍    | 48/88 [00:13<00:10,  3.74it/s, loss=0.113]
  epoch 2/3:  55%|█████▍    | 48/88 [00:13<00:10,  3.74it/s, loss=0.111]
  epoch 2/3:  56%|█████▌    | 49/88 [00:13<00:10,  3.75it/s, loss=0.111]
  epoch 2/3:  56%|█████▌    | 49/88 [00:13<00:10,  3.75it/s, loss=0.112]
  epoch 2/3:  57%|█████▋    | 50/88 [00:13<00:10,  3.76it/s, loss=0.112]
  epoch 2/3:  57%|█████▋    | 50/88 [00:13<00:10,  3.76it/s, loss=0.110]
  epoch 2/3:  58%|█████▊    | 51/88 [00:13<00:09,  3.77it/s, loss=0.110]
  epoch 2/3:  58%|█████▊    | 51/88 [00:14<00:09,  3.77it/s, loss=0.108]
  epoch 2/3:  59%|█████▉    | 52/88 [00:14<00:09,  3.77it/s, loss=0.108]
  epoch 2/3:  59%|█████▉    | 52/88 [00:14<00:09,  3.77it/s, loss=0.106]
  epoch 2/3:  60%|██████    | 53/88 [00:14<00:09,  3.75it/s, loss=0.106]
  epoch 2/3:  60%|██████    | 53/88 [00:14<00:09,  3.75it/s, loss=0.104]
  epoch 2/3:  61%|██████▏   | 54/88 [00:14<00:09,  3.75it/s, loss=0.104]
  epoch 2/3:  61%|██████▏   | 54/88 [00:14<00:09,  3.75it/s, loss=0.102]
  epoch 2/3:  62%|██████▎   | 55/88 [00:14<00:08,  3.74it/s, loss=0.102]
  epoch 2/3:  62%|██████▎   | 55/88 [00:15<00:08,  3.74it/s, loss=0.100]
  epoch 2/3:  64%|██████▎   | 56/88 [00:15<00:08,  3.70it/s, loss=0.100]
  epoch 2/3:  64%|██████▎   | 56/88 [00:15<00:08,  3.70it/s, loss=0.099]
  epoch 2/3:  65%|██████▍   | 57/88 [00:15<00:08,  3.72it/s, loss=0.099]
  epoch 2/3:  65%|██████▍   | 57/88 [00:15<00:08,  3.72it/s, loss=0.097]
  epoch 2/3:  66%|██████▌   | 58/88 [00:15<00:08,  3.72it/s, loss=0.097]
  epoch 2/3:  66%|██████▌   | 58/88 [00:16<00:08,  3.72it/s, loss=0.095]
  epoch 2/3:  67%|██████▋   | 59/88 [00:16<00:07,  3.74it/s, loss=0.095]
  epoch 2/3:  67%|██████▋   | 59/88 [00:16<00:07,  3.74it/s, loss=0.098]
  epoch 2/3:  68%|██████▊   | 60/88 [00:16<00:07,  3.75it/s, loss=0.098]
  epoch 2/3:  68%|██████▊   | 60/88 [00:16<00:07,  3.75it/s, loss=0.097]
  epoch 2/3:  69%|██████▉   | 61/88 [00:16<00:07,  3.75it/s, loss=0.097]
  epoch 2/3:  69%|██████▉   | 61/88 [00:16<00:07,  3.75it/s, loss=0.096]
  epoch 2/3:  70%|███████   | 62/88 [00:16<00:06,  3.74it/s, loss=0.096]
  epoch 2/3:  70%|███████   | 62/88 [00:17<00:06,  3.74it/s, loss=0.094]
  epoch 2/3:  72%|███████▏  | 63/88 [00:17<00:06,  3.72it/s, loss=0.094]
  epoch 2/3:  72%|███████▏  | 63/88 [00:17<00:06,  3.72it/s, loss=0.093]
  epoch 2/3:  73%|███████▎  | 64/88 [00:17<00:06,  3.74it/s, loss=0.093]
  epoch 2/3:  73%|███████▎  | 64/88 [00:17<00:06,  3.74it/s, loss=0.092]
  epoch 2/3:  74%|███████▍  | 65/88 [00:17<00:06,  3.75it/s, loss=0.092]
  epoch 2/3:  74%|███████▍  | 65/88 [00:17<00:06,  3.75it/s, loss=0.092]
  epoch 2/3:  75%|███████▌  | 66/88 [00:17<00:05,  3.76it/s, loss=0.092]
  epoch 2/3:  75%|███████▌  | 66/88 [00:18<00:05,  3.76it/s, loss=0.095]
  epoch 2/3:  76%|███████▌  | 67/88 [00:18<00:05,  3.75it/s, loss=0.095]
  epoch 2/3:  76%|███████▌  | 67/88 [00:18<00:05,  3.75it/s, loss=0.094]
  epoch 2/3:  77%|███████▋  | 68/88 [00:18<00:05,  3.74it/s, loss=0.094]
  epoch 2/3:  77%|███████▋  | 68/88 [00:18<00:05,  3.74it/s, loss=0.093]
  epoch 2/3:  78%|███████▊  | 69/88 [00:18<00:05,  3.73it/s, loss=0.093]
  epoch 2/3:  78%|███████▊  | 69/88 [00:18<00:05,  3.73it/s, loss=0.093]
  epoch 2/3:  80%|███████▉  | 70/88 [00:18<00:04,  3.74it/s, loss=0.093]
  epoch 2/3:  80%|███████▉  | 70/88 [00:19<00:04,  3.74it/s, loss=0.094]
  epoch 2/3:  81%|████████  | 71/88 [00:19<00:04,  3.74it/s, loss=0.094]
  epoch 2/3:  81%|████████  | 71/88 [00:19<00:04,  3.74it/s, loss=0.093]
  epoch 2/3:  82%|████████▏ | 72/88 [00:19<00:04,  3.69it/s, loss=0.093]
  epoch 2/3:  82%|████████▏ | 72/88 [00:19<00:04,  3.69it/s, loss=0.093]
  epoch 2/3:  83%|████████▎ | 73/88 [00:19<00:04,  3.73it/s, loss=0.093]
  epoch 2/3:  83%|████████▎ | 73/88 [00:20<00:04,  3.73it/s, loss=0.092]
  epoch 2/3:  84%|████████▍ | 74/88 [00:20<00:03,  3.75it/s, loss=0.092]
  epoch 2/3:  84%|████████▍ | 74/88 [00:20<00:03,  3.75it/s, loss=0.091]
  epoch 2/3:  85%|████████▌ | 75/88 [00:20<00:03,  3.76it/s, loss=0.091]
  epoch 2/3:  85%|████████▌ | 75/88 [00:20<00:03,  3.76it/s, loss=0.090]
  epoch 2/3:  86%|████████▋ | 76/88 [00:20<00:03,  3.77it/s, loss=0.090]
  epoch 2/3:  86%|████████▋ | 76/88 [00:20<00:03,  3.77it/s, loss=0.089]
  epoch 2/3:  88%|████████▊ | 77/88 [00:20<00:02,  3.78it/s, loss=0.089]
  epoch 2/3:  88%|████████▊ | 77/88 [00:21<00:02,  3.78it/s, loss=0.088]
  epoch 2/3:  89%|████████▊ | 78/88 [00:21<00:02,  3.79it/s, loss=0.088]
  epoch 2/3:  89%|████████▊ | 78/88 [00:21<00:02,  3.79it/s, loss=0.087]
  epoch 2/3:  90%|████████▉ | 79/88 [00:21<00:02,  3.79it/s, loss=0.087]
  epoch 2/3:  90%|████████▉ | 79/88 [00:21<00:02,  3.79it/s, loss=0.086]
  epoch 2/3:  91%|█████████ | 80/88 [00:21<00:02,  3.79it/s, loss=0.086]
  epoch 2/3:  91%|█████████ | 80/88 [00:21<00:02,  3.79it/s, loss=0.085]
  epoch 2/3:  92%|█████████▏| 81/88 [00:21<00:01,  3.78it/s, loss=0.085]
  epoch 2/3:  92%|█████████▏| 81/88 [00:22<00:01,  3.78it/s, loss=0.084]
  epoch 2/3:  93%|█████████▎| 82/88 [00:22<00:01,  3.76it/s, loss=0.084]
  epoch 2/3:  93%|█████████▎| 82/88 [00:22<00:01,  3.76it/s, loss=0.083]
  epoch 2/3:  94%|█████████▍| 83/88 [00:22<00:01,  3.76it/s, loss=0.083]
  epoch 2/3:  94%|█████████▍| 83/88 [00:22<00:01,  3.76it/s, loss=0.083]
  epoch 2/3:  95%|█████████▌| 84/88 [00:22<00:01,  3.76it/s, loss=0.083]
  epoch 2/3:  95%|█████████▌| 84/88 [00:22<00:01,  3.76it/s, loss=0.084]
  epoch 2/3:  97%|█████████▋| 85/88 [00:22<00:00,  3.75it/s, loss=0.084]
  epoch 2/3:  97%|█████████▋| 85/88 [00:23<00:00,  3.75it/s, loss=0.083]
  epoch 2/3:  98%|█████████▊| 86/88 [00:23<00:00,  3.76it/s, loss=0.083]
  epoch 2/3:  98%|█████████▊| 86/88 [00:23<00:00,  3.76it/s, loss=0.083]
  epoch 2/3:  99%|█████████▉| 87/88 [00:23<00:00,  3.76it/s, loss=0.083]
  epoch 2/3:  99%|█████████▉| 87/88 [00:23<00:00,  3.76it/s, loss=0.083]
  epoch 2/3: 100%|██████████| 88/88 [00:23<00:00,  4.05it/s, loss=0.083]
                                                                        

  epoch 3/3:   0%|          | 0/88 [00:00<?, ?it/s]
  epoch 3/3:   0%|          | 0/88 [00:00<?, ?it/s, loss=0.003]
  epoch 3/3:   1%|          | 1/88 [00:00<00:44,  1.95it/s, loss=0.003]
  epoch 3/3:   1%|          | 1/88 [00:00<00:44,  1.95it/s, loss=0.003]
  epoch 3/3:   2%|▏         | 2/88 [00:00<00:31,  2.72it/s, loss=0.003]
  epoch 3/3:   2%|▏         | 2/88 [00:01<00:31,  2.72it/s, loss=0.005]
  epoch 3/3:   3%|▎         | 3/88 [00:01<00:27,  3.13it/s, loss=0.005]
  epoch 3/3:   3%|▎         | 3/88 [00:01<00:27,  3.13it/s, loss=0.007]
  epoch 3/3:   5%|▍         | 4/88 [00:01<00:25,  3.36it/s, loss=0.007]
  epoch 3/3:   5%|▍         | 4/88 [00:01<00:25,  3.36it/s, loss=0.006]
  epoch 3/3:   6%|▌         | 5/88 [00:01<00:23,  3.49it/s, loss=0.006]
  epoch 3/3:   6%|▌         | 5/88 [00:01<00:23,  3.49it/s, loss=0.005]
  epoch 3/3:   7%|▋         | 6/88 [00:01<00:22,  3.57it/s, loss=0.005]
  epoch 3/3:   7%|▋         | 6/88 [00:02<00:22,  3.57it/s, loss=0.005]
  epoch 3/3:   8%|▊         | 7/88 [00:02<00:22,  3.64it/s, loss=0.005]
  epoch 3/3:   8%|▊         | 7/88 [00:02<00:22,  3.64it/s, loss=0.014]
  epoch 3/3:   9%|▉         | 8/88 [00:02<00:21,  3.68it/s, loss=0.014]
  epoch 3/3:   9%|▉         | 8/88 [00:02<00:21,  3.68it/s, loss=0.028]
  epoch 3/3:  10%|█         | 9/88 [00:02<00:21,  3.69it/s, loss=0.028]
  epoch 3/3:  10%|█         | 9/88 [00:02<00:21,  3.69it/s, loss=0.069]
  epoch 3/3:  11%|█▏        | 10/88 [00:02<00:20,  3.72it/s, loss=0.069]
  epoch 3/3:  11%|█▏        | 10/88 [00:03<00:20,  3.72it/s, loss=0.079]
  epoch 3/3:  12%|█▎        | 11/88 [00:03<00:20,  3.74it/s, loss=0.079]
  epoch 3/3:  12%|█▎        | 11/88 [00:03<00:20,  3.74it/s, loss=0.072]
  epoch 3/3:  14%|█▎        | 12/88 [00:03<00:20,  3.75it/s, loss=0.072]
  epoch 3/3:  14%|█▎        | 12/88 [00:03<00:20,  3.75it/s, loss=0.067]
  epoch 3/3:  15%|█▍        | 13/88 [00:03<00:19,  3.76it/s, loss=0.067]
  epoch 3/3:  15%|█▍        | 13/88 [00:03<00:19,  3.76it/s, loss=0.069]
  epoch 3/3:  16%|█▌        | 14/88 [00:03<00:19,  3.75it/s, loss=0.069]
  epoch 3/3:  16%|█▌        | 14/88 [00:04<00:19,  3.75it/s, loss=0.064]
  epoch 3/3:  17%|█▋        | 15/88 [00:04<00:19,  3.75it/s, loss=0.064]
  epoch 3/3:  17%|█▋        | 15/88 [00:04<00:19,  3.75it/s, loss=0.061]
  epoch 3/3:  18%|█▊        | 16/88 [00:04<00:19,  3.69it/s, loss=0.061]
  epoch 3/3:  18%|█▊        | 16/88 [00:04<00:19,  3.69it/s, loss=0.078]
  epoch 3/3:  19%|█▉        | 17/88 [00:04<00:19,  3.71it/s, loss=0.078]
  epoch 3/3:  19%|█▉        | 17/88 [00:05<00:19,  3.71it/s, loss=0.091]
  epoch 3/3:  20%|██        | 18/88 [00:05<00:18,  3.71it/s, loss=0.091]
  epoch 3/3:  20%|██        | 18/88 [00:05<00:18,  3.71it/s, loss=0.097]
  epoch 3/3:  22%|██▏       | 19/88 [00:05<00:18,  3.73it/s, loss=0.097]
  epoch 3/3:  22%|██▏       | 19/88 [00:05<00:18,  3.73it/s, loss=0.092]
  epoch 3/3:  23%|██▎       | 20/88 [00:05<00:18,  3.75it/s, loss=0.092]
  epoch 3/3:  23%|██▎       | 20/88 [00:05<00:18,  3.75it/s, loss=0.088]
  epoch 3/3:  24%|██▍       | 21/88 [00:05<00:17,  3.76it/s, loss=0.088]
  epoch 3/3:  24%|██▍       | 21/88 [00:06<00:17,  3.76it/s, loss=0.087]
  epoch 3/3:  25%|██▌       | 22/88 [00:06<00:17,  3.76it/s, loss=0.087]
  epoch 3/3:  25%|██▌       | 22/88 [00:06<00:17,  3.76it/s, loss=0.084]
  epoch 3/3:  26%|██▌       | 23/88 [00:06<00:17,  3.78it/s, loss=0.084]
  epoch 3/3:  26%|██▌       | 23/88 [00:06<00:17,  3.78it/s, loss=0.081]
  epoch 3/3:  27%|██▋       | 24/88 [00:06<00:16,  3.77it/s, loss=0.081]
  epoch 3/3:  27%|██▋       | 24/88 [00:06<00:16,  3.77it/s, loss=0.078]
  epoch 3/3:  28%|██▊       | 25/88 [00:06<00:16,  3.79it/s, loss=0.078]
  epoch 3/3:  28%|██▊       | 25/88 [00:07<00:16,  3.79it/s, loss=0.075]
  epoch 3/3:  30%|██▉       | 26/88 [00:07<00:16,  3.79it/s, loss=0.075]
  epoch 3/3:  30%|██▉       | 26/88 [00:07<00:16,  3.79it/s, loss=0.072]
  epoch 3/3:  31%|███       | 27/88 [00:07<00:16,  3.78it/s, loss=0.072]
  epoch 3/3:  31%|███       | 27/88 [00:07<00:16,  3.78it/s, loss=0.070]
  epoch 3/3:  32%|███▏      | 28/88 [00:07<00:15,  3.77it/s, loss=0.070]
  epoch 3/3:  32%|███▏      | 28/88 [00:07<00:15,  3.77it/s, loss=0.071]
  epoch 3/3:  33%|███▎      | 29/88 [00:07<00:15,  3.76it/s, loss=0.071]
  epoch 3/3:  33%|███▎      | 29/88 [00:08<00:15,  3.76it/s, loss=0.068]
  epoch 3/3:  34%|███▍      | 30/88 [00:08<00:15,  3.74it/s, loss=0.068]
  epoch 3/3:  34%|███▍      | 30/88 [00:08<00:15,  3.74it/s, loss=0.067]
  epoch 3/3:  35%|███▌      | 31/88 [00:08<00:15,  3.76it/s, loss=0.067]
  epoch 3/3:  35%|███▌      | 31/88 [00:08<00:15,  3.76it/s, loss=0.065]
  epoch 3/3:  36%|███▋      | 32/88 [00:08<00:15,  3.71it/s, loss=0.065]
  epoch 3/3:  36%|███▋      | 32/88 [00:09<00:15,  3.71it/s, loss=0.070]
  epoch 3/3:  38%|███▊      | 33/88 [00:09<00:14,  3.73it/s, loss=0.070]
  epoch 3/3:  38%|███▊      | 33/88 [00:09<00:14,  3.73it/s, loss=0.076]
  epoch 3/3:  39%|███▊      | 34/88 [00:09<00:14,  3.73it/s, loss=0.076]
  epoch 3/3:  39%|███▊      | 34/88 [00:09<00:14,  3.73it/s, loss=0.075]
  epoch 3/3:  40%|███▉      | 35/88 [00:09<00:14,  3.75it/s, loss=0.075]
  epoch 3/3:  40%|███▉      | 35/88 [00:09<00:14,  3.75it/s, loss=0.073]
  epoch 3/3:  41%|████      | 36/88 [00:09<00:13,  3.76it/s, loss=0.073]
  epoch 3/3:  41%|████      | 36/88 [00:10<00:13,  3.76it/s, loss=0.072]
  epoch 3/3:  42%|████▏     | 37/88 [00:10<00:13,  3.77it/s, loss=0.072]
  epoch 3/3:  42%|████▏     | 37/88 [00:10<00:13,  3.77it/s, loss=0.070]
  epoch 3/3:  43%|████▎     | 38/88 [00:10<00:13,  3.78it/s, loss=0.070]
  epoch 3/3:  43%|████▎     | 38/88 [00:10<00:13,  3.78it/s, loss=0.076]
  epoch 3/3:  44%|████▍     | 39/88 [00:10<00:12,  3.79it/s, loss=0.076]
  epoch 3/3:  44%|████▍     | 39/88 [00:10<00:12,  3.79it/s, loss=0.077]
  epoch 3/3:  45%|████▌     | 40/88 [00:10<00:12,  3.79it/s, loss=0.077]
  epoch 3/3:  45%|████▌     | 40/88 [00:11<00:12,  3.79it/s, loss=0.075]
  epoch 3/3:  47%|████▋     | 41/88 [00:11<00:12,  3.79it/s, loss=0.075]
  epoch 3/3:  47%|████▋     | 41/88 [00:11<00:12,  3.79it/s, loss=0.073]
  epoch 3/3:  48%|████▊     | 42/88 [00:11<00:12,  3.79it/s, loss=0.073]
  epoch 3/3:  48%|████▊     | 42/88 [00:11<00:12,  3.79it/s, loss=0.072]
  epoch 3/3:  49%|████▉     | 43/88 [00:11<00:11,  3.78it/s, loss=0.072]
  epoch 3/3:  49%|████▉     | 43/88 [00:11<00:11,  3.78it/s, loss=0.070]
  epoch 3/3:  50%|█████     | 44/88 [00:11<00:11,  3.79it/s, loss=0.070]
  epoch 3/3:  50%|█████     | 44/88 [00:12<00:11,  3.79it/s, loss=0.078]
  epoch 3/3:  51%|█████     | 45/88 [00:12<00:11,  3.79it/s, loss=0.078]
  epoch 3/3:  51%|█████     | 45/88 [00:12<00:11,  3.79it/s, loss=0.077]
  epoch 3/3:  52%|█████▏    | 46/88 [00:12<00:11,  3.80it/s, loss=0.077]
  epoch 3/3:  52%|█████▏    | 46/88 [00:12<00:11,  3.80it/s, loss=0.075]
  epoch 3/3:  53%|█████▎    | 47/88 [00:12<00:10,  3.80it/s, loss=0.075]
  epoch 3/3:  53%|█████▎    | 47/88 [00:13<00:10,  3.80it/s, loss=0.074]
  epoch 3/3:  55%|█████▍    | 48/88 [00:13<00:10,  3.74it/s, loss=0.074]
  epoch 3/3:  55%|█████▍    | 48/88 [00:13<00:10,  3.74it/s, loss=0.073]
  epoch 3/3:  56%|█████▌    | 49/88 [00:13<00:10,  3.75it/s, loss=0.073]
  epoch 3/3:  56%|█████▌    | 49/88 [00:13<00:10,  3.75it/s, loss=0.073]
  epoch 3/3:  57%|█████▋    | 50/88 [00:13<00:10,  3.75it/s, loss=0.073]
  epoch 3/3:  57%|█████▋    | 50/88 [00:13<00:10,  3.75it/s, loss=0.074]
  epoch 3/3:  58%|█████▊    | 51/88 [00:13<00:09,  3.76it/s, loss=0.074]
  epoch 3/3:  58%|█████▊    | 51/88 [00:14<00:09,  3.76it/s, loss=0.073]
  epoch 3/3:  59%|█████▉    | 52/88 [00:14<00:09,  3.77it/s, loss=0.073]
  epoch 3/3:  59%|█████▉    | 52/88 [00:14<00:09,  3.77it/s, loss=0.072]
  epoch 3/3:  60%|██████    | 53/88 [00:14<00:09,  3.78it/s, loss=0.072]
  epoch 3/3:  60%|██████    | 53/88 [00:14<00:09,  3.78it/s, loss=0.070]
  epoch 3/3:  61%|██████▏   | 54/88 [00:14<00:09,  3.77it/s, loss=0.070]
  epoch 3/3:  61%|██████▏   | 54/88 [00:14<00:09,  3.77it/s, loss=0.074]
  epoch 3/3:  62%|██████▎   | 55/88 [00:14<00:08,  3.77it/s, loss=0.074]
  epoch 3/3:  62%|██████▎   | 55/88 [00:15<00:08,  3.77it/s, loss=0.075]
  epoch 3/3:  64%|██████▎   | 56/88 [00:15<00:08,  3.78it/s, loss=0.075]
  epoch 3/3:  64%|██████▎   | 56/88 [00:15<00:08,  3.78it/s, loss=0.074]
  epoch 3/3:  65%|██████▍   | 57/88 [00:15<00:08,  3.79it/s, loss=0.074]
  epoch 3/3:  65%|██████▍   | 57/88 [00:15<00:08,  3.79it/s, loss=0.072]
  epoch 3/3:  66%|██████▌   | 58/88 [00:15<00:07,  3.79it/s, loss=0.072]
  epoch 3/3:  66%|██████▌   | 58/88 [00:15<00:07,  3.79it/s, loss=0.071]
  epoch 3/3:  67%|██████▋   | 59/88 [00:15<00:07,  3.79it/s, loss=0.071]
  epoch 3/3:  67%|██████▋   | 59/88 [00:16<00:07,  3.79it/s, loss=0.070]
  epoch 3/3:  68%|██████▊   | 60/88 [00:16<00:07,  3.79it/s, loss=0.070]
  epoch 3/3:  68%|██████▊   | 60/88 [00:16<00:07,  3.79it/s, loss=0.069]
  epoch 3/3:  69%|██████▉   | 61/88 [00:16<00:07,  3.78it/s, loss=0.069]
  epoch 3/3:  69%|██████▉   | 61/88 [00:16<00:07,  3.78it/s, loss=0.068]
  epoch 3/3:  70%|███████   | 62/88 [00:16<00:06,  3.76it/s, loss=0.068]
  epoch 3/3:  70%|███████   | 62/88 [00:16<00:06,  3.76it/s, loss=0.067]
  epoch 3/3:  72%|███████▏  | 63/88 [00:16<00:06,  3.77it/s, loss=0.067]
  epoch 3/3:  72%|███████▏  | 63/88 [00:17<00:06,  3.77it/s, loss=0.067]
  epoch 3/3:  73%|███████▎  | 64/88 [00:17<00:06,  3.71it/s, loss=0.067]
  epoch 3/3:  73%|███████▎  | 64/88 [00:17<00:06,  3.71it/s, loss=0.072]
  epoch 3/3:  74%|███████▍  | 65/88 [00:17<00:06,  3.74it/s, loss=0.072]
  epoch 3/3:  74%|███████▍  | 65/88 [00:17<00:06,  3.74it/s, loss=0.071]
  epoch 3/3:  75%|███████▌  | 66/88 [00:17<00:05,  3.75it/s, loss=0.071]
  epoch 3/3:  75%|███████▌  | 66/88 [00:18<00:05,  3.75it/s, loss=0.071]
  epoch 3/3:  76%|███████▌  | 67/88 [00:18<00:05,  3.74it/s, loss=0.071]
  epoch 3/3:  76%|███████▌  | 67/88 [00:18<00:05,  3.74it/s, loss=0.070]
  epoch 3/3:  77%|███████▋  | 68/88 [00:18<00:05,  3.73it/s, loss=0.070]
  epoch 3/3:  77%|███████▋  | 68/88 [00:18<00:05,  3.73it/s, loss=0.069]
  epoch 3/3:  78%|███████▊  | 69/88 [00:18<00:05,  3.75it/s, loss=0.069]
  epoch 3/3:  78%|███████▊  | 69/88 [00:18<00:05,  3.75it/s, loss=0.070]
  epoch 3/3:  80%|███████▉  | 70/88 [00:18<00:04,  3.76it/s, loss=0.070]
  epoch 3/3:  80%|███████▉  | 70/88 [00:19<00:04,  3.76it/s, loss=0.069]
  epoch 3/3:  81%|████████  | 71/88 [00:19<00:04,  3.77it/s, loss=0.069]
  epoch 3/3:  81%|████████  | 71/88 [00:19<00:04,  3.77it/s, loss=0.072]
  epoch 3/3:  82%|████████▏ | 72/88 [00:19<00:04,  3.78it/s, loss=0.072]
  epoch 3/3:  82%|████████▏ | 72/88 [00:19<00:04,  3.78it/s, loss=0.071]
  epoch 3/3:  83%|████████▎ | 73/88 [00:19<00:03,  3.78it/s, loss=0.071]
  epoch 3/3:  83%|████████▎ | 73/88 [00:19<00:03,  3.78it/s, loss=0.070]
  epoch 3/3:  84%|████████▍ | 74/88 [00:19<00:03,  3.78it/s, loss=0.070]
  epoch 3/3:  84%|████████▍ | 74/88 [00:20<00:03,  3.78it/s, loss=0.069]
  epoch 3/3:  85%|████████▌ | 75/88 [00:20<00:03,  3.79it/s, loss=0.069]
  epoch 3/3:  85%|████████▌ | 75/88 [00:20<00:03,  3.79it/s, loss=0.068]
  epoch 3/3:  86%|████████▋ | 76/88 [00:20<00:03,  3.79it/s, loss=0.068]
  epoch 3/3:  86%|████████▋ | 76/88 [00:20<00:03,  3.79it/s, loss=0.068]
  epoch 3/3:  88%|████████▊ | 77/88 [00:20<00:02,  3.79it/s, loss=0.068]
  epoch 3/3:  88%|████████▊ | 77/88 [00:20<00:02,  3.79it/s, loss=0.068]
  epoch 3/3:  89%|████████▊ | 78/88 [00:20<00:02,  3.79it/s, loss=0.068]
  epoch 3/3:  89%|████████▊ | 78/88 [00:21<00:02,  3.79it/s, loss=0.069]
  epoch 3/3:  90%|████████▉ | 79/88 [00:21<00:02,  3.79it/s, loss=0.069]
  epoch 3/3:  90%|████████▉ | 79/88 [00:21<00:02,  3.79it/s, loss=0.068]
  epoch 3/3:  91%|█████████ | 80/88 [00:21<00:02,  3.74it/s, loss=0.068]
  epoch 3/3:  91%|█████████ | 80/88 [00:21<00:02,  3.74it/s, loss=0.071]
  epoch 3/3:  92%|█████████▏| 81/88 [00:21<00:01,  3.76it/s, loss=0.071]
  epoch 3/3:  92%|█████████▏| 81/88 [00:22<00:01,  3.76it/s, loss=0.071]
  epoch 3/3:  93%|█████████▎| 82/88 [00:22<00:01,  3.77it/s, loss=0.071]
  epoch 3/3:  93%|█████████▎| 82/88 [00:22<00:01,  3.77it/s, loss=0.070]
  epoch 3/3:  94%|█████████▍| 83/88 [00:22<00:01,  3.76it/s, loss=0.070]
  epoch 3/3:  94%|█████████▍| 83/88 [00:22<00:01,  3.76it/s, loss=0.072]
  epoch 3/3:  95%|█████████▌| 84/88 [00:22<00:01,  3.76it/s, loss=0.072]
  epoch 3/3:  95%|█████████▌| 84/88 [00:22<00:01,  3.76it/s, loss=0.071]
  epoch 3/3:  97%|█████████▋| 85/88 [00:22<00:00,  3.77it/s, loss=0.071]
  epoch 3/3:  97%|█████████▋| 85/88 [00:23<00:00,  3.77it/s, loss=0.070]
  epoch 3/3:  98%|█████████▊| 86/88 [00:23<00:00,  3.77it/s, loss=0.070]
  epoch 3/3:  98%|█████████▊| 86/88 [00:23<00:00,  3.77it/s, loss=0.070]
  epoch 3/3:  99%|█████████▉| 87/88 [00:23<00:00,  3.78it/s, loss=0.070]
  epoch 3/3:  99%|█████████▉| 87/88 [00:23<00:00,  3.78it/s, loss=0.069]
  epoch 3/3: 100%|██████████| 88/88 [00:23<00:00,  4.12it/s, loss=0.069]
                                                                        
[titans] reset=never | norm(state) sau task = 84.5580
[titans]   self-mod v:β=1.04 |W|=23.10
[titans]   eta_t(avg)=49.9467  alpha_t/forget-gate(avg)=1.0000
[task 4] test acc so far: 0.746  0.377  0.629  0.506  0.829
[task 4] NCM-head acc so far: 0.837  0.783  0.811  0.786  0.769
[task 5] classes=[3, 33, 37, 38, 44] | train=2800

  epoch 1/3:   0%|          | 0/88 [00:00<?, ?it/s]
  epoch 1/3:   0%|          | 0/88 [00:00<?, ?it/s, loss=1.581]
  epoch 1/3:   1%|          | 1/88 [00:00<00:45,  1.93it/s, loss=1.581]
  epoch 1/3:   1%|          | 1/88 [00:00<00:45,  1.93it/s, loss=1.600]
  epoch 1/3:   2%|▏         | 2/88 [00:00<00:31,  2.72it/s, loss=1.600]
  epoch 1/3:   2%|▏         | 2/88 [00:01<00:31,  2.72it/s, loss=1.571]
  epoch 1/3:   3%|▎         | 3/88 [00:01<00:27,  3.12it/s, loss=1.571]
  epoch 1/3:   3%|▎         | 3/88 [00:01<00:27,  3.12it/s, loss=1.457]
  epoch 1/3:   5%|▍         | 4/88 [00:01<00:25,  3.35it/s, loss=1.457]
  epoch 1/3:   5%|▍         | 4/88 [00:01<00:25,  3.35it/s, loss=1.347]
  epoch 1/3:   6%|▌         | 5/88 [00:01<00:23,  3.50it/s, loss=1.347]
  epoch 1/3:   6%|▌         | 5/88 [00:01<00:23,  3.50it/s, loss=1.268]
  epoch 1/3:   7%|▋         | 6/88 [00:01<00:22,  3.60it/s, loss=1.268]
  epoch 1/3:   7%|▋         | 6/88 [00:02<00:22,  3.60it/s, loss=1.174]
  epoch 1/3:   8%|▊         | 7/88 [00:02<00:22,  3.65it/s, loss=1.174]
  epoch 1/3:   8%|▊         | 7/88 [00:02<00:22,  3.65it/s, loss=1.092]
  epoch 1/3:   9%|▉         | 8/88 [00:02<00:21,  3.70it/s, loss=1.092]
  epoch 1/3:   9%|▉         | 8/88 [00:02<00:21,  3.70it/s, loss=1.022]
  epoch 1/3:  10%|█         | 9/88 [00:02<00:21,  3.73it/s, loss=1.022]
  epoch 1/3:  10%|█         | 9/88 [00:02<00:21,  3.73it/s, loss=0.957]
  epoch 1/3:  11%|█▏        | 10/88 [00:02<00:20,  3.75it/s, loss=0.957]
  epoch 1/3:  11%|█▏        | 10/88 [00:03<00:20,  3.75it/s, loss=0.894]
  epoch 1/3:  12%|█▎        | 11/88 [00:03<00:20,  3.76it/s, loss=0.894]
  epoch 1/3:  12%|█▎        | 11/88 [00:03<00:20,  3.76it/s, loss=0.841]
  epoch 1/3:  14%|█▎        | 12/88 [00:03<00:20,  3.77it/s, loss=0.841]
  epoch 1/3:  14%|█▎        | 12/88 [00:03<00:20,  3.77it/s, loss=0.794]
  epoch 1/3:  15%|█▍        | 13/88 [00:03<00:19,  3.78it/s, loss=0.794]
  epoch 1/3:  15%|█▍        | 13/88 [00:03<00:19,  3.78it/s, loss=0.749]
  epoch 1/3:  16%|█▌        | 14/88 [00:03<00:19,  3.79it/s, loss=0.749]
  epoch 1/3:  16%|█▌        | 14/88 [00:04<00:19,  3.79it/s, loss=0.712]
  epoch 1/3:  17%|█▋        | 15/88 [00:04<00:19,  3.79it/s, loss=0.712]
  epoch 1/3:  17%|█▋        | 15/88 [00:04<00:19,  3.79it/s, loss=0.678]
  epoch 1/3:  18%|█▊        | 16/88 [00:04<00:19,  3.73it/s, loss=0.678]
  epoch 1/3:  18%|█▊        | 16/88 [00:04<00:19,  3.73it/s, loss=0.641]
  epoch 1/3:  19%|█▉        | 17/88 [00:04<00:19,  3.73it/s, loss=0.641]
  epoch 1/3:  19%|█▉        | 17/88 [00:05<00:19,  3.73it/s, loss=0.607]
  epoch 1/3:  20%|██        | 18/88 [00:05<00:18,  3.74it/s, loss=0.607]
  epoch 1/3:  20%|██        | 18/88 [00:05<00:18,  3.74it/s, loss=0.582]
  epoch 1/3:  22%|██▏       | 19/88 [00:05<00:18,  3.76it/s, loss=0.582]
  epoch 1/3:  22%|██▏       | 19/88 [00:05<00:18,  3.76it/s, loss=0.558]
  epoch 1/3:  23%|██▎       | 20/88 [00:05<00:18,  3.77it/s, loss=0.558]
  epoch 1/3:  23%|██▎       | 20/88 [00:05<00:18,  3.77it/s, loss=0.536]
  epoch 1/3:  24%|██▍       | 21/88 [00:05<00:17,  3.78it/s, loss=0.536]
  epoch 1/3:  24%|██▍       | 21/88 [00:06<00:17,  3.78it/s, loss=0.518]
  epoch 1/3:  25%|██▌       | 22/88 [00:06<00:17,  3.78it/s, loss=0.518]
  epoch 1/3:  25%|██▌       | 22/88 [00:06<00:17,  3.78it/s, loss=0.506]
  epoch 1/3:  26%|██▌       | 23/88 [00:06<00:17,  3.79it/s, loss=0.506]
  epoch 1/3:  26%|██▌       | 23/88 [00:06<00:17,  3.79it/s, loss=0.492]
  epoch 1/3:  27%|██▋       | 24/88 [00:06<00:16,  3.79it/s, loss=0.492]
  epoch 1/3:  27%|██▋       | 24/88 [00:06<00:16,  3.79it/s, loss=0.478]
  epoch 1/3:  28%|██▊       | 25/88 [00:06<00:16,  3.79it/s, loss=0.478]
  epoch 1/3:  28%|██▊       | 25/88 [00:07<00:16,  3.79it/s, loss=0.467]
  epoch 1/3:  30%|██▉       | 26/88 [00:07<00:16,  3.80it/s, loss=0.467]
  epoch 1/3:  30%|██▉       | 26/88 [00:07<00:16,  3.80it/s, loss=0.454]
  epoch 1/3:  31%|███       | 27/88 [00:07<00:16,  3.79it/s, loss=0.454]
  epoch 1/3:  31%|███       | 27/88 [00:07<00:16,  3.79it/s, loss=0.441]
  epoch 1/3:  32%|███▏      | 28/88 [00:07<00:15,  3.79it/s, loss=0.441]
  epoch 1/3:  32%|███▏      | 28/88 [00:07<00:15,  3.79it/s, loss=0.426]
  epoch 1/3:  33%|███▎      | 29/88 [00:07<00:15,  3.80it/s, loss=0.426]
  epoch 1/3:  33%|███▎      | 29/88 [00:08<00:15,  3.80it/s, loss=0.417]
  epoch 1/3:  34%|███▍      | 30/88 [00:08<00:15,  3.80it/s, loss=0.417]
  epoch 1/3:  34%|███▍      | 30/88 [00:08<00:15,  3.80it/s, loss=0.404]
  epoch 1/3:  35%|███▌      | 31/88 [00:08<00:15,  3.77it/s, loss=0.404]
  epoch 1/3:  35%|███▌      | 31/88 [00:08<00:15,  3.77it/s, loss=0.393]
  epoch 1/3:  36%|███▋      | 32/88 [00:08<00:15,  3.71it/s, loss=0.393]
  epoch 1/3:  36%|███▋      | 32/88 [00:08<00:15,  3.71it/s, loss=0.388]
  epoch 1/3:  38%|███▊      | 33/88 [00:08<00:14,  3.74it/s, loss=0.388]
  epoch 1/3:  38%|███▊      | 33/88 [00:09<00:14,  3.74it/s, loss=0.381]
  epoch 1/3:  39%|███▊      | 34/88 [00:09<00:14,  3.76it/s, loss=0.381]
  epoch 1/3:  39%|███▊      | 34/88 [00:09<00:14,  3.76it/s, loss=0.371]
  epoch 1/3:  40%|███▉      | 35/88 [00:09<00:14,  3.77it/s, loss=0.371]
  epoch 1/3:  40%|███▉      | 35/88 [00:09<00:14,  3.77it/s, loss=0.362]
  epoch 1/3:  41%|████      | 36/88 [00:09<00:13,  3.77it/s, loss=0.362]
  epoch 1/3:  41%|████      | 36/88 [00:10<00:13,  3.77it/s, loss=0.355]
  epoch 1/3:  42%|████▏     | 37/88 [00:10<00:13,  3.78it/s, loss=0.355]
  epoch 1/3:  42%|████▏     | 37/88 [00:10<00:13,  3.78it/s, loss=0.346]
  epoch 1/3:  43%|████▎     | 38/88 [00:10<00:13,  3.77it/s, loss=0.346]
  epoch 1/3:  43%|████▎     | 38/88 [00:10<00:13,  3.77it/s, loss=0.338]
  epoch 1/3:  44%|████▍     | 39/88 [00:10<00:13,  3.75it/s, loss=0.338]
  epoch 1/3:  44%|████▍     | 39/88 [00:10<00:13,  3.75it/s, loss=0.331]
  epoch 1/3:  45%|████▌     | 40/88 [00:10<00:12,  3.74it/s, loss=0.331]
  epoch 1/3:  45%|████▌     | 40/88 [00:11<00:12,  3.74it/s, loss=0.324]
  epoch 1/3:  47%|████▋     | 41/88 [00:11<00:12,  3.75it/s, loss=0.324]
  epoch 1/3:  47%|████▋     | 41/88 [00:11<00:12,  3.75it/s, loss=0.316]
  epoch 1/3:  48%|████▊     | 42/88 [00:11<00:12,  3.76it/s, loss=0.316]
  epoch 1/3:  48%|████▊     | 42/88 [00:11<00:12,  3.76it/s, loss=0.317]
  epoch 1/3:  49%|████▉     | 43/88 [00:11<00:12,  3.74it/s, loss=0.317]
  epoch 1/3:  49%|████▉     | 43/88 [00:11<00:12,  3.74it/s, loss=0.311]
  epoch 1/3:  50%|█████     | 44/88 [00:11<00:11,  3.74it/s, loss=0.311]
  epoch 1/3:  50%|█████     | 44/88 [00:12<00:11,  3.74it/s, loss=0.307]
  epoch 1/3:  51%|█████     | 45/88 [00:12<00:11,  3.73it/s, loss=0.307]
  epoch 1/3:  51%|█████     | 45/88 [00:12<00:11,  3.73it/s, loss=0.304]
  epoch 1/3:  52%|█████▏    | 46/88 [00:12<00:11,  3.75it/s, loss=0.304]
  epoch 1/3:  52%|█████▏    | 46/88 [00:12<00:11,  3.75it/s, loss=0.299]
  epoch 1/3:  53%|█████▎    | 47/88 [00:12<00:10,  3.76it/s, loss=0.299]
  epoch 1/3:  53%|█████▎    | 47/88 [00:12<00:10,  3.76it/s, loss=0.293]
  epoch 1/3:  55%|█████▍    | 48/88 [00:12<00:10,  3.69it/s, loss=0.293]
  epoch 1/3:  55%|█████▍    | 48/88 [00:13<00:10,  3.69it/s, loss=0.287]
  epoch 1/3:  56%|█████▌    | 49/88 [00:13<00:10,  3.72it/s, loss=0.287]
  epoch 1/3:  56%|█████▌    | 49/88 [00:13<00:10,  3.72it/s, loss=0.282]
  epoch 1/3:  57%|█████▋    | 50/88 [00:13<00:10,  3.75it/s, loss=0.282]
  epoch 1/3:  57%|█████▋    | 50/88 [00:13<00:10,  3.75it/s, loss=0.277]
  epoch 1/3:  58%|█████▊    | 51/88 [00:13<00:09,  3.76it/s, loss=0.277]
  epoch 1/3:  58%|█████▊    | 51/88 [00:14<00:09,  3.76it/s, loss=0.273]
  epoch 1/3:  59%|█████▉    | 52/88 [00:14<00:09,  3.74it/s, loss=0.273]
  epoch 1/3:  59%|█████▉    | 52/88 [00:14<00:09,  3.74it/s, loss=0.267]
  epoch 1/3:  60%|██████    | 53/88 [00:14<00:09,  3.73it/s, loss=0.267]
  epoch 1/3:  60%|██████    | 53/88 [00:14<00:09,  3.73it/s, loss=0.264]
  epoch 1/3:  61%|██████▏   | 54/88 [00:14<00:09,  3.73it/s, loss=0.264]
  epoch 1/3:  61%|██████▏   | 54/88 [00:14<00:09,  3.73it/s, loss=0.261]
  epoch 1/3:  62%|██████▎   | 55/88 [00:14<00:08,  3.74it/s, loss=0.261]
  epoch 1/3:  62%|██████▎   | 55/88 [00:15<00:08,  3.74it/s, loss=0.257]
  epoch 1/3:  64%|██████▎   | 56/88 [00:15<00:08,  3.76it/s, loss=0.257]
  epoch 1/3:  64%|██████▎   | 56/88 [00:15<00:08,  3.76it/s, loss=0.255]
  epoch 1/3:  65%|██████▍   | 57/88 [00:15<00:08,  3.74it/s, loss=0.255]
  epoch 1/3:  65%|██████▍   | 57/88 [00:15<00:08,  3.74it/s, loss=0.251]
  epoch 1/3:  66%|██████▌   | 58/88 [00:15<00:08,  3.73it/s, loss=0.251]
  epoch 1/3:  66%|██████▌   | 58/88 [00:15<00:08,  3.73it/s, loss=0.247]
  epoch 1/3:  67%|██████▋   | 59/88 [00:15<00:07,  3.73it/s, loss=0.247]
  epoch 1/3:  67%|██████▋   | 59/88 [00:16<00:07,  3.73it/s, loss=0.244]
  epoch 1/3:  68%|██████▊   | 60/88 [00:16<00:07,  3.75it/s, loss=0.244]
  epoch 1/3:  68%|██████▊   | 60/88 [00:16<00:07,  3.75it/s, loss=0.241]
  epoch 1/3:  69%|██████▉   | 61/88 [00:16<00:07,  3.75it/s, loss=0.241]
  epoch 1/3:  69%|██████▉   | 61/88 [00:16<00:07,  3.75it/s, loss=0.238]
  epoch 1/3:  70%|███████   | 62/88 [00:16<00:06,  3.72it/s, loss=0.238]
  epoch 1/3:  70%|███████   | 62/88 [00:17<00:06,  3.72it/s, loss=0.237]
  epoch 1/3:  72%|███████▏  | 63/88 [00:17<00:06,  3.71it/s, loss=0.237]
  epoch 1/3:  72%|███████▏  | 63/88 [00:17<00:06,  3.71it/s, loss=0.233]
  epoch 1/3:  73%|███████▎  | 64/88 [00:17<00:06,  3.67it/s, loss=0.233]
  epoch 1/3:  73%|███████▎  | 64/88 [00:17<00:06,  3.67it/s, loss=0.231]
  epoch 1/3:  74%|███████▍  | 65/88 [00:17<00:06,  3.69it/s, loss=0.231]
  epoch 1/3:  74%|███████▍  | 65/88 [00:17<00:06,  3.69it/s, loss=0.228]
  epoch 1/3:  75%|███████▌  | 66/88 [00:17<00:05,  3.72it/s, loss=0.228]
  epoch 1/3:  75%|███████▌  | 66/88 [00:18<00:05,  3.72it/s, loss=0.226]
  epoch 1/3:  76%|███████▌  | 67/88 [00:18<00:05,  3.70it/s, loss=0.226]
  epoch 1/3:  76%|███████▌  | 67/88 [00:18<00:05,  3.70it/s, loss=0.225]
  epoch 1/3:  77%|███████▋  | 68/88 [00:18<00:05,  3.69it/s, loss=0.225]
  epoch 1/3:  77%|███████▋  | 68/88 [00:18<00:05,  3.69it/s, loss=0.223]
  epoch 1/3:  78%|███████▊  | 69/88 [00:18<00:05,  3.72it/s, loss=0.223]
  epoch 1/3:  78%|███████▊  | 69/88 [00:18<00:05,  3.72it/s, loss=0.222]
  epoch 1/3:  80%|███████▉  | 70/88 [00:18<00:04,  3.71it/s, loss=0.222]
  epoch 1/3:  80%|███████▉  | 70/88 [00:19<00:04,  3.71it/s, loss=0.218]
  epoch 1/3:  81%|████████  | 71/88 [00:19<00:04,  3.71it/s, loss=0.218]
  epoch 1/3:  81%|████████  | 71/88 [00:19<00:04,  3.71it/s, loss=0.219]
  epoch 1/3:  82%|████████▏ | 72/88 [00:19<00:04,  3.71it/s, loss=0.219]
  epoch 1/3:  82%|████████▏ | 72/88 [00:19<00:04,  3.71it/s, loss=0.217]
  epoch 1/3:  83%|████████▎ | 73/88 [00:19<00:04,  3.70it/s, loss=0.217]
  epoch 1/3:  83%|████████▎ | 73/88 [00:19<00:04,  3.70it/s, loss=0.214]
  epoch 1/3:  84%|████████▍ | 74/88 [00:19<00:03,  3.71it/s, loss=0.214]
  epoch 1/3:  84%|████████▍ | 74/88 [00:20<00:03,  3.71it/s, loss=0.212]
  epoch 1/3:  85%|████████▌ | 75/88 [00:20<00:03,  3.71it/s, loss=0.212]
  epoch 1/3:  85%|████████▌ | 75/88 [00:20<00:03,  3.71it/s, loss=0.210]
  epoch 1/3:  86%|████████▋ | 76/88 [00:20<00:03,  3.71it/s, loss=0.210]
  epoch 1/3:  86%|████████▋ | 76/88 [00:20<00:03,  3.71it/s, loss=0.207]
  epoch 1/3:  88%|████████▊ | 77/88 [00:20<00:02,  3.70it/s, loss=0.207]
  epoch 1/3:  88%|████████▊ | 77/88 [00:21<00:02,  3.70it/s, loss=0.205]
  epoch 1/3:  89%|████████▊ | 78/88 [00:21<00:02,  3.71it/s, loss=0.205]
  epoch 1/3:  89%|████████▊ | 78/88 [00:21<00:02,  3.71it/s, loss=0.202]
  epoch 1/3:  90%|████████▉ | 79/88 [00:21<00:02,  3.73it/s, loss=0.202]
  epoch 1/3:  90%|████████▉ | 79/88 [00:21<00:02,  3.73it/s, loss=0.202]
  epoch 1/3:  91%|█████████ | 80/88 [00:21<00:02,  3.65it/s, loss=0.202]
  epoch 1/3:  91%|█████████ | 80/88 [00:21<00:02,  3.65it/s, loss=0.200]
  epoch 1/3:  92%|█████████▏| 81/88 [00:21<00:01,  3.70it/s, loss=0.200]
  epoch 1/3:  92%|█████████▏| 81/88 [00:22<00:01,  3.70it/s, loss=0.200]
  epoch 1/3:  93%|█████████▎| 82/88 [00:22<00:01,  3.69it/s, loss=0.200]
  epoch 1/3:  93%|█████████▎| 82/88 [00:22<00:01,  3.69it/s, loss=0.203]
  epoch 1/3:  94%|█████████▍| 83/88 [00:22<00:01,  3.69it/s, loss=0.203]
  epoch 1/3:  94%|█████████▍| 83/88 [00:22<00:01,  3.69it/s, loss=0.201]
  epoch 1/3:  95%|█████████▌| 84/88 [00:22<00:01,  3.72it/s, loss=0.201]
  epoch 1/3:  95%|█████████▌| 84/88 [00:22<00:01,  3.72it/s, loss=0.200]
  epoch 1/3:  97%|█████████▋| 85/88 [00:22<00:00,  3.72it/s, loss=0.200]
  epoch 1/3:  97%|█████████▋| 85/88 [00:23<00:00,  3.72it/s, loss=0.204]
  epoch 1/3:  98%|█████████▊| 86/88 [00:23<00:00,  3.70it/s, loss=0.204]
  epoch 1/3:  98%|█████████▊| 86/88 [00:23<00:00,  3.70it/s, loss=0.202]
  epoch 1/3:  99%|█████████▉| 87/88 [00:23<00:00,  3.72it/s, loss=0.202]
                                                                        
Traceback (most recent call last):
  File "/home/an/RaybanMeta/uav-continual-learning/scripts/run_g1.py", line 283, in <module>
    raise SystemExit(main())
  File "/home/an/RaybanMeta/uav-continual-learning/scripts/run_g1.py", line 186, in main
    R, log = run_continual(model, method, stream, loaders, device, cfg["train"])
  File "/home/an/RaybanMeta/uav-continual-learning/src/uavcl/engine.py", line 185, in run_continual
    losses, opt_used = train_one_task(
  File "/home/an/RaybanMeta/uav-continual-learning/src/uavcl/engine.py", line 142, in train_one_task
    opt.step()                              # ↳ Cập nhật trọng số.
  File "/usr/local/lib/python3.10/dist-packages/torch/optim/optimizer.py", line 517, in wrapper
    out = func(*args, **kwargs)
  File "/usr/local/lib/python3.10/dist-packages/torch/utils/_contextlib.py", line 120, in decorate_context
    return func(*args, **kwargs)
  File "/home/an/RaybanMeta/uav-continual-learning/src/uavcl/optim/m3.py", line 158, in step
    raise FloatingPointError("M3 nhận gradient chứa NaN/Inf")
FloatingPointError: M3 nhận gradient chứa NaN/Inf
