
[2026-07-26 05:24:08] $ /usr/bin/python3 /home/an/RaybanMeta/uav-continual-learning/scripts/run_g1.py --config /home/an/RaybanMeta/uav-continual-learning/configs/g2_titans_resisc45_selfmod_m3_improved.yaml --skip-existing --set seed=1 train.lr=0.0001 train.eval_ncm_head=true train.max_state_norm=10000 train.max_state_norm_growth=10 log.dir=/home/an/RaybanMeta/uav-continual-learning/artifacts/titan_m3_study log.run_tag=improved
== G1 run: dataset=resisc45 method=titans seed=1 device=cuda
Warning: You are sending unauthenticated requests to the HF Hub. Please set a HF_TOKEN to enable higher rate limits and faster downloads.
task 0: 5 classes [baseball_diamond, bridge, cloud, river, terrace] | train 2800 / val 350 / test 350
task 1: 5 classes [dense_residential, desert, golf_course, medium_residential, mountain] | train 2800 / val 350 / test 350
task 2: 5 classes [island, palace, railway, runway, snowberg] | train 2800 / val 350 / test 350
task 3: 5 classes [commercial_area, harbor, lake, overpass, tennis_court] | train 2800 / val 350 / test 350
task 4: 5 classes [basketball_court, freeway, industrial_area, storage_tank, wetland] | train 2800 / val 350 / test 350
task 5: 5 classes [airplane, intersection, meadow, roundabout, sparse_residential] | train 2800 / val 350 / test 350
task 6: 5 classes [airport, chaparral, sea_ice, stadium, thermal_power_station] | train 2800 / val 350 / test 350
task 7: 5 classes [forest, mobile_home_park, parking_lot, railway_station, rectangular_farmland] | train 2800 / val 350 / test 350
task 8: 5 classes [beach, church, circular_farmland, ground_track_field, ship] | train 2800 / val 350 / test 350
[titans] seq=image_seq reset=never chunk=32
[task 0] classes=[2, 5, 9, 32, 42] | train=2800

  epoch 1/3:   0%|          | 0/88 [00:00<?, ?it/s]
  epoch 1/3:   0%|          | 0/88 [00:01<?, ?it/s, loss=1.695]
  epoch 1/3:   1%|          | 1/88 [00:01<02:06,  1.46s/it, loss=1.695]
  epoch 1/3:   1%|          | 1/88 [00:01<02:06,  1.46s/it, loss=1.705]
  epoch 1/3:   2%|▏         | 2/88 [00:01<01:05,  1.31it/s, loss=1.705]
  epoch 1/3:   2%|▏         | 2/88 [00:01<01:05,  1.31it/s, loss=1.826]
  epoch 1/3:   3%|▎         | 3/88 [00:01<00:44,  1.89it/s, loss=1.826]
  epoch 1/3:   3%|▎         | 3/88 [00:02<00:44,  1.89it/s, loss=1.893]
  epoch 1/3:   5%|▍         | 4/88 [00:02<00:35,  2.38it/s, loss=1.893]
  epoch 1/3:   5%|▍         | 4/88 [00:02<00:35,  2.38it/s, loss=1.891]
  epoch 1/3:   6%|▌         | 5/88 [00:02<00:29,  2.79it/s, loss=1.891]
  epoch 1/3:   6%|▌         | 5/88 [00:02<00:29,  2.79it/s, loss=1.848]
  epoch 1/3:   7%|▋         | 6/88 [00:02<00:26,  3.11it/s, loss=1.848]
  epoch 1/3:   7%|▋         | 6/88 [00:02<00:26,  3.11it/s, loss=1.850]
  epoch 1/3:   8%|▊         | 7/88 [00:02<00:24,  3.33it/s, loss=1.850]
  epoch 1/3:   8%|▊         | 7/88 [00:03<00:24,  3.33it/s, loss=1.842]
  epoch 1/3:   9%|▉         | 8/88 [00:03<00:22,  3.52it/s, loss=1.842]
  epoch 1/3:   9%|▉         | 8/88 [00:03<00:22,  3.52it/s, loss=1.831]
  epoch 1/3:  10%|█         | 9/88 [00:03<00:21,  3.63it/s, loss=1.831]
  epoch 1/3:  10%|█         | 9/88 [00:03<00:21,  3.63it/s, loss=1.840]
  epoch 1/3:  11%|█▏        | 10/88 [00:03<00:20,  3.72it/s, loss=1.840]
  epoch 1/3:  11%|█▏        | 10/88 [00:04<00:20,  3.72it/s, loss=1.836]
  epoch 1/3:  12%|█▎        | 11/88 [00:04<00:20,  3.79it/s, loss=1.836]
  epoch 1/3:  12%|█▎        | 11/88 [00:04<00:20,  3.79it/s, loss=1.818]
  epoch 1/3:  14%|█▎        | 12/88 [00:04<00:19,  3.83it/s, loss=1.818]
  epoch 1/3:  14%|█▎        | 12/88 [00:04<00:19,  3.83it/s, loss=1.818]
  epoch 1/3:  15%|█▍        | 13/88 [00:04<00:19,  3.86it/s, loss=1.818]
  epoch 1/3:  15%|█▍        | 13/88 [00:04<00:19,  3.86it/s, loss=1.814]
  epoch 1/3:  16%|█▌        | 14/88 [00:04<00:19,  3.87it/s, loss=1.814]
  epoch 1/3:  16%|█▌        | 14/88 [00:05<00:19,  3.87it/s, loss=1.811]
  epoch 1/3:  17%|█▋        | 15/88 [00:05<00:18,  3.90it/s, loss=1.811]
  epoch 1/3:  17%|█▋        | 15/88 [00:05<00:18,  3.90it/s, loss=1.809]
  epoch 1/3:  18%|█▊        | 16/88 [00:05<00:18,  3.84it/s, loss=1.809]
  epoch 1/3:  18%|█▊        | 16/88 [00:05<00:18,  3.84it/s, loss=1.812]
  epoch 1/3:  19%|█▉        | 17/88 [00:05<00:18,  3.87it/s, loss=1.812]
  epoch 1/3:  19%|█▉        | 17/88 [00:05<00:18,  3.87it/s, loss=1.806]
  epoch 1/3:  20%|██        | 18/88 [00:05<00:18,  3.87it/s, loss=1.806]
  epoch 1/3:  20%|██        | 18/88 [00:06<00:18,  3.87it/s, loss=1.803]
  epoch 1/3:  22%|██▏       | 19/88 [00:06<00:17,  3.90it/s, loss=1.803]
  epoch 1/3:  22%|██▏       | 19/88 [00:06<00:17,  3.90it/s, loss=1.799]
  epoch 1/3:  23%|██▎       | 20/88 [00:06<00:17,  3.89it/s, loss=1.799]
  epoch 1/3:  23%|██▎       | 20/88 [00:06<00:17,  3.89it/s, loss=1.803]
  epoch 1/3:  24%|██▍       | 21/88 [00:06<00:17,  3.87it/s, loss=1.803]
  epoch 1/3:  24%|██▍       | 21/88 [00:06<00:17,  3.87it/s, loss=1.810]
  epoch 1/3:  25%|██▌       | 22/88 [00:06<00:17,  3.88it/s, loss=1.810]
  epoch 1/3:  25%|██▌       | 22/88 [00:07<00:17,  3.88it/s, loss=1.816]
  epoch 1/3:  26%|██▌       | 23/88 [00:07<00:16,  3.89it/s, loss=1.816]
  epoch 1/3:  26%|██▌       | 23/88 [00:07<00:16,  3.89it/s, loss=1.813]
  epoch 1/3:  27%|██▋       | 24/88 [00:07<00:16,  3.88it/s, loss=1.813]
  epoch 1/3:  27%|██▋       | 24/88 [00:07<00:16,  3.88it/s, loss=1.810]
  epoch 1/3:  28%|██▊       | 25/88 [00:07<00:16,  3.86it/s, loss=1.810]
  epoch 1/3:  28%|██▊       | 25/88 [00:07<00:16,  3.86it/s, loss=1.805]
  epoch 1/3:  30%|██▉       | 26/88 [00:07<00:16,  3.85it/s, loss=1.805]
  epoch 1/3:  30%|██▉       | 26/88 [00:08<00:16,  3.85it/s, loss=1.809]
  epoch 1/3:  31%|███       | 27/88 [00:08<00:15,  3.87it/s, loss=1.809]
  epoch 1/3:  31%|███       | 27/88 [00:08<00:15,  3.87it/s, loss=1.814]
  epoch 1/3:  32%|███▏      | 28/88 [00:08<00:15,  3.87it/s, loss=1.814]
  epoch 1/3:  32%|███▏      | 28/88 [00:08<00:15,  3.87it/s, loss=1.816]
  epoch 1/3:  33%|███▎      | 29/88 [00:08<00:15,  3.86it/s, loss=1.816]
  epoch 1/3:  33%|███▎      | 29/88 [00:08<00:15,  3.86it/s, loss=1.812]
  epoch 1/3:  34%|███▍      | 30/88 [00:08<00:15,  3.85it/s, loss=1.812]
  epoch 1/3:  34%|███▍      | 30/88 [00:09<00:15,  3.85it/s, loss=1.813]
  epoch 1/3:  35%|███▌      | 31/88 [00:09<00:14,  3.83it/s, loss=1.813]
  epoch 1/3:  35%|███▌      | 31/88 [00:09<00:14,  3.83it/s, loss=1.811]
  epoch 1/3:  36%|███▋      | 32/88 [00:09<00:14,  3.78it/s, loss=1.811]
  epoch 1/3:  36%|███▋      | 32/88 [00:09<00:14,  3.78it/s, loss=1.809]
  epoch 1/3:  38%|███▊      | 33/88 [00:09<00:14,  3.80it/s, loss=1.809]
  epoch 1/3:  38%|███▊      | 33/88 [00:09<00:14,  3.80it/s, loss=1.816]
  epoch 1/3:  39%|███▊      | 34/88 [00:09<00:14,  3.82it/s, loss=1.816]
  epoch 1/3:  39%|███▊      | 34/88 [00:10<00:14,  3.82it/s, loss=1.816]
  epoch 1/3:  40%|███▉      | 35/88 [00:10<00:13,  3.81it/s, loss=1.816]
  epoch 1/3:  40%|███▉      | 35/88 [00:10<00:13,  3.81it/s, loss=1.812]
  epoch 1/3:  41%|████      | 36/88 [00:10<00:13,  3.81it/s, loss=1.812]
  epoch 1/3:  41%|████      | 36/88 [00:10<00:13,  3.81it/s, loss=1.808]
  epoch 1/3:  42%|████▏     | 37/88 [00:10<00:13,  3.80it/s, loss=1.808]
  epoch 1/3:  42%|████▏     | 37/88 [00:11<00:13,  3.80it/s, loss=1.805]
  epoch 1/3:  43%|████▎     | 38/88 [00:11<00:13,  3.80it/s, loss=1.805]
  epoch 1/3:  43%|████▎     | 38/88 [00:11<00:13,  3.80it/s, loss=1.806]
  epoch 1/3:  44%|████▍     | 39/88 [00:11<00:12,  3.80it/s, loss=1.806]
  epoch 1/3:  44%|████▍     | 39/88 [00:11<00:12,  3.80it/s, loss=1.810]
  epoch 1/3:  45%|████▌     | 40/88 [00:11<00:12,  3.79it/s, loss=1.810]
  epoch 1/3:  45%|████▌     | 40/88 [00:11<00:12,  3.79it/s, loss=1.811]
  epoch 1/3:  47%|████▋     | 41/88 [00:11<00:12,  3.80it/s, loss=1.811]
  epoch 1/3:  47%|████▋     | 41/88 [00:12<00:12,  3.80it/s, loss=1.808]
  epoch 1/3:  48%|████▊     | 42/88 [00:12<00:12,  3.80it/s, loss=1.808]
  epoch 1/3:  48%|████▊     | 42/88 [00:12<00:12,  3.80it/s, loss=1.806]
  epoch 1/3:  49%|████▉     | 43/88 [00:12<00:11,  3.79it/s, loss=1.806]
  epoch 1/3:  49%|████▉     | 43/88 [00:12<00:11,  3.79it/s, loss=1.807]
  epoch 1/3:  50%|█████     | 44/88 [00:12<00:11,  3.79it/s, loss=1.807]
  epoch 1/3:  50%|█████     | 44/88 [00:12<00:11,  3.79it/s, loss=1.804]
  epoch 1/3:  51%|█████     | 45/88 [00:12<00:11,  3.79it/s, loss=1.804]
  epoch 1/3:  51%|█████     | 45/88 [00:13<00:11,  3.79it/s, loss=1.801]
  epoch 1/3:  52%|█████▏    | 46/88 [00:13<00:11,  3.79it/s, loss=1.801]
  epoch 1/3:  52%|█████▏    | 46/88 [00:13<00:11,  3.79it/s, loss=1.799]
  epoch 1/3:  53%|█████▎    | 47/88 [00:13<00:10,  3.79it/s, loss=1.799]
  epoch 1/3:  53%|█████▎    | 47/88 [00:13<00:10,  3.79it/s, loss=1.796]
  epoch 1/3:  55%|█████▍    | 48/88 [00:13<00:10,  3.75it/s, loss=1.796]
  epoch 1/3:  55%|█████▍    | 48/88 [00:13<00:10,  3.75it/s, loss=1.797]
  epoch 1/3:  56%|█████▌    | 49/88 [00:13<00:10,  3.76it/s, loss=1.797]
  epoch 1/3:  56%|█████▌    | 49/88 [00:14<00:10,  3.76it/s, loss=1.798]
  epoch 1/3:  57%|█████▋    | 50/88 [00:14<00:10,  3.76it/s, loss=1.798]
  epoch 1/3:  57%|█████▋    | 50/88 [00:14<00:10,  3.76it/s, loss=1.795]
  epoch 1/3:  58%|█████▊    | 51/88 [00:14<00:09,  3.74it/s, loss=1.795]
  epoch 1/3:  58%|█████▊    | 51/88 [00:14<00:09,  3.74it/s, loss=1.795]
  epoch 1/3:  59%|█████▉    | 52/88 [00:14<00:09,  3.76it/s, loss=1.795]
  epoch 1/3:  59%|█████▉    | 52/88 [00:14<00:09,  3.76it/s, loss=1.793]
  epoch 1/3:  60%|██████    | 53/88 [00:14<00:09,  3.76it/s, loss=1.793]
  epoch 1/3:  60%|██████    | 53/88 [00:15<00:09,  3.76it/s, loss=1.792]
  epoch 1/3:  61%|██████▏   | 54/88 [00:15<00:09,  3.77it/s, loss=1.792]
  epoch 1/3:  61%|██████▏   | 54/88 [00:15<00:09,  3.77it/s, loss=1.790]
  epoch 1/3:  62%|██████▎   | 55/88 [00:15<00:08,  3.76it/s, loss=1.790]
  epoch 1/3:  62%|██████▎   | 55/88 [00:15<00:08,  3.76it/s, loss=1.790]
  epoch 1/3:  64%|██████▎   | 56/88 [00:15<00:08,  3.76it/s, loss=1.790]
  epoch 1/3:  64%|██████▎   | 56/88 [00:16<00:08,  3.76it/s, loss=1.789]
  epoch 1/3:  65%|██████▍   | 57/88 [00:16<00:08,  3.75it/s, loss=1.789]
  epoch 1/3:  65%|██████▍   | 57/88 [00:16<00:08,  3.75it/s, loss=1.786]
  epoch 1/3:  66%|██████▌   | 58/88 [00:16<00:08,  3.73it/s, loss=1.786]
  epoch 1/3:  66%|██████▌   | 58/88 [00:16<00:08,  3.73it/s, loss=1.786]
  epoch 1/3:  67%|██████▋   | 59/88 [00:16<00:07,  3.74it/s, loss=1.786]
  epoch 1/3:  67%|██████▋   | 59/88 [00:16<00:07,  3.74it/s, loss=1.785]
  epoch 1/3:  68%|██████▊   | 60/88 [00:16<00:07,  3.74it/s, loss=1.785]
  epoch 1/3:  68%|██████▊   | 60/88 [00:17<00:07,  3.74it/s, loss=1.785]
  epoch 1/3:  69%|██████▉   | 61/88 [00:17<00:07,  3.73it/s, loss=1.785]
  epoch 1/3:  69%|██████▉   | 61/88 [00:17<00:07,  3.73it/s, loss=1.783]
  epoch 1/3:  70%|███████   | 62/88 [00:17<00:07,  3.70it/s, loss=1.783]
  epoch 1/3:  70%|███████   | 62/88 [00:17<00:07,  3.70it/s, loss=1.782]
  epoch 1/3:  72%|███████▏  | 63/88 [00:17<00:06,  3.70it/s, loss=1.782]
  epoch 1/3:  72%|███████▏  | 63/88 [00:17<00:06,  3.70it/s, loss=1.781]
  epoch 1/3:  73%|███████▎  | 64/88 [00:17<00:06,  3.66it/s, loss=1.781]
  epoch 1/3:  73%|███████▎  | 64/88 [00:18<00:06,  3.66it/s, loss=1.778]
  epoch 1/3:  74%|███████▍  | 65/88 [00:18<00:06,  3.68it/s, loss=1.778]
  epoch 1/3:  74%|███████▍  | 65/88 [00:18<00:06,  3.68it/s, loss=1.781]
  epoch 1/3:  75%|███████▌  | 66/88 [00:18<00:05,  3.67it/s, loss=1.781]
  epoch 1/3:  75%|███████▌  | 66/88 [00:18<00:05,  3.67it/s, loss=1.784]
  epoch 1/3:  76%|███████▌  | 67/88 [00:18<00:05,  3.67it/s, loss=1.784]
  epoch 1/3:  76%|███████▌  | 67/88 [00:19<00:05,  3.67it/s, loss=1.782]
  epoch 1/3:  77%|███████▋  | 68/88 [00:19<00:05,  3.67it/s, loss=1.782]
  epoch 1/3:  77%|███████▋  | 68/88 [00:19<00:05,  3.67it/s, loss=1.781]
  epoch 1/3:  78%|███████▊  | 69/88 [00:19<00:05,  3.69it/s, loss=1.781]
  epoch 1/3:  78%|███████▊  | 69/88 [00:19<00:05,  3.69it/s, loss=1.779]
  epoch 1/3:  80%|███████▉  | 70/88 [00:19<00:04,  3.68it/s, loss=1.779]
  epoch 1/3:  80%|███████▉  | 70/88 [00:19<00:04,  3.68it/s, loss=1.780]
  epoch 1/3:  81%|████████  | 71/88 [00:19<00:04,  3.67it/s, loss=1.780]
  epoch 1/3:  81%|████████  | 71/88 [00:20<00:04,  3.67it/s, loss=1.780]
  epoch 1/3:  82%|████████▏ | 72/88 [00:20<00:04,  3.66it/s, loss=1.780]
  epoch 1/3:  82%|████████▏ | 72/88 [00:20<00:04,  3.66it/s, loss=1.784]
  epoch 1/3:  83%|████████▎ | 73/88 [00:20<00:04,  3.66it/s, loss=1.784]
  epoch 1/3:  83%|████████▎ | 73/88 [00:20<00:04,  3.66it/s, loss=1.783]
  epoch 1/3:  84%|████████▍ | 74/88 [00:20<00:03,  3.66it/s, loss=1.783]
  epoch 1/3:  84%|████████▍ | 74/88 [00:20<00:03,  3.66it/s, loss=1.782]
  epoch 1/3:  85%|████████▌ | 75/88 [00:20<00:03,  3.65it/s, loss=1.782]
  epoch 1/3:  85%|████████▌ | 75/88 [00:21<00:03,  3.65it/s, loss=1.785]
  epoch 1/3:  86%|████████▋ | 76/88 [00:21<00:03,  3.66it/s, loss=1.785]
  epoch 1/3:  86%|████████▋ | 76/88 [00:21<00:03,  3.66it/s, loss=1.785]
  epoch 1/3:  88%|████████▊ | 77/88 [00:21<00:03,  3.65it/s, loss=1.785]
  epoch 1/3:  88%|████████▊ | 77/88 [00:21<00:03,  3.65it/s, loss=1.786]
  epoch 1/3:  89%|████████▊ | 78/88 [00:21<00:02,  3.66it/s, loss=1.786]
  epoch 1/3:  89%|████████▊ | 78/88 [00:22<00:02,  3.66it/s, loss=1.787]
  epoch 1/3:  90%|████████▉ | 79/88 [00:22<00:02,  3.65it/s, loss=1.787]
  epoch 1/3:  90%|████████▉ | 79/88 [00:22<00:02,  3.65it/s, loss=1.787]
  epoch 1/3:  91%|█████████ | 80/88 [00:22<00:02,  3.61it/s, loss=1.787]
  epoch 1/3:  91%|█████████ | 80/88 [00:22<00:02,  3.61it/s, loss=1.787]
  epoch 1/3:  92%|█████████▏| 81/88 [00:22<00:01,  3.62it/s, loss=1.787]
  epoch 1/3:  92%|█████████▏| 81/88 [00:22<00:01,  3.62it/s, loss=1.786]
  epoch 1/3:  93%|█████████▎| 82/88 [00:22<00:01,  3.63it/s, loss=1.786]
  epoch 1/3:  93%|█████████▎| 82/88 [00:23<00:01,  3.63it/s, loss=1.787]
  epoch 1/3:  94%|█████████▍| 83/88 [00:23<00:01,  3.63it/s, loss=1.787]
  epoch 1/3:  94%|█████████▍| 83/88 [00:23<00:01,  3.63it/s, loss=1.786]
  epoch 1/3:  95%|█████████▌| 84/88 [00:23<00:01,  3.64it/s, loss=1.786]
  epoch 1/3:  95%|█████████▌| 84/88 [00:23<00:01,  3.64it/s, loss=1.783]
  epoch 1/3:  97%|█████████▋| 85/88 [00:23<00:00,  3.62it/s, loss=1.783]
  epoch 1/3:  97%|█████████▋| 85/88 [00:23<00:00,  3.62it/s, loss=1.785]
  epoch 1/3:  98%|█████████▊| 86/88 [00:23<00:00,  3.62it/s, loss=1.785]
  epoch 1/3:  98%|█████████▊| 86/88 [00:24<00:00,  3.62it/s, loss=1.784]
  epoch 1/3:  99%|█████████▉| 87/88 [00:24<00:00,  3.64it/s, loss=1.784]
  epoch 1/3:  99%|█████████▉| 87/88 [00:24<00:00,  3.64it/s, loss=1.785]
  epoch 1/3: 100%|██████████| 88/88 [00:24<00:00,  3.99it/s, loss=1.785]
                                                                        

  epoch 2/3:   0%|          | 0/88 [00:00<?, ?it/s]
  epoch 2/3:   0%|          | 0/88 [00:00<?, ?it/s, loss=1.674]
  epoch 2/3:   1%|          | 1/88 [00:00<00:41,  2.10it/s, loss=1.674]
  epoch 2/3:   1%|          | 1/88 [00:00<00:41,  2.10it/s, loss=1.734]
  epoch 2/3:   2%|▏         | 2/88 [00:00<00:30,  2.81it/s, loss=1.734]
  epoch 2/3:   2%|▏         | 2/88 [00:01<00:30,  2.81it/s, loss=1.739]
  epoch 2/3:   3%|▎         | 3/88 [00:01<00:27,  3.11it/s, loss=1.739]
  epoch 2/3:   3%|▎         | 3/88 [00:01<00:27,  3.11it/s, loss=1.700]
  epoch 2/3:   5%|▍         | 4/88 [00:01<00:25,  3.29it/s, loss=1.700]
  epoch 2/3:   5%|▍         | 4/88 [00:01<00:25,  3.29it/s, loss=1.704]
  epoch 2/3:   6%|▌         | 5/88 [00:01<00:24,  3.39it/s, loss=1.704]
  epoch 2/3:   6%|▌         | 5/88 [00:01<00:24,  3.39it/s, loss=1.709]
  epoch 2/3:   7%|▋         | 6/88 [00:01<00:23,  3.46it/s, loss=1.709]
  epoch 2/3:   7%|▋         | 6/88 [00:02<00:23,  3.46it/s, loss=1.716]
  epoch 2/3:   8%|▊         | 7/88 [00:02<00:23,  3.48it/s, loss=1.716]
  epoch 2/3:   8%|▊         | 7/88 [00:02<00:23,  3.48it/s, loss=1.715]
  epoch 2/3:   9%|▉         | 8/88 [00:02<00:23,  3.46it/s, loss=1.715]
  epoch 2/3:   9%|▉         | 8/88 [00:02<00:23,  3.46it/s, loss=1.708]
  epoch 2/3:  10%|█         | 9/88 [00:02<00:22,  3.51it/s, loss=1.708]
  epoch 2/3:  10%|█         | 9/88 [00:02<00:22,  3.51it/s, loss=1.703]
  epoch 2/3:  11%|█▏        | 10/88 [00:02<00:22,  3.52it/s, loss=1.703]
  epoch 2/3:  11%|█▏        | 10/88 [00:03<00:22,  3.52it/s, loss=1.706]
  epoch 2/3:  12%|█▎        | 11/88 [00:03<00:21,  3.52it/s, loss=1.706]
  epoch 2/3:  12%|█▎        | 11/88 [00:03<00:21,  3.52it/s, loss=1.713]
  epoch 2/3:  14%|█▎        | 12/88 [00:03<00:21,  3.52it/s, loss=1.713]
  epoch 2/3:  14%|█▎        | 12/88 [00:03<00:21,  3.52it/s, loss=1.725]
  epoch 2/3:  15%|█▍        | 13/88 [00:03<00:21,  3.52it/s, loss=1.725]
  epoch 2/3:  15%|█▍        | 13/88 [00:04<00:21,  3.52it/s, loss=1.733]
  epoch 2/3:  16%|█▌        | 14/88 [00:04<00:20,  3.53it/s, loss=1.733]
  epoch 2/3:  16%|█▌        | 14/88 [00:04<00:20,  3.53it/s, loss=1.740]
  epoch 2/3:  17%|█▋        | 15/88 [00:04<00:20,  3.52it/s, loss=1.740]
  epoch 2/3:  17%|█▋        | 15/88 [00:04<00:20,  3.52it/s, loss=1.742]
  epoch 2/3:  18%|█▊        | 16/88 [00:04<00:20,  3.52it/s, loss=1.742]
  epoch 2/3:  18%|█▊        | 16/88 [00:04<00:20,  3.52it/s, loss=1.760]
  epoch 2/3:  19%|█▉        | 17/88 [00:04<00:20,  3.52it/s, loss=1.760]
  epoch 2/3:  19%|█▉        | 17/88 [00:05<00:20,  3.52it/s, loss=1.784]
  epoch 2/3:  20%|██        | 18/88 [00:05<00:19,  3.52it/s, loss=1.784]
  epoch 2/3:  20%|██        | 18/88 [00:05<00:19,  3.52it/s, loss=1.789]
  epoch 2/3:  22%|██▏       | 19/88 [00:05<00:19,  3.52it/s, loss=1.789]
  epoch 2/3:  22%|██▏       | 19/88 [00:05<00:19,  3.52it/s, loss=1.784]
  epoch 2/3:  23%|██▎       | 20/88 [00:05<00:19,  3.52it/s, loss=1.784]
  epoch 2/3:  23%|██▎       | 20/88 [00:06<00:19,  3.52it/s, loss=1.786]
  epoch 2/3:  24%|██▍       | 21/88 [00:06<00:19,  3.52it/s, loss=1.786]
  epoch 2/3:  24%|██▍       | 21/88 [00:06<00:19,  3.52it/s, loss=1.787]
  epoch 2/3:  25%|██▌       | 22/88 [00:06<00:18,  3.53it/s, loss=1.787]
  epoch 2/3:  25%|██▌       | 22/88 [00:06<00:18,  3.53it/s, loss=1.785]
  epoch 2/3:  26%|██▌       | 23/88 [00:06<00:18,  3.52it/s, loss=1.785]
  epoch 2/3:  26%|██▌       | 23/88 [00:06<00:18,  3.52it/s, loss=1.780]
  epoch 2/3:  27%|██▋       | 24/88 [00:06<00:18,  3.48it/s, loss=1.780]
  epoch 2/3:  27%|██▋       | 24/88 [00:07<00:18,  3.48it/s, loss=1.775]
  epoch 2/3:  28%|██▊       | 25/88 [00:07<00:17,  3.51it/s, loss=1.775]
  epoch 2/3:  28%|██▊       | 25/88 [00:07<00:17,  3.51it/s, loss=1.773]
  epoch 2/3:  30%|██▉       | 26/88 [00:07<00:17,  3.54it/s, loss=1.773]
  epoch 2/3:  30%|██▉       | 26/88 [00:07<00:17,  3.54it/s, loss=1.769]
  epoch 2/3:  31%|███       | 27/88 [00:07<00:17,  3.53it/s, loss=1.769]
  epoch 2/3:  31%|███       | 27/88 [00:08<00:17,  3.53it/s, loss=1.760]
  epoch 2/3:  32%|███▏      | 28/88 [00:08<00:16,  3.54it/s, loss=1.760]
  epoch 2/3:  32%|███▏      | 28/88 [00:08<00:16,  3.54it/s, loss=1.757]
  epoch 2/3:  33%|███▎      | 29/88 [00:08<00:16,  3.53it/s, loss=1.757]
  epoch 2/3:  33%|███▎      | 29/88 [00:08<00:16,  3.53it/s, loss=1.757]
  epoch 2/3:  34%|███▍      | 30/88 [00:08<00:16,  3.53it/s, loss=1.757]
  epoch 2/3:  34%|███▍      | 30/88 [00:08<00:16,  3.53it/s, loss=1.754]
  epoch 2/3:  35%|███▌      | 31/88 [00:08<00:16,  3.52it/s, loss=1.754]
  epoch 2/3:  35%|███▌      | 31/88 [00:09<00:16,  3.52it/s, loss=1.756]
  epoch 2/3:  36%|███▋      | 32/88 [00:09<00:15,  3.53it/s, loss=1.756]
  epoch 2/3:  36%|███▋      | 32/88 [00:09<00:15,  3.53it/s, loss=1.753]
  epoch 2/3:  38%|███▊      | 33/88 [00:09<00:15,  3.52it/s, loss=1.753]
  epoch 2/3:  38%|███▊      | 33/88 [00:09<00:15,  3.52it/s, loss=1.752]
  epoch 2/3:  39%|███▊      | 34/88 [00:09<00:15,  3.52it/s, loss=1.752]
  epoch 2/3:  39%|███▊      | 34/88 [00:10<00:15,  3.52it/s, loss=1.751]
  epoch 2/3:  40%|███▉      | 35/88 [00:10<00:15,  3.52it/s, loss=1.751]
  epoch 2/3:  40%|███▉      | 35/88 [00:10<00:15,  3.52it/s, loss=1.754]
  epoch 2/3:  41%|████      | 36/88 [00:10<00:14,  3.52it/s, loss=1.754]
  epoch 2/3:  41%|████      | 36/88 [00:10<00:14,  3.52it/s, loss=1.754]
  epoch 2/3:  42%|████▏     | 37/88 [00:10<00:14,  3.52it/s, loss=1.754]
  epoch 2/3:  42%|████▏     | 37/88 [00:10<00:14,  3.52it/s, loss=1.753]
  epoch 2/3:  43%|████▎     | 38/88 [00:10<00:14,  3.53it/s, loss=1.753]
  epoch 2/3:  43%|████▎     | 38/88 [00:11<00:14,  3.53it/s, loss=1.756]
  epoch 2/3:  44%|████▍     | 39/88 [00:11<00:13,  3.52it/s, loss=1.756]
  epoch 2/3:  44%|████▍     | 39/88 [00:11<00:13,  3.52it/s, loss=1.753]
  epoch 2/3:  45%|████▌     | 40/88 [00:11<00:13,  3.48it/s, loss=1.753]
  epoch 2/3:  45%|████▌     | 40/88 [00:11<00:13,  3.48it/s, loss=1.749]
  epoch 2/3:  47%|████▋     | 41/88 [00:11<00:13,  3.51it/s, loss=1.749]
  epoch 2/3:  47%|████▋     | 41/88 [00:12<00:13,  3.51it/s, loss=1.748]
  epoch 2/3:  48%|████▊     | 42/88 [00:12<00:13,  3.53it/s, loss=1.748]
  epoch 2/3:  48%|████▊     | 42/88 [00:12<00:13,  3.53it/s, loss=1.744]
  epoch 2/3:  49%|████▉     | 43/88 [00:12<00:12,  3.54it/s, loss=1.744]
  epoch 2/3:  49%|████▉     | 43/88 [00:12<00:12,  3.54it/s, loss=1.743]
  epoch 2/3:  50%|█████     | 44/88 [00:12<00:12,  3.54it/s, loss=1.743]
  epoch 2/3:  50%|█████     | 44/88 [00:12<00:12,  3.54it/s, loss=1.749]
  epoch 2/3:  51%|█████     | 45/88 [00:12<00:12,  3.53it/s, loss=1.749]
  epoch 2/3:  51%|█████     | 45/88 [00:13<00:12,  3.53it/s, loss=1.752]
  epoch 2/3:  52%|█████▏    | 46/88 [00:13<00:11,  3.53it/s, loss=1.752]
  epoch 2/3:  52%|█████▏    | 46/88 [00:13<00:11,  3.53it/s, loss=1.754]
  epoch 2/3:  53%|█████▎    | 47/88 [00:13<00:11,  3.52it/s, loss=1.754]
  epoch 2/3:  53%|█████▎    | 47/88 [00:13<00:11,  3.52it/s, loss=1.750]
  epoch 2/3:  55%|█████▍    | 48/88 [00:13<00:11,  3.52it/s, loss=1.750]
  epoch 2/3:  55%|█████▍    | 48/88 [00:14<00:11,  3.52it/s, loss=1.749]
  epoch 2/3:  56%|█████▌    | 49/88 [00:14<00:11,  3.52it/s, loss=1.749]
  epoch 2/3:  56%|█████▌    | 49/88 [00:14<00:11,  3.52it/s, loss=1.749]
  epoch 2/3:  57%|█████▋    | 50/88 [00:14<00:10,  3.52it/s, loss=1.749]
  epoch 2/3:  57%|█████▋    | 50/88 [00:14<00:10,  3.52it/s, loss=1.751]
  epoch 2/3:  58%|█████▊    | 51/88 [00:14<00:10,  3.52it/s, loss=1.751]
  epoch 2/3:  58%|█████▊    | 51/88 [00:14<00:10,  3.52it/s, loss=1.754]
  epoch 2/3:  59%|█████▉    | 52/88 [00:14<00:10,  3.52it/s, loss=1.754]
  epoch 2/3:  59%|█████▉    | 52/88 [00:15<00:10,  3.52it/s, loss=1.754]
  epoch 2/3:  60%|██████    | 53/88 [00:15<00:09,  3.52it/s, loss=1.754]
  epoch 2/3:  60%|██████    | 53/88 [00:15<00:09,  3.52it/s, loss=1.753]
  epoch 2/3:  61%|██████▏   | 54/88 [00:15<00:09,  3.53it/s, loss=1.753]
  epoch 2/3:  61%|██████▏   | 54/88 [00:15<00:09,  3.53it/s, loss=1.753]
  epoch 2/3:  62%|██████▎   | 55/88 [00:15<00:09,  3.54it/s, loss=1.753]
  epoch 2/3:  62%|██████▎   | 55/88 [00:16<00:09,  3.54it/s, loss=1.752]
  epoch 2/3:  64%|██████▎   | 56/88 [00:16<00:09,  3.51it/s, loss=1.752]
  epoch 2/3:  64%|██████▎   | 56/88 [00:16<00:09,  3.51it/s, loss=1.754]
  epoch 2/3:  65%|██████▍   | 57/88 [00:16<00:08,  3.53it/s, loss=1.754]
  epoch 2/3:  65%|██████▍   | 57/88 [00:16<00:08,  3.53it/s, loss=1.753]
  epoch 2/3:  66%|██████▌   | 58/88 [00:16<00:08,  3.55it/s, loss=1.753]
  epoch 2/3:  66%|██████▌   | 58/88 [00:16<00:08,  3.55it/s, loss=1.755]
  epoch 2/3:  67%|██████▋   | 59/88 [00:16<00:08,  3.55it/s, loss=1.755]
  epoch 2/3:  67%|██████▋   | 59/88 [00:17<00:08,  3.55it/s, loss=1.756]
  epoch 2/3:  68%|██████▊   | 60/88 [00:17<00:07,  3.59it/s, loss=1.756]
  epoch 2/3:  68%|██████▊   | 60/88 [00:17<00:07,  3.59it/s, loss=1.758]
  epoch 2/3:  69%|██████▉   | 61/88 [00:17<00:07,  3.59it/s, loss=1.758]
  epoch 2/3:  69%|██████▉   | 61/88 [00:17<00:07,  3.59it/s, loss=1.758]
  epoch 2/3:  70%|███████   | 62/88 [00:17<00:07,  3.59it/s, loss=1.758]
  epoch 2/3:  70%|███████   | 62/88 [00:18<00:07,  3.59it/s, loss=1.754]
  epoch 2/3:  72%|███████▏  | 63/88 [00:18<00:06,  3.60it/s, loss=1.754]
  epoch 2/3:  72%|███████▏  | 63/88 [00:18<00:06,  3.60it/s, loss=1.752]
  epoch 2/3:  73%|███████▎  | 64/88 [00:18<00:06,  3.58it/s, loss=1.752]
  epoch 2/3:  73%|███████▎  | 64/88 [00:18<00:06,  3.58it/s, loss=1.749]
  epoch 2/3:  74%|███████▍  | 65/88 [00:18<00:06,  3.57it/s, loss=1.749]
  epoch 2/3:  74%|███████▍  | 65/88 [00:18<00:06,  3.57it/s, loss=1.746]
  epoch 2/3:  75%|███████▌  | 66/88 [00:18<00:06,  3.57it/s, loss=1.746]
  epoch 2/3:  75%|███████▌  | 66/88 [00:19<00:06,  3.57it/s, loss=1.743]
  epoch 2/3:  76%|███████▌  | 67/88 [00:19<00:05,  3.60it/s, loss=1.743]
  epoch 2/3:  76%|███████▌  | 67/88 [00:19<00:05,  3.60it/s, loss=1.742]
  epoch 2/3:  77%|███████▋  | 68/88 [00:19<00:05,  3.59it/s, loss=1.742]
  epoch 2/3:  77%|███████▋  | 68/88 [00:19<00:05,  3.59it/s, loss=1.741]
  epoch 2/3:  78%|███████▊  | 69/88 [00:19<00:05,  3.59it/s, loss=1.741]
  epoch 2/3:  78%|███████▊  | 69/88 [00:19<00:05,  3.59it/s, loss=1.741]
  epoch 2/3:  80%|███████▉  | 70/88 [00:19<00:04,  3.62it/s, loss=1.741]
  epoch 2/3:  80%|███████▉  | 70/88 [00:20<00:04,  3.62it/s, loss=1.740]
  epoch 2/3:  81%|████████  | 71/88 [00:20<00:04,  3.62it/s, loss=1.740]
  epoch 2/3:  81%|████████  | 71/88 [00:20<00:04,  3.62it/s, loss=1.740]
  epoch 2/3:  82%|████████▏ | 72/88 [00:20<00:04,  3.59it/s, loss=1.740]
  epoch 2/3:  82%|████████▏ | 72/88 [00:20<00:04,  3.59it/s, loss=1.739]
  epoch 2/3:  83%|████████▎ | 73/88 [00:20<00:04,  3.62it/s, loss=1.739]
  epoch 2/3:  83%|████████▎ | 73/88 [00:21<00:04,  3.62it/s, loss=1.739]
  epoch 2/3:  84%|████████▍ | 74/88 [00:21<00:03,  3.62it/s, loss=1.739]
  epoch 2/3:  84%|████████▍ | 74/88 [00:21<00:03,  3.62it/s, loss=1.739]
  epoch 2/3:  85%|████████▌ | 75/88 [00:21<00:03,  3.64it/s, loss=1.739]
  epoch 2/3:  85%|████████▌ | 75/88 [00:21<00:03,  3.64it/s, loss=1.739]
  epoch 2/3:  86%|████████▋ | 76/88 [00:21<00:03,  3.64it/s, loss=1.739]
  epoch 2/3:  86%|████████▋ | 76/88 [00:21<00:03,  3.64it/s, loss=1.741]
  epoch 2/3:  88%|████████▊ | 77/88 [00:21<00:03,  3.65it/s, loss=1.741]
  epoch 2/3:  88%|████████▊ | 77/88 [00:22<00:03,  3.65it/s, loss=1.738]
  epoch 2/3:  89%|████████▊ | 78/88 [00:22<00:02,  3.65it/s, loss=1.738]
  epoch 2/3:  89%|████████▊ | 78/88 [00:22<00:02,  3.65it/s, loss=1.737]
  epoch 2/3:  90%|████████▉ | 79/88 [00:22<00:02,  3.65it/s, loss=1.737]
  epoch 2/3:  90%|████████▉ | 79/88 [00:22<00:02,  3.65it/s, loss=1.739]
  epoch 2/3:  91%|█████████ | 80/88 [00:22<00:02,  3.64it/s, loss=1.739]
  epoch 2/3:  91%|█████████ | 80/88 [00:22<00:02,  3.64it/s, loss=1.738]
  epoch 2/3:  92%|█████████▏| 81/88 [00:22<00:01,  3.65it/s, loss=1.738]
  epoch 2/3:  92%|█████████▏| 81/88 [00:23<00:01,  3.65it/s, loss=1.738]
  epoch 2/3:  93%|█████████▎| 82/88 [00:23<00:01,  3.66it/s, loss=1.738]
  epoch 2/3:  93%|█████████▎| 82/88 [00:23<00:01,  3.66it/s, loss=1.739]
  epoch 2/3:  94%|█████████▍| 83/88 [00:23<00:01,  3.66it/s, loss=1.739]
  epoch 2/3:  94%|█████████▍| 83/88 [00:23<00:01,  3.66it/s, loss=1.741]
  epoch 2/3:  95%|█████████▌| 84/88 [00:23<00:01,  3.66it/s, loss=1.741]
  epoch 2/3:  95%|█████████▌| 84/88 [00:24<00:01,  3.66it/s, loss=1.742]
  epoch 2/3:  97%|█████████▋| 85/88 [00:24<00:00,  3.65it/s, loss=1.742]
  epoch 2/3:  97%|█████████▋| 85/88 [00:24<00:00,  3.65it/s, loss=1.745]
  epoch 2/3:  98%|█████████▊| 86/88 [00:24<00:00,  3.66it/s, loss=1.745]
  epoch 2/3:  98%|█████████▊| 86/88 [00:24<00:00,  3.66it/s, loss=1.748]
  epoch 2/3:  99%|█████████▉| 87/88 [00:24<00:00,  3.65it/s, loss=1.748]
  epoch 2/3:  99%|█████████▉| 87/88 [00:24<00:00,  3.65it/s, loss=1.749]
  epoch 2/3: 100%|██████████| 88/88 [00:24<00:00,  3.96it/s, loss=1.749]
                                                                        

  epoch 3/3:   0%|          | 0/88 [00:00<?, ?it/s]
  epoch 3/3:   0%|          | 0/88 [00:00<?, ?it/s, loss=1.852]
  epoch 3/3:   1%|          | 1/88 [00:00<00:40,  2.13it/s, loss=1.852]
  epoch 3/3:   1%|          | 1/88 [00:00<00:40,  2.13it/s, loss=1.795]
  epoch 3/3:   2%|▏         | 2/88 [00:00<00:30,  2.84it/s, loss=1.795]
  epoch 3/3:   2%|▏         | 2/88 [00:01<00:30,  2.84it/s, loss=1.742]
  epoch 3/3:   3%|▎         | 3/88 [00:01<00:27,  3.14it/s, loss=1.742]
  epoch 3/3:   3%|▎         | 3/88 [00:01<00:27,  3.14it/s, loss=1.727]
  epoch 3/3:   5%|▍         | 4/88 [00:01<00:25,  3.34it/s, loss=1.727]
  epoch 3/3:   5%|▍         | 4/88 [00:01<00:25,  3.34it/s, loss=1.706]
  epoch 3/3:   6%|▌         | 5/88 [00:01<00:24,  3.46it/s, loss=1.706]
  epoch 3/3:   6%|▌         | 5/88 [00:01<00:24,  3.46it/s, loss=1.753]
  epoch 3/3:   7%|▋         | 6/88 [00:01<00:23,  3.54it/s, loss=1.753]
  epoch 3/3:   7%|▋         | 6/88 [00:02<00:23,  3.54it/s, loss=1.752]
  epoch 3/3:   8%|▊         | 7/88 [00:02<00:22,  3.57it/s, loss=1.752]
  epoch 3/3:   8%|▊         | 7/88 [00:02<00:22,  3.57it/s, loss=1.754]
  epoch 3/3:   9%|▉         | 8/88 [00:02<00:22,  3.60it/s, loss=1.754]
  epoch 3/3:   9%|▉         | 8/88 [00:02<00:22,  3.60it/s, loss=1.771]
  epoch 3/3:  10%|█         | 9/88 [00:02<00:21,  3.62it/s, loss=1.771]
  epoch 3/3:  10%|█         | 9/88 [00:02<00:21,  3.62it/s, loss=1.785]
  epoch 3/3:  11%|█▏        | 10/88 [00:02<00:21,  3.64it/s, loss=1.785]
  epoch 3/3:  11%|█▏        | 10/88 [00:03<00:21,  3.64it/s, loss=1.782]
  epoch 3/3:  12%|█▎        | 11/88 [00:03<00:20,  3.67it/s, loss=1.782]
  epoch 3/3:  12%|█▎        | 11/88 [00:03<00:20,  3.67it/s, loss=1.796]
  epoch 3/3:  14%|█▎        | 12/88 [00:03<00:20,  3.68it/s, loss=1.796]
  epoch 3/3:  14%|█▎        | 12/88 [00:03<00:20,  3.68it/s, loss=1.799]
  epoch 3/3:  15%|█▍        | 13/88 [00:03<00:20,  3.67it/s, loss=1.799]
  epoch 3/3:  15%|█▍        | 13/88 [00:04<00:20,  3.67it/s, loss=1.798]
  epoch 3/3:  16%|█▌        | 14/88 [00:04<00:20,  3.67it/s, loss=1.798]
  epoch 3/3:  16%|█▌        | 14/88 [00:04<00:20,  3.67it/s, loss=1.797]
  epoch 3/3:  17%|█▋        | 15/88 [00:04<00:19,  3.67it/s, loss=1.797]
  epoch 3/3:  17%|█▋        | 15/88 [00:04<00:19,  3.67it/s, loss=1.797]
  epoch 3/3:  18%|█▊        | 16/88 [00:04<00:19,  3.65it/s, loss=1.797]
  epoch 3/3:  18%|█▊        | 16/88 [00:04<00:19,  3.65it/s, loss=1.797]
  epoch 3/3:  19%|█▉        | 17/88 [00:04<00:19,  3.65it/s, loss=1.797]
  epoch 3/3:  19%|█▉        | 17/88 [00:05<00:19,  3.65it/s, loss=1.785]
  epoch 3/3:  20%|██        | 18/88 [00:05<00:18,  3.68it/s, loss=1.785]
  epoch 3/3:  20%|██        | 18/88 [00:05<00:18,  3.68it/s, loss=1.780]
  epoch 3/3:  22%|██▏       | 19/88 [00:05<00:18,  3.69it/s, loss=1.780]
  epoch 3/3:  22%|██▏       | 19/88 [00:05<00:18,  3.69it/s, loss=1.779]
  epoch 3/3:  23%|██▎       | 20/88 [00:05<00:18,  3.68it/s, loss=1.779]
  epoch 3/3:  23%|██▎       | 20/88 [00:05<00:18,  3.68it/s, loss=1.780]
  epoch 3/3:  24%|██▍       | 21/88 [00:05<00:18,  3.70it/s, loss=1.780]
  epoch 3/3:  24%|██▍       | 21/88 [00:06<00:18,  3.70it/s, loss=1.772]
  epoch 3/3:  25%|██▌       | 22/88 [00:06<00:17,  3.74it/s, loss=1.772]
  epoch 3/3:  25%|██▌       | 22/88 [00:06<00:17,  3.74it/s, loss=1.774]
  epoch 3/3:  26%|██▌       | 23/88 [00:06<00:17,  3.74it/s, loss=1.774]
  epoch 3/3:  26%|██▌       | 23/88 [00:06<00:17,  3.74it/s, loss=1.778]
  epoch 3/3:  27%|██▋       | 24/88 [00:06<00:17,  3.73it/s, loss=1.778]
  epoch 3/3:  27%|██▋       | 24/88 [00:06<00:17,  3.73it/s, loss=1.777]
  epoch 3/3:  28%|██▊       | 25/88 [00:06<00:16,  3.73it/s, loss=1.777]
  epoch 3/3:  28%|██▊       | 25/88 [00:07<00:16,  3.73it/s, loss=1.775]
  epoch 3/3:  30%|██▉       | 26/88 [00:07<00:16,  3.72it/s, loss=1.775]
  epoch 3/3:  30%|██▉       | 26/88 [00:07<00:16,  3.72it/s, loss=1.780]
  epoch 3/3:  31%|███       | 27/88 [00:07<00:16,  3.73it/s, loss=1.780]
  epoch 3/3:  31%|███       | 27/88 [00:07<00:16,  3.73it/s, loss=1.778]
  epoch 3/3:  32%|███▏      | 28/88 [00:07<00:16,  3.72it/s, loss=1.778]
  epoch 3/3:  32%|███▏      | 28/88 [00:08<00:16,  3.72it/s, loss=1.773]
  epoch 3/3:  33%|███▎      | 29/88 [00:08<00:15,  3.70it/s, loss=1.773]
  epoch 3/3:  33%|███▎      | 29/88 [00:08<00:15,  3.70it/s, loss=1.771]
  epoch 3/3:  34%|███▍      | 30/88 [00:08<00:15,  3.73it/s, loss=1.771]
  epoch 3/3:  34%|███▍      | 30/88 [00:08<00:15,  3.73it/s, loss=1.772]
  epoch 3/3:  35%|███▌      | 31/88 [00:08<00:15,  3.73it/s, loss=1.772]
  epoch 3/3:  35%|███▌      | 31/88 [00:08<00:15,  3.73it/s, loss=1.767]
  epoch 3/3:  36%|███▋      | 32/88 [00:08<00:15,  3.69it/s, loss=1.767]
  epoch 3/3:  36%|███▋      | 32/88 [00:09<00:15,  3.69it/s, loss=1.764]
  epoch 3/3:  38%|███▊      | 33/88 [00:09<00:14,  3.71it/s, loss=1.764]
  epoch 3/3:  38%|███▊      | 33/88 [00:09<00:14,  3.71it/s, loss=1.766]
  epoch 3/3:  39%|███▊      | 34/88 [00:09<00:14,  3.72it/s, loss=1.766]
  epoch 3/3:  39%|███▊      | 34/88 [00:09<00:14,  3.72it/s, loss=1.763]
  epoch 3/3:  40%|███▉      | 35/88 [00:09<00:14,  3.73it/s, loss=1.763]
  epoch 3/3:  40%|███▉      | 35/88 [00:09<00:14,  3.73it/s, loss=1.762]
  epoch 3/3:  41%|████      | 36/88 [00:09<00:13,  3.74it/s, loss=1.762]
  epoch 3/3:  41%|████      | 36/88 [00:10<00:13,  3.74it/s, loss=1.758]
  epoch 3/3:  42%|████▏     | 37/88 [00:10<00:13,  3.73it/s, loss=1.758]
  epoch 3/3:  42%|████▏     | 37/88 [00:10<00:13,  3.73it/s, loss=1.755]
  epoch 3/3:  43%|████▎     | 38/88 [00:10<00:13,  3.75it/s, loss=1.755]
  epoch 3/3:  43%|████▎     | 38/88 [00:10<00:13,  3.75it/s, loss=1.756]
  epoch 3/3:  44%|████▍     | 39/88 [00:10<00:13,  3.75it/s, loss=1.756]
  epoch 3/3:  44%|████▍     | 39/88 [00:10<00:13,  3.75it/s, loss=1.752]
  epoch 3/3:  45%|████▌     | 40/88 [00:10<00:12,  3.76it/s, loss=1.752]
  epoch 3/3:  45%|████▌     | 40/88 [00:11<00:12,  3.76it/s, loss=1.751]
  epoch 3/3:  47%|████▋     | 41/88 [00:11<00:12,  3.77it/s, loss=1.751]
  epoch 3/3:  47%|████▋     | 41/88 [00:11<00:12,  3.77it/s, loss=1.752]
  epoch 3/3:  48%|████▊     | 42/88 [00:11<00:12,  3.79it/s, loss=1.752]
  epoch 3/3:  48%|████▊     | 42/88 [00:11<00:12,  3.79it/s, loss=1.750]
  epoch 3/3:  49%|████▉     | 43/88 [00:11<00:11,  3.78it/s, loss=1.750]
  epoch 3/3:  49%|████▉     | 43/88 [00:12<00:11,  3.78it/s, loss=1.750]
  epoch 3/3:  50%|█████     | 44/88 [00:12<00:11,  3.79it/s, loss=1.750]
  epoch 3/3:  50%|█████     | 44/88 [00:12<00:11,  3.79it/s, loss=1.757]
  epoch 3/3:  51%|█████     | 45/88 [00:12<00:11,  3.79it/s, loss=1.757]
  epoch 3/3:  51%|█████     | 45/88 [00:12<00:11,  3.79it/s, loss=1.760]
  epoch 3/3:  52%|█████▏    | 46/88 [00:12<00:11,  3.79it/s, loss=1.760]
  epoch 3/3:  52%|█████▏    | 46/88 [00:12<00:11,  3.79it/s, loss=1.762]
  epoch 3/3:  53%|█████▎    | 47/88 [00:12<00:10,  3.79it/s, loss=1.762]
  epoch 3/3:  53%|█████▎    | 47/88 [00:13<00:10,  3.79it/s, loss=1.761]
  epoch 3/3:  55%|█████▍    | 48/88 [00:13<00:10,  3.75it/s, loss=1.761]
  epoch 3/3:  55%|█████▍    | 48/88 [00:13<00:10,  3.75it/s, loss=1.762]
  epoch 3/3:  56%|█████▌    | 49/88 [00:13<00:10,  3.77it/s, loss=1.762]
  epoch 3/3:  56%|█████▌    | 49/88 [00:13<00:10,  3.77it/s, loss=1.761]
  epoch 3/3:  57%|█████▋    | 50/88 [00:13<00:10,  3.76it/s, loss=1.761]
  epoch 3/3:  57%|█████▋    | 50/88 [00:13<00:10,  3.76it/s, loss=1.756]
  epoch 3/3:  58%|█████▊    | 51/88 [00:13<00:09,  3.75it/s, loss=1.756]
  epoch 3/3:  58%|█████▊    | 51/88 [00:14<00:09,  3.75it/s, loss=1.754]
  epoch 3/3:  59%|█████▉    | 52/88 [00:14<00:09,  3.76it/s, loss=1.754]
  epoch 3/3:  59%|█████▉    | 52/88 [00:14<00:09,  3.76it/s, loss=1.753]
  epoch 3/3:  60%|██████    | 53/88 [00:14<00:09,  3.77it/s, loss=1.753]
  epoch 3/3:  60%|██████    | 53/88 [00:14<00:09,  3.77it/s, loss=1.752]
  epoch 3/3:  61%|██████▏   | 54/88 [00:14<00:08,  3.78it/s, loss=1.752]
  epoch 3/3:  61%|██████▏   | 54/88 [00:14<00:08,  3.78it/s, loss=1.749]
  epoch 3/3:  62%|██████▎   | 55/88 [00:14<00:08,  3.79it/s, loss=1.749]
  epoch 3/3:  62%|██████▎   | 55/88 [00:15<00:08,  3.79it/s, loss=1.746]
  epoch 3/3:  64%|██████▎   | 56/88 [00:15<00:08,  3.79it/s, loss=1.746]
  epoch 3/3:  64%|██████▎   | 56/88 [00:15<00:08,  3.79it/s, loss=1.744]
  epoch 3/3:  65%|██████▍   | 57/88 [00:15<00:08,  3.79it/s, loss=1.744]
  epoch 3/3:  65%|██████▍   | 57/88 [00:15<00:08,  3.79it/s, loss=1.740]
  epoch 3/3:  66%|██████▌   | 58/88 [00:15<00:07,  3.80it/s, loss=1.740]
  epoch 3/3:  66%|██████▌   | 58/88 [00:16<00:07,  3.80it/s, loss=1.738]
  epoch 3/3:  67%|██████▋   | 59/88 [00:16<00:07,  3.80it/s, loss=1.738]
  epoch 3/3:  67%|██████▋   | 59/88 [00:16<00:07,  3.80it/s, loss=1.736]
  epoch 3/3:  68%|██████▊   | 60/88 [00:16<00:07,  3.80it/s, loss=1.736]
  epoch 3/3:  68%|██████▊   | 60/88 [00:16<00:07,  3.80it/s, loss=1.736]
  epoch 3/3:  69%|██████▉   | 61/88 [00:16<00:07,  3.80it/s, loss=1.736]
  epoch 3/3:  69%|██████▉   | 61/88 [00:16<00:07,  3.80it/s, loss=1.737]
  epoch 3/3:  70%|███████   | 62/88 [00:16<00:06,  3.80it/s, loss=1.737]
  epoch 3/3:  70%|███████   | 62/88 [00:17<00:06,  3.80it/s, loss=1.737]
  epoch 3/3:  72%|███████▏  | 63/88 [00:17<00:06,  3.80it/s, loss=1.737]
  epoch 3/3:  72%|███████▏  | 63/88 [00:17<00:06,  3.80it/s, loss=1.738]
  epoch 3/3:  73%|███████▎  | 64/88 [00:17<00:06,  3.75it/s, loss=1.738]
  epoch 3/3:  73%|███████▎  | 64/88 [00:17<00:06,  3.75it/s, loss=1.738]
  epoch 3/3:  74%|███████▍  | 65/88 [00:17<00:06,  3.76it/s, loss=1.738]
  epoch 3/3:  74%|███████▍  | 65/88 [00:17<00:06,  3.76it/s, loss=1.740]
  epoch 3/3:  75%|███████▌  | 66/88 [00:17<00:05,  3.77it/s, loss=1.740]
  epoch 3/3:  75%|███████▌  | 66/88 [00:18<00:05,  3.77it/s, loss=1.741]
  epoch 3/3:  76%|███████▌  | 67/88 [00:18<00:05,  3.78it/s, loss=1.741]
  epoch 3/3:  76%|███████▌  | 67/88 [00:18<00:05,  3.78it/s, loss=1.744]
  epoch 3/3:  77%|███████▋  | 68/88 [00:18<00:05,  3.76it/s, loss=1.744]
  epoch 3/3:  77%|███████▋  | 68/88 [00:18<00:05,  3.76it/s, loss=1.744]
  epoch 3/3:  78%|███████▊  | 69/88 [00:18<00:05,  3.77it/s, loss=1.744]
  epoch 3/3:  78%|███████▊  | 69/88 [00:18<00:05,  3.77it/s, loss=1.743]
  epoch 3/3:  80%|███████▉  | 70/88 [00:18<00:04,  3.78it/s, loss=1.743]
  epoch 3/3:  80%|███████▉  | 70/88 [00:19<00:04,  3.78it/s, loss=1.744]
  epoch 3/3:  81%|████████  | 71/88 [00:19<00:04,  3.79it/s, loss=1.744]
  epoch 3/3:  81%|████████  | 71/88 [00:19<00:04,  3.79it/s, loss=1.742]
  epoch 3/3:  82%|████████▏ | 72/88 [00:19<00:04,  3.79it/s, loss=1.742]
  epoch 3/3:  82%|████████▏ | 72/88 [00:19<00:04,  3.79it/s, loss=1.741]
  epoch 3/3:  83%|████████▎ | 73/88 [00:19<00:03,  3.79it/s, loss=1.741]
  epoch 3/3:  83%|████████▎ | 73/88 [00:19<00:03,  3.79it/s, loss=1.739]
  epoch 3/3:  84%|████████▍ | 74/88 [00:19<00:03,  3.79it/s, loss=1.739]
  epoch 3/3:  84%|████████▍ | 74/88 [00:20<00:03,  3.79it/s, loss=1.737]
  epoch 3/3:  85%|████████▌ | 75/88 [00:20<00:03,  3.80it/s, loss=1.737]
  epoch 3/3:  85%|████████▌ | 75/88 [00:20<00:03,  3.80it/s, loss=1.739]
  epoch 3/3:  86%|████████▋ | 76/88 [00:20<00:03,  3.80it/s, loss=1.739]
  epoch 3/3:  86%|████████▋ | 76/88 [00:20<00:03,  3.80it/s, loss=1.740]
  epoch 3/3:  88%|████████▊ | 77/88 [00:20<00:02,  3.80it/s, loss=1.740]
  epoch 3/3:  88%|████████▊ | 77/88 [00:21<00:02,  3.80it/s, loss=1.738]
  epoch 3/3:  89%|████████▊ | 78/88 [00:21<00:02,  3.80it/s, loss=1.738]
  epoch 3/3:  89%|████████▊ | 78/88 [00:21<00:02,  3.80it/s, loss=1.737]
  epoch 3/3:  90%|████████▉ | 79/88 [00:21<00:02,  3.79it/s, loss=1.737]
  epoch 3/3:  90%|████████▉ | 79/88 [00:21<00:02,  3.79it/s, loss=1.737]
  epoch 3/3:  91%|█████████ | 80/88 [00:21<00:02,  3.75it/s, loss=1.737]
  epoch 3/3:  91%|█████████ | 80/88 [00:21<00:02,  3.75it/s, loss=1.738]
  epoch 3/3:  92%|█████████▏| 81/88 [00:21<00:01,  3.78it/s, loss=1.738]
  epoch 3/3:  92%|█████████▏| 81/88 [00:22<00:01,  3.78it/s, loss=1.738]
  epoch 3/3:  93%|█████████▎| 82/88 [00:22<00:01,  3.80it/s, loss=1.738]
  epoch 3/3:  93%|█████████▎| 82/88 [00:22<00:01,  3.80it/s, loss=1.737]
  epoch 3/3:  94%|█████████▍| 83/88 [00:22<00:01,  3.80it/s, loss=1.737]
  epoch 3/3:  94%|█████████▍| 83/88 [00:22<00:01,  3.80it/s, loss=1.738]
  epoch 3/3:  95%|█████████▌| 84/88 [00:22<00:01,  3.80it/s, loss=1.738]
  epoch 3/3:  95%|█████████▌| 84/88 [00:22<00:01,  3.80it/s, loss=1.740]
  epoch 3/3:  97%|█████████▋| 85/88 [00:22<00:00,  3.81it/s, loss=1.740]
  epoch 3/3:  97%|█████████▋| 85/88 [00:23<00:00,  3.81it/s, loss=1.741]
  epoch 3/3:  98%|█████████▊| 86/88 [00:23<00:00,  3.81it/s, loss=1.741]
  epoch 3/3:  98%|█████████▊| 86/88 [00:23<00:00,  3.81it/s, loss=1.741]
  epoch 3/3:  99%|█████████▉| 87/88 [00:23<00:00,  3.80it/s, loss=1.741]
  epoch 3/3:  99%|█████████▉| 87/88 [00:23<00:00,  3.80it/s, loss=1.742]
  epoch 3/3: 100%|██████████| 88/88 [00:23<00:00,  4.15it/s, loss=1.742]
                                                                        
[titans] reset=never | norm(state) sau task = 186.5878
[titans]   self-mod v:β=1.00 |W|=0.01
[titans]   eta_t(avg)=0.5014  alpha_t/forget-gate(avg)=0.5050
[task 0] test acc so far: 0.149
[task 0] NCM-head acc so far: 0.854
[task 1] classes=[11, 12, 15, 23, 25] | train=2800

  epoch 1/3:   0%|          | 0/88 [00:00<?, ?it/s]
  epoch 1/3:   0%|          | 0/88 [00:00<?, ?it/s, loss=1.603]
  epoch 1/3:   1%|          | 1/88 [00:00<00:40,  2.16it/s, loss=1.603]
  epoch 1/3:   1%|          | 1/88 [00:00<00:40,  2.16it/s, loss=1.523]
  epoch 1/3:   2%|▏         | 2/88 [00:00<00:29,  2.88it/s, loss=1.523]
  epoch 1/3:   2%|▏         | 2/88 [00:00<00:29,  2.88it/s, loss=1.502]
  epoch 1/3:   3%|▎         | 3/88 [00:00<00:26,  3.23it/s, loss=1.502]
  epoch 1/3:   3%|▎         | 3/88 [00:01<00:26,  3.23it/s, loss=1.524]
  epoch 1/3:   5%|▍         | 4/88 [00:01<00:24,  3.44it/s, loss=1.524]
  epoch 1/3:   5%|▍         | 4/88 [00:01<00:24,  3.44it/s, loss=1.544]
  epoch 1/3:   6%|▌         | 5/88 [00:01<00:23,  3.56it/s, loss=1.544]
  epoch 1/3:   6%|▌         | 5/88 [00:01<00:23,  3.56it/s, loss=1.526]
  epoch 1/3:   7%|▋         | 6/88 [00:01<00:22,  3.64it/s, loss=1.526]
  epoch 1/3:   7%|▋         | 6/88 [00:02<00:22,  3.64it/s, loss=1.514]
  epoch 1/3:   8%|▊         | 7/88 [00:02<00:21,  3.69it/s, loss=1.514]
  epoch 1/3:   8%|▊         | 7/88 [00:02<00:21,  3.69it/s, loss=1.534]
  epoch 1/3:   9%|▉         | 8/88 [00:02<00:21,  3.67it/s, loss=1.534]
  epoch 1/3:   9%|▉         | 8/88 [00:02<00:21,  3.67it/s, loss=1.539]
  epoch 1/3:  10%|█         | 9/88 [00:02<00:21,  3.72it/s, loss=1.539]
  epoch 1/3:  10%|█         | 9/88 [00:02<00:21,  3.72it/s, loss=1.552]
  epoch 1/3:  11%|█▏        | 10/88 [00:02<00:20,  3.75it/s, loss=1.552]
  epoch 1/3:  11%|█▏        | 10/88 [00:03<00:20,  3.75it/s, loss=1.567]
  epoch 1/3:  12%|█▎        | 11/88 [00:03<00:20,  3.77it/s, loss=1.567]
  epoch 1/3:  12%|█▎        | 11/88 [00:03<00:20,  3.77it/s, loss=1.570]
  epoch 1/3:  14%|█▎        | 12/88 [00:03<00:20,  3.77it/s, loss=1.570]
  epoch 1/3:  14%|█▎        | 12/88 [00:03<00:20,  3.77it/s, loss=1.597]
  epoch 1/3:  15%|█▍        | 13/88 [00:03<00:19,  3.77it/s, loss=1.597]
  epoch 1/3:  15%|█▍        | 13/88 [00:03<00:19,  3.77it/s, loss=1.603]
  epoch 1/3:  16%|█▌        | 14/88 [00:03<00:19,  3.78it/s, loss=1.603]
  epoch 1/3:  16%|█▌        | 14/88 [00:04<00:19,  3.78it/s, loss=1.605]
  epoch 1/3:  17%|█▋        | 15/88 [00:04<00:19,  3.77it/s, loss=1.605]
  epoch 1/3:  17%|█▋        | 15/88 [00:04<00:19,  3.77it/s, loss=1.613]
  epoch 1/3:  18%|█▊        | 16/88 [00:04<00:19,  3.76it/s, loss=1.613]
  epoch 1/3:  18%|█▊        | 16/88 [00:04<00:19,  3.76it/s, loss=1.603]
  epoch 1/3:  19%|█▉        | 17/88 [00:04<00:18,  3.76it/s, loss=1.603]
  epoch 1/3:  19%|█▉        | 17/88 [00:04<00:18,  3.76it/s, loss=1.596]
  epoch 1/3:  20%|██        | 18/88 [00:04<00:18,  3.77it/s, loss=1.596]
  epoch 1/3:  20%|██        | 18/88 [00:05<00:18,  3.77it/s, loss=1.601]
  epoch 1/3:  22%|██▏       | 19/88 [00:05<00:18,  3.78it/s, loss=1.601]
  epoch 1/3:  22%|██▏       | 19/88 [00:05<00:18,  3.78it/s, loss=1.605]
  epoch 1/3:  23%|██▎       | 20/88 [00:05<00:17,  3.79it/s, loss=1.605]
  epoch 1/3:  23%|██▎       | 20/88 [00:05<00:17,  3.79it/s, loss=1.614]
  epoch 1/3:  24%|██▍       | 21/88 [00:05<00:17,  3.79it/s, loss=1.614]
  epoch 1/3:  24%|██▍       | 21/88 [00:06<00:17,  3.79it/s, loss=1.611]
  epoch 1/3:  25%|██▌       | 22/88 [00:06<00:17,  3.79it/s, loss=1.611]
  epoch 1/3:  25%|██▌       | 22/88 [00:06<00:17,  3.79it/s, loss=1.616]
  epoch 1/3:  26%|██▌       | 23/88 [00:06<00:17,  3.79it/s, loss=1.616]
  epoch 1/3:  26%|██▌       | 23/88 [00:06<00:17,  3.79it/s, loss=1.611]
  epoch 1/3:  27%|██▋       | 24/88 [00:06<00:17,  3.74it/s, loss=1.611]
  epoch 1/3:  27%|██▋       | 24/88 [00:06<00:17,  3.74it/s, loss=1.611]
  epoch 1/3:  28%|██▊       | 25/88 [00:06<00:16,  3.76it/s, loss=1.611]
  epoch 1/3:  28%|██▊       | 25/88 [00:07<00:16,  3.76it/s, loss=1.613]
  epoch 1/3:  30%|██▉       | 26/88 [00:07<00:16,  3.77it/s, loss=1.613]
  epoch 1/3:  30%|██▉       | 26/88 [00:07<00:16,  3.77it/s, loss=1.611]
  epoch 1/3:  31%|███       | 27/88 [00:07<00:16,  3.76it/s, loss=1.611]
  epoch 1/3:  31%|███       | 27/88 [00:07<00:16,  3.76it/s, loss=1.606]
  epoch 1/3:  32%|███▏      | 28/88 [00:07<00:16,  3.75it/s, loss=1.606]
  epoch 1/3:  32%|███▏      | 28/88 [00:07<00:16,  3.75it/s, loss=1.608]
  epoch 1/3:  33%|███▎      | 29/88 [00:07<00:15,  3.76it/s, loss=1.608]
  epoch 1/3:  33%|███▎      | 29/88 [00:08<00:15,  3.76it/s, loss=1.604]
  epoch 1/3:  34%|███▍      | 30/88 [00:08<00:15,  3.77it/s, loss=1.604]
  epoch 1/3:  34%|███▍      | 30/88 [00:08<00:15,  3.77it/s, loss=1.604]
  epoch 1/3:  35%|███▌      | 31/88 [00:08<00:15,  3.78it/s, loss=1.604]
  epoch 1/3:  35%|███▌      | 31/88 [00:08<00:15,  3.78it/s, loss=1.602]
  epoch 1/3:  36%|███▋      | 32/88 [00:08<00:14,  3.78it/s, loss=1.602]
  epoch 1/3:  36%|███▋      | 32/88 [00:08<00:14,  3.78it/s, loss=1.601]
  epoch 1/3:  38%|███▊      | 33/88 [00:08<00:14,  3.79it/s, loss=1.601]
  epoch 1/3:  38%|███▊      | 33/88 [00:09<00:14,  3.79it/s, loss=1.603]
  epoch 1/3:  39%|███▊      | 34/88 [00:09<00:14,  3.79it/s, loss=1.603]
  epoch 1/3:  39%|███▊      | 34/88 [00:09<00:14,  3.79it/s, loss=1.609]
  epoch 1/3:  40%|███▉      | 35/88 [00:09<00:13,  3.79it/s, loss=1.609]
  epoch 1/3:  40%|███▉      | 35/88 [00:09<00:13,  3.79it/s, loss=1.611]
  epoch 1/3:  41%|████      | 36/88 [00:09<00:13,  3.80it/s, loss=1.611]
  epoch 1/3:  41%|████      | 36/88 [00:09<00:13,  3.80it/s, loss=1.607]
  epoch 1/3:  42%|████▏     | 37/88 [00:09<00:13,  3.80it/s, loss=1.607]
  epoch 1/3:  42%|████▏     | 37/88 [00:10<00:13,  3.80it/s, loss=1.604]
  epoch 1/3:  43%|████▎     | 38/88 [00:10<00:13,  3.79it/s, loss=1.604]
  epoch 1/3:  43%|████▎     | 38/88 [00:10<00:13,  3.79it/s, loss=1.599]
  epoch 1/3:  44%|████▍     | 39/88 [00:10<00:12,  3.79it/s, loss=1.599]
  epoch 1/3:  44%|████▍     | 39/88 [00:10<00:12,  3.79it/s, loss=1.599]
  epoch 1/3:  45%|████▌     | 40/88 [00:10<00:12,  3.74it/s, loss=1.599]
  epoch 1/3:  45%|████▌     | 40/88 [00:11<00:12,  3.74it/s, loss=1.596]
  epoch 1/3:  47%|████▋     | 41/88 [00:11<00:12,  3.76it/s, loss=1.596]
  epoch 1/3:  47%|████▋     | 41/88 [00:11<00:12,  3.76it/s, loss=1.592]
  epoch 1/3:  48%|████▊     | 42/88 [00:11<00:12,  3.75it/s, loss=1.592]
  epoch 1/3:  48%|████▊     | 42/88 [00:11<00:12,  3.75it/s, loss=1.590]
  epoch 1/3:  49%|████▉     | 43/88 [00:11<00:12,  3.74it/s, loss=1.590]
  epoch 1/3:  49%|████▉     | 43/88 [00:11<00:12,  3.74it/s, loss=1.590]
  epoch 1/3:  50%|█████     | 44/88 [00:11<00:11,  3.76it/s, loss=1.590]
  epoch 1/3:  50%|█████     | 44/88 [00:12<00:11,  3.76it/s, loss=1.587]
  epoch 1/3:  51%|█████     | 45/88 [00:12<00:11,  3.77it/s, loss=1.587]
  epoch 1/3:  51%|█████     | 45/88 [00:12<00:11,  3.77it/s, loss=1.586]
  epoch 1/3:  52%|█████▏    | 46/88 [00:12<00:11,  3.77it/s, loss=1.586]
  epoch 1/3:  52%|█████▏    | 46/88 [00:12<00:11,  3.77it/s, loss=1.590]
  epoch 1/3:  53%|█████▎    | 47/88 [00:12<00:10,  3.78it/s, loss=1.590]
  epoch 1/3:  53%|█████▎    | 47/88 [00:12<00:10,  3.78it/s, loss=1.585]
  epoch 1/3:  55%|█████▍    | 48/88 [00:12<00:10,  3.78it/s, loss=1.585]
  epoch 1/3:  55%|█████▍    | 48/88 [00:13<00:10,  3.78it/s, loss=1.583]
  epoch 1/3:  56%|█████▌    | 49/88 [00:13<00:10,  3.79it/s, loss=1.583]
  epoch 1/3:  56%|█████▌    | 49/88 [00:13<00:10,  3.79it/s, loss=1.584]
  epoch 1/3:  57%|█████▋    | 50/88 [00:13<00:10,  3.79it/s, loss=1.584]
  epoch 1/3:  57%|█████▋    | 50/88 [00:13<00:10,  3.79it/s, loss=1.585]
  epoch 1/3:  58%|█████▊    | 51/88 [00:13<00:09,  3.79it/s, loss=1.585]
  epoch 1/3:  58%|█████▊    | 51/88 [00:13<00:09,  3.79it/s, loss=1.582]
  epoch 1/3:  59%|█████▉    | 52/88 [00:13<00:09,  3.79it/s, loss=1.582]
  epoch 1/3:  59%|█████▉    | 52/88 [00:14<00:09,  3.79it/s, loss=1.582]
  epoch 1/3:  60%|██████    | 53/88 [00:14<00:09,  3.79it/s, loss=1.582]
  epoch 1/3:  60%|██████    | 53/88 [00:14<00:09,  3.79it/s, loss=1.579]
  epoch 1/3:  61%|██████▏   | 54/88 [00:14<00:08,  3.79it/s, loss=1.579]
  epoch 1/3:  61%|██████▏   | 54/88 [00:14<00:08,  3.79it/s, loss=1.578]
  epoch 1/3:  62%|██████▎   | 55/88 [00:14<00:08,  3.79it/s, loss=1.578]
  epoch 1/3:  62%|██████▎   | 55/88 [00:15<00:08,  3.79it/s, loss=1.580]
  epoch 1/3:  64%|██████▎   | 56/88 [00:15<00:08,  3.74it/s, loss=1.580]
  epoch 1/3:  64%|██████▎   | 56/88 [00:15<00:08,  3.74it/s, loss=1.580]
  epoch 1/3:  65%|██████▍   | 57/88 [00:15<00:08,  3.76it/s, loss=1.580]
  epoch 1/3:  65%|██████▍   | 57/88 [00:15<00:08,  3.76it/s, loss=1.582]
  epoch 1/3:  66%|██████▌   | 58/88 [00:15<00:07,  3.76it/s, loss=1.582]
  epoch 1/3:  66%|██████▌   | 58/88 [00:15<00:07,  3.76it/s, loss=1.582]
  epoch 1/3:  67%|██████▋   | 59/88 [00:15<00:07,  3.76it/s, loss=1.582]
  epoch 1/3:  67%|██████▋   | 59/88 [00:16<00:07,  3.76it/s, loss=1.581]
  epoch 1/3:  68%|██████▊   | 60/88 [00:16<00:07,  3.75it/s, loss=1.581]
  epoch 1/3:  68%|██████▊   | 60/88 [00:16<00:07,  3.75it/s, loss=1.580]
  epoch 1/3:  69%|██████▉   | 61/88 [00:16<00:07,  3.76it/s, loss=1.580]
  epoch 1/3:  69%|██████▉   | 61/88 [00:16<00:07,  3.76it/s, loss=1.577]
  epoch 1/3:  70%|███████   | 62/88 [00:16<00:06,  3.77it/s, loss=1.577]
  epoch 1/3:  70%|███████   | 62/88 [00:16<00:06,  3.77it/s, loss=1.577]
  epoch 1/3:  72%|███████▏  | 63/88 [00:16<00:06,  3.77it/s, loss=1.577]
  epoch 1/3:  72%|███████▏  | 63/88 [00:17<00:06,  3.77it/s, loss=1.577]
  epoch 1/3:  73%|███████▎  | 64/88 [00:17<00:06,  3.78it/s, loss=1.577]
  epoch 1/3:  73%|███████▎  | 64/88 [00:17<00:06,  3.78it/s, loss=1.577]
  epoch 1/3:  74%|███████▍  | 65/88 [00:17<00:06,  3.77it/s, loss=1.577]
  epoch 1/3:  74%|███████▍  | 65/88 [00:17<00:06,  3.77it/s, loss=1.577]
  epoch 1/3:  75%|███████▌  | 66/88 [00:17<00:05,  3.77it/s, loss=1.577]
  epoch 1/3:  75%|███████▌  | 66/88 [00:17<00:05,  3.77it/s, loss=1.578]
  epoch 1/3:  76%|███████▌  | 67/88 [00:17<00:05,  3.76it/s, loss=1.578]
  epoch 1/3:  76%|███████▌  | 67/88 [00:18<00:05,  3.76it/s, loss=1.582]
  epoch 1/3:  77%|███████▋  | 68/88 [00:18<00:05,  3.76it/s, loss=1.582]
  epoch 1/3:  77%|███████▋  | 68/88 [00:18<00:05,  3.76it/s, loss=1.583]
  epoch 1/3:  78%|███████▊  | 69/88 [00:18<00:05,  3.74it/s, loss=1.583]
  epoch 1/3:  78%|███████▊  | 69/88 [00:18<00:05,  3.74it/s, loss=1.583]
  epoch 1/3:  80%|███████▉  | 70/88 [00:18<00:04,  3.75it/s, loss=1.583]
  epoch 1/3:  80%|███████▉  | 70/88 [00:19<00:04,  3.75it/s, loss=1.582]
  epoch 1/3:  81%|████████  | 71/88 [00:19<00:04,  3.76it/s, loss=1.582]
  epoch 1/3:  81%|████████  | 71/88 [00:19<00:04,  3.76it/s, loss=1.580]
  epoch 1/3:  82%|████████▏ | 72/88 [00:19<00:04,  3.70it/s, loss=1.580]
  epoch 1/3:  82%|████████▏ | 72/88 [00:19<00:04,  3.70it/s, loss=1.579]
  epoch 1/3:  83%|████████▎ | 73/88 [00:19<00:04,  3.72it/s, loss=1.579]
  epoch 1/3:  83%|████████▎ | 73/88 [00:19<00:04,  3.72it/s, loss=1.578]
  epoch 1/3:  84%|████████▍ | 74/88 [00:19<00:03,  3.74it/s, loss=1.578]
  epoch 1/3:  84%|████████▍ | 74/88 [00:20<00:03,  3.74it/s, loss=1.575]
  epoch 1/3:  85%|████████▌ | 75/88 [00:20<00:03,  3.76it/s, loss=1.575]
  epoch 1/3:  85%|████████▌ | 75/88 [00:20<00:03,  3.76it/s, loss=1.574]
  epoch 1/3:  86%|████████▋ | 76/88 [00:20<00:03,  3.77it/s, loss=1.574]
  epoch 1/3:  86%|████████▋ | 76/88 [00:20<00:03,  3.77it/s, loss=1.573]
  epoch 1/3:  88%|████████▊ | 77/88 [00:20<00:02,  3.77it/s, loss=1.573]
  epoch 1/3:  88%|████████▊ | 77/88 [00:20<00:02,  3.77it/s, loss=1.572]
  epoch 1/3:  89%|████████▊ | 78/88 [00:20<00:02,  3.78it/s, loss=1.572]
  epoch 1/3:  89%|████████▊ | 78/88 [00:21<00:02,  3.78it/s, loss=1.572]
  epoch 1/3:  90%|████████▉ | 79/88 [00:21<00:02,  3.77it/s, loss=1.572]
  epoch 1/3:  90%|████████▉ | 79/88 [00:21<00:02,  3.77it/s, loss=1.574]
  epoch 1/3:  91%|█████████ | 80/88 [00:21<00:02,  3.78it/s, loss=1.574]
  epoch 1/3:  91%|█████████ | 80/88 [00:21<00:02,  3.78it/s, loss=1.574]
  epoch 1/3:  92%|█████████▏| 81/88 [00:21<00:01,  3.78it/s, loss=1.574]
  epoch 1/3:  92%|█████████▏| 81/88 [00:21<00:01,  3.78it/s, loss=1.572]
  epoch 1/3:  93%|█████████▎| 82/88 [00:21<00:01,  3.77it/s, loss=1.572]
  epoch 1/3:  93%|█████████▎| 82/88 [00:22<00:01,  3.77it/s, loss=1.573]
  epoch 1/3:  94%|█████████▍| 83/88 [00:22<00:01,  3.77it/s, loss=1.573]
  epoch 1/3:  94%|█████████▍| 83/88 [00:22<00:01,  3.77it/s, loss=1.573]
  epoch 1/3:  95%|█████████▌| 84/88 [00:22<00:01,  3.75it/s, loss=1.573]
  epoch 1/3:  95%|█████████▌| 84/88 [00:22<00:01,  3.75it/s, loss=1.574]
  epoch 1/3:  97%|█████████▋| 85/88 [00:22<00:00,  3.74it/s, loss=1.574]
  epoch 1/3:  97%|█████████▋| 85/88 [00:23<00:00,  3.74it/s, loss=1.575]
  epoch 1/3:  98%|█████████▊| 86/88 [00:23<00:00,  3.75it/s, loss=1.575]
  epoch 1/3:  98%|█████████▊| 86/88 [00:23<00:00,  3.75it/s, loss=1.575]
  epoch 1/3:  99%|█████████▉| 87/88 [00:23<00:00,  3.76it/s, loss=1.575]
  epoch 1/3:  99%|█████████▉| 87/88 [00:23<00:00,  3.76it/s, loss=1.576]
  epoch 1/3: 100%|██████████| 88/88 [00:23<00:00,  4.06it/s, loss=1.576]
                                                                        

  epoch 2/3:   0%|          | 0/88 [00:00<?, ?it/s]
  epoch 2/3:   0%|          | 0/88 [00:00<?, ?it/s, loss=1.601]
  epoch 2/3:   1%|          | 1/88 [00:00<00:40,  2.14it/s, loss=1.601]
  epoch 2/3:   1%|          | 1/88 [00:00<00:40,  2.14it/s, loss=1.495]
  epoch 2/3:   2%|▏         | 2/88 [00:00<00:29,  2.89it/s, loss=1.495]
  epoch 2/3:   2%|▏         | 2/88 [00:00<00:29,  2.89it/s, loss=1.482]
  epoch 2/3:   3%|▎         | 3/88 [00:00<00:26,  3.24it/s, loss=1.482]
  epoch 2/3:   3%|▎         | 3/88 [00:01<00:26,  3.24it/s, loss=1.511]
  epoch 2/3:   5%|▍         | 4/88 [00:01<00:24,  3.44it/s, loss=1.511]
  epoch 2/3:   5%|▍         | 4/88 [00:01<00:24,  3.44it/s, loss=1.515]
  epoch 2/3:   6%|▌         | 5/88 [00:01<00:23,  3.54it/s, loss=1.515]
  epoch 2/3:   6%|▌         | 5/88 [00:01<00:23,  3.54it/s, loss=1.542]
  epoch 2/3:   7%|▋         | 6/88 [00:01<00:22,  3.60it/s, loss=1.542]
  epoch 2/3:   7%|▋         | 6/88 [00:02<00:22,  3.60it/s, loss=1.543]
  epoch 2/3:   8%|▊         | 7/88 [00:02<00:22,  3.65it/s, loss=1.543]
  epoch 2/3:   8%|▊         | 7/88 [00:02<00:22,  3.65it/s, loss=1.527]
  epoch 2/3:   9%|▉         | 8/88 [00:02<00:21,  3.66it/s, loss=1.527]
  epoch 2/3:   9%|▉         | 8/88 [00:02<00:21,  3.66it/s, loss=1.526]
  epoch 2/3:  10%|█         | 9/88 [00:02<00:21,  3.70it/s, loss=1.526]
  epoch 2/3:  10%|█         | 9/88 [00:02<00:21,  3.70it/s, loss=1.514]
  epoch 2/3:  11%|█▏        | 10/88 [00:02<00:20,  3.72it/s, loss=1.514]
  epoch 2/3:  11%|█▏        | 10/88 [00:03<00:20,  3.72it/s, loss=1.511]
  epoch 2/3:  12%|█▎        | 11/88 [00:03<00:20,  3.73it/s, loss=1.511]
  epoch 2/3:  12%|█▎        | 11/88 [00:03<00:20,  3.73it/s, loss=1.524]
  epoch 2/3:  14%|█▎        | 12/88 [00:03<00:20,  3.73it/s, loss=1.524]
  epoch 2/3:  14%|█▎        | 12/88 [00:03<00:20,  3.73it/s, loss=1.533]
  epoch 2/3:  15%|█▍        | 13/88 [00:03<00:20,  3.74it/s, loss=1.533]
  epoch 2/3:  15%|█▍        | 13/88 [00:03<00:20,  3.74it/s, loss=1.556]
  epoch 2/3:  16%|█▌        | 14/88 [00:03<00:19,  3.72it/s, loss=1.556]
  epoch 2/3:  16%|█▌        | 14/88 [00:04<00:19,  3.72it/s, loss=1.564]
  epoch 2/3:  17%|█▋        | 15/88 [00:04<00:19,  3.74it/s, loss=1.564]
  epoch 2/3:  17%|█▋        | 15/88 [00:04<00:19,  3.74it/s, loss=1.561]
  epoch 2/3:  18%|█▊        | 16/88 [00:04<00:19,  3.70it/s, loss=1.561]
  epoch 2/3:  18%|█▊        | 16/88 [00:04<00:19,  3.70it/s, loss=1.562]
  epoch 2/3:  19%|█▉        | 17/88 [00:04<00:19,  3.70it/s, loss=1.562]
  epoch 2/3:  19%|█▉        | 17/88 [00:05<00:19,  3.70it/s, loss=1.562]
  epoch 2/3:  20%|██        | 18/88 [00:05<00:18,  3.72it/s, loss=1.562]
  epoch 2/3:  20%|██        | 18/88 [00:05<00:18,  3.72it/s, loss=1.558]
  epoch 2/3:  22%|██▏       | 19/88 [00:05<00:18,  3.74it/s, loss=1.558]
  epoch 2/3:  22%|██▏       | 19/88 [00:05<00:18,  3.74it/s, loss=1.557]
  epoch 2/3:  23%|██▎       | 20/88 [00:05<00:18,  3.74it/s, loss=1.557]
  epoch 2/3:  23%|██▎       | 20/88 [00:05<00:18,  3.74it/s, loss=1.560]
  epoch 2/3:  24%|██▍       | 21/88 [00:05<00:17,  3.75it/s, loss=1.560]
  epoch 2/3:  24%|██▍       | 21/88 [00:06<00:17,  3.75it/s, loss=1.565]
  epoch 2/3:  25%|██▌       | 22/88 [00:06<00:17,  3.74it/s, loss=1.565]
  epoch 2/3:  25%|██▌       | 22/88 [00:06<00:17,  3.74it/s, loss=1.563]
  epoch 2/3:  26%|██▌       | 23/88 [00:06<00:17,  3.73it/s, loss=1.563]
  epoch 2/3:  26%|██▌       | 23/88 [00:06<00:17,  3.73it/s, loss=1.562]
  epoch 2/3:  27%|██▋       | 24/88 [00:06<00:17,  3.75it/s, loss=1.562]
  epoch 2/3:  27%|██▋       | 24/88 [00:06<00:17,  3.75it/s, loss=1.565]
  epoch 2/3:  28%|██▊       | 25/88 [00:06<00:16,  3.76it/s, loss=1.565]
  epoch 2/3:  28%|██▊       | 25/88 [00:07<00:16,  3.76it/s, loss=1.570]
  epoch 2/3:  30%|██▉       | 26/88 [00:07<00:16,  3.76it/s, loss=1.570]
  epoch 2/3:  30%|██▉       | 26/88 [00:07<00:16,  3.76it/s, loss=1.564]
  epoch 2/3:  31%|███       | 27/88 [00:07<00:16,  3.77it/s, loss=1.564]
  epoch 2/3:  31%|███       | 27/88 [00:07<00:16,  3.77it/s, loss=1.559]
  epoch 2/3:  32%|███▏      | 28/88 [00:07<00:15,  3.77it/s, loss=1.559]
  epoch 2/3:  32%|███▏      | 28/88 [00:07<00:15,  3.77it/s, loss=1.563]
  epoch 2/3:  33%|███▎      | 29/88 [00:07<00:15,  3.76it/s, loss=1.563]
  epoch 2/3:  33%|███▎      | 29/88 [00:08<00:15,  3.76it/s, loss=1.560]
  epoch 2/3:  34%|███▍      | 30/88 [00:08<00:15,  3.75it/s, loss=1.560]
  epoch 2/3:  34%|███▍      | 30/88 [00:08<00:15,  3.75it/s, loss=1.554]
  epoch 2/3:  35%|███▌      | 31/88 [00:08<00:15,  3.74it/s, loss=1.554]
  epoch 2/3:  35%|███▌      | 31/88 [00:08<00:15,  3.74it/s, loss=1.553]
  epoch 2/3:  36%|███▋      | 32/88 [00:08<00:15,  3.71it/s, loss=1.553]
  epoch 2/3:  36%|███▋      | 32/88 [00:09<00:15,  3.71it/s, loss=1.553]
  epoch 2/3:  38%|███▊      | 33/88 [00:09<00:14,  3.72it/s, loss=1.553]
  epoch 2/3:  38%|███▊      | 33/88 [00:09<00:14,  3.72it/s, loss=1.553]
  epoch 2/3:  39%|███▊      | 34/88 [00:09<00:14,  3.72it/s, loss=1.553]
  epoch 2/3:  39%|███▊      | 34/88 [00:09<00:14,  3.72it/s, loss=1.549]
  epoch 2/3:  40%|███▉      | 35/88 [00:09<00:14,  3.72it/s, loss=1.549]
  epoch 2/3:  40%|███▉      | 35/88 [00:09<00:14,  3.72it/s, loss=1.553]
  epoch 2/3:  41%|████      | 36/88 [00:09<00:13,  3.72it/s, loss=1.553]
  epoch 2/3:  41%|████      | 36/88 [00:10<00:13,  3.72it/s, loss=1.551]
  epoch 2/3:  42%|████▏     | 37/88 [00:10<00:13,  3.71it/s, loss=1.551]
  epoch 2/3:  42%|████▏     | 37/88 [00:10<00:13,  3.71it/s, loss=1.550]
  epoch 2/3:  43%|████▎     | 38/88 [00:10<00:13,  3.72it/s, loss=1.550]
  epoch 2/3:  43%|████▎     | 38/88 [00:10<00:13,  3.72it/s, loss=1.548]
  epoch 2/3:  44%|████▍     | 39/88 [00:10<00:13,  3.74it/s, loss=1.548]
  epoch 2/3:  44%|████▍     | 39/88 [00:10<00:13,  3.74it/s, loss=1.550]
  epoch 2/3:  45%|████▌     | 40/88 [00:10<00:12,  3.74it/s, loss=1.550]
  epoch 2/3:  45%|████▌     | 40/88 [00:11<00:12,  3.74it/s, loss=1.547]
  epoch 2/3:  47%|████▋     | 41/88 [00:11<00:12,  3.73it/s, loss=1.547]
  epoch 2/3:  47%|████▋     | 41/88 [00:11<00:12,  3.73it/s, loss=1.549]
  epoch 2/3:  48%|████▊     | 42/88 [00:11<00:12,  3.73it/s, loss=1.549]
  epoch 2/3:  48%|████▊     | 42/88 [00:11<00:12,  3.73it/s, loss=1.548]
  epoch 2/3:  49%|████▉     | 43/88 [00:11<00:12,  3.73it/s, loss=1.548]
  epoch 2/3:  49%|████▉     | 43/88 [00:11<00:12,  3.73it/s, loss=1.547]
  epoch 2/3:  50%|█████     | 44/88 [00:11<00:11,  3.74it/s, loss=1.547]
  epoch 2/3:  50%|█████     | 44/88 [00:12<00:11,  3.74it/s, loss=1.543]
  epoch 2/3:  51%|█████     | 45/88 [00:12<00:11,  3.73it/s, loss=1.543]
  epoch 2/3:  51%|█████     | 45/88 [00:12<00:11,  3.73it/s, loss=1.542]
  epoch 2/3:  52%|█████▏    | 46/88 [00:12<00:11,  3.72it/s, loss=1.542]
  epoch 2/3:  52%|█████▏    | 46/88 [00:12<00:11,  3.72it/s, loss=1.542]
  epoch 2/3:  53%|█████▎    | 47/88 [00:12<00:10,  3.74it/s, loss=1.542]
  epoch 2/3:  53%|█████▎    | 47/88 [00:13<00:10,  3.74it/s, loss=1.540]
  epoch 2/3:  55%|█████▍    | 48/88 [00:13<00:10,  3.69it/s, loss=1.540]
  epoch 2/3:  55%|█████▍    | 48/88 [00:13<00:10,  3.69it/s, loss=1.537]
  epoch 2/3:  56%|█████▌    | 49/88 [00:13<00:10,  3.70it/s, loss=1.537]
  epoch 2/3:  56%|█████▌    | 49/88 [00:13<00:10,  3.70it/s, loss=1.536]
  epoch 2/3:  57%|█████▋    | 50/88 [00:13<00:10,  3.73it/s, loss=1.536]
  epoch 2/3:  57%|█████▋    | 50/88 [00:13<00:10,  3.73it/s, loss=1.536]
  epoch 2/3:  58%|█████▊    | 51/88 [00:13<00:09,  3.74it/s, loss=1.536]
  epoch 2/3:  58%|█████▊    | 51/88 [00:14<00:09,  3.74it/s, loss=1.537]
  epoch 2/3:  59%|█████▉    | 52/88 [00:14<00:09,  3.73it/s, loss=1.537]
  epoch 2/3:  59%|█████▉    | 52/88 [00:14<00:09,  3.73it/s, loss=1.536]
  epoch 2/3:  60%|██████    | 53/88 [00:14<00:09,  3.73it/s, loss=1.536]
  epoch 2/3:  60%|██████    | 53/88 [00:14<00:09,  3.73it/s, loss=1.534]
  epoch 2/3:  61%|██████▏   | 54/88 [00:14<00:09,  3.73it/s, loss=1.534]
  epoch 2/3:  61%|██████▏   | 54/88 [00:14<00:09,  3.73it/s, loss=1.533]
  epoch 2/3:  62%|██████▎   | 55/88 [00:14<00:08,  3.75it/s, loss=1.533]
  epoch 2/3:  62%|██████▎   | 55/88 [00:15<00:08,  3.75it/s, loss=1.536]
  epoch 2/3:  64%|██████▎   | 56/88 [00:15<00:08,  3.76it/s, loss=1.536]
  epoch 2/3:  64%|██████▎   | 56/88 [00:15<00:08,  3.76it/s, loss=1.540]
  epoch 2/3:  65%|██████▍   | 57/88 [00:15<00:08,  3.75it/s, loss=1.540]
  epoch 2/3:  65%|██████▍   | 57/88 [00:15<00:08,  3.75it/s, loss=1.538]
  epoch 2/3:  66%|██████▌   | 58/88 [00:15<00:08,  3.75it/s, loss=1.538]
  epoch 2/3:  66%|██████▌   | 58/88 [00:15<00:08,  3.75it/s, loss=1.539]
  epoch 2/3:  67%|██████▋   | 59/88 [00:15<00:07,  3.74it/s, loss=1.539]
  epoch 2/3:  67%|██████▋   | 59/88 [00:16<00:07,  3.74it/s, loss=1.538]
  epoch 2/3:  68%|██████▊   | 60/88 [00:16<00:07,  3.73it/s, loss=1.538]
  epoch 2/3:  68%|██████▊   | 60/88 [00:16<00:07,  3.73it/s, loss=1.538]
  epoch 2/3:  69%|██████▉   | 61/88 [00:16<00:07,  3.74it/s, loss=1.538]
  epoch 2/3:  69%|██████▉   | 61/88 [00:16<00:07,  3.74it/s, loss=1.535]
  epoch 2/3:  70%|███████   | 62/88 [00:16<00:06,  3.75it/s, loss=1.535]
  epoch 2/3:  70%|███████   | 62/88 [00:17<00:06,  3.75it/s, loss=1.534]
  epoch 2/3:  72%|███████▏  | 63/88 [00:17<00:06,  3.74it/s, loss=1.534]
  epoch 2/3:  72%|███████▏  | 63/88 [00:17<00:06,  3.74it/s, loss=1.534]
  epoch 2/3:  73%|███████▎  | 64/88 [00:17<00:06,  3.69it/s, loss=1.534]
  epoch 2/3:  73%|███████▎  | 64/88 [00:17<00:06,  3.69it/s, loss=1.537]
  epoch 2/3:  74%|███████▍  | 65/88 [00:17<00:06,  3.71it/s, loss=1.537]
  epoch 2/3:  74%|███████▍  | 65/88 [00:17<00:06,  3.71it/s, loss=1.535]
  epoch 2/3:  75%|███████▌  | 66/88 [00:17<00:05,  3.70it/s, loss=1.535]
  epoch 2/3:  75%|███████▌  | 66/88 [00:18<00:05,  3.70it/s, loss=1.535]
  epoch 2/3:  76%|███████▌  | 67/88 [00:18<00:05,  3.72it/s, loss=1.535]
  epoch 2/3:  76%|███████▌  | 67/88 [00:18<00:05,  3.72it/s, loss=1.534]
  epoch 2/3:  77%|███████▋  | 68/88 [00:18<00:05,  3.72it/s, loss=1.534]
  epoch 2/3:  77%|███████▋  | 68/88 [00:18<00:05,  3.72it/s, loss=1.536]
  epoch 2/3:  78%|███████▊  | 69/88 [00:18<00:05,  3.72it/s, loss=1.536]
  epoch 2/3:  78%|███████▊  | 69/88 [00:18<00:05,  3.72it/s, loss=1.533]
  epoch 2/3:  80%|███████▉  | 70/88 [00:18<00:04,  3.71it/s, loss=1.533]
  epoch 2/3:  80%|███████▉  | 70/88 [00:19<00:04,  3.71it/s, loss=1.531]
  epoch 2/3:  81%|████████  | 71/88 [00:19<00:04,  3.73it/s, loss=1.531]
  epoch 2/3:  81%|████████  | 71/88 [00:19<00:04,  3.73it/s, loss=1.530]
  epoch 2/3:  82%|████████▏ | 72/88 [00:19<00:04,  3.74it/s, loss=1.530]
  epoch 2/3:  82%|████████▏ | 72/88 [00:19<00:04,  3.74it/s, loss=1.535]
  epoch 2/3:  83%|████████▎ | 73/88 [00:19<00:04,  3.74it/s, loss=1.535]
  epoch 2/3:  83%|████████▎ | 73/88 [00:20<00:04,  3.74it/s, loss=1.534]
  epoch 2/3:  84%|████████▍ | 74/88 [00:20<00:03,  3.74it/s, loss=1.534]
  epoch 2/3:  84%|████████▍ | 74/88 [00:20<00:03,  3.74it/s, loss=1.536]
  epoch 2/3:  85%|████████▌ | 75/88 [00:20<00:03,  3.72it/s, loss=1.536]
  epoch 2/3:  85%|████████▌ | 75/88 [00:20<00:03,  3.72it/s, loss=1.538]
  epoch 2/3:  86%|████████▋ | 76/88 [00:20<00:03,  3.73it/s, loss=1.538]
  epoch 2/3:  86%|████████▋ | 76/88 [00:20<00:03,  3.73it/s, loss=1.539]
  epoch 2/3:  88%|████████▊ | 77/88 [00:20<00:02,  3.73it/s, loss=1.539]
  epoch 2/3:  88%|████████▊ | 77/88 [00:21<00:02,  3.73it/s, loss=1.539]
  epoch 2/3:  89%|████████▊ | 78/88 [00:21<00:02,  3.72it/s, loss=1.539]
  epoch 2/3:  89%|████████▊ | 78/88 [00:21<00:02,  3.72it/s, loss=1.541]
  epoch 2/3:  90%|████████▉ | 79/88 [00:21<00:02,  3.72it/s, loss=1.541]
  epoch 2/3:  90%|████████▉ | 79/88 [00:21<00:02,  3.72it/s, loss=1.541]
  epoch 2/3:  91%|█████████ | 80/88 [00:21<00:02,  3.68it/s, loss=1.541]
  epoch 2/3:  91%|█████████ | 80/88 [00:21<00:02,  3.68it/s, loss=1.541]
  epoch 2/3:  92%|█████████▏| 81/88 [00:21<00:01,  3.68it/s, loss=1.541]
  epoch 2/3:  92%|█████████▏| 81/88 [00:22<00:01,  3.68it/s, loss=1.539]
  epoch 2/3:  93%|█████████▎| 82/88 [00:22<00:01,  3.69it/s, loss=1.539]
  epoch 2/3:  93%|█████████▎| 82/88 [00:22<00:01,  3.69it/s, loss=1.540]
  epoch 2/3:  94%|█████████▍| 83/88 [00:22<00:01,  3.70it/s, loss=1.540]
  epoch 2/3:  94%|█████████▍| 83/88 [00:22<00:01,  3.70it/s, loss=1.540]
  epoch 2/3:  95%|█████████▌| 84/88 [00:22<00:01,  3.71it/s, loss=1.540]
  epoch 2/3:  95%|█████████▌| 84/88 [00:22<00:01,  3.71it/s, loss=1.541]
  epoch 2/3:  97%|█████████▋| 85/88 [00:22<00:00,  3.72it/s, loss=1.541]
  epoch 2/3:  97%|█████████▋| 85/88 [00:23<00:00,  3.72it/s, loss=1.542]
  epoch 2/3:  98%|█████████▊| 86/88 [00:23<00:00,  3.72it/s, loss=1.542]
  epoch 2/3:  98%|█████████▊| 86/88 [00:23<00:00,  3.72it/s, loss=1.542]
  epoch 2/3:  99%|█████████▉| 87/88 [00:23<00:00,  3.73it/s, loss=1.542]
  epoch 2/3:  99%|█████████▉| 87/88 [00:23<00:00,  3.73it/s, loss=1.543]
  epoch 2/3: 100%|██████████| 88/88 [00:23<00:00,  4.06it/s, loss=1.543]
                                                                        

  epoch 3/3:   0%|          | 0/88 [00:00<?, ?it/s]
  epoch 3/3:   0%|          | 0/88 [00:00<?, ?it/s, loss=1.546]
  epoch 3/3:   1%|          | 1/88 [00:00<00:40,  2.14it/s, loss=1.546]
  epoch 3/3:   1%|          | 1/88 [00:00<00:40,  2.14it/s, loss=1.444]
  epoch 3/3:   2%|▏         | 2/88 [00:00<00:30,  2.84it/s, loss=1.444]
  epoch 3/3:   2%|▏         | 2/88 [00:01<00:30,  2.84it/s, loss=1.491]
  epoch 3/3:   3%|▎         | 3/88 [00:01<00:26,  3.19it/s, loss=1.491]
  epoch 3/3:   3%|▎         | 3/88 [00:01<00:26,  3.19it/s, loss=1.557]
  epoch 3/3:   5%|▍         | 4/88 [00:01<00:24,  3.38it/s, loss=1.557]
  epoch 3/3:   5%|▍         | 4/88 [00:01<00:24,  3.38it/s, loss=1.526]
  epoch 3/3:   6%|▌         | 5/88 [00:01<00:23,  3.48it/s, loss=1.526]
  epoch 3/3:   6%|▌         | 5/88 [00:01<00:23,  3.48it/s, loss=1.517]
  epoch 3/3:   7%|▋         | 6/88 [00:01<00:22,  3.57it/s, loss=1.517]
  epoch 3/3:   7%|▋         | 6/88 [00:02<00:22,  3.57it/s, loss=1.525]
  epoch 3/3:   8%|▊         | 7/88 [00:02<00:22,  3.62it/s, loss=1.525]
  epoch 3/3:   8%|▊         | 7/88 [00:02<00:22,  3.62it/s, loss=1.506]
  epoch 3/3:   9%|▉         | 8/88 [00:02<00:22,  3.61it/s, loss=1.506]
  epoch 3/3:   9%|▉         | 8/88 [00:02<00:22,  3.61it/s, loss=1.513]
  epoch 3/3:  10%|█         | 9/88 [00:02<00:21,  3.66it/s, loss=1.513]
  epoch 3/3:  10%|█         | 9/88 [00:02<00:21,  3.66it/s, loss=1.504]
  epoch 3/3:  11%|█▏        | 10/88 [00:02<00:21,  3.69it/s, loss=1.504]
  epoch 3/3:  11%|█▏        | 10/88 [00:03<00:21,  3.69it/s, loss=1.496]
  epoch 3/3:  12%|█▎        | 11/88 [00:03<00:20,  3.70it/s, loss=1.496]
  epoch 3/3:  12%|█▎        | 11/88 [00:03<00:20,  3.70it/s, loss=1.509]
  epoch 3/3:  14%|█▎        | 12/88 [00:03<00:20,  3.69it/s, loss=1.509]
  epoch 3/3:  14%|█▎        | 12/88 [00:03<00:20,  3.69it/s, loss=1.513]
  epoch 3/3:  15%|█▍        | 13/88 [00:03<00:20,  3.68it/s, loss=1.513]
  epoch 3/3:  15%|█▍        | 13/88 [00:03<00:20,  3.68it/s, loss=1.509]
  epoch 3/3:  16%|█▌        | 14/88 [00:03<00:20,  3.68it/s, loss=1.509]
  epoch 3/3:  16%|█▌        | 14/88 [00:04<00:20,  3.68it/s, loss=1.510]
  epoch 3/3:  17%|█▋        | 15/88 [00:04<00:19,  3.70it/s, loss=1.510]
  epoch 3/3:  17%|█▋        | 15/88 [00:04<00:19,  3.70it/s, loss=1.504]
  epoch 3/3:  18%|█▊        | 16/88 [00:04<00:19,  3.71it/s, loss=1.504]
  epoch 3/3:  18%|█▊        | 16/88 [00:04<00:19,  3.71it/s, loss=1.500]
  epoch 3/3:  19%|█▉        | 17/88 [00:04<00:19,  3.70it/s, loss=1.500]
  epoch 3/3:  19%|█▉        | 17/88 [00:05<00:19,  3.70it/s, loss=1.501]
  epoch 3/3:  20%|██        | 18/88 [00:05<00:18,  3.71it/s, loss=1.501]
  epoch 3/3:  20%|██        | 18/88 [00:05<00:18,  3.71it/s, loss=1.505]
  epoch 3/3:  22%|██▏       | 19/88 [00:05<00:18,  3.73it/s, loss=1.505]
  epoch 3/3:  22%|██▏       | 19/88 [00:05<00:18,  3.73it/s, loss=1.510]
  epoch 3/3:  23%|██▎       | 20/88 [00:05<00:18,  3.73it/s, loss=1.510]
  epoch 3/3:  23%|██▎       | 20/88 [00:05<00:18,  3.73it/s, loss=1.508]
  epoch 3/3:  24%|██▍       | 21/88 [00:05<00:18,  3.72it/s, loss=1.508]
  epoch 3/3:  24%|██▍       | 21/88 [00:06<00:18,  3.72it/s, loss=1.516]
  epoch 3/3:  25%|██▌       | 22/88 [00:06<00:17,  3.72it/s, loss=1.516]
  epoch 3/3:  25%|██▌       | 22/88 [00:06<00:17,  3.72it/s, loss=1.515]
  epoch 3/3:  26%|██▌       | 23/88 [00:06<00:17,  3.71it/s, loss=1.515]
  epoch 3/3:  26%|██▌       | 23/88 [00:06<00:17,  3.71it/s, loss=1.514]
  epoch 3/3:  27%|██▋       | 24/88 [00:06<00:17,  3.66it/s, loss=1.514]
  epoch 3/3:  27%|██▋       | 24/88 [00:06<00:17,  3.66it/s, loss=1.518]
  epoch 3/3:  28%|██▊       | 25/88 [00:06<00:17,  3.69it/s, loss=1.518]
  epoch 3/3:  28%|██▊       | 25/88 [00:07<00:17,  3.69it/s, loss=1.520]
  epoch 3/3:  30%|██▉       | 26/88 [00:07<00:16,  3.70it/s, loss=1.520]
  epoch 3/3:  30%|██▉       | 26/88 [00:07<00:16,  3.70it/s, loss=1.520]
  epoch 3/3:  31%|███       | 27/88 [00:07<00:16,  3.71it/s, loss=1.520]
  epoch 3/3:  31%|███       | 27/88 [00:07<00:16,  3.71it/s, loss=1.517]
  epoch 3/3:  32%|███▏      | 28/88 [00:07<00:16,  3.72it/s, loss=1.517]
  epoch 3/3:  32%|███▏      | 28/88 [00:08<00:16,  3.72it/s, loss=1.525]
  epoch 3/3:  33%|███▎      | 29/88 [00:08<00:15,  3.72it/s, loss=1.525]
  epoch 3/3:  33%|███▎      | 29/88 [00:08<00:15,  3.72it/s, loss=1.527]
  epoch 3/3:  34%|███▍      | 30/88 [00:08<00:15,  3.72it/s, loss=1.527]
  epoch 3/3:  34%|███▍      | 30/88 [00:08<00:15,  3.72it/s, loss=1.527]
  epoch 3/3:  35%|███▌      | 31/88 [00:08<00:15,  3.71it/s, loss=1.527]
  epoch 3/3:  35%|███▌      | 31/88 [00:08<00:15,  3.71it/s, loss=1.527]
  epoch 3/3:  36%|███▋      | 32/88 [00:08<00:15,  3.72it/s, loss=1.527]
  epoch 3/3:  36%|███▋      | 32/88 [00:09<00:15,  3.72it/s, loss=1.532]
  epoch 3/3:  38%|███▊      | 33/88 [00:09<00:14,  3.72it/s, loss=1.532]
  epoch 3/3:  38%|███▊      | 33/88 [00:09<00:14,  3.72it/s, loss=1.529]
  epoch 3/3:  39%|███▊      | 34/88 [00:09<00:14,  3.70it/s, loss=1.529]
  epoch 3/3:  39%|███▊      | 34/88 [00:09<00:14,  3.70it/s, loss=1.528]
  epoch 3/3:  40%|███▉      | 35/88 [00:09<00:14,  3.72it/s, loss=1.528]
  epoch 3/3:  40%|███▉      | 35/88 [00:09<00:14,  3.72it/s, loss=1.526]
  epoch 3/3:  41%|████      | 36/88 [00:09<00:13,  3.73it/s, loss=1.526]
  epoch 3/3:  41%|████      | 36/88 [00:10<00:13,  3.73it/s, loss=1.527]
  epoch 3/3:  42%|████▏     | 37/88 [00:10<00:13,  3.73it/s, loss=1.527]
  epoch 3/3:  42%|████▏     | 37/88 [00:10<00:13,  3.73it/s, loss=1.529]
  epoch 3/3:  43%|████▎     | 38/88 [00:10<00:13,  3.71it/s, loss=1.529]
  epoch 3/3:  43%|████▎     | 38/88 [00:10<00:13,  3.71it/s, loss=1.526]
  epoch 3/3:  44%|████▍     | 39/88 [00:10<00:13,  3.73it/s, loss=1.526]
  epoch 3/3:  44%|████▍     | 39/88 [00:10<00:13,  3.73it/s, loss=1.527]
  epoch 3/3:  45%|████▌     | 40/88 [00:10<00:13,  3.69it/s, loss=1.527]
  epoch 3/3:  45%|████▌     | 40/88 [00:11<00:13,  3.69it/s, loss=1.529]
  epoch 3/3:  47%|████▋     | 41/88 [00:11<00:12,  3.69it/s, loss=1.529]
  epoch 3/3:  47%|████▋     | 41/88 [00:11<00:12,  3.69it/s, loss=1.532]
  epoch 3/3:  48%|████▊     | 42/88 [00:11<00:12,  3.71it/s, loss=1.532]
  epoch 3/3:  48%|████▊     | 42/88 [00:11<00:12,  3.71it/s, loss=1.537]
  epoch 3/3:  49%|████▉     | 43/88 [00:11<00:12,  3.72it/s, loss=1.537]
  epoch 3/3:  49%|████▉     | 43/88 [00:12<00:12,  3.72it/s, loss=1.538]
  epoch 3/3:  50%|█████     | 44/88 [00:12<00:11,  3.69it/s, loss=1.538]
  epoch 3/3:  50%|█████     | 44/88 [00:12<00:11,  3.69it/s, loss=1.541]
  epoch 3/3:  51%|█████     | 45/88 [00:12<00:11,  3.72it/s, loss=1.541]
  epoch 3/3:  51%|█████     | 45/88 [00:12<00:11,  3.72it/s, loss=1.541]
  epoch 3/3:  52%|█████▏    | 46/88 [00:12<00:11,  3.74it/s, loss=1.541]
  epoch 3/3:  52%|█████▏    | 46/88 [00:12<00:11,  3.74it/s, loss=1.539]
  epoch 3/3:  53%|█████▎    | 47/88 [00:12<00:10,  3.74it/s, loss=1.539]
  epoch 3/3:  53%|█████▎    | 47/88 [00:13<00:10,  3.74it/s, loss=1.538]
  epoch 3/3:  55%|█████▍    | 48/88 [00:13<00:10,  3.75it/s, loss=1.538]
  epoch 3/3:  55%|█████▍    | 48/88 [00:13<00:10,  3.75it/s, loss=1.540]
  epoch 3/3:  56%|█████▌    | 49/88 [00:13<00:10,  3.75it/s, loss=1.540]
  epoch 3/3:  56%|█████▌    | 49/88 [00:13<00:10,  3.75it/s, loss=1.541]
  epoch 3/3:  57%|█████▋    | 50/88 [00:13<00:10,  3.74it/s, loss=1.541]
  epoch 3/3:  57%|█████▋    | 50/88 [00:13<00:10,  3.74it/s, loss=1.542]
  epoch 3/3:  58%|█████▊    | 51/88 [00:13<00:09,  3.74it/s, loss=1.542]
  epoch 3/3:  58%|█████▊    | 51/88 [00:14<00:09,  3.74it/s, loss=1.542]
  epoch 3/3:  59%|█████▉    | 52/88 [00:14<00:09,  3.74it/s, loss=1.542]
  epoch 3/3:  59%|█████▉    | 52/88 [00:14<00:09,  3.74it/s, loss=1.541]
  epoch 3/3:  60%|██████    | 53/88 [00:14<00:09,  3.75it/s, loss=1.541]
  epoch 3/3:  60%|██████    | 53/88 [00:14<00:09,  3.75it/s, loss=1.544]
  epoch 3/3:  61%|██████▏   | 54/88 [00:14<00:09,  3.74it/s, loss=1.544]
  epoch 3/3:  61%|██████▏   | 54/88 [00:14<00:09,  3.74it/s, loss=1.544]
  epoch 3/3:  62%|██████▎   | 55/88 [00:14<00:08,  3.72it/s, loss=1.544]
  epoch 3/3:  62%|██████▎   | 55/88 [00:15<00:08,  3.72it/s, loss=1.543]
  epoch 3/3:  64%|██████▎   | 56/88 [00:15<00:08,  3.68it/s, loss=1.543]
  epoch 3/3:  64%|██████▎   | 56/88 [00:15<00:08,  3.68it/s, loss=1.541]
  epoch 3/3:  65%|██████▍   | 57/88 [00:15<00:08,  3.69it/s, loss=1.541]
  epoch 3/3:  65%|██████▍   | 57/88 [00:15<00:08,  3.69it/s, loss=1.537]
  epoch 3/3:  66%|██████▌   | 58/88 [00:15<00:08,  3.72it/s, loss=1.537]
  epoch 3/3:  66%|██████▌   | 58/88 [00:16<00:08,  3.72it/s, loss=1.534]
  epoch 3/3:  67%|██████▋   | 59/88 [00:16<00:07,  3.72it/s, loss=1.534]
  epoch 3/3:  67%|██████▋   | 59/88 [00:16<00:07,  3.72it/s, loss=1.531]
  epoch 3/3:  68%|██████▊   | 60/88 [00:16<00:07,  3.72it/s, loss=1.531]
  epoch 3/3:  68%|██████▊   | 60/88 [00:16<00:07,  3.72it/s, loss=1.532]
  epoch 3/3:  69%|██████▉   | 61/88 [00:16<00:07,  3.72it/s, loss=1.532]
  epoch 3/3:  69%|██████▉   | 61/88 [00:16<00:07,  3.72it/s, loss=1.530]
  epoch 3/3:  70%|███████   | 62/88 [00:16<00:06,  3.74it/s, loss=1.530]
  epoch 3/3:  70%|███████   | 62/88 [00:17<00:06,  3.74it/s, loss=1.529]
  epoch 3/3:  72%|███████▏  | 63/88 [00:17<00:06,  3.75it/s, loss=1.529]
  epoch 3/3:  72%|███████▏  | 63/88 [00:17<00:06,  3.75it/s, loss=1.526]
  epoch 3/3:  73%|███████▎  | 64/88 [00:17<00:06,  3.75it/s, loss=1.526]
  epoch 3/3:  73%|███████▎  | 64/88 [00:17<00:06,  3.75it/s, loss=1.527]
  epoch 3/3:  74%|███████▍  | 65/88 [00:17<00:06,  3.73it/s, loss=1.527]
  epoch 3/3:  74%|███████▍  | 65/88 [00:17<00:06,  3.73it/s, loss=1.523]
  epoch 3/3:  75%|███████▌  | 66/88 [00:17<00:05,  3.73it/s, loss=1.523]
  epoch 3/3:  75%|███████▌  | 66/88 [00:18<00:05,  3.73it/s, loss=1.523]
  epoch 3/3:  76%|███████▌  | 67/88 [00:18<00:05,  3.73it/s, loss=1.523]
  epoch 3/3:  76%|███████▌  | 67/88 [00:18<00:05,  3.73it/s, loss=1.519]
  epoch 3/3:  77%|███████▋  | 68/88 [00:18<00:05,  3.75it/s, loss=1.519]
  epoch 3/3:  77%|███████▋  | 68/88 [00:18<00:05,  3.75it/s, loss=1.518]
  epoch 3/3:  78%|███████▊  | 69/88 [00:18<00:05,  3.73it/s, loss=1.518]
  epoch 3/3:  78%|███████▊  | 69/88 [00:19<00:05,  3.73it/s, loss=1.519]
  epoch 3/3:  80%|███████▉  | 70/88 [00:19<00:04,  3.73it/s, loss=1.519]
  epoch 3/3:  80%|███████▉  | 70/88 [00:19<00:04,  3.73it/s, loss=1.517]
  epoch 3/3:  81%|████████  | 71/88 [00:19<00:04,  3.72it/s, loss=1.517]
  epoch 3/3:  81%|████████  | 71/88 [00:19<00:04,  3.72it/s, loss=1.516]
  epoch 3/3:  82%|████████▏ | 72/88 [00:19<00:04,  3.69it/s, loss=1.516]
  epoch 3/3:  82%|████████▏ | 72/88 [00:19<00:04,  3.69it/s, loss=1.516]
  epoch 3/3:  83%|████████▎ | 73/88 [00:19<00:04,  3.71it/s, loss=1.516]
  epoch 3/3:  83%|████████▎ | 73/88 [00:20<00:04,  3.71it/s, loss=1.517]
  epoch 3/3:  84%|████████▍ | 74/88 [00:20<00:03,  3.72it/s, loss=1.517]
  epoch 3/3:  84%|████████▍ | 74/88 [00:20<00:03,  3.72it/s, loss=1.516]
  epoch 3/3:  85%|████████▌ | 75/88 [00:20<00:03,  3.74it/s, loss=1.516]
  epoch 3/3:  85%|████████▌ | 75/88 [00:20<00:03,  3.74it/s, loss=1.516]
  epoch 3/3:  86%|████████▋ | 76/88 [00:20<00:03,  3.74it/s, loss=1.516]
  epoch 3/3:  86%|████████▋ | 76/88 [00:20<00:03,  3.74it/s, loss=1.516]
  epoch 3/3:  88%|████████▊ | 77/88 [00:20<00:02,  3.75it/s, loss=1.516]
  epoch 3/3:  88%|████████▊ | 77/88 [00:21<00:02,  3.75it/s, loss=1.514]
  epoch 3/3:  89%|████████▊ | 78/88 [00:21<00:02,  3.75it/s, loss=1.514]
  epoch 3/3:  89%|████████▊ | 78/88 [00:21<00:02,  3.75it/s, loss=1.512]
  epoch 3/3:  90%|████████▉ | 79/88 [00:21<00:02,  3.74it/s, loss=1.512]
  epoch 3/3:  90%|████████▉ | 79/88 [00:21<00:02,  3.74it/s, loss=1.511]
  epoch 3/3:  91%|█████████ | 80/88 [00:21<00:02,  3.73it/s, loss=1.511]
  epoch 3/3:  91%|█████████ | 80/88 [00:21<00:02,  3.73it/s, loss=1.510]
  epoch 3/3:  92%|█████████▏| 81/88 [00:21<00:01,  3.75it/s, loss=1.510]
  epoch 3/3:  92%|█████████▏| 81/88 [00:22<00:01,  3.75it/s, loss=1.508]
  epoch 3/3:  93%|█████████▎| 82/88 [00:22<00:01,  3.75it/s, loss=1.508]
  epoch 3/3:  93%|█████████▎| 82/88 [00:22<00:01,  3.75it/s, loss=1.507]
  epoch 3/3:  94%|█████████▍| 83/88 [00:22<00:01,  3.75it/s, loss=1.507]
  epoch 3/3:  94%|█████████▍| 83/88 [00:22<00:01,  3.75it/s, loss=1.508]
  epoch 3/3:  95%|█████████▌| 84/88 [00:22<00:01,  3.75it/s, loss=1.508]
  epoch 3/3:  95%|█████████▌| 84/88 [00:23<00:01,  3.75it/s, loss=1.510]
  epoch 3/3:  97%|█████████▋| 85/88 [00:23<00:00,  3.73it/s, loss=1.510]
  epoch 3/3:  97%|█████████▋| 85/88 [00:23<00:00,  3.73it/s, loss=1.508]
  epoch 3/3:  98%|█████████▊| 86/88 [00:23<00:00,  3.75it/s, loss=1.508]
  epoch 3/3:  98%|█████████▊| 86/88 [00:23<00:00,  3.75it/s, loss=1.508]
  epoch 3/3:  99%|█████████▉| 87/88 [00:23<00:00,  3.76it/s, loss=1.508]
  epoch 3/3:  99%|█████████▉| 87/88 [00:23<00:00,  3.76it/s, loss=1.507]
  epoch 3/3: 100%|██████████| 88/88 [00:23<00:00,  4.06it/s, loss=1.507]
                                                                        
[titans] reset=never | norm(state) sau task = 125.2928
[titans]   self-mod v:β=1.00 |W|=0.02
[titans]   eta_t(avg)=0.4448  alpha_t/forget-gate(avg)=0.5569
[task 1] test acc so far: 0.020  0.297
[task 1] NCM-head acc so far: 0.789  0.849
[task 2] classes=[20, 27, 29, 34, 37] | train=2800

  epoch 1/3:   0%|          | 0/88 [00:00<?, ?it/s]
  epoch 1/3:   0%|          | 0/88 [00:00<?, ?it/s, loss=1.818]
  epoch 1/3:   1%|          | 1/88 [00:00<00:40,  2.13it/s, loss=1.818]
  epoch 1/3:   1%|          | 1/88 [00:00<00:40,  2.13it/s, loss=1.814]
  epoch 1/3:   2%|▏         | 2/88 [00:00<00:29,  2.88it/s, loss=1.814]
  epoch 1/3:   2%|▏         | 2/88 [00:00<00:29,  2.88it/s, loss=1.817]
  epoch 1/3:   3%|▎         | 3/88 [00:00<00:26,  3.24it/s, loss=1.817]
  epoch 1/3:   3%|▎         | 3/88 [00:01<00:26,  3.24it/s, loss=1.812]
  epoch 1/3:   5%|▍         | 4/88 [00:01<00:24,  3.44it/s, loss=1.812]
  epoch 1/3:   5%|▍         | 4/88 [00:01<00:24,  3.44it/s, loss=1.796]
  epoch 1/3:   6%|▌         | 5/88 [00:01<00:23,  3.56it/s, loss=1.796]
  epoch 1/3:   6%|▌         | 5/88 [00:01<00:23,  3.56it/s, loss=1.785]
  epoch 1/3:   7%|▋         | 6/88 [00:01<00:22,  3.64it/s, loss=1.785]
  epoch 1/3:   7%|▋         | 6/88 [00:02<00:22,  3.64it/s, loss=1.782]
  epoch 1/3:   8%|▊         | 7/88 [00:02<00:21,  3.69it/s, loss=1.782]
  epoch 1/3:   8%|▊         | 7/88 [00:02<00:21,  3.69it/s, loss=1.787]
  epoch 1/3:   9%|▉         | 8/88 [00:02<00:21,  3.73it/s, loss=1.787]
  epoch 1/3:   9%|▉         | 8/88 [00:02<00:21,  3.73it/s, loss=1.773]
  epoch 1/3:  10%|█         | 9/88 [00:02<00:21,  3.75it/s, loss=1.773]
  epoch 1/3:  10%|█         | 9/88 [00:02<00:21,  3.75it/s, loss=1.769]
  epoch 1/3:  11%|█▏        | 10/88 [00:02<00:20,  3.76it/s, loss=1.769]
  epoch 1/3:  11%|█▏        | 10/88 [00:03<00:20,  3.76it/s, loss=1.781]
  epoch 1/3:  12%|█▎        | 11/88 [00:03<00:20,  3.77it/s, loss=1.781]
  epoch 1/3:  12%|█▎        | 11/88 [00:03<00:20,  3.77it/s, loss=1.783]
  epoch 1/3:  14%|█▎        | 12/88 [00:03<00:20,  3.78it/s, loss=1.783]
  epoch 1/3:  14%|█▎        | 12/88 [00:03<00:20,  3.78it/s, loss=1.774]
  epoch 1/3:  15%|█▍        | 13/88 [00:03<00:19,  3.79it/s, loss=1.774]
  epoch 1/3:  15%|█▍        | 13/88 [00:03<00:19,  3.79it/s, loss=1.786]
  epoch 1/3:  16%|█▌        | 14/88 [00:03<00:19,  3.79it/s, loss=1.786]
  epoch 1/3:  16%|█▌        | 14/88 [00:04<00:19,  3.79it/s, loss=1.794]
  epoch 1/3:  17%|█▋        | 15/88 [00:04<00:19,  3.79it/s, loss=1.794]
  epoch 1/3:  17%|█▋        | 15/88 [00:04<00:19,  3.79it/s, loss=1.791]
  epoch 1/3:  18%|█▊        | 16/88 [00:04<00:19,  3.75it/s, loss=1.791]
  epoch 1/3:  18%|█▊        | 16/88 [00:04<00:19,  3.75it/s, loss=1.794]
  epoch 1/3:  19%|█▉        | 17/88 [00:04<00:18,  3.76it/s, loss=1.794]
  epoch 1/3:  19%|█▉        | 17/88 [00:04<00:18,  3.76it/s, loss=1.798]
  epoch 1/3:  20%|██        | 18/88 [00:04<00:18,  3.76it/s, loss=1.798]
  epoch 1/3:  20%|██        | 18/88 [00:05<00:18,  3.76it/s, loss=1.793]
  epoch 1/3:  22%|██▏       | 19/88 [00:05<00:18,  3.75it/s, loss=1.793]
  epoch 1/3:  22%|██▏       | 19/88 [00:05<00:18,  3.75it/s, loss=1.787]
  epoch 1/3:  23%|██▎       | 20/88 [00:05<00:18,  3.76it/s, loss=1.787]
  epoch 1/3:  23%|██▎       | 20/88 [00:05<00:18,  3.76it/s, loss=1.789]
  epoch 1/3:  24%|██▍       | 21/88 [00:05<00:17,  3.77it/s, loss=1.789]
  epoch 1/3:  24%|██▍       | 21/88 [00:06<00:17,  3.77it/s, loss=1.782]
  epoch 1/3:  25%|██▌       | 22/88 [00:06<00:17,  3.78it/s, loss=1.782]
  epoch 1/3:  25%|██▌       | 22/88 [00:06<00:17,  3.78it/s, loss=1.784]
  epoch 1/3:  26%|██▌       | 23/88 [00:06<00:17,  3.79it/s, loss=1.784]
  epoch 1/3:  26%|██▌       | 23/88 [00:06<00:17,  3.79it/s, loss=1.785]
  epoch 1/3:  27%|██▋       | 24/88 [00:06<00:16,  3.79it/s, loss=1.785]
  epoch 1/3:  27%|██▋       | 24/88 [00:06<00:16,  3.79it/s, loss=1.784]
  epoch 1/3:  28%|██▊       | 25/88 [00:06<00:16,  3.76it/s, loss=1.784]
  epoch 1/3:  28%|██▊       | 25/88 [00:07<00:16,  3.76it/s, loss=1.785]
  epoch 1/3:  30%|██▉       | 26/88 [00:07<00:16,  3.74it/s, loss=1.785]
  epoch 1/3:  30%|██▉       | 26/88 [00:07<00:16,  3.74it/s, loss=1.783]
  epoch 1/3:  31%|███       | 27/88 [00:07<00:16,  3.73it/s, loss=1.783]
  epoch 1/3:  31%|███       | 27/88 [00:07<00:16,  3.73it/s, loss=1.787]
  epoch 1/3:  32%|███▏      | 28/88 [00:07<00:15,  3.76it/s, loss=1.787]
  epoch 1/3:  32%|███▏      | 28/88 [00:07<00:15,  3.76it/s, loss=1.783]
  epoch 1/3:  33%|███▎      | 29/88 [00:07<00:15,  3.76it/s, loss=1.783]
  epoch 1/3:  33%|███▎      | 29/88 [00:08<00:15,  3.76it/s, loss=1.788]
  epoch 1/3:  34%|███▍      | 30/88 [00:08<00:15,  3.78it/s, loss=1.788]
  epoch 1/3:  34%|███▍      | 30/88 [00:08<00:15,  3.78it/s, loss=1.792]
  epoch 1/3:  35%|███▌      | 31/88 [00:08<00:15,  3.78it/s, loss=1.792]
  epoch 1/3:  35%|███▌      | 31/88 [00:08<00:15,  3.78it/s, loss=1.790]
  epoch 1/3:  36%|███▋      | 32/88 [00:08<00:15,  3.72it/s, loss=1.790]
  epoch 1/3:  36%|███▋      | 32/88 [00:08<00:15,  3.72it/s, loss=1.787]
  epoch 1/3:  38%|███▊      | 33/88 [00:08<00:14,  3.72it/s, loss=1.787]
  epoch 1/3:  38%|███▊      | 33/88 [00:09<00:14,  3.72it/s, loss=1.788]
  epoch 1/3:  39%|███▊      | 34/88 [00:09<00:14,  3.75it/s, loss=1.788]
  epoch 1/3:  39%|███▊      | 34/88 [00:09<00:14,  3.75it/s, loss=1.788]
  epoch 1/3:  40%|███▉      | 35/88 [00:09<00:14,  3.75it/s, loss=1.788]
  epoch 1/3:  40%|███▉      | 35/88 [00:09<00:14,  3.75it/s, loss=1.788]
  epoch 1/3:  41%|████      | 36/88 [00:09<00:13,  3.75it/s, loss=1.788]
  epoch 1/3:  41%|████      | 36/88 [00:10<00:13,  3.75it/s, loss=1.789]
  epoch 1/3:  42%|████▏     | 37/88 [00:10<00:13,  3.74it/s, loss=1.789]
  epoch 1/3:  42%|████▏     | 37/88 [00:10<00:13,  3.74it/s, loss=1.792]
  epoch 1/3:  43%|████▎     | 38/88 [00:10<00:13,  3.73it/s, loss=1.792]
  epoch 1/3:  43%|████▎     | 38/88 [00:10<00:13,  3.73it/s, loss=1.794]
  epoch 1/3:  44%|████▍     | 39/88 [00:10<00:13,  3.74it/s, loss=1.794]
  epoch 1/3:  44%|████▍     | 39/88 [00:10<00:13,  3.74it/s, loss=1.796]
  epoch 1/3:  45%|████▌     | 40/88 [00:10<00:12,  3.76it/s, loss=1.796]
  epoch 1/3:  45%|████▌     | 40/88 [00:11<00:12,  3.76it/s, loss=1.794]
  epoch 1/3:  47%|████▋     | 41/88 [00:11<00:12,  3.76it/s, loss=1.794]
  epoch 1/3:  47%|████▋     | 41/88 [00:11<00:12,  3.76it/s, loss=1.796]
  epoch 1/3:  48%|████▊     | 42/88 [00:11<00:12,  3.75it/s, loss=1.796]
  epoch 1/3:  48%|████▊     | 42/88 [00:11<00:12,  3.75it/s, loss=1.796]
  epoch 1/3:  49%|████▉     | 43/88 [00:11<00:11,  3.75it/s, loss=1.796]
  epoch 1/3:  49%|████▉     | 43/88 [00:11<00:11,  3.75it/s, loss=1.796]
  epoch 1/3:  50%|█████     | 44/88 [00:11<00:11,  3.74it/s, loss=1.796]
  epoch 1/3:  50%|█████     | 44/88 [00:12<00:11,  3.74it/s, loss=1.795]
  epoch 1/3:  51%|█████     | 45/88 [00:12<00:11,  3.74it/s, loss=1.795]
  epoch 1/3:  51%|█████     | 45/88 [00:12<00:11,  3.74it/s, loss=1.796]
  epoch 1/3:  52%|█████▏    | 46/88 [00:12<00:11,  3.75it/s, loss=1.796]
  epoch 1/3:  52%|█████▏    | 46/88 [00:12<00:11,  3.75it/s, loss=1.797]
  epoch 1/3:  53%|█████▎    | 47/88 [00:12<00:10,  3.76it/s, loss=1.797]
  epoch 1/3:  53%|█████▎    | 47/88 [00:12<00:10,  3.76it/s, loss=1.798]
  epoch 1/3:  55%|█████▍    | 48/88 [00:12<00:10,  3.71it/s, loss=1.798]
  epoch 1/3:  55%|█████▍    | 48/88 [00:13<00:10,  3.71it/s, loss=1.799]
  epoch 1/3:  56%|█████▌    | 49/88 [00:13<00:10,  3.72it/s, loss=1.799]
  epoch 1/3:  56%|█████▌    | 49/88 [00:13<00:10,  3.72it/s, loss=1.797]
  epoch 1/3:  57%|█████▋    | 50/88 [00:13<00:10,  3.75it/s, loss=1.797]
  epoch 1/3:  57%|█████▋    | 50/88 [00:13<00:10,  3.75it/s, loss=1.797]
  epoch 1/3:  58%|█████▊    | 51/88 [00:13<00:09,  3.74it/s, loss=1.797]
  epoch 1/3:  58%|█████▊    | 51/88 [00:14<00:09,  3.74it/s, loss=1.797]
  epoch 1/3:  59%|█████▉    | 52/88 [00:14<00:09,  3.76it/s, loss=1.797]
  epoch 1/3:  59%|█████▉    | 52/88 [00:14<00:09,  3.76it/s, loss=1.797]
  epoch 1/3:  60%|██████    | 53/88 [00:14<00:09,  3.75it/s, loss=1.797]
  epoch 1/3:  60%|██████    | 53/88 [00:14<00:09,  3.75it/s, loss=1.797]
  epoch 1/3:  61%|██████▏   | 54/88 [00:14<00:09,  3.74it/s, loss=1.797]
  epoch 1/3:  61%|██████▏   | 54/88 [00:14<00:09,  3.74it/s, loss=1.795]
  epoch 1/3:  62%|██████▎   | 55/88 [00:14<00:08,  3.74it/s, loss=1.795]
  epoch 1/3:  62%|██████▎   | 55/88 [00:15<00:08,  3.74it/s, loss=1.795]
  epoch 1/3:  64%|██████▎   | 56/88 [00:15<00:08,  3.75it/s, loss=1.795]
  epoch 1/3:  64%|██████▎   | 56/88 [00:15<00:08,  3.75it/s, loss=1.794]
  epoch 1/3:  65%|██████▍   | 57/88 [00:15<00:08,  3.75it/s, loss=1.794]
  epoch 1/3:  65%|██████▍   | 57/88 [00:15<00:08,  3.75it/s, loss=1.793]
  epoch 1/3:  66%|██████▌   | 58/88 [00:15<00:08,  3.75it/s, loss=1.793]
  epoch 1/3:  66%|██████▌   | 58/88 [00:15<00:08,  3.75it/s, loss=1.793]
  epoch 1/3:  67%|██████▋   | 59/88 [00:15<00:07,  3.72it/s, loss=1.793]
  epoch 1/3:  67%|██████▋   | 59/88 [00:16<00:07,  3.72it/s, loss=1.794]
  epoch 1/3:  68%|██████▊   | 60/88 [00:16<00:07,  3.74it/s, loss=1.794]
  epoch 1/3:  68%|██████▊   | 60/88 [00:16<00:07,  3.74it/s, loss=1.795]
  epoch 1/3:  69%|██████▉   | 61/88 [00:16<00:07,  3.75it/s, loss=1.795]
  epoch 1/3:  69%|██████▉   | 61/88 [00:16<00:07,  3.75it/s, loss=1.795]
  epoch 1/3:  70%|███████   | 62/88 [00:16<00:06,  3.76it/s, loss=1.795]
  epoch 1/3:  70%|███████   | 62/88 [00:16<00:06,  3.76it/s, loss=1.795]
  epoch 1/3:  72%|███████▏  | 63/88 [00:16<00:06,  3.74it/s, loss=1.795]
  epoch 1/3:  72%|███████▏  | 63/88 [00:17<00:06,  3.74it/s, loss=1.795]
  epoch 1/3:  73%|███████▎  | 64/88 [00:17<00:06,  3.68it/s, loss=1.795]
  epoch 1/3:  73%|███████▎  | 64/88 [00:17<00:06,  3.68it/s, loss=1.795]
  epoch 1/3:  74%|███████▍  | 65/88 [00:17<00:06,  3.70it/s, loss=1.795]
  epoch 1/3:  74%|███████▍  | 65/88 [00:17<00:06,  3.70it/s, loss=1.795]
  epoch 1/3:  75%|███████▌  | 66/88 [00:17<00:05,  3.70it/s, loss=1.795]
  epoch 1/3:  75%|███████▌  | 66/88 [00:18<00:05,  3.70it/s, loss=1.797]
  epoch 1/3:  76%|███████▌  | 67/88 [00:18<00:05,  3.72it/s, loss=1.797]
  epoch 1/3:  76%|███████▌  | 67/88 [00:18<00:05,  3.72it/s, loss=1.797]
  epoch 1/3:  77%|███████▋  | 68/88 [00:18<00:05,  3.73it/s, loss=1.797]
  epoch 1/3:  77%|███████▋  | 68/88 [00:18<00:05,  3.73it/s, loss=1.798]
  epoch 1/3:  78%|███████▊  | 69/88 [00:18<00:05,  3.74it/s, loss=1.798]
  epoch 1/3:  78%|███████▊  | 69/88 [00:18<00:05,  3.74it/s, loss=1.796]
  epoch 1/3:  80%|███████▉  | 70/88 [00:18<00:04,  3.73it/s, loss=1.796]
  epoch 1/3:  80%|███████▉  | 70/88 [00:19<00:04,  3.73it/s, loss=1.798]
  epoch 1/3:  81%|████████  | 71/88 [00:19<00:04,  3.71it/s, loss=1.798]
  epoch 1/3:  81%|████████  | 71/88 [00:19<00:04,  3.71it/s, loss=1.796]
  epoch 1/3:  82%|████████▏ | 72/88 [00:19<00:04,  3.74it/s, loss=1.796]
  epoch 1/3:  82%|████████▏ | 72/88 [00:19<00:04,  3.74it/s, loss=1.796]
  epoch 1/3:  83%|████████▎ | 73/88 [00:19<00:04,  3.73it/s, loss=1.796]
  epoch 1/3:  83%|████████▎ | 73/88 [00:19<00:04,  3.73it/s, loss=1.796]
  epoch 1/3:  84%|████████▍ | 74/88 [00:19<00:03,  3.72it/s, loss=1.796]
  epoch 1/3:  84%|████████▍ | 74/88 [00:20<00:03,  3.72it/s, loss=1.794]
  epoch 1/3:  85%|████████▌ | 75/88 [00:20<00:03,  3.72it/s, loss=1.794]
  epoch 1/3:  85%|████████▌ | 75/88 [00:20<00:03,  3.72it/s, loss=1.795]
  epoch 1/3:  86%|████████▋ | 76/88 [00:20<00:03,  3.74it/s, loss=1.795]
  epoch 1/3:  86%|████████▋ | 76/88 [00:20<00:03,  3.74it/s, loss=1.795]
  epoch 1/3:  88%|████████▊ | 77/88 [00:20<00:02,  3.73it/s, loss=1.795]
  epoch 1/3:  88%|████████▊ | 77/88 [00:20<00:02,  3.73it/s, loss=1.795]
  epoch 1/3:  89%|████████▊ | 78/88 [00:20<00:02,  3.72it/s, loss=1.795]
  epoch 1/3:  89%|████████▊ | 78/88 [00:21<00:02,  3.72it/s, loss=1.796]
  epoch 1/3:  90%|████████▉ | 79/88 [00:21<00:02,  3.72it/s, loss=1.796]
  epoch 1/3:  90%|████████▉ | 79/88 [00:21<00:02,  3.72it/s, loss=1.795]
  epoch 1/3:  91%|█████████ | 80/88 [00:21<00:02,  3.69it/s, loss=1.795]
  epoch 1/3:  91%|█████████ | 80/88 [00:21<00:02,  3.69it/s, loss=1.794]
  epoch 1/3:  92%|█████████▏| 81/88 [00:21<00:01,  3.69it/s, loss=1.794]
  epoch 1/3:  92%|█████████▏| 81/88 [00:22<00:01,  3.69it/s, loss=1.793]
  epoch 1/3:  93%|█████████▎| 82/88 [00:22<00:01,  3.72it/s, loss=1.793]
  epoch 1/3:  93%|█████████▎| 82/88 [00:22<00:01,  3.72it/s, loss=1.793]
  epoch 1/3:  94%|█████████▍| 83/88 [00:22<00:01,  3.73it/s, loss=1.793]
  epoch 1/3:  94%|█████████▍| 83/88 [00:22<00:01,  3.73it/s, loss=1.793]
  epoch 1/3:  95%|█████████▌| 84/88 [00:22<00:01,  3.73it/s, loss=1.793]
  epoch 1/3:  95%|█████████▌| 84/88 [00:22<00:01,  3.73it/s, loss=1.795]
  epoch 1/3:  97%|█████████▋| 85/88 [00:22<00:00,  3.74it/s, loss=1.795]
  epoch 1/3:  97%|█████████▋| 85/88 [00:23<00:00,  3.74it/s, loss=1.796]
  epoch 1/3:  98%|█████████▊| 86/88 [00:23<00:00,  3.72it/s, loss=1.796]
  epoch 1/3:  98%|█████████▊| 86/88 [00:23<00:00,  3.72it/s, loss=1.797]
  epoch 1/3:  99%|█████████▉| 87/88 [00:23<00:00,  3.73it/s, loss=1.797]
  epoch 1/3:  99%|█████████▉| 87/88 [00:23<00:00,  3.73it/s, loss=1.797]
  epoch 1/3: 100%|██████████| 88/88 [00:23<00:00,  4.09it/s, loss=1.797]
                                                                        

  epoch 2/3:   0%|          | 0/88 [00:00<?, ?it/s]
  epoch 2/3:   0%|          | 0/88 [00:00<?, ?it/s, loss=1.846]
  epoch 2/3:   1%|          | 1/88 [00:00<00:40,  2.13it/s, loss=1.846]
  epoch 2/3:   1%|          | 1/88 [00:00<00:40,  2.13it/s, loss=1.870]
  epoch 2/3:   2%|▏         | 2/88 [00:00<00:30,  2.84it/s, loss=1.870]
  epoch 2/3:   2%|▏         | 2/88 [00:01<00:30,  2.84it/s, loss=1.849]
  epoch 2/3:   3%|▎         | 3/88 [00:01<00:26,  3.18it/s, loss=1.849]
  epoch 2/3:   3%|▎         | 3/88 [00:01<00:26,  3.18it/s, loss=1.811]
  epoch 2/3:   5%|▍         | 4/88 [00:01<00:24,  3.37it/s, loss=1.811]
  epoch 2/3:   5%|▍         | 4/88 [00:01<00:24,  3.37it/s, loss=1.801]
  epoch 2/3:   6%|▌         | 5/88 [00:01<00:23,  3.48it/s, loss=1.801]
  epoch 2/3:   6%|▌         | 5/88 [00:01<00:23,  3.48it/s, loss=1.819]
  epoch 2/3:   7%|▋         | 6/88 [00:01<00:22,  3.58it/s, loss=1.819]
  epoch 2/3:   7%|▋         | 6/88 [00:02<00:22,  3.58it/s, loss=1.829]
  epoch 2/3:   8%|▊         | 7/88 [00:02<00:22,  3.65it/s, loss=1.829]
  epoch 2/3:   8%|▊         | 7/88 [00:02<00:22,  3.65it/s, loss=1.823]
  epoch 2/3:   9%|▉         | 8/88 [00:02<00:21,  3.65it/s, loss=1.823]
  epoch 2/3:   9%|▉         | 8/88 [00:02<00:21,  3.65it/s, loss=1.815]
  epoch 2/3:  10%|█         | 9/88 [00:02<00:21,  3.66it/s, loss=1.815]
  epoch 2/3:  10%|█         | 9/88 [00:02<00:21,  3.66it/s, loss=1.801]
  epoch 2/3:  11%|█▏        | 10/88 [00:02<00:21,  3.70it/s, loss=1.801]
  epoch 2/3:  11%|█▏        | 10/88 [00:03<00:21,  3.70it/s, loss=1.791]
  epoch 2/3:  12%|█▎        | 11/88 [00:03<00:20,  3.71it/s, loss=1.791]
  epoch 2/3:  12%|█▎        | 11/88 [00:03<00:20,  3.71it/s, loss=1.786]
  epoch 2/3:  14%|█▎        | 12/88 [00:03<00:20,  3.72it/s, loss=1.786]
  epoch 2/3:  14%|█▎        | 12/88 [00:03<00:20,  3.72it/s, loss=1.779]
  epoch 2/3:  15%|█▍        | 13/88 [00:03<00:20,  3.72it/s, loss=1.779]
  epoch 2/3:  15%|█▍        | 13/88 [00:03<00:20,  3.72it/s, loss=1.772]
  epoch 2/3:  16%|█▌        | 14/88 [00:03<00:19,  3.71it/s, loss=1.772]
  epoch 2/3:  16%|█▌        | 14/88 [00:04<00:19,  3.71it/s, loss=1.771]
  epoch 2/3:  17%|█▋        | 15/88 [00:04<00:19,  3.74it/s, loss=1.771]
  epoch 2/3:  17%|█▋        | 15/88 [00:04<00:19,  3.74it/s, loss=1.768]
  epoch 2/3:  18%|█▊        | 16/88 [00:04<00:19,  3.74it/s, loss=1.768]
  epoch 2/3:  18%|█▊        | 16/88 [00:04<00:19,  3.74it/s, loss=1.768]
  epoch 2/3:  19%|█▉        | 17/88 [00:04<00:19,  3.74it/s, loss=1.768]
  epoch 2/3:  19%|█▉        | 17/88 [00:05<00:19,  3.74it/s, loss=1.769]
  epoch 2/3:  20%|██        | 18/88 [00:05<00:18,  3.73it/s, loss=1.769]
  epoch 2/3:  20%|██        | 18/88 [00:05<00:18,  3.73it/s, loss=1.777]
  epoch 2/3:  22%|██▏       | 19/88 [00:05<00:18,  3.73it/s, loss=1.777]
  epoch 2/3:  22%|██▏       | 19/88 [00:05<00:18,  3.73it/s, loss=1.781]
  epoch 2/3:  23%|██▎       | 20/88 [00:05<00:18,  3.75it/s, loss=1.781]
  epoch 2/3:  23%|██▎       | 20/88 [00:05<00:18,  3.75it/s, loss=1.783]
  epoch 2/3:  24%|██▍       | 21/88 [00:05<00:17,  3.75it/s, loss=1.783]
  epoch 2/3:  24%|██▍       | 21/88 [00:06<00:17,  3.75it/s, loss=1.786]
  epoch 2/3:  25%|██▌       | 22/88 [00:06<00:17,  3.75it/s, loss=1.786]
  epoch 2/3:  25%|██▌       | 22/88 [00:06<00:17,  3.75it/s, loss=1.792]
  epoch 2/3:  26%|██▌       | 23/88 [00:06<00:17,  3.75it/s, loss=1.792]
  epoch 2/3:  26%|██▌       | 23/88 [00:06<00:17,  3.75it/s, loss=1.794]
  epoch 2/3:  27%|██▋       | 24/88 [00:06<00:17,  3.69it/s, loss=1.794]
  epoch 2/3:  27%|██▋       | 24/88 [00:06<00:17,  3.69it/s, loss=1.795]
  epoch 2/3:  28%|██▊       | 25/88 [00:06<00:17,  3.70it/s, loss=1.795]
  epoch 2/3:  28%|██▊       | 25/88 [00:07<00:17,  3.70it/s, loss=1.796]
  epoch 2/3:  30%|██▉       | 26/88 [00:07<00:16,  3.70it/s, loss=1.796]
  epoch 2/3:  30%|██▉       | 26/88 [00:07<00:16,  3.70it/s, loss=1.791]
  epoch 2/3:  31%|███       | 27/88 [00:07<00:16,  3.72it/s, loss=1.791]
  epoch 2/3:  31%|███       | 27/88 [00:07<00:16,  3.72it/s, loss=1.792]
  epoch 2/3:  32%|███▏      | 28/88 [00:07<00:16,  3.72it/s, loss=1.792]
  epoch 2/3:  32%|███▏      | 28/88 [00:07<00:16,  3.72it/s, loss=1.793]
  epoch 2/3:  33%|███▎      | 29/88 [00:07<00:15,  3.73it/s, loss=1.793]
  epoch 2/3:  33%|███▎      | 29/88 [00:08<00:15,  3.73it/s, loss=1.793]
  epoch 2/3:  34%|███▍      | 30/88 [00:08<00:15,  3.73it/s, loss=1.793]
  epoch 2/3:  34%|███▍      | 30/88 [00:08<00:15,  3.73it/s, loss=1.791]
  epoch 2/3:  35%|███▌      | 31/88 [00:08<00:15,  3.72it/s, loss=1.791]
  epoch 2/3:  35%|███▌      | 31/88 [00:08<00:15,  3.72it/s, loss=1.790]
  epoch 2/3:  36%|███▋      | 32/88 [00:08<00:15,  3.73it/s, loss=1.790]
  epoch 2/3:  36%|███▋      | 32/88 [00:09<00:15,  3.73it/s, loss=1.784]
  epoch 2/3:  38%|███▊      | 33/88 [00:09<00:14,  3.73it/s, loss=1.784]
  epoch 2/3:  38%|███▊      | 33/88 [00:09<00:14,  3.73it/s, loss=1.786]
  epoch 2/3:  39%|███▊      | 34/88 [00:09<00:14,  3.73it/s, loss=1.786]
  epoch 2/3:  39%|███▊      | 34/88 [00:09<00:14,  3.73it/s, loss=1.784]
  epoch 2/3:  40%|███▉      | 35/88 [00:09<00:14,  3.71it/s, loss=1.784]
  epoch 2/3:  40%|███▉      | 35/88 [00:09<00:14,  3.71it/s, loss=1.783]
  epoch 2/3:  41%|████      | 36/88 [00:09<00:13,  3.73it/s, loss=1.783]
  epoch 2/3:  41%|████      | 36/88 [00:10<00:13,  3.73it/s, loss=1.783]
  epoch 2/3:  42%|████▏     | 37/88 [00:10<00:13,  3.75it/s, loss=1.783]
  epoch 2/3:  42%|████▏     | 37/88 [00:10<00:13,  3.75it/s, loss=1.783]
  epoch 2/3:  43%|████▎     | 38/88 [00:10<00:13,  3.76it/s, loss=1.783]
  epoch 2/3:  43%|████▎     | 38/88 [00:10<00:13,  3.76it/s, loss=1.785]
  epoch 2/3:  44%|████▍     | 39/88 [00:10<00:13,  3.76it/s, loss=1.785]
  epoch 2/3:  44%|████▍     | 39/88 [00:10<00:13,  3.76it/s, loss=1.786]
  epoch 2/3:  45%|████▌     | 40/88 [00:10<00:12,  3.71it/s, loss=1.786]
  epoch 2/3:  45%|████▌     | 40/88 [00:11<00:12,  3.71it/s, loss=1.784]
  epoch 2/3:  47%|████▋     | 41/88 [00:11<00:12,  3.72it/s, loss=1.784]
  epoch 2/3:  47%|████▋     | 41/88 [00:11<00:12,  3.72it/s, loss=1.787]
  epoch 2/3:  48%|████▊     | 42/88 [00:11<00:12,  3.73it/s, loss=1.787]
  epoch 2/3:  48%|████▊     | 42/88 [00:11<00:12,  3.73it/s, loss=1.787]
  epoch 2/3:  49%|████▉     | 43/88 [00:11<00:12,  3.74it/s, loss=1.787]
  epoch 2/3:  49%|████▉     | 43/88 [00:11<00:12,  3.74it/s, loss=1.788]
  epoch 2/3:  50%|█████     | 44/88 [00:11<00:11,  3.75it/s, loss=1.788]
  epoch 2/3:  50%|█████     | 44/88 [00:12<00:11,  3.75it/s, loss=1.787]
  epoch 2/3:  51%|█████     | 45/88 [00:12<00:11,  3.74it/s, loss=1.787]
  epoch 2/3:  51%|█████     | 45/88 [00:12<00:11,  3.74it/s, loss=1.785]
  epoch 2/3:  52%|█████▏    | 46/88 [00:12<00:11,  3.72it/s, loss=1.785]
  epoch 2/3:  52%|█████▏    | 46/88 [00:12<00:11,  3.72it/s, loss=1.784]
  epoch 2/3:  53%|█████▎    | 47/88 [00:12<00:10,  3.73it/s, loss=1.784]
  epoch 2/3:  53%|█████▎    | 47/88 [00:13<00:10,  3.73it/s, loss=1.781]
  epoch 2/3:  55%|█████▍    | 48/88 [00:13<00:10,  3.74it/s, loss=1.781]
  epoch 2/3:  55%|█████▍    | 48/88 [00:13<00:10,  3.74it/s, loss=1.781]
  epoch 2/3:  56%|█████▌    | 49/88 [00:13<00:10,  3.72it/s, loss=1.781]
  epoch 2/3:  56%|█████▌    | 49/88 [00:13<00:10,  3.72it/s, loss=1.782]
  epoch 2/3:  57%|█████▋    | 50/88 [00:13<00:10,  3.72it/s, loss=1.782]
  epoch 2/3:  57%|█████▋    | 50/88 [00:13<00:10,  3.72it/s, loss=1.780]
  epoch 2/3:  58%|█████▊    | 51/88 [00:13<00:09,  3.74it/s, loss=1.780]
  epoch 2/3:  58%|█████▊    | 51/88 [00:14<00:09,  3.74it/s, loss=1.779]
  epoch 2/3:  59%|█████▉    | 52/88 [00:14<00:09,  3.74it/s, loss=1.779]
  epoch 2/3:  59%|█████▉    | 52/88 [00:14<00:09,  3.74it/s, loss=1.779]
  epoch 2/3:  60%|██████    | 53/88 [00:14<00:09,  3.73it/s, loss=1.779]
  epoch 2/3:  60%|██████    | 53/88 [00:14<00:09,  3.73it/s, loss=1.776]
  epoch 2/3:  61%|██████▏   | 54/88 [00:14<00:09,  3.73it/s, loss=1.776]
  epoch 2/3:  61%|██████▏   | 54/88 [00:14<00:09,  3.73it/s, loss=1.776]
  epoch 2/3:  62%|██████▎   | 55/88 [00:14<00:08,  3.72it/s, loss=1.776]
  epoch 2/3:  62%|██████▎   | 55/88 [00:15<00:08,  3.72it/s, loss=1.778]
  epoch 2/3:  64%|██████▎   | 56/88 [00:15<00:08,  3.69it/s, loss=1.778]
  epoch 2/3:  64%|██████▎   | 56/88 [00:15<00:08,  3.69it/s, loss=1.776]
  epoch 2/3:  65%|██████▍   | 57/88 [00:15<00:08,  3.71it/s, loss=1.776]
  epoch 2/3:  65%|██████▍   | 57/88 [00:15<00:08,  3.71it/s, loss=1.776]
  epoch 2/3:  66%|██████▌   | 58/88 [00:15<00:08,  3.71it/s, loss=1.776]
  epoch 2/3:  66%|██████▌   | 58/88 [00:16<00:08,  3.71it/s, loss=1.775]
  epoch 2/3:  67%|██████▋   | 59/88 [00:16<00:07,  3.72it/s, loss=1.775]
  epoch 2/3:  67%|██████▋   | 59/88 [00:16<00:07,  3.72it/s, loss=1.773]
  epoch 2/3:  68%|██████▊   | 60/88 [00:16<00:07,  3.74it/s, loss=1.773]
  epoch 2/3:  68%|██████▊   | 60/88 [00:16<00:07,  3.74it/s, loss=1.774]
  epoch 2/3:  69%|██████▉   | 61/88 [00:16<00:07,  3.74it/s, loss=1.774]
  epoch 2/3:  69%|██████▉   | 61/88 [00:16<00:07,  3.74it/s, loss=1.774]
  epoch 2/3:  70%|███████   | 62/88 [00:16<00:06,  3.73it/s, loss=1.774]
  epoch 2/3:  70%|███████   | 62/88 [00:17<00:06,  3.73it/s, loss=1.775]
  epoch 2/3:  72%|███████▏  | 63/88 [00:17<00:06,  3.72it/s, loss=1.775]
  epoch 2/3:  72%|███████▏  | 63/88 [00:17<00:06,  3.72it/s, loss=1.775]
  epoch 2/3:  73%|███████▎  | 64/88 [00:17<00:06,  3.74it/s, loss=1.775]
  epoch 2/3:  73%|███████▎  | 64/88 [00:17<00:06,  3.74it/s, loss=1.774]
  epoch 2/3:  74%|███████▍  | 65/88 [00:17<00:06,  3.75it/s, loss=1.774]
  epoch 2/3:  74%|███████▍  | 65/88 [00:17<00:06,  3.75it/s, loss=1.773]
  epoch 2/3:  75%|███████▌  | 66/88 [00:17<00:05,  3.73it/s, loss=1.773]
  epoch 2/3:  75%|███████▌  | 66/88 [00:18<00:05,  3.73it/s, loss=1.772]
  epoch 2/3:  76%|███████▌  | 67/88 [00:18<00:05,  3.73it/s, loss=1.772]
  epoch 2/3:  76%|███████▌  | 67/88 [00:18<00:05,  3.73it/s, loss=1.772]
  epoch 2/3:  77%|███████▋  | 68/88 [00:18<00:05,  3.72it/s, loss=1.772]
  epoch 2/3:  77%|███████▋  | 68/88 [00:18<00:05,  3.72it/s, loss=1.771]
  epoch 2/3:  78%|███████▊  | 69/88 [00:18<00:05,  3.74it/s, loss=1.771]
  epoch 2/3:  78%|███████▊  | 69/88 [00:18<00:05,  3.74it/s, loss=1.770]
  epoch 2/3:  80%|███████▉  | 70/88 [00:18<00:04,  3.75it/s, loss=1.770]
  epoch 2/3:  80%|███████▉  | 70/88 [00:19<00:04,  3.75it/s, loss=1.770]
  epoch 2/3:  81%|████████  | 71/88 [00:19<00:04,  3.74it/s, loss=1.770]
  epoch 2/3:  81%|████████  | 71/88 [00:19<00:04,  3.74it/s, loss=1.769]
  epoch 2/3:  82%|████████▏ | 72/88 [00:19<00:04,  3.69it/s, loss=1.769]
  epoch 2/3:  82%|████████▏ | 72/88 [00:19<00:04,  3.69it/s, loss=1.767]
  epoch 2/3:  83%|████████▎ | 73/88 [00:19<00:04,  3.72it/s, loss=1.767]
  epoch 2/3:  83%|████████▎ | 73/88 [00:20<00:04,  3.72it/s, loss=1.767]
  epoch 2/3:  84%|████████▍ | 74/88 [00:20<00:03,  3.73it/s, loss=1.767]
  epoch 2/3:  84%|████████▍ | 74/88 [00:20<00:03,  3.73it/s, loss=1.768]
  epoch 2/3:  85%|████████▌ | 75/88 [00:20<00:03,  3.73it/s, loss=1.768]
  epoch 2/3:  85%|████████▌ | 75/88 [00:20<00:03,  3.73it/s, loss=1.768]
  epoch 2/3:  86%|████████▋ | 76/88 [00:20<00:03,  3.72it/s, loss=1.768]
  epoch 2/3:  86%|████████▋ | 76/88 [00:20<00:03,  3.72it/s, loss=1.768]
  epoch 2/3:  88%|████████▊ | 77/88 [00:20<00:02,  3.72it/s, loss=1.768]
  epoch 2/3:  88%|████████▊ | 77/88 [00:21<00:02,  3.72it/s, loss=1.767]
  epoch 2/3:  89%|████████▊ | 78/88 [00:21<00:02,  3.73it/s, loss=1.767]
  epoch 2/3:  89%|████████▊ | 78/88 [00:21<00:02,  3.73it/s, loss=1.767]
  epoch 2/3:  90%|████████▉ | 79/88 [00:21<00:02,  3.75it/s, loss=1.767]
  epoch 2/3:  90%|████████▉ | 79/88 [00:21<00:02,  3.75it/s, loss=1.765]
  epoch 2/3:  91%|█████████ | 80/88 [00:21<00:02,  3.74it/s, loss=1.765]
  epoch 2/3:  91%|█████████ | 80/88 [00:21<00:02,  3.74it/s, loss=1.764]
  epoch 2/3:  92%|█████████▏| 81/88 [00:21<00:01,  3.74it/s, loss=1.764]
  epoch 2/3:  92%|█████████▏| 81/88 [00:22<00:01,  3.74it/s, loss=1.766]
  epoch 2/3:  93%|█████████▎| 82/88 [00:22<00:01,  3.73it/s, loss=1.766]
  epoch 2/3:  93%|█████████▎| 82/88 [00:22<00:01,  3.73it/s, loss=1.767]
  epoch 2/3:  94%|█████████▍| 83/88 [00:22<00:01,  3.74it/s, loss=1.767]
  epoch 2/3:  94%|█████████▍| 83/88 [00:22<00:01,  3.74it/s, loss=1.766]
  epoch 2/3:  95%|█████████▌| 84/88 [00:22<00:01,  3.74it/s, loss=1.766]
  epoch 2/3:  95%|█████████▌| 84/88 [00:22<00:01,  3.74it/s, loss=1.766]
  epoch 2/3:  97%|█████████▋| 85/88 [00:22<00:00,  3.74it/s, loss=1.766]
  epoch 2/3:  97%|█████████▋| 85/88 [00:23<00:00,  3.74it/s, loss=1.765]
  epoch 2/3:  98%|█████████▊| 86/88 [00:23<00:00,  3.76it/s, loss=1.765]
  epoch 2/3:  98%|█████████▊| 86/88 [00:23<00:00,  3.76it/s, loss=1.764]
  epoch 2/3:  99%|█████████▉| 87/88 [00:23<00:00,  3.73it/s, loss=1.764]
  epoch 2/3:  99%|█████████▉| 87/88 [00:23<00:00,  3.73it/s, loss=1.763]
  epoch 2/3: 100%|██████████| 88/88 [00:23<00:00,  4.03it/s, loss=1.763]
                                                                        

  epoch 3/3:   0%|          | 0/88 [00:00<?, ?it/s]
  epoch 3/3:   0%|          | 0/88 [00:00<?, ?it/s, loss=1.765]
  epoch 3/3:   1%|          | 1/88 [00:00<00:41,  2.12it/s, loss=1.765]
  epoch 3/3:   1%|          | 1/88 [00:00<00:41,  2.12it/s, loss=1.793]
  epoch 3/3:   2%|▏         | 2/88 [00:00<00:30,  2.84it/s, loss=1.793]
  epoch 3/3:   2%|▏         | 2/88 [00:01<00:30,  2.84it/s, loss=1.784]
  epoch 3/3:   3%|▎         | 3/88 [00:01<00:26,  3.19it/s, loss=1.784]
  epoch 3/3:   3%|▎         | 3/88 [00:01<00:26,  3.19it/s, loss=1.774]
  epoch 3/3:   5%|▍         | 4/88 [00:01<00:24,  3.37it/s, loss=1.774]
  epoch 3/3:   5%|▍         | 4/88 [00:01<00:24,  3.37it/s, loss=1.752]
  epoch 3/3:   6%|▌         | 5/88 [00:01<00:23,  3.51it/s, loss=1.752]
  epoch 3/3:   6%|▌         | 5/88 [00:01<00:23,  3.51it/s, loss=1.757]
  epoch 3/3:   7%|▋         | 6/88 [00:01<00:22,  3.59it/s, loss=1.757]
  epoch 3/3:   7%|▋         | 6/88 [00:02<00:22,  3.59it/s, loss=1.754]
  epoch 3/3:   8%|▊         | 7/88 [00:02<00:22,  3.64it/s, loss=1.754]
  epoch 3/3:   8%|▊         | 7/88 [00:02<00:22,  3.64it/s, loss=1.762]
  epoch 3/3:   9%|▉         | 8/88 [00:02<00:21,  3.67it/s, loss=1.762]
  epoch 3/3:   9%|▉         | 8/88 [00:02<00:21,  3.67it/s, loss=1.754]
  epoch 3/3:  10%|█         | 9/88 [00:02<00:21,  3.68it/s, loss=1.754]
  epoch 3/3:  10%|█         | 9/88 [00:02<00:21,  3.68it/s, loss=1.756]
  epoch 3/3:  11%|█▏        | 10/88 [00:02<00:21,  3.69it/s, loss=1.756]
  epoch 3/3:  11%|█▏        | 10/88 [00:03<00:21,  3.69it/s, loss=1.750]
  epoch 3/3:  12%|█▎        | 11/88 [00:03<00:20,  3.71it/s, loss=1.750]
  epoch 3/3:  12%|█▎        | 11/88 [00:03<00:20,  3.71it/s, loss=1.749]
  epoch 3/3:  14%|█▎        | 12/88 [00:03<00:20,  3.73it/s, loss=1.749]
  epoch 3/3:  14%|█▎        | 12/88 [00:03<00:20,  3.73it/s, loss=1.748]
  epoch 3/3:  15%|█▍        | 13/88 [00:03<00:20,  3.74it/s, loss=1.748]
  epoch 3/3:  15%|█▍        | 13/88 [00:03<00:20,  3.74it/s, loss=1.751]
  epoch 3/3:  16%|█▌        | 14/88 [00:03<00:19,  3.76it/s, loss=1.751]
  epoch 3/3:  16%|█▌        | 14/88 [00:04<00:19,  3.76it/s, loss=1.750]
  epoch 3/3:  17%|█▋        | 15/88 [00:04<00:19,  3.75it/s, loss=1.750]
  epoch 3/3:  17%|█▋        | 15/88 [00:04<00:19,  3.75it/s, loss=1.751]
  epoch 3/3:  18%|█▊        | 16/88 [00:04<00:19,  3.70it/s, loss=1.751]
  epoch 3/3:  18%|█▊        | 16/88 [00:04<00:19,  3.70it/s, loss=1.746]
  epoch 3/3:  19%|█▉        | 17/88 [00:04<00:18,  3.74it/s, loss=1.746]
  epoch 3/3:  19%|█▉        | 17/88 [00:05<00:18,  3.74it/s, loss=1.739]
  epoch 3/3:  20%|██        | 18/88 [00:05<00:18,  3.75it/s, loss=1.739]
  epoch 3/3:  20%|██        | 18/88 [00:05<00:18,  3.75it/s, loss=1.733]
  epoch 3/3:  22%|██▏       | 19/88 [00:05<00:18,  3.74it/s, loss=1.733]
  epoch 3/3:  22%|██▏       | 19/88 [00:05<00:18,  3.74it/s, loss=1.729]
  epoch 3/3:  23%|██▎       | 20/88 [00:05<00:18,  3.73it/s, loss=1.729]
  epoch 3/3:  23%|██▎       | 20/88 [00:05<00:18,  3.73it/s, loss=1.721]
  epoch 3/3:  24%|██▍       | 21/88 [00:05<00:17,  3.73it/s, loss=1.721]
  epoch 3/3:  24%|██▍       | 21/88 [00:06<00:17,  3.73it/s, loss=1.730]
  epoch 3/3:  25%|██▌       | 22/88 [00:06<00:17,  3.74it/s, loss=1.730]
  epoch 3/3:  25%|██▌       | 22/88 [00:06<00:17,  3.74it/s, loss=1.730]
  epoch 3/3:  26%|██▌       | 23/88 [00:06<00:17,  3.75it/s, loss=1.730]
  epoch 3/3:  26%|██▌       | 23/88 [00:06<00:17,  3.75it/s, loss=1.733]
  epoch 3/3:  27%|██▋       | 24/88 [00:06<00:17,  3.74it/s, loss=1.733]
  epoch 3/3:  27%|██▋       | 24/88 [00:06<00:17,  3.74it/s, loss=1.732]
  epoch 3/3:  28%|██▊       | 25/88 [00:06<00:16,  3.73it/s, loss=1.732]
  epoch 3/3:  28%|██▊       | 25/88 [00:07<00:16,  3.73it/s, loss=1.734]
  epoch 3/3:  30%|██▉       | 26/88 [00:07<00:16,  3.74it/s, loss=1.734]
  epoch 3/3:  30%|██▉       | 26/88 [00:07<00:16,  3.74it/s, loss=1.734]
  epoch 3/3:  31%|███       | 27/88 [00:07<00:16,  3.74it/s, loss=1.734]
  epoch 3/3:  31%|███       | 27/88 [00:07<00:16,  3.74it/s, loss=1.736]
  epoch 3/3:  32%|███▏      | 28/88 [00:07<00:16,  3.74it/s, loss=1.736]
  epoch 3/3:  32%|███▏      | 28/88 [00:07<00:16,  3.74it/s, loss=1.736]
  epoch 3/3:  33%|███▎      | 29/88 [00:07<00:15,  3.76it/s, loss=1.736]
  epoch 3/3:  33%|███▎      | 29/88 [00:08<00:15,  3.76it/s, loss=1.738]
  epoch 3/3:  34%|███▍      | 30/88 [00:08<00:15,  3.75it/s, loss=1.738]
  epoch 3/3:  34%|███▍      | 30/88 [00:08<00:15,  3.75it/s, loss=1.736]
  epoch 3/3:  35%|███▌      | 31/88 [00:08<00:15,  3.76it/s, loss=1.736]
  epoch 3/3:  35%|███▌      | 31/88 [00:08<00:15,  3.76it/s, loss=1.733]
  epoch 3/3:  36%|███▋      | 32/88 [00:08<00:15,  3.71it/s, loss=1.733]
  epoch 3/3:  36%|███▋      | 32/88 [00:09<00:15,  3.71it/s, loss=1.737]
  epoch 3/3:  38%|███▊      | 33/88 [00:09<00:14,  3.71it/s, loss=1.737]
  epoch 3/3:  38%|███▊      | 33/88 [00:09<00:14,  3.71it/s, loss=1.742]
  epoch 3/3:  39%|███▊      | 34/88 [00:09<00:14,  3.73it/s, loss=1.742]
  epoch 3/3:  39%|███▊      | 34/88 [00:09<00:14,  3.73it/s, loss=1.741]
  epoch 3/3:  40%|███▉      | 35/88 [00:09<00:14,  3.72it/s, loss=1.741]
  epoch 3/3:  40%|███▉      | 35/88 [00:09<00:14,  3.72it/s, loss=1.742]
  epoch 3/3:  41%|████      | 36/88 [00:09<00:13,  3.74it/s, loss=1.742]
  epoch 3/3:  41%|████      | 36/88 [00:10<00:13,  3.74it/s, loss=1.743]
  epoch 3/3:  42%|████▏     | 37/88 [00:10<00:13,  3.76it/s, loss=1.743]
  epoch 3/3:  42%|████▏     | 37/88 [00:10<00:13,  3.76it/s, loss=1.741]
  epoch 3/3:  43%|████▎     | 38/88 [00:10<00:13,  3.77it/s, loss=1.741]
  epoch 3/3:  43%|████▎     | 38/88 [00:10<00:13,  3.77it/s, loss=1.743]
  epoch 3/3:  44%|████▍     | 39/88 [00:10<00:13,  3.77it/s, loss=1.743]
  epoch 3/3:  44%|████▍     | 39/88 [00:10<00:13,  3.77it/s, loss=1.745]
  epoch 3/3:  45%|████▌     | 40/88 [00:10<00:12,  3.77it/s, loss=1.745]
  epoch 3/3:  45%|████▌     | 40/88 [00:11<00:12,  3.77it/s, loss=1.744]
  epoch 3/3:  47%|████▋     | 41/88 [00:11<00:12,  3.76it/s, loss=1.744]
  epoch 3/3:  47%|████▋     | 41/88 [00:11<00:12,  3.76it/s, loss=1.743]
  epoch 3/3:  48%|████▊     | 42/88 [00:11<00:12,  3.75it/s, loss=1.743]
  epoch 3/3:  48%|████▊     | 42/88 [00:11<00:12,  3.75it/s, loss=1.741]
  epoch 3/3:  49%|████▉     | 43/88 [00:11<00:12,  3.74it/s, loss=1.741]
  epoch 3/3:  49%|████▉     | 43/88 [00:11<00:12,  3.74it/s, loss=1.741]
  epoch 3/3:  50%|█████     | 44/88 [00:11<00:11,  3.75it/s, loss=1.741]
  epoch 3/3:  50%|█████     | 44/88 [00:12<00:11,  3.75it/s, loss=1.742]
  epoch 3/3:  51%|█████     | 45/88 [00:12<00:11,  3.76it/s, loss=1.742]
  epoch 3/3:  51%|█████     | 45/88 [00:12<00:11,  3.76it/s, loss=1.741]
  epoch 3/3:  52%|█████▏    | 46/88 [00:12<00:11,  3.76it/s, loss=1.741]
  epoch 3/3:  52%|█████▏    | 46/88 [00:12<00:11,  3.76it/s, loss=1.743]
  epoch 3/3:  53%|█████▎    | 47/88 [00:12<00:10,  3.77it/s, loss=1.743]
  epoch 3/3:  53%|█████▎    | 47/88 [00:13<00:10,  3.77it/s, loss=1.742]
  epoch 3/3:  55%|█████▍    | 48/88 [00:13<00:10,  3.71it/s, loss=1.742]
  epoch 3/3:  55%|█████▍    | 48/88 [00:13<00:10,  3.71it/s, loss=1.740]
  epoch 3/3:  56%|█████▌    | 49/88 [00:13<00:10,  3.73it/s, loss=1.740]
  epoch 3/3:  56%|█████▌    | 49/88 [00:13<00:10,  3.73it/s, loss=1.741]
  epoch 3/3:  57%|█████▋    | 50/88 [00:13<00:10,  3.75it/s, loss=1.741]
  epoch 3/3:  57%|█████▋    | 50/88 [00:13<00:10,  3.75it/s, loss=1.741]
  epoch 3/3:  58%|█████▊    | 51/88 [00:13<00:09,  3.76it/s, loss=1.741]
  epoch 3/3:  58%|█████▊    | 51/88 [00:14<00:09,  3.76it/s, loss=1.738]
  epoch 3/3:  59%|█████▉    | 52/88 [00:14<00:09,  3.76it/s, loss=1.738]
  epoch 3/3:  59%|█████▉    | 52/88 [00:14<00:09,  3.76it/s, loss=1.738]
  epoch 3/3:  60%|██████    | 53/88 [00:14<00:09,  3.75it/s, loss=1.738]
  epoch 3/3:  60%|██████    | 53/88 [00:14<00:09,  3.75it/s, loss=1.738]
  epoch 3/3:  61%|██████▏   | 54/88 [00:14<00:09,  3.76it/s, loss=1.738]
  epoch 3/3:  61%|██████▏   | 54/88 [00:14<00:09,  3.76it/s, loss=1.739]
  epoch 3/3:  62%|██████▎   | 55/88 [00:14<00:08,  3.74it/s, loss=1.739]
  epoch 3/3:  62%|██████▎   | 55/88 [00:15<00:08,  3.74it/s, loss=1.738]
  epoch 3/3:  64%|██████▎   | 56/88 [00:15<00:08,  3.75it/s, loss=1.738]
  epoch 3/3:  64%|██████▎   | 56/88 [00:15<00:08,  3.75it/s, loss=1.740]
  epoch 3/3:  65%|██████▍   | 57/88 [00:15<00:08,  3.76it/s, loss=1.740]
  epoch 3/3:  65%|██████▍   | 57/88 [00:15<00:08,  3.76it/s, loss=1.740]
  epoch 3/3:  66%|██████▌   | 58/88 [00:15<00:07,  3.77it/s, loss=1.740]
  epoch 3/3:  66%|██████▌   | 58/88 [00:15<00:07,  3.77it/s, loss=1.740]
  epoch 3/3:  67%|██████▋   | 59/88 [00:15<00:07,  3.77it/s, loss=1.740]
  epoch 3/3:  67%|██████▋   | 59/88 [00:16<00:07,  3.77it/s, loss=1.741]
  epoch 3/3:  68%|██████▊   | 60/88 [00:16<00:07,  3.78it/s, loss=1.741]
  epoch 3/3:  68%|██████▊   | 60/88 [00:16<00:07,  3.78it/s, loss=1.741]
  epoch 3/3:  69%|██████▉   | 61/88 [00:16<00:07,  3.77it/s, loss=1.741]
  epoch 3/3:  69%|██████▉   | 61/88 [00:16<00:07,  3.77it/s, loss=1.739]
  epoch 3/3:  70%|███████   | 62/88 [00:16<00:06,  3.77it/s, loss=1.739]
  epoch 3/3:  70%|███████   | 62/88 [00:17<00:06,  3.77it/s, loss=1.739]
  epoch 3/3:  72%|███████▏  | 63/88 [00:17<00:06,  3.77it/s, loss=1.739]
  epoch 3/3:  72%|███████▏  | 63/88 [00:17<00:06,  3.77it/s, loss=1.738]
  epoch 3/3:  73%|███████▎  | 64/88 [00:17<00:06,  3.72it/s, loss=1.738]
  epoch 3/3:  73%|███████▎  | 64/88 [00:17<00:06,  3.72it/s, loss=1.737]
  epoch 3/3:  74%|███████▍  | 65/88 [00:17<00:06,  3.75it/s, loss=1.737]
  epoch 3/3:  74%|███████▍  | 65/88 [00:17<00:06,  3.75it/s, loss=1.736]
  epoch 3/3:  75%|███████▌  | 66/88 [00:17<00:05,  3.76it/s, loss=1.736]
  epoch 3/3:  75%|███████▌  | 66/88 [00:18<00:05,  3.76it/s, loss=1.736]
  epoch 3/3:  76%|███████▌  | 67/88 [00:18<00:05,  3.77it/s, loss=1.736]
  epoch 3/3:  76%|███████▌  | 67/88 [00:18<00:05,  3.77it/s, loss=1.733]
  epoch 3/3:  77%|███████▋  | 68/88 [00:18<00:05,  3.77it/s, loss=1.733]
  epoch 3/3:  77%|███████▋  | 68/88 [00:18<00:05,  3.77it/s, loss=1.735]
  epoch 3/3:  78%|███████▊  | 69/88 [00:18<00:05,  3.77it/s, loss=1.735]
  epoch 3/3:  78%|███████▊  | 69/88 [00:18<00:05,  3.77it/s, loss=1.736]
  epoch 3/3:  80%|███████▉  | 70/88 [00:18<00:04,  3.77it/s, loss=1.736]
  epoch 3/3:  80%|███████▉  | 70/88 [00:19<00:04,  3.77it/s, loss=1.735]
  epoch 3/3:  81%|████████  | 71/88 [00:19<00:04,  3.76it/s, loss=1.735]
  epoch 3/3:  81%|████████  | 71/88 [00:19<00:04,  3.76it/s, loss=1.734]
  epoch 3/3:  82%|████████▏ | 72/88 [00:19<00:04,  3.75it/s, loss=1.734]
  epoch 3/3:  82%|████████▏ | 72/88 [00:19<00:04,  3.75it/s, loss=1.733]
  epoch 3/3:  83%|████████▎ | 73/88 [00:19<00:03,  3.76it/s, loss=1.733]
  epoch 3/3:  83%|████████▎ | 73/88 [00:19<00:03,  3.76it/s, loss=1.734]
  epoch 3/3:  84%|████████▍ | 74/88 [00:19<00:03,  3.77it/s, loss=1.734]
  epoch 3/3:  84%|████████▍ | 74/88 [00:20<00:03,  3.77it/s, loss=1.735]
  epoch 3/3:  85%|████████▌ | 75/88 [00:20<00:03,  3.78it/s, loss=1.735]
  epoch 3/3:  85%|████████▌ | 75/88 [00:20<00:03,  3.78it/s, loss=1.734]
  epoch 3/3:  86%|████████▋ | 76/88 [00:20<00:03,  3.78it/s, loss=1.734]
  epoch 3/3:  86%|████████▋ | 76/88 [00:20<00:03,  3.78it/s, loss=1.734]
  epoch 3/3:  88%|████████▊ | 77/88 [00:20<00:02,  3.80it/s, loss=1.734]
  epoch 3/3:  88%|████████▊ | 77/88 [00:20<00:02,  3.80it/s, loss=1.735]
  epoch 3/3:  89%|████████▊ | 78/88 [00:20<00:02,  3.79it/s, loss=1.735]
  epoch 3/3:  89%|████████▊ | 78/88 [00:21<00:02,  3.79it/s, loss=1.732]
  epoch 3/3:  90%|████████▉ | 79/88 [00:21<00:02,  3.80it/s, loss=1.732]
  epoch 3/3:  90%|████████▉ | 79/88 [00:21<00:02,  3.80it/s, loss=1.733]
  epoch 3/3:  91%|█████████ | 80/88 [00:21<00:02,  3.75it/s, loss=1.733]
  epoch 3/3:  91%|█████████ | 80/88 [00:21<00:02,  3.75it/s, loss=1.734]
  epoch 3/3:  92%|█████████▏| 81/88 [00:21<00:01,  3.76it/s, loss=1.734]
  epoch 3/3:  92%|█████████▏| 81/88 [00:22<00:01,  3.76it/s, loss=1.735]
  epoch 3/3:  93%|█████████▎| 82/88 [00:22<00:01,  3.75it/s, loss=1.735]
  epoch 3/3:  93%|█████████▎| 82/88 [00:22<00:01,  3.75it/s, loss=1.735]
  epoch 3/3:  94%|█████████▍| 83/88 [00:22<00:01,  3.75it/s, loss=1.735]
  epoch 3/3:  94%|█████████▍| 83/88 [00:22<00:01,  3.75it/s, loss=1.736]
  epoch 3/3:  95%|█████████▌| 84/88 [00:22<00:01,  3.77it/s, loss=1.736]
  epoch 3/3:  95%|█████████▌| 84/88 [00:22<00:01,  3.77it/s, loss=1.737]
  epoch 3/3:  97%|█████████▋| 85/88 [00:22<00:00,  3.78it/s, loss=1.737]
  epoch 3/3:  97%|█████████▋| 85/88 [00:23<00:00,  3.78it/s, loss=1.737]
  epoch 3/3:  98%|█████████▊| 86/88 [00:23<00:00,  3.79it/s, loss=1.737]
  epoch 3/3:  98%|█████████▊| 86/88 [00:23<00:00,  3.79it/s, loss=1.738]
  epoch 3/3:  99%|█████████▉| 87/88 [00:23<00:00,  3.79it/s, loss=1.738]
  epoch 3/3:  99%|█████████▉| 87/88 [00:23<00:00,  3.79it/s, loss=1.738]
  epoch 3/3: 100%|██████████| 88/88 [00:23<00:00,  4.13it/s, loss=1.738]
                                                                        
[titans] reset=never | norm(state) sau task = 143.7508
[titans]   self-mod v:β=1.00 |W|=0.03
[titans]   eta_t(avg)=0.1848  alpha_t/forget-gate(avg)=0.5814
[task 2] test acc so far: 0.097  0.209  0.003
[task 2] NCM-head acc so far: 0.737  0.800  0.851
[task 3] classes=[10, 17, 21, 26, 41] | train=2800

  epoch 1/3:   0%|          | 0/88 [00:00<?, ?it/s]
  epoch 1/3:   0%|          | 0/88 [00:00<?, ?it/s, loss=1.502]
  epoch 1/3:   1%|          | 1/88 [00:00<00:40,  2.14it/s, loss=1.502]
  epoch 1/3:   1%|          | 1/88 [00:00<00:40,  2.14it/s, loss=1.523]
  epoch 1/3:   2%|▏         | 2/88 [00:00<00:30,  2.86it/s, loss=1.523]
  epoch 1/3:   2%|▏         | 2/88 [00:01<00:30,  2.86it/s, loss=1.548]
  epoch 1/3:   3%|▎         | 3/88 [00:01<00:26,  3.20it/s, loss=1.548]
  epoch 1/3:   3%|▎         | 3/88 [00:01<00:26,  3.20it/s, loss=1.522]
  epoch 1/3:   5%|▍         | 4/88 [00:01<00:24,  3.41it/s, loss=1.522]
  epoch 1/3:   5%|▍         | 4/88 [00:01<00:24,  3.41it/s, loss=1.502]
  epoch 1/3:   6%|▌         | 5/88 [00:01<00:23,  3.52it/s, loss=1.502]
  epoch 1/3:   6%|▌         | 5/88 [00:01<00:23,  3.52it/s, loss=1.497]
  epoch 1/3:   7%|▋         | 6/88 [00:01<00:22,  3.58it/s, loss=1.497]
  epoch 1/3:   7%|▋         | 6/88 [00:02<00:22,  3.58it/s, loss=1.489]
  epoch 1/3:   8%|▊         | 7/88 [00:02<00:22,  3.62it/s, loss=1.489]
  epoch 1/3:   8%|▊         | 7/88 [00:02<00:22,  3.62it/s, loss=1.488]
  epoch 1/3:   9%|▉         | 8/88 [00:02<00:22,  3.62it/s, loss=1.488]
  epoch 1/3:   9%|▉         | 8/88 [00:02<00:22,  3.62it/s, loss=1.496]
  epoch 1/3:  10%|█         | 9/88 [00:02<00:21,  3.66it/s, loss=1.496]
  epoch 1/3:  10%|█         | 9/88 [00:02<00:21,  3.66it/s, loss=1.512]
  epoch 1/3:  11%|█▏        | 10/88 [00:02<00:21,  3.67it/s, loss=1.512]
  epoch 1/3:  11%|█▏        | 10/88 [00:03<00:21,  3.67it/s, loss=1.527]
  epoch 1/3:  12%|█▎        | 11/88 [00:03<00:20,  3.71it/s, loss=1.527]
  epoch 1/3:  12%|█▎        | 11/88 [00:03<00:20,  3.71it/s, loss=1.543]
  epoch 1/3:  14%|█▎        | 12/88 [00:03<00:20,  3.73it/s, loss=1.543]
  epoch 1/3:  14%|█▎        | 12/88 [00:03<00:20,  3.73it/s, loss=1.538]
  epoch 1/3:  15%|█▍        | 13/88 [00:03<00:19,  3.76it/s, loss=1.538]
  epoch 1/3:  15%|█▍        | 13/88 [00:03<00:19,  3.76it/s, loss=1.535]
  epoch 1/3:  16%|█▌        | 14/88 [00:03<00:19,  3.74it/s, loss=1.535]
  epoch 1/3:  16%|█▌        | 14/88 [00:04<00:19,  3.74it/s, loss=1.531]
  epoch 1/3:  17%|█▋        | 15/88 [00:04<00:19,  3.74it/s, loss=1.531]
  epoch 1/3:  17%|█▋        | 15/88 [00:04<00:19,  3.74it/s, loss=1.530]
  epoch 1/3:  18%|█▊        | 16/88 [00:04<00:19,  3.73it/s, loss=1.530]
  epoch 1/3:  18%|█▊        | 16/88 [00:04<00:19,  3.73it/s, loss=1.525]
  epoch 1/3:  19%|█▉        | 17/88 [00:04<00:18,  3.74it/s, loss=1.525]
  epoch 1/3:  19%|█▉        | 17/88 [00:05<00:18,  3.74it/s, loss=1.518]
  epoch 1/3:  20%|██        | 18/88 [00:05<00:18,  3.76it/s, loss=1.518]
  epoch 1/3:  20%|██        | 18/88 [00:05<00:18,  3.76it/s, loss=1.515]
  epoch 1/3:  22%|██▏       | 19/88 [00:05<00:18,  3.77it/s, loss=1.515]
  epoch 1/3:  22%|██▏       | 19/88 [00:05<00:18,  3.77it/s, loss=1.510]
  epoch 1/3:  23%|██▎       | 20/88 [00:05<00:18,  3.78it/s, loss=1.510]
  epoch 1/3:  23%|██▎       | 20/88 [00:05<00:18,  3.78it/s, loss=1.509]
  epoch 1/3:  24%|██▍       | 21/88 [00:05<00:17,  3.78it/s, loss=1.509]
  epoch 1/3:  24%|██▍       | 21/88 [00:06<00:17,  3.78it/s, loss=1.511]
  epoch 1/3:  25%|██▌       | 22/88 [00:06<00:17,  3.78it/s, loss=1.511]
  epoch 1/3:  25%|██▌       | 22/88 [00:06<00:17,  3.78it/s, loss=1.512]
  epoch 1/3:  26%|██▌       | 23/88 [00:06<00:17,  3.78it/s, loss=1.512]
  epoch 1/3:  26%|██▌       | 23/88 [00:06<00:17,  3.78it/s, loss=1.506]
  epoch 1/3:  27%|██▋       | 24/88 [00:06<00:17,  3.73it/s, loss=1.506]
  epoch 1/3:  27%|██▋       | 24/88 [00:06<00:17,  3.73it/s, loss=1.511]
  epoch 1/3:  28%|██▊       | 25/88 [00:06<00:16,  3.73it/s, loss=1.511]
  epoch 1/3:  28%|██▊       | 25/88 [00:07<00:16,  3.73it/s, loss=1.513]
  epoch 1/3:  30%|██▉       | 26/88 [00:07<00:16,  3.75it/s, loss=1.513]
  epoch 1/3:  30%|██▉       | 26/88 [00:07<00:16,  3.75it/s, loss=1.510]
  epoch 1/3:  31%|███       | 27/88 [00:07<00:16,  3.77it/s, loss=1.510]
  epoch 1/3:  31%|███       | 27/88 [00:07<00:16,  3.77it/s, loss=1.510]
  epoch 1/3:  32%|███▏      | 28/88 [00:07<00:15,  3.76it/s, loss=1.510]
  epoch 1/3:  32%|███▏      | 28/88 [00:07<00:15,  3.76it/s, loss=1.509]
  epoch 1/3:  33%|███▎      | 29/88 [00:07<00:15,  3.78it/s, loss=1.509]
  epoch 1/3:  33%|███▎      | 29/88 [00:08<00:15,  3.78it/s, loss=1.513]
  epoch 1/3:  34%|███▍      | 30/88 [00:08<00:15,  3.78it/s, loss=1.513]
  epoch 1/3:  34%|███▍      | 30/88 [00:08<00:15,  3.78it/s, loss=1.507]
  epoch 1/3:  35%|███▌      | 31/88 [00:08<00:15,  3.78it/s, loss=1.507]
  epoch 1/3:  35%|███▌      | 31/88 [00:08<00:15,  3.78it/s, loss=1.509]
  epoch 1/3:  36%|███▋      | 32/88 [00:08<00:14,  3.77it/s, loss=1.509]
  epoch 1/3:  36%|███▋      | 32/88 [00:08<00:14,  3.77it/s, loss=1.511]
  epoch 1/3:  38%|███▊      | 33/88 [00:08<00:14,  3.78it/s, loss=1.511]
  epoch 1/3:  38%|███▊      | 33/88 [00:09<00:14,  3.78it/s, loss=1.509]
  epoch 1/3:  39%|███▊      | 34/88 [00:09<00:14,  3.78it/s, loss=1.509]
  epoch 1/3:  39%|███▊      | 34/88 [00:09<00:14,  3.78it/s, loss=1.508]
  epoch 1/3:  40%|███▉      | 35/88 [00:09<00:14,  3.76it/s, loss=1.508]
  epoch 1/3:  40%|███▉      | 35/88 [00:09<00:14,  3.76it/s, loss=1.509]
  epoch 1/3:  41%|████      | 36/88 [00:09<00:13,  3.76it/s, loss=1.509]
  epoch 1/3:  41%|████      | 36/88 [00:10<00:13,  3.76it/s, loss=1.506]
  epoch 1/3:  42%|████▏     | 37/88 [00:10<00:13,  3.77it/s, loss=1.506]
  epoch 1/3:  42%|████▏     | 37/88 [00:10<00:13,  3.77it/s, loss=1.506]
  epoch 1/3:  43%|████▎     | 38/88 [00:10<00:13,  3.77it/s, loss=1.506]
  epoch 1/3:  43%|████▎     | 38/88 [00:10<00:13,  3.77it/s, loss=1.504]
  epoch 1/3:  44%|████▍     | 39/88 [00:10<00:13,  3.76it/s, loss=1.504]
  epoch 1/3:  44%|████▍     | 39/88 [00:10<00:13,  3.76it/s, loss=1.506]
  epoch 1/3:  45%|████▌     | 40/88 [00:10<00:12,  3.73it/s, loss=1.506]
  epoch 1/3:  45%|████▌     | 40/88 [00:11<00:12,  3.73it/s, loss=1.506]
  epoch 1/3:  47%|████▋     | 41/88 [00:11<00:12,  3.74it/s, loss=1.506]
  epoch 1/3:  47%|████▋     | 41/88 [00:11<00:12,  3.74it/s, loss=1.509]
  epoch 1/3:  48%|████▊     | 42/88 [00:11<00:12,  3.74it/s, loss=1.509]
  epoch 1/3:  48%|████▊     | 42/88 [00:11<00:12,  3.74it/s, loss=1.509]
  epoch 1/3:  49%|████▉     | 43/88 [00:11<00:11,  3.76it/s, loss=1.509]
  epoch 1/3:  49%|████▉     | 43/88 [00:11<00:11,  3.76it/s, loss=1.511]
  epoch 1/3:  50%|█████     | 44/88 [00:11<00:11,  3.77it/s, loss=1.511]
  epoch 1/3:  50%|█████     | 44/88 [00:12<00:11,  3.77it/s, loss=1.511]
  epoch 1/3:  51%|█████     | 45/88 [00:12<00:11,  3.78it/s, loss=1.511]
  epoch 1/3:  51%|█████     | 45/88 [00:12<00:11,  3.78it/s, loss=1.514]
  epoch 1/3:  52%|█████▏    | 46/88 [00:12<00:11,  3.79it/s, loss=1.514]
  epoch 1/3:  52%|█████▏    | 46/88 [00:12<00:11,  3.79it/s, loss=1.513]
  epoch 1/3:  53%|█████▎    | 47/88 [00:12<00:10,  3.79it/s, loss=1.513]
  epoch 1/3:  53%|█████▎    | 47/88 [00:12<00:10,  3.79it/s, loss=1.512]
  epoch 1/3:  55%|█████▍    | 48/88 [00:12<00:10,  3.79it/s, loss=1.512]
  epoch 1/3:  55%|█████▍    | 48/88 [00:13<00:10,  3.79it/s, loss=1.512]
  epoch 1/3:  56%|█████▌    | 49/88 [00:13<00:10,  3.79it/s, loss=1.512]
  epoch 1/3:  56%|█████▌    | 49/88 [00:13<00:10,  3.79it/s, loss=1.514]
  epoch 1/3:  57%|█████▋    | 50/88 [00:13<00:10,  3.80it/s, loss=1.514]
  epoch 1/3:  57%|█████▋    | 50/88 [00:13<00:10,  3.80it/s, loss=1.518]
  epoch 1/3:  58%|█████▊    | 51/88 [00:13<00:09,  3.80it/s, loss=1.518]
  epoch 1/3:  58%|█████▊    | 51/88 [00:14<00:09,  3.80it/s, loss=1.518]
  epoch 1/3:  59%|█████▉    | 52/88 [00:14<00:09,  3.79it/s, loss=1.518]
  epoch 1/3:  59%|█████▉    | 52/88 [00:14<00:09,  3.79it/s, loss=1.518]
  epoch 1/3:  60%|██████    | 53/88 [00:14<00:09,  3.80it/s, loss=1.518]
  epoch 1/3:  60%|██████    | 53/88 [00:14<00:09,  3.80it/s, loss=1.516]
  epoch 1/3:  61%|██████▏   | 54/88 [00:14<00:08,  3.80it/s, loss=1.516]
  epoch 1/3:  61%|██████▏   | 54/88 [00:14<00:08,  3.80it/s, loss=1.515]
  epoch 1/3:  62%|██████▎   | 55/88 [00:14<00:08,  3.80it/s, loss=1.515]
  epoch 1/3:  62%|██████▎   | 55/88 [00:15<00:08,  3.80it/s, loss=1.513]
  epoch 1/3:  64%|██████▎   | 56/88 [00:15<00:08,  3.75it/s, loss=1.513]
  epoch 1/3:  64%|██████▎   | 56/88 [00:15<00:08,  3.75it/s, loss=1.513]
  epoch 1/3:  65%|██████▍   | 57/88 [00:15<00:08,  3.75it/s, loss=1.513]
  epoch 1/3:  65%|██████▍   | 57/88 [00:15<00:08,  3.75it/s, loss=1.511]
  epoch 1/3:  66%|██████▌   | 58/88 [00:15<00:08,  3.74it/s, loss=1.511]
  epoch 1/3:  66%|██████▌   | 58/88 [00:15<00:08,  3.74it/s, loss=1.511]
  epoch 1/3:  67%|██████▋   | 59/88 [00:15<00:07,  3.76it/s, loss=1.511]
  epoch 1/3:  67%|██████▋   | 59/88 [00:16<00:07,  3.76it/s, loss=1.510]
  epoch 1/3:  68%|██████▊   | 60/88 [00:16<00:07,  3.77it/s, loss=1.510]
  epoch 1/3:  68%|██████▊   | 60/88 [00:16<00:07,  3.77it/s, loss=1.509]
  epoch 1/3:  69%|██████▉   | 61/88 [00:16<00:07,  3.77it/s, loss=1.509]
  epoch 1/3:  69%|██████▉   | 61/88 [00:16<00:07,  3.77it/s, loss=1.508]
  epoch 1/3:  70%|███████   | 62/88 [00:16<00:06,  3.77it/s, loss=1.508]
  epoch 1/3:  70%|███████   | 62/88 [00:16<00:06,  3.77it/s, loss=1.508]
  epoch 1/3:  72%|███████▏  | 63/88 [00:16<00:06,  3.75it/s, loss=1.508]
  epoch 1/3:  72%|███████▏  | 63/88 [00:17<00:06,  3.75it/s, loss=1.506]
  epoch 1/3:  73%|███████▎  | 64/88 [00:17<00:06,  3.74it/s, loss=1.506]
  epoch 1/3:  73%|███████▎  | 64/88 [00:17<00:06,  3.74it/s, loss=1.504]
  epoch 1/3:  74%|███████▍  | 65/88 [00:17<00:06,  3.74it/s, loss=1.504]
  epoch 1/3:  74%|███████▍  | 65/88 [00:17<00:06,  3.74it/s, loss=1.503]
  epoch 1/3:  75%|███████▌  | 66/88 [00:17<00:05,  3.76it/s, loss=1.503]
  epoch 1/3:  75%|███████▌  | 66/88 [00:18<00:05,  3.76it/s, loss=1.501]
  epoch 1/3:  76%|███████▌  | 67/88 [00:18<00:05,  3.75it/s, loss=1.501]
  epoch 1/3:  76%|███████▌  | 67/88 [00:18<00:05,  3.75it/s, loss=1.498]
  epoch 1/3:  77%|███████▋  | 68/88 [00:18<00:05,  3.76it/s, loss=1.498]
  epoch 1/3:  77%|███████▋  | 68/88 [00:18<00:05,  3.76it/s, loss=1.498]
  epoch 1/3:  78%|███████▊  | 69/88 [00:18<00:05,  3.75it/s, loss=1.498]
  epoch 1/3:  78%|███████▊  | 69/88 [00:18<00:05,  3.75it/s, loss=1.496]
  epoch 1/3:  80%|███████▉  | 70/88 [00:18<00:04,  3.75it/s, loss=1.496]
  epoch 1/3:  80%|███████▉  | 70/88 [00:19<00:04,  3.75it/s, loss=1.497]
  epoch 1/3:  81%|████████  | 71/88 [00:19<00:04,  3.74it/s, loss=1.497]
  epoch 1/3:  81%|████████  | 71/88 [00:19<00:04,  3.74it/s, loss=1.496]
  epoch 1/3:  82%|████████▏ | 72/88 [00:19<00:04,  3.71it/s, loss=1.496]
  epoch 1/3:  82%|████████▏ | 72/88 [00:19<00:04,  3.71it/s, loss=1.497]
  epoch 1/3:  83%|████████▎ | 73/88 [00:19<00:04,  3.74it/s, loss=1.497]
  epoch 1/3:  83%|████████▎ | 73/88 [00:19<00:04,  3.74it/s, loss=1.499]
  epoch 1/3:  84%|████████▍ | 74/88 [00:19<00:03,  3.73it/s, loss=1.499]
  epoch 1/3:  84%|████████▍ | 74/88 [00:20<00:03,  3.73it/s, loss=1.500]
  epoch 1/3:  85%|████████▌ | 75/88 [00:20<00:03,  3.73it/s, loss=1.500]
  epoch 1/3:  85%|████████▌ | 75/88 [00:20<00:03,  3.73it/s, loss=1.500]
  epoch 1/3:  86%|████████▋ | 76/88 [00:20<00:03,  3.75it/s, loss=1.500]
  epoch 1/3:  86%|████████▋ | 76/88 [00:20<00:03,  3.75it/s, loss=1.498]
  epoch 1/3:  88%|████████▊ | 77/88 [00:20<00:02,  3.76it/s, loss=1.498]
  epoch 1/3:  88%|████████▊ | 77/88 [00:20<00:02,  3.76it/s, loss=1.498]
  epoch 1/3:  89%|████████▊ | 78/88 [00:20<00:02,  3.77it/s, loss=1.498]
  epoch 1/3:  89%|████████▊ | 78/88 [00:21<00:02,  3.77it/s, loss=1.499]
  epoch 1/3:  90%|████████▉ | 79/88 [00:21<00:02,  3.78it/s, loss=1.499]
  epoch 1/3:  90%|████████▉ | 79/88 [00:21<00:02,  3.78it/s, loss=1.501]
  epoch 1/3:  91%|█████████ | 80/88 [00:21<00:02,  3.79it/s, loss=1.501]
  epoch 1/3:  91%|█████████ | 80/88 [00:21<00:02,  3.79it/s, loss=1.503]
  epoch 1/3:  92%|█████████▏| 81/88 [00:21<00:01,  3.78it/s, loss=1.503]
  epoch 1/3:  92%|█████████▏| 81/88 [00:22<00:01,  3.78it/s, loss=1.502]
  epoch 1/3:  93%|█████████▎| 82/88 [00:22<00:01,  3.78it/s, loss=1.502]
  epoch 1/3:  93%|█████████▎| 82/88 [00:22<00:01,  3.78it/s, loss=1.502]
  epoch 1/3:  94%|█████████▍| 83/88 [00:22<00:01,  3.77it/s, loss=1.502]
  epoch 1/3:  94%|█████████▍| 83/88 [00:22<00:01,  3.77it/s, loss=1.499]
  epoch 1/3:  95%|█████████▌| 84/88 [00:22<00:01,  3.77it/s, loss=1.499]
  epoch 1/3:  95%|█████████▌| 84/88 [00:22<00:01,  3.77it/s, loss=1.500]
  epoch 1/3:  97%|█████████▋| 85/88 [00:22<00:00,  3.76it/s, loss=1.500]
  epoch 1/3:  97%|█████████▋| 85/88 [00:23<00:00,  3.76it/s, loss=1.500]
  epoch 1/3:  98%|█████████▊| 86/88 [00:23<00:00,  3.75it/s, loss=1.500]
  epoch 1/3:  98%|█████████▊| 86/88 [00:23<00:00,  3.75it/s, loss=1.500]
  epoch 1/3:  99%|█████████▉| 87/88 [00:23<00:00,  3.76it/s, loss=1.500]
  epoch 1/3:  99%|█████████▉| 87/88 [00:23<00:00,  3.76it/s, loss=1.501]
  epoch 1/3: 100%|██████████| 88/88 [00:23<00:00,  4.06it/s, loss=1.501]
                                                                        

  epoch 2/3:   0%|          | 0/88 [00:00<?, ?it/s]
  epoch 2/3:   0%|          | 0/88 [00:00<?, ?it/s, loss=1.424]
  epoch 2/3:   1%|          | 1/88 [00:00<00:40,  2.15it/s, loss=1.424]
  epoch 2/3:   1%|          | 1/88 [00:00<00:40,  2.15it/s, loss=1.520]
  epoch 2/3:   2%|▏         | 2/88 [00:00<00:29,  2.89it/s, loss=1.520]
  epoch 2/3:   2%|▏         | 2/88 [00:00<00:29,  2.89it/s, loss=1.526]
  epoch 2/3:   3%|▎         | 3/88 [00:00<00:26,  3.25it/s, loss=1.526]
  epoch 2/3:   3%|▎         | 3/88 [00:01<00:26,  3.25it/s, loss=1.509]
  epoch 2/3:   5%|▍         | 4/88 [00:01<00:24,  3.44it/s, loss=1.509]
  epoch 2/3:   5%|▍         | 4/88 [00:01<00:24,  3.44it/s, loss=1.491]
  epoch 2/3:   6%|▌         | 5/88 [00:01<00:23,  3.56it/s, loss=1.491]
  epoch 2/3:   6%|▌         | 5/88 [00:01<00:23,  3.56it/s, loss=1.474]
  epoch 2/3:   7%|▋         | 6/88 [00:01<00:22,  3.64it/s, loss=1.474]
  epoch 2/3:   7%|▋         | 6/88 [00:02<00:22,  3.64it/s, loss=1.488]
  epoch 2/3:   8%|▊         | 7/88 [00:02<00:21,  3.69it/s, loss=1.488]
  epoch 2/3:   8%|▊         | 7/88 [00:02<00:21,  3.69it/s, loss=1.466]
  epoch 2/3:   9%|▉         | 8/88 [00:02<00:21,  3.71it/s, loss=1.466]
  epoch 2/3:   9%|▉         | 8/88 [00:02<00:21,  3.71it/s, loss=1.458]
  epoch 2/3:  10%|█         | 9/88 [00:02<00:21,  3.72it/s, loss=1.458]
  epoch 2/3:  10%|█         | 9/88 [00:02<00:21,  3.72it/s, loss=1.460]
  epoch 2/3:  11%|█▏        | 10/88 [00:02<00:20,  3.72it/s, loss=1.460]
  epoch 2/3:  11%|█▏        | 10/88 [00:03<00:20,  3.72it/s, loss=1.462]
  epoch 2/3:  12%|█▎        | 11/88 [00:03<00:20,  3.72it/s, loss=1.462]
  epoch 2/3:  12%|█▎        | 11/88 [00:03<00:20,  3.72it/s, loss=1.463]
  epoch 2/3:  14%|█▎        | 12/88 [00:03<00:20,  3.74it/s, loss=1.463]
  epoch 2/3:  14%|█▎        | 12/88 [00:03<00:20,  3.74it/s, loss=1.471]
  epoch 2/3:  15%|█▍        | 13/88 [00:03<00:20,  3.74it/s, loss=1.471]
  epoch 2/3:  15%|█▍        | 13/88 [00:03<00:20,  3.74it/s, loss=1.475]
  epoch 2/3:  16%|█▌        | 14/88 [00:03<00:19,  3.74it/s, loss=1.475]
  epoch 2/3:  16%|█▌        | 14/88 [00:04<00:19,  3.74it/s, loss=1.475]
  epoch 2/3:  17%|█▋        | 15/88 [00:04<00:19,  3.74it/s, loss=1.475]
  epoch 2/3:  17%|█▋        | 15/88 [00:04<00:19,  3.74it/s, loss=1.479]
  epoch 2/3:  18%|█▊        | 16/88 [00:04<00:19,  3.68it/s, loss=1.479]
  epoch 2/3:  18%|█▊        | 16/88 [00:04<00:19,  3.68it/s, loss=1.475]
  epoch 2/3:  19%|█▉        | 17/88 [00:04<00:19,  3.71it/s, loss=1.475]
  epoch 2/3:  19%|█▉        | 17/88 [00:04<00:19,  3.71it/s, loss=1.476]
  epoch 2/3:  20%|██        | 18/88 [00:04<00:18,  3.71it/s, loss=1.476]
  epoch 2/3:  20%|██        | 18/88 [00:05<00:18,  3.71it/s, loss=1.480]
  epoch 2/3:  22%|██▏       | 19/88 [00:05<00:18,  3.73it/s, loss=1.480]
  epoch 2/3:  22%|██▏       | 19/88 [00:05<00:18,  3.73it/s, loss=1.483]
  epoch 2/3:  23%|██▎       | 20/88 [00:05<00:18,  3.75it/s, loss=1.483]
  epoch 2/3:  23%|██▎       | 20/88 [00:05<00:18,  3.75it/s, loss=1.492]
  epoch 2/3:  24%|██▍       | 21/88 [00:05<00:17,  3.76it/s, loss=1.492]
  epoch 2/3:  24%|██▍       | 21/88 [00:06<00:17,  3.76it/s, loss=1.497]
  epoch 2/3:  25%|██▌       | 22/88 [00:06<00:17,  3.77it/s, loss=1.497]
  epoch 2/3:  25%|██▌       | 22/88 [00:06<00:17,  3.77it/s, loss=1.493]
  epoch 2/3:  26%|██▌       | 23/88 [00:06<00:17,  3.75it/s, loss=1.493]
  epoch 2/3:  26%|██▌       | 23/88 [00:06<00:17,  3.75it/s, loss=1.494]
  epoch 2/3:  27%|██▋       | 24/88 [00:06<00:17,  3.73it/s, loss=1.494]
  epoch 2/3:  27%|██▋       | 24/88 [00:06<00:17,  3.73it/s, loss=1.490]
  epoch 2/3:  28%|██▊       | 25/88 [00:06<00:16,  3.73it/s, loss=1.490]
  epoch 2/3:  28%|██▊       | 25/88 [00:07<00:16,  3.73it/s, loss=1.488]
  epoch 2/3:  30%|██▉       | 26/88 [00:07<00:16,  3.76it/s, loss=1.488]
  epoch 2/3:  30%|██▉       | 26/88 [00:07<00:16,  3.76it/s, loss=1.485]
  epoch 2/3:  31%|███       | 27/88 [00:07<00:16,  3.77it/s, loss=1.485]
  epoch 2/3:  31%|███       | 27/88 [00:07<00:16,  3.77it/s, loss=1.481]
  epoch 2/3:  32%|███▏      | 28/88 [00:07<00:15,  3.78it/s, loss=1.481]
  epoch 2/3:  32%|███▏      | 28/88 [00:07<00:15,  3.78it/s, loss=1.481]
  epoch 2/3:  33%|███▎      | 29/88 [00:07<00:15,  3.77it/s, loss=1.481]
  epoch 2/3:  33%|███▎      | 29/88 [00:08<00:15,  3.77it/s, loss=1.478]
  epoch 2/3:  34%|███▍      | 30/88 [00:08<00:15,  3.78it/s, loss=1.478]
  epoch 2/3:  34%|███▍      | 30/88 [00:08<00:15,  3.78it/s, loss=1.479]
  epoch 2/3:  35%|███▌      | 31/88 [00:08<00:15,  3.79it/s, loss=1.479]
  epoch 2/3:  35%|███▌      | 31/88 [00:08<00:15,  3.79it/s, loss=1.478]
  epoch 2/3:  36%|███▋      | 32/88 [00:08<00:15,  3.72it/s, loss=1.478]
  epoch 2/3:  36%|███▋      | 32/88 [00:08<00:15,  3.72it/s, loss=1.481]
  epoch 2/3:  38%|███▊      | 33/88 [00:08<00:14,  3.73it/s, loss=1.481]
  epoch 2/3:  38%|███▊      | 33/88 [00:09<00:14,  3.73it/s, loss=1.480]
  epoch 2/3:  39%|███▊      | 34/88 [00:09<00:14,  3.74it/s, loss=1.480]
  epoch 2/3:  39%|███▊      | 34/88 [00:09<00:14,  3.74it/s, loss=1.479]
  epoch 2/3:  40%|███▉      | 35/88 [00:09<00:14,  3.74it/s, loss=1.479]
  epoch 2/3:  40%|███▉      | 35/88 [00:09<00:14,  3.74it/s, loss=1.477]
  epoch 2/3:  41%|████      | 36/88 [00:09<00:13,  3.74it/s, loss=1.477]
  epoch 2/3:  41%|████      | 36/88 [00:10<00:13,  3.74it/s, loss=1.476]
  epoch 2/3:  42%|████▏     | 37/88 [00:10<00:13,  3.73it/s, loss=1.476]
  epoch 2/3:  42%|████▏     | 37/88 [00:10<00:13,  3.73it/s, loss=1.478]
  epoch 2/3:  43%|████▎     | 38/88 [00:10<00:13,  3.74it/s, loss=1.478]
  epoch 2/3:  43%|████▎     | 38/88 [00:10<00:13,  3.74it/s, loss=1.478]
  epoch 2/3:  44%|████▍     | 39/88 [00:10<00:13,  3.76it/s, loss=1.478]
  epoch 2/3:  44%|████▍     | 39/88 [00:10<00:13,  3.76it/s, loss=1.477]
  epoch 2/3:  45%|████▌     | 40/88 [00:10<00:12,  3.77it/s, loss=1.477]
  epoch 2/3:  45%|████▌     | 40/88 [00:11<00:12,  3.77it/s, loss=1.479]
  epoch 2/3:  47%|████▋     | 41/88 [00:11<00:12,  3.77it/s, loss=1.479]
  epoch 2/3:  47%|████▋     | 41/88 [00:11<00:12,  3.77it/s, loss=1.479]
  epoch 2/3:  48%|████▊     | 42/88 [00:11<00:12,  3.77it/s, loss=1.479]
  epoch 2/3:  48%|████▊     | 42/88 [00:11<00:12,  3.77it/s, loss=1.482]
  epoch 2/3:  49%|████▉     | 43/88 [00:11<00:11,  3.76it/s, loss=1.482]
  epoch 2/3:  49%|████▉     | 43/88 [00:11<00:11,  3.76it/s, loss=1.482]
  epoch 2/3:  50%|█████     | 44/88 [00:11<00:11,  3.75it/s, loss=1.482]
  epoch 2/3:  50%|█████     | 44/88 [00:12<00:11,  3.75it/s, loss=1.483]
  epoch 2/3:  51%|█████     | 45/88 [00:12<00:11,  3.75it/s, loss=1.483]
  epoch 2/3:  51%|█████     | 45/88 [00:12<00:11,  3.75it/s, loss=1.485]
  epoch 2/3:  52%|█████▏    | 46/88 [00:12<00:11,  3.74it/s, loss=1.485]
  epoch 2/3:  52%|█████▏    | 46/88 [00:12<00:11,  3.74it/s, loss=1.485]
  epoch 2/3:  53%|█████▎    | 47/88 [00:12<00:10,  3.76it/s, loss=1.485]
  epoch 2/3:  53%|█████▎    | 47/88 [00:12<00:10,  3.76it/s, loss=1.486]
  epoch 2/3:  55%|█████▍    | 48/88 [00:12<00:10,  3.73it/s, loss=1.486]
  epoch 2/3:  55%|█████▍    | 48/88 [00:13<00:10,  3.73it/s, loss=1.486]
  epoch 2/3:  56%|█████▌    | 49/88 [00:13<00:10,  3.74it/s, loss=1.486]
  epoch 2/3:  56%|█████▌    | 49/88 [00:13<00:10,  3.74it/s, loss=1.486]
  epoch 2/3:  57%|█████▋    | 50/88 [00:13<00:10,  3.75it/s, loss=1.486]
  epoch 2/3:  57%|█████▋    | 50/88 [00:13<00:10,  3.75it/s, loss=1.484]
  epoch 2/3:  58%|█████▊    | 51/88 [00:13<00:09,  3.74it/s, loss=1.484]
  epoch 2/3:  58%|█████▊    | 51/88 [00:14<00:09,  3.74it/s, loss=1.483]
  epoch 2/3:  59%|█████▉    | 52/88 [00:14<00:09,  3.75it/s, loss=1.483]
  epoch 2/3:  59%|█████▉    | 52/88 [00:14<00:09,  3.75it/s, loss=1.484]
  epoch 2/3:  60%|██████    | 53/88 [00:14<00:09,  3.76it/s, loss=1.484]
  epoch 2/3:  60%|██████    | 53/88 [00:14<00:09,  3.76it/s, loss=1.484]
  epoch 2/3:  61%|██████▏   | 54/88 [00:14<00:09,  3.77it/s, loss=1.484]
  epoch 2/3:  61%|██████▏   | 54/88 [00:14<00:09,  3.77it/s, loss=1.483]
  epoch 2/3:  62%|██████▎   | 55/88 [00:14<00:08,  3.77it/s, loss=1.483]
  epoch 2/3:  62%|██████▎   | 55/88 [00:15<00:08,  3.77it/s, loss=1.482]
  epoch 2/3:  64%|██████▎   | 56/88 [00:15<00:08,  3.77it/s, loss=1.482]
  epoch 2/3:  64%|██████▎   | 56/88 [00:15<00:08,  3.77it/s, loss=1.481]
  epoch 2/3:  65%|██████▍   | 57/88 [00:15<00:08,  3.78it/s, loss=1.481]
  epoch 2/3:  65%|██████▍   | 57/88 [00:15<00:08,  3.78it/s, loss=1.480]
  epoch 2/3:  66%|██████▌   | 58/88 [00:15<00:07,  3.78it/s, loss=1.480]
  epoch 2/3:  66%|██████▌   | 58/88 [00:15<00:07,  3.78it/s, loss=1.481]
  epoch 2/3:  67%|██████▋   | 59/88 [00:15<00:07,  3.76it/s, loss=1.481]
  epoch 2/3:  67%|██████▋   | 59/88 [00:16<00:07,  3.76it/s, loss=1.481]
  epoch 2/3:  68%|██████▊   | 60/88 [00:16<00:07,  3.75it/s, loss=1.481]
  epoch 2/3:  68%|██████▊   | 60/88 [00:16<00:07,  3.75it/s, loss=1.480]
  epoch 2/3:  69%|██████▉   | 61/88 [00:16<00:07,  3.74it/s, loss=1.480]
  epoch 2/3:  69%|██████▉   | 61/88 [00:16<00:07,  3.74it/s, loss=1.479]
  epoch 2/3:  70%|███████   | 62/88 [00:16<00:06,  3.75it/s, loss=1.479]
  epoch 2/3:  70%|███████   | 62/88 [00:16<00:06,  3.75it/s, loss=1.478]
  epoch 2/3:  72%|███████▏  | 63/88 [00:16<00:06,  3.76it/s, loss=1.478]
  epoch 2/3:  72%|███████▏  | 63/88 [00:17<00:06,  3.76it/s, loss=1.479]
  epoch 2/3:  73%|███████▎  | 64/88 [00:17<00:06,  3.71it/s, loss=1.479]
  epoch 2/3:  73%|███████▎  | 64/88 [00:17<00:06,  3.71it/s, loss=1.480]
  epoch 2/3:  74%|███████▍  | 65/88 [00:17<00:06,  3.71it/s, loss=1.480]
  epoch 2/3:  74%|███████▍  | 65/88 [00:17<00:06,  3.71it/s, loss=1.480]
  epoch 2/3:  75%|███████▌  | 66/88 [00:17<00:05,  3.74it/s, loss=1.480]
  epoch 2/3:  75%|███████▌  | 66/88 [00:18<00:05,  3.74it/s, loss=1.480]
  epoch 2/3:  76%|███████▌  | 67/88 [00:18<00:05,  3.75it/s, loss=1.480]
  epoch 2/3:  76%|███████▌  | 67/88 [00:18<00:05,  3.75it/s, loss=1.481]
  epoch 2/3:  77%|███████▋  | 68/88 [00:18<00:05,  3.76it/s, loss=1.481]
  epoch 2/3:  77%|███████▋  | 68/88 [00:18<00:05,  3.76it/s, loss=1.481]
  epoch 2/3:  78%|███████▊  | 69/88 [00:18<00:05,  3.77it/s, loss=1.481]
  epoch 2/3:  78%|███████▊  | 69/88 [00:18<00:05,  3.77it/s, loss=1.481]
  epoch 2/3:  80%|███████▉  | 70/88 [00:18<00:04,  3.76it/s, loss=1.481]
  epoch 2/3:  80%|███████▉  | 70/88 [00:19<00:04,  3.76it/s, loss=1.481]
  epoch 2/3:  81%|████████  | 71/88 [00:19<00:04,  3.75it/s, loss=1.481]
  epoch 2/3:  81%|████████  | 71/88 [00:19<00:04,  3.75it/s, loss=1.481]
  epoch 2/3:  82%|████████▏ | 72/88 [00:19<00:04,  3.76it/s, loss=1.481]
  epoch 2/3:  82%|████████▏ | 72/88 [00:19<00:04,  3.76it/s, loss=1.481]
  epoch 2/3:  83%|████████▎ | 73/88 [00:19<00:03,  3.76it/s, loss=1.481]
  epoch 2/3:  83%|████████▎ | 73/88 [00:19<00:03,  3.76it/s, loss=1.480]
  epoch 2/3:  84%|████████▍ | 74/88 [00:19<00:03,  3.75it/s, loss=1.480]
  epoch 2/3:  84%|████████▍ | 74/88 [00:20<00:03,  3.75it/s, loss=1.480]
  epoch 2/3:  85%|████████▌ | 75/88 [00:20<00:03,  3.75it/s, loss=1.480]
  epoch 2/3:  85%|████████▌ | 75/88 [00:20<00:03,  3.75it/s, loss=1.477]
  epoch 2/3:  86%|████████▋ | 76/88 [00:20<00:03,  3.76it/s, loss=1.477]
  epoch 2/3:  86%|████████▋ | 76/88 [00:20<00:03,  3.76it/s, loss=1.478]
  epoch 2/3:  88%|████████▊ | 77/88 [00:20<00:02,  3.77it/s, loss=1.478]
  epoch 2/3:  88%|████████▊ | 77/88 [00:20<00:02,  3.77it/s, loss=1.477]
  epoch 2/3:  89%|████████▊ | 78/88 [00:20<00:02,  3.77it/s, loss=1.477]
  epoch 2/3:  89%|████████▊ | 78/88 [00:21<00:02,  3.77it/s, loss=1.475]
  epoch 2/3:  90%|████████▉ | 79/88 [00:21<00:02,  3.78it/s, loss=1.475]
  epoch 2/3:  90%|████████▉ | 79/88 [00:21<00:02,  3.78it/s, loss=1.475]
  epoch 2/3:  91%|█████████ | 80/88 [00:21<00:02,  3.73it/s, loss=1.475]
  epoch 2/3:  91%|█████████ | 80/88 [00:21<00:02,  3.73it/s, loss=1.474]
  epoch 2/3:  92%|█████████▏| 81/88 [00:21<00:01,  3.74it/s, loss=1.474]
  epoch 2/3:  92%|█████████▏| 81/88 [00:22<00:01,  3.74it/s, loss=1.474]
  epoch 2/3:  93%|█████████▎| 82/88 [00:22<00:01,  3.74it/s, loss=1.474]
  epoch 2/3:  93%|█████████▎| 82/88 [00:22<00:01,  3.74it/s, loss=1.473]
  epoch 2/3:  94%|█████████▍| 83/88 [00:22<00:01,  3.75it/s, loss=1.473]
  epoch 2/3:  94%|█████████▍| 83/88 [00:22<00:01,  3.75it/s, loss=1.472]
  epoch 2/3:  95%|█████████▌| 84/88 [00:22<00:01,  3.77it/s, loss=1.472]
  epoch 2/3:  95%|█████████▌| 84/88 [00:22<00:01,  3.77it/s, loss=1.471]
  epoch 2/3:  97%|█████████▋| 85/88 [00:22<00:00,  3.78it/s, loss=1.471]
  epoch 2/3:  97%|█████████▋| 85/88 [00:23<00:00,  3.78it/s, loss=1.470]
  epoch 2/3:  98%|█████████▊| 86/88 [00:23<00:00,  3.78it/s, loss=1.470]
  epoch 2/3:  98%|█████████▊| 86/88 [00:23<00:00,  3.78it/s, loss=1.468]
  epoch 2/3:  99%|█████████▉| 87/88 [00:23<00:00,  3.79it/s, loss=1.468]
  epoch 2/3:  99%|█████████▉| 87/88 [00:23<00:00,  3.79it/s, loss=1.467]
  epoch 2/3: 100%|██████████| 88/88 [00:23<00:00,  4.13it/s, loss=1.467]
                                                                        

  epoch 3/3:   0%|          | 0/88 [00:00<?, ?it/s]
  epoch 3/3:   0%|          | 0/88 [00:00<?, ?it/s, loss=1.479]
  epoch 3/3:   1%|          | 1/88 [00:00<00:40,  2.13it/s, loss=1.479]
  epoch 3/3:   1%|          | 1/88 [00:00<00:40,  2.13it/s, loss=1.460]
  epoch 3/3:   2%|▏         | 2/88 [00:00<00:30,  2.84it/s, loss=1.460]
  epoch 3/3:   2%|▏         | 2/88 [00:01<00:30,  2.84it/s, loss=1.467]
  epoch 3/3:   3%|▎         | 3/88 [00:01<00:26,  3.21it/s, loss=1.467]
  epoch 3/3:   3%|▎         | 3/88 [00:01<00:26,  3.21it/s, loss=1.474]
  epoch 3/3:   5%|▍         | 4/88 [00:01<00:24,  3.41it/s, loss=1.474]
  epoch 3/3:   5%|▍         | 4/88 [00:01<00:24,  3.41it/s, loss=1.486]
  epoch 3/3:   6%|▌         | 5/88 [00:01<00:23,  3.54it/s, loss=1.486]
  epoch 3/3:   6%|▌         | 5/88 [00:01<00:23,  3.54it/s, loss=1.476]
  epoch 3/3:   7%|▋         | 6/88 [00:01<00:22,  3.62it/s, loss=1.476]
  epoch 3/3:   7%|▋         | 6/88 [00:02<00:22,  3.62it/s, loss=1.479]
  epoch 3/3:   8%|▊         | 7/88 [00:02<00:22,  3.67it/s, loss=1.479]
  epoch 3/3:   8%|▊         | 7/88 [00:02<00:22,  3.67it/s, loss=1.485]
  epoch 3/3:   9%|▉         | 8/88 [00:02<00:21,  3.65it/s, loss=1.485]
  epoch 3/3:   9%|▉         | 8/88 [00:02<00:21,  3.65it/s, loss=1.472]
  epoch 3/3:  10%|█         | 9/88 [00:02<00:21,  3.66it/s, loss=1.472]
  epoch 3/3:  10%|█         | 9/88 [00:02<00:21,  3.66it/s, loss=1.470]
  epoch 3/3:  11%|█▏        | 10/88 [00:02<00:21,  3.69it/s, loss=1.470]
  epoch 3/3:  11%|█▏        | 10/88 [00:03<00:21,  3.69it/s, loss=1.467]
  epoch 3/3:  12%|█▎        | 11/88 [00:03<00:20,  3.73it/s, loss=1.467]
  epoch 3/3:  12%|█▎        | 11/88 [00:03<00:20,  3.73it/s, loss=1.462]
  epoch 3/3:  14%|█▎        | 12/88 [00:03<00:20,  3.74it/s, loss=1.462]
  epoch 3/3:  14%|█▎        | 12/88 [00:03<00:20,  3.74it/s, loss=1.460]
  epoch 3/3:  15%|█▍        | 13/88 [00:03<00:20,  3.74it/s, loss=1.460]
  epoch 3/3:  15%|█▍        | 13/88 [00:03<00:20,  3.74it/s, loss=1.448]
  epoch 3/3:  16%|█▌        | 14/88 [00:03<00:19,  3.75it/s, loss=1.448]
  epoch 3/3:  16%|█▌        | 14/88 [00:04<00:19,  3.75it/s, loss=1.452]
  epoch 3/3:  17%|█▋        | 15/88 [00:04<00:19,  3.74it/s, loss=1.452]
  epoch 3/3:  17%|█▋        | 15/88 [00:04<00:19,  3.74it/s, loss=1.451]
  epoch 3/3:  18%|█▊        | 16/88 [00:04<00:19,  3.74it/s, loss=1.451]
  epoch 3/3:  18%|█▊        | 16/88 [00:04<00:19,  3.74it/s, loss=1.453]
  epoch 3/3:  19%|█▉        | 17/88 [00:04<00:18,  3.75it/s, loss=1.453]
  epoch 3/3:  19%|█▉        | 17/88 [00:04<00:18,  3.75it/s, loss=1.449]
  epoch 3/3:  20%|██        | 18/88 [00:04<00:18,  3.76it/s, loss=1.449]
  epoch 3/3:  20%|██        | 18/88 [00:05<00:18,  3.76it/s, loss=1.443]
  epoch 3/3:  22%|██▏       | 19/88 [00:05<00:18,  3.77it/s, loss=1.443]
  epoch 3/3:  22%|██▏       | 19/88 [00:05<00:18,  3.77it/s, loss=1.439]
  epoch 3/3:  23%|██▎       | 20/88 [00:05<00:18,  3.78it/s, loss=1.439]
  epoch 3/3:  23%|██▎       | 20/88 [00:05<00:18,  3.78it/s, loss=1.438]
  epoch 3/3:  24%|██▍       | 21/88 [00:05<00:17,  3.78it/s, loss=1.438]
  epoch 3/3:  24%|██▍       | 21/88 [00:06<00:17,  3.78it/s, loss=1.435]
  epoch 3/3:  25%|██▌       | 22/88 [00:06<00:17,  3.77it/s, loss=1.435]
  epoch 3/3:  25%|██▌       | 22/88 [00:06<00:17,  3.77it/s, loss=1.433]
  epoch 3/3:  26%|██▌       | 23/88 [00:06<00:17,  3.76it/s, loss=1.433]
  epoch 3/3:  26%|██▌       | 23/88 [00:06<00:17,  3.76it/s, loss=1.436]
  epoch 3/3:  27%|██▋       | 24/88 [00:06<00:17,  3.72it/s, loss=1.436]
  epoch 3/3:  27%|██▋       | 24/88 [00:06<00:17,  3.72it/s, loss=1.437]
  epoch 3/3:  28%|██▊       | 25/88 [00:06<00:16,  3.74it/s, loss=1.437]
  epoch 3/3:  28%|██▊       | 25/88 [00:07<00:16,  3.74it/s, loss=1.434]
  epoch 3/3:  30%|██▉       | 26/88 [00:07<00:16,  3.76it/s, loss=1.434]
  epoch 3/3:  30%|██▉       | 26/88 [00:07<00:16,  3.76it/s, loss=1.434]
  epoch 3/3:  31%|███       | 27/88 [00:07<00:16,  3.77it/s, loss=1.434]
  epoch 3/3:  31%|███       | 27/88 [00:07<00:16,  3.77it/s, loss=1.432]
  epoch 3/3:  32%|███▏      | 28/88 [00:07<00:15,  3.77it/s, loss=1.432]
  epoch 3/3:  32%|███▏      | 28/88 [00:07<00:15,  3.77it/s, loss=1.434]
  epoch 3/3:  33%|███▎      | 29/88 [00:07<00:15,  3.78it/s, loss=1.434]
  epoch 3/3:  33%|███▎      | 29/88 [00:08<00:15,  3.78it/s, loss=1.436]
  epoch 3/3:  34%|███▍      | 30/88 [00:08<00:15,  3.78it/s, loss=1.436]
  epoch 3/3:  34%|███▍      | 30/88 [00:08<00:15,  3.78it/s, loss=1.436]
  epoch 3/3:  35%|███▌      | 31/88 [00:08<00:15,  3.76it/s, loss=1.436]
  epoch 3/3:  35%|███▌      | 31/88 [00:08<00:15,  3.76it/s, loss=1.432]
  epoch 3/3:  36%|███▋      | 32/88 [00:08<00:14,  3.77it/s, loss=1.432]
  epoch 3/3:  36%|███▋      | 32/88 [00:08<00:14,  3.77it/s, loss=1.433]
  epoch 3/3:  38%|███▊      | 33/88 [00:08<00:14,  3.75it/s, loss=1.433]
  epoch 3/3:  38%|███▊      | 33/88 [00:09<00:14,  3.75it/s, loss=1.434]
  epoch 3/3:  39%|███▊      | 34/88 [00:09<00:14,  3.74it/s, loss=1.434]
  epoch 3/3:  39%|███▊      | 34/88 [00:09<00:14,  3.74it/s, loss=1.433]
  epoch 3/3:  40%|███▉      | 35/88 [00:09<00:14,  3.75it/s, loss=1.433]
  epoch 3/3:  40%|███▉      | 35/88 [00:09<00:14,  3.75it/s, loss=1.432]
  epoch 3/3:  41%|████      | 36/88 [00:09<00:13,  3.75it/s, loss=1.432]
  epoch 3/3:  41%|████      | 36/88 [00:10<00:13,  3.75it/s, loss=1.431]
  epoch 3/3:  42%|████▏     | 37/88 [00:10<00:13,  3.74it/s, loss=1.431]
  epoch 3/3:  42%|████▏     | 37/88 [00:10<00:13,  3.74it/s, loss=1.434]
  epoch 3/3:  43%|████▎     | 38/88 [00:10<00:13,  3.75it/s, loss=1.434]
  epoch 3/3:  43%|████▎     | 38/88 [00:10<00:13,  3.75it/s, loss=1.433]
  epoch 3/3:  44%|████▍     | 39/88 [00:10<00:13,  3.74it/s, loss=1.433]
  epoch 3/3:  44%|████▍     | 39/88 [00:10<00:13,  3.74it/s, loss=1.434]
  epoch 3/3:  45%|████▌     | 40/88 [00:10<00:13,  3.68it/s, loss=1.434]
  epoch 3/3:  45%|████▌     | 40/88 [00:11<00:13,  3.68it/s, loss=1.436]
  epoch 3/3:  47%|████▋     | 41/88 [00:11<00:12,  3.69it/s, loss=1.436]
  epoch 3/3:  47%|████▋     | 41/88 [00:11<00:12,  3.69it/s, loss=1.436]
  epoch 3/3:  48%|████▊     | 42/88 [00:11<00:12,  3.71it/s, loss=1.436]
  epoch 3/3:  48%|████▊     | 42/88 [00:11<00:12,  3.71it/s, loss=1.439]
  epoch 3/3:  49%|████▉     | 43/88 [00:11<00:12,  3.73it/s, loss=1.439]
  epoch 3/3:  49%|████▉     | 43/88 [00:11<00:12,  3.73it/s, loss=1.442]
  epoch 3/3:  50%|█████     | 44/88 [00:11<00:11,  3.75it/s, loss=1.442]
  epoch 3/3:  50%|█████     | 44/88 [00:12<00:11,  3.75it/s, loss=1.440]
  epoch 3/3:  51%|█████     | 45/88 [00:12<00:11,  3.75it/s, loss=1.440]
  epoch 3/3:  51%|█████     | 45/88 [00:12<00:11,  3.75it/s, loss=1.442]
  epoch 3/3:  52%|█████▏    | 46/88 [00:12<00:11,  3.75it/s, loss=1.442]
  epoch 3/3:  52%|█████▏    | 46/88 [00:12<00:11,  3.75it/s, loss=1.440]
  epoch 3/3:  53%|█████▎    | 47/88 [00:12<00:10,  3.74it/s, loss=1.440]
  epoch 3/3:  53%|█████▎    | 47/88 [00:13<00:10,  3.74it/s, loss=1.441]
  epoch 3/3:  55%|█████▍    | 48/88 [00:13<00:10,  3.73it/s, loss=1.441]
  epoch 3/3:  55%|█████▍    | 48/88 [00:13<00:10,  3.73it/s, loss=1.439]
  epoch 3/3:  56%|█████▌    | 49/88 [00:13<00:10,  3.75it/s, loss=1.439]
  epoch 3/3:  56%|█████▌    | 49/88 [00:13<00:10,  3.75it/s, loss=1.439]
  epoch 3/3:  57%|█████▋    | 50/88 [00:13<00:10,  3.76it/s, loss=1.439]
  epoch 3/3:  57%|█████▋    | 50/88 [00:13<00:10,  3.76it/s, loss=1.437]
  epoch 3/3:  58%|█████▊    | 51/88 [00:13<00:09,  3.74it/s, loss=1.437]
  epoch 3/3:  58%|█████▊    | 51/88 [00:14<00:09,  3.74it/s, loss=1.437]
  epoch 3/3:  59%|█████▉    | 52/88 [00:14<00:09,  3.73it/s, loss=1.437]
  epoch 3/3:  59%|█████▉    | 52/88 [00:14<00:09,  3.73it/s, loss=1.436]
  epoch 3/3:  60%|██████    | 53/88 [00:14<00:09,  3.73it/s, loss=1.436]
  epoch 3/3:  60%|██████    | 53/88 [00:14<00:09,  3.73it/s, loss=1.436]
  epoch 3/3:  61%|██████▏   | 54/88 [00:14<00:09,  3.75it/s, loss=1.436]
  epoch 3/3:  61%|██████▏   | 54/88 [00:14<00:09,  3.75it/s, loss=1.436]
  epoch 3/3:  62%|██████▎   | 55/88 [00:14<00:08,  3.77it/s, loss=1.436]
  epoch 3/3:  62%|██████▎   | 55/88 [00:15<00:08,  3.77it/s, loss=1.436]
  epoch 3/3:  64%|██████▎   | 56/88 [00:15<00:08,  3.73it/s, loss=1.436]
  epoch 3/3:  64%|██████▎   | 56/88 [00:15<00:08,  3.73it/s, loss=1.436]
  epoch 3/3:  65%|██████▍   | 57/88 [00:15<00:08,  3.73it/s, loss=1.436]
  epoch 3/3:  65%|██████▍   | 57/88 [00:15<00:08,  3.73it/s, loss=1.436]
  epoch 3/3:  66%|██████▌   | 58/88 [00:15<00:08,  3.73it/s, loss=1.436]
  epoch 3/3:  66%|██████▌   | 58/88 [00:15<00:08,  3.73it/s, loss=1.437]
  epoch 3/3:  67%|██████▋   | 59/88 [00:15<00:07,  3.75it/s, loss=1.437]
  epoch 3/3:  67%|██████▋   | 59/88 [00:16<00:07,  3.75it/s, loss=1.437]
  epoch 3/3:  68%|██████▊   | 60/88 [00:16<00:07,  3.75it/s, loss=1.437]
  epoch 3/3:  68%|██████▊   | 60/88 [00:16<00:07,  3.75it/s, loss=1.438]
  epoch 3/3:  69%|██████▉   | 61/88 [00:16<00:07,  3.76it/s, loss=1.438]
  epoch 3/3:  69%|██████▉   | 61/88 [00:16<00:07,  3.76it/s, loss=1.439]
  epoch 3/3:  70%|███████   | 62/88 [00:16<00:06,  3.77it/s, loss=1.439]
  epoch 3/3:  70%|███████   | 62/88 [00:17<00:06,  3.77it/s, loss=1.439]
  epoch 3/3:  72%|███████▏  | 63/88 [00:17<00:06,  3.77it/s, loss=1.439]
  epoch 3/3:  72%|███████▏  | 63/88 [00:17<00:06,  3.77it/s, loss=1.439]
  epoch 3/3:  73%|███████▎  | 64/88 [00:17<00:06,  3.75it/s, loss=1.439]
  epoch 3/3:  73%|███████▎  | 64/88 [00:17<00:06,  3.75it/s, loss=1.441]
  epoch 3/3:  74%|███████▍  | 65/88 [00:17<00:06,  3.74it/s, loss=1.441]
  epoch 3/3:  74%|███████▍  | 65/88 [00:17<00:06,  3.74it/s, loss=1.440]
  epoch 3/3:  75%|███████▌  | 66/88 [00:17<00:05,  3.76it/s, loss=1.440]
  epoch 3/3:  75%|███████▌  | 66/88 [00:18<00:05,  3.76it/s, loss=1.440]
  epoch 3/3:  76%|███████▌  | 67/88 [00:18<00:05,  3.77it/s, loss=1.440]
  epoch 3/3:  76%|███████▌  | 67/88 [00:18<00:05,  3.77it/s, loss=1.439]
  epoch 3/3:  77%|███████▋  | 68/88 [00:18<00:05,  3.77it/s, loss=1.439]
  epoch 3/3:  77%|███████▋  | 68/88 [00:18<00:05,  3.77it/s, loss=1.439]
  epoch 3/3:  78%|███████▊  | 69/88 [00:18<00:05,  3.77it/s, loss=1.439]
  epoch 3/3:  78%|███████▊  | 69/88 [00:18<00:05,  3.77it/s, loss=1.440]
  epoch 3/3:  80%|███████▉  | 70/88 [00:18<00:04,  3.76it/s, loss=1.440]
  epoch 3/3:  80%|███████▉  | 70/88 [00:19<00:04,  3.76it/s, loss=1.440]
  epoch 3/3:  81%|████████  | 71/88 [00:19<00:04,  3.74it/s, loss=1.440]
  epoch 3/3:  81%|████████  | 71/88 [00:19<00:04,  3.74it/s, loss=1.438]
  epoch 3/3:  82%|████████▏ | 72/88 [00:19<00:04,  3.69it/s, loss=1.438]
  epoch 3/3:  82%|████████▏ | 72/88 [00:19<00:04,  3.69it/s, loss=1.438]
  epoch 3/3:  83%|████████▎ | 73/88 [00:19<00:04,  3.69it/s, loss=1.438]
  epoch 3/3:  83%|████████▎ | 73/88 [00:19<00:04,  3.69it/s, loss=1.438]
  epoch 3/3:  84%|████████▍ | 74/88 [00:19<00:03,  3.72it/s, loss=1.438]
  epoch 3/3:  84%|████████▍ | 74/88 [00:20<00:03,  3.72it/s, loss=1.437]
  epoch 3/3:  85%|████████▌ | 75/88 [00:20<00:03,  3.74it/s, loss=1.437]
  epoch 3/3:  85%|████████▌ | 75/88 [00:20<00:03,  3.74it/s, loss=1.436]
  epoch 3/3:  86%|████████▋ | 76/88 [00:20<00:03,  3.73it/s, loss=1.436]
  epoch 3/3:  86%|████████▋ | 76/88 [00:20<00:03,  3.73it/s, loss=1.436]
  epoch 3/3:  88%|████████▊ | 77/88 [00:20<00:02,  3.72it/s, loss=1.436]
  epoch 3/3:  88%|████████▊ | 77/88 [00:21<00:02,  3.72it/s, loss=1.436]
  epoch 3/3:  89%|████████▊ | 78/88 [00:21<00:02,  3.72it/s, loss=1.436]
  epoch 3/3:  89%|████████▊ | 78/88 [00:21<00:02,  3.72it/s, loss=1.436]
  epoch 3/3:  90%|████████▉ | 79/88 [00:21<00:02,  3.74it/s, loss=1.436]
  epoch 3/3:  90%|████████▉ | 79/88 [00:21<00:02,  3.74it/s, loss=1.436]
  epoch 3/3:  91%|█████████ | 80/88 [00:21<00:02,  3.74it/s, loss=1.436]
  epoch 3/3:  91%|█████████ | 80/88 [00:21<00:02,  3.74it/s, loss=1.435]
  epoch 3/3:  92%|█████████▏| 81/88 [00:21<00:01,  3.73it/s, loss=1.435]
  epoch 3/3:  92%|█████████▏| 81/88 [00:22<00:01,  3.73it/s, loss=1.438]
  epoch 3/3:  93%|█████████▎| 82/88 [00:22<00:01,  3.72it/s, loss=1.438]
  epoch 3/3:  93%|█████████▎| 82/88 [00:22<00:01,  3.72it/s, loss=1.437]
  epoch 3/3:  94%|█████████▍| 83/88 [00:22<00:01,  3.74it/s, loss=1.437]
  epoch 3/3:  94%|█████████▍| 83/88 [00:22<00:01,  3.74it/s, loss=1.437]
  epoch 3/3:  95%|█████████▌| 84/88 [00:22<00:01,  3.76it/s, loss=1.437]
  epoch 3/3:  95%|█████████▌| 84/88 [00:22<00:01,  3.76it/s, loss=1.438]
  epoch 3/3:  97%|█████████▋| 85/88 [00:22<00:00,  3.77it/s, loss=1.438]
  epoch 3/3:  97%|█████████▋| 85/88 [00:23<00:00,  3.77it/s, loss=1.438]
  epoch 3/3:  98%|█████████▊| 86/88 [00:23<00:00,  3.76it/s, loss=1.438]
  epoch 3/3:  98%|█████████▊| 86/88 [00:23<00:00,  3.76it/s, loss=1.437]
  epoch 3/3:  99%|█████████▉| 87/88 [00:23<00:00,  3.77it/s, loss=1.437]
  epoch 3/3:  99%|█████████▉| 87/88 [00:23<00:00,  3.77it/s, loss=1.437]
  epoch 3/3: 100%|██████████| 88/88 [00:23<00:00,  4.08it/s, loss=1.437]
                                                                        
[titans] reset=never | norm(state) sau task = 128.9801
[titans]   self-mod v:β=1.00 |W|=0.04
[titans]   eta_t(avg)=0.3213  alpha_t/forget-gate(avg)=0.5730
[task 3] test acc so far: 0.074  0.203  0.074  0.014
[task 3] NCM-head acc so far: 0.723  0.809  0.786  0.769
[task 4] classes=[3, 14, 18, 40, 44] | train=2800

  epoch 1/3:   0%|          | 0/88 [00:00<?, ?it/s]
  epoch 1/3:   0%|          | 0/88 [00:00<?, ?it/s, loss=1.626]
  epoch 1/3:   1%|          | 1/88 [00:00<00:41,  2.10it/s, loss=1.626]
  epoch 1/3:   1%|          | 1/88 [00:00<00:41,  2.10it/s, loss=1.586]
  epoch 1/3:   2%|▏         | 2/88 [00:00<00:30,  2.83it/s, loss=1.586]
  epoch 1/3:   2%|▏         | 2/88 [00:01<00:30,  2.83it/s, loss=1.592]
  epoch 1/3:   3%|▎         | 3/88 [00:01<00:26,  3.17it/s, loss=1.592]
  epoch 1/3:   3%|▎         | 3/88 [00:01<00:26,  3.17it/s, loss=1.583]
  epoch 1/3:   5%|▍         | 4/88 [00:01<00:24,  3.37it/s, loss=1.583]
  epoch 1/3:   5%|▍         | 4/88 [00:01<00:24,  3.37it/s, loss=1.618]
  epoch 1/3:   6%|▌         | 5/88 [00:01<00:23,  3.50it/s, loss=1.618]
  epoch 1/3:   6%|▌         | 5/88 [00:01<00:23,  3.50it/s, loss=1.650]
  epoch 1/3:   7%|▋         | 6/88 [00:01<00:22,  3.59it/s, loss=1.650]
  epoch 1/3:   7%|▋         | 6/88 [00:02<00:22,  3.59it/s, loss=1.669]
  epoch 1/3:   8%|▊         | 7/88 [00:02<00:22,  3.64it/s, loss=1.669]
  epoch 1/3:   8%|▊         | 7/88 [00:02<00:22,  3.64it/s, loss=1.675]
  epoch 1/3:   9%|▉         | 8/88 [00:02<00:21,  3.68it/s, loss=1.675]
  epoch 1/3:   9%|▉         | 8/88 [00:02<00:21,  3.68it/s, loss=1.693]
  epoch 1/3:  10%|█         | 9/88 [00:02<00:21,  3.70it/s, loss=1.693]
  epoch 1/3:  10%|█         | 9/88 [00:02<00:21,  3.70it/s, loss=1.707]
  epoch 1/3:  11%|█▏        | 10/88 [00:02<00:21,  3.70it/s, loss=1.707]
  epoch 1/3:  11%|█▏        | 10/88 [00:03<00:21,  3.70it/s, loss=1.718]
  epoch 1/3:  12%|█▎        | 11/88 [00:03<00:20,  3.72it/s, loss=1.718]
  epoch 1/3:  12%|█▎        | 11/88 [00:03<00:20,  3.72it/s, loss=1.726]
  epoch 1/3:  14%|█▎        | 12/88 [00:03<00:20,  3.74it/s, loss=1.726]
  epoch 1/3:  14%|█▎        | 12/88 [00:03<00:20,  3.74it/s, loss=1.727]
  epoch 1/3:  15%|█▍        | 13/88 [00:03<00:19,  3.76it/s, loss=1.727]
  epoch 1/3:  15%|█▍        | 13/88 [00:03<00:19,  3.76it/s, loss=1.729]
  epoch 1/3:  16%|█▌        | 14/88 [00:03<00:19,  3.76it/s, loss=1.729]
  epoch 1/3:  16%|█▌        | 14/88 [00:04<00:19,  3.76it/s, loss=1.737]
  epoch 1/3:  17%|█▋        | 15/88 [00:04<00:19,  3.76it/s, loss=1.737]
  epoch 1/3:  17%|█▋        | 15/88 [00:04<00:19,  3.76it/s, loss=1.737]
  epoch 1/3:  18%|█▊        | 16/88 [00:04<00:19,  3.71it/s, loss=1.737]
  epoch 1/3:  18%|█▊        | 16/88 [00:04<00:19,  3.71it/s, loss=1.731]
  epoch 1/3:  19%|█▉        | 17/88 [00:04<00:19,  3.73it/s, loss=1.731]
  epoch 1/3:  19%|█▉        | 17/88 [00:05<00:19,  3.73it/s, loss=1.728]
  epoch 1/3:  20%|██        | 18/88 [00:05<00:18,  3.75it/s, loss=1.728]
  epoch 1/3:  20%|██        | 18/88 [00:05<00:18,  3.75it/s, loss=1.729]
  epoch 1/3:  22%|██▏       | 19/88 [00:05<00:18,  3.75it/s, loss=1.729]
  epoch 1/3:  22%|██▏       | 19/88 [00:05<00:18,  3.75it/s, loss=1.726]
  epoch 1/3:  23%|██▎       | 20/88 [00:05<00:18,  3.76it/s, loss=1.726]
  epoch 1/3:  23%|██▎       | 20/88 [00:05<00:18,  3.76it/s, loss=1.729]
  epoch 1/3:  24%|██▍       | 21/88 [00:05<00:17,  3.76it/s, loss=1.729]
  epoch 1/3:  24%|██▍       | 21/88 [00:06<00:17,  3.76it/s, loss=1.732]
  epoch 1/3:  25%|██▌       | 22/88 [00:06<00:17,  3.76it/s, loss=1.732]
  epoch 1/3:  25%|██▌       | 22/88 [00:06<00:17,  3.76it/s, loss=1.736]
  epoch 1/3:  26%|██▌       | 23/88 [00:06<00:17,  3.75it/s, loss=1.736]
  epoch 1/3:  26%|██▌       | 23/88 [00:06<00:17,  3.75it/s, loss=1.734]
  epoch 1/3:  27%|██▋       | 24/88 [00:06<00:17,  3.74it/s, loss=1.734]
  epoch 1/3:  27%|██▋       | 24/88 [00:06<00:17,  3.74it/s, loss=1.735]
  epoch 1/3:  28%|██▊       | 25/88 [00:06<00:16,  3.75it/s, loss=1.735]
  epoch 1/3:  28%|██▊       | 25/88 [00:07<00:16,  3.75it/s, loss=1.735]
  epoch 1/3:  30%|██▉       | 26/88 [00:07<00:16,  3.76it/s, loss=1.735]
  epoch 1/3:  30%|██▉       | 26/88 [00:07<00:16,  3.76it/s, loss=1.732]
  epoch 1/3:  31%|███       | 27/88 [00:07<00:16,  3.76it/s, loss=1.732]
  epoch 1/3:  31%|███       | 27/88 [00:07<00:16,  3.76it/s, loss=1.731]
  epoch 1/3:  32%|███▏      | 28/88 [00:07<00:15,  3.78it/s, loss=1.731]
  epoch 1/3:  32%|███▏      | 28/88 [00:07<00:15,  3.78it/s, loss=1.734]
  epoch 1/3:  33%|███▎      | 29/88 [00:07<00:15,  3.77it/s, loss=1.734]
  epoch 1/3:  33%|███▎      | 29/88 [00:08<00:15,  3.77it/s, loss=1.729]
  epoch 1/3:  34%|███▍      | 30/88 [00:08<00:15,  3.77it/s, loss=1.729]
  epoch 1/3:  34%|███▍      | 30/88 [00:08<00:15,  3.77it/s, loss=1.728]
  epoch 1/3:  35%|███▌      | 31/88 [00:08<00:15,  3.77it/s, loss=1.728]
  epoch 1/3:  35%|███▌      | 31/88 [00:08<00:15,  3.77it/s, loss=1.726]
  epoch 1/3:  36%|███▋      | 32/88 [00:08<00:15,  3.71it/s, loss=1.726]
  epoch 1/3:  36%|███▋      | 32/88 [00:09<00:15,  3.71it/s, loss=1.725]
  epoch 1/3:  38%|███▊      | 33/88 [00:09<00:14,  3.75it/s, loss=1.725]
  epoch 1/3:  38%|███▊      | 33/88 [00:09<00:14,  3.75it/s, loss=1.726]
  epoch 1/3:  39%|███▊      | 34/88 [00:09<00:14,  3.77it/s, loss=1.726]
  epoch 1/3:  39%|███▊      | 34/88 [00:09<00:14,  3.77it/s, loss=1.727]
  epoch 1/3:  40%|███▉      | 35/88 [00:09<00:14,  3.77it/s, loss=1.727]
  epoch 1/3:  40%|███▉      | 35/88 [00:09<00:14,  3.77it/s, loss=1.723]
  epoch 1/3:  41%|████      | 36/88 [00:09<00:13,  3.78it/s, loss=1.723]
  epoch 1/3:  41%|████      | 36/88 [00:10<00:13,  3.78it/s, loss=1.718]
  epoch 1/3:  42%|████▏     | 37/88 [00:10<00:13,  3.77it/s, loss=1.718]
  epoch 1/3:  42%|████▏     | 37/88 [00:10<00:13,  3.77it/s, loss=1.720]
  epoch 1/3:  43%|████▎     | 38/88 [00:10<00:13,  3.78it/s, loss=1.720]
  epoch 1/3:  43%|████▎     | 38/88 [00:10<00:13,  3.78it/s, loss=1.721]
  epoch 1/3:  44%|████▍     | 39/88 [00:10<00:12,  3.78it/s, loss=1.721]
  epoch 1/3:  44%|████▍     | 39/88 [00:10<00:12,  3.78it/s, loss=1.727]
  epoch 1/3:  45%|████▌     | 40/88 [00:10<00:12,  3.78it/s, loss=1.727]
  epoch 1/3:  45%|████▌     | 40/88 [00:11<00:12,  3.78it/s, loss=1.730]
  epoch 1/3:  47%|████▋     | 41/88 [00:11<00:12,  3.77it/s, loss=1.730]
  epoch 1/3:  47%|████▋     | 41/88 [00:11<00:12,  3.77it/s, loss=1.729]
  epoch 1/3:  48%|████▊     | 42/88 [00:11<00:12,  3.77it/s, loss=1.729]
  epoch 1/3:  48%|████▊     | 42/88 [00:11<00:12,  3.77it/s, loss=1.736]
  epoch 1/3:  49%|████▉     | 43/88 [00:11<00:11,  3.76it/s, loss=1.736]
  epoch 1/3:  49%|████▉     | 43/88 [00:11<00:11,  3.76it/s, loss=1.738]
  epoch 1/3:  50%|█████     | 44/88 [00:11<00:11,  3.77it/s, loss=1.738]
  epoch 1/3:  50%|█████     | 44/88 [00:12<00:11,  3.77it/s, loss=1.733]
  epoch 1/3:  51%|█████     | 45/88 [00:12<00:11,  3.78it/s, loss=1.733]
  epoch 1/3:  51%|█████     | 45/88 [00:12<00:11,  3.78it/s, loss=1.730]
  epoch 1/3:  52%|█████▏    | 46/88 [00:12<00:11,  3.78it/s, loss=1.730]
  epoch 1/3:  52%|█████▏    | 46/88 [00:12<00:11,  3.78it/s, loss=1.727]
  epoch 1/3:  53%|█████▎    | 47/88 [00:12<00:10,  3.79it/s, loss=1.727]
  epoch 1/3:  53%|█████▎    | 47/88 [00:12<00:10,  3.79it/s, loss=1.726]
  epoch 1/3:  55%|█████▍    | 48/88 [00:12<00:10,  3.75it/s, loss=1.726]
  epoch 1/3:  55%|█████▍    | 48/88 [00:13<00:10,  3.75it/s, loss=1.724]
  epoch 1/3:  56%|█████▌    | 49/88 [00:13<00:10,  3.76it/s, loss=1.724]
  epoch 1/3:  56%|█████▌    | 49/88 [00:13<00:10,  3.76it/s, loss=1.724]
  epoch 1/3:  57%|█████▋    | 50/88 [00:13<00:10,  3.76it/s, loss=1.724]
  epoch 1/3:  57%|█████▋    | 50/88 [00:13<00:10,  3.76it/s, loss=1.724]
  epoch 1/3:  58%|█████▊    | 51/88 [00:13<00:09,  3.75it/s, loss=1.724]
  epoch 1/3:  58%|█████▊    | 51/88 [00:14<00:09,  3.75it/s, loss=1.723]
  epoch 1/3:  59%|█████▉    | 52/88 [00:14<00:09,  3.76it/s, loss=1.723]
  epoch 1/3:  59%|█████▉    | 52/88 [00:14<00:09,  3.76it/s, loss=1.721]
  epoch 1/3:  60%|██████    | 53/88 [00:14<00:09,  3.76it/s, loss=1.721]
  epoch 1/3:  60%|██████    | 53/88 [00:14<00:09,  3.76it/s, loss=1.720]
  epoch 1/3:  61%|██████▏   | 54/88 [00:14<00:09,  3.77it/s, loss=1.720]
  epoch 1/3:  61%|██████▏   | 54/88 [00:14<00:09,  3.77it/s, loss=1.720]
  epoch 1/3:  62%|██████▎   | 55/88 [00:14<00:08,  3.78it/s, loss=1.720]
  epoch 1/3:  62%|██████▎   | 55/88 [00:15<00:08,  3.78it/s, loss=1.720]
  epoch 1/3:  64%|██████▎   | 56/88 [00:15<00:08,  3.78it/s, loss=1.720]
  epoch 1/3:  64%|██████▎   | 56/88 [00:15<00:08,  3.78it/s, loss=1.722]
  epoch 1/3:  65%|██████▍   | 57/88 [00:15<00:08,  3.79it/s, loss=1.722]
  epoch 1/3:  65%|██████▍   | 57/88 [00:15<00:08,  3.79it/s, loss=1.722]
  epoch 1/3:  66%|██████▌   | 58/88 [00:15<00:07,  3.78it/s, loss=1.722]
  epoch 1/3:  66%|██████▌   | 58/88 [00:15<00:07,  3.78it/s, loss=1.725]
  epoch 1/3:  67%|██████▋   | 59/88 [00:15<00:07,  3.78it/s, loss=1.725]
  epoch 1/3:  67%|██████▋   | 59/88 [00:16<00:07,  3.78it/s, loss=1.726]
  epoch 1/3:  68%|██████▊   | 60/88 [00:16<00:07,  3.78it/s, loss=1.726]
  epoch 1/3:  68%|██████▊   | 60/88 [00:16<00:07,  3.78it/s, loss=1.725]
  epoch 1/3:  69%|██████▉   | 61/88 [00:16<00:07,  3.78it/s, loss=1.725]
  epoch 1/3:  69%|██████▉   | 61/88 [00:16<00:07,  3.78it/s, loss=1.725]
  epoch 1/3:  70%|███████   | 62/88 [00:16<00:06,  3.77it/s, loss=1.725]
  epoch 1/3:  70%|███████   | 62/88 [00:16<00:06,  3.77it/s, loss=1.726]
  epoch 1/3:  72%|███████▏  | 63/88 [00:16<00:06,  3.76it/s, loss=1.726]
  epoch 1/3:  72%|███████▏  | 63/88 [00:17<00:06,  3.76it/s, loss=1.727]
  epoch 1/3:  73%|███████▎  | 64/88 [00:17<00:06,  3.72it/s, loss=1.727]
  epoch 1/3:  73%|███████▎  | 64/88 [00:17<00:06,  3.72it/s, loss=1.728]
  epoch 1/3:  74%|███████▍  | 65/88 [00:17<00:06,  3.74it/s, loss=1.728]
  epoch 1/3:  74%|███████▍  | 65/88 [00:17<00:06,  3.74it/s, loss=1.729]
  epoch 1/3:  75%|███████▌  | 66/88 [00:17<00:05,  3.74it/s, loss=1.729]
  epoch 1/3:  75%|███████▌  | 66/88 [00:18<00:05,  3.74it/s, loss=1.733]
  epoch 1/3:  76%|███████▌  | 67/88 [00:18<00:05,  3.74it/s, loss=1.733]
  epoch 1/3:  76%|███████▌  | 67/88 [00:18<00:05,  3.74it/s, loss=1.732]
  epoch 1/3:  77%|███████▋  | 68/88 [00:18<00:05,  3.75it/s, loss=1.732]
  epoch 1/3:  77%|███████▋  | 68/88 [00:18<00:05,  3.75it/s, loss=1.732]
  epoch 1/3:  78%|███████▊  | 69/88 [00:18<00:05,  3.76it/s, loss=1.732]
  epoch 1/3:  78%|███████▊  | 69/88 [00:18<00:05,  3.76it/s, loss=1.732]
  epoch 1/3:  80%|███████▉  | 70/88 [00:18<00:04,  3.77it/s, loss=1.732]
  epoch 1/3:  80%|███████▉  | 70/88 [00:19<00:04,  3.77it/s, loss=1.731]
  epoch 1/3:  81%|████████  | 71/88 [00:19<00:04,  3.78it/s, loss=1.731]
  epoch 1/3:  81%|████████  | 71/88 [00:19<00:04,  3.78it/s, loss=1.730]
  epoch 1/3:  82%|████████▏ | 72/88 [00:19<00:04,  3.78it/s, loss=1.730]
  epoch 1/3:  82%|████████▏ | 72/88 [00:19<00:04,  3.78it/s, loss=1.730]
  epoch 1/3:  83%|████████▎ | 73/88 [00:19<00:03,  3.77it/s, loss=1.730]
  epoch 1/3:  83%|████████▎ | 73/88 [00:19<00:03,  3.77it/s, loss=1.729]
  epoch 1/3:  84%|████████▍ | 74/88 [00:19<00:03,  3.78it/s, loss=1.729]
  epoch 1/3:  84%|████████▍ | 74/88 [00:20<00:03,  3.78it/s, loss=1.729]
  epoch 1/3:  85%|████████▌ | 75/88 [00:20<00:03,  3.78it/s, loss=1.729]
  epoch 1/3:  85%|████████▌ | 75/88 [00:20<00:03,  3.78it/s, loss=1.729]
  epoch 1/3:  86%|████████▋ | 76/88 [00:20<00:03,  3.77it/s, loss=1.729]
  epoch 1/3:  86%|████████▋ | 76/88 [00:20<00:03,  3.77it/s, loss=1.729]
  epoch 1/3:  88%|████████▊ | 77/88 [00:20<00:02,  3.77it/s, loss=1.729]
  epoch 1/3:  88%|████████▊ | 77/88 [00:20<00:02,  3.77it/s, loss=1.730]
  epoch 1/3:  89%|████████▊ | 78/88 [00:20<00:02,  3.77it/s, loss=1.730]
  epoch 1/3:  89%|████████▊ | 78/88 [00:21<00:02,  3.77it/s, loss=1.731]
  epoch 1/3:  90%|████████▉ | 79/88 [00:21<00:02,  3.75it/s, loss=1.731]
  epoch 1/3:  90%|████████▉ | 79/88 [00:21<00:02,  3.75it/s, loss=1.732]
  epoch 1/3:  91%|█████████ | 80/88 [00:21<00:02,  3.69it/s, loss=1.732]
  epoch 1/3:  91%|█████████ | 80/88 [00:21<00:02,  3.69it/s, loss=1.734]
  epoch 1/3:  92%|█████████▏| 81/88 [00:21<00:01,  3.72it/s, loss=1.734]
  epoch 1/3:  92%|█████████▏| 81/88 [00:22<00:01,  3.72it/s, loss=1.735]
  epoch 1/3:  93%|█████████▎| 82/88 [00:22<00:01,  3.72it/s, loss=1.735]
  epoch 1/3:  93%|█████████▎| 82/88 [00:22<00:01,  3.72it/s, loss=1.737]
  epoch 1/3:  94%|█████████▍| 83/88 [00:22<00:01,  3.74it/s, loss=1.737]
  epoch 1/3:  94%|█████████▍| 83/88 [00:22<00:01,  3.74it/s, loss=1.739]
  epoch 1/3:  95%|█████████▌| 84/88 [00:22<00:01,  3.75it/s, loss=1.739]
  epoch 1/3:  95%|█████████▌| 84/88 [00:22<00:01,  3.75it/s, loss=1.740]
  epoch 1/3:  97%|█████████▋| 85/88 [00:22<00:00,  3.76it/s, loss=1.740]
  epoch 1/3:  97%|█████████▋| 85/88 [00:23<00:00,  3.76it/s, loss=1.742]
  epoch 1/3:  98%|█████████▊| 86/88 [00:23<00:00,  3.76it/s, loss=1.742]
  epoch 1/3:  98%|█████████▊| 86/88 [00:23<00:00,  3.76it/s, loss=1.743]
  epoch 1/3:  99%|█████████▉| 87/88 [00:23<00:00,  3.77it/s, loss=1.743]
  epoch 1/3:  99%|█████████▉| 87/88 [00:23<00:00,  3.77it/s, loss=1.743]
  epoch 1/3: 100%|██████████| 88/88 [00:23<00:00,  4.13it/s, loss=1.743]
                                                                        

  epoch 2/3:   0%|          | 0/88 [00:00<?, ?it/s]
  epoch 2/3:   0%|          | 0/88 [00:00<?, ?it/s, loss=1.934]
  epoch 2/3:   1%|          | 1/88 [00:00<00:40,  2.13it/s, loss=1.934]
  epoch 2/3:   1%|          | 1/88 [00:00<00:40,  2.13it/s, loss=1.757]
  epoch 2/3:   2%|▏         | 2/88 [00:00<00:30,  2.85it/s, loss=1.757]
  epoch 2/3:   2%|▏         | 2/88 [00:01<00:30,  2.85it/s, loss=1.724]
  epoch 2/3:   3%|▎         | 3/88 [00:01<00:26,  3.21it/s, loss=1.724]
  epoch 2/3:   3%|▎         | 3/88 [00:01<00:26,  3.21it/s, loss=1.754]
  epoch 2/3:   5%|▍         | 4/88 [00:01<00:24,  3.42it/s, loss=1.754]
  epoch 2/3:   5%|▍         | 4/88 [00:01<00:24,  3.42it/s, loss=1.723]
  epoch 2/3:   6%|▌         | 5/88 [00:01<00:23,  3.54it/s, loss=1.723]
  epoch 2/3:   6%|▌         | 5/88 [00:01<00:23,  3.54it/s, loss=1.741]
  epoch 2/3:   7%|▋         | 6/88 [00:01<00:22,  3.62it/s, loss=1.741]
  epoch 2/3:   7%|▋         | 6/88 [00:02<00:22,  3.62it/s, loss=1.743]
  epoch 2/3:   8%|▊         | 7/88 [00:02<00:22,  3.68it/s, loss=1.743]
  epoch 2/3:   8%|▊         | 7/88 [00:02<00:22,  3.68it/s, loss=1.758]
  epoch 2/3:   9%|▉         | 8/88 [00:02<00:21,  3.67it/s, loss=1.758]
  epoch 2/3:   9%|▉         | 8/88 [00:02<00:21,  3.67it/s, loss=1.760]
  epoch 2/3:  10%|█         | 9/88 [00:02<00:21,  3.71it/s, loss=1.760]
  epoch 2/3:  10%|█         | 9/88 [00:02<00:21,  3.71it/s, loss=1.751]
  epoch 2/3:  11%|█▏        | 10/88 [00:02<00:20,  3.72it/s, loss=1.751]
  epoch 2/3:  11%|█▏        | 10/88 [00:03<00:20,  3.72it/s, loss=1.767]
  epoch 2/3:  12%|█▎        | 11/88 [00:03<00:20,  3.72it/s, loss=1.767]
  epoch 2/3:  12%|█▎        | 11/88 [00:03<00:20,  3.72it/s, loss=1.766]
  epoch 2/3:  14%|█▎        | 12/88 [00:03<00:20,  3.74it/s, loss=1.766]
  epoch 2/3:  14%|█▎        | 12/88 [00:03<00:20,  3.74it/s, loss=1.757]
  epoch 2/3:  15%|█▍        | 13/88 [00:03<00:19,  3.76it/s, loss=1.757]
  epoch 2/3:  15%|█▍        | 13/88 [00:03<00:19,  3.76it/s, loss=1.756]
  epoch 2/3:  16%|█▌        | 14/88 [00:03<00:19,  3.76it/s, loss=1.756]
  epoch 2/3:  16%|█▌        | 14/88 [00:04<00:19,  3.76it/s, loss=1.766]
  epoch 2/3:  17%|█▋        | 15/88 [00:04<00:19,  3.77it/s, loss=1.766]
  epoch 2/3:  17%|█▋        | 15/88 [00:04<00:19,  3.77it/s, loss=1.770]
  epoch 2/3:  18%|█▊        | 16/88 [00:04<00:19,  3.78it/s, loss=1.770]
  epoch 2/3:  18%|█▊        | 16/88 [00:04<00:19,  3.78it/s, loss=1.771]
  epoch 2/3:  19%|█▉        | 17/88 [00:04<00:18,  3.78it/s, loss=1.771]
  epoch 2/3:  19%|█▉        | 17/88 [00:04<00:18,  3.78it/s, loss=1.762]
  epoch 2/3:  20%|██        | 18/88 [00:04<00:18,  3.79it/s, loss=1.762]
  epoch 2/3:  20%|██        | 18/88 [00:05<00:18,  3.79it/s, loss=1.759]
  epoch 2/3:  22%|██▏       | 19/88 [00:05<00:18,  3.79it/s, loss=1.759]
  epoch 2/3:  22%|██▏       | 19/88 [00:05<00:18,  3.79it/s, loss=1.759]
  epoch 2/3:  23%|██▎       | 20/88 [00:05<00:17,  3.78it/s, loss=1.759]
  epoch 2/3:  23%|██▎       | 20/88 [00:05<00:17,  3.78it/s, loss=1.757]
  epoch 2/3:  24%|██▍       | 21/88 [00:05<00:17,  3.79it/s, loss=1.757]
  epoch 2/3:  24%|██▍       | 21/88 [00:06<00:17,  3.79it/s, loss=1.754]
  epoch 2/3:  25%|██▌       | 22/88 [00:06<00:17,  3.79it/s, loss=1.754]
  epoch 2/3:  25%|██▌       | 22/88 [00:06<00:17,  3.79it/s, loss=1.746]
  epoch 2/3:  26%|██▌       | 23/88 [00:06<00:17,  3.79it/s, loss=1.746]
  epoch 2/3:  26%|██▌       | 23/88 [00:06<00:17,  3.79it/s, loss=1.746]
  epoch 2/3:  27%|██▋       | 24/88 [00:06<00:17,  3.74it/s, loss=1.746]
  epoch 2/3:  27%|██▋       | 24/88 [00:06<00:17,  3.74it/s, loss=1.747]
  epoch 2/3:  28%|██▊       | 25/88 [00:06<00:16,  3.75it/s, loss=1.747]
  epoch 2/3:  28%|██▊       | 25/88 [00:07<00:16,  3.75it/s, loss=1.752]
  epoch 2/3:  30%|██▉       | 26/88 [00:07<00:16,  3.75it/s, loss=1.752]
  epoch 2/3:  30%|██▉       | 26/88 [00:07<00:16,  3.75it/s, loss=1.760]
  epoch 2/3:  31%|███       | 27/88 [00:07<00:16,  3.75it/s, loss=1.760]
  epoch 2/3:  31%|███       | 27/88 [00:07<00:16,  3.75it/s, loss=1.760]
  epoch 2/3:  32%|███▏      | 28/88 [00:07<00:15,  3.76it/s, loss=1.760]
  epoch 2/3:  32%|███▏      | 28/88 [00:07<00:15,  3.76it/s, loss=1.758]
  epoch 2/3:  33%|███▎      | 29/88 [00:07<00:15,  3.76it/s, loss=1.758]
  epoch 2/3:  33%|███▎      | 29/88 [00:08<00:15,  3.76it/s, loss=1.758]
  epoch 2/3:  34%|███▍      | 30/88 [00:08<00:15,  3.77it/s, loss=1.758]
  epoch 2/3:  34%|███▍      | 30/88 [00:08<00:15,  3.77it/s, loss=1.758]
  epoch 2/3:  35%|███▌      | 31/88 [00:08<00:15,  3.78it/s, loss=1.758]
  epoch 2/3:  35%|███▌      | 31/88 [00:08<00:15,  3.78it/s, loss=1.755]
  epoch 2/3:  36%|███▋      | 32/88 [00:08<00:14,  3.78it/s, loss=1.755]
  epoch 2/3:  36%|███▋      | 32/88 [00:08<00:14,  3.78it/s, loss=1.755]
  epoch 2/3:  38%|███▊      | 33/88 [00:08<00:14,  3.77it/s, loss=1.755]
  epoch 2/3:  38%|███▊      | 33/88 [00:09<00:14,  3.77it/s, loss=1.755]
  epoch 2/3:  39%|███▊      | 34/88 [00:09<00:14,  3.76it/s, loss=1.755]
  epoch 2/3:  39%|███▊      | 34/88 [00:09<00:14,  3.76it/s, loss=1.754]
  epoch 2/3:  40%|███▉      | 35/88 [00:09<00:14,  3.75it/s, loss=1.754]
  epoch 2/3:  40%|███▉      | 35/88 [00:09<00:14,  3.75it/s, loss=1.754]
  epoch 2/3:  41%|████      | 36/88 [00:09<00:13,  3.74it/s, loss=1.754]
  epoch 2/3:  41%|████      | 36/88 [00:10<00:13,  3.74it/s, loss=1.754]
  epoch 2/3:  42%|████▏     | 37/88 [00:10<00:13,  3.76it/s, loss=1.754]
  epoch 2/3:  42%|████▏     | 37/88 [00:10<00:13,  3.76it/s, loss=1.749]
  epoch 2/3:  43%|████▎     | 38/88 [00:10<00:13,  3.77it/s, loss=1.749]
  epoch 2/3:  43%|████▎     | 38/88 [00:10<00:13,  3.77it/s, loss=1.747]
  epoch 2/3:  44%|████▍     | 39/88 [00:10<00:12,  3.78it/s, loss=1.747]
  epoch 2/3:  44%|████▍     | 39/88 [00:10<00:12,  3.78it/s, loss=1.743]
  epoch 2/3:  45%|████▌     | 40/88 [00:10<00:12,  3.73it/s, loss=1.743]
  epoch 2/3:  45%|████▌     | 40/88 [00:11<00:12,  3.73it/s, loss=1.741]
  epoch 2/3:  47%|████▋     | 41/88 [00:11<00:12,  3.75it/s, loss=1.741]
  epoch 2/3:  47%|████▋     | 41/88 [00:11<00:12,  3.75it/s, loss=1.743]
  epoch 2/3:  48%|████▊     | 42/88 [00:11<00:12,  3.75it/s, loss=1.743]
  epoch 2/3:  48%|████▊     | 42/88 [00:11<00:12,  3.75it/s, loss=1.741]
  epoch 2/3:  49%|████▉     | 43/88 [00:11<00:12,  3.74it/s, loss=1.741]
  epoch 2/3:  49%|████▉     | 43/88 [00:11<00:12,  3.74it/s, loss=1.739]
  epoch 2/3:  50%|█████     | 44/88 [00:11<00:11,  3.76it/s, loss=1.739]
  epoch 2/3:  50%|█████     | 44/88 [00:12<00:11,  3.76it/s, loss=1.738]
  epoch 2/3:  51%|█████     | 45/88 [00:12<00:11,  3.76it/s, loss=1.738]
  epoch 2/3:  51%|█████     | 45/88 [00:12<00:11,  3.76it/s, loss=1.736]
  epoch 2/3:  52%|█████▏    | 46/88 [00:12<00:11,  3.77it/s, loss=1.736]
  epoch 2/3:  52%|█████▏    | 46/88 [00:12<00:11,  3.77it/s, loss=1.738]
  epoch 2/3:  53%|█████▎    | 47/88 [00:12<00:10,  3.76it/s, loss=1.738]
  epoch 2/3:  53%|█████▎    | 47/88 [00:12<00:10,  3.76it/s, loss=1.734]
  epoch 2/3:  55%|█████▍    | 48/88 [00:12<00:10,  3.76it/s, loss=1.734]
  epoch 2/3:  55%|█████▍    | 48/88 [00:13<00:10,  3.76it/s, loss=1.736]
  epoch 2/3:  56%|█████▌    | 49/88 [00:13<00:10,  3.76it/s, loss=1.736]
  epoch 2/3:  56%|█████▌    | 49/88 [00:13<00:10,  3.76it/s, loss=1.737]
  epoch 2/3:  57%|█████▋    | 50/88 [00:13<00:10,  3.74it/s, loss=1.737]
  epoch 2/3:  57%|█████▋    | 50/88 [00:13<00:10,  3.74it/s, loss=1.735]
  epoch 2/3:  58%|█████▊    | 51/88 [00:13<00:09,  3.74it/s, loss=1.735]
  epoch 2/3:  58%|█████▊    | 51/88 [00:14<00:09,  3.74it/s, loss=1.732]
  epoch 2/3:  59%|█████▉    | 52/88 [00:14<00:09,  3.76it/s, loss=1.732]
  epoch 2/3:  59%|█████▉    | 52/88 [00:14<00:09,  3.76it/s, loss=1.734]
  epoch 2/3:  60%|██████    | 53/88 [00:14<00:09,  3.77it/s, loss=1.734]
  epoch 2/3:  60%|██████    | 53/88 [00:14<00:09,  3.77it/s, loss=1.734]
  epoch 2/3:  61%|██████▏   | 54/88 [00:14<00:09,  3.77it/s, loss=1.734]
  epoch 2/3:  61%|██████▏   | 54/88 [00:14<00:09,  3.77it/s, loss=1.733]
  epoch 2/3:  62%|██████▎   | 55/88 [00:14<00:08,  3.78it/s, loss=1.733]
  epoch 2/3:  62%|██████▎   | 55/88 [00:15<00:08,  3.78it/s, loss=1.733]
  epoch 2/3:  64%|██████▎   | 56/88 [00:15<00:08,  3.73it/s, loss=1.733]
  epoch 2/3:  64%|██████▎   | 56/88 [00:15<00:08,  3.73it/s, loss=1.730]
  epoch 2/3:  65%|██████▍   | 57/88 [00:15<00:08,  3.74it/s, loss=1.730]
  epoch 2/3:  65%|██████▍   | 57/88 [00:15<00:08,  3.74it/s, loss=1.730]
  epoch 2/3:  66%|██████▌   | 58/88 [00:15<00:08,  3.73it/s, loss=1.730]
  epoch 2/3:  66%|██████▌   | 58/88 [00:15<00:08,  3.73it/s, loss=1.729]
  epoch 2/3:  67%|██████▋   | 59/88 [00:15<00:07,  3.75it/s, loss=1.729]
  epoch 2/3:  67%|██████▋   | 59/88 [00:16<00:07,  3.75it/s, loss=1.729]
  epoch 2/3:  68%|██████▊   | 60/88 [00:16<00:07,  3.77it/s, loss=1.729]
  epoch 2/3:  68%|██████▊   | 60/88 [00:16<00:07,  3.77it/s, loss=1.728]
  epoch 2/3:  69%|██████▉   | 61/88 [00:16<00:07,  3.76it/s, loss=1.728]
  epoch 2/3:  69%|██████▉   | 61/88 [00:16<00:07,  3.76it/s, loss=1.728]
  epoch 2/3:  70%|███████   | 62/88 [00:16<00:06,  3.77it/s, loss=1.728]
  epoch 2/3:  70%|███████   | 62/88 [00:16<00:06,  3.77it/s, loss=1.726]
  epoch 2/3:  72%|███████▏  | 63/88 [00:16<00:06,  3.78it/s, loss=1.726]
  epoch 2/3:  72%|███████▏  | 63/88 [00:17<00:06,  3.78it/s, loss=1.725]
  epoch 2/3:  73%|███████▎  | 64/88 [00:17<00:06,  3.78it/s, loss=1.725]
  epoch 2/3:  73%|███████▎  | 64/88 [00:17<00:06,  3.78it/s, loss=1.724]
  epoch 2/3:  74%|███████▍  | 65/88 [00:17<00:06,  3.78it/s, loss=1.724]
  epoch 2/3:  74%|███████▍  | 65/88 [00:17<00:06,  3.78it/s, loss=1.724]
  epoch 2/3:  75%|███████▌  | 66/88 [00:17<00:05,  3.79it/s, loss=1.724]
  epoch 2/3:  75%|███████▌  | 66/88 [00:17<00:05,  3.79it/s, loss=1.722]
  epoch 2/3:  76%|███████▌  | 67/88 [00:17<00:05,  3.79it/s, loss=1.722]
  epoch 2/3:  76%|███████▌  | 67/88 [00:18<00:05,  3.79it/s, loss=1.721]
  epoch 2/3:  77%|███████▋  | 68/88 [00:18<00:05,  3.79it/s, loss=1.721]
  epoch 2/3:  77%|███████▋  | 68/88 [00:18<00:05,  3.79it/s, loss=1.722]
  epoch 2/3:  78%|███████▊  | 69/88 [00:18<00:05,  3.78it/s, loss=1.722]
  epoch 2/3:  78%|███████▊  | 69/88 [00:18<00:05,  3.78it/s, loss=1.722]
  epoch 2/3:  80%|███████▉  | 70/88 [00:18<00:04,  3.76it/s, loss=1.722]
  epoch 2/3:  80%|███████▉  | 70/88 [00:19<00:04,  3.76it/s, loss=1.723]
  epoch 2/3:  81%|████████  | 71/88 [00:19<00:04,  3.75it/s, loss=1.723]
  epoch 2/3:  81%|████████  | 71/88 [00:19<00:04,  3.75it/s, loss=1.724]
  epoch 2/3:  82%|████████▏ | 72/88 [00:19<00:04,  3.70it/s, loss=1.724]
  epoch 2/3:  82%|████████▏ | 72/88 [00:19<00:04,  3.70it/s, loss=1.724]
  epoch 2/3:  83%|████████▎ | 73/88 [00:19<00:04,  3.71it/s, loss=1.724]
  epoch 2/3:  83%|████████▎ | 73/88 [00:19<00:04,  3.71it/s, loss=1.725]
  epoch 2/3:  84%|████████▍ | 74/88 [00:19<00:03,  3.72it/s, loss=1.725]
  epoch 2/3:  84%|████████▍ | 74/88 [00:20<00:03,  3.72it/s, loss=1.724]
  epoch 2/3:  85%|████████▌ | 75/88 [00:20<00:03,  3.74it/s, loss=1.724]
  epoch 2/3:  85%|████████▌ | 75/88 [00:20<00:03,  3.74it/s, loss=1.722]
  epoch 2/3:  86%|████████▋ | 76/88 [00:20<00:03,  3.76it/s, loss=1.722]
  epoch 2/3:  86%|████████▋ | 76/88 [00:20<00:03,  3.76it/s, loss=1.724]
  epoch 2/3:  88%|████████▊ | 77/88 [00:20<00:02,  3.76it/s, loss=1.724]
  epoch 2/3:  88%|████████▊ | 77/88 [00:20<00:02,  3.76it/s, loss=1.724]
  epoch 2/3:  89%|████████▊ | 78/88 [00:20<00:02,  3.78it/s, loss=1.724]
  epoch 2/3:  89%|████████▊ | 78/88 [00:21<00:02,  3.78it/s, loss=1.723]
  epoch 2/3:  90%|████████▉ | 79/88 [00:21<00:02,  3.78it/s, loss=1.723]
  epoch 2/3:  90%|████████▉ | 79/88 [00:21<00:02,  3.78it/s, loss=1.723]
  epoch 2/3:  91%|█████████ | 80/88 [00:21<00:02,  3.78it/s, loss=1.723]
  epoch 2/3:  91%|█████████ | 80/88 [00:21<00:02,  3.78it/s, loss=1.724]
  epoch 2/3:  92%|█████████▏| 81/88 [00:21<00:01,  3.78it/s, loss=1.724]
  epoch 2/3:  92%|█████████▏| 81/88 [00:21<00:01,  3.78it/s, loss=1.722]
  epoch 2/3:  93%|█████████▎| 82/88 [00:21<00:01,  3.78it/s, loss=1.722]
  epoch 2/3:  93%|█████████▎| 82/88 [00:22<00:01,  3.78it/s, loss=1.721]
  epoch 2/3:  94%|█████████▍| 83/88 [00:22<00:01,  3.78it/s, loss=1.721]
  epoch 2/3:  94%|█████████▍| 83/88 [00:22<00:01,  3.78it/s, loss=1.721]
  epoch 2/3:  95%|█████████▌| 84/88 [00:22<00:01,  3.78it/s, loss=1.721]
  epoch 2/3:  95%|█████████▌| 84/88 [00:22<00:01,  3.78it/s, loss=1.721]
  epoch 2/3:  97%|█████████▋| 85/88 [00:22<00:00,  3.79it/s, loss=1.721]
  epoch 2/3:  97%|█████████▋| 85/88 [00:23<00:00,  3.79it/s, loss=1.722]
  epoch 2/3:  98%|█████████▊| 86/88 [00:23<00:00,  3.80it/s, loss=1.722]
  epoch 2/3:  98%|█████████▊| 86/88 [00:23<00:00,  3.80it/s, loss=1.720]
  epoch 2/3:  99%|█████████▉| 87/88 [00:23<00:00,  3.79it/s, loss=1.720]
  epoch 2/3:  99%|█████████▉| 87/88 [00:23<00:00,  3.79it/s, loss=1.721]
  epoch 2/3: 100%|██████████| 88/88 [00:23<00:00,  4.09it/s, loss=1.721]
                                                                        

  epoch 3/3:   0%|          | 0/88 [00:00<?, ?it/s]
  epoch 3/3:   0%|          | 0/88 [00:00<?, ?it/s, loss=1.676]
  epoch 3/3:   1%|          | 1/88 [00:00<00:42,  2.05it/s, loss=1.676]
  epoch 3/3:   1%|          | 1/88 [00:00<00:42,  2.05it/s, loss=1.648]
  epoch 3/3:   2%|▏         | 2/88 [00:00<00:30,  2.80it/s, loss=1.648]
  epoch 3/3:   2%|▏         | 2/88 [00:01<00:30,  2.80it/s, loss=1.614]
  epoch 3/3:   3%|▎         | 3/88 [00:01<00:26,  3.16it/s, loss=1.614]
  epoch 3/3:   3%|▎         | 3/88 [00:01<00:26,  3.16it/s, loss=1.635]
  epoch 3/3:   5%|▍         | 4/88 [00:01<00:24,  3.38it/s, loss=1.635]
  epoch 3/3:   5%|▍         | 4/88 [00:01<00:24,  3.38it/s, loss=1.649]
  epoch 3/3:   6%|▌         | 5/88 [00:01<00:23,  3.52it/s, loss=1.649]
  epoch 3/3:   6%|▌         | 5/88 [00:01<00:23,  3.52it/s, loss=1.659]
  epoch 3/3:   7%|▋         | 6/88 [00:01<00:22,  3.60it/s, loss=1.659]
  epoch 3/3:   7%|▋         | 6/88 [00:02<00:22,  3.60it/s, loss=1.653]
  epoch 3/3:   8%|▊         | 7/88 [00:02<00:22,  3.66it/s, loss=1.653]
  epoch 3/3:   8%|▊         | 7/88 [00:02<00:22,  3.66it/s, loss=1.656]
  epoch 3/3:   9%|▉         | 8/88 [00:02<00:21,  3.69it/s, loss=1.656]
  epoch 3/3:   9%|▉         | 8/88 [00:02<00:21,  3.69it/s, loss=1.669]
  epoch 3/3:  10%|█         | 9/88 [00:02<00:21,  3.71it/s, loss=1.669]
  epoch 3/3:  10%|█         | 9/88 [00:02<00:21,  3.71it/s, loss=1.673]
  epoch 3/3:  11%|█▏        | 10/88 [00:02<00:20,  3.73it/s, loss=1.673]
  epoch 3/3:  11%|█▏        | 10/88 [00:03<00:20,  3.73it/s, loss=1.683]
  epoch 3/3:  12%|█▎        | 11/88 [00:03<00:20,  3.74it/s, loss=1.683]
  epoch 3/3:  12%|█▎        | 11/88 [00:03<00:20,  3.74it/s, loss=1.686]
  epoch 3/3:  14%|█▎        | 12/88 [00:03<00:20,  3.73it/s, loss=1.686]
  epoch 3/3:  14%|█▎        | 12/88 [00:03<00:20,  3.73it/s, loss=1.687]
  epoch 3/3:  15%|█▍        | 13/88 [00:03<00:20,  3.75it/s, loss=1.687]
  epoch 3/3:  15%|█▍        | 13/88 [00:03<00:20,  3.75it/s, loss=1.690]
  epoch 3/3:  16%|█▌        | 14/88 [00:03<00:19,  3.76it/s, loss=1.690]
  epoch 3/3:  16%|█▌        | 14/88 [00:04<00:19,  3.76it/s, loss=1.690]
  epoch 3/3:  17%|█▋        | 15/88 [00:04<00:19,  3.76it/s, loss=1.690]
  epoch 3/3:  17%|█▋        | 15/88 [00:04<00:19,  3.76it/s, loss=1.690]
  epoch 3/3:  18%|█▊        | 16/88 [00:04<00:19,  3.71it/s, loss=1.690]
  epoch 3/3:  18%|█▊        | 16/88 [00:04<00:19,  3.71it/s, loss=1.685]
  epoch 3/3:  19%|█▉        | 17/88 [00:04<00:19,  3.73it/s, loss=1.685]
  epoch 3/3:  19%|█▉        | 17/88 [00:05<00:19,  3.73it/s, loss=1.685]
  epoch 3/3:  20%|██        | 18/88 [00:05<00:18,  3.75it/s, loss=1.685]
  epoch 3/3:  20%|██        | 18/88 [00:05<00:18,  3.75it/s, loss=1.687]
  epoch 3/3:  22%|██▏       | 19/88 [00:05<00:18,  3.76it/s, loss=1.687]
  epoch 3/3:  22%|██▏       | 19/88 [00:05<00:18,  3.76it/s, loss=1.680]
  epoch 3/3:  23%|██▎       | 20/88 [00:05<00:18,  3.76it/s, loss=1.680]
  epoch 3/3:  23%|██▎       | 20/88 [00:05<00:18,  3.76it/s, loss=1.677]
  epoch 3/3:  24%|██▍       | 21/88 [00:05<00:17,  3.77it/s, loss=1.677]
  epoch 3/3:  24%|██▍       | 21/88 [00:06<00:17,  3.77it/s, loss=1.675]
  epoch 3/3:  25%|██▌       | 22/88 [00:06<00:17,  3.77it/s, loss=1.675]
  epoch 3/3:  25%|██▌       | 22/88 [00:06<00:17,  3.77it/s, loss=1.678]
  epoch 3/3:  26%|██▌       | 23/88 [00:06<00:17,  3.76it/s, loss=1.678]
  epoch 3/3:  26%|██▌       | 23/88 [00:06<00:17,  3.76it/s, loss=1.680]
  epoch 3/3:  27%|██▋       | 24/88 [00:06<00:17,  3.75it/s, loss=1.680]
  epoch 3/3:  27%|██▋       | 24/88 [00:06<00:17,  3.75it/s, loss=1.682]
  epoch 3/3:  28%|██▊       | 25/88 [00:06<00:16,  3.74it/s, loss=1.682]
  epoch 3/3:  28%|██▊       | 25/88 [00:07<00:16,  3.74it/s, loss=1.677]
  epoch 3/3:  30%|██▉       | 26/88 [00:07<00:16,  3.76it/s, loss=1.677]
  epoch 3/3:  30%|██▉       | 26/88 [00:07<00:16,  3.76it/s, loss=1.681]
  epoch 3/3:  31%|███       | 27/88 [00:07<00:16,  3.77it/s, loss=1.681]
  epoch 3/3:  31%|███       | 27/88 [00:07<00:16,  3.77it/s, loss=1.680]
  epoch 3/3:  32%|███▏      | 28/88 [00:07<00:15,  3.78it/s, loss=1.680]
  epoch 3/3:  32%|███▏      | 28/88 [00:07<00:15,  3.78it/s, loss=1.678]
  epoch 3/3:  33%|███▎      | 29/88 [00:07<00:15,  3.78it/s, loss=1.678]
  epoch 3/3:  33%|███▎      | 29/88 [00:08<00:15,  3.78it/s, loss=1.676]
  epoch 3/3:  34%|███▍      | 30/88 [00:08<00:15,  3.79it/s, loss=1.676]
  epoch 3/3:  34%|███▍      | 30/88 [00:08<00:15,  3.79it/s, loss=1.675]
  epoch 3/3:  35%|███▌      | 31/88 [00:08<00:15,  3.78it/s, loss=1.675]
  epoch 3/3:  35%|███▌      | 31/88 [00:08<00:15,  3.78it/s, loss=1.678]
  epoch 3/3:  36%|███▋      | 32/88 [00:08<00:15,  3.73it/s, loss=1.678]
  epoch 3/3:  36%|███▋      | 32/88 [00:09<00:15,  3.73it/s, loss=1.682]
  epoch 3/3:  38%|███▊      | 33/88 [00:09<00:14,  3.73it/s, loss=1.682]
  epoch 3/3:  38%|███▊      | 33/88 [00:09<00:14,  3.73it/s, loss=1.683]
  epoch 3/3:  39%|███▊      | 34/88 [00:09<00:14,  3.75it/s, loss=1.683]
  epoch 3/3:  39%|███▊      | 34/88 [00:09<00:14,  3.75it/s, loss=1.680]
  epoch 3/3:  40%|███▉      | 35/88 [00:09<00:14,  3.76it/s, loss=1.680]
  epoch 3/3:  40%|███▉      | 35/88 [00:09<00:14,  3.76it/s, loss=1.682]
  epoch 3/3:  41%|████      | 36/88 [00:09<00:13,  3.76it/s, loss=1.682]
  epoch 3/3:  41%|████      | 36/88 [00:10<00:13,  3.76it/s, loss=1.682]
  epoch 3/3:  42%|████▏     | 37/88 [00:10<00:13,  3.77it/s, loss=1.682]
  epoch 3/3:  42%|████▏     | 37/88 [00:10<00:13,  3.77it/s, loss=1.682]
  epoch 3/3:  43%|████▎     | 38/88 [00:10<00:13,  3.77it/s, loss=1.682]
  epoch 3/3:  43%|████▎     | 38/88 [00:10<00:13,  3.77it/s, loss=1.681]
  epoch 3/3:  44%|████▍     | 39/88 [00:10<00:12,  3.77it/s, loss=1.681]
  epoch 3/3:  44%|████▍     | 39/88 [00:10<00:12,  3.77it/s, loss=1.678]
  epoch 3/3:  45%|████▌     | 40/88 [00:10<00:12,  3.77it/s, loss=1.678]
  epoch 3/3:  45%|████▌     | 40/88 [00:11<00:12,  3.77it/s, loss=1.677]
  epoch 3/3:  47%|████▋     | 41/88 [00:11<00:12,  3.77it/s, loss=1.677]
  epoch 3/3:  47%|████▋     | 41/88 [00:11<00:12,  3.77it/s, loss=1.677]
  epoch 3/3:  48%|████▊     | 42/88 [00:11<00:12,  3.75it/s, loss=1.677]
  epoch 3/3:  48%|████▊     | 42/88 [00:11<00:12,  3.75it/s, loss=1.677]
  epoch 3/3:  49%|████▉     | 43/88 [00:11<00:11,  3.75it/s, loss=1.677]
  epoch 3/3:  49%|████▉     | 43/88 [00:11<00:11,  3.75it/s, loss=1.677]
  epoch 3/3:  50%|█████     | 44/88 [00:11<00:11,  3.77it/s, loss=1.677]
  epoch 3/3:  50%|█████     | 44/88 [00:12<00:11,  3.77it/s, loss=1.675]
  epoch 3/3:  51%|█████     | 45/88 [00:12<00:11,  3.78it/s, loss=1.675]
  epoch 3/3:  51%|█████     | 45/88 [00:12<00:11,  3.78it/s, loss=1.676]
  epoch 3/3:  52%|█████▏    | 46/88 [00:12<00:11,  3.77it/s, loss=1.676]
  epoch 3/3:  52%|█████▏    | 46/88 [00:12<00:11,  3.77it/s, loss=1.675]
  epoch 3/3:  53%|█████▎    | 47/88 [00:12<00:10,  3.77it/s, loss=1.675]
  epoch 3/3:  53%|█████▎    | 47/88 [00:12<00:10,  3.77it/s, loss=1.675]
  epoch 3/3:  55%|█████▍    | 48/88 [00:12<00:10,  3.70it/s, loss=1.675]
  epoch 3/3:  55%|█████▍    | 48/88 [00:13<00:10,  3.70it/s, loss=1.674]
  epoch 3/3:  56%|█████▌    | 49/88 [00:13<00:10,  3.73it/s, loss=1.674]
  epoch 3/3:  56%|█████▌    | 49/88 [00:13<00:10,  3.73it/s, loss=1.671]
  epoch 3/3:  57%|█████▋    | 50/88 [00:13<00:10,  3.73it/s, loss=1.671]
  epoch 3/3:  57%|█████▋    | 50/88 [00:13<00:10,  3.73it/s, loss=1.672]
  epoch 3/3:  58%|█████▊    | 51/88 [00:13<00:09,  3.74it/s, loss=1.672]
  epoch 3/3:  58%|█████▊    | 51/88 [00:14<00:09,  3.74it/s, loss=1.674]
  epoch 3/3:  59%|█████▉    | 52/88 [00:14<00:09,  3.74it/s, loss=1.674]
  epoch 3/3:  59%|█████▉    | 52/88 [00:14<00:09,  3.74it/s, loss=1.676]
  epoch 3/3:  60%|██████    | 53/88 [00:14<00:09,  3.73it/s, loss=1.676]
  epoch 3/3:  60%|██████    | 53/88 [00:14<00:09,  3.73it/s, loss=1.679]
  epoch 3/3:  61%|██████▏   | 54/88 [00:14<00:09,  3.75it/s, loss=1.679]
  epoch 3/3:  61%|██████▏   | 54/88 [00:14<00:09,  3.75it/s, loss=1.681]
  epoch 3/3:  62%|██████▎   | 55/88 [00:14<00:08,  3.76it/s, loss=1.681]
  epoch 3/3:  62%|██████▎   | 55/88 [00:15<00:08,  3.76it/s, loss=1.682]
  epoch 3/3:  64%|██████▎   | 56/88 [00:15<00:08,  3.76it/s, loss=1.682]
  epoch 3/3:  64%|██████▎   | 56/88 [00:15<00:08,  3.76it/s, loss=1.684]
  epoch 3/3:  65%|██████▍   | 57/88 [00:15<00:08,  3.77it/s, loss=1.684]
  epoch 3/3:  65%|██████▍   | 57/88 [00:15<00:08,  3.77it/s, loss=1.683]
  epoch 3/3:  66%|██████▌   | 58/88 [00:15<00:07,  3.77it/s, loss=1.683]
  epoch 3/3:  66%|██████▌   | 58/88 [00:15<00:07,  3.77it/s, loss=1.685]
  epoch 3/3:  67%|██████▋   | 59/88 [00:15<00:07,  3.76it/s, loss=1.685]
  epoch 3/3:  67%|██████▋   | 59/88 [00:16<00:07,  3.76it/s, loss=1.684]
  epoch 3/3:  68%|██████▊   | 60/88 [00:16<00:07,  3.74it/s, loss=1.684]
  epoch 3/3:  68%|██████▊   | 60/88 [00:16<00:07,  3.74it/s, loss=1.686]
  epoch 3/3:  69%|██████▉   | 61/88 [00:16<00:07,  3.75it/s, loss=1.686]
  epoch 3/3:  69%|██████▉   | 61/88 [00:16<00:07,  3.75it/s, loss=1.682]
  epoch 3/3:  70%|███████   | 62/88 [00:16<00:06,  3.76it/s, loss=1.682]
  epoch 3/3:  70%|███████   | 62/88 [00:16<00:06,  3.76it/s, loss=1.680]
  epoch 3/3:  72%|███████▏  | 63/88 [00:16<00:06,  3.76it/s, loss=1.680]
  epoch 3/3:  72%|███████▏  | 63/88 [00:17<00:06,  3.76it/s, loss=1.680]
  epoch 3/3:  73%|███████▎  | 64/88 [00:17<00:06,  3.71it/s, loss=1.680]
  epoch 3/3:  73%|███████▎  | 64/88 [00:17<00:06,  3.71it/s, loss=1.679]
  epoch 3/3:  74%|███████▍  | 65/88 [00:17<00:06,  3.73it/s, loss=1.679]
  epoch 3/3:  74%|███████▍  | 65/88 [00:17<00:06,  3.73it/s, loss=1.680]
  epoch 3/3:  75%|███████▌  | 66/88 [00:17<00:05,  3.75it/s, loss=1.680]
  epoch 3/3:  75%|███████▌  | 66/88 [00:18<00:05,  3.75it/s, loss=1.680]
  epoch 3/3:  76%|███████▌  | 67/88 [00:18<00:05,  3.77it/s, loss=1.680]
  epoch 3/3:  76%|███████▌  | 67/88 [00:18<00:05,  3.77it/s, loss=1.683]
  epoch 3/3:  77%|███████▋  | 68/88 [00:18<00:05,  3.77it/s, loss=1.683]
  epoch 3/3:  77%|███████▋  | 68/88 [00:18<00:05,  3.77it/s, loss=1.682]
  epoch 3/3:  78%|███████▊  | 69/88 [00:18<00:05,  3.78it/s, loss=1.682]
  epoch 3/3:  78%|███████▊  | 69/88 [00:18<00:05,  3.78it/s, loss=1.681]
  epoch 3/3:  80%|███████▉  | 70/88 [00:18<00:04,  3.78it/s, loss=1.681]
  epoch 3/3:  80%|███████▉  | 70/88 [00:19<00:04,  3.78it/s, loss=1.682]
  epoch 3/3:  81%|████████  | 71/88 [00:19<00:04,  3.75it/s, loss=1.682]
  epoch 3/3:  81%|████████  | 71/88 [00:19<00:04,  3.75it/s, loss=1.683]
  epoch 3/3:  82%|████████▏ | 72/88 [00:19<00:04,  3.75it/s, loss=1.683]
  epoch 3/3:  82%|████████▏ | 72/88 [00:19<00:04,  3.75it/s, loss=1.684]
  epoch 3/3:  83%|████████▎ | 73/88 [00:19<00:04,  3.74it/s, loss=1.684]
  epoch 3/3:  83%|████████▎ | 73/88 [00:19<00:04,  3.74it/s, loss=1.684]
  epoch 3/3:  84%|████████▍ | 74/88 [00:19<00:03,  3.76it/s, loss=1.684]
  epoch 3/3:  84%|████████▍ | 74/88 [00:20<00:03,  3.76it/s, loss=1.686]
  epoch 3/3:  85%|████████▌ | 75/88 [00:20<00:03,  3.77it/s, loss=1.686]
  epoch 3/3:  85%|████████▌ | 75/88 [00:20<00:03,  3.77it/s, loss=1.685]
  epoch 3/3:  86%|████████▋ | 76/88 [00:20<00:03,  3.77it/s, loss=1.685]
  epoch 3/3:  86%|████████▋ | 76/88 [00:20<00:03,  3.77it/s, loss=1.686]
  epoch 3/3:  88%|████████▊ | 77/88 [00:20<00:02,  3.77it/s, loss=1.686]
  epoch 3/3:  88%|████████▊ | 77/88 [00:20<00:02,  3.77it/s, loss=1.685]
  epoch 3/3:  89%|████████▊ | 78/88 [00:20<00:02,  3.76it/s, loss=1.685]
  epoch 3/3:  89%|████████▊ | 78/88 [00:21<00:02,  3.76it/s, loss=1.686]
  epoch 3/3:  90%|████████▉ | 79/88 [00:21<00:02,  3.76it/s, loss=1.686]
  epoch 3/3:  90%|████████▉ | 79/88 [00:21<00:02,  3.76it/s, loss=1.684]
  epoch 3/3:  91%|█████████ | 80/88 [00:21<00:02,  3.70it/s, loss=1.684]
  epoch 3/3:  91%|█████████ | 80/88 [00:21<00:02,  3.70it/s, loss=1.684]
  epoch 3/3:  92%|█████████▏| 81/88 [00:21<00:01,  3.72it/s, loss=1.684]
  epoch 3/3:  92%|█████████▏| 81/88 [00:22<00:01,  3.72it/s, loss=1.684]
  epoch 3/3:  93%|█████████▎| 82/88 [00:22<00:01,  3.71it/s, loss=1.684]
  epoch 3/3:  93%|█████████▎| 82/88 [00:22<00:01,  3.71it/s, loss=1.683]
  epoch 3/3:  94%|█████████▍| 83/88 [00:22<00:01,  3.73it/s, loss=1.683]
  epoch 3/3:  94%|█████████▍| 83/88 [00:22<00:01,  3.73it/s, loss=1.681]
  epoch 3/3:  95%|█████████▌| 84/88 [00:22<00:01,  3.75it/s, loss=1.681]
  epoch 3/3:  95%|█████████▌| 84/88 [00:22<00:01,  3.75it/s, loss=1.681]
  epoch 3/3:  97%|█████████▋| 85/88 [00:22<00:00,  3.76it/s, loss=1.681]
  epoch 3/3:  97%|█████████▋| 85/88 [00:23<00:00,  3.76it/s, loss=1.679]
  epoch 3/3:  98%|█████████▊| 86/88 [00:23<00:00,  3.77it/s, loss=1.679]
  epoch 3/3:  98%|█████████▊| 86/88 [00:23<00:00,  3.77it/s, loss=1.681]
  epoch 3/3:  99%|█████████▉| 87/88 [00:23<00:00,  3.78it/s, loss=1.681]
  epoch 3/3:  99%|█████████▉| 87/88 [00:23<00:00,  3.78it/s, loss=1.681]
  epoch 3/3: 100%|██████████| 88/88 [00:23<00:00,  4.12it/s, loss=1.681]
                                                                        
[titans] reset=never | norm(state) sau task = 132.0110
[titans]   self-mod v:β=1.00 |W|=0.05
[titans]   eta_t(avg)=0.1813  alpha_t/forget-gate(avg)=0.5869
[task 4] test acc so far: 0.069  0.197  0.009  0.026  0.031
[task 4] NCM-head acc so far: 0.729  0.780  0.769  0.709  0.700
[task 5] classes=[0, 19, 22, 33, 38] | train=2800

  epoch 1/3:   0%|          | 0/88 [00:00<?, ?it/s]
  epoch 1/3:   0%|          | 0/88 [00:00<?, ?it/s, loss=1.952]
  epoch 1/3:   1%|          | 1/88 [00:00<00:40,  2.14it/s, loss=1.952]
  epoch 1/3:   1%|          | 1/88 [00:00<00:40,  2.14it/s, loss=1.846]
  epoch 1/3:   2%|▏         | 2/88 [00:00<00:30,  2.87it/s, loss=1.846]
  epoch 1/3:   2%|▏         | 2/88 [00:00<00:30,  2.87it/s, loss=1.796]
  epoch 1/3:   3%|▎         | 3/88 [00:00<00:26,  3.22it/s, loss=1.796]
  epoch 1/3:   3%|▎         | 3/88 [00:01<00:26,  3.22it/s, loss=1.869]
  epoch 1/3:   5%|▍         | 4/88 [00:01<00:24,  3.42it/s, loss=1.869]
  epoch 1/3:   5%|▍         | 4/88 [00:01<00:24,  3.42it/s, loss=1.844]
  epoch 1/3:   6%|▌         | 5/88 [00:01<00:23,  3.54it/s, loss=1.844]
  epoch 1/3:   6%|▌         | 5/88 [00:01<00:23,  3.54it/s, loss=1.871]
  epoch 1/3:   7%|▋         | 6/88 [00:01<00:22,  3.61it/s, loss=1.871]
  epoch 1/3:   7%|▋         | 6/88 [00:02<00:22,  3.61it/s, loss=1.828]
  epoch 1/3:   8%|▊         | 7/88 [00:02<00:22,  3.67it/s, loss=1.828]
  epoch 1/3:   8%|▊         | 7/88 [00:02<00:22,  3.67it/s, loss=1.825]
  epoch 1/3:   9%|▉         | 8/88 [00:02<00:21,  3.66it/s, loss=1.825]
  epoch 1/3:   9%|▉         | 8/88 [00:02<00:21,  3.66it/s, loss=1.798]
  epoch 1/3:  10%|█         | 9/88 [00:02<00:21,  3.67it/s, loss=1.798]
  epoch 1/3:  10%|█         | 9/88 [00:02<00:21,  3.67it/s, loss=1.787]
  epoch 1/3:  11%|█▏        | 10/88 [00:02<00:20,  3.72it/s, loss=1.787]
  epoch 1/3:  11%|█▏        | 10/88 [00:03<00:20,  3.72it/s, loss=1.791]
  epoch 1/3:  12%|█▎        | 11/88 [00:03<00:20,  3.74it/s, loss=1.791]
  epoch 1/3:  12%|█▎        | 11/88 [00:03<00:20,  3.74it/s, loss=1.811]
  epoch 1/3:  14%|█▎        | 12/88 [00:03<00:20,  3.75it/s, loss=1.811]
  epoch 1/3:  14%|█▎        | 12/88 [00:03<00:20,  3.75it/s, loss=1.789]
  epoch 1/3:  15%|█▍        | 13/88 [00:03<00:19,  3.76it/s, loss=1.789]
  epoch 1/3:  15%|█▍        | 13/88 [00:03<00:19,  3.76it/s, loss=1.787]
  epoch 1/3:  16%|█▌        | 14/88 [00:03<00:19,  3.77it/s, loss=1.787]
  epoch 1/3:  16%|█▌        | 14/88 [00:04<00:19,  3.77it/s, loss=1.770]
  epoch 1/3:  17%|█▋        | 15/88 [00:04<00:19,  3.78it/s, loss=1.770]
  epoch 1/3:  17%|█▋        | 15/88 [00:04<00:19,  3.78it/s, loss=1.774]
  epoch 1/3:  18%|█▊        | 16/88 [00:04<00:19,  3.79it/s, loss=1.774]
  epoch 1/3:  18%|█▊        | 16/88 [00:04<00:19,  3.79it/s, loss=1.782]
  epoch 1/3:  19%|█▉        | 17/88 [00:04<00:18,  3.79it/s, loss=1.782]
  epoch 1/3:  19%|█▉        | 17/88 [00:04<00:18,  3.79it/s, loss=1.787]
  epoch 1/3:  20%|██        | 18/88 [00:04<00:18,  3.79it/s, loss=1.787]
  epoch 1/3:  20%|██        | 18/88 [00:05<00:18,  3.79it/s, loss=1.783]
  epoch 1/3:  22%|██▏       | 19/88 [00:05<00:18,  3.78it/s, loss=1.783]
  epoch 1/3:  22%|██▏       | 19/88 [00:05<00:18,  3.78it/s, loss=1.773]
  epoch 1/3:  23%|██▎       | 20/88 [00:05<00:17,  3.78it/s, loss=1.773]
  epoch 1/3:  23%|██▎       | 20/88 [00:05<00:17,  3.78it/s, loss=1.770]
  epoch 1/3:  24%|██▍       | 21/88 [00:05<00:17,  3.79it/s, loss=1.770]
  epoch 1/3:  24%|██▍       | 21/88 [00:06<00:17,  3.79it/s, loss=1.766]
  epoch 1/3:  25%|██▌       | 22/88 [00:06<00:17,  3.78it/s, loss=1.766]
  epoch 1/3:  25%|██▌       | 22/88 [00:06<00:17,  3.78it/s, loss=1.767]
  epoch 1/3:  26%|██▌       | 23/88 [00:06<00:17,  3.78it/s, loss=1.767]
  epoch 1/3:  26%|██▌       | 23/88 [00:06<00:17,  3.78it/s, loss=1.765]
  epoch 1/3:  27%|██▋       | 24/88 [00:06<00:17,  3.74it/s, loss=1.765]
  epoch 1/3:  27%|██▋       | 24/88 [00:06<00:17,  3.74it/s, loss=1.769]
  epoch 1/3:  28%|██▊       | 25/88 [00:06<00:16,  3.73it/s, loss=1.769]
  epoch 1/3:  28%|██▊       | 25/88 [00:07<00:16,  3.73it/s, loss=1.771]
  epoch 1/3:  30%|██▉       | 26/88 [00:07<00:16,  3.75it/s, loss=1.771]
  epoch 1/3:  30%|██▉       | 26/88 [00:07<00:16,  3.75it/s, loss=1.770]
  epoch 1/3:  31%|███       | 27/88 [00:07<00:16,  3.75it/s, loss=1.770]
  epoch 1/3:  31%|███       | 27/88 [00:07<00:16,  3.75it/s, loss=1.767]
  epoch 1/3:  32%|███▏      | 28/88 [00:07<00:15,  3.77it/s, loss=1.767]
  epoch 1/3:  32%|███▏      | 28/88 [00:07<00:15,  3.77it/s, loss=1.766]
  epoch 1/3:  33%|███▎      | 29/88 [00:07<00:15,  3.78it/s, loss=1.766]
  epoch 1/3:  33%|███▎      | 29/88 [00:08<00:15,  3.78it/s, loss=1.757]
  epoch 1/3:  34%|███▍      | 30/88 [00:08<00:15,  3.78it/s, loss=1.757]
  epoch 1/3:  34%|███▍      | 30/88 [00:08<00:15,  3.78it/s, loss=1.754]
  epoch 1/3:  35%|███▌      | 31/88 [00:08<00:15,  3.79it/s, loss=1.754]
  epoch 1/3:  35%|███▌      | 31/88 [00:08<00:15,  3.79it/s, loss=1.762]
  epoch 1/3:  36%|███▋      | 32/88 [00:08<00:14,  3.78it/s, loss=1.762]
  epoch 1/3:  36%|███▋      | 32/88 [00:08<00:14,  3.78it/s, loss=1.763]
  epoch 1/3:  38%|███▊      | 33/88 [00:08<00:14,  3.78it/s, loss=1.763]
  epoch 1/3:  38%|███▊      | 33/88 [00:09<00:14,  3.78it/s, loss=1.762]
  epoch 1/3:  39%|███▊      | 34/88 [00:09<00:14,  3.76it/s, loss=1.762]
  epoch 1/3:  39%|███▊      | 34/88 [00:09<00:14,  3.76it/s, loss=1.769]
  epoch 1/3:  40%|███▉      | 35/88 [00:09<00:14,  3.75it/s, loss=1.769]
  epoch 1/3:  40%|███▉      | 35/88 [00:09<00:14,  3.75it/s, loss=1.773]
  epoch 1/3:  41%|████      | 36/88 [00:09<00:13,  3.73it/s, loss=1.773]
  epoch 1/3:  41%|████      | 36/88 [00:10<00:13,  3.73it/s, loss=1.768]
  epoch 1/3:  42%|████▏     | 37/88 [00:10<00:13,  3.75it/s, loss=1.768]
  epoch 1/3:  42%|████▏     | 37/88 [00:10<00:13,  3.75it/s, loss=1.774]
  epoch 1/3:  43%|████▎     | 38/88 [00:10<00:13,  3.76it/s, loss=1.774]
  epoch 1/3:  43%|████▎     | 38/88 [00:10<00:13,  3.76it/s, loss=1.774]
  epoch 1/3:  44%|████▍     | 39/88 [00:10<00:13,  3.75it/s, loss=1.774]
  epoch 1/3:  44%|████▍     | 39/88 [00:10<00:13,  3.75it/s, loss=1.780]
  epoch 1/3:  45%|████▌     | 40/88 [00:10<00:12,  3.70it/s, loss=1.780]
  epoch 1/3:  45%|████▌     | 40/88 [00:11<00:12,  3.70it/s, loss=1.780]
  epoch 1/3:  47%|████▋     | 41/88 [00:11<00:12,  3.72it/s, loss=1.780]
  epoch 1/3:  47%|████▋     | 41/88 [00:11<00:12,  3.72it/s, loss=1.783]
  epoch 1/3:  48%|████▊     | 42/88 [00:11<00:12,  3.74it/s, loss=1.783]
  epoch 1/3:  48%|████▊     | 42/88 [00:11<00:12,  3.74it/s, loss=1.788]
  epoch 1/3:  49%|████▉     | 43/88 [00:11<00:12,  3.74it/s, loss=1.788]
  epoch 1/3:  49%|████▉     | 43/88 [00:11<00:12,  3.74it/s, loss=1.787]
  epoch 1/3:  50%|█████     | 44/88 [00:11<00:11,  3.75it/s, loss=1.787]
  epoch 1/3:  50%|█████     | 44/88 [00:12<00:11,  3.75it/s, loss=1.785]
  epoch 1/3:  51%|█████     | 45/88 [00:12<00:11,  3.74it/s, loss=1.785]
  epoch 1/3:  51%|█████     | 45/88 [00:12<00:11,  3.74it/s, loss=1.784]
  epoch 1/3:  52%|█████▏    | 46/88 [00:12<00:11,  3.73it/s, loss=1.784]
  epoch 1/3:  52%|█████▏    | 46/88 [00:12<00:11,  3.73it/s, loss=1.783]
  epoch 1/3:  53%|█████▎    | 47/88 [00:12<00:10,  3.74it/s, loss=1.783]
  epoch 1/3:  53%|█████▎    | 47/88 [00:12<00:10,  3.74it/s, loss=1.785]
  epoch 1/3:  55%|█████▍    | 48/88 [00:12<00:10,  3.75it/s, loss=1.785]
  epoch 1/3:  55%|█████▍    | 48/88 [00:13<00:10,  3.75it/s, loss=1.786]
  epoch 1/3:  56%|█████▌    | 49/88 [00:13<00:10,  3.74it/s, loss=1.786]
  epoch 1/3:  56%|█████▌    | 49/88 [00:13<00:10,  3.74it/s, loss=1.783]
  epoch 1/3:  57%|█████▋    | 50/88 [00:13<00:10,  3.73it/s, loss=1.783]
  epoch 1/3:  57%|█████▋    | 50/88 [00:13<00:10,  3.73it/s, loss=1.780]
  epoch 1/3:  58%|█████▊    | 51/88 [00:13<00:09,  3.72it/s, loss=1.780]
  epoch 1/3:  58%|█████▊    | 51/88 [00:14<00:09,  3.72it/s, loss=1.778]
  epoch 1/3:  59%|█████▉    | 52/88 [00:14<00:09,  3.74it/s, loss=1.778]
  epoch 1/3:  59%|█████▉    | 52/88 [00:14<00:09,  3.74it/s, loss=1.777]
  epoch 1/3:  60%|██████    | 53/88 [00:14<00:09,  3.75it/s, loss=1.777]
  epoch 1/3:  60%|██████    | 53/88 [00:14<00:09,  3.75it/s, loss=1.774]
  epoch 1/3:  61%|██████▏   | 54/88 [00:14<00:09,  3.75it/s, loss=1.774]
  epoch 1/3:  61%|██████▏   | 54/88 [00:14<00:09,  3.75it/s, loss=1.770]
  epoch 1/3:  62%|██████▎   | 55/88 [00:14<00:08,  3.74it/s, loss=1.770]
  epoch 1/3:  62%|██████▎   | 55/88 [00:15<00:08,  3.74it/s, loss=1.767]
  epoch 1/3:  64%|██████▎   | 56/88 [00:15<00:08,  3.68it/s, loss=1.767]
  epoch 1/3:  64%|██████▎   | 56/88 [00:15<00:08,  3.68it/s, loss=1.765]
  epoch 1/3:  65%|██████▍   | 57/88 [00:15<00:08,  3.70it/s, loss=1.765]
  epoch 1/3:  65%|██████▍   | 57/88 [00:15<00:08,  3.70it/s, loss=1.763]
  epoch 1/3:  66%|██████▌   | 58/88 [00:15<00:08,  3.71it/s, loss=1.763]
  epoch 1/3:  66%|██████▌   | 58/88 [00:15<00:08,  3.71it/s, loss=1.761]
  epoch 1/3:  67%|██████▋   | 59/88 [00:15<00:07,  3.72it/s, loss=1.761]
  epoch 1/3:  67%|██████▋   | 59/88 [00:16<00:07,  3.72it/s, loss=1.760]
  epoch 1/3:  68%|██████▊   | 60/88 [00:16<00:07,  3.73it/s, loss=1.760]
  epoch 1/3:  68%|██████▊   | 60/88 [00:16<00:07,  3.73it/s, loss=1.764]
  epoch 1/3:  69%|██████▉   | 61/88 [00:16<00:07,  3.73it/s, loss=1.764]
  epoch 1/3:  69%|██████▉   | 61/88 [00:16<00:07,  3.73it/s, loss=1.764]
  epoch 1/3:  70%|███████   | 62/88 [00:16<00:07,  3.71it/s, loss=1.764]
  epoch 1/3:  70%|███████   | 62/88 [00:16<00:07,  3.71it/s, loss=1.765]
  epoch 1/3:  72%|███████▏  | 63/88 [00:16<00:06,  3.73it/s, loss=1.765]
  epoch 1/3:  72%|███████▏  | 63/88 [00:17<00:06,  3.73it/s, loss=1.763]
  epoch 1/3:  73%|███████▎  | 64/88 [00:17<00:06,  3.73it/s, loss=1.763]
  epoch 1/3:  73%|███████▎  | 64/88 [00:17<00:06,  3.73it/s, loss=1.763]
  epoch 1/3:  74%|███████▍  | 65/88 [00:17<00:06,  3.72it/s, loss=1.763]
  epoch 1/3:  74%|███████▍  | 65/88 [00:17<00:06,  3.72it/s, loss=1.761]
  epoch 1/3:  75%|███████▌  | 66/88 [00:17<00:05,  3.72it/s, loss=1.761]
  epoch 1/3:  75%|███████▌  | 66/88 [00:18<00:05,  3.72it/s, loss=1.761]
  epoch 1/3:  76%|███████▌  | 67/88 [00:18<00:05,  3.74it/s, loss=1.761]
  epoch 1/3:  76%|███████▌  | 67/88 [00:18<00:05,  3.74it/s, loss=1.759]
  epoch 1/3:  77%|███████▋  | 68/88 [00:18<00:05,  3.76it/s, loss=1.759]
  epoch 1/3:  77%|███████▋  | 68/88 [00:18<00:05,  3.76it/s, loss=1.761]
  epoch 1/3:  78%|███████▊  | 69/88 [00:18<00:05,  3.76it/s, loss=1.761]
  epoch 1/3:  78%|███████▊  | 69/88 [00:18<00:05,  3.76it/s, loss=1.760]
  epoch 1/3:  80%|███████▉  | 70/88 [00:18<00:04,  3.76it/s, loss=1.760]
  epoch 1/3:  80%|███████▉  | 70/88 [00:19<00:04,  3.76it/s, loss=1.761]
  epoch 1/3:  81%|████████  | 71/88 [00:19<00:04,  3.76it/s, loss=1.761]
  epoch 1/3:  81%|████████  | 71/88 [00:19<00:04,  3.76it/s, loss=1.761]
  epoch 1/3:  82%|████████▏ | 72/88 [00:19<00:04,  3.70it/s, loss=1.761]
  epoch 1/3:  82%|████████▏ | 72/88 [00:19<00:04,  3.70it/s, loss=1.761]
  epoch 1/3:  83%|████████▎ | 73/88 [00:19<00:04,  3.73it/s, loss=1.761]
  epoch 1/3:  83%|████████▎ | 73/88 [00:19<00:04,  3.73it/s, loss=1.761]
  epoch 1/3:  84%|████████▍ | 74/88 [00:19<00:03,  3.73it/s, loss=1.761]
  epoch 1/3:  84%|████████▍ | 74/88 [00:20<00:03,  3.73it/s, loss=1.761]
  epoch 1/3:  85%|████████▌ | 75/88 [00:20<00:03,  3.73it/s, loss=1.761]
  epoch 1/3:  85%|████████▌ | 75/88 [00:20<00:03,  3.73it/s, loss=1.760]
  epoch 1/3:  86%|████████▋ | 76/88 [00:20<00:03,  3.73it/s, loss=1.760]
  epoch 1/3:  86%|████████▋ | 76/88 [00:20<00:03,  3.73it/s, loss=1.759]
  epoch 1/3:  88%|████████▊ | 77/88 [00:20<00:02,  3.75it/s, loss=1.759]
  epoch 1/3:  88%|████████▊ | 77/88 [00:21<00:02,  3.75it/s, loss=1.759]
  epoch 1/3:  89%|████████▊ | 78/88 [00:21<00:02,  3.76it/s, loss=1.759]
  epoch 1/3:  89%|████████▊ | 78/88 [00:21<00:02,  3.76it/s, loss=1.758]
  epoch 1/3:  90%|████████▉ | 79/88 [00:21<00:02,  3.77it/s, loss=1.758]
  epoch 1/3:  90%|████████▉ | 79/88 [00:21<00:02,  3.77it/s, loss=1.754]
  epoch 1/3:  91%|█████████ | 80/88 [00:21<00:02,  3.78it/s, loss=1.754]
  epoch 1/3:  91%|█████████ | 80/88 [00:21<00:02,  3.78it/s, loss=1.757]
  epoch 1/3:  92%|█████████▏| 81/88 [00:21<00:01,  3.78it/s, loss=1.757]
  epoch 1/3:  92%|█████████▏| 81/88 [00:22<00:01,  3.78it/s, loss=1.755]
  epoch 1/3:  93%|█████████▎| 82/88 [00:22<00:01,  3.77it/s, loss=1.755]
  epoch 1/3:  93%|█████████▎| 82/88 [00:22<00:01,  3.77it/s, loss=1.758]
  epoch 1/3:  94%|█████████▍| 83/88 [00:22<00:01,  3.76it/s, loss=1.758]
  epoch 1/3:  94%|█████████▍| 83/88 [00:22<00:01,  3.76it/s, loss=1.759]
  epoch 1/3:  95%|█████████▌| 84/88 [00:22<00:01,  3.75it/s, loss=1.759]
  epoch 1/3:  95%|█████████▌| 84/88 [00:22<00:01,  3.75it/s, loss=1.758]
  epoch 1/3:  97%|█████████▋| 85/88 [00:22<00:00,  3.74it/s, loss=1.758]
  epoch 1/3:  97%|█████████▋| 85/88 [00:23<00:00,  3.74it/s, loss=1.758]
  epoch 1/3:  98%|█████████▊| 86/88 [00:23<00:00,  3.76it/s, loss=1.758]
  epoch 1/3:  98%|█████████▊| 86/88 [00:23<00:00,  3.76it/s, loss=1.758]
  epoch 1/3:  99%|█████████▉| 87/88 [00:23<00:00,  3.77it/s, loss=1.758]
  epoch 1/3:  99%|█████████▉| 87/88 [00:23<00:00,  3.77it/s, loss=1.757]
  epoch 1/3: 100%|██████████| 88/88 [00:23<00:00,  4.07it/s, loss=1.757]
                                                                        

  epoch 2/3:   0%|          | 0/88 [00:00<?, ?it/s]
  epoch 2/3:   0%|          | 0/88 [00:00<?, ?it/s, loss=1.806]
  epoch 2/3:   1%|          | 1/88 [00:00<00:41,  2.11it/s, loss=1.806]
  epoch 2/3:   1%|          | 1/88 [00:00<00:41,  2.11it/s, loss=1.776]
  epoch 2/3:   2%|▏         | 2/88 [00:00<00:30,  2.84it/s, loss=1.776]
  epoch 2/3:   2%|▏         | 2/88 [00:01<00:30,  2.84it/s, loss=1.851]
  epoch 2/3:   3%|▎         | 3/88 [00:01<00:26,  3.21it/s, loss=1.851]
  epoch 2/3:   3%|▎         | 3/88 [00:01<00:26,  3.21it/s, loss=1.811]
  epoch 2/3:   5%|▍         | 4/88 [00:01<00:24,  3.41it/s, loss=1.811]
  epoch 2/3:   5%|▍         | 4/88 [00:01<00:24,  3.41it/s, loss=1.802]
  epoch 2/3:   6%|▌         | 5/88 [00:01<00:23,  3.53it/s, loss=1.802]
  epoch 2/3:   6%|▌         | 5/88 [00:01<00:23,  3.53it/s, loss=1.772]
  epoch 2/3:   7%|▋         | 6/88 [00:01<00:22,  3.60it/s, loss=1.772]
  epoch 2/3:   7%|▋         | 6/88 [00:02<00:22,  3.60it/s, loss=1.738]
  epoch 2/3:   8%|▊         | 7/88 [00:02<00:22,  3.65it/s, loss=1.738]
  epoch 2/3:   8%|▊         | 7/88 [00:02<00:22,  3.65it/s, loss=1.736]
  epoch 2/3:   9%|▉         | 8/88 [00:02<00:21,  3.67it/s, loss=1.736]
  epoch 2/3:   9%|▉         | 8/88 [00:02<00:21,  3.67it/s, loss=1.744]
  epoch 2/3:  10%|█         | 9/88 [00:02<00:21,  3.69it/s, loss=1.744]
  epoch 2/3:  10%|█         | 9/88 [00:02<00:21,  3.69it/s, loss=1.741]
  epoch 2/3:  11%|█▏        | 10/88 [00:02<00:20,  3.72it/s, loss=1.741]
  epoch 2/3:  11%|█▏        | 10/88 [00:03<00:20,  3.72it/s, loss=1.724]
  epoch 2/3:  12%|█▎        | 11/88 [00:03<00:20,  3.73it/s, loss=1.724]
  epoch 2/3:  12%|█▎        | 11/88 [00:03<00:20,  3.73it/s, loss=1.724]
  epoch 2/3:  14%|█▎        | 12/88 [00:03<00:20,  3.75it/s, loss=1.724]
  epoch 2/3:  14%|█▎        | 12/88 [00:03<00:20,  3.75it/s, loss=1.728]
  epoch 2/3:  15%|█▍        | 13/88 [00:03<00:20,  3.74it/s, loss=1.728]
  epoch 2/3:  15%|█▍        | 13/88 [00:03<00:20,  3.74it/s, loss=1.728]
  epoch 2/3:  16%|█▌        | 14/88 [00:03<00:19,  3.74it/s, loss=1.728]
  epoch 2/3:  16%|█▌        | 14/88 [00:04<00:19,  3.74it/s, loss=1.729]
  epoch 2/3:  17%|█▋        | 15/88 [00:04<00:19,  3.73it/s, loss=1.729]
  epoch 2/3:  17%|█▋        | 15/88 [00:04<00:19,  3.73it/s, loss=1.719]
  epoch 2/3:  18%|█▊        | 16/88 [00:04<00:19,  3.69it/s, loss=1.719]
  epoch 2/3:  18%|█▊        | 16/88 [00:04<00:19,  3.69it/s, loss=1.725]
  epoch 2/3:  19%|█▉        | 17/88 [00:04<00:19,  3.70it/s, loss=1.725]
  epoch 2/3:  19%|█▉        | 17/88 [00:05<00:19,  3.70it/s, loss=1.729]
  epoch 2/3:  20%|██        | 18/88 [00:05<00:18,  3.73it/s, loss=1.729]
  epoch 2/3:  20%|██        | 18/88 [00:05<00:18,  3.73it/s, loss=1.724]
  epoch 2/3:  22%|██▏       | 19/88 [00:05<00:18,  3.72it/s, loss=1.724]
  epoch 2/3:  22%|██▏       | 19/88 [00:05<00:18,  3.72it/s, loss=1.731]
  epoch 2/3:  23%|██▎       | 20/88 [00:05<00:18,  3.71it/s, loss=1.731]
  epoch 2/3:  23%|██▎       | 20/88 [00:05<00:18,  3.71it/s, loss=1.739]
  epoch 2/3:  24%|██▍       | 21/88 [00:05<00:18,  3.71it/s, loss=1.739]
  epoch 2/3:  24%|██▍       | 21/88 [00:06<00:18,  3.71it/s, loss=1.744]
  epoch 2/3:  25%|██▌       | 22/88 [00:06<00:17,  3.74it/s, loss=1.744]
  epoch 2/3:  25%|██▌       | 22/88 [00:06<00:17,  3.74it/s, loss=1.751]
  epoch 2/3:  26%|██▌       | 23/88 [00:06<00:17,  3.76it/s, loss=1.751]
  epoch 2/3:  26%|██▌       | 23/88 [00:06<00:17,  3.76it/s, loss=1.743]
  epoch 2/3:  27%|██▋       | 24/88 [00:06<00:17,  3.75it/s, loss=1.743]
  epoch 2/3:  27%|██▋       | 24/88 [00:06<00:17,  3.75it/s, loss=1.739]
  epoch 2/3:  28%|██▊       | 25/88 [00:06<00:16,  3.76it/s, loss=1.739]
  epoch 2/3:  28%|██▊       | 25/88 [00:07<00:16,  3.76it/s, loss=1.735]
  epoch 2/3:  30%|██▉       | 26/88 [00:07<00:16,  3.75it/s, loss=1.735]
  epoch 2/3:  30%|██▉       | 26/88 [00:07<00:16,  3.75it/s, loss=1.735]
  epoch 2/3:  31%|███       | 27/88 [00:07<00:16,  3.74it/s, loss=1.735]
  epoch 2/3:  31%|███       | 27/88 [00:07<00:16,  3.74it/s, loss=1.738]
  epoch 2/3:  32%|███▏      | 28/88 [00:07<00:16,  3.74it/s, loss=1.738]
  epoch 2/3:  32%|███▏      | 28/88 [00:07<00:16,  3.74it/s, loss=1.728]
  epoch 2/3:  33%|███▎      | 29/88 [00:07<00:15,  3.76it/s, loss=1.728]
  epoch 2/3:  33%|███▎      | 29/88 [00:08<00:15,  3.76it/s, loss=1.729]
  epoch 2/3:  34%|███▍      | 30/88 [00:08<00:15,  3.77it/s, loss=1.729]
  epoch 2/3:  34%|███▍      | 30/88 [00:08<00:15,  3.77it/s, loss=1.717]
  epoch 2/3:  35%|███▌      | 31/88 [00:08<00:15,  3.76it/s, loss=1.717]
  epoch 2/3:  35%|███▌      | 31/88 [00:08<00:15,  3.76it/s, loss=1.717]
  epoch 2/3:  36%|███▋      | 32/88 [00:08<00:15,  3.71it/s, loss=1.717]
  epoch 2/3:  36%|███▋      | 32/88 [00:09<00:15,  3.71it/s, loss=1.717]
  epoch 2/3:  38%|███▊      | 33/88 [00:09<00:14,  3.72it/s, loss=1.717]
  epoch 2/3:  38%|███▊      | 33/88 [00:09<00:14,  3.72it/s, loss=1.716]
  epoch 2/3:  39%|███▊      | 34/88 [00:09<00:14,  3.75it/s, loss=1.716]
  epoch 2/3:  39%|███▊      | 34/88 [00:09<00:14,  3.75it/s, loss=1.719]
  epoch 2/3:  40%|███▉      | 35/88 [00:09<00:14,  3.76it/s, loss=1.719]
  epoch 2/3:  40%|███▉      | 35/88 [00:09<00:14,  3.76it/s, loss=1.720]
  epoch 2/3:  41%|████      | 36/88 [00:09<00:13,  3.75it/s, loss=1.720]
  epoch 2/3:  41%|████      | 36/88 [00:10<00:13,  3.75it/s, loss=1.722]
  epoch 2/3:  42%|████▏     | 37/88 [00:10<00:13,  3.74it/s, loss=1.722]
  epoch 2/3:  42%|████▏     | 37/88 [00:10<00:13,  3.74it/s, loss=1.720]
  epoch 2/3:  43%|████▎     | 38/88 [00:10<00:13,  3.72it/s, loss=1.720]
  epoch 2/3:  43%|████▎     | 38/88 [00:10<00:13,  3.72it/s, loss=1.719]
  epoch 2/3:  44%|████▍     | 39/88 [00:10<00:13,  3.74it/s, loss=1.719]
  epoch 2/3:  44%|████▍     | 39/88 [00:10<00:13,  3.74it/s, loss=1.720]
  epoch 2/3:  45%|████▌     | 40/88 [00:10<00:12,  3.74it/s, loss=1.720]
  epoch 2/3:  45%|████▌     | 40/88 [00:11<00:12,  3.74it/s, loss=1.718]
  epoch 2/3:  47%|████▋     | 41/88 [00:11<00:12,  3.74it/s, loss=1.718]
  epoch 2/3:  47%|████▋     | 41/88 [00:11<00:12,  3.74it/s, loss=1.726]
  epoch 2/3:  48%|████▊     | 42/88 [00:11<00:12,  3.74it/s, loss=1.726]
  epoch 2/3:  48%|████▊     | 42/88 [00:11<00:12,  3.74it/s, loss=1.729]
  epoch 2/3:  49%|████▉     | 43/88 [00:11<00:12,  3.73it/s, loss=1.729]
  epoch 2/3:  49%|████▉     | 43/88 [00:11<00:12,  3.73it/s, loss=1.730]
  epoch 2/3:  50%|█████     | 44/88 [00:11<00:11,  3.75it/s, loss=1.730]
  epoch 2/3:  50%|█████     | 44/88 [00:12<00:11,  3.75it/s, loss=1.728]
  epoch 2/3:  51%|█████     | 45/88 [00:12<00:11,  3.76it/s, loss=1.728]
  epoch 2/3:  51%|█████     | 45/88 [00:12<00:11,  3.76it/s, loss=1.728]
  epoch 2/3:  52%|█████▏    | 46/88 [00:12<00:11,  3.77it/s, loss=1.728]
  epoch 2/3:  52%|█████▏    | 46/88 [00:12<00:11,  3.77it/s, loss=1.728]
  epoch 2/3:  53%|█████▎    | 47/88 [00:12<00:10,  3.77it/s, loss=1.728]
  epoch 2/3:  53%|█████▎    | 47/88 [00:13<00:10,  3.77it/s, loss=1.728]
  epoch 2/3:  55%|█████▍    | 48/88 [00:13<00:10,  3.72it/s, loss=1.728]
  epoch 2/3:  55%|█████▍    | 48/88 [00:13<00:10,  3.72it/s, loss=1.728]
  epoch 2/3:  56%|█████▌    | 49/88 [00:13<00:10,  3.72it/s, loss=1.728]
  epoch 2/3:  56%|█████▌    | 49/88 [00:13<00:10,  3.72it/s, loss=1.729]
  epoch 2/3:  57%|█████▋    | 50/88 [00:13<00:10,  3.73it/s, loss=1.729]
  epoch 2/3:  57%|█████▋    | 50/88 [00:13<00:10,  3.73it/s, loss=1.729]
  epoch 2/3:  58%|█████▊    | 51/88 [00:13<00:09,  3.73it/s, loss=1.729]
  epoch 2/3:  58%|█████▊    | 51/88 [00:14<00:09,  3.73it/s, loss=1.727]
  epoch 2/3:  59%|█████▉    | 52/88 [00:14<00:09,  3.72it/s, loss=1.727]
  epoch 2/3:  59%|█████▉    | 52/88 [00:14<00:09,  3.72it/s, loss=1.726]
  epoch 2/3:  60%|██████    | 53/88 [00:14<00:09,  3.73it/s, loss=1.726]
  epoch 2/3:  60%|██████    | 53/88 [00:14<00:09,  3.73it/s, loss=1.724]
  epoch 2/3:  61%|██████▏   | 54/88 [00:14<00:09,  3.71it/s, loss=1.724]
  epoch 2/3:  61%|██████▏   | 54/88 [00:14<00:09,  3.71it/s, loss=1.721]
  epoch 2/3:  62%|██████▎   | 55/88 [00:14<00:08,  3.71it/s, loss=1.721]
  epoch 2/3:  62%|██████▎   | 55/88 [00:15<00:08,  3.71it/s, loss=1.719]
  epoch 2/3:  64%|██████▎   | 56/88 [00:15<00:08,  3.72it/s, loss=1.719]
  epoch 2/3:  64%|██████▎   | 56/88 [00:15<00:08,  3.72it/s, loss=1.720]
  epoch 2/3:  65%|██████▍   | 57/88 [00:15<00:08,  3.73it/s, loss=1.720]
  epoch 2/3:  65%|██████▍   | 57/88 [00:15<00:08,  3.73it/s, loss=1.718]
  epoch 2/3:  66%|██████▌   | 58/88 [00:15<00:08,  3.74it/s, loss=1.718]
  epoch 2/3:  66%|██████▌   | 58/88 [00:15<00:08,  3.74it/s, loss=1.719]
  epoch 2/3:  67%|██████▋   | 59/88 [00:15<00:07,  3.75it/s, loss=1.719]
  epoch 2/3:  67%|██████▋   | 59/88 [00:16<00:07,  3.75it/s, loss=1.718]
  epoch 2/3:  68%|██████▊   | 60/88 [00:16<00:07,  3.73it/s, loss=1.718]
  epoch 2/3:  68%|██████▊   | 60/88 [00:16<00:07,  3.73it/s, loss=1.717]
  epoch 2/3:  69%|██████▉   | 61/88 [00:16<00:07,  3.72it/s, loss=1.717]
  epoch 2/3:  69%|██████▉   | 61/88 [00:16<00:07,  3.72it/s, loss=1.716]
  epoch 2/3:  70%|███████   | 62/88 [00:16<00:06,  3.74it/s, loss=1.716]
  epoch 2/3:  70%|███████   | 62/88 [00:17<00:06,  3.74it/s, loss=1.713]
  epoch 2/3:  72%|███████▏  | 63/88 [00:17<00:06,  3.75it/s, loss=1.713]
  epoch 2/3:  72%|███████▏  | 63/88 [00:17<00:06,  3.75it/s, loss=1.711]
  epoch 2/3:  73%|███████▎  | 64/88 [00:17<00:06,  3.71it/s, loss=1.711]
  epoch 2/3:  73%|███████▎  | 64/88 [00:17<00:06,  3.71it/s, loss=1.709]
  epoch 2/3:  74%|███████▍  | 65/88 [00:17<00:06,  3.71it/s, loss=1.709]
  epoch 2/3:  74%|███████▍  | 65/88 [00:17<00:06,  3.71it/s, loss=1.708]
  epoch 2/3:  75%|███████▌  | 66/88 [00:17<00:05,  3.72it/s, loss=1.708]
  epoch 2/3:  75%|███████▌  | 66/88 [00:18<00:05,  3.72it/s, loss=1.709]
  epoch 2/3:  76%|███████▌  | 67/88 [00:18<00:05,  3.72it/s, loss=1.709]
  epoch 2/3:  76%|███████▌  | 67/88 [00:18<00:05,  3.72it/s, loss=1.709]
  epoch 2/3:  77%|███████▋  | 68/88 [00:18<00:05,  3.72it/s, loss=1.709]
  epoch 2/3:  77%|███████▋  | 68/88 [00:18<00:05,  3.72it/s, loss=1.711]
  epoch 2/3:  78%|███████▊  | 69/88 [00:18<00:05,  3.72it/s, loss=1.711]
  epoch 2/3:  78%|███████▊  | 69/88 [00:18<00:05,  3.72it/s, loss=1.713]
  epoch 2/3:  80%|███████▉  | 70/88 [00:18<00:04,  3.75it/s, loss=1.713]
  epoch 2/3:  80%|███████▉  | 70/88 [00:19<00:04,  3.75it/s, loss=1.715]
  epoch 2/3:  81%|████████  | 71/88 [00:19<00:04,  3.76it/s, loss=1.715]
  epoch 2/3:  81%|████████  | 71/88 [00:19<00:04,  3.76it/s, loss=1.719]
  epoch 2/3:  82%|████████▏ | 72/88 [00:19<00:04,  3.75it/s, loss=1.719]
  epoch 2/3:  82%|████████▏ | 72/88 [00:19<00:04,  3.75it/s, loss=1.719]
  epoch 2/3:  83%|████████▎ | 73/88 [00:19<00:03,  3.76it/s, loss=1.719]
  epoch 2/3:  83%|████████▎ | 73/88 [00:19<00:03,  3.76it/s, loss=1.722]
  epoch 2/3:  84%|████████▍ | 74/88 [00:19<00:03,  3.75it/s, loss=1.722]
  epoch 2/3:  84%|████████▍ | 74/88 [00:20<00:03,  3.75it/s, loss=1.724]
  epoch 2/3:  85%|████████▌ | 75/88 [00:20<00:03,  3.73it/s, loss=1.724]
  epoch 2/3:  85%|████████▌ | 75/88 [00:20<00:03,  3.73it/s, loss=1.724]
  epoch 2/3:  86%|████████▋ | 76/88 [00:20<00:03,  3.74it/s, loss=1.724]
  epoch 2/3:  86%|████████▋ | 76/88 [00:20<00:03,  3.74it/s, loss=1.724]
  epoch 2/3:  88%|████████▊ | 77/88 [00:20<00:02,  3.72it/s, loss=1.724]
  epoch 2/3:  88%|████████▊ | 77/88 [00:21<00:02,  3.72it/s, loss=1.727]
  epoch 2/3:  89%|████████▊ | 78/88 [00:21<00:02,  3.71it/s, loss=1.727]
  epoch 2/3:  89%|████████▊ | 78/88 [00:21<00:02,  3.71it/s, loss=1.725]
  epoch 2/3:  90%|████████▉ | 79/88 [00:21<00:02,  3.73it/s, loss=1.725]
  epoch 2/3:  90%|████████▉ | 79/88 [00:21<00:02,  3.73it/s, loss=1.722]
  epoch 2/3:  91%|█████████ | 80/88 [00:21<00:02,  3.70it/s, loss=1.722]
  epoch 2/3:  91%|█████████ | 80/88 [00:21<00:02,  3.70it/s, loss=1.721]
  epoch 2/3:  92%|█████████▏| 81/88 [00:21<00:01,  3.71it/s, loss=1.721]
  epoch 2/3:  92%|█████████▏| 81/88 [00:22<00:01,  3.71it/s, loss=1.718]
  epoch 2/3:  93%|█████████▎| 82/88 [00:22<00:01,  3.72it/s, loss=1.718]
  epoch 2/3:  93%|█████████▎| 82/88 [00:22<00:01,  3.72it/s, loss=1.719]
  epoch 2/3:  94%|█████████▍| 83/88 [00:22<00:01,  3.71it/s, loss=1.719]
  epoch 2/3:  94%|█████████▍| 83/88 [00:22<00:01,  3.71it/s, loss=1.720]
  epoch 2/3:  95%|█████████▌| 84/88 [00:22<00:01,  3.72it/s, loss=1.720]
  epoch 2/3:  95%|█████████▌| 84/88 [00:22<00:01,  3.72it/s, loss=1.720]
  epoch 2/3:  97%|█████████▋| 85/88 [00:22<00:00,  3.71it/s, loss=1.720]
  epoch 2/3:  97%|█████████▋| 85/88 [00:23<00:00,  3.71it/s, loss=1.718]
  epoch 2/3:  98%|█████████▊| 86/88 [00:23<00:00,  3.73it/s, loss=1.718]
  epoch 2/3:  98%|█████████▊| 86/88 [00:23<00:00,  3.73it/s, loss=1.721]
  epoch 2/3:  99%|█████████▉| 87/88 [00:23<00:00,  3.75it/s, loss=1.721]
  epoch 2/3:  99%|█████████▉| 87/88 [00:23<00:00,  3.75it/s, loss=1.722]
  epoch 2/3: 100%|██████████| 88/88 [00:23<00:00,  4.10it/s, loss=1.722]
                                                                        

  epoch 3/3:   0%|          | 0/88 [00:00<?, ?it/s]
  epoch 3/3:   0%|          | 0/88 [00:00<?, ?it/s, loss=1.766]
  epoch 3/3:   1%|          | 1/88 [00:00<00:40,  2.15it/s, loss=1.766]
  epoch 3/3:   1%|          | 1/88 [00:00<00:40,  2.15it/s, loss=1.590]
  epoch 3/3:   2%|▏         | 2/88 [00:00<00:30,  2.84it/s, loss=1.590]
  epoch 3/3:   2%|▏         | 2/88 [00:01<00:30,  2.84it/s, loss=1.620]
  epoch 3/3:   3%|▎         | 3/88 [00:01<00:26,  3.19it/s, loss=1.620]
  epoch 3/3:   3%|▎         | 3/88 [00:01<00:26,  3.19it/s, loss=1.636]
  epoch 3/3:   5%|▍         | 4/88 [00:01<00:24,  3.37it/s, loss=1.636]
  epoch 3/3:   5%|▍         | 4/88 [00:01<00:24,  3.37it/s, loss=1.667]
  epoch 3/3:   6%|▌         | 5/88 [00:01<00:23,  3.49it/s, loss=1.667]
  epoch 3/3:   6%|▌         | 5/88 [00:01<00:23,  3.49it/s, loss=1.671]
  epoch 3/3:   7%|▋         | 6/88 [00:01<00:22,  3.57it/s, loss=1.671]
  epoch 3/3:   7%|▋         | 6/88 [00:02<00:22,  3.57it/s, loss=1.710]
  epoch 3/3:   8%|▊         | 7/88 [00:02<00:22,  3.63it/s, loss=1.710]
  epoch 3/3:   8%|▊         | 7/88 [00:02<00:22,  3.63it/s, loss=1.703]
  epoch 3/3:   9%|▉         | 8/88 [00:02<00:22,  3.63it/s, loss=1.703]
  epoch 3/3:   9%|▉         | 8/88 [00:02<00:22,  3.63it/s, loss=1.696]
  epoch 3/3:  10%|█         | 9/88 [00:02<00:21,  3.66it/s, loss=1.696]
  epoch 3/3:  10%|█         | 9/88 [00:02<00:21,  3.66it/s, loss=1.722]
  epoch 3/3:  11%|█▏        | 10/88 [00:02<00:21,  3.69it/s, loss=1.722]
  epoch 3/3:  11%|█▏        | 10/88 [00:03<00:21,  3.69it/s, loss=1.741]
  epoch 3/3:  12%|█▎        | 11/88 [00:03<00:20,  3.69it/s, loss=1.741]
  epoch 3/3:  12%|█▎        | 11/88 [00:03<00:20,  3.69it/s, loss=1.749]
  epoch 3/3:  14%|█▎        | 12/88 [00:03<00:20,  3.70it/s, loss=1.749]
  epoch 3/3:  14%|█▎        | 12/88 [00:03<00:20,  3.70it/s, loss=1.768]
  epoch 3/3:  15%|█▍        | 13/88 [00:03<00:20,  3.70it/s, loss=1.768]
  epoch 3/3:  15%|█▍        | 13/88 [00:03<00:20,  3.70it/s, loss=1.776]
  epoch 3/3:  16%|█▌        | 14/88 [00:03<00:19,  3.73it/s, loss=1.776]
  epoch 3/3:  16%|█▌        | 14/88 [00:04<00:19,  3.73it/s, loss=1.763]
  epoch 3/3:  17%|█▋        | 15/88 [00:04<00:19,  3.72it/s, loss=1.763]
  epoch 3/3:  17%|█▋        | 15/88 [00:04<00:19,  3.72it/s, loss=1.761]
  epoch 3/3:  18%|█▊        | 16/88 [00:04<00:19,  3.72it/s, loss=1.761]
  epoch 3/3:  18%|█▊        | 16/88 [00:04<00:19,  3.72it/s, loss=1.747]
  epoch 3/3:  19%|█▉        | 17/88 [00:04<00:19,  3.72it/s, loss=1.747]
  epoch 3/3:  19%|█▉        | 17/88 [00:05<00:19,  3.72it/s, loss=1.747]
  epoch 3/3:  20%|██        | 18/88 [00:05<00:18,  3.73it/s, loss=1.747]
  epoch 3/3:  20%|██        | 18/88 [00:05<00:18,  3.73it/s, loss=1.745]
  epoch 3/3:  22%|██▏       | 19/88 [00:05<00:18,  3.73it/s, loss=1.745]
  epoch 3/3:  22%|██▏       | 19/88 [00:05<00:18,  3.73it/s, loss=1.751]
  epoch 3/3:  23%|██▎       | 20/88 [00:05<00:18,  3.73it/s, loss=1.751]
  epoch 3/3:  23%|██▎       | 20/88 [00:05<00:18,  3.73it/s, loss=1.754]
  epoch 3/3:  24%|██▍       | 21/88 [00:05<00:17,  3.73it/s, loss=1.754]
  epoch 3/3:  24%|██▍       | 21/88 [00:06<00:17,  3.73it/s, loss=1.751]
  epoch 3/3:  25%|██▌       | 22/88 [00:06<00:17,  3.72it/s, loss=1.751]
  epoch 3/3:  25%|██▌       | 22/88 [00:06<00:17,  3.72it/s, loss=1.755]
  epoch 3/3:  26%|██▌       | 23/88 [00:06<00:17,  3.74it/s, loss=1.755]
  epoch 3/3:  26%|██▌       | 23/88 [00:06<00:17,  3.74it/s, loss=1.755]
  epoch 3/3:  27%|██▋       | 24/88 [00:06<00:17,  3.69it/s, loss=1.755]
  epoch 3/3:  27%|██▋       | 24/88 [00:06<00:17,  3.69it/s, loss=1.755]
  epoch 3/3:  28%|██▊       | 25/88 [00:06<00:17,  3.70it/s, loss=1.755]
  epoch 3/3:  28%|██▊       | 25/88 [00:07<00:17,  3.70it/s, loss=1.755]
  epoch 3/3:  30%|██▉       | 26/88 [00:07<00:16,  3.70it/s, loss=1.755]
  epoch 3/3:  30%|██▉       | 26/88 [00:07<00:16,  3.70it/s, loss=1.747]
  epoch 3/3:  31%|███       | 27/88 [00:07<00:16,  3.70it/s, loss=1.747]
  epoch 3/3:  31%|███       | 27/88 [00:07<00:16,  3.70it/s, loss=1.741]
  epoch 3/3:  32%|███▏      | 28/88 [00:07<00:16,  3.71it/s, loss=1.741]
  epoch 3/3:  32%|███▏      | 28/88 [00:07<00:16,  3.71it/s, loss=1.735]
  epoch 3/3:  33%|███▎      | 29/88 [00:07<00:15,  3.72it/s, loss=1.735]
  epoch 3/3:  33%|███▎      | 29/88 [00:08<00:15,  3.72it/s, loss=1.734]
  epoch 3/3:  34%|███▍      | 30/88 [00:08<00:15,  3.73it/s, loss=1.734]
  epoch 3/3:  34%|███▍      | 30/88 [00:08<00:15,  3.73it/s, loss=1.726]
  epoch 3/3:  35%|███▌      | 31/88 [00:08<00:15,  3.73it/s, loss=1.726]
  epoch 3/3:  35%|███▌      | 31/88 [00:08<00:15,  3.73it/s, loss=1.723]
  epoch 3/3:  36%|███▋      | 32/88 [00:08<00:15,  3.72it/s, loss=1.723]
  epoch 3/3:  36%|███▋      | 32/88 [00:09<00:15,  3.72it/s, loss=1.722]
  epoch 3/3:  38%|███▊      | 33/88 [00:09<00:14,  3.74it/s, loss=1.722]
  epoch 3/3:  38%|███▊      | 33/88 [00:09<00:14,  3.74it/s, loss=1.716]
  epoch 3/3:  39%|███▊      | 34/88 [00:09<00:14,  3.72it/s, loss=1.716]
  epoch 3/3:  39%|███▊      | 34/88 [00:09<00:14,  3.72it/s, loss=1.718]
  epoch 3/3:  40%|███▉      | 35/88 [00:09<00:14,  3.71it/s, loss=1.718]
  epoch 3/3:  40%|███▉      | 35/88 [00:09<00:14,  3.71it/s, loss=1.719]
  epoch 3/3:  41%|████      | 36/88 [00:09<00:13,  3.72it/s, loss=1.719]
  epoch 3/3:  41%|████      | 36/88 [00:10<00:13,  3.72it/s, loss=1.715]
  epoch 3/3:  42%|████▏     | 37/88 [00:10<00:13,  3.74it/s, loss=1.715]
  epoch 3/3:  42%|████▏     | 37/88 [00:10<00:13,  3.74it/s, loss=1.715]
  epoch 3/3:  43%|████▎     | 38/88 [00:10<00:13,  3.75it/s, loss=1.715]
  epoch 3/3:  43%|████▎     | 38/88 [00:10<00:13,  3.75it/s, loss=1.711]
  epoch 3/3:  44%|████▍     | 39/88 [00:10<00:13,  3.75it/s, loss=1.711]
  epoch 3/3:  44%|████▍     | 39/88 [00:10<00:13,  3.75it/s, loss=1.711]
  epoch 3/3:  45%|████▌     | 40/88 [00:10<00:12,  3.70it/s, loss=1.711]
  epoch 3/3:  45%|████▌     | 40/88 [00:11<00:12,  3.70it/s, loss=1.710]
  epoch 3/3:  47%|████▋     | 41/88 [00:11<00:12,  3.72it/s, loss=1.710]
  epoch 3/3:  47%|████▋     | 41/88 [00:11<00:12,  3.72it/s, loss=1.714]
  epoch 3/3:  48%|████▊     | 42/88 [00:11<00:12,  3.72it/s, loss=1.714]
  epoch 3/3:  48%|████▊     | 42/88 [00:11<00:12,  3.72it/s, loss=1.712]
  epoch 3/3:  49%|████▉     | 43/88 [00:11<00:12,  3.72it/s, loss=1.712]
  epoch 3/3:  49%|████▉     | 43/88 [00:12<00:12,  3.72it/s, loss=1.709]
  epoch 3/3:  50%|█████     | 44/88 [00:12<00:11,  3.71it/s, loss=1.709]
  epoch 3/3:  50%|█████     | 44/88 [00:12<00:11,  3.71it/s, loss=1.710]
  epoch 3/3:  51%|█████     | 45/88 [00:12<00:11,  3.73it/s, loss=1.710]
  epoch 3/3:  51%|█████     | 45/88 [00:12<00:11,  3.73it/s, loss=1.713]
  epoch 3/3:  52%|█████▏    | 46/88 [00:12<00:11,  3.73it/s, loss=1.713]
  epoch 3/3:  52%|█████▏    | 46/88 [00:12<00:11,  3.73it/s, loss=1.714]
  epoch 3/3:  53%|█████▎    | 47/88 [00:12<00:10,  3.74it/s, loss=1.714]
  epoch 3/3:  53%|█████▎    | 47/88 [00:13<00:10,  3.74it/s, loss=1.712]
  epoch 3/3:  55%|█████▍    | 48/88 [00:13<00:10,  3.73it/s, loss=1.712]
  epoch 3/3:  55%|█████▍    | 48/88 [00:13<00:10,  3.73it/s, loss=1.714]
  epoch 3/3:  56%|█████▌    | 49/88 [00:13<00:10,  3.72it/s, loss=1.714]
  epoch 3/3:  56%|█████▌    | 49/88 [00:13<00:10,  3.72it/s, loss=1.711]
  epoch 3/3:  57%|█████▋    | 50/88 [00:13<00:10,  3.74it/s, loss=1.711]
  epoch 3/3:  57%|█████▋    | 50/88 [00:13<00:10,  3.74it/s, loss=1.710]
  epoch 3/3:  58%|█████▊    | 51/88 [00:13<00:09,  3.75it/s, loss=1.710]
  epoch 3/3:  58%|█████▊    | 51/88 [00:14<00:09,  3.75it/s, loss=1.706]
  epoch 3/3:  59%|█████▉    | 52/88 [00:14<00:09,  3.74it/s, loss=1.706]
  epoch 3/3:  59%|█████▉    | 52/88 [00:14<00:09,  3.74it/s, loss=1.703]
  epoch 3/3:  60%|██████    | 53/88 [00:14<00:09,  3.74it/s, loss=1.703]
  epoch 3/3:  60%|██████    | 53/88 [00:14<00:09,  3.74it/s, loss=1.703]
  epoch 3/3:  61%|██████▏   | 54/88 [00:14<00:09,  3.73it/s, loss=1.703]
  epoch 3/3:  61%|██████▏   | 54/88 [00:14<00:09,  3.73it/s, loss=1.701]
  epoch 3/3:  62%|██████▎   | 55/88 [00:14<00:08,  3.73it/s, loss=1.701]
  epoch 3/3:  62%|██████▎   | 55/88 [00:15<00:08,  3.73it/s, loss=1.699]
  epoch 3/3:  64%|██████▎   | 56/88 [00:15<00:08,  3.69it/s, loss=1.699]
  epoch 3/3:  64%|██████▎   | 56/88 [00:15<00:08,  3.69it/s, loss=1.699]
  epoch 3/3:  65%|██████▍   | 57/88 [00:15<00:08,  3.70it/s, loss=1.699]
  epoch 3/3:  65%|██████▍   | 57/88 [00:15<00:08,  3.70it/s, loss=1.699]
  epoch 3/3:  66%|██████▌   | 58/88 [00:15<00:08,  3.73it/s, loss=1.699]
  epoch 3/3:  66%|██████▌   | 58/88 [00:16<00:08,  3.73it/s, loss=1.698]
  epoch 3/3:  67%|██████▋   | 59/88 [00:16<00:07,  3.74it/s, loss=1.698]
  epoch 3/3:  67%|██████▋   | 59/88 [00:16<00:07,  3.74it/s, loss=1.695]
  epoch 3/3:  68%|██████▊   | 60/88 [00:16<00:07,  3.75it/s, loss=1.695]
  epoch 3/3:  68%|██████▊   | 60/88 [00:16<00:07,  3.75it/s, loss=1.694]
  epoch 3/3:  69%|██████▉   | 61/88 [00:16<00:07,  3.76it/s, loss=1.694]
  epoch 3/3:  69%|██████▉   | 61/88 [00:16<00:07,  3.76it/s, loss=1.691]
  epoch 3/3:  70%|███████   | 62/88 [00:16<00:06,  3.76it/s, loss=1.691]
  epoch 3/3:  70%|███████   | 62/88 [00:17<00:06,  3.76it/s, loss=1.692]
  epoch 3/3:  72%|███████▏  | 63/88 [00:17<00:06,  3.75it/s, loss=1.692]
  epoch 3/3:  72%|███████▏  | 63/88 [00:17<00:06,  3.75it/s, loss=1.692]
  epoch 3/3:  73%|███████▎  | 64/88 [00:17<00:06,  3.74it/s, loss=1.692]
  epoch 3/3:  73%|███████▎  | 64/88 [00:17<00:06,  3.74it/s, loss=1.695]
  epoch 3/3:  74%|███████▍  | 65/88 [00:17<00:06,  3.75it/s, loss=1.695]
  epoch 3/3:  74%|███████▍  | 65/88 [00:17<00:06,  3.75it/s, loss=1.693]
  epoch 3/3:  75%|███████▌  | 66/88 [00:17<00:05,  3.75it/s, loss=1.693]
  epoch 3/3:  75%|███████▌  | 66/88 [00:18<00:05,  3.75it/s, loss=1.689]
  epoch 3/3:  76%|███████▌  | 67/88 [00:18<00:05,  3.75it/s, loss=1.689]
  epoch 3/3:  76%|███████▌  | 67/88 [00:18<00:05,  3.75it/s, loss=1.689]
  epoch 3/3:  77%|███████▋  | 68/88 [00:18<00:05,  3.75it/s, loss=1.689]
  epoch 3/3:  77%|███████▋  | 68/88 [00:18<00:05,  3.75it/s, loss=1.688]
  epoch 3/3:  78%|███████▊  | 69/88 [00:18<00:05,  3.75it/s, loss=1.688]
  epoch 3/3:  78%|███████▊  | 69/88 [00:18<00:05,  3.75it/s, loss=1.689]
  epoch 3/3:  80%|███████▉  | 70/88 [00:18<00:04,  3.74it/s, loss=1.689]
  epoch 3/3:  80%|███████▉  | 70/88 [00:19<00:04,  3.74it/s, loss=1.687]
  epoch 3/3:  81%|████████  | 71/88 [00:19<00:04,  3.74it/s, loss=1.687]
  epoch 3/3:  81%|████████  | 71/88 [00:19<00:04,  3.74it/s, loss=1.687]
  epoch 3/3:  82%|████████▏ | 72/88 [00:19<00:04,  3.71it/s, loss=1.687]
  epoch 3/3:  82%|████████▏ | 72/88 [00:19<00:04,  3.71it/s, loss=1.687]
  epoch 3/3:  83%|████████▎ | 73/88 [00:19<00:04,  3.72it/s, loss=1.687]
  epoch 3/3:  83%|████████▎ | 73/88 [00:20<00:04,  3.72it/s, loss=1.688]
  epoch 3/3:  84%|████████▍ | 74/88 [00:20<00:03,  3.72it/s, loss=1.688]
  epoch 3/3:  84%|████████▍ | 74/88 [00:20<00:03,  3.72it/s, loss=1.688]
  epoch 3/3:  85%|████████▌ | 75/88 [00:20<00:03,  3.74it/s, loss=1.688]
  epoch 3/3:  85%|████████▌ | 75/88 [00:20<00:03,  3.74it/s, loss=1.689]
  epoch 3/3:  86%|████████▋ | 76/88 [00:20<00:03,  3.75it/s, loss=1.689]
  epoch 3/3:  86%|████████▋ | 76/88 [00:20<00:03,  3.75it/s, loss=1.688]
  epoch 3/3:  88%|████████▊ | 77/88 [00:20<00:02,  3.75it/s, loss=1.688]
  epoch 3/3:  88%|████████▊ | 77/88 [00:21<00:02,  3.75it/s, loss=1.687]
  epoch 3/3:  89%|████████▊ | 78/88 [00:21<00:02,  3.75it/s, loss=1.687]
  epoch 3/3:  89%|████████▊ | 78/88 [00:21<00:02,  3.75it/s, loss=1.689]
  epoch 3/3:  90%|████████▉ | 79/88 [00:21<00:02,  3.76it/s, loss=1.689]
  epoch 3/3:  90%|████████▉ | 79/88 [00:21<00:02,  3.76it/s, loss=1.690]
  epoch 3/3:  91%|█████████ | 80/88 [00:21<00:02,  3.77it/s, loss=1.690]
  epoch 3/3:  91%|█████████ | 80/88 [00:21<00:02,  3.77it/s, loss=1.693]
  epoch 3/3:  92%|█████████▏| 81/88 [00:21<00:01,  3.75it/s, loss=1.693]
  epoch 3/3:  92%|█████████▏| 81/88 [00:22<00:01,  3.75it/s, loss=1.696]
  epoch 3/3:  93%|█████████▎| 82/88 [00:22<00:01,  3.74it/s, loss=1.696]
  epoch 3/3:  93%|█████████▎| 82/88 [00:22<00:01,  3.74it/s, loss=1.694]
  epoch 3/3:  94%|█████████▍| 83/88 [00:22<00:01,  3.76it/s, loss=1.694]
  epoch 3/3:  94%|█████████▍| 83/88 [00:22<00:01,  3.76it/s, loss=1.696]
  epoch 3/3:  95%|█████████▌| 84/88 [00:22<00:01,  3.75it/s, loss=1.696]
  epoch 3/3:  95%|█████████▌| 84/88 [00:22<00:01,  3.75it/s, loss=1.695]
  epoch 3/3:  97%|█████████▋| 85/88 [00:22<00:00,  3.76it/s, loss=1.695]
  epoch 3/3:  97%|█████████▋| 85/88 [00:23<00:00,  3.76it/s, loss=1.694]
  epoch 3/3:  98%|█████████▊| 86/88 [00:23<00:00,  3.77it/s, loss=1.694]
  epoch 3/3:  98%|█████████▊| 86/88 [00:23<00:00,  3.77it/s, loss=1.695]
  epoch 3/3:  99%|█████████▉| 87/88 [00:23<00:00,  3.77it/s, loss=1.695]
  epoch 3/3:  99%|█████████▉| 87/88 [00:23<00:00,  3.77it/s, loss=1.694]
  epoch 3/3: 100%|██████████| 88/88 [00:23<00:00,  4.07it/s, loss=1.694]
                                                                        
[titans] reset=never | norm(state) sau task = 130.2379
[titans]   self-mod v:β=1.00 |W|=0.05
[titans]   eta_t(avg)=0.4494  alpha_t/forget-gate(avg)=0.5899
[task 5] test acc so far: 0.043  0.054  0.003  0.006  0.017  0.114
[task 5] NCM-head acc so far: 0.694  0.777  0.746  0.651  0.700  0.720
[task 6] classes=[1, 6, 35, 39, 43] | train=2800

  epoch 1/3:   0%|          | 0/88 [00:00<?, ?it/s]
  epoch 1/3:   0%|          | 0/88 [00:00<?, ?it/s, loss=1.752]
  epoch 1/3:   1%|          | 1/88 [00:00<00:40,  2.14it/s, loss=1.752]
  epoch 1/3:   1%|          | 1/88 [00:00<00:40,  2.14it/s, loss=1.803]
  epoch 1/3:   2%|▏         | 2/88 [00:00<00:29,  2.89it/s, loss=1.803]
  epoch 1/3:   2%|▏         | 2/88 [00:00<00:29,  2.89it/s, loss=1.796]
  epoch 1/3:   3%|▎         | 3/88 [00:00<00:26,  3.23it/s, loss=1.796]
  epoch 1/3:   3%|▎         | 3/88 [00:01<00:26,  3.23it/s, loss=1.782]
  epoch 1/3:   5%|▍         | 4/88 [00:01<00:24,  3.44it/s, loss=1.782]
  epoch 1/3:   5%|▍         | 4/88 [00:01<00:24,  3.44it/s, loss=1.782]
  epoch 1/3:   6%|▌         | 5/88 [00:01<00:23,  3.56it/s, loss=1.782]
  epoch 1/3:   6%|▌         | 5/88 [00:01<00:23,  3.56it/s, loss=1.798]
  epoch 1/3:   7%|▋         | 6/88 [00:01<00:22,  3.64it/s, loss=1.798]
  epoch 1/3:   7%|▋         | 6/88 [00:02<00:22,  3.64it/s, loss=1.813]
  epoch 1/3:   8%|▊         | 7/88 [00:02<00:21,  3.68it/s, loss=1.813]
  epoch 1/3:   8%|▊         | 7/88 [00:02<00:21,  3.68it/s, loss=1.821]
  epoch 1/3:   9%|▉         | 8/88 [00:02<00:21,  3.72it/s, loss=1.821]
  epoch 1/3:   9%|▉         | 8/88 [00:02<00:21,  3.72it/s, loss=1.813]
  epoch 1/3:  10%|█         | 9/88 [00:02<00:21,  3.74it/s, loss=1.813]
  epoch 1/3:  10%|█         | 9/88 [00:02<00:21,  3.74it/s, loss=1.820]
  epoch 1/3:  11%|█▏        | 10/88 [00:02<00:20,  3.75it/s, loss=1.820]
  epoch 1/3:  11%|█▏        | 10/88 [00:03<00:20,  3.75it/s, loss=1.817]
  epoch 1/3:  12%|█▎        | 11/88 [00:03<00:20,  3.77it/s, loss=1.817]
  epoch 1/3:  12%|█▎        | 11/88 [00:03<00:20,  3.77it/s, loss=1.823]
  epoch 1/3:  14%|█▎        | 12/88 [00:03<00:20,  3.78it/s, loss=1.823]
  epoch 1/3:  14%|█▎        | 12/88 [00:03<00:20,  3.78it/s, loss=1.825]
  epoch 1/3:  15%|█▍        | 13/88 [00:03<00:19,  3.78it/s, loss=1.825]
  epoch 1/3:  15%|█▍        | 13/88 [00:03<00:19,  3.78it/s, loss=1.825]
  epoch 1/3:  16%|█▌        | 14/88 [00:03<00:19,  3.78it/s, loss=1.825]
  epoch 1/3:  16%|█▌        | 14/88 [00:04<00:19,  3.78it/s, loss=1.835]
  epoch 1/3:  17%|█▋        | 15/88 [00:04<00:19,  3.79it/s, loss=1.835]
  epoch 1/3:  17%|█▋        | 15/88 [00:04<00:19,  3.79it/s, loss=1.833]
  epoch 1/3:  18%|█▊        | 16/88 [00:04<00:19,  3.74it/s, loss=1.833]
  epoch 1/3:  18%|█▊        | 16/88 [00:04<00:19,  3.74it/s, loss=1.841]
  epoch 1/3:  19%|█▉        | 17/88 [00:04<00:18,  3.74it/s, loss=1.841]
  epoch 1/3:  19%|█▉        | 17/88 [00:04<00:18,  3.74it/s, loss=1.841]
  epoch 1/3:  20%|██        | 18/88 [00:04<00:18,  3.75it/s, loss=1.841]
  epoch 1/3:  20%|██        | 18/88 [00:05<00:18,  3.75it/s, loss=1.844]
  epoch 1/3:  22%|██▏       | 19/88 [00:05<00:18,  3.76it/s, loss=1.844]
  epoch 1/3:  22%|██▏       | 19/88 [00:05<00:18,  3.76it/s, loss=1.842]
  epoch 1/3:  23%|██▎       | 20/88 [00:05<00:18,  3.77it/s, loss=1.842]
  epoch 1/3:  23%|██▎       | 20/88 [00:05<00:18,  3.77it/s, loss=1.836]
  epoch 1/3:  24%|██▍       | 21/88 [00:05<00:17,  3.78it/s, loss=1.836]
  epoch 1/3:  24%|██▍       | 21/88 [00:06<00:17,  3.78it/s, loss=1.837]
  epoch 1/3:  25%|██▌       | 22/88 [00:06<00:17,  3.78it/s, loss=1.837]
  epoch 1/3:  25%|██▌       | 22/88 [00:06<00:17,  3.78it/s, loss=1.835]
  epoch 1/3:  26%|██▌       | 23/88 [00:06<00:17,  3.78it/s, loss=1.835]
  epoch 1/3:  26%|██▌       | 23/88 [00:06<00:17,  3.78it/s, loss=1.838]
  epoch 1/3:  27%|██▋       | 24/88 [00:06<00:16,  3.78it/s, loss=1.838]
  epoch 1/3:  27%|██▋       | 24/88 [00:06<00:16,  3.78it/s, loss=1.836]
  epoch 1/3:  28%|██▊       | 25/88 [00:06<00:16,  3.78it/s, loss=1.836]
  epoch 1/3:  28%|██▊       | 25/88 [00:07<00:16,  3.78it/s, loss=1.832]
  epoch 1/3:  30%|██▉       | 26/88 [00:07<00:16,  3.76it/s, loss=1.832]
  epoch 1/3:  30%|██▉       | 26/88 [00:07<00:16,  3.76it/s, loss=1.830]
  epoch 1/3:  31%|███       | 27/88 [00:07<00:16,  3.74it/s, loss=1.830]
  epoch 1/3:  31%|███       | 27/88 [00:07<00:16,  3.74it/s, loss=1.832]
  epoch 1/3:  32%|███▏      | 28/88 [00:07<00:16,  3.74it/s, loss=1.832]
  epoch 1/3:  32%|███▏      | 28/88 [00:07<00:16,  3.74it/s, loss=1.833]
  epoch 1/3:  33%|███▎      | 29/88 [00:07<00:15,  3.75it/s, loss=1.833]
  epoch 1/3:  33%|███▎      | 29/88 [00:08<00:15,  3.75it/s, loss=1.834]
  epoch 1/3:  34%|███▍      | 30/88 [00:08<00:15,  3.76it/s, loss=1.834]
  epoch 1/3:  34%|███▍      | 30/88 [00:08<00:15,  3.76it/s, loss=1.834]
  epoch 1/3:  35%|███▌      | 31/88 [00:08<00:15,  3.77it/s, loss=1.834]
  epoch 1/3:  35%|███▌      | 31/88 [00:08<00:15,  3.77it/s, loss=1.831]
  epoch 1/3:  36%|███▋      | 32/88 [00:08<00:14,  3.73it/s, loss=1.831]
  epoch 1/3:  36%|███▋      | 32/88 [00:08<00:14,  3.73it/s, loss=1.835]
  epoch 1/3:  38%|███▊      | 33/88 [00:08<00:14,  3.76it/s, loss=1.835]
  epoch 1/3:  38%|███▊      | 33/88 [00:09<00:14,  3.76it/s, loss=1.836]
  epoch 1/3:  39%|███▊      | 34/88 [00:09<00:14,  3.75it/s, loss=1.836]
  epoch 1/3:  39%|███▊      | 34/88 [00:09<00:14,  3.75it/s, loss=1.837]
  epoch 1/3:  40%|███▉      | 35/88 [00:09<00:14,  3.76it/s, loss=1.837]
  epoch 1/3:  40%|███▉      | 35/88 [00:09<00:14,  3.76it/s, loss=1.836]
  epoch 1/3:  41%|████      | 36/88 [00:09<00:13,  3.75it/s, loss=1.836]
  epoch 1/3:  41%|████      | 36/88 [00:10<00:13,  3.75it/s, loss=1.835]
  epoch 1/3:  42%|████▏     | 37/88 [00:10<00:13,  3.76it/s, loss=1.835]
  epoch 1/3:  42%|████▏     | 37/88 [00:10<00:13,  3.76it/s, loss=1.837]
  epoch 1/3:  43%|████▎     | 38/88 [00:10<00:13,  3.77it/s, loss=1.837]
  epoch 1/3:  43%|████▎     | 38/88 [00:10<00:13,  3.77it/s, loss=1.839]
  epoch 1/3:  44%|████▍     | 39/88 [00:10<00:12,  3.78it/s, loss=1.839]
  epoch 1/3:  44%|████▍     | 39/88 [00:10<00:12,  3.78it/s, loss=1.839]
  epoch 1/3:  45%|████▌     | 40/88 [00:10<00:12,  3.78it/s, loss=1.839]
  epoch 1/3:  45%|████▌     | 40/88 [00:11<00:12,  3.78it/s, loss=1.836]
  epoch 1/3:  47%|████▋     | 41/88 [00:11<00:12,  3.79it/s, loss=1.836]
  epoch 1/3:  47%|████▋     | 41/88 [00:11<00:12,  3.79it/s, loss=1.835]
  epoch 1/3:  48%|████▊     | 42/88 [00:11<00:12,  3.79it/s, loss=1.835]
  epoch 1/3:  48%|████▊     | 42/88 [00:11<00:12,  3.79it/s, loss=1.833]
  epoch 1/3:  49%|████▉     | 43/88 [00:11<00:11,  3.78it/s, loss=1.833]
  epoch 1/3:  49%|████▉     | 43/88 [00:11<00:11,  3.78it/s, loss=1.832]
  epoch 1/3:  50%|█████     | 44/88 [00:11<00:11,  3.78it/s, loss=1.832]
  epoch 1/3:  50%|█████     | 44/88 [00:12<00:11,  3.78it/s, loss=1.831]
  epoch 1/3:  51%|█████     | 45/88 [00:12<00:11,  3.78it/s, loss=1.831]
  epoch 1/3:  51%|█████     | 45/88 [00:12<00:11,  3.78it/s, loss=1.828]
  epoch 1/3:  52%|█████▏    | 46/88 [00:12<00:11,  3.78it/s, loss=1.828]
  epoch 1/3:  52%|█████▏    | 46/88 [00:12<00:11,  3.78it/s, loss=1.831]
  epoch 1/3:  53%|█████▎    | 47/88 [00:12<00:10,  3.78it/s, loss=1.831]
  epoch 1/3:  53%|█████▎    | 47/88 [00:12<00:10,  3.78it/s, loss=1.831]
  epoch 1/3:  55%|█████▍    | 48/88 [00:12<00:10,  3.73it/s, loss=1.831]
  epoch 1/3:  55%|█████▍    | 48/88 [00:13<00:10,  3.73it/s, loss=1.831]
  epoch 1/3:  56%|█████▌    | 49/88 [00:13<00:10,  3.74it/s, loss=1.831]
  epoch 1/3:  56%|█████▌    | 49/88 [00:13<00:10,  3.74it/s, loss=1.831]
  epoch 1/3:  57%|█████▋    | 50/88 [00:13<00:10,  3.75it/s, loss=1.831]
  epoch 1/3:  57%|█████▋    | 50/88 [00:13<00:10,  3.75it/s, loss=1.833]
  epoch 1/3:  58%|█████▊    | 51/88 [00:13<00:09,  3.77it/s, loss=1.833]
  epoch 1/3:  58%|█████▊    | 51/88 [00:13<00:09,  3.77it/s, loss=1.834]
  epoch 1/3:  59%|█████▉    | 52/88 [00:13<00:09,  3.78it/s, loss=1.834]
  epoch 1/3:  59%|█████▉    | 52/88 [00:14<00:09,  3.78it/s, loss=1.833]
  epoch 1/3:  60%|██████    | 53/88 [00:14<00:09,  3.78it/s, loss=1.833]
  epoch 1/3:  60%|██████    | 53/88 [00:14<00:09,  3.78it/s, loss=1.832]
  epoch 1/3:  61%|██████▏   | 54/88 [00:14<00:08,  3.78it/s, loss=1.832]
  epoch 1/3:  61%|██████▏   | 54/88 [00:14<00:08,  3.78it/s, loss=1.829]
  epoch 1/3:  62%|██████▎   | 55/88 [00:14<00:08,  3.78it/s, loss=1.829]
  epoch 1/3:  62%|██████▎   | 55/88 [00:15<00:08,  3.78it/s, loss=1.828]
  epoch 1/3:  64%|██████▎   | 56/88 [00:15<00:08,  3.79it/s, loss=1.828]
  epoch 1/3:  64%|██████▎   | 56/88 [00:15<00:08,  3.79it/s, loss=1.826]
  epoch 1/3:  65%|██████▍   | 57/88 [00:15<00:08,  3.79it/s, loss=1.826]
  epoch 1/3:  65%|██████▍   | 57/88 [00:15<00:08,  3.79it/s, loss=1.828]
  epoch 1/3:  66%|██████▌   | 58/88 [00:15<00:07,  3.79it/s, loss=1.828]
  epoch 1/3:  66%|██████▌   | 58/88 [00:15<00:07,  3.79it/s, loss=1.829]
  epoch 1/3:  67%|██████▋   | 59/88 [00:15<00:07,  3.79it/s, loss=1.829]
  epoch 1/3:  67%|██████▋   | 59/88 [00:16<00:07,  3.79it/s, loss=1.832]
  epoch 1/3:  68%|██████▊   | 60/88 [00:16<00:07,  3.79it/s, loss=1.832]
  epoch 1/3:  68%|██████▊   | 60/88 [00:16<00:07,  3.79it/s, loss=1.832]
  epoch 1/3:  69%|██████▉   | 61/88 [00:16<00:07,  3.78it/s, loss=1.832]
  epoch 1/3:  69%|██████▉   | 61/88 [00:16<00:07,  3.78it/s, loss=1.831]
  epoch 1/3:  70%|███████   | 62/88 [00:16<00:06,  3.77it/s, loss=1.831]
  epoch 1/3:  70%|███████   | 62/88 [00:16<00:06,  3.77it/s, loss=1.830]
  epoch 1/3:  72%|███████▏  | 63/88 [00:16<00:06,  3.77it/s, loss=1.830]
  epoch 1/3:  72%|███████▏  | 63/88 [00:17<00:06,  3.77it/s, loss=1.830]
  epoch 1/3:  73%|███████▎  | 64/88 [00:17<00:06,  3.72it/s, loss=1.830]
  epoch 1/3:  73%|███████▎  | 64/88 [00:17<00:06,  3.72it/s, loss=1.830]
  epoch 1/3:  74%|███████▍  | 65/88 [00:17<00:06,  3.75it/s, loss=1.830]
  epoch 1/3:  74%|███████▍  | 65/88 [00:17<00:06,  3.75it/s, loss=1.830]
  epoch 1/3:  75%|███████▌  | 66/88 [00:17<00:05,  3.76it/s, loss=1.830]
  epoch 1/3:  75%|███████▌  | 66/88 [00:17<00:05,  3.76it/s, loss=1.831]
  epoch 1/3:  76%|███████▌  | 67/88 [00:17<00:05,  3.77it/s, loss=1.831]
  epoch 1/3:  76%|███████▌  | 67/88 [00:18<00:05,  3.77it/s, loss=1.828]
  epoch 1/3:  77%|███████▋  | 68/88 [00:18<00:05,  3.78it/s, loss=1.828]
  epoch 1/3:  77%|███████▋  | 68/88 [00:18<00:05,  3.78it/s, loss=1.827]
  epoch 1/3:  78%|███████▊  | 69/88 [00:18<00:05,  3.78it/s, loss=1.827]
  epoch 1/3:  78%|███████▊  | 69/88 [00:18<00:05,  3.78it/s, loss=1.826]
  epoch 1/3:  80%|███████▉  | 70/88 [00:18<00:04,  3.78it/s, loss=1.826]
  epoch 1/3:  80%|███████▉  | 70/88 [00:19<00:04,  3.78it/s, loss=1.827]
  epoch 1/3:  81%|████████  | 71/88 [00:19<00:04,  3.78it/s, loss=1.827]
  epoch 1/3:  81%|████████  | 71/88 [00:19<00:04,  3.78it/s, loss=1.826]
  epoch 1/3:  82%|████████▏ | 72/88 [00:19<00:04,  3.79it/s, loss=1.826]
  epoch 1/3:  82%|████████▏ | 72/88 [00:19<00:04,  3.79it/s, loss=1.825]
  epoch 1/3:  83%|████████▎ | 73/88 [00:19<00:03,  3.78it/s, loss=1.825]
  epoch 1/3:  83%|████████▎ | 73/88 [00:19<00:03,  3.78it/s, loss=1.824]
  epoch 1/3:  84%|████████▍ | 74/88 [00:19<00:03,  3.79it/s, loss=1.824]
  epoch 1/3:  84%|████████▍ | 74/88 [00:20<00:03,  3.79it/s, loss=1.824]
  epoch 1/3:  85%|████████▌ | 75/88 [00:20<00:03,  3.79it/s, loss=1.824]
  epoch 1/3:  85%|████████▌ | 75/88 [00:20<00:03,  3.79it/s, loss=1.825]
  epoch 1/3:  86%|████████▋ | 76/88 [00:20<00:03,  3.77it/s, loss=1.825]
  epoch 1/3:  86%|████████▋ | 76/88 [00:20<00:03,  3.77it/s, loss=1.827]
  epoch 1/3:  88%|████████▊ | 77/88 [00:20<00:02,  3.78it/s, loss=1.827]
  epoch 1/3:  88%|████████▊ | 77/88 [00:20<00:02,  3.78it/s, loss=1.826]
  epoch 1/3:  89%|████████▊ | 78/88 [00:20<00:02,  3.76it/s, loss=1.826]
  epoch 1/3:  89%|████████▊ | 78/88 [00:21<00:02,  3.76it/s, loss=1.824]
  epoch 1/3:  90%|████████▉ | 79/88 [00:21<00:02,  3.75it/s, loss=1.824]
  epoch 1/3:  90%|████████▉ | 79/88 [00:21<00:02,  3.75it/s, loss=1.823]
  epoch 1/3:  91%|█████████ | 80/88 [00:21<00:02,  3.71it/s, loss=1.823]
  epoch 1/3:  91%|█████████ | 80/88 [00:21<00:02,  3.71it/s, loss=1.821]
  epoch 1/3:  92%|█████████▏| 81/88 [00:21<00:01,  3.73it/s, loss=1.821]
  epoch 1/3:  92%|█████████▏| 81/88 [00:21<00:01,  3.73it/s, loss=1.819]
  epoch 1/3:  93%|█████████▎| 82/88 [00:21<00:01,  3.73it/s, loss=1.819]
  epoch 1/3:  93%|█████████▎| 82/88 [00:22<00:01,  3.73it/s, loss=1.818]
  epoch 1/3:  94%|█████████▍| 83/88 [00:22<00:01,  3.73it/s, loss=1.818]
  epoch 1/3:  94%|█████████▍| 83/88 [00:22<00:01,  3.73it/s, loss=1.817]
  epoch 1/3:  95%|█████████▌| 84/88 [00:22<00:01,  3.75it/s, loss=1.817]
  epoch 1/3:  95%|█████████▌| 84/88 [00:22<00:01,  3.75it/s, loss=1.816]
  epoch 1/3:  97%|█████████▋| 85/88 [00:22<00:00,  3.76it/s, loss=1.816]
  epoch 1/3:  97%|█████████▋| 85/88 [00:23<00:00,  3.76it/s, loss=1.815]
  epoch 1/3:  98%|█████████▊| 86/88 [00:23<00:00,  3.76it/s, loss=1.815]
  epoch 1/3:  98%|█████████▊| 86/88 [00:23<00:00,  3.76it/s, loss=1.813]
  epoch 1/3:  99%|█████████▉| 87/88 [00:23<00:00,  3.77it/s, loss=1.813]
  epoch 1/3:  99%|█████████▉| 87/88 [00:23<00:00,  3.77it/s, loss=1.815]
  epoch 1/3: 100%|██████████| 88/88 [00:23<00:00,  4.12it/s, loss=1.815]
                                                                        

  epoch 2/3:   0%|          | 0/88 [00:00<?, ?it/s]
  epoch 2/3:   0%|          | 0/88 [00:00<?, ?it/s, loss=1.938]
  epoch 2/3:   1%|          | 1/88 [00:00<00:40,  2.13it/s, loss=1.938]
  epoch 2/3:   1%|          | 1/88 [00:00<00:40,  2.13it/s, loss=1.888]
  epoch 2/3:   2%|▏         | 2/88 [00:00<00:30,  2.87it/s, loss=1.888]
  epoch 2/3:   2%|▏         | 2/88 [00:01<00:30,  2.87it/s, loss=1.865]
  epoch 2/3:   3%|▎         | 3/88 [00:01<00:26,  3.21it/s, loss=1.865]
  epoch 2/3:   3%|▎         | 3/88 [00:01<00:26,  3.21it/s, loss=1.864]
  epoch 2/3:   5%|▍         | 4/88 [00:01<00:24,  3.40it/s, loss=1.864]
  epoch 2/3:   5%|▍         | 4/88 [00:01<00:24,  3.40it/s, loss=1.870]
  epoch 2/3:   6%|▌         | 5/88 [00:01<00:23,  3.51it/s, loss=1.870]
  epoch 2/3:   6%|▌         | 5/88 [00:01<00:23,  3.51it/s, loss=1.855]
  epoch 2/3:   7%|▋         | 6/88 [00:01<00:22,  3.57it/s, loss=1.855]
  epoch 2/3:   7%|▋         | 6/88 [00:02<00:22,  3.57it/s, loss=1.864]
  epoch 2/3:   8%|▊         | 7/88 [00:02<00:22,  3.63it/s, loss=1.864]
  epoch 2/3:   8%|▊         | 7/88 [00:02<00:22,  3.63it/s, loss=1.852]
  epoch 2/3:   9%|▉         | 8/88 [00:02<00:22,  3.63it/s, loss=1.852]
  epoch 2/3:   9%|▉         | 8/88 [00:02<00:22,  3.63it/s, loss=1.854]
  epoch 2/3:  10%|█         | 9/88 [00:02<00:21,  3.66it/s, loss=1.854]
  epoch 2/3:  10%|█         | 9/88 [00:02<00:21,  3.66it/s, loss=1.839]
  epoch 2/3:  11%|█▏        | 10/88 [00:02<00:21,  3.70it/s, loss=1.839]
  epoch 2/3:  11%|█▏        | 10/88 [00:03<00:21,  3.70it/s, loss=1.839]
  epoch 2/3:  12%|█▎        | 11/88 [00:03<00:20,  3.73it/s, loss=1.839]
  epoch 2/3:  12%|█▎        | 11/88 [00:03<00:20,  3.73it/s, loss=1.829]
  epoch 2/3:  14%|█▎        | 12/88 [00:03<00:20,  3.74it/s, loss=1.829]
  epoch 2/3:  14%|█▎        | 12/88 [00:03<00:20,  3.74it/s, loss=1.821]
  epoch 2/3:  15%|█▍        | 13/88 [00:03<00:20,  3.74it/s, loss=1.821]
  epoch 2/3:  15%|█▍        | 13/88 [00:03<00:20,  3.74it/s, loss=1.822]
  epoch 2/3:  16%|█▌        | 14/88 [00:03<00:19,  3.76it/s, loss=1.822]
  epoch 2/3:  16%|█▌        | 14/88 [00:04<00:19,  3.76it/s, loss=1.810]
  epoch 2/3:  17%|█▋        | 15/88 [00:04<00:19,  3.76it/s, loss=1.810]
  epoch 2/3:  17%|█▋        | 15/88 [00:04<00:19,  3.76it/s, loss=1.816]
  epoch 2/3:  18%|█▊        | 16/88 [00:04<00:19,  3.76it/s, loss=1.816]
  epoch 2/3:  18%|█▊        | 16/88 [00:04<00:19,  3.76it/s, loss=1.814]
  epoch 2/3:  19%|█▉        | 17/88 [00:04<00:18,  3.77it/s, loss=1.814]
  epoch 2/3:  19%|█▉        | 17/88 [00:05<00:18,  3.77it/s, loss=1.811]
  epoch 2/3:  20%|██        | 18/88 [00:05<00:18,  3.76it/s, loss=1.811]
  epoch 2/3:  20%|██        | 18/88 [00:05<00:18,  3.76it/s, loss=1.804]
  epoch 2/3:  22%|██▏       | 19/88 [00:05<00:18,  3.76it/s, loss=1.804]
  epoch 2/3:  22%|██▏       | 19/88 [00:05<00:18,  3.76it/s, loss=1.799]
  epoch 2/3:  23%|██▎       | 20/88 [00:05<00:18,  3.76it/s, loss=1.799]
  epoch 2/3:  23%|██▎       | 20/88 [00:05<00:18,  3.76it/s, loss=1.793]
  epoch 2/3:  24%|██▍       | 21/88 [00:05<00:17,  3.77it/s, loss=1.793]
  epoch 2/3:  24%|██▍       | 21/88 [00:06<00:17,  3.77it/s, loss=1.787]
  epoch 2/3:  25%|██▌       | 22/88 [00:06<00:17,  3.78it/s, loss=1.787]
  epoch 2/3:  25%|██▌       | 22/88 [00:06<00:17,  3.78it/s, loss=1.788]
  epoch 2/3:  26%|██▌       | 23/88 [00:06<00:17,  3.78it/s, loss=1.788]
  epoch 2/3:  26%|██▌       | 23/88 [00:06<00:17,  3.78it/s, loss=1.782]
  epoch 2/3:  27%|██▋       | 24/88 [00:06<00:17,  3.74it/s, loss=1.782]
  epoch 2/3:  27%|██▋       | 24/88 [00:06<00:17,  3.74it/s, loss=1.783]
  epoch 2/3:  28%|██▊       | 25/88 [00:06<00:16,  3.74it/s, loss=1.783]
  epoch 2/3:  28%|██▊       | 25/88 [00:07<00:16,  3.74it/s, loss=1.788]
  epoch 2/3:  30%|██▉       | 26/88 [00:07<00:16,  3.73it/s, loss=1.788]
  epoch 2/3:  30%|██▉       | 26/88 [00:07<00:16,  3.73it/s, loss=1.789]
  epoch 2/3:  31%|███       | 27/88 [00:07<00:16,  3.75it/s, loss=1.789]
  epoch 2/3:  31%|███       | 27/88 [00:07<00:16,  3.75it/s, loss=1.787]
  epoch 2/3:  32%|███▏      | 28/88 [00:07<00:15,  3.76it/s, loss=1.787]
  epoch 2/3:  32%|███▏      | 28/88 [00:07<00:15,  3.76it/s, loss=1.788]
  epoch 2/3:  33%|███▎      | 29/88 [00:07<00:15,  3.77it/s, loss=1.788]
  epoch 2/3:  33%|███▎      | 29/88 [00:08<00:15,  3.77it/s, loss=1.787]
  epoch 2/3:  34%|███▍      | 30/88 [00:08<00:15,  3.78it/s, loss=1.787]
  epoch 2/3:  34%|███▍      | 30/88 [00:08<00:15,  3.78it/s, loss=1.790]
  epoch 2/3:  35%|███▌      | 31/88 [00:08<00:15,  3.78it/s, loss=1.790]
  epoch 2/3:  35%|███▌      | 31/88 [00:08<00:15,  3.78it/s, loss=1.791]
  epoch 2/3:  36%|███▋      | 32/88 [00:08<00:14,  3.79it/s, loss=1.791]
  epoch 2/3:  36%|███▋      | 32/88 [00:08<00:14,  3.79it/s, loss=1.793]
  epoch 2/3:  38%|███▊      | 33/88 [00:08<00:14,  3.79it/s, loss=1.793]
  epoch 2/3:  38%|███▊      | 33/88 [00:09<00:14,  3.79it/s, loss=1.795]
  epoch 2/3:  39%|███▊      | 34/88 [00:09<00:14,  3.79it/s, loss=1.795]
  epoch 2/3:  39%|███▊      | 34/88 [00:09<00:14,  3.79it/s, loss=1.797]
  epoch 2/3:  40%|███▉      | 35/88 [00:09<00:13,  3.79it/s, loss=1.797]
  epoch 2/3:  40%|███▉      | 35/88 [00:09<00:13,  3.79it/s, loss=1.790]
  epoch 2/3:  41%|████      | 36/88 [00:09<00:13,  3.79it/s, loss=1.790]
  epoch 2/3:  41%|████      | 36/88 [00:10<00:13,  3.79it/s, loss=1.787]
  epoch 2/3:  42%|████▏     | 37/88 [00:10<00:13,  3.78it/s, loss=1.787]
  epoch 2/3:  42%|████▏     | 37/88 [00:10<00:13,  3.78it/s, loss=1.786]
  epoch 2/3:  43%|████▎     | 38/88 [00:10<00:13,  3.78it/s, loss=1.786]
  epoch 2/3:  43%|████▎     | 38/88 [00:10<00:13,  3.78it/s, loss=1.789]
  epoch 2/3:  44%|████▍     | 39/88 [00:10<00:12,  3.77it/s, loss=1.789]
  epoch 2/3:  44%|████▍     | 39/88 [00:10<00:12,  3.77it/s, loss=1.787]
  epoch 2/3:  45%|████▌     | 40/88 [00:10<00:12,  3.72it/s, loss=1.787]
  epoch 2/3:  45%|████▌     | 40/88 [00:11<00:12,  3.72it/s, loss=1.789]
  epoch 2/3:  47%|████▋     | 41/88 [00:11<00:12,  3.75it/s, loss=1.789]
  epoch 2/3:  47%|████▋     | 41/88 [00:11<00:12,  3.75it/s, loss=1.786]
  epoch 2/3:  48%|████▊     | 42/88 [00:11<00:12,  3.75it/s, loss=1.786]
  epoch 2/3:  48%|████▊     | 42/88 [00:11<00:12,  3.75it/s, loss=1.786]
  epoch 2/3:  49%|████▉     | 43/88 [00:11<00:11,  3.77it/s, loss=1.786]
  epoch 2/3:  49%|████▉     | 43/88 [00:11<00:11,  3.77it/s, loss=1.786]
  epoch 2/3:  50%|█████     | 44/88 [00:11<00:11,  3.77it/s, loss=1.786]
  epoch 2/3:  50%|█████     | 44/88 [00:12<00:11,  3.77it/s, loss=1.789]
  epoch 2/3:  51%|█████     | 45/88 [00:12<00:11,  3.78it/s, loss=1.789]
  epoch 2/3:  51%|█████     | 45/88 [00:12<00:11,  3.78it/s, loss=1.792]
  epoch 2/3:  52%|█████▏    | 46/88 [00:12<00:11,  3.79it/s, loss=1.792]
  epoch 2/3:  52%|█████▏    | 46/88 [00:12<00:11,  3.79it/s, loss=1.791]
  epoch 2/3:  53%|█████▎    | 47/88 [00:12<00:10,  3.78it/s, loss=1.791]
  epoch 2/3:  53%|█████▎    | 47/88 [00:12<00:10,  3.78it/s, loss=1.790]
  epoch 2/3:  55%|█████▍    | 48/88 [00:12<00:10,  3.77it/s, loss=1.790]
  epoch 2/3:  55%|█████▍    | 48/88 [00:13<00:10,  3.77it/s, loss=1.790]
  epoch 2/3:  56%|█████▌    | 49/88 [00:13<00:10,  3.77it/s, loss=1.790]
  epoch 2/3:  56%|█████▌    | 49/88 [00:13<00:10,  3.77it/s, loss=1.791]
  epoch 2/3:  57%|█████▋    | 50/88 [00:13<00:10,  3.76it/s, loss=1.791]
  epoch 2/3:  57%|█████▋    | 50/88 [00:13<00:10,  3.76it/s, loss=1.790]
  epoch 2/3:  58%|█████▊    | 51/88 [00:13<00:09,  3.75it/s, loss=1.790]
  epoch 2/3:  58%|█████▊    | 51/88 [00:14<00:09,  3.75it/s, loss=1.792]
  epoch 2/3:  59%|█████▉    | 52/88 [00:14<00:09,  3.77it/s, loss=1.792]
  epoch 2/3:  59%|█████▉    | 52/88 [00:14<00:09,  3.77it/s, loss=1.796]
  epoch 2/3:  60%|██████    | 53/88 [00:14<00:09,  3.78it/s, loss=1.796]
  epoch 2/3:  60%|██████    | 53/88 [00:14<00:09,  3.78it/s, loss=1.792]
  epoch 2/3:  61%|██████▏   | 54/88 [00:14<00:08,  3.78it/s, loss=1.792]
  epoch 2/3:  61%|██████▏   | 54/88 [00:14<00:08,  3.78it/s, loss=1.788]
  epoch 2/3:  62%|██████▎   | 55/88 [00:14<00:08,  3.79it/s, loss=1.788]
  epoch 2/3:  62%|██████▎   | 55/88 [00:15<00:08,  3.79it/s, loss=1.786]
  epoch 2/3:  64%|██████▎   | 56/88 [00:15<00:08,  3.74it/s, loss=1.786]
  epoch 2/3:  64%|██████▎   | 56/88 [00:15<00:08,  3.74it/s, loss=1.787]
  epoch 2/3:  65%|██████▍   | 57/88 [00:15<00:08,  3.75it/s, loss=1.787]
  epoch 2/3:  65%|██████▍   | 57/88 [00:15<00:08,  3.75it/s, loss=1.788]
  epoch 2/3:  66%|██████▌   | 58/88 [00:15<00:07,  3.75it/s, loss=1.788]
  epoch 2/3:  66%|██████▌   | 58/88 [00:15<00:07,  3.75it/s, loss=1.788]
  epoch 2/3:  67%|██████▋   | 59/88 [00:15<00:07,  3.75it/s, loss=1.788]
  epoch 2/3:  67%|██████▋   | 59/88 [00:16<00:07,  3.75it/s, loss=1.789]
  epoch 2/3:  68%|██████▊   | 60/88 [00:16<00:07,  3.76it/s, loss=1.789]
  epoch 2/3:  68%|██████▊   | 60/88 [00:16<00:07,  3.76it/s, loss=1.790]
  epoch 2/3:  69%|██████▉   | 61/88 [00:16<00:07,  3.77it/s, loss=1.790]
  epoch 2/3:  69%|██████▉   | 61/88 [00:16<00:07,  3.77it/s, loss=1.789]
  epoch 2/3:  70%|███████   | 62/88 [00:16<00:06,  3.77it/s, loss=1.789]
  epoch 2/3:  70%|███████   | 62/88 [00:16<00:06,  3.77it/s, loss=1.788]
  epoch 2/3:  72%|███████▏  | 63/88 [00:16<00:06,  3.77it/s, loss=1.788]
  epoch 2/3:  72%|███████▏  | 63/88 [00:17<00:06,  3.77it/s, loss=1.789]
  epoch 2/3:  73%|███████▎  | 64/88 [00:17<00:06,  3.77it/s, loss=1.789]
  epoch 2/3:  73%|███████▎  | 64/88 [00:17<00:06,  3.77it/s, loss=1.792]
  epoch 2/3:  74%|███████▍  | 65/88 [00:17<00:06,  3.77it/s, loss=1.792]
  epoch 2/3:  74%|███████▍  | 65/88 [00:17<00:06,  3.77it/s, loss=1.794]
  epoch 2/3:  75%|███████▌  | 66/88 [00:17<00:05,  3.77it/s, loss=1.794]
  epoch 2/3:  75%|███████▌  | 66/88 [00:18<00:05,  3.77it/s, loss=1.794]
  epoch 2/3:  76%|███████▌  | 67/88 [00:18<00:05,  3.76it/s, loss=1.794]
  epoch 2/3:  76%|███████▌  | 67/88 [00:18<00:05,  3.76it/s, loss=1.794]
  epoch 2/3:  77%|███████▋  | 68/88 [00:18<00:05,  3.75it/s, loss=1.794]
  epoch 2/3:  77%|███████▋  | 68/88 [00:18<00:05,  3.75it/s, loss=1.791]
  epoch 2/3:  78%|███████▊  | 69/88 [00:18<00:05,  3.76it/s, loss=1.791]
  epoch 2/3:  78%|███████▊  | 69/88 [00:18<00:05,  3.76it/s, loss=1.792]
  epoch 2/3:  80%|███████▉  | 70/88 [00:18<00:04,  3.77it/s, loss=1.792]
  epoch 2/3:  80%|███████▉  | 70/88 [00:19<00:04,  3.77it/s, loss=1.791]
  epoch 2/3:  81%|████████  | 71/88 [00:19<00:04,  3.78it/s, loss=1.791]
  epoch 2/3:  81%|████████  | 71/88 [00:19<00:04,  3.78it/s, loss=1.791]
  epoch 2/3:  82%|████████▏ | 72/88 [00:19<00:04,  3.74it/s, loss=1.791]
  epoch 2/3:  82%|████████▏ | 72/88 [00:19<00:04,  3.74it/s, loss=1.792]
  epoch 2/3:  83%|████████▎ | 73/88 [00:19<00:04,  3.75it/s, loss=1.792]
  epoch 2/3:  83%|████████▎ | 73/88 [00:19<00:04,  3.75it/s, loss=1.792]
  epoch 2/3:  84%|████████▍ | 74/88 [00:19<00:03,  3.74it/s, loss=1.792]
  epoch 2/3:  84%|████████▍ | 74/88 [00:20<00:03,  3.74it/s, loss=1.794]
  epoch 2/3:  85%|████████▌ | 75/88 [00:20<00:03,  3.75it/s, loss=1.794]
  epoch 2/3:  85%|████████▌ | 75/88 [00:20<00:03,  3.75it/s, loss=1.793]
  epoch 2/3:  86%|████████▋ | 76/88 [00:20<00:03,  3.76it/s, loss=1.793]
  epoch 2/3:  86%|████████▋ | 76/88 [00:20<00:03,  3.76it/s, loss=1.793]
  epoch 2/3:  88%|████████▊ | 77/88 [00:20<00:02,  3.78it/s, loss=1.793]
  epoch 2/3:  88%|████████▊ | 77/88 [00:20<00:02,  3.78it/s, loss=1.791]
  epoch 2/3:  89%|████████▊ | 78/88 [00:20<00:02,  3.77it/s, loss=1.791]
  epoch 2/3:  89%|████████▊ | 78/88 [00:21<00:02,  3.77it/s, loss=1.790]
  epoch 2/3:  90%|████████▉ | 79/88 [00:21<00:02,  3.78it/s, loss=1.790]
  epoch 2/3:  90%|████████▉ | 79/88 [00:21<00:02,  3.78it/s, loss=1.792]
  epoch 2/3:  91%|█████████ | 80/88 [00:21<00:02,  3.76it/s, loss=1.792]
  epoch 2/3:  91%|█████████ | 80/88 [00:21<00:02,  3.76it/s, loss=1.790]
  epoch 2/3:  92%|█████████▏| 81/88 [00:21<00:01,  3.76it/s, loss=1.790]
  epoch 2/3:  92%|█████████▏| 81/88 [00:21<00:01,  3.76it/s, loss=1.789]
  epoch 2/3:  93%|█████████▎| 82/88 [00:21<00:01,  3.76it/s, loss=1.789]
  epoch 2/3:  93%|█████████▎| 82/88 [00:22<00:01,  3.76it/s, loss=1.788]
  epoch 2/3:  94%|█████████▍| 83/88 [00:22<00:01,  3.75it/s, loss=1.788]
  epoch 2/3:  94%|█████████▍| 83/88 [00:22<00:01,  3.75it/s, loss=1.789]
  epoch 2/3:  95%|█████████▌| 84/88 [00:22<00:01,  3.76it/s, loss=1.789]
  epoch 2/3:  95%|█████████▌| 84/88 [00:22<00:01,  3.76it/s, loss=1.792]
  epoch 2/3:  97%|█████████▋| 85/88 [00:22<00:00,  3.77it/s, loss=1.792]
  epoch 2/3:  97%|█████████▋| 85/88 [00:23<00:00,  3.77it/s, loss=1.795]
  epoch 2/3:  98%|█████████▊| 86/88 [00:23<00:00,  3.78it/s, loss=1.795]
  epoch 2/3:  98%|█████████▊| 86/88 [00:23<00:00,  3.78it/s, loss=1.794]
  epoch 2/3:  99%|█████████▉| 87/88 [00:23<00:00,  3.79it/s, loss=1.794]
  epoch 2/3:  99%|█████████▉| 87/88 [00:23<00:00,  3.79it/s, loss=1.794]
  epoch 2/3: 100%|██████████| 88/88 [00:23<00:00,  4.08it/s, loss=1.794]
                                                                        

  epoch 3/3:   0%|          | 0/88 [00:00<?, ?it/s]
  epoch 3/3:   0%|          | 0/88 [00:00<?, ?it/s, loss=1.622]
  epoch 3/3:   1%|          | 1/88 [00:00<00:40,  2.13it/s, loss=1.622]
  epoch 3/3:   1%|          | 1/88 [00:00<00:40,  2.13it/s, loss=1.707]
  epoch 3/3:   2%|▏         | 2/88 [00:00<00:29,  2.88it/s, loss=1.707]
  epoch 3/3:   2%|▏         | 2/88 [00:00<00:29,  2.88it/s, loss=1.741]
  epoch 3/3:   3%|▎         | 3/88 [00:00<00:26,  3.22it/s, loss=1.741]
  epoch 3/3:   3%|▎         | 3/88 [00:01<00:26,  3.22it/s, loss=1.751]
  epoch 3/3:   5%|▍         | 4/88 [00:01<00:24,  3.40it/s, loss=1.751]
  epoch 3/3:   5%|▍         | 4/88 [00:01<00:24,  3.40it/s, loss=1.742]
  epoch 3/3:   6%|▌         | 5/88 [00:01<00:23,  3.51it/s, loss=1.742]
  epoch 3/3:   6%|▌         | 5/88 [00:01<00:23,  3.51it/s, loss=1.754]
  epoch 3/3:   7%|▋         | 6/88 [00:01<00:22,  3.59it/s, loss=1.754]
  epoch 3/3:   7%|▋         | 6/88 [00:02<00:22,  3.59it/s, loss=1.744]
  epoch 3/3:   8%|▊         | 7/88 [00:02<00:22,  3.66it/s, loss=1.744]
  epoch 3/3:   8%|▊         | 7/88 [00:02<00:22,  3.66it/s, loss=1.743]
  epoch 3/3:   9%|▉         | 8/88 [00:02<00:21,  3.70it/s, loss=1.743]
  epoch 3/3:   9%|▉         | 8/88 [00:02<00:21,  3.70it/s, loss=1.750]
  epoch 3/3:  10%|█         | 9/88 [00:02<00:21,  3.72it/s, loss=1.750]
  epoch 3/3:  10%|█         | 9/88 [00:02<00:21,  3.72it/s, loss=1.761]
  epoch 3/3:  11%|█▏        | 10/88 [00:02<00:20,  3.74it/s, loss=1.761]
  epoch 3/3:  11%|█▏        | 10/88 [00:03<00:20,  3.74it/s, loss=1.762]
  epoch 3/3:  12%|█▎        | 11/88 [00:03<00:20,  3.76it/s, loss=1.762]
  epoch 3/3:  12%|█▎        | 11/88 [00:03<00:20,  3.76it/s, loss=1.769]
  epoch 3/3:  14%|█▎        | 12/88 [00:03<00:20,  3.76it/s, loss=1.769]
  epoch 3/3:  14%|█▎        | 12/88 [00:03<00:20,  3.76it/s, loss=1.772]
  epoch 3/3:  15%|█▍        | 13/88 [00:03<00:19,  3.76it/s, loss=1.772]
  epoch 3/3:  15%|█▍        | 13/88 [00:03<00:19,  3.76it/s, loss=1.765]
  epoch 3/3:  16%|█▌        | 14/88 [00:03<00:19,  3.75it/s, loss=1.765]
  epoch 3/3:  16%|█▌        | 14/88 [00:04<00:19,  3.75it/s, loss=1.757]
  epoch 3/3:  17%|█▋        | 15/88 [00:04<00:19,  3.74it/s, loss=1.757]
  epoch 3/3:  17%|█▋        | 15/88 [00:04<00:19,  3.74it/s, loss=1.765]
  epoch 3/3:  18%|█▊        | 16/88 [00:04<00:19,  3.70it/s, loss=1.765]
  epoch 3/3:  18%|█▊        | 16/88 [00:04<00:19,  3.70it/s, loss=1.773]
  epoch 3/3:  19%|█▉        | 17/88 [00:04<00:19,  3.72it/s, loss=1.773]
  epoch 3/3:  19%|█▉        | 17/88 [00:05<00:19,  3.72it/s, loss=1.774]
  epoch 3/3:  20%|██        | 18/88 [00:05<00:18,  3.72it/s, loss=1.774]
  epoch 3/3:  20%|██        | 18/88 [00:05<00:18,  3.72it/s, loss=1.770]
  epoch 3/3:  22%|██▏       | 19/88 [00:05<00:18,  3.74it/s, loss=1.770]
  epoch 3/3:  22%|██▏       | 19/88 [00:05<00:18,  3.74it/s, loss=1.775]
  epoch 3/3:  23%|██▎       | 20/88 [00:05<00:18,  3.76it/s, loss=1.775]
  epoch 3/3:  23%|██▎       | 20/88 [00:05<00:18,  3.76it/s, loss=1.772]
  epoch 3/3:  24%|██▍       | 21/88 [00:05<00:17,  3.77it/s, loss=1.772]
  epoch 3/3:  24%|██▍       | 21/88 [00:06<00:17,  3.77it/s, loss=1.772]
  epoch 3/3:  25%|██▌       | 22/88 [00:06<00:17,  3.78it/s, loss=1.772]
  epoch 3/3:  25%|██▌       | 22/88 [00:06<00:17,  3.78it/s, loss=1.779]
  epoch 3/3:  26%|██▌       | 23/88 [00:06<00:17,  3.79it/s, loss=1.779]
  epoch 3/3:  26%|██▌       | 23/88 [00:06<00:17,  3.79it/s, loss=1.781]
  epoch 3/3:  27%|██▋       | 24/88 [00:06<00:16,  3.78it/s, loss=1.781]
  epoch 3/3:  27%|██▋       | 24/88 [00:06<00:16,  3.78it/s, loss=1.778]
  epoch 3/3:  28%|██▊       | 25/88 [00:06<00:16,  3.78it/s, loss=1.778]
  epoch 3/3:  28%|██▊       | 25/88 [00:07<00:16,  3.78it/s, loss=1.772]
  epoch 3/3:  30%|██▉       | 26/88 [00:07<00:16,  3.78it/s, loss=1.772]
  epoch 3/3:  30%|██▉       | 26/88 [00:07<00:16,  3.78it/s, loss=1.774]
  epoch 3/3:  31%|███       | 27/88 [00:07<00:16,  3.77it/s, loss=1.774]
  epoch 3/3:  31%|███       | 27/88 [00:07<00:16,  3.77it/s, loss=1.776]
  epoch 3/3:  32%|███▏      | 28/88 [00:07<00:15,  3.76it/s, loss=1.776]
  epoch 3/3:  32%|███▏      | 28/88 [00:07<00:15,  3.76it/s, loss=1.768]
  epoch 3/3:  33%|███▎      | 29/88 [00:07<00:15,  3.75it/s, loss=1.768]
  epoch 3/3:  33%|███▎      | 29/88 [00:08<00:15,  3.75it/s, loss=1.771]
  epoch 3/3:  34%|███▍      | 30/88 [00:08<00:15,  3.75it/s, loss=1.771]
  epoch 3/3:  34%|███▍      | 30/88 [00:08<00:15,  3.75it/s, loss=1.770]
  epoch 3/3:  35%|███▌      | 31/88 [00:08<00:15,  3.75it/s, loss=1.770]
  epoch 3/3:  35%|███▌      | 31/88 [00:08<00:15,  3.75it/s, loss=1.770]
  epoch 3/3:  36%|███▋      | 32/88 [00:08<00:15,  3.71it/s, loss=1.770]
  epoch 3/3:  36%|███▋      | 32/88 [00:08<00:15,  3.71it/s, loss=1.770]
  epoch 3/3:  38%|███▊      | 33/88 [00:08<00:14,  3.72it/s, loss=1.770]
  epoch 3/3:  38%|███▊      | 33/88 [00:09<00:14,  3.72it/s, loss=1.772]
  epoch 3/3:  39%|███▊      | 34/88 [00:09<00:14,  3.73it/s, loss=1.772]
  epoch 3/3:  39%|███▊      | 34/88 [00:09<00:14,  3.73it/s, loss=1.769]
  epoch 3/3:  40%|███▉      | 35/88 [00:09<00:14,  3.73it/s, loss=1.769]
  epoch 3/3:  40%|███▉      | 35/88 [00:09<00:14,  3.73it/s, loss=1.766]
  epoch 3/3:  41%|████      | 36/88 [00:09<00:13,  3.73it/s, loss=1.766]
  epoch 3/3:  41%|████      | 36/88 [00:10<00:13,  3.73it/s, loss=1.767]
  epoch 3/3:  42%|████▏     | 37/88 [00:10<00:13,  3.72it/s, loss=1.767]
  epoch 3/3:  42%|████▏     | 37/88 [00:10<00:13,  3.72it/s, loss=1.767]
  epoch 3/3:  43%|████▎     | 38/88 [00:10<00:13,  3.74it/s, loss=1.767]
  epoch 3/3:  43%|████▎     | 38/88 [00:10<00:13,  3.74it/s, loss=1.766]
  epoch 3/3:  44%|████▍     | 39/88 [00:10<00:13,  3.76it/s, loss=1.766]
  epoch 3/3:  44%|████▍     | 39/88 [00:10<00:13,  3.76it/s, loss=1.764]
  epoch 3/3:  45%|████▌     | 40/88 [00:10<00:12,  3.77it/s, loss=1.764]
  epoch 3/3:  45%|████▌     | 40/88 [00:11<00:12,  3.77it/s, loss=1.765]
  epoch 3/3:  47%|████▋     | 41/88 [00:11<00:12,  3.78it/s, loss=1.765]
  epoch 3/3:  47%|████▋     | 41/88 [00:11<00:12,  3.78it/s, loss=1.764]
  epoch 3/3:  48%|████▊     | 42/88 [00:11<00:12,  3.78it/s, loss=1.764]
  epoch 3/3:  48%|████▊     | 42/88 [00:11<00:12,  3.78it/s, loss=1.760]
  epoch 3/3:  49%|████▉     | 43/88 [00:11<00:11,  3.77it/s, loss=1.760]
  epoch 3/3:  49%|████▉     | 43/88 [00:11<00:11,  3.77it/s, loss=1.761]
  epoch 3/3:  50%|█████     | 44/88 [00:11<00:11,  3.77it/s, loss=1.761]
  epoch 3/3:  50%|█████     | 44/88 [00:12<00:11,  3.77it/s, loss=1.760]
  epoch 3/3:  51%|█████     | 45/88 [00:12<00:11,  3.77it/s, loss=1.760]
  epoch 3/3:  51%|█████     | 45/88 [00:12<00:11,  3.77it/s, loss=1.760]
  epoch 3/3:  52%|█████▏    | 46/88 [00:12<00:11,  3.76it/s, loss=1.760]
  epoch 3/3:  52%|█████▏    | 46/88 [00:12<00:11,  3.76it/s, loss=1.758]
  epoch 3/3:  53%|█████▎    | 47/88 [00:12<00:10,  3.75it/s, loss=1.758]
  epoch 3/3:  53%|█████▎    | 47/88 [00:12<00:10,  3.75it/s, loss=1.759]
  epoch 3/3:  55%|█████▍    | 48/88 [00:12<00:10,  3.70it/s, loss=1.759]
  epoch 3/3:  55%|█████▍    | 48/88 [00:13<00:10,  3.70it/s, loss=1.756]
  epoch 3/3:  56%|█████▌    | 49/88 [00:13<00:10,  3.73it/s, loss=1.756]
  epoch 3/3:  56%|█████▌    | 49/88 [00:13<00:10,  3.73it/s, loss=1.758]
  epoch 3/3:  57%|█████▋    | 50/88 [00:13<00:10,  3.74it/s, loss=1.758]
  epoch 3/3:  57%|█████▋    | 50/88 [00:13<00:10,  3.74it/s, loss=1.761]
  epoch 3/3:  58%|█████▊    | 51/88 [00:13<00:09,  3.73it/s, loss=1.761]
  epoch 3/3:  58%|█████▊    | 51/88 [00:14<00:09,  3.73it/s, loss=1.762]
  epoch 3/3:  59%|█████▉    | 52/88 [00:14<00:09,  3.74it/s, loss=1.762]
  epoch 3/3:  59%|█████▉    | 52/88 [00:14<00:09,  3.74it/s, loss=1.763]
  epoch 3/3:  60%|██████    | 53/88 [00:14<00:09,  3.77it/s, loss=1.763]
  epoch 3/3:  60%|██████    | 53/88 [00:14<00:09,  3.77it/s, loss=1.764]
  epoch 3/3:  61%|██████▏   | 54/88 [00:14<00:09,  3.77it/s, loss=1.764]
  epoch 3/3:  61%|██████▏   | 54/88 [00:14<00:09,  3.77it/s, loss=1.767]
  epoch 3/3:  62%|██████▎   | 55/88 [00:14<00:08,  3.76it/s, loss=1.767]
  epoch 3/3:  62%|██████▎   | 55/88 [00:15<00:08,  3.76it/s, loss=1.767]
  epoch 3/3:  64%|██████▎   | 56/88 [00:15<00:08,  3.76it/s, loss=1.767]
  epoch 3/3:  64%|██████▎   | 56/88 [00:15<00:08,  3.76it/s, loss=1.766]
  epoch 3/3:  65%|██████▍   | 57/88 [00:15<00:08,  3.76it/s, loss=1.766]
  epoch 3/3:  65%|██████▍   | 57/88 [00:15<00:08,  3.76it/s, loss=1.767]
  epoch 3/3:  66%|██████▌   | 58/88 [00:15<00:07,  3.76it/s, loss=1.767]
  epoch 3/3:  66%|██████▌   | 58/88 [00:15<00:07,  3.76it/s, loss=1.771]
  epoch 3/3:  67%|██████▋   | 59/88 [00:15<00:07,  3.74it/s, loss=1.771]
  epoch 3/3:  67%|██████▋   | 59/88 [00:16<00:07,  3.74it/s, loss=1.771]
  epoch 3/3:  68%|██████▊   | 60/88 [00:16<00:07,  3.75it/s, loss=1.771]
  epoch 3/3:  68%|██████▊   | 60/88 [00:16<00:07,  3.75it/s, loss=1.771]
  epoch 3/3:  69%|██████▉   | 61/88 [00:16<00:07,  3.76it/s, loss=1.771]
  epoch 3/3:  69%|██████▉   | 61/88 [00:16<00:07,  3.76it/s, loss=1.772]
  epoch 3/3:  70%|███████   | 62/88 [00:16<00:06,  3.76it/s, loss=1.772]
  epoch 3/3:  70%|███████   | 62/88 [00:16<00:06,  3.76it/s, loss=1.772]
  epoch 3/3:  72%|███████▏  | 63/88 [00:16<00:06,  3.78it/s, loss=1.772]
  epoch 3/3:  72%|███████▏  | 63/88 [00:17<00:06,  3.78it/s, loss=1.773]
  epoch 3/3:  73%|███████▎  | 64/88 [00:17<00:06,  3.73it/s, loss=1.773]
  epoch 3/3:  73%|███████▎  | 64/88 [00:17<00:06,  3.73it/s, loss=1.774]
  epoch 3/3:  74%|███████▍  | 65/88 [00:17<00:06,  3.73it/s, loss=1.774]
  epoch 3/3:  74%|███████▍  | 65/88 [00:17<00:06,  3.73it/s, loss=1.774]
  epoch 3/3:  75%|███████▌  | 66/88 [00:17<00:05,  3.74it/s, loss=1.774]
  epoch 3/3:  75%|███████▌  | 66/88 [00:18<00:05,  3.74it/s, loss=1.772]
  epoch 3/3:  76%|███████▌  | 67/88 [00:18<00:05,  3.75it/s, loss=1.772]
  epoch 3/3:  76%|███████▌  | 67/88 [00:18<00:05,  3.75it/s, loss=1.773]
  epoch 3/3:  77%|███████▋  | 68/88 [00:18<00:05,  3.75it/s, loss=1.773]
  epoch 3/3:  77%|███████▋  | 68/88 [00:18<00:05,  3.75it/s, loss=1.769]
  epoch 3/3:  78%|███████▊  | 69/88 [00:18<00:05,  3.74it/s, loss=1.769]
  epoch 3/3:  78%|███████▊  | 69/88 [00:18<00:05,  3.74it/s, loss=1.768]
  epoch 3/3:  80%|███████▉  | 70/88 [00:18<00:04,  3.73it/s, loss=1.768]
  epoch 3/3:  80%|███████▉  | 70/88 [00:19<00:04,  3.73it/s, loss=1.768]
  epoch 3/3:  81%|████████  | 71/88 [00:19<00:04,  3.75it/s, loss=1.768]
  epoch 3/3:  81%|████████  | 71/88 [00:19<00:04,  3.75it/s, loss=1.769]
  epoch 3/3:  82%|████████▏ | 72/88 [00:19<00:04,  3.74it/s, loss=1.769]
  epoch 3/3:  82%|████████▏ | 72/88 [00:19<00:04,  3.74it/s, loss=1.772]
  epoch 3/3:  83%|████████▎ | 73/88 [00:19<00:04,  3.74it/s, loss=1.772]
  epoch 3/3:  83%|████████▎ | 73/88 [00:19<00:04,  3.74it/s, loss=1.772]
  epoch 3/3:  84%|████████▍ | 74/88 [00:19<00:03,  3.74it/s, loss=1.772]
  epoch 3/3:  84%|████████▍ | 74/88 [00:20<00:03,  3.74it/s, loss=1.772]
  epoch 3/3:  85%|████████▌ | 75/88 [00:20<00:03,  3.74it/s, loss=1.772]
  epoch 3/3:  85%|████████▌ | 75/88 [00:20<00:03,  3.74it/s, loss=1.771]
  epoch 3/3:  86%|████████▋ | 76/88 [00:20<00:03,  3.75it/s, loss=1.771]
  epoch 3/3:  86%|████████▋ | 76/88 [00:20<00:03,  3.75it/s, loss=1.769]
  epoch 3/3:  88%|████████▊ | 77/88 [00:20<00:02,  3.77it/s, loss=1.769]
  epoch 3/3:  88%|████████▊ | 77/88 [00:20<00:02,  3.77it/s, loss=1.770]
  epoch 3/3:  89%|████████▊ | 78/88 [00:20<00:02,  3.78it/s, loss=1.770]
  epoch 3/3:  89%|████████▊ | 78/88 [00:21<00:02,  3.78it/s, loss=1.769]
  epoch 3/3:  90%|████████▉ | 79/88 [00:21<00:02,  3.77it/s, loss=1.769]
  epoch 3/3:  90%|████████▉ | 79/88 [00:21<00:02,  3.77it/s, loss=1.770]
  epoch 3/3:  91%|█████████ | 80/88 [00:21<00:02,  3.72it/s, loss=1.770]
  epoch 3/3:  91%|█████████ | 80/88 [00:21<00:02,  3.72it/s, loss=1.769]
  epoch 3/3:  92%|█████████▏| 81/88 [00:21<00:01,  3.72it/s, loss=1.769]
  epoch 3/3:  92%|█████████▏| 81/88 [00:22<00:01,  3.72it/s, loss=1.769]
  epoch 3/3:  93%|█████████▎| 82/88 [00:22<00:01,  3.74it/s, loss=1.769]
  epoch 3/3:  93%|█████████▎| 82/88 [00:22<00:01,  3.74it/s, loss=1.768]
  epoch 3/3:  94%|█████████▍| 83/88 [00:22<00:01,  3.76it/s, loss=1.768]
  epoch 3/3:  94%|█████████▍| 83/88 [00:22<00:01,  3.76it/s, loss=1.769]
  epoch 3/3:  95%|█████████▌| 84/88 [00:22<00:01,  3.77it/s, loss=1.769]
  epoch 3/3:  95%|█████████▌| 84/88 [00:22<00:01,  3.77it/s, loss=1.769]
  epoch 3/3:  97%|█████████▋| 85/88 [00:22<00:00,  3.78it/s, loss=1.769]
  epoch 3/3:  97%|█████████▋| 85/88 [00:23<00:00,  3.78it/s, loss=1.773]
  epoch 3/3:  98%|█████████▊| 86/88 [00:23<00:00,  3.77it/s, loss=1.773]
  epoch 3/3:  98%|█████████▊| 86/88 [00:23<00:00,  3.77it/s, loss=1.773]
  epoch 3/3:  99%|█████████▉| 87/88 [00:23<00:00,  3.77it/s, loss=1.773]
  epoch 3/3:  99%|█████████▉| 87/88 [00:23<00:00,  3.77it/s, loss=1.773]
  epoch 3/3: 100%|██████████| 88/88 [00:23<00:00,  4.13it/s, loss=1.773]
                                                                        
[titans] reset=never | norm(state) sau task = 134.7530
[titans]   self-mod v:β=1.00 |W|=0.06
[titans]   eta_t(avg)=0.3194  alpha_t/forget-gate(avg)=0.5780
[task 6] test acc so far: 0.051  0.069  0.074  0.003  0.006  0.134  0.077
[task 6] NCM-head acc so far: 0.680  0.771  0.729  0.654  0.669  0.717  0.840
[task 7] classes=[13, 24, 28, 30, 31] | train=2800

  epoch 1/3:   0%|          | 0/88 [00:00<?, ?it/s]
  epoch 1/3:   0%|          | 0/88 [00:00<?, ?it/s, loss=1.476]
  epoch 1/3:   1%|          | 1/88 [00:00<00:40,  2.16it/s, loss=1.476]
  epoch 1/3:   1%|          | 1/88 [00:00<00:40,  2.16it/s, loss=1.569]
  epoch 1/3:   2%|▏         | 2/88 [00:00<00:29,  2.89it/s, loss=1.569]
  epoch 1/3:   2%|▏         | 2/88 [00:00<00:29,  2.89it/s, loss=1.520]
  epoch 1/3:   3%|▎         | 3/88 [00:00<00:26,  3.23it/s, loss=1.520]
  epoch 1/3:   3%|▎         | 3/88 [00:01<00:26,  3.23it/s, loss=1.527]
  epoch 1/3:   5%|▍         | 4/88 [00:01<00:24,  3.40it/s, loss=1.527]
  epoch 1/3:   5%|▍         | 4/88 [00:01<00:24,  3.40it/s, loss=1.575]
  epoch 1/3:   6%|▌         | 5/88 [00:01<00:23,  3.51it/s, loss=1.575]
  epoch 1/3:   6%|▌         | 5/88 [00:01<00:23,  3.51it/s, loss=1.583]
  epoch 1/3:   7%|▋         | 6/88 [00:01<00:22,  3.59it/s, loss=1.583]
  epoch 1/3:   7%|▋         | 6/88 [00:02<00:22,  3.59it/s, loss=1.578]
  epoch 1/3:   8%|▊         | 7/88 [00:02<00:22,  3.65it/s, loss=1.578]
  epoch 1/3:   8%|▊         | 7/88 [00:02<00:22,  3.65it/s, loss=1.581]
  epoch 1/3:   9%|▉         | 8/88 [00:02<00:21,  3.64it/s, loss=1.581]
  epoch 1/3:   9%|▉         | 8/88 [00:02<00:21,  3.64it/s, loss=1.581]
  epoch 1/3:  10%|█         | 9/88 [00:02<00:21,  3.68it/s, loss=1.581]
  epoch 1/3:  10%|█         | 9/88 [00:02<00:21,  3.68it/s, loss=1.587]
  epoch 1/3:  11%|█▏        | 10/88 [00:02<00:21,  3.69it/s, loss=1.587]
  epoch 1/3:  11%|█▏        | 10/88 [00:03<00:21,  3.69it/s, loss=1.586]
  epoch 1/3:  12%|█▎        | 11/88 [00:03<00:20,  3.72it/s, loss=1.586]
  epoch 1/3:  12%|█▎        | 11/88 [00:03<00:20,  3.72it/s, loss=1.585]
  epoch 1/3:  14%|█▎        | 12/88 [00:03<00:20,  3.74it/s, loss=1.585]
  epoch 1/3:  14%|█▎        | 12/88 [00:03<00:20,  3.74it/s, loss=1.582]
  epoch 1/3:  15%|█▍        | 13/88 [00:03<00:19,  3.76it/s, loss=1.582]
  epoch 1/3:  15%|█▍        | 13/88 [00:03<00:19,  3.76it/s, loss=1.589]
  epoch 1/3:  16%|█▌        | 14/88 [00:03<00:19,  3.77it/s, loss=1.589]
  epoch 1/3:  16%|█▌        | 14/88 [00:04<00:19,  3.77it/s, loss=1.592]
  epoch 1/3:  17%|█▋        | 15/88 [00:04<00:19,  3.78it/s, loss=1.592]
  epoch 1/3:  17%|█▋        | 15/88 [00:04<00:19,  3.78it/s, loss=1.593]
  epoch 1/3:  18%|█▊        | 16/88 [00:04<00:19,  3.78it/s, loss=1.593]
  epoch 1/3:  18%|█▊        | 16/88 [00:04<00:19,  3.78it/s, loss=1.587]
  epoch 1/3:  19%|█▉        | 17/88 [00:04<00:18,  3.78it/s, loss=1.587]
  epoch 1/3:  19%|█▉        | 17/88 [00:04<00:18,  3.78it/s, loss=1.582]
  epoch 1/3:  20%|██        | 18/88 [00:04<00:18,  3.79it/s, loss=1.582]
  epoch 1/3:  20%|██        | 18/88 [00:05<00:18,  3.79it/s, loss=1.579]
  epoch 1/3:  22%|██▏       | 19/88 [00:05<00:18,  3.79it/s, loss=1.579]
  epoch 1/3:  22%|██▏       | 19/88 [00:05<00:18,  3.79it/s, loss=1.584]
  epoch 1/3:  23%|██▎       | 20/88 [00:05<00:17,  3.79it/s, loss=1.584]
  epoch 1/3:  23%|██▎       | 20/88 [00:05<00:17,  3.79it/s, loss=1.584]
  epoch 1/3:  24%|██▍       | 21/88 [00:05<00:17,  3.79it/s, loss=1.584]
  epoch 1/3:  24%|██▍       | 21/88 [00:06<00:17,  3.79it/s, loss=1.586]
  epoch 1/3:  25%|██▌       | 22/88 [00:06<00:17,  3.78it/s, loss=1.586]
  epoch 1/3:  25%|██▌       | 22/88 [00:06<00:17,  3.78it/s, loss=1.586]
  epoch 1/3:  26%|██▌       | 23/88 [00:06<00:17,  3.79it/s, loss=1.586]
  epoch 1/3:  26%|██▌       | 23/88 [00:06<00:17,  3.79it/s, loss=1.588]
  epoch 1/3:  27%|██▋       | 24/88 [00:06<00:17,  3.74it/s, loss=1.588]
  epoch 1/3:  27%|██▋       | 24/88 [00:06<00:17,  3.74it/s, loss=1.589]
  epoch 1/3:  28%|██▊       | 25/88 [00:06<00:16,  3.75it/s, loss=1.589]
  epoch 1/3:  28%|██▊       | 25/88 [00:07<00:16,  3.75it/s, loss=1.587]
  epoch 1/3:  30%|██▉       | 26/88 [00:07<00:16,  3.74it/s, loss=1.587]
  epoch 1/3:  30%|██▉       | 26/88 [00:07<00:16,  3.74it/s, loss=1.589]
  epoch 1/3:  31%|███       | 27/88 [00:07<00:16,  3.75it/s, loss=1.589]
  epoch 1/3:  31%|███       | 27/88 [00:07<00:16,  3.75it/s, loss=1.590]
  epoch 1/3:  32%|███▏      | 28/88 [00:07<00:15,  3.76it/s, loss=1.590]
  epoch 1/3:  32%|███▏      | 28/88 [00:07<00:15,  3.76it/s, loss=1.589]
  epoch 1/3:  33%|███▎      | 29/88 [00:07<00:15,  3.76it/s, loss=1.589]
  epoch 1/3:  33%|███▎      | 29/88 [00:08<00:15,  3.76it/s, loss=1.594]
  epoch 1/3:  34%|███▍      | 30/88 [00:08<00:15,  3.78it/s, loss=1.594]
  epoch 1/3:  34%|███▍      | 30/88 [00:08<00:15,  3.78it/s, loss=1.595]
  epoch 1/3:  35%|███▌      | 31/88 [00:08<00:15,  3.78it/s, loss=1.595]
  epoch 1/3:  35%|███▌      | 31/88 [00:08<00:15,  3.78it/s, loss=1.593]
  epoch 1/3:  36%|███▋      | 32/88 [00:08<00:14,  3.79it/s, loss=1.593]
  epoch 1/3:  36%|███▋      | 32/88 [00:08<00:14,  3.79it/s, loss=1.591]
  epoch 1/3:  38%|███▊      | 33/88 [00:08<00:14,  3.79it/s, loss=1.591]
  epoch 1/3:  38%|███▊      | 33/88 [00:09<00:14,  3.79it/s, loss=1.592]
  epoch 1/3:  39%|███▊      | 34/88 [00:09<00:14,  3.78it/s, loss=1.592]
  epoch 1/3:  39%|███▊      | 34/88 [00:09<00:14,  3.78it/s, loss=1.592]
  epoch 1/3:  40%|███▉      | 35/88 [00:09<00:14,  3.78it/s, loss=1.592]
  epoch 1/3:  40%|███▉      | 35/88 [00:09<00:14,  3.78it/s, loss=1.591]
  epoch 1/3:  41%|████      | 36/88 [00:09<00:13,  3.78it/s, loss=1.591]
  epoch 1/3:  41%|████      | 36/88 [00:10<00:13,  3.78it/s, loss=1.591]
  epoch 1/3:  42%|████▏     | 37/88 [00:10<00:13,  3.78it/s, loss=1.591]
  epoch 1/3:  42%|████▏     | 37/88 [00:10<00:13,  3.78it/s, loss=1.596]
  epoch 1/3:  43%|████▎     | 38/88 [00:10<00:13,  3.79it/s, loss=1.596]
  epoch 1/3:  43%|████▎     | 38/88 [00:10<00:13,  3.79it/s, loss=1.593]
  epoch 1/3:  44%|████▍     | 39/88 [00:10<00:12,  3.79it/s, loss=1.593]
  epoch 1/3:  44%|████▍     | 39/88 [00:10<00:12,  3.79it/s, loss=1.593]
  epoch 1/3:  45%|████▌     | 40/88 [00:10<00:12,  3.74it/s, loss=1.593]
  epoch 1/3:  45%|████▌     | 40/88 [00:11<00:12,  3.74it/s, loss=1.593]
  epoch 1/3:  47%|████▋     | 41/88 [00:11<00:12,  3.74it/s, loss=1.593]
  epoch 1/3:  47%|████▋     | 41/88 [00:11<00:12,  3.74it/s, loss=1.590]
  epoch 1/3:  48%|████▊     | 42/88 [00:11<00:12,  3.74it/s, loss=1.590]
  epoch 1/3:  48%|████▊     | 42/88 [00:11<00:12,  3.74it/s, loss=1.586]
  epoch 1/3:  49%|████▉     | 43/88 [00:11<00:11,  3.76it/s, loss=1.586]
  epoch 1/3:  49%|████▉     | 43/88 [00:11<00:11,  3.76it/s, loss=1.585]
  epoch 1/3:  50%|█████     | 44/88 [00:11<00:11,  3.77it/s, loss=1.585]
  epoch 1/3:  50%|█████     | 44/88 [00:12<00:11,  3.77it/s, loss=1.587]
  epoch 1/3:  51%|█████     | 45/88 [00:12<00:11,  3.78it/s, loss=1.587]
  epoch 1/3:  51%|█████     | 45/88 [00:12<00:11,  3.78it/s, loss=1.589]
  epoch 1/3:  52%|█████▏    | 46/88 [00:12<00:11,  3.78it/s, loss=1.589]
  epoch 1/3:  52%|█████▏    | 46/88 [00:12<00:11,  3.78it/s, loss=1.591]
  epoch 1/3:  53%|█████▎    | 47/88 [00:12<00:10,  3.79it/s, loss=1.591]
  epoch 1/3:  53%|█████▎    | 47/88 [00:12<00:10,  3.79it/s, loss=1.592]
  epoch 1/3:  55%|█████▍    | 48/88 [00:12<00:10,  3.78it/s, loss=1.592]
  epoch 1/3:  55%|█████▍    | 48/88 [00:13<00:10,  3.78it/s, loss=1.592]
  epoch 1/3:  56%|█████▌    | 49/88 [00:13<00:10,  3.78it/s, loss=1.592]
  epoch 1/3:  56%|█████▌    | 49/88 [00:13<00:10,  3.78it/s, loss=1.591]
  epoch 1/3:  57%|█████▋    | 50/88 [00:13<00:10,  3.78it/s, loss=1.591]
  epoch 1/3:  57%|█████▋    | 50/88 [00:13<00:10,  3.78it/s, loss=1.592]
  epoch 1/3:  58%|█████▊    | 51/88 [00:13<00:09,  3.78it/s, loss=1.592]
  epoch 1/3:  58%|█████▊    | 51/88 [00:13<00:09,  3.78it/s, loss=1.592]
  epoch 1/3:  59%|█████▉    | 52/88 [00:13<00:09,  3.77it/s, loss=1.592]
  epoch 1/3:  59%|█████▉    | 52/88 [00:14<00:09,  3.77it/s, loss=1.592]
  epoch 1/3:  60%|██████    | 53/88 [00:14<00:09,  3.77it/s, loss=1.592]
  epoch 1/3:  60%|██████    | 53/88 [00:14<00:09,  3.77it/s, loss=1.592]
  epoch 1/3:  61%|██████▏   | 54/88 [00:14<00:09,  3.77it/s, loss=1.592]
  epoch 1/3:  61%|██████▏   | 54/88 [00:14<00:09,  3.77it/s, loss=1.593]
  epoch 1/3:  62%|██████▎   | 55/88 [00:14<00:08,  3.76it/s, loss=1.593]
  epoch 1/3:  62%|██████▎   | 55/88 [00:15<00:08,  3.76it/s, loss=1.592]
  epoch 1/3:  64%|██████▎   | 56/88 [00:15<00:08,  3.70it/s, loss=1.592]
  epoch 1/3:  64%|██████▎   | 56/88 [00:15<00:08,  3.70it/s, loss=1.592]
  epoch 1/3:  65%|██████▍   | 57/88 [00:15<00:08,  3.72it/s, loss=1.592]
  epoch 1/3:  65%|██████▍   | 57/88 [00:15<00:08,  3.72it/s, loss=1.591]
  epoch 1/3:  66%|██████▌   | 58/88 [00:15<00:08,  3.73it/s, loss=1.591]
  epoch 1/3:  66%|██████▌   | 58/88 [00:15<00:08,  3.73it/s, loss=1.589]
  epoch 1/3:  67%|██████▋   | 59/88 [00:15<00:07,  3.73it/s, loss=1.589]
  epoch 1/3:  67%|██████▋   | 59/88 [00:16<00:07,  3.73it/s, loss=1.587]
  epoch 1/3:  68%|██████▊   | 60/88 [00:16<00:07,  3.74it/s, loss=1.587]
  epoch 1/3:  68%|██████▊   | 60/88 [00:16<00:07,  3.74it/s, loss=1.587]
  epoch 1/3:  69%|██████▉   | 61/88 [00:16<00:07,  3.75it/s, loss=1.587]
  epoch 1/3:  69%|██████▉   | 61/88 [00:16<00:07,  3.75it/s, loss=1.583]
  epoch 1/3:  70%|███████   | 62/88 [00:16<00:06,  3.77it/s, loss=1.583]
  epoch 1/3:  70%|███████   | 62/88 [00:16<00:06,  3.77it/s, loss=1.580]
  epoch 1/3:  72%|███████▏  | 63/88 [00:16<00:06,  3.77it/s, loss=1.580]
  epoch 1/3:  72%|███████▏  | 63/88 [00:17<00:06,  3.77it/s, loss=1.580]
  epoch 1/3:  73%|███████▎  | 64/88 [00:17<00:06,  3.78it/s, loss=1.580]
  epoch 1/3:  73%|███████▎  | 64/88 [00:17<00:06,  3.78it/s, loss=1.580]
  epoch 1/3:  74%|███████▍  | 65/88 [00:17<00:06,  3.78it/s, loss=1.580]
  epoch 1/3:  74%|███████▍  | 65/88 [00:17<00:06,  3.78it/s, loss=1.579]
  epoch 1/3:  75%|███████▌  | 66/88 [00:17<00:05,  3.79it/s, loss=1.579]
  epoch 1/3:  75%|███████▌  | 66/88 [00:17<00:05,  3.79it/s, loss=1.579]
  epoch 1/3:  76%|███████▌  | 67/88 [00:17<00:05,  3.79it/s, loss=1.579]
  epoch 1/3:  76%|███████▌  | 67/88 [00:18<00:05,  3.79it/s, loss=1.578]
  epoch 1/3:  77%|███████▋  | 68/88 [00:18<00:05,  3.78it/s, loss=1.578]
  epoch 1/3:  77%|███████▋  | 68/88 [00:18<00:05,  3.78it/s, loss=1.578]
  epoch 1/3:  78%|███████▊  | 69/88 [00:18<00:05,  3.79it/s, loss=1.578]
  epoch 1/3:  78%|███████▊  | 69/88 [00:18<00:05,  3.79it/s, loss=1.577]
  epoch 1/3:  80%|███████▉  | 70/88 [00:18<00:04,  3.79it/s, loss=1.577]
  epoch 1/3:  80%|███████▉  | 70/88 [00:19<00:04,  3.79it/s, loss=1.575]
  epoch 1/3:  81%|████████  | 71/88 [00:19<00:04,  3.79it/s, loss=1.575]
  epoch 1/3:  81%|████████  | 71/88 [00:19<00:04,  3.79it/s, loss=1.573]
  epoch 1/3:  82%|████████▏ | 72/88 [00:19<00:04,  3.75it/s, loss=1.573]
  epoch 1/3:  82%|████████▏ | 72/88 [00:19<00:04,  3.75it/s, loss=1.572]
  epoch 1/3:  83%|████████▎ | 73/88 [00:19<00:03,  3.76it/s, loss=1.572]
  epoch 1/3:  83%|████████▎ | 73/88 [00:19<00:03,  3.76it/s, loss=1.572]
  epoch 1/3:  84%|████████▍ | 74/88 [00:19<00:03,  3.77it/s, loss=1.572]
  epoch 1/3:  84%|████████▍ | 74/88 [00:20<00:03,  3.77it/s, loss=1.572]
  epoch 1/3:  85%|████████▌ | 75/88 [00:20<00:03,  3.76it/s, loss=1.572]
  epoch 1/3:  85%|████████▌ | 75/88 [00:20<00:03,  3.76it/s, loss=1.572]
  epoch 1/3:  86%|████████▋ | 76/88 [00:20<00:03,  3.76it/s, loss=1.572]
  epoch 1/3:  86%|████████▋ | 76/88 [00:20<00:03,  3.76it/s, loss=1.570]
  epoch 1/3:  88%|████████▊ | 77/88 [00:20<00:02,  3.75it/s, loss=1.570]
  epoch 1/3:  88%|████████▊ | 77/88 [00:20<00:02,  3.75it/s, loss=1.571]
  epoch 1/3:  89%|████████▊ | 78/88 [00:20<00:02,  3.77it/s, loss=1.571]
  epoch 1/3:  89%|████████▊ | 78/88 [00:21<00:02,  3.77it/s, loss=1.570]
  epoch 1/3:  90%|████████▉ | 79/88 [00:21<00:02,  3.78it/s, loss=1.570]
  epoch 1/3:  90%|████████▉ | 79/88 [00:21<00:02,  3.78it/s, loss=1.571]
  epoch 1/3:  91%|█████████ | 80/88 [00:21<00:02,  3.79it/s, loss=1.571]
  epoch 1/3:  91%|█████████ | 80/88 [00:21<00:02,  3.79it/s, loss=1.569]
  epoch 1/3:  92%|█████████▏| 81/88 [00:21<00:01,  3.78it/s, loss=1.569]
  epoch 1/3:  92%|█████████▏| 81/88 [00:21<00:01,  3.78it/s, loss=1.569]
  epoch 1/3:  93%|█████████▎| 82/88 [00:21<00:01,  3.78it/s, loss=1.569]
  epoch 1/3:  93%|█████████▎| 82/88 [00:22<00:01,  3.78it/s, loss=1.568]
  epoch 1/3:  94%|█████████▍| 83/88 [00:22<00:01,  3.79it/s, loss=1.568]
  epoch 1/3:  94%|█████████▍| 83/88 [00:22<00:01,  3.79it/s, loss=1.567]
  epoch 1/3:  95%|█████████▌| 84/88 [00:22<00:01,  3.78it/s, loss=1.567]
  epoch 1/3:  95%|█████████▌| 84/88 [00:22<00:01,  3.78it/s, loss=1.566]
  epoch 1/3:  97%|█████████▋| 85/88 [00:22<00:00,  3.79it/s, loss=1.566]
  epoch 1/3:  97%|█████████▋| 85/88 [00:23<00:00,  3.79it/s, loss=1.566]
  epoch 1/3:  98%|█████████▊| 86/88 [00:23<00:00,  3.79it/s, loss=1.566]
  epoch 1/3:  98%|█████████▊| 86/88 [00:23<00:00,  3.79it/s, loss=1.566]
  epoch 1/3:  99%|█████████▉| 87/88 [00:23<00:00,  3.79it/s, loss=1.566]
  epoch 1/3:  99%|█████████▉| 87/88 [00:23<00:00,  3.79it/s, loss=1.565]
  epoch 1/3: 100%|██████████| 88/88 [00:23<00:00,  4.09it/s, loss=1.565]
                                                                        

  epoch 2/3:   0%|          | 0/88 [00:00<?, ?it/s]
  epoch 2/3:   0%|          | 0/88 [00:00<?, ?it/s, loss=1.737]
  epoch 2/3:   1%|          | 1/88 [00:00<00:41,  2.09it/s, loss=1.737]
  epoch 2/3:   1%|          | 1/88 [00:00<00:41,  2.09it/s, loss=1.634]
  epoch 2/3:   2%|▏         | 2/88 [00:00<00:30,  2.83it/s, loss=1.634]
  epoch 2/3:   2%|▏         | 2/88 [00:01<00:30,  2.83it/s, loss=1.596]
  epoch 2/3:   3%|▎         | 3/88 [00:01<00:26,  3.20it/s, loss=1.596]
  epoch 2/3:   3%|▎         | 3/88 [00:01<00:26,  3.20it/s, loss=1.592]
  epoch 2/3:   5%|▍         | 4/88 [00:01<00:24,  3.42it/s, loss=1.592]
  epoch 2/3:   5%|▍         | 4/88 [00:01<00:24,  3.42it/s, loss=1.572]
  epoch 2/3:   6%|▌         | 5/88 [00:01<00:23,  3.54it/s, loss=1.572]
  epoch 2/3:   6%|▌         | 5/88 [00:01<00:23,  3.54it/s, loss=1.573]
  epoch 2/3:   7%|▋         | 6/88 [00:01<00:22,  3.63it/s, loss=1.573]
  epoch 2/3:   7%|▋         | 6/88 [00:02<00:22,  3.63it/s, loss=1.580]
  epoch 2/3:   8%|▊         | 7/88 [00:02<00:22,  3.68it/s, loss=1.580]
  epoch 2/3:   8%|▊         | 7/88 [00:02<00:22,  3.68it/s, loss=1.583]
  epoch 2/3:   9%|▉         | 8/88 [00:02<00:21,  3.72it/s, loss=1.583]
  epoch 2/3:   9%|▉         | 8/88 [00:02<00:21,  3.72it/s, loss=1.580]
  epoch 2/3:  10%|█         | 9/88 [00:02<00:21,  3.74it/s, loss=1.580]
  epoch 2/3:  10%|█         | 9/88 [00:02<00:21,  3.74it/s, loss=1.571]
  epoch 2/3:  11%|█▏        | 10/88 [00:02<00:20,  3.75it/s, loss=1.571]
  epoch 2/3:  11%|█▏        | 10/88 [00:03<00:20,  3.75it/s, loss=1.575]
  epoch 2/3:  12%|█▎        | 11/88 [00:03<00:20,  3.76it/s, loss=1.575]
  epoch 2/3:  12%|█▎        | 11/88 [00:03<00:20,  3.76it/s, loss=1.575]
  epoch 2/3:  14%|█▎        | 12/88 [00:03<00:20,  3.76it/s, loss=1.575]
  epoch 2/3:  14%|█▎        | 12/88 [00:03<00:20,  3.76it/s, loss=1.578]
  epoch 2/3:  15%|█▍        | 13/88 [00:03<00:19,  3.76it/s, loss=1.578]
  epoch 2/3:  15%|█▍        | 13/88 [00:03<00:19,  3.76it/s, loss=1.573]
  epoch 2/3:  16%|█▌        | 14/88 [00:03<00:19,  3.76it/s, loss=1.573]
  epoch 2/3:  16%|█▌        | 14/88 [00:04<00:19,  3.76it/s, loss=1.577]
  epoch 2/3:  17%|█▋        | 15/88 [00:04<00:19,  3.75it/s, loss=1.577]
  epoch 2/3:  17%|█▋        | 15/88 [00:04<00:19,  3.75it/s, loss=1.572]
  epoch 2/3:  18%|█▊        | 16/88 [00:04<00:19,  3.70it/s, loss=1.572]
  epoch 2/3:  18%|█▊        | 16/88 [00:04<00:19,  3.70it/s, loss=1.572]
  epoch 2/3:  19%|█▉        | 17/88 [00:04<00:19,  3.73it/s, loss=1.572]
  epoch 2/3:  19%|█▉        | 17/88 [00:04<00:19,  3.73it/s, loss=1.580]
  epoch 2/3:  20%|██        | 18/88 [00:04<00:18,  3.73it/s, loss=1.580]
  epoch 2/3:  20%|██        | 18/88 [00:05<00:18,  3.73it/s, loss=1.582]
  epoch 2/3:  22%|██▏       | 19/88 [00:05<00:18,  3.74it/s, loss=1.582]
  epoch 2/3:  22%|██▏       | 19/88 [00:05<00:18,  3.74it/s, loss=1.585]
  epoch 2/3:  23%|██▎       | 20/88 [00:05<00:18,  3.75it/s, loss=1.585]
  epoch 2/3:  23%|██▎       | 20/88 [00:05<00:18,  3.75it/s, loss=1.584]
  epoch 2/3:  24%|██▍       | 21/88 [00:05<00:17,  3.77it/s, loss=1.584]
  epoch 2/3:  24%|██▍       | 21/88 [00:06<00:17,  3.77it/s, loss=1.582]
  epoch 2/3:  25%|██▌       | 22/88 [00:06<00:17,  3.77it/s, loss=1.582]
  epoch 2/3:  25%|██▌       | 22/88 [00:06<00:17,  3.77it/s, loss=1.586]
  epoch 2/3:  26%|██▌       | 23/88 [00:06<00:17,  3.73it/s, loss=1.586]
  epoch 2/3:  26%|██▌       | 23/88 [00:06<00:17,  3.73it/s, loss=1.584]
  epoch 2/3:  27%|██▋       | 24/88 [00:06<00:17,  3.74it/s, loss=1.584]
  epoch 2/3:  27%|██▋       | 24/88 [00:06<00:17,  3.74it/s, loss=1.586]
  epoch 2/3:  28%|██▊       | 25/88 [00:06<00:16,  3.74it/s, loss=1.586]
  epoch 2/3:  28%|██▊       | 25/88 [00:07<00:16,  3.74it/s, loss=1.585]
  epoch 2/3:  30%|██▉       | 26/88 [00:07<00:16,  3.76it/s, loss=1.585]
  epoch 2/3:  30%|██▉       | 26/88 [00:07<00:16,  3.76it/s, loss=1.587]
  epoch 2/3:  31%|███       | 27/88 [00:07<00:16,  3.77it/s, loss=1.587]
  epoch 2/3:  31%|███       | 27/88 [00:07<00:16,  3.77it/s, loss=1.588]
  epoch 2/3:  32%|███▏      | 28/88 [00:07<00:15,  3.78it/s, loss=1.588]
  epoch 2/3:  32%|███▏      | 28/88 [00:07<00:15,  3.78it/s, loss=1.587]
  epoch 2/3:  33%|███▎      | 29/88 [00:07<00:15,  3.78it/s, loss=1.587]
  epoch 2/3:  33%|███▎      | 29/88 [00:08<00:15,  3.78it/s, loss=1.588]
  epoch 2/3:  34%|███▍      | 30/88 [00:08<00:15,  3.79it/s, loss=1.588]
  epoch 2/3:  34%|███▍      | 30/88 [00:08<00:15,  3.79it/s, loss=1.588]
  epoch 2/3:  35%|███▌      | 31/88 [00:08<00:15,  3.79it/s, loss=1.588]
  epoch 2/3:  35%|███▌      | 31/88 [00:08<00:15,  3.79it/s, loss=1.588]
  epoch 2/3:  36%|███▋      | 32/88 [00:08<00:14,  3.75it/s, loss=1.588]
  epoch 2/3:  36%|███▋      | 32/88 [00:08<00:14,  3.75it/s, loss=1.589]
  epoch 2/3:  38%|███▊      | 33/88 [00:08<00:14,  3.75it/s, loss=1.589]
  epoch 2/3:  38%|███▊      | 33/88 [00:09<00:14,  3.75it/s, loss=1.589]
  epoch 2/3:  39%|███▊      | 34/88 [00:09<00:14,  3.74it/s, loss=1.589]
  epoch 2/3:  39%|███▊      | 34/88 [00:09<00:14,  3.74it/s, loss=1.587]
  epoch 2/3:  40%|███▉      | 35/88 [00:09<00:14,  3.75it/s, loss=1.587]
  epoch 2/3:  40%|███▉      | 35/88 [00:09<00:14,  3.75it/s, loss=1.587]
  epoch 2/3:  41%|████      | 36/88 [00:09<00:13,  3.77it/s, loss=1.587]
  epoch 2/3:  41%|████      | 36/88 [00:10<00:13,  3.77it/s, loss=1.586]
  epoch 2/3:  42%|████▏     | 37/88 [00:10<00:13,  3.77it/s, loss=1.586]
  epoch 2/3:  42%|████▏     | 37/88 [00:10<00:13,  3.77it/s, loss=1.584]
  epoch 2/3:  43%|████▎     | 38/88 [00:10<00:13,  3.78it/s, loss=1.584]
  epoch 2/3:  43%|████▎     | 38/88 [00:10<00:13,  3.78it/s, loss=1.586]
  epoch 2/3:  44%|████▍     | 39/88 [00:10<00:12,  3.79it/s, loss=1.586]
  epoch 2/3:  44%|████▍     | 39/88 [00:10<00:12,  3.79it/s, loss=1.586]
  epoch 2/3:  45%|████▌     | 40/88 [00:10<00:12,  3.79it/s, loss=1.586]
  epoch 2/3:  45%|████▌     | 40/88 [00:11<00:12,  3.79it/s, loss=1.582]
  epoch 2/3:  47%|████▋     | 41/88 [00:11<00:12,  3.79it/s, loss=1.582]
  epoch 2/3:  47%|████▋     | 41/88 [00:11<00:12,  3.79it/s, loss=1.579]
  epoch 2/3:  48%|████▊     | 42/88 [00:11<00:12,  3.80it/s, loss=1.579]
  epoch 2/3:  48%|████▊     | 42/88 [00:11<00:12,  3.80it/s, loss=1.581]
  epoch 2/3:  49%|████▉     | 43/88 [00:11<00:11,  3.80it/s, loss=1.581]
  epoch 2/3:  49%|████▉     | 43/88 [00:11<00:11,  3.80it/s, loss=1.579]
  epoch 2/3:  50%|█████     | 44/88 [00:11<00:11,  3.80it/s, loss=1.579]
  epoch 2/3:  50%|█████     | 44/88 [00:12<00:11,  3.80it/s, loss=1.579]
  epoch 2/3:  51%|█████     | 45/88 [00:12<00:11,  3.80it/s, loss=1.579]
  epoch 2/3:  51%|█████     | 45/88 [00:12<00:11,  3.80it/s, loss=1.579]
  epoch 2/3:  52%|█████▏    | 46/88 [00:12<00:11,  3.80it/s, loss=1.579]
  epoch 2/3:  52%|█████▏    | 46/88 [00:12<00:11,  3.80it/s, loss=1.575]
  epoch 2/3:  53%|█████▎    | 47/88 [00:12<00:10,  3.80it/s, loss=1.575]
  epoch 2/3:  53%|█████▎    | 47/88 [00:12<00:10,  3.80it/s, loss=1.575]
  epoch 2/3:  55%|█████▍    | 48/88 [00:12<00:10,  3.75it/s, loss=1.575]
  epoch 2/3:  55%|█████▍    | 48/88 [00:13<00:10,  3.75it/s, loss=1.575]
  epoch 2/3:  56%|█████▌    | 49/88 [00:13<00:10,  3.76it/s, loss=1.575]
  epoch 2/3:  56%|█████▌    | 49/88 [00:13<00:10,  3.76it/s, loss=1.572]
  epoch 2/3:  57%|█████▋    | 50/88 [00:13<00:10,  3.74it/s, loss=1.572]
  epoch 2/3:  57%|█████▋    | 50/88 [00:13<00:10,  3.74it/s, loss=1.571]
  epoch 2/3:  58%|█████▊    | 51/88 [00:13<00:09,  3.75it/s, loss=1.571]
  epoch 2/3:  58%|█████▊    | 51/88 [00:14<00:09,  3.75it/s, loss=1.569]
  epoch 2/3:  59%|█████▉    | 52/88 [00:14<00:09,  3.76it/s, loss=1.569]
  epoch 2/3:  59%|█████▉    | 52/88 [00:14<00:09,  3.76it/s, loss=1.569]
  epoch 2/3:  60%|██████    | 53/88 [00:14<00:09,  3.77it/s, loss=1.569]
  epoch 2/3:  60%|██████    | 53/88 [00:14<00:09,  3.77it/s, loss=1.568]
  epoch 2/3:  61%|██████▏   | 54/88 [00:14<00:09,  3.77it/s, loss=1.568]
  epoch 2/3:  61%|██████▏   | 54/88 [00:14<00:09,  3.77it/s, loss=1.569]
  epoch 2/3:  62%|██████▎   | 55/88 [00:14<00:08,  3.78it/s, loss=1.569]
  epoch 2/3:  62%|██████▎   | 55/88 [00:15<00:08,  3.78it/s, loss=1.571]
  epoch 2/3:  64%|██████▎   | 56/88 [00:15<00:08,  3.76it/s, loss=1.571]
  epoch 2/3:  64%|██████▎   | 56/88 [00:15<00:08,  3.76it/s, loss=1.571]
  epoch 2/3:  65%|██████▍   | 57/88 [00:15<00:08,  3.76it/s, loss=1.571]
  epoch 2/3:  65%|██████▍   | 57/88 [00:15<00:08,  3.76it/s, loss=1.571]
  epoch 2/3:  66%|██████▌   | 58/88 [00:15<00:08,  3.74it/s, loss=1.571]
  epoch 2/3:  66%|██████▌   | 58/88 [00:15<00:08,  3.74it/s, loss=1.570]
  epoch 2/3:  67%|██████▋   | 59/88 [00:15<00:07,  3.76it/s, loss=1.570]
  epoch 2/3:  67%|██████▋   | 59/88 [00:16<00:07,  3.76it/s, loss=1.570]
  epoch 2/3:  68%|██████▊   | 60/88 [00:16<00:07,  3.76it/s, loss=1.570]
  epoch 2/3:  68%|██████▊   | 60/88 [00:16<00:07,  3.76it/s, loss=1.568]
  epoch 2/3:  69%|██████▉   | 61/88 [00:16<00:07,  3.76it/s, loss=1.568]
  epoch 2/3:  69%|██████▉   | 61/88 [00:16<00:07,  3.76it/s, loss=1.568]
  epoch 2/3:  70%|███████   | 62/88 [00:16<00:06,  3.78it/s, loss=1.568]
  epoch 2/3:  70%|███████   | 62/88 [00:16<00:06,  3.78it/s, loss=1.565]
  epoch 2/3:  72%|███████▏  | 63/88 [00:16<00:06,  3.78it/s, loss=1.565]
  epoch 2/3:  72%|███████▏  | 63/88 [00:17<00:06,  3.78it/s, loss=1.562]
  epoch 2/3:  73%|███████▎  | 64/88 [00:17<00:06,  3.74it/s, loss=1.562]
  epoch 2/3:  73%|███████▎  | 64/88 [00:17<00:06,  3.74it/s, loss=1.562]
  epoch 2/3:  74%|███████▍  | 65/88 [00:17<00:06,  3.73it/s, loss=1.562]
  epoch 2/3:  74%|███████▍  | 65/88 [00:17<00:06,  3.73it/s, loss=1.560]
  epoch 2/3:  75%|███████▌  | 66/88 [00:17<00:05,  3.75it/s, loss=1.560]
  epoch 2/3:  75%|███████▌  | 66/88 [00:17<00:05,  3.75it/s, loss=1.560]
  epoch 2/3:  76%|███████▌  | 67/88 [00:17<00:05,  3.76it/s, loss=1.560]
  epoch 2/3:  76%|███████▌  | 67/88 [00:18<00:05,  3.76it/s, loss=1.561]
  epoch 2/3:  77%|███████▋  | 68/88 [00:18<00:05,  3.76it/s, loss=1.561]
  epoch 2/3:  77%|███████▋  | 68/88 [00:18<00:05,  3.76it/s, loss=1.562]
  epoch 2/3:  78%|███████▊  | 69/88 [00:18<00:05,  3.76it/s, loss=1.562]
  epoch 2/3:  78%|███████▊  | 69/88 [00:18<00:05,  3.76it/s, loss=1.563]
  epoch 2/3:  80%|███████▉  | 70/88 [00:18<00:04,  3.76it/s, loss=1.563]
  epoch 2/3:  80%|███████▉  | 70/88 [00:19<00:04,  3.76it/s, loss=1.563]
  epoch 2/3:  81%|████████  | 71/88 [00:19<00:04,  3.77it/s, loss=1.563]
  epoch 2/3:  81%|████████  | 71/88 [00:19<00:04,  3.77it/s, loss=1.563]
  epoch 2/3:  82%|████████▏ | 72/88 [00:19<00:04,  3.76it/s, loss=1.563]
  epoch 2/3:  82%|████████▏ | 72/88 [00:19<00:04,  3.76it/s, loss=1.562]
  epoch 2/3:  83%|████████▎ | 73/88 [00:19<00:04,  3.75it/s, loss=1.562]
  epoch 2/3:  83%|████████▎ | 73/88 [00:19<00:04,  3.75it/s, loss=1.561]
  epoch 2/3:  84%|████████▍ | 74/88 [00:19<00:03,  3.76it/s, loss=1.561]
  epoch 2/3:  84%|████████▍ | 74/88 [00:20<00:03,  3.76it/s, loss=1.561]
  epoch 2/3:  85%|████████▌ | 75/88 [00:20<00:03,  3.78it/s, loss=1.561]
  epoch 2/3:  85%|████████▌ | 75/88 [00:20<00:03,  3.78it/s, loss=1.561]
  epoch 2/3:  86%|████████▋ | 76/88 [00:20<00:03,  3.77it/s, loss=1.561]
  epoch 2/3:  86%|████████▋ | 76/88 [00:20<00:03,  3.77it/s, loss=1.561]
  epoch 2/3:  88%|████████▊ | 77/88 [00:20<00:02,  3.79it/s, loss=1.561]
  epoch 2/3:  88%|████████▊ | 77/88 [00:20<00:02,  3.79it/s, loss=1.563]
  epoch 2/3:  89%|████████▊ | 78/88 [00:20<00:02,  3.79it/s, loss=1.563]
  epoch 2/3:  89%|████████▊ | 78/88 [00:21<00:02,  3.79it/s, loss=1.560]
  epoch 2/3:  90%|████████▉ | 79/88 [00:21<00:02,  3.80it/s, loss=1.560]
  epoch 2/3:  90%|████████▉ | 79/88 [00:21<00:02,  3.80it/s, loss=1.559]
  epoch 2/3:  91%|█████████ | 80/88 [00:21<00:02,  3.75it/s, loss=1.559]
  epoch 2/3:  91%|█████████ | 80/88 [00:21<00:02,  3.75it/s, loss=1.558]
  epoch 2/3:  92%|█████████▏| 81/88 [00:21<00:01,  3.75it/s, loss=1.558]
  epoch 2/3:  92%|█████████▏| 81/88 [00:21<00:01,  3.75it/s, loss=1.556]
  epoch 2/3:  93%|█████████▎| 82/88 [00:21<00:01,  3.74it/s, loss=1.556]
  epoch 2/3:  93%|█████████▎| 82/88 [00:22<00:01,  3.74it/s, loss=1.556]
  epoch 2/3:  94%|█████████▍| 83/88 [00:22<00:01,  3.76it/s, loss=1.556]
  epoch 2/3:  94%|█████████▍| 83/88 [00:22<00:01,  3.76it/s, loss=1.554]
  epoch 2/3:  95%|█████████▌| 84/88 [00:22<00:01,  3.77it/s, loss=1.554]
  epoch 2/3:  95%|█████████▌| 84/88 [00:22<00:01,  3.77it/s, loss=1.554]
  epoch 2/3:  97%|█████████▋| 85/88 [00:22<00:00,  3.78it/s, loss=1.554]
  epoch 2/3:  97%|█████████▋| 85/88 [00:23<00:00,  3.78it/s, loss=1.552]
  epoch 2/3:  98%|█████████▊| 86/88 [00:23<00:00,  3.78it/s, loss=1.552]
  epoch 2/3:  98%|█████████▊| 86/88 [00:23<00:00,  3.78it/s, loss=1.552]
  epoch 2/3:  99%|█████████▉| 87/88 [00:23<00:00,  3.79it/s, loss=1.552]
  epoch 2/3:  99%|█████████▉| 87/88 [00:23<00:00,  3.79it/s, loss=1.551]
  epoch 2/3: 100%|██████████| 88/88 [00:23<00:00,  4.13it/s, loss=1.551]
                                                                        

  epoch 3/3:   0%|          | 0/88 [00:00<?, ?it/s]
  epoch 3/3:   0%|          | 0/88 [00:00<?, ?it/s, loss=1.632]
  epoch 3/3:   1%|          | 1/88 [00:00<00:41,  2.10it/s, loss=1.632]
  epoch 3/3:   1%|          | 1/88 [00:00<00:41,  2.10it/s, loss=1.642]
  epoch 3/3:   2%|▏         | 2/88 [00:00<00:30,  2.84it/s, loss=1.642]
  epoch 3/3:   2%|▏         | 2/88 [00:01<00:30,  2.84it/s, loss=1.640]
  epoch 3/3:   3%|▎         | 3/88 [00:01<00:26,  3.21it/s, loss=1.640]
  epoch 3/3:   3%|▎         | 3/88 [00:01<00:26,  3.21it/s, loss=1.616]
  epoch 3/3:   5%|▍         | 4/88 [00:01<00:24,  3.41it/s, loss=1.616]
  epoch 3/3:   5%|▍         | 4/88 [00:01<00:24,  3.41it/s, loss=1.592]
  epoch 3/3:   6%|▌         | 5/88 [00:01<00:23,  3.54it/s, loss=1.592]
  epoch 3/3:   6%|▌         | 5/88 [00:01<00:23,  3.54it/s, loss=1.573]
  epoch 3/3:   7%|▋         | 6/88 [00:01<00:22,  3.62it/s, loss=1.573]
  epoch 3/3:   7%|▋         | 6/88 [00:02<00:22,  3.62it/s, loss=1.586]
  epoch 3/3:   8%|▊         | 7/88 [00:02<00:22,  3.68it/s, loss=1.586]
  epoch 3/3:   8%|▊         | 7/88 [00:02<00:22,  3.68it/s, loss=1.580]
  epoch 3/3:   9%|▉         | 8/88 [00:02<00:21,  3.65it/s, loss=1.580]
  epoch 3/3:   9%|▉         | 8/88 [00:02<00:21,  3.65it/s, loss=1.574]
  epoch 3/3:  10%|█         | 9/88 [00:02<00:21,  3.67it/s, loss=1.574]
  epoch 3/3:  10%|█         | 9/88 [00:02<00:21,  3.67it/s, loss=1.565]
  epoch 3/3:  11%|█▏        | 10/88 [00:02<00:21,  3.71it/s, loss=1.565]
  epoch 3/3:  11%|█▏        | 10/88 [00:03<00:21,  3.71it/s, loss=1.573]
  epoch 3/3:  12%|█▎        | 11/88 [00:03<00:20,  3.74it/s, loss=1.573]
  epoch 3/3:  12%|█▎        | 11/88 [00:03<00:20,  3.74it/s, loss=1.584]
  epoch 3/3:  14%|█▎        | 12/88 [00:03<00:20,  3.76it/s, loss=1.584]
  epoch 3/3:  14%|█▎        | 12/88 [00:03<00:20,  3.76it/s, loss=1.581]
  epoch 3/3:  15%|█▍        | 13/88 [00:03<00:19,  3.77it/s, loss=1.581]
  epoch 3/3:  15%|█▍        | 13/88 [00:03<00:19,  3.77it/s, loss=1.586]
  epoch 3/3:  16%|█▌        | 14/88 [00:03<00:19,  3.78it/s, loss=1.586]
  epoch 3/3:  16%|█▌        | 14/88 [00:04<00:19,  3.78it/s, loss=1.591]
  epoch 3/3:  17%|█▋        | 15/88 [00:04<00:19,  3.78it/s, loss=1.591]
  epoch 3/3:  17%|█▋        | 15/88 [00:04<00:19,  3.78it/s, loss=1.584]
  epoch 3/3:  18%|█▊        | 16/88 [00:04<00:19,  3.78it/s, loss=1.584]
  epoch 3/3:  18%|█▊        | 16/88 [00:04<00:19,  3.78it/s, loss=1.589]
  epoch 3/3:  19%|█▉        | 17/88 [00:04<00:18,  3.79it/s, loss=1.589]
  epoch 3/3:  19%|█▉        | 17/88 [00:04<00:18,  3.79it/s, loss=1.591]
  epoch 3/3:  20%|██        | 18/88 [00:04<00:18,  3.78it/s, loss=1.591]
  epoch 3/3:  20%|██        | 18/88 [00:05<00:18,  3.78it/s, loss=1.587]
  epoch 3/3:  22%|██▏       | 19/88 [00:05<00:18,  3.78it/s, loss=1.587]
  epoch 3/3:  22%|██▏       | 19/88 [00:05<00:18,  3.78it/s, loss=1.586]
  epoch 3/3:  23%|██▎       | 20/88 [00:05<00:17,  3.79it/s, loss=1.586]
  epoch 3/3:  23%|██▎       | 20/88 [00:05<00:17,  3.79it/s, loss=1.579]
  epoch 3/3:  24%|██▍       | 21/88 [00:05<00:17,  3.78it/s, loss=1.579]
  epoch 3/3:  24%|██▍       | 21/88 [00:06<00:17,  3.78it/s, loss=1.577]
  epoch 3/3:  25%|██▌       | 22/88 [00:06<00:17,  3.78it/s, loss=1.577]
  epoch 3/3:  25%|██▌       | 22/88 [00:06<00:17,  3.78it/s, loss=1.577]
  epoch 3/3:  26%|██▌       | 23/88 [00:06<00:17,  3.77it/s, loss=1.577]
  epoch 3/3:  26%|██▌       | 23/88 [00:06<00:17,  3.77it/s, loss=1.576]
  epoch 3/3:  27%|██▋       | 24/88 [00:06<00:17,  3.71it/s, loss=1.576]
  epoch 3/3:  27%|██▋       | 24/88 [00:06<00:17,  3.71it/s, loss=1.578]
  epoch 3/3:  28%|██▊       | 25/88 [00:06<00:16,  3.74it/s, loss=1.578]
  epoch 3/3:  28%|██▊       | 25/88 [00:07<00:16,  3.74it/s, loss=1.577]
  epoch 3/3:  30%|██▉       | 26/88 [00:07<00:16,  3.75it/s, loss=1.577]
  epoch 3/3:  30%|██▉       | 26/88 [00:07<00:16,  3.75it/s, loss=1.578]
  epoch 3/3:  31%|███       | 27/88 [00:07<00:16,  3.76it/s, loss=1.578]
  epoch 3/3:  31%|███       | 27/88 [00:07<00:16,  3.76it/s, loss=1.576]
  epoch 3/3:  32%|███▏      | 28/88 [00:07<00:15,  3.75it/s, loss=1.576]
  epoch 3/3:  32%|███▏      | 28/88 [00:07<00:15,  3.75it/s, loss=1.574]
  epoch 3/3:  33%|███▎      | 29/88 [00:07<00:15,  3.75it/s, loss=1.574]
  epoch 3/3:  33%|███▎      | 29/88 [00:08<00:15,  3.75it/s, loss=1.571]
  epoch 3/3:  34%|███▍      | 30/88 [00:08<00:15,  3.76it/s, loss=1.571]
  epoch 3/3:  34%|███▍      | 30/88 [00:08<00:15,  3.76it/s, loss=1.569]
  epoch 3/3:  35%|███▌      | 31/88 [00:08<00:15,  3.77it/s, loss=1.569]
  epoch 3/3:  35%|███▌      | 31/88 [00:08<00:15,  3.77it/s, loss=1.568]
  epoch 3/3:  36%|███▋      | 32/88 [00:08<00:14,  3.78it/s, loss=1.568]
  epoch 3/3:  36%|███▋      | 32/88 [00:08<00:14,  3.78it/s, loss=1.571]
  epoch 3/3:  38%|███▊      | 33/88 [00:08<00:14,  3.79it/s, loss=1.571]
  epoch 3/3:  38%|███▊      | 33/88 [00:09<00:14,  3.79it/s, loss=1.578]
  epoch 3/3:  39%|███▊      | 34/88 [00:09<00:14,  3.79it/s, loss=1.578]
  epoch 3/3:  39%|███▊      | 34/88 [00:09<00:14,  3.79it/s, loss=1.577]
  epoch 3/3:  40%|███▉      | 35/88 [00:09<00:13,  3.79it/s, loss=1.577]
  epoch 3/3:  40%|███▉      | 35/88 [00:09<00:13,  3.79it/s, loss=1.574]
  epoch 3/3:  41%|████      | 36/88 [00:09<00:13,  3.80it/s, loss=1.574]
  epoch 3/3:  41%|████      | 36/88 [00:10<00:13,  3.80it/s, loss=1.571]
  epoch 3/3:  42%|████▏     | 37/88 [00:10<00:13,  3.80it/s, loss=1.571]
  epoch 3/3:  42%|████▏     | 37/88 [00:10<00:13,  3.80it/s, loss=1.572]
  epoch 3/3:  43%|████▎     | 38/88 [00:10<00:13,  3.80it/s, loss=1.572]
  epoch 3/3:  43%|████▎     | 38/88 [00:10<00:13,  3.80it/s, loss=1.572]
  epoch 3/3:  44%|████▍     | 39/88 [00:10<00:12,  3.80it/s, loss=1.572]
  epoch 3/3:  44%|████▍     | 39/88 [00:10<00:12,  3.80it/s, loss=1.570]
  epoch 3/3:  45%|████▌     | 40/88 [00:10<00:12,  3.74it/s, loss=1.570]
  epoch 3/3:  45%|████▌     | 40/88 [00:11<00:12,  3.74it/s, loss=1.572]
  epoch 3/3:  47%|████▋     | 41/88 [00:11<00:12,  3.75it/s, loss=1.572]
  epoch 3/3:  47%|████▋     | 41/88 [00:11<00:12,  3.75it/s, loss=1.569]
  epoch 3/3:  48%|████▊     | 42/88 [00:11<00:12,  3.75it/s, loss=1.569]
  epoch 3/3:  48%|████▊     | 42/88 [00:11<00:12,  3.75it/s, loss=1.567]
  epoch 3/3:  49%|████▉     | 43/88 [00:11<00:11,  3.76it/s, loss=1.567]
  epoch 3/3:  49%|████▉     | 43/88 [00:11<00:11,  3.76it/s, loss=1.565]
  epoch 3/3:  50%|█████     | 44/88 [00:11<00:11,  3.77it/s, loss=1.565]
  epoch 3/3:  50%|█████     | 44/88 [00:12<00:11,  3.77it/s, loss=1.563]
  epoch 3/3:  51%|█████     | 45/88 [00:12<00:11,  3.78it/s, loss=1.563]
  epoch 3/3:  51%|█████     | 45/88 [00:12<00:11,  3.78it/s, loss=1.564]
  epoch 3/3:  52%|█████▏    | 46/88 [00:12<00:11,  3.79it/s, loss=1.564]
  epoch 3/3:  52%|█████▏    | 46/88 [00:12<00:11,  3.79it/s, loss=1.565]
  epoch 3/3:  53%|█████▎    | 47/88 [00:12<00:10,  3.78it/s, loss=1.565]
  epoch 3/3:  53%|█████▎    | 47/88 [00:12<00:10,  3.78it/s, loss=1.565]
  epoch 3/3:  55%|█████▍    | 48/88 [00:12<00:10,  3.79it/s, loss=1.565]
  epoch 3/3:  55%|█████▍    | 48/88 [00:13<00:10,  3.79it/s, loss=1.567]
  epoch 3/3:  56%|█████▌    | 49/88 [00:13<00:10,  3.79it/s, loss=1.567]
  epoch 3/3:  56%|█████▌    | 49/88 [00:13<00:10,  3.79it/s, loss=1.566]
  epoch 3/3:  57%|█████▋    | 50/88 [00:13<00:10,  3.79it/s, loss=1.566]
  epoch 3/3:  57%|█████▋    | 50/88 [00:13<00:10,  3.79it/s, loss=1.564]
  epoch 3/3:  58%|█████▊    | 51/88 [00:13<00:09,  3.80it/s, loss=1.564]
  epoch 3/3:  58%|█████▊    | 51/88 [00:13<00:09,  3.80it/s, loss=1.563]
  epoch 3/3:  59%|█████▉    | 52/88 [00:13<00:09,  3.79it/s, loss=1.563]
  epoch 3/3:  59%|█████▉    | 52/88 [00:14<00:09,  3.79it/s, loss=1.560]
  epoch 3/3:  60%|██████    | 53/88 [00:14<00:09,  3.79it/s, loss=1.560]
  epoch 3/3:  60%|██████    | 53/88 [00:14<00:09,  3.79it/s, loss=1.562]
  epoch 3/3:  61%|██████▏   | 54/88 [00:14<00:08,  3.79it/s, loss=1.562]
  epoch 3/3:  61%|██████▏   | 54/88 [00:14<00:08,  3.79it/s, loss=1.559]
  epoch 3/3:  62%|██████▎   | 55/88 [00:14<00:08,  3.78it/s, loss=1.559]
  epoch 3/3:  62%|██████▎   | 55/88 [00:15<00:08,  3.78it/s, loss=1.557]
  epoch 3/3:  64%|██████▎   | 56/88 [00:15<00:08,  3.74it/s, loss=1.557]
  epoch 3/3:  64%|██████▎   | 56/88 [00:15<00:08,  3.74it/s, loss=1.555]
  epoch 3/3:  65%|██████▍   | 57/88 [00:15<00:08,  3.74it/s, loss=1.555]
  epoch 3/3:  65%|██████▍   | 57/88 [00:15<00:08,  3.74it/s, loss=1.554]
  epoch 3/3:  66%|██████▌   | 58/88 [00:15<00:07,  3.76it/s, loss=1.554]
  epoch 3/3:  66%|██████▌   | 58/88 [00:15<00:07,  3.76it/s, loss=1.555]
  epoch 3/3:  67%|██████▋   | 59/88 [00:15<00:07,  3.77it/s, loss=1.555]
  epoch 3/3:  67%|██████▋   | 59/88 [00:16<00:07,  3.77it/s, loss=1.552]
  epoch 3/3:  68%|██████▊   | 60/88 [00:16<00:07,  3.78it/s, loss=1.552]
  epoch 3/3:  68%|██████▊   | 60/88 [00:16<00:07,  3.78it/s, loss=1.550]
  epoch 3/3:  69%|██████▉   | 61/88 [00:16<00:07,  3.78it/s, loss=1.550]
  epoch 3/3:  69%|██████▉   | 61/88 [00:16<00:07,  3.78it/s, loss=1.550]
  epoch 3/3:  70%|███████   | 62/88 [00:16<00:06,  3.77it/s, loss=1.550]
  epoch 3/3:  70%|███████   | 62/88 [00:16<00:06,  3.77it/s, loss=1.547]
  epoch 3/3:  72%|███████▏  | 63/88 [00:16<00:06,  3.78it/s, loss=1.547]
  epoch 3/3:  72%|███████▏  | 63/88 [00:17<00:06,  3.78it/s, loss=1.546]
  epoch 3/3:  73%|███████▎  | 64/88 [00:17<00:06,  3.78it/s, loss=1.546]
  epoch 3/3:  73%|███████▎  | 64/88 [00:17<00:06,  3.78it/s, loss=1.545]
  epoch 3/3:  74%|███████▍  | 65/88 [00:17<00:06,  3.78it/s, loss=1.545]
  epoch 3/3:  74%|███████▍  | 65/88 [00:17<00:06,  3.78it/s, loss=1.544]
  epoch 3/3:  75%|███████▌  | 66/88 [00:17<00:05,  3.77it/s, loss=1.544]
  epoch 3/3:  75%|███████▌  | 66/88 [00:17<00:05,  3.77it/s, loss=1.544]
  epoch 3/3:  76%|███████▌  | 67/88 [00:17<00:05,  3.76it/s, loss=1.544]
  epoch 3/3:  76%|███████▌  | 67/88 [00:18<00:05,  3.76it/s, loss=1.543]
  epoch 3/3:  77%|███████▋  | 68/88 [00:18<00:05,  3.75it/s, loss=1.543]
  epoch 3/3:  77%|███████▋  | 68/88 [00:18<00:05,  3.75it/s, loss=1.542]
  epoch 3/3:  78%|███████▊  | 69/88 [00:18<00:05,  3.76it/s, loss=1.542]
  epoch 3/3:  78%|███████▊  | 69/88 [00:18<00:05,  3.76it/s, loss=1.540]
  epoch 3/3:  80%|███████▉  | 70/88 [00:18<00:04,  3.77it/s, loss=1.540]
  epoch 3/3:  80%|███████▉  | 70/88 [00:19<00:04,  3.77it/s, loss=1.540]
  epoch 3/3:  81%|████████  | 71/88 [00:19<00:04,  3.78it/s, loss=1.540]
  epoch 3/3:  81%|████████  | 71/88 [00:19<00:04,  3.78it/s, loss=1.540]
  epoch 3/3:  82%|████████▏ | 72/88 [00:19<00:04,  3.73it/s, loss=1.540]
  epoch 3/3:  82%|████████▏ | 72/88 [00:19<00:04,  3.73it/s, loss=1.539]
  epoch 3/3:  83%|████████▎ | 73/88 [00:19<00:03,  3.75it/s, loss=1.539]
  epoch 3/3:  83%|████████▎ | 73/88 [00:19<00:03,  3.75it/s, loss=1.539]
  epoch 3/3:  84%|████████▍ | 74/88 [00:19<00:03,  3.75it/s, loss=1.539]
  epoch 3/3:  84%|████████▍ | 74/88 [00:20<00:03,  3.75it/s, loss=1.538]
  epoch 3/3:  85%|████████▌ | 75/88 [00:20<00:03,  3.75it/s, loss=1.538]
  epoch 3/3:  85%|████████▌ | 75/88 [00:20<00:03,  3.75it/s, loss=1.538]
  epoch 3/3:  86%|████████▋ | 76/88 [00:20<00:03,  3.76it/s, loss=1.538]
  epoch 3/3:  86%|████████▋ | 76/88 [00:20<00:03,  3.76it/s, loss=1.538]
  epoch 3/3:  88%|████████▊ | 77/88 [00:20<00:02,  3.76it/s, loss=1.538]
  epoch 3/3:  88%|████████▊ | 77/88 [00:20<00:02,  3.76it/s, loss=1.539]
  epoch 3/3:  89%|████████▊ | 78/88 [00:20<00:02,  3.77it/s, loss=1.539]
  epoch 3/3:  89%|████████▊ | 78/88 [00:21<00:02,  3.77it/s, loss=1.538]
  epoch 3/3:  90%|████████▉ | 79/88 [00:21<00:02,  3.78it/s, loss=1.538]
  epoch 3/3:  90%|████████▉ | 79/88 [00:21<00:02,  3.78it/s, loss=1.537]
  epoch 3/3:  91%|█████████ | 80/88 [00:21<00:02,  3.79it/s, loss=1.537]
  epoch 3/3:  91%|█████████ | 80/88 [00:21<00:02,  3.79it/s, loss=1.536]
  epoch 3/3:  92%|█████████▏| 81/88 [00:21<00:01,  3.79it/s, loss=1.536]
  epoch 3/3:  92%|█████████▏| 81/88 [00:21<00:01,  3.79it/s, loss=1.535]
  epoch 3/3:  93%|█████████▎| 82/88 [00:21<00:01,  3.79it/s, loss=1.535]
  epoch 3/3:  93%|█████████▎| 82/88 [00:22<00:01,  3.79it/s, loss=1.534]
  epoch 3/3:  94%|█████████▍| 83/88 [00:22<00:01,  3.79it/s, loss=1.534]
  epoch 3/3:  94%|█████████▍| 83/88 [00:22<00:01,  3.79it/s, loss=1.533]
  epoch 3/3:  95%|█████████▌| 84/88 [00:22<00:01,  3.79it/s, loss=1.533]
  epoch 3/3:  95%|█████████▌| 84/88 [00:22<00:01,  3.79it/s, loss=1.532]
  epoch 3/3:  97%|█████████▋| 85/88 [00:22<00:00,  3.79it/s, loss=1.532]
  epoch 3/3:  97%|█████████▋| 85/88 [00:23<00:00,  3.79it/s, loss=1.534]
  epoch 3/3:  98%|█████████▊| 86/88 [00:23<00:00,  3.80it/s, loss=1.534]
  epoch 3/3:  98%|█████████▊| 86/88 [00:23<00:00,  3.80it/s, loss=1.535]
  epoch 3/3:  99%|█████████▉| 87/88 [00:23<00:00,  3.79it/s, loss=1.535]
  epoch 3/3:  99%|█████████▉| 87/88 [00:23<00:00,  3.79it/s, loss=1.535]
  epoch 3/3: 100%|██████████| 88/88 [00:23<00:00,  4.09it/s, loss=1.535]
                                                                        
[titans] reset=never | norm(state) sau task = 123.2920
[titans]   self-mod v:β=1.00 |W|=0.06
[titans]   eta_t(avg)=0.3261  alpha_t/forget-gate(avg)=0.6040
[task 7] test acc so far: 0.031  0.069  0.006  0.009  0.003  0.100  0.043  0.009
[task 7] NCM-head acc so far: 0.683  0.754  0.700  0.643  0.663  0.686  0.831  0.683
[task 8] classes=[4, 7, 8, 16, 36] | train=2800

  epoch 1/3:   0%|          | 0/88 [00:00<?, ?it/s]
  epoch 1/3:   0%|          | 0/88 [00:00<?, ?it/s, loss=1.600]
  epoch 1/3:   1%|          | 1/88 [00:00<00:40,  2.13it/s, loss=1.600]
  epoch 1/3:   1%|          | 1/88 [00:00<00:40,  2.13it/s, loss=1.663]
  epoch 1/3:   2%|▏         | 2/88 [00:00<00:29,  2.88it/s, loss=1.663]
  epoch 1/3:   2%|▏         | 2/88 [00:00<00:29,  2.88it/s, loss=1.712]
  epoch 1/3:   3%|▎         | 3/88 [00:00<00:26,  3.23it/s, loss=1.712]
  epoch 1/3:   3%|▎         | 3/88 [00:01<00:26,  3.23it/s, loss=1.747]
  epoch 1/3:   5%|▍         | 4/88 [00:01<00:24,  3.41it/s, loss=1.747]
  epoch 1/3:   5%|▍         | 4/88 [00:01<00:24,  3.41it/s, loss=1.719]
  epoch 1/3:   6%|▌         | 5/88 [00:01<00:23,  3.52it/s, loss=1.719]
  epoch 1/3:   6%|▌         | 5/88 [00:01<00:23,  3.52it/s, loss=1.712]
  epoch 1/3:   7%|▋         | 6/88 [00:01<00:22,  3.59it/s, loss=1.712]
  epoch 1/3:   7%|▋         | 6/88 [00:02<00:22,  3.59it/s, loss=1.715]
  epoch 1/3:   8%|▊         | 7/88 [00:02<00:22,  3.66it/s, loss=1.715]
  epoch 1/3:   8%|▊         | 7/88 [00:02<00:22,  3.66it/s, loss=1.709]
  epoch 1/3:   9%|▉         | 8/88 [00:02<00:21,  3.70it/s, loss=1.709]
  epoch 1/3:   9%|▉         | 8/88 [00:02<00:21,  3.70it/s, loss=1.697]
  epoch 1/3:  10%|█         | 9/88 [00:02<00:21,  3.73it/s, loss=1.697]
  epoch 1/3:  10%|█         | 9/88 [00:02<00:21,  3.73it/s, loss=1.692]
  epoch 1/3:  11%|█▏        | 10/88 [00:02<00:20,  3.75it/s, loss=1.692]
  epoch 1/3:  11%|█▏        | 10/88 [00:03<00:20,  3.75it/s, loss=1.692]
  epoch 1/3:  12%|█▎        | 11/88 [00:03<00:20,  3.77it/s, loss=1.692]
  epoch 1/3:  12%|█▎        | 11/88 [00:03<00:20,  3.77it/s, loss=1.682]
  epoch 1/3:  14%|█▎        | 12/88 [00:03<00:20,  3.78it/s, loss=1.682]
  epoch 1/3:  14%|█▎        | 12/88 [00:03<00:20,  3.78it/s, loss=1.684]
  epoch 1/3:  15%|█▍        | 13/88 [00:03<00:19,  3.78it/s, loss=1.684]
  epoch 1/3:  15%|█▍        | 13/88 [00:03<00:19,  3.78it/s, loss=1.686]
  epoch 1/3:  16%|█▌        | 14/88 [00:03<00:19,  3.79it/s, loss=1.686]
  epoch 1/3:  16%|█▌        | 14/88 [00:04<00:19,  3.79it/s, loss=1.687]
  epoch 1/3:  17%|█▋        | 15/88 [00:04<00:19,  3.79it/s, loss=1.687]
  epoch 1/3:  17%|█▋        | 15/88 [00:04<00:19,  3.79it/s, loss=1.697]
  epoch 1/3:  18%|█▊        | 16/88 [00:04<00:19,  3.75it/s, loss=1.697]
  epoch 1/3:  18%|█▊        | 16/88 [00:04<00:19,  3.75it/s, loss=1.697]
  epoch 1/3:  19%|█▉        | 17/88 [00:04<00:18,  3.76it/s, loss=1.697]
  epoch 1/3:  19%|█▉        | 17/88 [00:04<00:18,  3.76it/s, loss=1.696]
  epoch 1/3:  20%|██        | 18/88 [00:04<00:18,  3.75it/s, loss=1.696]
  epoch 1/3:  20%|██        | 18/88 [00:05<00:18,  3.75it/s, loss=1.693]
  epoch 1/3:  22%|██▏       | 19/88 [00:05<00:18,  3.75it/s, loss=1.693]
  epoch 1/3:  22%|██▏       | 19/88 [00:05<00:18,  3.75it/s, loss=1.695]
  epoch 1/3:  23%|██▎       | 20/88 [00:05<00:18,  3.76it/s, loss=1.695]
  epoch 1/3:  23%|██▎       | 20/88 [00:05<00:18,  3.76it/s, loss=1.692]
  epoch 1/3:  24%|██▍       | 21/88 [00:05<00:17,  3.77it/s, loss=1.692]
  epoch 1/3:  24%|██▍       | 21/88 [00:06<00:17,  3.77it/s, loss=1.694]
  epoch 1/3:  25%|██▌       | 22/88 [00:06<00:17,  3.78it/s, loss=1.694]
  epoch 1/3:  25%|██▌       | 22/88 [00:06<00:17,  3.78it/s, loss=1.698]
  epoch 1/3:  26%|██▌       | 23/88 [00:06<00:17,  3.79it/s, loss=1.698]
  epoch 1/3:  26%|██▌       | 23/88 [00:06<00:17,  3.79it/s, loss=1.694]
  epoch 1/3:  27%|██▋       | 24/88 [00:06<00:16,  3.79it/s, loss=1.694]
  epoch 1/3:  27%|██▋       | 24/88 [00:06<00:16,  3.79it/s, loss=1.692]
  epoch 1/3:  28%|██▊       | 25/88 [00:06<00:16,  3.79it/s, loss=1.692]
  epoch 1/3:  28%|██▊       | 25/88 [00:07<00:16,  3.79it/s, loss=1.689]
  epoch 1/3:  30%|██▉       | 26/88 [00:07<00:16,  3.79it/s, loss=1.689]
  epoch 1/3:  30%|██▉       | 26/88 [00:07<00:16,  3.79it/s, loss=1.686]
  epoch 1/3:  31%|███       | 27/88 [00:07<00:16,  3.79it/s, loss=1.686]
  epoch 1/3:  31%|███       | 27/88 [00:07<00:16,  3.79it/s, loss=1.684]
  epoch 1/3:  32%|███▏      | 28/88 [00:07<00:15,  3.79it/s, loss=1.684]
  epoch 1/3:  32%|███▏      | 28/88 [00:07<00:15,  3.79it/s, loss=1.685]
  epoch 1/3:  33%|███▎      | 29/88 [00:07<00:15,  3.79it/s, loss=1.685]
  epoch 1/3:  33%|███▎      | 29/88 [00:08<00:15,  3.79it/s, loss=1.686]
  epoch 1/3:  34%|███▍      | 30/88 [00:08<00:15,  3.80it/s, loss=1.686]
  epoch 1/3:  34%|███▍      | 30/88 [00:08<00:15,  3.80it/s, loss=1.685]
  epoch 1/3:  35%|███▌      | 31/88 [00:08<00:15,  3.80it/s, loss=1.685]
  epoch 1/3:  35%|███▌      | 31/88 [00:08<00:15,  3.80it/s, loss=1.684]
  epoch 1/3:  36%|███▋      | 32/88 [00:08<00:14,  3.75it/s, loss=1.684]
  epoch 1/3:  36%|███▋      | 32/88 [00:08<00:14,  3.75it/s, loss=1.688]
  epoch 1/3:  38%|███▊      | 33/88 [00:08<00:14,  3.78it/s, loss=1.688]
  epoch 1/3:  38%|███▊      | 33/88 [00:09<00:14,  3.78it/s, loss=1.691]
  epoch 1/3:  39%|███▊      | 34/88 [00:09<00:14,  3.78it/s, loss=1.691]
  epoch 1/3:  39%|███▊      | 34/88 [00:09<00:14,  3.78it/s, loss=1.692]
  epoch 1/3:  40%|███▉      | 35/88 [00:09<00:14,  3.78it/s, loss=1.692]
  epoch 1/3:  40%|███▉      | 35/88 [00:09<00:14,  3.78it/s, loss=1.691]
  epoch 1/3:  41%|████      | 36/88 [00:09<00:13,  3.78it/s, loss=1.691]
  epoch 1/3:  41%|████      | 36/88 [00:09<00:13,  3.78it/s, loss=1.689]
  epoch 1/3:  42%|████▏     | 37/88 [00:10<00:13,  3.76it/s, loss=1.689]
  epoch 1/3:  42%|████▏     | 37/88 [00:10<00:13,  3.76it/s, loss=1.689]
  epoch 1/3:  43%|████▎     | 38/88 [00:10<00:13,  3.76it/s, loss=1.689]
  epoch 1/3:  43%|████▎     | 38/88 [00:10<00:13,  3.76it/s, loss=1.689]
  epoch 1/3:  44%|████▍     | 39/88 [00:10<00:12,  3.77it/s, loss=1.689]
  epoch 1/3:  44%|████▍     | 39/88 [00:10<00:12,  3.77it/s, loss=1.690]
  epoch 1/3:  45%|████▌     | 40/88 [00:10<00:12,  3.78it/s, loss=1.690]
  epoch 1/3:  45%|████▌     | 40/88 [00:11<00:12,  3.78it/s, loss=1.695]
  epoch 1/3:  47%|████▋     | 41/88 [00:11<00:12,  3.79it/s, loss=1.695]
  epoch 1/3:  47%|████▋     | 41/88 [00:11<00:12,  3.79it/s, loss=1.691]
  epoch 1/3:  48%|████▊     | 42/88 [00:11<00:12,  3.79it/s, loss=1.691]
  epoch 1/3:  48%|████▊     | 42/88 [00:11<00:12,  3.79it/s, loss=1.689]
  epoch 1/3:  49%|████▉     | 43/88 [00:11<00:11,  3.80it/s, loss=1.689]
  epoch 1/3:  49%|████▉     | 43/88 [00:11<00:11,  3.80it/s, loss=1.688]
  epoch 1/3:  50%|█████     | 44/88 [00:11<00:11,  3.79it/s, loss=1.688]
  epoch 1/3:  50%|█████     | 44/88 [00:12<00:11,  3.79it/s, loss=1.687]
  epoch 1/3:  51%|█████     | 45/88 [00:12<00:11,  3.80it/s, loss=1.687]
  epoch 1/3:  51%|█████     | 45/88 [00:12<00:11,  3.80it/s, loss=1.686]
  epoch 1/3:  52%|█████▏    | 46/88 [00:12<00:11,  3.79it/s, loss=1.686]
  epoch 1/3:  52%|█████▏    | 46/88 [00:12<00:11,  3.79it/s, loss=1.685]
  epoch 1/3:  53%|█████▎    | 47/88 [00:12<00:10,  3.80it/s, loss=1.685]
  epoch 1/3:  53%|█████▎    | 47/88 [00:12<00:10,  3.80it/s, loss=1.684]
  epoch 1/3:  55%|█████▍    | 48/88 [00:12<00:10,  3.75it/s, loss=1.684]
  epoch 1/3:  55%|█████▍    | 48/88 [00:13<00:10,  3.75it/s, loss=1.683]
  epoch 1/3:  56%|█████▌    | 49/88 [00:13<00:10,  3.78it/s, loss=1.683]
  epoch 1/3:  56%|█████▌    | 49/88 [00:13<00:10,  3.78it/s, loss=1.682]
  epoch 1/3:  57%|█████▋    | 50/88 [00:13<00:10,  3.78it/s, loss=1.682]
  epoch 1/3:  57%|█████▋    | 50/88 [00:13<00:10,  3.78it/s, loss=1.681]
  epoch 1/3:  58%|█████▊    | 51/88 [00:13<00:09,  3.79it/s, loss=1.681]
  epoch 1/3:  58%|█████▊    | 51/88 [00:13<00:09,  3.79it/s, loss=1.679]
  epoch 1/3:  59%|█████▉    | 52/88 [00:13<00:09,  3.79it/s, loss=1.679]
  epoch 1/3:  59%|█████▉    | 52/88 [00:14<00:09,  3.79it/s, loss=1.682]
  epoch 1/3:  60%|██████    | 53/88 [00:14<00:09,  3.80it/s, loss=1.682]
  epoch 1/3:  60%|██████    | 53/88 [00:14<00:09,  3.80it/s, loss=1.684]
  epoch 1/3:  61%|██████▏   | 54/88 [00:14<00:08,  3.79it/s, loss=1.684]
  epoch 1/3:  61%|██████▏   | 54/88 [00:14<00:08,  3.79it/s, loss=1.680]
  epoch 1/3:  62%|██████▎   | 55/88 [00:14<00:08,  3.79it/s, loss=1.680]
  epoch 1/3:  62%|██████▎   | 55/88 [00:15<00:08,  3.79it/s, loss=1.679]
  epoch 1/3:  64%|██████▎   | 56/88 [00:15<00:08,  3.80it/s, loss=1.679]
  epoch 1/3:  64%|██████▎   | 56/88 [00:15<00:08,  3.80it/s, loss=1.679]
  epoch 1/3:  65%|██████▍   | 57/88 [00:15<00:08,  3.79it/s, loss=1.679]
  epoch 1/3:  65%|██████▍   | 57/88 [00:15<00:08,  3.79it/s, loss=1.680]
  epoch 1/3:  66%|██████▌   | 58/88 [00:15<00:07,  3.79it/s, loss=1.680]
  epoch 1/3:  66%|██████▌   | 58/88 [00:15<00:07,  3.79it/s, loss=1.678]
  epoch 1/3:  67%|██████▋   | 59/88 [00:15<00:07,  3.79it/s, loss=1.678]
  epoch 1/3:  67%|██████▋   | 59/88 [00:16<00:07,  3.79it/s, loss=1.678]
  epoch 1/3:  68%|██████▊   | 60/88 [00:16<00:07,  3.80it/s, loss=1.678]
  epoch 1/3:  68%|██████▊   | 60/88 [00:16<00:07,  3.80it/s, loss=1.678]
  epoch 1/3:  69%|██████▉   | 61/88 [00:16<00:07,  3.79it/s, loss=1.678]
  epoch 1/3:  69%|██████▉   | 61/88 [00:16<00:07,  3.79it/s, loss=1.679]
  epoch 1/3:  70%|███████   | 62/88 [00:16<00:06,  3.80it/s, loss=1.679]
  epoch 1/3:  70%|███████   | 62/88 [00:16<00:06,  3.80it/s, loss=1.679]
  epoch 1/3:  72%|███████▏  | 63/88 [00:16<00:06,  3.80it/s, loss=1.679]
  epoch 1/3:  72%|███████▏  | 63/88 [00:17<00:06,  3.80it/s, loss=1.679]
  epoch 1/3:  73%|███████▎  | 64/88 [00:17<00:06,  3.75it/s, loss=1.679]
  epoch 1/3:  73%|███████▎  | 64/88 [00:17<00:06,  3.75it/s, loss=1.681]
  epoch 1/3:  74%|███████▍  | 65/88 [00:17<00:06,  3.75it/s, loss=1.681]
  epoch 1/3:  74%|███████▍  | 65/88 [00:17<00:06,  3.75it/s, loss=1.680]
  epoch 1/3:  75%|███████▌  | 66/88 [00:17<00:05,  3.76it/s, loss=1.680]
  epoch 1/3:  75%|███████▌  | 66/88 [00:17<00:05,  3.76it/s, loss=1.680]
  epoch 1/3:  76%|███████▌  | 67/88 [00:17<00:05,  3.77it/s, loss=1.680]
  epoch 1/3:  76%|███████▌  | 67/88 [00:18<00:05,  3.77it/s, loss=1.679]
  epoch 1/3:  77%|███████▋  | 68/88 [00:18<00:05,  3.78it/s, loss=1.679]
  epoch 1/3:  77%|███████▋  | 68/88 [00:18<00:05,  3.78it/s, loss=1.678]
  epoch 1/3:  78%|███████▊  | 69/88 [00:18<00:05,  3.78it/s, loss=1.678]
  epoch 1/3:  78%|███████▊  | 69/88 [00:18<00:05,  3.78it/s, loss=1.677]
  epoch 1/3:  80%|███████▉  | 70/88 [00:18<00:04,  3.79it/s, loss=1.677]
  epoch 1/3:  80%|███████▉  | 70/88 [00:18<00:04,  3.79it/s, loss=1.677]
  epoch 1/3:  81%|████████  | 71/88 [00:18<00:04,  3.79it/s, loss=1.677]
  epoch 1/3:  81%|████████  | 71/88 [00:19<00:04,  3.79it/s, loss=1.674]
  epoch 1/3:  82%|████████▏ | 72/88 [00:19<00:04,  3.79it/s, loss=1.674]
  epoch 1/3:  82%|████████▏ | 72/88 [00:19<00:04,  3.79it/s, loss=1.673]
  epoch 1/3:  83%|████████▎ | 73/88 [00:19<00:03,  3.80it/s, loss=1.673]
  epoch 1/3:  83%|████████▎ | 73/88 [00:19<00:03,  3.80it/s, loss=1.674]
  epoch 1/3:  84%|████████▍ | 74/88 [00:19<00:03,  3.80it/s, loss=1.674]
  epoch 1/3:  84%|████████▍ | 74/88 [00:20<00:03,  3.80it/s, loss=1.672]
  epoch 1/3:  85%|████████▌ | 75/88 [00:20<00:03,  3.80it/s, loss=1.672]
  epoch 1/3:  85%|████████▌ | 75/88 [00:20<00:03,  3.80it/s, loss=1.673]
  epoch 1/3:  86%|████████▋ | 76/88 [00:20<00:03,  3.80it/s, loss=1.673]
  epoch 1/3:  86%|████████▋ | 76/88 [00:20<00:03,  3.80it/s, loss=1.671]
  epoch 1/3:  88%|████████▊ | 77/88 [00:20<00:02,  3.80it/s, loss=1.671]
  epoch 1/3:  88%|████████▊ | 77/88 [00:20<00:02,  3.80it/s, loss=1.672]
  epoch 1/3:  89%|████████▊ | 78/88 [00:20<00:02,  3.80it/s, loss=1.672]
  epoch 1/3:  89%|████████▊ | 78/88 [00:21<00:02,  3.80it/s, loss=1.672]
  epoch 1/3:  90%|████████▉ | 79/88 [00:21<00:02,  3.79it/s, loss=1.672]
  epoch 1/3:  90%|████████▉ | 79/88 [00:21<00:02,  3.79it/s, loss=1.672]
  epoch 1/3:  91%|█████████ | 80/88 [00:21<00:02,  3.74it/s, loss=1.672]
  epoch 1/3:  91%|█████████ | 80/88 [00:21<00:02,  3.74it/s, loss=1.671]
  epoch 1/3:  92%|█████████▏| 81/88 [00:21<00:01,  3.75it/s, loss=1.671]
  epoch 1/3:  92%|█████████▏| 81/88 [00:21<00:01,  3.75it/s, loss=1.669]
  epoch 1/3:  93%|█████████▎| 82/88 [00:21<00:01,  3.75it/s, loss=1.669]
  epoch 1/3:  93%|█████████▎| 82/88 [00:22<00:01,  3.75it/s, loss=1.668]
  epoch 1/3:  94%|█████████▍| 83/88 [00:22<00:01,  3.76it/s, loss=1.668]
  epoch 1/3:  94%|█████████▍| 83/88 [00:22<00:01,  3.76it/s, loss=1.667]
  epoch 1/3:  95%|█████████▌| 84/88 [00:22<00:01,  3.76it/s, loss=1.667]
  epoch 1/3:  95%|█████████▌| 84/88 [00:22<00:01,  3.76it/s, loss=1.666]
  epoch 1/3:  97%|█████████▋| 85/88 [00:22<00:00,  3.77it/s, loss=1.666]
  epoch 1/3:  97%|█████████▋| 85/88 [00:22<00:00,  3.77it/s, loss=1.665]
  epoch 1/3:  98%|█████████▊| 86/88 [00:22<00:00,  3.78it/s, loss=1.665]
  epoch 1/3:  98%|█████████▊| 86/88 [00:23<00:00,  3.78it/s, loss=1.665]
  epoch 1/3:  99%|█████████▉| 87/88 [00:23<00:00,  3.79it/s, loss=1.665]
  epoch 1/3:  99%|█████████▉| 87/88 [00:23<00:00,  3.79it/s, loss=1.666]
  epoch 1/3: 100%|██████████| 88/88 [00:23<00:00,  4.14it/s, loss=1.666]
                                                                        

  epoch 2/3:   0%|          | 0/88 [00:00<?, ?it/s]
  epoch 2/3:   0%|          | 0/88 [00:00<?, ?it/s, loss=1.579]
  epoch 2/3:   1%|          | 1/88 [00:00<00:40,  2.16it/s, loss=1.579]
  epoch 2/3:   1%|          | 1/88 [00:00<00:40,  2.16it/s, loss=1.627]
  epoch 2/3:   2%|▏         | 2/88 [00:00<00:29,  2.89it/s, loss=1.627]
  epoch 2/3:   2%|▏         | 2/88 [00:00<00:29,  2.89it/s, loss=1.654]
  epoch 2/3:   3%|▎         | 3/88 [00:00<00:26,  3.24it/s, loss=1.654]
  epoch 2/3:   3%|▎         | 3/88 [00:01<00:26,  3.24it/s, loss=1.644]
  epoch 2/3:   5%|▍         | 4/88 [00:01<00:24,  3.43it/s, loss=1.644]
  epoch 2/3:   5%|▍         | 4/88 [00:01<00:24,  3.43it/s, loss=1.634]
  epoch 2/3:   6%|▌         | 5/88 [00:01<00:23,  3.54it/s, loss=1.634]
  epoch 2/3:   6%|▌         | 5/88 [00:01<00:23,  3.54it/s, loss=1.630]
  epoch 2/3:   7%|▋         | 6/88 [00:01<00:22,  3.60it/s, loss=1.630]
  epoch 2/3:   7%|▋         | 6/88 [00:02<00:22,  3.60it/s, loss=1.646]
  epoch 2/3:   8%|▊         | 7/88 [00:02<00:22,  3.65it/s, loss=1.646]
  epoch 2/3:   8%|▊         | 7/88 [00:02<00:22,  3.65it/s, loss=1.645]
  epoch 2/3:   9%|▉         | 8/88 [00:02<00:21,  3.66it/s, loss=1.645]
  epoch 2/3:   9%|▉         | 8/88 [00:02<00:21,  3.66it/s, loss=1.670]
  epoch 2/3:  10%|█         | 9/88 [00:02<00:21,  3.69it/s, loss=1.670]
  epoch 2/3:  10%|█         | 9/88 [00:02<00:21,  3.69it/s, loss=1.673]
  epoch 2/3:  11%|█▏        | 10/88 [00:02<00:21,  3.70it/s, loss=1.673]
  epoch 2/3:  11%|█▏        | 10/88 [00:03<00:21,  3.70it/s, loss=1.674]
  epoch 2/3:  12%|█▎        | 11/88 [00:03<00:20,  3.72it/s, loss=1.674]
  epoch 2/3:  12%|█▎        | 11/88 [00:03<00:20,  3.72it/s, loss=1.677]
  epoch 2/3:  14%|█▎        | 12/88 [00:03<00:20,  3.74it/s, loss=1.677]
  epoch 2/3:  14%|█▎        | 12/88 [00:03<00:20,  3.74it/s, loss=1.673]
  epoch 2/3:  15%|█▍        | 13/88 [00:03<00:19,  3.76it/s, loss=1.673]
  epoch 2/3:  15%|█▍        | 13/88 [00:03<00:19,  3.76it/s, loss=1.678]
  epoch 2/3:  16%|█▌        | 14/88 [00:03<00:19,  3.77it/s, loss=1.678]
  epoch 2/3:  16%|█▌        | 14/88 [00:04<00:19,  3.77it/s, loss=1.677]
  epoch 2/3:  17%|█▋        | 15/88 [00:04<00:19,  3.78it/s, loss=1.677]
  epoch 2/3:  17%|█▋        | 15/88 [00:04<00:19,  3.78it/s, loss=1.674]
  epoch 2/3:  18%|█▊        | 16/88 [00:04<00:19,  3.78it/s, loss=1.674]
  epoch 2/3:  18%|█▊        | 16/88 [00:04<00:19,  3.78it/s, loss=1.666]
  epoch 2/3:  19%|█▉        | 17/88 [00:04<00:18,  3.78it/s, loss=1.666]
  epoch 2/3:  19%|█▉        | 17/88 [00:04<00:18,  3.78it/s, loss=1.661]
  epoch 2/3:  20%|██        | 18/88 [00:04<00:18,  3.79it/s, loss=1.661]
  epoch 2/3:  20%|██        | 18/88 [00:05<00:18,  3.79it/s, loss=1.657]
  epoch 2/3:  22%|██▏       | 19/88 [00:05<00:18,  3.79it/s, loss=1.657]
  epoch 2/3:  22%|██▏       | 19/88 [00:05<00:18,  3.79it/s, loss=1.654]
  epoch 2/3:  23%|██▎       | 20/88 [00:05<00:17,  3.79it/s, loss=1.654]
  epoch 2/3:  23%|██▎       | 20/88 [00:05<00:17,  3.79it/s, loss=1.653]
  epoch 2/3:  24%|██▍       | 21/88 [00:05<00:17,  3.79it/s, loss=1.653]
  epoch 2/3:  24%|██▍       | 21/88 [00:06<00:17,  3.79it/s, loss=1.643]
  epoch 2/3:  25%|██▌       | 22/88 [00:06<00:17,  3.79it/s, loss=1.643]
  epoch 2/3:  25%|██▌       | 22/88 [00:06<00:17,  3.79it/s, loss=1.637]
  epoch 2/3:  26%|██▌       | 23/88 [00:06<00:17,  3.77it/s, loss=1.637]
  epoch 2/3:  26%|██▌       | 23/88 [00:06<00:17,  3.77it/s, loss=1.636]
  epoch 2/3:  27%|██▋       | 24/88 [00:06<00:17,  3.73it/s, loss=1.636]
  epoch 2/3:  27%|██▋       | 24/88 [00:06<00:17,  3.73it/s, loss=1.637]
  epoch 2/3:  28%|██▊       | 25/88 [00:06<00:16,  3.74it/s, loss=1.637]
  epoch 2/3:  28%|██▊       | 25/88 [00:07<00:16,  3.74it/s, loss=1.635]
  epoch 2/3:  30%|██▉       | 26/88 [00:07<00:16,  3.76it/s, loss=1.635]
  epoch 2/3:  30%|██▉       | 26/88 [00:07<00:16,  3.76it/s, loss=1.630]
  epoch 2/3:  31%|███       | 27/88 [00:07<00:16,  3.77it/s, loss=1.630]
  epoch 2/3:  31%|███       | 27/88 [00:07<00:16,  3.77it/s, loss=1.628]
  epoch 2/3:  32%|███▏      | 28/88 [00:07<00:15,  3.78it/s, loss=1.628]
  epoch 2/3:  32%|███▏      | 28/88 [00:07<00:15,  3.78it/s, loss=1.626]
  epoch 2/3:  33%|███▎      | 29/88 [00:07<00:15,  3.78it/s, loss=1.626]
  epoch 2/3:  33%|███▎      | 29/88 [00:08<00:15,  3.78it/s, loss=1.625]
  epoch 2/3:  34%|███▍      | 30/88 [00:08<00:15,  3.78it/s, loss=1.625]
  epoch 2/3:  34%|███▍      | 30/88 [00:08<00:15,  3.78it/s, loss=1.625]
  epoch 2/3:  35%|███▌      | 31/88 [00:08<00:15,  3.78it/s, loss=1.625]
  epoch 2/3:  35%|███▌      | 31/88 [00:08<00:15,  3.78it/s, loss=1.628]
  epoch 2/3:  36%|███▋      | 32/88 [00:08<00:14,  3.78it/s, loss=1.628]
  epoch 2/3:  36%|███▋      | 32/88 [00:08<00:14,  3.78it/s, loss=1.628]
  epoch 2/3:  38%|███▊      | 33/88 [00:08<00:14,  3.78it/s, loss=1.628]
  epoch 2/3:  38%|███▊      | 33/88 [00:09<00:14,  3.78it/s, loss=1.627]
  epoch 2/3:  39%|███▊      | 34/88 [00:09<00:14,  3.79it/s, loss=1.627]
  epoch 2/3:  39%|███▊      | 34/88 [00:09<00:14,  3.79it/s, loss=1.629]
  epoch 2/3:  40%|███▉      | 35/88 [00:09<00:14,  3.78it/s, loss=1.629]
  epoch 2/3:  40%|███▉      | 35/88 [00:09<00:14,  3.78it/s, loss=1.633]
  epoch 2/3:  41%|████      | 36/88 [00:09<00:13,  3.79it/s, loss=1.633]
  epoch 2/3:  41%|████      | 36/88 [00:10<00:13,  3.79it/s, loss=1.634]
  epoch 2/3:  42%|████▏     | 37/88 [00:10<00:13,  3.77it/s, loss=1.634]
  epoch 2/3:  42%|████▏     | 37/88 [00:10<00:13,  3.77it/s, loss=1.630]
  epoch 2/3:  43%|████▎     | 38/88 [00:10<00:13,  3.75it/s, loss=1.630]
  epoch 2/3:  43%|████▎     | 38/88 [00:10<00:13,  3.75it/s, loss=1.630]
  epoch 2/3:  44%|████▍     | 39/88 [00:10<00:13,  3.77it/s, loss=1.630]
  epoch 2/3:  44%|████▍     | 39/88 [00:10<00:13,  3.77it/s, loss=1.631]
  epoch 2/3:  45%|████▌     | 40/88 [00:10<00:12,  3.73it/s, loss=1.631]
  epoch 2/3:  45%|████▌     | 40/88 [00:11<00:12,  3.73it/s, loss=1.630]
  epoch 2/3:  47%|████▋     | 41/88 [00:11<00:12,  3.74it/s, loss=1.630]
  epoch 2/3:  47%|████▋     | 41/88 [00:11<00:12,  3.74it/s, loss=1.632]
  epoch 2/3:  48%|████▊     | 42/88 [00:11<00:12,  3.75it/s, loss=1.632]
  epoch 2/3:  48%|████▊     | 42/88 [00:11<00:12,  3.75it/s, loss=1.634]
  epoch 2/3:  49%|████▉     | 43/88 [00:11<00:12,  3.74it/s, loss=1.634]
  epoch 2/3:  49%|████▉     | 43/88 [00:11<00:12,  3.74it/s, loss=1.627]
  epoch 2/3:  50%|█████     | 44/88 [00:11<00:11,  3.76it/s, loss=1.627]
  epoch 2/3:  50%|█████     | 44/88 [00:12<00:11,  3.76it/s, loss=1.629]
  epoch 2/3:  51%|█████     | 45/88 [00:12<00:11,  3.77it/s, loss=1.629]
  epoch 2/3:  51%|█████     | 45/88 [00:12<00:11,  3.77it/s, loss=1.630]
  epoch 2/3:  52%|█████▏    | 46/88 [00:12<00:11,  3.78it/s, loss=1.630]
  epoch 2/3:  52%|█████▏    | 46/88 [00:12<00:11,  3.78it/s, loss=1.634]
  epoch 2/3:  53%|█████▎    | 47/88 [00:12<00:10,  3.78it/s, loss=1.634]
  epoch 2/3:  53%|█████▎    | 47/88 [00:12<00:10,  3.78it/s, loss=1.633]
  epoch 2/3:  55%|█████▍    | 48/88 [00:12<00:10,  3.78it/s, loss=1.633]
  epoch 2/3:  55%|█████▍    | 48/88 [00:13<00:10,  3.78it/s, loss=1.634]
  epoch 2/3:  56%|█████▌    | 49/88 [00:13<00:10,  3.78it/s, loss=1.634]
  epoch 2/3:  56%|█████▌    | 49/88 [00:13<00:10,  3.78it/s, loss=1.635]
  epoch 2/3:  57%|█████▋    | 50/88 [00:13<00:10,  3.78it/s, loss=1.635]
  epoch 2/3:  57%|█████▋    | 50/88 [00:13<00:10,  3.78it/s, loss=1.635]
  epoch 2/3:  58%|█████▊    | 51/88 [00:13<00:09,  3.79it/s, loss=1.635]
  epoch 2/3:  58%|█████▊    | 51/88 [00:13<00:09,  3.79it/s, loss=1.635]
  epoch 2/3:  59%|█████▉    | 52/88 [00:13<00:09,  3.79it/s, loss=1.635]
  epoch 2/3:  59%|█████▉    | 52/88 [00:14<00:09,  3.79it/s, loss=1.637]
  epoch 2/3:  60%|██████    | 53/88 [00:14<00:09,  3.78it/s, loss=1.637]
  epoch 2/3:  60%|██████    | 53/88 [00:14<00:09,  3.78it/s, loss=1.639]
  epoch 2/3:  61%|██████▏   | 54/88 [00:14<00:08,  3.79it/s, loss=1.639]
  epoch 2/3:  61%|██████▏   | 54/88 [00:14<00:08,  3.79it/s, loss=1.640]
  epoch 2/3:  62%|██████▎   | 55/88 [00:14<00:08,  3.77it/s, loss=1.640]
  epoch 2/3:  62%|██████▎   | 55/88 [00:15<00:08,  3.77it/s, loss=1.642]
  epoch 2/3:  64%|██████▎   | 56/88 [00:15<00:08,  3.71it/s, loss=1.642]
  epoch 2/3:  64%|██████▎   | 56/88 [00:15<00:08,  3.71it/s, loss=1.641]
  epoch 2/3:  65%|██████▍   | 57/88 [00:15<00:08,  3.74it/s, loss=1.641]
  epoch 2/3:  65%|██████▍   | 57/88 [00:15<00:08,  3.74it/s, loss=1.641]
  epoch 2/3:  66%|██████▌   | 58/88 [00:15<00:07,  3.76it/s, loss=1.641]
  epoch 2/3:  66%|██████▌   | 58/88 [00:15<00:07,  3.76it/s, loss=1.642]
  epoch 2/3:  67%|██████▋   | 59/88 [00:15<00:07,  3.77it/s, loss=1.642]
  epoch 2/3:  67%|██████▋   | 59/88 [00:16<00:07,  3.77it/s, loss=1.643]
  epoch 2/3:  68%|██████▊   | 60/88 [00:16<00:07,  3.78it/s, loss=1.643]
  epoch 2/3:  68%|██████▊   | 60/88 [00:16<00:07,  3.78it/s, loss=1.645]
  epoch 2/3:  69%|██████▉   | 61/88 [00:16<00:07,  3.78it/s, loss=1.645]
  epoch 2/3:  69%|██████▉   | 61/88 [00:16<00:07,  3.78it/s, loss=1.644]
  epoch 2/3:  70%|███████   | 62/88 [00:16<00:06,  3.79it/s, loss=1.644]
  epoch 2/3:  70%|███████   | 62/88 [00:16<00:06,  3.79it/s, loss=1.645]
  epoch 2/3:  72%|███████▏  | 63/88 [00:16<00:06,  3.79it/s, loss=1.645]
  epoch 2/3:  72%|███████▏  | 63/88 [00:17<00:06,  3.79it/s, loss=1.646]
  epoch 2/3:  73%|███████▎  | 64/88 [00:17<00:06,  3.79it/s, loss=1.646]
  epoch 2/3:  73%|███████▎  | 64/88 [00:17<00:06,  3.79it/s, loss=1.644]
  epoch 2/3:  74%|███████▍  | 65/88 [00:17<00:06,  3.79it/s, loss=1.644]
  epoch 2/3:  74%|███████▍  | 65/88 [00:17<00:06,  3.79it/s, loss=1.644]
  epoch 2/3:  75%|███████▌  | 66/88 [00:17<00:05,  3.79it/s, loss=1.644]
  epoch 2/3:  75%|███████▌  | 66/88 [00:17<00:05,  3.79it/s, loss=1.645]
  epoch 2/3:  76%|███████▌  | 67/88 [00:17<00:05,  3.79it/s, loss=1.645]
  epoch 2/3:  76%|███████▌  | 67/88 [00:18<00:05,  3.79it/s, loss=1.644]
  epoch 2/3:  77%|███████▋  | 68/88 [00:18<00:05,  3.78it/s, loss=1.644]
  epoch 2/3:  77%|███████▋  | 68/88 [00:18<00:05,  3.78it/s, loss=1.644]
  epoch 2/3:  78%|███████▊  | 69/88 [00:18<00:05,  3.78it/s, loss=1.644]
  epoch 2/3:  78%|███████▊  | 69/88 [00:18<00:05,  3.78it/s, loss=1.644]
  epoch 2/3:  80%|███████▉  | 70/88 [00:18<00:04,  3.78it/s, loss=1.644]
  epoch 2/3:  80%|███████▉  | 70/88 [00:19<00:04,  3.78it/s, loss=1.643]
  epoch 2/3:  81%|████████  | 71/88 [00:19<00:04,  3.78it/s, loss=1.643]
  epoch 2/3:  81%|████████  | 71/88 [00:19<00:04,  3.78it/s, loss=1.643]
  epoch 2/3:  82%|████████▏ | 72/88 [00:19<00:04,  3.72it/s, loss=1.643]
  epoch 2/3:  82%|████████▏ | 72/88 [00:19<00:04,  3.72it/s, loss=1.643]
  epoch 2/3:  83%|████████▎ | 73/88 [00:19<00:03,  3.75it/s, loss=1.643]
  epoch 2/3:  83%|████████▎ | 73/88 [00:19<00:03,  3.75it/s, loss=1.641]
  epoch 2/3:  84%|████████▍ | 74/88 [00:19<00:03,  3.76it/s, loss=1.641]
  epoch 2/3:  84%|████████▍ | 74/88 [00:20<00:03,  3.76it/s, loss=1.640]
  epoch 2/3:  85%|████████▌ | 75/88 [00:20<00:03,  3.77it/s, loss=1.640]
  epoch 2/3:  85%|████████▌ | 75/88 [00:20<00:03,  3.77it/s, loss=1.640]
  epoch 2/3:  86%|████████▋ | 76/88 [00:20<00:03,  3.77it/s, loss=1.640]
  epoch 2/3:  86%|████████▋ | 76/88 [00:20<00:03,  3.77it/s, loss=1.643]
  epoch 2/3:  88%|████████▊ | 77/88 [00:20<00:02,  3.78it/s, loss=1.643]
  epoch 2/3:  88%|████████▊ | 77/88 [00:20<00:02,  3.78it/s, loss=1.643]
  epoch 2/3:  89%|████████▊ | 78/88 [00:20<00:02,  3.78it/s, loss=1.643]
  epoch 2/3:  89%|████████▊ | 78/88 [00:21<00:02,  3.78it/s, loss=1.641]
  epoch 2/3:  90%|████████▉ | 79/88 [00:21<00:02,  3.78it/s, loss=1.641]
  epoch 2/3:  90%|████████▉ | 79/88 [00:21<00:02,  3.78it/s, loss=1.641]
  epoch 2/3:  91%|█████████ | 80/88 [00:21<00:02,  3.78it/s, loss=1.641]
  epoch 2/3:  91%|█████████ | 80/88 [00:21<00:02,  3.78it/s, loss=1.642]
  epoch 2/3:  92%|█████████▏| 81/88 [00:21<00:01,  3.79it/s, loss=1.642]
  epoch 2/3:  92%|█████████▏| 81/88 [00:21<00:01,  3.79it/s, loss=1.641]
  epoch 2/3:  93%|█████████▎| 82/88 [00:21<00:01,  3.79it/s, loss=1.641]
  epoch 2/3:  93%|█████████▎| 82/88 [00:22<00:01,  3.79it/s, loss=1.643]
  epoch 2/3:  94%|█████████▍| 83/88 [00:22<00:01,  3.79it/s, loss=1.643]
  epoch 2/3:  94%|█████████▍| 83/88 [00:22<00:01,  3.79it/s, loss=1.642]
  epoch 2/3:  95%|█████████▌| 84/88 [00:22<00:01,  3.79it/s, loss=1.642]
  epoch 2/3:  95%|█████████▌| 84/88 [00:22<00:01,  3.79it/s, loss=1.640]
  epoch 2/3:  97%|█████████▋| 85/88 [00:22<00:00,  3.79it/s, loss=1.640]
  epoch 2/3:  97%|█████████▋| 85/88 [00:22<00:00,  3.79it/s, loss=1.640]
  epoch 2/3:  98%|█████████▊| 86/88 [00:22<00:00,  3.79it/s, loss=1.640]
  epoch 2/3:  98%|█████████▊| 86/88 [00:23<00:00,  3.79it/s, loss=1.641]
  epoch 2/3:  99%|█████████▉| 87/88 [00:23<00:00,  3.80it/s, loss=1.641]
  epoch 2/3:  99%|█████████▉| 87/88 [00:23<00:00,  3.80it/s, loss=1.642]
  epoch 2/3: 100%|██████████| 88/88 [00:23<00:00,  4.09it/s, loss=1.642]
                                                                        

  epoch 3/3:   0%|          | 0/88 [00:00<?, ?it/s]
  epoch 3/3:   0%|          | 0/88 [00:00<?, ?it/s, loss=1.693]
  epoch 3/3:   1%|          | 1/88 [00:00<00:40,  2.14it/s, loss=1.693]
  epoch 3/3:   1%|          | 1/88 [00:00<00:40,  2.14it/s, loss=1.669]
  epoch 3/3:   2%|▏         | 2/88 [00:00<00:29,  2.88it/s, loss=1.669]
  epoch 3/3:   2%|▏         | 2/88 [00:00<00:29,  2.88it/s, loss=1.662]
  epoch 3/3:   3%|▎         | 3/88 [00:00<00:26,  3.24it/s, loss=1.662]
  epoch 3/3:   3%|▎         | 3/88 [00:01<00:26,  3.24it/s, loss=1.635]
  epoch 3/3:   5%|▍         | 4/88 [00:01<00:24,  3.43it/s, loss=1.635]
  epoch 3/3:   5%|▍         | 4/88 [00:01<00:24,  3.43it/s, loss=1.669]
  epoch 3/3:   6%|▌         | 5/88 [00:01<00:23,  3.56it/s, loss=1.669]
  epoch 3/3:   6%|▌         | 5/88 [00:01<00:23,  3.56it/s, loss=1.671]
  epoch 3/3:   7%|▋         | 6/88 [00:01<00:22,  3.64it/s, loss=1.671]
  epoch 3/3:   7%|▋         | 6/88 [00:02<00:22,  3.64it/s, loss=1.651]
  epoch 3/3:   8%|▊         | 7/88 [00:02<00:21,  3.69it/s, loss=1.651]
  epoch 3/3:   8%|▊         | 7/88 [00:02<00:21,  3.69it/s, loss=1.632]
  epoch 3/3:   9%|▉         | 8/88 [00:02<00:21,  3.71it/s, loss=1.632]
  epoch 3/3:   9%|▉         | 8/88 [00:02<00:21,  3.71it/s, loss=1.632]
  epoch 3/3:  10%|█         | 9/88 [00:02<00:21,  3.74it/s, loss=1.632]
  epoch 3/3:  10%|█         | 9/88 [00:02<00:21,  3.74it/s, loss=1.640]
  epoch 3/3:  11%|█▏        | 10/88 [00:02<00:20,  3.76it/s, loss=1.640]
  epoch 3/3:  11%|█▏        | 10/88 [00:03<00:20,  3.76it/s, loss=1.646]
  epoch 3/3:  12%|█▎        | 11/88 [00:03<00:20,  3.77it/s, loss=1.646]
  epoch 3/3:  12%|█▎        | 11/88 [00:03<00:20,  3.77it/s, loss=1.644]
  epoch 3/3:  14%|█▎        | 12/88 [00:03<00:20,  3.78it/s, loss=1.644]
  epoch 3/3:  14%|█▎        | 12/88 [00:03<00:20,  3.78it/s, loss=1.655]
  epoch 3/3:  15%|█▍        | 13/88 [00:03<00:19,  3.78it/s, loss=1.655]
  epoch 3/3:  15%|█▍        | 13/88 [00:03<00:19,  3.78it/s, loss=1.658]
  epoch 3/3:  16%|█▌        | 14/88 [00:03<00:19,  3.79it/s, loss=1.658]
  epoch 3/3:  16%|█▌        | 14/88 [00:04<00:19,  3.79it/s, loss=1.654]
  epoch 3/3:  17%|█▋        | 15/88 [00:04<00:19,  3.79it/s, loss=1.654]
  epoch 3/3:  17%|█▋        | 15/88 [00:04<00:19,  3.79it/s, loss=1.659]
  epoch 3/3:  18%|█▊        | 16/88 [00:04<00:19,  3.74it/s, loss=1.659]
  epoch 3/3:  18%|█▊        | 16/88 [00:04<00:19,  3.74it/s, loss=1.650]
  epoch 3/3:  19%|█▉        | 17/88 [00:04<00:18,  3.75it/s, loss=1.650]
  epoch 3/3:  19%|█▉        | 17/88 [00:04<00:18,  3.75it/s, loss=1.637]
  epoch 3/3:  20%|██        | 18/88 [00:04<00:18,  3.74it/s, loss=1.637]
  epoch 3/3:  20%|██        | 18/88 [00:05<00:18,  3.74it/s, loss=1.630]
  epoch 3/3:  22%|██▏       | 19/88 [00:05<00:18,  3.74it/s, loss=1.630]
  epoch 3/3:  22%|██▏       | 19/88 [00:05<00:18,  3.74it/s, loss=1.626]
  epoch 3/3:  23%|██▎       | 20/88 [00:05<00:18,  3.76it/s, loss=1.626]
  epoch 3/3:  23%|██▎       | 20/88 [00:05<00:18,  3.76it/s, loss=1.626]
  epoch 3/3:  24%|██▍       | 21/88 [00:05<00:17,  3.76it/s, loss=1.626]
  epoch 3/3:  24%|██▍       | 21/88 [00:06<00:17,  3.76it/s, loss=1.630]
  epoch 3/3:  25%|██▌       | 22/88 [00:06<00:17,  3.77it/s, loss=1.630]
  epoch 3/3:  25%|██▌       | 22/88 [00:06<00:17,  3.77it/s, loss=1.629]
  epoch 3/3:  26%|██▌       | 23/88 [00:06<00:17,  3.78it/s, loss=1.629]
  epoch 3/3:  26%|██▌       | 23/88 [00:06<00:17,  3.78it/s, loss=1.618]
  epoch 3/3:  27%|██▋       | 24/88 [00:06<00:16,  3.78it/s, loss=1.618]
  epoch 3/3:  27%|██▋       | 24/88 [00:06<00:16,  3.78it/s, loss=1.616]
  epoch 3/3:  28%|██▊       | 25/88 [00:06<00:16,  3.78it/s, loss=1.616]
  epoch 3/3:  28%|██▊       | 25/88 [00:07<00:16,  3.78it/s, loss=1.614]
  epoch 3/3:  30%|██▉       | 26/88 [00:07<00:16,  3.78it/s, loss=1.614]
  epoch 3/3:  30%|██▉       | 26/88 [00:07<00:16,  3.78it/s, loss=1.609]
  epoch 3/3:  31%|███       | 27/88 [00:07<00:16,  3.78it/s, loss=1.609]
  epoch 3/3:  31%|███       | 27/88 [00:07<00:16,  3.78it/s, loss=1.612]
  epoch 3/3:  32%|███▏      | 28/88 [00:07<00:15,  3.78it/s, loss=1.612]
  epoch 3/3:  32%|███▏      | 28/88 [00:07<00:15,  3.78it/s, loss=1.615]
  epoch 3/3:  33%|███▎      | 29/88 [00:07<00:15,  3.79it/s, loss=1.615]
  epoch 3/3:  33%|███▎      | 29/88 [00:08<00:15,  3.79it/s, loss=1.616]
  epoch 3/3:  34%|███▍      | 30/88 [00:08<00:15,  3.80it/s, loss=1.616]
  epoch 3/3:  34%|███▍      | 30/88 [00:08<00:15,  3.80it/s, loss=1.617]
  epoch 3/3:  35%|███▌      | 31/88 [00:08<00:15,  3.79it/s, loss=1.617]
  epoch 3/3:  35%|███▌      | 31/88 [00:08<00:15,  3.79it/s, loss=1.615]
  epoch 3/3:  36%|███▋      | 32/88 [00:08<00:14,  3.74it/s, loss=1.615]
  epoch 3/3:  36%|███▋      | 32/88 [00:08<00:14,  3.74it/s, loss=1.613]
  epoch 3/3:  38%|███▊      | 33/88 [00:08<00:14,  3.76it/s, loss=1.613]
  epoch 3/3:  38%|███▊      | 33/88 [00:09<00:14,  3.76it/s, loss=1.616]
  epoch 3/3:  39%|███▊      | 34/88 [00:09<00:14,  3.76it/s, loss=1.616]
  epoch 3/3:  39%|███▊      | 34/88 [00:09<00:14,  3.76it/s, loss=1.620]
  epoch 3/3:  40%|███▉      | 35/88 [00:09<00:14,  3.75it/s, loss=1.620]
  epoch 3/3:  40%|███▉      | 35/88 [00:09<00:14,  3.75it/s, loss=1.624]
  epoch 3/3:  41%|████      | 36/88 [00:09<00:13,  3.75it/s, loss=1.624]
  epoch 3/3:  41%|████      | 36/88 [00:10<00:13,  3.75it/s, loss=1.623]
  epoch 3/3:  42%|████▏     | 37/88 [00:10<00:13,  3.77it/s, loss=1.623]
  epoch 3/3:  42%|████▏     | 37/88 [00:10<00:13,  3.77it/s, loss=1.623]
  epoch 3/3:  43%|████▎     | 38/88 [00:10<00:13,  3.78it/s, loss=1.623]
  epoch 3/3:  43%|████▎     | 38/88 [00:10<00:13,  3.78it/s, loss=1.623]
  epoch 3/3:  44%|████▍     | 39/88 [00:10<00:12,  3.77it/s, loss=1.623]
  epoch 3/3:  44%|████▍     | 39/88 [00:10<00:12,  3.77it/s, loss=1.621]
  epoch 3/3:  45%|████▌     | 40/88 [00:10<00:12,  3.78it/s, loss=1.621]
  epoch 3/3:  45%|████▌     | 40/88 [00:11<00:12,  3.78it/s, loss=1.617]
  epoch 3/3:  47%|████▋     | 41/88 [00:11<00:12,  3.79it/s, loss=1.617]
  epoch 3/3:  47%|████▋     | 41/88 [00:11<00:12,  3.79it/s, loss=1.615]
  epoch 3/3:  48%|████▊     | 42/88 [00:11<00:12,  3.79it/s, loss=1.615]
  epoch 3/3:  48%|████▊     | 42/88 [00:11<00:12,  3.79it/s, loss=1.618]
  epoch 3/3:  49%|████▉     | 43/88 [00:11<00:11,  3.79it/s, loss=1.618]
  epoch 3/3:  49%|████▉     | 43/88 [00:11<00:11,  3.79it/s, loss=1.619]
  epoch 3/3:  50%|█████     | 44/88 [00:11<00:11,  3.79it/s, loss=1.619]
  epoch 3/3:  50%|█████     | 44/88 [00:12<00:11,  3.79it/s, loss=1.620]
  epoch 3/3:  51%|█████     | 45/88 [00:12<00:11,  3.79it/s, loss=1.620]
  epoch 3/3:  51%|█████     | 45/88 [00:12<00:11,  3.79it/s, loss=1.618]
  epoch 3/3:  52%|█████▏    | 46/88 [00:12<00:11,  3.78it/s, loss=1.618]
  epoch 3/3:  52%|█████▏    | 46/88 [00:12<00:11,  3.78it/s, loss=1.616]
  epoch 3/3:  53%|█████▎    | 47/88 [00:12<00:10,  3.79it/s, loss=1.616]
  epoch 3/3:  53%|█████▎    | 47/88 [00:12<00:10,  3.79it/s, loss=1.613]
  epoch 3/3:  55%|█████▍    | 48/88 [00:12<00:10,  3.74it/s, loss=1.613]
  epoch 3/3:  55%|█████▍    | 48/88 [00:13<00:10,  3.74it/s, loss=1.614]
  epoch 3/3:  56%|█████▌    | 49/88 [00:13<00:10,  3.73it/s, loss=1.614]
  epoch 3/3:  56%|█████▌    | 49/88 [00:13<00:10,  3.73it/s, loss=1.612]
  epoch 3/3:  57%|█████▋    | 50/88 [00:13<00:10,  3.74it/s, loss=1.612]
  epoch 3/3:  57%|█████▋    | 50/88 [00:13<00:10,  3.74it/s, loss=1.612]
  epoch 3/3:  58%|█████▊    | 51/88 [00:13<00:09,  3.75it/s, loss=1.612]
  epoch 3/3:  58%|█████▊    | 51/88 [00:13<00:09,  3.75it/s, loss=1.614]
  epoch 3/3:  59%|█████▉    | 52/88 [00:13<00:09,  3.76it/s, loss=1.614]
  epoch 3/3:  59%|█████▉    | 52/88 [00:14<00:09,  3.76it/s, loss=1.612]
  epoch 3/3:  60%|██████    | 53/88 [00:14<00:09,  3.77it/s, loss=1.612]
  epoch 3/3:  60%|██████    | 53/88 [00:14<00:09,  3.77it/s, loss=1.613]
  epoch 3/3:  61%|██████▏   | 54/88 [00:14<00:09,  3.77it/s, loss=1.613]
  epoch 3/3:  61%|██████▏   | 54/88 [00:14<00:09,  3.77it/s, loss=1.611]
  epoch 3/3:  62%|██████▎   | 55/88 [00:14<00:08,  3.78it/s, loss=1.611]
  epoch 3/3:  62%|██████▎   | 55/88 [00:15<00:08,  3.78it/s, loss=1.612]
  epoch 3/3:  64%|██████▎   | 56/88 [00:15<00:08,  3.79it/s, loss=1.612]
  epoch 3/3:  64%|██████▎   | 56/88 [00:15<00:08,  3.79it/s, loss=1.613]
  epoch 3/3:  65%|██████▍   | 57/88 [00:15<00:08,  3.79it/s, loss=1.613]
  epoch 3/3:  65%|██████▍   | 57/88 [00:15<00:08,  3.79it/s, loss=1.613]
  epoch 3/3:  66%|██████▌   | 58/88 [00:15<00:07,  3.79it/s, loss=1.613]
  epoch 3/3:  66%|██████▌   | 58/88 [00:15<00:07,  3.79it/s, loss=1.614]
  epoch 3/3:  67%|██████▋   | 59/88 [00:15<00:07,  3.78it/s, loss=1.614]
  epoch 3/3:  67%|██████▋   | 59/88 [00:16<00:07,  3.78it/s, loss=1.618]
  epoch 3/3:  68%|██████▊   | 60/88 [00:16<00:07,  3.80it/s, loss=1.618]
  epoch 3/3:  68%|██████▊   | 60/88 [00:16<00:07,  3.80it/s, loss=1.619]
  epoch 3/3:  69%|██████▉   | 61/88 [00:16<00:07,  3.80it/s, loss=1.619]
  epoch 3/3:  69%|██████▉   | 61/88 [00:16<00:07,  3.80it/s, loss=1.618]
  epoch 3/3:  70%|███████   | 62/88 [00:16<00:06,  3.79it/s, loss=1.618]
  epoch 3/3:  70%|███████   | 62/88 [00:16<00:06,  3.79it/s, loss=1.616]
  epoch 3/3:  72%|███████▏  | 63/88 [00:16<00:06,  3.79it/s, loss=1.616]
  epoch 3/3:  72%|███████▏  | 63/88 [00:17<00:06,  3.79it/s, loss=1.618]
  epoch 3/3:  73%|███████▎  | 64/88 [00:17<00:06,  3.74it/s, loss=1.618]
  epoch 3/3:  73%|███████▎  | 64/88 [00:17<00:06,  3.74it/s, loss=1.617]
  epoch 3/3:  74%|███████▍  | 65/88 [00:17<00:06,  3.73it/s, loss=1.617]
  epoch 3/3:  74%|███████▍  | 65/88 [00:17<00:06,  3.73it/s, loss=1.618]
  epoch 3/3:  75%|███████▌  | 66/88 [00:17<00:05,  3.74it/s, loss=1.618]
  epoch 3/3:  75%|███████▌  | 66/88 [00:17<00:05,  3.74it/s, loss=1.616]
  epoch 3/3:  76%|███████▌  | 67/88 [00:17<00:05,  3.76it/s, loss=1.616]
  epoch 3/3:  76%|███████▌  | 67/88 [00:18<00:05,  3.76it/s, loss=1.617]
  epoch 3/3:  77%|███████▋  | 68/88 [00:18<00:05,  3.77it/s, loss=1.617]
  epoch 3/3:  77%|███████▋  | 68/88 [00:18<00:05,  3.77it/s, loss=1.616]
  epoch 3/3:  78%|███████▊  | 69/88 [00:18<00:05,  3.77it/s, loss=1.616]
  epoch 3/3:  78%|███████▊  | 69/88 [00:18<00:05,  3.77it/s, loss=1.618]
  epoch 3/3:  80%|███████▉  | 70/88 [00:18<00:04,  3.77it/s, loss=1.618]
  epoch 3/3:  80%|███████▉  | 70/88 [00:19<00:04,  3.77it/s, loss=1.618]
  epoch 3/3:  81%|████████  | 71/88 [00:19<00:04,  3.77it/s, loss=1.618]
  epoch 3/3:  81%|████████  | 71/88 [00:19<00:04,  3.77it/s, loss=1.618]
  epoch 3/3:  82%|████████▏ | 72/88 [00:19<00:04,  3.78it/s, loss=1.618]
  epoch 3/3:  82%|████████▏ | 72/88 [00:19<00:04,  3.78it/s, loss=1.617]
  epoch 3/3:  83%|████████▎ | 73/88 [00:19<00:03,  3.77it/s, loss=1.617]
  epoch 3/3:  83%|████████▎ | 73/88 [00:19<00:03,  3.77it/s, loss=1.616]
  epoch 3/3:  84%|████████▍ | 74/88 [00:19<00:03,  3.76it/s, loss=1.616]
  epoch 3/3:  84%|████████▍ | 74/88 [00:20<00:03,  3.76it/s, loss=1.618]
  epoch 3/3:  85%|████████▌ | 75/88 [00:20<00:03,  3.75it/s, loss=1.618]
  epoch 3/3:  85%|████████▌ | 75/88 [00:20<00:03,  3.75it/s, loss=1.617]
  epoch 3/3:  86%|████████▋ | 76/88 [00:20<00:03,  3.76it/s, loss=1.617]
  epoch 3/3:  86%|████████▋ | 76/88 [00:20<00:03,  3.76it/s, loss=1.618]
  epoch 3/3:  88%|████████▊ | 77/88 [00:20<00:02,  3.77it/s, loss=1.618]
  epoch 3/3:  88%|████████▊ | 77/88 [00:20<00:02,  3.77it/s, loss=1.618]
  epoch 3/3:  89%|████████▊ | 78/88 [00:20<00:02,  3.77it/s, loss=1.618]
  epoch 3/3:  89%|████████▊ | 78/88 [00:21<00:02,  3.77it/s, loss=1.617]
  epoch 3/3:  90%|████████▉ | 79/88 [00:21<00:02,  3.78it/s, loss=1.617]
  epoch 3/3:  90%|████████▉ | 79/88 [00:21<00:02,  3.78it/s, loss=1.617]
  epoch 3/3:  91%|█████████ | 80/88 [00:21<00:02,  3.74it/s, loss=1.617]
  epoch 3/3:  91%|█████████ | 80/88 [00:21<00:02,  3.74it/s, loss=1.616]
  epoch 3/3:  92%|█████████▏| 81/88 [00:21<00:01,  3.75it/s, loss=1.616]
  epoch 3/3:  92%|█████████▏| 81/88 [00:21<00:01,  3.75it/s, loss=1.616]
  epoch 3/3:  93%|█████████▎| 82/88 [00:21<00:01,  3.73it/s, loss=1.616]
  epoch 3/3:  93%|█████████▎| 82/88 [00:22<00:01,  3.73it/s, loss=1.616]
  epoch 3/3:  94%|█████████▍| 83/88 [00:22<00:01,  3.75it/s, loss=1.616]
  epoch 3/3:  94%|█████████▍| 83/88 [00:22<00:01,  3.75it/s, loss=1.617]
  epoch 3/3:  95%|█████████▌| 84/88 [00:22<00:01,  3.77it/s, loss=1.617]
  epoch 3/3:  95%|█████████▌| 84/88 [00:22<00:01,  3.77it/s, loss=1.616]
  epoch 3/3:  97%|█████████▋| 85/88 [00:22<00:00,  3.78it/s, loss=1.616]
  epoch 3/3:  97%|█████████▋| 85/88 [00:22<00:00,  3.78it/s, loss=1.615]
  epoch 3/3:  98%|█████████▊| 86/88 [00:22<00:00,  3.79it/s, loss=1.615]
  epoch 3/3:  98%|█████████▊| 86/88 [00:23<00:00,  3.79it/s, loss=1.616]
  epoch 3/3:  99%|█████████▉| 87/88 [00:23<00:00,  3.79it/s, loss=1.616]
  epoch 3/3:  99%|█████████▉| 87/88 [00:23<00:00,  3.79it/s, loss=1.616]
  epoch 3/3: 100%|██████████| 88/88 [00:23<00:00,  4.14it/s, loss=1.616]
                                                                        
[titans] reset=never | norm(state) sau task = 134.0574
[titans]   self-mod v:β=1.00 |W|=0.06
[titans]   eta_t(avg)=0.4616  alpha_t/forget-gate(avg)=0.5631
[task 8] test acc so far: 0.017  0.054  0.006  0.006  0.000  0.023  0.029  0.034  0.020
[task 8] NCM-head acc so far: 0.657  0.754  0.669  0.620  0.651  0.680  0.817  0.686  0.677
Traceback (most recent call last):
  File "/home/an/RaybanMeta/uav-continual-learning/scripts/run_g1.py", line 253, in <module>
    raise SystemExit(main())
  File "/home/an/RaybanMeta/uav-continual-learning/scripts/run_g1.py", line 214, in main
    (out / "train_log.json").write_text(json.dumps(log, indent=2), encoding="utf-8")
  File "/usr/lib/python3.10/json/__init__.py", line 238, in dumps
    **kw).encode(obj)
  File "/usr/lib/python3.10/json/encoder.py", line 201, in encode
    chunks = list(chunks)
  File "/usr/lib/python3.10/json/encoder.py", line 431, in _iterencode
    yield from _iterencode_dict(o, _current_indent_level)
  File "/usr/lib/python3.10/json/encoder.py", line 405, in _iterencode_dict
    yield from chunks
  File "/usr/lib/python3.10/json/encoder.py", line 438, in _iterencode
    o = _default(o)
  File "/home/an/.local/lib/python3.10/site-packages/frozendict/__init__.py", line 32, in default
    return BaseJsonEncoder.default(
  File "/usr/lib/python3.10/json/encoder.py", line 179, in default
    raise TypeError(f'Object of type {o.__class__.__name__} '
TypeError: Object of type ndarray is not JSON serializable

[2026-07-26 07:37:41] $ /usr/bin/python3 /home/an/RaybanMeta/uav-continual-learning/scripts/run_g1.py --config /home/an/RaybanMeta/uav-continual-learning/configs/g2_titans_resisc45_selfmod_m3_improved.yaml --skip-existing --set seed=1 train.lr=0.0001 train.eval_ncm_head=true train.max_state_norm=10000 train.max_state_norm_growth=10 log.dir=/home/an/RaybanMeta/uav-continual-learning/artifacts/titan_m3_study log.run_tag=improved
== G1 run: dataset=resisc45 method=titans seed=1 device=cuda
Warning: You are sending unauthenticated requests to the HF Hub. Please set a HF_TOKEN to enable higher rate limits and faster downloads.
task 0: 5 classes [baseball_diamond, bridge, cloud, river, terrace] | train 2800 / val 350 / test 350
task 1: 5 classes [dense_residential, desert, golf_course, medium_residential, mountain] | train 2800 / val 350 / test 350
task 2: 5 classes [island, palace, railway, runway, snowberg] | train 2800 / val 350 / test 350
task 3: 5 classes [commercial_area, harbor, lake, overpass, tennis_court] | train 2800 / val 350 / test 350
task 4: 5 classes [basketball_court, freeway, industrial_area, storage_tank, wetland] | train 2800 / val 350 / test 350
task 5: 5 classes [airplane, intersection, meadow, roundabout, sparse_residential] | train 2800 / val 350 / test 350
task 6: 5 classes [airport, chaparral, sea_ice, stadium, thermal_power_station] | train 2800 / val 350 / test 350
task 7: 5 classes [forest, mobile_home_park, parking_lot, railway_station, rectangular_farmland] | train 2800 / val 350 / test 350
task 8: 5 classes [beach, church, circular_farmland, ground_track_field, ship] | train 2800 / val 350 / test 350
[titans] seq=image_seq reset=never chunk=32
[task 0] classes=[2, 5, 9, 32, 42] | train=2800

  epoch 1/3:   0%|          | 0/88 [00:00<?, ?it/s]
  epoch 1/3:   0%|          | 0/88 [00:01<?, ?it/s, loss=1.695]
  epoch 1/3:   1%|          | 1/88 [00:01<02:08,  1.47s/it, loss=1.695]
  epoch 1/3:   1%|          | 1/88 [00:01<02:08,  1.47s/it, loss=1.705]
  epoch 1/3:   2%|▏         | 2/88 [00:01<01:05,  1.31it/s, loss=1.705]
  epoch 1/3:   2%|▏         | 2/88 [00:01<01:05,  1.31it/s, loss=1.826]
  epoch 1/3:   3%|▎         | 3/88 [00:01<00:45,  1.88it/s, loss=1.826]
  epoch 1/3:   3%|▎         | 3/88 [00:02<00:45,  1.88it/s, loss=1.893]
  epoch 1/3:   5%|▍         | 4/88 [00:02<00:35,  2.37it/s, loss=1.893]
  epoch 1/3:   5%|▍         | 4/88 [00:02<00:35,  2.37it/s, loss=1.891]
  epoch 1/3:   6%|▌         | 5/88 [00:02<00:30,  2.76it/s, loss=1.891]
  epoch 1/3:   6%|▌         | 5/88 [00:02<00:30,  2.76it/s, loss=1.848]
  epoch 1/3:   7%|▋         | 6/88 [00:02<00:26,  3.08it/s, loss=1.848]
  epoch 1/3:   7%|▋         | 6/88 [00:03<00:26,  3.08it/s, loss=1.850]
  epoch 1/3:   8%|▊         | 7/88 [00:03<00:24,  3.31it/s, loss=1.850]
  epoch 1/3:   8%|▊         | 7/88 [00:03<00:24,  3.31it/s, loss=1.842]
  epoch 1/3:   9%|▉         | 8/88 [00:03<00:23,  3.47it/s, loss=1.842]
  epoch 1/3:   9%|▉         | 8/88 [00:03<00:23,  3.47it/s, loss=1.831]
  epoch 1/3:  10%|█         | 9/88 [00:03<00:21,  3.60it/s, loss=1.831]
  epoch 1/3:  10%|█         | 9/88 [00:03<00:21,  3.60it/s, loss=1.840]
  epoch 1/3:  11%|█▏        | 10/88 [00:03<00:21,  3.69it/s, loss=1.840]
  epoch 1/3:  11%|█▏        | 10/88 [00:04<00:21,  3.69it/s, loss=1.836]
  epoch 1/3:  12%|█▎        | 11/88 [00:04<00:20,  3.75it/s, loss=1.836]
  epoch 1/3:  12%|█▎        | 11/88 [00:04<00:20,  3.75it/s, loss=1.818]
  epoch 1/3:  14%|█▎        | 12/88 [00:04<00:19,  3.80it/s, loss=1.818]
  epoch 1/3:  14%|█▎        | 12/88 [00:04<00:19,  3.80it/s, loss=1.818]
  epoch 1/3:  15%|█▍        | 13/88 [00:04<00:19,  3.83it/s, loss=1.818]
  epoch 1/3:  15%|█▍        | 13/88 [00:04<00:19,  3.83it/s, loss=1.814]
  epoch 1/3:  16%|█▌        | 14/88 [00:04<00:19,  3.83it/s, loss=1.814]
  epoch 1/3:  16%|█▌        | 14/88 [00:05<00:19,  3.83it/s, loss=1.811]
  epoch 1/3:  17%|█▋        | 15/88 [00:05<00:18,  3.85it/s, loss=1.811]
  epoch 1/3:  17%|█▋        | 15/88 [00:05<00:18,  3.85it/s, loss=1.809]
  epoch 1/3:  18%|█▊        | 16/88 [00:05<00:18,  3.82it/s, loss=1.809]
  epoch 1/3:  18%|█▊        | 16/88 [00:05<00:18,  3.82it/s, loss=1.812]
  epoch 1/3:  19%|█▉        | 17/88 [00:05<00:18,  3.85it/s, loss=1.812]
  epoch 1/3:  19%|█▉        | 17/88 [00:05<00:18,  3.85it/s, loss=1.806]
  epoch 1/3:  20%|██        | 18/88 [00:05<00:18,  3.86it/s, loss=1.806]
  epoch 1/3:  20%|██        | 18/88 [00:06<00:18,  3.86it/s, loss=1.803]
  epoch 1/3:  22%|██▏       | 19/88 [00:06<00:17,  3.85it/s, loss=1.803]
  epoch 1/3:  22%|██▏       | 19/88 [00:06<00:17,  3.85it/s, loss=1.799]
  epoch 1/3:  23%|██▎       | 20/88 [00:06<00:17,  3.84it/s, loss=1.799]
  epoch 1/3:  23%|██▎       | 20/88 [00:06<00:17,  3.84it/s, loss=1.803]
  epoch 1/3:  24%|██▍       | 21/88 [00:06<00:17,  3.83it/s, loss=1.803]
  epoch 1/3:  24%|██▍       | 21/88 [00:06<00:17,  3.83it/s, loss=1.810]
  epoch 1/3:  25%|██▌       | 22/88 [00:06<00:17,  3.82it/s, loss=1.810]
  epoch 1/3:  25%|██▌       | 22/88 [00:07<00:17,  3.82it/s, loss=1.816]
  epoch 1/3:  26%|██▌       | 23/88 [00:07<00:17,  3.81it/s, loss=1.816]
  epoch 1/3:  26%|██▌       | 23/88 [00:07<00:17,  3.81it/s, loss=1.813]
  epoch 1/3:  27%|██▋       | 24/88 [00:07<00:16,  3.81it/s, loss=1.813]
  epoch 1/3:  27%|██▋       | 24/88 [00:07<00:16,  3.81it/s, loss=1.810]
  epoch 1/3:  28%|██▊       | 25/88 [00:07<00:16,  3.80it/s, loss=1.810]
  epoch 1/3:  28%|██▊       | 25/88 [00:07<00:16,  3.80it/s, loss=1.805]
  epoch 1/3:  30%|██▉       | 26/88 [00:07<00:16,  3.81it/s, loss=1.805]
  epoch 1/3:  30%|██▉       | 26/88 [00:08<00:16,  3.81it/s, loss=1.809]
  epoch 1/3:  31%|███       | 27/88 [00:08<00:16,  3.80it/s, loss=1.809]
  epoch 1/3:  31%|███       | 27/88 [00:08<00:16,  3.80it/s, loss=1.814]
  epoch 1/3:  32%|███▏      | 28/88 [00:08<00:15,  3.79it/s, loss=1.814]
  epoch 1/3:  32%|███▏      | 28/88 [00:08<00:15,  3.79it/s, loss=1.816]
  epoch 1/3:  33%|███▎      | 29/88 [00:08<00:15,  3.80it/s, loss=1.816]
  epoch 1/3:  33%|███▎      | 29/88 [00:09<00:15,  3.80it/s, loss=1.812]
  epoch 1/3:  34%|███▍      | 30/88 [00:09<00:15,  3.79it/s, loss=1.812]
  epoch 1/3:  34%|███▍      | 30/88 [00:09<00:15,  3.79it/s, loss=1.813]
  epoch 1/3:  35%|███▌      | 31/88 [00:09<00:15,  3.80it/s, loss=1.813]
  epoch 1/3:  35%|███▌      | 31/88 [00:09<00:15,  3.80it/s, loss=1.811]
  epoch 1/3:  36%|███▋      | 32/88 [00:09<00:14,  3.75it/s, loss=1.811]
  epoch 1/3:  36%|███▋      | 32/88 [00:09<00:14,  3.75it/s, loss=1.809]
  epoch 1/3:  38%|███▊      | 33/88 [00:09<00:14,  3.78it/s, loss=1.809]
  epoch 1/3:  38%|███▊      | 33/88 [00:10<00:14,  3.78it/s, loss=1.816]
  epoch 1/3:  39%|███▊      | 34/88 [00:10<00:14,  3.80it/s, loss=1.816]
  epoch 1/3:  39%|███▊      | 34/88 [00:10<00:14,  3.80it/s, loss=1.816]
  epoch 1/3:  40%|███▉      | 35/88 [00:10<00:13,  3.81it/s, loss=1.816]
  epoch 1/3:  40%|███▉      | 35/88 [00:10<00:13,  3.81it/s, loss=1.812]
  epoch 1/3:  41%|████      | 36/88 [00:10<00:13,  3.80it/s, loss=1.812]
  epoch 1/3:  41%|████      | 36/88 [00:10<00:13,  3.80it/s, loss=1.808]
  epoch 1/3:  42%|████▏     | 37/88 [00:10<00:13,  3.80it/s, loss=1.808]
  epoch 1/3:  42%|████▏     | 37/88 [00:11<00:13,  3.80it/s, loss=1.805]
  epoch 1/3:  43%|████▎     | 38/88 [00:11<00:13,  3.80it/s, loss=1.805]
  epoch 1/3:  43%|████▎     | 38/88 [00:11<00:13,  3.80it/s, loss=1.806]
  epoch 1/3:  44%|████▍     | 39/88 [00:11<00:12,  3.79it/s, loss=1.806]
  epoch 1/3:  44%|████▍     | 39/88 [00:11<00:12,  3.79it/s, loss=1.810]
  epoch 1/3:  45%|████▌     | 40/88 [00:11<00:12,  3.79it/s, loss=1.810]
  epoch 1/3:  45%|████▌     | 40/88 [00:11<00:12,  3.79it/s, loss=1.811]
  epoch 1/3:  47%|████▋     | 41/88 [00:11<00:12,  3.79it/s, loss=1.811]
  epoch 1/3:  47%|████▋     | 41/88 [00:12<00:12,  3.79it/s, loss=1.808]
  epoch 1/3:  48%|████▊     | 42/88 [00:12<00:12,  3.79it/s, loss=1.808]
  epoch 1/3:  48%|████▊     | 42/88 [00:12<00:12,  3.79it/s, loss=1.806]
  epoch 1/3:  49%|████▉     | 43/88 [00:12<00:11,  3.79it/s, loss=1.806]
  epoch 1/3:  49%|████▉     | 43/88 [00:12<00:11,  3.79it/s, loss=1.807]
  epoch 1/3:  50%|█████     | 44/88 [00:12<00:11,  3.79it/s, loss=1.807]
  epoch 1/3:  50%|█████     | 44/88 [00:12<00:11,  3.79it/s, loss=1.804]
  epoch 1/3:  51%|█████     | 45/88 [00:12<00:11,  3.79it/s, loss=1.804]
  epoch 1/3:  51%|█████     | 45/88 [00:13<00:11,  3.79it/s, loss=1.801]
  epoch 1/3:  52%|█████▏    | 46/88 [00:13<00:11,  3.79it/s, loss=1.801]
  epoch 1/3:  52%|█████▏    | 46/88 [00:13<00:11,  3.79it/s, loss=1.799]
  epoch 1/3:  53%|█████▎    | 47/88 [00:13<00:10,  3.78it/s, loss=1.799]
  epoch 1/3:  53%|█████▎    | 47/88 [00:13<00:10,  3.78it/s, loss=1.796]
  epoch 1/3:  55%|█████▍    | 48/88 [00:13<00:10,  3.73it/s, loss=1.796]
  epoch 1/3:  55%|█████▍    | 48/88 [00:14<00:10,  3.73it/s, loss=1.797]
  epoch 1/3:  56%|█████▌    | 49/88 [00:14<00:10,  3.73it/s, loss=1.797]
  epoch 1/3:  56%|█████▌    | 49/88 [00:14<00:10,  3.73it/s, loss=1.798]
  epoch 1/3:  57%|█████▋    | 50/88 [00:14<00:10,  3.74it/s, loss=1.798]
  epoch 1/3:  57%|█████▋    | 50/88 [00:14<00:10,  3.74it/s, loss=1.795]
  epoch 1/3:  58%|█████▊    | 51/88 [00:14<00:09,  3.75it/s, loss=1.795]
  epoch 1/3:  58%|█████▊    | 51/88 [00:14<00:09,  3.75it/s, loss=1.795]
  epoch 1/3:  59%|█████▉    | 52/88 [00:14<00:09,  3.74it/s, loss=1.795]
  epoch 1/3:  59%|█████▉    | 52/88 [00:15<00:09,  3.74it/s, loss=1.793]
  epoch 1/3:  60%|██████    | 53/88 [00:15<00:09,  3.73it/s, loss=1.793]
  epoch 1/3:  60%|██████    | 53/88 [00:15<00:09,  3.73it/s, loss=1.792]
  epoch 1/3:  61%|██████▏   | 54/88 [00:15<00:09,  3.73it/s, loss=1.792]
  epoch 1/3:  61%|██████▏   | 54/88 [00:15<00:09,  3.73it/s, loss=1.790]
  epoch 1/3:  62%|██████▎   | 55/88 [00:15<00:08,  3.72it/s, loss=1.790]
  epoch 1/3:  62%|██████▎   | 55/88 [00:15<00:08,  3.72it/s, loss=1.790]
  epoch 1/3:  64%|██████▎   | 56/88 [00:15<00:08,  3.71it/s, loss=1.790]
  epoch 1/3:  64%|██████▎   | 56/88 [00:16<00:08,  3.71it/s, loss=1.789]
  epoch 1/3:  65%|██████▍   | 57/88 [00:16<00:08,  3.71it/s, loss=1.789]
  epoch 1/3:  65%|██████▍   | 57/88 [00:16<00:08,  3.71it/s, loss=1.786]
  epoch 1/3:  66%|██████▌   | 58/88 [00:16<00:08,  3.71it/s, loss=1.786]
  epoch 1/3:  66%|██████▌   | 58/88 [00:16<00:08,  3.71it/s, loss=1.786]
  epoch 1/3:  67%|██████▋   | 59/88 [00:16<00:07,  3.70it/s, loss=1.786]
  epoch 1/3:  67%|██████▋   | 59/88 [00:16<00:07,  3.70it/s, loss=1.785]
  epoch 1/3:  68%|██████▊   | 60/88 [00:16<00:07,  3.72it/s, loss=1.785]
  epoch 1/3:  68%|██████▊   | 60/88 [00:17<00:07,  3.72it/s, loss=1.785]
  epoch 1/3:  69%|██████▉   | 61/88 [00:17<00:07,  3.72it/s, loss=1.785]
  epoch 1/3:  69%|██████▉   | 61/88 [00:17<00:07,  3.72it/s, loss=1.783]
  epoch 1/3:  70%|███████   | 62/88 [00:17<00:07,  3.70it/s, loss=1.783]
  epoch 1/3:  70%|███████   | 62/88 [00:17<00:07,  3.70it/s, loss=1.782]
  epoch 1/3:  72%|███████▏  | 63/88 [00:17<00:06,  3.70it/s, loss=1.782]
  epoch 1/3:  72%|███████▏  | 63/88 [00:18<00:06,  3.70it/s, loss=1.781]
  epoch 1/3:  73%|███████▎  | 64/88 [00:18<00:06,  3.65it/s, loss=1.781]
  epoch 1/3:  73%|███████▎  | 64/88 [00:18<00:06,  3.65it/s, loss=1.778]
  epoch 1/3:  74%|███████▍  | 65/88 [00:18<00:06,  3.66it/s, loss=1.778]
  epoch 1/3:  74%|███████▍  | 65/88 [00:18<00:06,  3.66it/s, loss=1.781]
  epoch 1/3:  75%|███████▌  | 66/88 [00:18<00:05,  3.73it/s, loss=1.781]
  epoch 1/3:  75%|███████▌  | 66/88 [00:18<00:05,  3.73it/s, loss=1.784]
  epoch 1/3:  76%|███████▌  | 67/88 [00:18<00:05,  3.72it/s, loss=1.784]
  epoch 1/3:  76%|███████▌  | 67/88 [00:19<00:05,  3.72it/s, loss=1.782]
  epoch 1/3:  77%|███████▋  | 68/88 [00:19<00:05,  3.69it/s, loss=1.782]
  epoch 1/3:  77%|███████▋  | 68/88 [00:19<00:05,  3.69it/s, loss=1.781]
  epoch 1/3:  78%|███████▊  | 69/88 [00:19<00:05,  3.68it/s, loss=1.781]
  epoch 1/3:  78%|███████▊  | 69/88 [00:19<00:05,  3.68it/s, loss=1.779]
  epoch 1/3:  80%|███████▉  | 70/88 [00:19<00:04,  3.67it/s, loss=1.779]
  epoch 1/3:  80%|███████▉  | 70/88 [00:19<00:04,  3.67it/s, loss=1.780]
  epoch 1/3:  81%|████████  | 71/88 [00:19<00:04,  3.67it/s, loss=1.780]
  epoch 1/3:  81%|████████  | 71/88 [00:20<00:04,  3.67it/s, loss=1.780]
  epoch 1/3:  82%|████████▏ | 72/88 [00:20<00:04,  3.66it/s, loss=1.780]
  epoch 1/3:  82%|████████▏ | 72/88 [00:20<00:04,  3.66it/s, loss=1.784]
  epoch 1/3:  83%|████████▎ | 73/88 [00:20<00:04,  3.67it/s, loss=1.784]
  epoch 1/3:  83%|████████▎ | 73/88 [00:20<00:04,  3.67it/s, loss=1.783]
  epoch 1/3:  84%|████████▍ | 74/88 [00:20<00:03,  3.66it/s, loss=1.783]
  epoch 1/3:  84%|████████▍ | 74/88 [00:21<00:03,  3.66it/s, loss=1.782]
  epoch 1/3:  85%|████████▌ | 75/88 [00:21<00:03,  3.67it/s, loss=1.782]
  epoch 1/3:  85%|████████▌ | 75/88 [00:21<00:03,  3.67it/s, loss=1.785]
  epoch 1/3:  86%|████████▋ | 76/88 [00:21<00:03,  3.66it/s, loss=1.785]
  epoch 1/3:  86%|████████▋ | 76/88 [00:21<00:03,  3.66it/s, loss=1.785]
  epoch 1/3:  88%|████████▊ | 77/88 [00:21<00:03,  3.66it/s, loss=1.785]
  epoch 1/3:  88%|████████▊ | 77/88 [00:21<00:03,  3.66it/s, loss=1.786]
  epoch 1/3:  89%|████████▊ | 78/88 [00:21<00:02,  3.64it/s, loss=1.786]
  epoch 1/3:  89%|████████▊ | 78/88 [00:22<00:02,  3.64it/s, loss=1.787]
  epoch 1/3:  90%|████████▉ | 79/88 [00:22<00:02,  3.65it/s, loss=1.787]
  epoch 1/3:  90%|████████▉ | 79/88 [00:22<00:02,  3.65it/s, loss=1.787]
  epoch 1/3:  91%|█████████ | 80/88 [00:22<00:02,  3.60it/s, loss=1.787]
  epoch 1/3:  91%|█████████ | 80/88 [00:22<00:02,  3.60it/s, loss=1.787]
  epoch 1/3:  92%|█████████▏| 81/88 [00:22<00:01,  3.60it/s, loss=1.787]
  epoch 1/3:  92%|█████████▏| 81/88 [00:23<00:01,  3.60it/s, loss=1.786]
  epoch 1/3:  93%|█████████▎| 82/88 [00:23<00:01,  3.61it/s, loss=1.786]
  epoch 1/3:  93%|█████████▎| 82/88 [00:23<00:01,  3.61it/s, loss=1.787]
  epoch 1/3:  94%|█████████▍| 83/88 [00:23<00:01,  3.62it/s, loss=1.787]
  epoch 1/3:  94%|█████████▍| 83/88 [00:23<00:01,  3.62it/s, loss=1.786]
  epoch 1/3:  95%|█████████▌| 84/88 [00:23<00:01,  3.61it/s, loss=1.786]
  epoch 1/3:  95%|█████████▌| 84/88 [00:23<00:01,  3.61it/s, loss=1.783]
  epoch 1/3:  97%|█████████▋| 85/88 [00:23<00:00,  3.60it/s, loss=1.783]
  epoch 1/3:  97%|█████████▋| 85/88 [00:24<00:00,  3.60it/s, loss=1.785]
  epoch 1/3:  98%|█████████▊| 86/88 [00:24<00:00,  3.62it/s, loss=1.785]
  epoch 1/3:  98%|█████████▊| 86/88 [00:24<00:00,  3.62it/s, loss=1.784]
  epoch 1/3:  99%|█████████▉| 87/88 [00:24<00:00,  3.60it/s, loss=1.784]
  epoch 1/3:  99%|█████████▉| 87/88 [00:24<00:00,  3.60it/s, loss=1.785]
  epoch 1/3: 100%|██████████| 88/88 [00:24<00:00,  3.92it/s, loss=1.785]
                                                                        

  epoch 2/3:   0%|          | 0/88 [00:00<?, ?it/s]
  epoch 2/3:   0%|          | 0/88 [00:00<?, ?it/s, loss=1.674]
  epoch 2/3:   1%|          | 1/88 [00:00<00:45,  1.92it/s, loss=1.674]
  epoch 2/3:   1%|          | 1/88 [00:00<00:45,  1.92it/s, loss=1.734]
  epoch 2/3:   2%|▏         | 2/88 [00:00<00:32,  2.65it/s, loss=1.734]
  epoch 2/3:   2%|▏         | 2/88 [00:01<00:32,  2.65it/s, loss=1.739]
  epoch 2/3:   3%|▎         | 3/88 [00:01<00:28,  3.00it/s, loss=1.739]
  epoch 2/3:   3%|▎         | 3/88 [00:01<00:28,  3.00it/s, loss=1.700]
  epoch 2/3:   5%|▍         | 4/88 [00:01<00:26,  3.19it/s, loss=1.700]
  epoch 2/3:   5%|▍         | 4/88 [00:01<00:26,  3.19it/s, loss=1.704]
  epoch 2/3:   6%|▌         | 5/88 [00:01<00:25,  3.30it/s, loss=1.704]
  epoch 2/3:   6%|▌         | 5/88 [00:01<00:25,  3.30it/s, loss=1.709]
  epoch 2/3:   7%|▋         | 6/88 [00:01<00:24,  3.38it/s, loss=1.709]
  epoch 2/3:   7%|▋         | 6/88 [00:02<00:24,  3.38it/s, loss=1.716]
  epoch 2/3:   8%|▊         | 7/88 [00:02<00:23,  3.42it/s, loss=1.716]
  epoch 2/3:   8%|▊         | 7/88 [00:02<00:23,  3.42it/s, loss=1.715]
  epoch 2/3:   9%|▉         | 8/88 [00:02<00:23,  3.41it/s, loss=1.715]
  epoch 2/3:   9%|▉         | 8/88 [00:02<00:23,  3.41it/s, loss=1.708]
  epoch 2/3:  10%|█         | 9/88 [00:02<00:22,  3.48it/s, loss=1.708]
  epoch 2/3:  10%|█         | 9/88 [00:03<00:22,  3.48it/s, loss=1.703]
  epoch 2/3:  11%|█▏        | 10/88 [00:03<00:22,  3.50it/s, loss=1.703]
  epoch 2/3:  11%|█▏        | 10/88 [00:03<00:22,  3.50it/s, loss=1.706]
  epoch 2/3:  12%|█▎        | 11/88 [00:03<00:21,  3.50it/s, loss=1.706]
  epoch 2/3:  12%|█▎        | 11/88 [00:03<00:21,  3.50it/s, loss=1.713]
  epoch 2/3:  14%|█▎        | 12/88 [00:03<00:21,  3.50it/s, loss=1.713]
  epoch 2/3:  14%|█▎        | 12/88 [00:03<00:21,  3.50it/s, loss=1.725]
  epoch 2/3:  15%|█▍        | 13/88 [00:03<00:21,  3.52it/s, loss=1.725]
  epoch 2/3:  15%|█▍        | 13/88 [00:04<00:21,  3.52it/s, loss=1.733]
  epoch 2/3:  16%|█▌        | 14/88 [00:04<00:21,  3.52it/s, loss=1.733]
  epoch 2/3:  16%|█▌        | 14/88 [00:04<00:21,  3.52it/s, loss=1.740]
  epoch 2/3:  17%|█▋        | 15/88 [00:04<00:20,  3.52it/s, loss=1.740]
  epoch 2/3:  17%|█▋        | 15/88 [00:04<00:20,  3.52it/s, loss=1.742]
  epoch 2/3:  18%|█▊        | 16/88 [00:04<00:20,  3.53it/s, loss=1.742]
  epoch 2/3:  18%|█▊        | 16/88 [00:05<00:20,  3.53it/s, loss=1.760]
  epoch 2/3:  19%|█▉        | 17/88 [00:05<00:20,  3.52it/s, loss=1.760]
  epoch 2/3:  19%|█▉        | 17/88 [00:05<00:20,  3.52it/s, loss=1.784]
  epoch 2/3:  20%|██        | 18/88 [00:05<00:19,  3.53it/s, loss=1.784]
  epoch 2/3:  20%|██        | 18/88 [00:05<00:19,  3.53it/s, loss=1.789]
  epoch 2/3:  22%|██▏       | 19/88 [00:05<00:19,  3.52it/s, loss=1.789]
  epoch 2/3:  22%|██▏       | 19/88 [00:05<00:19,  3.52it/s, loss=1.784]
  epoch 2/3:  23%|██▎       | 20/88 [00:05<00:19,  3.53it/s, loss=1.784]
  epoch 2/3:  23%|██▎       | 20/88 [00:06<00:19,  3.53it/s, loss=1.786]
  epoch 2/3:  24%|██▍       | 21/88 [00:06<00:18,  3.53it/s, loss=1.786]
  epoch 2/3:  24%|██▍       | 21/88 [00:06<00:18,  3.53it/s, loss=1.787]
  epoch 2/3:  25%|██▌       | 22/88 [00:06<00:18,  3.52it/s, loss=1.787]
  epoch 2/3:  25%|██▌       | 22/88 [00:06<00:18,  3.52it/s, loss=1.785]
  epoch 2/3:  26%|██▌       | 23/88 [00:06<00:18,  3.52it/s, loss=1.785]
  epoch 2/3:  26%|██▌       | 23/88 [00:07<00:18,  3.52it/s, loss=1.780]
  epoch 2/3:  27%|██▋       | 24/88 [00:07<00:18,  3.48it/s, loss=1.780]
  epoch 2/3:  27%|██▋       | 24/88 [00:07<00:18,  3.48it/s, loss=1.775]
  epoch 2/3:  28%|██▊       | 25/88 [00:07<00:17,  3.50it/s, loss=1.775]
  epoch 2/3:  28%|██▊       | 25/88 [00:07<00:17,  3.50it/s, loss=1.773]
  epoch 2/3:  30%|██▉       | 26/88 [00:07<00:17,  3.54it/s, loss=1.773]
  epoch 2/3:  30%|██▉       | 26/88 [00:07<00:17,  3.54it/s, loss=1.769]
  epoch 2/3:  31%|███       | 27/88 [00:07<00:17,  3.53it/s, loss=1.769]
  epoch 2/3:  31%|███       | 27/88 [00:08<00:17,  3.53it/s, loss=1.760]
  epoch 2/3:  32%|███▏      | 28/88 [00:08<00:16,  3.54it/s, loss=1.760]
  epoch 2/3:  32%|███▏      | 28/88 [00:08<00:16,  3.54it/s, loss=1.757]
  epoch 2/3:  33%|███▎      | 29/88 [00:08<00:16,  3.53it/s, loss=1.757]
  epoch 2/3:  33%|███▎      | 29/88 [00:08<00:16,  3.53it/s, loss=1.757]
  epoch 2/3:  34%|███▍      | 30/88 [00:08<00:16,  3.52it/s, loss=1.757]
  epoch 2/3:  34%|███▍      | 30/88 [00:09<00:16,  3.52it/s, loss=1.754]
  epoch 2/3:  35%|███▌      | 31/88 [00:09<00:16,  3.53it/s, loss=1.754]
  epoch 2/3:  35%|███▌      | 31/88 [00:09<00:16,  3.53it/s, loss=1.756]
  epoch 2/3:  36%|███▋      | 32/88 [00:09<00:15,  3.53it/s, loss=1.756]
  epoch 2/3:  36%|███▋      | 32/88 [00:09<00:15,  3.53it/s, loss=1.753]
  epoch 2/3:  38%|███▊      | 33/88 [00:09<00:15,  3.53it/s, loss=1.753]
  epoch 2/3:  38%|███▊      | 33/88 [00:09<00:15,  3.53it/s, loss=1.752]
  epoch 2/3:  39%|███▊      | 34/88 [00:09<00:15,  3.52it/s, loss=1.752]
  epoch 2/3:  39%|███▊      | 34/88 [00:10<00:15,  3.52it/s, loss=1.751]
  epoch 2/3:  40%|███▉      | 35/88 [00:10<00:15,  3.52it/s, loss=1.751]
  epoch 2/3:  40%|███▉      | 35/88 [00:10<00:15,  3.52it/s, loss=1.754]
  epoch 2/3:  41%|████      | 36/88 [00:10<00:14,  3.52it/s, loss=1.754]
  epoch 2/3:  41%|████      | 36/88 [00:10<00:14,  3.52it/s, loss=1.754]
  epoch 2/3:  42%|████▏     | 37/88 [00:10<00:14,  3.52it/s, loss=1.754]
  epoch 2/3:  42%|████▏     | 37/88 [00:11<00:14,  3.52it/s, loss=1.753]
  epoch 2/3:  43%|████▎     | 38/88 [00:11<00:14,  3.53it/s, loss=1.753]
  epoch 2/3:  43%|████▎     | 38/88 [00:11<00:14,  3.53it/s, loss=1.756]
  epoch 2/3:  44%|████▍     | 39/88 [00:11<00:13,  3.52it/s, loss=1.756]
  epoch 2/3:  44%|████▍     | 39/88 [00:11<00:13,  3.52it/s, loss=1.753]
  epoch 2/3:  45%|████▌     | 40/88 [00:11<00:13,  3.48it/s, loss=1.753]
  epoch 2/3:  45%|████▌     | 40/88 [00:11<00:13,  3.48it/s, loss=1.749]
  epoch 2/3:  47%|████▋     | 41/88 [00:11<00:13,  3.52it/s, loss=1.749]
  epoch 2/3:  47%|████▋     | 41/88 [00:12<00:13,  3.52it/s, loss=1.748]
  epoch 2/3:  48%|████▊     | 42/88 [00:12<00:13,  3.53it/s, loss=1.748]
  epoch 2/3:  48%|████▊     | 42/88 [00:12<00:13,  3.53it/s, loss=1.744]
  epoch 2/3:  49%|████▉     | 43/88 [00:12<00:12,  3.55it/s, loss=1.744]
  epoch 2/3:  49%|████▉     | 43/88 [00:12<00:12,  3.55it/s, loss=1.743]
  epoch 2/3:  50%|█████     | 44/88 [00:12<00:12,  3.54it/s, loss=1.743]
  epoch 2/3:  50%|█████     | 44/88 [00:12<00:12,  3.54it/s, loss=1.749]
  epoch 2/3:  51%|█████     | 45/88 [00:12<00:12,  3.53it/s, loss=1.749]
  epoch 2/3:  51%|█████     | 45/88 [00:13<00:12,  3.53it/s, loss=1.752]
  epoch 2/3:  52%|█████▏    | 46/88 [00:13<00:11,  3.53it/s, loss=1.752]
  epoch 2/3:  52%|█████▏    | 46/88 [00:13<00:11,  3.53it/s, loss=1.754]
  epoch 2/3:  53%|█████▎    | 47/88 [00:13<00:11,  3.54it/s, loss=1.754]
  epoch 2/3:  53%|█████▎    | 47/88 [00:13<00:11,  3.54it/s, loss=1.750]
  epoch 2/3:  55%|█████▍    | 48/88 [00:13<00:11,  3.56it/s, loss=1.750]
  epoch 2/3:  55%|█████▍    | 48/88 [00:14<00:11,  3.56it/s, loss=1.749]
  epoch 2/3:  56%|█████▌    | 49/88 [00:14<00:10,  3.58it/s, loss=1.749]
  epoch 2/3:  56%|█████▌    | 49/88 [00:14<00:10,  3.58it/s, loss=1.749]
  epoch 2/3:  57%|█████▋    | 50/88 [00:14<00:10,  3.57it/s, loss=1.749]
  epoch 2/3:  57%|█████▋    | 50/88 [00:14<00:10,  3.57it/s, loss=1.751]
  epoch 2/3:  58%|█████▊    | 51/88 [00:14<00:10,  3.57it/s, loss=1.751]
  epoch 2/3:  58%|█████▊    | 51/88 [00:14<00:10,  3.57it/s, loss=1.754]
  epoch 2/3:  59%|█████▉    | 52/88 [00:14<00:10,  3.57it/s, loss=1.754]
  epoch 2/3:  59%|█████▉    | 52/88 [00:15<00:10,  3.57it/s, loss=1.754]
  epoch 2/3:  60%|██████    | 53/88 [00:15<00:09,  3.58it/s, loss=1.754]
  epoch 2/3:  60%|██████    | 53/88 [00:15<00:09,  3.58it/s, loss=1.753]
  epoch 2/3:  61%|██████▏   | 54/88 [00:15<00:09,  3.59it/s, loss=1.753]
  epoch 2/3:  61%|██████▏   | 54/88 [00:15<00:09,  3.59it/s, loss=1.753]
  epoch 2/3:  62%|██████▎   | 55/88 [00:15<00:09,  3.60it/s, loss=1.753]
  epoch 2/3:  62%|██████▎   | 55/88 [00:16<00:09,  3.60it/s, loss=1.752]
  epoch 2/3:  64%|██████▎   | 56/88 [00:16<00:08,  3.56it/s, loss=1.752]
  epoch 2/3:  64%|██████▎   | 56/88 [00:16<00:08,  3.56it/s, loss=1.754]
  epoch 2/3:  65%|██████▍   | 57/88 [00:16<00:08,  3.57it/s, loss=1.754]
  epoch 2/3:  65%|██████▍   | 57/88 [00:16<00:08,  3.57it/s, loss=1.753]
  epoch 2/3:  66%|██████▌   | 58/88 [00:16<00:08,  3.60it/s, loss=1.753]
  epoch 2/3:  66%|██████▌   | 58/88 [00:16<00:08,  3.60it/s, loss=1.755]
  epoch 2/3:  67%|██████▋   | 59/88 [00:16<00:08,  3.60it/s, loss=1.755]
  epoch 2/3:  67%|██████▋   | 59/88 [00:17<00:08,  3.60it/s, loss=1.756]
  epoch 2/3:  68%|██████▊   | 60/88 [00:17<00:07,  3.60it/s, loss=1.756]
  epoch 2/3:  68%|██████▊   | 60/88 [00:17<00:07,  3.60it/s, loss=1.758]
  epoch 2/3:  69%|██████▉   | 61/88 [00:17<00:07,  3.61it/s, loss=1.758]
  epoch 2/3:  69%|██████▉   | 61/88 [00:17<00:07,  3.61it/s, loss=1.758]
  epoch 2/3:  70%|███████   | 62/88 [00:17<00:07,  3.62it/s, loss=1.758]
  epoch 2/3:  70%|███████   | 62/88 [00:18<00:07,  3.62it/s, loss=1.754]
  epoch 2/3:  72%|███████▏  | 63/88 [00:18<00:06,  3.63it/s, loss=1.754]
  epoch 2/3:  72%|███████▏  | 63/88 [00:18<00:06,  3.63it/s, loss=1.752]
  epoch 2/3:  73%|███████▎  | 64/88 [00:18<00:06,  3.62it/s, loss=1.752]
  epoch 2/3:  73%|███████▎  | 64/88 [00:18<00:06,  3.62it/s, loss=1.749]
  epoch 2/3:  74%|███████▍  | 65/88 [00:18<00:06,  3.63it/s, loss=1.749]
  epoch 2/3:  74%|███████▍  | 65/88 [00:18<00:06,  3.63it/s, loss=1.746]
  epoch 2/3:  75%|███████▌  | 66/88 [00:18<00:06,  3.61it/s, loss=1.746]
  epoch 2/3:  75%|███████▌  | 66/88 [00:19<00:06,  3.61it/s, loss=1.743]
  epoch 2/3:  76%|███████▌  | 67/88 [00:19<00:05,  3.62it/s, loss=1.743]
  epoch 2/3:  76%|███████▌  | 67/88 [00:19<00:05,  3.62it/s, loss=1.742]
  epoch 2/3:  77%|███████▋  | 68/88 [00:19<00:05,  3.64it/s, loss=1.742]
  epoch 2/3:  77%|███████▋  | 68/88 [00:19<00:05,  3.64it/s, loss=1.741]
  epoch 2/3:  78%|███████▊  | 69/88 [00:19<00:05,  3.64it/s, loss=1.741]
  epoch 2/3:  78%|███████▊  | 69/88 [00:19<00:05,  3.64it/s, loss=1.741]
  epoch 2/3:  80%|███████▉  | 70/88 [00:19<00:04,  3.65it/s, loss=1.741]
  epoch 2/3:  80%|███████▉  | 70/88 [00:20<00:04,  3.65it/s, loss=1.740]
  epoch 2/3:  81%|████████  | 71/88 [00:20<00:04,  3.65it/s, loss=1.740]
  epoch 2/3:  81%|████████  | 71/88 [00:20<00:04,  3.65it/s, loss=1.740]
  epoch 2/3:  82%|████████▏ | 72/88 [00:20<00:04,  3.61it/s, loss=1.740]
  epoch 2/3:  82%|████████▏ | 72/88 [00:20<00:04,  3.61it/s, loss=1.739]
  epoch 2/3:  83%|████████▎ | 73/88 [00:20<00:04,  3.62it/s, loss=1.739]
  epoch 2/3:  83%|████████▎ | 73/88 [00:21<00:04,  3.62it/s, loss=1.739]
  epoch 2/3:  84%|████████▍ | 74/88 [00:21<00:03,  3.63it/s, loss=1.739]
  epoch 2/3:  84%|████████▍ | 74/88 [00:21<00:03,  3.63it/s, loss=1.739]
  epoch 2/3:  85%|████████▌ | 75/88 [00:21<00:03,  3.64it/s, loss=1.739]
  epoch 2/3:  85%|████████▌ | 75/88 [00:21<00:03,  3.64it/s, loss=1.739]
  epoch 2/3:  86%|████████▋ | 76/88 [00:21<00:03,  3.64it/s, loss=1.739]
  epoch 2/3:  86%|████████▋ | 76/88 [00:21<00:03,  3.64it/s, loss=1.741]
  epoch 2/3:  88%|████████▊ | 77/88 [00:21<00:03,  3.64it/s, loss=1.741]
  epoch 2/3:  88%|████████▊ | 77/88 [00:22<00:03,  3.64it/s, loss=1.738]
  epoch 2/3:  89%|████████▊ | 78/88 [00:22<00:02,  3.64it/s, loss=1.738]
  epoch 2/3:  89%|████████▊ | 78/88 [00:22<00:02,  3.64it/s, loss=1.737]
  epoch 2/3:  90%|████████▉ | 79/88 [00:22<00:02,  3.65it/s, loss=1.737]
  epoch 2/3:  90%|████████▉ | 79/88 [00:22<00:02,  3.65it/s, loss=1.739]
  epoch 2/3:  91%|█████████ | 80/88 [00:22<00:02,  3.66it/s, loss=1.739]
  epoch 2/3:  91%|█████████ | 80/88 [00:22<00:02,  3.66it/s, loss=1.738]
  epoch 2/3:  92%|█████████▏| 81/88 [00:22<00:01,  3.65it/s, loss=1.738]
  epoch 2/3:  92%|█████████▏| 81/88 [00:23<00:01,  3.65it/s, loss=1.738]
  epoch 2/3:  93%|█████████▎| 82/88 [00:23<00:01,  3.66it/s, loss=1.738]
  epoch 2/3:  93%|█████████▎| 82/88 [00:23<00:01,  3.66it/s, loss=1.739]
  epoch 2/3:  94%|█████████▍| 83/88 [00:23<00:01,  3.67it/s, loss=1.739]
  epoch 2/3:  94%|█████████▍| 83/88 [00:23<00:01,  3.67it/s, loss=1.741]
  epoch 2/3:  95%|█████████▌| 84/88 [00:23<00:01,  3.69it/s, loss=1.741]
  epoch 2/3:  95%|█████████▌| 84/88 [00:24<00:01,  3.69it/s, loss=1.742]
  epoch 2/3:  97%|█████████▋| 85/88 [00:24<00:00,  3.69it/s, loss=1.742]
  epoch 2/3:  97%|█████████▋| 85/88 [00:24<00:00,  3.69it/s, loss=1.745]
  epoch 2/3:  98%|█████████▊| 86/88 [00:24<00:00,  3.69it/s, loss=1.745]
  epoch 2/3:  98%|█████████▊| 86/88 [00:24<00:00,  3.69it/s, loss=1.748]
  epoch 2/3:  99%|█████████▉| 87/88 [00:24<00:00,  3.70it/s, loss=1.748]
  epoch 2/3:  99%|█████████▉| 87/88 [00:24<00:00,  3.70it/s, loss=1.749]
  epoch 2/3: 100%|██████████| 88/88 [00:24<00:00,  4.00it/s, loss=1.749]
                                                                        

  epoch 3/3:   0%|          | 0/88 [00:00<?, ?it/s]
  epoch 3/3:   0%|          | 0/88 [00:00<?, ?it/s, loss=1.852]
  epoch 3/3:   1%|          | 1/88 [00:00<00:42,  2.03it/s, loss=1.852]
  epoch 3/3:   1%|          | 1/88 [00:00<00:42,  2.03it/s, loss=1.795]
  epoch 3/3:   2%|▏         | 2/88 [00:00<00:31,  2.74it/s, loss=1.795]
  epoch 3/3:   2%|▏         | 2/88 [00:01<00:31,  2.74it/s, loss=1.742]
  epoch 3/3:   3%|▎         | 3/88 [00:01<00:27,  3.11it/s, loss=1.742]
  epoch 3/3:   3%|▎         | 3/88 [00:01<00:27,  3.11it/s, loss=1.727]
  epoch 3/3:   5%|▍         | 4/88 [00:01<00:25,  3.33it/s, loss=1.727]
  epoch 3/3:   5%|▍         | 4/88 [00:01<00:25,  3.33it/s, loss=1.706]
  epoch 3/3:   6%|▌         | 5/88 [00:01<00:24,  3.43it/s, loss=1.706]
  epoch 3/3:   6%|▌         | 5/88 [00:01<00:24,  3.43it/s, loss=1.753]
  epoch 3/3:   7%|▋         | 6/88 [00:01<00:23,  3.51it/s, loss=1.753]
  epoch 3/3:   7%|▋         | 6/88 [00:02<00:23,  3.51it/s, loss=1.752]
  epoch 3/3:   8%|▊         | 7/88 [00:02<00:22,  3.58it/s, loss=1.752]
  epoch 3/3:   8%|▊         | 7/88 [00:02<00:22,  3.58it/s, loss=1.754]
  epoch 3/3:   9%|▉         | 8/88 [00:02<00:22,  3.62it/s, loss=1.754]
  epoch 3/3:   9%|▉         | 8/88 [00:02<00:22,  3.62it/s, loss=1.771]
  epoch 3/3:  10%|█         | 9/88 [00:02<00:21,  3.63it/s, loss=1.771]
  epoch 3/3:  10%|█         | 9/88 [00:02<00:21,  3.63it/s, loss=1.785]
  epoch 3/3:  11%|█▏        | 10/88 [00:02<00:21,  3.66it/s, loss=1.785]
  epoch 3/3:  11%|█▏        | 10/88 [00:03<00:21,  3.66it/s, loss=1.782]
  epoch 3/3:  12%|█▎        | 11/88 [00:03<00:20,  3.67it/s, loss=1.782]
  epoch 3/3:  12%|█▎        | 11/88 [00:03<00:20,  3.67it/s, loss=1.796]
  epoch 3/3:  14%|█▎        | 12/88 [00:03<00:20,  3.67it/s, loss=1.796]
  epoch 3/3:  14%|█▎        | 12/88 [00:03<00:20,  3.67it/s, loss=1.799]
  epoch 3/3:  15%|█▍        | 13/88 [00:03<00:20,  3.69it/s, loss=1.799]
  epoch 3/3:  15%|█▍        | 13/88 [00:04<00:20,  3.69it/s, loss=1.798]
  epoch 3/3:  16%|█▌        | 14/88 [00:04<00:20,  3.69it/s, loss=1.798]
  epoch 3/3:  16%|█▌        | 14/88 [00:04<00:20,  3.69it/s, loss=1.797]
  epoch 3/3:  17%|█▋        | 15/88 [00:04<00:19,  3.68it/s, loss=1.797]
  epoch 3/3:  17%|█▋        | 15/88 [00:04<00:19,  3.68it/s, loss=1.797]
  epoch 3/3:  18%|█▊        | 16/88 [00:04<00:19,  3.65it/s, loss=1.797]
  epoch 3/3:  18%|█▊        | 16/88 [00:04<00:19,  3.65it/s, loss=1.797]
  epoch 3/3:  19%|█▉        | 17/88 [00:04<00:19,  3.68it/s, loss=1.797]
  epoch 3/3:  19%|█▉        | 17/88 [00:05<00:19,  3.68it/s, loss=1.785]
  epoch 3/3:  20%|██        | 18/88 [00:05<00:19,  3.68it/s, loss=1.785]
  epoch 3/3:  20%|██        | 18/88 [00:05<00:19,  3.68it/s, loss=1.780]
  epoch 3/3:  22%|██▏       | 19/88 [00:05<00:18,  3.69it/s, loss=1.780]
  epoch 3/3:  22%|██▏       | 19/88 [00:05<00:18,  3.69it/s, loss=1.779]
  epoch 3/3:  23%|██▎       | 20/88 [00:05<00:18,  3.71it/s, loss=1.779]
  epoch 3/3:  23%|██▎       | 20/88 [00:05<00:18,  3.71it/s, loss=1.780]
  epoch 3/3:  24%|██▍       | 21/88 [00:05<00:18,  3.70it/s, loss=1.780]
  epoch 3/3:  24%|██▍       | 21/88 [00:06<00:18,  3.70it/s, loss=1.772]
  epoch 3/3:  25%|██▌       | 22/88 [00:06<00:17,  3.70it/s, loss=1.772]
  epoch 3/3:  25%|██▌       | 22/88 [00:06<00:17,  3.70it/s, loss=1.774]
  epoch 3/3:  26%|██▌       | 23/88 [00:06<00:17,  3.73it/s, loss=1.774]
  epoch 3/3:  26%|██▌       | 23/88 [00:06<00:17,  3.73it/s, loss=1.778]
  epoch 3/3:  27%|██▋       | 24/88 [00:06<00:17,  3.74it/s, loss=1.778]
  epoch 3/3:  27%|██▋       | 24/88 [00:06<00:17,  3.74it/s, loss=1.777]
  epoch 3/3:  28%|██▊       | 25/88 [00:06<00:16,  3.74it/s, loss=1.777]
  epoch 3/3:  28%|██▊       | 25/88 [00:07<00:16,  3.74it/s, loss=1.775]
  epoch 3/3:  30%|██▉       | 26/88 [00:07<00:16,  3.73it/s, loss=1.775]
  epoch 3/3:  30%|██▉       | 26/88 [00:07<00:16,  3.73it/s, loss=1.780]
  epoch 3/3:  31%|███       | 27/88 [00:07<00:16,  3.71it/s, loss=1.780]
  epoch 3/3:  31%|███       | 27/88 [00:07<00:16,  3.71it/s, loss=1.778]
  epoch 3/3:  32%|███▏      | 28/88 [00:07<00:16,  3.73it/s, loss=1.778]
  epoch 3/3:  32%|███▏      | 28/88 [00:08<00:16,  3.73it/s, loss=1.773]
  epoch 3/3:  33%|███▎      | 29/88 [00:08<00:15,  3.73it/s, loss=1.773]
  epoch 3/3:  33%|███▎      | 29/88 [00:08<00:15,  3.73it/s, loss=1.771]
  epoch 3/3:  34%|███▍      | 30/88 [00:08<00:15,  3.73it/s, loss=1.771]
  epoch 3/3:  34%|███▍      | 30/88 [00:08<00:15,  3.73it/s, loss=1.772]
  epoch 3/3:  35%|███▌      | 31/88 [00:08<00:15,  3.72it/s, loss=1.772]
  epoch 3/3:  35%|███▌      | 31/88 [00:08<00:15,  3.72it/s, loss=1.767]
  epoch 3/3:  36%|███▋      | 32/88 [00:08<00:15,  3.70it/s, loss=1.767]
  epoch 3/3:  36%|███▋      | 32/88 [00:09<00:15,  3.70it/s, loss=1.764]
  epoch 3/3:  38%|███▊      | 33/88 [00:09<00:14,  3.70it/s, loss=1.764]
  epoch 3/3:  38%|███▊      | 33/88 [00:09<00:14,  3.70it/s, loss=1.766]
  epoch 3/3:  39%|███▊      | 34/88 [00:09<00:14,  3.72it/s, loss=1.766]
  epoch 3/3:  39%|███▊      | 34/88 [00:09<00:14,  3.72it/s, loss=1.763]
  epoch 3/3:  40%|███▉      | 35/88 [00:09<00:14,  3.73it/s, loss=1.763]
  epoch 3/3:  40%|███▉      | 35/88 [00:09<00:14,  3.73it/s, loss=1.762]
  epoch 3/3:  41%|████      | 36/88 [00:09<00:13,  3.74it/s, loss=1.762]
  epoch 3/3:  41%|████      | 36/88 [00:10<00:13,  3.74it/s, loss=1.758]
  epoch 3/3:  42%|████▏     | 37/88 [00:10<00:13,  3.76it/s, loss=1.758]
  epoch 3/3:  42%|████▏     | 37/88 [00:10<00:13,  3.76it/s, loss=1.755]
  epoch 3/3:  43%|████▎     | 38/88 [00:10<00:13,  3.77it/s, loss=1.755]
  epoch 3/3:  43%|████▎     | 38/88 [00:10<00:13,  3.77it/s, loss=1.756]
  epoch 3/3:  44%|████▍     | 39/88 [00:10<00:12,  3.77it/s, loss=1.756]
  epoch 3/3:  44%|████▍     | 39/88 [00:10<00:12,  3.77it/s, loss=1.752]
  epoch 3/3:  45%|████▌     | 40/88 [00:10<00:12,  3.78it/s, loss=1.752]
  epoch 3/3:  45%|████▌     | 40/88 [00:11<00:12,  3.78it/s, loss=1.751]
  epoch 3/3:  47%|████▋     | 41/88 [00:11<00:12,  3.77it/s, loss=1.751]
  epoch 3/3:  47%|████▋     | 41/88 [00:11<00:12,  3.77it/s, loss=1.752]
  epoch 3/3:  48%|████▊     | 42/88 [00:11<00:12,  3.77it/s, loss=1.752]
  epoch 3/3:  48%|████▊     | 42/88 [00:11<00:12,  3.77it/s, loss=1.750]
  epoch 3/3:  49%|████▉     | 43/88 [00:11<00:12,  3.74it/s, loss=1.750]
  epoch 3/3:  49%|████▉     | 43/88 [00:12<00:12,  3.74it/s, loss=1.750]
  epoch 3/3:  50%|█████     | 44/88 [00:12<00:11,  3.75it/s, loss=1.750]
  epoch 3/3:  50%|█████     | 44/88 [00:12<00:11,  3.75it/s, loss=1.757]
  epoch 3/3:  51%|█████     | 45/88 [00:12<00:11,  3.77it/s, loss=1.757]
  epoch 3/3:  51%|█████     | 45/88 [00:12<00:11,  3.77it/s, loss=1.760]
  epoch 3/3:  52%|█████▏    | 46/88 [00:12<00:11,  3.78it/s, loss=1.760]
  epoch 3/3:  52%|█████▏    | 46/88 [00:12<00:11,  3.78it/s, loss=1.762]
  epoch 3/3:  53%|█████▎    | 47/88 [00:12<00:10,  3.78it/s, loss=1.762]
  epoch 3/3:  53%|█████▎    | 47/88 [00:13<00:10,  3.78it/s, loss=1.761]
  epoch 3/3:  55%|█████▍    | 48/88 [00:13<00:10,  3.74it/s, loss=1.761]
  epoch 3/3:  55%|█████▍    | 48/88 [00:13<00:10,  3.74it/s, loss=1.762]
  epoch 3/3:  56%|█████▌    | 49/88 [00:13<00:10,  3.76it/s, loss=1.762]
  epoch 3/3:  56%|█████▌    | 49/88 [00:13<00:10,  3.76it/s, loss=1.761]
  epoch 3/3:  57%|█████▋    | 50/88 [00:13<00:10,  3.77it/s, loss=1.761]
  epoch 3/3:  57%|█████▋    | 50/88 [00:13<00:10,  3.77it/s, loss=1.756]
  epoch 3/3:  58%|█████▊    | 51/88 [00:13<00:09,  3.77it/s, loss=1.756]
  epoch 3/3:  58%|█████▊    | 51/88 [00:14<00:09,  3.77it/s, loss=1.754]
  epoch 3/3:  59%|█████▉    | 52/88 [00:14<00:09,  3.75it/s, loss=1.754]
  epoch 3/3:  59%|█████▉    | 52/88 [00:14<00:09,  3.75it/s, loss=1.753]
  epoch 3/3:  60%|██████    | 53/88 [00:14<00:09,  3.76it/s, loss=1.753]
  epoch 3/3:  60%|██████    | 53/88 [00:14<00:09,  3.76it/s, loss=1.752]
  epoch 3/3:  61%|██████▏   | 54/88 [00:14<00:09,  3.77it/s, loss=1.752]
  epoch 3/3:  61%|██████▏   | 54/88 [00:14<00:09,  3.77it/s, loss=1.749]
  epoch 3/3:  62%|██████▎   | 55/88 [00:14<00:08,  3.78it/s, loss=1.749]
  epoch 3/3:  62%|██████▎   | 55/88 [00:15<00:08,  3.78it/s, loss=1.746]
  epoch 3/3:  64%|██████▎   | 56/88 [00:15<00:08,  3.78it/s, loss=1.746]
  epoch 3/3:  64%|██████▎   | 56/88 [00:15<00:08,  3.78it/s, loss=1.744]
  epoch 3/3:  65%|██████▍   | 57/88 [00:15<00:08,  3.79it/s, loss=1.744]
  epoch 3/3:  65%|██████▍   | 57/88 [00:15<00:08,  3.79it/s, loss=1.740]
  epoch 3/3:  66%|██████▌   | 58/88 [00:15<00:07,  3.79it/s, loss=1.740]
  epoch 3/3:  66%|██████▌   | 58/88 [00:16<00:07,  3.79it/s, loss=1.738]
  epoch 3/3:  67%|██████▋   | 59/88 [00:16<00:07,  3.80it/s, loss=1.738]
  epoch 3/3:  67%|██████▋   | 59/88 [00:16<00:07,  3.80it/s, loss=1.736]
  epoch 3/3:  68%|██████▊   | 60/88 [00:16<00:07,  3.79it/s, loss=1.736]
  epoch 3/3:  68%|██████▊   | 60/88 [00:16<00:07,  3.79it/s, loss=1.736]
  epoch 3/3:  69%|██████▉   | 61/88 [00:16<00:07,  3.80it/s, loss=1.736]
  epoch 3/3:  69%|██████▉   | 61/88 [00:16<00:07,  3.80it/s, loss=1.737]
  epoch 3/3:  70%|███████   | 62/88 [00:16<00:06,  3.80it/s, loss=1.737]
  epoch 3/3:  70%|███████   | 62/88 [00:17<00:06,  3.80it/s, loss=1.737]
  epoch 3/3:  72%|███████▏  | 63/88 [00:17<00:06,  3.80it/s, loss=1.737]
  epoch 3/3:  72%|███████▏  | 63/88 [00:17<00:06,  3.80it/s, loss=1.738]
  epoch 3/3:  73%|███████▎  | 64/88 [00:17<00:06,  3.75it/s, loss=1.738]
  epoch 3/3:  73%|███████▎  | 64/88 [00:17<00:06,  3.75it/s, loss=1.738]
  epoch 3/3:  74%|███████▍  | 65/88 [00:17<00:06,  3.77it/s, loss=1.738]
  epoch 3/3:  74%|███████▍  | 65/88 [00:17<00:06,  3.77it/s, loss=1.740]
  epoch 3/3:  75%|███████▌  | 66/88 [00:17<00:05,  3.78it/s, loss=1.740]
  epoch 3/3:  75%|███████▌  | 66/88 [00:18<00:05,  3.78it/s, loss=1.741]
  epoch 3/3:  76%|███████▌  | 67/88 [00:18<00:05,  3.78it/s, loss=1.741]
  epoch 3/3:  76%|███████▌  | 67/88 [00:18<00:05,  3.78it/s, loss=1.744]
  epoch 3/3:  77%|███████▋  | 68/88 [00:18<00:05,  3.79it/s, loss=1.744]
  epoch 3/3:  77%|███████▋  | 68/88 [00:18<00:05,  3.79it/s, loss=1.744]
  epoch 3/3:  78%|███████▊  | 69/88 [00:18<00:04,  3.81it/s, loss=1.744]
  epoch 3/3:  78%|███████▊  | 69/88 [00:18<00:04,  3.81it/s, loss=1.743]
  epoch 3/3:  80%|███████▉  | 70/88 [00:18<00:04,  3.81it/s, loss=1.743]
  epoch 3/3:  80%|███████▉  | 70/88 [00:19<00:04,  3.81it/s, loss=1.744]
  epoch 3/3:  81%|████████  | 71/88 [00:19<00:04,  3.82it/s, loss=1.744]
  epoch 3/3:  81%|████████  | 71/88 [00:19<00:04,  3.82it/s, loss=1.742]
  epoch 3/3:  82%|████████▏ | 72/88 [00:19<00:04,  3.81it/s, loss=1.742]
  epoch 3/3:  82%|████████▏ | 72/88 [00:19<00:04,  3.81it/s, loss=1.741]
  epoch 3/3:  83%|████████▎ | 73/88 [00:19<00:03,  3.81it/s, loss=1.741]
  epoch 3/3:  83%|████████▎ | 73/88 [00:19<00:03,  3.81it/s, loss=1.739]
  epoch 3/3:  84%|████████▍ | 74/88 [00:19<00:03,  3.81it/s, loss=1.739]
  epoch 3/3:  84%|████████▍ | 74/88 [00:20<00:03,  3.81it/s, loss=1.737]
  epoch 3/3:  85%|████████▌ | 75/88 [00:20<00:03,  3.81it/s, loss=1.737]
  epoch 3/3:  85%|████████▌ | 75/88 [00:20<00:03,  3.81it/s, loss=1.739]
  epoch 3/3:  86%|████████▋ | 76/88 [00:20<00:03,  3.81it/s, loss=1.739]
  epoch 3/3:  86%|████████▋ | 76/88 [00:20<00:03,  3.81it/s, loss=1.740]
  epoch 3/3:  88%|████████▊ | 77/88 [00:20<00:02,  3.80it/s, loss=1.740]
  epoch 3/3:  88%|████████▊ | 77/88 [00:21<00:02,  3.80it/s, loss=1.738]
  epoch 3/3:  89%|████████▊ | 78/88 [00:21<00:02,  3.80it/s, loss=1.738]
  epoch 3/3:  89%|████████▊ | 78/88 [00:21<00:02,  3.80it/s, loss=1.737]
  epoch 3/3:  90%|████████▉ | 79/88 [00:21<00:02,  3.80it/s, loss=1.737]
  epoch 3/3:  90%|████████▉ | 79/88 [00:21<00:02,  3.80it/s, loss=1.737]
  epoch 3/3:  91%|█████████ | 80/88 [00:21<00:02,  3.75it/s, loss=1.737]
  epoch 3/3:  91%|█████████ | 80/88 [00:21<00:02,  3.75it/s, loss=1.738]
  epoch 3/3:  92%|█████████▏| 81/88 [00:21<00:01,  3.78it/s, loss=1.738]
  epoch 3/3:  92%|█████████▏| 81/88 [00:22<00:01,  3.78it/s, loss=1.738]
  epoch 3/3:  93%|█████████▎| 82/88 [00:22<00:01,  3.80it/s, loss=1.738]
  epoch 3/3:  93%|█████████▎| 82/88 [00:22<00:01,  3.80it/s, loss=1.737]
  epoch 3/3:  94%|█████████▍| 83/88 [00:22<00:01,  3.80it/s, loss=1.737]
  epoch 3/3:  94%|█████████▍| 83/88 [00:22<00:01,  3.80it/s, loss=1.738]
  epoch 3/3:  95%|█████████▌| 84/88 [00:22<00:01,  3.80it/s, loss=1.738]
  epoch 3/3:  95%|█████████▌| 84/88 [00:22<00:01,  3.80it/s, loss=1.740]
  epoch 3/3:  97%|█████████▋| 85/88 [00:22<00:00,  3.81it/s, loss=1.740]
  epoch 3/3:  97%|█████████▋| 85/88 [00:23<00:00,  3.81it/s, loss=1.741]
  epoch 3/3:  98%|█████████▊| 86/88 [00:23<00:00,  3.81it/s, loss=1.741]
  epoch 3/3:  98%|█████████▊| 86/88 [00:23<00:00,  3.81it/s, loss=1.741]
  epoch 3/3:  99%|█████████▉| 87/88 [00:23<00:00,  3.81it/s, loss=1.741]
  epoch 3/3:  99%|█████████▉| 87/88 [00:23<00:00,  3.81it/s, loss=1.742]
  epoch 3/3: 100%|██████████| 88/88 [00:23<00:00,  4.15it/s, loss=1.742]
                                                                        
[titans] reset=never | norm(state) sau task = 186.5878
[titans]   self-mod v:β=1.00 |W|=0.01
[titans]   eta_t(avg)=0.5014  alpha_t/forget-gate(avg)=0.5050
[task 0] test acc so far: 0.149
[task 0] NCM-head acc so far: 0.854
[task 1] classes=[11, 12, 15, 23, 25] | train=2800

  epoch 1/3:   0%|          | 0/88 [00:00<?, ?it/s]
  epoch 1/3:   0%|          | 0/88 [00:00<?, ?it/s, loss=1.603]
  epoch 1/3:   1%|          | 1/88 [00:00<00:42,  2.06it/s, loss=1.603]
  epoch 1/3:   1%|          | 1/88 [00:00<00:42,  2.06it/s, loss=1.523]
  epoch 1/3:   2%|▏         | 2/88 [00:00<00:30,  2.82it/s, loss=1.523]
  epoch 1/3:   2%|▏         | 2/88 [00:01<00:30,  2.82it/s, loss=1.502]
  epoch 1/3:   3%|▎         | 3/88 [00:01<00:26,  3.20it/s, loss=1.502]
  epoch 1/3:   3%|▎         | 3/88 [00:01<00:26,  3.20it/s, loss=1.524]
  epoch 1/3:   5%|▍         | 4/88 [00:01<00:24,  3.42it/s, loss=1.524]
  epoch 1/3:   5%|▍         | 4/88 [00:01<00:24,  3.42it/s, loss=1.544]
  epoch 1/3:   6%|▌         | 5/88 [00:01<00:23,  3.54it/s, loss=1.544]
  epoch 1/3:   6%|▌         | 5/88 [00:01<00:23,  3.54it/s, loss=1.526]
  epoch 1/3:   7%|▋         | 6/88 [00:01<00:22,  3.63it/s, loss=1.526]
  epoch 1/3:   7%|▋         | 6/88 [00:02<00:22,  3.63it/s, loss=1.514]
  epoch 1/3:   8%|▊         | 7/88 [00:02<00:21,  3.69it/s, loss=1.514]
  epoch 1/3:   8%|▊         | 7/88 [00:02<00:21,  3.69it/s, loss=1.534]
  epoch 1/3:   9%|▉         | 8/88 [00:02<00:21,  3.68it/s, loss=1.534]
  epoch 1/3:   9%|▉         | 8/88 [00:02<00:21,  3.68it/s, loss=1.539]
  epoch 1/3:  10%|█         | 9/88 [00:02<00:21,  3.72it/s, loss=1.539]
  epoch 1/3:  10%|█         | 9/88 [00:02<00:21,  3.72it/s, loss=1.552]
  epoch 1/3:  11%|█▏        | 10/88 [00:02<00:20,  3.73it/s, loss=1.552]
  epoch 1/3:  11%|█▏        | 10/88 [00:03<00:20,  3.73it/s, loss=1.567]
  epoch 1/3:  12%|█▎        | 11/88 [00:03<00:20,  3.75it/s, loss=1.567]
  epoch 1/3:  12%|█▎        | 11/88 [00:03<00:20,  3.75it/s, loss=1.570]
  epoch 1/3:  14%|█▎        | 12/88 [00:03<00:20,  3.74it/s, loss=1.570]
  epoch 1/3:  14%|█▎        | 12/88 [00:03<00:20,  3.74it/s, loss=1.597]
  epoch 1/3:  15%|█▍        | 13/88 [00:03<00:19,  3.75it/s, loss=1.597]
  epoch 1/3:  15%|█▍        | 13/88 [00:03<00:19,  3.75it/s, loss=1.603]
  epoch 1/3:  16%|█▌        | 14/88 [00:03<00:19,  3.77it/s, loss=1.603]
  epoch 1/3:  16%|█▌        | 14/88 [00:04<00:19,  3.77it/s, loss=1.605]
  epoch 1/3:  17%|█▋        | 15/88 [00:04<00:19,  3.77it/s, loss=1.605]
  epoch 1/3:  17%|█▋        | 15/88 [00:04<00:19,  3.77it/s, loss=1.613]
  epoch 1/3:  18%|█▊        | 16/88 [00:04<00:19,  3.78it/s, loss=1.613]
  epoch 1/3:  18%|█▊        | 16/88 [00:04<00:19,  3.78it/s, loss=1.603]
  epoch 1/3:  19%|█▉        | 17/88 [00:04<00:18,  3.79it/s, loss=1.603]
  epoch 1/3:  19%|█▉        | 17/88 [00:04<00:18,  3.79it/s, loss=1.596]
  epoch 1/3:  20%|██        | 18/88 [00:04<00:18,  3.79it/s, loss=1.596]
  epoch 1/3:  20%|██        | 18/88 [00:05<00:18,  3.79it/s, loss=1.601]
  epoch 1/3:  22%|██▏       | 19/88 [00:05<00:18,  3.79it/s, loss=1.601]
  epoch 1/3:  22%|██▏       | 19/88 [00:05<00:18,  3.79it/s, loss=1.605]
  epoch 1/3:  23%|██▎       | 20/88 [00:05<00:17,  3.79it/s, loss=1.605]
  epoch 1/3:  23%|██▎       | 20/88 [00:05<00:17,  3.79it/s, loss=1.614]
  epoch 1/3:  24%|██▍       | 21/88 [00:05<00:17,  3.79it/s, loss=1.614]
  epoch 1/3:  24%|██▍       | 21/88 [00:06<00:17,  3.79it/s, loss=1.611]
  epoch 1/3:  25%|██▌       | 22/88 [00:06<00:17,  3.79it/s, loss=1.611]
  epoch 1/3:  25%|██▌       | 22/88 [00:06<00:17,  3.79it/s, loss=1.616]
  epoch 1/3:  26%|██▌       | 23/88 [00:06<00:17,  3.80it/s, loss=1.616]
  epoch 1/3:  26%|██▌       | 23/88 [00:06<00:17,  3.80it/s, loss=1.611]
  epoch 1/3:  27%|██▋       | 24/88 [00:06<00:17,  3.75it/s, loss=1.611]
  epoch 1/3:  27%|██▋       | 24/88 [00:06<00:17,  3.75it/s, loss=1.611]
  epoch 1/3:  28%|██▊       | 25/88 [00:06<00:16,  3.77it/s, loss=1.611]
  epoch 1/3:  28%|██▊       | 25/88 [00:07<00:16,  3.77it/s, loss=1.613]
  epoch 1/3:  30%|██▉       | 26/88 [00:07<00:16,  3.76it/s, loss=1.613]
  epoch 1/3:  30%|██▉       | 26/88 [00:07<00:16,  3.76it/s, loss=1.611]
  epoch 1/3:  31%|███       | 27/88 [00:07<00:16,  3.76it/s, loss=1.611]
  epoch 1/3:  31%|███       | 27/88 [00:07<00:16,  3.76it/s, loss=1.606]
  epoch 1/3:  32%|███▏      | 28/88 [00:07<00:16,  3.75it/s, loss=1.606]
  epoch 1/3:  32%|███▏      | 28/88 [00:07<00:16,  3.75it/s, loss=1.608]
  epoch 1/3:  33%|███▎      | 29/88 [00:07<00:15,  3.76it/s, loss=1.608]
  epoch 1/3:  33%|███▎      | 29/88 [00:08<00:15,  3.76it/s, loss=1.604]
  epoch 1/3:  34%|███▍      | 30/88 [00:08<00:15,  3.77it/s, loss=1.604]
  epoch 1/3:  34%|███▍      | 30/88 [00:08<00:15,  3.77it/s, loss=1.604]
  epoch 1/3:  35%|███▌      | 31/88 [00:08<00:15,  3.78it/s, loss=1.604]
  epoch 1/3:  35%|███▌      | 31/88 [00:08<00:15,  3.78it/s, loss=1.602]
  epoch 1/3:  36%|███▋      | 32/88 [00:08<00:14,  3.78it/s, loss=1.602]
  epoch 1/3:  36%|███▋      | 32/88 [00:08<00:14,  3.78it/s, loss=1.601]
  epoch 1/3:  38%|███▊      | 33/88 [00:08<00:14,  3.78it/s, loss=1.601]
  epoch 1/3:  38%|███▊      | 33/88 [00:09<00:14,  3.78it/s, loss=1.603]
  epoch 1/3:  39%|███▊      | 34/88 [00:09<00:14,  3.79it/s, loss=1.603]
  epoch 1/3:  39%|███▊      | 34/88 [00:09<00:14,  3.79it/s, loss=1.609]
  epoch 1/3:  40%|███▉      | 35/88 [00:09<00:13,  3.79it/s, loss=1.609]
  epoch 1/3:  40%|███▉      | 35/88 [00:09<00:13,  3.79it/s, loss=1.611]
  epoch 1/3:  41%|████      | 36/88 [00:09<00:13,  3.79it/s, loss=1.611]
  epoch 1/3:  41%|████      | 36/88 [00:10<00:13,  3.79it/s, loss=1.607]
  epoch 1/3:  42%|████▏     | 37/88 [00:10<00:13,  3.79it/s, loss=1.607]
  epoch 1/3:  42%|████▏     | 37/88 [00:10<00:13,  3.79it/s, loss=1.604]
  epoch 1/3:  43%|████▎     | 38/88 [00:10<00:13,  3.78it/s, loss=1.604]
  epoch 1/3:  43%|████▎     | 38/88 [00:10<00:13,  3.78it/s, loss=1.599]
  epoch 1/3:  44%|████▍     | 39/88 [00:10<00:12,  3.79it/s, loss=1.599]
  epoch 1/3:  44%|████▍     | 39/88 [00:10<00:12,  3.79it/s, loss=1.599]
  epoch 1/3:  45%|████▌     | 40/88 [00:10<00:12,  3.74it/s, loss=1.599]
  epoch 1/3:  45%|████▌     | 40/88 [00:11<00:12,  3.74it/s, loss=1.596]
  epoch 1/3:  47%|████▋     | 41/88 [00:11<00:12,  3.77it/s, loss=1.596]
  epoch 1/3:  47%|████▋     | 41/88 [00:11<00:12,  3.77it/s, loss=1.592]
  epoch 1/3:  48%|████▊     | 42/88 [00:11<00:12,  3.77it/s, loss=1.592]
  epoch 1/3:  48%|████▊     | 42/88 [00:11<00:12,  3.77it/s, loss=1.590]
  epoch 1/3:  49%|████▉     | 43/88 [00:11<00:11,  3.77it/s, loss=1.590]
  epoch 1/3:  49%|████▉     | 43/88 [00:11<00:11,  3.77it/s, loss=1.590]
  epoch 1/3:  50%|█████     | 44/88 [00:11<00:11,  3.78it/s, loss=1.590]
  epoch 1/3:  50%|█████     | 44/88 [00:12<00:11,  3.78it/s, loss=1.587]
  epoch 1/3:  51%|█████     | 45/88 [00:12<00:11,  3.76it/s, loss=1.587]
  epoch 1/3:  51%|█████     | 45/88 [00:12<00:11,  3.76it/s, loss=1.586]
  epoch 1/3:  52%|█████▏    | 46/88 [00:12<00:11,  3.75it/s, loss=1.586]
  epoch 1/3:  52%|█████▏    | 46/88 [00:12<00:11,  3.75it/s, loss=1.590]
  epoch 1/3:  53%|█████▎    | 47/88 [00:12<00:10,  3.76it/s, loss=1.590]
  epoch 1/3:  53%|█████▎    | 47/88 [00:12<00:10,  3.76it/s, loss=1.585]
  epoch 1/3:  55%|█████▍    | 48/88 [00:12<00:10,  3.77it/s, loss=1.585]
  epoch 1/3:  55%|█████▍    | 48/88 [00:13<00:10,  3.77it/s, loss=1.583]
  epoch 1/3:  56%|█████▌    | 49/88 [00:13<00:10,  3.78it/s, loss=1.583]
  epoch 1/3:  56%|█████▌    | 49/88 [00:13<00:10,  3.78it/s, loss=1.584]
  epoch 1/3:  57%|█████▋    | 50/88 [00:13<00:10,  3.79it/s, loss=1.584]
  epoch 1/3:  57%|█████▋    | 50/88 [00:13<00:10,  3.79it/s, loss=1.585]
  epoch 1/3:  58%|█████▊    | 51/88 [00:13<00:09,  3.78it/s, loss=1.585]
  epoch 1/3:  58%|█████▊    | 51/88 [00:13<00:09,  3.78it/s, loss=1.582]
  epoch 1/3:  59%|█████▉    | 52/88 [00:13<00:09,  3.78it/s, loss=1.582]
  epoch 1/3:  59%|█████▉    | 52/88 [00:14<00:09,  3.78it/s, loss=1.582]
  epoch 1/3:  60%|██████    | 53/88 [00:14<00:09,  3.79it/s, loss=1.582]
  epoch 1/3:  60%|██████    | 53/88 [00:14<00:09,  3.79it/s, loss=1.579]
  epoch 1/3:  61%|██████▏   | 54/88 [00:14<00:08,  3.79it/s, loss=1.579]
  epoch 1/3:  61%|██████▏   | 54/88 [00:14<00:08,  3.79it/s, loss=1.578]
  epoch 1/3:  62%|██████▎   | 55/88 [00:14<00:08,  3.79it/s, loss=1.578]
  epoch 1/3:  62%|██████▎   | 55/88 [00:15<00:08,  3.79it/s, loss=1.580]
  epoch 1/3:  64%|██████▎   | 56/88 [00:15<00:08,  3.74it/s, loss=1.580]
  epoch 1/3:  64%|██████▎   | 56/88 [00:15<00:08,  3.74it/s, loss=1.580]
  epoch 1/3:  65%|██████▍   | 57/88 [00:15<00:08,  3.75it/s, loss=1.580]
  epoch 1/3:  65%|██████▍   | 57/88 [00:15<00:08,  3.75it/s, loss=1.582]
  epoch 1/3:  66%|██████▌   | 58/88 [00:15<00:08,  3.73it/s, loss=1.582]
  epoch 1/3:  66%|██████▌   | 58/88 [00:15<00:08,  3.73it/s, loss=1.582]
  epoch 1/3:  67%|██████▋   | 59/88 [00:15<00:07,  3.75it/s, loss=1.582]
  epoch 1/3:  67%|██████▋   | 59/88 [00:16<00:07,  3.75it/s, loss=1.581]
  epoch 1/3:  68%|██████▊   | 60/88 [00:16<00:07,  3.76it/s, loss=1.581]
  epoch 1/3:  68%|██████▊   | 60/88 [00:16<00:07,  3.76it/s, loss=1.580]
  epoch 1/3:  69%|██████▉   | 61/88 [00:16<00:07,  3.76it/s, loss=1.580]
  epoch 1/3:  69%|██████▉   | 61/88 [00:16<00:07,  3.76it/s, loss=1.577]
  epoch 1/3:  70%|███████   | 62/88 [00:16<00:06,  3.77it/s, loss=1.577]
  epoch 1/3:  70%|███████   | 62/88 [00:16<00:06,  3.77it/s, loss=1.577]
  epoch 1/3:  72%|███████▏  | 63/88 [00:16<00:06,  3.79it/s, loss=1.577]
  epoch 1/3:  72%|███████▏  | 63/88 [00:17<00:06,  3.79it/s, loss=1.577]
  epoch 1/3:  73%|███████▎  | 64/88 [00:17<00:06,  3.79it/s, loss=1.577]
  epoch 1/3:  73%|███████▎  | 64/88 [00:17<00:06,  3.79it/s, loss=1.577]
  epoch 1/3:  74%|███████▍  | 65/88 [00:17<00:06,  3.79it/s, loss=1.577]
  epoch 1/3:  74%|███████▍  | 65/88 [00:17<00:06,  3.79it/s, loss=1.577]
  epoch 1/3:  75%|███████▌  | 66/88 [00:17<00:05,  3.79it/s, loss=1.577]
  epoch 1/3:  75%|███████▌  | 66/88 [00:17<00:05,  3.79it/s, loss=1.578]
  epoch 1/3:  76%|███████▌  | 67/88 [00:17<00:05,  3.79it/s, loss=1.578]
  epoch 1/3:  76%|███████▌  | 67/88 [00:18<00:05,  3.79it/s, loss=1.582]
  epoch 1/3:  77%|███████▋  | 68/88 [00:18<00:05,  3.79it/s, loss=1.582]
  epoch 1/3:  77%|███████▋  | 68/88 [00:18<00:05,  3.79it/s, loss=1.583]
  epoch 1/3:  78%|███████▊  | 69/88 [00:18<00:05,  3.79it/s, loss=1.583]
  epoch 1/3:  78%|███████▊  | 69/88 [00:18<00:05,  3.79it/s, loss=1.583]
  epoch 1/3:  80%|███████▉  | 70/88 [00:18<00:04,  3.79it/s, loss=1.583]
  epoch 1/3:  80%|███████▉  | 70/88 [00:19<00:04,  3.79it/s, loss=1.582]
  epoch 1/3:  81%|████████  | 71/88 [00:19<00:04,  3.78it/s, loss=1.582]
  epoch 1/3:  81%|████████  | 71/88 [00:19<00:04,  3.78it/s, loss=1.580]
  epoch 1/3:  82%|████████▏ | 72/88 [00:19<00:04,  3.73it/s, loss=1.580]
  epoch 1/3:  82%|████████▏ | 72/88 [00:19<00:04,  3.73it/s, loss=1.579]
  epoch 1/3:  83%|████████▎ | 73/88 [00:19<00:04,  3.72it/s, loss=1.579]
  epoch 1/3:  83%|████████▎ | 73/88 [00:19<00:04,  3.72it/s, loss=1.578]
  epoch 1/3:  84%|████████▍ | 74/88 [00:19<00:03,  3.74it/s, loss=1.578]
  epoch 1/3:  84%|████████▍ | 74/88 [00:20<00:03,  3.74it/s, loss=1.575]
  epoch 1/3:  85%|████████▌ | 75/88 [00:20<00:03,  3.75it/s, loss=1.575]
  epoch 1/3:  85%|████████▌ | 75/88 [00:20<00:03,  3.75it/s, loss=1.574]
  epoch 1/3:  86%|████████▋ | 76/88 [00:20<00:03,  3.76it/s, loss=1.574]
  epoch 1/3:  86%|████████▋ | 76/88 [00:20<00:03,  3.76it/s, loss=1.573]
  epoch 1/3:  88%|████████▊ | 77/88 [00:20<00:02,  3.76it/s, loss=1.573]
  epoch 1/3:  88%|████████▊ | 77/88 [00:20<00:02,  3.76it/s, loss=1.572]
  epoch 1/3:  89%|████████▊ | 78/88 [00:20<00:02,  3.76it/s, loss=1.572]
  epoch 1/3:  89%|████████▊ | 78/88 [00:21<00:02,  3.76it/s, loss=1.572]
  epoch 1/3:  90%|████████▉ | 79/88 [00:21<00:02,  3.74it/s, loss=1.572]
  epoch 1/3:  90%|████████▉ | 79/88 [00:21<00:02,  3.74it/s, loss=1.574]
  epoch 1/3:  91%|█████████ | 80/88 [00:21<00:02,  3.73it/s, loss=1.574]
  epoch 1/3:  91%|█████████ | 80/88 [00:21<00:02,  3.73it/s, loss=1.574]
  epoch 1/3:  92%|█████████▏| 81/88 [00:21<00:01,  3.73it/s, loss=1.574]
  epoch 1/3:  92%|█████████▏| 81/88 [00:21<00:01,  3.73it/s, loss=1.572]
  epoch 1/3:  93%|█████████▎| 82/88 [00:21<00:01,  3.74it/s, loss=1.572]
  epoch 1/3:  93%|█████████▎| 82/88 [00:22<00:01,  3.74it/s, loss=1.573]
  epoch 1/3:  94%|█████████▍| 83/88 [00:22<00:01,  3.74it/s, loss=1.573]
  epoch 1/3:  94%|█████████▍| 83/88 [00:22<00:01,  3.74it/s, loss=1.573]
  epoch 1/3:  95%|█████████▌| 84/88 [00:22<00:01,  3.73it/s, loss=1.573]
  epoch 1/3:  95%|█████████▌| 84/88 [00:22<00:01,  3.73it/s, loss=1.574]
  epoch 1/3:  97%|█████████▋| 85/88 [00:22<00:00,  3.73it/s, loss=1.574]
  epoch 1/3:  97%|█████████▋| 85/88 [00:23<00:00,  3.73it/s, loss=1.575]
  epoch 1/3:  98%|█████████▊| 86/88 [00:23<00:00,  3.75it/s, loss=1.575]
  epoch 1/3:  98%|█████████▊| 86/88 [00:23<00:00,  3.75it/s, loss=1.575]
  epoch 1/3:  99%|█████████▉| 87/88 [00:23<00:00,  3.74it/s, loss=1.575]
  epoch 1/3:  99%|█████████▉| 87/88 [00:23<00:00,  3.74it/s, loss=1.576]
  epoch 1/3: 100%|██████████| 88/88 [00:23<00:00,  4.03it/s, loss=1.576]
                                                                        

  epoch 2/3:   0%|          | 0/88 [00:00<?, ?it/s]
  epoch 2/3:   0%|          | 0/88 [00:00<?, ?it/s, loss=1.601]
  epoch 2/3:   1%|          | 1/88 [00:00<00:43,  2.01it/s, loss=1.601]
  epoch 2/3:   1%|          | 1/88 [00:00<00:43,  2.01it/s, loss=1.495]
  epoch 2/3:   2%|▏         | 2/88 [00:00<00:31,  2.75it/s, loss=1.495]
  epoch 2/3:   2%|▏         | 2/88 [00:01<00:31,  2.75it/s, loss=1.482]
  epoch 2/3:   3%|▎         | 3/88 [00:01<00:27,  3.13it/s, loss=1.482]
  epoch 2/3:   3%|▎         | 3/88 [00:01<00:27,  3.13it/s, loss=1.511]
  epoch 2/3:   5%|▍         | 4/88 [00:01<00:25,  3.33it/s, loss=1.511]
  epoch 2/3:   5%|▍         | 4/88 [00:01<00:25,  3.33it/s, loss=1.515]
  epoch 2/3:   6%|▌         | 5/88 [00:01<00:23,  3.48it/s, loss=1.515]
  epoch 2/3:   6%|▌         | 5/88 [00:01<00:23,  3.48it/s, loss=1.542]
  epoch 2/3:   7%|▋         | 6/88 [00:01<00:22,  3.58it/s, loss=1.542]
  epoch 2/3:   7%|▋         | 6/88 [00:02<00:22,  3.58it/s, loss=1.543]
  epoch 2/3:   8%|▊         | 7/88 [00:02<00:22,  3.65it/s, loss=1.543]
  epoch 2/3:   8%|▊         | 7/88 [00:02<00:22,  3.65it/s, loss=1.527]
  epoch 2/3:   9%|▉         | 8/88 [00:02<00:21,  3.69it/s, loss=1.527]
  epoch 2/3:   9%|▉         | 8/88 [00:02<00:21,  3.69it/s, loss=1.526]
  epoch 2/3:  10%|█         | 9/88 [00:02<00:21,  3.71it/s, loss=1.526]
  epoch 2/3:  10%|█         | 9/88 [00:02<00:21,  3.71it/s, loss=1.514]
  epoch 2/3:  11%|█▏        | 10/88 [00:02<00:20,  3.73it/s, loss=1.514]
  epoch 2/3:  11%|█▏        | 10/88 [00:03<00:20,  3.73it/s, loss=1.511]
  epoch 2/3:  12%|█▎        | 11/88 [00:03<00:20,  3.73it/s, loss=1.511]
  epoch 2/3:  12%|█▎        | 11/88 [00:03<00:20,  3.73it/s, loss=1.524]
  epoch 2/3:  14%|█▎        | 12/88 [00:03<00:20,  3.73it/s, loss=1.524]
  epoch 2/3:  14%|█▎        | 12/88 [00:03<00:20,  3.73it/s, loss=1.533]
  epoch 2/3:  15%|█▍        | 13/88 [00:03<00:20,  3.72it/s, loss=1.533]
  epoch 2/3:  15%|█▍        | 13/88 [00:03<00:20,  3.72it/s, loss=1.556]
  epoch 2/3:  16%|█▌        | 14/88 [00:03<00:19,  3.74it/s, loss=1.556]
  epoch 2/3:  16%|█▌        | 14/88 [00:04<00:19,  3.74it/s, loss=1.564]
  epoch 2/3:  17%|█▋        | 15/88 [00:04<00:19,  3.75it/s, loss=1.564]
  epoch 2/3:  17%|█▋        | 15/88 [00:04<00:19,  3.75it/s, loss=1.561]
  epoch 2/3:  18%|█▊        | 16/88 [00:04<00:19,  3.69it/s, loss=1.561]
  epoch 2/3:  18%|█▊        | 16/88 [00:04<00:19,  3.69it/s, loss=1.562]
  epoch 2/3:  19%|█▉        | 17/88 [00:04<00:19,  3.71it/s, loss=1.562]
  epoch 2/3:  19%|█▉        | 17/88 [00:05<00:19,  3.71it/s, loss=1.562]
  epoch 2/3:  20%|██        | 18/88 [00:05<00:18,  3.74it/s, loss=1.562]
  epoch 2/3:  20%|██        | 18/88 [00:05<00:18,  3.74it/s, loss=1.558]
  epoch 2/3:  22%|██▏       | 19/88 [00:05<00:18,  3.74it/s, loss=1.558]
  epoch 2/3:  22%|██▏       | 19/88 [00:05<00:18,  3.74it/s, loss=1.557]
  epoch 2/3:  23%|██▎       | 20/88 [00:05<00:18,  3.74it/s, loss=1.557]
  epoch 2/3:  23%|██▎       | 20/88 [00:05<00:18,  3.74it/s, loss=1.560]
  epoch 2/3:  24%|██▍       | 21/88 [00:05<00:17,  3.73it/s, loss=1.560]
  epoch 2/3:  24%|██▍       | 21/88 [00:06<00:17,  3.73it/s, loss=1.565]
  epoch 2/3:  25%|██▌       | 22/88 [00:06<00:17,  3.72it/s, loss=1.565]
  epoch 2/3:  25%|██▌       | 22/88 [00:06<00:17,  3.72it/s, loss=1.563]
  epoch 2/3:  26%|██▌       | 23/88 [00:06<00:17,  3.74it/s, loss=1.563]
  epoch 2/3:  26%|██▌       | 23/88 [00:06<00:17,  3.74it/s, loss=1.562]
  epoch 2/3:  27%|██▋       | 24/88 [00:06<00:17,  3.74it/s, loss=1.562]
  epoch 2/3:  27%|██▋       | 24/88 [00:06<00:17,  3.74it/s, loss=1.565]
  epoch 2/3:  28%|██▊       | 25/88 [00:06<00:16,  3.73it/s, loss=1.565]
  epoch 2/3:  28%|██▊       | 25/88 [00:07<00:16,  3.73it/s, loss=1.570]
  epoch 2/3:  30%|██▉       | 26/88 [00:07<00:16,  3.73it/s, loss=1.570]
  epoch 2/3:  30%|██▉       | 26/88 [00:07<00:16,  3.73it/s, loss=1.564]
  epoch 2/3:  31%|███       | 27/88 [00:07<00:16,  3.73it/s, loss=1.564]
  epoch 2/3:  31%|███       | 27/88 [00:07<00:16,  3.73it/s, loss=1.559]
  epoch 2/3:  32%|███▏      | 28/88 [00:07<00:16,  3.73it/s, loss=1.559]
  epoch 2/3:  32%|███▏      | 28/88 [00:07<00:16,  3.73it/s, loss=1.563]
  epoch 2/3:  33%|███▎      | 29/88 [00:07<00:15,  3.74it/s, loss=1.563]
  epoch 2/3:  33%|███▎      | 29/88 [00:08<00:15,  3.74it/s, loss=1.560]
  epoch 2/3:  34%|███▍      | 30/88 [00:08<00:15,  3.73it/s, loss=1.560]
  epoch 2/3:  34%|███▍      | 30/88 [00:08<00:15,  3.73it/s, loss=1.554]
  epoch 2/3:  35%|███▌      | 31/88 [00:08<00:15,  3.72it/s, loss=1.554]
  epoch 2/3:  35%|███▌      | 31/88 [00:08<00:15,  3.72it/s, loss=1.553]
  epoch 2/3:  36%|███▋      | 32/88 [00:08<00:15,  3.69it/s, loss=1.553]
  epoch 2/3:  36%|███▋      | 32/88 [00:09<00:15,  3.69it/s, loss=1.553]
  epoch 2/3:  38%|███▊      | 33/88 [00:09<00:14,  3.69it/s, loss=1.553]
  epoch 2/3:  38%|███▊      | 33/88 [00:09<00:14,  3.69it/s, loss=1.553]
  epoch 2/3:  39%|███▊      | 34/88 [00:09<00:14,  3.71it/s, loss=1.553]
  epoch 2/3:  39%|███▊      | 34/88 [00:09<00:14,  3.71it/s, loss=1.549]
  epoch 2/3:  40%|███▉      | 35/88 [00:09<00:14,  3.72it/s, loss=1.549]
  epoch 2/3:  40%|███▉      | 35/88 [00:09<00:14,  3.72it/s, loss=1.553]
  epoch 2/3:  41%|████      | 36/88 [00:09<00:14,  3.71it/s, loss=1.553]
  epoch 2/3:  41%|████      | 36/88 [00:10<00:14,  3.71it/s, loss=1.551]
  epoch 2/3:  42%|████▏     | 37/88 [00:10<00:13,  3.72it/s, loss=1.551]
  epoch 2/3:  42%|████▏     | 37/88 [00:10<00:13,  3.72it/s, loss=1.550]
  epoch 2/3:  43%|████▎     | 38/88 [00:10<00:13,  3.73it/s, loss=1.550]
  epoch 2/3:  43%|████▎     | 38/88 [00:10<00:13,  3.73it/s, loss=1.548]
  epoch 2/3:  44%|████▍     | 39/88 [00:10<00:13,  3.74it/s, loss=1.548]
  epoch 2/3:  44%|████▍     | 39/88 [00:10<00:13,  3.74it/s, loss=1.550]
  epoch 2/3:  45%|████▌     | 40/88 [00:10<00:12,  3.73it/s, loss=1.550]
  epoch 2/3:  45%|████▌     | 40/88 [00:11<00:12,  3.73it/s, loss=1.547]
  epoch 2/3:  47%|████▋     | 41/88 [00:11<00:12,  3.74it/s, loss=1.547]
  epoch 2/3:  47%|████▋     | 41/88 [00:11<00:12,  3.74it/s, loss=1.549]
  epoch 2/3:  48%|████▊     | 42/88 [00:11<00:12,  3.73it/s, loss=1.549]
  epoch 2/3:  48%|████▊     | 42/88 [00:11<00:12,  3.73it/s, loss=1.548]
  epoch 2/3:  49%|████▉     | 43/88 [00:11<00:12,  3.73it/s, loss=1.548]
  epoch 2/3:  49%|████▉     | 43/88 [00:12<00:12,  3.73it/s, loss=1.547]
  epoch 2/3:  50%|█████     | 44/88 [00:12<00:11,  3.73it/s, loss=1.547]
  epoch 2/3:  50%|█████     | 44/88 [00:12<00:11,  3.73it/s, loss=1.543]
  epoch 2/3:  51%|█████     | 45/88 [00:12<00:11,  3.72it/s, loss=1.543]
  epoch 2/3:  51%|█████     | 45/88 [00:12<00:11,  3.72it/s, loss=1.542]
  epoch 2/3:  52%|█████▏    | 46/88 [00:12<00:11,  3.73it/s, loss=1.542]
  epoch 2/3:  52%|█████▏    | 46/88 [00:12<00:11,  3.73it/s, loss=1.542]
  epoch 2/3:  53%|█████▎    | 47/88 [00:12<00:10,  3.73it/s, loss=1.542]
  epoch 2/3:  53%|█████▎    | 47/88 [00:13<00:10,  3.73it/s, loss=1.540]
  epoch 2/3:  55%|█████▍    | 48/88 [00:13<00:10,  3.67it/s, loss=1.540]
  epoch 2/3:  55%|█████▍    | 48/88 [00:13<00:10,  3.67it/s, loss=1.537]
  epoch 2/3:  56%|█████▌    | 49/88 [00:13<00:10,  3.70it/s, loss=1.537]
  epoch 2/3:  56%|█████▌    | 49/88 [00:13<00:10,  3.70it/s, loss=1.536]
  epoch 2/3:  57%|█████▋    | 50/88 [00:13<00:10,  3.70it/s, loss=1.536]
  epoch 2/3:  57%|█████▋    | 50/88 [00:13<00:10,  3.70it/s, loss=1.536]
  epoch 2/3:  58%|█████▊    | 51/88 [00:13<00:10,  3.70it/s, loss=1.536]
  epoch 2/3:  58%|█████▊    | 51/88 [00:14<00:10,  3.70it/s, loss=1.537]
  epoch 2/3:  59%|█████▉    | 52/88 [00:14<00:09,  3.70it/s, loss=1.537]
  epoch 2/3:  59%|█████▉    | 52/88 [00:14<00:09,  3.70it/s, loss=1.536]
  epoch 2/3:  60%|██████    | 53/88 [00:14<00:09,  3.69it/s, loss=1.536]
  epoch 2/3:  60%|██████    | 53/88 [00:14<00:09,  3.69it/s, loss=1.534]
  epoch 2/3:  61%|██████▏   | 54/88 [00:14<00:09,  3.70it/s, loss=1.534]
  epoch 2/3:  61%|██████▏   | 54/88 [00:14<00:09,  3.70it/s, loss=1.533]
  epoch 2/3:  62%|██████▎   | 55/88 [00:14<00:08,  3.71it/s, loss=1.533]
  epoch 2/3:  62%|██████▎   | 55/88 [00:15<00:08,  3.71it/s, loss=1.536]
  epoch 2/3:  64%|██████▎   | 56/88 [00:15<00:08,  3.72it/s, loss=1.536]
  epoch 2/3:  64%|██████▎   | 56/88 [00:15<00:08,  3.72it/s, loss=1.540]
  epoch 2/3:  65%|██████▍   | 57/88 [00:15<00:08,  3.70it/s, loss=1.540]
  epoch 2/3:  65%|██████▍   | 57/88 [00:15<00:08,  3.70it/s, loss=1.538]
  epoch 2/3:  66%|██████▌   | 58/88 [00:15<00:08,  3.72it/s, loss=1.538]
  epoch 2/3:  66%|██████▌   | 58/88 [00:16<00:08,  3.72it/s, loss=1.539]
  epoch 2/3:  67%|██████▋   | 59/88 [00:16<00:07,  3.73it/s, loss=1.539]
  epoch 2/3:  67%|██████▋   | 59/88 [00:16<00:07,  3.73it/s, loss=1.538]
  epoch 2/3:  68%|██████▊   | 60/88 [00:16<00:07,  3.73it/s, loss=1.538]
  epoch 2/3:  68%|██████▊   | 60/88 [00:16<00:07,  3.73it/s, loss=1.538]
  epoch 2/3:  69%|██████▉   | 61/88 [00:16<00:07,  3.71it/s, loss=1.538]
  epoch 2/3:  69%|██████▉   | 61/88 [00:16<00:07,  3.71it/s, loss=1.535]
  epoch 2/3:  70%|███████   | 62/88 [00:16<00:06,  3.72it/s, loss=1.535]
  epoch 2/3:  70%|███████   | 62/88 [00:17<00:06,  3.72it/s, loss=1.534]
  epoch 2/3:  72%|███████▏  | 63/88 [00:17<00:06,  3.73it/s, loss=1.534]
  epoch 2/3:  72%|███████▏  | 63/88 [00:17<00:06,  3.73it/s, loss=1.534]
  epoch 2/3:  73%|███████▎  | 64/88 [00:17<00:06,  3.69it/s, loss=1.534]
  epoch 2/3:  73%|███████▎  | 64/88 [00:17<00:06,  3.69it/s, loss=1.537]
  epoch 2/3:  74%|███████▍  | 65/88 [00:17<00:06,  3.71it/s, loss=1.537]
  epoch 2/3:  74%|███████▍  | 65/88 [00:17<00:06,  3.71it/s, loss=1.535]
  epoch 2/3:  75%|███████▌  | 66/88 [00:17<00:05,  3.72it/s, loss=1.535]
  epoch 2/3:  75%|███████▌  | 66/88 [00:18<00:05,  3.72it/s, loss=1.535]
  epoch 2/3:  76%|███████▌  | 67/88 [00:18<00:05,  3.71it/s, loss=1.535]
  epoch 2/3:  76%|███████▌  | 67/88 [00:18<00:05,  3.71it/s, loss=1.534]
  epoch 2/3:  77%|███████▋  | 68/88 [00:18<00:05,  3.70it/s, loss=1.534]
  epoch 2/3:  77%|███████▋  | 68/88 [00:18<00:05,  3.70it/s, loss=1.536]
  epoch 2/3:  78%|███████▊  | 69/88 [00:18<00:05,  3.68it/s, loss=1.536]
  epoch 2/3:  78%|███████▊  | 69/88 [00:19<00:05,  3.68it/s, loss=1.533]
  epoch 2/3:  80%|███████▉  | 70/88 [00:19<00:04,  3.68it/s, loss=1.533]
  epoch 2/3:  80%|███████▉  | 70/88 [00:19<00:04,  3.68it/s, loss=1.531]
  epoch 2/3:  81%|████████  | 71/88 [00:19<00:04,  3.70it/s, loss=1.531]
  epoch 2/3:  81%|████████  | 71/88 [00:19<00:04,  3.70it/s, loss=1.530]
  epoch 2/3:  82%|████████▏ | 72/88 [00:19<00:04,  3.70it/s, loss=1.530]
  epoch 2/3:  82%|████████▏ | 72/88 [00:19<00:04,  3.70it/s, loss=1.535]
  epoch 2/3:  83%|████████▎ | 73/88 [00:19<00:04,  3.69it/s, loss=1.535]
  epoch 2/3:  83%|████████▎ | 73/88 [00:20<00:04,  3.69it/s, loss=1.534]
  epoch 2/3:  84%|████████▍ | 74/88 [00:20<00:03,  3.70it/s, loss=1.534]
  epoch 2/3:  84%|████████▍ | 74/88 [00:20<00:03,  3.70it/s, loss=1.536]
  epoch 2/3:  85%|████████▌ | 75/88 [00:20<00:03,  3.70it/s, loss=1.536]
  epoch 2/3:  85%|████████▌ | 75/88 [00:20<00:03,  3.70it/s, loss=1.538]
  epoch 2/3:  86%|████████▋ | 76/88 [00:20<00:03,  3.69it/s, loss=1.538]
  epoch 2/3:  86%|████████▋ | 76/88 [00:20<00:03,  3.69it/s, loss=1.539]
  epoch 2/3:  88%|████████▊ | 77/88 [00:20<00:02,  3.68it/s, loss=1.539]
  epoch 2/3:  88%|████████▊ | 77/88 [00:21<00:02,  3.68it/s, loss=1.539]
  epoch 2/3:  89%|████████▊ | 78/88 [00:21<00:02,  3.69it/s, loss=1.539]
  epoch 2/3:  89%|████████▊ | 78/88 [00:21<00:02,  3.69it/s, loss=1.541]
  epoch 2/3:  90%|████████▉ | 79/88 [00:21<00:02,  3.70it/s, loss=1.541]
  epoch 2/3:  90%|████████▉ | 79/88 [00:21<00:02,  3.70it/s, loss=1.541]
  epoch 2/3:  91%|█████████ | 80/88 [00:21<00:02,  3.67it/s, loss=1.541]
  epoch 2/3:  91%|█████████ | 80/88 [00:22<00:02,  3.67it/s, loss=1.541]
  epoch 2/3:  92%|█████████▏| 81/88 [00:22<00:01,  3.67it/s, loss=1.541]
  epoch 2/3:  92%|█████████▏| 81/88 [00:22<00:01,  3.67it/s, loss=1.539]
  epoch 2/3:  93%|█████████▎| 82/88 [00:22<00:01,  3.69it/s, loss=1.539]
  epoch 2/3:  93%|█████████▎| 82/88 [00:22<00:01,  3.69it/s, loss=1.540]
  epoch 2/3:  94%|█████████▍| 83/88 [00:22<00:01,  3.70it/s, loss=1.540]
  epoch 2/3:  94%|█████████▍| 83/88 [00:22<00:01,  3.70it/s, loss=1.540]
  epoch 2/3:  95%|█████████▌| 84/88 [00:22<00:01,  3.70it/s, loss=1.540]
  epoch 2/3:  95%|█████████▌| 84/88 [00:23<00:01,  3.70it/s, loss=1.541]
  epoch 2/3:  97%|█████████▋| 85/88 [00:23<00:00,  3.71it/s, loss=1.541]
  epoch 2/3:  97%|█████████▋| 85/88 [00:23<00:00,  3.71it/s, loss=1.542]
  epoch 2/3:  98%|█████████▊| 86/88 [00:23<00:00,  3.72it/s, loss=1.542]
  epoch 2/3:  98%|█████████▊| 86/88 [00:23<00:00,  3.72it/s, loss=1.542]
  epoch 2/3:  99%|█████████▉| 87/88 [00:23<00:00,  3.70it/s, loss=1.542]
  epoch 2/3:  99%|█████████▉| 87/88 [00:23<00:00,  3.70it/s, loss=1.543]
  epoch 2/3: 100%|██████████| 88/88 [00:23<00:00,  4.05it/s, loss=1.543]
                                                                        

  epoch 3/3:   0%|          | 0/88 [00:00<?, ?it/s]
  epoch 3/3:   0%|          | 0/88 [00:00<?, ?it/s, loss=1.546]
  epoch 3/3:   1%|          | 1/88 [00:00<00:43,  2.02it/s, loss=1.546]
  epoch 3/3:   1%|          | 1/88 [00:00<00:43,  2.02it/s, loss=1.444]
  epoch 3/3:   2%|▏         | 2/88 [00:00<00:30,  2.78it/s, loss=1.444]
  epoch 3/3:   2%|▏         | 2/88 [00:01<00:30,  2.78it/s, loss=1.491]
  epoch 3/3:   3%|▎         | 3/88 [00:01<00:27,  3.13it/s, loss=1.491]
  epoch 3/3:   3%|▎         | 3/88 [00:01<00:27,  3.13it/s, loss=1.557]
  epoch 3/3:   5%|▍         | 4/88 [00:01<00:25,  3.32it/s, loss=1.557]
  epoch 3/3:   5%|▍         | 4/88 [00:01<00:25,  3.32it/s, loss=1.526]
  epoch 3/3:   6%|▌         | 5/88 [00:01<00:23,  3.47it/s, loss=1.526]
  epoch 3/3:   6%|▌         | 5/88 [00:01<00:23,  3.47it/s, loss=1.517]
  epoch 3/3:   7%|▋         | 6/88 [00:01<00:23,  3.55it/s, loss=1.517]
  epoch 3/3:   7%|▋         | 6/88 [00:02<00:23,  3.55it/s, loss=1.525]
  epoch 3/3:   8%|▊         | 7/88 [00:02<00:22,  3.58it/s, loss=1.525]
  epoch 3/3:   8%|▊         | 7/88 [00:02<00:22,  3.58it/s, loss=1.506]
  epoch 3/3:   9%|▉         | 8/88 [00:02<00:22,  3.58it/s, loss=1.506]
  epoch 3/3:   9%|▉         | 8/88 [00:02<00:22,  3.58it/s, loss=1.513]
  epoch 3/3:  10%|█         | 9/88 [00:02<00:21,  3.61it/s, loss=1.513]
  epoch 3/3:  10%|█         | 9/88 [00:02<00:21,  3.61it/s, loss=1.504]
  epoch 3/3:  11%|█▏        | 10/88 [00:02<00:21,  3.63it/s, loss=1.504]
  epoch 3/3:  11%|█▏        | 10/88 [00:03<00:21,  3.63it/s, loss=1.496]
  epoch 3/3:  12%|█▎        | 11/88 [00:03<00:21,  3.66it/s, loss=1.496]
  epoch 3/3:  12%|█▎        | 11/88 [00:03<00:21,  3.66it/s, loss=1.509]
  epoch 3/3:  14%|█▎        | 12/88 [00:03<00:20,  3.68it/s, loss=1.509]
  epoch 3/3:  14%|█▎        | 12/88 [00:03<00:20,  3.68it/s, loss=1.513]
  epoch 3/3:  15%|█▍        | 13/88 [00:03<00:20,  3.70it/s, loss=1.513]
  epoch 3/3:  15%|█▍        | 13/88 [00:04<00:20,  3.70it/s, loss=1.509]
  epoch 3/3:  16%|█▌        | 14/88 [00:04<00:19,  3.71it/s, loss=1.509]
  epoch 3/3:  16%|█▌        | 14/88 [00:04<00:19,  3.71it/s, loss=1.510]
  epoch 3/3:  17%|█▋        | 15/88 [00:04<00:19,  3.71it/s, loss=1.510]
  epoch 3/3:  17%|█▋        | 15/88 [00:04<00:19,  3.71it/s, loss=1.504]
  epoch 3/3:  18%|█▊        | 16/88 [00:04<00:19,  3.72it/s, loss=1.504]
  epoch 3/3:  18%|█▊        | 16/88 [00:04<00:19,  3.72it/s, loss=1.500]
  epoch 3/3:  19%|█▉        | 17/88 [00:04<00:19,  3.72it/s, loss=1.500]
  epoch 3/3:  19%|█▉        | 17/88 [00:05<00:19,  3.72it/s, loss=1.501]
  epoch 3/3:  20%|██        | 18/88 [00:05<00:18,  3.70it/s, loss=1.501]
  epoch 3/3:  20%|██        | 18/88 [00:05<00:18,  3.70it/s, loss=1.505]
  epoch 3/3:  22%|██▏       | 19/88 [00:05<00:18,  3.71it/s, loss=1.505]
  epoch 3/3:  22%|██▏       | 19/88 [00:05<00:18,  3.71it/s, loss=1.510]
  epoch 3/3:  23%|██▎       | 20/88 [00:05<00:18,  3.71it/s, loss=1.510]
  epoch 3/3:  23%|██▎       | 20/88 [00:05<00:18,  3.71it/s, loss=1.508]
  epoch 3/3:  24%|██▍       | 21/88 [00:05<00:18,  3.69it/s, loss=1.508]
  epoch 3/3:  24%|██▍       | 21/88 [00:06<00:18,  3.69it/s, loss=1.516]
  epoch 3/3:  25%|██▌       | 22/88 [00:06<00:17,  3.71it/s, loss=1.516]
  epoch 3/3:  25%|██▌       | 22/88 [00:06<00:17,  3.71it/s, loss=1.515]
  epoch 3/3:  26%|██▌       | 23/88 [00:06<00:17,  3.72it/s, loss=1.515]
  epoch 3/3:  26%|██▌       | 23/88 [00:06<00:17,  3.72it/s, loss=1.514]
  epoch 3/3:  27%|██▋       | 24/88 [00:06<00:17,  3.66it/s, loss=1.514]
  epoch 3/3:  27%|██▋       | 24/88 [00:06<00:17,  3.66it/s, loss=1.518]
  epoch 3/3:  28%|██▊       | 25/88 [00:06<00:16,  3.71it/s, loss=1.518]
  epoch 3/3:  28%|██▊       | 25/88 [00:07<00:16,  3.71it/s, loss=1.520]
  epoch 3/3:  30%|██▉       | 26/88 [00:07<00:16,  3.71it/s, loss=1.520]
  epoch 3/3:  30%|██▉       | 26/88 [00:07<00:16,  3.71it/s, loss=1.520]
  epoch 3/3:  31%|███       | 27/88 [00:07<00:16,  3.70it/s, loss=1.520]
  epoch 3/3:  31%|███       | 27/88 [00:07<00:16,  3.70it/s, loss=1.517]
  epoch 3/3:  32%|███▏      | 28/88 [00:07<00:16,  3.71it/s, loss=1.517]
  epoch 3/3:  32%|███▏      | 28/88 [00:08<00:16,  3.71it/s, loss=1.525]
  epoch 3/3:  33%|███▎      | 29/88 [00:08<00:15,  3.72it/s, loss=1.525]
  epoch 3/3:  33%|███▎      | 29/88 [00:08<00:15,  3.72it/s, loss=1.527]
  epoch 3/3:  34%|███▍      | 30/88 [00:08<00:15,  3.70it/s, loss=1.527]
  epoch 3/3:  34%|███▍      | 30/88 [00:08<00:15,  3.70it/s, loss=1.527]
  epoch 3/3:  35%|███▌      | 31/88 [00:08<00:15,  3.70it/s, loss=1.527]
  epoch 3/3:  35%|███▌      | 31/88 [00:08<00:15,  3.70it/s, loss=1.527]
  epoch 3/3:  36%|███▋      | 32/88 [00:08<00:15,  3.70it/s, loss=1.527]
  epoch 3/3:  36%|███▋      | 32/88 [00:09<00:15,  3.70it/s, loss=1.532]
  epoch 3/3:  38%|███▊      | 33/88 [00:09<00:14,  3.70it/s, loss=1.532]
  epoch 3/3:  38%|███▊      | 33/88 [00:09<00:14,  3.70it/s, loss=1.529]
  epoch 3/3:  39%|███▊      | 34/88 [00:09<00:14,  3.70it/s, loss=1.529]
  epoch 3/3:  39%|███▊      | 34/88 [00:09<00:14,  3.70it/s, loss=1.528]
  epoch 3/3:  40%|███▉      | 35/88 [00:09<00:14,  3.69it/s, loss=1.528]
  epoch 3/3:  40%|███▉      | 35/88 [00:09<00:14,  3.69it/s, loss=1.526]
  epoch 3/3:  41%|████      | 36/88 [00:09<00:14,  3.68it/s, loss=1.526]
  epoch 3/3:  41%|████      | 36/88 [00:10<00:14,  3.68it/s, loss=1.527]
  epoch 3/3:  42%|████▏     | 37/88 [00:10<00:13,  3.70it/s, loss=1.527]
  epoch 3/3:  42%|████▏     | 37/88 [00:10<00:13,  3.70it/s, loss=1.529]
  epoch 3/3:  43%|████▎     | 38/88 [00:10<00:13,  3.70it/s, loss=1.529]
  epoch 3/3:  43%|████▎     | 38/88 [00:10<00:13,  3.70it/s, loss=1.526]
  epoch 3/3:  44%|████▍     | 39/88 [00:10<00:13,  3.70it/s, loss=1.526]
  epoch 3/3:  44%|████▍     | 39/88 [00:11<00:13,  3.70it/s, loss=1.527]
  epoch 3/3:  45%|████▌     | 40/88 [00:11<00:13,  3.66it/s, loss=1.527]
  epoch 3/3:  45%|████▌     | 40/88 [00:11<00:13,  3.66it/s, loss=1.529]
  epoch 3/3:  47%|████▋     | 41/88 [00:11<00:12,  3.67it/s, loss=1.529]
  epoch 3/3:  47%|████▋     | 41/88 [00:11<00:12,  3.67it/s, loss=1.532]
  epoch 3/3:  48%|████▊     | 42/88 [00:11<00:12,  3.70it/s, loss=1.532]
  epoch 3/3:  48%|████▊     | 42/88 [00:11<00:12,  3.70it/s, loss=1.537]
  epoch 3/3:  49%|████▉     | 43/88 [00:11<00:12,  3.70it/s, loss=1.537]
  epoch 3/3:  49%|████▉     | 43/88 [00:12<00:12,  3.70it/s, loss=1.538]
  epoch 3/3:  50%|█████     | 44/88 [00:12<00:11,  3.69it/s, loss=1.538]
  epoch 3/3:  50%|█████     | 44/88 [00:12<00:11,  3.69it/s, loss=1.541]
  epoch 3/3:  51%|█████     | 45/88 [00:12<00:11,  3.71it/s, loss=1.541]
  epoch 3/3:  51%|█████     | 45/88 [00:12<00:11,  3.71it/s, loss=1.541]
  epoch 3/3:  52%|█████▏    | 46/88 [00:12<00:11,  3.72it/s, loss=1.541]
  epoch 3/3:  52%|█████▏    | 46/88 [00:12<00:11,  3.72it/s, loss=1.539]
  epoch 3/3:  53%|█████▎    | 47/88 [00:12<00:11,  3.72it/s, loss=1.539]
  epoch 3/3:  53%|█████▎    | 47/88 [00:13<00:11,  3.72it/s, loss=1.538]
  epoch 3/3:  55%|█████▍    | 48/88 [00:13<00:10,  3.70it/s, loss=1.538]
  epoch 3/3:  55%|█████▍    | 48/88 [00:13<00:10,  3.70it/s, loss=1.540]
  epoch 3/3:  56%|█████▌    | 49/88 [00:13<00:10,  3.72it/s, loss=1.540]
  epoch 3/3:  56%|█████▌    | 49/88 [00:13<00:10,  3.72it/s, loss=1.541]
  epoch 3/3:  57%|█████▋    | 50/88 [00:13<00:10,  3.72it/s, loss=1.541]
  epoch 3/3:  57%|█████▋    | 50/88 [00:14<00:10,  3.72it/s, loss=1.542]
  epoch 3/3:  58%|█████▊    | 51/88 [00:14<00:09,  3.72it/s, loss=1.542]
  epoch 3/3:  58%|█████▊    | 51/88 [00:14<00:09,  3.72it/s, loss=1.542]
  epoch 3/3:  59%|█████▉    | 52/88 [00:14<00:09,  3.71it/s, loss=1.542]
  epoch 3/3:  59%|█████▉    | 52/88 [00:14<00:09,  3.71it/s, loss=1.541]
  epoch 3/3:  60%|██████    | 53/88 [00:14<00:09,  3.72it/s, loss=1.541]
  epoch 3/3:  60%|██████    | 53/88 [00:14<00:09,  3.72it/s, loss=1.544]
  epoch 3/3:  61%|██████▏   | 54/88 [00:14<00:09,  3.72it/s, loss=1.544]
  epoch 3/3:  61%|██████▏   | 54/88 [00:15<00:09,  3.72it/s, loss=1.544]
  epoch 3/3:  62%|██████▎   | 55/88 [00:15<00:08,  3.70it/s, loss=1.544]
  epoch 3/3:  62%|██████▎   | 55/88 [00:15<00:08,  3.70it/s, loss=1.543]
  epoch 3/3:  64%|██████▎   | 56/88 [00:15<00:08,  3.67it/s, loss=1.543]
  epoch 3/3:  64%|██████▎   | 56/88 [00:15<00:08,  3.67it/s, loss=1.541]
  epoch 3/3:  65%|██████▍   | 57/88 [00:15<00:08,  3.68it/s, loss=1.541]
  epoch 3/3:  65%|██████▍   | 57/88 [00:15<00:08,  3.68it/s, loss=1.537]
  epoch 3/3:  66%|██████▌   | 58/88 [00:15<00:08,  3.70it/s, loss=1.537]
  epoch 3/3:  66%|██████▌   | 58/88 [00:16<00:08,  3.70it/s, loss=1.534]
  epoch 3/3:  67%|██████▋   | 59/88 [00:16<00:07,  3.71it/s, loss=1.534]
  epoch 3/3:  67%|██████▋   | 59/88 [00:16<00:07,  3.71it/s, loss=1.531]
  epoch 3/3:  68%|██████▊   | 60/88 [00:16<00:07,  3.71it/s, loss=1.531]
  epoch 3/3:  68%|██████▊   | 60/88 [00:16<00:07,  3.71it/s, loss=1.532]
  epoch 3/3:  69%|██████▉   | 61/88 [00:16<00:07,  3.71it/s, loss=1.532]
  epoch 3/3:  69%|██████▉   | 61/88 [00:16<00:07,  3.71it/s, loss=1.530]
  epoch 3/3:  70%|███████   | 62/88 [00:16<00:06,  3.72it/s, loss=1.530]
  epoch 3/3:  70%|███████   | 62/88 [00:17<00:06,  3.72it/s, loss=1.529]
  epoch 3/3:  72%|███████▏  | 63/88 [00:17<00:06,  3.72it/s, loss=1.529]
  epoch 3/3:  72%|███████▏  | 63/88 [00:17<00:06,  3.72it/s, loss=1.526]
  epoch 3/3:  73%|███████▎  | 64/88 [00:17<00:06,  3.71it/s, loss=1.526]
  epoch 3/3:  73%|███████▎  | 64/88 [00:17<00:06,  3.71it/s, loss=1.527]
  epoch 3/3:  74%|███████▍  | 65/88 [00:17<00:06,  3.73it/s, loss=1.527]
  epoch 3/3:  74%|███████▍  | 65/88 [00:18<00:06,  3.73it/s, loss=1.523]
  epoch 3/3:  75%|███████▌  | 66/88 [00:18<00:05,  3.73it/s, loss=1.523]
  epoch 3/3:  75%|███████▌  | 66/88 [00:18<00:05,  3.73it/s, loss=1.523]
  epoch 3/3:  76%|███████▌  | 67/88 [00:18<00:05,  3.74it/s, loss=1.523]
  epoch 3/3:  76%|███████▌  | 67/88 [00:18<00:05,  3.74it/s, loss=1.519]
  epoch 3/3:  77%|███████▋  | 68/88 [00:18<00:05,  3.73it/s, loss=1.519]
  epoch 3/3:  77%|███████▋  | 68/88 [00:18<00:05,  3.73it/s, loss=1.518]
  epoch 3/3:  78%|███████▊  | 69/88 [00:18<00:05,  3.72it/s, loss=1.518]
  epoch 3/3:  78%|███████▊  | 69/88 [00:19<00:05,  3.72it/s, loss=1.519]
  epoch 3/3:  80%|███████▉  | 70/88 [00:19<00:04,  3.74it/s, loss=1.519]
  epoch 3/3:  80%|███████▉  | 70/88 [00:19<00:04,  3.74it/s, loss=1.517]
  epoch 3/3:  81%|████████  | 71/88 [00:19<00:04,  3.74it/s, loss=1.517]
  epoch 3/3:  81%|████████  | 71/88 [00:19<00:04,  3.74it/s, loss=1.516]
  epoch 3/3:  82%|████████▏ | 72/88 [00:19<00:04,  3.69it/s, loss=1.516]
  epoch 3/3:  82%|████████▏ | 72/88 [00:19<00:04,  3.69it/s, loss=1.516]
  epoch 3/3:  83%|████████▎ | 73/88 [00:19<00:04,  3.71it/s, loss=1.516]
  epoch 3/3:  83%|████████▎ | 73/88 [00:20<00:04,  3.71it/s, loss=1.517]
  epoch 3/3:  84%|████████▍ | 74/88 [00:20<00:03,  3.73it/s, loss=1.517]
  epoch 3/3:  84%|████████▍ | 74/88 [00:20<00:03,  3.73it/s, loss=1.516]
  epoch 3/3:  85%|████████▌ | 75/88 [00:20<00:03,  3.73it/s, loss=1.516]
  epoch 3/3:  85%|████████▌ | 75/88 [00:20<00:03,  3.73it/s, loss=1.516]
  epoch 3/3:  86%|████████▋ | 76/88 [00:20<00:03,  3.72it/s, loss=1.516]
  epoch 3/3:  86%|████████▋ | 76/88 [00:20<00:03,  3.72it/s, loss=1.516]
  epoch 3/3:  88%|████████▊ | 77/88 [00:20<00:02,  3.72it/s, loss=1.516]
  epoch 3/3:  88%|████████▊ | 77/88 [00:21<00:02,  3.72it/s, loss=1.514]
  epoch 3/3:  89%|████████▊ | 78/88 [00:21<00:02,  3.74it/s, loss=1.514]
  epoch 3/3:  89%|████████▊ | 78/88 [00:21<00:02,  3.74it/s, loss=1.512]
  epoch 3/3:  90%|████████▉ | 79/88 [00:21<00:02,  3.74it/s, loss=1.512]
  epoch 3/3:  90%|████████▉ | 79/88 [00:21<00:02,  3.74it/s, loss=1.511]
  epoch 3/3:  91%|█████████ | 80/88 [00:21<00:02,  3.74it/s, loss=1.511]
  epoch 3/3:  91%|█████████ | 80/88 [00:22<00:02,  3.74it/s, loss=1.510]
  epoch 3/3:  92%|█████████▏| 81/88 [00:22<00:01,  3.72it/s, loss=1.510]
  epoch 3/3:  92%|█████████▏| 81/88 [00:22<00:01,  3.72it/s, loss=1.508]
  epoch 3/3:  93%|█████████▎| 82/88 [00:22<00:01,  3.73it/s, loss=1.508]
  epoch 3/3:  93%|█████████▎| 82/88 [00:22<00:01,  3.73it/s, loss=1.507]
  epoch 3/3:  94%|█████████▍| 83/88 [00:22<00:01,  3.72it/s, loss=1.507]
  epoch 3/3:  94%|█████████▍| 83/88 [00:22<00:01,  3.72it/s, loss=1.508]
  epoch 3/3:  95%|█████████▌| 84/88 [00:22<00:01,  3.72it/s, loss=1.508]
  epoch 3/3:  95%|█████████▌| 84/88 [00:23<00:01,  3.72it/s, loss=1.510]
  epoch 3/3:  97%|█████████▋| 85/88 [00:23<00:00,  3.72it/s, loss=1.510]
  epoch 3/3:  97%|█████████▋| 85/88 [00:23<00:00,  3.72it/s, loss=1.508]
  epoch 3/3:  98%|█████████▊| 86/88 [00:23<00:00,  3.74it/s, loss=1.508]
  epoch 3/3:  98%|█████████▊| 86/88 [00:23<00:00,  3.74it/s, loss=1.508]
  epoch 3/3:  99%|█████████▉| 87/88 [00:23<00:00,  3.75it/s, loss=1.508]
  epoch 3/3:  99%|█████████▉| 87/88 [00:23<00:00,  3.75it/s, loss=1.507]
  epoch 3/3: 100%|██████████| 88/88 [00:23<00:00,  4.05it/s, loss=1.507]
                                                                        
[titans] reset=never | norm(state) sau task = 125.2928
[titans]   self-mod v:β=1.00 |W|=0.02
[titans]   eta_t(avg)=0.4448  alpha_t/forget-gate(avg)=0.5569
[task 1] test acc so far: 0.020  0.297
[task 1] NCM-head acc so far: 0.789  0.849
[task 2] classes=[20, 27, 29, 34, 37] | train=2800

  epoch 1/3:   0%|          | 0/88 [00:00<?, ?it/s]
  epoch 1/3:   0%|          | 0/88 [00:00<?, ?it/s, loss=1.818]
  epoch 1/3:   1%|          | 1/88 [00:00<00:43,  1.99it/s, loss=1.818]
  epoch 1/3:   1%|          | 1/88 [00:00<00:43,  1.99it/s, loss=1.814]
  epoch 1/3:   2%|▏         | 2/88 [00:00<00:31,  2.75it/s, loss=1.814]
  epoch 1/3:   2%|▏         | 2/88 [00:01<00:31,  2.75it/s, loss=1.817]
  epoch 1/3:   3%|▎         | 3/88 [00:01<00:27,  3.14it/s, loss=1.817]
  epoch 1/3:   3%|▎         | 3/88 [00:01<00:27,  3.14it/s, loss=1.812]
  epoch 1/3:   5%|▍         | 4/88 [00:01<00:24,  3.37it/s, loss=1.812]
  epoch 1/3:   5%|▍         | 4/88 [00:01<00:24,  3.37it/s, loss=1.796]
  epoch 1/3:   6%|▌         | 5/88 [00:01<00:23,  3.51it/s, loss=1.796]
  epoch 1/3:   6%|▌         | 5/88 [00:01<00:23,  3.51it/s, loss=1.785]
  epoch 1/3:   7%|▋         | 6/88 [00:01<00:22,  3.60it/s, loss=1.785]
  epoch 1/3:   7%|▋         | 6/88 [00:02<00:22,  3.60it/s, loss=1.782]
  epoch 1/3:   8%|▊         | 7/88 [00:02<00:22,  3.67it/s, loss=1.782]
  epoch 1/3:   8%|▊         | 7/88 [00:02<00:22,  3.67it/s, loss=1.787]
  epoch 1/3:   9%|▉         | 8/88 [00:02<00:21,  3.71it/s, loss=1.787]
  epoch 1/3:   9%|▉         | 8/88 [00:02<00:21,  3.71it/s, loss=1.773]
  epoch 1/3:  10%|█         | 9/88 [00:02<00:21,  3.73it/s, loss=1.773]
  epoch 1/3:  10%|█         | 9/88 [00:02<00:21,  3.73it/s, loss=1.769]
  epoch 1/3:  11%|█▏        | 10/88 [00:02<00:20,  3.73it/s, loss=1.769]
  epoch 1/3:  11%|█▏        | 10/88 [00:03<00:20,  3.73it/s, loss=1.781]
  epoch 1/3:  12%|█▎        | 11/88 [00:03<00:20,  3.73it/s, loss=1.781]
  epoch 1/3:  12%|█▎        | 11/88 [00:03<00:20,  3.73it/s, loss=1.783]
  epoch 1/3:  14%|█▎        | 12/88 [00:03<00:20,  3.72it/s, loss=1.783]
  epoch 1/3:  14%|█▎        | 12/88 [00:03<00:20,  3.72it/s, loss=1.774]
  epoch 1/3:  15%|█▍        | 13/88 [00:03<00:20,  3.74it/s, loss=1.774]
  epoch 1/3:  15%|█▍        | 13/88 [00:03<00:20,  3.74it/s, loss=1.786]
  epoch 1/3:  16%|█▌        | 14/88 [00:03<00:19,  3.75it/s, loss=1.786]
  epoch 1/3:  16%|█▌        | 14/88 [00:04<00:19,  3.75it/s, loss=1.794]
  epoch 1/3:  17%|█▋        | 15/88 [00:04<00:19,  3.75it/s, loss=1.794]
  epoch 1/3:  17%|█▋        | 15/88 [00:04<00:19,  3.75it/s, loss=1.791]
  epoch 1/3:  18%|█▊        | 16/88 [00:04<00:19,  3.73it/s, loss=1.791]
  epoch 1/3:  18%|█▊        | 16/88 [00:04<00:19,  3.73it/s, loss=1.794]
  epoch 1/3:  19%|█▉        | 17/88 [00:04<00:18,  3.75it/s, loss=1.794]
  epoch 1/3:  19%|█▉        | 17/88 [00:05<00:18,  3.75it/s, loss=1.798]
  epoch 1/3:  20%|██        | 18/88 [00:05<00:18,  3.73it/s, loss=1.798]
  epoch 1/3:  20%|██        | 18/88 [00:05<00:18,  3.73it/s, loss=1.793]
  epoch 1/3:  22%|██▏       | 19/88 [00:05<00:18,  3.75it/s, loss=1.793]
  epoch 1/3:  22%|██▏       | 19/88 [00:05<00:18,  3.75it/s, loss=1.787]
  epoch 1/3:  23%|██▎       | 20/88 [00:05<00:18,  3.75it/s, loss=1.787]
  epoch 1/3:  23%|██▎       | 20/88 [00:05<00:18,  3.75it/s, loss=1.789]
  epoch 1/3:  24%|██▍       | 21/88 [00:05<00:17,  3.75it/s, loss=1.789]
  epoch 1/3:  24%|██▍       | 21/88 [00:06<00:17,  3.75it/s, loss=1.782]
  epoch 1/3:  25%|██▌       | 22/88 [00:06<00:17,  3.76it/s, loss=1.782]
  epoch 1/3:  25%|██▌       | 22/88 [00:06<00:17,  3.76it/s, loss=1.784]
  epoch 1/3:  26%|██▌       | 23/88 [00:06<00:17,  3.76it/s, loss=1.784]
  epoch 1/3:  26%|██▌       | 23/88 [00:06<00:17,  3.76it/s, loss=1.785]
  epoch 1/3:  27%|██▋       | 24/88 [00:06<00:17,  3.73it/s, loss=1.785]
  epoch 1/3:  27%|██▋       | 24/88 [00:06<00:17,  3.73it/s, loss=1.784]
  epoch 1/3:  28%|██▊       | 25/88 [00:06<00:16,  3.75it/s, loss=1.784]
  epoch 1/3:  28%|██▊       | 25/88 [00:07<00:16,  3.75it/s, loss=1.785]
  epoch 1/3:  30%|██▉       | 26/88 [00:07<00:16,  3.76it/s, loss=1.785]
  epoch 1/3:  30%|██▉       | 26/88 [00:07<00:16,  3.76it/s, loss=1.783]
  epoch 1/3:  31%|███       | 27/88 [00:07<00:16,  3.78it/s, loss=1.783]
  epoch 1/3:  31%|███       | 27/88 [00:07<00:16,  3.78it/s, loss=1.787]
  epoch 1/3:  32%|███▏      | 28/88 [00:07<00:15,  3.77it/s, loss=1.787]
  epoch 1/3:  32%|███▏      | 28/88 [00:07<00:15,  3.77it/s, loss=1.783]
  epoch 1/3:  33%|███▎      | 29/88 [00:07<00:15,  3.75it/s, loss=1.783]
  epoch 1/3:  33%|███▎      | 29/88 [00:08<00:15,  3.75it/s, loss=1.788]
  epoch 1/3:  34%|███▍      | 30/88 [00:08<00:15,  3.73it/s, loss=1.788]
  epoch 1/3:  34%|███▍      | 30/88 [00:08<00:15,  3.73it/s, loss=1.792]
  epoch 1/3:  35%|███▌      | 31/88 [00:08<00:15,  3.73it/s, loss=1.792]
  epoch 1/3:  35%|███▌      | 31/88 [00:08<00:15,  3.73it/s, loss=1.790]
  epoch 1/3:  36%|███▋      | 32/88 [00:08<00:15,  3.71it/s, loss=1.790]
  epoch 1/3:  36%|███▋      | 32/88 [00:09<00:15,  3.71it/s, loss=1.787]
  epoch 1/3:  38%|███▊      | 33/88 [00:09<00:14,  3.72it/s, loss=1.787]
  epoch 1/3:  38%|███▊      | 33/88 [00:09<00:14,  3.72it/s, loss=1.788]
  epoch 1/3:  39%|███▊      | 34/88 [00:09<00:14,  3.72it/s, loss=1.788]
  epoch 1/3:  39%|███▊      | 34/88 [00:09<00:14,  3.72it/s, loss=1.788]
  epoch 1/3:  40%|███▉      | 35/88 [00:09<00:14,  3.73it/s, loss=1.788]
  epoch 1/3:  40%|███▉      | 35/88 [00:09<00:14,  3.73it/s, loss=1.788]
  epoch 1/3:  41%|████      | 36/88 [00:09<00:13,  3.73it/s, loss=1.788]
  epoch 1/3:  41%|████      | 36/88 [00:10<00:13,  3.73it/s, loss=1.789]
  epoch 1/3:  42%|████▏     | 37/88 [00:10<00:13,  3.73it/s, loss=1.789]
  epoch 1/3:  42%|████▏     | 37/88 [00:10<00:13,  3.73it/s, loss=1.792]
  epoch 1/3:  43%|████▎     | 38/88 [00:10<00:13,  3.72it/s, loss=1.792]
  epoch 1/3:  43%|████▎     | 38/88 [00:10<00:13,  3.72it/s, loss=1.794]
  epoch 1/3:  44%|████▍     | 39/88 [00:10<00:13,  3.74it/s, loss=1.794]
  epoch 1/3:  44%|████▍     | 39/88 [00:10<00:13,  3.74it/s, loss=1.796]
  epoch 1/3:  45%|████▌     | 40/88 [00:10<00:12,  3.74it/s, loss=1.796]
  epoch 1/3:  45%|████▌     | 40/88 [00:11<00:12,  3.74it/s, loss=1.794]
  epoch 1/3:  47%|████▋     | 41/88 [00:11<00:12,  3.75it/s, loss=1.794]
  epoch 1/3:  47%|████▋     | 41/88 [00:11<00:12,  3.75it/s, loss=1.796]
  epoch 1/3:  48%|████▊     | 42/88 [00:11<00:12,  3.75it/s, loss=1.796]
  epoch 1/3:  48%|████▊     | 42/88 [00:11<00:12,  3.75it/s, loss=1.796]
  epoch 1/3:  49%|████▉     | 43/88 [00:11<00:12,  3.73it/s, loss=1.796]
  epoch 1/3:  49%|████▉     | 43/88 [00:11<00:12,  3.73it/s, loss=1.796]
  epoch 1/3:  50%|█████     | 44/88 [00:11<00:11,  3.74it/s, loss=1.796]
  epoch 1/3:  50%|█████     | 44/88 [00:12<00:11,  3.74it/s, loss=1.795]
  epoch 1/3:  51%|█████     | 45/88 [00:12<00:11,  3.76it/s, loss=1.795]
  epoch 1/3:  51%|█████     | 45/88 [00:12<00:11,  3.76it/s, loss=1.796]
  epoch 1/3:  52%|█████▏    | 46/88 [00:12<00:11,  3.77it/s, loss=1.796]
  epoch 1/3:  52%|█████▏    | 46/88 [00:12<00:11,  3.77it/s, loss=1.797]
  epoch 1/3:  53%|█████▎    | 47/88 [00:12<00:10,  3.78it/s, loss=1.797]
  epoch 1/3:  53%|█████▎    | 47/88 [00:13<00:10,  3.78it/s, loss=1.798]
  epoch 1/3:  55%|█████▍    | 48/88 [00:13<00:10,  3.74it/s, loss=1.798]
  epoch 1/3:  55%|█████▍    | 48/88 [00:13<00:10,  3.74it/s, loss=1.799]
  epoch 1/3:  56%|█████▌    | 49/88 [00:13<00:10,  3.75it/s, loss=1.799]
  epoch 1/3:  56%|█████▌    | 49/88 [00:13<00:10,  3.75it/s, loss=1.797]
  epoch 1/3:  57%|█████▋    | 50/88 [00:13<00:10,  3.74it/s, loss=1.797]
  epoch 1/3:  57%|█████▋    | 50/88 [00:13<00:10,  3.74it/s, loss=1.797]
  epoch 1/3:  58%|█████▊    | 51/88 [00:13<00:09,  3.75it/s, loss=1.797]
  epoch 1/3:  58%|█████▊    | 51/88 [00:14<00:09,  3.75it/s, loss=1.797]
  epoch 1/3:  59%|█████▉    | 52/88 [00:14<00:09,  3.76it/s, loss=1.797]
  epoch 1/3:  59%|█████▉    | 52/88 [00:14<00:09,  3.76it/s, loss=1.797]
  epoch 1/3:  60%|██████    | 53/88 [00:14<00:09,  3.77it/s, loss=1.797]
  epoch 1/3:  60%|██████    | 53/88 [00:14<00:09,  3.77it/s, loss=1.797]
  epoch 1/3:  61%|██████▏   | 54/88 [00:14<00:09,  3.77it/s, loss=1.797]
  epoch 1/3:  61%|██████▏   | 54/88 [00:14<00:09,  3.77it/s, loss=1.795]
  epoch 1/3:  62%|██████▎   | 55/88 [00:14<00:08,  3.78it/s, loss=1.795]
  epoch 1/3:  62%|██████▎   | 55/88 [00:15<00:08,  3.78it/s, loss=1.795]
  epoch 1/3:  64%|██████▎   | 56/88 [00:15<00:08,  3.78it/s, loss=1.795]
  epoch 1/3:  64%|██████▎   | 56/88 [00:15<00:08,  3.78it/s, loss=1.794]
  epoch 1/3:  65%|██████▍   | 57/88 [00:15<00:08,  3.78it/s, loss=1.794]
  epoch 1/3:  65%|██████▍   | 57/88 [00:15<00:08,  3.78it/s, loss=1.793]
  epoch 1/3:  66%|██████▌   | 58/88 [00:15<00:07,  3.79it/s, loss=1.793]
  epoch 1/3:  66%|██████▌   | 58/88 [00:15<00:07,  3.79it/s, loss=1.793]
  epoch 1/3:  67%|██████▋   | 59/88 [00:15<00:07,  3.79it/s, loss=1.793]
  epoch 1/3:  67%|██████▋   | 59/88 [00:16<00:07,  3.79it/s, loss=1.794]
  epoch 1/3:  68%|██████▊   | 60/88 [00:16<00:07,  3.79it/s, loss=1.794]
  epoch 1/3:  68%|██████▊   | 60/88 [00:16<00:07,  3.79it/s, loss=1.795]
  epoch 1/3:  69%|██████▉   | 61/88 [00:16<00:07,  3.79it/s, loss=1.795]
  epoch 1/3:  69%|██████▉   | 61/88 [00:16<00:07,  3.79it/s, loss=1.795]
  epoch 1/3:  70%|███████   | 62/88 [00:16<00:06,  3.78it/s, loss=1.795]
  epoch 1/3:  70%|███████   | 62/88 [00:17<00:06,  3.78it/s, loss=1.795]
  epoch 1/3:  72%|███████▏  | 63/88 [00:17<00:06,  3.76it/s, loss=1.795]
  epoch 1/3:  72%|███████▏  | 63/88 [00:17<00:06,  3.76it/s, loss=1.795]
  epoch 1/3:  73%|███████▎  | 64/88 [00:17<00:06,  3.70it/s, loss=1.795]
  epoch 1/3:  73%|███████▎  | 64/88 [00:17<00:06,  3.70it/s, loss=1.795]
  epoch 1/3:  74%|███████▍  | 65/88 [00:17<00:06,  3.73it/s, loss=1.795]
  epoch 1/3:  74%|███████▍  | 65/88 [00:17<00:06,  3.73it/s, loss=1.795]
  epoch 1/3:  75%|███████▌  | 66/88 [00:17<00:05,  3.73it/s, loss=1.795]
  epoch 1/3:  75%|███████▌  | 66/88 [00:18<00:05,  3.73it/s, loss=1.797]
  epoch 1/3:  76%|███████▌  | 67/88 [00:18<00:05,  3.73it/s, loss=1.797]
  epoch 1/3:  76%|███████▌  | 67/88 [00:18<00:05,  3.73it/s, loss=1.797]
  epoch 1/3:  77%|███████▋  | 68/88 [00:18<00:05,  3.74it/s, loss=1.797]
  epoch 1/3:  77%|███████▋  | 68/88 [00:18<00:05,  3.74it/s, loss=1.798]
  epoch 1/3:  78%|███████▊  | 69/88 [00:18<00:05,  3.75it/s, loss=1.798]
  epoch 1/3:  78%|███████▊  | 69/88 [00:18<00:05,  3.75it/s, loss=1.796]
  epoch 1/3:  80%|███████▉  | 70/88 [00:18<00:04,  3.76it/s, loss=1.796]
  epoch 1/3:  80%|███████▉  | 70/88 [00:19<00:04,  3.76it/s, loss=1.798]
  epoch 1/3:  81%|████████  | 71/88 [00:19<00:04,  3.77it/s, loss=1.798]
  epoch 1/3:  81%|████████  | 71/88 [00:19<00:04,  3.77it/s, loss=1.796]
  epoch 1/3:  82%|████████▏ | 72/88 [00:19<00:04,  3.75it/s, loss=1.796]
  epoch 1/3:  82%|████████▏ | 72/88 [00:19<00:04,  3.75it/s, loss=1.796]
  epoch 1/3:  83%|████████▎ | 73/88 [00:19<00:04,  3.74it/s, loss=1.796]
  epoch 1/3:  83%|████████▎ | 73/88 [00:19<00:04,  3.74it/s, loss=1.796]
  epoch 1/3:  84%|████████▍ | 74/88 [00:19<00:03,  3.74it/s, loss=1.796]
  epoch 1/3:  84%|████████▍ | 74/88 [00:20<00:03,  3.74it/s, loss=1.794]
  epoch 1/3:  85%|████████▌ | 75/88 [00:20<00:03,  3.75it/s, loss=1.794]
  epoch 1/3:  85%|████████▌ | 75/88 [00:20<00:03,  3.75it/s, loss=1.795]
  epoch 1/3:  86%|████████▋ | 76/88 [00:20<00:03,  3.76it/s, loss=1.795]
  epoch 1/3:  86%|████████▋ | 76/88 [00:20<00:03,  3.76it/s, loss=1.795]
  epoch 1/3:  88%|████████▊ | 77/88 [00:20<00:02,  3.77it/s, loss=1.795]
  epoch 1/3:  88%|████████▊ | 77/88 [00:21<00:02,  3.77it/s, loss=1.795]
  epoch 1/3:  89%|████████▊ | 78/88 [00:21<00:02,  3.77it/s, loss=1.795]
  epoch 1/3:  89%|████████▊ | 78/88 [00:21<00:02,  3.77it/s, loss=1.796]
  epoch 1/3:  90%|████████▉ | 79/88 [00:21<00:02,  3.77it/s, loss=1.796]
  epoch 1/3:  90%|████████▉ | 79/88 [00:21<00:02,  3.77it/s, loss=1.795]
  epoch 1/3:  91%|█████████ | 80/88 [00:21<00:02,  3.71it/s, loss=1.795]
  epoch 1/3:  91%|█████████ | 80/88 [00:21<00:02,  3.71it/s, loss=1.794]
  epoch 1/3:  92%|█████████▏| 81/88 [00:21<00:01,  3.73it/s, loss=1.794]
  epoch 1/3:  92%|█████████▏| 81/88 [00:22<00:01,  3.73it/s, loss=1.793]
  epoch 1/3:  93%|█████████▎| 82/88 [00:22<00:01,  3.74it/s, loss=1.793]
  epoch 1/3:  93%|█████████▎| 82/88 [00:22<00:01,  3.74it/s, loss=1.793]
  epoch 1/3:  94%|█████████▍| 83/88 [00:22<00:01,  3.75it/s, loss=1.793]
  epoch 1/3:  94%|█████████▍| 83/88 [00:22<00:01,  3.75it/s, loss=1.793]
  epoch 1/3:  95%|█████████▌| 84/88 [00:22<00:01,  3.76it/s, loss=1.793]
  epoch 1/3:  95%|█████████▌| 84/88 [00:22<00:01,  3.76it/s, loss=1.795]
  epoch 1/3:  97%|█████████▋| 85/88 [00:22<00:00,  3.76it/s, loss=1.795]
  epoch 1/3:  97%|█████████▋| 85/88 [00:23<00:00,  3.76it/s, loss=1.796]
  epoch 1/3:  98%|█████████▊| 86/88 [00:23<00:00,  3.76it/s, loss=1.796]
  epoch 1/3:  98%|█████████▊| 86/88 [00:23<00:00,  3.76it/s, loss=1.797]
  epoch 1/3:  99%|█████████▉| 87/88 [00:23<00:00,  3.74it/s, loss=1.797]
  epoch 1/3:  99%|█████████▉| 87/88 [00:23<00:00,  3.74it/s, loss=1.797]
  epoch 1/3: 100%|██████████| 88/88 [00:23<00:00,  4.08it/s, loss=1.797]
                                                                        

  epoch 2/3:   0%|          | 0/88 [00:00<?, ?it/s]
  epoch 2/3:   0%|          | 0/88 [00:00<?, ?it/s, loss=1.846]
  epoch 2/3:   1%|          | 1/88 [00:00<00:42,  2.07it/s, loss=1.846]
  epoch 2/3:   1%|          | 1/88 [00:00<00:42,  2.07it/s, loss=1.870]
  epoch 2/3:   2%|▏         | 2/88 [00:00<00:30,  2.81it/s, loss=1.870]
  epoch 2/3:   2%|▏         | 2/88 [00:01<00:30,  2.81it/s, loss=1.849]
  epoch 2/3:   3%|▎         | 3/88 [00:01<00:26,  3.16it/s, loss=1.849]
  epoch 2/3:   3%|▎         | 3/88 [00:01<00:26,  3.16it/s, loss=1.811]
  epoch 2/3:   5%|▍         | 4/88 [00:01<00:24,  3.38it/s, loss=1.811]
  epoch 2/3:   5%|▍         | 4/88 [00:01<00:24,  3.38it/s, loss=1.801]
  epoch 2/3:   6%|▌         | 5/88 [00:01<00:23,  3.52it/s, loss=1.801]
  epoch 2/3:   6%|▌         | 5/88 [00:01<00:23,  3.52it/s, loss=1.819]
  epoch 2/3:   7%|▋         | 6/88 [00:01<00:22,  3.61it/s, loss=1.819]
  epoch 2/3:   7%|▋         | 6/88 [00:02<00:22,  3.61it/s, loss=1.829]
  epoch 2/3:   8%|▊         | 7/88 [00:02<00:22,  3.67it/s, loss=1.829]
  epoch 2/3:   8%|▊         | 7/88 [00:02<00:22,  3.67it/s, loss=1.823]
  epoch 2/3:   9%|▉         | 8/88 [00:02<00:21,  3.65it/s, loss=1.823]
  epoch 2/3:   9%|▉         | 8/88 [00:02<00:21,  3.65it/s, loss=1.815]
  epoch 2/3:  10%|█         | 9/88 [00:02<00:21,  3.67it/s, loss=1.815]
  epoch 2/3:  10%|█         | 9/88 [00:02<00:21,  3.67it/s, loss=1.801]
  epoch 2/3:  11%|█▏        | 10/88 [00:02<00:21,  3.70it/s, loss=1.801]
  epoch 2/3:  11%|█▏        | 10/88 [00:03<00:21,  3.70it/s, loss=1.791]
  epoch 2/3:  12%|█▎        | 11/88 [00:03<00:20,  3.73it/s, loss=1.791]
  epoch 2/3:  12%|█▎        | 11/88 [00:03<00:20,  3.73it/s, loss=1.786]
  epoch 2/3:  14%|█▎        | 12/88 [00:03<00:20,  3.73it/s, loss=1.786]
  epoch 2/3:  14%|█▎        | 12/88 [00:03<00:20,  3.73it/s, loss=1.779]
  epoch 2/3:  15%|█▍        | 13/88 [00:03<00:20,  3.73it/s, loss=1.779]
  epoch 2/3:  15%|█▍        | 13/88 [00:03<00:20,  3.73it/s, loss=1.772]
  epoch 2/3:  16%|█▌        | 14/88 [00:03<00:19,  3.72it/s, loss=1.772]
  epoch 2/3:  16%|█▌        | 14/88 [00:04<00:19,  3.72it/s, loss=1.771]
  epoch 2/3:  17%|█▋        | 15/88 [00:04<00:19,  3.73it/s, loss=1.771]
  epoch 2/3:  17%|█▋        | 15/88 [00:04<00:19,  3.73it/s, loss=1.768]
  epoch 2/3:  18%|█▊        | 16/88 [00:04<00:19,  3.75it/s, loss=1.768]
  epoch 2/3:  18%|█▊        | 16/88 [00:04<00:19,  3.75it/s, loss=1.768]
  epoch 2/3:  19%|█▉        | 17/88 [00:04<00:18,  3.76it/s, loss=1.768]
  epoch 2/3:  19%|█▉        | 17/88 [00:05<00:18,  3.76it/s, loss=1.769]
  epoch 2/3:  20%|██        | 18/88 [00:05<00:18,  3.76it/s, loss=1.769]
  epoch 2/3:  20%|██        | 18/88 [00:05<00:18,  3.76it/s, loss=1.777]
  epoch 2/3:  22%|██▏       | 19/88 [00:05<00:18,  3.76it/s, loss=1.777]
  epoch 2/3:  22%|██▏       | 19/88 [00:05<00:18,  3.76it/s, loss=1.781]
  epoch 2/3:  23%|██▎       | 20/88 [00:05<00:18,  3.75it/s, loss=1.781]
  epoch 2/3:  23%|██▎       | 20/88 [00:05<00:18,  3.75it/s, loss=1.783]
  epoch 2/3:  24%|██▍       | 21/88 [00:05<00:17,  3.75it/s, loss=1.783]
  epoch 2/3:  24%|██▍       | 21/88 [00:06<00:17,  3.75it/s, loss=1.786]
  epoch 2/3:  25%|██▌       | 22/88 [00:06<00:17,  3.74it/s, loss=1.786]
  epoch 2/3:  25%|██▌       | 22/88 [00:06<00:17,  3.74it/s, loss=1.792]
  epoch 2/3:  26%|██▌       | 23/88 [00:06<00:17,  3.75it/s, loss=1.792]
  epoch 2/3:  26%|██▌       | 23/88 [00:06<00:17,  3.75it/s, loss=1.794]
  epoch 2/3:  27%|██▋       | 24/88 [00:06<00:17,  3.72it/s, loss=1.794]
  epoch 2/3:  27%|██▋       | 24/88 [00:06<00:17,  3.72it/s, loss=1.795]
  epoch 2/3:  28%|██▊       | 25/88 [00:06<00:16,  3.71it/s, loss=1.795]
  epoch 2/3:  28%|██▊       | 25/88 [00:07<00:16,  3.71it/s, loss=1.796]
  epoch 2/3:  30%|██▉       | 26/88 [00:07<00:16,  3.73it/s, loss=1.796]
  epoch 2/3:  30%|██▉       | 26/88 [00:07<00:16,  3.73it/s, loss=1.791]
  epoch 2/3:  31%|███       | 27/88 [00:07<00:16,  3.74it/s, loss=1.791]
  epoch 2/3:  31%|███       | 27/88 [00:07<00:16,  3.74it/s, loss=1.792]
  epoch 2/3:  32%|███▏      | 28/88 [00:07<00:15,  3.76it/s, loss=1.792]
  epoch 2/3:  32%|███▏      | 28/88 [00:07<00:15,  3.76it/s, loss=1.793]
  epoch 2/3:  33%|███▎      | 29/88 [00:07<00:15,  3.77it/s, loss=1.793]
  epoch 2/3:  33%|███▎      | 29/88 [00:08<00:15,  3.77it/s, loss=1.793]
  epoch 2/3:  34%|███▍      | 30/88 [00:08<00:15,  3.78it/s, loss=1.793]
  epoch 2/3:  34%|███▍      | 30/88 [00:08<00:15,  3.78it/s, loss=1.791]
  epoch 2/3:  35%|███▌      | 31/88 [00:08<00:15,  3.78it/s, loss=1.791]
  epoch 2/3:  35%|███▌      | 31/88 [00:08<00:15,  3.78it/s, loss=1.790]
  epoch 2/3:  36%|███▋      | 32/88 [00:08<00:14,  3.78it/s, loss=1.790]
  epoch 2/3:  36%|███▋      | 32/88 [00:09<00:14,  3.78it/s, loss=1.784]
  epoch 2/3:  38%|███▊      | 33/88 [00:09<00:14,  3.76it/s, loss=1.784]
  epoch 2/3:  38%|███▊      | 33/88 [00:09<00:14,  3.76it/s, loss=1.786]
  epoch 2/3:  39%|███▊      | 34/88 [00:09<00:14,  3.75it/s, loss=1.786]
  epoch 2/3:  39%|███▊      | 34/88 [00:09<00:14,  3.75it/s, loss=1.784]
  epoch 2/3:  40%|███▉      | 35/88 [00:09<00:14,  3.73it/s, loss=1.784]
  epoch 2/3:  40%|███▉      | 35/88 [00:09<00:14,  3.73it/s, loss=1.783]
  epoch 2/3:  41%|████      | 36/88 [00:09<00:13,  3.75it/s, loss=1.783]
  epoch 2/3:  41%|████      | 36/88 [00:10<00:13,  3.75it/s, loss=1.783]
  epoch 2/3:  42%|████▏     | 37/88 [00:10<00:13,  3.76it/s, loss=1.783]
  epoch 2/3:  42%|████▏     | 37/88 [00:10<00:13,  3.76it/s, loss=1.783]
  epoch 2/3:  43%|████▎     | 38/88 [00:10<00:13,  3.77it/s, loss=1.783]
  epoch 2/3:  43%|████▎     | 38/88 [00:10<00:13,  3.77it/s, loss=1.785]
  epoch 2/3:  44%|████▍     | 39/88 [00:10<00:12,  3.77it/s, loss=1.785]
  epoch 2/3:  44%|████▍     | 39/88 [00:10<00:12,  3.77it/s, loss=1.786]
  epoch 2/3:  45%|████▌     | 40/88 [00:10<00:12,  3.74it/s, loss=1.786]
  epoch 2/3:  45%|████▌     | 40/88 [00:11<00:12,  3.74it/s, loss=1.784]
  epoch 2/3:  47%|████▋     | 41/88 [00:11<00:12,  3.74it/s, loss=1.784]
  epoch 2/3:  47%|████▋     | 41/88 [00:11<00:12,  3.74it/s, loss=1.787]
  epoch 2/3:  48%|████▊     | 42/88 [00:11<00:12,  3.73it/s, loss=1.787]
  epoch 2/3:  48%|████▊     | 42/88 [00:11<00:12,  3.73it/s, loss=1.787]
  epoch 2/3:  49%|████▉     | 43/88 [00:11<00:12,  3.75it/s, loss=1.787]
  epoch 2/3:  49%|████▉     | 43/88 [00:11<00:12,  3.75it/s, loss=1.788]
  epoch 2/3:  50%|█████     | 44/88 [00:11<00:11,  3.76it/s, loss=1.788]
  epoch 2/3:  50%|█████     | 44/88 [00:12<00:11,  3.76it/s, loss=1.787]
  epoch 2/3:  51%|█████     | 45/88 [00:12<00:11,  3.76it/s, loss=1.787]
  epoch 2/3:  51%|█████     | 45/88 [00:12<00:11,  3.76it/s, loss=1.785]
  epoch 2/3:  52%|█████▏    | 46/88 [00:12<00:11,  3.76it/s, loss=1.785]
  epoch 2/3:  52%|█████▏    | 46/88 [00:12<00:11,  3.76it/s, loss=1.784]
  epoch 2/3:  53%|█████▎    | 47/88 [00:12<00:10,  3.75it/s, loss=1.784]
  epoch 2/3:  53%|█████▎    | 47/88 [00:13<00:10,  3.75it/s, loss=1.781]
  epoch 2/3:  55%|█████▍    | 48/88 [00:13<00:10,  3.74it/s, loss=1.781]
  epoch 2/3:  55%|█████▍    | 48/88 [00:13<00:10,  3.74it/s, loss=1.781]
  epoch 2/3:  56%|█████▌    | 49/88 [00:13<00:10,  3.73it/s, loss=1.781]
  epoch 2/3:  56%|█████▌    | 49/88 [00:13<00:10,  3.73it/s, loss=1.782]
  epoch 2/3:  57%|█████▋    | 50/88 [00:13<00:10,  3.74it/s, loss=1.782]
  epoch 2/3:  57%|█████▋    | 50/88 [00:13<00:10,  3.74it/s, loss=1.780]
  epoch 2/3:  58%|█████▊    | 51/88 [00:13<00:09,  3.75it/s, loss=1.780]
  epoch 2/3:  58%|█████▊    | 51/88 [00:14<00:09,  3.75it/s, loss=1.779]
  epoch 2/3:  59%|█████▉    | 52/88 [00:14<00:09,  3.76it/s, loss=1.779]
  epoch 2/3:  59%|█████▉    | 52/88 [00:14<00:09,  3.76it/s, loss=1.779]
  epoch 2/3:  60%|██████    | 53/88 [00:14<00:09,  3.76it/s, loss=1.779]
  epoch 2/3:  60%|██████    | 53/88 [00:14<00:09,  3.76it/s, loss=1.776]
  epoch 2/3:  61%|██████▏   | 54/88 [00:14<00:09,  3.73it/s, loss=1.776]
  epoch 2/3:  61%|██████▏   | 54/88 [00:14<00:09,  3.73it/s, loss=1.776]
  epoch 2/3:  62%|██████▎   | 55/88 [00:14<00:08,  3.73it/s, loss=1.776]
  epoch 2/3:  62%|██████▎   | 55/88 [00:15<00:08,  3.73it/s, loss=1.778]
  epoch 2/3:  64%|██████▎   | 56/88 [00:15<00:08,  3.67it/s, loss=1.778]
  epoch 2/3:  64%|██████▎   | 56/88 [00:15<00:08,  3.67it/s, loss=1.776]
  epoch 2/3:  65%|██████▍   | 57/88 [00:15<00:08,  3.68it/s, loss=1.776]
  epoch 2/3:  65%|██████▍   | 57/88 [00:15<00:08,  3.68it/s, loss=1.776]
  epoch 2/3:  66%|██████▌   | 58/88 [00:15<00:08,  3.71it/s, loss=1.776]
  epoch 2/3:  66%|██████▌   | 58/88 [00:15<00:08,  3.71it/s, loss=1.775]
  epoch 2/3:  67%|██████▋   | 59/88 [00:15<00:07,  3.70it/s, loss=1.775]
  epoch 2/3:  67%|██████▋   | 59/88 [00:16<00:07,  3.70it/s, loss=1.773]
  epoch 2/3:  68%|██████▊   | 60/88 [00:16<00:07,  3.70it/s, loss=1.773]
  epoch 2/3:  68%|██████▊   | 60/88 [00:16<00:07,  3.70it/s, loss=1.774]
  epoch 2/3:  69%|██████▉   | 61/88 [00:16<00:07,  3.71it/s, loss=1.774]
  epoch 2/3:  69%|██████▉   | 61/88 [00:16<00:07,  3.71it/s, loss=1.774]
  epoch 2/3:  70%|███████   | 62/88 [00:16<00:06,  3.73it/s, loss=1.774]
  epoch 2/3:  70%|███████   | 62/88 [00:17<00:06,  3.73it/s, loss=1.775]
  epoch 2/3:  72%|███████▏  | 63/88 [00:17<00:06,  3.71it/s, loss=1.775]
  epoch 2/3:  72%|███████▏  | 63/88 [00:17<00:06,  3.71it/s, loss=1.775]
  epoch 2/3:  73%|███████▎  | 64/88 [00:17<00:06,  3.71it/s, loss=1.775]
  epoch 2/3:  73%|███████▎  | 64/88 [00:17<00:06,  3.71it/s, loss=1.774]
  epoch 2/3:  74%|███████▍  | 65/88 [00:17<00:06,  3.71it/s, loss=1.774]
  epoch 2/3:  74%|███████▍  | 65/88 [00:17<00:06,  3.71it/s, loss=1.773]
  epoch 2/3:  75%|███████▌  | 66/88 [00:17<00:05,  3.71it/s, loss=1.773]
  epoch 2/3:  75%|███████▌  | 66/88 [00:18<00:05,  3.71it/s, loss=1.772]
  epoch 2/3:  76%|███████▌  | 67/88 [00:18<00:05,  3.71it/s, loss=1.772]
  epoch 2/3:  76%|███████▌  | 67/88 [00:18<00:05,  3.71it/s, loss=1.772]
  epoch 2/3:  77%|███████▋  | 68/88 [00:18<00:05,  3.70it/s, loss=1.772]
  epoch 2/3:  77%|███████▋  | 68/88 [00:18<00:05,  3.70it/s, loss=1.771]
  epoch 2/3:  78%|███████▊  | 69/88 [00:18<00:05,  3.69it/s, loss=1.771]
  epoch 2/3:  78%|███████▊  | 69/88 [00:18<00:05,  3.69it/s, loss=1.770]
  epoch 2/3:  80%|███████▉  | 70/88 [00:18<00:04,  3.69it/s, loss=1.770]
  epoch 2/3:  80%|███████▉  | 70/88 [00:19<00:04,  3.69it/s, loss=1.770]
  epoch 2/3:  81%|████████  | 71/88 [00:19<00:04,  3.70it/s, loss=1.770]
  epoch 2/3:  81%|████████  | 71/88 [00:19<00:04,  3.70it/s, loss=1.769]
  epoch 2/3:  82%|████████▏ | 72/88 [00:19<00:04,  3.64it/s, loss=1.769]
  epoch 2/3:  82%|████████▏ | 72/88 [00:19<00:04,  3.64it/s, loss=1.767]
  epoch 2/3:  83%|████████▎ | 73/88 [00:19<00:04,  3.69it/s, loss=1.767]
  epoch 2/3:  83%|████████▎ | 73/88 [00:20<00:04,  3.69it/s, loss=1.767]
  epoch 2/3:  84%|████████▍ | 74/88 [00:20<00:03,  3.68it/s, loss=1.767]
  epoch 2/3:  84%|████████▍ | 74/88 [00:20<00:03,  3.68it/s, loss=1.768]
  epoch 2/3:  85%|████████▌ | 75/88 [00:20<00:03,  3.69it/s, loss=1.768]
  epoch 2/3:  85%|████████▌ | 75/88 [00:20<00:03,  3.69it/s, loss=1.768]
  epoch 2/3:  86%|████████▋ | 76/88 [00:20<00:03,  3.70it/s, loss=1.768]
  epoch 2/3:  86%|████████▋ | 76/88 [00:20<00:03,  3.70it/s, loss=1.768]
  epoch 2/3:  88%|████████▊ | 77/88 [00:20<00:02,  3.72it/s, loss=1.768]
  epoch 2/3:  88%|████████▊ | 77/88 [00:21<00:02,  3.72it/s, loss=1.767]
  epoch 2/3:  89%|████████▊ | 78/88 [00:21<00:02,  3.71it/s, loss=1.767]
  epoch 2/3:  89%|████████▊ | 78/88 [00:21<00:02,  3.71it/s, loss=1.767]
  epoch 2/3:  90%|████████▉ | 79/88 [00:21<00:02,  3.71it/s, loss=1.767]
  epoch 2/3:  90%|████████▉ | 79/88 [00:21<00:02,  3.71it/s, loss=1.765]
  epoch 2/3:  91%|█████████ | 80/88 [00:21<00:02,  3.71it/s, loss=1.765]
  epoch 2/3:  91%|█████████ | 80/88 [00:21<00:02,  3.71it/s, loss=1.764]
  epoch 2/3:  92%|█████████▏| 81/88 [00:21<00:01,  3.70it/s, loss=1.764]
  epoch 2/3:  92%|█████████▏| 81/88 [00:22<00:01,  3.70it/s, loss=1.766]
  epoch 2/3:  93%|█████████▎| 82/88 [00:22<00:01,  3.70it/s, loss=1.766]
  epoch 2/3:  93%|█████████▎| 82/88 [00:22<00:01,  3.70it/s, loss=1.767]
  epoch 2/3:  94%|█████████▍| 83/88 [00:22<00:01,  3.71it/s, loss=1.767]
  epoch 2/3:  94%|█████████▍| 83/88 [00:22<00:01,  3.71it/s, loss=1.766]
  epoch 2/3:  95%|█████████▌| 84/88 [00:22<00:01,  3.71it/s, loss=1.766]
  epoch 2/3:  95%|█████████▌| 84/88 [00:22<00:01,  3.71it/s, loss=1.766]
  epoch 2/3:  97%|█████████▋| 85/88 [00:22<00:00,  3.72it/s, loss=1.766]
  epoch 2/3:  97%|█████████▋| 85/88 [00:23<00:00,  3.72it/s, loss=1.765]
  epoch 2/3:  98%|█████████▊| 86/88 [00:23<00:00,  3.73it/s, loss=1.765]
  epoch 2/3:  98%|█████████▊| 86/88 [00:23<00:00,  3.73it/s, loss=1.764]
  epoch 2/3:  99%|█████████▉| 87/88 [00:23<00:00,  3.72it/s, loss=1.764]
  epoch 2/3:  99%|█████████▉| 87/88 [00:23<00:00,  3.72it/s, loss=1.763]
  epoch 2/3: 100%|██████████| 88/88 [00:23<00:00,  4.01it/s, loss=1.763]
                                                                        

  epoch 3/3:   0%|          | 0/88 [00:00<?, ?it/s]
  epoch 3/3:   0%|          | 0/88 [00:00<?, ?it/s, loss=1.765]
  epoch 3/3:   1%|          | 1/88 [00:00<00:44,  1.94it/s, loss=1.765]
  epoch 3/3:   1%|          | 1/88 [00:00<00:44,  1.94it/s, loss=1.793]
  epoch 3/3:   2%|▏         | 2/88 [00:00<00:31,  2.72it/s, loss=1.793]
  epoch 3/3:   2%|▏         | 2/88 [00:01<00:31,  2.72it/s, loss=1.784]
  epoch 3/3:   3%|▎         | 3/88 [00:01<00:27,  3.13it/s, loss=1.784]
  epoch 3/3:   3%|▎         | 3/88 [00:01<00:27,  3.13it/s, loss=1.774]
  epoch 3/3:   5%|▍         | 4/88 [00:01<00:25,  3.36it/s, loss=1.774]
  epoch 3/3:   5%|▍         | 4/88 [00:01<00:25,  3.36it/s, loss=1.752]
  epoch 3/3:   6%|▌         | 5/88 [00:01<00:23,  3.48it/s, loss=1.752]
  epoch 3/3:   6%|▌         | 5/88 [00:01<00:23,  3.48it/s, loss=1.757]
  epoch 3/3:   7%|▋         | 6/88 [00:01<00:23,  3.57it/s, loss=1.757]
  epoch 3/3:   7%|▋         | 6/88 [00:02<00:23,  3.57it/s, loss=1.754]
  epoch 3/3:   8%|▊         | 7/88 [00:02<00:22,  3.62it/s, loss=1.754]
  epoch 3/3:   8%|▊         | 7/88 [00:02<00:22,  3.62it/s, loss=1.762]
  epoch 3/3:   9%|▉         | 8/88 [00:02<00:21,  3.64it/s, loss=1.762]
  epoch 3/3:   9%|▉         | 8/88 [00:02<00:21,  3.64it/s, loss=1.754]
  epoch 3/3:  10%|█         | 9/88 [00:02<00:21,  3.68it/s, loss=1.754]
  epoch 3/3:  10%|█         | 9/88 [00:02<00:21,  3.68it/s, loss=1.756]
  epoch 3/3:  11%|█▏        | 10/88 [00:02<00:21,  3.71it/s, loss=1.756]
  epoch 3/3:  11%|█▏        | 10/88 [00:03<00:21,  3.71it/s, loss=1.750]
  epoch 3/3:  12%|█▎        | 11/88 [00:03<00:20,  3.72it/s, loss=1.750]
  epoch 3/3:  12%|█▎        | 11/88 [00:03<00:20,  3.72it/s, loss=1.749]
  epoch 3/3:  14%|█▎        | 12/88 [00:03<00:20,  3.72it/s, loss=1.749]
  epoch 3/3:  14%|█▎        | 12/88 [00:03<00:20,  3.72it/s, loss=1.748]
  epoch 3/3:  15%|█▍        | 13/88 [00:03<00:20,  3.72it/s, loss=1.748]
  epoch 3/3:  15%|█▍        | 13/88 [00:03<00:20,  3.72it/s, loss=1.751]
  epoch 3/3:  16%|█▌        | 14/88 [00:03<00:19,  3.74it/s, loss=1.751]
  epoch 3/3:  16%|█▌        | 14/88 [00:04<00:19,  3.74it/s, loss=1.750]
  epoch 3/3:  17%|█▋        | 15/88 [00:04<00:19,  3.73it/s, loss=1.750]
  epoch 3/3:  17%|█▋        | 15/88 [00:04<00:19,  3.73it/s, loss=1.751]
  epoch 3/3:  18%|█▊        | 16/88 [00:04<00:19,  3.68it/s, loss=1.751]
  epoch 3/3:  18%|█▊        | 16/88 [00:04<00:19,  3.68it/s, loss=1.746]
  epoch 3/3:  19%|█▉        | 17/88 [00:04<00:19,  3.71it/s, loss=1.746]
  epoch 3/3:  19%|█▉        | 17/88 [00:05<00:19,  3.71it/s, loss=1.739]
  epoch 3/3:  20%|██        | 18/88 [00:05<00:18,  3.73it/s, loss=1.739]
  epoch 3/3:  20%|██        | 18/88 [00:05<00:18,  3.73it/s, loss=1.733]
  epoch 3/3:  22%|██▏       | 19/88 [00:05<00:18,  3.74it/s, loss=1.733]
  epoch 3/3:  22%|██▏       | 19/88 [00:05<00:18,  3.74it/s, loss=1.729]
  epoch 3/3:  23%|██▎       | 20/88 [00:05<00:18,  3.73it/s, loss=1.729]
  epoch 3/3:  23%|██▎       | 20/88 [00:05<00:18,  3.73it/s, loss=1.721]
  epoch 3/3:  24%|██▍       | 21/88 [00:05<00:18,  3.71it/s, loss=1.721]
  epoch 3/3:  24%|██▍       | 21/88 [00:06<00:18,  3.71it/s, loss=1.730]
  epoch 3/3:  25%|██▌       | 22/88 [00:06<00:17,  3.73it/s, loss=1.730]
  epoch 3/3:  25%|██▌       | 22/88 [00:06<00:17,  3.73it/s, loss=1.730]
  epoch 3/3:  26%|██▌       | 23/88 [00:06<00:17,  3.74it/s, loss=1.730]
  epoch 3/3:  26%|██▌       | 23/88 [00:06<00:17,  3.74it/s, loss=1.733]
  epoch 3/3:  27%|██▋       | 24/88 [00:06<00:17,  3.74it/s, loss=1.733]
  epoch 3/3:  27%|██▋       | 24/88 [00:06<00:17,  3.74it/s, loss=1.732]
  epoch 3/3:  28%|██▊       | 25/88 [00:06<00:16,  3.74it/s, loss=1.732]
  epoch 3/3:  28%|██▊       | 25/88 [00:07<00:16,  3.74it/s, loss=1.734]
  epoch 3/3:  30%|██▉       | 26/88 [00:07<00:16,  3.73it/s, loss=1.734]
  epoch 3/3:  30%|██▉       | 26/88 [00:07<00:16,  3.73it/s, loss=1.734]
  epoch 3/3:  31%|███       | 27/88 [00:07<00:16,  3.73it/s, loss=1.734]
  epoch 3/3:  31%|███       | 27/88 [00:07<00:16,  3.73it/s, loss=1.736]
  epoch 3/3:  32%|███▏      | 28/88 [00:07<00:16,  3.73it/s, loss=1.736]
  epoch 3/3:  32%|███▏      | 28/88 [00:08<00:16,  3.73it/s, loss=1.736]
  epoch 3/3:  33%|███▎      | 29/88 [00:08<00:15,  3.73it/s, loss=1.736]
  epoch 3/3:  33%|███▎      | 29/88 [00:08<00:15,  3.73it/s, loss=1.738]
  epoch 3/3:  34%|███▍      | 30/88 [00:08<00:15,  3.72it/s, loss=1.738]
  epoch 3/3:  34%|███▍      | 30/88 [00:08<00:15,  3.72it/s, loss=1.736]
  epoch 3/3:  35%|███▌      | 31/88 [00:08<00:15,  3.71it/s, loss=1.736]
  epoch 3/3:  35%|███▌      | 31/88 [00:08<00:15,  3.71it/s, loss=1.733]
  epoch 3/3:  36%|███▋      | 32/88 [00:08<00:15,  3.65it/s, loss=1.733]
  epoch 3/3:  36%|███▋      | 32/88 [00:09<00:15,  3.65it/s, loss=1.737]
  epoch 3/3:  38%|███▊      | 33/88 [00:09<00:14,  3.67it/s, loss=1.737]
  epoch 3/3:  38%|███▊      | 33/88 [00:09<00:14,  3.67it/s, loss=1.742]
  epoch 3/3:  39%|███▊      | 34/88 [00:09<00:14,  3.68it/s, loss=1.742]
  epoch 3/3:  39%|███▊      | 34/88 [00:09<00:14,  3.68it/s, loss=1.741]
  epoch 3/3:  40%|███▉      | 35/88 [00:09<00:14,  3.70it/s, loss=1.741]
  epoch 3/3:  40%|███▉      | 35/88 [00:09<00:14,  3.70it/s, loss=1.742]
  epoch 3/3:  41%|████      | 36/88 [00:09<00:14,  3.71it/s, loss=1.742]
  epoch 3/3:  41%|████      | 36/88 [00:10<00:14,  3.71it/s, loss=1.743]
  epoch 3/3:  42%|████▏     | 37/88 [00:10<00:13,  3.71it/s, loss=1.743]
  epoch 3/3:  42%|████▏     | 37/88 [00:10<00:13,  3.71it/s, loss=1.741]
  epoch 3/3:  43%|████▎     | 38/88 [00:10<00:13,  3.70it/s, loss=1.741]
  epoch 3/3:  43%|████▎     | 38/88 [00:10<00:13,  3.70it/s, loss=1.743]
  epoch 3/3:  44%|████▍     | 39/88 [00:10<00:13,  3.70it/s, loss=1.743]
  epoch 3/3:  44%|████▍     | 39/88 [00:10<00:13,  3.70it/s, loss=1.745]
  epoch 3/3:  45%|████▌     | 40/88 [00:10<00:12,  3.70it/s, loss=1.745]
  epoch 3/3:  45%|████▌     | 40/88 [00:11<00:12,  3.70it/s, loss=1.744]
  epoch 3/3:  47%|████▋     | 41/88 [00:11<00:12,  3.71it/s, loss=1.744]
  epoch 3/3:  47%|████▋     | 41/88 [00:11<00:12,  3.71it/s, loss=1.743]
  epoch 3/3:  48%|████▊     | 42/88 [00:11<00:12,  3.72it/s, loss=1.743]
  epoch 3/3:  48%|████▊     | 42/88 [00:11<00:12,  3.72it/s, loss=1.741]
  epoch 3/3:  49%|████▉     | 43/88 [00:11<00:12,  3.72it/s, loss=1.741]
  epoch 3/3:  49%|████▉     | 43/88 [00:12<00:12,  3.72it/s, loss=1.741]
  epoch 3/3:  50%|█████     | 44/88 [00:12<00:11,  3.71it/s, loss=1.741]
  epoch 3/3:  50%|█████     | 44/88 [00:12<00:11,  3.71it/s, loss=1.742]
  epoch 3/3:  51%|█████     | 45/88 [00:12<00:11,  3.72it/s, loss=1.742]
  epoch 3/3:  51%|█████     | 45/88 [00:12<00:11,  3.72it/s, loss=1.741]
  epoch 3/3:  52%|█████▏    | 46/88 [00:12<00:11,  3.73it/s, loss=1.741]
  epoch 3/3:  52%|█████▏    | 46/88 [00:12<00:11,  3.73it/s, loss=1.743]
  epoch 3/3:  53%|█████▎    | 47/88 [00:12<00:11,  3.70it/s, loss=1.743]
  epoch 3/3:  53%|█████▎    | 47/88 [00:13<00:11,  3.70it/s, loss=1.742]
  epoch 3/3:  55%|█████▍    | 48/88 [00:13<00:10,  3.66it/s, loss=1.742]
  epoch 3/3:  55%|█████▍    | 48/88 [00:13<00:10,  3.66it/s, loss=1.740]
  epoch 3/3:  56%|█████▌    | 49/88 [00:13<00:10,  3.68it/s, loss=1.740]
  epoch 3/3:  56%|█████▌    | 49/88 [00:13<00:10,  3.68it/s, loss=1.741]
  epoch 3/3:  57%|█████▋    | 50/88 [00:13<00:10,  3.70it/s, loss=1.741]
  epoch 3/3:  57%|█████▋    | 50/88 [00:13<00:10,  3.70it/s, loss=1.741]
  epoch 3/3:  58%|█████▊    | 51/88 [00:13<00:09,  3.71it/s, loss=1.741]
  epoch 3/3:  58%|█████▊    | 51/88 [00:14<00:09,  3.71it/s, loss=1.738]
  epoch 3/3:  59%|█████▉    | 52/88 [00:14<00:09,  3.71it/s, loss=1.738]
  epoch 3/3:  59%|█████▉    | 52/88 [00:14<00:09,  3.71it/s, loss=1.738]
  epoch 3/3:  60%|██████    | 53/88 [00:14<00:09,  3.70it/s, loss=1.738]
  epoch 3/3:  60%|██████    | 53/88 [00:14<00:09,  3.70it/s, loss=1.738]
  epoch 3/3:  61%|██████▏   | 54/88 [00:14<00:09,  3.72it/s, loss=1.738]
  epoch 3/3:  61%|██████▏   | 54/88 [00:15<00:09,  3.72it/s, loss=1.739]
  epoch 3/3:  62%|██████▎   | 55/88 [00:15<00:08,  3.72it/s, loss=1.739]
  epoch 3/3:  62%|██████▎   | 55/88 [00:15<00:08,  3.72it/s, loss=1.738]
  epoch 3/3:  64%|██████▎   | 56/88 [00:15<00:08,  3.70it/s, loss=1.738]
  epoch 3/3:  64%|██████▎   | 56/88 [00:15<00:08,  3.70it/s, loss=1.740]
  epoch 3/3:  65%|██████▍   | 57/88 [00:15<00:08,  3.71it/s, loss=1.740]
  epoch 3/3:  65%|██████▍   | 57/88 [00:15<00:08,  3.71it/s, loss=1.740]
  epoch 3/3:  66%|██████▌   | 58/88 [00:15<00:08,  3.71it/s, loss=1.740]
  epoch 3/3:  66%|██████▌   | 58/88 [00:16<00:08,  3.71it/s, loss=1.740]
  epoch 3/3:  67%|██████▋   | 59/88 [00:16<00:07,  3.70it/s, loss=1.740]
  epoch 3/3:  67%|██████▋   | 59/88 [00:16<00:07,  3.70it/s, loss=1.741]
  epoch 3/3:  68%|██████▊   | 60/88 [00:16<00:07,  3.71it/s, loss=1.741]
  epoch 3/3:  68%|██████▊   | 60/88 [00:16<00:07,  3.71it/s, loss=1.741]
  epoch 3/3:  69%|██████▉   | 61/88 [00:16<00:07,  3.71it/s, loss=1.741]
  epoch 3/3:  69%|██████▉   | 61/88 [00:16<00:07,  3.71it/s, loss=1.739]
  epoch 3/3:  70%|███████   | 62/88 [00:16<00:07,  3.71it/s, loss=1.739]
  epoch 3/3:  70%|███████   | 62/88 [00:17<00:07,  3.71it/s, loss=1.739]
  epoch 3/3:  72%|███████▏  | 63/88 [00:17<00:06,  3.72it/s, loss=1.739]
  epoch 3/3:  72%|███████▏  | 63/88 [00:17<00:06,  3.72it/s, loss=1.738]
  epoch 3/3:  73%|███████▎  | 64/88 [00:17<00:06,  3.66it/s, loss=1.738]
  epoch 3/3:  73%|███████▎  | 64/88 [00:17<00:06,  3.66it/s, loss=1.737]
  epoch 3/3:  74%|███████▍  | 65/88 [00:17<00:06,  3.69it/s, loss=1.737]
  epoch 3/3:  74%|███████▍  | 65/88 [00:18<00:06,  3.69it/s, loss=1.736]
  epoch 3/3:  75%|███████▌  | 66/88 [00:18<00:05,  3.68it/s, loss=1.736]
  epoch 3/3:  75%|███████▌  | 66/88 [00:18<00:05,  3.68it/s, loss=1.736]
  epoch 3/3:  76%|███████▌  | 67/88 [00:18<00:05,  3.68it/s, loss=1.736]
  epoch 3/3:  76%|███████▌  | 67/88 [00:18<00:05,  3.68it/s, loss=1.733]
  epoch 3/3:  77%|███████▋  | 68/88 [00:18<00:05,  3.69it/s, loss=1.733]
  epoch 3/3:  77%|███████▋  | 68/88 [00:18<00:05,  3.69it/s, loss=1.735]
  epoch 3/3:  78%|███████▊  | 69/88 [00:18<00:05,  3.69it/s, loss=1.735]
  epoch 3/3:  78%|███████▊  | 69/88 [00:19<00:05,  3.69it/s, loss=1.736]
  epoch 3/3:  80%|███████▉  | 70/88 [00:19<00:04,  3.69it/s, loss=1.736]
  epoch 3/3:  80%|███████▉  | 70/88 [00:19<00:04,  3.69it/s, loss=1.735]
  epoch 3/3:  81%|████████  | 71/88 [00:19<00:04,  3.71it/s, loss=1.735]
  epoch 3/3:  81%|████████  | 71/88 [00:19<00:04,  3.71it/s, loss=1.734]
  epoch 3/3:  82%|████████▏ | 72/88 [00:19<00:04,  3.69it/s, loss=1.734]
  epoch 3/3:  82%|████████▏ | 72/88 [00:19<00:04,  3.69it/s, loss=1.733]
  epoch 3/3:  83%|████████▎ | 73/88 [00:19<00:04,  3.70it/s, loss=1.733]
  epoch 3/3:  83%|████████▎ | 73/88 [00:20<00:04,  3.70it/s, loss=1.734]
  epoch 3/3:  84%|████████▍ | 74/88 [00:20<00:03,  3.70it/s, loss=1.734]
  epoch 3/3:  84%|████████▍ | 74/88 [00:20<00:03,  3.70it/s, loss=1.735]
  epoch 3/3:  85%|████████▌ | 75/88 [00:20<00:03,  3.70it/s, loss=1.735]
  epoch 3/3:  85%|████████▌ | 75/88 [00:20<00:03,  3.70it/s, loss=1.734]
  epoch 3/3:  86%|████████▋ | 76/88 [00:20<00:03,  3.70it/s, loss=1.734]
  epoch 3/3:  86%|████████▋ | 76/88 [00:20<00:03,  3.70it/s, loss=1.734]
  epoch 3/3:  88%|████████▊ | 77/88 [00:20<00:02,  3.70it/s, loss=1.734]
  epoch 3/3:  88%|████████▊ | 77/88 [00:21<00:02,  3.70it/s, loss=1.735]
  epoch 3/3:  89%|████████▊ | 78/88 [00:21<00:02,  3.69it/s, loss=1.735]
  epoch 3/3:  89%|████████▊ | 78/88 [00:21<00:02,  3.69it/s, loss=1.732]
  epoch 3/3:  90%|████████▉ | 79/88 [00:21<00:02,  3.71it/s, loss=1.732]
  epoch 3/3:  90%|████████▉ | 79/88 [00:21<00:02,  3.71it/s, loss=1.733]
  epoch 3/3:  91%|█████████ | 80/88 [00:21<00:02,  3.65it/s, loss=1.733]
  epoch 3/3:  91%|█████████ | 80/88 [00:22<00:02,  3.65it/s, loss=1.734]
  epoch 3/3:  92%|█████████▏| 81/88 [00:22<00:01,  3.69it/s, loss=1.734]
  epoch 3/3:  92%|█████████▏| 81/88 [00:22<00:01,  3.69it/s, loss=1.735]
  epoch 3/3:  93%|█████████▎| 82/88 [00:22<00:01,  3.69it/s, loss=1.735]
  epoch 3/3:  93%|█████████▎| 82/88 [00:22<00:01,  3.69it/s, loss=1.735]
  epoch 3/3:  94%|█████████▍| 83/88 [00:22<00:01,  3.70it/s, loss=1.735]
  epoch 3/3:  94%|█████████▍| 83/88 [00:22<00:01,  3.70it/s, loss=1.736]
  epoch 3/3:  95%|█████████▌| 84/88 [00:22<00:01,  3.70it/s, loss=1.736]
  epoch 3/3:  95%|█████████▌| 84/88 [00:23<00:01,  3.70it/s, loss=1.737]
  epoch 3/3:  97%|█████████▋| 85/88 [00:23<00:00,  3.73it/s, loss=1.737]
  epoch 3/3:  97%|█████████▋| 85/88 [00:23<00:00,  3.73it/s, loss=1.737]
  epoch 3/3:  98%|█████████▊| 86/88 [00:23<00:00,  3.74it/s, loss=1.737]
  epoch 3/3:  98%|█████████▊| 86/88 [00:23<00:00,  3.74it/s, loss=1.738]
  epoch 3/3:  99%|█████████▉| 87/88 [00:23<00:00,  3.73it/s, loss=1.738]
  epoch 3/3:  99%|█████████▉| 87/88 [00:23<00:00,  3.73it/s, loss=1.738]
  epoch 3/3: 100%|██████████| 88/88 [00:23<00:00,  4.06it/s, loss=1.738]
                                                                        
[titans] reset=never | norm(state) sau task = 143.7508
[titans]   self-mod v:β=1.00 |W|=0.03
[titans]   eta_t(avg)=0.1848  alpha_t/forget-gate(avg)=0.5814
[task 2] test acc so far: 0.097  0.209  0.003
[task 2] NCM-head acc so far: 0.737  0.800  0.851
[task 3] classes=[10, 17, 21, 26, 41] | train=2800

  epoch 1/3:   0%|          | 0/88 [00:00<?, ?it/s]
  epoch 1/3:   0%|          | 0/88 [00:00<?, ?it/s, loss=1.502]
  epoch 1/3:   1%|          | 1/88 [00:00<00:44,  1.96it/s, loss=1.502]
  epoch 1/3:   1%|          | 1/88 [00:00<00:44,  1.96it/s, loss=1.523]
  epoch 1/3:   2%|▏         | 2/88 [00:00<00:31,  2.73it/s, loss=1.523]
  epoch 1/3:   2%|▏         | 2/88 [00:01<00:31,  2.73it/s, loss=1.548]
  epoch 1/3:   3%|▎         | 3/88 [00:01<00:27,  3.12it/s, loss=1.548]
  epoch 1/3:   3%|▎         | 3/88 [00:01<00:27,  3.12it/s, loss=1.522]
  epoch 1/3:   5%|▍         | 4/88 [00:01<00:25,  3.33it/s, loss=1.522]
  epoch 1/3:   5%|▍         | 4/88 [00:01<00:25,  3.33it/s, loss=1.502]
  epoch 1/3:   6%|▌         | 5/88 [00:01<00:24,  3.45it/s, loss=1.502]
  epoch 1/3:   6%|▌         | 5/88 [00:01<00:24,  3.45it/s, loss=1.497]
  epoch 1/3:   7%|▋         | 6/88 [00:01<00:23,  3.54it/s, loss=1.497]
  epoch 1/3:   7%|▋         | 6/88 [00:02<00:23,  3.54it/s, loss=1.489]
  epoch 1/3:   8%|▊         | 7/88 [00:02<00:22,  3.61it/s, loss=1.489]
  epoch 1/3:   8%|▊         | 7/88 [00:02<00:22,  3.61it/s, loss=1.488]
  epoch 1/3:   9%|▉         | 8/88 [00:02<00:22,  3.60it/s, loss=1.488]
  epoch 1/3:   9%|▉         | 8/88 [00:02<00:22,  3.60it/s, loss=1.496]
  epoch 1/3:  10%|█         | 9/88 [00:02<00:21,  3.65it/s, loss=1.496]
  epoch 1/3:  10%|█         | 9/88 [00:02<00:21,  3.65it/s, loss=1.512]
  epoch 1/3:  11%|█▏        | 10/88 [00:02<00:21,  3.69it/s, loss=1.512]
  epoch 1/3:  11%|█▏        | 10/88 [00:03<00:21,  3.69it/s, loss=1.527]
  epoch 1/3:  12%|█▎        | 11/88 [00:03<00:20,  3.72it/s, loss=1.527]
  epoch 1/3:  12%|█▎        | 11/88 [00:03<00:20,  3.72it/s, loss=1.543]
  epoch 1/3:  14%|█▎        | 12/88 [00:03<00:20,  3.71it/s, loss=1.543]
  epoch 1/3:  14%|█▎        | 12/88 [00:03<00:20,  3.71it/s, loss=1.538]
  epoch 1/3:  15%|█▍        | 13/88 [00:03<00:20,  3.71it/s, loss=1.538]
  epoch 1/3:  15%|█▍        | 13/88 [00:03<00:20,  3.71it/s, loss=1.535]
  epoch 1/3:  16%|█▌        | 14/88 [00:03<00:19,  3.72it/s, loss=1.535]
  epoch 1/3:  16%|█▌        | 14/88 [00:04<00:19,  3.72it/s, loss=1.531]
  epoch 1/3:  17%|█▋        | 15/88 [00:04<00:19,  3.73it/s, loss=1.531]
  epoch 1/3:  17%|█▋        | 15/88 [00:04<00:19,  3.73it/s, loss=1.530]
  epoch 1/3:  18%|█▊        | 16/88 [00:04<00:19,  3.72it/s, loss=1.530]
  epoch 1/3:  18%|█▊        | 16/88 [00:04<00:19,  3.72it/s, loss=1.525]
  epoch 1/3:  19%|█▉        | 17/88 [00:04<00:19,  3.71it/s, loss=1.525]
  epoch 1/3:  19%|█▉        | 17/88 [00:05<00:19,  3.71it/s, loss=1.518]
  epoch 1/3:  20%|██        | 18/88 [00:05<00:18,  3.73it/s, loss=1.518]
  epoch 1/3:  20%|██        | 18/88 [00:05<00:18,  3.73it/s, loss=1.515]
  epoch 1/3:  22%|██▏       | 19/88 [00:05<00:18,  3.74it/s, loss=1.515]
  epoch 1/3:  22%|██▏       | 19/88 [00:05<00:18,  3.74it/s, loss=1.510]
  epoch 1/3:  23%|██▎       | 20/88 [00:05<00:18,  3.73it/s, loss=1.510]
  epoch 1/3:  23%|██▎       | 20/88 [00:05<00:18,  3.73it/s, loss=1.509]
  epoch 1/3:  24%|██▍       | 21/88 [00:05<00:17,  3.73it/s, loss=1.509]
  epoch 1/3:  24%|██▍       | 21/88 [00:06<00:17,  3.73it/s, loss=1.511]
  epoch 1/3:  25%|██▌       | 22/88 [00:06<00:17,  3.72it/s, loss=1.511]
  epoch 1/3:  25%|██▌       | 22/88 [00:06<00:17,  3.72it/s, loss=1.512]
  epoch 1/3:  26%|██▌       | 23/88 [00:06<00:17,  3.73it/s, loss=1.512]
  epoch 1/3:  26%|██▌       | 23/88 [00:06<00:17,  3.73it/s, loss=1.506]
  epoch 1/3:  27%|██▋       | 24/88 [00:06<00:17,  3.67it/s, loss=1.506]
  epoch 1/3:  27%|██▋       | 24/88 [00:06<00:17,  3.67it/s, loss=1.511]
  epoch 1/3:  28%|██▊       | 25/88 [00:06<00:16,  3.71it/s, loss=1.511]
  epoch 1/3:  28%|██▊       | 25/88 [00:07<00:16,  3.71it/s, loss=1.513]
  epoch 1/3:  30%|██▉       | 26/88 [00:07<00:16,  3.73it/s, loss=1.513]
  epoch 1/3:  30%|██▉       | 26/88 [00:07<00:16,  3.73it/s, loss=1.510]
  epoch 1/3:  31%|███       | 27/88 [00:07<00:16,  3.75it/s, loss=1.510]
  epoch 1/3:  31%|███       | 27/88 [00:07<00:16,  3.75it/s, loss=1.510]
  epoch 1/3:  32%|███▏      | 28/88 [00:07<00:16,  3.74it/s, loss=1.510]
  epoch 1/3:  32%|███▏      | 28/88 [00:08<00:16,  3.74it/s, loss=1.509]
  epoch 1/3:  33%|███▎      | 29/88 [00:08<00:15,  3.74it/s, loss=1.509]
  epoch 1/3:  33%|███▎      | 29/88 [00:08<00:15,  3.74it/s, loss=1.513]
  epoch 1/3:  34%|███▍      | 30/88 [00:08<00:15,  3.73it/s, loss=1.513]
  epoch 1/3:  34%|███▍      | 30/88 [00:08<00:15,  3.73it/s, loss=1.507]
  epoch 1/3:  35%|███▌      | 31/88 [00:08<00:15,  3.73it/s, loss=1.507]
  epoch 1/3:  35%|███▌      | 31/88 [00:08<00:15,  3.73it/s, loss=1.509]
  epoch 1/3:  36%|███▋      | 32/88 [00:08<00:15,  3.72it/s, loss=1.509]
  epoch 1/3:  36%|███▋      | 32/88 [00:09<00:15,  3.72it/s, loss=1.511]
  epoch 1/3:  38%|███▊      | 33/88 [00:09<00:14,  3.71it/s, loss=1.511]
  epoch 1/3:  38%|███▊      | 33/88 [00:09<00:14,  3.71it/s, loss=1.509]
  epoch 1/3:  39%|███▊      | 34/88 [00:09<00:14,  3.73it/s, loss=1.509]
  epoch 1/3:  39%|███▊      | 34/88 [00:09<00:14,  3.73it/s, loss=1.508]
  epoch 1/3:  40%|███▉      | 35/88 [00:09<00:14,  3.74it/s, loss=1.508]
  epoch 1/3:  40%|███▉      | 35/88 [00:09<00:14,  3.74it/s, loss=1.509]
  epoch 1/3:  41%|████      | 36/88 [00:09<00:13,  3.74it/s, loss=1.509]
  epoch 1/3:  41%|████      | 36/88 [00:10<00:13,  3.74it/s, loss=1.506]
  epoch 1/3:  42%|████▏     | 37/88 [00:10<00:13,  3.74it/s, loss=1.506]
  epoch 1/3:  42%|████▏     | 37/88 [00:10<00:13,  3.74it/s, loss=1.506]
  epoch 1/3:  43%|████▎     | 38/88 [00:10<00:13,  3.73it/s, loss=1.506]
  epoch 1/3:  43%|████▎     | 38/88 [00:10<00:13,  3.73it/s, loss=1.504]
  epoch 1/3:  44%|████▍     | 39/88 [00:10<00:13,  3.74it/s, loss=1.504]
  epoch 1/3:  44%|████▍     | 39/88 [00:10<00:13,  3.74it/s, loss=1.506]
  epoch 1/3:  45%|████▌     | 40/88 [00:10<00:12,  3.69it/s, loss=1.506]
  epoch 1/3:  45%|████▌     | 40/88 [00:11<00:12,  3.69it/s, loss=1.506]
  epoch 1/3:  47%|████▋     | 41/88 [00:11<00:12,  3.70it/s, loss=1.506]
  epoch 1/3:  47%|████▋     | 41/88 [00:11<00:12,  3.70it/s, loss=1.509]
  epoch 1/3:  48%|████▊     | 42/88 [00:11<00:12,  3.73it/s, loss=1.509]
  epoch 1/3:  48%|████▊     | 42/88 [00:11<00:12,  3.73it/s, loss=1.509]
  epoch 1/3:  49%|████▉     | 43/88 [00:11<00:12,  3.74it/s, loss=1.509]
  epoch 1/3:  49%|████▉     | 43/88 [00:12<00:12,  3.74it/s, loss=1.511]
  epoch 1/3:  50%|█████     | 44/88 [00:12<00:11,  3.74it/s, loss=1.511]
  epoch 1/3:  50%|█████     | 44/88 [00:12<00:11,  3.74it/s, loss=1.511]
  epoch 1/3:  51%|█████     | 45/88 [00:12<00:11,  3.73it/s, loss=1.511]
  epoch 1/3:  51%|█████     | 45/88 [00:12<00:11,  3.73it/s, loss=1.514]
  epoch 1/3:  52%|█████▏    | 46/88 [00:12<00:11,  3.72it/s, loss=1.514]
  epoch 1/3:  52%|█████▏    | 46/88 [00:12<00:11,  3.72it/s, loss=1.513]
  epoch 1/3:  53%|█████▎    | 47/88 [00:12<00:10,  3.75it/s, loss=1.513]
  epoch 1/3:  53%|█████▎    | 47/88 [00:13<00:10,  3.75it/s, loss=1.512]
  epoch 1/3:  55%|█████▍    | 48/88 [00:13<00:10,  3.75it/s, loss=1.512]
  epoch 1/3:  55%|█████▍    | 48/88 [00:13<00:10,  3.75it/s, loss=1.512]
  epoch 1/3:  56%|█████▌    | 49/88 [00:13<00:10,  3.74it/s, loss=1.512]
  epoch 1/3:  56%|█████▌    | 49/88 [00:13<00:10,  3.74it/s, loss=1.514]
  epoch 1/3:  57%|█████▋    | 50/88 [00:13<00:10,  3.73it/s, loss=1.514]
  epoch 1/3:  57%|█████▋    | 50/88 [00:13<00:10,  3.73it/s, loss=1.518]
  epoch 1/3:  58%|█████▊    | 51/88 [00:13<00:09,  3.73it/s, loss=1.518]
  epoch 1/3:  58%|█████▊    | 51/88 [00:14<00:09,  3.73it/s, loss=1.518]
  epoch 1/3:  59%|█████▉    | 52/88 [00:14<00:09,  3.75it/s, loss=1.518]
  epoch 1/3:  59%|█████▉    | 52/88 [00:14<00:09,  3.75it/s, loss=1.518]
  epoch 1/3:  60%|██████    | 53/88 [00:14<00:09,  3.76it/s, loss=1.518]
  epoch 1/3:  60%|██████    | 53/88 [00:14<00:09,  3.76it/s, loss=1.516]
  epoch 1/3:  61%|██████▏   | 54/88 [00:14<00:09,  3.76it/s, loss=1.516]
  epoch 1/3:  61%|██████▏   | 54/88 [00:14<00:09,  3.76it/s, loss=1.515]
  epoch 1/3:  62%|██████▎   | 55/88 [00:14<00:08,  3.75it/s, loss=1.515]
  epoch 1/3:  62%|██████▎   | 55/88 [00:15<00:08,  3.75it/s, loss=1.513]
  epoch 1/3:  64%|██████▎   | 56/88 [00:15<00:08,  3.69it/s, loss=1.513]
  epoch 1/3:  64%|██████▎   | 56/88 [00:15<00:08,  3.69it/s, loss=1.513]
  epoch 1/3:  65%|██████▍   | 57/88 [00:15<00:08,  3.71it/s, loss=1.513]
  epoch 1/3:  65%|██████▍   | 57/88 [00:15<00:08,  3.71it/s, loss=1.511]
  epoch 1/3:  66%|██████▌   | 58/88 [00:15<00:08,  3.71it/s, loss=1.511]
  epoch 1/3:  66%|██████▌   | 58/88 [00:16<00:08,  3.71it/s, loss=1.511]
  epoch 1/3:  67%|██████▋   | 59/88 [00:16<00:07,  3.72it/s, loss=1.511]
  epoch 1/3:  67%|██████▋   | 59/88 [00:16<00:07,  3.72it/s, loss=1.510]
  epoch 1/3:  68%|██████▊   | 60/88 [00:16<00:07,  3.74it/s, loss=1.510]
  epoch 1/3:  68%|██████▊   | 60/88 [00:16<00:07,  3.74it/s, loss=1.509]
  epoch 1/3:  69%|██████▉   | 61/88 [00:16<00:07,  3.74it/s, loss=1.509]
  epoch 1/3:  69%|██████▉   | 61/88 [00:16<00:07,  3.74it/s, loss=1.508]
  epoch 1/3:  70%|███████   | 62/88 [00:16<00:06,  3.73it/s, loss=1.508]
  epoch 1/3:  70%|███████   | 62/88 [00:17<00:06,  3.73it/s, loss=1.508]
  epoch 1/3:  72%|███████▏  | 63/88 [00:17<00:06,  3.73it/s, loss=1.508]
  epoch 1/3:  72%|███████▏  | 63/88 [00:17<00:06,  3.73it/s, loss=1.506]
  epoch 1/3:  73%|███████▎  | 64/88 [00:17<00:06,  3.73it/s, loss=1.506]
  epoch 1/3:  73%|███████▎  | 64/88 [00:17<00:06,  3.73it/s, loss=1.504]
  epoch 1/3:  74%|███████▍  | 65/88 [00:17<00:06,  3.73it/s, loss=1.504]
  epoch 1/3:  74%|███████▍  | 65/88 [00:17<00:06,  3.73it/s, loss=1.503]
  epoch 1/3:  75%|███████▌  | 66/88 [00:17<00:05,  3.73it/s, loss=1.503]
  epoch 1/3:  75%|███████▌  | 66/88 [00:18<00:05,  3.73it/s, loss=1.501]
  epoch 1/3:  76%|███████▌  | 67/88 [00:18<00:05,  3.74it/s, loss=1.501]
  epoch 1/3:  76%|███████▌  | 67/88 [00:18<00:05,  3.74it/s, loss=1.498]
  epoch 1/3:  77%|███████▋  | 68/88 [00:18<00:05,  3.73it/s, loss=1.498]
  epoch 1/3:  77%|███████▋  | 68/88 [00:18<00:05,  3.73it/s, loss=1.498]
  epoch 1/3:  78%|███████▊  | 69/88 [00:18<00:05,  3.74it/s, loss=1.498]
  epoch 1/3:  78%|███████▊  | 69/88 [00:19<00:05,  3.74it/s, loss=1.496]
  epoch 1/3:  80%|███████▉  | 70/88 [00:19<00:04,  3.75it/s, loss=1.496]
  epoch 1/3:  80%|███████▉  | 70/88 [00:19<00:04,  3.75it/s, loss=1.497]
  epoch 1/3:  81%|████████  | 71/88 [00:19<00:04,  3.74it/s, loss=1.497]
  epoch 1/3:  81%|████████  | 71/88 [00:19<00:04,  3.74it/s, loss=1.496]
  epoch 1/3:  82%|████████▏ | 72/88 [00:19<00:04,  3.68it/s, loss=1.496]
  epoch 1/3:  82%|████████▏ | 72/88 [00:19<00:04,  3.68it/s, loss=1.497]
  epoch 1/3:  83%|████████▎ | 73/88 [00:19<00:04,  3.70it/s, loss=1.497]
  epoch 1/3:  83%|████████▎ | 73/88 [00:20<00:04,  3.70it/s, loss=1.499]
  epoch 1/3:  84%|████████▍ | 74/88 [00:20<00:03,  3.70it/s, loss=1.499]
  epoch 1/3:  84%|████████▍ | 74/88 [00:20<00:03,  3.70it/s, loss=1.500]
  epoch 1/3:  85%|████████▌ | 75/88 [00:20<00:03,  3.72it/s, loss=1.500]
  epoch 1/3:  85%|████████▌ | 75/88 [00:20<00:03,  3.72it/s, loss=1.500]
  epoch 1/3:  86%|████████▋ | 76/88 [00:20<00:03,  3.75it/s, loss=1.500]
  epoch 1/3:  86%|████████▋ | 76/88 [00:20<00:03,  3.75it/s, loss=1.498]
  epoch 1/3:  88%|████████▊ | 77/88 [00:20<00:02,  3.76it/s, loss=1.498]
  epoch 1/3:  88%|████████▊ | 77/88 [00:21<00:02,  3.76it/s, loss=1.498]
  epoch 1/3:  89%|████████▊ | 78/88 [00:21<00:02,  3.76it/s, loss=1.498]
  epoch 1/3:  89%|████████▊ | 78/88 [00:21<00:02,  3.76it/s, loss=1.499]
  epoch 1/3:  90%|████████▉ | 79/88 [00:21<00:02,  3.77it/s, loss=1.499]
  epoch 1/3:  90%|████████▉ | 79/88 [00:21<00:02,  3.77it/s, loss=1.501]
  epoch 1/3:  91%|█████████ | 80/88 [00:21<00:02,  3.76it/s, loss=1.501]
  epoch 1/3:  91%|█████████ | 80/88 [00:21<00:02,  3.76it/s, loss=1.503]
  epoch 1/3:  92%|█████████▏| 81/88 [00:21<00:01,  3.75it/s, loss=1.503]
  epoch 1/3:  92%|█████████▏| 81/88 [00:22<00:01,  3.75it/s, loss=1.502]
  epoch 1/3:  93%|█████████▎| 82/88 [00:22<00:01,  3.74it/s, loss=1.502]
  epoch 1/3:  93%|█████████▎| 82/88 [00:22<00:01,  3.74it/s, loss=1.502]
  epoch 1/3:  94%|█████████▍| 83/88 [00:22<00:01,  3.75it/s, loss=1.502]
  epoch 1/3:  94%|█████████▍| 83/88 [00:22<00:01,  3.75it/s, loss=1.499]
  epoch 1/3:  95%|█████████▌| 84/88 [00:22<00:01,  3.75it/s, loss=1.499]
  epoch 1/3:  95%|█████████▌| 84/88 [00:23<00:01,  3.75it/s, loss=1.500]
  epoch 1/3:  97%|█████████▋| 85/88 [00:23<00:00,  3.77it/s, loss=1.500]
  epoch 1/3:  97%|█████████▋| 85/88 [00:23<00:00,  3.77it/s, loss=1.500]
  epoch 1/3:  98%|█████████▊| 86/88 [00:23<00:00,  3.76it/s, loss=1.500]
  epoch 1/3:  98%|█████████▊| 86/88 [00:23<00:00,  3.76it/s, loss=1.500]
  epoch 1/3:  99%|█████████▉| 87/88 [00:23<00:00,  3.75it/s, loss=1.500]
  epoch 1/3:  99%|█████████▉| 87/88 [00:23<00:00,  3.75it/s, loss=1.501]
  epoch 1/3: 100%|██████████| 88/88 [00:23<00:00,  4.02it/s, loss=1.501]
                                                                        

  epoch 2/3:   0%|          | 0/88 [00:00<?, ?it/s]
  epoch 2/3:   0%|          | 0/88 [00:00<?, ?it/s, loss=1.424]
  epoch 2/3:   1%|          | 1/88 [00:00<00:43,  2.02it/s, loss=1.424]
  epoch 2/3:   1%|          | 1/88 [00:00<00:43,  2.02it/s, loss=1.520]
  epoch 2/3:   2%|▏         | 2/88 [00:00<00:30,  2.79it/s, loss=1.520]
  epoch 2/3:   2%|▏         | 2/88 [00:01<00:30,  2.79it/s, loss=1.526]
  epoch 2/3:   3%|▎         | 3/88 [00:01<00:26,  3.18it/s, loss=1.526]
  epoch 2/3:   3%|▎         | 3/88 [00:01<00:26,  3.18it/s, loss=1.509]
  epoch 2/3:   5%|▍         | 4/88 [00:01<00:24,  3.38it/s, loss=1.509]
  epoch 2/3:   5%|▍         | 4/88 [00:01<00:24,  3.38it/s, loss=1.491]
  epoch 2/3:   6%|▌         | 5/88 [00:01<00:23,  3.52it/s, loss=1.491]
  epoch 2/3:   6%|▌         | 5/88 [00:01<00:23,  3.52it/s, loss=1.474]
  epoch 2/3:   7%|▋         | 6/88 [00:01<00:22,  3.60it/s, loss=1.474]
  epoch 2/3:   7%|▋         | 6/88 [00:02<00:22,  3.60it/s, loss=1.488]
  epoch 2/3:   8%|▊         | 7/88 [00:02<00:22,  3.65it/s, loss=1.488]
  epoch 2/3:   8%|▊         | 7/88 [00:02<00:22,  3.65it/s, loss=1.466]
  epoch 2/3:   9%|▉         | 8/88 [00:02<00:21,  3.67it/s, loss=1.466]
  epoch 2/3:   9%|▉         | 8/88 [00:02<00:21,  3.67it/s, loss=1.458]
  epoch 2/3:  10%|█         | 9/88 [00:02<00:21,  3.68it/s, loss=1.458]
  epoch 2/3:  10%|█         | 9/88 [00:02<00:21,  3.68it/s, loss=1.460]
  epoch 2/3:  11%|█▏        | 10/88 [00:02<00:21,  3.71it/s, loss=1.460]
  epoch 2/3:  11%|█▏        | 10/88 [00:03<00:21,  3.71it/s, loss=1.462]
  epoch 2/3:  12%|█▎        | 11/88 [00:03<00:20,  3.73it/s, loss=1.462]
  epoch 2/3:  12%|█▎        | 11/88 [00:03<00:20,  3.73it/s, loss=1.463]
  epoch 2/3:  14%|█▎        | 12/88 [00:03<00:20,  3.74it/s, loss=1.463]
  epoch 2/3:  14%|█▎        | 12/88 [00:03<00:20,  3.74it/s, loss=1.471]
  epoch 2/3:  15%|█▍        | 13/88 [00:03<00:20,  3.74it/s, loss=1.471]
  epoch 2/3:  15%|█▍        | 13/88 [00:03<00:20,  3.74it/s, loss=1.475]
  epoch 2/3:  16%|█▌        | 14/88 [00:03<00:19,  3.74it/s, loss=1.475]
  epoch 2/3:  16%|█▌        | 14/88 [00:04<00:19,  3.74it/s, loss=1.475]
  epoch 2/3:  17%|█▋        | 15/88 [00:04<00:19,  3.73it/s, loss=1.475]
  epoch 2/3:  17%|█▋        | 15/88 [00:04<00:19,  3.73it/s, loss=1.479]
  epoch 2/3:  18%|█▊        | 16/88 [00:04<00:19,  3.70it/s, loss=1.479]
  epoch 2/3:  18%|█▊        | 16/88 [00:04<00:19,  3.70it/s, loss=1.475]
  epoch 2/3:  19%|█▉        | 17/88 [00:04<00:19,  3.72it/s, loss=1.475]
  epoch 2/3:  19%|█▉        | 17/88 [00:05<00:19,  3.72it/s, loss=1.476]
  epoch 2/3:  20%|██        | 18/88 [00:05<00:18,  3.72it/s, loss=1.476]
  epoch 2/3:  20%|██        | 18/88 [00:05<00:18,  3.72it/s, loss=1.480]
  epoch 2/3:  22%|██▏       | 19/88 [00:05<00:18,  3.74it/s, loss=1.480]
  epoch 2/3:  22%|██▏       | 19/88 [00:05<00:18,  3.74it/s, loss=1.483]
  epoch 2/3:  23%|██▎       | 20/88 [00:05<00:18,  3.76it/s, loss=1.483]
  epoch 2/3:  23%|██▎       | 20/88 [00:05<00:18,  3.76it/s, loss=1.492]
  epoch 2/3:  24%|██▍       | 21/88 [00:05<00:17,  3.76it/s, loss=1.492]
  epoch 2/3:  24%|██▍       | 21/88 [00:06<00:17,  3.76it/s, loss=1.497]
  epoch 2/3:  25%|██▌       | 22/88 [00:06<00:17,  3.76it/s, loss=1.497]
  epoch 2/3:  25%|██▌       | 22/88 [00:06<00:17,  3.76it/s, loss=1.493]
  epoch 2/3:  26%|██▌       | 23/88 [00:06<00:17,  3.75it/s, loss=1.493]
  epoch 2/3:  26%|██▌       | 23/88 [00:06<00:17,  3.75it/s, loss=1.494]
  epoch 2/3:  27%|██▋       | 24/88 [00:06<00:17,  3.74it/s, loss=1.494]
  epoch 2/3:  27%|██▋       | 24/88 [00:06<00:17,  3.74it/s, loss=1.490]
  epoch 2/3:  28%|██▊       | 25/88 [00:06<00:16,  3.73it/s, loss=1.490]
  epoch 2/3:  28%|██▊       | 25/88 [00:07<00:16,  3.73it/s, loss=1.488]
  epoch 2/3:  30%|██▉       | 26/88 [00:07<00:16,  3.72it/s, loss=1.488]
  epoch 2/3:  30%|██▉       | 26/88 [00:07<00:16,  3.72it/s, loss=1.485]
  epoch 2/3:  31%|███       | 27/88 [00:07<00:16,  3.72it/s, loss=1.485]
  epoch 2/3:  31%|███       | 27/88 [00:07<00:16,  3.72it/s, loss=1.481]
  epoch 2/3:  32%|███▏      | 28/88 [00:07<00:16,  3.71it/s, loss=1.481]
  epoch 2/3:  32%|███▏      | 28/88 [00:07<00:16,  3.71it/s, loss=1.481]
  epoch 2/3:  33%|███▎      | 29/88 [00:07<00:15,  3.73it/s, loss=1.481]
  epoch 2/3:  33%|███▎      | 29/88 [00:08<00:15,  3.73it/s, loss=1.478]
  epoch 2/3:  34%|███▍      | 30/88 [00:08<00:15,  3.72it/s, loss=1.478]
  epoch 2/3:  34%|███▍      | 30/88 [00:08<00:15,  3.72it/s, loss=1.479]
  epoch 2/3:  35%|███▌      | 31/88 [00:08<00:15,  3.71it/s, loss=1.479]
  epoch 2/3:  35%|███▌      | 31/88 [00:08<00:15,  3.71it/s, loss=1.478]
  epoch 2/3:  36%|███▋      | 32/88 [00:08<00:15,  3.67it/s, loss=1.478]
  epoch 2/3:  36%|███▋      | 32/88 [00:09<00:15,  3.67it/s, loss=1.481]
  epoch 2/3:  38%|███▊      | 33/88 [00:09<00:14,  3.70it/s, loss=1.481]
  epoch 2/3:  38%|███▊      | 33/88 [00:09<00:14,  3.70it/s, loss=1.480]
  epoch 2/3:  39%|███▊      | 34/88 [00:09<00:14,  3.70it/s, loss=1.480]
  epoch 2/3:  39%|███▊      | 34/88 [00:09<00:14,  3.70it/s, loss=1.479]
  epoch 2/3:  40%|███▉      | 35/88 [00:09<00:14,  3.73it/s, loss=1.479]
  epoch 2/3:  40%|███▉      | 35/88 [00:09<00:14,  3.73it/s, loss=1.477]
  epoch 2/3:  41%|████      | 36/88 [00:09<00:13,  3.74it/s, loss=1.477]
  epoch 2/3:  41%|████      | 36/88 [00:10<00:13,  3.74it/s, loss=1.476]
  epoch 2/3:  42%|████▏     | 37/88 [00:10<00:13,  3.75it/s, loss=1.476]
  epoch 2/3:  42%|████▏     | 37/88 [00:10<00:13,  3.75it/s, loss=1.478]
  epoch 2/3:  43%|████▎     | 38/88 [00:10<00:13,  3.73it/s, loss=1.478]
  epoch 2/3:  43%|████▎     | 38/88 [00:10<00:13,  3.73it/s, loss=1.478]
  epoch 2/3:  44%|████▍     | 39/88 [00:10<00:13,  3.73it/s, loss=1.478]
  epoch 2/3:  44%|████▍     | 39/88 [00:10<00:13,  3.73it/s, loss=1.477]
  epoch 2/3:  45%|████▌     | 40/88 [00:10<00:12,  3.73it/s, loss=1.477]
  epoch 2/3:  45%|████▌     | 40/88 [00:11<00:12,  3.73it/s, loss=1.479]
  epoch 2/3:  47%|████▋     | 41/88 [00:11<00:12,  3.74it/s, loss=1.479]
  epoch 2/3:  47%|████▋     | 41/88 [00:11<00:12,  3.74it/s, loss=1.479]
  epoch 2/3:  48%|████▊     | 42/88 [00:11<00:12,  3.72it/s, loss=1.479]
  epoch 2/3:  48%|████▊     | 42/88 [00:11<00:12,  3.72it/s, loss=1.482]
  epoch 2/3:  49%|████▉     | 43/88 [00:11<00:12,  3.72it/s, loss=1.482]
  epoch 2/3:  49%|████▉     | 43/88 [00:12<00:12,  3.72it/s, loss=1.482]
  epoch 2/3:  50%|█████     | 44/88 [00:12<00:11,  3.72it/s, loss=1.482]
  epoch 2/3:  50%|█████     | 44/88 [00:12<00:11,  3.72it/s, loss=1.483]
  epoch 2/3:  51%|█████     | 45/88 [00:12<00:11,  3.73it/s, loss=1.483]
  epoch 2/3:  51%|█████     | 45/88 [00:12<00:11,  3.73it/s, loss=1.485]
  epoch 2/3:  52%|█████▏    | 46/88 [00:12<00:11,  3.72it/s, loss=1.485]
  epoch 2/3:  52%|█████▏    | 46/88 [00:12<00:11,  3.72it/s, loss=1.485]
  epoch 2/3:  53%|█████▎    | 47/88 [00:12<00:11,  3.72it/s, loss=1.485]
  epoch 2/3:  53%|█████▎    | 47/88 [00:13<00:11,  3.72it/s, loss=1.486]
  epoch 2/3:  55%|█████▍    | 48/88 [00:13<00:10,  3.67it/s, loss=1.486]
  epoch 2/3:  55%|█████▍    | 48/88 [00:13<00:10,  3.67it/s, loss=1.486]
  epoch 2/3:  56%|█████▌    | 49/88 [00:13<00:10,  3.70it/s, loss=1.486]
  epoch 2/3:  56%|█████▌    | 49/88 [00:13<00:10,  3.70it/s, loss=1.486]
  epoch 2/3:  57%|█████▋    | 50/88 [00:13<00:10,  3.70it/s, loss=1.486]
  epoch 2/3:  57%|█████▋    | 50/88 [00:13<00:10,  3.70it/s, loss=1.484]
  epoch 2/3:  58%|█████▊    | 51/88 [00:13<00:09,  3.71it/s, loss=1.484]
  epoch 2/3:  58%|█████▊    | 51/88 [00:14<00:09,  3.71it/s, loss=1.483]
  epoch 2/3:  59%|█████▉    | 52/88 [00:14<00:09,  3.73it/s, loss=1.483]
  epoch 2/3:  59%|█████▉    | 52/88 [00:14<00:09,  3.73it/s, loss=1.484]
  epoch 2/3:  60%|██████    | 53/88 [00:14<00:09,  3.74it/s, loss=1.484]
  epoch 2/3:  60%|██████    | 53/88 [00:14<00:09,  3.74it/s, loss=1.484]
  epoch 2/3:  61%|██████▏   | 54/88 [00:14<00:09,  3.73it/s, loss=1.484]
  epoch 2/3:  61%|██████▏   | 54/88 [00:14<00:09,  3.73it/s, loss=1.483]
  epoch 2/3:  62%|██████▎   | 55/88 [00:14<00:08,  3.72it/s, loss=1.483]
  epoch 2/3:  62%|██████▎   | 55/88 [00:15<00:08,  3.72it/s, loss=1.482]
  epoch 2/3:  64%|██████▎   | 56/88 [00:15<00:08,  3.73it/s, loss=1.482]
  epoch 2/3:  64%|██████▎   | 56/88 [00:15<00:08,  3.73it/s, loss=1.481]
  epoch 2/3:  65%|██████▍   | 57/88 [00:15<00:08,  3.75it/s, loss=1.481]
  epoch 2/3:  65%|██████▍   | 57/88 [00:15<00:08,  3.75it/s, loss=1.480]
  epoch 2/3:  66%|██████▌   | 58/88 [00:15<00:07,  3.76it/s, loss=1.480]
  epoch 2/3:  66%|██████▌   | 58/88 [00:16<00:07,  3.76it/s, loss=1.481]
  epoch 2/3:  67%|██████▋   | 59/88 [00:16<00:07,  3.75it/s, loss=1.481]
  epoch 2/3:  67%|██████▋   | 59/88 [00:16<00:07,  3.75it/s, loss=1.481]
  epoch 2/3:  68%|██████▊   | 60/88 [00:16<00:07,  3.73it/s, loss=1.481]
  epoch 2/3:  68%|██████▊   | 60/88 [00:16<00:07,  3.73it/s, loss=1.480]
  epoch 2/3:  69%|██████▉   | 61/88 [00:16<00:07,  3.72it/s, loss=1.480]
  epoch 2/3:  69%|██████▉   | 61/88 [00:16<00:07,  3.72it/s, loss=1.479]
  epoch 2/3:  70%|███████   | 62/88 [00:16<00:06,  3.74it/s, loss=1.479]
  epoch 2/3:  70%|███████   | 62/88 [00:17<00:06,  3.74it/s, loss=1.478]
  epoch 2/3:  72%|███████▏  | 63/88 [00:17<00:06,  3.76it/s, loss=1.478]
  epoch 2/3:  72%|███████▏  | 63/88 [00:17<00:06,  3.76it/s, loss=1.479]
  epoch 2/3:  73%|███████▎  | 64/88 [00:17<00:06,  3.71it/s, loss=1.479]
  epoch 2/3:  73%|███████▎  | 64/88 [00:17<00:06,  3.71it/s, loss=1.480]
  epoch 2/3:  74%|███████▍  | 65/88 [00:17<00:06,  3.72it/s, loss=1.480]
  epoch 2/3:  74%|███████▍  | 65/88 [00:17<00:06,  3.72it/s, loss=1.480]
  epoch 2/3:  75%|███████▌  | 66/88 [00:17<00:05,  3.72it/s, loss=1.480]
  epoch 2/3:  75%|███████▌  | 66/88 [00:18<00:05,  3.72it/s, loss=1.480]
  epoch 2/3:  76%|███████▌  | 67/88 [00:18<00:05,  3.74it/s, loss=1.480]
  epoch 2/3:  76%|███████▌  | 67/88 [00:18<00:05,  3.74it/s, loss=1.481]
  epoch 2/3:  77%|███████▋  | 68/88 [00:18<00:05,  3.73it/s, loss=1.481]
  epoch 2/3:  77%|███████▋  | 68/88 [00:18<00:05,  3.73it/s, loss=1.481]
  epoch 2/3:  78%|███████▊  | 69/88 [00:18<00:05,  3.73it/s, loss=1.481]
  epoch 2/3:  78%|███████▊  | 69/88 [00:18<00:05,  3.73it/s, loss=1.481]
  epoch 2/3:  80%|███████▉  | 70/88 [00:18<00:04,  3.72it/s, loss=1.481]
  epoch 2/3:  80%|███████▉  | 70/88 [00:19<00:04,  3.72it/s, loss=1.481]
  epoch 2/3:  81%|████████  | 71/88 [00:19<00:04,  3.73it/s, loss=1.481]
  epoch 2/3:  81%|████████  | 71/88 [00:19<00:04,  3.73it/s, loss=1.481]
  epoch 2/3:  82%|████████▏ | 72/88 [00:19<00:04,  3.74it/s, loss=1.481]
  epoch 2/3:  82%|████████▏ | 72/88 [00:19<00:04,  3.74it/s, loss=1.481]
  epoch 2/3:  83%|████████▎ | 73/88 [00:19<00:04,  3.74it/s, loss=1.481]
  epoch 2/3:  83%|████████▎ | 73/88 [00:20<00:04,  3.74it/s, loss=1.480]
  epoch 2/3:  84%|████████▍ | 74/88 [00:20<00:03,  3.72it/s, loss=1.480]
  epoch 2/3:  84%|████████▍ | 74/88 [00:20<00:03,  3.72it/s, loss=1.480]
  epoch 2/3:  85%|████████▌ | 75/88 [00:20<00:03,  3.71it/s, loss=1.480]
  epoch 2/3:  85%|████████▌ | 75/88 [00:20<00:03,  3.71it/s, loss=1.477]
  epoch 2/3:  86%|████████▋ | 76/88 [00:20<00:03,  3.73it/s, loss=1.477]
  epoch 2/3:  86%|████████▋ | 76/88 [00:20<00:03,  3.73it/s, loss=1.478]
  epoch 2/3:  88%|████████▊ | 77/88 [00:20<00:02,  3.73it/s, loss=1.478]
  epoch 2/3:  88%|████████▊ | 77/88 [00:21<00:02,  3.73it/s, loss=1.477]
  epoch 2/3:  89%|████████▊ | 78/88 [00:21<00:02,  3.74it/s, loss=1.477]
  epoch 2/3:  89%|████████▊ | 78/88 [00:21<00:02,  3.74it/s, loss=1.475]
  epoch 2/3:  90%|████████▉ | 79/88 [00:21<00:02,  3.73it/s, loss=1.475]
  epoch 2/3:  90%|████████▉ | 79/88 [00:21<00:02,  3.73it/s, loss=1.475]
  epoch 2/3:  91%|█████████ | 80/88 [00:21<00:02,  3.68it/s, loss=1.475]
  epoch 2/3:  91%|█████████ | 80/88 [00:21<00:02,  3.68it/s, loss=1.474]
  epoch 2/3:  92%|█████████▏| 81/88 [00:21<00:01,  3.70it/s, loss=1.474]
  epoch 2/3:  92%|█████████▏| 81/88 [00:22<00:01,  3.70it/s, loss=1.474]
  epoch 2/3:  93%|█████████▎| 82/88 [00:22<00:01,  3.70it/s, loss=1.474]
  epoch 2/3:  93%|█████████▎| 82/88 [00:22<00:01,  3.70it/s, loss=1.473]
  epoch 2/3:  94%|█████████▍| 83/88 [00:22<00:01,  3.72it/s, loss=1.473]
  epoch 2/3:  94%|█████████▍| 83/88 [00:22<00:01,  3.72it/s, loss=1.472]
  epoch 2/3:  95%|█████████▌| 84/88 [00:22<00:01,  3.75it/s, loss=1.472]
  epoch 2/3:  95%|█████████▌| 84/88 [00:23<00:01,  3.75it/s, loss=1.471]
  epoch 2/3:  97%|█████████▋| 85/88 [00:23<00:00,  3.76it/s, loss=1.471]
  epoch 2/3:  97%|█████████▋| 85/88 [00:23<00:00,  3.76it/s, loss=1.470]
  epoch 2/3:  98%|█████████▊| 86/88 [00:23<00:00,  3.75it/s, loss=1.470]
  epoch 2/3:  98%|█████████▊| 86/88 [00:23<00:00,  3.75it/s, loss=1.468]
  epoch 2/3:  99%|█████████▉| 87/88 [00:23<00:00,  3.76it/s, loss=1.468]
  epoch 2/3:  99%|█████████▉| 87/88 [00:23<00:00,  3.76it/s, loss=1.467]
  epoch 2/3: 100%|██████████| 88/88 [00:23<00:00,  4.11it/s, loss=1.467]
                                                                        

  epoch 3/3:   0%|          | 0/88 [00:00<?, ?it/s]
  epoch 3/3:   0%|          | 0/88 [00:00<?, ?it/s, loss=1.479]
  epoch 3/3:   1%|          | 1/88 [00:00<00:44,  1.97it/s, loss=1.479]
  epoch 3/3:   1%|          | 1/88 [00:00<00:44,  1.97it/s, loss=1.460]
  epoch 3/3:   2%|▏         | 2/88 [00:00<00:31,  2.74it/s, loss=1.460]
  epoch 3/3:   2%|▏         | 2/88 [00:01<00:31,  2.74it/s, loss=1.467]
  epoch 3/3:   3%|▎         | 3/88 [00:01<00:27,  3.11it/s, loss=1.467]
  epoch 3/3:   3%|▎         | 3/88 [00:01<00:27,  3.11it/s, loss=1.474]
  epoch 3/3:   5%|▍         | 4/88 [00:01<00:25,  3.34it/s, loss=1.474]
  epoch 3/3:   5%|▍         | 4/88 [00:01<00:25,  3.34it/s, loss=1.486]
  epoch 3/3:   6%|▌         | 5/88 [00:01<00:23,  3.47it/s, loss=1.486]
  epoch 3/3:   6%|▌         | 5/88 [00:01<00:23,  3.47it/s, loss=1.476]
  epoch 3/3:   7%|▋         | 6/88 [00:01<00:22,  3.57it/s, loss=1.476]
  epoch 3/3:   7%|▋         | 6/88 [00:02<00:22,  3.57it/s, loss=1.479]
  epoch 3/3:   8%|▊         | 7/88 [00:02<00:22,  3.63it/s, loss=1.479]
  epoch 3/3:   8%|▊         | 7/88 [00:02<00:22,  3.63it/s, loss=1.485]
  epoch 3/3:   9%|▉         | 8/88 [00:02<00:22,  3.63it/s, loss=1.485]
  epoch 3/3:   9%|▉         | 8/88 [00:02<00:22,  3.63it/s, loss=1.472]
  epoch 3/3:  10%|█         | 9/88 [00:02<00:21,  3.65it/s, loss=1.472]
  epoch 3/3:  10%|█         | 9/88 [00:02<00:21,  3.65it/s, loss=1.470]
  epoch 3/3:  11%|█▏        | 10/88 [00:02<00:21,  3.69it/s, loss=1.470]
  epoch 3/3:  11%|█▏        | 10/88 [00:03<00:21,  3.69it/s, loss=1.467]
  epoch 3/3:  12%|█▎        | 11/88 [00:03<00:20,  3.72it/s, loss=1.467]
  epoch 3/3:  12%|█▎        | 11/88 [00:03<00:20,  3.72it/s, loss=1.462]
  epoch 3/3:  14%|█▎        | 12/88 [00:03<00:20,  3.73it/s, loss=1.462]
  epoch 3/3:  14%|█▎        | 12/88 [00:03<00:20,  3.73it/s, loss=1.460]
  epoch 3/3:  15%|█▍        | 13/88 [00:03<00:20,  3.74it/s, loss=1.460]
  epoch 3/3:  15%|█▍        | 13/88 [00:03<00:20,  3.74it/s, loss=1.448]
  epoch 3/3:  16%|█▌        | 14/88 [00:03<00:19,  3.74it/s, loss=1.448]
  epoch 3/3:  16%|█▌        | 14/88 [00:04<00:19,  3.74it/s, loss=1.452]
  epoch 3/3:  17%|█▋        | 15/88 [00:04<00:19,  3.72it/s, loss=1.452]
  epoch 3/3:  17%|█▋        | 15/88 [00:04<00:19,  3.72it/s, loss=1.451]
  epoch 3/3:  18%|█▊        | 16/88 [00:04<00:19,  3.73it/s, loss=1.451]
  epoch 3/3:  18%|█▊        | 16/88 [00:04<00:19,  3.73it/s, loss=1.453]
  epoch 3/3:  19%|█▉        | 17/88 [00:04<00:19,  3.73it/s, loss=1.453]
  epoch 3/3:  19%|█▉        | 17/88 [00:05<00:19,  3.73it/s, loss=1.449]
  epoch 3/3:  20%|██        | 18/88 [00:05<00:18,  3.74it/s, loss=1.449]
  epoch 3/3:  20%|██        | 18/88 [00:05<00:18,  3.74it/s, loss=1.443]
  epoch 3/3:  22%|██▏       | 19/88 [00:05<00:18,  3.72it/s, loss=1.443]
  epoch 3/3:  22%|██▏       | 19/88 [00:05<00:18,  3.72it/s, loss=1.439]
  epoch 3/3:  23%|██▎       | 20/88 [00:05<00:18,  3.73it/s, loss=1.439]
  epoch 3/3:  23%|██▎       | 20/88 [00:05<00:18,  3.73it/s, loss=1.438]
  epoch 3/3:  24%|██▍       | 21/88 [00:05<00:17,  3.75it/s, loss=1.438]
  epoch 3/3:  24%|██▍       | 21/88 [00:06<00:17,  3.75it/s, loss=1.435]
  epoch 3/3:  25%|██▌       | 22/88 [00:06<00:17,  3.76it/s, loss=1.435]
  epoch 3/3:  25%|██▌       | 22/88 [00:06<00:17,  3.76it/s, loss=1.433]
  epoch 3/3:  26%|██▌       | 23/88 [00:06<00:17,  3.77it/s, loss=1.433]
  epoch 3/3:  26%|██▌       | 23/88 [00:06<00:17,  3.77it/s, loss=1.436]
  epoch 3/3:  27%|██▋       | 24/88 [00:06<00:17,  3.71it/s, loss=1.436]
  epoch 3/3:  27%|██▋       | 24/88 [00:06<00:17,  3.71it/s, loss=1.437]
  epoch 3/3:  28%|██▊       | 25/88 [00:06<00:16,  3.71it/s, loss=1.437]
  epoch 3/3:  28%|██▊       | 25/88 [00:07<00:16,  3.71it/s, loss=1.434]
  epoch 3/3:  30%|██▉       | 26/88 [00:07<00:16,  3.73it/s, loss=1.434]
  epoch 3/3:  30%|██▉       | 26/88 [00:07<00:16,  3.73it/s, loss=1.434]
  epoch 3/3:  31%|███       | 27/88 [00:07<00:16,  3.73it/s, loss=1.434]
  epoch 3/3:  31%|███       | 27/88 [00:07<00:16,  3.73it/s, loss=1.432]
  epoch 3/3:  32%|███▏      | 28/88 [00:07<00:16,  3.72it/s, loss=1.432]
  epoch 3/3:  32%|███▏      | 28/88 [00:08<00:16,  3.72it/s, loss=1.434]
  epoch 3/3:  33%|███▎      | 29/88 [00:08<00:15,  3.71it/s, loss=1.434]
  epoch 3/3:  33%|███▎      | 29/88 [00:08<00:15,  3.71it/s, loss=1.436]
  epoch 3/3:  34%|███▍      | 30/88 [00:08<00:15,  3.73it/s, loss=1.436]
  epoch 3/3:  34%|███▍      | 30/88 [00:08<00:15,  3.73it/s, loss=1.436]
  epoch 3/3:  35%|███▌      | 31/88 [00:08<00:15,  3.74it/s, loss=1.436]
  epoch 3/3:  35%|███▌      | 31/88 [00:08<00:15,  3.74it/s, loss=1.432]
  epoch 3/3:  36%|███▋      | 32/88 [00:08<00:15,  3.73it/s, loss=1.432]
  epoch 3/3:  36%|███▋      | 32/88 [00:09<00:15,  3.73it/s, loss=1.433]
  epoch 3/3:  38%|███▊      | 33/88 [00:09<00:14,  3.73it/s, loss=1.433]
  epoch 3/3:  38%|███▊      | 33/88 [00:09<00:14,  3.73it/s, loss=1.434]
  epoch 3/3:  39%|███▊      | 34/88 [00:09<00:14,  3.73it/s, loss=1.434]
  epoch 3/3:  39%|███▊      | 34/88 [00:09<00:14,  3.73it/s, loss=1.433]
  epoch 3/3:  40%|███▉      | 35/88 [00:09<00:14,  3.75it/s, loss=1.433]
  epoch 3/3:  40%|███▉      | 35/88 [00:09<00:14,  3.75it/s, loss=1.432]
  epoch 3/3:  41%|████      | 36/88 [00:09<00:13,  3.76it/s, loss=1.432]
  epoch 3/3:  41%|████      | 36/88 [00:10<00:13,  3.76it/s, loss=1.431]
  epoch 3/3:  42%|████▏     | 37/88 [00:10<00:13,  3.76it/s, loss=1.431]
  epoch 3/3:  42%|████▏     | 37/88 [00:10<00:13,  3.76it/s, loss=1.434]
  epoch 3/3:  43%|████▎     | 38/88 [00:10<00:13,  3.76it/s, loss=1.434]
  epoch 3/3:  43%|████▎     | 38/88 [00:10<00:13,  3.76it/s, loss=1.433]
  epoch 3/3:  44%|████▍     | 39/88 [00:10<00:13,  3.75it/s, loss=1.433]
  epoch 3/3:  44%|████▍     | 39/88 [00:10<00:13,  3.75it/s, loss=1.434]
  epoch 3/3:  45%|████▌     | 40/88 [00:10<00:12,  3.70it/s, loss=1.434]
  epoch 3/3:  45%|████▌     | 40/88 [00:11<00:12,  3.70it/s, loss=1.436]
  epoch 3/3:  47%|████▋     | 41/88 [00:11<00:12,  3.71it/s, loss=1.436]
  epoch 3/3:  47%|████▋     | 41/88 [00:11<00:12,  3.71it/s, loss=1.436]
  epoch 3/3:  48%|████▊     | 42/88 [00:11<00:12,  3.72it/s, loss=1.436]
  epoch 3/3:  48%|████▊     | 42/88 [00:11<00:12,  3.72it/s, loss=1.439]
  epoch 3/3:  49%|████▉     | 43/88 [00:11<00:12,  3.72it/s, loss=1.439]
  epoch 3/3:  49%|████▉     | 43/88 [00:12<00:12,  3.72it/s, loss=1.442]
  epoch 3/3:  50%|█████     | 44/88 [00:12<00:11,  3.74it/s, loss=1.442]
  epoch 3/3:  50%|█████     | 44/88 [00:12<00:11,  3.74it/s, loss=1.440]
  epoch 3/3:  51%|█████     | 45/88 [00:12<00:11,  3.76it/s, loss=1.440]
  epoch 3/3:  51%|█████     | 45/88 [00:12<00:11,  3.76it/s, loss=1.442]
  epoch 3/3:  52%|█████▏    | 46/88 [00:12<00:11,  3.76it/s, loss=1.442]
  epoch 3/3:  52%|█████▏    | 46/88 [00:12<00:11,  3.76it/s, loss=1.440]
  epoch 3/3:  53%|█████▎    | 47/88 [00:12<00:10,  3.75it/s, loss=1.440]
  epoch 3/3:  53%|█████▎    | 47/88 [00:13<00:10,  3.75it/s, loss=1.441]
  epoch 3/3:  55%|█████▍    | 48/88 [00:13<00:10,  3.75it/s, loss=1.441]
  epoch 3/3:  55%|█████▍    | 48/88 [00:13<00:10,  3.75it/s, loss=1.439]
  epoch 3/3:  56%|█████▌    | 49/88 [00:13<00:10,  3.73it/s, loss=1.439]
  epoch 3/3:  56%|█████▌    | 49/88 [00:13<00:10,  3.73it/s, loss=1.439]
  epoch 3/3:  57%|█████▋    | 50/88 [00:13<00:10,  3.75it/s, loss=1.439]
  epoch 3/3:  57%|█████▋    | 50/88 [00:13<00:10,  3.75it/s, loss=1.437]
  epoch 3/3:  58%|█████▊    | 51/88 [00:13<00:09,  3.74it/s, loss=1.437]
  epoch 3/3:  58%|█████▊    | 51/88 [00:14<00:09,  3.74it/s, loss=1.437]
  epoch 3/3:  59%|█████▉    | 52/88 [00:14<00:09,  3.74it/s, loss=1.437]
  epoch 3/3:  59%|█████▉    | 52/88 [00:14<00:09,  3.74it/s, loss=1.436]
  epoch 3/3:  60%|██████    | 53/88 [00:14<00:09,  3.72it/s, loss=1.436]
  epoch 3/3:  60%|██████    | 53/88 [00:14<00:09,  3.72it/s, loss=1.436]
  epoch 3/3:  61%|██████▏   | 54/88 [00:14<00:09,  3.74it/s, loss=1.436]
  epoch 3/3:  61%|██████▏   | 54/88 [00:14<00:09,  3.74it/s, loss=1.436]
  epoch 3/3:  62%|██████▎   | 55/88 [00:14<00:08,  3.74it/s, loss=1.436]
  epoch 3/3:  62%|██████▎   | 55/88 [00:15<00:08,  3.74it/s, loss=1.436]
  epoch 3/3:  64%|██████▎   | 56/88 [00:15<00:08,  3.68it/s, loss=1.436]
  epoch 3/3:  64%|██████▎   | 56/88 [00:15<00:08,  3.68it/s, loss=1.436]
  epoch 3/3:  65%|██████▍   | 57/88 [00:15<00:08,  3.71it/s, loss=1.436]
  epoch 3/3:  65%|██████▍   | 57/88 [00:15<00:08,  3.71it/s, loss=1.436]
  epoch 3/3:  66%|██████▌   | 58/88 [00:15<00:08,  3.72it/s, loss=1.436]
  epoch 3/3:  66%|██████▌   | 58/88 [00:16<00:08,  3.72it/s, loss=1.437]
  epoch 3/3:  67%|██████▋   | 59/88 [00:16<00:07,  3.72it/s, loss=1.437]
  epoch 3/3:  67%|██████▋   | 59/88 [00:16<00:07,  3.72it/s, loss=1.437]
  epoch 3/3:  68%|██████▊   | 60/88 [00:16<00:07,  3.71it/s, loss=1.437]
  epoch 3/3:  68%|██████▊   | 60/88 [00:16<00:07,  3.71it/s, loss=1.438]
  epoch 3/3:  69%|██████▉   | 61/88 [00:16<00:07,  3.74it/s, loss=1.438]
  epoch 3/3:  69%|██████▉   | 61/88 [00:16<00:07,  3.74it/s, loss=1.439]
  epoch 3/3:  70%|███████   | 62/88 [00:16<00:06,  3.74it/s, loss=1.439]
  epoch 3/3:  70%|███████   | 62/88 [00:17<00:06,  3.74it/s, loss=1.439]
  epoch 3/3:  72%|███████▏  | 63/88 [00:17<00:06,  3.74it/s, loss=1.439]
  epoch 3/3:  72%|███████▏  | 63/88 [00:17<00:06,  3.74it/s, loss=1.439]
  epoch 3/3:  73%|███████▎  | 64/88 [00:17<00:06,  3.74it/s, loss=1.439]
  epoch 3/3:  73%|███████▎  | 64/88 [00:17<00:06,  3.74it/s, loss=1.441]
  epoch 3/3:  74%|███████▍  | 65/88 [00:17<00:06,  3.73it/s, loss=1.441]
  epoch 3/3:  74%|███████▍  | 65/88 [00:17<00:06,  3.73it/s, loss=1.440]
  epoch 3/3:  75%|███████▌  | 66/88 [00:17<00:05,  3.74it/s, loss=1.440]
  epoch 3/3:  75%|███████▌  | 66/88 [00:18<00:05,  3.74it/s, loss=1.440]
  epoch 3/3:  76%|███████▌  | 67/88 [00:18<00:05,  3.74it/s, loss=1.440]
  epoch 3/3:  76%|███████▌  | 67/88 [00:18<00:05,  3.74it/s, loss=1.439]
  epoch 3/3:  77%|███████▋  | 68/88 [00:18<00:05,  3.74it/s, loss=1.439]
  epoch 3/3:  77%|███████▋  | 68/88 [00:18<00:05,  3.74it/s, loss=1.439]
  epoch 3/3:  78%|███████▊  | 69/88 [00:18<00:05,  3.74it/s, loss=1.439]
  epoch 3/3:  78%|███████▊  | 69/88 [00:18<00:05,  3.74it/s, loss=1.440]
  epoch 3/3:  80%|███████▉  | 70/88 [00:18<00:04,  3.73it/s, loss=1.440]
  epoch 3/3:  80%|███████▉  | 70/88 [00:19<00:04,  3.73it/s, loss=1.440]
  epoch 3/3:  81%|████████  | 71/88 [00:19<00:04,  3.74it/s, loss=1.440]
  epoch 3/3:  81%|████████  | 71/88 [00:19<00:04,  3.74it/s, loss=1.438]
  epoch 3/3:  82%|████████▏ | 72/88 [00:19<00:04,  3.70it/s, loss=1.438]
  epoch 3/3:  82%|████████▏ | 72/88 [00:19<00:04,  3.70it/s, loss=1.438]
  epoch 3/3:  83%|████████▎ | 73/88 [00:19<00:04,  3.70it/s, loss=1.438]
  epoch 3/3:  83%|████████▎ | 73/88 [00:20<00:04,  3.70it/s, loss=1.438]
  epoch 3/3:  84%|████████▍ | 74/88 [00:20<00:03,  3.73it/s, loss=1.438]
  epoch 3/3:  84%|████████▍ | 74/88 [00:20<00:03,  3.73it/s, loss=1.437]
  epoch 3/3:  85%|████████▌ | 75/88 [00:20<00:03,  3.74it/s, loss=1.437]
  epoch 3/3:  85%|████████▌ | 75/88 [00:20<00:03,  3.74it/s, loss=1.436]
  epoch 3/3:  86%|████████▋ | 76/88 [00:20<00:03,  3.75it/s, loss=1.436]
  epoch 3/3:  86%|████████▋ | 76/88 [00:20<00:03,  3.75it/s, loss=1.436]
  epoch 3/3:  88%|████████▊ | 77/88 [00:20<00:02,  3.74it/s, loss=1.436]
  epoch 3/3:  88%|████████▊ | 77/88 [00:21<00:02,  3.74it/s, loss=1.436]
  epoch 3/3:  89%|████████▊ | 78/88 [00:21<00:02,  3.72it/s, loss=1.436]
  epoch 3/3:  89%|████████▊ | 78/88 [00:21<00:02,  3.72it/s, loss=1.436]
  epoch 3/3:  90%|████████▉ | 79/88 [00:21<00:02,  3.73it/s, loss=1.436]
  epoch 3/3:  90%|████████▉ | 79/88 [00:21<00:02,  3.73it/s, loss=1.436]
  epoch 3/3:  91%|█████████ | 80/88 [00:21<00:02,  3.74it/s, loss=1.436]
  epoch 3/3:  91%|█████████ | 80/88 [00:21<00:02,  3.74it/s, loss=1.435]
  epoch 3/3:  92%|█████████▏| 81/88 [00:21<00:01,  3.72it/s, loss=1.435]
  epoch 3/3:  92%|█████████▏| 81/88 [00:22<00:01,  3.72it/s, loss=1.438]
  epoch 3/3:  93%|█████████▎| 82/88 [00:22<00:01,  3.72it/s, loss=1.438]
  epoch 3/3:  93%|█████████▎| 82/88 [00:22<00:01,  3.72it/s, loss=1.437]
  epoch 3/3:  94%|█████████▍| 83/88 [00:22<00:01,  3.72it/s, loss=1.437]
  epoch 3/3:  94%|█████████▍| 83/88 [00:22<00:01,  3.72it/s, loss=1.437]
  epoch 3/3:  95%|█████████▌| 84/88 [00:22<00:01,  3.73it/s, loss=1.437]
  epoch 3/3:  95%|█████████▌| 84/88 [00:23<00:01,  3.73it/s, loss=1.438]
  epoch 3/3:  97%|█████████▋| 85/88 [00:23<00:00,  3.73it/s, loss=1.438]
  epoch 3/3:  97%|█████████▋| 85/88 [00:23<00:00,  3.73it/s, loss=1.438]
  epoch 3/3:  98%|█████████▊| 86/88 [00:23<00:00,  3.72it/s, loss=1.438]
  epoch 3/3:  98%|█████████▊| 86/88 [00:23<00:00,  3.72it/s, loss=1.437]
  epoch 3/3:  99%|█████████▉| 87/88 [00:23<00:00,  3.73it/s, loss=1.437]
  epoch 3/3:  99%|█████████▉| 87/88 [00:23<00:00,  3.73it/s, loss=1.437]
  epoch 3/3: 100%|██████████| 88/88 [00:23<00:00,  4.04it/s, loss=1.437]
                                                                        
[titans] reset=never | norm(state) sau task = 128.9801
[titans]   self-mod v:β=1.00 |W|=0.04
[titans]   eta_t(avg)=0.3213  alpha_t/forget-gate(avg)=0.5730
[task 3] test acc so far: 0.074  0.203  0.074  0.014
[task 3] NCM-head acc so far: 0.723  0.809  0.786  0.769
[task 4] classes=[3, 14, 18, 40, 44] | train=2800

  epoch 1/3:   0%|          | 0/88 [00:00<?, ?it/s]
  epoch 1/3:   0%|          | 0/88 [00:00<?, ?it/s, loss=1.626]
  epoch 1/3:   1%|          | 1/88 [00:00<00:43,  1.99it/s, loss=1.626]
  epoch 1/3:   1%|          | 1/88 [00:00<00:43,  1.99it/s, loss=1.586]
  epoch 1/3:   2%|▏         | 2/88 [00:00<00:31,  2.74it/s, loss=1.586]
  epoch 1/3:   2%|▏         | 2/88 [00:01<00:31,  2.74it/s, loss=1.592]
  epoch 1/3:   3%|▎         | 3/88 [00:01<00:27,  3.11it/s, loss=1.592]
  epoch 1/3:   3%|▎         | 3/88 [00:01<00:27,  3.11it/s, loss=1.583]
  epoch 1/3:   5%|▍         | 4/88 [00:01<00:25,  3.33it/s, loss=1.583]
  epoch 1/3:   5%|▍         | 4/88 [00:01<00:25,  3.33it/s, loss=1.618]
  epoch 1/3:   6%|▌         | 5/88 [00:01<00:24,  3.46it/s, loss=1.618]
  epoch 1/3:   6%|▌         | 5/88 [00:01<00:24,  3.46it/s, loss=1.650]
  epoch 1/3:   7%|▋         | 6/88 [00:01<00:23,  3.53it/s, loss=1.650]
  epoch 1/3:   7%|▋         | 6/88 [00:02<00:23,  3.53it/s, loss=1.669]
  epoch 1/3:   8%|▊         | 7/88 [00:02<00:22,  3.60it/s, loss=1.669]
  epoch 1/3:   8%|▊         | 7/88 [00:02<00:22,  3.60it/s, loss=1.675]
  epoch 1/3:   9%|▉         | 8/88 [00:02<00:21,  3.65it/s, loss=1.675]
  epoch 1/3:   9%|▉         | 8/88 [00:02<00:21,  3.65it/s, loss=1.693]
  epoch 1/3:  10%|█         | 9/88 [00:02<00:21,  3.69it/s, loss=1.693]
  epoch 1/3:  10%|█         | 9/88 [00:02<00:21,  3.69it/s, loss=1.707]
  epoch 1/3:  11%|█▏        | 10/88 [00:02<00:21,  3.69it/s, loss=1.707]
  epoch 1/3:  11%|█▏        | 10/88 [00:03<00:21,  3.69it/s, loss=1.718]
  epoch 1/3:  12%|█▎        | 11/88 [00:03<00:20,  3.70it/s, loss=1.718]
  epoch 1/3:  12%|█▎        | 11/88 [00:03<00:20,  3.70it/s, loss=1.726]
  epoch 1/3:  14%|█▎        | 12/88 [00:03<00:20,  3.71it/s, loss=1.726]
  epoch 1/3:  14%|█▎        | 12/88 [00:03<00:20,  3.71it/s, loss=1.727]
  epoch 1/3:  15%|█▍        | 13/88 [00:03<00:20,  3.73it/s, loss=1.727]
  epoch 1/3:  15%|█▍        | 13/88 [00:03<00:20,  3.73it/s, loss=1.729]
  epoch 1/3:  16%|█▌        | 14/88 [00:03<00:19,  3.74it/s, loss=1.729]
  epoch 1/3:  16%|█▌        | 14/88 [00:04<00:19,  3.74it/s, loss=1.737]
  epoch 1/3:  17%|█▋        | 15/88 [00:04<00:19,  3.73it/s, loss=1.737]
  epoch 1/3:  17%|█▋        | 15/88 [00:04<00:19,  3.73it/s, loss=1.737]
  epoch 1/3:  18%|█▊        | 16/88 [00:04<00:19,  3.67it/s, loss=1.737]
  epoch 1/3:  18%|█▊        | 16/88 [00:04<00:19,  3.67it/s, loss=1.731]
  epoch 1/3:  19%|█▉        | 17/88 [00:04<00:19,  3.69it/s, loss=1.731]
  epoch 1/3:  19%|█▉        | 17/88 [00:05<00:19,  3.69it/s, loss=1.728]
  epoch 1/3:  20%|██        | 18/88 [00:05<00:18,  3.69it/s, loss=1.728]
  epoch 1/3:  20%|██        | 18/88 [00:05<00:18,  3.69it/s, loss=1.729]
  epoch 1/3:  22%|██▏       | 19/88 [00:05<00:18,  3.71it/s, loss=1.729]
  epoch 1/3:  22%|██▏       | 19/88 [00:05<00:18,  3.71it/s, loss=1.726]
  epoch 1/3:  23%|██▎       | 20/88 [00:05<00:18,  3.71it/s, loss=1.726]
  epoch 1/3:  23%|██▎       | 20/88 [00:05<00:18,  3.71it/s, loss=1.729]
  epoch 1/3:  24%|██▍       | 21/88 [00:05<00:17,  3.72it/s, loss=1.729]
  epoch 1/3:  24%|██▍       | 21/88 [00:06<00:17,  3.72it/s, loss=1.732]
  epoch 1/3:  25%|██▌       | 22/88 [00:06<00:17,  3.71it/s, loss=1.732]
  epoch 1/3:  25%|██▌       | 22/88 [00:06<00:17,  3.71it/s, loss=1.736]
  epoch 1/3:  26%|██▌       | 23/88 [00:06<00:17,  3.73it/s, loss=1.736]
  epoch 1/3:  26%|██▌       | 23/88 [00:06<00:17,  3.73it/s, loss=1.734]
  epoch 1/3:  27%|██▋       | 24/88 [00:06<00:17,  3.75it/s, loss=1.734]
  epoch 1/3:  27%|██▋       | 24/88 [00:06<00:17,  3.75it/s, loss=1.735]
  epoch 1/3:  28%|██▊       | 25/88 [00:06<00:16,  3.75it/s, loss=1.735]
  epoch 1/3:  28%|██▊       | 25/88 [00:07<00:16,  3.75it/s, loss=1.735]
  epoch 1/3:  30%|██▉       | 26/88 [00:07<00:16,  3.74it/s, loss=1.735]
  epoch 1/3:  30%|██▉       | 26/88 [00:07<00:16,  3.74it/s, loss=1.732]
  epoch 1/3:  31%|███       | 27/88 [00:07<00:16,  3.74it/s, loss=1.732]
  epoch 1/3:  31%|███       | 27/88 [00:07<00:16,  3.74it/s, loss=1.731]
  epoch 1/3:  32%|███▏      | 28/88 [00:07<00:16,  3.73it/s, loss=1.731]
  epoch 1/3:  32%|███▏      | 28/88 [00:08<00:16,  3.73it/s, loss=1.734]
  epoch 1/3:  33%|███▎      | 29/88 [00:08<00:15,  3.74it/s, loss=1.734]
  epoch 1/3:  33%|███▎      | 29/88 [00:08<00:15,  3.74it/s, loss=1.729]
  epoch 1/3:  34%|███▍      | 30/88 [00:08<00:15,  3.74it/s, loss=1.729]
  epoch 1/3:  34%|███▍      | 30/88 [00:08<00:15,  3.74it/s, loss=1.728]
  epoch 1/3:  35%|███▌      | 31/88 [00:08<00:15,  3.73it/s, loss=1.728]
  epoch 1/3:  35%|███▌      | 31/88 [00:08<00:15,  3.73it/s, loss=1.726]
  epoch 1/3:  36%|███▋      | 32/88 [00:08<00:15,  3.67it/s, loss=1.726]
  epoch 1/3:  36%|███▋      | 32/88 [00:09<00:15,  3.67it/s, loss=1.725]
  epoch 1/3:  38%|███▊      | 33/88 [00:09<00:14,  3.70it/s, loss=1.725]
  epoch 1/3:  38%|███▊      | 33/88 [00:09<00:14,  3.70it/s, loss=1.726]
  epoch 1/3:  39%|███▊      | 34/88 [00:09<00:14,  3.70it/s, loss=1.726]
  epoch 1/3:  39%|███▊      | 34/88 [00:09<00:14,  3.70it/s, loss=1.727]
  epoch 1/3:  40%|███▉      | 35/88 [00:09<00:14,  3.72it/s, loss=1.727]
  epoch 1/3:  40%|███▉      | 35/88 [00:09<00:14,  3.72it/s, loss=1.723]
  epoch 1/3:  41%|████      | 36/88 [00:09<00:13,  3.75it/s, loss=1.723]
  epoch 1/3:  41%|████      | 36/88 [00:10<00:13,  3.75it/s, loss=1.718]
  epoch 1/3:  42%|████▏     | 37/88 [00:10<00:13,  3.74it/s, loss=1.718]
  epoch 1/3:  42%|████▏     | 37/88 [00:10<00:13,  3.74it/s, loss=1.720]
  epoch 1/3:  43%|████▎     | 38/88 [00:10<00:13,  3.73it/s, loss=1.720]
  epoch 1/3:  43%|████▎     | 38/88 [00:10<00:13,  3.73it/s, loss=1.721]
  epoch 1/3:  44%|████▍     | 39/88 [00:10<00:13,  3.72it/s, loss=1.721]
  epoch 1/3:  44%|████▍     | 39/88 [00:10<00:13,  3.72it/s, loss=1.727]
  epoch 1/3:  45%|████▌     | 40/88 [00:10<00:12,  3.74it/s, loss=1.727]
  epoch 1/3:  45%|████▌     | 40/88 [00:11<00:12,  3.74it/s, loss=1.730]
  epoch 1/3:  47%|████▋     | 41/88 [00:11<00:12,  3.76it/s, loss=1.730]
  epoch 1/3:  47%|████▋     | 41/88 [00:11<00:12,  3.76it/s, loss=1.729]
  epoch 1/3:  48%|████▊     | 42/88 [00:11<00:12,  3.75it/s, loss=1.729]
  epoch 1/3:  48%|████▊     | 42/88 [00:11<00:12,  3.75it/s, loss=1.736]
  epoch 1/3:  49%|████▉     | 43/88 [00:11<00:12,  3.74it/s, loss=1.736]
  epoch 1/3:  49%|████▉     | 43/88 [00:12<00:12,  3.74it/s, loss=1.738]
  epoch 1/3:  50%|█████     | 44/88 [00:12<00:11,  3.72it/s, loss=1.738]
  epoch 1/3:  50%|█████     | 44/88 [00:12<00:11,  3.72it/s, loss=1.733]
  epoch 1/3:  51%|█████     | 45/88 [00:12<00:11,  3.73it/s, loss=1.733]
  epoch 1/3:  51%|█████     | 45/88 [00:12<00:11,  3.73it/s, loss=1.730]
  epoch 1/3:  52%|█████▏    | 46/88 [00:12<00:11,  3.73it/s, loss=1.730]
  epoch 1/3:  52%|█████▏    | 46/88 [00:12<00:11,  3.73it/s, loss=1.727]
  epoch 1/3:  53%|█████▎    | 47/88 [00:12<00:10,  3.73it/s, loss=1.727]
  epoch 1/3:  53%|█████▎    | 47/88 [00:13<00:10,  3.73it/s, loss=1.726]
  epoch 1/3:  55%|█████▍    | 48/88 [00:13<00:10,  3.68it/s, loss=1.726]
  epoch 1/3:  55%|█████▍    | 48/88 [00:13<00:10,  3.68it/s, loss=1.724]
  epoch 1/3:  56%|█████▌    | 49/88 [00:13<00:10,  3.70it/s, loss=1.724]
  epoch 1/3:  56%|█████▌    | 49/88 [00:13<00:10,  3.70it/s, loss=1.724]
  epoch 1/3:  57%|█████▋    | 50/88 [00:13<00:10,  3.70it/s, loss=1.724]
  epoch 1/3:  57%|█████▋    | 50/88 [00:13<00:10,  3.70it/s, loss=1.724]
  epoch 1/3:  58%|█████▊    | 51/88 [00:13<00:09,  3.72it/s, loss=1.724]
  epoch 1/3:  58%|█████▊    | 51/88 [00:14<00:09,  3.72it/s, loss=1.723]
  epoch 1/3:  59%|█████▉    | 52/88 [00:14<00:09,  3.74it/s, loss=1.723]
  epoch 1/3:  59%|█████▉    | 52/88 [00:14<00:09,  3.74it/s, loss=1.721]
  epoch 1/3:  60%|██████    | 53/88 [00:14<00:09,  3.74it/s, loss=1.721]
  epoch 1/3:  60%|██████    | 53/88 [00:14<00:09,  3.74it/s, loss=1.720]
  epoch 1/3:  61%|██████▏   | 54/88 [00:14<00:09,  3.74it/s, loss=1.720]
  epoch 1/3:  61%|██████▏   | 54/88 [00:14<00:09,  3.74it/s, loss=1.720]
  epoch 1/3:  62%|██████▎   | 55/88 [00:14<00:08,  3.74it/s, loss=1.720]
  epoch 1/3:  62%|██████▎   | 55/88 [00:15<00:08,  3.74it/s, loss=1.720]
  epoch 1/3:  64%|██████▎   | 56/88 [00:15<00:08,  3.73it/s, loss=1.720]
  epoch 1/3:  64%|██████▎   | 56/88 [00:15<00:08,  3.73it/s, loss=1.722]
  epoch 1/3:  65%|██████▍   | 57/88 [00:15<00:08,  3.74it/s, loss=1.722]
  epoch 1/3:  65%|██████▍   | 57/88 [00:15<00:08,  3.74it/s, loss=1.722]
  epoch 1/3:  66%|██████▌   | 58/88 [00:15<00:07,  3.75it/s, loss=1.722]
  epoch 1/3:  66%|██████▌   | 58/88 [00:16<00:07,  3.75it/s, loss=1.725]
  epoch 1/3:  67%|██████▋   | 59/88 [00:16<00:07,  3.75it/s, loss=1.725]
  epoch 1/3:  67%|██████▋   | 59/88 [00:16<00:07,  3.75it/s, loss=1.726]
  epoch 1/3:  68%|██████▊   | 60/88 [00:16<00:07,  3.75it/s, loss=1.726]
  epoch 1/3:  68%|██████▊   | 60/88 [00:16<00:07,  3.75it/s, loss=1.725]
  epoch 1/3:  69%|██████▉   | 61/88 [00:16<00:07,  3.74it/s, loss=1.725]
  epoch 1/3:  69%|██████▉   | 61/88 [00:16<00:07,  3.74it/s, loss=1.725]
  epoch 1/3:  70%|███████   | 62/88 [00:16<00:06,  3.73it/s, loss=1.725]
  epoch 1/3:  70%|███████   | 62/88 [00:17<00:06,  3.73it/s, loss=1.726]
  epoch 1/3:  72%|███████▏  | 63/88 [00:17<00:06,  3.74it/s, loss=1.726]
  epoch 1/3:  72%|███████▏  | 63/88 [00:17<00:06,  3.74it/s, loss=1.727]
  epoch 1/3:  73%|███████▎  | 64/88 [00:17<00:06,  3.70it/s, loss=1.727]
  epoch 1/3:  73%|███████▎  | 64/88 [00:17<00:06,  3.70it/s, loss=1.728]
  epoch 1/3:  74%|███████▍  | 65/88 [00:17<00:06,  3.71it/s, loss=1.728]
  epoch 1/3:  74%|███████▍  | 65/88 [00:17<00:06,  3.71it/s, loss=1.729]
  epoch 1/3:  75%|███████▌  | 66/88 [00:17<00:05,  3.73it/s, loss=1.729]
  epoch 1/3:  75%|███████▌  | 66/88 [00:18<00:05,  3.73it/s, loss=1.733]
  epoch 1/3:  76%|███████▌  | 67/88 [00:18<00:05,  3.73it/s, loss=1.733]
  epoch 1/3:  76%|███████▌  | 67/88 [00:18<00:05,  3.73it/s, loss=1.732]
  epoch 1/3:  77%|███████▋  | 68/88 [00:18<00:05,  3.72it/s, loss=1.732]
  epoch 1/3:  77%|███████▋  | 68/88 [00:18<00:05,  3.72it/s, loss=1.732]
  epoch 1/3:  78%|███████▊  | 69/88 [00:18<00:05,  3.72it/s, loss=1.732]
  epoch 1/3:  78%|███████▊  | 69/88 [00:19<00:05,  3.72it/s, loss=1.732]
  epoch 1/3:  80%|███████▉  | 70/88 [00:19<00:04,  3.73it/s, loss=1.732]
  epoch 1/3:  80%|███████▉  | 70/88 [00:19<00:04,  3.73it/s, loss=1.731]
  epoch 1/3:  81%|████████  | 71/88 [00:19<00:04,  3.75it/s, loss=1.731]
  epoch 1/3:  81%|████████  | 71/88 [00:19<00:04,  3.75it/s, loss=1.730]
  epoch 1/3:  82%|████████▏ | 72/88 [00:19<00:04,  3.74it/s, loss=1.730]
  epoch 1/3:  82%|████████▏ | 72/88 [00:19<00:04,  3.74it/s, loss=1.730]
  epoch 1/3:  83%|████████▎ | 73/88 [00:19<00:04,  3.74it/s, loss=1.730]
  epoch 1/3:  83%|████████▎ | 73/88 [00:20<00:04,  3.74it/s, loss=1.729]
  epoch 1/3:  84%|████████▍ | 74/88 [00:20<00:03,  3.74it/s, loss=1.729]
  epoch 1/3:  84%|████████▍ | 74/88 [00:20<00:03,  3.74it/s, loss=1.729]
  epoch 1/3:  85%|████████▌ | 75/88 [00:20<00:03,  3.73it/s, loss=1.729]
  epoch 1/3:  85%|████████▌ | 75/88 [00:20<00:03,  3.73it/s, loss=1.729]
  epoch 1/3:  86%|████████▋ | 76/88 [00:20<00:03,  3.75it/s, loss=1.729]
  epoch 1/3:  86%|████████▋ | 76/88 [00:20<00:03,  3.75it/s, loss=1.729]
  epoch 1/3:  88%|████████▊ | 77/88 [00:20<00:02,  3.75it/s, loss=1.729]
  epoch 1/3:  88%|████████▊ | 77/88 [00:21<00:02,  3.75it/s, loss=1.730]
  epoch 1/3:  89%|████████▊ | 78/88 [00:21<00:02,  3.76it/s, loss=1.730]
  epoch 1/3:  89%|████████▊ | 78/88 [00:21<00:02,  3.76it/s, loss=1.731]
  epoch 1/3:  90%|████████▉ | 79/88 [00:21<00:02,  3.76it/s, loss=1.731]
  epoch 1/3:  90%|████████▉ | 79/88 [00:21<00:02,  3.76it/s, loss=1.732]
  epoch 1/3:  91%|█████████ | 80/88 [00:21<00:02,  3.71it/s, loss=1.732]
  epoch 1/3:  91%|█████████ | 80/88 [00:21<00:02,  3.71it/s, loss=1.734]
  epoch 1/3:  92%|█████████▏| 81/88 [00:21<00:01,  3.72it/s, loss=1.734]
  epoch 1/3:  92%|█████████▏| 81/88 [00:22<00:01,  3.72it/s, loss=1.735]
  epoch 1/3:  93%|█████████▎| 82/88 [00:22<00:01,  3.75it/s, loss=1.735]
  epoch 1/3:  93%|█████████▎| 82/88 [00:22<00:01,  3.75it/s, loss=1.737]
  epoch 1/3:  94%|█████████▍| 83/88 [00:22<00:01,  3.75it/s, loss=1.737]
  epoch 1/3:  94%|█████████▍| 83/88 [00:22<00:01,  3.75it/s, loss=1.739]
  epoch 1/3:  95%|█████████▌| 84/88 [00:22<00:01,  3.76it/s, loss=1.739]
  epoch 1/3:  95%|█████████▌| 84/88 [00:23<00:01,  3.76it/s, loss=1.740]
  epoch 1/3:  97%|█████████▋| 85/88 [00:23<00:00,  3.76it/s, loss=1.740]
  epoch 1/3:  97%|█████████▋| 85/88 [00:23<00:00,  3.76it/s, loss=1.742]
  epoch 1/3:  98%|█████████▊| 86/88 [00:23<00:00,  3.75it/s, loss=1.742]
  epoch 1/3:  98%|█████████▊| 86/88 [00:23<00:00,  3.75it/s, loss=1.743]
  epoch 1/3:  99%|█████████▉| 87/88 [00:23<00:00,  3.75it/s, loss=1.743]
  epoch 1/3:  99%|█████████▉| 87/88 [00:23<00:00,  3.75it/s, loss=1.743]
  epoch 1/3: 100%|██████████| 88/88 [00:23<00:00,  4.07it/s, loss=1.743]
                                                                        

  epoch 2/3:   0%|          | 0/88 [00:00<?, ?it/s]
  epoch 2/3:   0%|          | 0/88 [00:00<?, ?it/s, loss=1.934]
  epoch 2/3:   1%|          | 1/88 [00:00<00:44,  1.95it/s, loss=1.934]
  epoch 2/3:   1%|          | 1/88 [00:00<00:44,  1.95it/s, loss=1.757]
  epoch 2/3:   2%|▏         | 2/88 [00:00<00:31,  2.72it/s, loss=1.757]
  epoch 2/3:   2%|▏         | 2/88 [00:01<00:31,  2.72it/s, loss=1.724]
  epoch 2/3:   3%|▎         | 3/88 [00:01<00:27,  3.12it/s, loss=1.724]
  epoch 2/3:   3%|▎         | 3/88 [00:01<00:27,  3.12it/s, loss=1.754]
  epoch 2/3:   5%|▍         | 4/88 [00:01<00:25,  3.33it/s, loss=1.754]
  epoch 2/3:   5%|▍         | 4/88 [00:01<00:25,  3.33it/s, loss=1.723]
  epoch 2/3:   6%|▌         | 5/88 [00:01<00:23,  3.49it/s, loss=1.723]
  epoch 2/3:   6%|▌         | 5/88 [00:01<00:23,  3.49it/s, loss=1.741]
  epoch 2/3:   7%|▋         | 6/88 [00:01<00:22,  3.57it/s, loss=1.741]
  epoch 2/3:   7%|▋         | 6/88 [00:02<00:22,  3.57it/s, loss=1.743]
  epoch 2/3:   8%|▊         | 7/88 [00:02<00:22,  3.60it/s, loss=1.743]
  epoch 2/3:   8%|▊         | 7/88 [00:02<00:22,  3.60it/s, loss=1.758]
  epoch 2/3:   9%|▉         | 8/88 [00:02<00:22,  3.60it/s, loss=1.758]
  epoch 2/3:   9%|▉         | 8/88 [00:02<00:22,  3.60it/s, loss=1.760]
  epoch 2/3:  10%|█         | 9/88 [00:02<00:21,  3.64it/s, loss=1.760]
  epoch 2/3:  10%|█         | 9/88 [00:02<00:21,  3.64it/s, loss=1.751]
  epoch 2/3:  11%|█▏        | 10/88 [00:02<00:21,  3.69it/s, loss=1.751]
  epoch 2/3:  11%|█▏        | 10/88 [00:03<00:21,  3.69it/s, loss=1.767]
  epoch 2/3:  12%|█▎        | 11/88 [00:03<00:20,  3.70it/s, loss=1.767]
  epoch 2/3:  12%|█▎        | 11/88 [00:03<00:20,  3.70it/s, loss=1.766]
  epoch 2/3:  14%|█▎        | 12/88 [00:03<00:20,  3.71it/s, loss=1.766]
  epoch 2/3:  14%|█▎        | 12/88 [00:03<00:20,  3.71it/s, loss=1.757]
  epoch 2/3:  15%|█▍        | 13/88 [00:03<00:20,  3.73it/s, loss=1.757]
  epoch 2/3:  15%|█▍        | 13/88 [00:03<00:20,  3.73it/s, loss=1.756]
  epoch 2/3:  16%|█▌        | 14/88 [00:03<00:19,  3.73it/s, loss=1.756]
  epoch 2/3:  16%|█▌        | 14/88 [00:04<00:19,  3.73it/s, loss=1.766]
  epoch 2/3:  17%|█▋        | 15/88 [00:04<00:19,  3.72it/s, loss=1.766]
  epoch 2/3:  17%|█▋        | 15/88 [00:04<00:19,  3.72it/s, loss=1.770]
  epoch 2/3:  18%|█▊        | 16/88 [00:04<00:19,  3.74it/s, loss=1.770]
  epoch 2/3:  18%|█▊        | 16/88 [00:04<00:19,  3.74it/s, loss=1.771]
  epoch 2/3:  19%|█▉        | 17/88 [00:04<00:19,  3.73it/s, loss=1.771]
  epoch 2/3:  19%|█▉        | 17/88 [00:05<00:19,  3.73it/s, loss=1.762]
  epoch 2/3:  20%|██        | 18/88 [00:05<00:18,  3.73it/s, loss=1.762]
  epoch 2/3:  20%|██        | 18/88 [00:05<00:18,  3.73it/s, loss=1.759]
  epoch 2/3:  22%|██▏       | 19/88 [00:05<00:18,  3.73it/s, loss=1.759]
  epoch 2/3:  22%|██▏       | 19/88 [00:05<00:18,  3.73it/s, loss=1.759]
  epoch 2/3:  23%|██▎       | 20/88 [00:05<00:18,  3.73it/s, loss=1.759]
  epoch 2/3:  23%|██▎       | 20/88 [00:05<00:18,  3.73it/s, loss=1.757]
  epoch 2/3:  24%|██▍       | 21/88 [00:05<00:17,  3.74it/s, loss=1.757]
  epoch 2/3:  24%|██▍       | 21/88 [00:06<00:17,  3.74it/s, loss=1.754]
  epoch 2/3:  25%|██▌       | 22/88 [00:06<00:17,  3.75it/s, loss=1.754]
  epoch 2/3:  25%|██▌       | 22/88 [00:06<00:17,  3.75it/s, loss=1.746]
  epoch 2/3:  26%|██▌       | 23/88 [00:06<00:17,  3.75it/s, loss=1.746]
  epoch 2/3:  26%|██▌       | 23/88 [00:06<00:17,  3.75it/s, loss=1.746]
  epoch 2/3:  27%|██▋       | 24/88 [00:06<00:17,  3.72it/s, loss=1.746]
  epoch 2/3:  27%|██▋       | 24/88 [00:06<00:17,  3.72it/s, loss=1.747]
  epoch 2/3:  28%|██▊       | 25/88 [00:06<00:16,  3.71it/s, loss=1.747]
  epoch 2/3:  28%|██▊       | 25/88 [00:07<00:16,  3.71it/s, loss=1.752]
  epoch 2/3:  30%|██▉       | 26/88 [00:07<00:16,  3.73it/s, loss=1.752]
  epoch 2/3:  30%|██▉       | 26/88 [00:07<00:16,  3.73it/s, loss=1.760]
  epoch 2/3:  31%|███       | 27/88 [00:07<00:16,  3.74it/s, loss=1.760]
  epoch 2/3:  31%|███       | 27/88 [00:07<00:16,  3.74it/s, loss=1.760]
  epoch 2/3:  32%|███▏      | 28/88 [00:07<00:16,  3.75it/s, loss=1.760]
  epoch 2/3:  32%|███▏      | 28/88 [00:08<00:16,  3.75it/s, loss=1.758]
  epoch 2/3:  33%|███▎      | 29/88 [00:08<00:15,  3.74it/s, loss=1.758]
  epoch 2/3:  33%|███▎      | 29/88 [00:08<00:15,  3.74it/s, loss=1.758]
  epoch 2/3:  34%|███▍      | 30/88 [00:08<00:15,  3.74it/s, loss=1.758]
  epoch 2/3:  34%|███▍      | 30/88 [00:08<00:15,  3.74it/s, loss=1.758]
  epoch 2/3:  35%|███▌      | 31/88 [00:08<00:15,  3.73it/s, loss=1.758]
  epoch 2/3:  35%|███▌      | 31/88 [00:08<00:15,  3.73it/s, loss=1.755]
  epoch 2/3:  36%|███▋      | 32/88 [00:08<00:14,  3.75it/s, loss=1.755]
  epoch 2/3:  36%|███▋      | 32/88 [00:09<00:14,  3.75it/s, loss=1.755]
  epoch 2/3:  38%|███▊      | 33/88 [00:09<00:14,  3.74it/s, loss=1.755]
  epoch 2/3:  38%|███▊      | 33/88 [00:09<00:14,  3.74it/s, loss=1.755]
  epoch 2/3:  39%|███▊      | 34/88 [00:09<00:14,  3.74it/s, loss=1.755]
  epoch 2/3:  39%|███▊      | 34/88 [00:09<00:14,  3.74it/s, loss=1.754]
  epoch 2/3:  40%|███▉      | 35/88 [00:09<00:14,  3.75it/s, loss=1.754]
  epoch 2/3:  40%|███▉      | 35/88 [00:09<00:14,  3.75it/s, loss=1.754]
  epoch 2/3:  41%|████      | 36/88 [00:09<00:13,  3.74it/s, loss=1.754]
  epoch 2/3:  41%|████      | 36/88 [00:10<00:13,  3.74it/s, loss=1.754]
  epoch 2/3:  42%|████▏     | 37/88 [00:10<00:13,  3.74it/s, loss=1.754]
  epoch 2/3:  42%|████▏     | 37/88 [00:10<00:13,  3.74it/s, loss=1.749]
  epoch 2/3:  43%|████▎     | 38/88 [00:10<00:13,  3.75it/s, loss=1.749]
  epoch 2/3:  43%|████▎     | 38/88 [00:10<00:13,  3.75it/s, loss=1.747]
  epoch 2/3:  44%|████▍     | 39/88 [00:10<00:13,  3.77it/s, loss=1.747]
  epoch 2/3:  44%|████▍     | 39/88 [00:10<00:13,  3.77it/s, loss=1.743]
  epoch 2/3:  45%|████▌     | 40/88 [00:10<00:12,  3.72it/s, loss=1.743]
  epoch 2/3:  45%|████▌     | 40/88 [00:11<00:12,  3.72it/s, loss=1.741]
  epoch 2/3:  47%|████▋     | 41/88 [00:11<00:12,  3.74it/s, loss=1.741]
  epoch 2/3:  47%|████▋     | 41/88 [00:11<00:12,  3.74it/s, loss=1.743]
  epoch 2/3:  48%|████▊     | 42/88 [00:11<00:12,  3.73it/s, loss=1.743]
  epoch 2/3:  48%|████▊     | 42/88 [00:11<00:12,  3.73it/s, loss=1.741]
  epoch 2/3:  49%|████▉     | 43/88 [00:11<00:12,  3.74it/s, loss=1.741]
  epoch 2/3:  49%|████▉     | 43/88 [00:12<00:12,  3.74it/s, loss=1.739]
  epoch 2/3:  50%|█████     | 44/88 [00:12<00:11,  3.75it/s, loss=1.739]
  epoch 2/3:  50%|█████     | 44/88 [00:12<00:11,  3.75it/s, loss=1.738]
  epoch 2/3:  51%|█████     | 45/88 [00:12<00:11,  3.74it/s, loss=1.738]
  epoch 2/3:  51%|█████     | 45/88 [00:12<00:11,  3.74it/s, loss=1.736]
  epoch 2/3:  52%|█████▏    | 46/88 [00:12<00:11,  3.75it/s, loss=1.736]
  epoch 2/3:  52%|█████▏    | 46/88 [00:12<00:11,  3.75it/s, loss=1.738]
  epoch 2/3:  53%|█████▎    | 47/88 [00:12<00:10,  3.73it/s, loss=1.738]
  epoch 2/3:  53%|█████▎    | 47/88 [00:13<00:10,  3.73it/s, loss=1.734]
  epoch 2/3:  55%|█████▍    | 48/88 [00:13<00:10,  3.73it/s, loss=1.734]
  epoch 2/3:  55%|█████▍    | 48/88 [00:13<00:10,  3.73it/s, loss=1.736]
  epoch 2/3:  56%|█████▌    | 49/88 [00:13<00:10,  3.75it/s, loss=1.736]
  epoch 2/3:  56%|█████▌    | 49/88 [00:13<00:10,  3.75it/s, loss=1.737]
  epoch 2/3:  57%|█████▋    | 50/88 [00:13<00:10,  3.76it/s, loss=1.737]
  epoch 2/3:  57%|█████▋    | 50/88 [00:13<00:10,  3.76it/s, loss=1.735]
  epoch 2/3:  58%|█████▊    | 51/88 [00:13<00:09,  3.76it/s, loss=1.735]
  epoch 2/3:  58%|█████▊    | 51/88 [00:14<00:09,  3.76it/s, loss=1.732]
  epoch 2/3:  59%|█████▉    | 52/88 [00:14<00:09,  3.76it/s, loss=1.732]
  epoch 2/3:  59%|█████▉    | 52/88 [00:14<00:09,  3.76it/s, loss=1.734]
  epoch 2/3:  60%|██████    | 53/88 [00:14<00:09,  3.76it/s, loss=1.734]
  epoch 2/3:  60%|██████    | 53/88 [00:14<00:09,  3.76it/s, loss=1.734]
  epoch 2/3:  61%|██████▏   | 54/88 [00:14<00:09,  3.76it/s, loss=1.734]
  epoch 2/3:  61%|██████▏   | 54/88 [00:14<00:09,  3.76it/s, loss=1.733]
  epoch 2/3:  62%|██████▎   | 55/88 [00:14<00:08,  3.74it/s, loss=1.733]
  epoch 2/3:  62%|██████▎   | 55/88 [00:15<00:08,  3.74it/s, loss=1.733]
  epoch 2/3:  64%|██████▎   | 56/88 [00:15<00:08,  3.69it/s, loss=1.733]
  epoch 2/3:  64%|██████▎   | 56/88 [00:15<00:08,  3.69it/s, loss=1.730]
  epoch 2/3:  65%|██████▍   | 57/88 [00:15<00:08,  3.71it/s, loss=1.730]
  epoch 2/3:  65%|██████▍   | 57/88 [00:15<00:08,  3.71it/s, loss=1.730]
  epoch 2/3:  66%|██████▌   | 58/88 [00:15<00:08,  3.70it/s, loss=1.730]
  epoch 2/3:  66%|██████▌   | 58/88 [00:16<00:08,  3.70it/s, loss=1.729]
  epoch 2/3:  67%|██████▋   | 59/88 [00:16<00:07,  3.72it/s, loss=1.729]
  epoch 2/3:  67%|██████▋   | 59/88 [00:16<00:07,  3.72it/s, loss=1.729]
  epoch 2/3:  68%|██████▊   | 60/88 [00:16<00:07,  3.73it/s, loss=1.729]
  epoch 2/3:  68%|██████▊   | 60/88 [00:16<00:07,  3.73it/s, loss=1.728]
  epoch 2/3:  69%|██████▉   | 61/88 [00:16<00:07,  3.73it/s, loss=1.728]
  epoch 2/3:  69%|██████▉   | 61/88 [00:16<00:07,  3.73it/s, loss=1.728]
  epoch 2/3:  70%|███████   | 62/88 [00:16<00:06,  3.72it/s, loss=1.728]
  epoch 2/3:  70%|███████   | 62/88 [00:17<00:06,  3.72it/s, loss=1.726]
  epoch 2/3:  72%|███████▏  | 63/88 [00:17<00:06,  3.74it/s, loss=1.726]
  epoch 2/3:  72%|███████▏  | 63/88 [00:17<00:06,  3.74it/s, loss=1.725]
  epoch 2/3:  73%|███████▎  | 64/88 [00:17<00:06,  3.75it/s, loss=1.725]
  epoch 2/3:  73%|███████▎  | 64/88 [00:17<00:06,  3.75it/s, loss=1.724]
  epoch 2/3:  74%|███████▍  | 65/88 [00:17<00:06,  3.75it/s, loss=1.724]
  epoch 2/3:  74%|███████▍  | 65/88 [00:17<00:06,  3.75it/s, loss=1.724]
  epoch 2/3:  75%|███████▌  | 66/88 [00:17<00:05,  3.76it/s, loss=1.724]
  epoch 2/3:  75%|███████▌  | 66/88 [00:18<00:05,  3.76it/s, loss=1.722]
  epoch 2/3:  76%|███████▌  | 67/88 [00:18<00:05,  3.75it/s, loss=1.722]
  epoch 2/3:  76%|███████▌  | 67/88 [00:18<00:05,  3.75it/s, loss=1.721]
  epoch 2/3:  77%|███████▋  | 68/88 [00:18<00:05,  3.74it/s, loss=1.721]
  epoch 2/3:  77%|███████▋  | 68/88 [00:18<00:05,  3.74it/s, loss=1.722]
  epoch 2/3:  78%|███████▊  | 69/88 [00:18<00:05,  3.74it/s, loss=1.722]
  epoch 2/3:  78%|███████▊  | 69/88 [00:18<00:05,  3.74it/s, loss=1.722]
  epoch 2/3:  80%|███████▉  | 70/88 [00:18<00:04,  3.75it/s, loss=1.722]
  epoch 2/3:  80%|███████▉  | 70/88 [00:19<00:04,  3.75it/s, loss=1.723]
  epoch 2/3:  81%|████████  | 71/88 [00:19<00:04,  3.74it/s, loss=1.723]
  epoch 2/3:  81%|████████  | 71/88 [00:19<00:04,  3.74it/s, loss=1.724]
  epoch 2/3:  82%|████████▏ | 72/88 [00:19<00:04,  3.69it/s, loss=1.724]
  epoch 2/3:  82%|████████▏ | 72/88 [00:19<00:04,  3.69it/s, loss=1.724]
  epoch 2/3:  83%|████████▎ | 73/88 [00:19<00:04,  3.73it/s, loss=1.724]
  epoch 2/3:  83%|████████▎ | 73/88 [00:20<00:04,  3.73it/s, loss=1.725]
  epoch 2/3:  84%|████████▍ | 74/88 [00:20<00:03,  3.73it/s, loss=1.725]
  epoch 2/3:  84%|████████▍ | 74/88 [00:20<00:03,  3.73it/s, loss=1.724]
  epoch 2/3:  85%|████████▌ | 75/88 [00:20<00:03,  3.74it/s, loss=1.724]
  epoch 2/3:  85%|████████▌ | 75/88 [00:20<00:03,  3.74it/s, loss=1.722]
  epoch 2/3:  86%|████████▋ | 76/88 [00:20<00:03,  3.72it/s, loss=1.722]
  epoch 2/3:  86%|████████▋ | 76/88 [00:20<00:03,  3.72it/s, loss=1.724]
  epoch 2/3:  88%|████████▊ | 77/88 [00:20<00:02,  3.73it/s, loss=1.724]
  epoch 2/3:  88%|████████▊ | 77/88 [00:21<00:02,  3.73it/s, loss=1.724]
  epoch 2/3:  89%|████████▊ | 78/88 [00:21<00:02,  3.75it/s, loss=1.724]
  epoch 2/3:  89%|████████▊ | 78/88 [00:21<00:02,  3.75it/s, loss=1.723]
  epoch 2/3:  90%|████████▉ | 79/88 [00:21<00:02,  3.75it/s, loss=1.723]
  epoch 2/3:  90%|████████▉ | 79/88 [00:21<00:02,  3.75it/s, loss=1.723]
  epoch 2/3:  91%|█████████ | 80/88 [00:21<00:02,  3.74it/s, loss=1.723]
  epoch 2/3:  91%|█████████ | 80/88 [00:21<00:02,  3.74it/s, loss=1.724]
  epoch 2/3:  92%|█████████▏| 81/88 [00:21<00:01,  3.73it/s, loss=1.724]
  epoch 2/3:  92%|█████████▏| 81/88 [00:22<00:01,  3.73it/s, loss=1.722]
  epoch 2/3:  93%|█████████▎| 82/88 [00:22<00:01,  3.73it/s, loss=1.722]
  epoch 2/3:  93%|█████████▎| 82/88 [00:22<00:01,  3.73it/s, loss=1.721]
  epoch 2/3:  94%|█████████▍| 83/88 [00:22<00:01,  3.74it/s, loss=1.721]
  epoch 2/3:  94%|█████████▍| 83/88 [00:22<00:01,  3.74it/s, loss=1.721]
  epoch 2/3:  95%|█████████▌| 84/88 [00:22<00:01,  3.74it/s, loss=1.721]
  epoch 2/3:  95%|█████████▌| 84/88 [00:22<00:01,  3.74it/s, loss=1.721]
  epoch 2/3:  97%|█████████▋| 85/88 [00:22<00:00,  3.73it/s, loss=1.721]
  epoch 2/3:  97%|█████████▋| 85/88 [00:23<00:00,  3.73it/s, loss=1.722]
  epoch 2/3:  98%|█████████▊| 86/88 [00:23<00:00,  3.72it/s, loss=1.722]
  epoch 2/3:  98%|█████████▊| 86/88 [00:23<00:00,  3.72it/s, loss=1.720]
  epoch 2/3:  99%|█████████▉| 87/88 [00:23<00:00,  3.74it/s, loss=1.720]
  epoch 2/3:  99%|█████████▉| 87/88 [00:23<00:00,  3.74it/s, loss=1.721]
  epoch 2/3: 100%|██████████| 88/88 [00:23<00:00,  4.03it/s, loss=1.721]
                                                                        

  epoch 3/3:   0%|          | 0/88 [00:00<?, ?it/s]
  epoch 3/3:   0%|          | 0/88 [00:00<?, ?it/s, loss=1.676]
  epoch 3/3:   1%|          | 1/88 [00:00<00:43,  2.01it/s, loss=1.676]
  epoch 3/3:   1%|          | 1/88 [00:00<00:43,  2.01it/s, loss=1.648]
  epoch 3/3:   2%|▏         | 2/88 [00:00<00:31,  2.76it/s, loss=1.648]
  epoch 3/3:   2%|▏         | 2/88 [00:01<00:31,  2.76it/s, loss=1.614]
  epoch 3/3:   3%|▎         | 3/88 [00:01<00:27,  3.15it/s, loss=1.614]
  epoch 3/3:   3%|▎         | 3/88 [00:01<00:27,  3.15it/s, loss=1.635]
  epoch 3/3:   5%|▍         | 4/88 [00:01<00:25,  3.36it/s, loss=1.635]
  epoch 3/3:   5%|▍         | 4/88 [00:01<00:25,  3.36it/s, loss=1.649]
  epoch 3/3:   6%|▌         | 5/88 [00:01<00:23,  3.49it/s, loss=1.649]
  epoch 3/3:   6%|▌         | 5/88 [00:01<00:23,  3.49it/s, loss=1.659]
  epoch 3/3:   7%|▋         | 6/88 [00:01<00:23,  3.55it/s, loss=1.659]
  epoch 3/3:   7%|▋         | 6/88 [00:02<00:23,  3.55it/s, loss=1.653]
  epoch 3/3:   8%|▊         | 7/88 [00:02<00:22,  3.62it/s, loss=1.653]
  epoch 3/3:   8%|▊         | 7/88 [00:02<00:22,  3.62it/s, loss=1.656]
  epoch 3/3:   9%|▉         | 8/88 [00:02<00:21,  3.66it/s, loss=1.656]
  epoch 3/3:   9%|▉         | 8/88 [00:02<00:21,  3.66it/s, loss=1.669]
  epoch 3/3:  10%|█         | 9/88 [00:02<00:21,  3.69it/s, loss=1.669]
  epoch 3/3:  10%|█         | 9/88 [00:02<00:21,  3.69it/s, loss=1.673]
  epoch 3/3:  11%|█▏        | 10/88 [00:02<00:21,  3.70it/s, loss=1.673]
  epoch 3/3:  11%|█▏        | 10/88 [00:03<00:21,  3.70it/s, loss=1.683]
  epoch 3/3:  12%|█▎        | 11/88 [00:03<00:20,  3.71it/s, loss=1.683]
  epoch 3/3:  12%|█▎        | 11/88 [00:03<00:20,  3.71it/s, loss=1.686]
  epoch 3/3:  14%|█▎        | 12/88 [00:03<00:20,  3.71it/s, loss=1.686]
  epoch 3/3:  14%|█▎        | 12/88 [00:03<00:20,  3.71it/s, loss=1.687]
  epoch 3/3:  15%|█▍        | 13/88 [00:03<00:20,  3.73it/s, loss=1.687]
  epoch 3/3:  15%|█▍        | 13/88 [00:03<00:20,  3.73it/s, loss=1.690]
  epoch 3/3:  16%|█▌        | 14/88 [00:03<00:19,  3.73it/s, loss=1.690]
  epoch 3/3:  16%|█▌        | 14/88 [00:04<00:19,  3.73it/s, loss=1.690]
  epoch 3/3:  17%|█▋        | 15/88 [00:04<00:19,  3.73it/s, loss=1.690]
  epoch 3/3:  17%|█▋        | 15/88 [00:04<00:19,  3.73it/s, loss=1.690]
  epoch 3/3:  18%|█▊        | 16/88 [00:04<00:19,  3.67it/s, loss=1.690]
  epoch 3/3:  18%|█▊        | 16/88 [00:04<00:19,  3.67it/s, loss=1.685]
  epoch 3/3:  19%|█▉        | 17/88 [00:04<00:19,  3.69it/s, loss=1.685]
  epoch 3/3:  19%|█▉        | 17/88 [00:05<00:19,  3.69it/s, loss=1.685]
  epoch 3/3:  20%|██        | 18/88 [00:05<00:18,  3.70it/s, loss=1.685]
  epoch 3/3:  20%|██        | 18/88 [00:05<00:18,  3.70it/s, loss=1.687]
  epoch 3/3:  22%|██▏       | 19/88 [00:05<00:18,  3.72it/s, loss=1.687]
  epoch 3/3:  22%|██▏       | 19/88 [00:05<00:18,  3.72it/s, loss=1.680]
  epoch 3/3:  23%|██▎       | 20/88 [00:05<00:18,  3.73it/s, loss=1.680]
  epoch 3/3:  23%|██▎       | 20/88 [00:05<00:18,  3.73it/s, loss=1.677]
  epoch 3/3:  24%|██▍       | 21/88 [00:05<00:18,  3.72it/s, loss=1.677]
  epoch 3/3:  24%|██▍       | 21/88 [00:06<00:18,  3.72it/s, loss=1.675]
  epoch 3/3:  25%|██▌       | 22/88 [00:06<00:17,  3.71it/s, loss=1.675]
  epoch 3/3:  25%|██▌       | 22/88 [00:06<00:17,  3.71it/s, loss=1.678]
  epoch 3/3:  26%|██▌       | 23/88 [00:06<00:17,  3.73it/s, loss=1.678]
  epoch 3/3:  26%|██▌       | 23/88 [00:06<00:17,  3.73it/s, loss=1.680]
  epoch 3/3:  27%|██▋       | 24/88 [00:06<00:17,  3.73it/s, loss=1.680]
  epoch 3/3:  27%|██▋       | 24/88 [00:06<00:17,  3.73it/s, loss=1.682]
  epoch 3/3:  28%|██▊       | 25/88 [00:06<00:16,  3.72it/s, loss=1.682]
  epoch 3/3:  28%|██▊       | 25/88 [00:07<00:16,  3.72it/s, loss=1.677]
  epoch 3/3:  30%|██▉       | 26/88 [00:07<00:16,  3.72it/s, loss=1.677]
  epoch 3/3:  30%|██▉       | 26/88 [00:07<00:16,  3.72it/s, loss=1.681]
  epoch 3/3:  31%|███       | 27/88 [00:07<00:16,  3.74it/s, loss=1.681]
  epoch 3/3:  31%|███       | 27/88 [00:07<00:16,  3.74it/s, loss=1.680]
  epoch 3/3:  32%|███▏      | 28/88 [00:07<00:16,  3.73it/s, loss=1.680]
  epoch 3/3:  32%|███▏      | 28/88 [00:08<00:16,  3.73it/s, loss=1.678]
  epoch 3/3:  33%|███▎      | 29/88 [00:08<00:15,  3.72it/s, loss=1.678]
  epoch 3/3:  33%|███▎      | 29/88 [00:08<00:15,  3.72it/s, loss=1.676]
  epoch 3/3:  34%|███▍      | 30/88 [00:08<00:15,  3.72it/s, loss=1.676]
  epoch 3/3:  34%|███▍      | 30/88 [00:08<00:15,  3.72it/s, loss=1.675]
  epoch 3/3:  35%|███▌      | 31/88 [00:08<00:15,  3.73it/s, loss=1.675]
  epoch 3/3:  35%|███▌      | 31/88 [00:08<00:15,  3.73it/s, loss=1.678]
  epoch 3/3:  36%|███▋      | 32/88 [00:08<00:15,  3.67it/s, loss=1.678]
  epoch 3/3:  36%|███▋      | 32/88 [00:09<00:15,  3.67it/s, loss=1.682]
  epoch 3/3:  38%|███▊      | 33/88 [00:09<00:14,  3.71it/s, loss=1.682]
  epoch 3/3:  38%|███▊      | 33/88 [00:09<00:14,  3.71it/s, loss=1.683]
  epoch 3/3:  39%|███▊      | 34/88 [00:09<00:14,  3.72it/s, loss=1.683]
  epoch 3/3:  39%|███▊      | 34/88 [00:09<00:14,  3.72it/s, loss=1.680]
  epoch 3/3:  40%|███▉      | 35/88 [00:09<00:14,  3.73it/s, loss=1.680]
  epoch 3/3:  40%|███▉      | 35/88 [00:09<00:14,  3.73it/s, loss=1.682]
  epoch 3/3:  41%|████      | 36/88 [00:09<00:13,  3.72it/s, loss=1.682]
  epoch 3/3:  41%|████      | 36/88 [00:10<00:13,  3.72it/s, loss=1.682]
  epoch 3/3:  42%|████▏     | 37/88 [00:10<00:13,  3.72it/s, loss=1.682]
  epoch 3/3:  42%|████▏     | 37/88 [00:10<00:13,  3.72it/s, loss=1.682]
  epoch 3/3:  43%|████▎     | 38/88 [00:10<00:13,  3.73it/s, loss=1.682]
  epoch 3/3:  43%|████▎     | 38/88 [00:10<00:13,  3.73it/s, loss=1.681]
  epoch 3/3:  44%|████▍     | 39/88 [00:10<00:13,  3.74it/s, loss=1.681]
  epoch 3/3:  44%|████▍     | 39/88 [00:10<00:13,  3.74it/s, loss=1.678]
  epoch 3/3:  45%|████▌     | 40/88 [00:10<00:12,  3.73it/s, loss=1.678]
  epoch 3/3:  45%|████▌     | 40/88 [00:11<00:12,  3.73it/s, loss=1.677]
  epoch 3/3:  47%|████▋     | 41/88 [00:11<00:12,  3.71it/s, loss=1.677]
  epoch 3/3:  47%|████▋     | 41/88 [00:11<00:12,  3.71it/s, loss=1.677]
  epoch 3/3:  48%|████▊     | 42/88 [00:11<00:12,  3.72it/s, loss=1.677]
  epoch 3/3:  48%|████▊     | 42/88 [00:11<00:12,  3.72it/s, loss=1.677]
  epoch 3/3:  49%|████▉     | 43/88 [00:11<00:12,  3.72it/s, loss=1.677]
  epoch 3/3:  49%|████▉     | 43/88 [00:12<00:12,  3.72it/s, loss=1.677]
  epoch 3/3:  50%|█████     | 44/88 [00:12<00:11,  3.72it/s, loss=1.677]
  epoch 3/3:  50%|█████     | 44/88 [00:12<00:11,  3.72it/s, loss=1.675]
  epoch 3/3:  51%|█████     | 45/88 [00:12<00:11,  3.72it/s, loss=1.675]
  epoch 3/3:  51%|█████     | 45/88 [00:12<00:11,  3.72it/s, loss=1.676]
  epoch 3/3:  52%|█████▏    | 46/88 [00:12<00:11,  3.74it/s, loss=1.676]
  epoch 3/3:  52%|█████▏    | 46/88 [00:12<00:11,  3.74it/s, loss=1.675]
  epoch 3/3:  53%|█████▎    | 47/88 [00:12<00:10,  3.76it/s, loss=1.675]
  epoch 3/3:  53%|█████▎    | 47/88 [00:13<00:10,  3.76it/s, loss=1.675]
  epoch 3/3:  55%|█████▍    | 48/88 [00:13<00:10,  3.71it/s, loss=1.675]
  epoch 3/3:  55%|█████▍    | 48/88 [00:13<00:10,  3.71it/s, loss=1.674]
  epoch 3/3:  56%|█████▌    | 49/88 [00:13<00:10,  3.71it/s, loss=1.674]
  epoch 3/3:  56%|█████▌    | 49/88 [00:13<00:10,  3.71it/s, loss=1.671]
  epoch 3/3:  57%|█████▋    | 50/88 [00:13<00:10,  3.73it/s, loss=1.671]
  epoch 3/3:  57%|█████▋    | 50/88 [00:13<00:10,  3.73it/s, loss=1.672]
  epoch 3/3:  58%|█████▊    | 51/88 [00:13<00:09,  3.73it/s, loss=1.672]
  epoch 3/3:  58%|█████▊    | 51/88 [00:14<00:09,  3.73it/s, loss=1.674]
  epoch 3/3:  59%|█████▉    | 52/88 [00:14<00:09,  3.72it/s, loss=1.674]
  epoch 3/3:  59%|█████▉    | 52/88 [00:14<00:09,  3.72it/s, loss=1.676]
  epoch 3/3:  60%|██████    | 53/88 [00:14<00:09,  3.72it/s, loss=1.676]
  epoch 3/3:  60%|██████    | 53/88 [00:14<00:09,  3.72it/s, loss=1.679]
  epoch 3/3:  61%|██████▏   | 54/88 [00:14<00:09,  3.74it/s, loss=1.679]
  epoch 3/3:  61%|██████▏   | 54/88 [00:14<00:09,  3.74it/s, loss=1.681]
  epoch 3/3:  62%|██████▎   | 55/88 [00:14<00:08,  3.73it/s, loss=1.681]
  epoch 3/3:  62%|██████▎   | 55/88 [00:15<00:08,  3.73it/s, loss=1.682]
  epoch 3/3:  64%|██████▎   | 56/88 [00:15<00:08,  3.72it/s, loss=1.682]
  epoch 3/3:  64%|██████▎   | 56/88 [00:15<00:08,  3.72it/s, loss=1.684]
  epoch 3/3:  65%|██████▍   | 57/88 [00:15<00:08,  3.71it/s, loss=1.684]
  epoch 3/3:  65%|██████▍   | 57/88 [00:15<00:08,  3.71it/s, loss=1.683]
  epoch 3/3:  66%|██████▌   | 58/88 [00:15<00:08,  3.72it/s, loss=1.683]
  epoch 3/3:  66%|██████▌   | 58/88 [00:16<00:08,  3.72it/s, loss=1.685]
  epoch 3/3:  67%|██████▋   | 59/88 [00:16<00:07,  3.71it/s, loss=1.685]
  epoch 3/3:  67%|██████▋   | 59/88 [00:16<00:07,  3.71it/s, loss=1.684]
  epoch 3/3:  68%|██████▊   | 60/88 [00:16<00:07,  3.70it/s, loss=1.684]
  epoch 3/3:  68%|██████▊   | 60/88 [00:16<00:07,  3.70it/s, loss=1.686]
  epoch 3/3:  69%|██████▉   | 61/88 [00:16<00:07,  3.72it/s, loss=1.686]
  epoch 3/3:  69%|██████▉   | 61/88 [00:16<00:07,  3.72it/s, loss=1.682]
  epoch 3/3:  70%|███████   | 62/88 [00:16<00:06,  3.71it/s, loss=1.682]
  epoch 3/3:  70%|███████   | 62/88 [00:17<00:06,  3.71it/s, loss=1.680]
  epoch 3/3:  72%|███████▏  | 63/88 [00:17<00:06,  3.70it/s, loss=1.680]
  epoch 3/3:  72%|███████▏  | 63/88 [00:17<00:06,  3.70it/s, loss=1.680]
  epoch 3/3:  73%|███████▎  | 64/88 [00:17<00:06,  3.66it/s, loss=1.680]
  epoch 3/3:  73%|███████▎  | 64/88 [00:17<00:06,  3.66it/s, loss=1.679]
  epoch 3/3:  74%|███████▍  | 65/88 [00:17<00:06,  3.68it/s, loss=1.679]
  epoch 3/3:  74%|███████▍  | 65/88 [00:17<00:06,  3.68it/s, loss=1.680]
  epoch 3/3:  75%|███████▌  | 66/88 [00:17<00:05,  3.71it/s, loss=1.680]
  epoch 3/3:  75%|███████▌  | 66/88 [00:18<00:05,  3.71it/s, loss=1.680]
  epoch 3/3:  76%|███████▌  | 67/88 [00:18<00:05,  3.72it/s, loss=1.680]
  epoch 3/3:  76%|███████▌  | 67/88 [00:18<00:05,  3.72it/s, loss=1.683]
  epoch 3/3:  77%|███████▋  | 68/88 [00:18<00:05,  3.72it/s, loss=1.683]
  epoch 3/3:  77%|███████▋  | 68/88 [00:18<00:05,  3.72it/s, loss=1.682]
  epoch 3/3:  78%|███████▊  | 69/88 [00:18<00:05,  3.72it/s, loss=1.682]
  epoch 3/3:  78%|███████▊  | 69/88 [00:19<00:05,  3.72it/s, loss=1.681]
  epoch 3/3:  80%|███████▉  | 70/88 [00:19<00:04,  3.73it/s, loss=1.681]
  epoch 3/3:  80%|███████▉  | 70/88 [00:19<00:04,  3.73it/s, loss=1.682]
  epoch 3/3:  81%|████████  | 71/88 [00:19<00:04,  3.73it/s, loss=1.682]
  epoch 3/3:  81%|████████  | 71/88 [00:19<00:04,  3.73it/s, loss=1.683]
  epoch 3/3:  82%|████████▏ | 72/88 [00:19<00:04,  3.73it/s, loss=1.683]
  epoch 3/3:  82%|████████▏ | 72/88 [00:19<00:04,  3.73it/s, loss=1.684]
  epoch 3/3:  83%|████████▎ | 73/88 [00:19<00:04,  3.73it/s, loss=1.684]
  epoch 3/3:  83%|████████▎ | 73/88 [00:20<00:04,  3.73it/s, loss=1.684]
  epoch 3/3:  84%|████████▍ | 74/88 [00:20<00:03,  3.72it/s, loss=1.684]
  epoch 3/3:  84%|████████▍ | 74/88 [00:20<00:03,  3.72it/s, loss=1.686]
  epoch 3/3:  85%|████████▌ | 75/88 [00:20<00:03,  3.74it/s, loss=1.686]
  epoch 3/3:  85%|████████▌ | 75/88 [00:20<00:03,  3.74it/s, loss=1.685]
  epoch 3/3:  86%|████████▋ | 76/88 [00:20<00:03,  3.74it/s, loss=1.685]
  epoch 3/3:  86%|████████▋ | 76/88 [00:20<00:03,  3.74it/s, loss=1.686]
  epoch 3/3:  88%|████████▊ | 77/88 [00:20<00:02,  3.74it/s, loss=1.686]
  epoch 3/3:  88%|████████▊ | 77/88 [00:21<00:02,  3.74it/s, loss=1.685]
  epoch 3/3:  89%|████████▊ | 78/88 [00:21<00:02,  3.73it/s, loss=1.685]
  epoch 3/3:  89%|████████▊ | 78/88 [00:21<00:02,  3.73it/s, loss=1.686]
  epoch 3/3:  90%|████████▉ | 79/88 [00:21<00:02,  3.73it/s, loss=1.686]
  epoch 3/3:  90%|████████▉ | 79/88 [00:21<00:02,  3.73it/s, loss=1.684]
  epoch 3/3:  91%|█████████ | 80/88 [00:21<00:02,  3.70it/s, loss=1.684]
  epoch 3/3:  91%|█████████ | 80/88 [00:21<00:02,  3.70it/s, loss=1.684]
  epoch 3/3:  92%|█████████▏| 81/88 [00:21<00:01,  3.71it/s, loss=1.684]
  epoch 3/3:  92%|█████████▏| 81/88 [00:22<00:01,  3.71it/s, loss=1.684]
  epoch 3/3:  93%|█████████▎| 82/88 [00:22<00:01,  3.72it/s, loss=1.684]
  epoch 3/3:  93%|█████████▎| 82/88 [00:22<00:01,  3.72it/s, loss=1.683]
  epoch 3/3:  94%|█████████▍| 83/88 [00:22<00:01,  3.73it/s, loss=1.683]
  epoch 3/3:  94%|█████████▍| 83/88 [00:22<00:01,  3.73it/s, loss=1.681]
  epoch 3/3:  95%|█████████▌| 84/88 [00:22<00:01,  3.74it/s, loss=1.681]
  epoch 3/3:  95%|█████████▌| 84/88 [00:23<00:01,  3.74it/s, loss=1.681]
  epoch 3/3:  97%|█████████▋| 85/88 [00:23<00:00,  3.74it/s, loss=1.681]
  epoch 3/3:  97%|█████████▋| 85/88 [00:23<00:00,  3.74it/s, loss=1.679]
  epoch 3/3:  98%|█████████▊| 86/88 [00:23<00:00,  3.73it/s, loss=1.679]
  epoch 3/3:  98%|█████████▊| 86/88 [00:23<00:00,  3.73it/s, loss=1.681]
  epoch 3/3:  99%|█████████▉| 87/88 [00:23<00:00,  3.72it/s, loss=1.681]
  epoch 3/3:  99%|█████████▉| 87/88 [00:23<00:00,  3.72it/s, loss=1.681]
  epoch 3/3: 100%|██████████| 88/88 [00:23<00:00,  4.07it/s, loss=1.681]
                                                                        
[titans] reset=never | norm(state) sau task = 132.0110
[titans]   self-mod v:β=1.00 |W|=0.05
[titans]   eta_t(avg)=0.1813  alpha_t/forget-gate(avg)=0.5869
[task 4] test acc so far: 0.069  0.197  0.009  0.026  0.031
[task 4] NCM-head acc so far: 0.729  0.780  0.769  0.709  0.700
[task 5] classes=[0, 19, 22, 33, 38] | train=2800

  epoch 1/3:   0%|          | 0/88 [00:00<?, ?it/s]
  epoch 1/3:   0%|          | 0/88 [00:00<?, ?it/s, loss=1.952]
  epoch 1/3:   1%|          | 1/88 [00:00<00:42,  2.06it/s, loss=1.952]
  epoch 1/3:   1%|          | 1/88 [00:00<00:42,  2.06it/s, loss=1.846]
  epoch 1/3:   2%|▏         | 2/88 [00:00<00:30,  2.82it/s, loss=1.846]
  epoch 1/3:   2%|▏         | 2/88 [00:01<00:30,  2.82it/s, loss=1.796]
  epoch 1/3:   3%|▎         | 3/88 [00:01<00:26,  3.17it/s, loss=1.796]
  epoch 1/3:   3%|▎         | 3/88 [00:01<00:26,  3.17it/s, loss=1.869]
  epoch 1/3:   5%|▍         | 4/88 [00:01<00:24,  3.37it/s, loss=1.869]
  epoch 1/3:   5%|▍         | 4/88 [00:01<00:24,  3.37it/s, loss=1.844]
  epoch 1/3:   6%|▌         | 5/88 [00:01<00:23,  3.48it/s, loss=1.844]
  epoch 1/3:   6%|▌         | 5/88 [00:01<00:23,  3.48it/s, loss=1.871]
  epoch 1/3:   7%|▋         | 6/88 [00:01<00:23,  3.57it/s, loss=1.871]
  epoch 1/3:   7%|▋         | 6/88 [00:02<00:23,  3.57it/s, loss=1.828]
  epoch 1/3:   8%|▊         | 7/88 [00:02<00:22,  3.63it/s, loss=1.828]
  epoch 1/3:   8%|▊         | 7/88 [00:02<00:22,  3.63it/s, loss=1.825]
  epoch 1/3:   9%|▉         | 8/88 [00:02<00:22,  3.62it/s, loss=1.825]
  epoch 1/3:   9%|▉         | 8/88 [00:02<00:22,  3.62it/s, loss=1.798]
  epoch 1/3:  10%|█         | 9/88 [00:02<00:21,  3.65it/s, loss=1.798]
  epoch 1/3:  10%|█         | 9/88 [00:02<00:21,  3.65it/s, loss=1.787]
  epoch 1/3:  11%|█▏        | 10/88 [00:02<00:21,  3.68it/s, loss=1.787]
  epoch 1/3:  11%|█▏        | 10/88 [00:03<00:21,  3.68it/s, loss=1.791]
  epoch 1/3:  12%|█▎        | 11/88 [00:03<00:20,  3.68it/s, loss=1.791]
  epoch 1/3:  12%|█▎        | 11/88 [00:03<00:20,  3.68it/s, loss=1.811]
  epoch 1/3:  14%|█▎        | 12/88 [00:03<00:20,  3.68it/s, loss=1.811]
  epoch 1/3:  14%|█▎        | 12/88 [00:03<00:20,  3.68it/s, loss=1.789]
  epoch 1/3:  15%|█▍        | 13/88 [00:03<00:20,  3.70it/s, loss=1.789]
  epoch 1/3:  15%|█▍        | 13/88 [00:03<00:20,  3.70it/s, loss=1.787]
  epoch 1/3:  16%|█▌        | 14/88 [00:03<00:19,  3.71it/s, loss=1.787]
  epoch 1/3:  16%|█▌        | 14/88 [00:04<00:19,  3.71it/s, loss=1.770]
  epoch 1/3:  17%|█▋        | 15/88 [00:04<00:19,  3.70it/s, loss=1.770]
  epoch 1/3:  17%|█▋        | 15/88 [00:04<00:19,  3.70it/s, loss=1.774]
  epoch 1/3:  18%|█▊        | 16/88 [00:04<00:19,  3.70it/s, loss=1.774]
  epoch 1/3:  18%|█▊        | 16/88 [00:04<00:19,  3.70it/s, loss=1.782]
  epoch 1/3:  19%|█▉        | 17/88 [00:04<00:19,  3.72it/s, loss=1.782]
  epoch 1/3:  19%|█▉        | 17/88 [00:05<00:19,  3.72it/s, loss=1.787]
  epoch 1/3:  20%|██        | 18/88 [00:05<00:18,  3.72it/s, loss=1.787]
  epoch 1/3:  20%|██        | 18/88 [00:05<00:18,  3.72it/s, loss=1.783]
  epoch 1/3:  22%|██▏       | 19/88 [00:05<00:18,  3.70it/s, loss=1.783]
  epoch 1/3:  22%|██▏       | 19/88 [00:05<00:18,  3.70it/s, loss=1.773]
  epoch 1/3:  23%|██▎       | 20/88 [00:05<00:18,  3.72it/s, loss=1.773]
  epoch 1/3:  23%|██▎       | 20/88 [00:05<00:18,  3.72it/s, loss=1.770]
  epoch 1/3:  24%|██▍       | 21/88 [00:05<00:17,  3.73it/s, loss=1.770]
  epoch 1/3:  24%|██▍       | 21/88 [00:06<00:17,  3.73it/s, loss=1.766]
  epoch 1/3:  25%|██▌       | 22/88 [00:06<00:17,  3.72it/s, loss=1.766]
  epoch 1/3:  25%|██▌       | 22/88 [00:06<00:17,  3.72it/s, loss=1.767]
  epoch 1/3:  26%|██▌       | 23/88 [00:06<00:17,  3.72it/s, loss=1.767]
  epoch 1/3:  26%|██▌       | 23/88 [00:06<00:17,  3.72it/s, loss=1.765]
  epoch 1/3:  27%|██▋       | 24/88 [00:06<00:17,  3.67it/s, loss=1.765]
  epoch 1/3:  27%|██▋       | 24/88 [00:06<00:17,  3.67it/s, loss=1.769]
  epoch 1/3:  28%|██▊       | 25/88 [00:06<00:17,  3.69it/s, loss=1.769]
  epoch 1/3:  28%|██▊       | 25/88 [00:07<00:17,  3.69it/s, loss=1.771]
  epoch 1/3:  30%|██▉       | 26/88 [00:07<00:16,  3.70it/s, loss=1.771]
  epoch 1/3:  30%|██▉       | 26/88 [00:07<00:16,  3.70it/s, loss=1.770]
  epoch 1/3:  31%|███       | 27/88 [00:07<00:16,  3.73it/s, loss=1.770]
  epoch 1/3:  31%|███       | 27/88 [00:07<00:16,  3.73it/s, loss=1.767]
  epoch 1/3:  32%|███▏      | 28/88 [00:07<00:16,  3.74it/s, loss=1.767]
  epoch 1/3:  32%|███▏      | 28/88 [00:08<00:16,  3.74it/s, loss=1.766]
  epoch 1/3:  33%|███▎      | 29/88 [00:08<00:15,  3.73it/s, loss=1.766]
  epoch 1/3:  33%|███▎      | 29/88 [00:08<00:15,  3.73it/s, loss=1.757]
  epoch 1/3:  34%|███▍      | 30/88 [00:08<00:15,  3.71it/s, loss=1.757]
  epoch 1/3:  34%|███▍      | 30/88 [00:08<00:15,  3.71it/s, loss=1.754]
  epoch 1/3:  35%|███▌      | 31/88 [00:08<00:15,  3.73it/s, loss=1.754]
  epoch 1/3:  35%|███▌      | 31/88 [00:08<00:15,  3.73it/s, loss=1.762]
  epoch 1/3:  36%|███▋      | 32/88 [00:08<00:15,  3.73it/s, loss=1.762]
  epoch 1/3:  36%|███▋      | 32/88 [00:09<00:15,  3.73it/s, loss=1.763]
  epoch 1/3:  38%|███▊      | 33/88 [00:09<00:14,  3.73it/s, loss=1.763]
  epoch 1/3:  38%|███▊      | 33/88 [00:09<00:14,  3.73it/s, loss=1.762]
  epoch 1/3:  39%|███▊      | 34/88 [00:09<00:14,  3.73it/s, loss=1.762]
  epoch 1/3:  39%|███▊      | 34/88 [00:09<00:14,  3.73it/s, loss=1.769]
  epoch 1/3:  40%|███▉      | 35/88 [00:09<00:14,  3.73it/s, loss=1.769]
  epoch 1/3:  40%|███▉      | 35/88 [00:09<00:14,  3.73it/s, loss=1.773]
  epoch 1/3:  41%|████      | 36/88 [00:09<00:13,  3.73it/s, loss=1.773]
  epoch 1/3:  41%|████      | 36/88 [00:10<00:13,  3.73it/s, loss=1.768]
  epoch 1/3:  42%|████▏     | 37/88 [00:10<00:13,  3.73it/s, loss=1.768]
  epoch 1/3:  42%|████▏     | 37/88 [00:10<00:13,  3.73it/s, loss=1.774]
  epoch 1/3:  43%|████▎     | 38/88 [00:10<00:13,  3.72it/s, loss=1.774]
  epoch 1/3:  43%|████▎     | 38/88 [00:10<00:13,  3.72it/s, loss=1.774]
  epoch 1/3:  44%|████▍     | 39/88 [00:10<00:13,  3.73it/s, loss=1.774]
  epoch 1/3:  44%|████▍     | 39/88 [00:10<00:13,  3.73it/s, loss=1.780]
  epoch 1/3:  45%|████▌     | 40/88 [00:10<00:13,  3.68it/s, loss=1.780]
  epoch 1/3:  45%|████▌     | 40/88 [00:11<00:13,  3.68it/s, loss=1.780]
  epoch 1/3:  47%|████▋     | 41/88 [00:11<00:12,  3.69it/s, loss=1.780]
  epoch 1/3:  47%|████▋     | 41/88 [00:11<00:12,  3.69it/s, loss=1.783]
  epoch 1/3:  48%|████▊     | 42/88 [00:11<00:12,  3.72it/s, loss=1.783]
  epoch 1/3:  48%|████▊     | 42/88 [00:11<00:12,  3.72it/s, loss=1.788]
  epoch 1/3:  49%|████▉     | 43/88 [00:11<00:12,  3.70it/s, loss=1.788]
  epoch 1/3:  49%|████▉     | 43/88 [00:12<00:12,  3.70it/s, loss=1.787]
  epoch 1/3:  50%|█████     | 44/88 [00:12<00:11,  3.70it/s, loss=1.787]
  epoch 1/3:  50%|█████     | 44/88 [00:12<00:11,  3.70it/s, loss=1.785]
  epoch 1/3:  51%|█████     | 45/88 [00:12<00:11,  3.71it/s, loss=1.785]
  epoch 1/3:  51%|█████     | 45/88 [00:12<00:11,  3.71it/s, loss=1.784]
  epoch 1/3:  52%|█████▏    | 46/88 [00:12<00:11,  3.72it/s, loss=1.784]
  epoch 1/3:  52%|█████▏    | 46/88 [00:12<00:11,  3.72it/s, loss=1.783]
  epoch 1/3:  53%|█████▎    | 47/88 [00:12<00:11,  3.71it/s, loss=1.783]
  epoch 1/3:  53%|█████▎    | 47/88 [00:13<00:11,  3.71it/s, loss=1.785]
  epoch 1/3:  55%|█████▍    | 48/88 [00:13<00:10,  3.71it/s, loss=1.785]
  epoch 1/3:  55%|█████▍    | 48/88 [00:13<00:10,  3.71it/s, loss=1.786]
  epoch 1/3:  56%|█████▌    | 49/88 [00:13<00:10,  3.71it/s, loss=1.786]
  epoch 1/3:  56%|█████▌    | 49/88 [00:13<00:10,  3.71it/s, loss=1.783]
  epoch 1/3:  57%|█████▋    | 50/88 [00:13<00:10,  3.70it/s, loss=1.783]
  epoch 1/3:  57%|█████▋    | 50/88 [00:13<00:10,  3.70it/s, loss=1.780]
  epoch 1/3:  58%|█████▊    | 51/88 [00:13<00:09,  3.71it/s, loss=1.780]
  epoch 1/3:  58%|█████▊    | 51/88 [00:14<00:09,  3.71it/s, loss=1.778]
  epoch 1/3:  59%|█████▉    | 52/88 [00:14<00:09,  3.73it/s, loss=1.778]
  epoch 1/3:  59%|█████▉    | 52/88 [00:14<00:09,  3.73it/s, loss=1.777]
  epoch 1/3:  60%|██████    | 53/88 [00:14<00:09,  3.73it/s, loss=1.777]
  epoch 1/3:  60%|██████    | 53/88 [00:14<00:09,  3.73it/s, loss=1.774]
  epoch 1/3:  61%|██████▏   | 54/88 [00:14<00:09,  3.72it/s, loss=1.774]
  epoch 1/3:  61%|██████▏   | 54/88 [00:15<00:09,  3.72it/s, loss=1.770]
  epoch 1/3:  62%|██████▎   | 55/88 [00:15<00:08,  3.72it/s, loss=1.770]
  epoch 1/3:  62%|██████▎   | 55/88 [00:15<00:08,  3.72it/s, loss=1.767]
  epoch 1/3:  64%|██████▎   | 56/88 [00:15<00:08,  3.67it/s, loss=1.767]
  epoch 1/3:  64%|██████▎   | 56/88 [00:15<00:08,  3.67it/s, loss=1.765]
  epoch 1/3:  65%|██████▍   | 57/88 [00:15<00:08,  3.69it/s, loss=1.765]
  epoch 1/3:  65%|██████▍   | 57/88 [00:15<00:08,  3.69it/s, loss=1.763]
  epoch 1/3:  66%|██████▌   | 58/88 [00:15<00:08,  3.69it/s, loss=1.763]
  epoch 1/3:  66%|██████▌   | 58/88 [00:16<00:08,  3.69it/s, loss=1.761]
  epoch 1/3:  67%|██████▋   | 59/88 [00:16<00:07,  3.70it/s, loss=1.761]
  epoch 1/3:  67%|██████▋   | 59/88 [00:16<00:07,  3.70it/s, loss=1.760]
  epoch 1/3:  68%|██████▊   | 60/88 [00:16<00:07,  3.70it/s, loss=1.760]
  epoch 1/3:  68%|██████▊   | 60/88 [00:16<00:07,  3.70it/s, loss=1.764]
  epoch 1/3:  69%|██████▉   | 61/88 [00:16<00:07,  3.72it/s, loss=1.764]
  epoch 1/3:  69%|██████▉   | 61/88 [00:16<00:07,  3.72it/s, loss=1.764]
  epoch 1/3:  70%|███████   | 62/88 [00:16<00:06,  3.72it/s, loss=1.764]
  epoch 1/3:  70%|███████   | 62/88 [00:17<00:06,  3.72it/s, loss=1.765]
  epoch 1/3:  72%|███████▏  | 63/88 [00:17<00:06,  3.71it/s, loss=1.765]
  epoch 1/3:  72%|███████▏  | 63/88 [00:17<00:06,  3.71it/s, loss=1.763]
  epoch 1/3:  73%|███████▎  | 64/88 [00:17<00:06,  3.71it/s, loss=1.763]
  epoch 1/3:  73%|███████▎  | 64/88 [00:17<00:06,  3.71it/s, loss=1.763]
  epoch 1/3:  74%|███████▍  | 65/88 [00:17<00:06,  3.73it/s, loss=1.763]
  epoch 1/3:  74%|███████▍  | 65/88 [00:17<00:06,  3.73it/s, loss=1.761]
  epoch 1/3:  75%|███████▌  | 66/88 [00:17<00:05,  3.72it/s, loss=1.761]
  epoch 1/3:  75%|███████▌  | 66/88 [00:18<00:05,  3.72it/s, loss=1.761]
  epoch 1/3:  76%|███████▌  | 67/88 [00:18<00:05,  3.70it/s, loss=1.761]
  epoch 1/3:  76%|███████▌  | 67/88 [00:18<00:05,  3.70it/s, loss=1.759]
  epoch 1/3:  77%|███████▋  | 68/88 [00:18<00:05,  3.70it/s, loss=1.759]
  epoch 1/3:  77%|███████▋  | 68/88 [00:18<00:05,  3.70it/s, loss=1.761]
  epoch 1/3:  78%|███████▊  | 69/88 [00:18<00:05,  3.69it/s, loss=1.761]
  epoch 1/3:  78%|███████▊  | 69/88 [00:19<00:05,  3.69it/s, loss=1.760]
  epoch 1/3:  80%|███████▉  | 70/88 [00:19<00:04,  3.71it/s, loss=1.760]
  epoch 1/3:  80%|███████▉  | 70/88 [00:19<00:04,  3.71it/s, loss=1.761]
  epoch 1/3:  81%|████████  | 71/88 [00:19<00:04,  3.71it/s, loss=1.761]
  epoch 1/3:  81%|████████  | 71/88 [00:19<00:04,  3.71it/s, loss=1.761]
  epoch 1/3:  82%|████████▏ | 72/88 [00:19<00:04,  3.67it/s, loss=1.761]
  epoch 1/3:  82%|████████▏ | 72/88 [00:19<00:04,  3.67it/s, loss=1.761]
  epoch 1/3:  83%|████████▎ | 73/88 [00:19<00:04,  3.69it/s, loss=1.761]
  epoch 1/3:  83%|████████▎ | 73/88 [00:20<00:04,  3.69it/s, loss=1.761]
  epoch 1/3:  84%|████████▍ | 74/88 [00:20<00:03,  3.69it/s, loss=1.761]
  epoch 1/3:  84%|████████▍ | 74/88 [00:20<00:03,  3.69it/s, loss=1.761]
  epoch 1/3:  85%|████████▌ | 75/88 [00:20<00:03,  3.70it/s, loss=1.761]
  epoch 1/3:  85%|████████▌ | 75/88 [00:20<00:03,  3.70it/s, loss=1.760]
  epoch 1/3:  86%|████████▋ | 76/88 [00:20<00:03,  3.70it/s, loss=1.760]
  epoch 1/3:  86%|████████▋ | 76/88 [00:20<00:03,  3.70it/s, loss=1.759]
  epoch 1/3:  88%|████████▊ | 77/88 [00:20<00:02,  3.70it/s, loss=1.759]
  epoch 1/3:  88%|████████▊ | 77/88 [00:21<00:02,  3.70it/s, loss=1.759]
  epoch 1/3:  89%|████████▊ | 78/88 [00:21<00:02,  3.70it/s, loss=1.759]
  epoch 1/3:  89%|████████▊ | 78/88 [00:21<00:02,  3.70it/s, loss=1.758]
  epoch 1/3:  90%|████████▉ | 79/88 [00:21<00:02,  3.70it/s, loss=1.758]
  epoch 1/3:  90%|████████▉ | 79/88 [00:21<00:02,  3.70it/s, loss=1.754]
  epoch 1/3:  91%|█████████ | 80/88 [00:21<00:02,  3.69it/s, loss=1.754]
  epoch 1/3:  91%|█████████ | 80/88 [00:22<00:02,  3.69it/s, loss=1.757]
  epoch 1/3:  92%|█████████▏| 81/88 [00:22<00:01,  3.71it/s, loss=1.757]
  epoch 1/3:  92%|█████████▏| 81/88 [00:22<00:01,  3.71it/s, loss=1.755]
  epoch 1/3:  93%|█████████▎| 82/88 [00:22<00:01,  3.72it/s, loss=1.755]
  epoch 1/3:  93%|█████████▎| 82/88 [00:22<00:01,  3.72it/s, loss=1.758]
  epoch 1/3:  94%|█████████▍| 83/88 [00:22<00:01,  3.72it/s, loss=1.758]
  epoch 1/3:  94%|█████████▍| 83/88 [00:22<00:01,  3.72it/s, loss=1.759]
  epoch 1/3:  95%|█████████▌| 84/88 [00:22<00:01,  3.70it/s, loss=1.759]
  epoch 1/3:  95%|█████████▌| 84/88 [00:23<00:01,  3.70it/s, loss=1.758]
  epoch 1/3:  97%|█████████▋| 85/88 [00:23<00:00,  3.72it/s, loss=1.758]
  epoch 1/3:  97%|█████████▋| 85/88 [00:23<00:00,  3.72it/s, loss=1.758]
  epoch 1/3:  98%|█████████▊| 86/88 [00:23<00:00,  3.73it/s, loss=1.758]
  epoch 1/3:  98%|█████████▊| 86/88 [00:23<00:00,  3.73it/s, loss=1.758]
  epoch 1/3:  99%|█████████▉| 87/88 [00:23<00:00,  3.70it/s, loss=1.758]
  epoch 1/3:  99%|█████████▉| 87/88 [00:23<00:00,  3.70it/s, loss=1.757]
  epoch 1/3: 100%|██████████| 88/88 [00:23<00:00,  3.99it/s, loss=1.757]
                                                                        

  epoch 2/3:   0%|          | 0/88 [00:00<?, ?it/s]
  epoch 2/3:   0%|          | 0/88 [00:00<?, ?it/s, loss=1.806]
  epoch 2/3:   1%|          | 1/88 [00:00<00:44,  1.97it/s, loss=1.806]
  epoch 2/3:   1%|          | 1/88 [00:00<00:44,  1.97it/s, loss=1.776]
  epoch 2/3:   2%|▏         | 2/88 [00:00<00:31,  2.73it/s, loss=1.776]
  epoch 2/3:   2%|▏         | 2/88 [00:01<00:31,  2.73it/s, loss=1.851]
  epoch 2/3:   3%|▎         | 3/88 [00:01<00:27,  3.13it/s, loss=1.851]
  epoch 2/3:   3%|▎         | 3/88 [00:01<00:27,  3.13it/s, loss=1.811]
  epoch 2/3:   5%|▍         | 4/88 [00:01<00:25,  3.33it/s, loss=1.811]
  epoch 2/3:   5%|▍         | 4/88 [00:01<00:25,  3.33it/s, loss=1.802]
  epoch 2/3:   6%|▌         | 5/88 [00:01<00:24,  3.44it/s, loss=1.802]
  epoch 2/3:   6%|▌         | 5/88 [00:01<00:24,  3.44it/s, loss=1.772]
  epoch 2/3:   7%|▋         | 6/88 [00:01<00:23,  3.54it/s, loss=1.772]
  epoch 2/3:   7%|▋         | 6/88 [00:02<00:23,  3.54it/s, loss=1.738]
  epoch 2/3:   8%|▊         | 7/88 [00:02<00:22,  3.61it/s, loss=1.738]
  epoch 2/3:   8%|▊         | 7/88 [00:02<00:22,  3.61it/s, loss=1.736]
  epoch 2/3:   9%|▉         | 8/88 [00:02<00:21,  3.64it/s, loss=1.736]
  epoch 2/3:   9%|▉         | 8/88 [00:02<00:21,  3.64it/s, loss=1.744]
  epoch 2/3:  10%|█         | 9/88 [00:02<00:21,  3.65it/s, loss=1.744]
  epoch 2/3:  10%|█         | 9/88 [00:02<00:21,  3.65it/s, loss=1.741]
  epoch 2/3:  11%|█▏        | 10/88 [00:02<00:21,  3.68it/s, loss=1.741]
  epoch 2/3:  11%|█▏        | 10/88 [00:03<00:21,  3.68it/s, loss=1.724]
  epoch 2/3:  12%|█▎        | 11/88 [00:03<00:20,  3.70it/s, loss=1.724]
  epoch 2/3:  12%|█▎        | 11/88 [00:03<00:20,  3.70it/s, loss=1.724]
  epoch 2/3:  14%|█▎        | 12/88 [00:03<00:20,  3.70it/s, loss=1.724]
  epoch 2/3:  14%|█▎        | 12/88 [00:03<00:20,  3.70it/s, loss=1.728]
  epoch 2/3:  15%|█▍        | 13/88 [00:03<00:20,  3.69it/s, loss=1.728]
  epoch 2/3:  15%|█▍        | 13/88 [00:03<00:20,  3.69it/s, loss=1.728]
  epoch 2/3:  16%|█▌        | 14/88 [00:03<00:19,  3.72it/s, loss=1.728]
  epoch 2/3:  16%|█▌        | 14/88 [00:04<00:19,  3.72it/s, loss=1.729]
  epoch 2/3:  17%|█▋        | 15/88 [00:04<00:19,  3.71it/s, loss=1.729]
  epoch 2/3:  17%|█▋        | 15/88 [00:04<00:19,  3.71it/s, loss=1.719]
  epoch 2/3:  18%|█▊        | 16/88 [00:04<00:19,  3.67it/s, loss=1.719]
  epoch 2/3:  18%|█▊        | 16/88 [00:04<00:19,  3.67it/s, loss=1.725]
  epoch 2/3:  19%|█▉        | 17/88 [00:04<00:19,  3.69it/s, loss=1.725]
  epoch 2/3:  19%|█▉        | 17/88 [00:05<00:19,  3.69it/s, loss=1.729]
  epoch 2/3:  20%|██        | 18/88 [00:05<00:18,  3.69it/s, loss=1.729]
  epoch 2/3:  20%|██        | 18/88 [00:05<00:18,  3.69it/s, loss=1.724]
  epoch 2/3:  22%|██▏       | 19/88 [00:05<00:18,  3.70it/s, loss=1.724]
  epoch 2/3:  22%|██▏       | 19/88 [00:05<00:18,  3.70it/s, loss=1.731]
  epoch 2/3:  23%|██▎       | 20/88 [00:05<00:18,  3.72it/s, loss=1.731]
  epoch 2/3:  23%|██▎       | 20/88 [00:05<00:18,  3.72it/s, loss=1.739]
  epoch 2/3:  24%|██▍       | 21/88 [00:05<00:18,  3.71it/s, loss=1.739]
  epoch 2/3:  24%|██▍       | 21/88 [00:06<00:18,  3.71it/s, loss=1.744]
  epoch 2/3:  25%|██▌       | 22/88 [00:06<00:17,  3.70it/s, loss=1.744]
  epoch 2/3:  25%|██▌       | 22/88 [00:06<00:17,  3.70it/s, loss=1.751]
  epoch 2/3:  26%|██▌       | 23/88 [00:06<00:17,  3.72it/s, loss=1.751]
  epoch 2/3:  26%|██▌       | 23/88 [00:06<00:17,  3.72it/s, loss=1.743]
  epoch 2/3:  27%|██▋       | 24/88 [00:06<00:17,  3.73it/s, loss=1.743]
  epoch 2/3:  27%|██▋       | 24/88 [00:06<00:17,  3.73it/s, loss=1.739]
  epoch 2/3:  28%|██▊       | 25/88 [00:06<00:16,  3.72it/s, loss=1.739]
  epoch 2/3:  28%|██▊       | 25/88 [00:07<00:16,  3.72it/s, loss=1.735]
  epoch 2/3:  30%|██▉       | 26/88 [00:07<00:16,  3.71it/s, loss=1.735]
  epoch 2/3:  30%|██▉       | 26/88 [00:07<00:16,  3.71it/s, loss=1.735]
  epoch 2/3:  31%|███       | 27/88 [00:07<00:16,  3.72it/s, loss=1.735]
  epoch 2/3:  31%|███       | 27/88 [00:07<00:16,  3.72it/s, loss=1.738]
  epoch 2/3:  32%|███▏      | 28/88 [00:07<00:16,  3.72it/s, loss=1.738]
  epoch 2/3:  32%|███▏      | 28/88 [00:08<00:16,  3.72it/s, loss=1.728]
  epoch 2/3:  33%|███▎      | 29/88 [00:08<00:15,  3.71it/s, loss=1.728]
  epoch 2/3:  33%|███▎      | 29/88 [00:08<00:15,  3.71it/s, loss=1.729]
  epoch 2/3:  34%|███▍      | 30/88 [00:08<00:15,  3.73it/s, loss=1.729]
  epoch 2/3:  34%|███▍      | 30/88 [00:08<00:15,  3.73it/s, loss=1.717]
  epoch 2/3:  35%|███▌      | 31/88 [00:08<00:15,  3.74it/s, loss=1.717]
  epoch 2/3:  35%|███▌      | 31/88 [00:08<00:15,  3.74it/s, loss=1.717]
  epoch 2/3:  36%|███▋      | 32/88 [00:08<00:15,  3.70it/s, loss=1.717]
  epoch 2/3:  36%|███▋      | 32/88 [00:09<00:15,  3.70it/s, loss=1.717]
  epoch 2/3:  38%|███▊      | 33/88 [00:09<00:14,  3.71it/s, loss=1.717]
  epoch 2/3:  38%|███▊      | 33/88 [00:09<00:14,  3.71it/s, loss=1.716]
  epoch 2/3:  39%|███▊      | 34/88 [00:09<00:14,  3.70it/s, loss=1.716]
  epoch 2/3:  39%|███▊      | 34/88 [00:09<00:14,  3.70it/s, loss=1.719]
  epoch 2/3:  40%|███▉      | 35/88 [00:09<00:14,  3.71it/s, loss=1.719]
  epoch 2/3:  40%|███▉      | 35/88 [00:09<00:14,  3.71it/s, loss=1.720]
  epoch 2/3:  41%|████      | 36/88 [00:09<00:14,  3.70it/s, loss=1.720]
  epoch 2/3:  41%|████      | 36/88 [00:10<00:14,  3.70it/s, loss=1.722]
  epoch 2/3:  42%|████▏     | 37/88 [00:10<00:13,  3.71it/s, loss=1.722]
  epoch 2/3:  42%|████▏     | 37/88 [00:10<00:13,  3.71it/s, loss=1.720]
  epoch 2/3:  43%|████▎     | 38/88 [00:10<00:13,  3.70it/s, loss=1.720]
  epoch 2/3:  43%|████▎     | 38/88 [00:10<00:13,  3.70it/s, loss=1.719]
  epoch 2/3:  44%|████▍     | 39/88 [00:10<00:13,  3.70it/s, loss=1.719]
  epoch 2/3:  44%|████▍     | 39/88 [00:11<00:13,  3.70it/s, loss=1.720]
  epoch 2/3:  45%|████▌     | 40/88 [00:11<00:12,  3.71it/s, loss=1.720]
  epoch 2/3:  45%|████▌     | 40/88 [00:11<00:12,  3.71it/s, loss=1.718]
  epoch 2/3:  47%|████▋     | 41/88 [00:11<00:12,  3.70it/s, loss=1.718]
  epoch 2/3:  47%|████▋     | 41/88 [00:11<00:12,  3.70it/s, loss=1.726]
  epoch 2/3:  48%|████▊     | 42/88 [00:11<00:12,  3.70it/s, loss=1.726]
  epoch 2/3:  48%|████▊     | 42/88 [00:11<00:12,  3.70it/s, loss=1.729]
  epoch 2/3:  49%|████▉     | 43/88 [00:11<00:12,  3.70it/s, loss=1.729]
  epoch 2/3:  49%|████▉     | 43/88 [00:12<00:12,  3.70it/s, loss=1.730]
  epoch 2/3:  50%|█████     | 44/88 [00:12<00:11,  3.70it/s, loss=1.730]
  epoch 2/3:  50%|█████     | 44/88 [00:12<00:11,  3.70it/s, loss=1.728]
  epoch 2/3:  51%|█████     | 45/88 [00:12<00:11,  3.71it/s, loss=1.728]
  epoch 2/3:  51%|█████     | 45/88 [00:12<00:11,  3.71it/s, loss=1.728]
  epoch 2/3:  52%|█████▏    | 46/88 [00:12<00:11,  3.71it/s, loss=1.728]
  epoch 2/3:  52%|█████▏    | 46/88 [00:12<00:11,  3.71it/s, loss=1.728]
  epoch 2/3:  53%|█████▎    | 47/88 [00:12<00:11,  3.70it/s, loss=1.728]
  epoch 2/3:  53%|█████▎    | 47/88 [00:13<00:11,  3.70it/s, loss=1.728]
  epoch 2/3:  55%|█████▍    | 48/88 [00:13<00:10,  3.66it/s, loss=1.728]
  epoch 2/3:  55%|█████▍    | 48/88 [00:13<00:10,  3.66it/s, loss=1.728]
  epoch 2/3:  56%|█████▌    | 49/88 [00:13<00:10,  3.69it/s, loss=1.728]
  epoch 2/3:  56%|█████▌    | 49/88 [00:13<00:10,  3.69it/s, loss=1.729]
  epoch 2/3:  57%|█████▋    | 50/88 [00:13<00:10,  3.70it/s, loss=1.729]
  epoch 2/3:  57%|█████▋    | 50/88 [00:13<00:10,  3.70it/s, loss=1.729]
  epoch 2/3:  58%|█████▊    | 51/88 [00:13<00:09,  3.72it/s, loss=1.729]
  epoch 2/3:  58%|█████▊    | 51/88 [00:14<00:09,  3.72it/s, loss=1.727]
  epoch 2/3:  59%|█████▉    | 52/88 [00:14<00:09,  3.72it/s, loss=1.727]
  epoch 2/3:  59%|█████▉    | 52/88 [00:14<00:09,  3.72it/s, loss=1.726]
  epoch 2/3:  60%|██████    | 53/88 [00:14<00:09,  3.71it/s, loss=1.726]
  epoch 2/3:  60%|██████    | 53/88 [00:14<00:09,  3.71it/s, loss=1.724]
  epoch 2/3:  61%|██████▏   | 54/88 [00:14<00:09,  3.71it/s, loss=1.724]
  epoch 2/3:  61%|██████▏   | 54/88 [00:15<00:09,  3.71it/s, loss=1.721]
  epoch 2/3:  62%|██████▎   | 55/88 [00:15<00:08,  3.73it/s, loss=1.721]
  epoch 2/3:  62%|██████▎   | 55/88 [00:15<00:08,  3.73it/s, loss=1.719]
  epoch 2/3:  64%|██████▎   | 56/88 [00:15<00:08,  3.74it/s, loss=1.719]
  epoch 2/3:  64%|██████▎   | 56/88 [00:15<00:08,  3.74it/s, loss=1.720]
  epoch 2/3:  65%|██████▍   | 57/88 [00:15<00:08,  3.74it/s, loss=1.720]
  epoch 2/3:  65%|██████▍   | 57/88 [00:15<00:08,  3.74it/s, loss=1.718]
  epoch 2/3:  66%|██████▌   | 58/88 [00:15<00:08,  3.73it/s, loss=1.718]
  epoch 2/3:  66%|██████▌   | 58/88 [00:16<00:08,  3.73it/s, loss=1.719]
  epoch 2/3:  67%|██████▋   | 59/88 [00:16<00:07,  3.73it/s, loss=1.719]
  epoch 2/3:  67%|██████▋   | 59/88 [00:16<00:07,  3.73it/s, loss=1.718]
  epoch 2/3:  68%|██████▊   | 60/88 [00:16<00:07,  3.73it/s, loss=1.718]
  epoch 2/3:  68%|██████▊   | 60/88 [00:16<00:07,  3.73it/s, loss=1.717]
  epoch 2/3:  69%|██████▉   | 61/88 [00:16<00:07,  3.73it/s, loss=1.717]
  epoch 2/3:  69%|██████▉   | 61/88 [00:16<00:07,  3.73it/s, loss=1.716]
  epoch 2/3:  70%|███████   | 62/88 [00:16<00:06,  3.73it/s, loss=1.716]
  epoch 2/3:  70%|███████   | 62/88 [00:17<00:06,  3.73it/s, loss=1.713]
  epoch 2/3:  72%|███████▏  | 63/88 [00:17<00:06,  3.71it/s, loss=1.713]
  epoch 2/3:  72%|███████▏  | 63/88 [00:17<00:06,  3.71it/s, loss=1.711]
  epoch 2/3:  73%|███████▎  | 64/88 [00:17<00:06,  3.69it/s, loss=1.711]
  epoch 2/3:  73%|███████▎  | 64/88 [00:17<00:06,  3.69it/s, loss=1.709]
  epoch 2/3:  74%|███████▍  | 65/88 [00:17<00:06,  3.70it/s, loss=1.709]
  epoch 2/3:  74%|███████▍  | 65/88 [00:18<00:06,  3.70it/s, loss=1.708]
  epoch 2/3:  75%|███████▌  | 66/88 [00:18<00:05,  3.72it/s, loss=1.708]
  epoch 2/3:  75%|███████▌  | 66/88 [00:18<00:05,  3.72it/s, loss=1.709]
  epoch 2/3:  76%|███████▌  | 67/88 [00:18<00:05,  3.73it/s, loss=1.709]
  epoch 2/3:  76%|███████▌  | 67/88 [00:18<00:05,  3.73it/s, loss=1.709]
  epoch 2/3:  77%|███████▋  | 68/88 [00:18<00:05,  3.73it/s, loss=1.709]
  epoch 2/3:  77%|███████▋  | 68/88 [00:18<00:05,  3.73it/s, loss=1.711]
  epoch 2/3:  78%|███████▊  | 69/88 [00:18<00:05,  3.74it/s, loss=1.711]
  epoch 2/3:  78%|███████▊  | 69/88 [00:19<00:05,  3.74it/s, loss=1.713]
  epoch 2/3:  80%|███████▉  | 70/88 [00:19<00:04,  3.72it/s, loss=1.713]
  epoch 2/3:  80%|███████▉  | 70/88 [00:19<00:04,  3.72it/s, loss=1.715]
  epoch 2/3:  81%|████████  | 71/88 [00:19<00:04,  3.72it/s, loss=1.715]
  epoch 2/3:  81%|████████  | 71/88 [00:19<00:04,  3.72it/s, loss=1.719]
  epoch 2/3:  82%|████████▏ | 72/88 [00:19<00:04,  3.72it/s, loss=1.719]
  epoch 2/3:  82%|████████▏ | 72/88 [00:19<00:04,  3.72it/s, loss=1.719]
  epoch 2/3:  83%|████████▎ | 73/88 [00:19<00:04,  3.73it/s, loss=1.719]
  epoch 2/3:  83%|████████▎ | 73/88 [00:20<00:04,  3.73it/s, loss=1.722]
  epoch 2/3:  84%|████████▍ | 74/88 [00:20<00:03,  3.72it/s, loss=1.722]
  epoch 2/3:  84%|████████▍ | 74/88 [00:20<00:03,  3.72it/s, loss=1.724]
  epoch 2/3:  85%|████████▌ | 75/88 [00:20<00:03,  3.72it/s, loss=1.724]
  epoch 2/3:  85%|████████▌ | 75/88 [00:20<00:03,  3.72it/s, loss=1.724]
  epoch 2/3:  86%|████████▋ | 76/88 [00:20<00:03,  3.71it/s, loss=1.724]
  epoch 2/3:  86%|████████▋ | 76/88 [00:20<00:03,  3.71it/s, loss=1.724]
  epoch 2/3:  88%|████████▊ | 77/88 [00:20<00:02,  3.71it/s, loss=1.724]
  epoch 2/3:  88%|████████▊ | 77/88 [00:21<00:02,  3.71it/s, loss=1.727]
  epoch 2/3:  89%|████████▊ | 78/88 [00:21<00:02,  3.73it/s, loss=1.727]
  epoch 2/3:  89%|████████▊ | 78/88 [00:21<00:02,  3.73it/s, loss=1.725]
  epoch 2/3:  90%|████████▉ | 79/88 [00:21<00:02,  3.73it/s, loss=1.725]
  epoch 2/3:  90%|████████▉ | 79/88 [00:21<00:02,  3.73it/s, loss=1.722]
  epoch 2/3:  91%|█████████ | 80/88 [00:21<00:02,  3.68it/s, loss=1.722]
  epoch 2/3:  91%|█████████ | 80/88 [00:22<00:02,  3.68it/s, loss=1.721]
  epoch 2/3:  92%|█████████▏| 81/88 [00:22<00:01,  3.70it/s, loss=1.721]
  epoch 2/3:  92%|█████████▏| 81/88 [00:22<00:01,  3.70it/s, loss=1.718]
  epoch 2/3:  93%|█████████▎| 82/88 [00:22<00:01,  3.71it/s, loss=1.718]
  epoch 2/3:  93%|█████████▎| 82/88 [00:22<00:01,  3.71it/s, loss=1.719]
  epoch 2/3:  94%|█████████▍| 83/88 [00:22<00:01,  3.70it/s, loss=1.719]
  epoch 2/3:  94%|█████████▍| 83/88 [00:22<00:01,  3.70it/s, loss=1.720]
  epoch 2/3:  95%|█████████▌| 84/88 [00:22<00:01,  3.72it/s, loss=1.720]
  epoch 2/3:  95%|█████████▌| 84/88 [00:23<00:01,  3.72it/s, loss=1.720]
  epoch 2/3:  97%|█████████▋| 85/88 [00:23<00:00,  3.72it/s, loss=1.720]
  epoch 2/3:  97%|█████████▋| 85/88 [00:23<00:00,  3.72it/s, loss=1.718]
  epoch 2/3:  98%|█████████▊| 86/88 [00:23<00:00,  3.72it/s, loss=1.718]
  epoch 2/3:  98%|█████████▊| 86/88 [00:23<00:00,  3.72it/s, loss=1.721]
  epoch 2/3:  99%|█████████▉| 87/88 [00:23<00:00,  3.71it/s, loss=1.721]
  epoch 2/3:  99%|█████████▉| 87/88 [00:23<00:00,  3.71it/s, loss=1.722]
  epoch 2/3: 100%|██████████| 88/88 [00:23<00:00,  4.05it/s, loss=1.722]
                                                                        

  epoch 3/3:   0%|          | 0/88 [00:00<?, ?it/s]
  epoch 3/3:   0%|          | 0/88 [00:00<?, ?it/s, loss=1.766]
  epoch 3/3:   1%|          | 1/88 [00:00<00:43,  1.99it/s, loss=1.766]
  epoch 3/3:   1%|          | 1/88 [00:00<00:43,  1.99it/s, loss=1.590]
  epoch 3/3:   2%|▏         | 2/88 [00:00<00:31,  2.74it/s, loss=1.590]
  epoch 3/3:   2%|▏         | 2/88 [00:01<00:31,  2.74it/s, loss=1.620]
  epoch 3/3:   3%|▎         | 3/88 [00:01<00:27,  3.12it/s, loss=1.620]
  epoch 3/3:   3%|▎         | 3/88 [00:01<00:27,  3.12it/s, loss=1.636]
  epoch 3/3:   5%|▍         | 4/88 [00:01<00:25,  3.34it/s, loss=1.636]
  epoch 3/3:   5%|▍         | 4/88 [00:01<00:25,  3.34it/s, loss=1.667]
  epoch 3/3:   6%|▌         | 5/88 [00:01<00:23,  3.47it/s, loss=1.667]
  epoch 3/3:   6%|▌         | 5/88 [00:01<00:23,  3.47it/s, loss=1.671]
  epoch 3/3:   7%|▋         | 6/88 [00:01<00:23,  3.54it/s, loss=1.671]
  epoch 3/3:   7%|▋         | 6/88 [00:02<00:23,  3.54it/s, loss=1.710]
  epoch 3/3:   8%|▊         | 7/88 [00:02<00:22,  3.60it/s, loss=1.710]
  epoch 3/3:   8%|▊         | 7/88 [00:02<00:22,  3.60it/s, loss=1.703]
  epoch 3/3:   9%|▉         | 8/88 [00:02<00:22,  3.59it/s, loss=1.703]
  epoch 3/3:   9%|▉         | 8/88 [00:02<00:22,  3.59it/s, loss=1.696]
  epoch 3/3:  10%|█         | 9/88 [00:02<00:21,  3.65it/s, loss=1.696]
  epoch 3/3:  10%|█         | 9/88 [00:02<00:21,  3.65it/s, loss=1.722]
  epoch 3/3:  11%|█▏        | 10/88 [00:02<00:21,  3.68it/s, loss=1.722]
  epoch 3/3:  11%|█▏        | 10/88 [00:03<00:21,  3.68it/s, loss=1.741]
  epoch 3/3:  12%|█▎        | 11/88 [00:03<00:20,  3.69it/s, loss=1.741]
  epoch 3/3:  12%|█▎        | 11/88 [00:03<00:20,  3.69it/s, loss=1.749]
  epoch 3/3:  14%|█▎        | 12/88 [00:03<00:20,  3.71it/s, loss=1.749]
  epoch 3/3:  14%|█▎        | 12/88 [00:03<00:20,  3.71it/s, loss=1.768]
  epoch 3/3:  15%|█▍        | 13/88 [00:03<00:20,  3.71it/s, loss=1.768]
  epoch 3/3:  15%|█▍        | 13/88 [00:04<00:20,  3.71it/s, loss=1.776]
  epoch 3/3:  16%|█▌        | 14/88 [00:04<00:19,  3.70it/s, loss=1.776]
  epoch 3/3:  16%|█▌        | 14/88 [00:04<00:19,  3.70it/s, loss=1.763]
  epoch 3/3:  17%|█▋        | 15/88 [00:04<00:19,  3.71it/s, loss=1.763]
  epoch 3/3:  17%|█▋        | 15/88 [00:04<00:19,  3.71it/s, loss=1.761]
  epoch 3/3:  18%|█▊        | 16/88 [00:04<00:19,  3.70it/s, loss=1.761]
  epoch 3/3:  18%|█▊        | 16/88 [00:04<00:19,  3.70it/s, loss=1.747]
  epoch 3/3:  19%|█▉        | 17/88 [00:04<00:19,  3.72it/s, loss=1.747]
  epoch 3/3:  19%|█▉        | 17/88 [00:05<00:19,  3.72it/s, loss=1.747]
  epoch 3/3:  20%|██        | 18/88 [00:05<00:18,  3.74it/s, loss=1.747]
  epoch 3/3:  20%|██        | 18/88 [00:05<00:18,  3.74it/s, loss=1.745]
  epoch 3/3:  22%|██▏       | 19/88 [00:05<00:18,  3.73it/s, loss=1.745]
  epoch 3/3:  22%|██▏       | 19/88 [00:05<00:18,  3.73it/s, loss=1.751]
  epoch 3/3:  23%|██▎       | 20/88 [00:05<00:18,  3.72it/s, loss=1.751]
  epoch 3/3:  23%|██▎       | 20/88 [00:05<00:18,  3.72it/s, loss=1.754]
  epoch 3/3:  24%|██▍       | 21/88 [00:05<00:18,  3.72it/s, loss=1.754]
  epoch 3/3:  24%|██▍       | 21/88 [00:06<00:18,  3.72it/s, loss=1.751]
  epoch 3/3:  25%|██▌       | 22/88 [00:06<00:17,  3.73it/s, loss=1.751]
  epoch 3/3:  25%|██▌       | 22/88 [00:06<00:17,  3.73it/s, loss=1.755]
  epoch 3/3:  26%|██▌       | 23/88 [00:06<00:17,  3.72it/s, loss=1.755]
  epoch 3/3:  26%|██▌       | 23/88 [00:06<00:17,  3.72it/s, loss=1.755]
  epoch 3/3:  27%|██▋       | 24/88 [00:06<00:17,  3.67it/s, loss=1.755]
  epoch 3/3:  27%|██▋       | 24/88 [00:06<00:17,  3.67it/s, loss=1.755]
  epoch 3/3:  28%|██▊       | 25/88 [00:06<00:16,  3.71it/s, loss=1.755]
  epoch 3/3:  28%|██▊       | 25/88 [00:07<00:16,  3.71it/s, loss=1.755]
  epoch 3/3:  30%|██▉       | 26/88 [00:07<00:16,  3.72it/s, loss=1.755]
  epoch 3/3:  30%|██▉       | 26/88 [00:07<00:16,  3.72it/s, loss=1.747]
  epoch 3/3:  31%|███       | 27/88 [00:07<00:16,  3.72it/s, loss=1.747]
  epoch 3/3:  31%|███       | 27/88 [00:07<00:16,  3.72it/s, loss=1.741]
  epoch 3/3:  32%|███▏      | 28/88 [00:07<00:16,  3.71it/s, loss=1.741]
  epoch 3/3:  32%|███▏      | 28/88 [00:08<00:16,  3.71it/s, loss=1.735]
  epoch 3/3:  33%|███▎      | 29/88 [00:08<00:15,  3.73it/s, loss=1.735]
  epoch 3/3:  33%|███▎      | 29/88 [00:08<00:15,  3.73it/s, loss=1.734]
  epoch 3/3:  34%|███▍      | 30/88 [00:08<00:15,  3.73it/s, loss=1.734]
  epoch 3/3:  34%|███▍      | 30/88 [00:08<00:15,  3.73it/s, loss=1.726]
  epoch 3/3:  35%|███▌      | 31/88 [00:08<00:15,  3.73it/s, loss=1.726]
  epoch 3/3:  35%|███▌      | 31/88 [00:08<00:15,  3.73it/s, loss=1.723]
  epoch 3/3:  36%|███▋      | 32/88 [00:08<00:15,  3.71it/s, loss=1.723]
  epoch 3/3:  36%|███▋      | 32/88 [00:09<00:15,  3.71it/s, loss=1.722]
  epoch 3/3:  38%|███▊      | 33/88 [00:09<00:14,  3.71it/s, loss=1.722]
  epoch 3/3:  38%|███▊      | 33/88 [00:09<00:14,  3.71it/s, loss=1.716]
  epoch 3/3:  39%|███▊      | 34/88 [00:09<00:14,  3.72it/s, loss=1.716]
  epoch 3/3:  39%|███▊      | 34/88 [00:09<00:14,  3.72it/s, loss=1.718]
  epoch 3/3:  40%|███▉      | 35/88 [00:09<00:14,  3.72it/s, loss=1.718]
  epoch 3/3:  40%|███▉      | 35/88 [00:09<00:14,  3.72it/s, loss=1.719]
  epoch 3/3:  41%|████      | 36/88 [00:09<00:14,  3.71it/s, loss=1.719]
  epoch 3/3:  41%|████      | 36/88 [00:10<00:14,  3.71it/s, loss=1.715]
  epoch 3/3:  42%|████▏     | 37/88 [00:10<00:13,  3.72it/s, loss=1.715]
  epoch 3/3:  42%|████▏     | 37/88 [00:10<00:13,  3.72it/s, loss=1.715]
  epoch 3/3:  43%|████▎     | 38/88 [00:10<00:13,  3.73it/s, loss=1.715]
  epoch 3/3:  43%|████▎     | 38/88 [00:10<00:13,  3.73it/s, loss=1.711]
  epoch 3/3:  44%|████▍     | 39/88 [00:10<00:13,  3.73it/s, loss=1.711]
  epoch 3/3:  44%|████▍     | 39/88 [00:10<00:13,  3.73it/s, loss=1.711]
  epoch 3/3:  45%|████▌     | 40/88 [00:10<00:13,  3.68it/s, loss=1.711]
  epoch 3/3:  45%|████▌     | 40/88 [00:11<00:13,  3.68it/s, loss=1.710]
  epoch 3/3:  47%|████▋     | 41/88 [00:11<00:12,  3.73it/s, loss=1.710]
  epoch 3/3:  47%|████▋     | 41/88 [00:11<00:12,  3.73it/s, loss=1.714]
  epoch 3/3:  48%|████▊     | 42/88 [00:11<00:12,  3.75it/s, loss=1.714]
  epoch 3/3:  48%|████▊     | 42/88 [00:11<00:12,  3.75it/s, loss=1.712]
  epoch 3/3:  49%|████▉     | 43/88 [00:11<00:12,  3.74it/s, loss=1.712]
  epoch 3/3:  49%|████▉     | 43/88 [00:12<00:12,  3.74it/s, loss=1.709]
  epoch 3/3:  50%|█████     | 44/88 [00:12<00:11,  3.75it/s, loss=1.709]
  epoch 3/3:  50%|█████     | 44/88 [00:12<00:11,  3.75it/s, loss=1.710]
  epoch 3/3:  51%|█████     | 45/88 [00:12<00:11,  3.74it/s, loss=1.710]
  epoch 3/3:  51%|█████     | 45/88 [00:12<00:11,  3.74it/s, loss=1.713]
  epoch 3/3:  52%|█████▏    | 46/88 [00:12<00:11,  3.72it/s, loss=1.713]
  epoch 3/3:  52%|█████▏    | 46/88 [00:12<00:11,  3.72it/s, loss=1.714]
  epoch 3/3:  53%|█████▎    | 47/88 [00:12<00:10,  3.74it/s, loss=1.714]
  epoch 3/3:  53%|█████▎    | 47/88 [00:13<00:10,  3.74it/s, loss=1.712]
  epoch 3/3:  55%|█████▍    | 48/88 [00:13<00:10,  3.73it/s, loss=1.712]
  epoch 3/3:  55%|█████▍    | 48/88 [00:13<00:10,  3.73it/s, loss=1.714]
  epoch 3/3:  56%|█████▌    | 49/88 [00:13<00:10,  3.72it/s, loss=1.714]
  epoch 3/3:  56%|█████▌    | 49/88 [00:13<00:10,  3.72it/s, loss=1.711]
  epoch 3/3:  57%|█████▋    | 50/88 [00:13<00:10,  3.72it/s, loss=1.711]
  epoch 3/3:  57%|█████▋    | 50/88 [00:13<00:10,  3.72it/s, loss=1.710]
  epoch 3/3:  58%|█████▊    | 51/88 [00:13<00:09,  3.73it/s, loss=1.710]
  epoch 3/3:  58%|█████▊    | 51/88 [00:14<00:09,  3.73it/s, loss=1.706]
  epoch 3/3:  59%|█████▉    | 52/88 [00:14<00:09,  3.72it/s, loss=1.706]
  epoch 3/3:  59%|█████▉    | 52/88 [00:14<00:09,  3.72it/s, loss=1.703]
  epoch 3/3:  60%|██████    | 53/88 [00:14<00:09,  3.71it/s, loss=1.703]
  epoch 3/3:  60%|██████    | 53/88 [00:14<00:09,  3.71it/s, loss=1.703]
  epoch 3/3:  61%|██████▏   | 54/88 [00:14<00:09,  3.72it/s, loss=1.703]
  epoch 3/3:  61%|██████▏   | 54/88 [00:15<00:09,  3.72it/s, loss=1.701]
  epoch 3/3:  62%|██████▎   | 55/88 [00:15<00:08,  3.73it/s, loss=1.701]
  epoch 3/3:  62%|██████▎   | 55/88 [00:15<00:08,  3.73it/s, loss=1.699]
  epoch 3/3:  64%|██████▎   | 56/88 [00:15<00:08,  3.68it/s, loss=1.699]
  epoch 3/3:  64%|██████▎   | 56/88 [00:15<00:08,  3.68it/s, loss=1.699]
  epoch 3/3:  65%|██████▍   | 57/88 [00:15<00:08,  3.71it/s, loss=1.699]
  epoch 3/3:  65%|██████▍   | 57/88 [00:15<00:08,  3.71it/s, loss=1.699]
  epoch 3/3:  66%|██████▌   | 58/88 [00:15<00:08,  3.74it/s, loss=1.699]
  epoch 3/3:  66%|██████▌   | 58/88 [00:16<00:08,  3.74it/s, loss=1.698]
  epoch 3/3:  67%|██████▋   | 59/88 [00:16<00:07,  3.73it/s, loss=1.698]
  epoch 3/3:  67%|██████▋   | 59/88 [00:16<00:07,  3.73it/s, loss=1.695]
  epoch 3/3:  68%|██████▊   | 60/88 [00:16<00:07,  3.72it/s, loss=1.695]
  epoch 3/3:  68%|██████▊   | 60/88 [00:16<00:07,  3.72it/s, loss=1.694]
  epoch 3/3:  69%|██████▉   | 61/88 [00:16<00:07,  3.71it/s, loss=1.694]
  epoch 3/3:  69%|██████▉   | 61/88 [00:16<00:07,  3.71it/s, loss=1.691]
  epoch 3/3:  70%|███████   | 62/88 [00:16<00:06,  3.73it/s, loss=1.691]
  epoch 3/3:  70%|███████   | 62/88 [00:17<00:06,  3.73it/s, loss=1.692]
  epoch 3/3:  72%|███████▏  | 63/88 [00:17<00:06,  3.74it/s, loss=1.692]
  epoch 3/3:  72%|███████▏  | 63/88 [00:17<00:06,  3.74it/s, loss=1.692]
  epoch 3/3:  73%|███████▎  | 64/88 [00:17<00:06,  3.75it/s, loss=1.692]
  epoch 3/3:  73%|███████▎  | 64/88 [00:17<00:06,  3.75it/s, loss=1.695]
  epoch 3/3:  74%|███████▍  | 65/88 [00:17<00:06,  3.74it/s, loss=1.695]
  epoch 3/3:  74%|███████▍  | 65/88 [00:17<00:06,  3.74it/s, loss=1.693]
  epoch 3/3:  75%|███████▌  | 66/88 [00:17<00:05,  3.74it/s, loss=1.693]
  epoch 3/3:  75%|███████▌  | 66/88 [00:18<00:05,  3.74it/s, loss=1.689]
  epoch 3/3:  76%|███████▌  | 67/88 [00:18<00:05,  3.73it/s, loss=1.689]
  epoch 3/3:  76%|███████▌  | 67/88 [00:18<00:05,  3.73it/s, loss=1.689]
  epoch 3/3:  77%|███████▋  | 68/88 [00:18<00:05,  3.72it/s, loss=1.689]
  epoch 3/3:  77%|███████▋  | 68/88 [00:18<00:05,  3.72it/s, loss=1.688]
  epoch 3/3:  78%|███████▊  | 69/88 [00:18<00:05,  3.72it/s, loss=1.688]
  epoch 3/3:  78%|███████▊  | 69/88 [00:19<00:05,  3.72it/s, loss=1.689]
  epoch 3/3:  80%|███████▉  | 70/88 [00:19<00:04,  3.71it/s, loss=1.689]
  epoch 3/3:  80%|███████▉  | 70/88 [00:19<00:04,  3.71it/s, loss=1.687]
  epoch 3/3:  81%|████████  | 71/88 [00:19<00:04,  3.72it/s, loss=1.687]
  epoch 3/3:  81%|████████  | 71/88 [00:19<00:04,  3.72it/s, loss=1.687]
  epoch 3/3:  82%|████████▏ | 72/88 [00:19<00:04,  3.69it/s, loss=1.687]
  epoch 3/3:  82%|████████▏ | 72/88 [00:19<00:04,  3.69it/s, loss=1.687]
  epoch 3/3:  83%|████████▎ | 73/88 [00:19<00:04,  3.69it/s, loss=1.687]
  epoch 3/3:  83%|████████▎ | 73/88 [00:20<00:04,  3.69it/s, loss=1.688]
  epoch 3/3:  84%|████████▍ | 74/88 [00:20<00:03,  3.71it/s, loss=1.688]
  epoch 3/3:  84%|████████▍ | 74/88 [00:20<00:03,  3.71it/s, loss=1.688]
  epoch 3/3:  85%|████████▌ | 75/88 [00:20<00:03,  3.70it/s, loss=1.688]
  epoch 3/3:  85%|████████▌ | 75/88 [00:20<00:03,  3.70it/s, loss=1.689]
  epoch 3/3:  86%|████████▋ | 76/88 [00:20<00:03,  3.69it/s, loss=1.689]
  epoch 3/3:  86%|████████▋ | 76/88 [00:20<00:03,  3.69it/s, loss=1.688]
  epoch 3/3:  88%|████████▊ | 77/88 [00:20<00:02,  3.72it/s, loss=1.688]
  epoch 3/3:  88%|████████▊ | 77/88 [00:21<00:02,  3.72it/s, loss=1.687]
  epoch 3/3:  89%|████████▊ | 78/88 [00:21<00:02,  3.73it/s, loss=1.687]
  epoch 3/3:  89%|████████▊ | 78/88 [00:21<00:02,  3.73it/s, loss=1.689]
  epoch 3/3:  90%|████████▉ | 79/88 [00:21<00:02,  3.72it/s, loss=1.689]
  epoch 3/3:  90%|████████▉ | 79/88 [00:21<00:02,  3.72it/s, loss=1.690]
  epoch 3/3:  91%|█████████ | 80/88 [00:21<00:02,  3.71it/s, loss=1.690]
  epoch 3/3:  91%|█████████ | 80/88 [00:22<00:02,  3.71it/s, loss=1.693]
  epoch 3/3:  92%|█████████▏| 81/88 [00:22<00:01,  3.73it/s, loss=1.693]
  epoch 3/3:  92%|█████████▏| 81/88 [00:22<00:01,  3.73it/s, loss=1.696]
  epoch 3/3:  93%|█████████▎| 82/88 [00:22<00:01,  3.75it/s, loss=1.696]
  epoch 3/3:  93%|█████████▎| 82/88 [00:22<00:01,  3.75it/s, loss=1.694]
  epoch 3/3:  94%|█████████▍| 83/88 [00:22<00:01,  3.74it/s, loss=1.694]
  epoch 3/3:  94%|█████████▍| 83/88 [00:22<00:01,  3.74it/s, loss=1.696]
  epoch 3/3:  95%|█████████▌| 84/88 [00:22<00:01,  3.74it/s, loss=1.696]
  epoch 3/3:  95%|█████████▌| 84/88 [00:23<00:01,  3.74it/s, loss=1.695]
  epoch 3/3:  97%|█████████▋| 85/88 [00:23<00:00,  3.72it/s, loss=1.695]
  epoch 3/3:  97%|█████████▋| 85/88 [00:23<00:00,  3.72it/s, loss=1.694]
  epoch 3/3:  98%|█████████▊| 86/88 [00:23<00:00,  3.73it/s, loss=1.694]
  epoch 3/3:  98%|█████████▊| 86/88 [00:23<00:00,  3.73it/s, loss=1.695]
  epoch 3/3:  99%|█████████▉| 87/88 [00:23<00:00,  3.74it/s, loss=1.695]
  epoch 3/3:  99%|█████████▉| 87/88 [00:23<00:00,  3.74it/s, loss=1.694]
  epoch 3/3: 100%|██████████| 88/88 [00:23<00:00,  4.03it/s, loss=1.694]
                                                                        
[titans] reset=never | norm(state) sau task = 130.2379
[titans]   self-mod v:β=1.00 |W|=0.05
[titans]   eta_t(avg)=0.4494  alpha_t/forget-gate(avg)=0.5899
[task 5] test acc so far: 0.043  0.054  0.003  0.006  0.017  0.114
[task 5] NCM-head acc so far: 0.694  0.777  0.746  0.651  0.700  0.720
[task 6] classes=[1, 6, 35, 39, 43] | train=2800

  epoch 1/3:   0%|          | 0/88 [00:00<?, ?it/s]
  epoch 1/3:   0%|          | 0/88 [00:00<?, ?it/s, loss=1.752]
  epoch 1/3:   1%|          | 1/88 [00:00<00:44,  1.94it/s, loss=1.752]
  epoch 1/3:   1%|          | 1/88 [00:00<00:44,  1.94it/s, loss=1.803]
  epoch 1/3:   2%|▏         | 2/88 [00:00<00:31,  2.71it/s, loss=1.803]
  epoch 1/3:   2%|▏         | 2/88 [00:01<00:31,  2.71it/s, loss=1.796]
  epoch 1/3:   3%|▎         | 3/88 [00:01<00:27,  3.09it/s, loss=1.796]
  epoch 1/3:   3%|▎         | 3/88 [00:01<00:27,  3.09it/s, loss=1.782]
  epoch 1/3:   5%|▍         | 4/88 [00:01<00:25,  3.30it/s, loss=1.782]
  epoch 1/3:   5%|▍         | 4/88 [00:01<00:25,  3.30it/s, loss=1.782]
  epoch 1/3:   6%|▌         | 5/88 [00:01<00:24,  3.45it/s, loss=1.782]
  epoch 1/3:   6%|▌         | 5/88 [00:01<00:24,  3.45it/s, loss=1.798]
  epoch 1/3:   7%|▋         | 6/88 [00:01<00:23,  3.55it/s, loss=1.798]
  epoch 1/3:   7%|▋         | 6/88 [00:02<00:23,  3.55it/s, loss=1.813]
  epoch 1/3:   8%|▊         | 7/88 [00:02<00:22,  3.60it/s, loss=1.813]
  epoch 1/3:   8%|▊         | 7/88 [00:02<00:22,  3.60it/s, loss=1.821]
  epoch 1/3:   9%|▉         | 8/88 [00:02<00:21,  3.64it/s, loss=1.821]
  epoch 1/3:   9%|▉         | 8/88 [00:02<00:21,  3.64it/s, loss=1.813]
  epoch 1/3:  10%|█         | 9/88 [00:02<00:21,  3.67it/s, loss=1.813]
  epoch 1/3:  10%|█         | 9/88 [00:02<00:21,  3.67it/s, loss=1.820]
  epoch 1/3:  11%|█▏        | 10/88 [00:02<00:21,  3.70it/s, loss=1.820]
  epoch 1/3:  11%|█▏        | 10/88 [00:03<00:21,  3.70it/s, loss=1.817]
  epoch 1/3:  12%|█▎        | 11/88 [00:03<00:20,  3.71it/s, loss=1.817]
  epoch 1/3:  12%|█▎        | 11/88 [00:03<00:20,  3.71it/s, loss=1.823]
  epoch 1/3:  14%|█▎        | 12/88 [00:03<00:20,  3.71it/s, loss=1.823]
  epoch 1/3:  14%|█▎        | 12/88 [00:03<00:20,  3.71it/s, loss=1.825]
  epoch 1/3:  15%|█▍        | 13/88 [00:03<00:20,  3.70it/s, loss=1.825]
  epoch 1/3:  15%|█▍        | 13/88 [00:03<00:20,  3.70it/s, loss=1.825]
  epoch 1/3:  16%|█▌        | 14/88 [00:03<00:19,  3.72it/s, loss=1.825]
  epoch 1/3:  16%|█▌        | 14/88 [00:04<00:19,  3.72it/s, loss=1.835]
  epoch 1/3:  17%|█▋        | 15/88 [00:04<00:19,  3.74it/s, loss=1.835]
  epoch 1/3:  17%|█▋        | 15/88 [00:04<00:19,  3.74it/s, loss=1.833]
  epoch 1/3:  18%|█▊        | 16/88 [00:04<00:19,  3.68it/s, loss=1.833]
  epoch 1/3:  18%|█▊        | 16/88 [00:04<00:19,  3.68it/s, loss=1.841]
  epoch 1/3:  19%|█▉        | 17/88 [00:04<00:19,  3.71it/s, loss=1.841]
  epoch 1/3:  19%|█▉        | 17/88 [00:05<00:19,  3.71it/s, loss=1.841]
  epoch 1/3:  20%|██        | 18/88 [00:05<00:18,  3.73it/s, loss=1.841]
  epoch 1/3:  20%|██        | 18/88 [00:05<00:18,  3.73it/s, loss=1.844]
  epoch 1/3:  22%|██▏       | 19/88 [00:05<00:18,  3.73it/s, loss=1.844]
  epoch 1/3:  22%|██▏       | 19/88 [00:05<00:18,  3.73it/s, loss=1.842]
  epoch 1/3:  23%|██▎       | 20/88 [00:05<00:18,  3.72it/s, loss=1.842]
  epoch 1/3:  23%|██▎       | 20/88 [00:05<00:18,  3.72it/s, loss=1.836]
  epoch 1/3:  24%|██▍       | 21/88 [00:05<00:18,  3.71it/s, loss=1.836]
  epoch 1/3:  24%|██▍       | 21/88 [00:06<00:18,  3.71it/s, loss=1.837]
  epoch 1/3:  25%|██▌       | 22/88 [00:06<00:17,  3.71it/s, loss=1.837]
  epoch 1/3:  25%|██▌       | 22/88 [00:06<00:17,  3.71it/s, loss=1.835]
  epoch 1/3:  26%|██▌       | 23/88 [00:06<00:17,  3.71it/s, loss=1.835]
  epoch 1/3:  26%|██▌       | 23/88 [00:06<00:17,  3.71it/s, loss=1.838]
  epoch 1/3:  27%|██▋       | 24/88 [00:06<00:17,  3.70it/s, loss=1.838]
  epoch 1/3:  27%|██▋       | 24/88 [00:06<00:17,  3.70it/s, loss=1.836]
  epoch 1/3:  28%|██▊       | 25/88 [00:06<00:16,  3.71it/s, loss=1.836]
  epoch 1/3:  28%|██▊       | 25/88 [00:07<00:16,  3.71it/s, loss=1.832]
  epoch 1/3:  30%|██▉       | 26/88 [00:07<00:16,  3.72it/s, loss=1.832]
  epoch 1/3:  30%|██▉       | 26/88 [00:07<00:16,  3.72it/s, loss=1.830]
  epoch 1/3:  31%|███       | 27/88 [00:07<00:16,  3.71it/s, loss=1.830]
  epoch 1/3:  31%|███       | 27/88 [00:07<00:16,  3.71it/s, loss=1.832]
  epoch 1/3:  32%|███▏      | 28/88 [00:07<00:16,  3.71it/s, loss=1.832]
  epoch 1/3:  32%|███▏      | 28/88 [00:08<00:16,  3.71it/s, loss=1.833]
  epoch 1/3:  33%|███▎      | 29/88 [00:08<00:15,  3.72it/s, loss=1.833]
  epoch 1/3:  33%|███▎      | 29/88 [00:08<00:15,  3.72it/s, loss=1.834]
  epoch 1/3:  34%|███▍      | 30/88 [00:08<00:15,  3.71it/s, loss=1.834]
  epoch 1/3:  34%|███▍      | 30/88 [00:08<00:15,  3.71it/s, loss=1.834]
  epoch 1/3:  35%|███▌      | 31/88 [00:08<00:15,  3.69it/s, loss=1.834]
  epoch 1/3:  35%|███▌      | 31/88 [00:08<00:15,  3.69it/s, loss=1.831]
  epoch 1/3:  36%|███▋      | 32/88 [00:08<00:15,  3.65it/s, loss=1.831]
  epoch 1/3:  36%|███▋      | 32/88 [00:09<00:15,  3.65it/s, loss=1.835]
  epoch 1/3:  38%|███▊      | 33/88 [00:09<00:14,  3.67it/s, loss=1.835]
  epoch 1/3:  38%|███▊      | 33/88 [00:09<00:14,  3.67it/s, loss=1.836]
  epoch 1/3:  39%|███▊      | 34/88 [00:09<00:14,  3.70it/s, loss=1.836]
  epoch 1/3:  39%|███▊      | 34/88 [00:09<00:14,  3.70it/s, loss=1.837]
  epoch 1/3:  40%|███▉      | 35/88 [00:09<00:14,  3.71it/s, loss=1.837]
  epoch 1/3:  40%|███▉      | 35/88 [00:09<00:14,  3.71it/s, loss=1.836]
  epoch 1/3:  41%|████      | 36/88 [00:09<00:14,  3.71it/s, loss=1.836]
  epoch 1/3:  41%|████      | 36/88 [00:10<00:14,  3.71it/s, loss=1.835]
  epoch 1/3:  42%|████▏     | 37/88 [00:10<00:13,  3.70it/s, loss=1.835]
  epoch 1/3:  42%|████▏     | 37/88 [00:10<00:13,  3.70it/s, loss=1.837]
  epoch 1/3:  43%|████▎     | 38/88 [00:10<00:13,  3.72it/s, loss=1.837]
  epoch 1/3:  43%|████▎     | 38/88 [00:10<00:13,  3.72it/s, loss=1.839]
  epoch 1/3:  44%|████▍     | 39/88 [00:10<00:13,  3.73it/s, loss=1.839]
  epoch 1/3:  44%|████▍     | 39/88 [00:11<00:13,  3.73it/s, loss=1.839]
  epoch 1/3:  45%|████▌     | 40/88 [00:11<00:12,  3.72it/s, loss=1.839]
  epoch 1/3:  45%|████▌     | 40/88 [00:11<00:12,  3.72it/s, loss=1.836]
  epoch 1/3:  47%|████▋     | 41/88 [00:11<00:12,  3.71it/s, loss=1.836]
  epoch 1/3:  47%|████▋     | 41/88 [00:11<00:12,  3.71it/s, loss=1.835]
  epoch 1/3:  48%|████▊     | 42/88 [00:11<00:12,  3.72it/s, loss=1.835]
  epoch 1/3:  48%|████▊     | 42/88 [00:11<00:12,  3.72it/s, loss=1.833]
  epoch 1/3:  49%|████▉     | 43/88 [00:11<00:12,  3.71it/s, loss=1.833]
  epoch 1/3:  49%|████▉     | 43/88 [00:12<00:12,  3.71it/s, loss=1.832]
  epoch 1/3:  50%|█████     | 44/88 [00:12<00:11,  3.69it/s, loss=1.832]
  epoch 1/3:  50%|█████     | 44/88 [00:12<00:11,  3.69it/s, loss=1.831]
  epoch 1/3:  51%|█████     | 45/88 [00:12<00:11,  3.72it/s, loss=1.831]
  epoch 1/3:  51%|█████     | 45/88 [00:12<00:11,  3.72it/s, loss=1.828]
  epoch 1/3:  52%|█████▏    | 46/88 [00:12<00:11,  3.71it/s, loss=1.828]
  epoch 1/3:  52%|█████▏    | 46/88 [00:12<00:11,  3.71it/s, loss=1.831]
  epoch 1/3:  53%|█████▎    | 47/88 [00:12<00:11,  3.72it/s, loss=1.831]
  epoch 1/3:  53%|█████▎    | 47/88 [00:13<00:11,  3.72it/s, loss=1.831]
  epoch 1/3:  55%|█████▍    | 48/88 [00:13<00:10,  3.66it/s, loss=1.831]
  epoch 1/3:  55%|█████▍    | 48/88 [00:13<00:10,  3.66it/s, loss=1.831]
  epoch 1/3:  56%|█████▌    | 49/88 [00:13<00:10,  3.68it/s, loss=1.831]
  epoch 1/3:  56%|█████▌    | 49/88 [00:13<00:10,  3.68it/s, loss=1.831]
  epoch 1/3:  57%|█████▋    | 50/88 [00:13<00:10,  3.70it/s, loss=1.831]
  epoch 1/3:  57%|█████▋    | 50/88 [00:13<00:10,  3.70it/s, loss=1.833]
  epoch 1/3:  58%|█████▊    | 51/88 [00:13<00:09,  3.71it/s, loss=1.833]
  epoch 1/3:  58%|█████▊    | 51/88 [00:14<00:09,  3.71it/s, loss=1.834]
  epoch 1/3:  59%|█████▉    | 52/88 [00:14<00:09,  3.71it/s, loss=1.834]
  epoch 1/3:  59%|█████▉    | 52/88 [00:14<00:09,  3.71it/s, loss=1.833]
  epoch 1/3:  60%|██████    | 53/88 [00:14<00:09,  3.71it/s, loss=1.833]
  epoch 1/3:  60%|██████    | 53/88 [00:14<00:09,  3.71it/s, loss=1.832]
  epoch 1/3:  61%|██████▏   | 54/88 [00:14<00:09,  3.71it/s, loss=1.832]
  epoch 1/3:  61%|██████▏   | 54/88 [00:15<00:09,  3.71it/s, loss=1.829]
  epoch 1/3:  62%|██████▎   | 55/88 [00:15<00:08,  3.69it/s, loss=1.829]
  epoch 1/3:  62%|██████▎   | 55/88 [00:15<00:08,  3.69it/s, loss=1.828]
  epoch 1/3:  64%|██████▎   | 56/88 [00:15<00:08,  3.68it/s, loss=1.828]
  epoch 1/3:  64%|██████▎   | 56/88 [00:15<00:08,  3.68it/s, loss=1.826]
  epoch 1/3:  65%|██████▍   | 57/88 [00:15<00:08,  3.70it/s, loss=1.826]
  epoch 1/3:  65%|██████▍   | 57/88 [00:15<00:08,  3.70it/s, loss=1.828]
  epoch 1/3:  66%|██████▌   | 58/88 [00:15<00:08,  3.70it/s, loss=1.828]
  epoch 1/3:  66%|██████▌   | 58/88 [00:16<00:08,  3.70it/s, loss=1.829]
  epoch 1/3:  67%|██████▋   | 59/88 [00:16<00:07,  3.70it/s, loss=1.829]
  epoch 1/3:  67%|██████▋   | 59/88 [00:16<00:07,  3.70it/s, loss=1.832]
  epoch 1/3:  68%|██████▊   | 60/88 [00:16<00:07,  3.71it/s, loss=1.832]
  epoch 1/3:  68%|██████▊   | 60/88 [00:16<00:07,  3.71it/s, loss=1.832]
  epoch 1/3:  69%|██████▉   | 61/88 [00:16<00:07,  3.72it/s, loss=1.832]
  epoch 1/3:  69%|██████▉   | 61/88 [00:16<00:07,  3.72it/s, loss=1.831]
  epoch 1/3:  70%|███████   | 62/88 [00:16<00:06,  3.72it/s, loss=1.831]
  epoch 1/3:  70%|███████   | 62/88 [00:17<00:06,  3.72it/s, loss=1.830]
  epoch 1/3:  72%|███████▏  | 63/88 [00:17<00:06,  3.72it/s, loss=1.830]
  epoch 1/3:  72%|███████▏  | 63/88 [00:17<00:06,  3.72it/s, loss=1.830]
  epoch 1/3:  73%|███████▎  | 64/88 [00:17<00:06,  3.66it/s, loss=1.830]
  epoch 1/3:  73%|███████▎  | 64/88 [00:17<00:06,  3.66it/s, loss=1.830]
  epoch 1/3:  74%|███████▍  | 65/88 [00:17<00:06,  3.69it/s, loss=1.830]
  epoch 1/3:  74%|███████▍  | 65/88 [00:18<00:06,  3.69it/s, loss=1.830]
  epoch 1/3:  75%|███████▌  | 66/88 [00:18<00:05,  3.69it/s, loss=1.830]
  epoch 1/3:  75%|███████▌  | 66/88 [00:18<00:05,  3.69it/s, loss=1.831]
  epoch 1/3:  76%|███████▌  | 67/88 [00:18<00:05,  3.69it/s, loss=1.831]
  epoch 1/3:  76%|███████▌  | 67/88 [00:18<00:05,  3.69it/s, loss=1.828]
  epoch 1/3:  77%|███████▋  | 68/88 [00:18<00:05,  3.68it/s, loss=1.828]
  epoch 1/3:  77%|███████▋  | 68/88 [00:18<00:05,  3.68it/s, loss=1.827]
  epoch 1/3:  78%|███████▊  | 69/88 [00:18<00:05,  3.70it/s, loss=1.827]
  epoch 1/3:  78%|███████▊  | 69/88 [00:19<00:05,  3.70it/s, loss=1.826]
  epoch 1/3:  80%|███████▉  | 70/88 [00:19<00:04,  3.70it/s, loss=1.826]
  epoch 1/3:  80%|███████▉  | 70/88 [00:19<00:04,  3.70it/s, loss=1.827]
  epoch 1/3:  81%|████████  | 71/88 [00:19<00:04,  3.70it/s, loss=1.827]
  epoch 1/3:  81%|████████  | 71/88 [00:19<00:04,  3.70it/s, loss=1.826]
  epoch 1/3:  82%|████████▏ | 72/88 [00:19<00:04,  3.71it/s, loss=1.826]
  epoch 1/3:  82%|████████▏ | 72/88 [00:19<00:04,  3.71it/s, loss=1.825]
  epoch 1/3:  83%|████████▎ | 73/88 [00:19<00:04,  3.72it/s, loss=1.825]
  epoch 1/3:  83%|████████▎ | 73/88 [00:20<00:04,  3.72it/s, loss=1.824]
  epoch 1/3:  84%|████████▍ | 74/88 [00:20<00:03,  3.72it/s, loss=1.824]
  epoch 1/3:  84%|████████▍ | 74/88 [00:20<00:03,  3.72it/s, loss=1.824]
  epoch 1/3:  85%|████████▌ | 75/88 [00:20<00:03,  3.70it/s, loss=1.824]
  epoch 1/3:  85%|████████▌ | 75/88 [00:20<00:03,  3.70it/s, loss=1.825]
  epoch 1/3:  86%|████████▋ | 76/88 [00:20<00:03,  3.72it/s, loss=1.825]
  epoch 1/3:  86%|████████▋ | 76/88 [00:21<00:03,  3.72it/s, loss=1.827]
  epoch 1/3:  88%|████████▊ | 77/88 [00:21<00:02,  3.72it/s, loss=1.827]
  epoch 1/3:  88%|████████▊ | 77/88 [00:21<00:02,  3.72it/s, loss=1.826]
  epoch 1/3:  89%|████████▊ | 78/88 [00:21<00:02,  3.71it/s, loss=1.826]
  epoch 1/3:  89%|████████▊ | 78/88 [00:21<00:02,  3.71it/s, loss=1.824]
  epoch 1/3:  90%|████████▉ | 79/88 [00:21<00:02,  3.71it/s, loss=1.824]
  epoch 1/3:  90%|████████▉ | 79/88 [00:21<00:02,  3.71it/s, loss=1.823]
  epoch 1/3:  91%|█████████ | 80/88 [00:21<00:02,  3.68it/s, loss=1.823]
  epoch 1/3:  91%|█████████ | 80/88 [00:22<00:02,  3.68it/s, loss=1.821]
  epoch 1/3:  92%|█████████▏| 81/88 [00:22<00:01,  3.68it/s, loss=1.821]
  epoch 1/3:  92%|█████████▏| 81/88 [00:22<00:01,  3.68it/s, loss=1.819]
  epoch 1/3:  93%|█████████▎| 82/88 [00:22<00:01,  3.71it/s, loss=1.819]
  epoch 1/3:  93%|█████████▎| 82/88 [00:22<00:01,  3.71it/s, loss=1.818]
  epoch 1/3:  94%|█████████▍| 83/88 [00:22<00:01,  3.71it/s, loss=1.818]
  epoch 1/3:  94%|█████████▍| 83/88 [00:22<00:01,  3.71it/s, loss=1.817]
  epoch 1/3:  95%|█████████▌| 84/88 [00:22<00:01,  3.70it/s, loss=1.817]
  epoch 1/3:  95%|█████████▌| 84/88 [00:23<00:01,  3.70it/s, loss=1.816]
  epoch 1/3:  97%|█████████▋| 85/88 [00:23<00:00,  3.71it/s, loss=1.816]
  epoch 1/3:  97%|█████████▋| 85/88 [00:23<00:00,  3.71it/s, loss=1.815]
  epoch 1/3:  98%|█████████▊| 86/88 [00:23<00:00,  3.72it/s, loss=1.815]
  epoch 1/3:  98%|█████████▊| 86/88 [00:23<00:00,  3.72it/s, loss=1.813]
  epoch 1/3:  99%|█████████▉| 87/88 [00:23<00:00,  3.71it/s, loss=1.813]
  epoch 1/3:  99%|█████████▉| 87/88 [00:23<00:00,  3.71it/s, loss=1.815]
  epoch 1/3: 100%|██████████| 88/88 [00:23<00:00,  4.04it/s, loss=1.815]
                                                                        

  epoch 2/3:   0%|          | 0/88 [00:00<?, ?it/s]
  epoch 2/3:   0%|          | 0/88 [00:00<?, ?it/s, loss=1.938]
  epoch 2/3:   1%|          | 1/88 [00:00<00:43,  2.00it/s, loss=1.938]
  epoch 2/3:   1%|          | 1/88 [00:00<00:43,  2.00it/s, loss=1.888]
  epoch 2/3:   2%|▏         | 2/88 [00:00<00:31,  2.74it/s, loss=1.888]
  epoch 2/3:   2%|▏         | 2/88 [00:01<00:31,  2.74it/s, loss=1.865]
  epoch 2/3:   3%|▎         | 3/88 [00:01<00:27,  3.11it/s, loss=1.865]
  epoch 2/3:   3%|▎         | 3/88 [00:01<00:27,  3.11it/s, loss=1.864]
  epoch 2/3:   5%|▍         | 4/88 [00:01<00:25,  3.35it/s, loss=1.864]
  epoch 2/3:   5%|▍         | 4/88 [00:01<00:25,  3.35it/s, loss=1.870]
  epoch 2/3:   6%|▌         | 5/88 [00:01<00:23,  3.48it/s, loss=1.870]
  epoch 2/3:   6%|▌         | 5/88 [00:01<00:23,  3.48it/s, loss=1.855]
  epoch 2/3:   7%|▋         | 6/88 [00:01<00:23,  3.54it/s, loss=1.855]
  epoch 2/3:   7%|▋         | 6/88 [00:02<00:23,  3.54it/s, loss=1.864]
  epoch 2/3:   8%|▊         | 7/88 [00:02<00:22,  3.60it/s, loss=1.864]
  epoch 2/3:   8%|▊         | 7/88 [00:02<00:22,  3.60it/s, loss=1.852]
  epoch 2/3:   9%|▉         | 8/88 [00:02<00:22,  3.60it/s, loss=1.852]
  epoch 2/3:   9%|▉         | 8/88 [00:02<00:22,  3.60it/s, loss=1.854]
  epoch 2/3:  10%|█         | 9/88 [00:02<00:21,  3.64it/s, loss=1.854]
  epoch 2/3:  10%|█         | 9/88 [00:02<00:21,  3.64it/s, loss=1.839]
  epoch 2/3:  11%|█▏        | 10/88 [00:02<00:21,  3.67it/s, loss=1.839]
  epoch 2/3:  11%|█▏        | 10/88 [00:03<00:21,  3.67it/s, loss=1.839]
  epoch 2/3:  12%|█▎        | 11/88 [00:03<00:20,  3.68it/s, loss=1.839]
  epoch 2/3:  12%|█▎        | 11/88 [00:03<00:20,  3.68it/s, loss=1.829]
  epoch 2/3:  14%|█▎        | 12/88 [00:03<00:20,  3.68it/s, loss=1.829]
  epoch 2/3:  14%|█▎        | 12/88 [00:03<00:20,  3.68it/s, loss=1.821]
  epoch 2/3:  15%|█▍        | 13/88 [00:03<00:20,  3.69it/s, loss=1.821]
  epoch 2/3:  15%|█▍        | 13/88 [00:04<00:20,  3.69it/s, loss=1.822]
  epoch 2/3:  16%|█▌        | 14/88 [00:04<00:19,  3.71it/s, loss=1.822]
  epoch 2/3:  16%|█▌        | 14/88 [00:04<00:19,  3.71it/s, loss=1.810]
  epoch 2/3:  17%|█▋        | 15/88 [00:04<00:19,  3.71it/s, loss=1.810]
  epoch 2/3:  17%|█▋        | 15/88 [00:04<00:19,  3.71it/s, loss=1.816]
  epoch 2/3:  18%|█▊        | 16/88 [00:04<00:19,  3.72it/s, loss=1.816]
  epoch 2/3:  18%|█▊        | 16/88 [00:04<00:19,  3.72it/s, loss=1.814]
  epoch 2/3:  19%|█▉        | 17/88 [00:04<00:19,  3.72it/s, loss=1.814]
  epoch 2/3:  19%|█▉        | 17/88 [00:05<00:19,  3.72it/s, loss=1.811]
  epoch 2/3:  20%|██        | 18/88 [00:05<00:18,  3.71it/s, loss=1.811]
  epoch 2/3:  20%|██        | 18/88 [00:05<00:18,  3.71it/s, loss=1.804]
  epoch 2/3:  22%|██▏       | 19/88 [00:05<00:18,  3.71it/s, loss=1.804]
  epoch 2/3:  22%|██▏       | 19/88 [00:05<00:18,  3.71it/s, loss=1.799]
  epoch 2/3:  23%|██▎       | 20/88 [00:05<00:18,  3.70it/s, loss=1.799]
  epoch 2/3:  23%|██▎       | 20/88 [00:05<00:18,  3.70it/s, loss=1.793]
  epoch 2/3:  24%|██▍       | 21/88 [00:05<00:18,  3.72it/s, loss=1.793]
  epoch 2/3:  24%|██▍       | 21/88 [00:06<00:18,  3.72it/s, loss=1.787]
  epoch 2/3:  25%|██▌       | 22/88 [00:06<00:17,  3.71it/s, loss=1.787]
  epoch 2/3:  25%|██▌       | 22/88 [00:06<00:17,  3.71it/s, loss=1.788]
  epoch 2/3:  26%|██▌       | 23/88 [00:06<00:17,  3.70it/s, loss=1.788]
  epoch 2/3:  26%|██▌       | 23/88 [00:06<00:17,  3.70it/s, loss=1.782]
  epoch 2/3:  27%|██▋       | 24/88 [00:06<00:17,  3.66it/s, loss=1.782]
  epoch 2/3:  27%|██▋       | 24/88 [00:06<00:17,  3.66it/s, loss=1.783]
  epoch 2/3:  28%|██▊       | 25/88 [00:06<00:17,  3.68it/s, loss=1.783]
  epoch 2/3:  28%|██▊       | 25/88 [00:07<00:17,  3.68it/s, loss=1.788]
  epoch 2/3:  30%|██▉       | 26/88 [00:07<00:16,  3.69it/s, loss=1.788]
  epoch 2/3:  30%|██▉       | 26/88 [00:07<00:16,  3.69it/s, loss=1.789]
  epoch 2/3:  31%|███       | 27/88 [00:07<00:16,  3.68it/s, loss=1.789]
  epoch 2/3:  31%|███       | 27/88 [00:07<00:16,  3.68it/s, loss=1.787]
  epoch 2/3:  32%|███▏      | 28/88 [00:07<00:16,  3.70it/s, loss=1.787]
  epoch 2/3:  32%|███▏      | 28/88 [00:08<00:16,  3.70it/s, loss=1.788]
  epoch 2/3:  33%|███▎      | 29/88 [00:08<00:15,  3.72it/s, loss=1.788]
  epoch 2/3:  33%|███▎      | 29/88 [00:08<00:15,  3.72it/s, loss=1.787]
  epoch 2/3:  34%|███▍      | 30/88 [00:08<00:15,  3.71it/s, loss=1.787]
  epoch 2/3:  34%|███▍      | 30/88 [00:08<00:15,  3.71it/s, loss=1.790]
  epoch 2/3:  35%|███▌      | 31/88 [00:08<00:15,  3.71it/s, loss=1.790]
  epoch 2/3:  35%|███▌      | 31/88 [00:08<00:15,  3.71it/s, loss=1.791]
  epoch 2/3:  36%|███▋      | 32/88 [00:08<00:15,  3.72it/s, loss=1.791]
  epoch 2/3:  36%|███▋      | 32/88 [00:09<00:15,  3.72it/s, loss=1.793]
  epoch 2/3:  38%|███▊      | 33/88 [00:09<00:14,  3.72it/s, loss=1.793]
  epoch 2/3:  38%|███▊      | 33/88 [00:09<00:14,  3.72it/s, loss=1.795]
  epoch 2/3:  39%|███▊      | 34/88 [00:09<00:14,  3.71it/s, loss=1.795]
  epoch 2/3:  39%|███▊      | 34/88 [00:09<00:14,  3.71it/s, loss=1.797]
  epoch 2/3:  40%|███▉      | 35/88 [00:09<00:14,  3.71it/s, loss=1.797]
  epoch 2/3:  40%|███▉      | 35/88 [00:09<00:14,  3.71it/s, loss=1.790]
  epoch 2/3:  41%|████      | 36/88 [00:09<00:13,  3.72it/s, loss=1.790]
  epoch 2/3:  41%|████      | 36/88 [00:10<00:13,  3.72it/s, loss=1.787]
  epoch 2/3:  42%|████▏     | 37/88 [00:10<00:13,  3.72it/s, loss=1.787]
  epoch 2/3:  42%|████▏     | 37/88 [00:10<00:13,  3.72it/s, loss=1.786]
  epoch 2/3:  43%|████▎     | 38/88 [00:10<00:13,  3.72it/s, loss=1.786]
  epoch 2/3:  43%|████▎     | 38/88 [00:10<00:13,  3.72it/s, loss=1.789]
  epoch 2/3:  44%|████▍     | 39/88 [00:10<00:13,  3.71it/s, loss=1.789]
  epoch 2/3:  44%|████▍     | 39/88 [00:11<00:13,  3.71it/s, loss=1.787]
  epoch 2/3:  45%|████▌     | 40/88 [00:11<00:13,  3.68it/s, loss=1.787]
  epoch 2/3:  45%|████▌     | 40/88 [00:11<00:13,  3.68it/s, loss=1.789]
  epoch 2/3:  47%|████▋     | 41/88 [00:11<00:12,  3.68it/s, loss=1.789]
  epoch 2/3:  47%|████▋     | 41/88 [00:11<00:12,  3.68it/s, loss=1.786]
  epoch 2/3:  48%|████▊     | 42/88 [00:11<00:12,  3.70it/s, loss=1.786]
  epoch 2/3:  48%|████▊     | 42/88 [00:11<00:12,  3.70it/s, loss=1.786]
  epoch 2/3:  49%|████▉     | 43/88 [00:11<00:12,  3.70it/s, loss=1.786]
  epoch 2/3:  49%|████▉     | 43/88 [00:12<00:12,  3.70it/s, loss=1.786]
  epoch 2/3:  50%|█████     | 44/88 [00:12<00:11,  3.70it/s, loss=1.786]
  epoch 2/3:  50%|█████     | 44/88 [00:12<00:11,  3.70it/s, loss=1.789]
  epoch 2/3:  51%|█████     | 45/88 [00:12<00:11,  3.71it/s, loss=1.789]
  epoch 2/3:  51%|█████     | 45/88 [00:12<00:11,  3.71it/s, loss=1.792]
  epoch 2/3:  52%|█████▏    | 46/88 [00:12<00:11,  3.71it/s, loss=1.792]
  epoch 2/3:  52%|█████▏    | 46/88 [00:12<00:11,  3.71it/s, loss=1.791]
  epoch 2/3:  53%|█████▎    | 47/88 [00:12<00:11,  3.70it/s, loss=1.791]
  epoch 2/3:  53%|█████▎    | 47/88 [00:13<00:11,  3.70it/s, loss=1.790]
  epoch 2/3:  55%|█████▍    | 48/88 [00:13<00:10,  3.71it/s, loss=1.790]
  epoch 2/3:  55%|█████▍    | 48/88 [00:13<00:10,  3.71it/s, loss=1.790]
  epoch 2/3:  56%|█████▌    | 49/88 [00:13<00:10,  3.72it/s, loss=1.790]
  epoch 2/3:  56%|█████▌    | 49/88 [00:13<00:10,  3.72it/s, loss=1.791]
  epoch 2/3:  57%|█████▋    | 50/88 [00:13<00:10,  3.72it/s, loss=1.791]
  epoch 2/3:  57%|█████▋    | 50/88 [00:13<00:10,  3.72it/s, loss=1.790]
  epoch 2/3:  58%|█████▊    | 51/88 [00:13<00:09,  3.71it/s, loss=1.790]
  epoch 2/3:  58%|█████▊    | 51/88 [00:14<00:09,  3.71it/s, loss=1.792]
  epoch 2/3:  59%|█████▉    | 52/88 [00:14<00:09,  3.73it/s, loss=1.792]
  epoch 2/3:  59%|█████▉    | 52/88 [00:14<00:09,  3.73it/s, loss=1.796]
  epoch 2/3:  60%|██████    | 53/88 [00:14<00:09,  3.72it/s, loss=1.796]
  epoch 2/3:  60%|██████    | 53/88 [00:14<00:09,  3.72it/s, loss=1.792]
  epoch 2/3:  61%|██████▏   | 54/88 [00:14<00:09,  3.72it/s, loss=1.792]
  epoch 2/3:  61%|██████▏   | 54/88 [00:15<00:09,  3.72it/s, loss=1.788]
  epoch 2/3:  62%|██████▎   | 55/88 [00:15<00:08,  3.72it/s, loss=1.788]
  epoch 2/3:  62%|██████▎   | 55/88 [00:15<00:08,  3.72it/s, loss=1.786]
  epoch 2/3:  64%|██████▎   | 56/88 [00:15<00:08,  3.68it/s, loss=1.786]
  epoch 2/3:  64%|██████▎   | 56/88 [00:15<00:08,  3.68it/s, loss=1.787]
  epoch 2/3:  65%|██████▍   | 57/88 [00:15<00:08,  3.69it/s, loss=1.787]
  epoch 2/3:  65%|██████▍   | 57/88 [00:15<00:08,  3.69it/s, loss=1.788]
  epoch 2/3:  66%|██████▌   | 58/88 [00:15<00:08,  3.69it/s, loss=1.788]
  epoch 2/3:  66%|██████▌   | 58/88 [00:16<00:08,  3.69it/s, loss=1.788]
  epoch 2/3:  67%|██████▋   | 59/88 [00:16<00:07,  3.70it/s, loss=1.788]
  epoch 2/3:  67%|██████▋   | 59/88 [00:16<00:07,  3.70it/s, loss=1.789]
  epoch 2/3:  68%|██████▊   | 60/88 [00:16<00:07,  3.71it/s, loss=1.789]
  epoch 2/3:  68%|██████▊   | 60/88 [00:16<00:07,  3.71it/s, loss=1.790]
  epoch 2/3:  69%|██████▉   | 61/88 [00:16<00:07,  3.73it/s, loss=1.790]
  epoch 2/3:  69%|██████▉   | 61/88 [00:16<00:07,  3.73it/s, loss=1.789]
  epoch 2/3:  70%|███████   | 62/88 [00:16<00:06,  3.72it/s, loss=1.789]
  epoch 2/3:  70%|███████   | 62/88 [00:17<00:06,  3.72it/s, loss=1.788]
  epoch 2/3:  72%|███████▏  | 63/88 [00:17<00:06,  3.70it/s, loss=1.788]
  epoch 2/3:  72%|███████▏  | 63/88 [00:17<00:06,  3.70it/s, loss=1.789]
  epoch 2/3:  73%|███████▎  | 64/88 [00:17<00:06,  3.72it/s, loss=1.789]
  epoch 2/3:  73%|███████▎  | 64/88 [00:17<00:06,  3.72it/s, loss=1.792]
  epoch 2/3:  74%|███████▍  | 65/88 [00:17<00:06,  3.73it/s, loss=1.792]
  epoch 2/3:  74%|███████▍  | 65/88 [00:18<00:06,  3.73it/s, loss=1.794]
  epoch 2/3:  75%|███████▌  | 66/88 [00:18<00:05,  3.73it/s, loss=1.794]
  epoch 2/3:  75%|███████▌  | 66/88 [00:18<00:05,  3.73it/s, loss=1.794]
  epoch 2/3:  76%|███████▌  | 67/88 [00:18<00:05,  3.71it/s, loss=1.794]
  epoch 2/3:  76%|███████▌  | 67/88 [00:18<00:05,  3.71it/s, loss=1.794]
  epoch 2/3:  77%|███████▋  | 68/88 [00:18<00:05,  3.73it/s, loss=1.794]
  epoch 2/3:  77%|███████▋  | 68/88 [00:18<00:05,  3.73it/s, loss=1.791]
  epoch 2/3:  78%|███████▊  | 69/88 [00:18<00:05,  3.73it/s, loss=1.791]
  epoch 2/3:  78%|███████▊  | 69/88 [00:19<00:05,  3.73it/s, loss=1.792]
  epoch 2/3:  80%|███████▉  | 70/88 [00:19<00:04,  3.73it/s, loss=1.792]
  epoch 2/3:  80%|███████▉  | 70/88 [00:19<00:04,  3.73it/s, loss=1.791]
  epoch 2/3:  81%|████████  | 71/88 [00:19<00:04,  3.72it/s, loss=1.791]
  epoch 2/3:  81%|████████  | 71/88 [00:19<00:04,  3.72it/s, loss=1.791]
  epoch 2/3:  82%|████████▏ | 72/88 [00:19<00:04,  3.68it/s, loss=1.791]
  epoch 2/3:  82%|████████▏ | 72/88 [00:19<00:04,  3.68it/s, loss=1.792]
  epoch 2/3:  83%|████████▎ | 73/88 [00:19<00:04,  3.69it/s, loss=1.792]
  epoch 2/3:  83%|████████▎ | 73/88 [00:20<00:04,  3.69it/s, loss=1.792]
  epoch 2/3:  84%|████████▍ | 74/88 [00:20<00:03,  3.71it/s, loss=1.792]
  epoch 2/3:  84%|████████▍ | 74/88 [00:20<00:03,  3.71it/s, loss=1.794]
  epoch 2/3:  85%|████████▌ | 75/88 [00:20<00:03,  3.73it/s, loss=1.794]
  epoch 2/3:  85%|████████▌ | 75/88 [00:20<00:03,  3.73it/s, loss=1.793]
  epoch 2/3:  86%|████████▋ | 76/88 [00:20<00:03,  3.72it/s, loss=1.793]
  epoch 2/3:  86%|████████▋ | 76/88 [00:20<00:03,  3.72it/s, loss=1.793]
  epoch 2/3:  88%|████████▊ | 77/88 [00:20<00:02,  3.70it/s, loss=1.793]
  epoch 2/3:  88%|████████▊ | 77/88 [00:21<00:02,  3.70it/s, loss=1.791]
  epoch 2/3:  89%|████████▊ | 78/88 [00:21<00:02,  3.72it/s, loss=1.791]
  epoch 2/3:  89%|████████▊ | 78/88 [00:21<00:02,  3.72it/s, loss=1.790]
  epoch 2/3:  90%|████████▉ | 79/88 [00:21<00:02,  3.72it/s, loss=1.790]
  epoch 2/3:  90%|████████▉ | 79/88 [00:21<00:02,  3.72it/s, loss=1.792]
  epoch 2/3:  91%|█████████ | 80/88 [00:21<00:02,  3.72it/s, loss=1.792]
  epoch 2/3:  91%|█████████ | 80/88 [00:22<00:02,  3.72it/s, loss=1.790]
  epoch 2/3:  92%|█████████▏| 81/88 [00:22<00:01,  3.71it/s, loss=1.790]
  epoch 2/3:  92%|█████████▏| 81/88 [00:22<00:01,  3.71it/s, loss=1.789]
  epoch 2/3:  93%|█████████▎| 82/88 [00:22<00:01,  3.72it/s, loss=1.789]
  epoch 2/3:  93%|█████████▎| 82/88 [00:22<00:01,  3.72it/s, loss=1.788]
  epoch 2/3:  94%|█████████▍| 83/88 [00:22<00:01,  3.71it/s, loss=1.788]
  epoch 2/3:  94%|█████████▍| 83/88 [00:22<00:01,  3.71it/s, loss=1.789]
  epoch 2/3:  95%|█████████▌| 84/88 [00:22<00:01,  3.70it/s, loss=1.789]
  epoch 2/3:  95%|█████████▌| 84/88 [00:23<00:01,  3.70it/s, loss=1.792]
  epoch 2/3:  97%|█████████▋| 85/88 [00:23<00:00,  3.71it/s, loss=1.792]
  epoch 2/3:  97%|█████████▋| 85/88 [00:23<00:00,  3.71it/s, loss=1.795]
  epoch 2/3:  98%|█████████▊| 86/88 [00:23<00:00,  3.71it/s, loss=1.795]
  epoch 2/3:  98%|█████████▊| 86/88 [00:23<00:00,  3.71it/s, loss=1.794]
  epoch 2/3:  99%|█████████▉| 87/88 [00:23<00:00,  3.70it/s, loss=1.794]
  epoch 2/3:  99%|█████████▉| 87/88 [00:23<00:00,  3.70it/s, loss=1.794]
  epoch 2/3: 100%|██████████| 88/88 [00:23<00:00,  4.00it/s, loss=1.794]
                                                                        

  epoch 3/3:   0%|          | 0/88 [00:00<?, ?it/s]
  epoch 3/3:   0%|          | 0/88 [00:00<?, ?it/s, loss=1.622]
  epoch 3/3:   1%|          | 1/88 [00:00<00:44,  1.95it/s, loss=1.622]
  epoch 3/3:   1%|          | 1/88 [00:00<00:44,  1.95it/s, loss=1.707]
  epoch 3/3:   2%|▏         | 2/88 [00:00<00:31,  2.70it/s, loss=1.707]
  epoch 3/3:   2%|▏         | 2/88 [00:01<00:31,  2.70it/s, loss=1.741]
  epoch 3/3:   3%|▎         | 3/88 [00:01<00:27,  3.10it/s, loss=1.741]
  epoch 3/3:   3%|▎         | 3/88 [00:01<00:27,  3.10it/s, loss=1.751]
  epoch 3/3:   5%|▍         | 4/88 [00:01<00:25,  3.32it/s, loss=1.751]
  epoch 3/3:   5%|▍         | 4/88 [00:01<00:25,  3.32it/s, loss=1.742]
  epoch 3/3:   6%|▌         | 5/88 [00:01<00:24,  3.45it/s, loss=1.742]
  epoch 3/3:   6%|▌         | 5/88 [00:01<00:24,  3.45it/s, loss=1.754]
  epoch 3/3:   7%|▋         | 6/88 [00:01<00:23,  3.53it/s, loss=1.754]
  epoch 3/3:   7%|▋         | 6/88 [00:02<00:23,  3.53it/s, loss=1.744]
  epoch 3/3:   8%|▊         | 7/88 [00:02<00:22,  3.59it/s, loss=1.744]
  epoch 3/3:   8%|▊         | 7/88 [00:02<00:22,  3.59it/s, loss=1.743]
  epoch 3/3:   9%|▉         | 8/88 [00:02<00:22,  3.62it/s, loss=1.743]
  epoch 3/3:   9%|▉         | 8/88 [00:02<00:22,  3.62it/s, loss=1.750]
  epoch 3/3:  10%|█         | 9/88 [00:02<00:21,  3.65it/s, loss=1.750]
  epoch 3/3:  10%|█         | 9/88 [00:02<00:21,  3.65it/s, loss=1.761]
  epoch 3/3:  11%|█▏        | 10/88 [00:02<00:21,  3.68it/s, loss=1.761]
  epoch 3/3:  11%|█▏        | 10/88 [00:03<00:21,  3.68it/s, loss=1.762]
  epoch 3/3:  12%|█▎        | 11/88 [00:03<00:20,  3.69it/s, loss=1.762]
  epoch 3/3:  12%|█▎        | 11/88 [00:03<00:20,  3.69it/s, loss=1.769]
  epoch 3/3:  14%|█▎        | 12/88 [00:03<00:20,  3.70it/s, loss=1.769]
  epoch 3/3:  14%|█▎        | 12/88 [00:03<00:20,  3.70it/s, loss=1.772]
  epoch 3/3:  15%|█▍        | 13/88 [00:03<00:20,  3.69it/s, loss=1.772]
  epoch 3/3:  15%|█▍        | 13/88 [00:04<00:20,  3.69it/s, loss=1.765]
  epoch 3/3:  16%|█▌        | 14/88 [00:04<00:19,  3.71it/s, loss=1.765]
  epoch 3/3:  16%|█▌        | 14/88 [00:04<00:19,  3.71it/s, loss=1.757]
  epoch 3/3:  17%|█▋        | 15/88 [00:04<00:19,  3.71it/s, loss=1.757]
  epoch 3/3:  17%|█▋        | 15/88 [00:04<00:19,  3.71it/s, loss=1.765]
  epoch 3/3:  18%|█▊        | 16/88 [00:04<00:19,  3.67it/s, loss=1.765]
  epoch 3/3:  18%|█▊        | 16/88 [00:04<00:19,  3.67it/s, loss=1.773]
  epoch 3/3:  19%|█▉        | 17/88 [00:04<00:19,  3.68it/s, loss=1.773]
  epoch 3/3:  19%|█▉        | 17/88 [00:05<00:19,  3.68it/s, loss=1.774]
  epoch 3/3:  20%|██        | 18/88 [00:05<00:19,  3.68it/s, loss=1.774]
  epoch 3/3:  20%|██        | 18/88 [00:05<00:19,  3.68it/s, loss=1.770]
  epoch 3/3:  22%|██▏       | 19/88 [00:05<00:18,  3.68it/s, loss=1.770]
  epoch 3/3:  22%|██▏       | 19/88 [00:05<00:18,  3.68it/s, loss=1.775]
  epoch 3/3:  23%|██▎       | 20/88 [00:05<00:18,  3.68it/s, loss=1.775]
  epoch 3/3:  23%|██▎       | 20/88 [00:05<00:18,  3.68it/s, loss=1.772]
  epoch 3/3:  24%|██▍       | 21/88 [00:05<00:18,  3.70it/s, loss=1.772]
  epoch 3/3:  24%|██▍       | 21/88 [00:06<00:18,  3.70it/s, loss=1.772]
  epoch 3/3:  25%|██▌       | 22/88 [00:06<00:17,  3.71it/s, loss=1.772]
  epoch 3/3:  25%|██▌       | 22/88 [00:06<00:17,  3.71it/s, loss=1.779]
  epoch 3/3:  26%|██▌       | 23/88 [00:06<00:17,  3.70it/s, loss=1.779]
  epoch 3/3:  26%|██▌       | 23/88 [00:06<00:17,  3.70it/s, loss=1.781]
  epoch 3/3:  27%|██▋       | 24/88 [00:06<00:17,  3.70it/s, loss=1.781]
  epoch 3/3:  27%|██▋       | 24/88 [00:06<00:17,  3.70it/s, loss=1.778]
  epoch 3/3:  28%|██▊       | 25/88 [00:06<00:17,  3.70it/s, loss=1.778]
  epoch 3/3:  28%|██▊       | 25/88 [00:07<00:17,  3.70it/s, loss=1.772]
  epoch 3/3:  30%|██▉       | 26/88 [00:07<00:16,  3.70it/s, loss=1.772]
  epoch 3/3:  30%|██▉       | 26/88 [00:07<00:16,  3.70it/s, loss=1.774]
  epoch 3/3:  31%|███       | 27/88 [00:07<00:16,  3.71it/s, loss=1.774]
  epoch 3/3:  31%|███       | 27/88 [00:07<00:16,  3.71it/s, loss=1.776]
  epoch 3/3:  32%|███▏      | 28/88 [00:07<00:16,  3.69it/s, loss=1.776]
  epoch 3/3:  32%|███▏      | 28/88 [00:08<00:16,  3.69it/s, loss=1.768]
  epoch 3/3:  33%|███▎      | 29/88 [00:08<00:16,  3.68it/s, loss=1.768]
  epoch 3/3:  33%|███▎      | 29/88 [00:08<00:16,  3.68it/s, loss=1.771]
  epoch 3/3:  34%|███▍      | 30/88 [00:08<00:15,  3.71it/s, loss=1.771]
  epoch 3/3:  34%|███▍      | 30/88 [00:08<00:15,  3.71it/s, loss=1.770]
  epoch 3/3:  35%|███▌      | 31/88 [00:08<00:15,  3.71it/s, loss=1.770]
  epoch 3/3:  35%|███▌      | 31/88 [00:08<00:15,  3.71it/s, loss=1.770]
  epoch 3/3:  36%|███▋      | 32/88 [00:08<00:15,  3.66it/s, loss=1.770]
  epoch 3/3:  36%|███▋      | 32/88 [00:09<00:15,  3.66it/s, loss=1.770]
  epoch 3/3:  38%|███▊      | 33/88 [00:09<00:14,  3.67it/s, loss=1.770]
  epoch 3/3:  38%|███▊      | 33/88 [00:09<00:14,  3.67it/s, loss=1.772]
  epoch 3/3:  39%|███▊      | 34/88 [00:09<00:14,  3.67it/s, loss=1.772]
  epoch 3/3:  39%|███▊      | 34/88 [00:09<00:14,  3.67it/s, loss=1.769]
  epoch 3/3:  40%|███▉      | 35/88 [00:09<00:14,  3.70it/s, loss=1.769]
  epoch 3/3:  40%|███▉      | 35/88 [00:09<00:14,  3.70it/s, loss=1.766]
  epoch 3/3:  41%|████      | 36/88 [00:09<00:14,  3.70it/s, loss=1.766]
  epoch 3/3:  41%|████      | 36/88 [00:10<00:14,  3.70it/s, loss=1.767]
  epoch 3/3:  42%|████▏     | 37/88 [00:10<00:13,  3.69it/s, loss=1.767]
  epoch 3/3:  42%|████▏     | 37/88 [00:10<00:13,  3.69it/s, loss=1.767]
  epoch 3/3:  43%|████▎     | 38/88 [00:10<00:13,  3.71it/s, loss=1.767]
  epoch 3/3:  43%|████▎     | 38/88 [00:10<00:13,  3.71it/s, loss=1.766]
  epoch 3/3:  44%|████▍     | 39/88 [00:10<00:13,  3.73it/s, loss=1.766]
  epoch 3/3:  44%|████▍     | 39/88 [00:11<00:13,  3.73it/s, loss=1.764]
  epoch 3/3:  45%|████▌     | 40/88 [00:11<00:12,  3.72it/s, loss=1.764]
  epoch 3/3:  45%|████▌     | 40/88 [00:11<00:12,  3.72it/s, loss=1.765]
  epoch 3/3:  47%|████▋     | 41/88 [00:11<00:12,  3.71it/s, loss=1.765]
  epoch 3/3:  47%|████▋     | 41/88 [00:11<00:12,  3.71it/s, loss=1.764]
  epoch 3/3:  48%|████▊     | 42/88 [00:11<00:12,  3.73it/s, loss=1.764]
  epoch 3/3:  48%|████▊     | 42/88 [00:11<00:12,  3.73it/s, loss=1.760]
  epoch 3/3:  49%|████▉     | 43/88 [00:11<00:12,  3.74it/s, loss=1.760]
  epoch 3/3:  49%|████▉     | 43/88 [00:12<00:12,  3.74it/s, loss=1.761]
  epoch 3/3:  50%|█████     | 44/88 [00:12<00:11,  3.73it/s, loss=1.761]
  epoch 3/3:  50%|█████     | 44/88 [00:12<00:11,  3.73it/s, loss=1.760]
  epoch 3/3:  51%|█████     | 45/88 [00:12<00:11,  3.70it/s, loss=1.760]
  epoch 3/3:  51%|█████     | 45/88 [00:12<00:11,  3.70it/s, loss=1.760]
  epoch 3/3:  52%|█████▏    | 46/88 [00:12<00:11,  3.71it/s, loss=1.760]
  epoch 3/3:  52%|█████▏    | 46/88 [00:12<00:11,  3.71it/s, loss=1.758]
  epoch 3/3:  53%|█████▎    | 47/88 [00:12<00:11,  3.71it/s, loss=1.758]
  epoch 3/3:  53%|█████▎    | 47/88 [00:13<00:11,  3.71it/s, loss=1.759]
  epoch 3/3:  55%|█████▍    | 48/88 [00:13<00:10,  3.66it/s, loss=1.759]
  epoch 3/3:  55%|█████▍    | 48/88 [00:13<00:10,  3.66it/s, loss=1.756]
  epoch 3/3:  56%|█████▌    | 49/88 [00:13<00:10,  3.69it/s, loss=1.756]
  epoch 3/3:  56%|█████▌    | 49/88 [00:13<00:10,  3.69it/s, loss=1.758]
  epoch 3/3:  57%|█████▋    | 50/88 [00:13<00:10,  3.69it/s, loss=1.758]
  epoch 3/3:  57%|█████▋    | 50/88 [00:14<00:10,  3.69it/s, loss=1.761]
  epoch 3/3:  58%|█████▊    | 51/88 [00:14<00:10,  3.70it/s, loss=1.761]
  epoch 3/3:  58%|█████▊    | 51/88 [00:14<00:10,  3.70it/s, loss=1.762]
  epoch 3/3:  59%|█████▉    | 52/88 [00:14<00:09,  3.70it/s, loss=1.762]
  epoch 3/3:  59%|█████▉    | 52/88 [00:14<00:09,  3.70it/s, loss=1.763]
  epoch 3/3:  60%|██████    | 53/88 [00:14<00:09,  3.70it/s, loss=1.763]
  epoch 3/3:  60%|██████    | 53/88 [00:14<00:09,  3.70it/s, loss=1.764]
  epoch 3/3:  61%|██████▏   | 54/88 [00:14<00:09,  3.72it/s, loss=1.764]
  epoch 3/3:  61%|██████▏   | 54/88 [00:15<00:09,  3.72it/s, loss=1.767]
  epoch 3/3:  62%|██████▎   | 55/88 [00:15<00:08,  3.71it/s, loss=1.767]
  epoch 3/3:  62%|██████▎   | 55/88 [00:15<00:08,  3.71it/s, loss=1.767]
  epoch 3/3:  64%|██████▎   | 56/88 [00:15<00:08,  3.71it/s, loss=1.767]
  epoch 3/3:  64%|██████▎   | 56/88 [00:15<00:08,  3.71it/s, loss=1.766]
  epoch 3/3:  65%|██████▍   | 57/88 [00:15<00:08,  3.70it/s, loss=1.766]
  epoch 3/3:  65%|██████▍   | 57/88 [00:15<00:08,  3.70it/s, loss=1.767]
  epoch 3/3:  66%|██████▌   | 58/88 [00:15<00:08,  3.72it/s, loss=1.767]
  epoch 3/3:  66%|██████▌   | 58/88 [00:16<00:08,  3.72it/s, loss=1.771]
  epoch 3/3:  67%|██████▋   | 59/88 [00:16<00:07,  3.72it/s, loss=1.771]
  epoch 3/3:  67%|██████▋   | 59/88 [00:16<00:07,  3.72it/s, loss=1.771]
  epoch 3/3:  68%|██████▊   | 60/88 [00:16<00:07,  3.72it/s, loss=1.771]
  epoch 3/3:  68%|██████▊   | 60/88 [00:16<00:07,  3.72it/s, loss=1.771]
  epoch 3/3:  69%|██████▉   | 61/88 [00:16<00:07,  3.71it/s, loss=1.771]
  epoch 3/3:  69%|██████▉   | 61/88 [00:16<00:07,  3.71it/s, loss=1.772]
  epoch 3/3:  70%|███████   | 62/88 [00:16<00:06,  3.73it/s, loss=1.772]
  epoch 3/3:  70%|███████   | 62/88 [00:17<00:06,  3.73it/s, loss=1.772]
  epoch 3/3:  72%|███████▏  | 63/88 [00:17<00:06,  3.74it/s, loss=1.772]
  epoch 3/3:  72%|███████▏  | 63/88 [00:17<00:06,  3.74it/s, loss=1.773]
  epoch 3/3:  73%|███████▎  | 64/88 [00:17<00:06,  3.69it/s, loss=1.773]
  epoch 3/3:  73%|███████▎  | 64/88 [00:17<00:06,  3.69it/s, loss=1.774]
  epoch 3/3:  74%|███████▍  | 65/88 [00:17<00:06,  3.71it/s, loss=1.774]
  epoch 3/3:  74%|███████▍  | 65/88 [00:18<00:06,  3.71it/s, loss=1.774]
  epoch 3/3:  75%|███████▌  | 66/88 [00:18<00:05,  3.74it/s, loss=1.774]
  epoch 3/3:  75%|███████▌  | 66/88 [00:18<00:05,  3.74it/s, loss=1.772]
  epoch 3/3:  76%|███████▌  | 67/88 [00:18<00:05,  3.73it/s, loss=1.772]
  epoch 3/3:  76%|███████▌  | 67/88 [00:18<00:05,  3.73it/s, loss=1.773]
  epoch 3/3:  77%|███████▋  | 68/88 [00:18<00:05,  3.72it/s, loss=1.773]
  epoch 3/3:  77%|███████▋  | 68/88 [00:18<00:05,  3.72it/s, loss=1.769]
  epoch 3/3:  78%|███████▊  | 69/88 [00:18<00:05,  3.72it/s, loss=1.769]
  epoch 3/3:  78%|███████▊  | 69/88 [00:19<00:05,  3.72it/s, loss=1.768]
  epoch 3/3:  80%|███████▉  | 70/88 [00:19<00:04,  3.73it/s, loss=1.768]
  epoch 3/3:  80%|███████▉  | 70/88 [00:19<00:04,  3.73it/s, loss=1.768]
  epoch 3/3:  81%|████████  | 71/88 [00:19<00:04,  3.72it/s, loss=1.768]
  epoch 3/3:  81%|████████  | 71/88 [00:19<00:04,  3.72it/s, loss=1.769]
  epoch 3/3:  82%|████████▏ | 72/88 [00:19<00:04,  3.70it/s, loss=1.769]
  epoch 3/3:  82%|████████▏ | 72/88 [00:19<00:04,  3.70it/s, loss=1.772]
  epoch 3/3:  83%|████████▎ | 73/88 [00:19<00:04,  3.71it/s, loss=1.772]
  epoch 3/3:  83%|████████▎ | 73/88 [00:20<00:04,  3.71it/s, loss=1.772]
  epoch 3/3:  84%|████████▍ | 74/88 [00:20<00:03,  3.72it/s, loss=1.772]
  epoch 3/3:  84%|████████▍ | 74/88 [00:20<00:03,  3.72it/s, loss=1.772]
  epoch 3/3:  85%|████████▌ | 75/88 [00:20<00:03,  3.73it/s, loss=1.772]
  epoch 3/3:  85%|████████▌ | 75/88 [00:20<00:03,  3.73it/s, loss=1.771]
  epoch 3/3:  86%|████████▋ | 76/88 [00:20<00:03,  3.73it/s, loss=1.771]
  epoch 3/3:  86%|████████▋ | 76/88 [00:21<00:03,  3.73it/s, loss=1.769]
  epoch 3/3:  88%|████████▊ | 77/88 [00:21<00:02,  3.70it/s, loss=1.769]
  epoch 3/3:  88%|████████▊ | 77/88 [00:21<00:02,  3.70it/s, loss=1.770]
  epoch 3/3:  89%|████████▊ | 78/88 [00:21<00:02,  3.70it/s, loss=1.770]
  epoch 3/3:  89%|████████▊ | 78/88 [00:21<00:02,  3.70it/s, loss=1.769]
  epoch 3/3:  90%|████████▉ | 79/88 [00:21<00:02,  3.71it/s, loss=1.769]
  epoch 3/3:  90%|████████▉ | 79/88 [00:21<00:02,  3.71it/s, loss=1.770]
  epoch 3/3:  91%|█████████ | 80/88 [00:21<00:02,  3.65it/s, loss=1.770]
  epoch 3/3:  91%|█████████ | 80/88 [00:22<00:02,  3.65it/s, loss=1.769]
  epoch 3/3:  92%|█████████▏| 81/88 [00:22<00:01,  3.68it/s, loss=1.769]
  epoch 3/3:  92%|█████████▏| 81/88 [00:22<00:01,  3.68it/s, loss=1.769]
  epoch 3/3:  93%|█████████▎| 82/88 [00:22<00:01,  3.69it/s, loss=1.769]
  epoch 3/3:  93%|█████████▎| 82/88 [00:22<00:01,  3.69it/s, loss=1.768]
  epoch 3/3:  94%|█████████▍| 83/88 [00:22<00:01,  3.70it/s, loss=1.768]
  epoch 3/3:  94%|█████████▍| 83/88 [00:22<00:01,  3.70it/s, loss=1.769]
  epoch 3/3:  95%|█████████▌| 84/88 [00:22<00:01,  3.71it/s, loss=1.769]
  epoch 3/3:  95%|█████████▌| 84/88 [00:23<00:01,  3.71it/s, loss=1.769]
  epoch 3/3:  97%|█████████▋| 85/88 [00:23<00:00,  3.72it/s, loss=1.769]
  epoch 3/3:  97%|█████████▋| 85/88 [00:23<00:00,  3.72it/s, loss=1.773]
  epoch 3/3:  98%|█████████▊| 86/88 [00:23<00:00,  3.71it/s, loss=1.773]
  epoch 3/3:  98%|█████████▊| 86/88 [00:23<00:00,  3.71it/s, loss=1.773]
  epoch 3/3:  99%|█████████▉| 87/88 [00:23<00:00,  3.71it/s, loss=1.773]
  epoch 3/3:  99%|█████████▉| 87/88 [00:23<00:00,  3.71it/s, loss=1.773]
  epoch 3/3: 100%|██████████| 88/88 [00:23<00:00,  4.06it/s, loss=1.773]
                                                                        
[titans] reset=never | norm(state) sau task = 134.7530
[titans]   self-mod v:β=1.00 |W|=0.06
[titans]   eta_t(avg)=0.3194  alpha_t/forget-gate(avg)=0.5780
[task 6] test acc so far: 0.051  0.069  0.074  0.003  0.006  0.134  0.077
[task 6] NCM-head acc so far: 0.680  0.771  0.729  0.654  0.669  0.717  0.840
[task 7] classes=[13, 24, 28, 30, 31] | train=2800

  epoch 1/3:   0%|          | 0/88 [00:00<?, ?it/s]
  epoch 1/3:   0%|          | 0/88 [00:00<?, ?it/s, loss=1.476]
  epoch 1/3:   1%|          | 1/88 [00:00<00:44,  1.95it/s, loss=1.476]
  epoch 1/3:   1%|          | 1/88 [00:00<00:44,  1.95it/s, loss=1.569]
  epoch 1/3:   2%|▏         | 2/88 [00:00<00:31,  2.70it/s, loss=1.569]
  epoch 1/3:   2%|▏         | 2/88 [00:01<00:31,  2.70it/s, loss=1.520]
  epoch 1/3:   3%|▎         | 3/88 [00:01<00:27,  3.10it/s, loss=1.520]
  epoch 1/3:   3%|▎         | 3/88 [00:01<00:27,  3.10it/s, loss=1.527]
  epoch 1/3:   5%|▍         | 4/88 [00:01<00:25,  3.35it/s, loss=1.527]
  epoch 1/3:   5%|▍         | 4/88 [00:01<00:25,  3.35it/s, loss=1.575]
  epoch 1/3:   6%|▌         | 5/88 [00:01<00:23,  3.49it/s, loss=1.575]
  epoch 1/3:   6%|▌         | 5/88 [00:01<00:23,  3.49it/s, loss=1.583]
  epoch 1/3:   7%|▋         | 6/88 [00:01<00:22,  3.59it/s, loss=1.583]
  epoch 1/3:   7%|▋         | 6/88 [00:02<00:22,  3.59it/s, loss=1.578]
  epoch 1/3:   8%|▊         | 7/88 [00:02<00:22,  3.64it/s, loss=1.578]
  epoch 1/3:   8%|▊         | 7/88 [00:02<00:22,  3.64it/s, loss=1.581]
  epoch 1/3:   9%|▉         | 8/88 [00:02<00:21,  3.65it/s, loss=1.581]
  epoch 1/3:   9%|▉         | 8/88 [00:02<00:21,  3.65it/s, loss=1.581]
  epoch 1/3:  10%|█         | 9/88 [00:02<00:21,  3.69it/s, loss=1.581]
  epoch 1/3:  10%|█         | 9/88 [00:02<00:21,  3.69it/s, loss=1.587]
  epoch 1/3:  11%|█▏        | 10/88 [00:02<00:21,  3.69it/s, loss=1.587]
  epoch 1/3:  11%|█▏        | 10/88 [00:03<00:21,  3.69it/s, loss=1.586]
  epoch 1/3:  12%|█▎        | 11/88 [00:03<00:20,  3.71it/s, loss=1.586]
  epoch 1/3:  12%|█▎        | 11/88 [00:03<00:20,  3.71it/s, loss=1.585]
  epoch 1/3:  14%|█▎        | 12/88 [00:03<00:20,  3.73it/s, loss=1.585]
  epoch 1/3:  14%|█▎        | 12/88 [00:03<00:20,  3.73it/s, loss=1.582]
  epoch 1/3:  15%|█▍        | 13/88 [00:03<00:20,  3.73it/s, loss=1.582]
  epoch 1/3:  15%|█▍        | 13/88 [00:03<00:20,  3.73it/s, loss=1.589]
  epoch 1/3:  16%|█▌        | 14/88 [00:03<00:19,  3.74it/s, loss=1.589]
  epoch 1/3:  16%|█▌        | 14/88 [00:04<00:19,  3.74it/s, loss=1.592]
  epoch 1/3:  17%|█▋        | 15/88 [00:04<00:19,  3.73it/s, loss=1.592]
  epoch 1/3:  17%|█▋        | 15/88 [00:04<00:19,  3.73it/s, loss=1.593]
  epoch 1/3:  18%|█▊        | 16/88 [00:04<00:19,  3.73it/s, loss=1.593]
  epoch 1/3:  18%|█▊        | 16/88 [00:04<00:19,  3.73it/s, loss=1.587]
  epoch 1/3:  19%|█▉        | 17/88 [00:04<00:18,  3.74it/s, loss=1.587]
  epoch 1/3:  19%|█▉        | 17/88 [00:05<00:18,  3.74it/s, loss=1.582]
  epoch 1/3:  20%|██        | 18/88 [00:05<00:18,  3.76it/s, loss=1.582]
  epoch 1/3:  20%|██        | 18/88 [00:05<00:18,  3.76it/s, loss=1.579]
  epoch 1/3:  22%|██▏       | 19/88 [00:05<00:18,  3.76it/s, loss=1.579]
  epoch 1/3:  22%|██▏       | 19/88 [00:05<00:18,  3.76it/s, loss=1.584]
  epoch 1/3:  23%|██▎       | 20/88 [00:05<00:18,  3.77it/s, loss=1.584]
  epoch 1/3:  23%|██▎       | 20/88 [00:05<00:18,  3.77it/s, loss=1.584]
  epoch 1/3:  24%|██▍       | 21/88 [00:05<00:17,  3.76it/s, loss=1.584]
  epoch 1/3:  24%|██▍       | 21/88 [00:06<00:17,  3.76it/s, loss=1.586]
  epoch 1/3:  25%|██▌       | 22/88 [00:06<00:17,  3.74it/s, loss=1.586]
  epoch 1/3:  25%|██▌       | 22/88 [00:06<00:17,  3.74it/s, loss=1.586]
  epoch 1/3:  26%|██▌       | 23/88 [00:06<00:17,  3.74it/s, loss=1.586]
  epoch 1/3:  26%|██▌       | 23/88 [00:06<00:17,  3.74it/s, loss=1.588]
  epoch 1/3:  27%|██▋       | 24/88 [00:06<00:17,  3.70it/s, loss=1.588]
  epoch 1/3:  27%|██▋       | 24/88 [00:06<00:17,  3.70it/s, loss=1.589]
  epoch 1/3:  28%|██▊       | 25/88 [00:06<00:16,  3.72it/s, loss=1.589]
  epoch 1/3:  28%|██▊       | 25/88 [00:07<00:16,  3.72it/s, loss=1.587]
  epoch 1/3:  30%|██▉       | 26/88 [00:07<00:16,  3.74it/s, loss=1.587]
  epoch 1/3:  30%|██▉       | 26/88 [00:07<00:16,  3.74it/s, loss=1.589]
  epoch 1/3:  31%|███       | 27/88 [00:07<00:16,  3.72it/s, loss=1.589]
  epoch 1/3:  31%|███       | 27/88 [00:07<00:16,  3.72it/s, loss=1.590]
  epoch 1/3:  32%|███▏      | 28/88 [00:07<00:16,  3.74it/s, loss=1.590]
  epoch 1/3:  32%|███▏      | 28/88 [00:07<00:16,  3.74it/s, loss=1.589]
  epoch 1/3:  33%|███▎      | 29/88 [00:07<00:15,  3.76it/s, loss=1.589]
  epoch 1/3:  33%|███▎      | 29/88 [00:08<00:15,  3.76it/s, loss=1.594]
  epoch 1/3:  34%|███▍      | 30/88 [00:08<00:15,  3.77it/s, loss=1.594]
  epoch 1/3:  34%|███▍      | 30/88 [00:08<00:15,  3.77it/s, loss=1.595]
  epoch 1/3:  35%|███▌      | 31/88 [00:08<00:15,  3.77it/s, loss=1.595]
  epoch 1/3:  35%|███▌      | 31/88 [00:08<00:15,  3.77it/s, loss=1.593]
  epoch 1/3:  36%|███▋      | 32/88 [00:08<00:14,  3.77it/s, loss=1.593]
  epoch 1/3:  36%|███▋      | 32/88 [00:09<00:14,  3.77it/s, loss=1.591]
  epoch 1/3:  38%|███▊      | 33/88 [00:09<00:14,  3.75it/s, loss=1.591]
  epoch 1/3:  38%|███▊      | 33/88 [00:09<00:14,  3.75it/s, loss=1.592]
  epoch 1/3:  39%|███▊      | 34/88 [00:09<00:14,  3.74it/s, loss=1.592]
  epoch 1/3:  39%|███▊      | 34/88 [00:09<00:14,  3.74it/s, loss=1.592]
  epoch 1/3:  40%|███▉      | 35/88 [00:09<00:14,  3.73it/s, loss=1.592]
  epoch 1/3:  40%|███▉      | 35/88 [00:09<00:14,  3.73it/s, loss=1.591]
  epoch 1/3:  41%|████      | 36/88 [00:09<00:13,  3.73it/s, loss=1.591]
  epoch 1/3:  41%|████      | 36/88 [00:10<00:13,  3.73it/s, loss=1.591]
  epoch 1/3:  42%|████▏     | 37/88 [00:10<00:13,  3.74it/s, loss=1.591]
  epoch 1/3:  42%|████▏     | 37/88 [00:10<00:13,  3.74it/s, loss=1.596]
  epoch 1/3:  43%|████▎     | 38/88 [00:10<00:13,  3.73it/s, loss=1.596]
  epoch 1/3:  43%|████▎     | 38/88 [00:10<00:13,  3.73it/s, loss=1.593]
  epoch 1/3:  44%|████▍     | 39/88 [00:10<00:13,  3.72it/s, loss=1.593]
  epoch 1/3:  44%|████▍     | 39/88 [00:10<00:13,  3.72it/s, loss=1.593]
  epoch 1/3:  45%|████▌     | 40/88 [00:10<00:12,  3.69it/s, loss=1.593]
  epoch 1/3:  45%|████▌     | 40/88 [00:11<00:12,  3.69it/s, loss=1.593]
  epoch 1/3:  47%|████▋     | 41/88 [00:11<00:12,  3.71it/s, loss=1.593]
  epoch 1/3:  47%|████▋     | 41/88 [00:11<00:12,  3.71it/s, loss=1.590]
  epoch 1/3:  48%|████▊     | 42/88 [00:11<00:12,  3.72it/s, loss=1.590]
  epoch 1/3:  48%|████▊     | 42/88 [00:11<00:12,  3.72it/s, loss=1.586]
  epoch 1/3:  49%|████▉     | 43/88 [00:11<00:12,  3.74it/s, loss=1.586]
  epoch 1/3:  49%|████▉     | 43/88 [00:12<00:12,  3.74it/s, loss=1.585]
  epoch 1/3:  50%|█████     | 44/88 [00:12<00:11,  3.75it/s, loss=1.585]
  epoch 1/3:  50%|█████     | 44/88 [00:12<00:11,  3.75it/s, loss=1.587]
  epoch 1/3:  51%|█████     | 45/88 [00:12<00:11,  3.76it/s, loss=1.587]
  epoch 1/3:  51%|█████     | 45/88 [00:12<00:11,  3.76it/s, loss=1.589]
  epoch 1/3:  52%|█████▏    | 46/88 [00:12<00:11,  3.76it/s, loss=1.589]
  epoch 1/3:  52%|█████▏    | 46/88 [00:12<00:11,  3.76it/s, loss=1.591]
  epoch 1/3:  53%|█████▎    | 47/88 [00:12<00:10,  3.75it/s, loss=1.591]
  epoch 1/3:  53%|█████▎    | 47/88 [00:13<00:10,  3.75it/s, loss=1.592]
  epoch 1/3:  55%|█████▍    | 48/88 [00:13<00:10,  3.73it/s, loss=1.592]
  epoch 1/3:  55%|█████▍    | 48/88 [00:13<00:10,  3.73it/s, loss=1.592]
  epoch 1/3:  56%|█████▌    | 49/88 [00:13<00:10,  3.74it/s, loss=1.592]
  epoch 1/3:  56%|█████▌    | 49/88 [00:13<00:10,  3.74it/s, loss=1.591]
  epoch 1/3:  57%|█████▋    | 50/88 [00:13<00:10,  3.75it/s, loss=1.591]
  epoch 1/3:  57%|█████▋    | 50/88 [00:13<00:10,  3.75it/s, loss=1.592]
  epoch 1/3:  58%|█████▊    | 51/88 [00:13<00:09,  3.76it/s, loss=1.592]
  epoch 1/3:  58%|█████▊    | 51/88 [00:14<00:09,  3.76it/s, loss=1.592]
  epoch 1/3:  59%|█████▉    | 52/88 [00:14<00:09,  3.77it/s, loss=1.592]
  epoch 1/3:  59%|█████▉    | 52/88 [00:14<00:09,  3.77it/s, loss=1.592]
  epoch 1/3:  60%|██████    | 53/88 [00:14<00:09,  3.75it/s, loss=1.592]
  epoch 1/3:  60%|██████    | 53/88 [00:14<00:09,  3.75it/s, loss=1.592]
  epoch 1/3:  61%|██████▏   | 54/88 [00:14<00:09,  3.74it/s, loss=1.592]
  epoch 1/3:  61%|██████▏   | 54/88 [00:14<00:09,  3.74it/s, loss=1.593]
  epoch 1/3:  62%|██████▎   | 55/88 [00:14<00:08,  3.73it/s, loss=1.593]
  epoch 1/3:  62%|██████▎   | 55/88 [00:15<00:08,  3.73it/s, loss=1.592]
  epoch 1/3:  64%|██████▎   | 56/88 [00:15<00:08,  3.69it/s, loss=1.592]
  epoch 1/3:  64%|██████▎   | 56/88 [00:15<00:08,  3.69it/s, loss=1.592]
  epoch 1/3:  65%|██████▍   | 57/88 [00:15<00:08,  3.70it/s, loss=1.592]
  epoch 1/3:  65%|██████▍   | 57/88 [00:15<00:08,  3.70it/s, loss=1.591]
  epoch 1/3:  66%|██████▌   | 58/88 [00:15<00:08,  3.73it/s, loss=1.591]
  epoch 1/3:  66%|██████▌   | 58/88 [00:16<00:08,  3.73it/s, loss=1.589]
  epoch 1/3:  67%|██████▋   | 59/88 [00:16<00:07,  3.74it/s, loss=1.589]
  epoch 1/3:  67%|██████▋   | 59/88 [00:16<00:07,  3.74it/s, loss=1.587]
  epoch 1/3:  68%|██████▊   | 60/88 [00:16<00:07,  3.76it/s, loss=1.587]
  epoch 1/3:  68%|██████▊   | 60/88 [00:16<00:07,  3.76it/s, loss=1.587]
  epoch 1/3:  69%|██████▉   | 61/88 [00:16<00:07,  3.75it/s, loss=1.587]
  epoch 1/3:  69%|██████▉   | 61/88 [00:16<00:07,  3.75it/s, loss=1.583]
  epoch 1/3:  70%|███████   | 62/88 [00:16<00:06,  3.74it/s, loss=1.583]
  epoch 1/3:  70%|███████   | 62/88 [00:17<00:06,  3.74it/s, loss=1.580]
  epoch 1/3:  72%|███████▏  | 63/88 [00:17<00:06,  3.73it/s, loss=1.580]
  epoch 1/3:  72%|███████▏  | 63/88 [00:17<00:06,  3.73it/s, loss=1.580]
  epoch 1/3:  73%|███████▎  | 64/88 [00:17<00:06,  3.74it/s, loss=1.580]
  epoch 1/3:  73%|███████▎  | 64/88 [00:17<00:06,  3.74it/s, loss=1.580]
  epoch 1/3:  74%|███████▍  | 65/88 [00:17<00:06,  3.74it/s, loss=1.580]
  epoch 1/3:  74%|███████▍  | 65/88 [00:17<00:06,  3.74it/s, loss=1.579]
  epoch 1/3:  75%|███████▌  | 66/88 [00:17<00:05,  3.74it/s, loss=1.579]
  epoch 1/3:  75%|███████▌  | 66/88 [00:18<00:05,  3.74it/s, loss=1.579]
  epoch 1/3:  76%|███████▌  | 67/88 [00:18<00:05,  3.73it/s, loss=1.579]
  epoch 1/3:  76%|███████▌  | 67/88 [00:18<00:05,  3.73it/s, loss=1.578]
  epoch 1/3:  77%|███████▋  | 68/88 [00:18<00:05,  3.73it/s, loss=1.578]
  epoch 1/3:  77%|███████▋  | 68/88 [00:18<00:05,  3.73it/s, loss=1.578]
  epoch 1/3:  78%|███████▊  | 69/88 [00:18<00:05,  3.74it/s, loss=1.578]
  epoch 1/3:  78%|███████▊  | 69/88 [00:18<00:05,  3.74it/s, loss=1.577]
  epoch 1/3:  80%|███████▉  | 70/88 [00:18<00:04,  3.75it/s, loss=1.577]
  epoch 1/3:  80%|███████▉  | 70/88 [00:19<00:04,  3.75it/s, loss=1.575]
  epoch 1/3:  81%|████████  | 71/88 [00:19<00:04,  3.76it/s, loss=1.575]
  epoch 1/3:  81%|████████  | 71/88 [00:19<00:04,  3.76it/s, loss=1.573]
  epoch 1/3:  82%|████████▏ | 72/88 [00:19<00:04,  3.70it/s, loss=1.573]
  epoch 1/3:  82%|████████▏ | 72/88 [00:19<00:04,  3.70it/s, loss=1.572]
  epoch 1/3:  83%|████████▎ | 73/88 [00:19<00:04,  3.74it/s, loss=1.572]
  epoch 1/3:  83%|████████▎ | 73/88 [00:20<00:04,  3.74it/s, loss=1.572]
  epoch 1/3:  84%|████████▍ | 74/88 [00:20<00:03,  3.76it/s, loss=1.572]
  epoch 1/3:  84%|████████▍ | 74/88 [00:20<00:03,  3.76it/s, loss=1.572]
  epoch 1/3:  85%|████████▌ | 75/88 [00:20<00:03,  3.76it/s, loss=1.572]
  epoch 1/3:  85%|████████▌ | 75/88 [00:20<00:03,  3.76it/s, loss=1.572]
  epoch 1/3:  86%|████████▋ | 76/88 [00:20<00:03,  3.78it/s, loss=1.572]
  epoch 1/3:  86%|████████▋ | 76/88 [00:20<00:03,  3.78it/s, loss=1.570]
  epoch 1/3:  88%|████████▊ | 77/88 [00:20<00:02,  3.78it/s, loss=1.570]
  epoch 1/3:  88%|████████▊ | 77/88 [00:21<00:02,  3.78it/s, loss=1.571]
  epoch 1/3:  89%|████████▊ | 78/88 [00:21<00:02,  3.77it/s, loss=1.571]
  epoch 1/3:  89%|████████▊ | 78/88 [00:21<00:02,  3.77it/s, loss=1.570]
  epoch 1/3:  90%|████████▉ | 79/88 [00:21<00:02,  3.76it/s, loss=1.570]
  epoch 1/3:  90%|████████▉ | 79/88 [00:21<00:02,  3.76it/s, loss=1.571]
  epoch 1/3:  91%|█████████ | 80/88 [00:21<00:02,  3.76it/s, loss=1.571]
  epoch 1/3:  91%|█████████ | 80/88 [00:21<00:02,  3.76it/s, loss=1.569]
  epoch 1/3:  92%|█████████▏| 81/88 [00:21<00:01,  3.75it/s, loss=1.569]
  epoch 1/3:  92%|█████████▏| 81/88 [00:22<00:01,  3.75it/s, loss=1.569]
  epoch 1/3:  93%|█████████▎| 82/88 [00:22<00:01,  3.75it/s, loss=1.569]
  epoch 1/3:  93%|█████████▎| 82/88 [00:22<00:01,  3.75it/s, loss=1.568]
  epoch 1/3:  94%|█████████▍| 83/88 [00:22<00:01,  3.76it/s, loss=1.568]
  epoch 1/3:  94%|█████████▍| 83/88 [00:22<00:01,  3.76it/s, loss=1.567]
  epoch 1/3:  95%|█████████▌| 84/88 [00:22<00:01,  3.77it/s, loss=1.567]
  epoch 1/3:  95%|█████████▌| 84/88 [00:22<00:01,  3.77it/s, loss=1.566]
  epoch 1/3:  97%|█████████▋| 85/88 [00:22<00:00,  3.77it/s, loss=1.566]
  epoch 1/3:  97%|█████████▋| 85/88 [00:23<00:00,  3.77it/s, loss=1.566]
  epoch 1/3:  98%|█████████▊| 86/88 [00:23<00:00,  3.77it/s, loss=1.566]
  epoch 1/3:  98%|█████████▊| 86/88 [00:23<00:00,  3.77it/s, loss=1.566]
  epoch 1/3:  99%|█████████▉| 87/88 [00:23<00:00,  3.77it/s, loss=1.566]
  epoch 1/3:  99%|█████████▉| 87/88 [00:23<00:00,  3.77it/s, loss=1.565]
  epoch 1/3: 100%|██████████| 88/88 [00:23<00:00,  4.07it/s, loss=1.565]
                                                                        

  epoch 2/3:   0%|          | 0/88 [00:00<?, ?it/s]
  epoch 2/3:   0%|          | 0/88 [00:00<?, ?it/s, loss=1.737]
  epoch 2/3:   1%|          | 1/88 [00:00<00:44,  1.95it/s, loss=1.737]
  epoch 2/3:   1%|          | 1/88 [00:00<00:44,  1.95it/s, loss=1.634]
  epoch 2/3:   2%|▏         | 2/88 [00:00<00:31,  2.73it/s, loss=1.634]
  epoch 2/3:   2%|▏         | 2/88 [00:01<00:31,  2.73it/s, loss=1.596]
  epoch 2/3:   3%|▎         | 3/88 [00:01<00:27,  3.13it/s, loss=1.596]
  epoch 2/3:   3%|▎         | 3/88 [00:01<00:27,  3.13it/s, loss=1.592]
  epoch 2/3:   5%|▍         | 4/88 [00:01<00:25,  3.35it/s, loss=1.592]
  epoch 2/3:   5%|▍         | 4/88 [00:01<00:25,  3.35it/s, loss=1.572]
  epoch 2/3:   6%|▌         | 5/88 [00:01<00:23,  3.50it/s, loss=1.572]
  epoch 2/3:   6%|▌         | 5/88 [00:01<00:23,  3.50it/s, loss=1.573]
  epoch 2/3:   7%|▋         | 6/88 [00:01<00:22,  3.58it/s, loss=1.573]
  epoch 2/3:   7%|▋         | 6/88 [00:02<00:22,  3.58it/s, loss=1.580]
  epoch 2/3:   8%|▊         | 7/88 [00:02<00:22,  3.63it/s, loss=1.580]
  epoch 2/3:   8%|▊         | 7/88 [00:02<00:22,  3.63it/s, loss=1.583]
  epoch 2/3:   9%|▉         | 8/88 [00:02<00:21,  3.65it/s, loss=1.583]
  epoch 2/3:   9%|▉         | 8/88 [00:02<00:21,  3.65it/s, loss=1.580]
  epoch 2/3:  10%|█         | 9/88 [00:02<00:21,  3.69it/s, loss=1.580]
  epoch 2/3:  10%|█         | 9/88 [00:02<00:21,  3.69it/s, loss=1.571]
  epoch 2/3:  11%|█▏        | 10/88 [00:02<00:20,  3.72it/s, loss=1.571]
  epoch 2/3:  11%|█▏        | 10/88 [00:03<00:20,  3.72it/s, loss=1.575]
  epoch 2/3:  12%|█▎        | 11/88 [00:03<00:20,  3.74it/s, loss=1.575]
  epoch 2/3:  12%|█▎        | 11/88 [00:03<00:20,  3.74it/s, loss=1.575]
  epoch 2/3:  14%|█▎        | 12/88 [00:03<00:20,  3.74it/s, loss=1.575]
  epoch 2/3:  14%|█▎        | 12/88 [00:03<00:20,  3.74it/s, loss=1.578]
  epoch 2/3:  15%|█▍        | 13/88 [00:03<00:20,  3.74it/s, loss=1.578]
  epoch 2/3:  15%|█▍        | 13/88 [00:03<00:20,  3.74it/s, loss=1.573]
  epoch 2/3:  16%|█▌        | 14/88 [00:03<00:19,  3.74it/s, loss=1.573]
  epoch 2/3:  16%|█▌        | 14/88 [00:04<00:19,  3.74it/s, loss=1.577]
  epoch 2/3:  17%|█▋        | 15/88 [00:04<00:19,  3.74it/s, loss=1.577]
  epoch 2/3:  17%|█▋        | 15/88 [00:04<00:19,  3.74it/s, loss=1.572]
  epoch 2/3:  18%|█▊        | 16/88 [00:04<00:19,  3.71it/s, loss=1.572]
  epoch 2/3:  18%|█▊        | 16/88 [00:04<00:19,  3.71it/s, loss=1.572]
  epoch 2/3:  19%|█▉        | 17/88 [00:04<00:19,  3.73it/s, loss=1.572]
  epoch 2/3:  19%|█▉        | 17/88 [00:05<00:19,  3.73it/s, loss=1.580]
  epoch 2/3:  20%|██        | 18/88 [00:05<00:18,  3.72it/s, loss=1.580]
  epoch 2/3:  20%|██        | 18/88 [00:05<00:18,  3.72it/s, loss=1.582]
  epoch 2/3:  22%|██▏       | 19/88 [00:05<00:18,  3.74it/s, loss=1.582]
  epoch 2/3:  22%|██▏       | 19/88 [00:05<00:18,  3.74it/s, loss=1.585]
  epoch 2/3:  23%|██▎       | 20/88 [00:05<00:18,  3.76it/s, loss=1.585]
  epoch 2/3:  23%|██▎       | 20/88 [00:05<00:18,  3.76it/s, loss=1.584]
  epoch 2/3:  24%|██▍       | 21/88 [00:05<00:17,  3.75it/s, loss=1.584]
  epoch 2/3:  24%|██▍       | 21/88 [00:06<00:17,  3.75it/s, loss=1.582]
  epoch 2/3:  25%|██▌       | 22/88 [00:06<00:17,  3.75it/s, loss=1.582]
  epoch 2/3:  25%|██▌       | 22/88 [00:06<00:17,  3.75it/s, loss=1.586]
  epoch 2/3:  26%|██▌       | 23/88 [00:06<00:17,  3.75it/s, loss=1.586]
  epoch 2/3:  26%|██▌       | 23/88 [00:06<00:17,  3.75it/s, loss=1.584]
  epoch 2/3:  27%|██▋       | 24/88 [00:06<00:17,  3.75it/s, loss=1.584]
  epoch 2/3:  27%|██▋       | 24/88 [00:06<00:17,  3.75it/s, loss=1.586]
  epoch 2/3:  28%|██▊       | 25/88 [00:06<00:16,  3.74it/s, loss=1.586]
  epoch 2/3:  28%|██▊       | 25/88 [00:07<00:16,  3.74it/s, loss=1.585]
  epoch 2/3:  30%|██▉       | 26/88 [00:07<00:16,  3.76it/s, loss=1.585]
  epoch 2/3:  30%|██▉       | 26/88 [00:07<00:16,  3.76it/s, loss=1.587]
  epoch 2/3:  31%|███       | 27/88 [00:07<00:16,  3.76it/s, loss=1.587]
  epoch 2/3:  31%|███       | 27/88 [00:07<00:16,  3.76it/s, loss=1.588]
  epoch 2/3:  32%|███▏      | 28/88 [00:07<00:15,  3.77it/s, loss=1.588]
  epoch 2/3:  32%|███▏      | 28/88 [00:07<00:15,  3.77it/s, loss=1.587]
  epoch 2/3:  33%|███▎      | 29/88 [00:07<00:15,  3.77it/s, loss=1.587]
  epoch 2/3:  33%|███▎      | 29/88 [00:08<00:15,  3.77it/s, loss=1.588]
  epoch 2/3:  34%|███▍      | 30/88 [00:08<00:15,  3.77it/s, loss=1.588]
  epoch 2/3:  34%|███▍      | 30/88 [00:08<00:15,  3.77it/s, loss=1.588]
  epoch 2/3:  35%|███▌      | 31/88 [00:08<00:15,  3.77it/s, loss=1.588]
  epoch 2/3:  35%|███▌      | 31/88 [00:08<00:15,  3.77it/s, loss=1.588]
  epoch 2/3:  36%|███▋      | 32/88 [00:08<00:15,  3.73it/s, loss=1.588]
  epoch 2/3:  36%|███▋      | 32/88 [00:09<00:15,  3.73it/s, loss=1.589]
  epoch 2/3:  38%|███▊      | 33/88 [00:09<00:14,  3.75it/s, loss=1.589]
  epoch 2/3:  38%|███▊      | 33/88 [00:09<00:14,  3.75it/s, loss=1.589]
  epoch 2/3:  39%|███▊      | 34/88 [00:09<00:14,  3.76it/s, loss=1.589]
  epoch 2/3:  39%|███▊      | 34/88 [00:09<00:14,  3.76it/s, loss=1.587]
  epoch 2/3:  40%|███▉      | 35/88 [00:09<00:14,  3.76it/s, loss=1.587]
  epoch 2/3:  40%|███▉      | 35/88 [00:09<00:14,  3.76it/s, loss=1.587]
  epoch 2/3:  41%|████      | 36/88 [00:09<00:13,  3.77it/s, loss=1.587]
  epoch 2/3:  41%|████      | 36/88 [00:10<00:13,  3.77it/s, loss=1.586]
  epoch 2/3:  42%|████▏     | 37/88 [00:10<00:13,  3.76it/s, loss=1.586]
  epoch 2/3:  42%|████▏     | 37/88 [00:10<00:13,  3.76it/s, loss=1.584]
  epoch 2/3:  43%|████▎     | 38/88 [00:10<00:13,  3.75it/s, loss=1.584]
  epoch 2/3:  43%|████▎     | 38/88 [00:10<00:13,  3.75it/s, loss=1.586]
  epoch 2/3:  44%|████▍     | 39/88 [00:10<00:13,  3.74it/s, loss=1.586]
  epoch 2/3:  44%|████▍     | 39/88 [00:10<00:13,  3.74it/s, loss=1.586]
  epoch 2/3:  45%|████▌     | 40/88 [00:10<00:12,  3.75it/s, loss=1.586]
  epoch 2/3:  45%|████▌     | 40/88 [00:11<00:12,  3.75it/s, loss=1.582]
  epoch 2/3:  47%|████▋     | 41/88 [00:11<00:12,  3.77it/s, loss=1.582]
  epoch 2/3:  47%|████▋     | 41/88 [00:11<00:12,  3.77it/s, loss=1.579]
  epoch 2/3:  48%|████▊     | 42/88 [00:11<00:12,  3.75it/s, loss=1.579]
  epoch 2/3:  48%|████▊     | 42/88 [00:11<00:12,  3.75it/s, loss=1.581]
  epoch 2/3:  49%|████▉     | 43/88 [00:11<00:11,  3.77it/s, loss=1.581]
  epoch 2/3:  49%|████▉     | 43/88 [00:11<00:11,  3.77it/s, loss=1.579]
  epoch 2/3:  50%|█████     | 44/88 [00:11<00:11,  3.76it/s, loss=1.579]
  epoch 2/3:  50%|█████     | 44/88 [00:12<00:11,  3.76it/s, loss=1.579]
  epoch 2/3:  51%|█████     | 45/88 [00:12<00:11,  3.75it/s, loss=1.579]
  epoch 2/3:  51%|█████     | 45/88 [00:12<00:11,  3.75it/s, loss=1.579]
  epoch 2/3:  52%|█████▏    | 46/88 [00:12<00:11,  3.74it/s, loss=1.579]
  epoch 2/3:  52%|█████▏    | 46/88 [00:12<00:11,  3.74it/s, loss=1.575]
  epoch 2/3:  53%|█████▎    | 47/88 [00:12<00:10,  3.74it/s, loss=1.575]
  epoch 2/3:  53%|█████▎    | 47/88 [00:13<00:10,  3.74it/s, loss=1.575]
  epoch 2/3:  55%|█████▍    | 48/88 [00:13<00:10,  3.70it/s, loss=1.575]
  epoch 2/3:  55%|█████▍    | 48/88 [00:13<00:10,  3.70it/s, loss=1.575]
  epoch 2/3:  56%|█████▌    | 49/88 [00:13<00:10,  3.71it/s, loss=1.575]
  epoch 2/3:  56%|█████▌    | 49/88 [00:13<00:10,  3.71it/s, loss=1.572]
  epoch 2/3:  57%|█████▋    | 50/88 [00:13<00:10,  3.73it/s, loss=1.572]
  epoch 2/3:  57%|█████▋    | 50/88 [00:13<00:10,  3.73it/s, loss=1.571]
  epoch 2/3:  58%|█████▊    | 51/88 [00:13<00:09,  3.74it/s, loss=1.571]
  epoch 2/3:  58%|█████▊    | 51/88 [00:14<00:09,  3.74it/s, loss=1.569]
  epoch 2/3:  59%|█████▉    | 52/88 [00:14<00:09,  3.75it/s, loss=1.569]
  epoch 2/3:  59%|█████▉    | 52/88 [00:14<00:09,  3.75it/s, loss=1.569]
  epoch 2/3:  60%|██████    | 53/88 [00:14<00:09,  3.74it/s, loss=1.569]
  epoch 2/3:  60%|██████    | 53/88 [00:14<00:09,  3.74it/s, loss=1.568]
  epoch 2/3:  61%|██████▏   | 54/88 [00:14<00:09,  3.72it/s, loss=1.568]
  epoch 2/3:  61%|██████▏   | 54/88 [00:14<00:09,  3.72it/s, loss=1.569]
  epoch 2/3:  62%|██████▎   | 55/88 [00:14<00:08,  3.74it/s, loss=1.569]
  epoch 2/3:  62%|██████▎   | 55/88 [00:15<00:08,  3.74it/s, loss=1.571]
  epoch 2/3:  64%|██████▎   | 56/88 [00:15<00:08,  3.74it/s, loss=1.571]
  epoch 2/3:  64%|██████▎   | 56/88 [00:15<00:08,  3.74it/s, loss=1.571]
  epoch 2/3:  65%|██████▍   | 57/88 [00:15<00:08,  3.76it/s, loss=1.571]
  epoch 2/3:  65%|██████▍   | 57/88 [00:15<00:08,  3.76it/s, loss=1.571]
  epoch 2/3:  66%|██████▌   | 58/88 [00:15<00:07,  3.75it/s, loss=1.571]
  epoch 2/3:  66%|██████▌   | 58/88 [00:15<00:07,  3.75it/s, loss=1.570]
  epoch 2/3:  67%|██████▋   | 59/88 [00:15<00:07,  3.75it/s, loss=1.570]
  epoch 2/3:  67%|██████▋   | 59/88 [00:16<00:07,  3.75it/s, loss=1.570]
  epoch 2/3:  68%|██████▊   | 60/88 [00:16<00:07,  3.73it/s, loss=1.570]
  epoch 2/3:  68%|██████▊   | 60/88 [00:16<00:07,  3.73it/s, loss=1.568]
  epoch 2/3:  69%|██████▉   | 61/88 [00:16<00:07,  3.75it/s, loss=1.568]
  epoch 2/3:  69%|██████▉   | 61/88 [00:16<00:07,  3.75it/s, loss=1.568]
  epoch 2/3:  70%|███████   | 62/88 [00:16<00:06,  3.75it/s, loss=1.568]
  epoch 2/3:  70%|███████   | 62/88 [00:17<00:06,  3.75it/s, loss=1.565]
  epoch 2/3:  72%|███████▏  | 63/88 [00:17<00:06,  3.76it/s, loss=1.565]
  epoch 2/3:  72%|███████▏  | 63/88 [00:17<00:06,  3.76it/s, loss=1.562]
  epoch 2/3:  73%|███████▎  | 64/88 [00:17<00:06,  3.72it/s, loss=1.562]
  epoch 2/3:  73%|███████▎  | 64/88 [00:17<00:06,  3.72it/s, loss=1.562]
  epoch 2/3:  74%|███████▍  | 65/88 [00:17<00:06,  3.72it/s, loss=1.562]
  epoch 2/3:  74%|███████▍  | 65/88 [00:17<00:06,  3.72it/s, loss=1.560]
  epoch 2/3:  75%|███████▌  | 66/88 [00:17<00:05,  3.74it/s, loss=1.560]
  epoch 2/3:  75%|███████▌  | 66/88 [00:18<00:05,  3.74it/s, loss=1.560]
  epoch 2/3:  76%|███████▌  | 67/88 [00:18<00:05,  3.75it/s, loss=1.560]
  epoch 2/3:  76%|███████▌  | 67/88 [00:18<00:05,  3.75it/s, loss=1.561]
  epoch 2/3:  77%|███████▋  | 68/88 [00:18<00:05,  3.76it/s, loss=1.561]
  epoch 2/3:  77%|███████▋  | 68/88 [00:18<00:05,  3.76it/s, loss=1.562]
  epoch 2/3:  78%|███████▊  | 69/88 [00:18<00:05,  3.76it/s, loss=1.562]
  epoch 2/3:  78%|███████▊  | 69/88 [00:18<00:05,  3.76it/s, loss=1.563]
  epoch 2/3:  80%|███████▉  | 70/88 [00:18<00:04,  3.75it/s, loss=1.563]
  epoch 2/3:  80%|███████▉  | 70/88 [00:19<00:04,  3.75it/s, loss=1.563]
  epoch 2/3:  81%|████████  | 71/88 [00:19<00:04,  3.75it/s, loss=1.563]
  epoch 2/3:  81%|████████  | 71/88 [00:19<00:04,  3.75it/s, loss=1.563]
  epoch 2/3:  82%|████████▏ | 72/88 [00:19<00:04,  3.74it/s, loss=1.563]
  epoch 2/3:  82%|████████▏ | 72/88 [00:19<00:04,  3.74it/s, loss=1.562]
  epoch 2/3:  83%|████████▎ | 73/88 [00:19<00:03,  3.76it/s, loss=1.562]
  epoch 2/3:  83%|████████▎ | 73/88 [00:19<00:03,  3.76it/s, loss=1.561]
  epoch 2/3:  84%|████████▍ | 74/88 [00:19<00:03,  3.75it/s, loss=1.561]
  epoch 2/3:  84%|████████▍ | 74/88 [00:20<00:03,  3.75it/s, loss=1.561]
  epoch 2/3:  85%|████████▌ | 75/88 [00:20<00:03,  3.74it/s, loss=1.561]
  epoch 2/3:  85%|████████▌ | 75/88 [00:20<00:03,  3.74it/s, loss=1.561]
  epoch 2/3:  86%|████████▋ | 76/88 [00:20<00:03,  3.75it/s, loss=1.561]
  epoch 2/3:  86%|████████▋ | 76/88 [00:20<00:03,  3.75it/s, loss=1.561]
  epoch 2/3:  88%|████████▊ | 77/88 [00:20<00:02,  3.73it/s, loss=1.561]
  epoch 2/3:  88%|████████▊ | 77/88 [00:21<00:02,  3.73it/s, loss=1.563]
  epoch 2/3:  89%|████████▊ | 78/88 [00:21<00:02,  3.75it/s, loss=1.563]
  epoch 2/3:  89%|████████▊ | 78/88 [00:21<00:02,  3.75it/s, loss=1.560]
  epoch 2/3:  90%|████████▉ | 79/88 [00:21<00:02,  3.75it/s, loss=1.560]
  epoch 2/3:  90%|████████▉ | 79/88 [00:21<00:02,  3.75it/s, loss=1.559]
  epoch 2/3:  91%|█████████ | 80/88 [00:21<00:02,  3.69it/s, loss=1.559]
  epoch 2/3:  91%|█████████ | 80/88 [00:21<00:02,  3.69it/s, loss=1.558]
  epoch 2/3:  92%|█████████▏| 81/88 [00:21<00:01,  3.72it/s, loss=1.558]
  epoch 2/3:  92%|█████████▏| 81/88 [00:22<00:01,  3.72it/s, loss=1.556]
  epoch 2/3:  93%|█████████▎| 82/88 [00:22<00:01,  3.74it/s, loss=1.556]
  epoch 2/3:  93%|█████████▎| 82/88 [00:22<00:01,  3.74it/s, loss=1.556]
  epoch 2/3:  94%|█████████▍| 83/88 [00:22<00:01,  3.73it/s, loss=1.556]
  epoch 2/3:  94%|█████████▍| 83/88 [00:22<00:01,  3.73it/s, loss=1.554]
  epoch 2/3:  95%|█████████▌| 84/88 [00:22<00:01,  3.72it/s, loss=1.554]
  epoch 2/3:  95%|█████████▌| 84/88 [00:22<00:01,  3.72it/s, loss=1.554]
  epoch 2/3:  97%|█████████▋| 85/88 [00:22<00:00,  3.72it/s, loss=1.554]
  epoch 2/3:  97%|█████████▋| 85/88 [00:23<00:00,  3.72it/s, loss=1.552]
  epoch 2/3:  98%|█████████▊| 86/88 [00:23<00:00,  3.72it/s, loss=1.552]
  epoch 2/3:  98%|█████████▊| 86/88 [00:23<00:00,  3.72it/s, loss=1.552]
  epoch 2/3:  99%|█████████▉| 87/88 [00:23<00:00,  3.73it/s, loss=1.552]
  epoch 2/3:  99%|█████████▉| 87/88 [00:23<00:00,  3.73it/s, loss=1.551]
  epoch 2/3: 100%|██████████| 88/88 [00:23<00:00,  4.07it/s, loss=1.551]
                                                                        

  epoch 3/3:   0%|          | 0/88 [00:00<?, ?it/s]
  epoch 3/3:   0%|          | 0/88 [00:00<?, ?it/s, loss=1.632]
  epoch 3/3:   1%|          | 1/88 [00:00<00:44,  1.96it/s, loss=1.632]
  epoch 3/3:   1%|          | 1/88 [00:00<00:44,  1.96it/s, loss=1.642]
  epoch 3/3:   2%|▏         | 2/88 [00:00<00:31,  2.71it/s, loss=1.642]
  epoch 3/3:   2%|▏         | 2/88 [00:01<00:31,  2.71it/s, loss=1.640]
  epoch 3/3:   3%|▎         | 3/88 [00:01<00:27,  3.12it/s, loss=1.640]
  epoch 3/3:   3%|▎         | 3/88 [00:01<00:27,  3.12it/s, loss=1.616]
  epoch 3/3:   5%|▍         | 4/88 [00:01<00:25,  3.34it/s, loss=1.616]
  epoch 3/3:   5%|▍         | 4/88 [00:01<00:25,  3.34it/s, loss=1.592]
  epoch 3/3:   6%|▌         | 5/88 [00:01<00:23,  3.48it/s, loss=1.592]
  epoch 3/3:   6%|▌         | 5/88 [00:01<00:23,  3.48it/s, loss=1.573]
  epoch 3/3:   7%|▋         | 6/88 [00:01<00:22,  3.57it/s, loss=1.573]
  epoch 3/3:   7%|▋         | 6/88 [00:02<00:22,  3.57it/s, loss=1.586]
  epoch 3/3:   8%|▊         | 7/88 [00:02<00:22,  3.62it/s, loss=1.586]
  epoch 3/3:   8%|▊         | 7/88 [00:02<00:22,  3.62it/s, loss=1.580]
  epoch 3/3:   9%|▉         | 8/88 [00:02<00:22,  3.60it/s, loss=1.580]
  epoch 3/3:   9%|▉         | 8/88 [00:02<00:22,  3.60it/s, loss=1.574]
  epoch 3/3:  10%|█         | 9/88 [00:02<00:21,  3.65it/s, loss=1.574]
  epoch 3/3:  10%|█         | 9/88 [00:02<00:21,  3.65it/s, loss=1.565]
  epoch 3/3:  11%|█▏        | 10/88 [00:02<00:21,  3.67it/s, loss=1.565]
  epoch 3/3:  11%|█▏        | 10/88 [00:03<00:21,  3.67it/s, loss=1.573]
  epoch 3/3:  12%|█▎        | 11/88 [00:03<00:20,  3.70it/s, loss=1.573]
  epoch 3/3:  12%|█▎        | 11/88 [00:03<00:20,  3.70it/s, loss=1.584]
  epoch 3/3:  14%|█▎        | 12/88 [00:03<00:20,  3.72it/s, loss=1.584]
  epoch 3/3:  14%|█▎        | 12/88 [00:03<00:20,  3.72it/s, loss=1.581]
  epoch 3/3:  15%|█▍        | 13/88 [00:03<00:20,  3.74it/s, loss=1.581]
  epoch 3/3:  15%|█▍        | 13/88 [00:03<00:20,  3.74it/s, loss=1.586]
  epoch 3/3:  16%|█▌        | 14/88 [00:03<00:19,  3.73it/s, loss=1.586]
  epoch 3/3:  16%|█▌        | 14/88 [00:04<00:19,  3.73it/s, loss=1.591]
  epoch 3/3:  17%|█▋        | 15/88 [00:04<00:19,  3.74it/s, loss=1.591]
  epoch 3/3:  17%|█▋        | 15/88 [00:04<00:19,  3.74it/s, loss=1.584]
  epoch 3/3:  18%|█▊        | 16/88 [00:04<00:19,  3.72it/s, loss=1.584]
  epoch 3/3:  18%|█▊        | 16/88 [00:04<00:19,  3.72it/s, loss=1.589]
  epoch 3/3:  19%|█▉        | 17/88 [00:04<00:18,  3.75it/s, loss=1.589]
  epoch 3/3:  19%|█▉        | 17/88 [00:05<00:18,  3.75it/s, loss=1.591]
  epoch 3/3:  20%|██        | 18/88 [00:05<00:18,  3.76it/s, loss=1.591]
  epoch 3/3:  20%|██        | 18/88 [00:05<00:18,  3.76it/s, loss=1.587]
  epoch 3/3:  22%|██▏       | 19/88 [00:05<00:18,  3.76it/s, loss=1.587]
  epoch 3/3:  22%|██▏       | 19/88 [00:05<00:18,  3.76it/s, loss=1.586]
  epoch 3/3:  23%|██▎       | 20/88 [00:05<00:18,  3.75it/s, loss=1.586]
  epoch 3/3:  23%|██▎       | 20/88 [00:05<00:18,  3.75it/s, loss=1.579]
  epoch 3/3:  24%|██▍       | 21/88 [00:05<00:17,  3.74it/s, loss=1.579]
  epoch 3/3:  24%|██▍       | 21/88 [00:06<00:17,  3.74it/s, loss=1.577]
  epoch 3/3:  25%|██▌       | 22/88 [00:06<00:17,  3.73it/s, loss=1.577]
  epoch 3/3:  25%|██▌       | 22/88 [00:06<00:17,  3.73it/s, loss=1.577]
  epoch 3/3:  26%|██▌       | 23/88 [00:06<00:17,  3.74it/s, loss=1.577]
  epoch 3/3:  26%|██▌       | 23/88 [00:06<00:17,  3.74it/s, loss=1.576]
  epoch 3/3:  27%|██▋       | 24/88 [00:06<00:17,  3.68it/s, loss=1.576]
  epoch 3/3:  27%|██▋       | 24/88 [00:06<00:17,  3.68it/s, loss=1.578]
  epoch 3/3:  28%|██▊       | 25/88 [00:06<00:16,  3.71it/s, loss=1.578]
  epoch 3/3:  28%|██▊       | 25/88 [00:07<00:16,  3.71it/s, loss=1.577]
  epoch 3/3:  30%|██▉       | 26/88 [00:07<00:16,  3.73it/s, loss=1.577]
  epoch 3/3:  30%|██▉       | 26/88 [00:07<00:16,  3.73it/s, loss=1.578]
  epoch 3/3:  31%|███       | 27/88 [00:07<00:16,  3.75it/s, loss=1.578]
  epoch 3/3:  31%|███       | 27/88 [00:07<00:16,  3.75it/s, loss=1.576]
  epoch 3/3:  32%|███▏      | 28/88 [00:07<00:15,  3.76it/s, loss=1.576]
  epoch 3/3:  32%|███▏      | 28/88 [00:08<00:15,  3.76it/s, loss=1.574]
  epoch 3/3:  33%|███▎      | 29/88 [00:08<00:15,  3.76it/s, loss=1.574]
  epoch 3/3:  33%|███▎      | 29/88 [00:08<00:15,  3.76it/s, loss=1.571]
  epoch 3/3:  34%|███▍      | 30/88 [00:08<00:15,  3.75it/s, loss=1.571]
  epoch 3/3:  34%|███▍      | 30/88 [00:08<00:15,  3.75it/s, loss=1.569]
  epoch 3/3:  35%|███▌      | 31/88 [00:08<00:15,  3.76it/s, loss=1.569]
  epoch 3/3:  35%|███▌      | 31/88 [00:08<00:15,  3.76it/s, loss=1.568]
  epoch 3/3:  36%|███▋      | 32/88 [00:08<00:14,  3.75it/s, loss=1.568]
  epoch 3/3:  36%|███▋      | 32/88 [00:09<00:14,  3.75it/s, loss=1.571]
  epoch 3/3:  38%|███▊      | 33/88 [00:09<00:14,  3.74it/s, loss=1.571]
  epoch 3/3:  38%|███▊      | 33/88 [00:09<00:14,  3.74it/s, loss=1.578]
  epoch 3/3:  39%|███▊      | 34/88 [00:09<00:14,  3.74it/s, loss=1.578]
  epoch 3/3:  39%|███▊      | 34/88 [00:09<00:14,  3.74it/s, loss=1.577]
  epoch 3/3:  40%|███▉      | 35/88 [00:09<00:14,  3.73it/s, loss=1.577]
  epoch 3/3:  40%|███▉      | 35/88 [00:09<00:14,  3.73it/s, loss=1.574]
  epoch 3/3:  41%|████      | 36/88 [00:09<00:13,  3.72it/s, loss=1.574]
  epoch 3/3:  41%|████      | 36/88 [00:10<00:13,  3.72it/s, loss=1.571]
  epoch 3/3:  42%|████▏     | 37/88 [00:10<00:13,  3.73it/s, loss=1.571]
  epoch 3/3:  42%|████▏     | 37/88 [00:10<00:13,  3.73it/s, loss=1.572]
  epoch 3/3:  43%|████▎     | 38/88 [00:10<00:13,  3.74it/s, loss=1.572]
  epoch 3/3:  43%|████▎     | 38/88 [00:10<00:13,  3.74it/s, loss=1.572]
  epoch 3/3:  44%|████▍     | 39/88 [00:10<00:13,  3.75it/s, loss=1.572]
  epoch 3/3:  44%|████▍     | 39/88 [00:10<00:13,  3.75it/s, loss=1.570]
  epoch 3/3:  45%|████▌     | 40/88 [00:10<00:12,  3.69it/s, loss=1.570]
  epoch 3/3:  45%|████▌     | 40/88 [00:11<00:12,  3.69it/s, loss=1.572]
  epoch 3/3:  47%|████▋     | 41/88 [00:11<00:12,  3.72it/s, loss=1.572]
  epoch 3/3:  47%|████▋     | 41/88 [00:11<00:12,  3.72it/s, loss=1.569]
  epoch 3/3:  48%|████▊     | 42/88 [00:11<00:12,  3.73it/s, loss=1.569]
  epoch 3/3:  48%|████▊     | 42/88 [00:11<00:12,  3.73it/s, loss=1.567]
  epoch 3/3:  49%|████▉     | 43/88 [00:11<00:12,  3.74it/s, loss=1.567]
  epoch 3/3:  49%|████▉     | 43/88 [00:12<00:12,  3.74it/s, loss=1.565]
  epoch 3/3:  50%|█████     | 44/88 [00:12<00:11,  3.73it/s, loss=1.565]
  epoch 3/3:  50%|█████     | 44/88 [00:12<00:11,  3.73it/s, loss=1.563]
  epoch 3/3:  51%|█████     | 45/88 [00:12<00:11,  3.71it/s, loss=1.563]
  epoch 3/3:  51%|█████     | 45/88 [00:12<00:11,  3.71it/s, loss=1.564]
  epoch 3/3:  52%|█████▏    | 46/88 [00:12<00:11,  3.73it/s, loss=1.564]
  epoch 3/3:  52%|█████▏    | 46/88 [00:12<00:11,  3.73it/s, loss=1.565]
  epoch 3/3:  53%|█████▎    | 47/88 [00:12<00:10,  3.74it/s, loss=1.565]
  epoch 3/3:  53%|█████▎    | 47/88 [00:13<00:10,  3.74it/s, loss=1.565]
  epoch 3/3:  55%|█████▍    | 48/88 [00:13<00:10,  3.73it/s, loss=1.565]
  epoch 3/3:  55%|█████▍    | 48/88 [00:13<00:10,  3.73it/s, loss=1.567]
  epoch 3/3:  56%|█████▌    | 49/88 [00:13<00:10,  3.74it/s, loss=1.567]
  epoch 3/3:  56%|█████▌    | 49/88 [00:13<00:10,  3.74it/s, loss=1.566]
  epoch 3/3:  57%|█████▋    | 50/88 [00:13<00:10,  3.72it/s, loss=1.566]
  epoch 3/3:  57%|█████▋    | 50/88 [00:13<00:10,  3.72it/s, loss=1.564]
  epoch 3/3:  58%|█████▊    | 51/88 [00:13<00:09,  3.73it/s, loss=1.564]
  epoch 3/3:  58%|█████▊    | 51/88 [00:14<00:09,  3.73it/s, loss=1.563]
  epoch 3/3:  59%|█████▉    | 52/88 [00:14<00:09,  3.74it/s, loss=1.563]
  epoch 3/3:  59%|█████▉    | 52/88 [00:14<00:09,  3.74it/s, loss=1.560]
  epoch 3/3:  60%|██████    | 53/88 [00:14<00:09,  3.74it/s, loss=1.560]
  epoch 3/3:  60%|██████    | 53/88 [00:14<00:09,  3.74it/s, loss=1.562]
  epoch 3/3:  61%|██████▏   | 54/88 [00:14<00:09,  3.74it/s, loss=1.562]
  epoch 3/3:  61%|██████▏   | 54/88 [00:14<00:09,  3.74it/s, loss=1.559]
  epoch 3/3:  62%|██████▎   | 55/88 [00:14<00:08,  3.73it/s, loss=1.559]
  epoch 3/3:  62%|██████▎   | 55/88 [00:15<00:08,  3.73it/s, loss=1.557]
  epoch 3/3:  64%|██████▎   | 56/88 [00:15<00:08,  3.70it/s, loss=1.557]
  epoch 3/3:  64%|██████▎   | 56/88 [00:15<00:08,  3.70it/s, loss=1.555]
  epoch 3/3:  65%|██████▍   | 57/88 [00:15<00:08,  3.72it/s, loss=1.555]
  epoch 3/3:  65%|██████▍   | 57/88 [00:15<00:08,  3.72it/s, loss=1.554]
  epoch 3/3:  66%|██████▌   | 58/88 [00:15<00:08,  3.71it/s, loss=1.554]
  epoch 3/3:  66%|██████▌   | 58/88 [00:16<00:08,  3.71it/s, loss=1.555]
  epoch 3/3:  67%|██████▋   | 59/88 [00:16<00:07,  3.73it/s, loss=1.555]
  epoch 3/3:  67%|██████▋   | 59/88 [00:16<00:07,  3.73it/s, loss=1.552]
  epoch 3/3:  68%|██████▊   | 60/88 [00:16<00:07,  3.74it/s, loss=1.552]
  epoch 3/3:  68%|██████▊   | 60/88 [00:16<00:07,  3.74it/s, loss=1.550]
  epoch 3/3:  69%|██████▉   | 61/88 [00:16<00:07,  3.74it/s, loss=1.550]
  epoch 3/3:  69%|██████▉   | 61/88 [00:16<00:07,  3.74it/s, loss=1.550]
  epoch 3/3:  70%|███████   | 62/88 [00:16<00:06,  3.74it/s, loss=1.550]
  epoch 3/3:  70%|███████   | 62/88 [00:17<00:06,  3.74it/s, loss=1.547]
  epoch 3/3:  72%|███████▏  | 63/88 [00:17<00:06,  3.74it/s, loss=1.547]
  epoch 3/3:  72%|███████▏  | 63/88 [00:17<00:06,  3.74it/s, loss=1.546]
  epoch 3/3:  73%|███████▎  | 64/88 [00:17<00:06,  3.73it/s, loss=1.546]
  epoch 3/3:  73%|███████▎  | 64/88 [00:17<00:06,  3.73it/s, loss=1.545]
  epoch 3/3:  74%|███████▍  | 65/88 [00:17<00:06,  3.74it/s, loss=1.545]
  epoch 3/3:  74%|███████▍  | 65/88 [00:17<00:06,  3.74it/s, loss=1.544]
  epoch 3/3:  75%|███████▌  | 66/88 [00:17<00:05,  3.75it/s, loss=1.544]
  epoch 3/3:  75%|███████▌  | 66/88 [00:18<00:05,  3.75it/s, loss=1.544]
  epoch 3/3:  76%|███████▌  | 67/88 [00:18<00:05,  3.76it/s, loss=1.544]
  epoch 3/3:  76%|███████▌  | 67/88 [00:18<00:05,  3.76it/s, loss=1.543]
  epoch 3/3:  77%|███████▋  | 68/88 [00:18<00:05,  3.76it/s, loss=1.543]
  epoch 3/3:  77%|███████▋  | 68/88 [00:18<00:05,  3.76it/s, loss=1.542]
  epoch 3/3:  78%|███████▊  | 69/88 [00:18<00:05,  3.75it/s, loss=1.542]
  epoch 3/3:  78%|███████▊  | 69/88 [00:18<00:05,  3.75it/s, loss=1.540]
  epoch 3/3:  80%|███████▉  | 70/88 [00:18<00:04,  3.74it/s, loss=1.540]
  epoch 3/3:  80%|███████▉  | 70/88 [00:19<00:04,  3.74it/s, loss=1.540]
  epoch 3/3:  81%|████████  | 71/88 [00:19<00:04,  3.73it/s, loss=1.540]
  epoch 3/3:  81%|████████  | 71/88 [00:19<00:04,  3.73it/s, loss=1.540]
  epoch 3/3:  82%|████████▏ | 72/88 [00:19<00:04,  3.70it/s, loss=1.540]
  epoch 3/3:  82%|████████▏ | 72/88 [00:19<00:04,  3.70it/s, loss=1.539]
  epoch 3/3:  83%|████████▎ | 73/88 [00:19<00:04,  3.71it/s, loss=1.539]
  epoch 3/3:  83%|████████▎ | 73/88 [00:20<00:04,  3.71it/s, loss=1.539]
  epoch 3/3:  84%|████████▍ | 74/88 [00:20<00:03,  3.72it/s, loss=1.539]
  epoch 3/3:  84%|████████▍ | 74/88 [00:20<00:03,  3.72it/s, loss=1.538]
  epoch 3/3:  85%|████████▌ | 75/88 [00:20<00:03,  3.73it/s, loss=1.538]
  epoch 3/3:  85%|████████▌ | 75/88 [00:20<00:03,  3.73it/s, loss=1.538]
  epoch 3/3:  86%|████████▋ | 76/88 [00:20<00:03,  3.73it/s, loss=1.538]
  epoch 3/3:  86%|████████▋ | 76/88 [00:20<00:03,  3.73it/s, loss=1.538]
  epoch 3/3:  88%|████████▊ | 77/88 [00:20<00:02,  3.73it/s, loss=1.538]
  epoch 3/3:  88%|████████▊ | 77/88 [00:21<00:02,  3.73it/s, loss=1.539]
  epoch 3/3:  89%|████████▊ | 78/88 [00:21<00:02,  3.72it/s, loss=1.539]
  epoch 3/3:  89%|████████▊ | 78/88 [00:21<00:02,  3.72it/s, loss=1.538]
  epoch 3/3:  90%|████████▉ | 79/88 [00:21<00:02,  3.73it/s, loss=1.538]
  epoch 3/3:  90%|████████▉ | 79/88 [00:21<00:02,  3.73it/s, loss=1.537]
  epoch 3/3:  91%|█████████ | 80/88 [00:21<00:02,  3.73it/s, loss=1.537]
  epoch 3/3:  91%|█████████ | 80/88 [00:21<00:02,  3.73it/s, loss=1.536]
  epoch 3/3:  92%|█████████▏| 81/88 [00:21<00:01,  3.74it/s, loss=1.536]
  epoch 3/3:  92%|█████████▏| 81/88 [00:22<00:01,  3.74it/s, loss=1.535]
  epoch 3/3:  93%|█████████▎| 82/88 [00:22<00:01,  3.74it/s, loss=1.535]
  epoch 3/3:  93%|█████████▎| 82/88 [00:22<00:01,  3.74it/s, loss=1.534]
  epoch 3/3:  94%|█████████▍| 83/88 [00:22<00:01,  3.72it/s, loss=1.534]
  epoch 3/3:  94%|█████████▍| 83/88 [00:22<00:01,  3.72it/s, loss=1.533]
  epoch 3/3:  95%|█████████▌| 84/88 [00:22<00:01,  3.74it/s, loss=1.533]
  epoch 3/3:  95%|█████████▌| 84/88 [00:23<00:01,  3.74it/s, loss=1.532]
  epoch 3/3:  97%|█████████▋| 85/88 [00:23<00:00,  3.74it/s, loss=1.532]
  epoch 3/3:  97%|█████████▋| 85/88 [00:23<00:00,  3.74it/s, loss=1.534]
  epoch 3/3:  98%|█████████▊| 86/88 [00:23<00:00,  3.74it/s, loss=1.534]
  epoch 3/3:  98%|█████████▊| 86/88 [00:23<00:00,  3.74it/s, loss=1.535]
  epoch 3/3:  99%|█████████▉| 87/88 [00:23<00:00,  3.73it/s, loss=1.535]
  epoch 3/3:  99%|█████████▉| 87/88 [00:23<00:00,  3.73it/s, loss=1.535]
  epoch 3/3: 100%|██████████| 88/88 [00:23<00:00,  4.01it/s, loss=1.535]
                                                                        
[titans] reset=never | norm(state) sau task = 123.2920
[titans]   self-mod v:β=1.00 |W|=0.06
[titans]   eta_t(avg)=0.3261  alpha_t/forget-gate(avg)=0.6040
[task 7] test acc so far: 0.031  0.069  0.006  0.009  0.003  0.100  0.043  0.009
[task 7] NCM-head acc so far: 0.683  0.754  0.700  0.643  0.663  0.686  0.831  0.683
[task 8] classes=[4, 7, 8, 16, 36] | train=2800

  epoch 1/3:   0%|          | 0/88 [00:00<?, ?it/s]
  epoch 1/3:   0%|          | 0/88 [00:00<?, ?it/s, loss=1.600]
  epoch 1/3:   1%|          | 1/88 [00:00<00:45,  1.93it/s, loss=1.600]
  epoch 1/3:   1%|          | 1/88 [00:00<00:45,  1.93it/s, loss=1.663]
  epoch 1/3:   2%|▏         | 2/88 [00:00<00:31,  2.69it/s, loss=1.663]
  epoch 1/3:   2%|▏         | 2/88 [00:01<00:31,  2.69it/s, loss=1.712]
  epoch 1/3:   3%|▎         | 3/88 [00:01<00:27,  3.10it/s, loss=1.712]
  epoch 1/3:   3%|▎         | 3/88 [00:01<00:27,  3.10it/s, loss=1.747]
  epoch 1/3:   5%|▍         | 4/88 [00:01<00:25,  3.34it/s, loss=1.747]
  epoch 1/3:   5%|▍         | 4/88 [00:01<00:25,  3.34it/s, loss=1.719]
  epoch 1/3:   6%|▌         | 5/88 [00:01<00:23,  3.49it/s, loss=1.719]
  epoch 1/3:   6%|▌         | 5/88 [00:01<00:23,  3.49it/s, loss=1.712]
  epoch 1/3:   7%|▋         | 6/88 [00:01<00:22,  3.60it/s, loss=1.712]
  epoch 1/3:   7%|▋         | 6/88 [00:02<00:22,  3.60it/s, loss=1.715]
  epoch 1/3:   8%|▊         | 7/88 [00:02<00:22,  3.66it/s, loss=1.715]
  epoch 1/3:   8%|▊         | 7/88 [00:02<00:22,  3.66it/s, loss=1.709]
  epoch 1/3:   9%|▉         | 8/88 [00:02<00:21,  3.70it/s, loss=1.709]
  epoch 1/3:   9%|▉         | 8/88 [00:02<00:21,  3.70it/s, loss=1.697]
  epoch 1/3:  10%|█         | 9/88 [00:02<00:21,  3.72it/s, loss=1.697]
  epoch 1/3:  10%|█         | 9/88 [00:02<00:21,  3.72it/s, loss=1.692]
  epoch 1/3:  11%|█▏        | 10/88 [00:02<00:20,  3.74it/s, loss=1.692]
  epoch 1/3:  11%|█▏        | 10/88 [00:03<00:20,  3.74it/s, loss=1.692]
  epoch 1/3:  12%|█▎        | 11/88 [00:03<00:20,  3.74it/s, loss=1.692]
  epoch 1/3:  12%|█▎        | 11/88 [00:03<00:20,  3.74it/s, loss=1.682]
  epoch 1/3:  14%|█▎        | 12/88 [00:03<00:20,  3.75it/s, loss=1.682]
  epoch 1/3:  14%|█▎        | 12/88 [00:03<00:20,  3.75it/s, loss=1.684]
  epoch 1/3:  15%|█▍        | 13/88 [00:03<00:19,  3.75it/s, loss=1.684]
  epoch 1/3:  15%|█▍        | 13/88 [00:03<00:19,  3.75it/s, loss=1.686]
  epoch 1/3:  16%|█▌        | 14/88 [00:03<00:19,  3.74it/s, loss=1.686]
  epoch 1/3:  16%|█▌        | 14/88 [00:04<00:19,  3.74it/s, loss=1.687]
  epoch 1/3:  17%|█▋        | 15/88 [00:04<00:19,  3.75it/s, loss=1.687]
  epoch 1/3:  17%|█▋        | 15/88 [00:04<00:19,  3.75it/s, loss=1.697]
  epoch 1/3:  18%|█▊        | 16/88 [00:04<00:19,  3.71it/s, loss=1.697]
  epoch 1/3:  18%|█▊        | 16/88 [00:04<00:19,  3.71it/s, loss=1.697]
  epoch 1/3:  19%|█▉        | 17/88 [00:04<00:19,  3.72it/s, loss=1.697]
  epoch 1/3:  19%|█▉        | 17/88 [00:05<00:19,  3.72it/s, loss=1.696]
  epoch 1/3:  20%|██        | 18/88 [00:05<00:18,  3.73it/s, loss=1.696]
  epoch 1/3:  20%|██        | 18/88 [00:05<00:18,  3.73it/s, loss=1.693]
  epoch 1/3:  22%|██▏       | 19/88 [00:05<00:18,  3.75it/s, loss=1.693]
  epoch 1/3:  22%|██▏       | 19/88 [00:05<00:18,  3.75it/s, loss=1.695]
  epoch 1/3:  23%|██▎       | 20/88 [00:05<00:18,  3.75it/s, loss=1.695]
  epoch 1/3:  23%|██▎       | 20/88 [00:05<00:18,  3.75it/s, loss=1.692]
  epoch 1/3:  24%|██▍       | 21/88 [00:05<00:17,  3.73it/s, loss=1.692]
  epoch 1/3:  24%|██▍       | 21/88 [00:06<00:17,  3.73it/s, loss=1.694]
  epoch 1/3:  25%|██▌       | 22/88 [00:06<00:17,  3.72it/s, loss=1.694]
  epoch 1/3:  25%|██▌       | 22/88 [00:06<00:17,  3.72it/s, loss=1.698]
  epoch 1/3:  26%|██▌       | 23/88 [00:06<00:17,  3.73it/s, loss=1.698]
  epoch 1/3:  26%|██▌       | 23/88 [00:06<00:17,  3.73it/s, loss=1.694]
  epoch 1/3:  27%|██▋       | 24/88 [00:06<00:17,  3.75it/s, loss=1.694]
  epoch 1/3:  27%|██▋       | 24/88 [00:06<00:17,  3.75it/s, loss=1.692]
  epoch 1/3:  28%|██▊       | 25/88 [00:06<00:16,  3.75it/s, loss=1.692]
  epoch 1/3:  28%|██▊       | 25/88 [00:07<00:16,  3.75it/s, loss=1.689]
  epoch 1/3:  30%|██▉       | 26/88 [00:07<00:16,  3.74it/s, loss=1.689]
  epoch 1/3:  30%|██▉       | 26/88 [00:07<00:16,  3.74it/s, loss=1.686]
  epoch 1/3:  31%|███       | 27/88 [00:07<00:16,  3.74it/s, loss=1.686]
  epoch 1/3:  31%|███       | 27/88 [00:07<00:16,  3.74it/s, loss=1.684]
  epoch 1/3:  32%|███▏      | 28/88 [00:07<00:16,  3.73it/s, loss=1.684]
  epoch 1/3:  32%|███▏      | 28/88 [00:07<00:16,  3.73it/s, loss=1.685]
  epoch 1/3:  33%|███▎      | 29/88 [00:07<00:15,  3.75it/s, loss=1.685]
  epoch 1/3:  33%|███▎      | 29/88 [00:08<00:15,  3.75it/s, loss=1.686]
  epoch 1/3:  34%|███▍      | 30/88 [00:08<00:15,  3.76it/s, loss=1.686]
  epoch 1/3:  34%|███▍      | 30/88 [00:08<00:15,  3.76it/s, loss=1.685]
  epoch 1/3:  35%|███▌      | 31/88 [00:08<00:15,  3.76it/s, loss=1.685]
  epoch 1/3:  35%|███▌      | 31/88 [00:08<00:15,  3.76it/s, loss=1.684]
  epoch 1/3:  36%|███▋      | 32/88 [00:08<00:15,  3.72it/s, loss=1.684]
  epoch 1/3:  36%|███▋      | 32/88 [00:09<00:15,  3.72it/s, loss=1.688]
  epoch 1/3:  38%|███▊      | 33/88 [00:09<00:14,  3.72it/s, loss=1.688]
  epoch 1/3:  38%|███▊      | 33/88 [00:09<00:14,  3.72it/s, loss=1.691]
  epoch 1/3:  39%|███▊      | 34/88 [00:09<00:14,  3.74it/s, loss=1.691]
  epoch 1/3:  39%|███▊      | 34/88 [00:09<00:14,  3.74it/s, loss=1.692]
  epoch 1/3:  40%|███▉      | 35/88 [00:09<00:14,  3.75it/s, loss=1.692]
  epoch 1/3:  40%|███▉      | 35/88 [00:09<00:14,  3.75it/s, loss=1.691]
  epoch 1/3:  41%|████      | 36/88 [00:09<00:13,  3.74it/s, loss=1.691]
  epoch 1/3:  41%|████      | 36/88 [00:10<00:13,  3.74it/s, loss=1.689]
  epoch 1/3:  42%|████▏     | 37/88 [00:10<00:13,  3.73it/s, loss=1.689]
  epoch 1/3:  42%|████▏     | 37/88 [00:10<00:13,  3.73it/s, loss=1.689]
  epoch 1/3:  43%|████▎     | 38/88 [00:10<00:13,  3.72it/s, loss=1.689]
  epoch 1/3:  43%|████▎     | 38/88 [00:10<00:13,  3.72it/s, loss=1.689]
  epoch 1/3:  44%|████▍     | 39/88 [00:10<00:13,  3.73it/s, loss=1.689]
  epoch 1/3:  44%|████▍     | 39/88 [00:10<00:13,  3.73it/s, loss=1.690]
  epoch 1/3:  45%|████▌     | 40/88 [00:10<00:12,  3.73it/s, loss=1.690]
  epoch 1/3:  45%|████▌     | 40/88 [00:11<00:12,  3.73it/s, loss=1.695]
  epoch 1/3:  47%|████▋     | 41/88 [00:11<00:12,  3.74it/s, loss=1.695]
  epoch 1/3:  47%|████▋     | 41/88 [00:11<00:12,  3.74it/s, loss=1.691]
  epoch 1/3:  48%|████▊     | 42/88 [00:11<00:12,  3.74it/s, loss=1.691]
  epoch 1/3:  48%|████▊     | 42/88 [00:11<00:12,  3.74it/s, loss=1.689]
  epoch 1/3:  49%|████▉     | 43/88 [00:11<00:12,  3.74it/s, loss=1.689]
  epoch 1/3:  49%|████▉     | 43/88 [00:11<00:12,  3.74it/s, loss=1.688]
  epoch 1/3:  50%|█████     | 44/88 [00:11<00:11,  3.75it/s, loss=1.688]
  epoch 1/3:  50%|█████     | 44/88 [00:12<00:11,  3.75it/s, loss=1.687]
  epoch 1/3:  51%|█████     | 45/88 [00:12<00:11,  3.75it/s, loss=1.687]
  epoch 1/3:  51%|█████     | 45/88 [00:12<00:11,  3.75it/s, loss=1.686]
  epoch 1/3:  52%|█████▏    | 46/88 [00:12<00:11,  3.75it/s, loss=1.686]
  epoch 1/3:  52%|█████▏    | 46/88 [00:12<00:11,  3.75it/s, loss=1.685]
  epoch 1/3:  53%|█████▎    | 47/88 [00:12<00:10,  3.74it/s, loss=1.685]
  epoch 1/3:  53%|█████▎    | 47/88 [00:13<00:10,  3.74it/s, loss=1.684]
  epoch 1/3:  55%|█████▍    | 48/88 [00:13<00:10,  3.68it/s, loss=1.684]
  epoch 1/3:  55%|█████▍    | 48/88 [00:13<00:10,  3.68it/s, loss=1.683]
  epoch 1/3:  56%|█████▌    | 49/88 [00:13<00:10,  3.70it/s, loss=1.683]
  epoch 1/3:  56%|█████▌    | 49/88 [00:13<00:10,  3.70it/s, loss=1.682]
  epoch 1/3:  57%|█████▋    | 50/88 [00:13<00:10,  3.71it/s, loss=1.682]
  epoch 1/3:  57%|█████▋    | 50/88 [00:13<00:10,  3.71it/s, loss=1.681]
  epoch 1/3:  58%|█████▊    | 51/88 [00:13<00:09,  3.72it/s, loss=1.681]
  epoch 1/3:  58%|█████▊    | 51/88 [00:14<00:09,  3.72it/s, loss=1.679]
  epoch 1/3:  59%|█████▉    | 52/88 [00:14<00:09,  3.74it/s, loss=1.679]
  epoch 1/3:  59%|█████▉    | 52/88 [00:14<00:09,  3.74it/s, loss=1.682]
  epoch 1/3:  60%|██████    | 53/88 [00:14<00:09,  3.74it/s, loss=1.682]
  epoch 1/3:  60%|██████    | 53/88 [00:14<00:09,  3.74it/s, loss=1.684]
  epoch 1/3:  61%|██████▏   | 54/88 [00:14<00:09,  3.73it/s, loss=1.684]
  epoch 1/3:  61%|██████▏   | 54/88 [00:14<00:09,  3.73it/s, loss=1.680]
  epoch 1/3:  62%|██████▎   | 55/88 [00:14<00:08,  3.72it/s, loss=1.680]
  epoch 1/3:  62%|██████▎   | 55/88 [00:15<00:08,  3.72it/s, loss=1.679]
  epoch 1/3:  64%|██████▎   | 56/88 [00:15<00:08,  3.73it/s, loss=1.679]
  epoch 1/3:  64%|██████▎   | 56/88 [00:15<00:08,  3.73it/s, loss=1.679]
  epoch 1/3:  65%|██████▍   | 57/88 [00:15<00:08,  3.75it/s, loss=1.679]
  epoch 1/3:  65%|██████▍   | 57/88 [00:15<00:08,  3.75it/s, loss=1.680]
  epoch 1/3:  66%|██████▌   | 58/88 [00:15<00:08,  3.74it/s, loss=1.680]
  epoch 1/3:  66%|██████▌   | 58/88 [00:16<00:08,  3.74it/s, loss=1.678]
  epoch 1/3:  67%|██████▋   | 59/88 [00:16<00:07,  3.72it/s, loss=1.678]
  epoch 1/3:  67%|██████▋   | 59/88 [00:16<00:07,  3.72it/s, loss=1.678]
  epoch 1/3:  68%|██████▊   | 60/88 [00:16<00:07,  3.74it/s, loss=1.678]
  epoch 1/3:  68%|██████▊   | 60/88 [00:16<00:07,  3.74it/s, loss=1.678]
  epoch 1/3:  69%|██████▉   | 61/88 [00:16<00:07,  3.74it/s, loss=1.678]
  epoch 1/3:  69%|██████▉   | 61/88 [00:16<00:07,  3.74it/s, loss=1.679]
  epoch 1/3:  70%|███████   | 62/88 [00:16<00:06,  3.75it/s, loss=1.679]
  epoch 1/3:  70%|███████   | 62/88 [00:17<00:06,  3.75it/s, loss=1.679]
  epoch 1/3:  72%|███████▏  | 63/88 [00:17<00:06,  3.74it/s, loss=1.679]
  epoch 1/3:  72%|███████▏  | 63/88 [00:17<00:06,  3.74it/s, loss=1.679]
  epoch 1/3:  73%|███████▎  | 64/88 [00:17<00:06,  3.69it/s, loss=1.679]
  epoch 1/3:  73%|███████▎  | 64/88 [00:17<00:06,  3.69it/s, loss=1.681]
  epoch 1/3:  74%|███████▍  | 65/88 [00:17<00:06,  3.71it/s, loss=1.681]
  epoch 1/3:  74%|███████▍  | 65/88 [00:17<00:06,  3.71it/s, loss=1.680]
  epoch 1/3:  75%|███████▌  | 66/88 [00:17<00:05,  3.70it/s, loss=1.680]
  epoch 1/3:  75%|███████▌  | 66/88 [00:18<00:05,  3.70it/s, loss=1.680]
  epoch 1/3:  76%|███████▌  | 67/88 [00:18<00:05,  3.72it/s, loss=1.680]
  epoch 1/3:  76%|███████▌  | 67/88 [00:18<00:05,  3.72it/s, loss=1.679]
  epoch 1/3:  77%|███████▋  | 68/88 [00:18<00:05,  3.74it/s, loss=1.679]
  epoch 1/3:  77%|███████▋  | 68/88 [00:18<00:05,  3.74it/s, loss=1.678]
  epoch 1/3:  78%|███████▊  | 69/88 [00:18<00:05,  3.75it/s, loss=1.678]
  epoch 1/3:  78%|███████▊  | 69/88 [00:18<00:05,  3.75it/s, loss=1.677]
  epoch 1/3:  80%|███████▉  | 70/88 [00:18<00:04,  3.74it/s, loss=1.677]
  epoch 1/3:  80%|███████▉  | 70/88 [00:19<00:04,  3.74it/s, loss=1.677]
  epoch 1/3:  81%|████████  | 71/88 [00:19<00:04,  3.71it/s, loss=1.677]
  epoch 1/3:  81%|████████  | 71/88 [00:19<00:04,  3.71it/s, loss=1.674]
  epoch 1/3:  82%|████████▏ | 72/88 [00:19<00:04,  3.74it/s, loss=1.674]
  epoch 1/3:  82%|████████▏ | 72/88 [00:19<00:04,  3.74it/s, loss=1.673]
  epoch 1/3:  83%|████████▎ | 73/88 [00:19<00:04,  3.74it/s, loss=1.673]
  epoch 1/3:  83%|████████▎ | 73/88 [00:20<00:04,  3.74it/s, loss=1.674]
  epoch 1/3:  84%|████████▍ | 74/88 [00:20<00:03,  3.74it/s, loss=1.674]
  epoch 1/3:  84%|████████▍ | 74/88 [00:20<00:03,  3.74it/s, loss=1.672]
  epoch 1/3:  85%|████████▌ | 75/88 [00:20<00:03,  3.74it/s, loss=1.672]
  epoch 1/3:  85%|████████▌ | 75/88 [00:20<00:03,  3.74it/s, loss=1.673]
  epoch 1/3:  86%|████████▋ | 76/88 [00:20<00:03,  3.72it/s, loss=1.673]
  epoch 1/3:  86%|████████▋ | 76/88 [00:20<00:03,  3.72it/s, loss=1.671]
  epoch 1/3:  88%|████████▊ | 77/88 [00:20<00:02,  3.74it/s, loss=1.671]
  epoch 1/3:  88%|████████▊ | 77/88 [00:21<00:02,  3.74it/s, loss=1.672]
  epoch 1/3:  89%|████████▊ | 78/88 [00:21<00:02,  3.75it/s, loss=1.672]
  epoch 1/3:  89%|████████▊ | 78/88 [00:21<00:02,  3.75it/s, loss=1.672]
  epoch 1/3:  90%|████████▉ | 79/88 [00:21<00:02,  3.75it/s, loss=1.672]
  epoch 1/3:  90%|████████▉ | 79/88 [00:21<00:02,  3.75it/s, loss=1.672]
  epoch 1/3:  91%|█████████ | 80/88 [00:21<00:02,  3.69it/s, loss=1.672]
  epoch 1/3:  91%|█████████ | 80/88 [00:21<00:02,  3.69it/s, loss=1.671]
  epoch 1/3:  92%|█████████▏| 81/88 [00:21<00:01,  3.71it/s, loss=1.671]
  epoch 1/3:  92%|█████████▏| 81/88 [00:22<00:01,  3.71it/s, loss=1.669]
  epoch 1/3:  93%|█████████▎| 82/88 [00:22<00:01,  3.72it/s, loss=1.669]
  epoch 1/3:  93%|█████████▎| 82/88 [00:22<00:01,  3.72it/s, loss=1.668]
  epoch 1/3:  94%|█████████▍| 83/88 [00:22<00:01,  3.72it/s, loss=1.668]
  epoch 1/3:  94%|█████████▍| 83/88 [00:22<00:01,  3.72it/s, loss=1.667]
  epoch 1/3:  95%|█████████▌| 84/88 [00:22<00:01,  3.72it/s, loss=1.667]
  epoch 1/3:  95%|█████████▌| 84/88 [00:22<00:01,  3.72it/s, loss=1.666]
  epoch 1/3:  97%|█████████▋| 85/88 [00:22<00:00,  3.73it/s, loss=1.666]
  epoch 1/3:  97%|█████████▋| 85/88 [00:23<00:00,  3.73it/s, loss=1.665]
  epoch 1/3:  98%|█████████▊| 86/88 [00:23<00:00,  3.74it/s, loss=1.665]
  epoch 1/3:  98%|█████████▊| 86/88 [00:23<00:00,  3.74it/s, loss=1.665]
  epoch 1/3:  99%|█████████▉| 87/88 [00:23<00:00,  3.75it/s, loss=1.665]
  epoch 1/3:  99%|█████████▉| 87/88 [00:23<00:00,  3.75it/s, loss=1.666]
  epoch 1/3: 100%|██████████| 88/88 [00:23<00:00,  4.08it/s, loss=1.666]
                                                                        

  epoch 2/3:   0%|          | 0/88 [00:00<?, ?it/s]
  epoch 2/3:   0%|          | 0/88 [00:00<?, ?it/s, loss=1.579]
  epoch 2/3:   1%|          | 1/88 [00:00<00:43,  2.02it/s, loss=1.579]
  epoch 2/3:   1%|          | 1/88 [00:00<00:43,  2.02it/s, loss=1.627]
  epoch 2/3:   2%|▏         | 2/88 [00:00<00:31,  2.77it/s, loss=1.627]
  epoch 2/3:   2%|▏         | 2/88 [00:01<00:31,  2.77it/s, loss=1.654]
  epoch 2/3:   3%|▎         | 3/88 [00:01<00:27,  3.13it/s, loss=1.654]
  epoch 2/3:   3%|▎         | 3/88 [00:01<00:27,  3.13it/s, loss=1.644]
  epoch 2/3:   5%|▍         | 4/88 [00:01<00:25,  3.34it/s, loss=1.644]
  epoch 2/3:   5%|▍         | 4/88 [00:01<00:25,  3.34it/s, loss=1.634]
  epoch 2/3:   6%|▌         | 5/88 [00:01<00:23,  3.49it/s, loss=1.634]
  epoch 2/3:   6%|▌         | 5/88 [00:01<00:23,  3.49it/s, loss=1.630]
  epoch 2/3:   7%|▋         | 6/88 [00:01<00:22,  3.57it/s, loss=1.630]
  epoch 2/3:   7%|▋         | 6/88 [00:02<00:22,  3.57it/s, loss=1.646]
  epoch 2/3:   8%|▊         | 7/88 [00:02<00:22,  3.63it/s, loss=1.646]
  epoch 2/3:   8%|▊         | 7/88 [00:02<00:22,  3.63it/s, loss=1.645]
  epoch 2/3:   9%|▉         | 8/88 [00:02<00:22,  3.61it/s, loss=1.645]
  epoch 2/3:   9%|▉         | 8/88 [00:02<00:22,  3.61it/s, loss=1.670]
  epoch 2/3:  10%|█         | 9/88 [00:02<00:21,  3.65it/s, loss=1.670]
  epoch 2/3:  10%|█         | 9/88 [00:02<00:21,  3.65it/s, loss=1.673]
  epoch 2/3:  11%|█▏        | 10/88 [00:02<00:21,  3.66it/s, loss=1.673]
  epoch 2/3:  11%|█▏        | 10/88 [00:03<00:21,  3.66it/s, loss=1.674]
  epoch 2/3:  12%|█▎        | 11/88 [00:03<00:20,  3.68it/s, loss=1.674]
  epoch 2/3:  12%|█▎        | 11/88 [00:03<00:20,  3.68it/s, loss=1.677]
  epoch 2/3:  14%|█▎        | 12/88 [00:03<00:20,  3.69it/s, loss=1.677]
  epoch 2/3:  14%|█▎        | 12/88 [00:03<00:20,  3.69it/s, loss=1.673]
  epoch 2/3:  15%|█▍        | 13/88 [00:03<00:20,  3.69it/s, loss=1.673]
  epoch 2/3:  15%|█▍        | 13/88 [00:03<00:20,  3.69it/s, loss=1.678]
  epoch 2/3:  16%|█▌        | 14/88 [00:03<00:20,  3.70it/s, loss=1.678]
  epoch 2/3:  16%|█▌        | 14/88 [00:04<00:20,  3.70it/s, loss=1.677]
  epoch 2/3:  17%|█▋        | 15/88 [00:04<00:19,  3.72it/s, loss=1.677]
  epoch 2/3:  17%|█▋        | 15/88 [00:04<00:19,  3.72it/s, loss=1.674]
  epoch 2/3:  18%|█▊        | 16/88 [00:04<00:19,  3.71it/s, loss=1.674]
  epoch 2/3:  18%|█▊        | 16/88 [00:04<00:19,  3.71it/s, loss=1.666]
  epoch 2/3:  19%|█▉        | 17/88 [00:04<00:19,  3.70it/s, loss=1.666]
  epoch 2/3:  19%|█▉        | 17/88 [00:05<00:19,  3.70it/s, loss=1.661]
  epoch 2/3:  20%|██        | 18/88 [00:05<00:18,  3.72it/s, loss=1.661]
  epoch 2/3:  20%|██        | 18/88 [00:05<00:18,  3.72it/s, loss=1.657]
  epoch 2/3:  22%|██▏       | 19/88 [00:05<00:18,  3.74it/s, loss=1.657]
  epoch 2/3:  22%|██▏       | 19/88 [00:05<00:18,  3.74it/s, loss=1.654]
  epoch 2/3:  23%|██▎       | 20/88 [00:05<00:18,  3.75it/s, loss=1.654]
  epoch 2/3:  23%|██▎       | 20/88 [00:05<00:18,  3.75it/s, loss=1.653]
  epoch 2/3:  24%|██▍       | 21/88 [00:05<00:17,  3.73it/s, loss=1.653]
  epoch 2/3:  24%|██▍       | 21/88 [00:06<00:17,  3.73it/s, loss=1.643]
  epoch 2/3:  25%|██▌       | 22/88 [00:06<00:17,  3.73it/s, loss=1.643]
  epoch 2/3:  25%|██▌       | 22/88 [00:06<00:17,  3.73it/s, loss=1.637]
  epoch 2/3:  26%|██▌       | 23/88 [00:06<00:17,  3.72it/s, loss=1.637]
  epoch 2/3:  26%|██▌       | 23/88 [00:06<00:17,  3.72it/s, loss=1.636]
  epoch 2/3:  27%|██▋       | 24/88 [00:06<00:17,  3.68it/s, loss=1.636]
  epoch 2/3:  27%|██▋       | 24/88 [00:06<00:17,  3.68it/s, loss=1.637]
  epoch 2/3:  28%|██▊       | 25/88 [00:06<00:17,  3.69it/s, loss=1.637]
  epoch 2/3:  28%|██▊       | 25/88 [00:07<00:17,  3.69it/s, loss=1.635]
  epoch 2/3:  30%|██▉       | 26/88 [00:07<00:16,  3.71it/s, loss=1.635]
  epoch 2/3:  30%|██▉       | 26/88 [00:07<00:16,  3.71it/s, loss=1.630]
  epoch 2/3:  31%|███       | 27/88 [00:07<00:16,  3.72it/s, loss=1.630]
  epoch 2/3:  31%|███       | 27/88 [00:07<00:16,  3.72it/s, loss=1.628]
  epoch 2/3:  32%|███▏      | 28/88 [00:07<00:16,  3.71it/s, loss=1.628]
  epoch 2/3:  32%|███▏      | 28/88 [00:08<00:16,  3.71it/s, loss=1.626]
  epoch 2/3:  33%|███▎      | 29/88 [00:08<00:15,  3.72it/s, loss=1.626]
  epoch 2/3:  33%|███▎      | 29/88 [00:08<00:15,  3.72it/s, loss=1.625]
  epoch 2/3:  34%|███▍      | 30/88 [00:08<00:15,  3.72it/s, loss=1.625]
  epoch 2/3:  34%|███▍      | 30/88 [00:08<00:15,  3.72it/s, loss=1.625]
  epoch 2/3:  35%|███▌      | 31/88 [00:08<00:15,  3.72it/s, loss=1.625]
  epoch 2/3:  35%|███▌      | 31/88 [00:08<00:15,  3.72it/s, loss=1.628]
  epoch 2/3:  36%|███▋      | 32/88 [00:08<00:15,  3.71it/s, loss=1.628]
  epoch 2/3:  36%|███▋      | 32/88 [00:09<00:15,  3.71it/s, loss=1.628]
  epoch 2/3:  38%|███▊      | 33/88 [00:09<00:14,  3.73it/s, loss=1.628]
  epoch 2/3:  38%|███▊      | 33/88 [00:09<00:14,  3.73it/s, loss=1.627]
  epoch 2/3:  39%|███▊      | 34/88 [00:09<00:14,  3.74it/s, loss=1.627]
  epoch 2/3:  39%|███▊      | 34/88 [00:09<00:14,  3.74it/s, loss=1.629]
  epoch 2/3:  40%|███▉      | 35/88 [00:09<00:14,  3.73it/s, loss=1.629]
  epoch 2/3:  40%|███▉      | 35/88 [00:09<00:14,  3.73it/s, loss=1.633]
  epoch 2/3:  41%|████      | 36/88 [00:09<00:14,  3.71it/s, loss=1.633]
  epoch 2/3:  41%|████      | 36/88 [00:10<00:14,  3.71it/s, loss=1.634]
  epoch 2/3:  42%|████▏     | 37/88 [00:10<00:13,  3.71it/s, loss=1.634]
  epoch 2/3:  42%|████▏     | 37/88 [00:10<00:13,  3.71it/s, loss=1.630]
  epoch 2/3:  43%|████▎     | 38/88 [00:10<00:13,  3.73it/s, loss=1.630]
  epoch 2/3:  43%|████▎     | 38/88 [00:10<00:13,  3.73it/s, loss=1.630]
  epoch 2/3:  44%|████▍     | 39/88 [00:10<00:13,  3.72it/s, loss=1.630]
  epoch 2/3:  44%|████▍     | 39/88 [00:10<00:13,  3.72it/s, loss=1.631]
  epoch 2/3:  45%|████▌     | 40/88 [00:10<00:13,  3.67it/s, loss=1.631]
  epoch 2/3:  45%|████▌     | 40/88 [00:11<00:13,  3.67it/s, loss=1.630]
  epoch 2/3:  47%|████▋     | 41/88 [00:11<00:12,  3.68it/s, loss=1.630]
  epoch 2/3:  47%|████▋     | 41/88 [00:11<00:12,  3.68it/s, loss=1.632]
  epoch 2/3:  48%|████▊     | 42/88 [00:11<00:12,  3.67it/s, loss=1.632]
  epoch 2/3:  48%|████▊     | 42/88 [00:11<00:12,  3.67it/s, loss=1.634]
  epoch 2/3:  49%|████▉     | 43/88 [00:11<00:12,  3.70it/s, loss=1.634]
  epoch 2/3:  49%|████▉     | 43/88 [00:12<00:12,  3.70it/s, loss=1.627]
  epoch 2/3:  50%|█████     | 44/88 [00:12<00:11,  3.69it/s, loss=1.627]
  epoch 2/3:  50%|█████     | 44/88 [00:12<00:11,  3.69it/s, loss=1.629]
  epoch 2/3:  51%|█████     | 45/88 [00:12<00:11,  3.68it/s, loss=1.629]
  epoch 2/3:  51%|█████     | 45/88 [00:12<00:11,  3.68it/s, loss=1.630]
  epoch 2/3:  52%|█████▏    | 46/88 [00:12<00:11,  3.72it/s, loss=1.630]
  epoch 2/3:  52%|█████▏    | 46/88 [00:12<00:11,  3.72it/s, loss=1.634]
  epoch 2/3:  53%|█████▎    | 47/88 [00:12<00:11,  3.73it/s, loss=1.634]
  epoch 2/3:  53%|█████▎    | 47/88 [00:13<00:11,  3.73it/s, loss=1.633]
  epoch 2/3:  55%|█████▍    | 48/88 [00:13<00:10,  3.71it/s, loss=1.633]
  epoch 2/3:  55%|█████▍    | 48/88 [00:13<00:10,  3.71it/s, loss=1.634]
  epoch 2/3:  56%|█████▌    | 49/88 [00:13<00:10,  3.71it/s, loss=1.634]
  epoch 2/3:  56%|█████▌    | 49/88 [00:13<00:10,  3.71it/s, loss=1.635]
  epoch 2/3:  57%|█████▋    | 50/88 [00:13<00:10,  3.72it/s, loss=1.635]
  epoch 2/3:  57%|█████▋    | 50/88 [00:13<00:10,  3.72it/s, loss=1.635]
  epoch 2/3:  58%|█████▊    | 51/88 [00:13<00:09,  3.73it/s, loss=1.635]
  epoch 2/3:  58%|█████▊    | 51/88 [00:14<00:09,  3.73it/s, loss=1.635]
  epoch 2/3:  59%|█████▉    | 52/88 [00:14<00:09,  3.72it/s, loss=1.635]
  epoch 2/3:  59%|█████▉    | 52/88 [00:14<00:09,  3.72it/s, loss=1.637]
  epoch 2/3:  60%|██████    | 53/88 [00:14<00:09,  3.70it/s, loss=1.637]
  epoch 2/3:  60%|██████    | 53/88 [00:14<00:09,  3.70it/s, loss=1.639]
  epoch 2/3:  61%|██████▏   | 54/88 [00:14<00:09,  3.71it/s, loss=1.639]
  epoch 2/3:  61%|██████▏   | 54/88 [00:15<00:09,  3.71it/s, loss=1.640]
  epoch 2/3:  62%|██████▎   | 55/88 [00:15<00:08,  3.72it/s, loss=1.640]
  epoch 2/3:  62%|██████▎   | 55/88 [00:15<00:08,  3.72it/s, loss=1.642]
  epoch 2/3:  64%|██████▎   | 56/88 [00:15<00:08,  3.66it/s, loss=1.642]
  epoch 2/3:  64%|██████▎   | 56/88 [00:15<00:08,  3.66it/s, loss=1.641]
  epoch 2/3:  65%|██████▍   | 57/88 [00:15<00:08,  3.68it/s, loss=1.641]
  epoch 2/3:  65%|██████▍   | 57/88 [00:15<00:08,  3.68it/s, loss=1.641]
  epoch 2/3:  66%|██████▌   | 58/88 [00:15<00:08,  3.69it/s, loss=1.641]
  epoch 2/3:  66%|██████▌   | 58/88 [00:16<00:08,  3.69it/s, loss=1.642]
  epoch 2/3:  67%|██████▋   | 59/88 [00:16<00:07,  3.69it/s, loss=1.642]
  epoch 2/3:  67%|██████▋   | 59/88 [00:16<00:07,  3.69it/s, loss=1.643]
  epoch 2/3:  68%|██████▊   | 60/88 [00:16<00:07,  3.71it/s, loss=1.643]
  epoch 2/3:  68%|██████▊   | 60/88 [00:16<00:07,  3.71it/s, loss=1.645]
  epoch 2/3:  69%|██████▉   | 61/88 [00:16<00:07,  3.71it/s, loss=1.645]
  epoch 2/3:  69%|██████▉   | 61/88 [00:16<00:07,  3.71it/s, loss=1.644]
  epoch 2/3:  70%|███████   | 62/88 [00:16<00:07,  3.70it/s, loss=1.644]
  epoch 2/3:  70%|███████   | 62/88 [00:17<00:07,  3.70it/s, loss=1.645]
  epoch 2/3:  72%|███████▏  | 63/88 [00:17<00:06,  3.71it/s, loss=1.645]
  epoch 2/3:  72%|███████▏  | 63/88 [00:17<00:06,  3.71it/s, loss=1.646]
  epoch 2/3:  73%|███████▎  | 64/88 [00:17<00:06,  3.72it/s, loss=1.646]
  epoch 2/3:  73%|███████▎  | 64/88 [00:17<00:06,  3.72it/s, loss=1.644]
  epoch 2/3:  74%|███████▍  | 65/88 [00:17<00:06,  3.71it/s, loss=1.644]
  epoch 2/3:  74%|███████▍  | 65/88 [00:18<00:06,  3.71it/s, loss=1.644]
  epoch 2/3:  75%|███████▌  | 66/88 [00:18<00:05,  3.70it/s, loss=1.644]
  epoch 2/3:  75%|███████▌  | 66/88 [00:18<00:05,  3.70it/s, loss=1.645]
  epoch 2/3:  76%|███████▌  | 67/88 [00:18<00:05,  3.70it/s, loss=1.645]
  epoch 2/3:  76%|███████▌  | 67/88 [00:18<00:05,  3.70it/s, loss=1.644]
  epoch 2/3:  77%|███████▋  | 68/88 [00:18<00:05,  3.68it/s, loss=1.644]
  epoch 2/3:  77%|███████▋  | 68/88 [00:18<00:05,  3.68it/s, loss=1.644]
  epoch 2/3:  78%|███████▊  | 69/88 [00:18<00:05,  3.71it/s, loss=1.644]
  epoch 2/3:  78%|███████▊  | 69/88 [00:19<00:05,  3.71it/s, loss=1.644]
  epoch 2/3:  80%|███████▉  | 70/88 [00:19<00:04,  3.71it/s, loss=1.644]
  epoch 2/3:  80%|███████▉  | 70/88 [00:19<00:04,  3.71it/s, loss=1.643]
  epoch 2/3:  81%|████████  | 71/88 [00:19<00:04,  3.71it/s, loss=1.643]
  epoch 2/3:  81%|████████  | 71/88 [00:19<00:04,  3.71it/s, loss=1.643]
  epoch 2/3:  82%|████████▏ | 72/88 [00:19<00:04,  3.67it/s, loss=1.643]
  epoch 2/3:  82%|████████▏ | 72/88 [00:19<00:04,  3.67it/s, loss=1.643]
  epoch 2/3:  83%|████████▎ | 73/88 [00:19<00:04,  3.69it/s, loss=1.643]
  epoch 2/3:  83%|████████▎ | 73/88 [00:20<00:04,  3.69it/s, loss=1.641]
  epoch 2/3:  84%|████████▍ | 74/88 [00:20<00:03,  3.68it/s, loss=1.641]
  epoch 2/3:  84%|████████▍ | 74/88 [00:20<00:03,  3.68it/s, loss=1.640]
  epoch 2/3:  85%|████████▌ | 75/88 [00:20<00:03,  3.71it/s, loss=1.640]
  epoch 2/3:  85%|████████▌ | 75/88 [00:20<00:03,  3.71it/s, loss=1.640]
  epoch 2/3:  86%|████████▋ | 76/88 [00:20<00:03,  3.73it/s, loss=1.640]
  epoch 2/3:  86%|████████▋ | 76/88 [00:20<00:03,  3.73it/s, loss=1.643]
  epoch 2/3:  88%|████████▊ | 77/88 [00:20<00:02,  3.72it/s, loss=1.643]
  epoch 2/3:  88%|████████▊ | 77/88 [00:21<00:02,  3.72it/s, loss=1.643]
  epoch 2/3:  89%|████████▊ | 78/88 [00:21<00:02,  3.71it/s, loss=1.643]
  epoch 2/3:  89%|████████▊ | 78/88 [00:21<00:02,  3.71it/s, loss=1.641]
  epoch 2/3:  90%|████████▉ | 79/88 [00:21<00:02,  3.71it/s, loss=1.641]
  epoch 2/3:  90%|████████▉ | 79/88 [00:21<00:02,  3.71it/s, loss=1.641]
  epoch 2/3:  91%|█████████ | 80/88 [00:21<00:02,  3.70it/s, loss=1.641]
  epoch 2/3:  91%|█████████ | 80/88 [00:22<00:02,  3.70it/s, loss=1.642]
  epoch 2/3:  92%|█████████▏| 81/88 [00:22<00:01,  3.72it/s, loss=1.642]
  epoch 2/3:  92%|█████████▏| 81/88 [00:22<00:01,  3.72it/s, loss=1.641]
  epoch 2/3:  93%|█████████▎| 82/88 [00:22<00:01,  3.71it/s, loss=1.641]
  epoch 2/3:  93%|█████████▎| 82/88 [00:22<00:01,  3.71it/s, loss=1.643]
  epoch 2/3:  94%|█████████▍| 83/88 [00:22<00:01,  3.71it/s, loss=1.643]
  epoch 2/3:  94%|█████████▍| 83/88 [00:22<00:01,  3.71it/s, loss=1.642]
  epoch 2/3:  95%|█████████▌| 84/88 [00:22<00:01,  3.71it/s, loss=1.642]
  epoch 2/3:  95%|█████████▌| 84/88 [00:23<00:01,  3.71it/s, loss=1.640]
  epoch 2/3:  97%|█████████▋| 85/88 [00:23<00:00,  3.70it/s, loss=1.640]
  epoch 2/3:  97%|█████████▋| 85/88 [00:23<00:00,  3.70it/s, loss=1.640]
  epoch 2/3:  98%|█████████▊| 86/88 [00:23<00:00,  3.72it/s, loss=1.640]
  epoch 2/3:  98%|█████████▊| 86/88 [00:23<00:00,  3.72it/s, loss=1.641]
  epoch 2/3:  99%|█████████▉| 87/88 [00:23<00:00,  3.73it/s, loss=1.641]
  epoch 2/3:  99%|█████████▉| 87/88 [00:23<00:00,  3.73it/s, loss=1.642]
  epoch 2/3: 100%|██████████| 88/88 [00:23<00:00,  4.03it/s, loss=1.642]
                                                                        

  epoch 3/3:   0%|          | 0/88 [00:00<?, ?it/s]
  epoch 3/3:   0%|          | 0/88 [00:00<?, ?it/s, loss=1.693]
  epoch 3/3:   1%|          | 1/88 [00:00<00:43,  2.00it/s, loss=1.693]
  epoch 3/3:   1%|          | 1/88 [00:00<00:43,  2.00it/s, loss=1.669]
  epoch 3/3:   2%|▏         | 2/88 [00:00<00:30,  2.78it/s, loss=1.669]
  epoch 3/3:   2%|▏         | 2/88 [00:01<00:30,  2.78it/s, loss=1.662]
  epoch 3/3:   3%|▎         | 3/88 [00:01<00:27,  3.13it/s, loss=1.662]
  epoch 3/3:   3%|▎         | 3/88 [00:01<00:27,  3.13it/s, loss=1.635]
  epoch 3/3:   5%|▍         | 4/88 [00:01<00:25,  3.33it/s, loss=1.635]
  epoch 3/3:   5%|▍         | 4/88 [00:01<00:25,  3.33it/s, loss=1.669]
  epoch 3/3:   6%|▌         | 5/88 [00:01<00:24,  3.46it/s, loss=1.669]
  epoch 3/3:   6%|▌         | 5/88 [00:01<00:24,  3.46it/s, loss=1.671]
  epoch 3/3:   7%|▋         | 6/88 [00:01<00:23,  3.56it/s, loss=1.671]
  epoch 3/3:   7%|▋         | 6/88 [00:02<00:23,  3.56it/s, loss=1.651]
  epoch 3/3:   8%|▊         | 7/88 [00:02<00:22,  3.62it/s, loss=1.651]
  epoch 3/3:   8%|▊         | 7/88 [00:02<00:22,  3.62it/s, loss=1.632]
  epoch 3/3:   9%|▉         | 8/88 [00:02<00:21,  3.64it/s, loss=1.632]
  epoch 3/3:   9%|▉         | 8/88 [00:02<00:21,  3.64it/s, loss=1.632]
  epoch 3/3:  10%|█         | 9/88 [00:02<00:21,  3.65it/s, loss=1.632]
  epoch 3/3:  10%|█         | 9/88 [00:02<00:21,  3.65it/s, loss=1.640]
  epoch 3/3:  11%|█▏        | 10/88 [00:02<00:21,  3.67it/s, loss=1.640]
  epoch 3/3:  11%|█▏        | 10/88 [00:03<00:21,  3.67it/s, loss=1.646]
  epoch 3/3:  12%|█▎        | 11/88 [00:03<00:20,  3.70it/s, loss=1.646]
  epoch 3/3:  12%|█▎        | 11/88 [00:03<00:20,  3.70it/s, loss=1.644]
  epoch 3/3:  14%|█▎        | 12/88 [00:03<00:20,  3.70it/s, loss=1.644]
  epoch 3/3:  14%|█▎        | 12/88 [00:03<00:20,  3.70it/s, loss=1.655]
  epoch 3/3:  15%|█▍        | 13/88 [00:03<00:20,  3.70it/s, loss=1.655]
  epoch 3/3:  15%|█▍        | 13/88 [00:03<00:20,  3.70it/s, loss=1.658]
  epoch 3/3:  16%|█▌        | 14/88 [00:03<00:20,  3.69it/s, loss=1.658]
  epoch 3/3:  16%|█▌        | 14/88 [00:04<00:20,  3.69it/s, loss=1.654]
  epoch 3/3:  17%|█▋        | 15/88 [00:04<00:19,  3.69it/s, loss=1.654]
  epoch 3/3:  17%|█▋        | 15/88 [00:04<00:19,  3.69it/s, loss=1.659]
  epoch 3/3:  18%|█▊        | 16/88 [00:04<00:19,  3.66it/s, loss=1.659]
  epoch 3/3:  18%|█▊        | 16/88 [00:04<00:19,  3.66it/s, loss=1.650]
  epoch 3/3:  19%|█▉        | 17/88 [00:04<00:19,  3.69it/s, loss=1.650]
  epoch 3/3:  19%|█▉        | 17/88 [00:05<00:19,  3.69it/s, loss=1.637]
  epoch 3/3:  20%|██        | 18/88 [00:05<00:18,  3.69it/s, loss=1.637]
  epoch 3/3:  20%|██        | 18/88 [00:05<00:18,  3.69it/s, loss=1.630]
  epoch 3/3:  22%|██▏       | 19/88 [00:05<00:18,  3.69it/s, loss=1.630]
  epoch 3/3:  22%|██▏       | 19/88 [00:05<00:18,  3.69it/s, loss=1.626]
  epoch 3/3:  23%|██▎       | 20/88 [00:05<00:18,  3.70it/s, loss=1.626]
  epoch 3/3:  23%|██▎       | 20/88 [00:05<00:18,  3.70it/s, loss=1.626]
  epoch 3/3:  24%|██▍       | 21/88 [00:05<00:18,  3.70it/s, loss=1.626]
  epoch 3/3:  24%|██▍       | 21/88 [00:06<00:18,  3.70it/s, loss=1.630]
  epoch 3/3:  25%|██▌       | 22/88 [00:06<00:17,  3.70it/s, loss=1.630]
  epoch 3/3:  25%|██▌       | 22/88 [00:06<00:17,  3.70it/s, loss=1.629]
  epoch 3/3:  26%|██▌       | 23/88 [00:06<00:17,  3.70it/s, loss=1.629]
  epoch 3/3:  26%|██▌       | 23/88 [00:06<00:17,  3.70it/s, loss=1.618]
  epoch 3/3:  27%|██▋       | 24/88 [00:06<00:17,  3.71it/s, loss=1.618]
  epoch 3/3:  27%|██▋       | 24/88 [00:06<00:17,  3.71it/s, loss=1.616]
  epoch 3/3:  28%|██▊       | 25/88 [00:06<00:16,  3.73it/s, loss=1.616]
  epoch 3/3:  28%|██▊       | 25/88 [00:07<00:16,  3.73it/s, loss=1.614]
  epoch 3/3:  30%|██▉       | 26/88 [00:07<00:16,  3.73it/s, loss=1.614]
  epoch 3/3:  30%|██▉       | 26/88 [00:07<00:16,  3.73it/s, loss=1.609]
  epoch 3/3:  31%|███       | 27/88 [00:07<00:16,  3.73it/s, loss=1.609]
  epoch 3/3:  31%|███       | 27/88 [00:07<00:16,  3.73it/s, loss=1.612]
  epoch 3/3:  32%|███▏      | 28/88 [00:07<00:16,  3.72it/s, loss=1.612]
  epoch 3/3:  32%|███▏      | 28/88 [00:08<00:16,  3.72it/s, loss=1.615]
  epoch 3/3:  33%|███▎      | 29/88 [00:08<00:15,  3.73it/s, loss=1.615]
  epoch 3/3:  33%|███▎      | 29/88 [00:08<00:15,  3.73it/s, loss=1.616]
  epoch 3/3:  34%|███▍      | 30/88 [00:08<00:15,  3.71it/s, loss=1.616]
  epoch 3/3:  34%|███▍      | 30/88 [00:08<00:15,  3.71it/s, loss=1.617]
  epoch 3/3:  35%|███▌      | 31/88 [00:08<00:15,  3.71it/s, loss=1.617]
  epoch 3/3:  35%|███▌      | 31/88 [00:08<00:15,  3.71it/s, loss=1.615]
  epoch 3/3:  36%|███▋      | 32/88 [00:08<00:15,  3.67it/s, loss=1.615]
  epoch 3/3:  36%|███▋      | 32/88 [00:09<00:15,  3.67it/s, loss=1.613]
  epoch 3/3:  38%|███▊      | 33/88 [00:09<00:14,  3.69it/s, loss=1.613]
  epoch 3/3:  38%|███▊      | 33/88 [00:09<00:14,  3.69it/s, loss=1.616]
  epoch 3/3:  39%|███▊      | 34/88 [00:09<00:14,  3.70it/s, loss=1.616]
  epoch 3/3:  39%|███▊      | 34/88 [00:09<00:14,  3.70it/s, loss=1.620]
  epoch 3/3:  40%|███▉      | 35/88 [00:09<00:14,  3.70it/s, loss=1.620]
  epoch 3/3:  40%|███▉      | 35/88 [00:09<00:14,  3.70it/s, loss=1.624]
  epoch 3/3:  41%|████      | 36/88 [00:09<00:14,  3.71it/s, loss=1.624]
  epoch 3/3:  41%|████      | 36/88 [00:10<00:14,  3.71it/s, loss=1.623]
  epoch 3/3:  42%|████▏     | 37/88 [00:10<00:13,  3.70it/s, loss=1.623]
  epoch 3/3:  42%|████▏     | 37/88 [00:10<00:13,  3.70it/s, loss=1.623]
  epoch 3/3:  43%|████▎     | 38/88 [00:10<00:13,  3.70it/s, loss=1.623]
  epoch 3/3:  43%|████▎     | 38/88 [00:10<00:13,  3.70it/s, loss=1.623]
  epoch 3/3:  44%|████▍     | 39/88 [00:10<00:13,  3.71it/s, loss=1.623]
  epoch 3/3:  44%|████▍     | 39/88 [00:11<00:13,  3.71it/s, loss=1.621]
  epoch 3/3:  45%|████▌     | 40/88 [00:11<00:12,  3.70it/s, loss=1.621]
  epoch 3/3:  45%|████▌     | 40/88 [00:11<00:12,  3.70it/s, loss=1.617]
  epoch 3/3:  47%|████▋     | 41/88 [00:11<00:12,  3.72it/s, loss=1.617]
  epoch 3/3:  47%|████▋     | 41/88 [00:11<00:12,  3.72it/s, loss=1.615]
  epoch 3/3:  48%|████▊     | 42/88 [00:11<00:12,  3.72it/s, loss=1.615]
  epoch 3/3:  48%|████▊     | 42/88 [00:11<00:12,  3.72it/s, loss=1.618]
  epoch 3/3:  49%|████▉     | 43/88 [00:11<00:12,  3.71it/s, loss=1.618]
  epoch 3/3:  49%|████▉     | 43/88 [00:12<00:12,  3.71it/s, loss=1.619]
  epoch 3/3:  50%|█████     | 44/88 [00:12<00:11,  3.72it/s, loss=1.619]
  epoch 3/3:  50%|█████     | 44/88 [00:12<00:11,  3.72it/s, loss=1.620]
  epoch 3/3:  51%|█████     | 45/88 [00:12<00:11,  3.73it/s, loss=1.620]
  epoch 3/3:  51%|█████     | 45/88 [00:12<00:11,  3.73it/s, loss=1.618]
  epoch 3/3:  52%|█████▏    | 46/88 [00:12<00:11,  3.72it/s, loss=1.618]
  epoch 3/3:  52%|█████▏    | 46/88 [00:12<00:11,  3.72it/s, loss=1.616]
  epoch 3/3:  53%|█████▎    | 47/88 [00:12<00:11,  3.71it/s, loss=1.616]
  epoch 3/3:  53%|█████▎    | 47/88 [00:13<00:11,  3.71it/s, loss=1.613]
  epoch 3/3:  55%|█████▍    | 48/88 [00:13<00:10,  3.67it/s, loss=1.613]
  epoch 3/3:  55%|█████▍    | 48/88 [00:13<00:10,  3.67it/s, loss=1.614]
  epoch 3/3:  56%|█████▌    | 49/88 [00:13<00:10,  3.68it/s, loss=1.614]
  epoch 3/3:  56%|█████▌    | 49/88 [00:13<00:10,  3.68it/s, loss=1.612]
  epoch 3/3:  57%|█████▋    | 50/88 [00:13<00:10,  3.71it/s, loss=1.612]
  epoch 3/3:  57%|█████▋    | 50/88 [00:13<00:10,  3.71it/s, loss=1.612]
  epoch 3/3:  58%|█████▊    | 51/88 [00:13<00:09,  3.71it/s, loss=1.612]
  epoch 3/3:  58%|█████▊    | 51/88 [00:14<00:09,  3.71it/s, loss=1.614]
  epoch 3/3:  59%|█████▉    | 52/88 [00:14<00:09,  3.70it/s, loss=1.614]
  epoch 3/3:  59%|█████▉    | 52/88 [00:14<00:09,  3.70it/s, loss=1.612]
  epoch 3/3:  60%|██████    | 53/88 [00:14<00:09,  3.70it/s, loss=1.612]
  epoch 3/3:  60%|██████    | 53/88 [00:14<00:09,  3.70it/s, loss=1.613]
  epoch 3/3:  61%|██████▏   | 54/88 [00:14<00:09,  3.70it/s, loss=1.613]
  epoch 3/3:  61%|██████▏   | 54/88 [00:15<00:09,  3.70it/s, loss=1.611]
  epoch 3/3:  62%|██████▎   | 55/88 [00:15<00:08,  3.71it/s, loss=1.611]
  epoch 3/3:  62%|██████▎   | 55/88 [00:15<00:08,  3.71it/s, loss=1.612]
  epoch 3/3:  64%|██████▎   | 56/88 [00:15<00:08,  3.71it/s, loss=1.612]
  epoch 3/3:  64%|██████▎   | 56/88 [00:15<00:08,  3.71it/s, loss=1.613]
  epoch 3/3:  65%|██████▍   | 57/88 [00:15<00:08,  3.72it/s, loss=1.613]
  epoch 3/3:  65%|██████▍   | 57/88 [00:15<00:08,  3.72it/s, loss=1.613]
  epoch 3/3:  66%|██████▌   | 58/88 [00:15<00:08,  3.73it/s, loss=1.613]
  epoch 3/3:  66%|██████▌   | 58/88 [00:16<00:08,  3.73it/s, loss=1.614]
  epoch 3/3:  67%|██████▋   | 59/88 [00:16<00:07,  3.73it/s, loss=1.614]
  epoch 3/3:  67%|██████▋   | 59/88 [00:16<00:07,  3.73it/s, loss=1.618]
  epoch 3/3:  68%|██████▊   | 60/88 [00:16<00:07,  3.73it/s, loss=1.618]
  epoch 3/3:  68%|██████▊   | 60/88 [00:16<00:07,  3.73it/s, loss=1.619]
  epoch 3/3:  69%|██████▉   | 61/88 [00:16<00:07,  3.73it/s, loss=1.619]
  epoch 3/3:  69%|██████▉   | 61/88 [00:16<00:07,  3.73it/s, loss=1.618]
  epoch 3/3:  70%|███████   | 62/88 [00:16<00:06,  3.73it/s, loss=1.618]
  epoch 3/3:  70%|███████   | 62/88 [00:17<00:06,  3.73it/s, loss=1.616]
  epoch 3/3:  72%|███████▏  | 63/88 [00:17<00:06,  3.74it/s, loss=1.616]
  epoch 3/3:  72%|███████▏  | 63/88 [00:17<00:06,  3.74it/s, loss=1.618]
  epoch 3/3:  73%|███████▎  | 64/88 [00:17<00:06,  3.69it/s, loss=1.618]
  epoch 3/3:  73%|███████▎  | 64/88 [00:17<00:06,  3.69it/s, loss=1.617]
  epoch 3/3:  74%|███████▍  | 65/88 [00:17<00:06,  3.72it/s, loss=1.617]
  epoch 3/3:  74%|███████▍  | 65/88 [00:18<00:06,  3.72it/s, loss=1.618]
  epoch 3/3:  75%|███████▌  | 66/88 [00:18<00:05,  3.72it/s, loss=1.618]
  epoch 3/3:  75%|███████▌  | 66/88 [00:18<00:05,  3.72it/s, loss=1.616]
  epoch 3/3:  76%|███████▌  | 67/88 [00:18<00:05,  3.70it/s, loss=1.616]
  epoch 3/3:  76%|███████▌  | 67/88 [00:18<00:05,  3.70it/s, loss=1.617]
  epoch 3/3:  77%|███████▋  | 68/88 [00:18<00:05,  3.73it/s, loss=1.617]
  epoch 3/3:  77%|███████▋  | 68/88 [00:18<00:05,  3.73it/s, loss=1.616]
  epoch 3/3:  78%|███████▊  | 69/88 [00:18<00:05,  3.73it/s, loss=1.616]
  epoch 3/3:  78%|███████▊  | 69/88 [00:19<00:05,  3.73it/s, loss=1.618]
  epoch 3/3:  80%|███████▉  | 70/88 [00:19<00:04,  3.73it/s, loss=1.618]
  epoch 3/3:  80%|███████▉  | 70/88 [00:19<00:04,  3.73it/s, loss=1.618]
  epoch 3/3:  81%|████████  | 71/88 [00:19<00:04,  3.73it/s, loss=1.618]
  epoch 3/3:  81%|████████  | 71/88 [00:19<00:04,  3.73it/s, loss=1.618]
  epoch 3/3:  82%|████████▏ | 72/88 [00:19<00:04,  3.72it/s, loss=1.618]
  epoch 3/3:  82%|████████▏ | 72/88 [00:19<00:04,  3.72it/s, loss=1.617]
  epoch 3/3:  83%|████████▎ | 73/88 [00:19<00:04,  3.74it/s, loss=1.617]
  epoch 3/3:  83%|████████▎ | 73/88 [00:20<00:04,  3.74it/s, loss=1.616]
  epoch 3/3:  84%|████████▍ | 74/88 [00:20<00:03,  3.75it/s, loss=1.616]
  epoch 3/3:  84%|████████▍ | 74/88 [00:20<00:03,  3.75it/s, loss=1.618]
  epoch 3/3:  85%|████████▌ | 75/88 [00:20<00:03,  3.74it/s, loss=1.618]
  epoch 3/3:  85%|████████▌ | 75/88 [00:20<00:03,  3.74it/s, loss=1.617]
  epoch 3/3:  86%|████████▋ | 76/88 [00:20<00:03,  3.74it/s, loss=1.617]
  epoch 3/3:  86%|████████▋ | 76/88 [00:20<00:03,  3.74it/s, loss=1.618]
  epoch 3/3:  88%|████████▊ | 77/88 [00:20<00:02,  3.73it/s, loss=1.618]
  epoch 3/3:  88%|████████▊ | 77/88 [00:21<00:02,  3.73it/s, loss=1.618]
  epoch 3/3:  89%|████████▊ | 78/88 [00:21<00:02,  3.73it/s, loss=1.618]
  epoch 3/3:  89%|████████▊ | 78/88 [00:21<00:02,  3.73it/s, loss=1.617]
  epoch 3/3:  90%|████████▉ | 79/88 [00:21<00:02,  3.72it/s, loss=1.617]
  epoch 3/3:  90%|████████▉ | 79/88 [00:21<00:02,  3.72it/s, loss=1.617]
  epoch 3/3:  91%|█████████ | 80/88 [00:21<00:02,  3.67it/s, loss=1.617]
  epoch 3/3:  91%|█████████ | 80/88 [00:22<00:02,  3.67it/s, loss=1.616]
  epoch 3/3:  92%|█████████▏| 81/88 [00:22<00:01,  3.68it/s, loss=1.616]
  epoch 3/3:  92%|█████████▏| 81/88 [00:22<00:01,  3.68it/s, loss=1.616]
  epoch 3/3:  93%|█████████▎| 82/88 [00:22<00:01,  3.70it/s, loss=1.616]
  epoch 3/3:  93%|█████████▎| 82/88 [00:22<00:01,  3.70it/s, loss=1.616]
  epoch 3/3:  94%|█████████▍| 83/88 [00:22<00:01,  3.70it/s, loss=1.616]
  epoch 3/3:  94%|█████████▍| 83/88 [00:22<00:01,  3.70it/s, loss=1.617]
  epoch 3/3:  95%|█████████▌| 84/88 [00:22<00:01,  3.72it/s, loss=1.617]
  epoch 3/3:  95%|█████████▌| 84/88 [00:23<00:01,  3.72it/s, loss=1.616]
  epoch 3/3:  97%|█████████▋| 85/88 [00:23<00:00,  3.72it/s, loss=1.616]
  epoch 3/3:  97%|█████████▋| 85/88 [00:23<00:00,  3.72it/s, loss=1.615]
  epoch 3/3:  98%|█████████▊| 86/88 [00:23<00:00,  3.72it/s, loss=1.615]
  epoch 3/3:  98%|█████████▊| 86/88 [00:23<00:00,  3.72it/s, loss=1.616]
  epoch 3/3:  99%|█████████▉| 87/88 [00:23<00:00,  3.73it/s, loss=1.616]
  epoch 3/3:  99%|█████████▉| 87/88 [00:23<00:00,  3.73it/s, loss=1.616]
  epoch 3/3: 100%|██████████| 88/88 [00:23<00:00,  4.09it/s, loss=1.616]
                                                                        
[titans] reset=never | norm(state) sau task = 134.0574
[titans]   self-mod v:β=1.00 |W|=0.06
[titans]   eta_t(avg)=0.4616  alpha_t/forget-gate(avg)=0.5631
[task 8] test acc so far: 0.017  0.054  0.006  0.006  0.000  0.023  0.029  0.034  0.020
[task 8] NCM-head acc so far: 0.657  0.754  0.669  0.620  0.651  0.680  0.817  0.686  0.677
  memory_state.pt đã lưu (norm=134.0574)

== Ma trận accuracy (hàng = sau khi học task i, cột = đánh giá task j)
[[0.149 0.    0.    0.    0.    0.    0.    0.    0.   ]
 [0.02  0.297 0.    0.    0.    0.    0.    0.    0.   ]
 [0.097 0.209 0.003 0.    0.    0.    0.    0.    0.   ]
 [0.074 0.203 0.074 0.014 0.    0.    0.    0.    0.   ]
 [0.069 0.197 0.009 0.026 0.031 0.    0.    0.    0.   ]
 [0.043 0.054 0.003 0.006 0.017 0.114 0.    0.    0.   ]
 [0.051 0.069 0.074 0.003 0.006 0.134 0.077 0.    0.   ]
 [0.031 0.069 0.006 0.009 0.003 0.1   0.043 0.009 0.   ]
 [0.017 0.054 0.006 0.006 0.    0.023 0.029 0.034 0.02 ]]

== Kết quả
  Average Accuracy   : 0.0210  (cao = tốt)
  Average Forgetting : 0.0786  (thấp = tốt — con số dự án cần giảm)
  Backward Transfer  : -0.0657  (âm = quên)

== ĐÒN A — NCM-head (prototype trên feature sau memory, KHÔNG train lại)
  Linear-head : Acc 0.0210 | Forget 0.0786
  NCM-head    : Acc 0.6902 | Forget 0.0914
  Mốc NCM gốc : Acc 0.6933 | Forget 0.1000  (vượt được = head Linear là nút thắt)
  Saved -> /home/an/RaybanMeta/uav-continual-learning/artifacts/titan_m3_study/results/resisc45_titans_seed1_improved_m3_delta_clip_f16_lr0.0001_rnever_optkeep_splitcombined31500_v2
