
[2026-07-26 10:23:34] $ /usr/bin/python3 /home/an/RaybanMeta/uav-continual-learning/scripts/run_g1.py --config /home/an/RaybanMeta/uav-continual-learning/configs/g2_titans_resisc45_selfmod_m3_legacy.yaml --skip-existing --set seed=2 train.lr=0.001 train.eval_ncm_head=true train.max_state_norm=10000 train.max_state_norm_growth=10 log.dir=/home/an/RaybanMeta/uav-continual-learning/artifacts/titan_m3_study log.run_tag=legacy
== G1 run: dataset=resisc45 method=titans seed=2 device=cuda
Warning: You are sending unauthenticated requests to the HF Hub. Please set a HF_TOKEN to enable higher rate limits and faster downloads.
task 0: 5 classes [chaparral, cloud, meadow, roundabout, stadium] | train 2800 / val 350 / test 350
task 1: 5 classes [beach, golf_course, lake, overpass, rectangular_farmland] | train 2800 / val 350 / test 350
task 2: 5 classes [industrial_area, island, mobile_home_park, ship, wetland] | train 2800 / val 350 / test 350
task 3: 5 classes [church, railway_station, runway, snowberg, terrace] | train 2800 / val 350 / test 350
task 4: 5 classes [airplane, dense_residential, desert, parking_lot, sea_ice] | train 2800 / val 350 / test 350
task 5: 5 classes [airport, circular_farmland, freeway, railway, sparse_residential] | train 2800 / val 350 / test 350
task 6: 5 classes [harbor, mountain, palace, river, tennis_court] | train 2800 / val 350 / test 350
task 7: 5 classes [baseball_diamond, forest, ground_track_field, intersection, storage_tank] | train 2800 / val 350 / test 350
task 8: 5 classes [basketball_court, bridge, commercial_area, medium_residential, thermal_power_station] | train 2800 / val 350 / test 350
[titans] seq=image_seq reset=never chunk=32
[task 0] classes=[6, 9, 22, 33, 39] | train=2800

  epoch 1/3:   0%|          | 0/88 [00:00<?, ?it/s]
  epoch 1/3:   0%|          | 0/88 [00:01<?, ?it/s, loss=1.669]
  epoch 1/3:   1%|          | 1/88 [00:01<02:00,  1.38s/it, loss=1.669]
  epoch 1/3:   1%|          | 1/88 [00:01<02:00,  1.38s/it, loss=1.648]
  epoch 1/3:   2%|▏         | 2/88 [00:01<01:02,  1.37it/s, loss=1.648]
  epoch 1/3:   2%|▏         | 2/88 [00:01<01:02,  1.37it/s, loss=1.576]
  epoch 1/3:   3%|▎         | 3/88 [00:01<00:43,  1.96it/s, loss=1.576]
  epoch 1/3:   3%|▎         | 3/88 [00:02<00:43,  1.96it/s, loss=1.467]
  epoch 1/3:   5%|▍         | 4/88 [00:02<00:34,  2.45it/s, loss=1.467]
  epoch 1/3:   5%|▍         | 4/88 [00:02<00:34,  2.45it/s, loss=1.317]
  epoch 1/3:   6%|▌         | 5/88 [00:02<00:29,  2.84it/s, loss=1.317]
  epoch 1/3:   6%|▌         | 5/88 [00:02<00:29,  2.84it/s, loss=1.205]
  epoch 1/3:   7%|▋         | 6/88 [00:02<00:26,  3.15it/s, loss=1.205]
  epoch 1/3:   7%|▋         | 6/88 [00:02<00:26,  3.15it/s, loss=1.092]
  epoch 1/3:   8%|▊         | 7/88 [00:02<00:24,  3.37it/s, loss=1.092]
  epoch 1/3:   8%|▊         | 7/88 [00:03<00:24,  3.37it/s, loss=1.017]
  epoch 1/3:   9%|▉         | 8/88 [00:03<00:22,  3.54it/s, loss=1.017]
  epoch 1/3:   9%|▉         | 8/88 [00:03<00:22,  3.54it/s, loss=0.930]
  epoch 1/3:  10%|█         | 9/88 [00:03<00:21,  3.66it/s, loss=0.930]
  epoch 1/3:  10%|█         | 9/88 [00:03<00:21,  3.66it/s, loss=0.860]
  epoch 1/3:  11%|█▏        | 10/88 [00:03<00:20,  3.73it/s, loss=0.860]
  epoch 1/3:  11%|█▏        | 10/88 [00:03<00:20,  3.73it/s, loss=0.808]
  epoch 1/3:  12%|█▎        | 11/88 [00:03<00:20,  3.80it/s, loss=0.808]
  epoch 1/3:  12%|█▎        | 11/88 [00:04<00:20,  3.80it/s, loss=0.749]
  epoch 1/3:  14%|█▎        | 12/88 [00:04<00:19,  3.83it/s, loss=0.749]
  epoch 1/3:  14%|█▎        | 12/88 [00:04<00:19,  3.83it/s, loss=0.715]
  epoch 1/3:  15%|█▍        | 13/88 [00:04<00:19,  3.87it/s, loss=0.715]
  epoch 1/3:  15%|█▍        | 13/88 [00:04<00:19,  3.87it/s, loss=0.679]
  epoch 1/3:  16%|█▌        | 14/88 [00:04<00:19,  3.89it/s, loss=0.679]
  epoch 1/3:  16%|█▌        | 14/88 [00:04<00:19,  3.89it/s, loss=0.642]
  epoch 1/3:  17%|█▋        | 15/88 [00:04<00:18,  3.91it/s, loss=0.642]
  epoch 1/3:  17%|█▋        | 15/88 [00:05<00:18,  3.91it/s, loss=0.608]
  epoch 1/3:  18%|█▊        | 16/88 [00:05<00:18,  3.85it/s, loss=0.608]
  epoch 1/3:  18%|█▊        | 16/88 [00:05<00:18,  3.85it/s, loss=0.579]
  epoch 1/3:  19%|█▉        | 17/88 [00:05<00:18,  3.87it/s, loss=0.579]
  epoch 1/3:  19%|█▉        | 17/88 [00:05<00:18,  3.87it/s, loss=0.548]
  epoch 1/3:  20%|██        | 18/88 [00:05<00:18,  3.87it/s, loss=0.548]
  epoch 1/3:  20%|██        | 18/88 [00:05<00:18,  3.87it/s, loss=0.521]
  epoch 1/3:  22%|██▏       | 19/88 [00:05<00:17,  3.88it/s, loss=0.521]
  epoch 1/3:  22%|██▏       | 19/88 [00:06<00:17,  3.88it/s, loss=0.495]
  epoch 1/3:  23%|██▎       | 20/88 [00:06<00:17,  3.89it/s, loss=0.495]
  epoch 1/3:  23%|██▎       | 20/88 [00:06<00:17,  3.89it/s, loss=0.472]
  epoch 1/3:  24%|██▍       | 21/88 [00:06<00:17,  3.88it/s, loss=0.472]
  epoch 1/3:  24%|██▍       | 21/88 [00:06<00:17,  3.88it/s, loss=0.452]
  epoch 1/3:  25%|██▌       | 22/88 [00:06<00:17,  3.86it/s, loss=0.452]
  epoch 1/3:  25%|██▌       | 22/88 [00:07<00:17,  3.86it/s, loss=0.437]
  epoch 1/3:  26%|██▌       | 23/88 [00:07<00:16,  3.85it/s, loss=0.437]
  epoch 1/3:  26%|██▌       | 23/88 [00:07<00:16,  3.85it/s, loss=0.419]
  epoch 1/3:  27%|██▋       | 24/88 [00:07<00:16,  3.86it/s, loss=0.419]
  epoch 1/3:  27%|██▋       | 24/88 [00:07<00:16,  3.86it/s, loss=0.403]
  epoch 1/3:  28%|██▊       | 25/88 [00:07<00:16,  3.87it/s, loss=0.403]
  epoch 1/3:  28%|██▊       | 25/88 [00:07<00:16,  3.87it/s, loss=0.389]
  epoch 1/3:  30%|██▉       | 26/88 [00:07<00:16,  3.86it/s, loss=0.389]
  epoch 1/3:  30%|██▉       | 26/88 [00:08<00:16,  3.86it/s, loss=0.375]
  epoch 1/3:  31%|███       | 27/88 [00:08<00:15,  3.85it/s, loss=0.375]
  epoch 1/3:  31%|███       | 27/88 [00:08<00:15,  3.85it/s, loss=0.364]
  epoch 1/3:  32%|███▏      | 28/88 [00:08<00:15,  3.83it/s, loss=0.364]
  epoch 1/3:  32%|███▏      | 28/88 [00:08<00:15,  3.83it/s, loss=0.352]
  epoch 1/3:  33%|███▎      | 29/88 [00:08<00:15,  3.82it/s, loss=0.352]
  epoch 1/3:  33%|███▎      | 29/88 [00:08<00:15,  3.82it/s, loss=0.344]
  epoch 1/3:  34%|███▍      | 30/88 [00:08<00:15,  3.83it/s, loss=0.344]
  epoch 1/3:  34%|███▍      | 30/88 [00:09<00:15,  3.83it/s, loss=0.333]
  epoch 1/3:  35%|███▌      | 31/88 [00:09<00:14,  3.82it/s, loss=0.333]
  epoch 1/3:  35%|███▌      | 31/88 [00:09<00:14,  3.82it/s, loss=0.322]
  epoch 1/3:  36%|███▋      | 32/88 [00:09<00:14,  3.79it/s, loss=0.322]
  epoch 1/3:  36%|███▋      | 32/88 [00:09<00:14,  3.79it/s, loss=0.313]
  epoch 1/3:  38%|███▊      | 33/88 [00:09<00:14,  3.80it/s, loss=0.313]
  epoch 1/3:  38%|███▊      | 33/88 [00:09<00:14,  3.80it/s, loss=0.304]
  epoch 1/3:  39%|███▊      | 34/88 [00:09<00:14,  3.80it/s, loss=0.304]
  epoch 1/3:  39%|███▊      | 34/88 [00:10<00:14,  3.80it/s, loss=0.295]
  epoch 1/3:  40%|███▉      | 35/88 [00:10<00:13,  3.80it/s, loss=0.295]
  epoch 1/3:  40%|███▉      | 35/88 [00:10<00:13,  3.80it/s, loss=0.289]
  epoch 1/3:  41%|████      | 36/88 [00:10<00:13,  3.80it/s, loss=0.289]
  epoch 1/3:  41%|████      | 36/88 [00:10<00:13,  3.80it/s, loss=0.282]
  epoch 1/3:  42%|████▏     | 37/88 [00:10<00:13,  3.79it/s, loss=0.282]
  epoch 1/3:  42%|████▏     | 37/88 [00:10<00:13,  3.79it/s, loss=0.275]
  epoch 1/3:  43%|████▎     | 38/88 [00:10<00:13,  3.79it/s, loss=0.275]
  epoch 1/3:  43%|████▎     | 38/88 [00:11<00:13,  3.79it/s, loss=0.270]
  epoch 1/3:  44%|████▍     | 39/88 [00:11<00:12,  3.79it/s, loss=0.270]
  epoch 1/3:  44%|████▍     | 39/88 [00:11<00:12,  3.79it/s, loss=0.264]
  epoch 1/3:  45%|████▌     | 40/88 [00:11<00:12,  3.80it/s, loss=0.264]
  epoch 1/3:  45%|████▌     | 40/88 [00:11<00:12,  3.80it/s, loss=0.258]
  epoch 1/3:  47%|████▋     | 41/88 [00:11<00:12,  3.79it/s, loss=0.258]
  epoch 1/3:  47%|████▋     | 41/88 [00:12<00:12,  3.79it/s, loss=0.252]
  epoch 1/3:  48%|████▊     | 42/88 [00:12<00:12,  3.79it/s, loss=0.252]
  epoch 1/3:  48%|████▊     | 42/88 [00:12<00:12,  3.79it/s, loss=0.247]
  epoch 1/3:  49%|████▉     | 43/88 [00:12<00:11,  3.80it/s, loss=0.247]
  epoch 1/3:  49%|████▉     | 43/88 [00:12<00:11,  3.80it/s, loss=0.241]
  epoch 1/3:  50%|█████     | 44/88 [00:12<00:11,  3.80it/s, loss=0.241]
  epoch 1/3:  50%|█████     | 44/88 [00:12<00:11,  3.80it/s, loss=0.236]
  epoch 1/3:  51%|█████     | 45/88 [00:12<00:11,  3.80it/s, loss=0.236]
  epoch 1/3:  51%|█████     | 45/88 [00:13<00:11,  3.80it/s, loss=0.232]
  epoch 1/3:  52%|█████▏    | 46/88 [00:13<00:11,  3.79it/s, loss=0.232]
  epoch 1/3:  52%|█████▏    | 46/88 [00:13<00:11,  3.79it/s, loss=0.227]
  epoch 1/3:  53%|█████▎    | 47/88 [00:13<00:10,  3.79it/s, loss=0.227]
  epoch 1/3:  53%|█████▎    | 47/88 [00:13<00:10,  3.79it/s, loss=0.223]
  epoch 1/3:  55%|█████▍    | 48/88 [00:13<00:10,  3.75it/s, loss=0.223]
  epoch 1/3:  55%|█████▍    | 48/88 [00:13<00:10,  3.75it/s, loss=0.219]
  epoch 1/3:  56%|█████▌    | 49/88 [00:13<00:10,  3.77it/s, loss=0.219]
  epoch 1/3:  56%|█████▌    | 49/88 [00:14<00:10,  3.77it/s, loss=0.214]
  epoch 1/3:  57%|█████▋    | 50/88 [00:14<00:10,  3.78it/s, loss=0.214]
  epoch 1/3:  57%|█████▋    | 50/88 [00:14<00:10,  3.78it/s, loss=0.210]
  epoch 1/3:  58%|█████▊    | 51/88 [00:14<00:09,  3.77it/s, loss=0.210]
  epoch 1/3:  58%|█████▊    | 51/88 [00:14<00:09,  3.77it/s, loss=0.212]
  epoch 1/3:  59%|█████▉    | 52/88 [00:14<00:09,  3.75it/s, loss=0.212]
  epoch 1/3:  59%|█████▉    | 52/88 [00:14<00:09,  3.75it/s, loss=0.208]
  epoch 1/3:  60%|██████    | 53/88 [00:14<00:09,  3.76it/s, loss=0.208]
  epoch 1/3:  60%|██████    | 53/88 [00:15<00:09,  3.76it/s, loss=0.205]
  epoch 1/3:  61%|██████▏   | 54/88 [00:15<00:09,  3.77it/s, loss=0.205]
  epoch 1/3:  61%|██████▏   | 54/88 [00:15<00:09,  3.77it/s, loss=0.201]
  epoch 1/3:  62%|██████▎   | 55/88 [00:15<00:08,  3.78it/s, loss=0.201]
  epoch 1/3:  62%|██████▎   | 55/88 [00:15<00:08,  3.78it/s, loss=0.198]
  epoch 1/3:  64%|██████▎   | 56/88 [00:15<00:08,  3.76it/s, loss=0.198]
  epoch 1/3:  64%|██████▎   | 56/88 [00:15<00:08,  3.76it/s, loss=0.195]
  epoch 1/3:  65%|██████▍   | 57/88 [00:15<00:08,  3.77it/s, loss=0.195]
  epoch 1/3:  65%|██████▍   | 57/88 [00:16<00:08,  3.77it/s, loss=0.191]
  epoch 1/3:  66%|██████▌   | 58/88 [00:16<00:07,  3.76it/s, loss=0.191]
  epoch 1/3:  66%|██████▌   | 58/88 [00:16<00:07,  3.76it/s, loss=0.188]
  epoch 1/3:  67%|██████▋   | 59/88 [00:16<00:07,  3.72it/s, loss=0.188]
  epoch 1/3:  67%|██████▋   | 59/88 [00:16<00:07,  3.72it/s, loss=0.185]
  epoch 1/3:  68%|██████▊   | 60/88 [00:16<00:07,  3.73it/s, loss=0.185]
  epoch 1/3:  68%|██████▊   | 60/88 [00:17<00:07,  3.73it/s, loss=0.182]
  epoch 1/3:  69%|██████▉   | 61/88 [00:17<00:07,  3.74it/s, loss=0.182]
  epoch 1/3:  69%|██████▉   | 61/88 [00:17<00:07,  3.74it/s, loss=0.179]
  epoch 1/3:  70%|███████   | 62/88 [00:17<00:06,  3.73it/s, loss=0.179]
  epoch 1/3:  70%|███████   | 62/88 [00:17<00:06,  3.73it/s, loss=0.176]
  epoch 1/3:  72%|███████▏  | 63/88 [00:17<00:06,  3.72it/s, loss=0.176]
  epoch 1/3:  72%|███████▏  | 63/88 [00:17<00:06,  3.72it/s, loss=0.174]
  epoch 1/3:  73%|███████▎  | 64/88 [00:17<00:06,  3.68it/s, loss=0.174]
  epoch 1/3:  73%|███████▎  | 64/88 [00:18<00:06,  3.68it/s, loss=0.174]
  epoch 1/3:  74%|███████▍  | 65/88 [00:18<00:06,  3.69it/s, loss=0.174]
  epoch 1/3:  74%|███████▍  | 65/88 [00:18<00:06,  3.69it/s, loss=0.171]
  epoch 1/3:  75%|███████▌  | 66/88 [00:18<00:05,  3.70it/s, loss=0.171]
  epoch 1/3:  75%|███████▌  | 66/88 [00:18<00:05,  3.70it/s, loss=0.169]
  epoch 1/3:  76%|███████▌  | 67/88 [00:18<00:05,  3.70it/s, loss=0.169]
  epoch 1/3:  76%|███████▌  | 67/88 [00:18<00:05,  3.70it/s, loss=0.167]
  epoch 1/3:  77%|███████▋  | 68/88 [00:18<00:05,  3.70it/s, loss=0.167]
  epoch 1/3:  77%|███████▋  | 68/88 [00:19<00:05,  3.70it/s, loss=0.171]
  epoch 1/3:  78%|███████▊  | 69/88 [00:19<00:05,  3.69it/s, loss=0.171]
  epoch 1/3:  78%|███████▊  | 69/88 [00:19<00:05,  3.69it/s, loss=0.169]
  epoch 1/3:  80%|███████▉  | 70/88 [00:19<00:04,  3.69it/s, loss=0.169]
  epoch 1/3:  80%|███████▉  | 70/88 [00:19<00:04,  3.69it/s, loss=0.166]
  epoch 1/3:  81%|████████  | 71/88 [00:19<00:04,  3.67it/s, loss=0.166]
  epoch 1/3:  81%|████████  | 71/88 [00:20<00:04,  3.67it/s, loss=0.164]
  epoch 1/3:  82%|████████▏ | 72/88 [00:20<00:04,  3.65it/s, loss=0.164]
  epoch 1/3:  82%|████████▏ | 72/88 [00:20<00:04,  3.65it/s, loss=0.162]
  epoch 1/3:  83%|████████▎ | 73/88 [00:20<00:04,  3.65it/s, loss=0.162]
  epoch 1/3:  83%|████████▎ | 73/88 [00:20<00:04,  3.65it/s, loss=0.160]
  epoch 1/3:  84%|████████▍ | 74/88 [00:20<00:03,  3.65it/s, loss=0.160]
  epoch 1/3:  84%|████████▍ | 74/88 [00:20<00:03,  3.65it/s, loss=0.161]
  epoch 1/3:  85%|████████▌ | 75/88 [00:20<00:03,  3.66it/s, loss=0.161]
  epoch 1/3:  85%|████████▌ | 75/88 [00:21<00:03,  3.66it/s, loss=0.158]
  epoch 1/3:  86%|████████▋ | 76/88 [00:21<00:03,  3.65it/s, loss=0.158]
  epoch 1/3:  86%|████████▋ | 76/88 [00:21<00:03,  3.65it/s, loss=0.156]
  epoch 1/3:  88%|████████▊ | 77/88 [00:21<00:03,  3.66it/s, loss=0.156]
  epoch 1/3:  88%|████████▊ | 77/88 [00:21<00:03,  3.66it/s, loss=0.155]
  epoch 1/3:  89%|████████▊ | 78/88 [00:21<00:02,  3.65it/s, loss=0.155]
  epoch 1/3:  89%|████████▊ | 78/88 [00:21<00:02,  3.65it/s, loss=0.159]
  epoch 1/3:  90%|████████▉ | 79/88 [00:21<00:02,  3.66it/s, loss=0.159]
  epoch 1/3:  90%|████████▉ | 79/88 [00:22<00:02,  3.66it/s, loss=0.158]
  epoch 1/3:  91%|█████████ | 80/88 [00:22<00:02,  3.61it/s, loss=0.158]
  epoch 1/3:  91%|█████████ | 80/88 [00:22<00:02,  3.61it/s, loss=0.157]
  epoch 1/3:  92%|█████████▏| 81/88 [00:22<00:01,  3.63it/s, loss=0.157]
  epoch 1/3:  92%|█████████▏| 81/88 [00:22<00:01,  3.63it/s, loss=0.155]
  epoch 1/3:  93%|█████████▎| 82/88 [00:22<00:01,  3.63it/s, loss=0.155]
  epoch 1/3:  93%|█████████▎| 82/88 [00:23<00:01,  3.63it/s, loss=0.153]
  epoch 1/3:  94%|█████████▍| 83/88 [00:23<00:01,  3.63it/s, loss=0.153]
  epoch 1/3:  94%|█████████▍| 83/88 [00:23<00:01,  3.63it/s, loss=0.152]
  epoch 1/3:  95%|█████████▌| 84/88 [00:23<00:01,  3.63it/s, loss=0.152]
  epoch 1/3:  95%|█████████▌| 84/88 [00:23<00:01,  3.63it/s, loss=0.150]
  epoch 1/3:  97%|█████████▋| 85/88 [00:23<00:00,  3.63it/s, loss=0.150]
  epoch 1/3:  97%|█████████▋| 85/88 [00:23<00:00,  3.63it/s, loss=0.148]
  epoch 1/3:  98%|█████████▊| 86/88 [00:23<00:00,  3.63it/s, loss=0.148]
  epoch 1/3:  98%|█████████▊| 86/88 [00:24<00:00,  3.63it/s, loss=0.147]
  epoch 1/3:  99%|█████████▉| 87/88 [00:24<00:00,  3.63it/s, loss=0.147]
  epoch 1/3:  99%|█████████▉| 87/88 [00:24<00:00,  3.63it/s, loss=0.146]
  epoch 1/3: 100%|██████████| 88/88 [00:24<00:00,  3.99it/s, loss=0.146]
                                                                        

  epoch 2/3:   0%|          | 0/88 [00:00<?, ?it/s]
  epoch 2/3:   0%|          | 0/88 [00:00<?, ?it/s, loss=0.000]
  epoch 2/3:   1%|          | 1/88 [00:00<00:41,  2.09it/s, loss=0.000]
  epoch 2/3:   1%|          | 1/88 [00:00<00:41,  2.09it/s, loss=0.000]
  epoch 2/3:   2%|▏         | 2/88 [00:00<00:31,  2.76it/s, loss=0.000]
  epoch 2/3:   2%|▏         | 2/88 [00:01<00:31,  2.76it/s, loss=0.000]
  epoch 2/3:   3%|▎         | 3/88 [00:01<00:27,  3.11it/s, loss=0.000]
  epoch 2/3:   3%|▎         | 3/88 [00:01<00:27,  3.11it/s, loss=0.002]
  epoch 2/3:   5%|▍         | 4/88 [00:01<00:25,  3.28it/s, loss=0.002]
  epoch 2/3:   5%|▍         | 4/88 [00:01<00:25,  3.28it/s, loss=0.002]
  epoch 2/3:   6%|▌         | 5/88 [00:01<00:24,  3.39it/s, loss=0.002]
  epoch 2/3:   6%|▌         | 5/88 [00:01<00:24,  3.39it/s, loss=0.069]
  epoch 2/3:   7%|▋         | 6/88 [00:01<00:23,  3.47it/s, loss=0.069]
  epoch 2/3:   7%|▋         | 6/88 [00:02<00:23,  3.47it/s, loss=0.072]
  epoch 2/3:   8%|▊         | 7/88 [00:02<00:23,  3.51it/s, loss=0.072]
  epoch 2/3:   8%|▊         | 7/88 [00:02<00:23,  3.51it/s, loss=0.089]
  epoch 2/3:   9%|▉         | 8/88 [00:02<00:22,  3.49it/s, loss=0.089]
  epoch 2/3:   9%|▉         | 8/88 [00:02<00:22,  3.49it/s, loss=0.079]
  epoch 2/3:  10%|█         | 9/88 [00:02<00:22,  3.53it/s, loss=0.079]
  epoch 2/3:  10%|█         | 9/88 [00:02<00:22,  3.53it/s, loss=0.072]
  epoch 2/3:  11%|█▏        | 10/88 [00:02<00:22,  3.54it/s, loss=0.072]
  epoch 2/3:  11%|█▏        | 10/88 [00:03<00:22,  3.54it/s, loss=0.065]
  epoch 2/3:  12%|█▎        | 11/88 [00:03<00:21,  3.56it/s, loss=0.065]
  epoch 2/3:  12%|█▎        | 11/88 [00:03<00:21,  3.56it/s, loss=0.060]
  epoch 2/3:  14%|█▎        | 12/88 [00:03<00:21,  3.57it/s, loss=0.060]
  epoch 2/3:  14%|█▎        | 12/88 [00:03<00:21,  3.57it/s, loss=0.055]
  epoch 2/3:  15%|█▍        | 13/88 [00:03<00:21,  3.57it/s, loss=0.055]
  epoch 2/3:  15%|█▍        | 13/88 [00:04<00:21,  3.57it/s, loss=0.051]
  epoch 2/3:  16%|█▌        | 14/88 [00:04<00:20,  3.58it/s, loss=0.051]
  epoch 2/3:  16%|█▌        | 14/88 [00:04<00:20,  3.58it/s, loss=0.048]
  epoch 2/3:  17%|█▋        | 15/88 [00:04<00:20,  3.57it/s, loss=0.048]
  epoch 2/3:  17%|█▋        | 15/88 [00:04<00:20,  3.57it/s, loss=0.045]
  epoch 2/3:  18%|█▊        | 16/88 [00:04<00:20,  3.59it/s, loss=0.045]
  epoch 2/3:  18%|█▊        | 16/88 [00:04<00:20,  3.59it/s, loss=0.043]
  epoch 2/3:  19%|█▉        | 17/88 [00:04<00:19,  3.57it/s, loss=0.043]
  epoch 2/3:  19%|█▉        | 17/88 [00:05<00:19,  3.57it/s, loss=0.041]
  epoch 2/3:  20%|██        | 18/88 [00:05<00:19,  3.56it/s, loss=0.041]
  epoch 2/3:  20%|██        | 18/88 [00:05<00:19,  3.56it/s, loss=0.039]
  epoch 2/3:  22%|██▏       | 19/88 [00:05<00:19,  3.55it/s, loss=0.039]
  epoch 2/3:  22%|██▏       | 19/88 [00:05<00:19,  3.55it/s, loss=0.048]
  epoch 2/3:  23%|██▎       | 20/88 [00:05<00:19,  3.55it/s, loss=0.048]
  epoch 2/3:  23%|██▎       | 20/88 [00:06<00:19,  3.55it/s, loss=0.046]
  epoch 2/3:  24%|██▍       | 21/88 [00:06<00:18,  3.55it/s, loss=0.046]
  epoch 2/3:  24%|██▍       | 21/88 [00:06<00:18,  3.55it/s, loss=0.044]
  epoch 2/3:  25%|██▌       | 22/88 [00:06<00:18,  3.56it/s, loss=0.044]
  epoch 2/3:  25%|██▌       | 22/88 [00:06<00:18,  3.56it/s, loss=0.042]
  epoch 2/3:  26%|██▌       | 23/88 [00:06<00:18,  3.57it/s, loss=0.042]
  epoch 2/3:  26%|██▌       | 23/88 [00:06<00:18,  3.57it/s, loss=0.041]
  epoch 2/3:  27%|██▋       | 24/88 [00:06<00:18,  3.53it/s, loss=0.041]
  epoch 2/3:  27%|██▋       | 24/88 [00:07<00:18,  3.53it/s, loss=0.046]
  epoch 2/3:  28%|██▊       | 25/88 [00:07<00:17,  3.55it/s, loss=0.046]
  epoch 2/3:  28%|██▊       | 25/88 [00:07<00:17,  3.55it/s, loss=0.045]
  epoch 2/3:  30%|██▉       | 26/88 [00:07<00:17,  3.57it/s, loss=0.045]
  epoch 2/3:  30%|██▉       | 26/88 [00:07<00:17,  3.57it/s, loss=0.043]
  epoch 2/3:  31%|███       | 27/88 [00:07<00:17,  3.55it/s, loss=0.043]
  epoch 2/3:  31%|███       | 27/88 [00:08<00:17,  3.55it/s, loss=0.041]
  epoch 2/3:  32%|███▏      | 28/88 [00:08<00:16,  3.55it/s, loss=0.041]
  epoch 2/3:  32%|███▏      | 28/88 [00:08<00:16,  3.55it/s, loss=0.040]
  epoch 2/3:  33%|███▎      | 29/88 [00:08<00:16,  3.54it/s, loss=0.040]
  epoch 2/3:  33%|███▎      | 29/88 [00:08<00:16,  3.54it/s, loss=0.039]
  epoch 2/3:  34%|███▍      | 30/88 [00:08<00:16,  3.54it/s, loss=0.039]
  epoch 2/3:  34%|███▍      | 30/88 [00:08<00:16,  3.54it/s, loss=0.037]
  epoch 2/3:  35%|███▌      | 31/88 [00:08<00:16,  3.53it/s, loss=0.037]
  epoch 2/3:  35%|███▌      | 31/88 [00:09<00:16,  3.53it/s, loss=0.036]
  epoch 2/3:  36%|███▋      | 32/88 [00:09<00:15,  3.53it/s, loss=0.036]
  epoch 2/3:  36%|███▋      | 32/88 [00:09<00:15,  3.53it/s, loss=0.035]
  epoch 2/3:  38%|███▊      | 33/88 [00:09<00:15,  3.53it/s, loss=0.035]
  epoch 2/3:  38%|███▊      | 33/88 [00:09<00:15,  3.53it/s, loss=0.034]
  epoch 2/3:  39%|███▊      | 34/88 [00:09<00:15,  3.52it/s, loss=0.034]
  epoch 2/3:  39%|███▊      | 34/88 [00:10<00:15,  3.52it/s, loss=0.038]
  epoch 2/3:  40%|███▉      | 35/88 [00:10<00:15,  3.52it/s, loss=0.038]
  epoch 2/3:  40%|███▉      | 35/88 [00:10<00:15,  3.52it/s, loss=0.037]
  epoch 2/3:  41%|████      | 36/88 [00:10<00:14,  3.52it/s, loss=0.037]
  epoch 2/3:  41%|████      | 36/88 [00:10<00:14,  3.52it/s, loss=0.036]
  epoch 2/3:  42%|████▏     | 37/88 [00:10<00:14,  3.53it/s, loss=0.036]
  epoch 2/3:  42%|████▏     | 37/88 [00:10<00:14,  3.53it/s, loss=0.035]
  epoch 2/3:  43%|████▎     | 38/88 [00:10<00:14,  3.52it/s, loss=0.035]
  epoch 2/3:  43%|████▎     | 38/88 [00:11<00:14,  3.52it/s, loss=0.034]
  epoch 2/3:  44%|████▍     | 39/88 [00:11<00:13,  3.52it/s, loss=0.034]
  epoch 2/3:  44%|████▍     | 39/88 [00:11<00:13,  3.52it/s, loss=0.036]
  epoch 2/3:  45%|████▌     | 40/88 [00:11<00:13,  3.49it/s, loss=0.036]
  epoch 2/3:  45%|████▌     | 40/88 [00:11<00:13,  3.49it/s, loss=0.035]
  epoch 2/3:  47%|████▋     | 41/88 [00:11<00:13,  3.53it/s, loss=0.035]
  epoch 2/3:  47%|████▋     | 41/88 [00:12<00:13,  3.53it/s, loss=0.035]
  epoch 2/3:  48%|████▊     | 42/88 [00:12<00:13,  3.53it/s, loss=0.035]
  epoch 2/3:  48%|████▊     | 42/88 [00:12<00:13,  3.53it/s, loss=0.036]
  epoch 2/3:  49%|████▉     | 43/88 [00:12<00:12,  3.53it/s, loss=0.036]
  epoch 2/3:  49%|████▉     | 43/88 [00:12<00:12,  3.53it/s, loss=0.036]
  epoch 2/3:  50%|█████     | 44/88 [00:12<00:12,  3.52it/s, loss=0.036]
  epoch 2/3:  50%|█████     | 44/88 [00:12<00:12,  3.52it/s, loss=0.035]
  epoch 2/3:  51%|█████     | 45/88 [00:12<00:12,  3.52it/s, loss=0.035]
  epoch 2/3:  51%|█████     | 45/88 [00:13<00:12,  3.52it/s, loss=0.037]
  epoch 2/3:  52%|█████▏    | 46/88 [00:13<00:11,  3.53it/s, loss=0.037]
  epoch 2/3:  52%|█████▏    | 46/88 [00:13<00:11,  3.53it/s, loss=0.037]
  epoch 2/3:  53%|█████▎    | 47/88 [00:13<00:11,  3.53it/s, loss=0.037]
  epoch 2/3:  53%|█████▎    | 47/88 [00:13<00:11,  3.53it/s, loss=0.036]
  epoch 2/3:  55%|█████▍    | 48/88 [00:13<00:11,  3.54it/s, loss=0.036]
  epoch 2/3:  55%|█████▍    | 48/88 [00:13<00:11,  3.54it/s, loss=0.035]
  epoch 2/3:  56%|█████▌    | 49/88 [00:13<00:10,  3.55it/s, loss=0.035]
  epoch 2/3:  56%|█████▌    | 49/88 [00:14<00:10,  3.55it/s, loss=0.040]
  epoch 2/3:  57%|█████▋    | 50/88 [00:14<00:10,  3.55it/s, loss=0.040]
  epoch 2/3:  57%|█████▋    | 50/88 [00:14<00:10,  3.55it/s, loss=0.040]
  epoch 2/3:  58%|█████▊    | 51/88 [00:14<00:10,  3.58it/s, loss=0.040]
  epoch 2/3:  58%|█████▊    | 51/88 [00:14<00:10,  3.58it/s, loss=0.039]
  epoch 2/3:  59%|█████▉    | 52/88 [00:14<00:10,  3.56it/s, loss=0.039]
  epoch 2/3:  59%|█████▉    | 52/88 [00:15<00:10,  3.56it/s, loss=0.038]
  epoch 2/3:  60%|██████    | 53/88 [00:15<00:09,  3.55it/s, loss=0.038]
  epoch 2/3:  60%|██████    | 53/88 [00:15<00:09,  3.55it/s, loss=0.041]
  epoch 2/3:  61%|██████▏   | 54/88 [00:15<00:09,  3.55it/s, loss=0.041]
  epoch 2/3:  61%|██████▏   | 54/88 [00:15<00:09,  3.55it/s, loss=0.041]
  epoch 2/3:  62%|██████▎   | 55/88 [00:15<00:09,  3.57it/s, loss=0.041]
  epoch 2/3:  62%|██████▎   | 55/88 [00:15<00:09,  3.57it/s, loss=0.040]
  epoch 2/3:  64%|██████▎   | 56/88 [00:15<00:09,  3.55it/s, loss=0.040]
  epoch 2/3:  64%|██████▎   | 56/88 [00:16<00:09,  3.55it/s, loss=0.042]
  epoch 2/3:  65%|██████▍   | 57/88 [00:16<00:08,  3.59it/s, loss=0.042]
  epoch 2/3:  65%|██████▍   | 57/88 [00:16<00:08,  3.59it/s, loss=0.041]
  epoch 2/3:  66%|██████▌   | 58/88 [00:16<00:08,  3.60it/s, loss=0.041]
  epoch 2/3:  66%|██████▌   | 58/88 [00:16<00:08,  3.60it/s, loss=0.040]
  epoch 2/3:  67%|██████▋   | 59/88 [00:16<00:07,  3.63it/s, loss=0.040]
  epoch 2/3:  67%|██████▋   | 59/88 [00:17<00:07,  3.63it/s, loss=0.040]
  epoch 2/3:  68%|██████▊   | 60/88 [00:17<00:07,  3.62it/s, loss=0.040]
  epoch 2/3:  68%|██████▊   | 60/88 [00:17<00:07,  3.62it/s, loss=0.040]
  epoch 2/3:  69%|██████▉   | 61/88 [00:17<00:07,  3.64it/s, loss=0.040]
  epoch 2/3:  69%|██████▉   | 61/88 [00:17<00:07,  3.64it/s, loss=0.041]
  epoch 2/3:  70%|███████   | 62/88 [00:17<00:07,  3.64it/s, loss=0.041]
  epoch 2/3:  70%|███████   | 62/88 [00:17<00:07,  3.64it/s, loss=0.040]
  epoch 2/3:  72%|███████▏  | 63/88 [00:17<00:06,  3.65it/s, loss=0.040]
  epoch 2/3:  72%|███████▏  | 63/88 [00:18<00:06,  3.65it/s, loss=0.041]
  epoch 2/3:  73%|███████▎  | 64/88 [00:18<00:06,  3.65it/s, loss=0.041]
  epoch 2/3:  73%|███████▎  | 64/88 [00:18<00:06,  3.65it/s, loss=0.041]
  epoch 2/3:  74%|███████▍  | 65/88 [00:18<00:06,  3.65it/s, loss=0.041]
  epoch 2/3:  74%|███████▍  | 65/88 [00:18<00:06,  3.65it/s, loss=0.040]
  epoch 2/3:  75%|███████▌  | 66/88 [00:18<00:06,  3.65it/s, loss=0.040]
  epoch 2/3:  75%|███████▌  | 66/88 [00:18<00:06,  3.65it/s, loss=0.040]
  epoch 2/3:  76%|███████▌  | 67/88 [00:18<00:05,  3.66it/s, loss=0.040]
  epoch 2/3:  76%|███████▌  | 67/88 [00:19<00:05,  3.66it/s, loss=0.039]
  epoch 2/3:  77%|███████▋  | 68/88 [00:19<00:05,  3.65it/s, loss=0.039]
  epoch 2/3:  77%|███████▋  | 68/88 [00:19<00:05,  3.65it/s, loss=0.039]
  epoch 2/3:  78%|███████▊  | 69/88 [00:19<00:05,  3.66it/s, loss=0.039]
  epoch 2/3:  78%|███████▊  | 69/88 [00:19<00:05,  3.66it/s, loss=0.038]
  epoch 2/3:  80%|███████▉  | 70/88 [00:19<00:04,  3.66it/s, loss=0.038]
  epoch 2/3:  80%|███████▉  | 70/88 [00:20<00:04,  3.66it/s, loss=0.038]
  epoch 2/3:  81%|████████  | 71/88 [00:20<00:04,  3.66it/s, loss=0.038]
  epoch 2/3:  81%|████████  | 71/88 [00:20<00:04,  3.66it/s, loss=0.037]
  epoch 2/3:  82%|████████▏ | 72/88 [00:20<00:04,  3.61it/s, loss=0.037]
  epoch 2/3:  82%|████████▏ | 72/88 [00:20<00:04,  3.61it/s, loss=0.037]
  epoch 2/3:  83%|████████▎ | 73/88 [00:20<00:04,  3.63it/s, loss=0.037]
  epoch 2/3:  83%|████████▎ | 73/88 [00:20<00:04,  3.63it/s, loss=0.036]
  epoch 2/3:  84%|████████▍ | 74/88 [00:20<00:03,  3.64it/s, loss=0.036]
  epoch 2/3:  84%|████████▍ | 74/88 [00:21<00:03,  3.64it/s, loss=0.036]
  epoch 2/3:  85%|████████▌ | 75/88 [00:21<00:03,  3.64it/s, loss=0.036]
  epoch 2/3:  85%|████████▌ | 75/88 [00:21<00:03,  3.64it/s, loss=0.035]
  epoch 2/3:  86%|████████▋ | 76/88 [00:21<00:03,  3.65it/s, loss=0.035]
  epoch 2/3:  86%|████████▋ | 76/88 [00:21<00:03,  3.65it/s, loss=0.039]
  epoch 2/3:  88%|████████▊ | 77/88 [00:21<00:03,  3.65it/s, loss=0.039]
  epoch 2/3:  88%|████████▊ | 77/88 [00:21<00:03,  3.65it/s, loss=0.038]
  epoch 2/3:  89%|████████▊ | 78/88 [00:21<00:02,  3.65it/s, loss=0.038]
  epoch 2/3:  89%|████████▊ | 78/88 [00:22<00:02,  3.65it/s, loss=0.038]
  epoch 2/3:  90%|████████▉ | 79/88 [00:22<00:02,  3.66it/s, loss=0.038]
  epoch 2/3:  90%|████████▉ | 79/88 [00:22<00:02,  3.66it/s, loss=0.037]
  epoch 2/3:  91%|█████████ | 80/88 [00:22<00:02,  3.65it/s, loss=0.037]
  epoch 2/3:  91%|█████████ | 80/88 [00:22<00:02,  3.65it/s, loss=0.037]
  epoch 2/3:  92%|█████████▏| 81/88 [00:22<00:01,  3.66it/s, loss=0.037]
  epoch 2/3:  92%|█████████▏| 81/88 [00:23<00:01,  3.66it/s, loss=0.036]
  epoch 2/3:  93%|█████████▎| 82/88 [00:23<00:01,  3.67it/s, loss=0.036]
  epoch 2/3:  93%|█████████▎| 82/88 [00:23<00:01,  3.67it/s, loss=0.036]
  epoch 2/3:  94%|█████████▍| 83/88 [00:23<00:01,  3.68it/s, loss=0.036]
  epoch 2/3:  94%|█████████▍| 83/88 [00:23<00:01,  3.68it/s, loss=0.038]
  epoch 2/3:  95%|█████████▌| 84/88 [00:23<00:01,  3.67it/s, loss=0.038]
  epoch 2/3:  95%|█████████▌| 84/88 [00:23<00:01,  3.67it/s, loss=0.038]
  epoch 2/3:  97%|█████████▋| 85/88 [00:23<00:00,  3.69it/s, loss=0.038]
  epoch 2/3:  97%|█████████▋| 85/88 [00:24<00:00,  3.69it/s, loss=0.039]
  epoch 2/3:  98%|█████████▊| 86/88 [00:24<00:00,  3.69it/s, loss=0.039]
  epoch 2/3:  98%|█████████▊| 86/88 [00:24<00:00,  3.69it/s, loss=0.039]
  epoch 2/3:  99%|█████████▉| 87/88 [00:24<00:00,  3.70it/s, loss=0.039]
  epoch 2/3:  99%|█████████▉| 87/88 [00:24<00:00,  3.70it/s, loss=0.039]
  epoch 2/3: 100%|██████████| 88/88 [00:24<00:00,  4.00it/s, loss=0.039]
                                                                        

  epoch 3/3:   0%|          | 0/88 [00:00<?, ?it/s]
  epoch 3/3:   0%|          | 0/88 [00:00<?, ?it/s, loss=0.000]
  epoch 3/3:   1%|          | 1/88 [00:00<00:41,  2.09it/s, loss=0.000]
  epoch 3/3:   1%|          | 1/88 [00:00<00:41,  2.09it/s, loss=0.001]
  epoch 3/3:   2%|▏         | 2/88 [00:00<00:30,  2.80it/s, loss=0.001]
  epoch 3/3:   2%|▏         | 2/88 [00:01<00:30,  2.80it/s, loss=0.000]
  epoch 3/3:   3%|▎         | 3/88 [00:01<00:27,  3.15it/s, loss=0.000]
  epoch 3/3:   3%|▎         | 3/88 [00:01<00:27,  3.15it/s, loss=0.000]
  epoch 3/3:   5%|▍         | 4/88 [00:01<00:24,  3.36it/s, loss=0.000]
  epoch 3/3:   5%|▍         | 4/88 [00:01<00:24,  3.36it/s, loss=0.000]
  epoch 3/3:   6%|▌         | 5/88 [00:01<00:23,  3.48it/s, loss=0.000]
  epoch 3/3:   6%|▌         | 5/88 [00:01<00:23,  3.48it/s, loss=0.000]
  epoch 3/3:   7%|▋         | 6/88 [00:01<00:22,  3.57it/s, loss=0.000]
  epoch 3/3:   7%|▋         | 6/88 [00:02<00:22,  3.57it/s, loss=0.000]
  epoch 3/3:   8%|▊         | 7/88 [00:02<00:22,  3.60it/s, loss=0.000]
  epoch 3/3:   8%|▊         | 7/88 [00:02<00:22,  3.60it/s, loss=0.000]
  epoch 3/3:   9%|▉         | 8/88 [00:02<00:21,  3.65it/s, loss=0.000]
  epoch 3/3:   9%|▉         | 8/88 [00:02<00:21,  3.65it/s, loss=0.000]
  epoch 3/3:  10%|█         | 9/88 [00:02<00:21,  3.68it/s, loss=0.000]
  epoch 3/3:  10%|█         | 9/88 [00:02<00:21,  3.68it/s, loss=0.000]
  epoch 3/3:  11%|█▏        | 10/88 [00:02<00:21,  3.70it/s, loss=0.000]
  epoch 3/3:  11%|█▏        | 10/88 [00:03<00:21,  3.70it/s, loss=0.000]
  epoch 3/3:  12%|█▎        | 11/88 [00:03<00:20,  3.71it/s, loss=0.000]
  epoch 3/3:  12%|█▎        | 11/88 [00:03<00:20,  3.71it/s, loss=0.000]
  epoch 3/3:  14%|█▎        | 12/88 [00:03<00:20,  3.70it/s, loss=0.000]
  epoch 3/3:  14%|█▎        | 12/88 [00:03<00:20,  3.70it/s, loss=0.000]
  epoch 3/3:  15%|█▍        | 13/88 [00:03<00:20,  3.72it/s, loss=0.000]
  epoch 3/3:  15%|█▍        | 13/88 [00:03<00:20,  3.72it/s, loss=0.000]
  epoch 3/3:  16%|█▌        | 14/88 [00:03<00:19,  3.73it/s, loss=0.000]
  epoch 3/3:  16%|█▌        | 14/88 [00:04<00:19,  3.73it/s, loss=0.001]
  epoch 3/3:  17%|█▋        | 15/88 [00:04<00:19,  3.73it/s, loss=0.001]
  epoch 3/3:  17%|█▋        | 15/88 [00:04<00:19,  3.73it/s, loss=0.010]
  epoch 3/3:  18%|█▊        | 16/88 [00:04<00:19,  3.69it/s, loss=0.010]
  epoch 3/3:  18%|█▊        | 16/88 [00:04<00:19,  3.69it/s, loss=0.023]
  epoch 3/3:  19%|█▉        | 17/88 [00:04<00:19,  3.73it/s, loss=0.023]
  epoch 3/3:  19%|█▉        | 17/88 [00:05<00:19,  3.73it/s, loss=0.021]
  epoch 3/3:  20%|██        | 18/88 [00:05<00:18,  3.75it/s, loss=0.021]
  epoch 3/3:  20%|██        | 18/88 [00:05<00:18,  3.75it/s, loss=0.020]
  epoch 3/3:  22%|██▏       | 19/88 [00:05<00:18,  3.76it/s, loss=0.020]
  epoch 3/3:  22%|██▏       | 19/88 [00:05<00:18,  3.76it/s, loss=0.019]
  epoch 3/3:  23%|██▎       | 20/88 [00:05<00:18,  3.77it/s, loss=0.019]
  epoch 3/3:  23%|██▎       | 20/88 [00:05<00:18,  3.77it/s, loss=0.018]
  epoch 3/3:  24%|██▍       | 21/88 [00:05<00:17,  3.77it/s, loss=0.018]
  epoch 3/3:  24%|██▍       | 21/88 [00:06<00:17,  3.77it/s, loss=0.018]
  epoch 3/3:  25%|██▌       | 22/88 [00:06<00:17,  3.78it/s, loss=0.018]
  epoch 3/3:  25%|██▌       | 22/88 [00:06<00:17,  3.78it/s, loss=0.030]
  epoch 3/3:  26%|██▌       | 23/88 [00:06<00:17,  3.78it/s, loss=0.030]
  epoch 3/3:  26%|██▌       | 23/88 [00:06<00:17,  3.78it/s, loss=0.029]
  epoch 3/3:  27%|██▋       | 24/88 [00:06<00:17,  3.76it/s, loss=0.029]
  epoch 3/3:  27%|██▋       | 24/88 [00:06<00:17,  3.76it/s, loss=0.029]
  epoch 3/3:  28%|██▊       | 25/88 [00:06<00:16,  3.76it/s, loss=0.029]
  epoch 3/3:  28%|██▊       | 25/88 [00:07<00:16,  3.76it/s, loss=0.034]
  epoch 3/3:  30%|██▉       | 26/88 [00:07<00:16,  3.75it/s, loss=0.034]
  epoch 3/3:  30%|██▉       | 26/88 [00:07<00:16,  3.75it/s, loss=0.042]
  epoch 3/3:  31%|███       | 27/88 [00:07<00:16,  3.75it/s, loss=0.042]
  epoch 3/3:  31%|███       | 27/88 [00:07<00:16,  3.75it/s, loss=0.043]
  epoch 3/3:  32%|███▏      | 28/88 [00:07<00:15,  3.76it/s, loss=0.043]
  epoch 3/3:  32%|███▏      | 28/88 [00:07<00:15,  3.76it/s, loss=0.041]
  epoch 3/3:  33%|███▎      | 29/88 [00:07<00:15,  3.77it/s, loss=0.041]
  epoch 3/3:  33%|███▎      | 29/88 [00:08<00:15,  3.77it/s, loss=0.040]
  epoch 3/3:  34%|███▍      | 30/88 [00:08<00:15,  3.78it/s, loss=0.040]
  epoch 3/3:  34%|███▍      | 30/88 [00:08<00:15,  3.78it/s, loss=0.038]
  epoch 3/3:  35%|███▌      | 31/88 [00:08<00:15,  3.78it/s, loss=0.038]
  epoch 3/3:  35%|███▌      | 31/88 [00:08<00:15,  3.78it/s, loss=0.037]
  epoch 3/3:  36%|███▋      | 32/88 [00:08<00:14,  3.74it/s, loss=0.037]
  epoch 3/3:  36%|███▋      | 32/88 [00:09<00:14,  3.74it/s, loss=0.051]
  epoch 3/3:  38%|███▊      | 33/88 [00:09<00:14,  3.76it/s, loss=0.051]
  epoch 3/3:  38%|███▊      | 33/88 [00:09<00:14,  3.76it/s, loss=0.049]
  epoch 3/3:  39%|███▊      | 34/88 [00:09<00:14,  3.75it/s, loss=0.049]
  epoch 3/3:  39%|███▊      | 34/88 [00:09<00:14,  3.75it/s, loss=0.048]
  epoch 3/3:  40%|███▉      | 35/88 [00:09<00:14,  3.75it/s, loss=0.048]
  epoch 3/3:  40%|███▉      | 35/88 [00:09<00:14,  3.75it/s, loss=0.047]
  epoch 3/3:  41%|████      | 36/88 [00:09<00:13,  3.75it/s, loss=0.047]
  epoch 3/3:  41%|████      | 36/88 [00:10<00:13,  3.75it/s, loss=0.061]
  epoch 3/3:  42%|████▏     | 37/88 [00:10<00:13,  3.77it/s, loss=0.061]
  epoch 3/3:  42%|████▏     | 37/88 [00:10<00:13,  3.77it/s, loss=0.060]
  epoch 3/3:  43%|████▎     | 38/88 [00:10<00:13,  3.78it/s, loss=0.060]
  epoch 3/3:  43%|████▎     | 38/88 [00:10<00:13,  3.78it/s, loss=0.058]
  epoch 3/3:  44%|████▍     | 39/88 [00:10<00:12,  3.78it/s, loss=0.058]
  epoch 3/3:  44%|████▍     | 39/88 [00:10<00:12,  3.78it/s, loss=0.057]
  epoch 3/3:  45%|████▌     | 40/88 [00:10<00:12,  3.79it/s, loss=0.057]
  epoch 3/3:  45%|████▌     | 40/88 [00:11<00:12,  3.79it/s, loss=0.056]
  epoch 3/3:  47%|████▋     | 41/88 [00:11<00:12,  3.79it/s, loss=0.056]
  epoch 3/3:  47%|████▋     | 41/88 [00:11<00:12,  3.79it/s, loss=0.054]
  epoch 3/3:  48%|████▊     | 42/88 [00:11<00:12,  3.79it/s, loss=0.054]
  epoch 3/3:  48%|████▊     | 42/88 [00:11<00:12,  3.79it/s, loss=0.053]
  epoch 3/3:  49%|████▉     | 43/88 [00:11<00:11,  3.78it/s, loss=0.053]
  epoch 3/3:  49%|████▉     | 43/88 [00:11<00:11,  3.78it/s, loss=0.052]
  epoch 3/3:  50%|█████     | 44/88 [00:11<00:11,  3.79it/s, loss=0.052]
  epoch 3/3:  50%|█████     | 44/88 [00:12<00:11,  3.79it/s, loss=0.056]
  epoch 3/3:  51%|█████     | 45/88 [00:12<00:11,  3.79it/s, loss=0.056]
  epoch 3/3:  51%|█████     | 45/88 [00:12<00:11,  3.79it/s, loss=0.055]
  epoch 3/3:  52%|█████▏    | 46/88 [00:12<00:11,  3.80it/s, loss=0.055]
  epoch 3/3:  52%|█████▏    | 46/88 [00:12<00:11,  3.80it/s, loss=0.054]
  epoch 3/3:  53%|█████▎    | 47/88 [00:12<00:10,  3.80it/s, loss=0.054]
  epoch 3/3:  53%|█████▎    | 47/88 [00:12<00:10,  3.80it/s, loss=0.053]
  epoch 3/3:  55%|█████▍    | 48/88 [00:12<00:10,  3.75it/s, loss=0.053]
  epoch 3/3:  55%|█████▍    | 48/88 [00:13<00:10,  3.75it/s, loss=0.052]
  epoch 3/3:  56%|█████▌    | 49/88 [00:13<00:10,  3.76it/s, loss=0.052]
  epoch 3/3:  56%|█████▌    | 49/88 [00:13<00:10,  3.76it/s, loss=0.051]
  epoch 3/3:  57%|█████▋    | 50/88 [00:13<00:10,  3.76it/s, loss=0.051]
  epoch 3/3:  57%|█████▋    | 50/88 [00:13<00:10,  3.76it/s, loss=0.050]
  epoch 3/3:  58%|█████▊    | 51/88 [00:13<00:09,  3.75it/s, loss=0.050]
  epoch 3/3:  58%|█████▊    | 51/88 [00:14<00:09,  3.75it/s, loss=0.049]
  epoch 3/3:  59%|█████▉    | 52/88 [00:14<00:09,  3.76it/s, loss=0.049]
  epoch 3/3:  59%|█████▉    | 52/88 [00:14<00:09,  3.76it/s, loss=0.048]
  epoch 3/3:  60%|██████    | 53/88 [00:14<00:09,  3.77it/s, loss=0.048]
  epoch 3/3:  60%|██████    | 53/88 [00:14<00:09,  3.77it/s, loss=0.047]
  epoch 3/3:  61%|██████▏   | 54/88 [00:14<00:09,  3.78it/s, loss=0.047]
  epoch 3/3:  61%|██████▏   | 54/88 [00:14<00:09,  3.78it/s, loss=0.046]
  epoch 3/3:  62%|██████▎   | 55/88 [00:14<00:08,  3.78it/s, loss=0.046]
  epoch 3/3:  62%|██████▎   | 55/88 [00:15<00:08,  3.78it/s, loss=0.045]
  epoch 3/3:  64%|██████▎   | 56/88 [00:15<00:08,  3.79it/s, loss=0.045]
  epoch 3/3:  64%|██████▎   | 56/88 [00:15<00:08,  3.79it/s, loss=0.045]
  epoch 3/3:  65%|██████▍   | 57/88 [00:15<00:08,  3.80it/s, loss=0.045]
  epoch 3/3:  65%|██████▍   | 57/88 [00:15<00:08,  3.80it/s, loss=0.044]
  epoch 3/3:  66%|██████▌   | 58/88 [00:15<00:07,  3.79it/s, loss=0.044]
  epoch 3/3:  66%|██████▌   | 58/88 [00:15<00:07,  3.79it/s, loss=0.043]
  epoch 3/3:  67%|██████▋   | 59/88 [00:15<00:07,  3.79it/s, loss=0.043]
  epoch 3/3:  67%|██████▋   | 59/88 [00:16<00:07,  3.79it/s, loss=0.042]
  epoch 3/3:  68%|██████▊   | 60/88 [00:16<00:07,  3.79it/s, loss=0.042]
  epoch 3/3:  68%|██████▊   | 60/88 [00:16<00:07,  3.79it/s, loss=0.042]
  epoch 3/3:  69%|██████▉   | 61/88 [00:16<00:07,  3.79it/s, loss=0.042]
  epoch 3/3:  69%|██████▉   | 61/88 [00:16<00:07,  3.79it/s, loss=0.041]
  epoch 3/3:  70%|███████   | 62/88 [00:16<00:06,  3.79it/s, loss=0.041]
  epoch 3/3:  70%|███████   | 62/88 [00:16<00:06,  3.79it/s, loss=0.040]
  epoch 3/3:  72%|███████▏  | 63/88 [00:16<00:06,  3.80it/s, loss=0.040]
  epoch 3/3:  72%|███████▏  | 63/88 [00:17<00:06,  3.80it/s, loss=0.040]
  epoch 3/3:  73%|███████▎  | 64/88 [00:17<00:06,  3.75it/s, loss=0.040]
  epoch 3/3:  73%|███████▎  | 64/88 [00:17<00:06,  3.75it/s, loss=0.039]
  epoch 3/3:  74%|███████▍  | 65/88 [00:17<00:06,  3.79it/s, loss=0.039]
  epoch 3/3:  74%|███████▍  | 65/88 [00:17<00:06,  3.79it/s, loss=0.039]
  epoch 3/3:  75%|███████▌  | 66/88 [00:17<00:05,  3.79it/s, loss=0.039]
  epoch 3/3:  75%|███████▌  | 66/88 [00:18<00:05,  3.79it/s, loss=0.038]
  epoch 3/3:  76%|███████▌  | 67/88 [00:18<00:05,  3.80it/s, loss=0.038]
  epoch 3/3:  76%|███████▌  | 67/88 [00:18<00:05,  3.80it/s, loss=0.037]
  epoch 3/3:  77%|███████▋  | 68/88 [00:18<00:05,  3.80it/s, loss=0.037]
  epoch 3/3:  77%|███████▋  | 68/88 [00:18<00:05,  3.80it/s, loss=0.037]
  epoch 3/3:  78%|███████▊  | 69/88 [00:18<00:04,  3.80it/s, loss=0.037]
  epoch 3/3:  78%|███████▊  | 69/88 [00:18<00:04,  3.80it/s, loss=0.039]
  epoch 3/3:  80%|███████▉  | 70/88 [00:18<00:04,  3.81it/s, loss=0.039]
  epoch 3/3:  80%|███████▉  | 70/88 [00:19<00:04,  3.81it/s, loss=0.040]
  epoch 3/3:  81%|████████  | 71/88 [00:19<00:04,  3.81it/s, loss=0.040]
  epoch 3/3:  81%|████████  | 71/88 [00:19<00:04,  3.81it/s, loss=0.039]
  epoch 3/3:  82%|████████▏ | 72/88 [00:19<00:04,  3.84it/s, loss=0.039]
  epoch 3/3:  82%|████████▏ | 72/88 [00:19<00:04,  3.84it/s, loss=0.039]
  epoch 3/3:  83%|████████▎ | 73/88 [00:19<00:03,  3.84it/s, loss=0.039]
  epoch 3/3:  83%|████████▎ | 73/88 [00:19<00:03,  3.84it/s, loss=0.038]
  epoch 3/3:  84%|████████▍ | 74/88 [00:19<00:03,  3.84it/s, loss=0.038]
  epoch 3/3:  84%|████████▍ | 74/88 [00:20<00:03,  3.84it/s, loss=0.038]
  epoch 3/3:  85%|████████▌ | 75/88 [00:20<00:03,  3.84it/s, loss=0.038]
  epoch 3/3:  85%|████████▌ | 75/88 [00:20<00:03,  3.84it/s, loss=0.037]
  epoch 3/3:  86%|████████▋ | 76/88 [00:20<00:03,  3.83it/s, loss=0.037]
  epoch 3/3:  86%|████████▋ | 76/88 [00:20<00:03,  3.83it/s, loss=0.037]
  epoch 3/3:  88%|████████▊ | 77/88 [00:20<00:02,  3.83it/s, loss=0.037]
  epoch 3/3:  88%|████████▊ | 77/88 [00:20<00:02,  3.83it/s, loss=0.036]
  epoch 3/3:  89%|████████▊ | 78/88 [00:20<00:02,  3.82it/s, loss=0.036]
  epoch 3/3:  89%|████████▊ | 78/88 [00:21<00:02,  3.82it/s, loss=0.036]
  epoch 3/3:  90%|████████▉ | 79/88 [00:21<00:02,  3.82it/s, loss=0.036]
  epoch 3/3:  90%|████████▉ | 79/88 [00:21<00:02,  3.82it/s, loss=0.036]
  epoch 3/3:  91%|█████████ | 80/88 [00:21<00:02,  3.76it/s, loss=0.036]
  epoch 3/3:  91%|█████████ | 80/88 [00:21<00:02,  3.76it/s, loss=0.035]
  epoch 3/3:  92%|█████████▏| 81/88 [00:21<00:01,  3.79it/s, loss=0.035]
  epoch 3/3:  92%|█████████▏| 81/88 [00:21<00:01,  3.79it/s, loss=0.035]
  epoch 3/3:  93%|█████████▎| 82/88 [00:21<00:01,  3.81it/s, loss=0.035]
  epoch 3/3:  93%|█████████▎| 82/88 [00:22<00:01,  3.81it/s, loss=0.034]
  epoch 3/3:  94%|█████████▍| 83/88 [00:22<00:01,  3.81it/s, loss=0.034]
  epoch 3/3:  94%|█████████▍| 83/88 [00:22<00:01,  3.81it/s, loss=0.034]
  epoch 3/3:  95%|█████████▌| 84/88 [00:22<00:01,  3.81it/s, loss=0.034]
  epoch 3/3:  95%|█████████▌| 84/88 [00:22<00:01,  3.81it/s, loss=0.033]
  epoch 3/3:  97%|█████████▋| 85/88 [00:22<00:00,  3.81it/s, loss=0.033]
  epoch 3/3:  97%|█████████▋| 85/88 [00:22<00:00,  3.81it/s, loss=0.033]
  epoch 3/3:  98%|█████████▊| 86/88 [00:22<00:00,  3.80it/s, loss=0.033]
  epoch 3/3:  98%|█████████▊| 86/88 [00:23<00:00,  3.80it/s, loss=0.033]
  epoch 3/3:  99%|█████████▉| 87/88 [00:23<00:00,  3.81it/s, loss=0.033]
  epoch 3/3:  99%|█████████▉| 87/88 [00:23<00:00,  3.81it/s, loss=0.033]
  epoch 3/3: 100%|██████████| 88/88 [00:23<00:00,  4.16it/s, loss=0.033]
                                                                        
[titans] reset=never | norm(state) sau task = 81.1824
[titans]   self-mod v:β=1.00 |W|=11.85
[titans]   eta_t(avg)=-3.7466  alpha_t/forget-gate(avg)=0.9780
[task 0] test acc so far: 0.986
[task 0] NCM-head acc so far: 0.960
[task 1] classes=[4, 15, 21, 26, 31] | train=2800

  epoch 1/3:   0%|          | 0/88 [00:00<?, ?it/s]
  epoch 1/3:   0%|          | 0/88 [00:00<?, ?it/s, loss=1.612]
  epoch 1/3:   1%|          | 1/88 [00:00<00:40,  2.14it/s, loss=1.612]
  epoch 1/3:   1%|          | 1/88 [00:00<00:40,  2.14it/s, loss=1.625]
  epoch 1/3:   2%|▏         | 2/88 [00:00<00:29,  2.90it/s, loss=1.625]
  epoch 1/3:   2%|▏         | 2/88 [00:00<00:29,  2.90it/s, loss=1.639]
  epoch 1/3:   3%|▎         | 3/88 [00:00<00:26,  3.26it/s, loss=1.639]
  epoch 1/3:   3%|▎         | 3/88 [00:01<00:26,  3.26it/s, loss=1.547]
  epoch 1/3:   5%|▍         | 4/88 [00:01<00:24,  3.45it/s, loss=1.547]
  epoch 1/3:   5%|▍         | 4/88 [00:01<00:24,  3.45it/s, loss=1.450]
  epoch 1/3:   6%|▌         | 5/88 [00:01<00:23,  3.56it/s, loss=1.450]
  epoch 1/3:   6%|▌         | 5/88 [00:01<00:23,  3.56it/s, loss=1.365]
  epoch 1/3:   7%|▋         | 6/88 [00:01<00:22,  3.63it/s, loss=1.365]
  epoch 1/3:   7%|▋         | 6/88 [00:02<00:22,  3.63it/s, loss=1.248]
  epoch 1/3:   8%|▊         | 7/88 [00:02<00:21,  3.69it/s, loss=1.248]
  epoch 1/3:   8%|▊         | 7/88 [00:02<00:21,  3.69it/s, loss=1.149]
  epoch 1/3:   9%|▉         | 8/88 [00:02<00:21,  3.72it/s, loss=1.149]
  epoch 1/3:   9%|▉         | 8/88 [00:02<00:21,  3.72it/s, loss=1.067]
  epoch 1/3:  10%|█         | 9/88 [00:02<00:21,  3.74it/s, loss=1.067]
  epoch 1/3:  10%|█         | 9/88 [00:02<00:21,  3.74it/s, loss=1.006]
  epoch 1/3:  11%|█▏        | 10/88 [00:02<00:20,  3.76it/s, loss=1.006]
  epoch 1/3:  11%|█▏        | 10/88 [00:03<00:20,  3.76it/s, loss=0.933]
  epoch 1/3:  12%|█▎        | 11/88 [00:03<00:20,  3.77it/s, loss=0.933]
  epoch 1/3:  12%|█▎        | 11/88 [00:03<00:20,  3.77it/s, loss=0.866]
  epoch 1/3:  14%|█▎        | 12/88 [00:03<00:20,  3.78it/s, loss=0.866]
  epoch 1/3:  14%|█▎        | 12/88 [00:03<00:20,  3.78it/s, loss=0.813]
  epoch 1/3:  15%|█▍        | 13/88 [00:03<00:19,  3.78it/s, loss=0.813]
  epoch 1/3:  15%|█▍        | 13/88 [00:03<00:19,  3.78it/s, loss=0.772]
  epoch 1/3:  16%|█▌        | 14/88 [00:03<00:19,  3.79it/s, loss=0.772]
  epoch 1/3:  16%|█▌        | 14/88 [00:04<00:19,  3.79it/s, loss=0.730]
  epoch 1/3:  17%|█▋        | 15/88 [00:04<00:19,  3.79it/s, loss=0.730]
  epoch 1/3:  17%|█▋        | 15/88 [00:04<00:19,  3.79it/s, loss=0.690]
  epoch 1/3:  18%|█▊        | 16/88 [00:04<00:19,  3.74it/s, loss=0.690]
  epoch 1/3:  18%|█▊        | 16/88 [00:04<00:19,  3.74it/s, loss=0.654]
  epoch 1/3:  19%|█▉        | 17/88 [00:04<00:18,  3.78it/s, loss=0.654]
  epoch 1/3:  19%|█▉        | 17/88 [00:04<00:18,  3.78it/s, loss=0.620]
  epoch 1/3:  20%|██        | 18/88 [00:04<00:18,  3.79it/s, loss=0.620]
  epoch 1/3:  20%|██        | 18/88 [00:05<00:18,  3.79it/s, loss=0.591]
  epoch 1/3:  22%|██▏       | 19/88 [00:05<00:18,  3.81it/s, loss=0.591]
  epoch 1/3:  22%|██▏       | 19/88 [00:05<00:18,  3.81it/s, loss=0.565]
  epoch 1/3:  23%|██▎       | 20/88 [00:05<00:17,  3.81it/s, loss=0.565]
  epoch 1/3:  23%|██▎       | 20/88 [00:05<00:17,  3.81it/s, loss=0.545]
  epoch 1/3:  24%|██▍       | 21/88 [00:05<00:17,  3.81it/s, loss=0.545]
  epoch 1/3:  24%|██▍       | 21/88 [00:05<00:17,  3.81it/s, loss=0.526]
  epoch 1/3:  25%|██▌       | 22/88 [00:05<00:17,  3.80it/s, loss=0.526]
  epoch 1/3:  25%|██▌       | 22/88 [00:06<00:17,  3.80it/s, loss=0.507]
  epoch 1/3:  26%|██▌       | 23/88 [00:06<00:17,  3.80it/s, loss=0.507]
  epoch 1/3:  26%|██▌       | 23/88 [00:06<00:17,  3.80it/s, loss=0.489]
  epoch 1/3:  27%|██▋       | 24/88 [00:06<00:16,  3.79it/s, loss=0.489]
  epoch 1/3:  27%|██▋       | 24/88 [00:06<00:16,  3.79it/s, loss=0.471]
  epoch 1/3:  28%|██▊       | 25/88 [00:06<00:16,  3.79it/s, loss=0.471]
  epoch 1/3:  28%|██▊       | 25/88 [00:07<00:16,  3.79it/s, loss=0.460]
  epoch 1/3:  30%|██▉       | 26/88 [00:07<00:16,  3.80it/s, loss=0.460]
  epoch 1/3:  30%|██▉       | 26/88 [00:07<00:16,  3.80it/s, loss=0.446]
  epoch 1/3:  31%|███       | 27/88 [00:07<00:16,  3.79it/s, loss=0.446]
  epoch 1/3:  31%|███       | 27/88 [00:07<00:16,  3.79it/s, loss=0.437]
  epoch 1/3:  32%|███▏      | 28/88 [00:07<00:15,  3.79it/s, loss=0.437]
  epoch 1/3:  32%|███▏      | 28/88 [00:07<00:15,  3.79it/s, loss=0.423]
  epoch 1/3:  33%|███▎      | 29/88 [00:07<00:15,  3.79it/s, loss=0.423]
  epoch 1/3:  33%|███▎      | 29/88 [00:08<00:15,  3.79it/s, loss=0.411]
  epoch 1/3:  34%|███▍      | 30/88 [00:08<00:15,  3.79it/s, loss=0.411]
  epoch 1/3:  34%|███▍      | 30/88 [00:08<00:15,  3.79it/s, loss=0.402]
  epoch 1/3:  35%|███▌      | 31/88 [00:08<00:15,  3.79it/s, loss=0.402]
  epoch 1/3:  35%|███▌      | 31/88 [00:08<00:15,  3.79it/s, loss=0.394]
  epoch 1/3:  36%|███▋      | 32/88 [00:08<00:14,  3.75it/s, loss=0.394]
  epoch 1/3:  36%|███▋      | 32/88 [00:08<00:14,  3.75it/s, loss=0.382]
  epoch 1/3:  38%|███▊      | 33/88 [00:08<00:14,  3.77it/s, loss=0.382]
  epoch 1/3:  38%|███▊      | 33/88 [00:09<00:14,  3.77it/s, loss=0.374]
  epoch 1/3:  39%|███▊      | 34/88 [00:09<00:14,  3.80it/s, loss=0.374]
  epoch 1/3:  39%|███▊      | 34/88 [00:09<00:14,  3.80it/s, loss=0.365]
  epoch 1/3:  40%|███▉      | 35/88 [00:09<00:13,  3.80it/s, loss=0.365]
  epoch 1/3:  40%|███▉      | 35/88 [00:09<00:13,  3.80it/s, loss=0.357]
  epoch 1/3:  41%|████      | 36/88 [00:09<00:13,  3.80it/s, loss=0.357]
  epoch 1/3:  41%|████      | 36/88 [00:09<00:13,  3.80it/s, loss=0.348]
  epoch 1/3:  42%|████▏     | 37/88 [00:09<00:13,  3.81it/s, loss=0.348]
  epoch 1/3:  42%|████▏     | 37/88 [00:10<00:13,  3.81it/s, loss=0.339]
  epoch 1/3:  43%|████▎     | 38/88 [00:10<00:13,  3.80it/s, loss=0.339]
  epoch 1/3:  43%|████▎     | 38/88 [00:10<00:13,  3.80it/s, loss=0.331]
  epoch 1/3:  44%|████▍     | 39/88 [00:10<00:12,  3.80it/s, loss=0.331]
  epoch 1/3:  44%|████▍     | 39/88 [00:10<00:12,  3.80it/s, loss=0.323]
  epoch 1/3:  45%|████▌     | 40/88 [00:10<00:12,  3.80it/s, loss=0.323]
  epoch 1/3:  45%|████▌     | 40/88 [00:11<00:12,  3.80it/s, loss=0.315]
  epoch 1/3:  47%|████▋     | 41/88 [00:11<00:12,  3.79it/s, loss=0.315]
  epoch 1/3:  47%|████▋     | 41/88 [00:11<00:12,  3.79it/s, loss=0.309]
  epoch 1/3:  48%|████▊     | 42/88 [00:11<00:12,  3.79it/s, loss=0.309]
  epoch 1/3:  48%|████▊     | 42/88 [00:11<00:12,  3.79it/s, loss=0.303]
  epoch 1/3:  49%|████▉     | 43/88 [00:11<00:11,  3.79it/s, loss=0.303]
  epoch 1/3:  49%|████▉     | 43/88 [00:11<00:11,  3.79it/s, loss=0.299]
  epoch 1/3:  50%|█████     | 44/88 [00:11<00:11,  3.79it/s, loss=0.299]
  epoch 1/3:  50%|█████     | 44/88 [00:12<00:11,  3.79it/s, loss=0.294]
  epoch 1/3:  51%|█████     | 45/88 [00:12<00:11,  3.80it/s, loss=0.294]
  epoch 1/3:  51%|█████     | 45/88 [00:12<00:11,  3.80it/s, loss=0.288]
  epoch 1/3:  52%|█████▏    | 46/88 [00:12<00:11,  3.79it/s, loss=0.288]
  epoch 1/3:  52%|█████▏    | 46/88 [00:12<00:11,  3.79it/s, loss=0.282]
  epoch 1/3:  53%|█████▎    | 47/88 [00:12<00:10,  3.80it/s, loss=0.282]
  epoch 1/3:  53%|█████▎    | 47/88 [00:12<00:10,  3.80it/s, loss=0.276]
  epoch 1/3:  55%|█████▍    | 48/88 [00:12<00:10,  3.74it/s, loss=0.276]
  epoch 1/3:  55%|█████▍    | 48/88 [00:13<00:10,  3.74it/s, loss=0.279]
  epoch 1/3:  56%|█████▌    | 49/88 [00:13<00:10,  3.76it/s, loss=0.279]
  epoch 1/3:  56%|█████▌    | 49/88 [00:13<00:10,  3.76it/s, loss=0.274]
  epoch 1/3:  57%|█████▋    | 50/88 [00:13<00:10,  3.76it/s, loss=0.274]
  epoch 1/3:  57%|█████▋    | 50/88 [00:13<00:10,  3.76it/s, loss=0.269]
  epoch 1/3:  58%|█████▊    | 51/88 [00:13<00:09,  3.74it/s, loss=0.269]
  epoch 1/3:  58%|█████▊    | 51/88 [00:13<00:09,  3.74it/s, loss=0.264]
  epoch 1/3:  59%|█████▉    | 52/88 [00:13<00:09,  3.76it/s, loss=0.264]
  epoch 1/3:  59%|█████▉    | 52/88 [00:14<00:09,  3.76it/s, loss=0.260]
  epoch 1/3:  60%|██████    | 53/88 [00:14<00:09,  3.77it/s, loss=0.260]
  epoch 1/3:  60%|██████    | 53/88 [00:14<00:09,  3.77it/s, loss=0.258]
  epoch 1/3:  61%|██████▏   | 54/88 [00:14<00:09,  3.77it/s, loss=0.258]
  epoch 1/3:  61%|██████▏   | 54/88 [00:14<00:09,  3.77it/s, loss=0.261]
  epoch 1/3:  62%|██████▎   | 55/88 [00:14<00:08,  3.78it/s, loss=0.261]
  epoch 1/3:  62%|██████▎   | 55/88 [00:14<00:08,  3.78it/s, loss=0.259]
  epoch 1/3:  64%|██████▎   | 56/88 [00:14<00:08,  3.78it/s, loss=0.259]
  epoch 1/3:  64%|██████▎   | 56/88 [00:15<00:08,  3.78it/s, loss=0.256]
  epoch 1/3:  65%|██████▍   | 57/88 [00:15<00:08,  3.78it/s, loss=0.256]
  epoch 1/3:  65%|██████▍   | 57/88 [00:15<00:08,  3.78it/s, loss=0.252]
  epoch 1/3:  66%|██████▌   | 58/88 [00:15<00:07,  3.78it/s, loss=0.252]
  epoch 1/3:  66%|██████▌   | 58/88 [00:15<00:07,  3.78it/s, loss=0.248]
  epoch 1/3:  67%|██████▋   | 59/88 [00:15<00:07,  3.79it/s, loss=0.248]
  epoch 1/3:  67%|██████▋   | 59/88 [00:16<00:07,  3.79it/s, loss=0.244]
  epoch 1/3:  68%|██████▊   | 60/88 [00:16<00:07,  3.79it/s, loss=0.244]
  epoch 1/3:  68%|██████▊   | 60/88 [00:16<00:07,  3.79it/s, loss=0.240]
  epoch 1/3:  69%|██████▉   | 61/88 [00:16<00:07,  3.79it/s, loss=0.240]
  epoch 1/3:  69%|██████▉   | 61/88 [00:16<00:07,  3.79it/s, loss=0.237]
  epoch 1/3:  70%|███████   | 62/88 [00:16<00:06,  3.79it/s, loss=0.237]
  epoch 1/3:  70%|███████   | 62/88 [00:16<00:06,  3.79it/s, loss=0.235]
  epoch 1/3:  72%|███████▏  | 63/88 [00:16<00:06,  3.80it/s, loss=0.235]
  epoch 1/3:  72%|███████▏  | 63/88 [00:17<00:06,  3.80it/s, loss=0.233]
  epoch 1/3:  73%|███████▎  | 64/88 [00:17<00:06,  3.74it/s, loss=0.233]
  epoch 1/3:  73%|███████▎  | 64/88 [00:17<00:06,  3.74it/s, loss=0.230]
  epoch 1/3:  74%|███████▍  | 65/88 [00:17<00:06,  3.76it/s, loss=0.230]
  epoch 1/3:  74%|███████▍  | 65/88 [00:17<00:06,  3.76it/s, loss=0.229]
  epoch 1/3:  75%|███████▌  | 66/88 [00:17<00:05,  3.75it/s, loss=0.229]
  epoch 1/3:  75%|███████▌  | 66/88 [00:17<00:05,  3.75it/s, loss=0.225]
  epoch 1/3:  76%|███████▌  | 67/88 [00:17<00:05,  3.75it/s, loss=0.225]
  epoch 1/3:  76%|███████▌  | 67/88 [00:18<00:05,  3.75it/s, loss=0.222]
  epoch 1/3:  77%|███████▋  | 68/88 [00:18<00:05,  3.76it/s, loss=0.222]
  epoch 1/3:  77%|███████▋  | 68/88 [00:18<00:05,  3.76it/s, loss=0.219]
  epoch 1/3:  78%|███████▊  | 69/88 [00:18<00:05,  3.77it/s, loss=0.219]
  epoch 1/3:  78%|███████▊  | 69/88 [00:18<00:05,  3.77it/s, loss=0.217]
  epoch 1/3:  80%|███████▉  | 70/88 [00:18<00:04,  3.77it/s, loss=0.217]
  epoch 1/3:  80%|███████▉  | 70/88 [00:18<00:04,  3.77it/s, loss=0.214]
  epoch 1/3:  81%|████████  | 71/88 [00:18<00:04,  3.78it/s, loss=0.214]
  epoch 1/3:  81%|████████  | 71/88 [00:19<00:04,  3.78it/s, loss=0.211]
  epoch 1/3:  82%|████████▏ | 72/88 [00:19<00:04,  3.78it/s, loss=0.211]
  epoch 1/3:  82%|████████▏ | 72/88 [00:19<00:04,  3.78it/s, loss=0.208]
  epoch 1/3:  83%|████████▎ | 73/88 [00:19<00:03,  3.78it/s, loss=0.208]
  epoch 1/3:  83%|████████▎ | 73/88 [00:19<00:03,  3.78it/s, loss=0.207]
  epoch 1/3:  84%|████████▍ | 74/88 [00:19<00:03,  3.79it/s, loss=0.207]
  epoch 1/3:  84%|████████▍ | 74/88 [00:20<00:03,  3.79it/s, loss=0.204]
  epoch 1/3:  85%|████████▌ | 75/88 [00:20<00:03,  3.79it/s, loss=0.204]
  epoch 1/3:  85%|████████▌ | 75/88 [00:20<00:03,  3.79it/s, loss=0.202]
  epoch 1/3:  86%|████████▋ | 76/88 [00:20<00:03,  3.79it/s, loss=0.202]
  epoch 1/3:  86%|████████▋ | 76/88 [00:20<00:03,  3.79it/s, loss=0.200]
  epoch 1/3:  88%|████████▊ | 77/88 [00:20<00:02,  3.79it/s, loss=0.200]
  epoch 1/3:  88%|████████▊ | 77/88 [00:20<00:02,  3.79it/s, loss=0.200]
  epoch 1/3:  89%|████████▊ | 78/88 [00:20<00:02,  3.79it/s, loss=0.200]
  epoch 1/3:  89%|████████▊ | 78/88 [00:21<00:02,  3.79it/s, loss=0.198]
  epoch 1/3:  90%|████████▉ | 79/88 [00:21<00:02,  3.79it/s, loss=0.198]
  epoch 1/3:  90%|████████▉ | 79/88 [00:21<00:02,  3.79it/s, loss=0.196]
  epoch 1/3:  91%|█████████ | 80/88 [00:21<00:02,  3.74it/s, loss=0.196]
  epoch 1/3:  91%|█████████ | 80/88 [00:21<00:02,  3.74it/s, loss=0.193]
  epoch 1/3:  92%|█████████▏| 81/88 [00:21<00:01,  3.77it/s, loss=0.193]
  epoch 1/3:  92%|█████████▏| 81/88 [00:21<00:01,  3.77it/s, loss=0.192]
  epoch 1/3:  93%|█████████▎| 82/88 [00:21<00:01,  3.79it/s, loss=0.192]
  epoch 1/3:  93%|█████████▎| 82/88 [00:22<00:01,  3.79it/s, loss=0.189]
  epoch 1/3:  94%|█████████▍| 83/88 [00:22<00:01,  3.80it/s, loss=0.189]
  epoch 1/3:  94%|█████████▍| 83/88 [00:22<00:01,  3.80it/s, loss=0.187]
  epoch 1/3:  95%|█████████▌| 84/88 [00:22<00:01,  3.80it/s, loss=0.187]
  epoch 1/3:  95%|█████████▌| 84/88 [00:22<00:01,  3.80it/s, loss=0.186]
  epoch 1/3:  97%|█████████▋| 85/88 [00:22<00:00,  3.80it/s, loss=0.186]
  epoch 1/3:  97%|█████████▋| 85/88 [00:22<00:00,  3.80it/s, loss=0.186]
  epoch 1/3:  98%|█████████▊| 86/88 [00:22<00:00,  3.80it/s, loss=0.186]
  epoch 1/3:  98%|█████████▊| 86/88 [00:23<00:00,  3.80it/s, loss=0.184]
  epoch 1/3:  99%|█████████▉| 87/88 [00:23<00:00,  3.80it/s, loss=0.184]
  epoch 1/3:  99%|█████████▉| 87/88 [00:23<00:00,  3.80it/s, loss=0.184]
  epoch 1/3: 100%|██████████| 88/88 [00:23<00:00,  4.16it/s, loss=0.184]
                                                                        

  epoch 2/3:   0%|          | 0/88 [00:00<?, ?it/s]
  epoch 2/3:   0%|          | 0/88 [00:00<?, ?it/s, loss=0.004]
  epoch 2/3:   1%|          | 1/88 [00:00<00:40,  2.17it/s, loss=0.004]
  epoch 2/3:   1%|          | 1/88 [00:00<00:40,  2.17it/s, loss=0.005]
  epoch 2/3:   2%|▏         | 2/88 [00:00<00:29,  2.90it/s, loss=0.005]
  epoch 2/3:   2%|▏         | 2/88 [00:00<00:29,  2.90it/s, loss=0.085]
  epoch 2/3:   3%|▎         | 3/88 [00:00<00:26,  3.26it/s, loss=0.085]
  epoch 2/3:   3%|▎         | 3/88 [00:01<00:26,  3.26it/s, loss=0.064]
  epoch 2/3:   5%|▍         | 4/88 [00:01<00:24,  3.45it/s, loss=0.064]
  epoch 2/3:   5%|▍         | 4/88 [00:01<00:24,  3.45it/s, loss=0.061]
  epoch 2/3:   6%|▌         | 5/88 [00:01<00:23,  3.55it/s, loss=0.061]
  epoch 2/3:   6%|▌         | 5/88 [00:01<00:23,  3.55it/s, loss=0.053]
  epoch 2/3:   7%|▋         | 6/88 [00:01<00:22,  3.64it/s, loss=0.053]
  epoch 2/3:   7%|▋         | 6/88 [00:02<00:22,  3.64it/s, loss=0.046]
  epoch 2/3:   8%|▊         | 7/88 [00:02<00:21,  3.69it/s, loss=0.046]
  epoch 2/3:   8%|▊         | 7/88 [00:02<00:21,  3.69it/s, loss=0.040]
  epoch 2/3:   9%|▉         | 8/88 [00:02<00:21,  3.67it/s, loss=0.040]
  epoch 2/3:   9%|▉         | 8/88 [00:02<00:21,  3.67it/s, loss=0.039]
  epoch 2/3:  10%|█         | 9/88 [00:02<00:21,  3.70it/s, loss=0.039]
  epoch 2/3:  10%|█         | 9/88 [00:02<00:21,  3.70it/s, loss=0.035]
  epoch 2/3:  11%|█▏        | 10/88 [00:02<00:20,  3.72it/s, loss=0.035]
  epoch 2/3:  11%|█▏        | 10/88 [00:03<00:20,  3.72it/s, loss=0.044]
  epoch 2/3:  12%|█▎        | 11/88 [00:03<00:20,  3.74it/s, loss=0.044]
  epoch 2/3:  12%|█▎        | 11/88 [00:03<00:20,  3.74it/s, loss=0.055]
  epoch 2/3:  14%|█▎        | 12/88 [00:03<00:20,  3.76it/s, loss=0.055]
  epoch 2/3:  14%|█▎        | 12/88 [00:03<00:20,  3.76it/s, loss=0.051]
  epoch 2/3:  15%|█▍        | 13/88 [00:03<00:19,  3.76it/s, loss=0.051]
  epoch 2/3:  15%|█▍        | 13/88 [00:03<00:19,  3.76it/s, loss=0.047]
  epoch 2/3:  16%|█▌        | 14/88 [00:03<00:19,  3.77it/s, loss=0.047]
  epoch 2/3:  16%|█▌        | 14/88 [00:04<00:19,  3.77it/s, loss=0.045]
  epoch 2/3:  17%|█▋        | 15/88 [00:04<00:19,  3.77it/s, loss=0.045]
  epoch 2/3:  17%|█▋        | 15/88 [00:04<00:19,  3.77it/s, loss=0.044]
  epoch 2/3:  18%|█▊        | 16/88 [00:04<00:19,  3.78it/s, loss=0.044]
  epoch 2/3:  18%|█▊        | 16/88 [00:04<00:19,  3.78it/s, loss=0.041]
  epoch 2/3:  19%|█▉        | 17/88 [00:04<00:18,  3.79it/s, loss=0.041]
  epoch 2/3:  19%|█▉        | 17/88 [00:04<00:18,  3.79it/s, loss=0.045]
  epoch 2/3:  20%|██        | 18/88 [00:04<00:18,  3.79it/s, loss=0.045]
  epoch 2/3:  20%|██        | 18/88 [00:05<00:18,  3.79it/s, loss=0.042]
  epoch 2/3:  22%|██▏       | 19/88 [00:05<00:18,  3.79it/s, loss=0.042]
  epoch 2/3:  22%|██▏       | 19/88 [00:05<00:18,  3.79it/s, loss=0.040]
  epoch 2/3:  23%|██▎       | 20/88 [00:05<00:17,  3.80it/s, loss=0.040]
  epoch 2/3:  23%|██▎       | 20/88 [00:05<00:17,  3.80it/s, loss=0.043]
  epoch 2/3:  24%|██▍       | 21/88 [00:05<00:17,  3.79it/s, loss=0.043]
  epoch 2/3:  24%|██▍       | 21/88 [00:06<00:17,  3.79it/s, loss=0.041]
  epoch 2/3:  25%|██▌       | 22/88 [00:06<00:17,  3.79it/s, loss=0.041]
  epoch 2/3:  25%|██▌       | 22/88 [00:06<00:17,  3.79it/s, loss=0.039]
  epoch 2/3:  26%|██▌       | 23/88 [00:06<00:17,  3.79it/s, loss=0.039]
  epoch 2/3:  26%|██▌       | 23/88 [00:06<00:17,  3.79it/s, loss=0.038]
  epoch 2/3:  27%|██▋       | 24/88 [00:06<00:17,  3.74it/s, loss=0.038]
  epoch 2/3:  27%|██▋       | 24/88 [00:06<00:17,  3.74it/s, loss=0.043]
  epoch 2/3:  28%|██▊       | 25/88 [00:06<00:16,  3.77it/s, loss=0.043]
  epoch 2/3:  28%|██▊       | 25/88 [00:07<00:16,  3.77it/s, loss=0.041]
  epoch 2/3:  30%|██▉       | 26/88 [00:07<00:16,  3.78it/s, loss=0.041]
  epoch 2/3:  30%|██▉       | 26/88 [00:07<00:16,  3.78it/s, loss=0.043]
  epoch 2/3:  31%|███       | 27/88 [00:07<00:16,  3.78it/s, loss=0.043]
  epoch 2/3:  31%|███       | 27/88 [00:07<00:16,  3.78it/s, loss=0.047]
  epoch 2/3:  32%|███▏      | 28/88 [00:07<00:15,  3.77it/s, loss=0.047]
  epoch 2/3:  32%|███▏      | 28/88 [00:07<00:15,  3.77it/s, loss=0.054]
  epoch 2/3:  33%|███▎      | 29/88 [00:07<00:15,  3.76it/s, loss=0.054]
  epoch 2/3:  33%|███▎      | 29/88 [00:08<00:15,  3.76it/s, loss=0.052]
  epoch 2/3:  34%|███▍      | 30/88 [00:08<00:15,  3.75it/s, loss=0.052]
  epoch 2/3:  34%|███▍      | 30/88 [00:08<00:15,  3.75it/s, loss=0.051]
  epoch 2/3:  35%|███▌      | 31/88 [00:08<00:15,  3.76it/s, loss=0.051]
  epoch 2/3:  35%|███▌      | 31/88 [00:08<00:15,  3.76it/s, loss=0.049]
  epoch 2/3:  36%|███▋      | 32/88 [00:08<00:14,  3.78it/s, loss=0.049]
  epoch 2/3:  36%|███▋      | 32/88 [00:08<00:14,  3.78it/s, loss=0.048]
  epoch 2/3:  38%|███▊      | 33/88 [00:08<00:14,  3.78it/s, loss=0.048]
  epoch 2/3:  38%|███▊      | 33/88 [00:09<00:14,  3.78it/s, loss=0.046]
  epoch 2/3:  39%|███▊      | 34/88 [00:09<00:14,  3.79it/s, loss=0.046]
  epoch 2/3:  39%|███▊      | 34/88 [00:09<00:14,  3.79it/s, loss=0.045]
  epoch 2/3:  40%|███▉      | 35/88 [00:09<00:13,  3.79it/s, loss=0.045]
  epoch 2/3:  40%|███▉      | 35/88 [00:09<00:13,  3.79it/s, loss=0.044]
  epoch 2/3:  41%|████      | 36/88 [00:09<00:13,  3.79it/s, loss=0.044]
  epoch 2/3:  41%|████      | 36/88 [00:09<00:13,  3.79it/s, loss=0.043]
  epoch 2/3:  42%|████▏     | 37/88 [00:09<00:13,  3.80it/s, loss=0.043]
  epoch 2/3:  42%|████▏     | 37/88 [00:10<00:13,  3.80it/s, loss=0.042]
  epoch 2/3:  43%|████▎     | 38/88 [00:10<00:13,  3.80it/s, loss=0.042]
  epoch 2/3:  43%|████▎     | 38/88 [00:10<00:13,  3.80it/s, loss=0.042]
  epoch 2/3:  44%|████▍     | 39/88 [00:10<00:12,  3.80it/s, loss=0.042]
  epoch 2/3:  44%|████▍     | 39/88 [00:10<00:12,  3.80it/s, loss=0.043]
  epoch 2/3:  45%|████▌     | 40/88 [00:10<00:12,  3.74it/s, loss=0.043]
  epoch 2/3:  45%|████▌     | 40/88 [00:11<00:12,  3.74it/s, loss=0.045]
  epoch 2/3:  47%|████▋     | 41/88 [00:11<00:12,  3.77it/s, loss=0.045]
  epoch 2/3:  47%|████▋     | 41/88 [00:11<00:12,  3.77it/s, loss=0.045]
  epoch 2/3:  48%|████▊     | 42/88 [00:11<00:12,  3.77it/s, loss=0.045]
  epoch 2/3:  48%|████▊     | 42/88 [00:11<00:12,  3.77it/s, loss=0.044]
  epoch 2/3:  49%|████▉     | 43/88 [00:11<00:11,  3.75it/s, loss=0.044]
  epoch 2/3:  49%|████▉     | 43/88 [00:11<00:11,  3.75it/s, loss=0.043]
  epoch 2/3:  50%|█████     | 44/88 [00:11<00:11,  3.76it/s, loss=0.043]
  epoch 2/3:  50%|█████     | 44/88 [00:12<00:11,  3.76it/s, loss=0.042]
  epoch 2/3:  51%|█████     | 45/88 [00:12<00:11,  3.77it/s, loss=0.042]
  epoch 2/3:  51%|█████     | 45/88 [00:12<00:11,  3.77it/s, loss=0.041]
  epoch 2/3:  52%|█████▏    | 46/88 [00:12<00:11,  3.78it/s, loss=0.041]
  epoch 2/3:  52%|█████▏    | 46/88 [00:12<00:11,  3.78it/s, loss=0.040]
  epoch 2/3:  53%|█████▎    | 47/88 [00:12<00:10,  3.78it/s, loss=0.040]
  epoch 2/3:  53%|█████▎    | 47/88 [00:12<00:10,  3.78it/s, loss=0.039]
  epoch 2/3:  55%|█████▍    | 48/88 [00:12<00:10,  3.79it/s, loss=0.039]
  epoch 2/3:  55%|█████▍    | 48/88 [00:13<00:10,  3.79it/s, loss=0.041]
  epoch 2/3:  56%|█████▌    | 49/88 [00:13<00:10,  3.79it/s, loss=0.041]
  epoch 2/3:  56%|█████▌    | 49/88 [00:13<00:10,  3.79it/s, loss=0.041]
  epoch 2/3:  57%|█████▋    | 50/88 [00:13<00:10,  3.79it/s, loss=0.041]
  epoch 2/3:  57%|█████▋    | 50/88 [00:13<00:10,  3.79it/s, loss=0.040]
  epoch 2/3:  58%|█████▊    | 51/88 [00:13<00:09,  3.79it/s, loss=0.040]
  epoch 2/3:  58%|█████▊    | 51/88 [00:13<00:09,  3.79it/s, loss=0.039]
  epoch 2/3:  59%|█████▉    | 52/88 [00:13<00:09,  3.80it/s, loss=0.039]
  epoch 2/3:  59%|█████▉    | 52/88 [00:14<00:09,  3.80it/s, loss=0.038]
  epoch 2/3:  60%|██████    | 53/88 [00:14<00:09,  3.80it/s, loss=0.038]
  epoch 2/3:  60%|██████    | 53/88 [00:14<00:09,  3.80it/s, loss=0.039]
  epoch 2/3:  61%|██████▏   | 54/88 [00:14<00:08,  3.80it/s, loss=0.039]
  epoch 2/3:  61%|██████▏   | 54/88 [00:14<00:08,  3.80it/s, loss=0.040]
  epoch 2/3:  62%|██████▎   | 55/88 [00:14<00:08,  3.80it/s, loss=0.040]
  epoch 2/3:  62%|██████▎   | 55/88 [00:15<00:08,  3.80it/s, loss=0.041]
  epoch 2/3:  64%|██████▎   | 56/88 [00:15<00:08,  3.74it/s, loss=0.041]
  epoch 2/3:  64%|██████▎   | 56/88 [00:15<00:08,  3.74it/s, loss=0.044]
  epoch 2/3:  65%|██████▍   | 57/88 [00:15<00:08,  3.76it/s, loss=0.044]
  epoch 2/3:  65%|██████▍   | 57/88 [00:15<00:08,  3.76it/s, loss=0.043]
  epoch 2/3:  66%|██████▌   | 58/88 [00:15<00:08,  3.74it/s, loss=0.043]
  epoch 2/3:  66%|██████▌   | 58/88 [00:15<00:08,  3.74it/s, loss=0.044]
  epoch 2/3:  67%|██████▋   | 59/88 [00:15<00:07,  3.75it/s, loss=0.044]
  epoch 2/3:  67%|██████▋   | 59/88 [00:16<00:07,  3.75it/s, loss=0.044]
  epoch 2/3:  68%|██████▊   | 60/88 [00:16<00:07,  3.77it/s, loss=0.044]
  epoch 2/3:  68%|██████▊   | 60/88 [00:16<00:07,  3.77it/s, loss=0.043]
  epoch 2/3:  69%|██████▉   | 61/88 [00:16<00:07,  3.77it/s, loss=0.043]
  epoch 2/3:  69%|██████▉   | 61/88 [00:16<00:07,  3.77it/s, loss=0.042]
  epoch 2/3:  70%|███████   | 62/88 [00:16<00:06,  3.78it/s, loss=0.042]
  epoch 2/3:  70%|███████   | 62/88 [00:16<00:06,  3.78it/s, loss=0.046]
  epoch 2/3:  72%|███████▏  | 63/88 [00:16<00:06,  3.79it/s, loss=0.046]
  epoch 2/3:  72%|███████▏  | 63/88 [00:17<00:06,  3.79it/s, loss=0.045]
  epoch 2/3:  73%|███████▎  | 64/88 [00:17<00:06,  3.78it/s, loss=0.045]
  epoch 2/3:  73%|███████▎  | 64/88 [00:17<00:06,  3.78it/s, loss=0.047]
  epoch 2/3:  74%|███████▍  | 65/88 [00:17<00:06,  3.79it/s, loss=0.047]
  epoch 2/3:  74%|███████▍  | 65/88 [00:17<00:06,  3.79it/s, loss=0.048]
  epoch 2/3:  75%|███████▌  | 66/88 [00:17<00:05,  3.78it/s, loss=0.048]
  epoch 2/3:  75%|███████▌  | 66/88 [00:17<00:05,  3.78it/s, loss=0.047]
  epoch 2/3:  76%|███████▌  | 67/88 [00:17<00:05,  3.76it/s, loss=0.047]
  epoch 2/3:  76%|███████▌  | 67/88 [00:18<00:05,  3.76it/s, loss=0.046]
  epoch 2/3:  77%|███████▋  | 68/88 [00:18<00:05,  3.74it/s, loss=0.046]
  epoch 2/3:  77%|███████▋  | 68/88 [00:18<00:05,  3.74it/s, loss=0.046]
  epoch 2/3:  78%|███████▊  | 69/88 [00:18<00:05,  3.75it/s, loss=0.046]
  epoch 2/3:  78%|███████▊  | 69/88 [00:18<00:05,  3.75it/s, loss=0.047]
  epoch 2/3:  80%|███████▉  | 70/88 [00:18<00:04,  3.77it/s, loss=0.047]
  epoch 2/3:  80%|███████▉  | 70/88 [00:19<00:04,  3.77it/s, loss=0.046]
  epoch 2/3:  81%|████████  | 71/88 [00:19<00:04,  3.77it/s, loss=0.046]
  epoch 2/3:  81%|████████  | 71/88 [00:19<00:04,  3.77it/s, loss=0.045]
  epoch 2/3:  82%|████████▏ | 72/88 [00:19<00:04,  3.72it/s, loss=0.045]
  epoch 2/3:  82%|████████▏ | 72/88 [00:19<00:04,  3.72it/s, loss=0.050]
  epoch 2/3:  83%|████████▎ | 73/88 [00:19<00:04,  3.72it/s, loss=0.050]
  epoch 2/3:  83%|████████▎ | 73/88 [00:19<00:04,  3.72it/s, loss=0.052]
  epoch 2/3:  84%|████████▍ | 74/88 [00:19<00:03,  3.74it/s, loss=0.052]
  epoch 2/3:  84%|████████▍ | 74/88 [00:20<00:03,  3.74it/s, loss=0.051]
  epoch 2/3:  85%|████████▌ | 75/88 [00:20<00:03,  3.76it/s, loss=0.051]
  epoch 2/3:  85%|████████▌ | 75/88 [00:20<00:03,  3.76it/s, loss=0.050]
  epoch 2/3:  86%|████████▋ | 76/88 [00:20<00:03,  3.76it/s, loss=0.050]
  epoch 2/3:  86%|████████▋ | 76/88 [00:20<00:03,  3.76it/s, loss=0.051]
  epoch 2/3:  88%|████████▊ | 77/88 [00:20<00:02,  3.75it/s, loss=0.051]
  epoch 2/3:  88%|████████▊ | 77/88 [00:20<00:02,  3.75it/s, loss=0.051]
  epoch 2/3:  89%|████████▊ | 78/88 [00:20<00:02,  3.75it/s, loss=0.051]
  epoch 2/3:  89%|████████▊ | 78/88 [00:21<00:02,  3.75it/s, loss=0.050]
  epoch 2/3:  90%|████████▉ | 79/88 [00:21<00:02,  3.73it/s, loss=0.050]
  epoch 2/3:  90%|████████▉ | 79/88 [00:21<00:02,  3.73it/s, loss=0.049]
  epoch 2/3:  91%|█████████ | 80/88 [00:21<00:02,  3.75it/s, loss=0.049]
  epoch 2/3:  91%|█████████ | 80/88 [00:21<00:02,  3.75it/s, loss=0.049]
  epoch 2/3:  92%|█████████▏| 81/88 [00:21<00:01,  3.76it/s, loss=0.049]
  epoch 2/3:  92%|█████████▏| 81/88 [00:21<00:01,  3.76it/s, loss=0.054]
  epoch 2/3:  93%|█████████▎| 82/88 [00:21<00:01,  3.77it/s, loss=0.054]
  epoch 2/3:  93%|█████████▎| 82/88 [00:22<00:01,  3.77it/s, loss=0.053]
  epoch 2/3:  94%|█████████▍| 83/88 [00:22<00:01,  3.76it/s, loss=0.053]
  epoch 2/3:  94%|█████████▍| 83/88 [00:22<00:01,  3.76it/s, loss=0.052]
  epoch 2/3:  95%|█████████▌| 84/88 [00:22<00:01,  3.77it/s, loss=0.052]
  epoch 2/3:  95%|█████████▌| 84/88 [00:22<00:01,  3.77it/s, loss=0.052]
  epoch 2/3:  97%|█████████▋| 85/88 [00:22<00:00,  3.78it/s, loss=0.052]
  epoch 2/3:  97%|█████████▋| 85/88 [00:22<00:00,  3.78it/s, loss=0.055]
  epoch 2/3:  98%|█████████▊| 86/88 [00:22<00:00,  3.79it/s, loss=0.055]
  epoch 2/3:  98%|█████████▊| 86/88 [00:23<00:00,  3.79it/s, loss=0.054]
  epoch 2/3:  99%|█████████▉| 87/88 [00:23<00:00,  3.79it/s, loss=0.054]
  epoch 2/3:  99%|█████████▉| 87/88 [00:23<00:00,  3.79it/s, loss=0.054]
  epoch 2/3: 100%|██████████| 88/88 [00:23<00:00,  4.08it/s, loss=0.054]
                                                                        

  epoch 3/3:   0%|          | 0/88 [00:00<?, ?it/s]
  epoch 3/3:   0%|          | 0/88 [00:00<?, ?it/s, loss=0.017]
  epoch 3/3:   1%|          | 1/88 [00:00<00:40,  2.12it/s, loss=0.017]
  epoch 3/3:   1%|          | 1/88 [00:00<00:40,  2.12it/s, loss=0.009]
  epoch 3/3:   2%|▏         | 2/88 [00:00<00:30,  2.84it/s, loss=0.009]
  epoch 3/3:   2%|▏         | 2/88 [00:01<00:30,  2.84it/s, loss=0.006]
  epoch 3/3:   3%|▎         | 3/88 [00:01<00:26,  3.21it/s, loss=0.006]
  epoch 3/3:   3%|▎         | 3/88 [00:01<00:26,  3.21it/s, loss=0.004]
  epoch 3/3:   5%|▍         | 4/88 [00:01<00:24,  3.41it/s, loss=0.004]
  epoch 3/3:   5%|▍         | 4/88 [00:01<00:24,  3.41it/s, loss=0.007]
  epoch 3/3:   6%|▌         | 5/88 [00:01<00:23,  3.54it/s, loss=0.007]
  epoch 3/3:   6%|▌         | 5/88 [00:01<00:23,  3.54it/s, loss=0.006]
  epoch 3/3:   7%|▋         | 6/88 [00:01<00:22,  3.61it/s, loss=0.006]
  epoch 3/3:   7%|▋         | 6/88 [00:02<00:22,  3.61it/s, loss=0.005]
  epoch 3/3:   8%|▊         | 7/88 [00:02<00:22,  3.66it/s, loss=0.005]
  epoch 3/3:   8%|▊         | 7/88 [00:02<00:22,  3.66it/s, loss=0.009]
  epoch 3/3:   9%|▉         | 8/88 [00:02<00:21,  3.69it/s, loss=0.009]
  epoch 3/3:   9%|▉         | 8/88 [00:02<00:21,  3.69it/s, loss=0.008]
  epoch 3/3:  10%|█         | 9/88 [00:02<00:21,  3.71it/s, loss=0.008]
  epoch 3/3:  10%|█         | 9/88 [00:02<00:21,  3.71it/s, loss=0.007]
  epoch 3/3:  11%|█▏        | 10/88 [00:02<00:21,  3.70it/s, loss=0.007]
  epoch 3/3:  11%|█▏        | 10/88 [00:03<00:21,  3.70it/s, loss=0.006]
  epoch 3/3:  12%|█▎        | 11/88 [00:03<00:20,  3.73it/s, loss=0.006]
  epoch 3/3:  12%|█▎        | 11/88 [00:03<00:20,  3.73it/s, loss=0.029]
  epoch 3/3:  14%|█▎        | 12/88 [00:03<00:20,  3.74it/s, loss=0.029]
  epoch 3/3:  14%|█▎        | 12/88 [00:03<00:20,  3.74it/s, loss=0.027]
  epoch 3/3:  15%|█▍        | 13/88 [00:03<00:19,  3.75it/s, loss=0.027]
  epoch 3/3:  15%|█▍        | 13/88 [00:03<00:19,  3.75it/s, loss=0.025]
  epoch 3/3:  16%|█▌        | 14/88 [00:03<00:19,  3.76it/s, loss=0.025]
  epoch 3/3:  16%|█▌        | 14/88 [00:04<00:19,  3.76it/s, loss=0.023]
  epoch 3/3:  17%|█▋        | 15/88 [00:04<00:19,  3.76it/s, loss=0.023]
  epoch 3/3:  17%|█▋        | 15/88 [00:04<00:19,  3.76it/s, loss=0.053]
  epoch 3/3:  18%|█▊        | 16/88 [00:04<00:19,  3.68it/s, loss=0.053]
  epoch 3/3:  18%|█▊        | 16/88 [00:04<00:19,  3.68it/s, loss=0.057]
  epoch 3/3:  19%|█▉        | 17/88 [00:04<00:19,  3.71it/s, loss=0.057]
  epoch 3/3:  19%|█▉        | 17/88 [00:05<00:19,  3.71it/s, loss=0.064]
  epoch 3/3:  20%|██        | 18/88 [00:05<00:18,  3.71it/s, loss=0.064]
  epoch 3/3:  20%|██        | 18/88 [00:05<00:18,  3.71it/s, loss=0.070]
  epoch 3/3:  22%|██▏       | 19/88 [00:05<00:18,  3.73it/s, loss=0.070]
  epoch 3/3:  22%|██▏       | 19/88 [00:05<00:18,  3.73it/s, loss=0.067]
  epoch 3/3:  23%|██▎       | 20/88 [00:05<00:18,  3.75it/s, loss=0.067]
  epoch 3/3:  23%|██▎       | 20/88 [00:05<00:18,  3.75it/s, loss=0.064]
  epoch 3/3:  24%|██▍       | 21/88 [00:05<00:17,  3.76it/s, loss=0.064]
  epoch 3/3:  24%|██▍       | 21/88 [00:06<00:17,  3.76it/s, loss=0.061]
  epoch 3/3:  25%|██▌       | 22/88 [00:06<00:17,  3.77it/s, loss=0.061]
  epoch 3/3:  25%|██▌       | 22/88 [00:06<00:17,  3.77it/s, loss=0.059]
  epoch 3/3:  26%|██▌       | 23/88 [00:06<00:17,  3.75it/s, loss=0.059]
  epoch 3/3:  26%|██▌       | 23/88 [00:06<00:17,  3.75it/s, loss=0.057]
  epoch 3/3:  27%|██▋       | 24/88 [00:06<00:17,  3.75it/s, loss=0.057]
  epoch 3/3:  27%|██▋       | 24/88 [00:06<00:17,  3.75it/s, loss=0.055]
  epoch 3/3:  28%|██▊       | 25/88 [00:06<00:16,  3.73it/s, loss=0.055]
  epoch 3/3:  28%|██▊       | 25/88 [00:07<00:16,  3.73it/s, loss=0.052]
  epoch 3/3:  30%|██▉       | 26/88 [00:07<00:16,  3.75it/s, loss=0.052]
  epoch 3/3:  30%|██▉       | 26/88 [00:07<00:16,  3.75it/s, loss=0.051]
  epoch 3/3:  31%|███       | 27/88 [00:07<00:16,  3.76it/s, loss=0.051]
  epoch 3/3:  31%|███       | 27/88 [00:07<00:16,  3.76it/s, loss=0.049]
  epoch 3/3:  32%|███▏      | 28/88 [00:07<00:15,  3.76it/s, loss=0.049]
  epoch 3/3:  32%|███▏      | 28/88 [00:07<00:15,  3.76it/s, loss=0.047]
  epoch 3/3:  33%|███▎      | 29/88 [00:07<00:15,  3.77it/s, loss=0.047]
  epoch 3/3:  33%|███▎      | 29/88 [00:08<00:15,  3.77it/s, loss=0.046]
  epoch 3/3:  34%|███▍      | 30/88 [00:08<00:15,  3.77it/s, loss=0.046]
  epoch 3/3:  34%|███▍      | 30/88 [00:08<00:15,  3.77it/s, loss=0.051]
  epoch 3/3:  35%|███▌      | 31/88 [00:08<00:15,  3.77it/s, loss=0.051]
  epoch 3/3:  35%|███▌      | 31/88 [00:08<00:15,  3.77it/s, loss=0.049]
  epoch 3/3:  36%|███▋      | 32/88 [00:08<00:15,  3.71it/s, loss=0.049]
  epoch 3/3:  36%|███▋      | 32/88 [00:09<00:15,  3.71it/s, loss=0.048]
  epoch 3/3:  38%|███▊      | 33/88 [00:09<00:14,  3.74it/s, loss=0.048]
  epoch 3/3:  38%|███▊      | 33/88 [00:09<00:14,  3.74it/s, loss=0.046]
  epoch 3/3:  39%|███▊      | 34/88 [00:09<00:14,  3.76it/s, loss=0.046]
  epoch 3/3:  39%|███▊      | 34/88 [00:09<00:14,  3.76it/s, loss=0.045]
  epoch 3/3:  40%|███▉      | 35/88 [00:09<00:14,  3.77it/s, loss=0.045]
  epoch 3/3:  40%|███▉      | 35/88 [00:09<00:14,  3.77it/s, loss=0.046]
  epoch 3/3:  41%|████      | 36/88 [00:09<00:13,  3.77it/s, loss=0.046]
  epoch 3/3:  41%|████      | 36/88 [00:10<00:13,  3.77it/s, loss=0.050]
  epoch 3/3:  42%|████▏     | 37/88 [00:10<00:13,  3.77it/s, loss=0.050]
  epoch 3/3:  42%|████▏     | 37/88 [00:10<00:13,  3.77it/s, loss=0.049]
  epoch 3/3:  43%|████▎     | 38/88 [00:10<00:13,  3.78it/s, loss=0.049]
  epoch 3/3:  43%|████▎     | 38/88 [00:10<00:13,  3.78it/s, loss=0.048]
  epoch 3/3:  44%|████▍     | 39/88 [00:10<00:12,  3.78it/s, loss=0.048]
  epoch 3/3:  44%|████▍     | 39/88 [00:10<00:12,  3.78it/s, loss=0.047]
  epoch 3/3:  45%|████▌     | 40/88 [00:10<00:12,  3.76it/s, loss=0.047]
  epoch 3/3:  45%|████▌     | 40/88 [00:11<00:12,  3.76it/s, loss=0.045]
  epoch 3/3:  47%|████▋     | 41/88 [00:11<00:12,  3.74it/s, loss=0.045]
  epoch 3/3:  47%|████▋     | 41/88 [00:11<00:12,  3.74it/s, loss=0.044]
  epoch 3/3:  48%|████▊     | 42/88 [00:11<00:12,  3.75it/s, loss=0.044]
  epoch 3/3:  48%|████▊     | 42/88 [00:11<00:12,  3.75it/s, loss=0.043]
  epoch 3/3:  49%|████▉     | 43/88 [00:11<00:11,  3.76it/s, loss=0.043]
  epoch 3/3:  49%|████▉     | 43/88 [00:11<00:11,  3.76it/s, loss=0.043]
  epoch 3/3:  50%|█████     | 44/88 [00:11<00:11,  3.77it/s, loss=0.043]
  epoch 3/3:  50%|█████     | 44/88 [00:12<00:11,  3.77it/s, loss=0.042]
  epoch 3/3:  51%|█████     | 45/88 [00:12<00:11,  3.78it/s, loss=0.042]
  epoch 3/3:  51%|█████     | 45/88 [00:12<00:11,  3.78it/s, loss=0.045]
  epoch 3/3:  52%|█████▏    | 46/88 [00:12<00:11,  3.78it/s, loss=0.045]
  epoch 3/3:  52%|█████▏    | 46/88 [00:12<00:11,  3.78it/s, loss=0.044]
  epoch 3/3:  53%|█████▎    | 47/88 [00:12<00:10,  3.78it/s, loss=0.044]
  epoch 3/3:  53%|█████▎    | 47/88 [00:12<00:10,  3.78it/s, loss=0.046]
  epoch 3/3:  55%|█████▍    | 48/88 [00:12<00:10,  3.71it/s, loss=0.046]
  epoch 3/3:  55%|█████▍    | 48/88 [00:13<00:10,  3.71it/s, loss=0.045]
  epoch 3/3:  56%|█████▌    | 49/88 [00:13<00:10,  3.73it/s, loss=0.045]
  epoch 3/3:  56%|█████▌    | 49/88 [00:13<00:10,  3.73it/s, loss=0.044]
  epoch 3/3:  57%|█████▋    | 50/88 [00:13<00:10,  3.75it/s, loss=0.044]
  epoch 3/3:  57%|█████▋    | 50/88 [00:13<00:10,  3.75it/s, loss=0.044]
  epoch 3/3:  58%|█████▊    | 51/88 [00:13<00:09,  3.77it/s, loss=0.044]
  epoch 3/3:  58%|█████▊    | 51/88 [00:14<00:09,  3.77it/s, loss=0.043]
  epoch 3/3:  59%|█████▉    | 52/88 [00:14<00:09,  3.78it/s, loss=0.043]
  epoch 3/3:  59%|█████▉    | 52/88 [00:14<00:09,  3.78it/s, loss=0.042]
  epoch 3/3:  60%|██████    | 53/88 [00:14<00:09,  3.78it/s, loss=0.042]
  epoch 3/3:  60%|██████    | 53/88 [00:14<00:09,  3.78it/s, loss=0.043]
  epoch 3/3:  61%|██████▏   | 54/88 [00:14<00:08,  3.79it/s, loss=0.043]
  epoch 3/3:  61%|██████▏   | 54/88 [00:14<00:08,  3.79it/s, loss=0.049]
  epoch 3/3:  62%|██████▎   | 55/88 [00:14<00:08,  3.79it/s, loss=0.049]
  epoch 3/3:  62%|██████▎   | 55/88 [00:15<00:08,  3.79it/s, loss=0.048]
  epoch 3/3:  64%|██████▎   | 56/88 [00:15<00:08,  3.79it/s, loss=0.048]
  epoch 3/3:  64%|██████▎   | 56/88 [00:15<00:08,  3.79it/s, loss=0.049]
  epoch 3/3:  65%|██████▍   | 57/88 [00:15<00:08,  3.78it/s, loss=0.049]
  epoch 3/3:  65%|██████▍   | 57/88 [00:15<00:08,  3.78it/s, loss=0.048]
  epoch 3/3:  66%|██████▌   | 58/88 [00:15<00:07,  3.79it/s, loss=0.048]
  epoch 3/3:  66%|██████▌   | 58/88 [00:15<00:07,  3.79it/s, loss=0.048]
  epoch 3/3:  67%|██████▋   | 59/88 [00:15<00:07,  3.78it/s, loss=0.048]
  epoch 3/3:  67%|██████▋   | 59/88 [00:16<00:07,  3.78it/s, loss=0.047]
  epoch 3/3:  68%|██████▊   | 60/88 [00:16<00:07,  3.77it/s, loss=0.047]
  epoch 3/3:  68%|██████▊   | 60/88 [00:16<00:07,  3.77it/s, loss=0.046]
  epoch 3/3:  69%|██████▉   | 61/88 [00:16<00:07,  3.79it/s, loss=0.046]
  epoch 3/3:  69%|██████▉   | 61/88 [00:16<00:07,  3.79it/s, loss=0.050]
  epoch 3/3:  70%|███████   | 62/88 [00:16<00:06,  3.79it/s, loss=0.050]
  epoch 3/3:  70%|███████   | 62/88 [00:16<00:06,  3.79it/s, loss=0.055]
  epoch 3/3:  72%|███████▏  | 63/88 [00:16<00:06,  3.79it/s, loss=0.055]
  epoch 3/3:  72%|███████▏  | 63/88 [00:17<00:06,  3.79it/s, loss=0.054]
  epoch 3/3:  73%|███████▎  | 64/88 [00:17<00:06,  3.73it/s, loss=0.054]
  epoch 3/3:  73%|███████▎  | 64/88 [00:17<00:06,  3.73it/s, loss=0.057]
  epoch 3/3:  74%|███████▍  | 65/88 [00:17<00:06,  3.76it/s, loss=0.057]
  epoch 3/3:  74%|███████▍  | 65/88 [00:17<00:06,  3.76it/s, loss=0.063]
  epoch 3/3:  75%|███████▌  | 66/88 [00:17<00:05,  3.77it/s, loss=0.063]
  epoch 3/3:  75%|███████▌  | 66/88 [00:18<00:05,  3.77it/s, loss=0.064]
  epoch 3/3:  76%|███████▌  | 67/88 [00:18<00:05,  3.78it/s, loss=0.064]
  epoch 3/3:  76%|███████▌  | 67/88 [00:18<00:05,  3.78it/s, loss=0.063]
  epoch 3/3:  77%|███████▋  | 68/88 [00:18<00:05,  3.79it/s, loss=0.063]
  epoch 3/3:  77%|███████▋  | 68/88 [00:18<00:05,  3.79it/s, loss=0.070]
  epoch 3/3:  78%|███████▊  | 69/88 [00:18<00:05,  3.79it/s, loss=0.070]
  epoch 3/3:  78%|███████▊  | 69/88 [00:18<00:05,  3.79it/s, loss=0.071]
  epoch 3/3:  80%|███████▉  | 70/88 [00:18<00:04,  3.79it/s, loss=0.071]
  epoch 3/3:  80%|███████▉  | 70/88 [00:19<00:04,  3.79it/s, loss=0.076]
  epoch 3/3:  81%|████████  | 71/88 [00:19<00:04,  3.80it/s, loss=0.076]
  epoch 3/3:  81%|████████  | 71/88 [00:19<00:04,  3.80it/s, loss=0.077]
  epoch 3/3:  82%|████████▏ | 72/88 [00:19<00:04,  3.80it/s, loss=0.077]
  epoch 3/3:  82%|████████▏ | 72/88 [00:19<00:04,  3.80it/s, loss=0.082]
  epoch 3/3:  83%|████████▎ | 73/88 [00:19<00:03,  3.79it/s, loss=0.082]
  epoch 3/3:  83%|████████▎ | 73/88 [00:19<00:03,  3.79it/s, loss=0.081]
  epoch 3/3:  84%|████████▍ | 74/88 [00:19<00:03,  3.79it/s, loss=0.081]
  epoch 3/3:  84%|████████▍ | 74/88 [00:20<00:03,  3.79it/s, loss=0.083]
  epoch 3/3:  85%|████████▌ | 75/88 [00:20<00:03,  3.79it/s, loss=0.083]
  epoch 3/3:  85%|████████▌ | 75/88 [00:20<00:03,  3.79it/s, loss=0.082]
  epoch 3/3:  86%|████████▋ | 76/88 [00:20<00:03,  3.79it/s, loss=0.082]
  epoch 3/3:  86%|████████▋ | 76/88 [00:20<00:03,  3.79it/s, loss=0.086]
  epoch 3/3:  88%|████████▊ | 77/88 [00:20<00:02,  3.78it/s, loss=0.086]
  epoch 3/3:  88%|████████▊ | 77/88 [00:20<00:02,  3.78it/s, loss=0.085]
  epoch 3/3:  89%|████████▊ | 78/88 [00:20<00:02,  3.78it/s, loss=0.085]
  epoch 3/3:  89%|████████▊ | 78/88 [00:21<00:02,  3.78it/s, loss=0.084]
  epoch 3/3:  90%|████████▉ | 79/88 [00:21<00:02,  3.78it/s, loss=0.084]
  epoch 3/3:  90%|████████▉ | 79/88 [00:21<00:02,  3.78it/s, loss=0.084]
  epoch 3/3:  91%|█████████ | 80/88 [00:21<00:02,  3.73it/s, loss=0.084]
  epoch 3/3:  91%|█████████ | 80/88 [00:21<00:02,  3.73it/s, loss=0.083]
  epoch 3/3:  92%|█████████▏| 81/88 [00:21<00:01,  3.76it/s, loss=0.083]
  epoch 3/3:  92%|█████████▏| 81/88 [00:21<00:01,  3.76it/s, loss=0.082]
  epoch 3/3:  93%|█████████▎| 82/88 [00:21<00:01,  3.76it/s, loss=0.082]
  epoch 3/3:  93%|█████████▎| 82/88 [00:22<00:01,  3.76it/s, loss=0.081]
  epoch 3/3:  94%|█████████▍| 83/88 [00:22<00:01,  3.77it/s, loss=0.081]
  epoch 3/3:  94%|█████████▍| 83/88 [00:22<00:01,  3.77it/s, loss=0.081]
  epoch 3/3:  95%|█████████▌| 84/88 [00:22<00:01,  3.78it/s, loss=0.081]
  epoch 3/3:  95%|█████████▌| 84/88 [00:22<00:01,  3.78it/s, loss=0.080]
  epoch 3/3:  97%|█████████▋| 85/88 [00:22<00:00,  3.78it/s, loss=0.080]
  epoch 3/3:  97%|█████████▋| 85/88 [00:23<00:00,  3.78it/s, loss=0.079]
  epoch 3/3:  98%|█████████▊| 86/88 [00:23<00:00,  3.79it/s, loss=0.079]
  epoch 3/3:  98%|█████████▊| 86/88 [00:23<00:00,  3.79it/s, loss=0.078]
  epoch 3/3:  99%|█████████▉| 87/88 [00:23<00:00,  3.79it/s, loss=0.078]
  epoch 3/3:  99%|█████████▉| 87/88 [00:23<00:00,  3.79it/s, loss=0.078]
  epoch 3/3: 100%|██████████| 88/88 [00:23<00:00,  4.14it/s, loss=0.078]
                                                                        
[titans] reset=never | norm(state) sau task = 80.7473
[titans]   self-mod v:β=1.01 |W|=16.90
[titans]   eta_t(avg)=0.5399  alpha_t/forget-gate(avg)=1.0000
[task 1] test acc so far: 0.946  0.929
[task 1] NCM-head acc so far: 0.909  0.917
[task 2] classes=[18, 20, 24, 36, 44] | train=2800

  epoch 1/3:   0%|          | 0/88 [00:00<?, ?it/s]
  epoch 1/3:   0%|          | 0/88 [00:00<?, ?it/s, loss=1.582]
  epoch 1/3:   1%|          | 1/88 [00:00<00:40,  2.13it/s, loss=1.582]
  epoch 1/3:   1%|          | 1/88 [00:00<00:40,  2.13it/s, loss=1.596]
  epoch 1/3:   2%|▏         | 2/88 [00:00<00:29,  2.88it/s, loss=1.596]
  epoch 1/3:   2%|▏         | 2/88 [00:00<00:29,  2.88it/s, loss=1.580]
  epoch 1/3:   3%|▎         | 3/88 [00:00<00:26,  3.23it/s, loss=1.580]
  epoch 1/3:   3%|▎         | 3/88 [00:01<00:26,  3.23it/s, loss=1.467]
  epoch 1/3:   5%|▍         | 4/88 [00:01<00:24,  3.43it/s, loss=1.467]
  epoch 1/3:   5%|▍         | 4/88 [00:01<00:24,  3.43it/s, loss=1.384]
  epoch 1/3:   6%|▌         | 5/88 [00:01<00:23,  3.55it/s, loss=1.384]
  epoch 1/3:   6%|▌         | 5/88 [00:01<00:23,  3.55it/s, loss=1.277]
  epoch 1/3:   7%|▋         | 6/88 [00:01<00:22,  3.63it/s, loss=1.277]
  epoch 1/3:   7%|▋         | 6/88 [00:02<00:22,  3.63it/s, loss=1.184]
  epoch 1/3:   8%|▊         | 7/88 [00:02<00:21,  3.68it/s, loss=1.184]
  epoch 1/3:   8%|▊         | 7/88 [00:02<00:21,  3.68it/s, loss=1.108]
  epoch 1/3:   9%|▉         | 8/88 [00:02<00:21,  3.72it/s, loss=1.108]
  epoch 1/3:   9%|▉         | 8/88 [00:02<00:21,  3.72it/s, loss=1.043]
  epoch 1/3:  10%|█         | 9/88 [00:02<00:21,  3.74it/s, loss=1.043]
  epoch 1/3:  10%|█         | 9/88 [00:02<00:21,  3.74it/s, loss=0.986]
  epoch 1/3:  11%|█▏        | 10/88 [00:02<00:20,  3.76it/s, loss=0.986]
  epoch 1/3:  11%|█▏        | 10/88 [00:03<00:20,  3.76it/s, loss=0.921]
  epoch 1/3:  12%|█▎        | 11/88 [00:03<00:20,  3.77it/s, loss=0.921]
  epoch 1/3:  12%|█▎        | 11/88 [00:03<00:20,  3.77it/s, loss=0.876]
  epoch 1/3:  14%|█▎        | 12/88 [00:03<00:20,  3.77it/s, loss=0.876]
  epoch 1/3:  14%|█▎        | 12/88 [00:03<00:20,  3.77it/s, loss=0.832]
  epoch 1/3:  15%|█▍        | 13/88 [00:03<00:19,  3.77it/s, loss=0.832]
  epoch 1/3:  15%|█▍        | 13/88 [00:03<00:19,  3.77it/s, loss=0.788]
  epoch 1/3:  16%|█▌        | 14/88 [00:03<00:19,  3.76it/s, loss=0.788]
  epoch 1/3:  16%|█▌        | 14/88 [00:04<00:19,  3.76it/s, loss=0.747]
  epoch 1/3:  17%|█▋        | 15/88 [00:04<00:19,  3.75it/s, loss=0.747]
  epoch 1/3:  17%|█▋        | 15/88 [00:04<00:19,  3.75it/s, loss=0.711]
  epoch 1/3:  18%|█▊        | 16/88 [00:04<00:19,  3.70it/s, loss=0.711]
  epoch 1/3:  18%|█▊        | 16/88 [00:04<00:19,  3.70it/s, loss=0.684]
  epoch 1/3:  19%|█▉        | 17/88 [00:04<00:19,  3.73it/s, loss=0.684]
  epoch 1/3:  19%|█▉        | 17/88 [00:04<00:19,  3.73it/s, loss=0.650]
  epoch 1/3:  20%|██        | 18/88 [00:04<00:18,  3.72it/s, loss=0.650]
  epoch 1/3:  20%|██        | 18/88 [00:05<00:18,  3.72it/s, loss=0.636]
  epoch 1/3:  22%|██▏       | 19/88 [00:05<00:18,  3.73it/s, loss=0.636]
  epoch 1/3:  22%|██▏       | 19/88 [00:05<00:18,  3.73it/s, loss=0.613]
  epoch 1/3:  23%|██▎       | 20/88 [00:05<00:18,  3.75it/s, loss=0.613]
  epoch 1/3:  23%|██▎       | 20/88 [00:05<00:18,  3.75it/s, loss=0.586]
  epoch 1/3:  24%|██▍       | 21/88 [00:05<00:17,  3.76it/s, loss=0.586]
  epoch 1/3:  24%|██▍       | 21/88 [00:06<00:17,  3.76it/s, loss=0.572]
  epoch 1/3:  25%|██▌       | 22/88 [00:06<00:17,  3.77it/s, loss=0.572]
  epoch 1/3:  25%|██▌       | 22/88 [00:06<00:17,  3.77it/s, loss=0.550]
  epoch 1/3:  26%|██▌       | 23/88 [00:06<00:17,  3.77it/s, loss=0.550]
  epoch 1/3:  26%|██▌       | 23/88 [00:06<00:17,  3.77it/s, loss=0.528]
  epoch 1/3:  27%|██▋       | 24/88 [00:06<00:16,  3.77it/s, loss=0.528]
  epoch 1/3:  27%|██▋       | 24/88 [00:06<00:16,  3.77it/s, loss=0.509]
  epoch 1/3:  28%|██▊       | 25/88 [00:06<00:16,  3.77it/s, loss=0.509]
  epoch 1/3:  28%|██▊       | 25/88 [00:07<00:16,  3.77it/s, loss=0.491]
  epoch 1/3:  30%|██▉       | 26/88 [00:07<00:16,  3.76it/s, loss=0.491]
  epoch 1/3:  30%|██▉       | 26/88 [00:07<00:16,  3.76it/s, loss=0.477]
  epoch 1/3:  31%|███       | 27/88 [00:07<00:16,  3.76it/s, loss=0.477]
  epoch 1/3:  31%|███       | 27/88 [00:07<00:16,  3.76it/s, loss=0.467]
  epoch 1/3:  32%|███▏      | 28/88 [00:07<00:15,  3.75it/s, loss=0.467]
  epoch 1/3:  32%|███▏      | 28/88 [00:07<00:15,  3.75it/s, loss=0.453]
  epoch 1/3:  33%|███▎      | 29/88 [00:07<00:15,  3.76it/s, loss=0.453]
  epoch 1/3:  33%|███▎      | 29/88 [00:08<00:15,  3.76it/s, loss=0.439]
  epoch 1/3:  34%|███▍      | 30/88 [00:08<00:15,  3.77it/s, loss=0.439]
  epoch 1/3:  34%|███▍      | 30/88 [00:08<00:15,  3.77it/s, loss=0.433]
  epoch 1/3:  35%|███▌      | 31/88 [00:08<00:15,  3.78it/s, loss=0.433]
  epoch 1/3:  35%|███▌      | 31/88 [00:08<00:15,  3.78it/s, loss=0.419]
  epoch 1/3:  36%|███▋      | 32/88 [00:08<00:15,  3.72it/s, loss=0.419]
  epoch 1/3:  36%|███▋      | 32/88 [00:08<00:15,  3.72it/s, loss=0.410]
  epoch 1/3:  38%|███▊      | 33/88 [00:08<00:14,  3.73it/s, loss=0.410]
  epoch 1/3:  38%|███▊      | 33/88 [00:09<00:14,  3.73it/s, loss=0.398]
  epoch 1/3:  39%|███▊      | 34/88 [00:09<00:14,  3.75it/s, loss=0.398]
  epoch 1/3:  39%|███▊      | 34/88 [00:09<00:14,  3.75it/s, loss=0.392]
  epoch 1/3:  40%|███▉      | 35/88 [00:09<00:14,  3.76it/s, loss=0.392]
  epoch 1/3:  40%|███▉      | 35/88 [00:09<00:14,  3.76it/s, loss=0.389]
  epoch 1/3:  41%|████      | 36/88 [00:09<00:13,  3.77it/s, loss=0.389]
  epoch 1/3:  41%|████      | 36/88 [00:10<00:13,  3.77it/s, loss=0.380]
  epoch 1/3:  42%|████▏     | 37/88 [00:10<00:13,  3.78it/s, loss=0.380]
  epoch 1/3:  42%|████▏     | 37/88 [00:10<00:13,  3.78it/s, loss=0.373]
  epoch 1/3:  43%|████▎     | 38/88 [00:10<00:13,  3.77it/s, loss=0.373]
  epoch 1/3:  43%|████▎     | 38/88 [00:10<00:13,  3.77it/s, loss=0.364]
  epoch 1/3:  44%|████▍     | 39/88 [00:10<00:13,  3.76it/s, loss=0.364]
  epoch 1/3:  44%|████▍     | 39/88 [00:10<00:13,  3.76it/s, loss=0.355]
  epoch 1/3:  45%|████▌     | 40/88 [00:10<00:12,  3.75it/s, loss=0.355]
  epoch 1/3:  45%|████▌     | 40/88 [00:11<00:12,  3.75it/s, loss=0.347]
  epoch 1/3:  47%|████▋     | 41/88 [00:11<00:12,  3.73it/s, loss=0.347]
  epoch 1/3:  47%|████▋     | 41/88 [00:11<00:12,  3.73it/s, loss=0.346]
  epoch 1/3:  48%|████▊     | 42/88 [00:11<00:12,  3.75it/s, loss=0.346]
  epoch 1/3:  48%|████▊     | 42/88 [00:11<00:12,  3.75it/s, loss=0.340]
  epoch 1/3:  49%|████▉     | 43/88 [00:11<00:11,  3.76it/s, loss=0.340]
  epoch 1/3:  49%|████▉     | 43/88 [00:11<00:11,  3.76it/s, loss=0.335]
  epoch 1/3:  50%|█████     | 44/88 [00:11<00:11,  3.77it/s, loss=0.335]
  epoch 1/3:  50%|█████     | 44/88 [00:12<00:11,  3.77it/s, loss=0.328]
  epoch 1/3:  51%|█████     | 45/88 [00:12<00:11,  3.77it/s, loss=0.328]
  epoch 1/3:  51%|█████     | 45/88 [00:12<00:11,  3.77it/s, loss=0.321]
  epoch 1/3:  52%|█████▏    | 46/88 [00:12<00:11,  3.76it/s, loss=0.321]
  epoch 1/3:  52%|█████▏    | 46/88 [00:12<00:11,  3.76it/s, loss=0.314]
  epoch 1/3:  53%|█████▎    | 47/88 [00:12<00:10,  3.75it/s, loss=0.314]
  epoch 1/3:  53%|█████▎    | 47/88 [00:12<00:10,  3.75it/s, loss=0.308]
  epoch 1/3:  55%|█████▍    | 48/88 [00:12<00:10,  3.68it/s, loss=0.308]
  epoch 1/3:  55%|█████▍    | 48/88 [00:13<00:10,  3.68it/s, loss=0.302]
  epoch 1/3:  56%|█████▌    | 49/88 [00:13<00:10,  3.70it/s, loss=0.302]
  epoch 1/3:  56%|█████▌    | 49/88 [00:13<00:10,  3.70it/s, loss=0.296]
  epoch 1/3:  57%|█████▋    | 50/88 [00:13<00:10,  3.72it/s, loss=0.296]
  epoch 1/3:  57%|█████▋    | 50/88 [00:13<00:10,  3.72it/s, loss=0.293]
  epoch 1/3:  58%|█████▊    | 51/88 [00:13<00:09,  3.73it/s, loss=0.293]
  epoch 1/3:  58%|█████▊    | 51/88 [00:14<00:09,  3.73it/s, loss=0.288]
  epoch 1/3:  59%|█████▉    | 52/88 [00:14<00:09,  3.75it/s, loss=0.288]
  epoch 1/3:  59%|█████▉    | 52/88 [00:14<00:09,  3.75it/s, loss=0.289]
  epoch 1/3:  60%|██████    | 53/88 [00:14<00:09,  3.75it/s, loss=0.289]
  epoch 1/3:  60%|██████    | 53/88 [00:14<00:09,  3.75it/s, loss=0.284]
  epoch 1/3:  61%|██████▏   | 54/88 [00:14<00:09,  3.75it/s, loss=0.284]
  epoch 1/3:  61%|██████▏   | 54/88 [00:14<00:09,  3.75it/s, loss=0.282]
  epoch 1/3:  62%|██████▎   | 55/88 [00:14<00:08,  3.74it/s, loss=0.282]
  epoch 1/3:  62%|██████▎   | 55/88 [00:15<00:08,  3.74it/s, loss=0.282]
  epoch 1/3:  64%|██████▎   | 56/88 [00:15<00:08,  3.73it/s, loss=0.282]
  epoch 1/3:  64%|██████▎   | 56/88 [00:15<00:08,  3.73it/s, loss=0.278]
  epoch 1/3:  65%|██████▍   | 57/88 [00:15<00:08,  3.74it/s, loss=0.278]
  epoch 1/3:  65%|██████▍   | 57/88 [00:15<00:08,  3.74it/s, loss=0.278]
  epoch 1/3:  66%|██████▌   | 58/88 [00:15<00:07,  3.75it/s, loss=0.278]
  epoch 1/3:  66%|██████▌   | 58/88 [00:15<00:07,  3.75it/s, loss=0.274]
  epoch 1/3:  67%|██████▋   | 59/88 [00:15<00:07,  3.75it/s, loss=0.274]
  epoch 1/3:  67%|██████▋   | 59/88 [00:16<00:07,  3.75it/s, loss=0.273]
  epoch 1/3:  68%|██████▊   | 60/88 [00:16<00:07,  3.74it/s, loss=0.273]
  epoch 1/3:  68%|██████▊   | 60/88 [00:16<00:07,  3.74it/s, loss=0.269]
  epoch 1/3:  69%|██████▉   | 61/88 [00:16<00:07,  3.73it/s, loss=0.269]
  epoch 1/3:  69%|██████▉   | 61/88 [00:16<00:07,  3.73it/s, loss=0.267]
  epoch 1/3:  70%|███████   | 62/88 [00:16<00:06,  3.74it/s, loss=0.267]
  epoch 1/3:  70%|███████   | 62/88 [00:16<00:06,  3.74it/s, loss=0.263]
  epoch 1/3:  72%|███████▏  | 63/88 [00:16<00:06,  3.75it/s, loss=0.263]
  epoch 1/3:  72%|███████▏  | 63/88 [00:17<00:06,  3.75it/s, loss=0.260]
  epoch 1/3:  73%|███████▎  | 64/88 [00:17<00:06,  3.72it/s, loss=0.260]
  epoch 1/3:  73%|███████▎  | 64/88 [00:17<00:06,  3.72it/s, loss=0.257]
  epoch 1/3:  74%|███████▍  | 65/88 [00:17<00:06,  3.72it/s, loss=0.257]
  epoch 1/3:  74%|███████▍  | 65/88 [00:17<00:06,  3.72it/s, loss=0.256]
  epoch 1/3:  75%|███████▌  | 66/88 [00:17<00:05,  3.74it/s, loss=0.256]
  epoch 1/3:  75%|███████▌  | 66/88 [00:18<00:05,  3.74it/s, loss=0.253]
  epoch 1/3:  76%|███████▌  | 67/88 [00:18<00:05,  3.75it/s, loss=0.253]
  epoch 1/3:  76%|███████▌  | 67/88 [00:18<00:05,  3.75it/s, loss=0.251]
  epoch 1/3:  77%|███████▋  | 68/88 [00:18<00:05,  3.76it/s, loss=0.251]
  epoch 1/3:  77%|███████▋  | 68/88 [00:18<00:05,  3.76it/s, loss=0.251]
  epoch 1/3:  78%|███████▊  | 69/88 [00:18<00:05,  3.77it/s, loss=0.251]
  epoch 1/3:  78%|███████▊  | 69/88 [00:18<00:05,  3.77it/s, loss=0.249]
  epoch 1/3:  80%|███████▉  | 70/88 [00:18<00:04,  3.77it/s, loss=0.249]
  epoch 1/3:  80%|███████▉  | 70/88 [00:19<00:04,  3.77it/s, loss=0.245]
  epoch 1/3:  81%|████████  | 71/88 [00:19<00:04,  3.76it/s, loss=0.245]
  epoch 1/3:  81%|████████  | 71/88 [00:19<00:04,  3.76it/s, loss=0.243]
  epoch 1/3:  82%|████████▏ | 72/88 [00:19<00:04,  3.74it/s, loss=0.243]
  epoch 1/3:  82%|████████▏ | 72/88 [00:19<00:04,  3.74it/s, loss=0.240]
  epoch 1/3:  83%|████████▎ | 73/88 [00:19<00:04,  3.75it/s, loss=0.240]
  epoch 1/3:  83%|████████▎ | 73/88 [00:19<00:04,  3.75it/s, loss=0.237]
  epoch 1/3:  84%|████████▍ | 74/88 [00:19<00:03,  3.76it/s, loss=0.237]
  epoch 1/3:  84%|████████▍ | 74/88 [00:20<00:03,  3.76it/s, loss=0.238]
  epoch 1/3:  85%|████████▌ | 75/88 [00:20<00:03,  3.77it/s, loss=0.238]
  epoch 1/3:  85%|████████▌ | 75/88 [00:20<00:03,  3.77it/s, loss=0.234]
  epoch 1/3:  86%|████████▋ | 76/88 [00:20<00:03,  3.77it/s, loss=0.234]
  epoch 1/3:  86%|████████▋ | 76/88 [00:20<00:03,  3.77it/s, loss=0.235]
  epoch 1/3:  88%|████████▊ | 77/88 [00:20<00:02,  3.77it/s, loss=0.235]
  epoch 1/3:  88%|████████▊ | 77/88 [00:20<00:02,  3.77it/s, loss=0.232]
  epoch 1/3:  89%|████████▊ | 78/88 [00:20<00:02,  3.77it/s, loss=0.232]
  epoch 1/3:  89%|████████▊ | 78/88 [00:21<00:02,  3.77it/s, loss=0.230]
  epoch 1/3:  90%|████████▉ | 79/88 [00:21<00:02,  3.76it/s, loss=0.230]
  epoch 1/3:  90%|████████▉ | 79/88 [00:21<00:02,  3.76it/s, loss=0.227]
  epoch 1/3:  91%|█████████ | 80/88 [00:21<00:02,  3.71it/s, loss=0.227]
  epoch 1/3:  91%|█████████ | 80/88 [00:21<00:02,  3.71it/s, loss=0.224]
  epoch 1/3:  92%|█████████▏| 81/88 [00:21<00:01,  3.74it/s, loss=0.224]
  epoch 1/3:  92%|█████████▏| 81/88 [00:22<00:01,  3.74it/s, loss=0.223]
  epoch 1/3:  93%|█████████▎| 82/88 [00:22<00:01,  3.74it/s, loss=0.223]
  epoch 1/3:  93%|█████████▎| 82/88 [00:22<00:01,  3.74it/s, loss=0.223]
  epoch 1/3:  94%|█████████▍| 83/88 [00:22<00:01,  3.76it/s, loss=0.223]
  epoch 1/3:  94%|█████████▍| 83/88 [00:22<00:01,  3.76it/s, loss=0.222]
  epoch 1/3:  95%|█████████▌| 84/88 [00:22<00:01,  3.75it/s, loss=0.222]
  epoch 1/3:  95%|█████████▌| 84/88 [00:22<00:01,  3.75it/s, loss=0.220]
  epoch 1/3:  97%|█████████▋| 85/88 [00:22<00:00,  3.74it/s, loss=0.220]
  epoch 1/3:  97%|█████████▋| 85/88 [00:23<00:00,  3.74it/s, loss=0.226]
  epoch 1/3:  98%|█████████▊| 86/88 [00:23<00:00,  3.75it/s, loss=0.226]
  epoch 1/3:  98%|█████████▊| 86/88 [00:23<00:00,  3.75it/s, loss=0.228]
  epoch 1/3:  99%|█████████▉| 87/88 [00:23<00:00,  3.76it/s, loss=0.228]
  epoch 1/3:  99%|█████████▉| 87/88 [00:23<00:00,  3.76it/s, loss=0.227]
  epoch 1/3: 100%|██████████| 88/88 [00:23<00:00,  4.11it/s, loss=0.227]
                                                                        

  epoch 2/3:   0%|          | 0/88 [00:00<?, ?it/s]
  epoch 2/3:   0%|          | 0/88 [00:00<?, ?it/s, loss=0.108]
  epoch 2/3:   1%|          | 1/88 [00:00<00:41,  2.11it/s, loss=0.108]
  epoch 2/3:   1%|          | 1/88 [00:00<00:41,  2.11it/s, loss=0.185]
  epoch 2/3:   2%|▏         | 2/88 [00:00<00:30,  2.85it/s, loss=0.185]
  epoch 2/3:   2%|▏         | 2/88 [00:01<00:30,  2.85it/s, loss=0.216]
  epoch 2/3:   3%|▎         | 3/88 [00:01<00:26,  3.21it/s, loss=0.216]
  epoch 2/3:   3%|▎         | 3/88 [00:01<00:26,  3.21it/s, loss=0.176]
  epoch 2/3:   5%|▍         | 4/88 [00:01<00:24,  3.41it/s, loss=0.176]
  epoch 2/3:   5%|▍         | 4/88 [00:01<00:24,  3.41it/s, loss=0.142]
  epoch 2/3:   6%|▌         | 5/88 [00:01<00:23,  3.51it/s, loss=0.142]
  epoch 2/3:   6%|▌         | 5/88 [00:01<00:23,  3.51it/s, loss=0.136]
  epoch 2/3:   7%|▋         | 6/88 [00:01<00:22,  3.60it/s, loss=0.136]
  epoch 2/3:   7%|▋         | 6/88 [00:02<00:22,  3.60it/s, loss=0.116]
  epoch 2/3:   8%|▊         | 7/88 [00:02<00:22,  3.66it/s, loss=0.116]
  epoch 2/3:   8%|▊         | 7/88 [00:02<00:22,  3.66it/s, loss=0.136]
  epoch 2/3:   9%|▉         | 8/88 [00:02<00:21,  3.65it/s, loss=0.136]
  epoch 2/3:   9%|▉         | 8/88 [00:02<00:21,  3.65it/s, loss=0.129]
  epoch 2/3:  10%|█         | 9/88 [00:02<00:21,  3.69it/s, loss=0.129]
  epoch 2/3:  10%|█         | 9/88 [00:02<00:21,  3.69it/s, loss=0.130]
  epoch 2/3:  11%|█▏        | 10/88 [00:02<00:21,  3.70it/s, loss=0.130]
  epoch 2/3:  11%|█▏        | 10/88 [00:03<00:21,  3.70it/s, loss=0.136]
  epoch 2/3:  12%|█▎        | 11/88 [00:03<00:20,  3.73it/s, loss=0.136]
  epoch 2/3:  12%|█▎        | 11/88 [00:03<00:20,  3.73it/s, loss=0.162]
  epoch 2/3:  14%|█▎        | 12/88 [00:03<00:20,  3.75it/s, loss=0.162]
  epoch 2/3:  14%|█▎        | 12/88 [00:03<00:20,  3.75it/s, loss=0.162]
  epoch 2/3:  15%|█▍        | 13/88 [00:03<00:19,  3.76it/s, loss=0.162]
  epoch 2/3:  15%|█▍        | 13/88 [00:03<00:19,  3.76it/s, loss=0.154]
  epoch 2/3:  16%|█▌        | 14/88 [00:03<00:19,  3.77it/s, loss=0.154]
  epoch 2/3:  16%|█▌        | 14/88 [00:04<00:19,  3.77it/s, loss=0.154]
  epoch 2/3:  17%|█▋        | 15/88 [00:04<00:19,  3.78it/s, loss=0.154]
  epoch 2/3:  17%|█▋        | 15/88 [00:04<00:19,  3.78it/s, loss=0.157]
  epoch 2/3:  18%|█▊        | 16/88 [00:04<00:19,  3.78it/s, loss=0.157]
  epoch 2/3:  18%|█▊        | 16/88 [00:04<00:19,  3.78it/s, loss=0.150]
  epoch 2/3:  19%|█▉        | 17/88 [00:04<00:18,  3.79it/s, loss=0.150]
  epoch 2/3:  19%|█▉        | 17/88 [00:04<00:18,  3.79it/s, loss=0.155]
  epoch 2/3:  20%|██        | 18/88 [00:04<00:18,  3.79it/s, loss=0.155]
  epoch 2/3:  20%|██        | 18/88 [00:05<00:18,  3.79it/s, loss=0.147]
  epoch 2/3:  22%|██▏       | 19/88 [00:05<00:18,  3.79it/s, loss=0.147]
  epoch 2/3:  22%|██▏       | 19/88 [00:05<00:18,  3.79it/s, loss=0.142]
  epoch 2/3:  23%|██▎       | 20/88 [00:05<00:17,  3.79it/s, loss=0.142]
  epoch 2/3:  23%|██▎       | 20/88 [00:05<00:17,  3.79it/s, loss=0.145]
  epoch 2/3:  24%|██▍       | 21/88 [00:05<00:17,  3.79it/s, loss=0.145]
  epoch 2/3:  24%|██▍       | 21/88 [00:06<00:17,  3.79it/s, loss=0.139]
  epoch 2/3:  25%|██▌       | 22/88 [00:06<00:17,  3.80it/s, loss=0.139]
  epoch 2/3:  25%|██▌       | 22/88 [00:06<00:17,  3.80it/s, loss=0.135]
  epoch 2/3:  26%|██▌       | 23/88 [00:06<00:17,  3.79it/s, loss=0.135]
  epoch 2/3:  26%|██▌       | 23/88 [00:06<00:17,  3.79it/s, loss=0.132]
  epoch 2/3:  27%|██▋       | 24/88 [00:06<00:17,  3.75it/s, loss=0.132]
  epoch 2/3:  27%|██▋       | 24/88 [00:06<00:17,  3.75it/s, loss=0.136]
  epoch 2/3:  28%|██▊       | 25/88 [00:06<00:16,  3.76it/s, loss=0.136]
  epoch 2/3:  28%|██▊       | 25/88 [00:07<00:16,  3.76it/s, loss=0.131]
  epoch 2/3:  30%|██▉       | 26/88 [00:07<00:16,  3.75it/s, loss=0.131]
  epoch 2/3:  30%|██▉       | 26/88 [00:07<00:16,  3.75it/s, loss=0.132]
  epoch 2/3:  31%|███       | 27/88 [00:07<00:16,  3.75it/s, loss=0.132]
  epoch 2/3:  31%|███       | 27/88 [00:07<00:16,  3.75it/s, loss=0.132]
  epoch 2/3:  32%|███▏      | 28/88 [00:07<00:15,  3.76it/s, loss=0.132]
  epoch 2/3:  32%|███▏      | 28/88 [00:07<00:15,  3.76it/s, loss=0.133]
  epoch 2/3:  33%|███▎      | 29/88 [00:07<00:15,  3.77it/s, loss=0.133]
  epoch 2/3:  33%|███▎      | 29/88 [00:08<00:15,  3.77it/s, loss=0.136]
  epoch 2/3:  34%|███▍      | 30/88 [00:08<00:15,  3.78it/s, loss=0.136]
  epoch 2/3:  34%|███▍      | 30/88 [00:08<00:15,  3.78it/s, loss=0.132]
  epoch 2/3:  35%|███▌      | 31/88 [00:08<00:15,  3.78it/s, loss=0.132]
  epoch 2/3:  35%|███▌      | 31/88 [00:08<00:15,  3.78it/s, loss=0.127]
  epoch 2/3:  36%|███▋      | 32/88 [00:08<00:14,  3.79it/s, loss=0.127]
  epoch 2/3:  36%|███▋      | 32/88 [00:08<00:14,  3.79it/s, loss=0.124]
  epoch 2/3:  38%|███▊      | 33/88 [00:08<00:14,  3.79it/s, loss=0.124]
  epoch 2/3:  38%|███▊      | 33/88 [00:09<00:14,  3.79it/s, loss=0.120]
  epoch 2/3:  39%|███▊      | 34/88 [00:09<00:14,  3.79it/s, loss=0.120]
  epoch 2/3:  39%|███▊      | 34/88 [00:09<00:14,  3.79it/s, loss=0.117]
  epoch 2/3:  40%|███▉      | 35/88 [00:09<00:13,  3.80it/s, loss=0.117]
  epoch 2/3:  40%|███▉      | 35/88 [00:09<00:13,  3.80it/s, loss=0.115]
  epoch 2/3:  41%|████      | 36/88 [00:09<00:13,  3.80it/s, loss=0.115]
  epoch 2/3:  41%|████      | 36/88 [00:10<00:13,  3.80it/s, loss=0.112]
  epoch 2/3:  42%|████▏     | 37/88 [00:10<00:13,  3.79it/s, loss=0.112]
  epoch 2/3:  42%|████▏     | 37/88 [00:10<00:13,  3.79it/s, loss=0.119]
  epoch 2/3:  43%|████▎     | 38/88 [00:10<00:13,  3.79it/s, loss=0.119]
  epoch 2/3:  43%|████▎     | 38/88 [00:10<00:13,  3.79it/s, loss=0.116]
  epoch 2/3:  44%|████▍     | 39/88 [00:10<00:12,  3.79it/s, loss=0.116]
  epoch 2/3:  44%|████▍     | 39/88 [00:10<00:12,  3.79it/s, loss=0.115]
  epoch 2/3:  45%|████▌     | 40/88 [00:10<00:12,  3.74it/s, loss=0.115]
  epoch 2/3:  45%|████▌     | 40/88 [00:11<00:12,  3.74it/s, loss=0.116]
  epoch 2/3:  47%|████▋     | 41/88 [00:11<00:12,  3.76it/s, loss=0.116]
  epoch 2/3:  47%|████▋     | 41/88 [00:11<00:12,  3.76it/s, loss=0.113]
  epoch 2/3:  48%|████▊     | 42/88 [00:11<00:12,  3.76it/s, loss=0.113]
  epoch 2/3:  48%|████▊     | 42/88 [00:11<00:12,  3.76it/s, loss=0.123]
  epoch 2/3:  49%|████▉     | 43/88 [00:11<00:12,  3.74it/s, loss=0.123]
  epoch 2/3:  49%|████▉     | 43/88 [00:11<00:12,  3.74it/s, loss=0.120]
  epoch 2/3:  50%|█████     | 44/88 [00:11<00:11,  3.75it/s, loss=0.120]
  epoch 2/3:  50%|█████     | 44/88 [00:12<00:11,  3.75it/s, loss=0.117]
  epoch 2/3:  51%|█████     | 45/88 [00:12<00:11,  3.77it/s, loss=0.117]
  epoch 2/3:  51%|█████     | 45/88 [00:12<00:11,  3.77it/s, loss=0.116]
  epoch 2/3:  52%|█████▏    | 46/88 [00:12<00:11,  3.77it/s, loss=0.116]
  epoch 2/3:  52%|█████▏    | 46/88 [00:12<00:11,  3.77it/s, loss=0.114]
  epoch 2/3:  53%|█████▎    | 47/88 [00:12<00:10,  3.77it/s, loss=0.114]
  epoch 2/3:  53%|█████▎    | 47/88 [00:12<00:10,  3.77it/s, loss=0.121]
  epoch 2/3:  55%|█████▍    | 48/88 [00:12<00:10,  3.78it/s, loss=0.121]
  epoch 2/3:  55%|█████▍    | 48/88 [00:13<00:10,  3.78it/s, loss=0.121]
  epoch 2/3:  56%|█████▌    | 49/88 [00:13<00:10,  3.79it/s, loss=0.121]
  epoch 2/3:  56%|█████▌    | 49/88 [00:13<00:10,  3.79it/s, loss=0.118]
  epoch 2/3:  57%|█████▋    | 50/88 [00:13<00:10,  3.79it/s, loss=0.118]
  epoch 2/3:  57%|█████▋    | 50/88 [00:13<00:10,  3.79it/s, loss=0.116]
  epoch 2/3:  58%|█████▊    | 51/88 [00:13<00:09,  3.78it/s, loss=0.116]
  epoch 2/3:  58%|█████▊    | 51/88 [00:13<00:09,  3.78it/s, loss=0.121]
  epoch 2/3:  59%|█████▉    | 52/88 [00:13<00:09,  3.78it/s, loss=0.121]
  epoch 2/3:  59%|█████▉    | 52/88 [00:14<00:09,  3.78it/s, loss=0.119]
  epoch 2/3:  60%|██████    | 53/88 [00:14<00:09,  3.79it/s, loss=0.119]
  epoch 2/3:  60%|██████    | 53/88 [00:14<00:09,  3.79it/s, loss=0.117]
  epoch 2/3:  61%|██████▏   | 54/88 [00:14<00:08,  3.79it/s, loss=0.117]
  epoch 2/3:  61%|██████▏   | 54/88 [00:14<00:08,  3.79it/s, loss=0.116]
  epoch 2/3:  62%|██████▎   | 55/88 [00:14<00:08,  3.79it/s, loss=0.116]
  epoch 2/3:  62%|██████▎   | 55/88 [00:15<00:08,  3.79it/s, loss=0.118]
  epoch 2/3:  64%|██████▎   | 56/88 [00:15<00:08,  3.74it/s, loss=0.118]
  epoch 2/3:  64%|██████▎   | 56/88 [00:15<00:08,  3.74it/s, loss=0.118]
  epoch 2/3:  65%|██████▍   | 57/88 [00:15<00:08,  3.76it/s, loss=0.118]
  epoch 2/3:  65%|██████▍   | 57/88 [00:15<00:08,  3.76it/s, loss=0.116]
  epoch 2/3:  66%|██████▌   | 58/88 [00:15<00:07,  3.76it/s, loss=0.116]
  epoch 2/3:  66%|██████▌   | 58/88 [00:15<00:07,  3.76it/s, loss=0.116]
  epoch 2/3:  67%|██████▋   | 59/88 [00:15<00:07,  3.77it/s, loss=0.116]
  epoch 2/3:  67%|██████▋   | 59/88 [00:16<00:07,  3.77it/s, loss=0.114]
  epoch 2/3:  68%|██████▊   | 60/88 [00:16<00:07,  3.75it/s, loss=0.114]
  epoch 2/3:  68%|██████▊   | 60/88 [00:16<00:07,  3.75it/s, loss=0.113]
  epoch 2/3:  69%|██████▉   | 61/88 [00:16<00:07,  3.75it/s, loss=0.113]
  epoch 2/3:  69%|██████▉   | 61/88 [00:16<00:07,  3.75it/s, loss=0.111]
  epoch 2/3:  70%|███████   | 62/88 [00:16<00:06,  3.77it/s, loss=0.111]
  epoch 2/3:  70%|███████   | 62/88 [00:16<00:06,  3.77it/s, loss=0.111]
  epoch 2/3:  72%|███████▏  | 63/88 [00:16<00:06,  3.77it/s, loss=0.111]
  epoch 2/3:  72%|███████▏  | 63/88 [00:17<00:06,  3.77it/s, loss=0.110]
  epoch 2/3:  73%|███████▎  | 64/88 [00:17<00:06,  3.77it/s, loss=0.110]
  epoch 2/3:  73%|███████▎  | 64/88 [00:17<00:06,  3.77it/s, loss=0.108]
  epoch 2/3:  74%|███████▍  | 65/88 [00:17<00:06,  3.78it/s, loss=0.108]
  epoch 2/3:  74%|███████▍  | 65/88 [00:17<00:06,  3.78it/s, loss=0.106]
  epoch 2/3:  75%|███████▌  | 66/88 [00:17<00:05,  3.78it/s, loss=0.106]
  epoch 2/3:  75%|███████▌  | 66/88 [00:17<00:05,  3.78it/s, loss=0.106]
  epoch 2/3:  76%|███████▌  | 67/88 [00:17<00:05,  3.78it/s, loss=0.106]
  epoch 2/3:  76%|███████▌  | 67/88 [00:18<00:05,  3.78it/s, loss=0.105]
  epoch 2/3:  77%|███████▋  | 68/88 [00:18<00:05,  3.79it/s, loss=0.105]
  epoch 2/3:  77%|███████▋  | 68/88 [00:18<00:05,  3.79it/s, loss=0.107]
  epoch 2/3:  78%|███████▊  | 69/88 [00:18<00:05,  3.79it/s, loss=0.107]
  epoch 2/3:  78%|███████▊  | 69/88 [00:18<00:05,  3.79it/s, loss=0.107]
  epoch 2/3:  80%|███████▉  | 70/88 [00:18<00:04,  3.79it/s, loss=0.107]
  epoch 2/3:  80%|███████▉  | 70/88 [00:19<00:04,  3.79it/s, loss=0.106]
  epoch 2/3:  81%|████████  | 71/88 [00:19<00:04,  3.79it/s, loss=0.106]
  epoch 2/3:  81%|████████  | 71/88 [00:19<00:04,  3.79it/s, loss=0.104]
  epoch 2/3:  82%|████████▏ | 72/88 [00:19<00:04,  3.74it/s, loss=0.104]
  epoch 2/3:  82%|████████▏ | 72/88 [00:19<00:04,  3.74it/s, loss=0.106]
  epoch 2/3:  83%|████████▎ | 73/88 [00:19<00:03,  3.78it/s, loss=0.106]
  epoch 2/3:  83%|████████▎ | 73/88 [00:19<00:03,  3.78it/s, loss=0.105]
  epoch 2/3:  84%|████████▍ | 74/88 [00:19<00:03,  3.78it/s, loss=0.105]
  epoch 2/3:  84%|████████▍ | 74/88 [00:20<00:03,  3.78it/s, loss=0.104]
  epoch 2/3:  85%|████████▌ | 75/88 [00:20<00:03,  3.78it/s, loss=0.104]
  epoch 2/3:  85%|████████▌ | 75/88 [00:20<00:03,  3.78it/s, loss=0.102]
  epoch 2/3:  86%|████████▋ | 76/88 [00:20<00:03,  3.78it/s, loss=0.102]
  epoch 2/3:  86%|████████▋ | 76/88 [00:20<00:03,  3.78it/s, loss=0.102]
  epoch 2/3:  88%|████████▊ | 77/88 [00:20<00:02,  3.80it/s, loss=0.102]
  epoch 2/3:  88%|████████▊ | 77/88 [00:20<00:02,  3.80it/s, loss=0.103]
  epoch 2/3:  89%|████████▊ | 78/88 [00:20<00:02,  3.80it/s, loss=0.103]
  epoch 2/3:  89%|████████▊ | 78/88 [00:21<00:02,  3.80it/s, loss=0.101]
  epoch 2/3:  90%|████████▉ | 79/88 [00:21<00:02,  3.80it/s, loss=0.101]
  epoch 2/3:  90%|████████▉ | 79/88 [00:21<00:02,  3.80it/s, loss=0.108]
  epoch 2/3:  91%|█████████ | 80/88 [00:21<00:02,  3.80it/s, loss=0.108]
  epoch 2/3:  91%|█████████ | 80/88 [00:21<00:02,  3.80it/s, loss=0.113]
  epoch 2/3:  92%|█████████▏| 81/88 [00:21<00:01,  3.80it/s, loss=0.113]
  epoch 2/3:  92%|█████████▏| 81/88 [00:21<00:01,  3.80it/s, loss=0.112]
  epoch 2/3:  93%|█████████▎| 82/88 [00:21<00:01,  3.81it/s, loss=0.112]
  epoch 2/3:  93%|█████████▎| 82/88 [00:22<00:01,  3.81it/s, loss=0.110]
  epoch 2/3:  94%|█████████▍| 83/88 [00:22<00:01,  3.81it/s, loss=0.110]
  epoch 2/3:  94%|█████████▍| 83/88 [00:22<00:01,  3.81it/s, loss=0.110]
  epoch 2/3:  95%|█████████▌| 84/88 [00:22<00:01,  3.80it/s, loss=0.110]
  epoch 2/3:  95%|█████████▌| 84/88 [00:22<00:01,  3.80it/s, loss=0.109]
  epoch 2/3:  97%|█████████▋| 85/88 [00:22<00:00,  3.80it/s, loss=0.109]
  epoch 2/3:  97%|█████████▋| 85/88 [00:22<00:00,  3.80it/s, loss=0.108]
  epoch 2/3:  98%|█████████▊| 86/88 [00:22<00:00,  3.81it/s, loss=0.108]
  epoch 2/3:  98%|█████████▊| 86/88 [00:23<00:00,  3.81it/s, loss=0.117]
  epoch 2/3:  99%|█████████▉| 87/88 [00:23<00:00,  3.80it/s, loss=0.117]
  epoch 2/3:  99%|█████████▉| 87/88 [00:23<00:00,  3.80it/s, loss=0.117]
  epoch 2/3: 100%|██████████| 88/88 [00:23<00:00,  4.09it/s, loss=0.117]
                                                                        

  epoch 3/3:   0%|          | 0/88 [00:00<?, ?it/s]
  epoch 3/3:   0%|          | 0/88 [00:00<?, ?it/s, loss=0.457]
  epoch 3/3:   1%|          | 1/88 [00:00<00:40,  2.13it/s, loss=0.457]
  epoch 3/3:   1%|          | 1/88 [00:00<00:40,  2.13it/s, loss=0.229]
  epoch 3/3:   2%|▏         | 2/88 [00:00<00:29,  2.88it/s, loss=0.229]
  epoch 3/3:   2%|▏         | 2/88 [00:00<00:29,  2.88it/s, loss=0.152]
  epoch 3/3:   3%|▎         | 3/88 [00:00<00:26,  3.24it/s, loss=0.152]
  epoch 3/3:   3%|▎         | 3/88 [00:01<00:26,  3.24it/s, loss=0.115]
  epoch 3/3:   5%|▍         | 4/88 [00:01<00:24,  3.43it/s, loss=0.115]
  epoch 3/3:   5%|▍         | 4/88 [00:01<00:24,  3.43it/s, loss=0.104]
  epoch 3/3:   6%|▌         | 5/88 [00:01<00:23,  3.56it/s, loss=0.104]
  epoch 3/3:   6%|▌         | 5/88 [00:01<00:23,  3.56it/s, loss=0.087]
  epoch 3/3:   7%|▋         | 6/88 [00:01<00:22,  3.63it/s, loss=0.087]
  epoch 3/3:   7%|▋         | 6/88 [00:02<00:22,  3.63it/s, loss=0.074]
  epoch 3/3:   8%|▊         | 7/88 [00:02<00:21,  3.69it/s, loss=0.074]
  epoch 3/3:   8%|▊         | 7/88 [00:02<00:21,  3.69it/s, loss=0.076]
  epoch 3/3:   9%|▉         | 8/88 [00:02<00:21,  3.72it/s, loss=0.076]
  epoch 3/3:   9%|▉         | 8/88 [00:02<00:21,  3.72it/s, loss=0.068]
  epoch 3/3:  10%|█         | 9/88 [00:02<00:21,  3.74it/s, loss=0.068]
  epoch 3/3:  10%|█         | 9/88 [00:02<00:21,  3.74it/s, loss=0.061]
  epoch 3/3:  11%|█▏        | 10/88 [00:02<00:20,  3.76it/s, loss=0.061]
  epoch 3/3:  11%|█▏        | 10/88 [00:03<00:20,  3.76it/s, loss=0.055]
  epoch 3/3:  12%|█▎        | 11/88 [00:03<00:20,  3.78it/s, loss=0.055]
  epoch 3/3:  12%|█▎        | 11/88 [00:03<00:20,  3.78it/s, loss=0.064]
  epoch 3/3:  14%|█▎        | 12/88 [00:03<00:20,  3.78it/s, loss=0.064]
  epoch 3/3:  14%|█▎        | 12/88 [00:03<00:20,  3.78it/s, loss=0.065]
  epoch 3/3:  15%|█▍        | 13/88 [00:03<00:19,  3.78it/s, loss=0.065]
  epoch 3/3:  15%|█▍        | 13/88 [00:03<00:19,  3.78it/s, loss=0.068]
  epoch 3/3:  16%|█▌        | 14/88 [00:03<00:19,  3.78it/s, loss=0.068]
  epoch 3/3:  16%|█▌        | 14/88 [00:04<00:19,  3.78it/s, loss=0.064]
  epoch 3/3:  17%|█▋        | 15/88 [00:04<00:19,  3.79it/s, loss=0.064]
  epoch 3/3:  17%|█▋        | 15/88 [00:04<00:19,  3.79it/s, loss=0.085]
  epoch 3/3:  18%|█▊        | 16/88 [00:04<00:19,  3.74it/s, loss=0.085]
  epoch 3/3:  18%|█▊        | 16/88 [00:04<00:19,  3.74it/s, loss=0.080]
  epoch 3/3:  19%|█▉        | 17/88 [00:04<00:18,  3.77it/s, loss=0.080]
  epoch 3/3:  19%|█▉        | 17/88 [00:04<00:18,  3.77it/s, loss=0.075]
  epoch 3/3:  20%|██        | 18/88 [00:04<00:18,  3.76it/s, loss=0.075]
  epoch 3/3:  20%|██        | 18/88 [00:05<00:18,  3.76it/s, loss=0.072]
  epoch 3/3:  22%|██▏       | 19/88 [00:05<00:18,  3.76it/s, loss=0.072]
  epoch 3/3:  22%|██▏       | 19/88 [00:05<00:18,  3.76it/s, loss=0.068]
  epoch 3/3:  23%|██▎       | 20/88 [00:05<00:18,  3.75it/s, loss=0.068]
  epoch 3/3:  23%|██▎       | 20/88 [00:05<00:18,  3.75it/s, loss=0.065]
  epoch 3/3:  24%|██▍       | 21/88 [00:05<00:17,  3.75it/s, loss=0.065]
  epoch 3/3:  24%|██▍       | 21/88 [00:06<00:17,  3.75it/s, loss=0.066]
  epoch 3/3:  25%|██▌       | 22/88 [00:06<00:17,  3.76it/s, loss=0.066]
  epoch 3/3:  25%|██▌       | 22/88 [00:06<00:17,  3.76it/s, loss=0.073]
  epoch 3/3:  26%|██▌       | 23/88 [00:06<00:17,  3.77it/s, loss=0.073]
  epoch 3/3:  26%|██▌       | 23/88 [00:06<00:17,  3.77it/s, loss=0.086]
  epoch 3/3:  27%|██▋       | 24/88 [00:06<00:16,  3.79it/s, loss=0.086]
                                                                        
Traceback (most recent call last):
  File "/home/an/RaybanMeta/uav-continual-learning/scripts/run_g1.py", line 283, in <module>
    raise SystemExit(main())
  File "/home/an/RaybanMeta/uav-continual-learning/scripts/run_g1.py", line 186, in main
    R, log = run_continual(model, method, stream, loaders, device, cfg["train"])
  File "/home/an/RaybanMeta/uav-continual-learning/src/uavcl/engine.py", line 185, in run_continual
    losses, opt_used = train_one_task(
  File "/home/an/RaybanMeta/uav-continual-learning/src/uavcl/engine.py", line 142, in train_one_task
    opt.step()                              # ↳ Cập nhật trọng số.
  File "/usr/local/lib/python3.10/dist-packages/torch/optim/optimizer.py", line 517, in wrapper
    out = func(*args, **kwargs)
  File "/usr/local/lib/python3.10/dist-packages/torch/utils/_contextlib.py", line 120, in decorate_context
    return func(*args, **kwargs)
  File "/home/an/RaybanMeta/uav-continual-learning/src/uavcl/optim/m3.py", line 158, in step
    raise FloatingPointError("M3 nhận gradient chứa NaN/Inf")
FloatingPointError: M3 nhận gradient chứa NaN/Inf
