
[2026-07-26 10:28:04] $ /usr/bin/python3 /home/an/RaybanMeta/uav-continual-learning/scripts/run_g1.py --config /home/an/RaybanMeta/uav-continual-learning/configs/g2_titans_resisc45_selfmod_m3_improved.yaml --skip-existing --set seed=2 train.lr=0.001 train.eval_ncm_head=true train.max_state_norm=10000 train.max_state_norm_growth=10 log.dir=/home/an/RaybanMeta/uav-continual-learning/artifacts/titan_m3_study log.run_tag=improved
== G1 run: dataset=resisc45 method=titans seed=2 device=cuda
Warning: You are sending unauthenticated requests to the HF Hub. Please set a HF_TOKEN to enable higher rate limits and faster downloads.
task 0: 5 classes [chaparral, cloud, meadow, roundabout, stadium] | train 2800 / val 350 / test 350
task 1: 5 classes [beach, golf_course, lake, overpass, rectangular_farmland] | train 2800 / val 350 / test 350
task 2: 5 classes [industrial_area, island, mobile_home_park, ship, wetland] | train 2800 / val 350 / test 350
task 3: 5 classes [church, railway_station, runway, snowberg, terrace] | train 2800 / val 350 / test 350
task 4: 5 classes [airplane, dense_residential, desert, parking_lot, sea_ice] | train 2800 / val 350 / test 350
task 5: 5 classes [airport, circular_farmland, freeway, railway, sparse_residential] | train 2800 / val 350 / test 350
task 6: 5 classes [harbor, mountain, palace, river, tennis_court] | train 2800 / val 350 / test 350
task 7: 5 classes [baseball_diamond, forest, ground_track_field, intersection, storage_tank] | train 2800 / val 350 / test 350
task 8: 5 classes [basketball_court, bridge, commercial_area, medium_residential, thermal_power_station] | train 2800 / val 350 / test 350
[titans] seq=image_seq reset=never chunk=32
[task 0] classes=[6, 9, 22, 33, 39] | train=2800

  epoch 1/3:   0%|          | 0/88 [00:00<?, ?it/s]
  epoch 1/3:   0%|          | 0/88 [00:01<?, ?it/s, loss=1.669]
  epoch 1/3:   1%|          | 1/88 [00:01<02:06,  1.46s/it, loss=1.669]
  epoch 1/3:   1%|          | 1/88 [00:01<02:06,  1.46s/it, loss=1.664]
  epoch 1/3:   2%|▏         | 2/88 [00:01<01:04,  1.32it/s, loss=1.664]
  epoch 1/3:   2%|▏         | 2/88 [00:01<01:04,  1.32it/s, loss=1.664]
  epoch 1/3:   3%|▎         | 3/88 [00:01<00:44,  1.91it/s, loss=1.664]
  epoch 1/3:   3%|▎         | 3/88 [00:02<00:44,  1.91it/s, loss=1.677]
  epoch 1/3:   5%|▍         | 4/88 [00:02<00:35,  2.39it/s, loss=1.677]
  epoch 1/3:   5%|▍         | 4/88 [00:02<00:35,  2.39it/s, loss=1.652]
  epoch 1/3:   6%|▌         | 5/88 [00:02<00:29,  2.78it/s, loss=1.652]
  epoch 1/3:   6%|▌         | 5/88 [00:02<00:29,  2.78it/s, loss=1.653]
  epoch 1/3:   7%|▋         | 6/88 [00:02<00:26,  3.10it/s, loss=1.653]
  epoch 1/3:   7%|▋         | 6/88 [00:02<00:26,  3.10it/s, loss=1.639]
  epoch 1/3:   8%|▊         | 7/88 [00:02<00:24,  3.32it/s, loss=1.639]
  epoch 1/3:   8%|▊         | 7/88 [00:03<00:24,  3.32it/s, loss=1.641]
  epoch 1/3:   9%|▉         | 8/88 [00:03<00:22,  3.51it/s, loss=1.641]
  epoch 1/3:   9%|▉         | 8/88 [00:03<00:22,  3.51it/s, loss=1.642]
  epoch 1/3:  10%|█         | 9/88 [00:03<00:21,  3.62it/s, loss=1.642]
  epoch 1/3:  10%|█         | 9/88 [00:03<00:21,  3.62it/s, loss=1.640]
  epoch 1/3:  11%|█▏        | 10/88 [00:03<00:20,  3.72it/s, loss=1.640]
  epoch 1/3:  11%|█▏        | 10/88 [00:04<00:20,  3.72it/s, loss=1.641]
  epoch 1/3:  12%|█▎        | 11/88 [00:04<00:20,  3.77it/s, loss=1.641]
  epoch 1/3:  12%|█▎        | 11/88 [00:04<00:20,  3.77it/s, loss=1.646]
  epoch 1/3:  14%|█▎        | 12/88 [00:04<00:20,  3.79it/s, loss=1.646]
  epoch 1/3:  14%|█▎        | 12/88 [00:04<00:20,  3.79it/s, loss=1.654]
  epoch 1/3:  15%|█▍        | 13/88 [00:04<00:19,  3.85it/s, loss=1.654]
  epoch 1/3:  15%|█▍        | 13/88 [00:04<00:19,  3.85it/s, loss=1.659]
  epoch 1/3:  16%|█▌        | 14/88 [00:04<00:19,  3.85it/s, loss=1.659]
  epoch 1/3:  16%|█▌        | 14/88 [00:05<00:19,  3.85it/s, loss=1.665]
  epoch 1/3:  17%|█▋        | 15/88 [00:05<00:18,  3.85it/s, loss=1.665]
  epoch 1/3:  17%|█▋        | 15/88 [00:05<00:18,  3.85it/s, loss=1.667]
  epoch 1/3:  18%|█▊        | 16/88 [00:05<00:18,  3.83it/s, loss=1.667]
  epoch 1/3:  18%|█▊        | 16/88 [00:05<00:18,  3.83it/s, loss=1.663]
  epoch 1/3:  19%|█▉        | 17/88 [00:05<00:18,  3.87it/s, loss=1.663]
  epoch 1/3:  19%|█▉        | 17/88 [00:05<00:18,  3.87it/s, loss=1.666]
  epoch 1/3:  20%|██        | 18/88 [00:05<00:18,  3.88it/s, loss=1.666]
  epoch 1/3:  20%|██        | 18/88 [00:06<00:18,  3.88it/s, loss=1.663]
  epoch 1/3:  22%|██▏       | 19/88 [00:06<00:17,  3.87it/s, loss=1.663]
  epoch 1/3:  22%|██▏       | 19/88 [00:06<00:17,  3.87it/s, loss=1.661]
  epoch 1/3:  23%|██▎       | 20/88 [00:06<00:17,  3.89it/s, loss=1.661]
  epoch 1/3:  23%|██▎       | 20/88 [00:06<00:17,  3.89it/s, loss=1.661]
  epoch 1/3:  24%|██▍       | 21/88 [00:06<00:17,  3.89it/s, loss=1.661]
  epoch 1/3:  24%|██▍       | 21/88 [00:06<00:17,  3.89it/s, loss=1.661]
  epoch 1/3:  25%|██▌       | 22/88 [00:06<00:17,  3.87it/s, loss=1.661]
  epoch 1/3:  25%|██▌       | 22/88 [00:07<00:17,  3.87it/s, loss=1.656]
  epoch 1/3:  26%|██▌       | 23/88 [00:07<00:16,  3.85it/s, loss=1.656]
  epoch 1/3:  26%|██▌       | 23/88 [00:07<00:16,  3.85it/s, loss=1.651]
  epoch 1/3:  27%|██▋       | 24/88 [00:07<00:16,  3.85it/s, loss=1.651]
  epoch 1/3:  27%|██▋       | 24/88 [00:07<00:16,  3.85it/s, loss=1.642]
  epoch 1/3:  28%|██▊       | 25/88 [00:07<00:16,  3.85it/s, loss=1.642]
  epoch 1/3:  28%|██▊       | 25/88 [00:07<00:16,  3.85it/s, loss=1.641]
  epoch 1/3:  30%|██▉       | 26/88 [00:07<00:16,  3.87it/s, loss=1.641]
  epoch 1/3:  30%|██▉       | 26/88 [00:08<00:16,  3.87it/s, loss=1.638]
  epoch 1/3:  31%|███       | 27/88 [00:08<00:15,  3.86it/s, loss=1.638]
  epoch 1/3:  31%|███       | 27/88 [00:08<00:15,  3.86it/s, loss=1.636]
  epoch 1/3:  32%|███▏      | 28/88 [00:08<00:15,  3.84it/s, loss=1.636]
  epoch 1/3:  32%|███▏      | 28/88 [00:08<00:15,  3.84it/s, loss=1.635]
  epoch 1/3:  33%|███▎      | 29/88 [00:08<00:15,  3.83it/s, loss=1.635]
  epoch 1/3:  33%|███▎      | 29/88 [00:08<00:15,  3.83it/s, loss=1.635]
  epoch 1/3:  34%|███▍      | 30/88 [00:08<00:15,  3.81it/s, loss=1.635]
  epoch 1/3:  34%|███▍      | 30/88 [00:09<00:15,  3.81it/s, loss=1.636]
  epoch 1/3:  35%|███▌      | 31/88 [00:09<00:14,  3.81it/s, loss=1.636]
  epoch 1/3:  35%|███▌      | 31/88 [00:09<00:14,  3.81it/s, loss=1.637]
  epoch 1/3:  36%|███▋      | 32/88 [00:09<00:14,  3.76it/s, loss=1.637]
  epoch 1/3:  36%|███▋      | 32/88 [00:09<00:14,  3.76it/s, loss=1.635]
  epoch 1/3:  38%|███▊      | 33/88 [00:09<00:14,  3.79it/s, loss=1.635]
  epoch 1/3:  38%|███▊      | 33/88 [00:09<00:14,  3.79it/s, loss=1.632]
  epoch 1/3:  39%|███▊      | 34/88 [00:09<00:14,  3.81it/s, loss=1.632]
  epoch 1/3:  39%|███▊      | 34/88 [00:10<00:14,  3.81it/s, loss=1.631]
  epoch 1/3:  40%|███▉      | 35/88 [00:10<00:13,  3.81it/s, loss=1.631]
  epoch 1/3:  40%|███▉      | 35/88 [00:10<00:13,  3.81it/s, loss=1.628]
  epoch 1/3:  41%|████      | 36/88 [00:10<00:13,  3.80it/s, loss=1.628]
  epoch 1/3:  41%|████      | 36/88 [00:10<00:13,  3.80it/s, loss=1.626]
  epoch 1/3:  42%|████▏     | 37/88 [00:10<00:13,  3.80it/s, loss=1.626]
  epoch 1/3:  42%|████▏     | 37/88 [00:11<00:13,  3.80it/s, loss=1.623]
  epoch 1/3:  43%|████▎     | 38/88 [00:11<00:13,  3.80it/s, loss=1.623]
  epoch 1/3:  43%|████▎     | 38/88 [00:11<00:13,  3.80it/s, loss=1.621]
  epoch 1/3:  44%|████▍     | 39/88 [00:11<00:12,  3.80it/s, loss=1.621]
  epoch 1/3:  44%|████▍     | 39/88 [00:11<00:12,  3.80it/s, loss=1.622]
  epoch 1/3:  45%|████▌     | 40/88 [00:11<00:12,  3.79it/s, loss=1.622]
  epoch 1/3:  45%|████▌     | 40/88 [00:11<00:12,  3.79it/s, loss=1.622]
  epoch 1/3:  47%|████▋     | 41/88 [00:11<00:12,  3.80it/s, loss=1.622]
  epoch 1/3:  47%|████▋     | 41/88 [00:12<00:12,  3.80it/s, loss=1.624]
  epoch 1/3:  48%|████▊     | 42/88 [00:12<00:12,  3.80it/s, loss=1.624]
  epoch 1/3:  48%|████▊     | 42/88 [00:12<00:12,  3.80it/s, loss=1.624]
  epoch 1/3:  49%|████▉     | 43/88 [00:12<00:11,  3.79it/s, loss=1.624]
  epoch 1/3:  49%|████▉     | 43/88 [00:12<00:11,  3.79it/s, loss=1.620]
  epoch 1/3:  50%|█████     | 44/88 [00:12<00:11,  3.79it/s, loss=1.620]
  epoch 1/3:  50%|█████     | 44/88 [00:12<00:11,  3.79it/s, loss=1.616]
  epoch 1/3:  51%|█████     | 45/88 [00:12<00:11,  3.80it/s, loss=1.616]
  epoch 1/3:  51%|█████     | 45/88 [00:13<00:11,  3.80it/s, loss=1.618]
  epoch 1/3:  52%|█████▏    | 46/88 [00:13<00:11,  3.79it/s, loss=1.618]
  epoch 1/3:  52%|█████▏    | 46/88 [00:13<00:11,  3.79it/s, loss=1.618]
  epoch 1/3:  53%|█████▎    | 47/88 [00:13<00:10,  3.80it/s, loss=1.618]
  epoch 1/3:  53%|█████▎    | 47/88 [00:13<00:10,  3.80it/s, loss=1.616]
  epoch 1/3:  55%|█████▍    | 48/88 [00:13<00:10,  3.75it/s, loss=1.616]
  epoch 1/3:  55%|█████▍    | 48/88 [00:13<00:10,  3.75it/s, loss=1.611]
  epoch 1/3:  56%|█████▌    | 49/88 [00:13<00:10,  3.75it/s, loss=1.611]
  epoch 1/3:  56%|█████▌    | 49/88 [00:14<00:10,  3.75it/s, loss=1.607]
  epoch 1/3:  57%|█████▋    | 50/88 [00:14<00:10,  3.75it/s, loss=1.607]
  epoch 1/3:  57%|█████▋    | 50/88 [00:14<00:10,  3.75it/s, loss=1.603]
  epoch 1/3:  58%|█████▊    | 51/88 [00:14<00:09,  3.75it/s, loss=1.603]
  epoch 1/3:  58%|█████▊    | 51/88 [00:14<00:09,  3.75it/s, loss=1.600]
  epoch 1/3:  59%|█████▉    | 52/88 [00:14<00:09,  3.76it/s, loss=1.600]
  epoch 1/3:  59%|█████▉    | 52/88 [00:15<00:09,  3.76it/s, loss=1.601]
  epoch 1/3:  60%|██████    | 53/88 [00:15<00:09,  3.76it/s, loss=1.601]
  epoch 1/3:  60%|██████    | 53/88 [00:15<00:09,  3.76it/s, loss=1.601]
  epoch 1/3:  61%|██████▏   | 54/88 [00:15<00:09,  3.75it/s, loss=1.601]
  epoch 1/3:  61%|██████▏   | 54/88 [00:15<00:09,  3.75it/s, loss=1.600]
  epoch 1/3:  62%|██████▎   | 55/88 [00:15<00:08,  3.76it/s, loss=1.600]
  epoch 1/3:  62%|██████▎   | 55/88 [00:15<00:08,  3.76it/s, loss=1.598]
  epoch 1/3:  64%|██████▎   | 56/88 [00:15<00:08,  3.74it/s, loss=1.598]
  epoch 1/3:  64%|██████▎   | 56/88 [00:16<00:08,  3.74it/s, loss=1.597]
  epoch 1/3:  65%|██████▍   | 57/88 [00:16<00:08,  3.74it/s, loss=1.597]
  epoch 1/3:  65%|██████▍   | 57/88 [00:16<00:08,  3.74it/s, loss=1.596]
  epoch 1/3:  66%|██████▌   | 58/88 [00:16<00:08,  3.72it/s, loss=1.596]
  epoch 1/3:  66%|██████▌   | 58/88 [00:16<00:08,  3.72it/s, loss=1.594]
  epoch 1/3:  67%|██████▋   | 59/88 [00:16<00:07,  3.70it/s, loss=1.594]
  epoch 1/3:  67%|██████▋   | 59/88 [00:16<00:07,  3.70it/s, loss=1.590]
  epoch 1/3:  68%|██████▊   | 60/88 [00:16<00:07,  3.72it/s, loss=1.590]
  epoch 1/3:  68%|██████▊   | 60/88 [00:17<00:07,  3.72it/s, loss=1.588]
  epoch 1/3:  69%|██████▉   | 61/88 [00:17<00:07,  3.72it/s, loss=1.588]
  epoch 1/3:  69%|██████▉   | 61/88 [00:17<00:07,  3.72it/s, loss=1.586]
  epoch 1/3:  70%|███████   | 62/88 [00:17<00:07,  3.71it/s, loss=1.586]
  epoch 1/3:  70%|███████   | 62/88 [00:17<00:07,  3.71it/s, loss=1.584]
  epoch 1/3:  72%|███████▏  | 63/88 [00:17<00:06,  3.71it/s, loss=1.584]
  epoch 1/3:  72%|███████▏  | 63/88 [00:17<00:06,  3.71it/s, loss=1.582]
  epoch 1/3:  73%|███████▎  | 64/88 [00:17<00:06,  3.66it/s, loss=1.582]
  epoch 1/3:  73%|███████▎  | 64/88 [00:18<00:06,  3.66it/s, loss=1.580]
  epoch 1/3:  74%|███████▍  | 65/88 [00:18<00:06,  3.70it/s, loss=1.580]
  epoch 1/3:  74%|███████▍  | 65/88 [00:18<00:06,  3.70it/s, loss=1.577]
  epoch 1/3:  75%|███████▌  | 66/88 [00:18<00:05,  3.67it/s, loss=1.577]
  epoch 1/3:  75%|███████▌  | 66/88 [00:18<00:05,  3.67it/s, loss=1.576]
  epoch 1/3:  76%|███████▌  | 67/88 [00:18<00:05,  3.66it/s, loss=1.576]
  epoch 1/3:  76%|███████▌  | 67/88 [00:19<00:05,  3.66it/s, loss=1.576]
  epoch 1/3:  77%|███████▋  | 68/88 [00:19<00:05,  3.66it/s, loss=1.576]
  epoch 1/3:  77%|███████▋  | 68/88 [00:19<00:05,  3.66it/s, loss=1.575]
  epoch 1/3:  78%|███████▊  | 69/88 [00:19<00:05,  3.65it/s, loss=1.575]
  epoch 1/3:  78%|███████▊  | 69/88 [00:19<00:05,  3.65it/s, loss=1.572]
  epoch 1/3:  80%|███████▉  | 70/88 [00:19<00:04,  3.66it/s, loss=1.572]
  epoch 1/3:  80%|███████▉  | 70/88 [00:19<00:04,  3.66it/s, loss=1.570]
  epoch 1/3:  81%|████████  | 71/88 [00:19<00:04,  3.65it/s, loss=1.570]
  epoch 1/3:  81%|████████  | 71/88 [00:20<00:04,  3.65it/s, loss=1.569]
  epoch 1/3:  82%|████████▏ | 72/88 [00:20<00:04,  3.65it/s, loss=1.569]
  epoch 1/3:  82%|████████▏ | 72/88 [00:20<00:04,  3.65it/s, loss=1.567]
  epoch 1/3:  83%|████████▎ | 73/88 [00:20<00:04,  3.65it/s, loss=1.567]
  epoch 1/3:  83%|████████▎ | 73/88 [00:20<00:04,  3.65it/s, loss=1.566]
  epoch 1/3:  84%|████████▍ | 74/88 [00:20<00:03,  3.65it/s, loss=1.566]
  epoch 1/3:  84%|████████▍ | 74/88 [00:20<00:03,  3.65it/s, loss=1.566]
  epoch 1/3:  85%|████████▌ | 75/88 [00:20<00:03,  3.65it/s, loss=1.566]
  epoch 1/3:  85%|████████▌ | 75/88 [00:21<00:03,  3.65it/s, loss=1.565]
  epoch 1/3:  86%|████████▋ | 76/88 [00:21<00:03,  3.65it/s, loss=1.565]
  epoch 1/3:  86%|████████▋ | 76/88 [00:21<00:03,  3.65it/s, loss=1.563]
  epoch 1/3:  88%|████████▊ | 77/88 [00:21<00:03,  3.62it/s, loss=1.563]
  epoch 1/3:  88%|████████▊ | 77/88 [00:21<00:03,  3.62it/s, loss=1.561]
  epoch 1/3:  89%|████████▊ | 78/88 [00:21<00:02,  3.62it/s, loss=1.561]
  epoch 1/3:  89%|████████▊ | 78/88 [00:22<00:02,  3.62it/s, loss=1.560]
  epoch 1/3:  90%|████████▉ | 79/88 [00:22<00:02,  3.63it/s, loss=1.560]
  epoch 1/3:  90%|████████▉ | 79/88 [00:22<00:02,  3.63it/s, loss=1.559]
  epoch 1/3:  91%|█████████ | 80/88 [00:22<00:02,  3.59it/s, loss=1.559]
  epoch 1/3:  91%|█████████ | 80/88 [00:22<00:02,  3.59it/s, loss=1.557]
  epoch 1/3:  92%|█████████▏| 81/88 [00:22<00:01,  3.61it/s, loss=1.557]
  epoch 1/3:  92%|█████████▏| 81/88 [00:22<00:01,  3.61it/s, loss=1.555]
  epoch 1/3:  93%|█████████▎| 82/88 [00:22<00:01,  3.62it/s, loss=1.555]
  epoch 1/3:  93%|█████████▎| 82/88 [00:23<00:01,  3.62it/s, loss=1.553]
  epoch 1/3:  94%|█████████▍| 83/88 [00:23<00:01,  3.64it/s, loss=1.553]
  epoch 1/3:  94%|█████████▍| 83/88 [00:23<00:01,  3.64it/s, loss=1.551]
  epoch 1/3:  95%|█████████▌| 84/88 [00:23<00:01,  3.63it/s, loss=1.551]
  epoch 1/3:  95%|█████████▌| 84/88 [00:23<00:01,  3.63it/s, loss=1.550]
  epoch 1/3:  97%|█████████▋| 85/88 [00:23<00:00,  3.65it/s, loss=1.550]
  epoch 1/3:  97%|█████████▋| 85/88 [00:24<00:00,  3.65it/s, loss=1.548]
  epoch 1/3:  98%|█████████▊| 86/88 [00:24<00:00,  3.64it/s, loss=1.548]
  epoch 1/3:  98%|█████████▊| 86/88 [00:24<00:00,  3.64it/s, loss=1.545]
  epoch 1/3:  99%|█████████▉| 87/88 [00:24<00:00,  3.65it/s, loss=1.545]
  epoch 1/3:  99%|█████████▉| 87/88 [00:24<00:00,  3.65it/s, loss=1.543]
  epoch 1/3: 100%|██████████| 88/88 [00:24<00:00,  3.98it/s, loss=1.543]
                                                                        

  epoch 2/3:   0%|          | 0/88 [00:00<?, ?it/s]
  epoch 2/3:   0%|          | 0/88 [00:00<?, ?it/s, loss=1.429]
  epoch 2/3:   1%|          | 1/88 [00:00<00:42,  2.05it/s, loss=1.429]
  epoch 2/3:   1%|          | 1/88 [00:00<00:42,  2.05it/s, loss=1.387]
  epoch 2/3:   2%|▏         | 2/88 [00:00<00:31,  2.77it/s, loss=1.387]
  epoch 2/3:   2%|▏         | 2/88 [00:01<00:31,  2.77it/s, loss=1.368]
  epoch 2/3:   3%|▎         | 3/88 [00:01<00:27,  3.10it/s, loss=1.368]
  epoch 2/3:   3%|▎         | 3/88 [00:01<00:27,  3.10it/s, loss=1.399]
  epoch 2/3:   5%|▍         | 4/88 [00:01<00:25,  3.30it/s, loss=1.399]
  epoch 2/3:   5%|▍         | 4/88 [00:01<00:25,  3.30it/s, loss=1.373]
  epoch 2/3:   6%|▌         | 5/88 [00:01<00:24,  3.39it/s, loss=1.373]
  epoch 2/3:   6%|▌         | 5/88 [00:01<00:24,  3.39it/s, loss=1.390]
  epoch 2/3:   7%|▋         | 6/88 [00:01<00:23,  3.45it/s, loss=1.390]
  epoch 2/3:   7%|▋         | 6/88 [00:02<00:23,  3.45it/s, loss=1.392]
  epoch 2/3:   8%|▊         | 7/88 [00:02<00:22,  3.52it/s, loss=1.392]
  epoch 2/3:   8%|▊         | 7/88 [00:02<00:22,  3.52it/s, loss=1.388]
  epoch 2/3:   9%|▉         | 8/88 [00:02<00:22,  3.48it/s, loss=1.388]
  epoch 2/3:   9%|▉         | 8/88 [00:02<00:22,  3.48it/s, loss=1.384]
  epoch 2/3:  10%|█         | 9/88 [00:02<00:22,  3.51it/s, loss=1.384]
  epoch 2/3:  10%|█         | 9/88 [00:02<00:22,  3.51it/s, loss=1.380]
  epoch 2/3:  11%|█▏        | 10/88 [00:02<00:22,  3.54it/s, loss=1.380]
  epoch 2/3:  11%|█▏        | 10/88 [00:03<00:22,  3.54it/s, loss=1.386]
  epoch 2/3:  12%|█▎        | 11/88 [00:03<00:21,  3.54it/s, loss=1.386]
  epoch 2/3:  12%|█▎        | 11/88 [00:03<00:21,  3.54it/s, loss=1.391]
  epoch 2/3:  14%|█▎        | 12/88 [00:03<00:21,  3.54it/s, loss=1.391]
  epoch 2/3:  14%|█▎        | 12/88 [00:03<00:21,  3.54it/s, loss=1.387]
  epoch 2/3:  15%|█▍        | 13/88 [00:03<00:21,  3.53it/s, loss=1.387]
  epoch 2/3:  15%|█▍        | 13/88 [00:04<00:21,  3.53it/s, loss=1.387]
  epoch 2/3:  16%|█▌        | 14/88 [00:04<00:20,  3.53it/s, loss=1.387]
  epoch 2/3:  16%|█▌        | 14/88 [00:04<00:20,  3.53it/s, loss=1.385]
  epoch 2/3:  17%|█▋        | 15/88 [00:04<00:20,  3.53it/s, loss=1.385]
  epoch 2/3:  17%|█▋        | 15/88 [00:04<00:20,  3.53it/s, loss=1.383]
  epoch 2/3:  18%|█▊        | 16/88 [00:04<00:20,  3.52it/s, loss=1.383]
  epoch 2/3:  18%|█▊        | 16/88 [00:04<00:20,  3.52it/s, loss=1.383]
  epoch 2/3:  19%|█▉        | 17/88 [00:04<00:20,  3.52it/s, loss=1.383]
  epoch 2/3:  19%|█▉        | 17/88 [00:05<00:20,  3.52it/s, loss=1.383]
  epoch 2/3:  20%|██        | 18/88 [00:05<00:19,  3.52it/s, loss=1.383]
  epoch 2/3:  20%|██        | 18/88 [00:05<00:19,  3.52it/s, loss=1.381]
  epoch 2/3:  22%|██▏       | 19/88 [00:05<00:19,  3.52it/s, loss=1.381]
  epoch 2/3:  22%|██▏       | 19/88 [00:05<00:19,  3.52it/s, loss=1.379]
  epoch 2/3:  23%|██▎       | 20/88 [00:05<00:19,  3.52it/s, loss=1.379]
  epoch 2/3:  23%|██▎       | 20/88 [00:06<00:19,  3.52it/s, loss=1.374]
  epoch 2/3:  24%|██▍       | 21/88 [00:06<00:19,  3.52it/s, loss=1.374]
  epoch 2/3:  24%|██▍       | 21/88 [00:06<00:19,  3.52it/s, loss=1.367]
  epoch 2/3:  25%|██▌       | 22/88 [00:06<00:18,  3.52it/s, loss=1.367]
  epoch 2/3:  25%|██▌       | 22/88 [00:06<00:18,  3.52it/s, loss=1.361]
  epoch 2/3:  26%|██▌       | 23/88 [00:06<00:18,  3.52it/s, loss=1.361]
  epoch 2/3:  26%|██▌       | 23/88 [00:06<00:18,  3.52it/s, loss=1.356]
  epoch 2/3:  27%|██▋       | 24/88 [00:06<00:18,  3.48it/s, loss=1.356]
  epoch 2/3:  27%|██▋       | 24/88 [00:07<00:18,  3.48it/s, loss=1.352]
  epoch 2/3:  28%|██▊       | 25/88 [00:07<00:17,  3.52it/s, loss=1.352]
  epoch 2/3:  28%|██▊       | 25/88 [00:07<00:17,  3.52it/s, loss=1.350]
  epoch 2/3:  30%|██▉       | 26/88 [00:07<00:17,  3.53it/s, loss=1.350]
  epoch 2/3:  30%|██▉       | 26/88 [00:07<00:17,  3.53it/s, loss=1.348]
  epoch 2/3:  31%|███       | 27/88 [00:07<00:17,  3.53it/s, loss=1.348]
  epoch 2/3:  31%|███       | 27/88 [00:08<00:17,  3.53it/s, loss=1.344]
  epoch 2/3:  32%|███▏      | 28/88 [00:08<00:16,  3.54it/s, loss=1.344]
  epoch 2/3:  32%|███▏      | 28/88 [00:08<00:16,  3.54it/s, loss=1.343]
  epoch 2/3:  33%|███▎      | 29/88 [00:08<00:16,  3.54it/s, loss=1.343]
  epoch 2/3:  33%|███▎      | 29/88 [00:08<00:16,  3.54it/s, loss=1.342]
  epoch 2/3:  34%|███▍      | 30/88 [00:08<00:16,  3.53it/s, loss=1.342]
  epoch 2/3:  34%|███▍      | 30/88 [00:08<00:16,  3.53it/s, loss=1.341]
  epoch 2/3:  35%|███▌      | 31/88 [00:08<00:16,  3.53it/s, loss=1.341]
  epoch 2/3:  35%|███▌      | 31/88 [00:09<00:16,  3.53it/s, loss=1.341]
  epoch 2/3:  36%|███▋      | 32/88 [00:09<00:15,  3.52it/s, loss=1.341]
  epoch 2/3:  36%|███▋      | 32/88 [00:09<00:15,  3.52it/s, loss=1.335]
  epoch 2/3:  38%|███▊      | 33/88 [00:09<00:15,  3.53it/s, loss=1.335]
  epoch 2/3:  38%|███▊      | 33/88 [00:09<00:15,  3.53it/s, loss=1.334]
  epoch 2/3:  39%|███▊      | 34/88 [00:09<00:15,  3.52it/s, loss=1.334]
  epoch 2/3:  39%|███▊      | 34/88 [00:10<00:15,  3.52it/s, loss=1.328]
  epoch 2/3:  40%|███▉      | 35/88 [00:10<00:15,  3.53it/s, loss=1.328]
  epoch 2/3:  40%|███▉      | 35/88 [00:10<00:15,  3.53it/s, loss=1.326]
  epoch 2/3:  41%|████      | 36/88 [00:10<00:14,  3.52it/s, loss=1.326]
  epoch 2/3:  41%|████      | 36/88 [00:10<00:14,  3.52it/s, loss=1.325]
  epoch 2/3:  42%|████▏     | 37/88 [00:10<00:14,  3.53it/s, loss=1.325]
  epoch 2/3:  42%|████▏     | 37/88 [00:10<00:14,  3.53it/s, loss=1.322]
  epoch 2/3:  43%|████▎     | 38/88 [00:10<00:14,  3.53it/s, loss=1.322]
  epoch 2/3:  43%|████▎     | 38/88 [00:11<00:14,  3.53it/s, loss=1.320]
  epoch 2/3:  44%|████▍     | 39/88 [00:11<00:13,  3.52it/s, loss=1.320]
  epoch 2/3:  44%|████▍     | 39/88 [00:11<00:13,  3.52it/s, loss=1.318]
  epoch 2/3:  45%|████▌     | 40/88 [00:11<00:13,  3.48it/s, loss=1.318]
  epoch 2/3:  45%|████▌     | 40/88 [00:11<00:13,  3.48it/s, loss=1.317]
  epoch 2/3:  47%|████▋     | 41/88 [00:11<00:13,  3.51it/s, loss=1.317]
  epoch 2/3:  47%|████▋     | 41/88 [00:12<00:13,  3.51it/s, loss=1.317]
  epoch 2/3:  48%|████▊     | 42/88 [00:12<00:13,  3.53it/s, loss=1.317]
  epoch 2/3:  48%|████▊     | 42/88 [00:12<00:13,  3.53it/s, loss=1.316]
  epoch 2/3:  49%|████▉     | 43/88 [00:12<00:12,  3.54it/s, loss=1.316]
  epoch 2/3:  49%|████▉     | 43/88 [00:12<00:12,  3.54it/s, loss=1.313]
  epoch 2/3:  50%|█████     | 44/88 [00:12<00:12,  3.53it/s, loss=1.313]
  epoch 2/3:  50%|█████     | 44/88 [00:12<00:12,  3.53it/s, loss=1.313]
  epoch 2/3:  51%|█████     | 45/88 [00:12<00:12,  3.53it/s, loss=1.313]
  epoch 2/3:  51%|█████     | 45/88 [00:13<00:12,  3.53it/s, loss=1.311]
  epoch 2/3:  52%|█████▏    | 46/88 [00:13<00:11,  3.52it/s, loss=1.311]
  epoch 2/3:  52%|█████▏    | 46/88 [00:13<00:11,  3.52it/s, loss=1.309]
  epoch 2/3:  53%|█████▎    | 47/88 [00:13<00:11,  3.53it/s, loss=1.309]
  epoch 2/3:  53%|█████▎    | 47/88 [00:13<00:11,  3.53it/s, loss=1.306]
  epoch 2/3:  55%|█████▍    | 48/88 [00:13<00:11,  3.53it/s, loss=1.306]
  epoch 2/3:  55%|█████▍    | 48/88 [00:14<00:11,  3.53it/s, loss=1.302]
  epoch 2/3:  56%|█████▌    | 49/88 [00:14<00:11,  3.52it/s, loss=1.302]
  epoch 2/3:  56%|█████▌    | 49/88 [00:14<00:11,  3.52it/s, loss=1.302]
  epoch 2/3:  57%|█████▋    | 50/88 [00:14<00:10,  3.53it/s, loss=1.302]
  epoch 2/3:  57%|█████▋    | 50/88 [00:14<00:10,  3.53it/s, loss=1.299]
  epoch 2/3:  58%|█████▊    | 51/88 [00:14<00:10,  3.54it/s, loss=1.299]
  epoch 2/3:  58%|█████▊    | 51/88 [00:14<00:10,  3.54it/s, loss=1.293]
  epoch 2/3:  59%|█████▉    | 52/88 [00:14<00:10,  3.56it/s, loss=1.293]
  epoch 2/3:  59%|█████▉    | 52/88 [00:15<00:10,  3.56it/s, loss=1.292]
  epoch 2/3:  60%|██████    | 53/88 [00:15<00:09,  3.58it/s, loss=1.292]
  epoch 2/3:  60%|██████    | 53/88 [00:15<00:09,  3.58it/s, loss=1.293]
  epoch 2/3:  61%|██████▏   | 54/88 [00:15<00:09,  3.57it/s, loss=1.293]
  epoch 2/3:  61%|██████▏   | 54/88 [00:15<00:09,  3.57it/s, loss=1.291]
  epoch 2/3:  62%|██████▎   | 55/88 [00:15<00:09,  3.58it/s, loss=1.291]
  epoch 2/3:  62%|██████▎   | 55/88 [00:16<00:09,  3.58it/s, loss=1.290]
  epoch 2/3:  64%|██████▎   | 56/88 [00:16<00:09,  3.56it/s, loss=1.290]
  epoch 2/3:  64%|██████▎   | 56/88 [00:16<00:09,  3.56it/s, loss=1.289]
  epoch 2/3:  65%|██████▍   | 57/88 [00:16<00:08,  3.59it/s, loss=1.289]
  epoch 2/3:  65%|██████▍   | 57/88 [00:16<00:08,  3.59it/s, loss=1.288]
  epoch 2/3:  66%|██████▌   | 58/88 [00:16<00:08,  3.59it/s, loss=1.288]
  epoch 2/3:  66%|██████▌   | 58/88 [00:16<00:08,  3.59it/s, loss=1.286]
  epoch 2/3:  67%|██████▋   | 59/88 [00:16<00:08,  3.60it/s, loss=1.286]
  epoch 2/3:  67%|██████▋   | 59/88 [00:17<00:08,  3.60it/s, loss=1.285]
  epoch 2/3:  68%|██████▊   | 60/88 [00:17<00:07,  3.61it/s, loss=1.285]
  epoch 2/3:  68%|██████▊   | 60/88 [00:17<00:07,  3.61it/s, loss=1.282]
  epoch 2/3:  69%|██████▉   | 61/88 [00:17<00:07,  3.62it/s, loss=1.282]
  epoch 2/3:  69%|██████▉   | 61/88 [00:17<00:07,  3.62it/s, loss=1.282]
  epoch 2/3:  70%|███████   | 62/88 [00:17<00:07,  3.64it/s, loss=1.282]
  epoch 2/3:  70%|███████   | 62/88 [00:17<00:07,  3.64it/s, loss=1.281]
  epoch 2/3:  72%|███████▏  | 63/88 [00:17<00:06,  3.61it/s, loss=1.281]
  epoch 2/3:  72%|███████▏  | 63/88 [00:18<00:06,  3.61it/s, loss=1.278]
  epoch 2/3:  73%|███████▎  | 64/88 [00:18<00:06,  3.62it/s, loss=1.278]
  epoch 2/3:  73%|███████▎  | 64/88 [00:18<00:06,  3.62it/s, loss=1.279]
  epoch 2/3:  74%|███████▍  | 65/88 [00:18<00:06,  3.63it/s, loss=1.279]
  epoch 2/3:  74%|███████▍  | 65/88 [00:18<00:06,  3.63it/s, loss=1.278]
  epoch 2/3:  75%|███████▌  | 66/88 [00:18<00:06,  3.63it/s, loss=1.278]
  epoch 2/3:  75%|███████▌  | 66/88 [00:19<00:06,  3.63it/s, loss=1.278]
  epoch 2/3:  76%|███████▌  | 67/88 [00:19<00:05,  3.64it/s, loss=1.278]
  epoch 2/3:  76%|███████▌  | 67/88 [00:19<00:05,  3.64it/s, loss=1.275]
  epoch 2/3:  77%|███████▋  | 68/88 [00:19<00:05,  3.64it/s, loss=1.275]
  epoch 2/3:  77%|███████▋  | 68/88 [00:19<00:05,  3.64it/s, loss=1.272]
  epoch 2/3:  78%|███████▊  | 69/88 [00:19<00:05,  3.65it/s, loss=1.272]
  epoch 2/3:  78%|███████▊  | 69/88 [00:19<00:05,  3.65it/s, loss=1.269]
  epoch 2/3:  80%|███████▉  | 70/88 [00:19<00:04,  3.65it/s, loss=1.269]
  epoch 2/3:  80%|███████▉  | 70/88 [00:20<00:04,  3.65it/s, loss=1.268]
  epoch 2/3:  81%|████████  | 71/88 [00:20<00:04,  3.66it/s, loss=1.268]
  epoch 2/3:  81%|████████  | 71/88 [00:20<00:04,  3.66it/s, loss=1.265]
  epoch 2/3:  82%|████████▏ | 72/88 [00:20<00:04,  3.60it/s, loss=1.265]
  epoch 2/3:  82%|████████▏ | 72/88 [00:20<00:04,  3.60it/s, loss=1.262]
  epoch 2/3:  83%|████████▎ | 73/88 [00:20<00:04,  3.63it/s, loss=1.262]
  epoch 2/3:  83%|████████▎ | 73/88 [00:20<00:04,  3.63it/s, loss=1.259]
  epoch 2/3:  84%|████████▍ | 74/88 [00:20<00:03,  3.64it/s, loss=1.259]
  epoch 2/3:  84%|████████▍ | 74/88 [00:21<00:03,  3.64it/s, loss=1.256]
  epoch 2/3:  85%|████████▌ | 75/88 [00:21<00:03,  3.64it/s, loss=1.256]
  epoch 2/3:  85%|████████▌ | 75/88 [00:21<00:03,  3.64it/s, loss=1.256]
  epoch 2/3:  86%|████████▋ | 76/88 [00:21<00:03,  3.65it/s, loss=1.256]
  epoch 2/3:  86%|████████▋ | 76/88 [00:21<00:03,  3.65it/s, loss=1.254]
  epoch 2/3:  88%|████████▊ | 77/88 [00:21<00:03,  3.65it/s, loss=1.254]
  epoch 2/3:  88%|████████▊ | 77/88 [00:22<00:03,  3.65it/s, loss=1.252]
  epoch 2/3:  89%|████████▊ | 78/88 [00:22<00:02,  3.65it/s, loss=1.252]
  epoch 2/3:  89%|████████▊ | 78/88 [00:22<00:02,  3.65it/s, loss=1.252]
  epoch 2/3:  90%|████████▉ | 79/88 [00:22<00:02,  3.65it/s, loss=1.252]
  epoch 2/3:  90%|████████▉ | 79/88 [00:22<00:02,  3.65it/s, loss=1.252]
  epoch 2/3:  91%|█████████ | 80/88 [00:22<00:02,  3.66it/s, loss=1.252]
  epoch 2/3:  91%|█████████ | 80/88 [00:22<00:02,  3.66it/s, loss=1.250]
  epoch 2/3:  92%|█████████▏| 81/88 [00:22<00:01,  3.67it/s, loss=1.250]
  epoch 2/3:  92%|█████████▏| 81/88 [00:23<00:01,  3.67it/s, loss=1.248]
  epoch 2/3:  93%|█████████▎| 82/88 [00:23<00:01,  3.66it/s, loss=1.248]
  epoch 2/3:  93%|█████████▎| 82/88 [00:23<00:01,  3.66it/s, loss=1.247]
  epoch 2/3:  94%|█████████▍| 83/88 [00:23<00:01,  3.69it/s, loss=1.247]
  epoch 2/3:  94%|█████████▍| 83/88 [00:23<00:01,  3.69it/s, loss=1.245]
  epoch 2/3:  95%|█████████▌| 84/88 [00:23<00:01,  3.69it/s, loss=1.245]
  epoch 2/3:  95%|█████████▌| 84/88 [00:23<00:01,  3.69it/s, loss=1.244]
  epoch 2/3:  97%|█████████▋| 85/88 [00:23<00:00,  3.69it/s, loss=1.244]
  epoch 2/3:  97%|█████████▋| 85/88 [00:24<00:00,  3.69it/s, loss=1.243]
  epoch 2/3:  98%|█████████▊| 86/88 [00:24<00:00,  3.70it/s, loss=1.243]
  epoch 2/3:  98%|█████████▊| 86/88 [00:24<00:00,  3.70it/s, loss=1.242]
  epoch 2/3:  99%|█████████▉| 87/88 [00:24<00:00,  3.69it/s, loss=1.242]
  epoch 2/3:  99%|█████████▉| 87/88 [00:24<00:00,  3.69it/s, loss=1.240]
  epoch 2/3: 100%|██████████| 88/88 [00:24<00:00,  3.98it/s, loss=1.240]
                                                                        

  epoch 3/3:   0%|          | 0/88 [00:00<?, ?it/s]
  epoch 3/3:   0%|          | 0/88 [00:00<?, ?it/s, loss=1.023]
  epoch 3/3:   1%|          | 1/88 [00:00<00:41,  2.10it/s, loss=1.023]
  epoch 3/3:   1%|          | 1/88 [00:00<00:41,  2.10it/s, loss=1.046]
  epoch 3/3:   2%|▏         | 2/88 [00:00<00:30,  2.82it/s, loss=1.046]
  epoch 3/3:   2%|▏         | 2/88 [00:01<00:30,  2.82it/s, loss=1.042]
  epoch 3/3:   3%|▎         | 3/88 [00:01<00:26,  3.16it/s, loss=1.042]
  epoch 3/3:   3%|▎         | 3/88 [00:01<00:26,  3.16it/s, loss=1.048]
  epoch 3/3:   5%|▍         | 4/88 [00:01<00:24,  3.37it/s, loss=1.048]
  epoch 3/3:   5%|▍         | 4/88 [00:01<00:24,  3.37it/s, loss=1.056]
  epoch 3/3:   6%|▌         | 5/88 [00:01<00:23,  3.50it/s, loss=1.056]
  epoch 3/3:   6%|▌         | 5/88 [00:01<00:23,  3.50it/s, loss=1.061]
  epoch 3/3:   7%|▋         | 6/88 [00:01<00:22,  3.57it/s, loss=1.061]
  epoch 3/3:   7%|▋         | 6/88 [00:02<00:22,  3.57it/s, loss=1.062]
  epoch 3/3:   8%|▊         | 7/88 [00:02<00:22,  3.61it/s, loss=1.062]
  epoch 3/3:   8%|▊         | 7/88 [00:02<00:22,  3.61it/s, loss=1.065]
  epoch 3/3:   9%|▉         | 8/88 [00:02<00:21,  3.65it/s, loss=1.065]
  epoch 3/3:   9%|▉         | 8/88 [00:02<00:21,  3.65it/s, loss=1.069]
  epoch 3/3:  10%|█         | 9/88 [00:02<00:21,  3.68it/s, loss=1.069]
  epoch 3/3:  10%|█         | 9/88 [00:02<00:21,  3.68it/s, loss=1.071]
  epoch 3/3:  11%|█▏        | 10/88 [00:02<00:21,  3.69it/s, loss=1.071]
  epoch 3/3:  11%|█▏        | 10/88 [00:03<00:21,  3.69it/s, loss=1.076]
  epoch 3/3:  12%|█▎        | 11/88 [00:03<00:20,  3.70it/s, loss=1.076]
  epoch 3/3:  12%|█▎        | 11/88 [00:03<00:20,  3.70it/s, loss=1.073]
  epoch 3/3:  14%|█▎        | 12/88 [00:03<00:20,  3.70it/s, loss=1.073]
  epoch 3/3:  14%|█▎        | 12/88 [00:03<00:20,  3.70it/s, loss=1.087]
  epoch 3/3:  15%|█▍        | 13/88 [00:03<00:20,  3.73it/s, loss=1.087]
  epoch 3/3:  15%|█▍        | 13/88 [00:03<00:20,  3.73it/s, loss=1.078]
  epoch 3/3:  16%|█▌        | 14/88 [00:03<00:19,  3.73it/s, loss=1.078]
  epoch 3/3:  16%|█▌        | 14/88 [00:04<00:19,  3.73it/s, loss=1.081]
  epoch 3/3:  17%|█▋        | 15/88 [00:04<00:19,  3.72it/s, loss=1.081]
  epoch 3/3:  17%|█▋        | 15/88 [00:04<00:19,  3.72it/s, loss=1.076]
  epoch 3/3:  18%|█▊        | 16/88 [00:04<00:19,  3.66it/s, loss=1.076]
  epoch 3/3:  18%|█▊        | 16/88 [00:04<00:19,  3.66it/s, loss=1.076]
  epoch 3/3:  19%|█▉        | 17/88 [00:04<00:19,  3.68it/s, loss=1.076]
  epoch 3/3:  19%|█▉        | 17/88 [00:05<00:19,  3.68it/s, loss=1.069]
  epoch 3/3:  20%|██        | 18/88 [00:05<00:18,  3.70it/s, loss=1.069]
  epoch 3/3:  20%|██        | 18/88 [00:05<00:18,  3.70it/s, loss=1.069]
  epoch 3/3:  22%|██▏       | 19/88 [00:05<00:18,  3.72it/s, loss=1.069]
  epoch 3/3:  22%|██▏       | 19/88 [00:05<00:18,  3.72it/s, loss=1.066]
  epoch 3/3:  23%|██▎       | 20/88 [00:05<00:18,  3.72it/s, loss=1.066]
  epoch 3/3:  23%|██▎       | 20/88 [00:05<00:18,  3.72it/s, loss=1.063]
  epoch 3/3:  24%|██▍       | 21/88 [00:05<00:17,  3.73it/s, loss=1.063]
  epoch 3/3:  24%|██▍       | 21/88 [00:06<00:17,  3.73it/s, loss=1.059]
  epoch 3/3:  25%|██▌       | 22/88 [00:06<00:17,  3.73it/s, loss=1.059]
  epoch 3/3:  25%|██▌       | 22/88 [00:06<00:17,  3.73it/s, loss=1.060]
  epoch 3/3:  26%|██▌       | 23/88 [00:06<00:17,  3.72it/s, loss=1.060]
  epoch 3/3:  26%|██▌       | 23/88 [00:06<00:17,  3.72it/s, loss=1.058]
  epoch 3/3:  27%|██▋       | 24/88 [00:06<00:17,  3.74it/s, loss=1.058]
  epoch 3/3:  27%|██▋       | 24/88 [00:06<00:17,  3.74it/s, loss=1.052]
  epoch 3/3:  28%|██▊       | 25/88 [00:06<00:16,  3.76it/s, loss=1.052]
  epoch 3/3:  28%|██▊       | 25/88 [00:07<00:16,  3.76it/s, loss=1.054]
  epoch 3/3:  30%|██▉       | 26/88 [00:07<00:16,  3.77it/s, loss=1.054]
  epoch 3/3:  30%|██▉       | 26/88 [00:07<00:16,  3.77it/s, loss=1.051]
  epoch 3/3:  31%|███       | 27/88 [00:07<00:16,  3.76it/s, loss=1.051]
  epoch 3/3:  31%|███       | 27/88 [00:07<00:16,  3.76it/s, loss=1.047]
  epoch 3/3:  32%|███▏      | 28/88 [00:07<00:15,  3.76it/s, loss=1.047]
  epoch 3/3:  32%|███▏      | 28/88 [00:07<00:15,  3.76it/s, loss=1.042]
  epoch 3/3:  33%|███▎      | 29/88 [00:07<00:15,  3.75it/s, loss=1.042]
  epoch 3/3:  33%|███▎      | 29/88 [00:08<00:15,  3.75it/s, loss=1.042]
  epoch 3/3:  34%|███▍      | 30/88 [00:08<00:15,  3.73it/s, loss=1.042]
  epoch 3/3:  34%|███▍      | 30/88 [00:08<00:15,  3.73it/s, loss=1.042]
  epoch 3/3:  35%|███▌      | 31/88 [00:08<00:15,  3.74it/s, loss=1.042]
  epoch 3/3:  35%|███▌      | 31/88 [00:08<00:15,  3.74it/s, loss=1.039]
  epoch 3/3:  36%|███▋      | 32/88 [00:08<00:15,  3.70it/s, loss=1.039]
  epoch 3/3:  36%|███▋      | 32/88 [00:09<00:15,  3.70it/s, loss=1.035]
  epoch 3/3:  38%|███▊      | 33/88 [00:09<00:14,  3.71it/s, loss=1.035]
  epoch 3/3:  38%|███▊      | 33/88 [00:09<00:14,  3.71it/s, loss=1.035]
  epoch 3/3:  39%|███▊      | 34/88 [00:09<00:14,  3.73it/s, loss=1.035]
  epoch 3/3:  39%|███▊      | 34/88 [00:09<00:14,  3.73it/s, loss=1.031]
  epoch 3/3:  40%|███▉      | 35/88 [00:09<00:14,  3.74it/s, loss=1.031]
  epoch 3/3:  40%|███▉      | 35/88 [00:09<00:14,  3.74it/s, loss=1.028]
  epoch 3/3:  41%|████      | 36/88 [00:09<00:13,  3.74it/s, loss=1.028]
  epoch 3/3:  41%|████      | 36/88 [00:10<00:13,  3.74it/s, loss=1.027]
  epoch 3/3:  42%|████▏     | 37/88 [00:10<00:13,  3.75it/s, loss=1.027]
  epoch 3/3:  42%|████▏     | 37/88 [00:10<00:13,  3.75it/s, loss=1.029]
  epoch 3/3:  43%|████▎     | 38/88 [00:10<00:13,  3.74it/s, loss=1.029]
  epoch 3/3:  43%|████▎     | 38/88 [00:10<00:13,  3.74it/s, loss=1.032]
  epoch 3/3:  44%|████▍     | 39/88 [00:10<00:13,  3.74it/s, loss=1.032]
  epoch 3/3:  44%|████▍     | 39/88 [00:10<00:13,  3.74it/s, loss=1.030]
  epoch 3/3:  45%|████▌     | 40/88 [00:10<00:12,  3.75it/s, loss=1.030]
  epoch 3/3:  45%|████▌     | 40/88 [00:11<00:12,  3.75it/s, loss=1.029]
  epoch 3/3:  47%|████▋     | 41/88 [00:11<00:12,  3.76it/s, loss=1.029]
  epoch 3/3:  47%|████▋     | 41/88 [00:11<00:12,  3.76it/s, loss=1.028]
  epoch 3/3:  48%|████▊     | 42/88 [00:11<00:12,  3.78it/s, loss=1.028]
  epoch 3/3:  48%|████▊     | 42/88 [00:11<00:12,  3.78it/s, loss=1.025]
  epoch 3/3:  49%|████▉     | 43/88 [00:11<00:11,  3.78it/s, loss=1.025]
  epoch 3/3:  49%|████▉     | 43/88 [00:11<00:11,  3.78it/s, loss=1.020]
  epoch 3/3:  50%|█████     | 44/88 [00:11<00:11,  3.78it/s, loss=1.020]
  epoch 3/3:  50%|█████     | 44/88 [00:12<00:11,  3.78it/s, loss=1.017]
  epoch 3/3:  51%|█████     | 45/88 [00:12<00:11,  3.79it/s, loss=1.017]
  epoch 3/3:  51%|█████     | 45/88 [00:12<00:11,  3.79it/s, loss=1.015]
  epoch 3/3:  52%|█████▏    | 46/88 [00:12<00:11,  3.80it/s, loss=1.015]
  epoch 3/3:  52%|█████▏    | 46/88 [00:12<00:11,  3.80it/s, loss=1.013]
  epoch 3/3:  53%|█████▎    | 47/88 [00:12<00:10,  3.80it/s, loss=1.013]
  epoch 3/3:  53%|█████▎    | 47/88 [00:13<00:10,  3.80it/s, loss=1.012]
  epoch 3/3:  55%|█████▍    | 48/88 [00:13<00:10,  3.75it/s, loss=1.012]
  epoch 3/3:  55%|█████▍    | 48/88 [00:13<00:10,  3.75it/s, loss=1.012]
  epoch 3/3:  56%|█████▌    | 49/88 [00:13<00:10,  3.76it/s, loss=1.012]
  epoch 3/3:  56%|█████▌    | 49/88 [00:13<00:10,  3.76it/s, loss=1.013]
  epoch 3/3:  57%|█████▋    | 50/88 [00:13<00:10,  3.76it/s, loss=1.013]
  epoch 3/3:  57%|█████▋    | 50/88 [00:13<00:10,  3.76it/s, loss=1.013]
  epoch 3/3:  58%|█████▊    | 51/88 [00:13<00:09,  3.74it/s, loss=1.013]
  epoch 3/3:  58%|█████▊    | 51/88 [00:14<00:09,  3.74it/s, loss=1.009]
  epoch 3/3:  59%|█████▉    | 52/88 [00:14<00:09,  3.76it/s, loss=1.009]
  epoch 3/3:  59%|█████▉    | 52/88 [00:14<00:09,  3.76it/s, loss=1.008]
  epoch 3/3:  60%|██████    | 53/88 [00:14<00:09,  3.77it/s, loss=1.008]
  epoch 3/3:  60%|██████    | 53/88 [00:14<00:09,  3.77it/s, loss=1.005]
  epoch 3/3:  61%|██████▏   | 54/88 [00:14<00:09,  3.76it/s, loss=1.005]
  epoch 3/3:  61%|██████▏   | 54/88 [00:14<00:09,  3.76it/s, loss=1.004]
  epoch 3/3:  62%|██████▎   | 55/88 [00:14<00:08,  3.79it/s, loss=1.004]
  epoch 3/3:  62%|██████▎   | 55/88 [00:15<00:08,  3.79it/s, loss=1.002]
  epoch 3/3:  64%|██████▎   | 56/88 [00:15<00:08,  3.79it/s, loss=1.002]
  epoch 3/3:  64%|██████▎   | 56/88 [00:15<00:08,  3.79it/s, loss=1.001]
  epoch 3/3:  65%|██████▍   | 57/88 [00:15<00:08,  3.79it/s, loss=1.001]
  epoch 3/3:  65%|██████▍   | 57/88 [00:15<00:08,  3.79it/s, loss=1.002]
  epoch 3/3:  66%|██████▌   | 58/88 [00:15<00:07,  3.80it/s, loss=1.002]
  epoch 3/3:  66%|██████▌   | 58/88 [00:15<00:07,  3.80it/s, loss=1.000]
  epoch 3/3:  67%|██████▋   | 59/88 [00:15<00:07,  3.80it/s, loss=1.000]
  epoch 3/3:  67%|██████▋   | 59/88 [00:16<00:07,  3.80it/s, loss=0.999]
  epoch 3/3:  68%|██████▊   | 60/88 [00:16<00:07,  3.80it/s, loss=0.999]
  epoch 3/3:  68%|██████▊   | 60/88 [00:16<00:07,  3.80it/s, loss=0.999]
  epoch 3/3:  69%|██████▉   | 61/88 [00:16<00:07,  3.79it/s, loss=0.999]
  epoch 3/3:  69%|██████▉   | 61/88 [00:16<00:07,  3.79it/s, loss=0.996]
  epoch 3/3:  70%|███████   | 62/88 [00:16<00:06,  3.80it/s, loss=0.996]
  epoch 3/3:  70%|███████   | 62/88 [00:17<00:06,  3.80it/s, loss=0.996]
  epoch 3/3:  72%|███████▏  | 63/88 [00:17<00:06,  3.80it/s, loss=0.996]
  epoch 3/3:  72%|███████▏  | 63/88 [00:17<00:06,  3.80it/s, loss=0.995]
  epoch 3/3:  73%|███████▎  | 64/88 [00:17<00:06,  3.75it/s, loss=0.995]
  epoch 3/3:  73%|███████▎  | 64/88 [00:17<00:06,  3.75it/s, loss=0.996]
  epoch 3/3:  74%|███████▍  | 65/88 [00:17<00:06,  3.77it/s, loss=0.996]
  epoch 3/3:  74%|███████▍  | 65/88 [00:17<00:06,  3.77it/s, loss=0.995]
  epoch 3/3:  75%|███████▌  | 66/88 [00:17<00:05,  3.78it/s, loss=0.995]
  epoch 3/3:  75%|███████▌  | 66/88 [00:18<00:05,  3.78it/s, loss=0.993]
  epoch 3/3:  76%|███████▌  | 67/88 [00:18<00:05,  3.78it/s, loss=0.993]
  epoch 3/3:  76%|███████▌  | 67/88 [00:18<00:05,  3.78it/s, loss=0.993]
  epoch 3/3:  77%|███████▋  | 68/88 [00:18<00:05,  3.78it/s, loss=0.993]
  epoch 3/3:  77%|███████▋  | 68/88 [00:18<00:05,  3.78it/s, loss=0.991]
  epoch 3/3:  78%|███████▊  | 69/88 [00:18<00:05,  3.75it/s, loss=0.991]
  epoch 3/3:  78%|███████▊  | 69/88 [00:18<00:05,  3.75it/s, loss=0.991]
  epoch 3/3:  80%|███████▉  | 70/88 [00:18<00:04,  3.77it/s, loss=0.991]
  epoch 3/3:  80%|███████▉  | 70/88 [00:19<00:04,  3.77it/s, loss=0.989]
  epoch 3/3:  81%|████████  | 71/88 [00:19<00:04,  3.77it/s, loss=0.989]
  epoch 3/3:  81%|████████  | 71/88 [00:19<00:04,  3.77it/s, loss=0.986]
  epoch 3/3:  82%|████████▏ | 72/88 [00:19<00:04,  3.79it/s, loss=0.986]
  epoch 3/3:  82%|████████▏ | 72/88 [00:19<00:04,  3.79it/s, loss=0.984]
  epoch 3/3:  83%|████████▎ | 73/88 [00:19<00:03,  3.79it/s, loss=0.984]
  epoch 3/3:  83%|████████▎ | 73/88 [00:19<00:03,  3.79it/s, loss=0.983]
  epoch 3/3:  84%|████████▍ | 74/88 [00:19<00:03,  3.79it/s, loss=0.983]
  epoch 3/3:  84%|████████▍ | 74/88 [00:20<00:03,  3.79it/s, loss=0.981]
  epoch 3/3:  85%|████████▌ | 75/88 [00:20<00:03,  3.79it/s, loss=0.981]
  epoch 3/3:  85%|████████▌ | 75/88 [00:20<00:03,  3.79it/s, loss=0.982]
  epoch 3/3:  86%|████████▋ | 76/88 [00:20<00:03,  3.79it/s, loss=0.982]
  epoch 3/3:  86%|████████▋ | 76/88 [00:20<00:03,  3.79it/s, loss=0.980]
  epoch 3/3:  88%|████████▊ | 77/88 [00:20<00:02,  3.79it/s, loss=0.980]
  epoch 3/3:  88%|████████▊ | 77/88 [00:20<00:02,  3.79it/s, loss=0.979]
  epoch 3/3:  89%|████████▊ | 78/88 [00:20<00:02,  3.79it/s, loss=0.979]
  epoch 3/3:  89%|████████▊ | 78/88 [00:21<00:02,  3.79it/s, loss=0.976]
  epoch 3/3:  90%|████████▉ | 79/88 [00:21<00:02,  3.80it/s, loss=0.976]
  epoch 3/3:  90%|████████▉ | 79/88 [00:21<00:02,  3.80it/s, loss=0.974]
  epoch 3/3:  91%|█████████ | 80/88 [00:21<00:02,  3.75it/s, loss=0.974]
  epoch 3/3:  91%|█████████ | 80/88 [00:21<00:02,  3.75it/s, loss=0.972]
  epoch 3/3:  92%|█████████▏| 81/88 [00:21<00:01,  3.79it/s, loss=0.972]
  epoch 3/3:  92%|█████████▏| 81/88 [00:22<00:01,  3.79it/s, loss=0.972]
  epoch 3/3:  93%|█████████▎| 82/88 [00:22<00:01,  3.80it/s, loss=0.972]
  epoch 3/3:  93%|█████████▎| 82/88 [00:22<00:01,  3.80it/s, loss=0.970]
  epoch 3/3:  94%|█████████▍| 83/88 [00:22<00:01,  3.81it/s, loss=0.970]
  epoch 3/3:  94%|█████████▍| 83/88 [00:22<00:01,  3.81it/s, loss=0.970]
  epoch 3/3:  95%|█████████▌| 84/88 [00:22<00:01,  3.81it/s, loss=0.970]
  epoch 3/3:  95%|█████████▌| 84/88 [00:22<00:01,  3.81it/s, loss=0.968]
  epoch 3/3:  97%|█████████▋| 85/88 [00:22<00:00,  3.80it/s, loss=0.968]
  epoch 3/3:  97%|█████████▋| 85/88 [00:23<00:00,  3.80it/s, loss=0.966]
  epoch 3/3:  98%|█████████▊| 86/88 [00:23<00:00,  3.80it/s, loss=0.966]
  epoch 3/3:  98%|█████████▊| 86/88 [00:23<00:00,  3.80it/s, loss=0.965]
  epoch 3/3:  99%|█████████▉| 87/88 [00:23<00:00,  3.80it/s, loss=0.965]
  epoch 3/3:  99%|█████████▉| 87/88 [00:23<00:00,  3.80it/s, loss=0.964]
  epoch 3/3: 100%|██████████| 88/88 [00:23<00:00,  4.14it/s, loss=0.964]
                                                                        
[titans] reset=never | norm(state) sau task = 97.5128
[titans]   self-mod v:β=0.98 |W|=0.13
[titans]   eta_t(avg)=0.1938  alpha_t/forget-gate(avg)=0.7013
[task 0] test acc so far: 0.849
[task 0] NCM-head acc so far: 0.943
[task 1] classes=[4, 15, 21, 26, 31] | train=2800

  epoch 1/3:   0%|          | 0/88 [00:00<?, ?it/s]
  epoch 1/3:   0%|          | 0/88 [00:00<?, ?it/s, loss=1.648]
  epoch 1/3:   1%|          | 1/88 [00:00<00:40,  2.14it/s, loss=1.648]
  epoch 1/3:   1%|          | 1/88 [00:00<00:40,  2.14it/s, loss=1.643]
  epoch 1/3:   2%|▏         | 2/88 [00:00<00:29,  2.87it/s, loss=1.643]
  epoch 1/3:   2%|▏         | 2/88 [00:00<00:29,  2.87it/s, loss=1.704]
  epoch 1/3:   3%|▎         | 3/88 [00:00<00:26,  3.23it/s, loss=1.704]
  epoch 1/3:   3%|▎         | 3/88 [00:01<00:26,  3.23it/s, loss=1.715]
  epoch 1/3:   5%|▍         | 4/88 [00:01<00:24,  3.42it/s, loss=1.715]
  epoch 1/3:   5%|▍         | 4/88 [00:01<00:24,  3.42it/s, loss=1.713]
  epoch 1/3:   6%|▌         | 5/88 [00:01<00:23,  3.56it/s, loss=1.713]
  epoch 1/3:   6%|▌         | 5/88 [00:01<00:23,  3.56it/s, loss=1.704]
  epoch 1/3:   7%|▋         | 6/88 [00:01<00:22,  3.65it/s, loss=1.704]
  epoch 1/3:   7%|▋         | 6/88 [00:02<00:22,  3.65it/s, loss=1.716]
  epoch 1/3:   8%|▊         | 7/88 [00:02<00:21,  3.69it/s, loss=1.716]
  epoch 1/3:   8%|▊         | 7/88 [00:02<00:21,  3.69it/s, loss=1.700]
  epoch 1/3:   9%|▉         | 8/88 [00:02<00:21,  3.67it/s, loss=1.700]
  epoch 1/3:   9%|▉         | 8/88 [00:02<00:21,  3.67it/s, loss=1.697]
  epoch 1/3:  10%|█         | 9/88 [00:02<00:21,  3.71it/s, loss=1.697]
  epoch 1/3:  10%|█         | 9/88 [00:02<00:21,  3.71it/s, loss=1.712]
  epoch 1/3:  11%|█▏        | 10/88 [00:02<00:20,  3.72it/s, loss=1.712]
  epoch 1/3:  11%|█▏        | 10/88 [00:03<00:20,  3.72it/s, loss=1.703]
  epoch 1/3:  12%|█▎        | 11/88 [00:03<00:20,  3.74it/s, loss=1.703]
  epoch 1/3:  12%|█▎        | 11/88 [00:03<00:20,  3.74it/s, loss=1.707]
  epoch 1/3:  14%|█▎        | 12/88 [00:03<00:20,  3.76it/s, loss=1.707]
  epoch 1/3:  14%|█▎        | 12/88 [00:03<00:20,  3.76it/s, loss=1.697]
  epoch 1/3:  15%|█▍        | 13/88 [00:03<00:19,  3.77it/s, loss=1.697]
  epoch 1/3:  15%|█▍        | 13/88 [00:03<00:19,  3.77it/s, loss=1.687]
  epoch 1/3:  16%|█▌        | 14/88 [00:03<00:19,  3.78it/s, loss=1.687]
  epoch 1/3:  16%|█▌        | 14/88 [00:04<00:19,  3.78it/s, loss=1.696]
  epoch 1/3:  17%|█▋        | 15/88 [00:04<00:19,  3.78it/s, loss=1.696]
  epoch 1/3:  17%|█▋        | 15/88 [00:04<00:19,  3.78it/s, loss=1.685]
  epoch 1/3:  18%|█▊        | 16/88 [00:04<00:19,  3.79it/s, loss=1.685]
  epoch 1/3:  18%|█▊        | 16/88 [00:04<00:19,  3.79it/s, loss=1.690]
  epoch 1/3:  19%|█▉        | 17/88 [00:04<00:18,  3.79it/s, loss=1.690]
  epoch 1/3:  19%|█▉        | 17/88 [00:04<00:18,  3.79it/s, loss=1.686]
  epoch 1/3:  20%|██        | 18/88 [00:04<00:18,  3.79it/s, loss=1.686]
  epoch 1/3:  20%|██        | 18/88 [00:05<00:18,  3.79it/s, loss=1.689]
  epoch 1/3:  22%|██▏       | 19/88 [00:05<00:18,  3.80it/s, loss=1.689]
  epoch 1/3:  22%|██▏       | 19/88 [00:05<00:18,  3.80it/s, loss=1.693]
  epoch 1/3:  23%|██▎       | 20/88 [00:05<00:17,  3.80it/s, loss=1.693]
  epoch 1/3:  23%|██▎       | 20/88 [00:05<00:17,  3.80it/s, loss=1.697]
  epoch 1/3:  24%|██▍       | 21/88 [00:05<00:17,  3.79it/s, loss=1.697]
  epoch 1/3:  24%|██▍       | 21/88 [00:06<00:17,  3.79it/s, loss=1.691]
  epoch 1/3:  25%|██▌       | 22/88 [00:06<00:17,  3.79it/s, loss=1.691]
  epoch 1/3:  25%|██▌       | 22/88 [00:06<00:17,  3.79it/s, loss=1.685]
  epoch 1/3:  26%|██▌       | 23/88 [00:06<00:17,  3.80it/s, loss=1.685]
  epoch 1/3:  26%|██▌       | 23/88 [00:06<00:17,  3.80it/s, loss=1.685]
  epoch 1/3:  27%|██▋       | 24/88 [00:06<00:17,  3.75it/s, loss=1.685]
  epoch 1/3:  27%|██▋       | 24/88 [00:06<00:17,  3.75it/s, loss=1.686]
  epoch 1/3:  28%|██▊       | 25/88 [00:06<00:16,  3.74it/s, loss=1.686]
  epoch 1/3:  28%|██▊       | 25/88 [00:07<00:16,  3.74it/s, loss=1.683]
  epoch 1/3:  30%|██▉       | 26/88 [00:07<00:16,  3.74it/s, loss=1.683]
  epoch 1/3:  30%|██▉       | 26/88 [00:07<00:16,  3.74it/s, loss=1.681]
  epoch 1/3:  31%|███       | 27/88 [00:07<00:16,  3.76it/s, loss=1.681]
  epoch 1/3:  31%|███       | 27/88 [00:07<00:16,  3.76it/s, loss=1.681]
  epoch 1/3:  32%|███▏      | 28/88 [00:07<00:15,  3.77it/s, loss=1.681]
  epoch 1/3:  32%|███▏      | 28/88 [00:07<00:15,  3.77it/s, loss=1.682]
  epoch 1/3:  33%|███▎      | 29/88 [00:07<00:15,  3.77it/s, loss=1.682]
  epoch 1/3:  33%|███▎      | 29/88 [00:08<00:15,  3.77it/s, loss=1.679]
  epoch 1/3:  34%|███▍      | 30/88 [00:08<00:15,  3.78it/s, loss=1.679]
  epoch 1/3:  34%|███▍      | 30/88 [00:08<00:15,  3.78it/s, loss=1.675]
  epoch 1/3:  35%|███▌      | 31/88 [00:08<00:15,  3.79it/s, loss=1.675]
  epoch 1/3:  35%|███▌      | 31/88 [00:08<00:15,  3.79it/s, loss=1.678]
  epoch 1/3:  36%|███▋      | 32/88 [00:08<00:14,  3.79it/s, loss=1.678]
  epoch 1/3:  36%|███▋      | 32/88 [00:08<00:14,  3.79it/s, loss=1.678]
  epoch 1/3:  38%|███▊      | 33/88 [00:08<00:14,  3.79it/s, loss=1.678]
  epoch 1/3:  38%|███▊      | 33/88 [00:09<00:14,  3.79it/s, loss=1.675]
  epoch 1/3:  39%|███▊      | 34/88 [00:09<00:14,  3.79it/s, loss=1.675]
  epoch 1/3:  39%|███▊      | 34/88 [00:09<00:14,  3.79it/s, loss=1.671]
  epoch 1/3:  40%|███▉      | 35/88 [00:09<00:13,  3.79it/s, loss=1.671]
  epoch 1/3:  40%|███▉      | 35/88 [00:09<00:13,  3.79it/s, loss=1.673]
  epoch 1/3:  41%|████      | 36/88 [00:09<00:13,  3.79it/s, loss=1.673]
  epoch 1/3:  41%|████      | 36/88 [00:09<00:13,  3.79it/s, loss=1.673]
  epoch 1/3:  42%|████▏     | 37/88 [00:09<00:13,  3.79it/s, loss=1.673]
  epoch 1/3:  42%|████▏     | 37/88 [00:10<00:13,  3.79it/s, loss=1.676]
  epoch 1/3:  43%|████▎     | 38/88 [00:10<00:13,  3.79it/s, loss=1.676]
  epoch 1/3:  43%|████▎     | 38/88 [00:10<00:13,  3.79it/s, loss=1.674]
  epoch 1/3:  44%|████▍     | 39/88 [00:10<00:12,  3.79it/s, loss=1.674]
  epoch 1/3:  44%|████▍     | 39/88 [00:10<00:12,  3.79it/s, loss=1.673]
  epoch 1/3:  45%|████▌     | 40/88 [00:10<00:12,  3.74it/s, loss=1.673]
  epoch 1/3:  45%|████▌     | 40/88 [00:11<00:12,  3.74it/s, loss=1.672]
  epoch 1/3:  47%|████▋     | 41/88 [00:11<00:12,  3.75it/s, loss=1.672]
  epoch 1/3:  47%|████▋     | 41/88 [00:11<00:12,  3.75it/s, loss=1.668]
  epoch 1/3:  48%|████▊     | 42/88 [00:11<00:12,  3.74it/s, loss=1.668]
  epoch 1/3:  48%|████▊     | 42/88 [00:11<00:12,  3.74it/s, loss=1.670]
  epoch 1/3:  49%|████▉     | 43/88 [00:11<00:11,  3.75it/s, loss=1.670]
  epoch 1/3:  49%|████▉     | 43/88 [00:11<00:11,  3.75it/s, loss=1.669]
  epoch 1/3:  50%|█████     | 44/88 [00:11<00:11,  3.76it/s, loss=1.669]
  epoch 1/3:  50%|█████     | 44/88 [00:12<00:11,  3.76it/s, loss=1.668]
  epoch 1/3:  51%|█████     | 45/88 [00:12<00:11,  3.77it/s, loss=1.668]
  epoch 1/3:  51%|█████     | 45/88 [00:12<00:11,  3.77it/s, loss=1.665]
  epoch 1/3:  52%|█████▏    | 46/88 [00:12<00:11,  3.78it/s, loss=1.665]
  epoch 1/3:  52%|█████▏    | 46/88 [00:12<00:11,  3.78it/s, loss=1.666]
  epoch 1/3:  53%|█████▎    | 47/88 [00:12<00:10,  3.78it/s, loss=1.666]
  epoch 1/3:  53%|█████▎    | 47/88 [00:12<00:10,  3.78it/s, loss=1.665]
  epoch 1/3:  55%|█████▍    | 48/88 [00:12<00:10,  3.79it/s, loss=1.665]
  epoch 1/3:  55%|█████▍    | 48/88 [00:13<00:10,  3.79it/s, loss=1.664]
  epoch 1/3:  56%|█████▌    | 49/88 [00:13<00:10,  3.79it/s, loss=1.664]
  epoch 1/3:  56%|█████▌    | 49/88 [00:13<00:10,  3.79it/s, loss=1.660]
  epoch 1/3:  57%|█████▋    | 50/88 [00:13<00:10,  3.79it/s, loss=1.660]
  epoch 1/3:  57%|█████▋    | 50/88 [00:13<00:10,  3.79it/s, loss=1.660]
  epoch 1/3:  58%|█████▊    | 51/88 [00:13<00:09,  3.79it/s, loss=1.660]
  epoch 1/3:  58%|█████▊    | 51/88 [00:13<00:09,  3.79it/s, loss=1.661]
  epoch 1/3:  59%|█████▉    | 52/88 [00:13<00:09,  3.78it/s, loss=1.661]
  epoch 1/3:  59%|█████▉    | 52/88 [00:14<00:09,  3.78it/s, loss=1.660]
  epoch 1/3:  60%|██████    | 53/88 [00:14<00:09,  3.78it/s, loss=1.660]
  epoch 1/3:  60%|██████    | 53/88 [00:14<00:09,  3.78it/s, loss=1.659]
  epoch 1/3:  61%|██████▏   | 54/88 [00:14<00:08,  3.79it/s, loss=1.659]
  epoch 1/3:  61%|██████▏   | 54/88 [00:14<00:08,  3.79it/s, loss=1.657]
  epoch 1/3:  62%|██████▎   | 55/88 [00:14<00:08,  3.79it/s, loss=1.657]
  epoch 1/3:  62%|██████▎   | 55/88 [00:15<00:08,  3.79it/s, loss=1.655]
  epoch 1/3:  64%|██████▎   | 56/88 [00:15<00:08,  3.74it/s, loss=1.655]
  epoch 1/3:  64%|██████▎   | 56/88 [00:15<00:08,  3.74it/s, loss=1.652]
  epoch 1/3:  65%|██████▍   | 57/88 [00:15<00:08,  3.74it/s, loss=1.652]
  epoch 1/3:  65%|██████▍   | 57/88 [00:15<00:08,  3.74it/s, loss=1.651]
  epoch 1/3:  66%|██████▌   | 58/88 [00:15<00:08,  3.74it/s, loss=1.651]
  epoch 1/3:  66%|██████▌   | 58/88 [00:15<00:08,  3.74it/s, loss=1.648]
  epoch 1/3:  67%|██████▋   | 59/88 [00:15<00:07,  3.75it/s, loss=1.648]
  epoch 1/3:  67%|██████▋   | 59/88 [00:16<00:07,  3.75it/s, loss=1.644]
  epoch 1/3:  68%|██████▊   | 60/88 [00:16<00:07,  3.76it/s, loss=1.644]
  epoch 1/3:  68%|██████▊   | 60/88 [00:16<00:07,  3.76it/s, loss=1.643]
  epoch 1/3:  69%|██████▉   | 61/88 [00:16<00:07,  3.77it/s, loss=1.643]
  epoch 1/3:  69%|██████▉   | 61/88 [00:16<00:07,  3.77it/s, loss=1.640]
  epoch 1/3:  70%|███████   | 62/88 [00:16<00:06,  3.77it/s, loss=1.640]
  epoch 1/3:  70%|███████   | 62/88 [00:16<00:06,  3.77it/s, loss=1.638]
  epoch 1/3:  72%|███████▏  | 63/88 [00:16<00:06,  3.78it/s, loss=1.638]
  epoch 1/3:  72%|███████▏  | 63/88 [00:17<00:06,  3.78it/s, loss=1.637]
  epoch 1/3:  73%|███████▎  | 64/88 [00:17<00:06,  3.79it/s, loss=1.637]
  epoch 1/3:  73%|███████▎  | 64/88 [00:17<00:06,  3.79it/s, loss=1.635]
  epoch 1/3:  74%|███████▍  | 65/88 [00:17<00:06,  3.79it/s, loss=1.635]
  epoch 1/3:  74%|███████▍  | 65/88 [00:17<00:06,  3.79it/s, loss=1.632]
  epoch 1/3:  75%|███████▌  | 66/88 [00:17<00:05,  3.79it/s, loss=1.632]
  epoch 1/3:  75%|███████▌  | 66/88 [00:17<00:05,  3.79it/s, loss=1.630]
  epoch 1/3:  76%|███████▌  | 67/88 [00:17<00:05,  3.79it/s, loss=1.630]
  epoch 1/3:  76%|███████▌  | 67/88 [00:18<00:05,  3.79it/s, loss=1.629]
  epoch 1/3:  77%|███████▋  | 68/88 [00:18<00:05,  3.79it/s, loss=1.629]
  epoch 1/3:  77%|███████▋  | 68/88 [00:18<00:05,  3.79it/s, loss=1.627]
  epoch 1/3:  78%|███████▊  | 69/88 [00:18<00:05,  3.80it/s, loss=1.627]
  epoch 1/3:  78%|███████▊  | 69/88 [00:18<00:05,  3.80it/s, loss=1.629]
  epoch 1/3:  80%|███████▉  | 70/88 [00:18<00:04,  3.79it/s, loss=1.629]
  epoch 1/3:  80%|███████▉  | 70/88 [00:18<00:04,  3.79it/s, loss=1.628]
  epoch 1/3:  81%|████████  | 71/88 [00:18<00:04,  3.79it/s, loss=1.628]
  epoch 1/3:  81%|████████  | 71/88 [00:19<00:04,  3.79it/s, loss=1.624]
  epoch 1/3:  82%|████████▏ | 72/88 [00:19<00:04,  3.75it/s, loss=1.624]
  epoch 1/3:  82%|████████▏ | 72/88 [00:19<00:04,  3.75it/s, loss=1.625]
  epoch 1/3:  83%|████████▎ | 73/88 [00:19<00:03,  3.77it/s, loss=1.625]
  epoch 1/3:  83%|████████▎ | 73/88 [00:19<00:03,  3.77it/s, loss=1.624]
  epoch 1/3:  84%|████████▍ | 74/88 [00:19<00:03,  3.78it/s, loss=1.624]
  epoch 1/3:  84%|████████▍ | 74/88 [00:20<00:03,  3.78it/s, loss=1.622]
  epoch 1/3:  85%|████████▌ | 75/88 [00:20<00:03,  3.78it/s, loss=1.622]
  epoch 1/3:  85%|████████▌ | 75/88 [00:20<00:03,  3.78it/s, loss=1.620]
  epoch 1/3:  86%|████████▋ | 76/88 [00:20<00:03,  3.78it/s, loss=1.620]
  epoch 1/3:  86%|████████▋ | 76/88 [00:20<00:03,  3.78it/s, loss=1.617]
  epoch 1/3:  88%|████████▊ | 77/88 [00:20<00:02,  3.77it/s, loss=1.617]
  epoch 1/3:  88%|████████▊ | 77/88 [00:20<00:02,  3.77it/s, loss=1.617]
  epoch 1/3:  89%|████████▊ | 78/88 [00:20<00:02,  3.76it/s, loss=1.617]
  epoch 1/3:  89%|████████▊ | 78/88 [00:21<00:02,  3.76it/s, loss=1.616]
  epoch 1/3:  90%|████████▉ | 79/88 [00:21<00:02,  3.75it/s, loss=1.616]
  epoch 1/3:  90%|████████▉ | 79/88 [00:21<00:02,  3.75it/s, loss=1.613]
  epoch 1/3:  91%|█████████ | 80/88 [00:21<00:02,  3.77it/s, loss=1.613]
  epoch 1/3:  91%|█████████ | 80/88 [00:21<00:02,  3.77it/s, loss=1.611]
  epoch 1/3:  92%|█████████▏| 81/88 [00:21<00:01,  3.78it/s, loss=1.611]
  epoch 1/3:  92%|█████████▏| 81/88 [00:21<00:01,  3.78it/s, loss=1.609]
  epoch 1/3:  93%|█████████▎| 82/88 [00:21<00:01,  3.78it/s, loss=1.609]
  epoch 1/3:  93%|█████████▎| 82/88 [00:22<00:01,  3.78it/s, loss=1.608]
  epoch 1/3:  94%|█████████▍| 83/88 [00:22<00:01,  3.78it/s, loss=1.608]
  epoch 1/3:  94%|█████████▍| 83/88 [00:22<00:01,  3.78it/s, loss=1.606]
  epoch 1/3:  95%|█████████▌| 84/88 [00:22<00:01,  3.78it/s, loss=1.606]
  epoch 1/3:  95%|█████████▌| 84/88 [00:22<00:01,  3.78it/s, loss=1.604]
  epoch 1/3:  97%|█████████▋| 85/88 [00:22<00:00,  3.79it/s, loss=1.604]
  epoch 1/3:  97%|█████████▋| 85/88 [00:22<00:00,  3.79it/s, loss=1.602]
  epoch 1/3:  98%|█████████▊| 86/88 [00:22<00:00,  3.79it/s, loss=1.602]
  epoch 1/3:  98%|█████████▊| 86/88 [00:23<00:00,  3.79it/s, loss=1.600]
  epoch 1/3:  99%|█████████▉| 87/88 [00:23<00:00,  3.79it/s, loss=1.600]
  epoch 1/3:  99%|█████████▉| 87/88 [00:23<00:00,  3.79it/s, loss=1.599]
  epoch 1/3: 100%|██████████| 88/88 [00:23<00:00,  4.09it/s, loss=1.599]
                                                                        

  epoch 2/3:   0%|          | 0/88 [00:00<?, ?it/s]
  epoch 2/3:   0%|          | 0/88 [00:00<?, ?it/s, loss=1.425]
  epoch 2/3:   1%|          | 1/88 [00:00<00:41,  2.10it/s, loss=1.425]
  epoch 2/3:   1%|          | 1/88 [00:00<00:41,  2.10it/s, loss=1.425]
  epoch 2/3:   2%|▏         | 2/88 [00:00<00:30,  2.82it/s, loss=1.425]
  epoch 2/3:   2%|▏         | 2/88 [00:01<00:30,  2.82it/s, loss=1.402]
  epoch 2/3:   3%|▎         | 3/88 [00:01<00:26,  3.19it/s, loss=1.402]
  epoch 2/3:   3%|▎         | 3/88 [00:01<00:26,  3.19it/s, loss=1.459]
  epoch 2/3:   5%|▍         | 4/88 [00:01<00:24,  3.40it/s, loss=1.459]
  epoch 2/3:   5%|▍         | 4/88 [00:01<00:24,  3.40it/s, loss=1.441]
  epoch 2/3:   6%|▌         | 5/88 [00:01<00:23,  3.53it/s, loss=1.441]
  epoch 2/3:   6%|▌         | 5/88 [00:01<00:23,  3.53it/s, loss=1.434]
  epoch 2/3:   7%|▋         | 6/88 [00:01<00:22,  3.61it/s, loss=1.434]
  epoch 2/3:   7%|▋         | 6/88 [00:02<00:22,  3.61it/s, loss=1.447]
  epoch 2/3:   8%|▊         | 7/88 [00:02<00:22,  3.67it/s, loss=1.447]
  epoch 2/3:   8%|▊         | 7/88 [00:02<00:22,  3.67it/s, loss=1.441]
  epoch 2/3:   9%|▉         | 8/88 [00:02<00:21,  3.71it/s, loss=1.441]
  epoch 2/3:   9%|▉         | 8/88 [00:02<00:21,  3.71it/s, loss=1.446]
  epoch 2/3:  10%|█         | 9/88 [00:02<00:21,  3.73it/s, loss=1.446]
  epoch 2/3:  10%|█         | 9/88 [00:02<00:21,  3.73it/s, loss=1.451]
  epoch 2/3:  11%|█▏        | 10/88 [00:02<00:20,  3.75it/s, loss=1.451]
  epoch 2/3:  11%|█▏        | 10/88 [00:03<00:20,  3.75it/s, loss=1.442]
  epoch 2/3:  12%|█▎        | 11/88 [00:03<00:20,  3.76it/s, loss=1.442]
  epoch 2/3:  12%|█▎        | 11/88 [00:03<00:20,  3.76it/s, loss=1.440]
  epoch 2/3:  14%|█▎        | 12/88 [00:03<00:20,  3.77it/s, loss=1.440]
  epoch 2/3:  14%|█▎        | 12/88 [00:03<00:20,  3.77it/s, loss=1.444]
  epoch 2/3:  15%|█▍        | 13/88 [00:03<00:19,  3.78it/s, loss=1.444]
  epoch 2/3:  15%|█▍        | 13/88 [00:03<00:19,  3.78it/s, loss=1.440]
  epoch 2/3:  16%|█▌        | 14/88 [00:03<00:19,  3.79it/s, loss=1.440]
  epoch 2/3:  16%|█▌        | 14/88 [00:04<00:19,  3.79it/s, loss=1.436]
  epoch 2/3:  17%|█▋        | 15/88 [00:04<00:19,  3.78it/s, loss=1.436]
  epoch 2/3:  17%|█▋        | 15/88 [00:04<00:19,  3.78it/s, loss=1.432]
  epoch 2/3:  18%|█▊        | 16/88 [00:04<00:19,  3.74it/s, loss=1.432]
  epoch 2/3:  18%|█▊        | 16/88 [00:04<00:19,  3.74it/s, loss=1.429]
  epoch 2/3:  19%|█▉        | 17/88 [00:04<00:18,  3.74it/s, loss=1.429]
  epoch 2/3:  19%|█▉        | 17/88 [00:04<00:18,  3.74it/s, loss=1.429]
  epoch 2/3:  20%|██        | 18/88 [00:04<00:18,  3.76it/s, loss=1.429]
  epoch 2/3:  20%|██        | 18/88 [00:05<00:18,  3.76it/s, loss=1.421]
  epoch 2/3:  22%|██▏       | 19/88 [00:05<00:18,  3.74it/s, loss=1.421]
  epoch 2/3:  22%|██▏       | 19/88 [00:05<00:18,  3.74it/s, loss=1.419]
  epoch 2/3:  23%|██▎       | 20/88 [00:05<00:18,  3.76it/s, loss=1.419]
  epoch 2/3:  23%|██▎       | 20/88 [00:05<00:18,  3.76it/s, loss=1.411]
  epoch 2/3:  24%|██▍       | 21/88 [00:05<00:17,  3.76it/s, loss=1.411]
  epoch 2/3:  24%|██▍       | 21/88 [00:06<00:17,  3.76it/s, loss=1.414]
  epoch 2/3:  25%|██▌       | 22/88 [00:06<00:17,  3.78it/s, loss=1.414]
  epoch 2/3:  25%|██▌       | 22/88 [00:06<00:17,  3.78it/s, loss=1.413]
  epoch 2/3:  26%|██▌       | 23/88 [00:06<00:17,  3.78it/s, loss=1.413]
  epoch 2/3:  26%|██▌       | 23/88 [00:06<00:17,  3.78it/s, loss=1.415]
  epoch 2/3:  27%|██▋       | 24/88 [00:06<00:16,  3.78it/s, loss=1.415]
  epoch 2/3:  27%|██▋       | 24/88 [00:06<00:16,  3.78it/s, loss=1.413]
  epoch 2/3:  28%|██▊       | 25/88 [00:06<00:16,  3.79it/s, loss=1.413]
  epoch 2/3:  28%|██▊       | 25/88 [00:07<00:16,  3.79it/s, loss=1.414]
  epoch 2/3:  30%|██▉       | 26/88 [00:07<00:16,  3.79it/s, loss=1.414]
  epoch 2/3:  30%|██▉       | 26/88 [00:07<00:16,  3.79it/s, loss=1.408]
  epoch 2/3:  31%|███       | 27/88 [00:07<00:16,  3.79it/s, loss=1.408]
  epoch 2/3:  31%|███       | 27/88 [00:07<00:16,  3.79it/s, loss=1.408]
  epoch 2/3:  32%|███▏      | 28/88 [00:07<00:15,  3.79it/s, loss=1.408]
  epoch 2/3:  32%|███▏      | 28/88 [00:07<00:15,  3.79it/s, loss=1.405]
  epoch 2/3:  33%|███▎      | 29/88 [00:07<00:15,  3.80it/s, loss=1.405]
  epoch 2/3:  33%|███▎      | 29/88 [00:08<00:15,  3.80it/s, loss=1.405]
  epoch 2/3:  34%|███▍      | 30/88 [00:08<00:15,  3.79it/s, loss=1.405]
  epoch 2/3:  34%|███▍      | 30/88 [00:08<00:15,  3.79it/s, loss=1.404]
  epoch 2/3:  35%|███▌      | 31/88 [00:08<00:15,  3.80it/s, loss=1.404]
  epoch 2/3:  35%|███▌      | 31/88 [00:08<00:15,  3.80it/s, loss=1.405]
  epoch 2/3:  36%|███▋      | 32/88 [00:08<00:14,  3.75it/s, loss=1.405]
  epoch 2/3:  36%|███▋      | 32/88 [00:08<00:14,  3.75it/s, loss=1.401]
  epoch 2/3:  38%|███▊      | 33/88 [00:08<00:14,  3.74it/s, loss=1.401]
  epoch 2/3:  38%|███▊      | 33/88 [00:09<00:14,  3.74it/s, loss=1.398]
  epoch 2/3:  39%|███▊      | 34/88 [00:09<00:14,  3.74it/s, loss=1.398]
  epoch 2/3:  39%|███▊      | 34/88 [00:09<00:14,  3.74it/s, loss=1.399]
  epoch 2/3:  40%|███▉      | 35/88 [00:09<00:14,  3.76it/s, loss=1.399]
  epoch 2/3:  40%|███▉      | 35/88 [00:09<00:14,  3.76it/s, loss=1.397]
  epoch 2/3:  41%|████      | 36/88 [00:09<00:13,  3.77it/s, loss=1.397]
  epoch 2/3:  41%|████      | 36/88 [00:10<00:13,  3.77it/s, loss=1.394]
  epoch 2/3:  42%|████▏     | 37/88 [00:10<00:13,  3.76it/s, loss=1.394]
  epoch 2/3:  42%|████▏     | 37/88 [00:10<00:13,  3.76it/s, loss=1.392]
  epoch 2/3:  43%|████▎     | 38/88 [00:10<00:13,  3.76it/s, loss=1.392]
  epoch 2/3:  43%|████▎     | 38/88 [00:10<00:13,  3.76it/s, loss=1.391]
  epoch 2/3:  44%|████▍     | 39/88 [00:10<00:13,  3.75it/s, loss=1.391]
  epoch 2/3:  44%|████▍     | 39/88 [00:10<00:13,  3.75it/s, loss=1.390]
  epoch 2/3:  45%|████▌     | 40/88 [00:10<00:12,  3.74it/s, loss=1.390]
  epoch 2/3:  45%|████▌     | 40/88 [00:11<00:12,  3.74it/s, loss=1.388]
  epoch 2/3:  47%|████▋     | 41/88 [00:11<00:12,  3.75it/s, loss=1.388]
  epoch 2/3:  47%|████▋     | 41/88 [00:11<00:12,  3.75it/s, loss=1.386]
  epoch 2/3:  48%|████▊     | 42/88 [00:11<00:12,  3.74it/s, loss=1.386]
  epoch 2/3:  48%|████▊     | 42/88 [00:11<00:12,  3.74it/s, loss=1.387]
  epoch 2/3:  49%|████▉     | 43/88 [00:11<00:12,  3.74it/s, loss=1.387]
  epoch 2/3:  49%|████▉     | 43/88 [00:11<00:12,  3.74it/s, loss=1.386]
  epoch 2/3:  50%|█████     | 44/88 [00:11<00:11,  3.72it/s, loss=1.386]
  epoch 2/3:  50%|█████     | 44/88 [00:12<00:11,  3.72it/s, loss=1.385]
  epoch 2/3:  51%|█████     | 45/88 [00:12<00:11,  3.74it/s, loss=1.385]
  epoch 2/3:  51%|█████     | 45/88 [00:12<00:11,  3.74it/s, loss=1.384]
  epoch 2/3:  52%|█████▏    | 46/88 [00:12<00:11,  3.76it/s, loss=1.384]
  epoch 2/3:  52%|█████▏    | 46/88 [00:12<00:11,  3.76it/s, loss=1.385]
  epoch 2/3:  53%|█████▎    | 47/88 [00:12<00:10,  3.77it/s, loss=1.385]
  epoch 2/3:  53%|█████▎    | 47/88 [00:12<00:10,  3.77it/s, loss=1.383]
  epoch 2/3:  55%|█████▍    | 48/88 [00:12<00:10,  3.73it/s, loss=1.383]
  epoch 2/3:  55%|█████▍    | 48/88 [00:13<00:10,  3.73it/s, loss=1.379]
  epoch 2/3:  56%|█████▌    | 49/88 [00:13<00:10,  3.73it/s, loss=1.379]
  epoch 2/3:  56%|█████▌    | 49/88 [00:13<00:10,  3.73it/s, loss=1.379]
  epoch 2/3:  57%|█████▋    | 50/88 [00:13<00:10,  3.73it/s, loss=1.379]
  epoch 2/3:  57%|█████▋    | 50/88 [00:13<00:10,  3.73it/s, loss=1.377]
  epoch 2/3:  58%|█████▊    | 51/88 [00:13<00:09,  3.75it/s, loss=1.377]
  epoch 2/3:  58%|█████▊    | 51/88 [00:14<00:09,  3.75it/s, loss=1.375]
  epoch 2/3:  59%|█████▉    | 52/88 [00:14<00:09,  3.74it/s, loss=1.375]
  epoch 2/3:  59%|█████▉    | 52/88 [00:14<00:09,  3.74it/s, loss=1.372]
  epoch 2/3:  60%|██████    | 53/88 [00:14<00:09,  3.72it/s, loss=1.372]
  epoch 2/3:  60%|██████    | 53/88 [00:14<00:09,  3.72it/s, loss=1.368]
  epoch 2/3:  61%|██████▏   | 54/88 [00:14<00:09,  3.72it/s, loss=1.368]
  epoch 2/3:  61%|██████▏   | 54/88 [00:14<00:09,  3.72it/s, loss=1.366]
  epoch 2/3:  62%|██████▎   | 55/88 [00:14<00:08,  3.73it/s, loss=1.366]
  epoch 2/3:  62%|██████▎   | 55/88 [00:15<00:08,  3.73it/s, loss=1.365]
  epoch 2/3:  64%|██████▎   | 56/88 [00:15<00:08,  3.74it/s, loss=1.365]
  epoch 2/3:  64%|██████▎   | 56/88 [00:15<00:08,  3.74it/s, loss=1.364]
  epoch 2/3:  65%|██████▍   | 57/88 [00:15<00:08,  3.73it/s, loss=1.364]
  epoch 2/3:  65%|██████▍   | 57/88 [00:15<00:08,  3.73it/s, loss=1.364]
  epoch 2/3:  66%|██████▌   | 58/88 [00:15<00:08,  3.72it/s, loss=1.364]
  epoch 2/3:  66%|██████▌   | 58/88 [00:15<00:08,  3.72it/s, loss=1.362]
  epoch 2/3:  67%|██████▋   | 59/88 [00:15<00:07,  3.73it/s, loss=1.362]
  epoch 2/3:  67%|██████▋   | 59/88 [00:16<00:07,  3.73it/s, loss=1.363]
  epoch 2/3:  68%|██████▊   | 60/88 [00:16<00:07,  3.74it/s, loss=1.363]
  epoch 2/3:  68%|██████▊   | 60/88 [00:16<00:07,  3.74it/s, loss=1.361]
  epoch 2/3:  69%|██████▉   | 61/88 [00:16<00:07,  3.75it/s, loss=1.361]
  epoch 2/3:  69%|██████▉   | 61/88 [00:16<00:07,  3.75it/s, loss=1.361]
  epoch 2/3:  70%|███████   | 62/88 [00:16<00:06,  3.74it/s, loss=1.361]
  epoch 2/3:  70%|███████   | 62/88 [00:16<00:06,  3.74it/s, loss=1.360]
  epoch 2/3:  72%|███████▏  | 63/88 [00:16<00:06,  3.72it/s, loss=1.360]
  epoch 2/3:  72%|███████▏  | 63/88 [00:17<00:06,  3.72it/s, loss=1.357]
  epoch 2/3:  73%|███████▎  | 64/88 [00:17<00:06,  3.69it/s, loss=1.357]
  epoch 2/3:  73%|███████▎  | 64/88 [00:17<00:06,  3.69it/s, loss=1.354]
  epoch 2/3:  74%|███████▍  | 65/88 [00:17<00:06,  3.71it/s, loss=1.354]
  epoch 2/3:  74%|███████▍  | 65/88 [00:17<00:06,  3.71it/s, loss=1.353]
  epoch 2/3:  75%|███████▌  | 66/88 [00:17<00:05,  3.72it/s, loss=1.353]
  epoch 2/3:  75%|███████▌  | 66/88 [00:18<00:05,  3.72it/s, loss=1.352]
  epoch 2/3:  76%|███████▌  | 67/88 [00:18<00:05,  3.74it/s, loss=1.352]
  epoch 2/3:  76%|███████▌  | 67/88 [00:18<00:05,  3.74it/s, loss=1.350]
  epoch 2/3:  77%|███████▋  | 68/88 [00:18<00:05,  3.74it/s, loss=1.350]
  epoch 2/3:  77%|███████▋  | 68/88 [00:18<00:05,  3.74it/s, loss=1.349]
  epoch 2/3:  78%|███████▊  | 69/88 [00:18<00:05,  3.74it/s, loss=1.349]
  epoch 2/3:  78%|███████▊  | 69/88 [00:18<00:05,  3.74it/s, loss=1.346]
  epoch 2/3:  80%|███████▉  | 70/88 [00:18<00:04,  3.73it/s, loss=1.346]
  epoch 2/3:  80%|███████▉  | 70/88 [00:19<00:04,  3.73it/s, loss=1.344]
  epoch 2/3:  81%|████████  | 71/88 [00:19<00:04,  3.72it/s, loss=1.344]
  epoch 2/3:  81%|████████  | 71/88 [00:19<00:04,  3.72it/s, loss=1.343]
  epoch 2/3:  82%|████████▏ | 72/88 [00:19<00:04,  3.72it/s, loss=1.343]
  epoch 2/3:  82%|████████▏ | 72/88 [00:19<00:04,  3.72it/s, loss=1.342]
  epoch 2/3:  83%|████████▎ | 73/88 [00:19<00:04,  3.72it/s, loss=1.342]
  epoch 2/3:  83%|████████▎ | 73/88 [00:19<00:04,  3.72it/s, loss=1.342]
  epoch 2/3:  84%|████████▍ | 74/88 [00:19<00:03,  3.71it/s, loss=1.342]
  epoch 2/3:  84%|████████▍ | 74/88 [00:20<00:03,  3.71it/s, loss=1.340]
  epoch 2/3:  85%|████████▌ | 75/88 [00:20<00:03,  3.72it/s, loss=1.340]
  epoch 2/3:  85%|████████▌ | 75/88 [00:20<00:03,  3.72it/s, loss=1.339]
  epoch 2/3:  86%|████████▋ | 76/88 [00:20<00:03,  3.73it/s, loss=1.339]
  epoch 2/3:  86%|████████▋ | 76/88 [00:20<00:03,  3.73it/s, loss=1.338]
  epoch 2/3:  88%|████████▊ | 77/88 [00:20<00:02,  3.71it/s, loss=1.338]
  epoch 2/3:  88%|████████▊ | 77/88 [00:21<00:02,  3.71it/s, loss=1.336]
  epoch 2/3:  89%|████████▊ | 78/88 [00:21<00:02,  3.72it/s, loss=1.336]
  epoch 2/3:  89%|████████▊ | 78/88 [00:21<00:02,  3.72it/s, loss=1.335]
  epoch 2/3:  90%|████████▉ | 79/88 [00:21<00:02,  3.75it/s, loss=1.335]
  epoch 2/3:  90%|████████▉ | 79/88 [00:21<00:02,  3.75it/s, loss=1.334]
  epoch 2/3:  91%|█████████ | 80/88 [00:21<00:02,  3.69it/s, loss=1.334]
  epoch 2/3:  91%|█████████ | 80/88 [00:21<00:02,  3.69it/s, loss=1.333]
  epoch 2/3:  92%|█████████▏| 81/88 [00:21<00:01,  3.71it/s, loss=1.333]
  epoch 2/3:  92%|█████████▏| 81/88 [00:22<00:01,  3.71it/s, loss=1.333]
  epoch 2/3:  93%|█████████▎| 82/88 [00:22<00:01,  3.73it/s, loss=1.333]
  epoch 2/3:  93%|█████████▎| 82/88 [00:22<00:01,  3.73it/s, loss=1.332]
  epoch 2/3:  94%|█████████▍| 83/88 [00:22<00:01,  3.74it/s, loss=1.332]
  epoch 2/3:  94%|█████████▍| 83/88 [00:22<00:01,  3.74it/s, loss=1.330]
  epoch 2/3:  95%|█████████▌| 84/88 [00:22<00:01,  3.76it/s, loss=1.330]
  epoch 2/3:  95%|█████████▌| 84/88 [00:22<00:01,  3.76it/s, loss=1.330]
  epoch 2/3:  97%|█████████▋| 85/88 [00:22<00:00,  3.76it/s, loss=1.330]
  epoch 2/3:  97%|█████████▋| 85/88 [00:23<00:00,  3.76it/s, loss=1.328]
  epoch 2/3:  98%|█████████▊| 86/88 [00:23<00:00,  3.76it/s, loss=1.328]
  epoch 2/3:  98%|█████████▊| 86/88 [00:23<00:00,  3.76it/s, loss=1.328]
  epoch 2/3:  99%|█████████▉| 87/88 [00:23<00:00,  3.74it/s, loss=1.328]
  epoch 2/3:  99%|█████████▉| 87/88 [00:23<00:00,  3.74it/s, loss=1.328]
  epoch 2/3: 100%|██████████| 88/88 [00:23<00:00,  4.08it/s, loss=1.328]
                                                                        

  epoch 3/3:   0%|          | 0/88 [00:00<?, ?it/s]
  epoch 3/3:   0%|          | 0/88 [00:00<?, ?it/s, loss=1.176]
  epoch 3/3:   1%|          | 1/88 [00:00<00:41,  2.11it/s, loss=1.176]
  epoch 3/3:   1%|          | 1/88 [00:00<00:41,  2.11it/s, loss=1.167]
  epoch 3/3:   2%|▏         | 2/88 [00:00<00:30,  2.84it/s, loss=1.167]
  epoch 3/3:   2%|▏         | 2/88 [00:01<00:30,  2.84it/s, loss=1.162]
  epoch 3/3:   3%|▎         | 3/88 [00:01<00:26,  3.20it/s, loss=1.162]
  epoch 3/3:   3%|▎         | 3/88 [00:01<00:26,  3.20it/s, loss=1.162]
  epoch 3/3:   5%|▍         | 4/88 [00:01<00:24,  3.40it/s, loss=1.162]
  epoch 3/3:   5%|▍         | 4/88 [00:01<00:24,  3.40it/s, loss=1.163]
  epoch 3/3:   6%|▌         | 5/88 [00:01<00:23,  3.51it/s, loss=1.163]
  epoch 3/3:   6%|▌         | 5/88 [00:01<00:23,  3.51it/s, loss=1.158]
  epoch 3/3:   7%|▋         | 6/88 [00:01<00:22,  3.57it/s, loss=1.158]
  epoch 3/3:   7%|▋         | 6/88 [00:02<00:22,  3.57it/s, loss=1.177]
  epoch 3/3:   8%|▊         | 7/88 [00:02<00:22,  3.64it/s, loss=1.177]
  epoch 3/3:   8%|▊         | 7/88 [00:02<00:22,  3.64it/s, loss=1.181]
  epoch 3/3:   9%|▉         | 8/88 [00:02<00:22,  3.62it/s, loss=1.181]
  epoch 3/3:   9%|▉         | 8/88 [00:02<00:22,  3.62it/s, loss=1.188]
  epoch 3/3:  10%|█         | 9/88 [00:02<00:21,  3.65it/s, loss=1.188]
  epoch 3/3:  10%|█         | 9/88 [00:02<00:21,  3.65it/s, loss=1.188]
  epoch 3/3:  11%|█▏        | 10/88 [00:02<00:21,  3.69it/s, loss=1.188]
  epoch 3/3:  11%|█▏        | 10/88 [00:03<00:21,  3.69it/s, loss=1.186]
  epoch 3/3:  12%|█▎        | 11/88 [00:03<00:20,  3.71it/s, loss=1.186]
  epoch 3/3:  12%|█▎        | 11/88 [00:03<00:20,  3.71it/s, loss=1.182]
  epoch 3/3:  14%|█▎        | 12/88 [00:03<00:20,  3.71it/s, loss=1.182]
  epoch 3/3:  14%|█▎        | 12/88 [00:03<00:20,  3.71it/s, loss=1.182]
  epoch 3/3:  15%|█▍        | 13/88 [00:03<00:20,  3.72it/s, loss=1.182]
  epoch 3/3:  15%|█▍        | 13/88 [00:03<00:20,  3.72it/s, loss=1.173]
  epoch 3/3:  16%|█▌        | 14/88 [00:03<00:19,  3.73it/s, loss=1.173]
  epoch 3/3:  16%|█▌        | 14/88 [00:04<00:19,  3.73it/s, loss=1.176]
  epoch 3/3:  17%|█▋        | 15/88 [00:04<00:19,  3.75it/s, loss=1.176]
  epoch 3/3:  17%|█▋        | 15/88 [00:04<00:19,  3.75it/s, loss=1.182]
  epoch 3/3:  18%|█▊        | 16/88 [00:04<00:19,  3.76it/s, loss=1.182]
  epoch 3/3:  18%|█▊        | 16/88 [00:04<00:19,  3.76it/s, loss=1.182]
  epoch 3/3:  19%|█▉        | 17/88 [00:04<00:18,  3.78it/s, loss=1.182]
  epoch 3/3:  19%|█▉        | 17/88 [00:05<00:18,  3.78it/s, loss=1.177]
  epoch 3/3:  20%|██        | 18/88 [00:05<00:18,  3.78it/s, loss=1.177]
  epoch 3/3:  20%|██        | 18/88 [00:05<00:18,  3.78it/s, loss=1.178]
  epoch 3/3:  22%|██▏       | 19/88 [00:05<00:18,  3.76it/s, loss=1.178]
  epoch 3/3:  22%|██▏       | 19/88 [00:05<00:18,  3.76it/s, loss=1.178]
  epoch 3/3:  23%|██▎       | 20/88 [00:05<00:18,  3.74it/s, loss=1.178]
  epoch 3/3:  23%|██▎       | 20/88 [00:05<00:18,  3.74it/s, loss=1.178]
  epoch 3/3:  24%|██▍       | 21/88 [00:05<00:17,  3.73it/s, loss=1.178]
  epoch 3/3:  24%|██▍       | 21/88 [00:06<00:17,  3.73it/s, loss=1.175]
  epoch 3/3:  25%|██▌       | 22/88 [00:06<00:17,  3.74it/s, loss=1.175]
  epoch 3/3:  25%|██▌       | 22/88 [00:06<00:17,  3.74it/s, loss=1.171]
  epoch 3/3:  26%|██▌       | 23/88 [00:06<00:17,  3.75it/s, loss=1.171]
  epoch 3/3:  26%|██▌       | 23/88 [00:06<00:17,  3.75it/s, loss=1.168]
  epoch 3/3:  27%|██▋       | 24/88 [00:06<00:17,  3.71it/s, loss=1.168]
  epoch 3/3:  27%|██▋       | 24/88 [00:06<00:17,  3.71it/s, loss=1.166]
  epoch 3/3:  28%|██▊       | 25/88 [00:06<00:16,  3.72it/s, loss=1.166]
  epoch 3/3:  28%|██▊       | 25/88 [00:07<00:16,  3.72it/s, loss=1.166]
  epoch 3/3:  30%|██▉       | 26/88 [00:07<00:16,  3.74it/s, loss=1.166]
  epoch 3/3:  30%|██▉       | 26/88 [00:07<00:16,  3.74it/s, loss=1.164]
  epoch 3/3:  31%|███       | 27/88 [00:07<00:16,  3.76it/s, loss=1.164]
  epoch 3/3:  31%|███       | 27/88 [00:07<00:16,  3.76it/s, loss=1.163]
  epoch 3/3:  32%|███▏      | 28/88 [00:07<00:15,  3.75it/s, loss=1.163]
  epoch 3/3:  32%|███▏      | 28/88 [00:07<00:15,  3.75it/s, loss=1.160]
  epoch 3/3:  33%|███▎      | 29/88 [00:07<00:15,  3.75it/s, loss=1.160]
  epoch 3/3:  33%|███▎      | 29/88 [00:08<00:15,  3.75it/s, loss=1.161]
  epoch 3/3:  34%|███▍      | 30/88 [00:08<00:15,  3.74it/s, loss=1.161]
  epoch 3/3:  34%|███▍      | 30/88 [00:08<00:15,  3.74it/s, loss=1.160]
  epoch 3/3:  35%|███▌      | 31/88 [00:08<00:15,  3.74it/s, loss=1.160]
  epoch 3/3:  35%|███▌      | 31/88 [00:08<00:15,  3.74it/s, loss=1.159]
  epoch 3/3:  36%|███▋      | 32/88 [00:08<00:14,  3.75it/s, loss=1.159]
  epoch 3/3:  36%|███▋      | 32/88 [00:09<00:14,  3.75it/s, loss=1.160]
  epoch 3/3:  38%|███▊      | 33/88 [00:09<00:14,  3.76it/s, loss=1.160]
  epoch 3/3:  38%|███▊      | 33/88 [00:09<00:14,  3.76it/s, loss=1.159]
  epoch 3/3:  39%|███▊      | 34/88 [00:09<00:14,  3.76it/s, loss=1.159]
  epoch 3/3:  39%|███▊      | 34/88 [00:09<00:14,  3.76it/s, loss=1.161]
  epoch 3/3:  40%|███▉      | 35/88 [00:09<00:14,  3.77it/s, loss=1.161]
  epoch 3/3:  40%|███▉      | 35/88 [00:09<00:14,  3.77it/s, loss=1.158]
  epoch 3/3:  41%|████      | 36/88 [00:09<00:13,  3.76it/s, loss=1.158]
  epoch 3/3:  41%|████      | 36/88 [00:10<00:13,  3.76it/s, loss=1.156]
  epoch 3/3:  42%|████▏     | 37/88 [00:10<00:13,  3.75it/s, loss=1.156]
  epoch 3/3:  42%|████▏     | 37/88 [00:10<00:13,  3.75it/s, loss=1.152]
  epoch 3/3:  43%|████▎     | 38/88 [00:10<00:13,  3.75it/s, loss=1.152]
  epoch 3/3:  43%|████▎     | 38/88 [00:10<00:13,  3.75it/s, loss=1.150]
  epoch 3/3:  44%|████▍     | 39/88 [00:10<00:13,  3.75it/s, loss=1.150]
  epoch 3/3:  44%|████▍     | 39/88 [00:10<00:13,  3.75it/s, loss=1.147]
  epoch 3/3:  45%|████▌     | 40/88 [00:10<00:12,  3.71it/s, loss=1.147]
  epoch 3/3:  45%|████▌     | 40/88 [00:11<00:12,  3.71it/s, loss=1.147]
  epoch 3/3:  47%|████▋     | 41/88 [00:11<00:12,  3.72it/s, loss=1.147]
  epoch 3/3:  47%|████▋     | 41/88 [00:11<00:12,  3.72it/s, loss=1.146]
  epoch 3/3:  48%|████▊     | 42/88 [00:11<00:12,  3.72it/s, loss=1.146]
  epoch 3/3:  48%|████▊     | 42/88 [00:11<00:12,  3.72it/s, loss=1.147]
  epoch 3/3:  49%|████▉     | 43/88 [00:11<00:12,  3.74it/s, loss=1.147]
  epoch 3/3:  49%|████▉     | 43/88 [00:11<00:12,  3.74it/s, loss=1.145]
  epoch 3/3:  50%|█████     | 44/88 [00:11<00:11,  3.73it/s, loss=1.145]
  epoch 3/3:  50%|█████     | 44/88 [00:12<00:11,  3.73it/s, loss=1.145]
  epoch 3/3:  51%|█████     | 45/88 [00:12<00:11,  3.73it/s, loss=1.145]
  epoch 3/3:  51%|█████     | 45/88 [00:12<00:11,  3.73it/s, loss=1.144]
  epoch 3/3:  52%|█████▏    | 46/88 [00:12<00:11,  3.72it/s, loss=1.144]
  epoch 3/3:  52%|█████▏    | 46/88 [00:12<00:11,  3.72it/s, loss=1.141]
  epoch 3/3:  53%|█████▎    | 47/88 [00:12<00:10,  3.75it/s, loss=1.141]
  epoch 3/3:  53%|█████▎    | 47/88 [00:13<00:10,  3.75it/s, loss=1.139]
  epoch 3/3:  55%|█████▍    | 48/88 [00:13<00:10,  3.76it/s, loss=1.139]
  epoch 3/3:  55%|█████▍    | 48/88 [00:13<00:10,  3.76it/s, loss=1.139]
  epoch 3/3:  56%|█████▌    | 49/88 [00:13<00:10,  3.77it/s, loss=1.139]
  epoch 3/3:  56%|█████▌    | 49/88 [00:13<00:10,  3.77it/s, loss=1.136]
  epoch 3/3:  57%|█████▋    | 50/88 [00:13<00:10,  3.78it/s, loss=1.136]
  epoch 3/3:  57%|█████▋    | 50/88 [00:13<00:10,  3.78it/s, loss=1.135]
  epoch 3/3:  58%|█████▊    | 51/88 [00:13<00:09,  3.77it/s, loss=1.135]
  epoch 3/3:  58%|█████▊    | 51/88 [00:14<00:09,  3.77it/s, loss=1.133]
  epoch 3/3:  59%|█████▉    | 52/88 [00:14<00:09,  3.75it/s, loss=1.133]
  epoch 3/3:  59%|█████▉    | 52/88 [00:14<00:09,  3.75it/s, loss=1.131]
  epoch 3/3:  60%|██████    | 53/88 [00:14<00:09,  3.75it/s, loss=1.131]
  epoch 3/3:  60%|██████    | 53/88 [00:14<00:09,  3.75it/s, loss=1.131]
  epoch 3/3:  61%|██████▏   | 54/88 [00:14<00:09,  3.73it/s, loss=1.131]
  epoch 3/3:  61%|██████▏   | 54/88 [00:14<00:09,  3.73it/s, loss=1.129]
  epoch 3/3:  62%|██████▎   | 55/88 [00:14<00:08,  3.75it/s, loss=1.129]
  epoch 3/3:  62%|██████▎   | 55/88 [00:15<00:08,  3.75it/s, loss=1.129]
  epoch 3/3:  64%|██████▎   | 56/88 [00:15<00:08,  3.71it/s, loss=1.129]
  epoch 3/3:  64%|██████▎   | 56/88 [00:15<00:08,  3.71it/s, loss=1.128]
  epoch 3/3:  65%|██████▍   | 57/88 [00:15<00:08,  3.73it/s, loss=1.128]
  epoch 3/3:  65%|██████▍   | 57/88 [00:15<00:08,  3.73it/s, loss=1.126]
  epoch 3/3:  66%|██████▌   | 58/88 [00:15<00:08,  3.73it/s, loss=1.126]
  epoch 3/3:  66%|██████▌   | 58/88 [00:15<00:08,  3.73it/s, loss=1.125]
  epoch 3/3:  67%|██████▋   | 59/88 [00:15<00:07,  3.75it/s, loss=1.125]
  epoch 3/3:  67%|██████▋   | 59/88 [00:16<00:07,  3.75it/s, loss=1.126]
  epoch 3/3:  68%|██████▊   | 60/88 [00:16<00:07,  3.76it/s, loss=1.126]
  epoch 3/3:  68%|██████▊   | 60/88 [00:16<00:07,  3.76it/s, loss=1.126]
  epoch 3/3:  69%|██████▉   | 61/88 [00:16<00:07,  3.77it/s, loss=1.126]
  epoch 3/3:  69%|██████▉   | 61/88 [00:16<00:07,  3.77it/s, loss=1.126]
  epoch 3/3:  70%|███████   | 62/88 [00:16<00:06,  3.77it/s, loss=1.126]
  epoch 3/3:  70%|███████   | 62/88 [00:17<00:06,  3.77it/s, loss=1.125]
  epoch 3/3:  72%|███████▏  | 63/88 [00:17<00:06,  3.79it/s, loss=1.125]
  epoch 3/3:  72%|███████▏  | 63/88 [00:17<00:06,  3.79it/s, loss=1.124]
  epoch 3/3:  73%|███████▎  | 64/88 [00:17<00:06,  3.78it/s, loss=1.124]
  epoch 3/3:  73%|███████▎  | 64/88 [00:17<00:06,  3.78it/s, loss=1.124]
  epoch 3/3:  74%|███████▍  | 65/88 [00:17<00:06,  3.77it/s, loss=1.124]
  epoch 3/3:  74%|███████▍  | 65/88 [00:17<00:06,  3.77it/s, loss=1.123]
  epoch 3/3:  75%|███████▌  | 66/88 [00:17<00:05,  3.77it/s, loss=1.123]
  epoch 3/3:  75%|███████▌  | 66/88 [00:18<00:05,  3.77it/s, loss=1.122]
  epoch 3/3:  76%|███████▌  | 67/88 [00:18<00:05,  3.76it/s, loss=1.122]
  epoch 3/3:  76%|███████▌  | 67/88 [00:18<00:05,  3.76it/s, loss=1.120]
  epoch 3/3:  77%|███████▋  | 68/88 [00:18<00:05,  3.74it/s, loss=1.120]
  epoch 3/3:  77%|███████▋  | 68/88 [00:18<00:05,  3.74it/s, loss=1.118]
  epoch 3/3:  78%|███████▊  | 69/88 [00:18<00:05,  3.75it/s, loss=1.118]
  epoch 3/3:  78%|███████▊  | 69/88 [00:18<00:05,  3.75it/s, loss=1.117]
  epoch 3/3:  80%|███████▉  | 70/88 [00:18<00:04,  3.75it/s, loss=1.117]
  epoch 3/3:  80%|███████▉  | 70/88 [00:19<00:04,  3.75it/s, loss=1.118]
  epoch 3/3:  81%|████████  | 71/88 [00:19<00:04,  3.76it/s, loss=1.118]
  epoch 3/3:  81%|████████  | 71/88 [00:19<00:04,  3.76it/s, loss=1.116]
  epoch 3/3:  82%|████████▏ | 72/88 [00:19<00:04,  3.70it/s, loss=1.116]
  epoch 3/3:  82%|████████▏ | 72/88 [00:19<00:04,  3.70it/s, loss=1.114]
  epoch 3/3:  83%|████████▎ | 73/88 [00:19<00:04,  3.73it/s, loss=1.114]
  epoch 3/3:  83%|████████▎ | 73/88 [00:19<00:04,  3.73it/s, loss=1.114]
  epoch 3/3:  84%|████████▍ | 74/88 [00:19<00:03,  3.72it/s, loss=1.114]
  epoch 3/3:  84%|████████▍ | 74/88 [00:20<00:03,  3.72it/s, loss=1.113]
  epoch 3/3:  85%|████████▌ | 75/88 [00:20<00:03,  3.72it/s, loss=1.113]
  epoch 3/3:  85%|████████▌ | 75/88 [00:20<00:03,  3.72it/s, loss=1.111]
  epoch 3/3:  86%|████████▋ | 76/88 [00:20<00:03,  3.72it/s, loss=1.111]
  epoch 3/3:  86%|████████▋ | 76/88 [00:20<00:03,  3.72it/s, loss=1.110]
  epoch 3/3:  88%|████████▊ | 77/88 [00:20<00:02,  3.74it/s, loss=1.110]
  epoch 3/3:  88%|████████▊ | 77/88 [00:21<00:02,  3.74it/s, loss=1.108]
  epoch 3/3:  89%|████████▊ | 78/88 [00:21<00:02,  3.76it/s, loss=1.108]
  epoch 3/3:  89%|████████▊ | 78/88 [00:21<00:02,  3.76it/s, loss=1.107]
  epoch 3/3:  90%|████████▉ | 79/88 [00:21<00:02,  3.77it/s, loss=1.107]
  epoch 3/3:  90%|████████▉ | 79/88 [00:21<00:02,  3.77it/s, loss=1.106]
  epoch 3/3:  91%|█████████ | 80/88 [00:21<00:02,  3.78it/s, loss=1.106]
  epoch 3/3:  91%|█████████ | 80/88 [00:21<00:02,  3.78it/s, loss=1.105]
  epoch 3/3:  92%|█████████▏| 81/88 [00:21<00:01,  3.78it/s, loss=1.105]
  epoch 3/3:  92%|█████████▏| 81/88 [00:22<00:01,  3.78it/s, loss=1.104]
  epoch 3/3:  93%|█████████▎| 82/88 [00:22<00:01,  3.79it/s, loss=1.104]
  epoch 3/3:  93%|█████████▎| 82/88 [00:22<00:01,  3.79it/s, loss=1.102]
  epoch 3/3:  94%|█████████▍| 83/88 [00:22<00:01,  3.78it/s, loss=1.102]
  epoch 3/3:  94%|█████████▍| 83/88 [00:22<00:01,  3.78it/s, loss=1.101]
  epoch 3/3:  95%|█████████▌| 84/88 [00:22<00:01,  3.77it/s, loss=1.101]
  epoch 3/3:  95%|█████████▌| 84/88 [00:22<00:01,  3.77it/s, loss=1.100]
  epoch 3/3:  97%|█████████▋| 85/88 [00:22<00:00,  3.78it/s, loss=1.100]
  epoch 3/3:  97%|█████████▋| 85/88 [00:23<00:00,  3.78it/s, loss=1.101]
  epoch 3/3:  98%|█████████▊| 86/88 [00:23<00:00,  3.79it/s, loss=1.101]
  epoch 3/3:  98%|█████████▊| 86/88 [00:23<00:00,  3.79it/s, loss=1.099]
  epoch 3/3:  99%|█████████▉| 87/88 [00:23<00:00,  3.79it/s, loss=1.099]
  epoch 3/3:  99%|█████████▉| 87/88 [00:23<00:00,  3.79it/s, loss=1.099]
  epoch 3/3: 100%|██████████| 88/88 [00:23<00:00,  4.10it/s, loss=1.099]
                                                                        
[titans] reset=never | norm(state) sau task = 80.5846
[titans]   self-mod v:β=0.98 |W|=0.25
[titans]   eta_t(avg)=-0.7109  alpha_t/forget-gate(avg)=0.8052
[task 1] test acc so far: 0.834  0.280
[task 1] NCM-head acc so far: 0.900  0.857
[task 2] classes=[18, 20, 24, 36, 44] | train=2800

  epoch 1/3:   0%|          | 0/88 [00:00<?, ?it/s]
  epoch 1/3:   0%|          | 0/88 [00:00<?, ?it/s, loss=1.618]
  epoch 1/3:   1%|          | 1/88 [00:00<00:41,  2.12it/s, loss=1.618]
  epoch 1/3:   1%|          | 1/88 [00:00<00:41,  2.12it/s, loss=1.622]
  epoch 1/3:   2%|▏         | 2/88 [00:00<00:30,  2.86it/s, loss=1.622]
  epoch 1/3:   2%|▏         | 2/88 [00:01<00:30,  2.86it/s, loss=1.628]
  epoch 1/3:   3%|▎         | 3/88 [00:01<00:26,  3.20it/s, loss=1.628]
  epoch 1/3:   3%|▎         | 3/88 [00:01<00:26,  3.20it/s, loss=1.588]
  epoch 1/3:   5%|▍         | 4/88 [00:01<00:24,  3.40it/s, loss=1.588]
  epoch 1/3:   5%|▍         | 4/88 [00:01<00:24,  3.40it/s, loss=1.604]
  epoch 1/3:   6%|▌         | 5/88 [00:01<00:23,  3.53it/s, loss=1.604]
  epoch 1/3:   6%|▌         | 5/88 [00:01<00:23,  3.53it/s, loss=1.595]
  epoch 1/3:   7%|▋         | 6/88 [00:01<00:22,  3.62it/s, loss=1.595]
  epoch 1/3:   7%|▋         | 6/88 [00:02<00:22,  3.62it/s, loss=1.569]
  epoch 1/3:   8%|▊         | 7/88 [00:02<00:22,  3.68it/s, loss=1.569]
  epoch 1/3:   8%|▊         | 7/88 [00:02<00:22,  3.68it/s, loss=1.560]
  epoch 1/3:   9%|▉         | 8/88 [00:02<00:21,  3.71it/s, loss=1.560]
  epoch 1/3:   9%|▉         | 8/88 [00:02<00:21,  3.71it/s, loss=1.566]
  epoch 1/3:  10%|█         | 9/88 [00:02<00:21,  3.74it/s, loss=1.566]
  epoch 1/3:  10%|█         | 9/88 [00:02<00:21,  3.74it/s, loss=1.574]
  epoch 1/3:  11%|█▏        | 10/88 [00:02<00:20,  3.76it/s, loss=1.574]
  epoch 1/3:  11%|█▏        | 10/88 [00:03<00:20,  3.76it/s, loss=1.579]
  epoch 1/3:  12%|█▎        | 11/88 [00:03<00:20,  3.77it/s, loss=1.579]
  epoch 1/3:  12%|█▎        | 11/88 [00:03<00:20,  3.77it/s, loss=1.587]
  epoch 1/3:  14%|█▎        | 12/88 [00:03<00:20,  3.78it/s, loss=1.587]
  epoch 1/3:  14%|█▎        | 12/88 [00:03<00:20,  3.78it/s, loss=1.588]
  epoch 1/3:  15%|█▍        | 13/88 [00:03<00:19,  3.78it/s, loss=1.588]
  epoch 1/3:  15%|█▍        | 13/88 [00:03<00:19,  3.78it/s, loss=1.588]
  epoch 1/3:  16%|█▌        | 14/88 [00:03<00:19,  3.78it/s, loss=1.588]
  epoch 1/3:  16%|█▌        | 14/88 [00:04<00:19,  3.78it/s, loss=1.577]
  epoch 1/3:  17%|█▋        | 15/88 [00:04<00:19,  3.78it/s, loss=1.577]
  epoch 1/3:  17%|█▋        | 15/88 [00:04<00:19,  3.78it/s, loss=1.580]
  epoch 1/3:  18%|█▊        | 16/88 [00:04<00:19,  3.72it/s, loss=1.580]
  epoch 1/3:  18%|█▊        | 16/88 [00:04<00:19,  3.72it/s, loss=1.580]
  epoch 1/3:  19%|█▉        | 17/88 [00:04<00:18,  3.74it/s, loss=1.580]
  epoch 1/3:  19%|█▉        | 17/88 [00:04<00:18,  3.74it/s, loss=1.586]
  epoch 1/3:  20%|██        | 18/88 [00:04<00:18,  3.74it/s, loss=1.586]
  epoch 1/3:  20%|██        | 18/88 [00:05<00:18,  3.74it/s, loss=1.589]
  epoch 1/3:  22%|██▏       | 19/88 [00:05<00:18,  3.75it/s, loss=1.589]
  epoch 1/3:  22%|██▏       | 19/88 [00:05<00:18,  3.75it/s, loss=1.582]
  epoch 1/3:  23%|██▎       | 20/88 [00:05<00:18,  3.75it/s, loss=1.582]
  epoch 1/3:  23%|██▎       | 20/88 [00:05<00:18,  3.75it/s, loss=1.585]
  epoch 1/3:  24%|██▍       | 21/88 [00:05<00:17,  3.75it/s, loss=1.585]
  epoch 1/3:  24%|██▍       | 21/88 [00:06<00:17,  3.75it/s, loss=1.579]
  epoch 1/3:  25%|██▌       | 22/88 [00:06<00:17,  3.74it/s, loss=1.579]
  epoch 1/3:  25%|██▌       | 22/88 [00:06<00:17,  3.74it/s, loss=1.582]
  epoch 1/3:  26%|██▌       | 23/88 [00:06<00:17,  3.75it/s, loss=1.582]
  epoch 1/3:  26%|██▌       | 23/88 [00:06<00:17,  3.75it/s, loss=1.585]
  epoch 1/3:  27%|██▋       | 24/88 [00:06<00:17,  3.76it/s, loss=1.585]
  epoch 1/3:  27%|██▋       | 24/88 [00:06<00:17,  3.76it/s, loss=1.589]
  epoch 1/3:  28%|██▊       | 25/88 [00:06<00:16,  3.77it/s, loss=1.589]
  epoch 1/3:  28%|██▊       | 25/88 [00:07<00:16,  3.77it/s, loss=1.593]
  epoch 1/3:  30%|██▉       | 26/88 [00:07<00:16,  3.78it/s, loss=1.593]
  epoch 1/3:  30%|██▉       | 26/88 [00:07<00:16,  3.78it/s, loss=1.595]
  epoch 1/3:  31%|███       | 27/88 [00:07<00:16,  3.78it/s, loss=1.595]
  epoch 1/3:  31%|███       | 27/88 [00:07<00:16,  3.78it/s, loss=1.592]
  epoch 1/3:  32%|███▏      | 28/88 [00:07<00:15,  3.77it/s, loss=1.592]
  epoch 1/3:  32%|███▏      | 28/88 [00:07<00:15,  3.77it/s, loss=1.590]
  epoch 1/3:  33%|███▎      | 29/88 [00:07<00:15,  3.75it/s, loss=1.590]
  epoch 1/3:  33%|███▎      | 29/88 [00:08<00:15,  3.75it/s, loss=1.587]
  epoch 1/3:  34%|███▍      | 30/88 [00:08<00:15,  3.74it/s, loss=1.587]
  epoch 1/3:  34%|███▍      | 30/88 [00:08<00:15,  3.74it/s, loss=1.585]
  epoch 1/3:  35%|███▌      | 31/88 [00:08<00:15,  3.74it/s, loss=1.585]
  epoch 1/3:  35%|███▌      | 31/88 [00:08<00:15,  3.74it/s, loss=1.579]
  epoch 1/3:  36%|███▋      | 32/88 [00:08<00:15,  3.70it/s, loss=1.579]
  epoch 1/3:  36%|███▋      | 32/88 [00:08<00:15,  3.70it/s, loss=1.574]
  epoch 1/3:  38%|███▊      | 33/88 [00:08<00:14,  3.70it/s, loss=1.574]
  epoch 1/3:  38%|███▊      | 33/88 [00:09<00:14,  3.70it/s, loss=1.571]
  epoch 1/3:  39%|███▊      | 34/88 [00:09<00:14,  3.73it/s, loss=1.571]
  epoch 1/3:  39%|███▊      | 34/88 [00:09<00:14,  3.73it/s, loss=1.570]
  epoch 1/3:  40%|███▉      | 35/88 [00:09<00:14,  3.75it/s, loss=1.570]
  epoch 1/3:  40%|███▉      | 35/88 [00:09<00:14,  3.75it/s, loss=1.572]
  epoch 1/3:  41%|████      | 36/88 [00:09<00:13,  3.75it/s, loss=1.572]
  epoch 1/3:  41%|████      | 36/88 [00:10<00:13,  3.75it/s, loss=1.570]
  epoch 1/3:  42%|████▏     | 37/88 [00:10<00:13,  3.76it/s, loss=1.570]
  epoch 1/3:  42%|████▏     | 37/88 [00:10<00:13,  3.76it/s, loss=1.571]
  epoch 1/3:  43%|████▎     | 38/88 [00:10<00:13,  3.75it/s, loss=1.571]
  epoch 1/3:  43%|████▎     | 38/88 [00:10<00:13,  3.75it/s, loss=1.572]
  epoch 1/3:  44%|████▍     | 39/88 [00:10<00:13,  3.73it/s, loss=1.572]
  epoch 1/3:  44%|████▍     | 39/88 [00:10<00:13,  3.73it/s, loss=1.571]
  epoch 1/3:  45%|████▌     | 40/88 [00:10<00:12,  3.75it/s, loss=1.571]
  epoch 1/3:  45%|████▌     | 40/88 [00:11<00:12,  3.75it/s, loss=1.569]
  epoch 1/3:  47%|████▋     | 41/88 [00:11<00:12,  3.76it/s, loss=1.569]
  epoch 1/3:  47%|████▋     | 41/88 [00:11<00:12,  3.76it/s, loss=1.571]
  epoch 1/3:  48%|████▊     | 42/88 [00:11<00:12,  3.74it/s, loss=1.571]
  epoch 1/3:  48%|████▊     | 42/88 [00:11<00:12,  3.74it/s, loss=1.567]
  epoch 1/3:  49%|████▉     | 43/88 [00:11<00:12,  3.74it/s, loss=1.567]
  epoch 1/3:  49%|████▉     | 43/88 [00:11<00:12,  3.74it/s, loss=1.569]
  epoch 1/3:  50%|█████     | 44/88 [00:11<00:11,  3.73it/s, loss=1.569]
  epoch 1/3:  50%|█████     | 44/88 [00:12<00:11,  3.73it/s, loss=1.568]
  epoch 1/3:  51%|█████     | 45/88 [00:12<00:11,  3.74it/s, loss=1.568]
  epoch 1/3:  51%|█████     | 45/88 [00:12<00:11,  3.74it/s, loss=1.564]
  epoch 1/3:  52%|█████▏    | 46/88 [00:12<00:11,  3.76it/s, loss=1.564]
  epoch 1/3:  52%|█████▏    | 46/88 [00:12<00:11,  3.76it/s, loss=1.561]
  epoch 1/3:  53%|█████▎    | 47/88 [00:12<00:10,  3.77it/s, loss=1.561]
  epoch 1/3:  53%|█████▎    | 47/88 [00:12<00:10,  3.77it/s, loss=1.562]
  epoch 1/3:  55%|█████▍    | 48/88 [00:12<00:10,  3.72it/s, loss=1.562]
  epoch 1/3:  55%|█████▍    | 48/88 [00:13<00:10,  3.72it/s, loss=1.557]
  epoch 1/3:  56%|█████▌    | 49/88 [00:13<00:10,  3.72it/s, loss=1.557]
  epoch 1/3:  56%|█████▌    | 49/88 [00:13<00:10,  3.72it/s, loss=1.555]
  epoch 1/3:  57%|█████▋    | 50/88 [00:13<00:10,  3.74it/s, loss=1.555]
  epoch 1/3:  57%|█████▋    | 50/88 [00:13<00:10,  3.74it/s, loss=1.551]
  epoch 1/3:  58%|█████▊    | 51/88 [00:13<00:09,  3.75it/s, loss=1.551]
  epoch 1/3:  58%|█████▊    | 51/88 [00:14<00:09,  3.75it/s, loss=1.550]
  epoch 1/3:  59%|█████▉    | 52/88 [00:14<00:09,  3.75it/s, loss=1.550]
  epoch 1/3:  59%|█████▉    | 52/88 [00:14<00:09,  3.75it/s, loss=1.549]
  epoch 1/3:  60%|██████    | 53/88 [00:14<00:09,  3.75it/s, loss=1.549]
  epoch 1/3:  60%|██████    | 53/88 [00:14<00:09,  3.75it/s, loss=1.548]
  epoch 1/3:  61%|██████▏   | 54/88 [00:14<00:09,  3.73it/s, loss=1.548]
  epoch 1/3:  61%|██████▏   | 54/88 [00:14<00:09,  3.73it/s, loss=1.548]
  epoch 1/3:  62%|██████▎   | 55/88 [00:14<00:08,  3.74it/s, loss=1.548]
  epoch 1/3:  62%|██████▎   | 55/88 [00:15<00:08,  3.74it/s, loss=1.545]
  epoch 1/3:  64%|██████▎   | 56/88 [00:15<00:08,  3.75it/s, loss=1.545]
  epoch 1/3:  64%|██████▎   | 56/88 [00:15<00:08,  3.75it/s, loss=1.545]
  epoch 1/3:  65%|██████▍   | 57/88 [00:15<00:08,  3.76it/s, loss=1.545]
  epoch 1/3:  65%|██████▍   | 57/88 [00:15<00:08,  3.76it/s, loss=1.545]
  epoch 1/3:  66%|██████▌   | 58/88 [00:15<00:08,  3.75it/s, loss=1.545]
  epoch 1/3:  66%|██████▌   | 58/88 [00:15<00:08,  3.75it/s, loss=1.545]
  epoch 1/3:  67%|██████▋   | 59/88 [00:15<00:07,  3.75it/s, loss=1.545]
  epoch 1/3:  67%|██████▋   | 59/88 [00:16<00:07,  3.75it/s, loss=1.543]
  epoch 1/3:  68%|██████▊   | 60/88 [00:16<00:07,  3.76it/s, loss=1.543]
  epoch 1/3:  68%|██████▊   | 60/88 [00:16<00:07,  3.76it/s, loss=1.542]
  epoch 1/3:  69%|██████▉   | 61/88 [00:16<00:07,  3.74it/s, loss=1.542]
  epoch 1/3:  69%|██████▉   | 61/88 [00:16<00:07,  3.74it/s, loss=1.543]
  epoch 1/3:  70%|███████   | 62/88 [00:16<00:06,  3.75it/s, loss=1.543]
  epoch 1/3:  70%|███████   | 62/88 [00:16<00:06,  3.75it/s, loss=1.543]
  epoch 1/3:  72%|███████▏  | 63/88 [00:16<00:06,  3.77it/s, loss=1.543]
  epoch 1/3:  72%|███████▏  | 63/88 [00:17<00:06,  3.77it/s, loss=1.541]
  epoch 1/3:  73%|███████▎  | 64/88 [00:17<00:06,  3.72it/s, loss=1.541]
  epoch 1/3:  73%|███████▎  | 64/88 [00:17<00:06,  3.72it/s, loss=1.538]
  epoch 1/3:  74%|███████▍  | 65/88 [00:17<00:06,  3.74it/s, loss=1.538]
  epoch 1/3:  74%|███████▍  | 65/88 [00:17<00:06,  3.74it/s, loss=1.537]
  epoch 1/3:  75%|███████▌  | 66/88 [00:17<00:05,  3.74it/s, loss=1.537]
  epoch 1/3:  75%|███████▌  | 66/88 [00:18<00:05,  3.74it/s, loss=1.539]
  epoch 1/3:  76%|███████▌  | 67/88 [00:18<00:05,  3.75it/s, loss=1.539]
  epoch 1/3:  76%|███████▌  | 67/88 [00:18<00:05,  3.75it/s, loss=1.538]
  epoch 1/3:  77%|███████▋  | 68/88 [00:18<00:05,  3.76it/s, loss=1.538]
  epoch 1/3:  77%|███████▋  | 68/88 [00:18<00:05,  3.76it/s, loss=1.537]
  epoch 1/3:  78%|███████▊  | 69/88 [00:18<00:05,  3.75it/s, loss=1.537]
  epoch 1/3:  78%|███████▊  | 69/88 [00:18<00:05,  3.75it/s, loss=1.536]
  epoch 1/3:  80%|███████▉  | 70/88 [00:18<00:04,  3.75it/s, loss=1.536]
  epoch 1/3:  80%|███████▉  | 70/88 [00:19<00:04,  3.75it/s, loss=1.534]
  epoch 1/3:  81%|████████  | 71/88 [00:19<00:04,  3.74it/s, loss=1.534]
  epoch 1/3:  81%|████████  | 71/88 [00:19<00:04,  3.74it/s, loss=1.534]
  epoch 1/3:  82%|████████▏ | 72/88 [00:19<00:04,  3.73it/s, loss=1.534]
  epoch 1/3:  82%|████████▏ | 72/88 [00:19<00:04,  3.73it/s, loss=1.532]
  epoch 1/3:  83%|████████▎ | 73/88 [00:19<00:04,  3.75it/s, loss=1.532]
  epoch 1/3:  83%|████████▎ | 73/88 [00:19<00:04,  3.75it/s, loss=1.532]
  epoch 1/3:  84%|████████▍ | 74/88 [00:19<00:03,  3.76it/s, loss=1.532]
  epoch 1/3:  84%|████████▍ | 74/88 [00:20<00:03,  3.76it/s, loss=1.531]
  epoch 1/3:  85%|████████▌ | 75/88 [00:20<00:03,  3.75it/s, loss=1.531]
  epoch 1/3:  85%|████████▌ | 75/88 [00:20<00:03,  3.75it/s, loss=1.532]
  epoch 1/3:  86%|████████▋ | 76/88 [00:20<00:03,  3.74it/s, loss=1.532]
  epoch 1/3:  86%|████████▋ | 76/88 [00:20<00:03,  3.74it/s, loss=1.532]
  epoch 1/3:  88%|████████▊ | 77/88 [00:20<00:02,  3.74it/s, loss=1.532]
  epoch 1/3:  88%|████████▊ | 77/88 [00:20<00:02,  3.74it/s, loss=1.530]
  epoch 1/3:  89%|████████▊ | 78/88 [00:20<00:02,  3.74it/s, loss=1.530]
  epoch 1/3:  89%|████████▊ | 78/88 [00:21<00:02,  3.74it/s, loss=1.530]
  epoch 1/3:  90%|████████▉ | 79/88 [00:21<00:02,  3.76it/s, loss=1.530]
  epoch 1/3:  90%|████████▉ | 79/88 [00:21<00:02,  3.76it/s, loss=1.529]
  epoch 1/3:  91%|█████████ | 80/88 [00:21<00:02,  3.72it/s, loss=1.529]
  epoch 1/3:  91%|█████████ | 80/88 [00:21<00:02,  3.72it/s, loss=1.525]
  epoch 1/3:  92%|█████████▏| 81/88 [00:21<00:01,  3.74it/s, loss=1.525]
  epoch 1/3:  92%|█████████▏| 81/88 [00:22<00:01,  3.74it/s, loss=1.522]
  epoch 1/3:  93%|█████████▎| 82/88 [00:22<00:01,  3.72it/s, loss=1.522]
  epoch 1/3:  93%|█████████▎| 82/88 [00:22<00:01,  3.72it/s, loss=1.521]
  epoch 1/3:  94%|█████████▍| 83/88 [00:22<00:01,  3.75it/s, loss=1.521]
  epoch 1/3:  94%|█████████▍| 83/88 [00:22<00:01,  3.75it/s, loss=1.520]
  epoch 1/3:  95%|█████████▌| 84/88 [00:22<00:01,  3.76it/s, loss=1.520]
  epoch 1/3:  95%|█████████▌| 84/88 [00:22<00:01,  3.76it/s, loss=1.520]
  epoch 1/3:  97%|█████████▋| 85/88 [00:22<00:00,  3.76it/s, loss=1.520]
  epoch 1/3:  97%|█████████▋| 85/88 [00:23<00:00,  3.76it/s, loss=1.520]
  epoch 1/3:  98%|█████████▊| 86/88 [00:23<00:00,  3.76it/s, loss=1.520]
  epoch 1/3:  98%|█████████▊| 86/88 [00:23<00:00,  3.76it/s, loss=1.519]
  epoch 1/3:  99%|█████████▉| 87/88 [00:23<00:00,  3.76it/s, loss=1.519]
  epoch 1/3:  99%|█████████▉| 87/88 [00:23<00:00,  3.76it/s, loss=1.519]
  epoch 1/3: 100%|██████████| 88/88 [00:23<00:00,  4.11it/s, loss=1.519]
                                                                        

  epoch 2/3:   0%|          | 0/88 [00:00<?, ?it/s]
  epoch 2/3:   0%|          | 0/88 [00:00<?, ?it/s, loss=1.394]
  epoch 2/3:   1%|          | 1/88 [00:00<00:42,  2.06it/s, loss=1.394]
  epoch 2/3:   1%|          | 1/88 [00:00<00:42,  2.06it/s, loss=1.376]
  epoch 2/3:   2%|▏         | 2/88 [00:00<00:30,  2.80it/s, loss=1.376]
  epoch 2/3:   2%|▏         | 2/88 [00:01<00:30,  2.80it/s, loss=1.361]
  epoch 2/3:   3%|▎         | 3/88 [00:01<00:26,  3.17it/s, loss=1.361]
  epoch 2/3:   3%|▎         | 3/88 [00:01<00:26,  3.17it/s, loss=1.337]
  epoch 2/3:   5%|▍         | 4/88 [00:01<00:24,  3.36it/s, loss=1.337]
  epoch 2/3:   5%|▍         | 4/88 [00:01<00:24,  3.36it/s, loss=1.321]
  epoch 2/3:   6%|▌         | 5/88 [00:01<00:23,  3.48it/s, loss=1.321]
  epoch 2/3:   6%|▌         | 5/88 [00:01<00:23,  3.48it/s, loss=1.337]
  epoch 2/3:   7%|▋         | 6/88 [00:01<00:22,  3.58it/s, loss=1.337]
  epoch 2/3:   7%|▋         | 6/88 [00:02<00:22,  3.58it/s, loss=1.335]
  epoch 2/3:   8%|▊         | 7/88 [00:02<00:22,  3.64it/s, loss=1.335]
  epoch 2/3:   8%|▊         | 7/88 [00:02<00:22,  3.64it/s, loss=1.330]
  epoch 2/3:   9%|▉         | 8/88 [00:02<00:22,  3.63it/s, loss=1.330]
  epoch 2/3:   9%|▉         | 8/88 [00:02<00:22,  3.63it/s, loss=1.331]
  epoch 2/3:  10%|█         | 9/88 [00:02<00:21,  3.66it/s, loss=1.331]
  epoch 2/3:  10%|█         | 9/88 [00:02<00:21,  3.66it/s, loss=1.337]
  epoch 2/3:  11%|█▏        | 10/88 [00:02<00:21,  3.71it/s, loss=1.337]
  epoch 2/3:  11%|█▏        | 10/88 [00:03<00:21,  3.71it/s, loss=1.346]
  epoch 2/3:  12%|█▎        | 11/88 [00:03<00:20,  3.73it/s, loss=1.346]
  epoch 2/3:  12%|█▎        | 11/88 [00:03<00:20,  3.73it/s, loss=1.356]
  epoch 2/3:  14%|█▎        | 12/88 [00:03<00:20,  3.75it/s, loss=1.356]
  epoch 2/3:  14%|█▎        | 12/88 [00:03<00:20,  3.75it/s, loss=1.364]
  epoch 2/3:  15%|█▍        | 13/88 [00:03<00:19,  3.76it/s, loss=1.364]
  epoch 2/3:  15%|█▍        | 13/88 [00:03<00:19,  3.76it/s, loss=1.372]
  epoch 2/3:  16%|█▌        | 14/88 [00:03<00:19,  3.77it/s, loss=1.372]
  epoch 2/3:  16%|█▌        | 14/88 [00:04<00:19,  3.77it/s, loss=1.371]
  epoch 2/3:  17%|█▋        | 15/88 [00:04<00:19,  3.76it/s, loss=1.371]
  epoch 2/3:  17%|█▋        | 15/88 [00:04<00:19,  3.76it/s, loss=1.376]
  epoch 2/3:  18%|█▊        | 16/88 [00:04<00:19,  3.76it/s, loss=1.376]
  epoch 2/3:  18%|█▊        | 16/88 [00:04<00:19,  3.76it/s, loss=1.370]
  epoch 2/3:  19%|█▉        | 17/88 [00:04<00:18,  3.75it/s, loss=1.370]
  epoch 2/3:  19%|█▉        | 17/88 [00:05<00:18,  3.75it/s, loss=1.359]
  epoch 2/3:  20%|██        | 18/88 [00:05<00:18,  3.74it/s, loss=1.359]
  epoch 2/3:  20%|██        | 18/88 [00:05<00:18,  3.74it/s, loss=1.354]
  epoch 2/3:  22%|██▏       | 19/88 [00:05<00:18,  3.76it/s, loss=1.354]
  epoch 2/3:  22%|██▏       | 19/88 [00:05<00:18,  3.76it/s, loss=1.351]
  epoch 2/3:  23%|██▎       | 20/88 [00:05<00:18,  3.76it/s, loss=1.351]
  epoch 2/3:  23%|██▎       | 20/88 [00:05<00:18,  3.76it/s, loss=1.355]
  epoch 2/3:  24%|██▍       | 21/88 [00:05<00:17,  3.78it/s, loss=1.355]
  epoch 2/3:  24%|██▍       | 21/88 [00:06<00:17,  3.78it/s, loss=1.349]
  epoch 2/3:  25%|██▌       | 22/88 [00:06<00:17,  3.78it/s, loss=1.349]
  epoch 2/3:  25%|██▌       | 22/88 [00:06<00:17,  3.78it/s, loss=1.346]
  epoch 2/3:  26%|██▌       | 23/88 [00:06<00:17,  3.79it/s, loss=1.346]
  epoch 2/3:  26%|██▌       | 23/88 [00:06<00:17,  3.79it/s, loss=1.348]
  epoch 2/3:  27%|██▋       | 24/88 [00:06<00:17,  3.74it/s, loss=1.348]
  epoch 2/3:  27%|██▋       | 24/88 [00:06<00:17,  3.74it/s, loss=1.346]
  epoch 2/3:  28%|██▊       | 25/88 [00:06<00:16,  3.75it/s, loss=1.346]
  epoch 2/3:  28%|██▊       | 25/88 [00:07<00:16,  3.75it/s, loss=1.344]
  epoch 2/3:  30%|██▉       | 26/88 [00:07<00:16,  3.74it/s, loss=1.344]
  epoch 2/3:  30%|██▉       | 26/88 [00:07<00:16,  3.74it/s, loss=1.341]
  epoch 2/3:  31%|███       | 27/88 [00:07<00:16,  3.75it/s, loss=1.341]
  epoch 2/3:  31%|███       | 27/88 [00:07<00:16,  3.75it/s, loss=1.339]
  epoch 2/3:  32%|███▏      | 28/88 [00:07<00:15,  3.77it/s, loss=1.339]
  epoch 2/3:  32%|███▏      | 28/88 [00:07<00:15,  3.77it/s, loss=1.337]
  epoch 2/3:  33%|███▎      | 29/88 [00:07<00:15,  3.77it/s, loss=1.337]
  epoch 2/3:  33%|███▎      | 29/88 [00:08<00:15,  3.77it/s, loss=1.334]
  epoch 2/3:  34%|███▍      | 30/88 [00:08<00:15,  3.75it/s, loss=1.334]
  epoch 2/3:  34%|███▍      | 30/88 [00:08<00:15,  3.75it/s, loss=1.332]
  epoch 2/3:  35%|███▌      | 31/88 [00:08<00:15,  3.74it/s, loss=1.332]
  epoch 2/3:  35%|███▌      | 31/88 [00:08<00:15,  3.74it/s, loss=1.334]
  epoch 2/3:  36%|███▋      | 32/88 [00:08<00:14,  3.74it/s, loss=1.334]
  epoch 2/3:  36%|███▋      | 32/88 [00:09<00:14,  3.74it/s, loss=1.334]
  epoch 2/3:  38%|███▊      | 33/88 [00:09<00:14,  3.75it/s, loss=1.334]
  epoch 2/3:  38%|███▊      | 33/88 [00:09<00:14,  3.75it/s, loss=1.334]
  epoch 2/3:  39%|███▊      | 34/88 [00:09<00:14,  3.74it/s, loss=1.334]
  epoch 2/3:  39%|███▊      | 34/88 [00:09<00:14,  3.74it/s, loss=1.331]
  epoch 2/3:  40%|███▉      | 35/88 [00:09<00:14,  3.75it/s, loss=1.331]
  epoch 2/3:  40%|███▉      | 35/88 [00:09<00:14,  3.75it/s, loss=1.328]
  epoch 2/3:  41%|████      | 36/88 [00:09<00:13,  3.74it/s, loss=1.328]
  epoch 2/3:  41%|████      | 36/88 [00:10<00:13,  3.74it/s, loss=1.327]
  epoch 2/3:  42%|████▏     | 37/88 [00:10<00:13,  3.73it/s, loss=1.327]
  epoch 2/3:  42%|████▏     | 37/88 [00:10<00:13,  3.73it/s, loss=1.324]
  epoch 2/3:  43%|████▎     | 38/88 [00:10<00:13,  3.74it/s, loss=1.324]
  epoch 2/3:  43%|████▎     | 38/88 [00:10<00:13,  3.74it/s, loss=1.324]
  epoch 2/3:  44%|████▍     | 39/88 [00:10<00:13,  3.74it/s, loss=1.324]
  epoch 2/3:  44%|████▍     | 39/88 [00:10<00:13,  3.74it/s, loss=1.324]
  epoch 2/3:  45%|████▌     | 40/88 [00:10<00:12,  3.70it/s, loss=1.324]
  epoch 2/3:  45%|████▌     | 40/88 [00:11<00:12,  3.70it/s, loss=1.320]
  epoch 2/3:  47%|████▋     | 41/88 [00:11<00:12,  3.71it/s, loss=1.320]
  epoch 2/3:  47%|████▋     | 41/88 [00:11<00:12,  3.71it/s, loss=1.318]
  epoch 2/3:  48%|████▊     | 42/88 [00:11<00:12,  3.73it/s, loss=1.318]
  epoch 2/3:  48%|████▊     | 42/88 [00:11<00:12,  3.73it/s, loss=1.316]
  epoch 2/3:  49%|████▉     | 43/88 [00:11<00:12,  3.74it/s, loss=1.316]
  epoch 2/3:  49%|████▉     | 43/88 [00:11<00:12,  3.74it/s, loss=1.314]
  epoch 2/3:  50%|█████     | 44/88 [00:11<00:11,  3.75it/s, loss=1.314]
  epoch 2/3:  50%|█████     | 44/88 [00:12<00:11,  3.75it/s, loss=1.314]
  epoch 2/3:  51%|█████     | 45/88 [00:12<00:11,  3.76it/s, loss=1.314]
  epoch 2/3:  51%|█████     | 45/88 [00:12<00:11,  3.76it/s, loss=1.312]
  epoch 2/3:  52%|█████▏    | 46/88 [00:12<00:11,  3.76it/s, loss=1.312]
  epoch 2/3:  52%|█████▏    | 46/88 [00:12<00:11,  3.76it/s, loss=1.311]
  epoch 2/3:  53%|█████▎    | 47/88 [00:12<00:10,  3.75it/s, loss=1.311]
  epoch 2/3:  53%|█████▎    | 47/88 [00:13<00:10,  3.75it/s, loss=1.311]
  epoch 2/3:  55%|█████▍    | 48/88 [00:13<00:10,  3.74it/s, loss=1.311]
  epoch 2/3:  55%|█████▍    | 48/88 [00:13<00:10,  3.74it/s, loss=1.309]
  epoch 2/3:  56%|█████▌    | 49/88 [00:13<00:10,  3.74it/s, loss=1.309]
  epoch 2/3:  56%|█████▌    | 49/88 [00:13<00:10,  3.74it/s, loss=1.308]
  epoch 2/3:  57%|█████▋    | 50/88 [00:13<00:10,  3.75it/s, loss=1.308]
  epoch 2/3:  57%|█████▋    | 50/88 [00:13<00:10,  3.75it/s, loss=1.307]
  epoch 2/3:  58%|█████▊    | 51/88 [00:13<00:09,  3.75it/s, loss=1.307]
  epoch 2/3:  58%|█████▊    | 51/88 [00:14<00:09,  3.75it/s, loss=1.304]
  epoch 2/3:  59%|█████▉    | 52/88 [00:14<00:09,  3.76it/s, loss=1.304]
  epoch 2/3:  59%|█████▉    | 52/88 [00:14<00:09,  3.76it/s, loss=1.302]
  epoch 2/3:  60%|██████    | 53/88 [00:14<00:09,  3.77it/s, loss=1.302]
  epoch 2/3:  60%|██████    | 53/88 [00:14<00:09,  3.77it/s, loss=1.299]
  epoch 2/3:  61%|██████▏   | 54/88 [00:14<00:09,  3.77it/s, loss=1.299]
  epoch 2/3:  61%|██████▏   | 54/88 [00:14<00:09,  3.77it/s, loss=1.298]
  epoch 2/3:  62%|██████▎   | 55/88 [00:14<00:08,  3.76it/s, loss=1.298]
  epoch 2/3:  62%|██████▎   | 55/88 [00:15<00:08,  3.76it/s, loss=1.297]
  epoch 2/3:  64%|██████▎   | 56/88 [00:15<00:08,  3.70it/s, loss=1.297]
  epoch 2/3:  64%|██████▎   | 56/88 [00:15<00:08,  3.70it/s, loss=1.296]
  epoch 2/3:  65%|██████▍   | 57/88 [00:15<00:08,  3.73it/s, loss=1.296]
  epoch 2/3:  65%|██████▍   | 57/88 [00:15<00:08,  3.73it/s, loss=1.294]
  epoch 2/3:  66%|██████▌   | 58/88 [00:15<00:08,  3.73it/s, loss=1.294]
  epoch 2/3:  66%|██████▌   | 58/88 [00:15<00:08,  3.73it/s, loss=1.292]
  epoch 2/3:  67%|██████▋   | 59/88 [00:15<00:07,  3.73it/s, loss=1.292]
  epoch 2/3:  67%|██████▋   | 59/88 [00:16<00:07,  3.73it/s, loss=1.290]
  epoch 2/3:  68%|██████▊   | 60/88 [00:16<00:07,  3.72it/s, loss=1.290]
  epoch 2/3:  68%|██████▊   | 60/88 [00:16<00:07,  3.72it/s, loss=1.289]
  epoch 2/3:  69%|██████▉   | 61/88 [00:16<00:07,  3.74it/s, loss=1.289]
  epoch 2/3:  69%|██████▉   | 61/88 [00:16<00:07,  3.74it/s, loss=1.288]
  epoch 2/3:  70%|███████   | 62/88 [00:16<00:06,  3.75it/s, loss=1.288]
  epoch 2/3:  70%|███████   | 62/88 [00:17<00:06,  3.75it/s, loss=1.287]
  epoch 2/3:  72%|███████▏  | 63/88 [00:17<00:06,  3.76it/s, loss=1.287]
  epoch 2/3:  72%|███████▏  | 63/88 [00:17<00:06,  3.76it/s, loss=1.287]
  epoch 2/3:  73%|███████▎  | 64/88 [00:17<00:06,  3.76it/s, loss=1.287]
  epoch 2/3:  73%|███████▎  | 64/88 [00:17<00:06,  3.76it/s, loss=1.286]
  epoch 2/3:  74%|███████▍  | 65/88 [00:17<00:06,  3.75it/s, loss=1.286]
  epoch 2/3:  74%|███████▍  | 65/88 [00:17<00:06,  3.75it/s, loss=1.286]
  epoch 2/3:  75%|███████▌  | 66/88 [00:17<00:05,  3.75it/s, loss=1.286]
  epoch 2/3:  75%|███████▌  | 66/88 [00:18<00:05,  3.75it/s, loss=1.284]
  epoch 2/3:  76%|███████▌  | 67/88 [00:18<00:05,  3.74it/s, loss=1.284]
  epoch 2/3:  76%|███████▌  | 67/88 [00:18<00:05,  3.74it/s, loss=1.286]
  epoch 2/3:  77%|███████▋  | 68/88 [00:18<00:05,  3.75it/s, loss=1.286]
  epoch 2/3:  77%|███████▋  | 68/88 [00:18<00:05,  3.75it/s, loss=1.285]
  epoch 2/3:  78%|███████▊  | 69/88 [00:18<00:05,  3.75it/s, loss=1.285]
  epoch 2/3:  78%|███████▊  | 69/88 [00:18<00:05,  3.75it/s, loss=1.283]
  epoch 2/3:  80%|███████▉  | 70/88 [00:18<00:04,  3.75it/s, loss=1.283]
  epoch 2/3:  80%|███████▉  | 70/88 [00:19<00:04,  3.75it/s, loss=1.284]
  epoch 2/3:  81%|████████  | 71/88 [00:19<00:04,  3.76it/s, loss=1.284]
  epoch 2/3:  81%|████████  | 71/88 [00:19<00:04,  3.76it/s, loss=1.281]
  epoch 2/3:  82%|████████▏ | 72/88 [00:19<00:04,  3.72it/s, loss=1.281]
  epoch 2/3:  82%|████████▏ | 72/88 [00:19<00:04,  3.72it/s, loss=1.279]
  epoch 2/3:  83%|████████▎ | 73/88 [00:19<00:04,  3.73it/s, loss=1.279]
  epoch 2/3:  83%|████████▎ | 73/88 [00:19<00:04,  3.73it/s, loss=1.279]
  epoch 2/3:  84%|████████▍ | 74/88 [00:19<00:03,  3.75it/s, loss=1.279]
  epoch 2/3:  84%|████████▍ | 74/88 [00:20<00:03,  3.75it/s, loss=1.278]
  epoch 2/3:  85%|████████▌ | 75/88 [00:20<00:03,  3.75it/s, loss=1.278]
  epoch 2/3:  85%|████████▌ | 75/88 [00:20<00:03,  3.75it/s, loss=1.277]
  epoch 2/3:  86%|████████▋ | 76/88 [00:20<00:03,  3.75it/s, loss=1.277]
  epoch 2/3:  86%|████████▋ | 76/88 [00:20<00:03,  3.75it/s, loss=1.274]
  epoch 2/3:  88%|████████▊ | 77/88 [00:20<00:02,  3.74it/s, loss=1.274]
  epoch 2/3:  88%|████████▊ | 77/88 [00:21<00:02,  3.74it/s, loss=1.274]
  epoch 2/3:  89%|████████▊ | 78/88 [00:21<00:02,  3.73it/s, loss=1.274]
  epoch 2/3:  89%|████████▊ | 78/88 [00:21<00:02,  3.73it/s, loss=1.272]
  epoch 2/3:  90%|████████▉ | 79/88 [00:21<00:02,  3.74it/s, loss=1.272]
  epoch 2/3:  90%|████████▉ | 79/88 [00:21<00:02,  3.74it/s, loss=1.271]
  epoch 2/3:  91%|█████████ | 80/88 [00:21<00:02,  3.75it/s, loss=1.271]
  epoch 2/3:  91%|█████████ | 80/88 [00:21<00:02,  3.75it/s, loss=1.268]
  epoch 2/3:  92%|█████████▏| 81/88 [00:21<00:01,  3.76it/s, loss=1.268]
  epoch 2/3:  92%|█████████▏| 81/88 [00:22<00:01,  3.76it/s, loss=1.266]
  epoch 2/3:  93%|█████████▎| 82/88 [00:22<00:01,  3.78it/s, loss=1.266]
  epoch 2/3:  93%|█████████▎| 82/88 [00:22<00:01,  3.78it/s, loss=1.266]
  epoch 2/3:  94%|█████████▍| 83/88 [00:22<00:01,  3.77it/s, loss=1.266]
  epoch 2/3:  94%|█████████▍| 83/88 [00:22<00:01,  3.77it/s, loss=1.263]
  epoch 2/3:  95%|█████████▌| 84/88 [00:22<00:01,  3.77it/s, loss=1.263]
  epoch 2/3:  95%|█████████▌| 84/88 [00:22<00:01,  3.77it/s, loss=1.261]
  epoch 2/3:  97%|█████████▋| 85/88 [00:22<00:00,  3.76it/s, loss=1.261]
  epoch 2/3:  97%|█████████▋| 85/88 [00:23<00:00,  3.76it/s, loss=1.260]
  epoch 2/3:  98%|█████████▊| 86/88 [00:23<00:00,  3.76it/s, loss=1.260]
  epoch 2/3:  98%|█████████▊| 86/88 [00:23<00:00,  3.76it/s, loss=1.260]
  epoch 2/3:  99%|█████████▉| 87/88 [00:23<00:00,  3.75it/s, loss=1.260]
  epoch 2/3:  99%|█████████▉| 87/88 [00:23<00:00,  3.75it/s, loss=1.259]
  epoch 2/3: 100%|██████████| 88/88 [00:23<00:00,  4.04it/s, loss=1.259]
                                                                        

  epoch 3/3:   0%|          | 0/88 [00:00<?, ?it/s]
  epoch 3/3:   0%|          | 0/88 [00:00<?, ?it/s, loss=1.061]
  epoch 3/3:   1%|          | 1/88 [00:00<00:41,  2.11it/s, loss=1.061]
  epoch 3/3:   1%|          | 1/88 [00:00<00:41,  2.11it/s, loss=1.117]
  epoch 3/3:   2%|▏         | 2/88 [00:00<00:30,  2.84it/s, loss=1.117]
  epoch 3/3:   2%|▏         | 2/88 [00:01<00:30,  2.84it/s, loss=1.077]
  epoch 3/3:   3%|▎         | 3/88 [00:01<00:26,  3.19it/s, loss=1.077]
  epoch 3/3:   3%|▎         | 3/88 [00:01<00:26,  3.19it/s, loss=1.067]
  epoch 3/3:   5%|▍         | 4/88 [00:01<00:24,  3.38it/s, loss=1.067]
  epoch 3/3:   5%|▍         | 4/88 [00:01<00:24,  3.38it/s, loss=1.072]
  epoch 3/3:   6%|▌         | 5/88 [00:01<00:23,  3.50it/s, loss=1.072]
  epoch 3/3:   6%|▌         | 5/88 [00:01<00:23,  3.50it/s, loss=1.077]
  epoch 3/3:   7%|▋         | 6/88 [00:01<00:22,  3.59it/s, loss=1.077]
  epoch 3/3:   7%|▋         | 6/88 [00:02<00:22,  3.59it/s, loss=1.080]
  epoch 3/3:   8%|▊         | 7/88 [00:02<00:22,  3.66it/s, loss=1.080]
  epoch 3/3:   8%|▊         | 7/88 [00:02<00:22,  3.66it/s, loss=1.096]
  epoch 3/3:   9%|▉         | 8/88 [00:02<00:21,  3.67it/s, loss=1.096]
  epoch 3/3:   9%|▉         | 8/88 [00:02<00:21,  3.67it/s, loss=1.106]
  epoch 3/3:  10%|█         | 9/88 [00:02<00:21,  3.69it/s, loss=1.106]
  epoch 3/3:  10%|█         | 9/88 [00:02<00:21,  3.69it/s, loss=1.097]
  epoch 3/3:  11%|█▏        | 10/88 [00:02<00:21,  3.71it/s, loss=1.097]
  epoch 3/3:  11%|█▏        | 10/88 [00:03<00:21,  3.71it/s, loss=1.103]
  epoch 3/3:  12%|█▎        | 11/88 [00:03<00:20,  3.72it/s, loss=1.103]
  epoch 3/3:  12%|█▎        | 11/88 [00:03<00:20,  3.72it/s, loss=1.098]
  epoch 3/3:  14%|█▎        | 12/88 [00:03<00:20,  3.74it/s, loss=1.098]
  epoch 3/3:  14%|█▎        | 12/88 [00:03<00:20,  3.74it/s, loss=1.106]
  epoch 3/3:  15%|█▍        | 13/88 [00:03<00:19,  3.75it/s, loss=1.106]
  epoch 3/3:  15%|█▍        | 13/88 [00:03<00:19,  3.75it/s, loss=1.111]
  epoch 3/3:  16%|█▌        | 14/88 [00:03<00:19,  3.76it/s, loss=1.111]
  epoch 3/3:  16%|█▌        | 14/88 [00:04<00:19,  3.76it/s, loss=1.110]
  epoch 3/3:  17%|█▋        | 15/88 [00:04<00:19,  3.77it/s, loss=1.110]
  epoch 3/3:  17%|█▋        | 15/88 [00:04<00:19,  3.77it/s, loss=1.106]
  epoch 3/3:  18%|█▊        | 16/88 [00:04<00:19,  3.74it/s, loss=1.106]
  epoch 3/3:  18%|█▊        | 16/88 [00:04<00:19,  3.74it/s, loss=1.109]
  epoch 3/3:  19%|█▉        | 17/88 [00:04<00:18,  3.74it/s, loss=1.109]
  epoch 3/3:  19%|█▉        | 17/88 [00:05<00:18,  3.74it/s, loss=1.113]
  epoch 3/3:  20%|██        | 18/88 [00:05<00:18,  3.74it/s, loss=1.113]
  epoch 3/3:  20%|██        | 18/88 [00:05<00:18,  3.74it/s, loss=1.109]
  epoch 3/3:  22%|██▏       | 19/88 [00:05<00:18,  3.74it/s, loss=1.109]
  epoch 3/3:  22%|██▏       | 19/88 [00:05<00:18,  3.74it/s, loss=1.107]
  epoch 3/3:  23%|██▎       | 20/88 [00:05<00:18,  3.76it/s, loss=1.107]
  epoch 3/3:  23%|██▎       | 20/88 [00:05<00:18,  3.76it/s, loss=1.109]
  epoch 3/3:  24%|██▍       | 21/88 [00:05<00:17,  3.77it/s, loss=1.109]
  epoch 3/3:  24%|██▍       | 21/88 [00:06<00:17,  3.77it/s, loss=1.109]
  epoch 3/3:  25%|██▌       | 22/88 [00:06<00:17,  3.76it/s, loss=1.109]
  epoch 3/3:  25%|██▌       | 22/88 [00:06<00:17,  3.76it/s, loss=1.112]
  epoch 3/3:  26%|██▌       | 23/88 [00:06<00:17,  3.78it/s, loss=1.112]
  epoch 3/3:  26%|██▌       | 23/88 [00:06<00:17,  3.78it/s, loss=1.108]
  epoch 3/3:  27%|██▋       | 24/88 [00:06<00:16,  3.77it/s, loss=1.108]
  epoch 3/3:  27%|██▋       | 24/88 [00:06<00:16,  3.77it/s, loss=1.111]
  epoch 3/3:  28%|██▊       | 25/88 [00:06<00:16,  3.77it/s, loss=1.111]
  epoch 3/3:  28%|██▊       | 25/88 [00:07<00:16,  3.77it/s, loss=1.114]
  epoch 3/3:  30%|██▉       | 26/88 [00:07<00:16,  3.77it/s, loss=1.114]
  epoch 3/3:  30%|██▉       | 26/88 [00:07<00:16,  3.77it/s, loss=1.112]
  epoch 3/3:  31%|███       | 27/88 [00:07<00:16,  3.77it/s, loss=1.112]
  epoch 3/3:  31%|███       | 27/88 [00:07<00:16,  3.77it/s, loss=1.111]
  epoch 3/3:  32%|███▏      | 28/88 [00:07<00:15,  3.75it/s, loss=1.111]
  epoch 3/3:  32%|███▏      | 28/88 [00:07<00:15,  3.75it/s, loss=1.107]
  epoch 3/3:  33%|███▎      | 29/88 [00:07<00:15,  3.75it/s, loss=1.107]
  epoch 3/3:  33%|███▎      | 29/88 [00:08<00:15,  3.75it/s, loss=1.107]
  epoch 3/3:  34%|███▍      | 30/88 [00:08<00:15,  3.75it/s, loss=1.107]
  epoch 3/3:  34%|███▍      | 30/88 [00:08<00:15,  3.75it/s, loss=1.105]
  epoch 3/3:  35%|███▌      | 31/88 [00:08<00:15,  3.75it/s, loss=1.105]
  epoch 3/3:  35%|███▌      | 31/88 [00:08<00:15,  3.75it/s, loss=1.102]
  epoch 3/3:  36%|███▋      | 32/88 [00:08<00:15,  3.71it/s, loss=1.102]
  epoch 3/3:  36%|███▋      | 32/88 [00:09<00:15,  3.71it/s, loss=1.105]
  epoch 3/3:  38%|███▊      | 33/88 [00:09<00:14,  3.73it/s, loss=1.105]
  epoch 3/3:  38%|███▊      | 33/88 [00:09<00:14,  3.73it/s, loss=1.103]
  epoch 3/3:  39%|███▊      | 34/88 [00:09<00:14,  3.75it/s, loss=1.103]
  epoch 3/3:  39%|███▊      | 34/88 [00:09<00:14,  3.75it/s, loss=1.105]
  epoch 3/3:  40%|███▉      | 35/88 [00:09<00:14,  3.76it/s, loss=1.105]
  epoch 3/3:  40%|███▉      | 35/88 [00:09<00:14,  3.76it/s, loss=1.105]
  epoch 3/3:  41%|████      | 36/88 [00:09<00:13,  3.76it/s, loss=1.105]
  epoch 3/3:  41%|████      | 36/88 [00:10<00:13,  3.76it/s, loss=1.106]
  epoch 3/3:  42%|████▏     | 37/88 [00:10<00:13,  3.76it/s, loss=1.106]
  epoch 3/3:  42%|████▏     | 37/88 [00:10<00:13,  3.76it/s, loss=1.106]
  epoch 3/3:  43%|████▎     | 38/88 [00:10<00:13,  3.76it/s, loss=1.106]
  epoch 3/3:  43%|████▎     | 38/88 [00:10<00:13,  3.76it/s, loss=1.106]
  epoch 3/3:  44%|████▍     | 39/88 [00:10<00:13,  3.75it/s, loss=1.106]
  epoch 3/3:  44%|████▍     | 39/88 [00:10<00:13,  3.75it/s, loss=1.106]
  epoch 3/3:  45%|████▌     | 40/88 [00:10<00:12,  3.74it/s, loss=1.106]
  epoch 3/3:  45%|████▌     | 40/88 [00:11<00:12,  3.74it/s, loss=1.103]
  epoch 3/3:  47%|████▋     | 41/88 [00:11<00:12,  3.76it/s, loss=1.103]
  epoch 3/3:  47%|████▋     | 41/88 [00:11<00:12,  3.76it/s, loss=1.103]
  epoch 3/3:  48%|████▊     | 42/88 [00:11<00:12,  3.76it/s, loss=1.103]
  epoch 3/3:  48%|████▊     | 42/88 [00:11<00:12,  3.76it/s, loss=1.104]
  epoch 3/3:  49%|████▉     | 43/88 [00:11<00:11,  3.78it/s, loss=1.104]
  epoch 3/3:  49%|████▉     | 43/88 [00:11<00:11,  3.78it/s, loss=1.102]
  epoch 3/3:  50%|█████     | 44/88 [00:11<00:11,  3.78it/s, loss=1.102]
  epoch 3/3:  50%|█████     | 44/88 [00:12<00:11,  3.78it/s, loss=1.102]
  epoch 3/3:  51%|█████     | 45/88 [00:12<00:11,  3.76it/s, loss=1.102]
  epoch 3/3:  51%|█████     | 45/88 [00:12<00:11,  3.76it/s, loss=1.100]
  epoch 3/3:  52%|█████▏    | 46/88 [00:12<00:11,  3.76it/s, loss=1.100]
  epoch 3/3:  52%|█████▏    | 46/88 [00:12<00:11,  3.76it/s, loss=1.100]
  epoch 3/3:  53%|█████▎    | 47/88 [00:12<00:10,  3.77it/s, loss=1.100]
  epoch 3/3:  53%|█████▎    | 47/88 [00:13<00:10,  3.77it/s, loss=1.100]
  epoch 3/3:  55%|█████▍    | 48/88 [00:13<00:10,  3.71it/s, loss=1.100]
  epoch 3/3:  55%|█████▍    | 48/88 [00:13<00:10,  3.71it/s, loss=1.097]
  epoch 3/3:  56%|█████▌    | 49/88 [00:13<00:10,  3.74it/s, loss=1.097]
  epoch 3/3:  56%|█████▌    | 49/88 [00:13<00:10,  3.74it/s, loss=1.097]
  epoch 3/3:  57%|█████▋    | 50/88 [00:13<00:10,  3.76it/s, loss=1.097]
  epoch 3/3:  57%|█████▋    | 50/88 [00:13<00:10,  3.76it/s, loss=1.096]
  epoch 3/3:  58%|█████▊    | 51/88 [00:13<00:09,  3.76it/s, loss=1.096]
  epoch 3/3:  58%|█████▊    | 51/88 [00:14<00:09,  3.76it/s, loss=1.093]
  epoch 3/3:  59%|█████▉    | 52/88 [00:14<00:09,  3.75it/s, loss=1.093]
  epoch 3/3:  59%|█████▉    | 52/88 [00:14<00:09,  3.75it/s, loss=1.092]
  epoch 3/3:  60%|██████    | 53/88 [00:14<00:09,  3.76it/s, loss=1.092]
  epoch 3/3:  60%|██████    | 53/88 [00:14<00:09,  3.76it/s, loss=1.091]
  epoch 3/3:  61%|██████▏   | 54/88 [00:14<00:09,  3.74it/s, loss=1.091]
  epoch 3/3:  61%|██████▏   | 54/88 [00:14<00:09,  3.74it/s, loss=1.091]
  epoch 3/3:  62%|██████▎   | 55/88 [00:14<00:08,  3.76it/s, loss=1.091]
  epoch 3/3:  62%|██████▎   | 55/88 [00:15<00:08,  3.76it/s, loss=1.089]
  epoch 3/3:  64%|██████▎   | 56/88 [00:15<00:08,  3.77it/s, loss=1.089]
  epoch 3/3:  64%|██████▎   | 56/88 [00:15<00:08,  3.77it/s, loss=1.088]
  epoch 3/3:  65%|██████▍   | 57/88 [00:15<00:08,  3.78it/s, loss=1.088]
  epoch 3/3:  65%|██████▍   | 57/88 [00:15<00:08,  3.78it/s, loss=1.087]
  epoch 3/3:  66%|██████▌   | 58/88 [00:15<00:07,  3.78it/s, loss=1.087]
  epoch 3/3:  66%|██████▌   | 58/88 [00:15<00:07,  3.78it/s, loss=1.087]
  epoch 3/3:  67%|██████▋   | 59/88 [00:15<00:07,  3.79it/s, loss=1.087]
  epoch 3/3:  67%|██████▋   | 59/88 [00:16<00:07,  3.79it/s, loss=1.086]
  epoch 3/3:  68%|██████▊   | 60/88 [00:16<00:07,  3.80it/s, loss=1.086]
  epoch 3/3:  68%|██████▊   | 60/88 [00:16<00:07,  3.80it/s, loss=1.086]
  epoch 3/3:  69%|██████▉   | 61/88 [00:16<00:07,  3.80it/s, loss=1.086]
  epoch 3/3:  69%|██████▉   | 61/88 [00:16<00:07,  3.80it/s, loss=1.084]
  epoch 3/3:  70%|███████   | 62/88 [00:16<00:06,  3.79it/s, loss=1.084]
  epoch 3/3:  70%|███████   | 62/88 [00:16<00:06,  3.79it/s, loss=1.082]
  epoch 3/3:  72%|███████▏  | 63/88 [00:16<00:06,  3.80it/s, loss=1.082]
  epoch 3/3:  72%|███████▏  | 63/88 [00:17<00:06,  3.80it/s, loss=1.081]
  epoch 3/3:  73%|███████▎  | 64/88 [00:17<00:06,  3.75it/s, loss=1.081]
  epoch 3/3:  73%|███████▎  | 64/88 [00:17<00:06,  3.75it/s, loss=1.078]
  epoch 3/3:  74%|███████▍  | 65/88 [00:17<00:06,  3.76it/s, loss=1.078]
  epoch 3/3:  74%|███████▍  | 65/88 [00:17<00:06,  3.76it/s, loss=1.078]
  epoch 3/3:  75%|███████▌  | 66/88 [00:17<00:05,  3.77it/s, loss=1.078]
  epoch 3/3:  75%|███████▌  | 66/88 [00:18<00:05,  3.77it/s, loss=1.076]
  epoch 3/3:  76%|███████▌  | 67/88 [00:18<00:05,  3.75it/s, loss=1.076]
  epoch 3/3:  76%|███████▌  | 67/88 [00:18<00:05,  3.75it/s, loss=1.074]
  epoch 3/3:  77%|███████▋  | 68/88 [00:18<00:05,  3.76it/s, loss=1.074]
  epoch 3/3:  77%|███████▋  | 68/88 [00:18<00:05,  3.76it/s, loss=1.074]
  epoch 3/3:  78%|███████▊  | 69/88 [00:18<00:05,  3.78it/s, loss=1.074]
  epoch 3/3:  78%|███████▊  | 69/88 [00:18<00:05,  3.78it/s, loss=1.072]
  epoch 3/3:  80%|███████▉  | 70/88 [00:18<00:04,  3.78it/s, loss=1.072]
  epoch 3/3:  80%|███████▉  | 70/88 [00:19<00:04,  3.78it/s, loss=1.072]
  epoch 3/3:  81%|████████  | 71/88 [00:19<00:04,  3.79it/s, loss=1.072]
  epoch 3/3:  81%|████████  | 71/88 [00:19<00:04,  3.79it/s, loss=1.072]
  epoch 3/3:  82%|████████▏ | 72/88 [00:19<00:04,  3.78it/s, loss=1.072]
  epoch 3/3:  82%|████████▏ | 72/88 [00:19<00:04,  3.78it/s, loss=1.071]
  epoch 3/3:  83%|████████▎ | 73/88 [00:19<00:03,  3.80it/s, loss=1.071]
  epoch 3/3:  83%|████████▎ | 73/88 [00:19<00:03,  3.80it/s, loss=1.071]
  epoch 3/3:  84%|████████▍ | 74/88 [00:19<00:03,  3.80it/s, loss=1.071]
  epoch 3/3:  84%|████████▍ | 74/88 [00:20<00:03,  3.80it/s, loss=1.070]
  epoch 3/3:  85%|████████▌ | 75/88 [00:20<00:03,  3.80it/s, loss=1.070]
  epoch 3/3:  85%|████████▌ | 75/88 [00:20<00:03,  3.80it/s, loss=1.070]
  epoch 3/3:  86%|████████▋ | 76/88 [00:20<00:03,  3.80it/s, loss=1.070]
  epoch 3/3:  86%|████████▋ | 76/88 [00:20<00:03,  3.80it/s, loss=1.069]
  epoch 3/3:  88%|████████▊ | 77/88 [00:20<00:02,  3.79it/s, loss=1.069]
  epoch 3/3:  88%|████████▊ | 77/88 [00:20<00:02,  3.79it/s, loss=1.068]
  epoch 3/3:  89%|████████▊ | 78/88 [00:20<00:02,  3.79it/s, loss=1.068]
  epoch 3/3:  89%|████████▊ | 78/88 [00:21<00:02,  3.79it/s, loss=1.068]
  epoch 3/3:  90%|████████▉ | 79/88 [00:21<00:02,  3.78it/s, loss=1.068]
  epoch 3/3:  90%|████████▉ | 79/88 [00:21<00:02,  3.78it/s, loss=1.068]
  epoch 3/3:  91%|█████████ | 80/88 [00:21<00:02,  3.74it/s, loss=1.068]
  epoch 3/3:  91%|█████████ | 80/88 [00:21<00:02,  3.74it/s, loss=1.066]
  epoch 3/3:  92%|█████████▏| 81/88 [00:21<00:01,  3.74it/s, loss=1.066]
  epoch 3/3:  92%|█████████▏| 81/88 [00:22<00:01,  3.74it/s, loss=1.064]
  epoch 3/3:  93%|█████████▎| 82/88 [00:22<00:01,  3.76it/s, loss=1.064]
  epoch 3/3:  93%|█████████▎| 82/88 [00:22<00:01,  3.76it/s, loss=1.064]
  epoch 3/3:  94%|█████████▍| 83/88 [00:22<00:01,  3.77it/s, loss=1.064]
  epoch 3/3:  94%|█████████▍| 83/88 [00:22<00:01,  3.77it/s, loss=1.062]
  epoch 3/3:  95%|█████████▌| 84/88 [00:22<00:01,  3.78it/s, loss=1.062]
  epoch 3/3:  95%|█████████▌| 84/88 [00:22<00:01,  3.78it/s, loss=1.062]
  epoch 3/3:  97%|█████████▋| 85/88 [00:22<00:00,  3.79it/s, loss=1.062]
  epoch 3/3:  97%|█████████▋| 85/88 [00:23<00:00,  3.79it/s, loss=1.059]
  epoch 3/3:  98%|█████████▊| 86/88 [00:23<00:00,  3.80it/s, loss=1.059]
  epoch 3/3:  98%|█████████▊| 86/88 [00:23<00:00,  3.80it/s, loss=1.057]
  epoch 3/3:  99%|█████████▉| 87/88 [00:23<00:00,  3.78it/s, loss=1.057]
  epoch 3/3:  99%|█████████▉| 87/88 [00:23<00:00,  3.78it/s, loss=1.056]
  epoch 3/3: 100%|██████████| 88/88 [00:23<00:00,  4.14it/s, loss=1.056]
                                                                        
[titans] reset=never | norm(state) sau task = 76.1240
[titans]   self-mod v:β=1.00 |W|=0.34
[titans]   eta_t(avg)=-1.2131  alpha_t/forget-gate(avg)=0.8499
[task 2] test acc so far: 0.814  0.420  0.291
[task 2] NCM-head acc so far: 0.866  0.803  0.823
[task 3] classes=[7, 30, 34, 37, 42] | train=2800

  epoch 1/3:   0%|          | 0/88 [00:00<?, ?it/s]
  epoch 1/3:   0%|          | 0/88 [00:00<?, ?it/s, loss=1.630]
  epoch 1/3:   1%|          | 1/88 [00:00<00:41,  2.08it/s, loss=1.630]
  epoch 1/3:   1%|          | 1/88 [00:00<00:41,  2.08it/s, loss=1.682]
  epoch 1/3:   2%|▏         | 2/88 [00:00<00:30,  2.82it/s, loss=1.682]
  epoch 1/3:   2%|▏         | 2/88 [00:01<00:30,  2.82it/s, loss=1.628]
  epoch 1/3:   3%|▎         | 3/88 [00:01<00:26,  3.17it/s, loss=1.628]
  epoch 1/3:   3%|▎         | 3/88 [00:01<00:26,  3.17it/s, loss=1.653]
  epoch 1/3:   5%|▍         | 4/88 [00:01<00:24,  3.39it/s, loss=1.653]
  epoch 1/3:   5%|▍         | 4/88 [00:01<00:24,  3.39it/s, loss=1.633]
  epoch 1/3:   6%|▌         | 5/88 [00:01<00:23,  3.52it/s, loss=1.633]
  epoch 1/3:   6%|▌         | 5/88 [00:01<00:23,  3.52it/s, loss=1.642]
  epoch 1/3:   7%|▋         | 6/88 [00:01<00:22,  3.62it/s, loss=1.642]
  epoch 1/3:   7%|▋         | 6/88 [00:02<00:22,  3.62it/s, loss=1.659]
  epoch 1/3:   8%|▊         | 7/88 [00:02<00:22,  3.68it/s, loss=1.659]
  epoch 1/3:   8%|▊         | 7/88 [00:02<00:22,  3.68it/s, loss=1.642]
  epoch 1/3:   9%|▉         | 8/88 [00:02<00:21,  3.67it/s, loss=1.642]
  epoch 1/3:   9%|▉         | 8/88 [00:02<00:21,  3.67it/s, loss=1.652]
  epoch 1/3:  10%|█         | 9/88 [00:02<00:21,  3.70it/s, loss=1.652]
  epoch 1/3:  10%|█         | 9/88 [00:02<00:21,  3.70it/s, loss=1.657]
  epoch 1/3:  11%|█▏        | 10/88 [00:02<00:21,  3.71it/s, loss=1.657]
  epoch 1/3:  11%|█▏        | 10/88 [00:03<00:21,  3.71it/s, loss=1.649]
  epoch 1/3:  12%|█▎        | 11/88 [00:03<00:20,  3.73it/s, loss=1.649]
  epoch 1/3:  12%|█▎        | 11/88 [00:03<00:20,  3.73it/s, loss=1.647]
  epoch 1/3:  14%|█▎        | 12/88 [00:03<00:20,  3.74it/s, loss=1.647]
  epoch 1/3:  14%|█▎        | 12/88 [00:03<00:20,  3.74it/s, loss=1.637]
  epoch 1/3:  15%|█▍        | 13/88 [00:03<00:19,  3.76it/s, loss=1.637]
  epoch 1/3:  15%|█▍        | 13/88 [00:03<00:19,  3.76it/s, loss=1.631]
  epoch 1/3:  16%|█▌        | 14/88 [00:03<00:19,  3.78it/s, loss=1.631]
  epoch 1/3:  16%|█▌        | 14/88 [00:04<00:19,  3.78it/s, loss=1.626]
  epoch 1/3:  17%|█▋        | 15/88 [00:04<00:19,  3.78it/s, loss=1.626]
  epoch 1/3:  17%|█▋        | 15/88 [00:04<00:19,  3.78it/s, loss=1.618]
  epoch 1/3:  18%|█▊        | 16/88 [00:04<00:19,  3.79it/s, loss=1.618]
  epoch 1/3:  18%|█▊        | 16/88 [00:04<00:19,  3.79it/s, loss=1.628]
  epoch 1/3:  19%|█▉        | 17/88 [00:04<00:18,  3.79it/s, loss=1.628]
  epoch 1/3:  19%|█▉        | 17/88 [00:04<00:18,  3.79it/s, loss=1.632]
  epoch 1/3:  20%|██        | 18/88 [00:04<00:18,  3.79it/s, loss=1.632]
  epoch 1/3:  20%|██        | 18/88 [00:05<00:18,  3.79it/s, loss=1.638]
  epoch 1/3:  22%|██▏       | 19/88 [00:05<00:18,  3.79it/s, loss=1.638]
  epoch 1/3:  22%|██▏       | 19/88 [00:05<00:18,  3.79it/s, loss=1.630]
  epoch 1/3:  23%|██▎       | 20/88 [00:05<00:17,  3.80it/s, loss=1.630]
  epoch 1/3:  23%|██▎       | 20/88 [00:05<00:17,  3.80it/s, loss=1.639]
  epoch 1/3:  24%|██▍       | 21/88 [00:05<00:17,  3.80it/s, loss=1.639]
  epoch 1/3:  24%|██▍       | 21/88 [00:06<00:17,  3.80it/s, loss=1.638]
  epoch 1/3:  25%|██▌       | 22/88 [00:06<00:17,  3.80it/s, loss=1.638]
  epoch 1/3:  25%|██▌       | 22/88 [00:06<00:17,  3.80it/s, loss=1.638]
  epoch 1/3:  26%|██▌       | 23/88 [00:06<00:17,  3.79it/s, loss=1.638]
  epoch 1/3:  26%|██▌       | 23/88 [00:06<00:17,  3.79it/s, loss=1.642]
  epoch 1/3:  27%|██▋       | 24/88 [00:06<00:17,  3.75it/s, loss=1.642]
  epoch 1/3:  27%|██▋       | 24/88 [00:06<00:17,  3.75it/s, loss=1.642]
  epoch 1/3:  28%|██▊       | 25/88 [00:06<00:16,  3.77it/s, loss=1.642]
  epoch 1/3:  28%|██▊       | 25/88 [00:07<00:16,  3.77it/s, loss=1.640]
  epoch 1/3:  30%|██▉       | 26/88 [00:07<00:16,  3.76it/s, loss=1.640]
  epoch 1/3:  30%|██▉       | 26/88 [00:07<00:16,  3.76it/s, loss=1.641]
  epoch 1/3:  31%|███       | 27/88 [00:07<00:16,  3.75it/s, loss=1.641]
  epoch 1/3:  31%|███       | 27/88 [00:07<00:16,  3.75it/s, loss=1.638]
  epoch 1/3:  32%|███▏      | 28/88 [00:07<00:15,  3.76it/s, loss=1.638]
  epoch 1/3:  32%|███▏      | 28/88 [00:07<00:15,  3.76it/s, loss=1.639]
  epoch 1/3:  33%|███▎      | 29/88 [00:07<00:15,  3.77it/s, loss=1.639]
  epoch 1/3:  33%|███▎      | 29/88 [00:08<00:15,  3.77it/s, loss=1.635]
  epoch 1/3:  34%|███▍      | 30/88 [00:08<00:15,  3.78it/s, loss=1.635]
  epoch 1/3:  34%|███▍      | 30/88 [00:08<00:15,  3.78it/s, loss=1.630]
  epoch 1/3:  35%|███▌      | 31/88 [00:08<00:15,  3.79it/s, loss=1.630]
  epoch 1/3:  35%|███▌      | 31/88 [00:08<00:15,  3.79it/s, loss=1.628]
  epoch 1/3:  36%|███▋      | 32/88 [00:08<00:14,  3.80it/s, loss=1.628]
  epoch 1/3:  36%|███▋      | 32/88 [00:08<00:14,  3.80it/s, loss=1.629]
  epoch 1/3:  38%|███▊      | 33/88 [00:08<00:14,  3.79it/s, loss=1.629]
  epoch 1/3:  38%|███▊      | 33/88 [00:09<00:14,  3.79it/s, loss=1.627]
  epoch 1/3:  39%|███▊      | 34/88 [00:09<00:14,  3.80it/s, loss=1.627]
  epoch 1/3:  39%|███▊      | 34/88 [00:09<00:14,  3.80it/s, loss=1.624]
  epoch 1/3:  40%|███▉      | 35/88 [00:09<00:13,  3.79it/s, loss=1.624]
  epoch 1/3:  40%|███▉      | 35/88 [00:09<00:13,  3.79it/s, loss=1.626]
  epoch 1/3:  41%|████      | 36/88 [00:09<00:13,  3.79it/s, loss=1.626]
  epoch 1/3:  41%|████      | 36/88 [00:10<00:13,  3.79it/s, loss=1.626]
  epoch 1/3:  42%|████▏     | 37/88 [00:10<00:13,  3.78it/s, loss=1.626]
  epoch 1/3:  42%|████▏     | 37/88 [00:10<00:13,  3.78it/s, loss=1.627]
  epoch 1/3:  43%|████▎     | 38/88 [00:10<00:13,  3.78it/s, loss=1.627]
  epoch 1/3:  43%|████▎     | 38/88 [00:10<00:13,  3.78it/s, loss=1.623]
  epoch 1/3:  44%|████▍     | 39/88 [00:10<00:12,  3.78it/s, loss=1.623]
  epoch 1/3:  44%|████▍     | 39/88 [00:10<00:12,  3.78it/s, loss=1.626]
  epoch 1/3:  45%|████▌     | 40/88 [00:10<00:12,  3.72it/s, loss=1.626]
  epoch 1/3:  45%|████▌     | 40/88 [00:11<00:12,  3.72it/s, loss=1.624]
  epoch 1/3:  47%|████▋     | 41/88 [00:11<00:12,  3.75it/s, loss=1.624]
  epoch 1/3:  47%|████▋     | 41/88 [00:11<00:12,  3.75it/s, loss=1.619]
  epoch 1/3:  48%|████▊     | 42/88 [00:11<00:12,  3.77it/s, loss=1.619]
  epoch 1/3:  48%|████▊     | 42/88 [00:11<00:12,  3.77it/s, loss=1.620]
  epoch 1/3:  49%|████▉     | 43/88 [00:11<00:11,  3.77it/s, loss=1.620]
  epoch 1/3:  49%|████▉     | 43/88 [00:11<00:11,  3.77it/s, loss=1.618]
  epoch 1/3:  50%|█████     | 44/88 [00:11<00:11,  3.78it/s, loss=1.618]
  epoch 1/3:  50%|█████     | 44/88 [00:12<00:11,  3.78it/s, loss=1.620]
  epoch 1/3:  51%|█████     | 45/88 [00:12<00:11,  3.79it/s, loss=1.620]
  epoch 1/3:  51%|█████     | 45/88 [00:12<00:11,  3.79it/s, loss=1.620]
  epoch 1/3:  52%|█████▏    | 46/88 [00:12<00:11,  3.79it/s, loss=1.620]
  epoch 1/3:  52%|█████▏    | 46/88 [00:12<00:11,  3.79it/s, loss=1.619]
  epoch 1/3:  53%|█████▎    | 47/88 [00:12<00:10,  3.79it/s, loss=1.619]
  epoch 1/3:  53%|█████▎    | 47/88 [00:12<00:10,  3.79it/s, loss=1.622]
  epoch 1/3:  55%|█████▍    | 48/88 [00:12<00:10,  3.79it/s, loss=1.622]
  epoch 1/3:  55%|█████▍    | 48/88 [00:13<00:10,  3.79it/s, loss=1.623]
  epoch 1/3:  56%|█████▌    | 49/88 [00:13<00:10,  3.79it/s, loss=1.623]
  epoch 1/3:  56%|█████▌    | 49/88 [00:13<00:10,  3.79it/s, loss=1.622]
  epoch 1/3:  57%|█████▋    | 50/88 [00:13<00:10,  3.79it/s, loss=1.622]
  epoch 1/3:  57%|█████▋    | 50/88 [00:13<00:10,  3.79it/s, loss=1.620]
  epoch 1/3:  58%|█████▊    | 51/88 [00:13<00:09,  3.79it/s, loss=1.620]
  epoch 1/3:  58%|█████▊    | 51/88 [00:13<00:09,  3.79it/s, loss=1.619]
  epoch 1/3:  59%|█████▉    | 52/88 [00:13<00:09,  3.79it/s, loss=1.619]
  epoch 1/3:  59%|█████▉    | 52/88 [00:14<00:09,  3.79it/s, loss=1.616]
  epoch 1/3:  60%|██████    | 53/88 [00:14<00:09,  3.78it/s, loss=1.616]
  epoch 1/3:  60%|██████    | 53/88 [00:14<00:09,  3.78it/s, loss=1.614]
  epoch 1/3:  61%|██████▏   | 54/88 [00:14<00:08,  3.79it/s, loss=1.614]
  epoch 1/3:  61%|██████▏   | 54/88 [00:14<00:08,  3.79it/s, loss=1.612]
  epoch 1/3:  62%|██████▎   | 55/88 [00:14<00:08,  3.80it/s, loss=1.612]
  epoch 1/3:  62%|██████▎   | 55/88 [00:15<00:08,  3.80it/s, loss=1.610]
  epoch 1/3:  64%|██████▎   | 56/88 [00:15<00:08,  3.75it/s, loss=1.610]
  epoch 1/3:  64%|██████▎   | 56/88 [00:15<00:08,  3.75it/s, loss=1.607]
  epoch 1/3:  65%|██████▍   | 57/88 [00:15<00:08,  3.75it/s, loss=1.607]
  epoch 1/3:  65%|██████▍   | 57/88 [00:15<00:08,  3.75it/s, loss=1.607]
  epoch 1/3:  66%|██████▌   | 58/88 [00:15<00:07,  3.75it/s, loss=1.607]
  epoch 1/3:  66%|██████▌   | 58/88 [00:15<00:07,  3.75it/s, loss=1.604]
  epoch 1/3:  67%|██████▋   | 59/88 [00:15<00:07,  3.77it/s, loss=1.604]
  epoch 1/3:  67%|██████▋   | 59/88 [00:16<00:07,  3.77it/s, loss=1.604]
  epoch 1/3:  68%|██████▊   | 60/88 [00:16<00:07,  3.78it/s, loss=1.604]
  epoch 1/3:  68%|██████▊   | 60/88 [00:16<00:07,  3.78it/s, loss=1.603]
  epoch 1/3:  69%|██████▉   | 61/88 [00:16<00:07,  3.78it/s, loss=1.603]
  epoch 1/3:  69%|██████▉   | 61/88 [00:16<00:07,  3.78it/s, loss=1.601]
  epoch 1/3:  70%|███████   | 62/88 [00:16<00:06,  3.79it/s, loss=1.601]
  epoch 1/3:  70%|███████   | 62/88 [00:16<00:06,  3.79it/s, loss=1.601]
  epoch 1/3:  72%|███████▏  | 63/88 [00:16<00:06,  3.79it/s, loss=1.601]
  epoch 1/3:  72%|███████▏  | 63/88 [00:17<00:06,  3.79it/s, loss=1.599]
  epoch 1/3:  73%|███████▎  | 64/88 [00:17<00:06,  3.79it/s, loss=1.599]
  epoch 1/3:  73%|███████▎  | 64/88 [00:17<00:06,  3.79it/s, loss=1.598]
  epoch 1/3:  74%|███████▍  | 65/88 [00:17<00:06,  3.79it/s, loss=1.598]
  epoch 1/3:  74%|███████▍  | 65/88 [00:17<00:06,  3.79it/s, loss=1.598]
  epoch 1/3:  75%|███████▌  | 66/88 [00:17<00:05,  3.80it/s, loss=1.598]
  epoch 1/3:  75%|███████▌  | 66/88 [00:17<00:05,  3.80it/s, loss=1.597]
  epoch 1/3:  76%|███████▌  | 67/88 [00:17<00:05,  3.80it/s, loss=1.597]
  epoch 1/3:  76%|███████▌  | 67/88 [00:18<00:05,  3.80it/s, loss=1.594]
  epoch 1/3:  77%|███████▋  | 68/88 [00:18<00:05,  3.80it/s, loss=1.594]
  epoch 1/3:  77%|███████▋  | 68/88 [00:18<00:05,  3.80it/s, loss=1.593]
  epoch 1/3:  78%|███████▊  | 69/88 [00:18<00:04,  3.80it/s, loss=1.593]
  epoch 1/3:  78%|███████▊  | 69/88 [00:18<00:04,  3.80it/s, loss=1.592]
  epoch 1/3:  80%|███████▉  | 70/88 [00:18<00:04,  3.80it/s, loss=1.592]
  epoch 1/3:  80%|███████▉  | 70/88 [00:18<00:04,  3.80it/s, loss=1.591]
  epoch 1/3:  81%|████████  | 71/88 [00:18<00:04,  3.80it/s, loss=1.591]
  epoch 1/3:  81%|████████  | 71/88 [00:19<00:04,  3.80it/s, loss=1.589]
  epoch 1/3:  82%|████████▏ | 72/88 [00:19<00:04,  3.74it/s, loss=1.589]
  epoch 1/3:  82%|████████▏ | 72/88 [00:19<00:04,  3.74it/s, loss=1.589]
  epoch 1/3:  83%|████████▎ | 73/88 [00:19<00:04,  3.73it/s, loss=1.589]
  epoch 1/3:  83%|████████▎ | 73/88 [00:19<00:04,  3.73it/s, loss=1.588]
  epoch 1/3:  84%|████████▍ | 74/88 [00:19<00:03,  3.75it/s, loss=1.588]
  epoch 1/3:  84%|████████▍ | 74/88 [00:20<00:03,  3.75it/s, loss=1.588]
  epoch 1/3:  85%|████████▌ | 75/88 [00:20<00:03,  3.76it/s, loss=1.588]
  epoch 1/3:  85%|████████▌ | 75/88 [00:20<00:03,  3.76it/s, loss=1.585]
  epoch 1/3:  86%|████████▋ | 76/88 [00:20<00:03,  3.76it/s, loss=1.585]
  epoch 1/3:  86%|████████▋ | 76/88 [00:20<00:03,  3.76it/s, loss=1.585]
  epoch 1/3:  88%|████████▊ | 77/88 [00:20<00:02,  3.77it/s, loss=1.585]
  epoch 1/3:  88%|████████▊ | 77/88 [00:20<00:02,  3.77it/s, loss=1.585]
  epoch 1/3:  89%|████████▊ | 78/88 [00:20<00:02,  3.78it/s, loss=1.585]
  epoch 1/3:  89%|████████▊ | 78/88 [00:21<00:02,  3.78it/s, loss=1.584]
  epoch 1/3:  90%|████████▉ | 79/88 [00:21<00:02,  3.76it/s, loss=1.584]
  epoch 1/3:  90%|████████▉ | 79/88 [00:21<00:02,  3.76it/s, loss=1.582]
  epoch 1/3:  91%|█████████ | 80/88 [00:21<00:02,  3.76it/s, loss=1.582]
  epoch 1/3:  91%|█████████ | 80/88 [00:21<00:02,  3.76it/s, loss=1.582]
  epoch 1/3:  92%|█████████▏| 81/88 [00:21<00:01,  3.74it/s, loss=1.582]
  epoch 1/3:  92%|█████████▏| 81/88 [00:21<00:01,  3.74it/s, loss=1.582]
  epoch 1/3:  93%|█████████▎| 82/88 [00:21<00:01,  3.75it/s, loss=1.582]
  epoch 1/3:  93%|█████████▎| 82/88 [00:22<00:01,  3.75it/s, loss=1.579]
  epoch 1/3:  94%|█████████▍| 83/88 [00:22<00:01,  3.77it/s, loss=1.579]
  epoch 1/3:  94%|█████████▍| 83/88 [00:22<00:01,  3.77it/s, loss=1.578]
  epoch 1/3:  95%|█████████▌| 84/88 [00:22<00:01,  3.78it/s, loss=1.578]
  epoch 1/3:  95%|█████████▌| 84/88 [00:22<00:01,  3.78it/s, loss=1.576]
  epoch 1/3:  97%|█████████▋| 85/88 [00:22<00:00,  3.78it/s, loss=1.576]
  epoch 1/3:  97%|█████████▋| 85/88 [00:22<00:00,  3.78it/s, loss=1.575]
  epoch 1/3:  98%|█████████▊| 86/88 [00:22<00:00,  3.79it/s, loss=1.575]
  epoch 1/3:  98%|█████████▊| 86/88 [00:23<00:00,  3.79it/s, loss=1.573]
  epoch 1/3:  99%|█████████▉| 87/88 [00:23<00:00,  3.79it/s, loss=1.573]
  epoch 1/3:  99%|█████████▉| 87/88 [00:23<00:00,  3.79it/s, loss=1.571]
  epoch 1/3: 100%|██████████| 88/88 [00:23<00:00,  4.09it/s, loss=1.571]
                                                                        

  epoch 2/3:   0%|          | 0/88 [00:00<?, ?it/s]
  epoch 2/3:   0%|          | 0/88 [00:00<?, ?it/s, loss=1.433]
  epoch 2/3:   1%|          | 1/88 [00:00<00:42,  2.04it/s, loss=1.433]
  epoch 2/3:   1%|          | 1/88 [00:00<00:42,  2.04it/s, loss=1.483]
  epoch 2/3:   2%|▏         | 2/88 [00:00<00:30,  2.78it/s, loss=1.483]
  epoch 2/3:   2%|▏         | 2/88 [00:01<00:30,  2.78it/s, loss=1.485]
  epoch 2/3:   3%|▎         | 3/88 [00:01<00:26,  3.17it/s, loss=1.485]
  epoch 2/3:   3%|▎         | 3/88 [00:01<00:26,  3.17it/s, loss=1.460]
  epoch 2/3:   5%|▍         | 4/88 [00:01<00:25,  3.36it/s, loss=1.460]
  epoch 2/3:   5%|▍         | 4/88 [00:01<00:25,  3.36it/s, loss=1.417]
  epoch 2/3:   6%|▌         | 5/88 [00:01<00:23,  3.50it/s, loss=1.417]
  epoch 2/3:   6%|▌         | 5/88 [00:01<00:23,  3.50it/s, loss=1.446]
  epoch 2/3:   7%|▋         | 6/88 [00:01<00:22,  3.59it/s, loss=1.446]
  epoch 2/3:   7%|▋         | 6/88 [00:02<00:22,  3.59it/s, loss=1.432]
  epoch 2/3:   8%|▊         | 7/88 [00:02<00:22,  3.66it/s, loss=1.432]
  epoch 2/3:   8%|▊         | 7/88 [00:02<00:22,  3.66it/s, loss=1.424]
  epoch 2/3:   9%|▉         | 8/88 [00:02<00:21,  3.70it/s, loss=1.424]
  epoch 2/3:   9%|▉         | 8/88 [00:02<00:21,  3.70it/s, loss=1.420]
  epoch 2/3:  10%|█         | 9/88 [00:02<00:21,  3.73it/s, loss=1.420]
  epoch 2/3:  10%|█         | 9/88 [00:02<00:21,  3.73it/s, loss=1.414]
  epoch 2/3:  11%|█▏        | 10/88 [00:02<00:20,  3.75it/s, loss=1.414]
  epoch 2/3:  11%|█▏        | 10/88 [00:03<00:20,  3.75it/s, loss=1.423]
  epoch 2/3:  12%|█▎        | 11/88 [00:03<00:20,  3.76it/s, loss=1.423]
  epoch 2/3:  12%|█▎        | 11/88 [00:03<00:20,  3.76it/s, loss=1.434]
  epoch 2/3:  14%|█▎        | 12/88 [00:03<00:20,  3.77it/s, loss=1.434]
  epoch 2/3:  14%|█▎        | 12/88 [00:03<00:20,  3.77it/s, loss=1.420]
  epoch 2/3:  15%|█▍        | 13/88 [00:03<00:19,  3.77it/s, loss=1.420]
  epoch 2/3:  15%|█▍        | 13/88 [00:03<00:19,  3.77it/s, loss=1.422]
  epoch 2/3:  16%|█▌        | 14/88 [00:03<00:19,  3.77it/s, loss=1.422]
  epoch 2/3:  16%|█▌        | 14/88 [00:04<00:19,  3.77it/s, loss=1.424]
  epoch 2/3:  17%|█▋        | 15/88 [00:04<00:19,  3.77it/s, loss=1.424]
  epoch 2/3:  17%|█▋        | 15/88 [00:04<00:19,  3.77it/s, loss=1.434]
  epoch 2/3:  18%|█▊        | 16/88 [00:04<00:19,  3.72it/s, loss=1.434]
  epoch 2/3:  18%|█▊        | 16/88 [00:04<00:19,  3.72it/s, loss=1.441]
  epoch 2/3:  19%|█▉        | 17/88 [00:04<00:18,  3.74it/s, loss=1.441]
  epoch 2/3:  19%|█▉        | 17/88 [00:04<00:18,  3.74it/s, loss=1.435]
  epoch 2/3:  20%|██        | 18/88 [00:05<00:18,  3.76it/s, loss=1.435]
  epoch 2/3:  20%|██        | 18/88 [00:05<00:18,  3.76it/s, loss=1.432]
  epoch 2/3:  22%|██▏       | 19/88 [00:05<00:18,  3.77it/s, loss=1.432]
  epoch 2/3:  22%|██▏       | 19/88 [00:05<00:18,  3.77it/s, loss=1.426]
  epoch 2/3:  23%|██▎       | 20/88 [00:05<00:18,  3.77it/s, loss=1.426]
  epoch 2/3:  23%|██▎       | 20/88 [00:05<00:18,  3.77it/s, loss=1.424]
  epoch 2/3:  24%|██▍       | 21/88 [00:05<00:17,  3.79it/s, loss=1.424]
  epoch 2/3:  24%|██▍       | 21/88 [00:06<00:17,  3.79it/s, loss=1.426]
  epoch 2/3:  25%|██▌       | 22/88 [00:06<00:17,  3.79it/s, loss=1.426]
  epoch 2/3:  25%|██▌       | 22/88 [00:06<00:17,  3.79it/s, loss=1.417]
  epoch 2/3:  26%|██▌       | 23/88 [00:06<00:17,  3.78it/s, loss=1.417]
  epoch 2/3:  26%|██▌       | 23/88 [00:06<00:17,  3.78it/s, loss=1.411]
  epoch 2/3:  27%|██▋       | 24/88 [00:06<00:16,  3.77it/s, loss=1.411]
  epoch 2/3:  27%|██▋       | 24/88 [00:06<00:16,  3.77it/s, loss=1.412]
  epoch 2/3:  28%|██▊       | 25/88 [00:06<00:16,  3.75it/s, loss=1.412]
  epoch 2/3:  28%|██▊       | 25/88 [00:07<00:16,  3.75it/s, loss=1.416]
  epoch 2/3:  30%|██▉       | 26/88 [00:07<00:16,  3.73it/s, loss=1.416]
  epoch 2/3:  30%|██▉       | 26/88 [00:07<00:16,  3.73it/s, loss=1.415]
  epoch 2/3:  31%|███       | 27/88 [00:07<00:16,  3.75it/s, loss=1.415]
  epoch 2/3:  31%|███       | 27/88 [00:07<00:16,  3.75it/s, loss=1.414]
  epoch 2/3:  32%|███▏      | 28/88 [00:07<00:15,  3.77it/s, loss=1.414]
  epoch 2/3:  32%|███▏      | 28/88 [00:07<00:15,  3.77it/s, loss=1.414]
  epoch 2/3:  33%|███▎      | 29/88 [00:07<00:15,  3.78it/s, loss=1.414]
  epoch 2/3:  33%|███▎      | 29/88 [00:08<00:15,  3.78it/s, loss=1.409]
  epoch 2/3:  34%|███▍      | 30/88 [00:08<00:15,  3.79it/s, loss=1.409]
  epoch 2/3:  34%|███▍      | 30/88 [00:08<00:15,  3.79it/s, loss=1.407]
  epoch 2/3:  35%|███▌      | 31/88 [00:08<00:15,  3.79it/s, loss=1.407]
  epoch 2/3:  35%|███▌      | 31/88 [00:08<00:15,  3.79it/s, loss=1.403]
  epoch 2/3:  36%|███▋      | 32/88 [00:08<00:14,  3.74it/s, loss=1.403]
  epoch 2/3:  36%|███▋      | 32/88 [00:08<00:14,  3.74it/s, loss=1.398]
  epoch 2/3:  38%|███▊      | 33/88 [00:08<00:14,  3.75it/s, loss=1.398]
  epoch 2/3:  38%|███▊      | 33/88 [00:09<00:14,  3.75it/s, loss=1.394]
  epoch 2/3:  39%|███▊      | 34/88 [00:09<00:14,  3.74it/s, loss=1.394]
  epoch 2/3:  39%|███▊      | 34/88 [00:09<00:14,  3.74it/s, loss=1.393]
  epoch 2/3:  40%|███▉      | 35/88 [00:09<00:14,  3.75it/s, loss=1.393]
  epoch 2/3:  40%|███▉      | 35/88 [00:09<00:14,  3.75it/s, loss=1.390]
  epoch 2/3:  41%|████      | 36/88 [00:09<00:13,  3.76it/s, loss=1.390]
  epoch 2/3:  41%|████      | 36/88 [00:10<00:13,  3.76it/s, loss=1.391]
  epoch 2/3:  42%|████▏     | 37/88 [00:10<00:13,  3.75it/s, loss=1.391]
  epoch 2/3:  42%|████▏     | 37/88 [00:10<00:13,  3.75it/s, loss=1.388]
  epoch 2/3:  43%|████▎     | 38/88 [00:10<00:13,  3.74it/s, loss=1.388]
  epoch 2/3:  43%|████▎     | 38/88 [00:10<00:13,  3.74it/s, loss=1.387]
  epoch 2/3:  44%|████▍     | 39/88 [00:10<00:13,  3.75it/s, loss=1.387]
  epoch 2/3:  44%|████▍     | 39/88 [00:10<00:13,  3.75it/s, loss=1.384]
  epoch 2/3:  45%|████▌     | 40/88 [00:10<00:12,  3.74it/s, loss=1.384]
  epoch 2/3:  45%|████▌     | 40/88 [00:11<00:12,  3.74it/s, loss=1.384]
  epoch 2/3:  47%|████▋     | 41/88 [00:11<00:12,  3.76it/s, loss=1.384]
  epoch 2/3:  47%|████▋     | 41/88 [00:11<00:12,  3.76it/s, loss=1.381]
  epoch 2/3:  48%|████▊     | 42/88 [00:11<00:12,  3.77it/s, loss=1.381]
  epoch 2/3:  48%|████▊     | 42/88 [00:11<00:12,  3.77it/s, loss=1.378]
  epoch 2/3:  49%|████▉     | 43/88 [00:11<00:11,  3.78it/s, loss=1.378]
  epoch 2/3:  49%|████▉     | 43/88 [00:11<00:11,  3.78it/s, loss=1.376]
  epoch 2/3:  50%|█████     | 44/88 [00:11<00:11,  3.78it/s, loss=1.376]
  epoch 2/3:  50%|█████     | 44/88 [00:12<00:11,  3.78it/s, loss=1.374]
  epoch 2/3:  51%|█████     | 45/88 [00:12<00:11,  3.79it/s, loss=1.374]
  epoch 2/3:  51%|█████     | 45/88 [00:12<00:11,  3.79it/s, loss=1.374]
  epoch 2/3:  52%|█████▏    | 46/88 [00:12<00:11,  3.78it/s, loss=1.374]
  epoch 2/3:  52%|█████▏    | 46/88 [00:12<00:11,  3.78it/s, loss=1.371]
  epoch 2/3:  53%|█████▎    | 47/88 [00:12<00:10,  3.77it/s, loss=1.371]
  epoch 2/3:  53%|█████▎    | 47/88 [00:12<00:10,  3.77it/s, loss=1.370]
  epoch 2/3:  55%|█████▍    | 48/88 [00:12<00:10,  3.72it/s, loss=1.370]
  epoch 2/3:  55%|█████▍    | 48/88 [00:13<00:10,  3.72it/s, loss=1.368]
  epoch 2/3:  56%|█████▌    | 49/88 [00:13<00:10,  3.74it/s, loss=1.368]
  epoch 2/3:  56%|█████▌    | 49/88 [00:13<00:10,  3.74it/s, loss=1.365]
  epoch 2/3:  57%|█████▋    | 50/88 [00:13<00:10,  3.75it/s, loss=1.365]
  epoch 2/3:  57%|█████▋    | 50/88 [00:13<00:10,  3.75it/s, loss=1.363]
  epoch 2/3:  58%|█████▊    | 51/88 [00:13<00:09,  3.77it/s, loss=1.363]
  epoch 2/3:  58%|█████▊    | 51/88 [00:14<00:09,  3.77it/s, loss=1.364]
  epoch 2/3:  59%|█████▉    | 52/88 [00:14<00:09,  3.78it/s, loss=1.364]
  epoch 2/3:  59%|█████▉    | 52/88 [00:14<00:09,  3.78it/s, loss=1.362]
  epoch 2/3:  60%|██████    | 53/88 [00:14<00:09,  3.78it/s, loss=1.362]
  epoch 2/3:  60%|██████    | 53/88 [00:14<00:09,  3.78it/s, loss=1.361]
  epoch 2/3:  61%|██████▏   | 54/88 [00:14<00:08,  3.78it/s, loss=1.361]
  epoch 2/3:  61%|██████▏   | 54/88 [00:14<00:08,  3.78it/s, loss=1.357]
  epoch 2/3:  62%|██████▎   | 55/88 [00:14<00:08,  3.79it/s, loss=1.357]
  epoch 2/3:  62%|██████▎   | 55/88 [00:15<00:08,  3.79it/s, loss=1.356]
  epoch 2/3:  64%|██████▎   | 56/88 [00:15<00:08,  3.79it/s, loss=1.356]
  epoch 2/3:  64%|██████▎   | 56/88 [00:15<00:08,  3.79it/s, loss=1.354]
  epoch 2/3:  65%|██████▍   | 57/88 [00:15<00:08,  3.78it/s, loss=1.354]
  epoch 2/3:  65%|██████▍   | 57/88 [00:15<00:08,  3.78it/s, loss=1.353]
  epoch 2/3:  66%|██████▌   | 58/88 [00:15<00:07,  3.76it/s, loss=1.353]
  epoch 2/3:  66%|██████▌   | 58/88 [00:15<00:07,  3.76it/s, loss=1.354]
  epoch 2/3:  67%|██████▋   | 59/88 [00:15<00:07,  3.77it/s, loss=1.354]
  epoch 2/3:  67%|██████▋   | 59/88 [00:16<00:07,  3.77it/s, loss=1.351]
  epoch 2/3:  68%|██████▊   | 60/88 [00:16<00:07,  3.74it/s, loss=1.351]
  epoch 2/3:  68%|██████▊   | 60/88 [00:16<00:07,  3.74it/s, loss=1.348]
  epoch 2/3:  69%|██████▉   | 61/88 [00:16<00:07,  3.74it/s, loss=1.348]
  epoch 2/3:  69%|██████▉   | 61/88 [00:16<00:07,  3.74it/s, loss=1.349]
  epoch 2/3:  70%|███████   | 62/88 [00:16<00:06,  3.76it/s, loss=1.349]
  epoch 2/3:  70%|███████   | 62/88 [00:16<00:06,  3.76it/s, loss=1.346]
  epoch 2/3:  72%|███████▏  | 63/88 [00:16<00:06,  3.77it/s, loss=1.346]
  epoch 2/3:  72%|███████▏  | 63/88 [00:17<00:06,  3.77it/s, loss=1.347]
  epoch 2/3:  73%|███████▎  | 64/88 [00:17<00:06,  3.72it/s, loss=1.347]
  epoch 2/3:  73%|███████▎  | 64/88 [00:17<00:06,  3.72it/s, loss=1.345]
  epoch 2/3:  74%|███████▍  | 65/88 [00:17<00:06,  3.75it/s, loss=1.345]
  epoch 2/3:  74%|███████▍  | 65/88 [00:17<00:06,  3.75it/s, loss=1.344]
  epoch 2/3:  75%|███████▌  | 66/88 [00:17<00:05,  3.74it/s, loss=1.344]
  epoch 2/3:  75%|███████▌  | 66/88 [00:18<00:05,  3.74it/s, loss=1.344]
  epoch 2/3:  76%|███████▌  | 67/88 [00:18<00:05,  3.73it/s, loss=1.344]
  epoch 2/3:  76%|███████▌  | 67/88 [00:18<00:05,  3.73it/s, loss=1.343]
  epoch 2/3:  77%|███████▋  | 68/88 [00:18<00:05,  3.75it/s, loss=1.343]
  epoch 2/3:  77%|███████▋  | 68/88 [00:18<00:05,  3.75it/s, loss=1.345]
  epoch 2/3:  78%|███████▊  | 69/88 [00:18<00:05,  3.76it/s, loss=1.345]
  epoch 2/3:  78%|███████▊  | 69/88 [00:18<00:05,  3.76it/s, loss=1.344]
  epoch 2/3:  80%|███████▉  | 70/88 [00:18<00:04,  3.77it/s, loss=1.344]
  epoch 2/3:  80%|███████▉  | 70/88 [00:19<00:04,  3.77it/s, loss=1.341]
  epoch 2/3:  81%|████████  | 71/88 [00:19<00:04,  3.78it/s, loss=1.341]
  epoch 2/3:  81%|████████  | 71/88 [00:19<00:04,  3.78it/s, loss=1.340]
  epoch 2/3:  82%|████████▏ | 72/88 [00:19<00:04,  3.78it/s, loss=1.340]
  epoch 2/3:  82%|████████▏ | 72/88 [00:19<00:04,  3.78it/s, loss=1.339]
  epoch 2/3:  83%|████████▎ | 73/88 [00:19<00:03,  3.78it/s, loss=1.339]
  epoch 2/3:  83%|████████▎ | 73/88 [00:19<00:03,  3.78it/s, loss=1.337]
  epoch 2/3:  84%|████████▍ | 74/88 [00:19<00:03,  3.78it/s, loss=1.337]
  epoch 2/3:  84%|████████▍ | 74/88 [00:20<00:03,  3.78it/s, loss=1.336]
  epoch 2/3:  85%|████████▌ | 75/88 [00:20<00:03,  3.79it/s, loss=1.336]
  epoch 2/3:  85%|████████▌ | 75/88 [00:20<00:03,  3.79it/s, loss=1.335]
  epoch 2/3:  86%|████████▋ | 76/88 [00:20<00:03,  3.79it/s, loss=1.335]
  epoch 2/3:  86%|████████▋ | 76/88 [00:20<00:03,  3.79it/s, loss=1.333]
  epoch 2/3:  88%|████████▊ | 77/88 [00:20<00:02,  3.79it/s, loss=1.333]
  epoch 2/3:  88%|████████▊ | 77/88 [00:20<00:02,  3.79it/s, loss=1.331]
  epoch 2/3:  89%|████████▊ | 78/88 [00:20<00:02,  3.79it/s, loss=1.331]
  epoch 2/3:  89%|████████▊ | 78/88 [00:21<00:02,  3.79it/s, loss=1.331]
  epoch 2/3:  90%|████████▉ | 79/88 [00:21<00:02,  3.79it/s, loss=1.331]
  epoch 2/3:  90%|████████▉ | 79/88 [00:21<00:02,  3.79it/s, loss=1.331]
  epoch 2/3:  91%|█████████ | 80/88 [00:21<00:02,  3.74it/s, loss=1.331]
  epoch 2/3:  91%|█████████ | 80/88 [00:21<00:02,  3.74it/s, loss=1.329]
  epoch 2/3:  92%|█████████▏| 81/88 [00:21<00:01,  3.75it/s, loss=1.329]
  epoch 2/3:  92%|█████████▏| 81/88 [00:22<00:01,  3.75it/s, loss=1.327]
  epoch 2/3:  93%|█████████▎| 82/88 [00:22<00:01,  3.74it/s, loss=1.327]
  epoch 2/3:  93%|█████████▎| 82/88 [00:22<00:01,  3.74it/s, loss=1.326]
  epoch 2/3:  94%|█████████▍| 83/88 [00:22<00:01,  3.75it/s, loss=1.326]
  epoch 2/3:  94%|█████████▍| 83/88 [00:22<00:01,  3.75it/s, loss=1.324]
  epoch 2/3:  95%|█████████▌| 84/88 [00:22<00:01,  3.76it/s, loss=1.324]
  epoch 2/3:  95%|█████████▌| 84/88 [00:22<00:01,  3.76it/s, loss=1.320]
  epoch 2/3:  97%|█████████▋| 85/88 [00:22<00:00,  3.76it/s, loss=1.320]
  epoch 2/3:  97%|█████████▋| 85/88 [00:23<00:00,  3.76it/s, loss=1.319]
  epoch 2/3:  98%|█████████▊| 86/88 [00:23<00:00,  3.77it/s, loss=1.319]
  epoch 2/3:  98%|█████████▊| 86/88 [00:23<00:00,  3.77it/s, loss=1.316]
  epoch 2/3:  99%|█████████▉| 87/88 [00:23<00:00,  3.78it/s, loss=1.316]
  epoch 2/3:  99%|█████████▉| 87/88 [00:23<00:00,  3.78it/s, loss=1.316]
  epoch 2/3: 100%|██████████| 88/88 [00:23<00:00,  4.13it/s, loss=1.316]
                                                                        

  epoch 3/3:   0%|          | 0/88 [00:00<?, ?it/s]
  epoch 3/3:   0%|          | 0/88 [00:00<?, ?it/s, loss=1.367]
  epoch 3/3:   1%|          | 1/88 [00:00<00:42,  2.06it/s, loss=1.367]
  epoch 3/3:   1%|          | 1/88 [00:00<00:42,  2.06it/s, loss=1.322]
  epoch 3/3:   2%|▏         | 2/88 [00:00<00:30,  2.79it/s, loss=1.322]
  epoch 3/3:   2%|▏         | 2/88 [00:01<00:30,  2.79it/s, loss=1.289]
  epoch 3/3:   3%|▎         | 3/88 [00:01<00:26,  3.18it/s, loss=1.289]
  epoch 3/3:   3%|▎         | 3/88 [00:01<00:26,  3.18it/s, loss=1.276]
  epoch 3/3:   5%|▍         | 4/88 [00:01<00:24,  3.40it/s, loss=1.276]
  epoch 3/3:   5%|▍         | 4/88 [00:01<00:24,  3.40it/s, loss=1.251]
  epoch 3/3:   6%|▌         | 5/88 [00:01<00:23,  3.53it/s, loss=1.251]
  epoch 3/3:   6%|▌         | 5/88 [00:01<00:23,  3.53it/s, loss=1.237]
  epoch 3/3:   7%|▋         | 6/88 [00:01<00:22,  3.61it/s, loss=1.237]
  epoch 3/3:   7%|▋         | 6/88 [00:02<00:22,  3.61it/s, loss=1.244]
  epoch 3/3:   8%|▊         | 7/88 [00:02<00:22,  3.67it/s, loss=1.244]
  epoch 3/3:   8%|▊         | 7/88 [00:02<00:22,  3.67it/s, loss=1.241]
  epoch 3/3:   9%|▉         | 8/88 [00:02<00:21,  3.66it/s, loss=1.241]
  epoch 3/3:   9%|▉         | 8/88 [00:02<00:21,  3.66it/s, loss=1.243]
  epoch 3/3:  10%|█         | 9/88 [00:02<00:21,  3.70it/s, loss=1.243]
  epoch 3/3:  10%|█         | 9/88 [00:02<00:21,  3.70it/s, loss=1.238]
  epoch 3/3:  11%|█▏        | 10/88 [00:02<00:21,  3.71it/s, loss=1.238]
  epoch 3/3:  11%|█▏        | 10/88 [00:03<00:21,  3.71it/s, loss=1.229]
  epoch 3/3:  12%|█▎        | 11/88 [00:03<00:20,  3.72it/s, loss=1.229]
  epoch 3/3:  12%|█▎        | 11/88 [00:03<00:20,  3.72it/s, loss=1.228]
  epoch 3/3:  14%|█▎        | 12/88 [00:03<00:20,  3.73it/s, loss=1.228]
  epoch 3/3:  14%|█▎        | 12/88 [00:03<00:20,  3.73it/s, loss=1.213]
  epoch 3/3:  15%|█▍        | 13/88 [00:03<00:19,  3.76it/s, loss=1.213]
  epoch 3/3:  15%|█▍        | 13/88 [00:03<00:19,  3.76it/s, loss=1.209]
  epoch 3/3:  16%|█▌        | 14/88 [00:03<00:19,  3.76it/s, loss=1.209]
  epoch 3/3:  16%|█▌        | 14/88 [00:04<00:19,  3.76it/s, loss=1.205]
  epoch 3/3:  17%|█▋        | 15/88 [00:04<00:19,  3.77it/s, loss=1.205]
  epoch 3/3:  17%|█▋        | 15/88 [00:04<00:19,  3.77it/s, loss=1.197]
  epoch 3/3:  18%|█▊        | 16/88 [00:04<00:19,  3.78it/s, loss=1.197]
  epoch 3/3:  18%|█▊        | 16/88 [00:04<00:19,  3.78it/s, loss=1.193]
  epoch 3/3:  19%|█▉        | 17/88 [00:04<00:18,  3.78it/s, loss=1.193]
  epoch 3/3:  19%|█▉        | 17/88 [00:04<00:18,  3.78it/s, loss=1.191]
  epoch 3/3:  20%|██        | 18/88 [00:04<00:18,  3.78it/s, loss=1.191]
  epoch 3/3:  20%|██        | 18/88 [00:05<00:18,  3.78it/s, loss=1.190]
  epoch 3/3:  22%|██▏       | 19/88 [00:05<00:18,  3.79it/s, loss=1.190]
  epoch 3/3:  22%|██▏       | 19/88 [00:05<00:18,  3.79it/s, loss=1.186]
  epoch 3/3:  23%|██▎       | 20/88 [00:05<00:17,  3.79it/s, loss=1.186]
  epoch 3/3:  23%|██▎       | 20/88 [00:05<00:17,  3.79it/s, loss=1.181]
  epoch 3/3:  24%|██▍       | 21/88 [00:05<00:17,  3.79it/s, loss=1.181]
  epoch 3/3:  24%|██▍       | 21/88 [00:06<00:17,  3.79it/s, loss=1.183]
  epoch 3/3:  25%|██▌       | 22/88 [00:06<00:17,  3.79it/s, loss=1.183]
  epoch 3/3:  25%|██▌       | 22/88 [00:06<00:17,  3.79it/s, loss=1.183]
  epoch 3/3:  26%|██▌       | 23/88 [00:06<00:17,  3.79it/s, loss=1.183]
  epoch 3/3:  26%|██▌       | 23/88 [00:06<00:17,  3.79it/s, loss=1.181]
  epoch 3/3:  27%|██▋       | 24/88 [00:06<00:17,  3.75it/s, loss=1.181]
  epoch 3/3:  27%|██▋       | 24/88 [00:06<00:17,  3.75it/s, loss=1.180]
  epoch 3/3:  28%|██▊       | 25/88 [00:06<00:16,  3.76it/s, loss=1.180]
  epoch 3/3:  28%|██▊       | 25/88 [00:07<00:16,  3.76it/s, loss=1.176]
  epoch 3/3:  30%|██▉       | 26/88 [00:07<00:16,  3.77it/s, loss=1.176]
  epoch 3/3:  30%|██▉       | 26/88 [00:07<00:16,  3.77it/s, loss=1.172]
  epoch 3/3:  31%|███       | 27/88 [00:07<00:16,  3.76it/s, loss=1.172]
  epoch 3/3:  31%|███       | 27/88 [00:07<00:16,  3.76it/s, loss=1.169]
  epoch 3/3:  32%|███▏      | 28/88 [00:07<00:15,  3.75it/s, loss=1.169]
  epoch 3/3:  32%|███▏      | 28/88 [00:07<00:15,  3.75it/s, loss=1.172]
  epoch 3/3:  33%|███▎      | 29/88 [00:07<00:15,  3.76it/s, loss=1.172]
  epoch 3/3:  33%|███▎      | 29/88 [00:08<00:15,  3.76it/s, loss=1.170]
  epoch 3/3:  34%|███▍      | 30/88 [00:08<00:15,  3.77it/s, loss=1.170]
  epoch 3/3:  34%|███▍      | 30/88 [00:08<00:15,  3.77it/s, loss=1.172]
  epoch 3/3:  35%|███▌      | 31/88 [00:08<00:15,  3.78it/s, loss=1.172]
  epoch 3/3:  35%|███▌      | 31/88 [00:08<00:15,  3.78it/s, loss=1.169]
  epoch 3/3:  36%|███▋      | 32/88 [00:08<00:14,  3.78it/s, loss=1.169]
  epoch 3/3:  36%|███▋      | 32/88 [00:08<00:14,  3.78it/s, loss=1.169]
  epoch 3/3:  38%|███▊      | 33/88 [00:08<00:14,  3.78it/s, loss=1.169]
  epoch 3/3:  38%|███▊      | 33/88 [00:09<00:14,  3.78it/s, loss=1.174]
  epoch 3/3:  39%|███▊      | 34/88 [00:09<00:14,  3.78it/s, loss=1.174]
  epoch 3/3:  39%|███▊      | 34/88 [00:09<00:14,  3.78it/s, loss=1.174]
  epoch 3/3:  40%|███▉      | 35/88 [00:09<00:13,  3.79it/s, loss=1.174]
  epoch 3/3:  40%|███▉      | 35/88 [00:09<00:13,  3.79it/s, loss=1.173]
  epoch 3/3:  41%|████      | 36/88 [00:09<00:13,  3.79it/s, loss=1.173]
  epoch 3/3:  41%|████      | 36/88 [00:10<00:13,  3.79it/s, loss=1.173]
  epoch 3/3:  42%|████▏     | 37/88 [00:10<00:13,  3.79it/s, loss=1.173]
  epoch 3/3:  42%|████▏     | 37/88 [00:10<00:13,  3.79it/s, loss=1.169]
  epoch 3/3:  43%|████▎     | 38/88 [00:10<00:13,  3.79it/s, loss=1.169]
  epoch 3/3:  43%|████▎     | 38/88 [00:10<00:13,  3.79it/s, loss=1.169]
  epoch 3/3:  44%|████▍     | 39/88 [00:10<00:12,  3.78it/s, loss=1.169]
  epoch 3/3:  44%|████▍     | 39/88 [00:10<00:12,  3.78it/s, loss=1.170]
  epoch 3/3:  45%|████▌     | 40/88 [00:10<00:12,  3.73it/s, loss=1.170]
  epoch 3/3:  45%|████▌     | 40/88 [00:11<00:12,  3.73it/s, loss=1.166]
  epoch 3/3:  47%|████▋     | 41/88 [00:11<00:12,  3.73it/s, loss=1.166]
  epoch 3/3:  47%|████▋     | 41/88 [00:11<00:12,  3.73it/s, loss=1.165]
  epoch 3/3:  48%|████▊     | 42/88 [00:11<00:12,  3.75it/s, loss=1.165]
  epoch 3/3:  48%|████▊     | 42/88 [00:11<00:12,  3.75it/s, loss=1.163]
  epoch 3/3:  49%|████▉     | 43/88 [00:11<00:11,  3.76it/s, loss=1.163]
  epoch 3/3:  49%|████▉     | 43/88 [00:11<00:11,  3.76it/s, loss=1.160]
  epoch 3/3:  50%|█████     | 44/88 [00:11<00:11,  3.78it/s, loss=1.160]
  epoch 3/3:  50%|█████     | 44/88 [00:12<00:11,  3.78it/s, loss=1.160]
  epoch 3/3:  51%|█████     | 45/88 [00:12<00:11,  3.78it/s, loss=1.160]
  epoch 3/3:  51%|█████     | 45/88 [00:12<00:11,  3.78it/s, loss=1.159]
  epoch 3/3:  52%|█████▏    | 46/88 [00:12<00:11,  3.78it/s, loss=1.159]
  epoch 3/3:  52%|█████▏    | 46/88 [00:12<00:11,  3.78it/s, loss=1.157]
  epoch 3/3:  53%|█████▎    | 47/88 [00:12<00:10,  3.78it/s, loss=1.157]
  epoch 3/3:  53%|█████▎    | 47/88 [00:12<00:10,  3.78it/s, loss=1.157]
  epoch 3/3:  55%|█████▍    | 48/88 [00:12<00:10,  3.77it/s, loss=1.157]
  epoch 3/3:  55%|█████▍    | 48/88 [00:13<00:10,  3.77it/s, loss=1.156]
  epoch 3/3:  56%|█████▌    | 49/88 [00:13<00:10,  3.77it/s, loss=1.156]
  epoch 3/3:  56%|█████▌    | 49/88 [00:13<00:10,  3.77it/s, loss=1.156]
  epoch 3/3:  57%|█████▋    | 50/88 [00:13<00:10,  3.76it/s, loss=1.156]
  epoch 3/3:  57%|█████▋    | 50/88 [00:13<00:10,  3.76it/s, loss=1.155]
  epoch 3/3:  58%|█████▊    | 51/88 [00:13<00:09,  3.76it/s, loss=1.155]
  epoch 3/3:  58%|█████▊    | 51/88 [00:14<00:09,  3.76it/s, loss=1.154]
  epoch 3/3:  59%|█████▉    | 52/88 [00:14<00:09,  3.75it/s, loss=1.154]
  epoch 3/3:  59%|█████▉    | 52/88 [00:14<00:09,  3.75it/s, loss=1.151]
  epoch 3/3:  60%|██████    | 53/88 [00:14<00:09,  3.76it/s, loss=1.151]
  epoch 3/3:  60%|██████    | 53/88 [00:14<00:09,  3.76it/s, loss=1.150]
  epoch 3/3:  61%|██████▏   | 54/88 [00:14<00:09,  3.77it/s, loss=1.150]
  epoch 3/3:  61%|██████▏   | 54/88 [00:14<00:09,  3.77it/s, loss=1.148]
  epoch 3/3:  62%|██████▎   | 55/88 [00:14<00:08,  3.78it/s, loss=1.148]
  epoch 3/3:  62%|██████▎   | 55/88 [00:15<00:08,  3.78it/s, loss=1.145]
  epoch 3/3:  64%|██████▎   | 56/88 [00:15<00:08,  3.74it/s, loss=1.145]
  epoch 3/3:  64%|██████▎   | 56/88 [00:15<00:08,  3.74it/s, loss=1.143]
  epoch 3/3:  65%|██████▍   | 57/88 [00:15<00:08,  3.75it/s, loss=1.143]
  epoch 3/3:  65%|██████▍   | 57/88 [00:15<00:08,  3.75it/s, loss=1.143]
  epoch 3/3:  66%|██████▌   | 58/88 [00:15<00:08,  3.74it/s, loss=1.143]
  epoch 3/3:  66%|██████▌   | 58/88 [00:15<00:08,  3.74it/s, loss=1.140]
  epoch 3/3:  67%|██████▋   | 59/88 [00:15<00:07,  3.75it/s, loss=1.140]
  epoch 3/3:  67%|██████▋   | 59/88 [00:16<00:07,  3.75it/s, loss=1.137]
  epoch 3/3:  68%|██████▊   | 60/88 [00:16<00:07,  3.76it/s, loss=1.137]
  epoch 3/3:  68%|██████▊   | 60/88 [00:16<00:07,  3.76it/s, loss=1.137]
  epoch 3/3:  69%|██████▉   | 61/88 [00:16<00:07,  3.76it/s, loss=1.137]
  epoch 3/3:  69%|██████▉   | 61/88 [00:16<00:07,  3.76it/s, loss=1.136]
  epoch 3/3:  70%|███████   | 62/88 [00:16<00:06,  3.76it/s, loss=1.136]
  epoch 3/3:  70%|███████   | 62/88 [00:16<00:06,  3.76it/s, loss=1.135]
  epoch 3/3:  72%|███████▏  | 63/88 [00:16<00:06,  3.76it/s, loss=1.135]
  epoch 3/3:  72%|███████▏  | 63/88 [00:17<00:06,  3.76it/s, loss=1.136]
  epoch 3/3:  73%|███████▎  | 64/88 [00:17<00:06,  3.75it/s, loss=1.136]
  epoch 3/3:  73%|███████▎  | 64/88 [00:17<00:06,  3.75it/s, loss=1.134]
  epoch 3/3:  74%|███████▍  | 65/88 [00:17<00:06,  3.75it/s, loss=1.134]
  epoch 3/3:  74%|███████▍  | 65/88 [00:17<00:06,  3.75it/s, loss=1.134]
  epoch 3/3:  75%|███████▌  | 66/88 [00:17<00:05,  3.76it/s, loss=1.134]
  epoch 3/3:  75%|███████▌  | 66/88 [00:18<00:05,  3.76it/s, loss=1.133]
  epoch 3/3:  76%|███████▌  | 67/88 [00:18<00:05,  3.77it/s, loss=1.133]
  epoch 3/3:  76%|███████▌  | 67/88 [00:18<00:05,  3.77it/s, loss=1.133]
  epoch 3/3:  77%|███████▋  | 68/88 [00:18<00:05,  3.78it/s, loss=1.133]
  epoch 3/3:  77%|███████▋  | 68/88 [00:18<00:05,  3.78it/s, loss=1.130]
  epoch 3/3:  78%|███████▊  | 69/88 [00:18<00:05,  3.78it/s, loss=1.130]
  epoch 3/3:  78%|███████▊  | 69/88 [00:18<00:05,  3.78it/s, loss=1.130]
  epoch 3/3:  80%|███████▉  | 70/88 [00:18<00:04,  3.79it/s, loss=1.130]
  epoch 3/3:  80%|███████▉  | 70/88 [00:19<00:04,  3.79it/s, loss=1.129]
  epoch 3/3:  81%|████████  | 71/88 [00:19<00:04,  3.79it/s, loss=1.129]
  epoch 3/3:  81%|████████  | 71/88 [00:19<00:04,  3.79it/s, loss=1.128]
  epoch 3/3:  82%|████████▏ | 72/88 [00:19<00:04,  3.75it/s, loss=1.128]
  epoch 3/3:  82%|████████▏ | 72/88 [00:19<00:04,  3.75it/s, loss=1.128]
  epoch 3/3:  83%|████████▎ | 73/88 [00:19<00:03,  3.76it/s, loss=1.128]
  epoch 3/3:  83%|████████▎ | 73/88 [00:19<00:03,  3.76it/s, loss=1.125]
  epoch 3/3:  84%|████████▍ | 74/88 [00:19<00:03,  3.76it/s, loss=1.125]
  epoch 3/3:  84%|████████▍ | 74/88 [00:20<00:03,  3.76it/s, loss=1.123]
  epoch 3/3:  85%|████████▌ | 75/88 [00:20<00:03,  3.75it/s, loss=1.123]
  epoch 3/3:  85%|████████▌ | 75/88 [00:20<00:03,  3.75it/s, loss=1.122]
  epoch 3/3:  86%|████████▋ | 76/88 [00:20<00:03,  3.76it/s, loss=1.122]
  epoch 3/3:  86%|████████▋ | 76/88 [00:20<00:03,  3.76it/s, loss=1.121]
  epoch 3/3:  88%|████████▊ | 77/88 [00:20<00:02,  3.77it/s, loss=1.121]
  epoch 3/3:  88%|████████▊ | 77/88 [00:20<00:02,  3.77it/s, loss=1.119]
  epoch 3/3:  89%|████████▊ | 78/88 [00:20<00:02,  3.78it/s, loss=1.119]
  epoch 3/3:  89%|████████▊ | 78/88 [00:21<00:02,  3.78it/s, loss=1.117]
  epoch 3/3:  90%|████████▉ | 79/88 [00:21<00:02,  3.79it/s, loss=1.117]
  epoch 3/3:  90%|████████▉ | 79/88 [00:21<00:02,  3.79it/s, loss=1.116]
  epoch 3/3:  91%|█████████ | 80/88 [00:21<00:02,  3.79it/s, loss=1.116]
  epoch 3/3:  91%|█████████ | 80/88 [00:21<00:02,  3.79it/s, loss=1.116]
  epoch 3/3:  92%|█████████▏| 81/88 [00:21<00:01,  3.79it/s, loss=1.116]
  epoch 3/3:  92%|█████████▏| 81/88 [00:21<00:01,  3.79it/s, loss=1.115]
  epoch 3/3:  93%|█████████▎| 82/88 [00:21<00:01,  3.79it/s, loss=1.115]
  epoch 3/3:  93%|█████████▎| 82/88 [00:22<00:01,  3.79it/s, loss=1.114]
  epoch 3/3:  94%|█████████▍| 83/88 [00:22<00:01,  3.79it/s, loss=1.114]
  epoch 3/3:  94%|█████████▍| 83/88 [00:22<00:01,  3.79it/s, loss=1.114]
  epoch 3/3:  95%|█████████▌| 84/88 [00:22<00:01,  3.80it/s, loss=1.114]
  epoch 3/3:  95%|█████████▌| 84/88 [00:22<00:01,  3.80it/s, loss=1.113]
  epoch 3/3:  97%|█████████▋| 85/88 [00:22<00:00,  3.80it/s, loss=1.113]
  epoch 3/3:  97%|█████████▋| 85/88 [00:23<00:00,  3.80it/s, loss=1.112]
  epoch 3/3:  98%|█████████▊| 86/88 [00:23<00:00,  3.80it/s, loss=1.112]
  epoch 3/3:  98%|█████████▊| 86/88 [00:23<00:00,  3.80it/s, loss=1.110]
  epoch 3/3:  99%|█████████▉| 87/88 [00:23<00:00,  3.79it/s, loss=1.110]
  epoch 3/3:  99%|█████████▉| 87/88 [00:23<00:00,  3.79it/s, loss=1.110]
  epoch 3/3: 100%|██████████| 88/88 [00:23<00:00,  4.09it/s, loss=1.110]
                                                                        
[titans] reset=never | norm(state) sau task = 81.8109
[titans]   self-mod v:β=1.00 |W|=0.42
[titans]   eta_t(avg)=-1.1692  alpha_t/forget-gate(avg)=0.8377
[task 3] test acc so far: 0.803  0.429  0.291  0.466
[task 3] NCM-head acc so far: 0.840  0.771  0.771  0.820
[task 4] classes=[0, 11, 12, 28, 35] | train=2800

  epoch 1/3:   0%|          | 0/88 [00:00<?, ?it/s]
  epoch 1/3:   0%|          | 0/88 [00:00<?, ?it/s, loss=1.668]
  epoch 1/3:   1%|          | 1/88 [00:00<00:42,  2.06it/s, loss=1.668]
  epoch 1/3:   1%|          | 1/88 [00:00<00:42,  2.06it/s, loss=1.637]
  epoch 1/3:   2%|▏         | 2/88 [00:00<00:30,  2.80it/s, loss=1.637]
  epoch 1/3:   2%|▏         | 2/88 [00:01<00:30,  2.80it/s, loss=1.664]
  epoch 1/3:   3%|▎         | 3/88 [00:01<00:26,  3.18it/s, loss=1.664]
  epoch 1/3:   3%|▎         | 3/88 [00:01<00:26,  3.18it/s, loss=1.652]
  epoch 1/3:   5%|▍         | 4/88 [00:01<00:24,  3.40it/s, loss=1.652]
  epoch 1/3:   5%|▍         | 4/88 [00:01<00:24,  3.40it/s, loss=1.634]
  epoch 1/3:   6%|▌         | 5/88 [00:01<00:23,  3.52it/s, loss=1.634]
  epoch 1/3:   6%|▌         | 5/88 [00:01<00:23,  3.52it/s, loss=1.642]
  epoch 1/3:   7%|▋         | 6/88 [00:01<00:22,  3.59it/s, loss=1.642]
  epoch 1/3:   7%|▋         | 6/88 [00:02<00:22,  3.59it/s, loss=1.642]
  epoch 1/3:   8%|▊         | 7/88 [00:02<00:22,  3.64it/s, loss=1.642]
  epoch 1/3:   8%|▊         | 7/88 [00:02<00:22,  3.64it/s, loss=1.654]
  epoch 1/3:   9%|▉         | 8/88 [00:02<00:21,  3.65it/s, loss=1.654]
  epoch 1/3:   9%|▉         | 8/88 [00:02<00:21,  3.65it/s, loss=1.657]
  epoch 1/3:  10%|█         | 9/88 [00:02<00:21,  3.70it/s, loss=1.657]
  epoch 1/3:  10%|█         | 9/88 [00:02<00:21,  3.70it/s, loss=1.663]
  epoch 1/3:  11%|█▏        | 10/88 [00:02<00:20,  3.72it/s, loss=1.663]
  epoch 1/3:  11%|█▏        | 10/88 [00:03<00:20,  3.72it/s, loss=1.653]
  epoch 1/3:  12%|█▎        | 11/88 [00:03<00:20,  3.73it/s, loss=1.653]
  epoch 1/3:  12%|█▎        | 11/88 [00:03<00:20,  3.73it/s, loss=1.650]
  epoch 1/3:  14%|█▎        | 12/88 [00:03<00:20,  3.75it/s, loss=1.650]
  epoch 1/3:  14%|█▎        | 12/88 [00:03<00:20,  3.75it/s, loss=1.649]
  epoch 1/3:  15%|█▍        | 13/88 [00:03<00:20,  3.75it/s, loss=1.649]
  epoch 1/3:  15%|█▍        | 13/88 [00:03<00:20,  3.75it/s, loss=1.642]
  epoch 1/3:  16%|█▌        | 14/88 [00:03<00:19,  3.73it/s, loss=1.642]
  epoch 1/3:  16%|█▌        | 14/88 [00:04<00:19,  3.73it/s, loss=1.647]
  epoch 1/3:  17%|█▋        | 15/88 [00:04<00:19,  3.73it/s, loss=1.647]
  epoch 1/3:  17%|█▋        | 15/88 [00:04<00:19,  3.73it/s, loss=1.642]
  epoch 1/3:  18%|█▊        | 16/88 [00:04<00:19,  3.71it/s, loss=1.642]
  epoch 1/3:  18%|█▊        | 16/88 [00:04<00:19,  3.71it/s, loss=1.648]
  epoch 1/3:  19%|█▉        | 17/88 [00:04<00:19,  3.72it/s, loss=1.648]
  epoch 1/3:  19%|█▉        | 17/88 [00:05<00:19,  3.72it/s, loss=1.644]
  epoch 1/3:  20%|██        | 18/88 [00:05<00:18,  3.72it/s, loss=1.644]
  epoch 1/3:  20%|██        | 18/88 [00:05<00:18,  3.72it/s, loss=1.651]
  epoch 1/3:  22%|██▏       | 19/88 [00:05<00:18,  3.74it/s, loss=1.651]
  epoch 1/3:  22%|██▏       | 19/88 [00:05<00:18,  3.74it/s, loss=1.650]
  epoch 1/3:  23%|██▎       | 20/88 [00:05<00:18,  3.75it/s, loss=1.650]
  epoch 1/3:  23%|██▎       | 20/88 [00:05<00:18,  3.75it/s, loss=1.648]
  epoch 1/3:  24%|██▍       | 21/88 [00:05<00:17,  3.77it/s, loss=1.648]
  epoch 1/3:  24%|██▍       | 21/88 [00:06<00:17,  3.77it/s, loss=1.651]
  epoch 1/3:  25%|██▌       | 22/88 [00:06<00:17,  3.78it/s, loss=1.651]
  epoch 1/3:  25%|██▌       | 22/88 [00:06<00:17,  3.78it/s, loss=1.650]
  epoch 1/3:  26%|██▌       | 23/88 [00:06<00:17,  3.77it/s, loss=1.650]
  epoch 1/3:  26%|██▌       | 23/88 [00:06<00:17,  3.77it/s, loss=1.646]
  epoch 1/3:  27%|██▋       | 24/88 [00:06<00:16,  3.78it/s, loss=1.646]
  epoch 1/3:  27%|██▋       | 24/88 [00:06<00:16,  3.78it/s, loss=1.644]
  epoch 1/3:  28%|██▊       | 25/88 [00:06<00:16,  3.79it/s, loss=1.644]
  epoch 1/3:  28%|██▊       | 25/88 [00:07<00:16,  3.79it/s, loss=1.644]
  epoch 1/3:  30%|██▉       | 26/88 [00:07<00:16,  3.79it/s, loss=1.644]
  epoch 1/3:  30%|██▉       | 26/88 [00:07<00:16,  3.79it/s, loss=1.646]
  epoch 1/3:  31%|███       | 27/88 [00:07<00:16,  3.79it/s, loss=1.646]
  epoch 1/3:  31%|███       | 27/88 [00:07<00:16,  3.79it/s, loss=1.645]
  epoch 1/3:  32%|███▏      | 28/88 [00:07<00:15,  3.80it/s, loss=1.645]
  epoch 1/3:  32%|███▏      | 28/88 [00:07<00:15,  3.80it/s, loss=1.641]
  epoch 1/3:  33%|███▎      | 29/88 [00:07<00:15,  3.78it/s, loss=1.641]
  epoch 1/3:  33%|███▎      | 29/88 [00:08<00:15,  3.78it/s, loss=1.641]
  epoch 1/3:  34%|███▍      | 30/88 [00:08<00:15,  3.78it/s, loss=1.641]
  epoch 1/3:  34%|███▍      | 30/88 [00:08<00:15,  3.78it/s, loss=1.636]
  epoch 1/3:  35%|███▌      | 31/88 [00:08<00:15,  3.77it/s, loss=1.636]
  epoch 1/3:  35%|███▌      | 31/88 [00:08<00:15,  3.77it/s, loss=1.634]
  epoch 1/3:  36%|███▋      | 32/88 [00:08<00:15,  3.72it/s, loss=1.634]
  epoch 1/3:  36%|███▋      | 32/88 [00:09<00:15,  3.72it/s, loss=1.633]
  epoch 1/3:  38%|███▊      | 33/88 [00:09<00:14,  3.75it/s, loss=1.633]
  epoch 1/3:  38%|███▊      | 33/88 [00:09<00:14,  3.75it/s, loss=1.635]
  epoch 1/3:  39%|███▊      | 34/88 [00:09<00:14,  3.76it/s, loss=1.635]
  epoch 1/3:  39%|███▊      | 34/88 [00:09<00:14,  3.76it/s, loss=1.634]
  epoch 1/3:  40%|███▉      | 35/88 [00:09<00:14,  3.77it/s, loss=1.634]
  epoch 1/3:  40%|███▉      | 35/88 [00:09<00:14,  3.77it/s, loss=1.633]
  epoch 1/3:  41%|████      | 36/88 [00:09<00:13,  3.77it/s, loss=1.633]
  epoch 1/3:  41%|████      | 36/88 [00:10<00:13,  3.77it/s, loss=1.632]
  epoch 1/3:  42%|████▏     | 37/88 [00:10<00:13,  3.76it/s, loss=1.632]
  epoch 1/3:  42%|████▏     | 37/88 [00:10<00:13,  3.76it/s, loss=1.634]
  epoch 1/3:  43%|████▎     | 38/88 [00:10<00:13,  3.75it/s, loss=1.634]
  epoch 1/3:  43%|████▎     | 38/88 [00:10<00:13,  3.75it/s, loss=1.629]
  epoch 1/3:  44%|████▍     | 39/88 [00:10<00:13,  3.75it/s, loss=1.629]
  epoch 1/3:  44%|████▍     | 39/88 [00:10<00:13,  3.75it/s, loss=1.627]
  epoch 1/3:  45%|████▌     | 40/88 [00:10<00:12,  3.76it/s, loss=1.627]
  epoch 1/3:  45%|████▌     | 40/88 [00:11<00:12,  3.76it/s, loss=1.626]
  epoch 1/3:  47%|████▋     | 41/88 [00:11<00:12,  3.78it/s, loss=1.626]
  epoch 1/3:  47%|████▋     | 41/88 [00:11<00:12,  3.78it/s, loss=1.624]
  epoch 1/3:  48%|████▊     | 42/88 [00:11<00:12,  3.78it/s, loss=1.624]
  epoch 1/3:  48%|████▊     | 42/88 [00:11<00:12,  3.78it/s, loss=1.624]
  epoch 1/3:  49%|████▉     | 43/88 [00:11<00:11,  3.76it/s, loss=1.624]
  epoch 1/3:  49%|████▉     | 43/88 [00:11<00:11,  3.76it/s, loss=1.619]
  epoch 1/3:  50%|█████     | 44/88 [00:11<00:11,  3.77it/s, loss=1.619]
  epoch 1/3:  50%|█████     | 44/88 [00:12<00:11,  3.77it/s, loss=1.618]
  epoch 1/3:  51%|█████     | 45/88 [00:12<00:11,  3.75it/s, loss=1.618]
  epoch 1/3:  51%|█████     | 45/88 [00:12<00:11,  3.75it/s, loss=1.616]
  epoch 1/3:  52%|█████▏    | 46/88 [00:12<00:11,  3.75it/s, loss=1.616]
  epoch 1/3:  52%|█████▏    | 46/88 [00:12<00:11,  3.75it/s, loss=1.613]
  epoch 1/3:  53%|█████▎    | 47/88 [00:12<00:10,  3.75it/s, loss=1.613]
  epoch 1/3:  53%|█████▎    | 47/88 [00:13<00:10,  3.75it/s, loss=1.613]
  epoch 1/3:  55%|█████▍    | 48/88 [00:13<00:10,  3.70it/s, loss=1.613]
  epoch 1/3:  55%|█████▍    | 48/88 [00:13<00:10,  3.70it/s, loss=1.613]
  epoch 1/3:  56%|█████▌    | 49/88 [00:13<00:10,  3.71it/s, loss=1.613]
  epoch 1/3:  56%|█████▌    | 49/88 [00:13<00:10,  3.71it/s, loss=1.612]
  epoch 1/3:  57%|█████▋    | 50/88 [00:13<00:10,  3.74it/s, loss=1.612]
  epoch 1/3:  57%|█████▋    | 50/88 [00:13<00:10,  3.74it/s, loss=1.612]
  epoch 1/3:  58%|█████▊    | 51/88 [00:13<00:09,  3.75it/s, loss=1.612]
  epoch 1/3:  58%|█████▊    | 51/88 [00:14<00:09,  3.75it/s, loss=1.610]
  epoch 1/3:  59%|█████▉    | 52/88 [00:14<00:09,  3.76it/s, loss=1.610]
  epoch 1/3:  59%|█████▉    | 52/88 [00:14<00:09,  3.76it/s, loss=1.611]
  epoch 1/3:  60%|██████    | 53/88 [00:14<00:09,  3.77it/s, loss=1.611]
  epoch 1/3:  60%|██████    | 53/88 [00:14<00:09,  3.77it/s, loss=1.607]
  epoch 1/3:  61%|██████▏   | 54/88 [00:14<00:09,  3.77it/s, loss=1.607]
  epoch 1/3:  61%|██████▏   | 54/88 [00:14<00:09,  3.77it/s, loss=1.605]
  epoch 1/3:  62%|██████▎   | 55/88 [00:14<00:08,  3.76it/s, loss=1.605]
  epoch 1/3:  62%|██████▎   | 55/88 [00:15<00:08,  3.76it/s, loss=1.604]
  epoch 1/3:  64%|██████▎   | 56/88 [00:15<00:08,  3.76it/s, loss=1.604]
  epoch 1/3:  64%|██████▎   | 56/88 [00:15<00:08,  3.76it/s, loss=1.605]
  epoch 1/3:  65%|██████▍   | 57/88 [00:15<00:08,  3.75it/s, loss=1.605]
  epoch 1/3:  65%|██████▍   | 57/88 [00:15<00:08,  3.75it/s, loss=1.603]
  epoch 1/3:  66%|██████▌   | 58/88 [00:15<00:08,  3.75it/s, loss=1.603]
  epoch 1/3:  66%|██████▌   | 58/88 [00:15<00:08,  3.75it/s, loss=1.602]
  epoch 1/3:  67%|██████▋   | 59/88 [00:15<00:07,  3.76it/s, loss=1.602]
  epoch 1/3:  67%|██████▋   | 59/88 [00:16<00:07,  3.76it/s, loss=1.600]
  epoch 1/3:  68%|██████▊   | 60/88 [00:16<00:07,  3.77it/s, loss=1.600]
  epoch 1/3:  68%|██████▊   | 60/88 [00:16<00:07,  3.77it/s, loss=1.598]
  epoch 1/3:  69%|██████▉   | 61/88 [00:16<00:07,  3.77it/s, loss=1.598]
  epoch 1/3:  69%|██████▉   | 61/88 [00:16<00:07,  3.77it/s, loss=1.596]
  epoch 1/3:  70%|███████   | 62/88 [00:16<00:06,  3.77it/s, loss=1.596]
  epoch 1/3:  70%|███████   | 62/88 [00:16<00:06,  3.77it/s, loss=1.593]
  epoch 1/3:  72%|███████▏  | 63/88 [00:16<00:06,  3.78it/s, loss=1.593]
  epoch 1/3:  72%|███████▏  | 63/88 [00:17<00:06,  3.78it/s, loss=1.592]
  epoch 1/3:  73%|███████▎  | 64/88 [00:17<00:06,  3.73it/s, loss=1.592]
  epoch 1/3:  73%|███████▎  | 64/88 [00:17<00:06,  3.73it/s, loss=1.590]
  epoch 1/3:  74%|███████▍  | 65/88 [00:17<00:06,  3.73it/s, loss=1.590]
  epoch 1/3:  74%|███████▍  | 65/88 [00:17<00:06,  3.73it/s, loss=1.588]
  epoch 1/3:  75%|███████▌  | 66/88 [00:17<00:05,  3.75it/s, loss=1.588]
  epoch 1/3:  75%|███████▌  | 66/88 [00:18<00:05,  3.75it/s, loss=1.586]
  epoch 1/3:  76%|███████▌  | 67/88 [00:18<00:05,  3.76it/s, loss=1.586]
  epoch 1/3:  76%|███████▌  | 67/88 [00:18<00:05,  3.76it/s, loss=1.585]
  epoch 1/3:  77%|███████▋  | 68/88 [00:18<00:05,  3.77it/s, loss=1.585]
  epoch 1/3:  77%|███████▋  | 68/88 [00:18<00:05,  3.77it/s, loss=1.583]
  epoch 1/3:  78%|███████▊  | 69/88 [00:18<00:05,  3.78it/s, loss=1.583]
  epoch 1/3:  78%|███████▊  | 69/88 [00:18<00:05,  3.78it/s, loss=1.580]
  epoch 1/3:  80%|███████▉  | 70/88 [00:18<00:04,  3.79it/s, loss=1.580]
  epoch 1/3:  80%|███████▉  | 70/88 [00:19<00:04,  3.79it/s, loss=1.579]
  epoch 1/3:  81%|████████  | 71/88 [00:19<00:04,  3.78it/s, loss=1.579]
  epoch 1/3:  81%|████████  | 71/88 [00:19<00:04,  3.78it/s, loss=1.577]
  epoch 1/3:  82%|████████▏ | 72/88 [00:19<00:04,  3.78it/s, loss=1.577]
  epoch 1/3:  82%|████████▏ | 72/88 [00:19<00:04,  3.78it/s, loss=1.575]
  epoch 1/3:  83%|████████▎ | 73/88 [00:19<00:03,  3.77it/s, loss=1.575]
  epoch 1/3:  83%|████████▎ | 73/88 [00:19<00:03,  3.77it/s, loss=1.574]
  epoch 1/3:  84%|████████▍ | 74/88 [00:19<00:03,  3.75it/s, loss=1.574]
  epoch 1/3:  84%|████████▍ | 74/88 [00:20<00:03,  3.75it/s, loss=1.573]
  epoch 1/3:  85%|████████▌ | 75/88 [00:20<00:03,  3.74it/s, loss=1.573]
  epoch 1/3:  85%|████████▌ | 75/88 [00:20<00:03,  3.74it/s, loss=1.571]
  epoch 1/3:  86%|████████▋ | 76/88 [00:20<00:03,  3.75it/s, loss=1.571]
  epoch 1/3:  86%|████████▋ | 76/88 [00:20<00:03,  3.75it/s, loss=1.570]
  epoch 1/3:  88%|████████▊ | 77/88 [00:20<00:02,  3.76it/s, loss=1.570]
  epoch 1/3:  88%|████████▊ | 77/88 [00:20<00:02,  3.76it/s, loss=1.569]
  epoch 1/3:  89%|████████▊ | 78/88 [00:20<00:02,  3.77it/s, loss=1.569]
  epoch 1/3:  89%|████████▊ | 78/88 [00:21<00:02,  3.77it/s, loss=1.567]
  epoch 1/3:  90%|████████▉ | 79/88 [00:21<00:02,  3.76it/s, loss=1.567]
  epoch 1/3:  90%|████████▉ | 79/88 [00:21<00:02,  3.76it/s, loss=1.567]
  epoch 1/3:  91%|█████████ | 80/88 [00:21<00:02,  3.71it/s, loss=1.567]
  epoch 1/3:  91%|█████████ | 80/88 [00:21<00:02,  3.71it/s, loss=1.565]
  epoch 1/3:  92%|█████████▏| 81/88 [00:21<00:01,  3.73it/s, loss=1.565]
  epoch 1/3:  92%|█████████▏| 81/88 [00:22<00:01,  3.73it/s, loss=1.563]
  epoch 1/3:  93%|█████████▎| 82/88 [00:22<00:01,  3.75it/s, loss=1.563]
  epoch 1/3:  93%|█████████▎| 82/88 [00:22<00:01,  3.75it/s, loss=1.561]
  epoch 1/3:  94%|█████████▍| 83/88 [00:22<00:01,  3.76it/s, loss=1.561]
  epoch 1/3:  94%|█████████▍| 83/88 [00:22<00:01,  3.76it/s, loss=1.561]
  epoch 1/3:  95%|█████████▌| 84/88 [00:22<00:01,  3.77it/s, loss=1.561]
  epoch 1/3:  95%|█████████▌| 84/88 [00:22<00:01,  3.77it/s, loss=1.558]
  epoch 1/3:  97%|█████████▋| 85/88 [00:22<00:00,  3.78it/s, loss=1.558]
  epoch 1/3:  97%|█████████▋| 85/88 [00:23<00:00,  3.78it/s, loss=1.556]
  epoch 1/3:  98%|█████████▊| 86/88 [00:23<00:00,  3.79it/s, loss=1.556]
  epoch 1/3:  98%|█████████▊| 86/88 [00:23<00:00,  3.79it/s, loss=1.555]
  epoch 1/3:  99%|█████████▉| 87/88 [00:23<00:00,  3.79it/s, loss=1.555]
  epoch 1/3:  99%|█████████▉| 87/88 [00:23<00:00,  3.79it/s, loss=1.555]
  epoch 1/3: 100%|██████████| 88/88 [00:23<00:00,  4.13it/s, loss=1.555]
                                                                        

  epoch 2/3:   0%|          | 0/88 [00:00<?, ?it/s]
  epoch 2/3:   0%|          | 0/88 [00:00<?, ?it/s, loss=1.501]
  epoch 2/3:   1%|          | 1/88 [00:00<00:41,  2.09it/s, loss=1.501]
  epoch 2/3:   1%|          | 1/88 [00:00<00:41,  2.09it/s, loss=1.447]
  epoch 2/3:   2%|▏         | 2/88 [00:00<00:30,  2.84it/s, loss=1.447]
  epoch 2/3:   2%|▏         | 2/88 [00:01<00:30,  2.84it/s, loss=1.436]
  epoch 2/3:   3%|▎         | 3/88 [00:01<00:26,  3.21it/s, loss=1.436]
  epoch 2/3:   3%|▎         | 3/88 [00:01<00:26,  3.21it/s, loss=1.411]
  epoch 2/3:   5%|▍         | 4/88 [00:01<00:24,  3.41it/s, loss=1.411]
  epoch 2/3:   5%|▍         | 4/88 [00:01<00:24,  3.41it/s, loss=1.390]
  epoch 2/3:   6%|▌         | 5/88 [00:01<00:23,  3.52it/s, loss=1.390]
  epoch 2/3:   6%|▌         | 5/88 [00:01<00:23,  3.52it/s, loss=1.406]
  epoch 2/3:   7%|▋         | 6/88 [00:01<00:22,  3.60it/s, loss=1.406]
  epoch 2/3:   7%|▋         | 6/88 [00:02<00:22,  3.60it/s, loss=1.408]
  epoch 2/3:   8%|▊         | 7/88 [00:02<00:22,  3.64it/s, loss=1.408]
  epoch 2/3:   8%|▊         | 7/88 [00:02<00:22,  3.64it/s, loss=1.408]
  epoch 2/3:   9%|▉         | 8/88 [00:02<00:22,  3.62it/s, loss=1.408]
  epoch 2/3:   9%|▉         | 8/88 [00:02<00:22,  3.62it/s, loss=1.407]
  epoch 2/3:  10%|█         | 9/88 [00:02<00:21,  3.66it/s, loss=1.407]
  epoch 2/3:  10%|█         | 9/88 [00:02<00:21,  3.66it/s, loss=1.404]
  epoch 2/3:  11%|█▏        | 10/88 [00:02<00:21,  3.66it/s, loss=1.404]
  epoch 2/3:  11%|█▏        | 10/88 [00:03<00:21,  3.66it/s, loss=1.408]
  epoch 2/3:  12%|█▎        | 11/88 [00:03<00:20,  3.71it/s, loss=1.408]
  epoch 2/3:  12%|█▎        | 11/88 [00:03<00:20,  3.71it/s, loss=1.402]
  epoch 2/3:  14%|█▎        | 12/88 [00:03<00:20,  3.73it/s, loss=1.402]
  epoch 2/3:  14%|█▎        | 12/88 [00:03<00:20,  3.73it/s, loss=1.396]
  epoch 2/3:  15%|█▍        | 13/88 [00:03<00:20,  3.75it/s, loss=1.396]
  epoch 2/3:  15%|█▍        | 13/88 [00:03<00:20,  3.75it/s, loss=1.399]
  epoch 2/3:  16%|█▌        | 14/88 [00:03<00:19,  3.77it/s, loss=1.399]
  epoch 2/3:  16%|█▌        | 14/88 [00:04<00:19,  3.77it/s, loss=1.402]
  epoch 2/3:  17%|█▋        | 15/88 [00:04<00:19,  3.77it/s, loss=1.402]
  epoch 2/3:  17%|█▋        | 15/88 [00:04<00:19,  3.77it/s, loss=1.404]
  epoch 2/3:  18%|█▊        | 16/88 [00:04<00:19,  3.78it/s, loss=1.404]
  epoch 2/3:  18%|█▊        | 16/88 [00:04<00:19,  3.78it/s, loss=1.404]
  epoch 2/3:  19%|█▉        | 17/88 [00:04<00:18,  3.78it/s, loss=1.404]
  epoch 2/3:  19%|█▉        | 17/88 [00:05<00:18,  3.78it/s, loss=1.406]
  epoch 2/3:  20%|██        | 18/88 [00:05<00:18,  3.78it/s, loss=1.406]
  epoch 2/3:  20%|██        | 18/88 [00:05<00:18,  3.78it/s, loss=1.404]
  epoch 2/3:  22%|██▏       | 19/88 [00:05<00:18,  3.79it/s, loss=1.404]
  epoch 2/3:  22%|██▏       | 19/88 [00:05<00:18,  3.79it/s, loss=1.399]
  epoch 2/3:  23%|██▎       | 20/88 [00:05<00:17,  3.79it/s, loss=1.399]
  epoch 2/3:  23%|██▎       | 20/88 [00:05<00:17,  3.79it/s, loss=1.396]
  epoch 2/3:  24%|██▍       | 21/88 [00:05<00:17,  3.79it/s, loss=1.396]
  epoch 2/3:  24%|██▍       | 21/88 [00:06<00:17,  3.79it/s, loss=1.393]
  epoch 2/3:  25%|██▌       | 22/88 [00:06<00:17,  3.79it/s, loss=1.393]
  epoch 2/3:  25%|██▌       | 22/88 [00:06<00:17,  3.79it/s, loss=1.391]
  epoch 2/3:  26%|██▌       | 23/88 [00:06<00:17,  3.78it/s, loss=1.391]
  epoch 2/3:  26%|██▌       | 23/88 [00:06<00:17,  3.78it/s, loss=1.393]
  epoch 2/3:  27%|██▋       | 24/88 [00:06<00:17,  3.75it/s, loss=1.393]
  epoch 2/3:  27%|██▋       | 24/88 [00:06<00:17,  3.75it/s, loss=1.389]
  epoch 2/3:  28%|██▊       | 25/88 [00:06<00:16,  3.76it/s, loss=1.389]
  epoch 2/3:  28%|██▊       | 25/88 [00:07<00:16,  3.76it/s, loss=1.384]
  epoch 2/3:  30%|██▉       | 26/88 [00:07<00:16,  3.76it/s, loss=1.384]
  epoch 2/3:  30%|██▉       | 26/88 [00:07<00:16,  3.76it/s, loss=1.381]
  epoch 2/3:  31%|███       | 27/88 [00:07<00:16,  3.74it/s, loss=1.381]
  epoch 2/3:  31%|███       | 27/88 [00:07<00:16,  3.74it/s, loss=1.383]
  epoch 2/3:  32%|███▏      | 28/88 [00:07<00:15,  3.76it/s, loss=1.383]
  epoch 2/3:  32%|███▏      | 28/88 [00:07<00:15,  3.76it/s, loss=1.386]
  epoch 2/3:  33%|███▎      | 29/88 [00:07<00:15,  3.76it/s, loss=1.386]
  epoch 2/3:  33%|███▎      | 29/88 [00:08<00:15,  3.76it/s, loss=1.385]
  epoch 2/3:  34%|███▍      | 30/88 [00:08<00:15,  3.77it/s, loss=1.385]
  epoch 2/3:  34%|███▍      | 30/88 [00:08<00:15,  3.77it/s, loss=1.385]
  epoch 2/3:  35%|███▌      | 31/88 [00:08<00:15,  3.78it/s, loss=1.385]
  epoch 2/3:  35%|███▌      | 31/88 [00:08<00:15,  3.78it/s, loss=1.385]
  epoch 2/3:  36%|███▋      | 32/88 [00:08<00:14,  3.77it/s, loss=1.385]
  epoch 2/3:  36%|███▋      | 32/88 [00:08<00:14,  3.77it/s, loss=1.382]
  epoch 2/3:  38%|███▊      | 33/88 [00:08<00:14,  3.78it/s, loss=1.382]
  epoch 2/3:  38%|███▊      | 33/88 [00:09<00:14,  3.78it/s, loss=1.380]
  epoch 2/3:  39%|███▊      | 34/88 [00:09<00:14,  3.77it/s, loss=1.380]
  epoch 2/3:  39%|███▊      | 34/88 [00:09<00:14,  3.77it/s, loss=1.380]
  epoch 2/3:  40%|███▉      | 35/88 [00:09<00:14,  3.78it/s, loss=1.380]
  epoch 2/3:  40%|███▉      | 35/88 [00:09<00:14,  3.78it/s, loss=1.379]
  epoch 2/3:  41%|████      | 36/88 [00:09<00:13,  3.78it/s, loss=1.379]
  epoch 2/3:  41%|████      | 36/88 [00:10<00:13,  3.78it/s, loss=1.378]
  epoch 2/3:  42%|████▏     | 37/88 [00:10<00:13,  3.77it/s, loss=1.378]
  epoch 2/3:  42%|████▏     | 37/88 [00:10<00:13,  3.77it/s, loss=1.374]
  epoch 2/3:  43%|████▎     | 38/88 [00:10<00:13,  3.76it/s, loss=1.374]
  epoch 2/3:  43%|████▎     | 38/88 [00:10<00:13,  3.76it/s, loss=1.373]
  epoch 2/3:  44%|████▍     | 39/88 [00:10<00:13,  3.74it/s, loss=1.373]
  epoch 2/3:  44%|████▍     | 39/88 [00:10<00:13,  3.74it/s, loss=1.371]
  epoch 2/3:  45%|████▌     | 40/88 [00:10<00:12,  3.70it/s, loss=1.371]
  epoch 2/3:  45%|████▌     | 40/88 [00:11<00:12,  3.70it/s, loss=1.369]
  epoch 2/3:  47%|████▋     | 41/88 [00:11<00:12,  3.73it/s, loss=1.369]
  epoch 2/3:  47%|████▋     | 41/88 [00:11<00:12,  3.73it/s, loss=1.367]
  epoch 2/3:  48%|████▊     | 42/88 [00:11<00:12,  3.72it/s, loss=1.367]
  epoch 2/3:  48%|████▊     | 42/88 [00:11<00:12,  3.72it/s, loss=1.366]
  epoch 2/3:  49%|████▉     | 43/88 [00:11<00:12,  3.73it/s, loss=1.366]
  epoch 2/3:  49%|████▉     | 43/88 [00:11<00:12,  3.73it/s, loss=1.364]
  epoch 2/3:  50%|█████     | 44/88 [00:11<00:11,  3.75it/s, loss=1.364]
  epoch 2/3:  50%|█████     | 44/88 [00:12<00:11,  3.75it/s, loss=1.362]
  epoch 2/3:  51%|█████     | 45/88 [00:12<00:11,  3.75it/s, loss=1.362]
  epoch 2/3:  51%|█████     | 45/88 [00:12<00:11,  3.75it/s, loss=1.360]
  epoch 2/3:  52%|█████▏    | 46/88 [00:12<00:11,  3.74it/s, loss=1.360]
  epoch 2/3:  52%|█████▏    | 46/88 [00:12<00:11,  3.74it/s, loss=1.358]
  epoch 2/3:  53%|█████▎    | 47/88 [00:12<00:10,  3.75it/s, loss=1.358]
  epoch 2/3:  53%|█████▎    | 47/88 [00:12<00:10,  3.75it/s, loss=1.355]
  epoch 2/3:  55%|█████▍    | 48/88 [00:12<00:10,  3.73it/s, loss=1.355]
  epoch 2/3:  55%|█████▍    | 48/88 [00:13<00:10,  3.73it/s, loss=1.354]
  epoch 2/3:  56%|█████▌    | 49/88 [00:13<00:10,  3.73it/s, loss=1.354]
  epoch 2/3:  56%|█████▌    | 49/88 [00:13<00:10,  3.73it/s, loss=1.352]
  epoch 2/3:  57%|█████▋    | 50/88 [00:13<00:10,  3.75it/s, loss=1.352]
  epoch 2/3:  57%|█████▋    | 50/88 [00:13<00:10,  3.75it/s, loss=1.348]
  epoch 2/3:  58%|█████▊    | 51/88 [00:13<00:09,  3.75it/s, loss=1.348]
  epoch 2/3:  58%|█████▊    | 51/88 [00:14<00:09,  3.75it/s, loss=1.346]
  epoch 2/3:  59%|█████▉    | 52/88 [00:14<00:09,  3.76it/s, loss=1.346]
  epoch 2/3:  59%|█████▉    | 52/88 [00:14<00:09,  3.76it/s, loss=1.344]
  epoch 2/3:  60%|██████    | 53/88 [00:14<00:09,  3.76it/s, loss=1.344]
  epoch 2/3:  60%|██████    | 53/88 [00:14<00:09,  3.76it/s, loss=1.344]
  epoch 2/3:  61%|██████▏   | 54/88 [00:14<00:09,  3.76it/s, loss=1.344]
  epoch 2/3:  61%|██████▏   | 54/88 [00:14<00:09,  3.76it/s, loss=1.345]
  epoch 2/3:  62%|██████▎   | 55/88 [00:14<00:08,  3.76it/s, loss=1.345]
  epoch 2/3:  62%|██████▎   | 55/88 [00:15<00:08,  3.76it/s, loss=1.345]
  epoch 2/3:  64%|██████▎   | 56/88 [00:15<00:08,  3.69it/s, loss=1.345]
  epoch 2/3:  64%|██████▎   | 56/88 [00:15<00:08,  3.69it/s, loss=1.344]
  epoch 2/3:  65%|██████▍   | 57/88 [00:15<00:08,  3.71it/s, loss=1.344]
  epoch 2/3:  65%|██████▍   | 57/88 [00:15<00:08,  3.71it/s, loss=1.343]
  epoch 2/3:  66%|██████▌   | 58/88 [00:15<00:08,  3.71it/s, loss=1.343]
  epoch 2/3:  66%|██████▌   | 58/88 [00:15<00:08,  3.71it/s, loss=1.343]
  epoch 2/3:  67%|██████▋   | 59/88 [00:15<00:07,  3.73it/s, loss=1.343]
  epoch 2/3:  67%|██████▋   | 59/88 [00:16<00:07,  3.73it/s, loss=1.342]
  epoch 2/3:  68%|██████▊   | 60/88 [00:16<00:07,  3.74it/s, loss=1.342]
  epoch 2/3:  68%|██████▊   | 60/88 [00:16<00:07,  3.74it/s, loss=1.340]
  epoch 2/3:  69%|██████▉   | 61/88 [00:16<00:07,  3.76it/s, loss=1.340]
  epoch 2/3:  69%|██████▉   | 61/88 [00:16<00:07,  3.76it/s, loss=1.340]
  epoch 2/3:  70%|███████   | 62/88 [00:16<00:06,  3.77it/s, loss=1.340]
  epoch 2/3:  70%|███████   | 62/88 [00:16<00:06,  3.77it/s, loss=1.339]
  epoch 2/3:  72%|███████▏  | 63/88 [00:16<00:06,  3.77it/s, loss=1.339]
  epoch 2/3:  72%|███████▏  | 63/88 [00:17<00:06,  3.77it/s, loss=1.336]
  epoch 2/3:  73%|███████▎  | 64/88 [00:17<00:06,  3.77it/s, loss=1.336]
  epoch 2/3:  73%|███████▎  | 64/88 [00:17<00:06,  3.77it/s, loss=1.333]
  epoch 2/3:  74%|███████▍  | 65/88 [00:17<00:06,  3.78it/s, loss=1.333]
  epoch 2/3:  74%|███████▍  | 65/88 [00:17<00:06,  3.78it/s, loss=1.333]
  epoch 2/3:  75%|███████▌  | 66/88 [00:17<00:05,  3.78it/s, loss=1.333]
  epoch 2/3:  75%|███████▌  | 66/88 [00:18<00:05,  3.78it/s, loss=1.332]
  epoch 2/3:  76%|███████▌  | 67/88 [00:18<00:05,  3.78it/s, loss=1.332]
  epoch 2/3:  76%|███████▌  | 67/88 [00:18<00:05,  3.78it/s, loss=1.328]
  epoch 2/3:  77%|███████▋  | 68/88 [00:18<00:05,  3.78it/s, loss=1.328]
  epoch 2/3:  77%|███████▋  | 68/88 [00:18<00:05,  3.78it/s, loss=1.328]
  epoch 2/3:  78%|███████▊  | 69/88 [00:18<00:05,  3.78it/s, loss=1.328]
  epoch 2/3:  78%|███████▊  | 69/88 [00:18<00:05,  3.78it/s, loss=1.328]
  epoch 2/3:  80%|███████▉  | 70/88 [00:18<00:04,  3.77it/s, loss=1.328]
  epoch 2/3:  80%|███████▉  | 70/88 [00:19<00:04,  3.77it/s, loss=1.327]
  epoch 2/3:  81%|████████  | 71/88 [00:19<00:04,  3.76it/s, loss=1.327]
  epoch 2/3:  81%|████████  | 71/88 [00:19<00:04,  3.76it/s, loss=1.325]
  epoch 2/3:  82%|████████▏ | 72/88 [00:19<00:04,  3.69it/s, loss=1.325]
  epoch 2/3:  82%|████████▏ | 72/88 [00:19<00:04,  3.69it/s, loss=1.323]
  epoch 2/3:  83%|████████▎ | 73/88 [00:19<00:04,  3.71it/s, loss=1.323]
  epoch 2/3:  83%|████████▎ | 73/88 [00:19<00:04,  3.71it/s, loss=1.321]
  epoch 2/3:  84%|████████▍ | 74/88 [00:19<00:03,  3.71it/s, loss=1.321]
  epoch 2/3:  84%|████████▍ | 74/88 [00:20<00:03,  3.71it/s, loss=1.320]
  epoch 2/3:  85%|████████▌ | 75/88 [00:20<00:03,  3.73it/s, loss=1.320]
  epoch 2/3:  85%|████████▌ | 75/88 [00:20<00:03,  3.73it/s, loss=1.318]
  epoch 2/3:  86%|████████▋ | 76/88 [00:20<00:03,  3.75it/s, loss=1.318]
  epoch 2/3:  86%|████████▋ | 76/88 [00:20<00:03,  3.75it/s, loss=1.317]
  epoch 2/3:  88%|████████▊ | 77/88 [00:20<00:02,  3.77it/s, loss=1.317]
  epoch 2/3:  88%|████████▊ | 77/88 [00:20<00:02,  3.77it/s, loss=1.314]
  epoch 2/3:  89%|████████▊ | 78/88 [00:20<00:02,  3.77it/s, loss=1.314]
  epoch 2/3:  89%|████████▊ | 78/88 [00:21<00:02,  3.77it/s, loss=1.313]
  epoch 2/3:  90%|████████▉ | 79/88 [00:21<00:02,  3.77it/s, loss=1.313]
  epoch 2/3:  90%|████████▉ | 79/88 [00:21<00:02,  3.77it/s, loss=1.312]
  epoch 2/3:  91%|█████████ | 80/88 [00:21<00:02,  3.78it/s, loss=1.312]
  epoch 2/3:  91%|█████████ | 80/88 [00:21<00:02,  3.78it/s, loss=1.310]
  epoch 2/3:  92%|█████████▏| 81/88 [00:21<00:01,  3.79it/s, loss=1.310]
  epoch 2/3:  92%|█████████▏| 81/88 [00:22<00:01,  3.79it/s, loss=1.309]
  epoch 2/3:  93%|█████████▎| 82/88 [00:22<00:01,  3.78it/s, loss=1.309]
  epoch 2/3:  93%|█████████▎| 82/88 [00:22<00:01,  3.78it/s, loss=1.307]
  epoch 2/3:  94%|█████████▍| 83/88 [00:22<00:01,  3.77it/s, loss=1.307]
  epoch 2/3:  94%|█████████▍| 83/88 [00:22<00:01,  3.77it/s, loss=1.306]
  epoch 2/3:  95%|█████████▌| 84/88 [00:22<00:01,  3.76it/s, loss=1.306]
  epoch 2/3:  95%|█████████▌| 84/88 [00:22<00:01,  3.76it/s, loss=1.305]
  epoch 2/3:  97%|█████████▋| 85/88 [00:22<00:00,  3.75it/s, loss=1.305]
  epoch 2/3:  97%|█████████▋| 85/88 [00:23<00:00,  3.75it/s, loss=1.305]
  epoch 2/3:  98%|█████████▊| 86/88 [00:23<00:00,  3.75it/s, loss=1.305]
  epoch 2/3:  98%|█████████▊| 86/88 [00:23<00:00,  3.75it/s, loss=1.304]
  epoch 2/3:  99%|█████████▉| 87/88 [00:23<00:00,  3.76it/s, loss=1.304]
  epoch 2/3:  99%|█████████▉| 87/88 [00:23<00:00,  3.76it/s, loss=1.303]
  epoch 2/3: 100%|██████████| 88/88 [00:23<00:00,  4.06it/s, loss=1.303]
                                                                        

  epoch 3/3:   0%|          | 0/88 [00:00<?, ?it/s]
  epoch 3/3:   0%|          | 0/88 [00:00<?, ?it/s, loss=1.263]
  epoch 3/3:   1%|          | 1/88 [00:00<00:41,  2.09it/s, loss=1.263]
  epoch 3/3:   1%|          | 1/88 [00:00<00:41,  2.09it/s, loss=1.239]
  epoch 3/3:   2%|▏         | 2/88 [00:00<00:30,  2.82it/s, loss=1.239]
  epoch 3/3:   2%|▏         | 2/88 [00:01<00:30,  2.82it/s, loss=1.263]
  epoch 3/3:   3%|▎         | 3/88 [00:01<00:26,  3.20it/s, loss=1.263]
  epoch 3/3:   3%|▎         | 3/88 [00:01<00:26,  3.20it/s, loss=1.233]
  epoch 3/3:   5%|▍         | 4/88 [00:01<00:24,  3.41it/s, loss=1.233]
  epoch 3/3:   5%|▍         | 4/88 [00:01<00:24,  3.41it/s, loss=1.220]
  epoch 3/3:   6%|▌         | 5/88 [00:01<00:23,  3.54it/s, loss=1.220]
  epoch 3/3:   6%|▌         | 5/88 [00:01<00:23,  3.54it/s, loss=1.222]
  epoch 3/3:   7%|▋         | 6/88 [00:01<00:22,  3.62it/s, loss=1.222]
  epoch 3/3:   7%|▋         | 6/88 [00:02<00:22,  3.62it/s, loss=1.226]
  epoch 3/3:   8%|▊         | 7/88 [00:02<00:22,  3.68it/s, loss=1.226]
  epoch 3/3:   8%|▊         | 7/88 [00:02<00:22,  3.68it/s, loss=1.210]
  epoch 3/3:   9%|▉         | 8/88 [00:02<00:21,  3.71it/s, loss=1.210]
  epoch 3/3:   9%|▉         | 8/88 [00:02<00:21,  3.71it/s, loss=1.202]
  epoch 3/3:  10%|█         | 9/88 [00:02<00:21,  3.74it/s, loss=1.202]
  epoch 3/3:  10%|█         | 9/88 [00:02<00:21,  3.74it/s, loss=1.199]
  epoch 3/3:  11%|█▏        | 10/88 [00:02<00:20,  3.76it/s, loss=1.199]
  epoch 3/3:  11%|█▏        | 10/88 [00:03<00:20,  3.76it/s, loss=1.195]
  epoch 3/3:  12%|█▎        | 11/88 [00:03<00:20,  3.77it/s, loss=1.195]
  epoch 3/3:  12%|█▎        | 11/88 [00:03<00:20,  3.77it/s, loss=1.190]
  epoch 3/3:  14%|█▎        | 12/88 [00:03<00:20,  3.78it/s, loss=1.190]
  epoch 3/3:  14%|█▎        | 12/88 [00:03<00:20,  3.78it/s, loss=1.191]
  epoch 3/3:  15%|█▍        | 13/88 [00:03<00:19,  3.79it/s, loss=1.191]
  epoch 3/3:  15%|█▍        | 13/88 [00:03<00:19,  3.79it/s, loss=1.190]
  epoch 3/3:  16%|█▌        | 14/88 [00:03<00:19,  3.79it/s, loss=1.190]
  epoch 3/3:  16%|█▌        | 14/88 [00:04<00:19,  3.79it/s, loss=1.196]
  epoch 3/3:  17%|█▋        | 15/88 [00:04<00:19,  3.79it/s, loss=1.196]
  epoch 3/3:  17%|█▋        | 15/88 [00:04<00:19,  3.79it/s, loss=1.192]
  epoch 3/3:  18%|█▊        | 16/88 [00:04<00:19,  3.74it/s, loss=1.192]
  epoch 3/3:  18%|█▊        | 16/88 [00:04<00:19,  3.74it/s, loss=1.195]
  epoch 3/3:  19%|█▉        | 17/88 [00:04<00:18,  3.75it/s, loss=1.195]
  epoch 3/3:  19%|█▉        | 17/88 [00:04<00:18,  3.75it/s, loss=1.191]
  epoch 3/3:  20%|██        | 18/88 [00:04<00:18,  3.74it/s, loss=1.191]
  epoch 3/3:  20%|██        | 18/88 [00:05<00:18,  3.74it/s, loss=1.186]
  epoch 3/3:  22%|██▏       | 19/88 [00:05<00:18,  3.76it/s, loss=1.186]
  epoch 3/3:  22%|██▏       | 19/88 [00:05<00:18,  3.76it/s, loss=1.184]
  epoch 3/3:  23%|██▎       | 20/88 [00:05<00:18,  3.76it/s, loss=1.184]
  epoch 3/3:  23%|██▎       | 20/88 [00:05<00:18,  3.76it/s, loss=1.186]
  epoch 3/3:  24%|██▍       | 21/88 [00:05<00:17,  3.76it/s, loss=1.186]
  epoch 3/3:  24%|██▍       | 21/88 [00:06<00:17,  3.76it/s, loss=1.185]
  epoch 3/3:  25%|██▌       | 22/88 [00:06<00:17,  3.75it/s, loss=1.185]
  epoch 3/3:  25%|██▌       | 22/88 [00:06<00:17,  3.75it/s, loss=1.181]
  epoch 3/3:  26%|██▌       | 23/88 [00:06<00:17,  3.73it/s, loss=1.181]
  epoch 3/3:  26%|██▌       | 23/88 [00:06<00:17,  3.73it/s, loss=1.179]
  epoch 3/3:  27%|██▋       | 24/88 [00:06<00:17,  3.75it/s, loss=1.179]
  epoch 3/3:  27%|██▋       | 24/88 [00:06<00:17,  3.75it/s, loss=1.175]
  epoch 3/3:  28%|██▊       | 25/88 [00:06<00:16,  3.76it/s, loss=1.175]
  epoch 3/3:  28%|██▊       | 25/88 [00:07<00:16,  3.76it/s, loss=1.175]
  epoch 3/3:  30%|██▉       | 26/88 [00:07<00:16,  3.76it/s, loss=1.175]
  epoch 3/3:  30%|██▉       | 26/88 [00:07<00:16,  3.76it/s, loss=1.171]
  epoch 3/3:  31%|███       | 27/88 [00:07<00:16,  3.77it/s, loss=1.171]
  epoch 3/3:  31%|███       | 27/88 [00:07<00:16,  3.77it/s, loss=1.170]
  epoch 3/3:  32%|███▏      | 28/88 [00:07<00:15,  3.76it/s, loss=1.170]
  epoch 3/3:  32%|███▏      | 28/88 [00:07<00:15,  3.76it/s, loss=1.165]
  epoch 3/3:  33%|███▎      | 29/88 [00:07<00:15,  3.76it/s, loss=1.165]
  epoch 3/3:  33%|███▎      | 29/88 [00:08<00:15,  3.76it/s, loss=1.164]
  epoch 3/3:  34%|███▍      | 30/88 [00:08<00:15,  3.74it/s, loss=1.164]
  epoch 3/3:  34%|███▍      | 30/88 [00:08<00:15,  3.74it/s, loss=1.162]
  epoch 3/3:  35%|███▌      | 31/88 [00:08<00:15,  3.74it/s, loss=1.162]
  epoch 3/3:  35%|███▌      | 31/88 [00:08<00:15,  3.74it/s, loss=1.161]
  epoch 3/3:  36%|███▋      | 32/88 [00:08<00:15,  3.70it/s, loss=1.161]
  epoch 3/3:  36%|███▋      | 32/88 [00:08<00:15,  3.70it/s, loss=1.161]
  epoch 3/3:  38%|███▊      | 33/88 [00:08<00:14,  3.71it/s, loss=1.161]
  epoch 3/3:  38%|███▊      | 33/88 [00:09<00:14,  3.71it/s, loss=1.162]
  epoch 3/3:  39%|███▊      | 34/88 [00:09<00:14,  3.73it/s, loss=1.162]
  epoch 3/3:  39%|███▊      | 34/88 [00:09<00:14,  3.73it/s, loss=1.160]
  epoch 3/3:  40%|███▉      | 35/88 [00:09<00:14,  3.74it/s, loss=1.160]
  epoch 3/3:  40%|███▉      | 35/88 [00:09<00:14,  3.74it/s, loss=1.158]
  epoch 3/3:  41%|████      | 36/88 [00:09<00:13,  3.75it/s, loss=1.158]
  epoch 3/3:  41%|████      | 36/88 [00:10<00:13,  3.75it/s, loss=1.155]
  epoch 3/3:  42%|████▏     | 37/88 [00:10<00:13,  3.76it/s, loss=1.155]
  epoch 3/3:  42%|████▏     | 37/88 [00:10<00:13,  3.76it/s, loss=1.155]
  epoch 3/3:  43%|████▎     | 38/88 [00:10<00:13,  3.76it/s, loss=1.155]
  epoch 3/3:  43%|████▎     | 38/88 [00:10<00:13,  3.76it/s, loss=1.156]
  epoch 3/3:  44%|████▍     | 39/88 [00:10<00:13,  3.74it/s, loss=1.156]
  epoch 3/3:  44%|████▍     | 39/88 [00:10<00:13,  3.74it/s, loss=1.156]
  epoch 3/3:  45%|████▌     | 40/88 [00:10<00:12,  3.74it/s, loss=1.156]
  epoch 3/3:  45%|████▌     | 40/88 [00:11<00:12,  3.74it/s, loss=1.154]
  epoch 3/3:  47%|████▋     | 41/88 [00:11<00:12,  3.76it/s, loss=1.154]
  epoch 3/3:  47%|████▋     | 41/88 [00:11<00:12,  3.76it/s, loss=1.153]
  epoch 3/3:  48%|████▊     | 42/88 [00:11<00:12,  3.77it/s, loss=1.153]
  epoch 3/3:  48%|████▊     | 42/88 [00:11<00:12,  3.77it/s, loss=1.152]
  epoch 3/3:  49%|████▉     | 43/88 [00:11<00:11,  3.77it/s, loss=1.152]
  epoch 3/3:  49%|████▉     | 43/88 [00:11<00:11,  3.77it/s, loss=1.149]
  epoch 3/3:  50%|█████     | 44/88 [00:11<00:11,  3.77it/s, loss=1.149]
  epoch 3/3:  50%|█████     | 44/88 [00:12<00:11,  3.77it/s, loss=1.146]
  epoch 3/3:  51%|█████     | 45/88 [00:12<00:11,  3.77it/s, loss=1.146]
  epoch 3/3:  51%|█████     | 45/88 [00:12<00:11,  3.77it/s, loss=1.147]
  epoch 3/3:  52%|█████▏    | 46/88 [00:12<00:11,  3.77it/s, loss=1.147]
  epoch 3/3:  52%|█████▏    | 46/88 [00:12<00:11,  3.77it/s, loss=1.146]
  epoch 3/3:  53%|█████▎    | 47/88 [00:12<00:10,  3.78it/s, loss=1.146]
  epoch 3/3:  53%|█████▎    | 47/88 [00:12<00:10,  3.78it/s, loss=1.146]
  epoch 3/3:  55%|█████▍    | 48/88 [00:12<00:10,  3.72it/s, loss=1.146]
  epoch 3/3:  55%|█████▍    | 48/88 [00:13<00:10,  3.72it/s, loss=1.145]
  epoch 3/3:  56%|█████▌    | 49/88 [00:13<00:10,  3.75it/s, loss=1.145]
  epoch 3/3:  56%|█████▌    | 49/88 [00:13<00:10,  3.75it/s, loss=1.144]
  epoch 3/3:  57%|█████▋    | 50/88 [00:13<00:10,  3.76it/s, loss=1.144]
  epoch 3/3:  57%|█████▋    | 50/88 [00:13<00:10,  3.76it/s, loss=1.141]
  epoch 3/3:  58%|█████▊    | 51/88 [00:13<00:09,  3.78it/s, loss=1.141]
  epoch 3/3:  58%|█████▊    | 51/88 [00:14<00:09,  3.78it/s, loss=1.141]
  epoch 3/3:  59%|█████▉    | 52/88 [00:14<00:09,  3.78it/s, loss=1.141]
  epoch 3/3:  59%|█████▉    | 52/88 [00:14<00:09,  3.78it/s, loss=1.141]
  epoch 3/3:  60%|██████    | 53/88 [00:14<00:09,  3.79it/s, loss=1.141]
  epoch 3/3:  60%|██████    | 53/88 [00:14<00:09,  3.79it/s, loss=1.138]
  epoch 3/3:  61%|██████▏   | 54/88 [00:14<00:08,  3.79it/s, loss=1.138]
  epoch 3/3:  61%|██████▏   | 54/88 [00:14<00:08,  3.79it/s, loss=1.137]
  epoch 3/3:  62%|██████▎   | 55/88 [00:14<00:08,  3.79it/s, loss=1.137]
  epoch 3/3:  62%|██████▎   | 55/88 [00:15<00:08,  3.79it/s, loss=1.136]
  epoch 3/3:  64%|██████▎   | 56/88 [00:15<00:08,  3.79it/s, loss=1.136]
  epoch 3/3:  64%|██████▎   | 56/88 [00:15<00:08,  3.79it/s, loss=1.133]
  epoch 3/3:  65%|██████▍   | 57/88 [00:15<00:08,  3.79it/s, loss=1.133]
  epoch 3/3:  65%|██████▍   | 57/88 [00:15<00:08,  3.79it/s, loss=1.130]
  epoch 3/3:  66%|██████▌   | 58/88 [00:15<00:07,  3.76it/s, loss=1.130]
  epoch 3/3:  66%|██████▌   | 58/88 [00:15<00:07,  3.76it/s, loss=1.129]
  epoch 3/3:  67%|██████▋   | 59/88 [00:15<00:07,  3.76it/s, loss=1.129]
  epoch 3/3:  67%|██████▋   | 59/88 [00:16<00:07,  3.76it/s, loss=1.128]
  epoch 3/3:  68%|██████▊   | 60/88 [00:16<00:07,  3.75it/s, loss=1.128]
  epoch 3/3:  68%|██████▊   | 60/88 [00:16<00:07,  3.75it/s, loss=1.127]
  epoch 3/3:  69%|██████▉   | 61/88 [00:16<00:07,  3.75it/s, loss=1.127]
  epoch 3/3:  69%|██████▉   | 61/88 [00:16<00:07,  3.75it/s, loss=1.124]
  epoch 3/3:  70%|███████   | 62/88 [00:16<00:06,  3.76it/s, loss=1.124]
  epoch 3/3:  70%|███████   | 62/88 [00:16<00:06,  3.76it/s, loss=1.124]
  epoch 3/3:  72%|███████▏  | 63/88 [00:16<00:06,  3.78it/s, loss=1.124]
  epoch 3/3:  72%|███████▏  | 63/88 [00:17<00:06,  3.78it/s, loss=1.123]
  epoch 3/3:  73%|███████▎  | 64/88 [00:17<00:06,  3.73it/s, loss=1.123]
  epoch 3/3:  73%|███████▎  | 64/88 [00:17<00:06,  3.73it/s, loss=1.121]
  epoch 3/3:  74%|███████▍  | 65/88 [00:17<00:06,  3.73it/s, loss=1.121]
  epoch 3/3:  74%|███████▍  | 65/88 [00:17<00:06,  3.73it/s, loss=1.119]
  epoch 3/3:  75%|███████▌  | 66/88 [00:17<00:05,  3.74it/s, loss=1.119]
  epoch 3/3:  75%|███████▌  | 66/88 [00:18<00:05,  3.74it/s, loss=1.120]
  epoch 3/3:  76%|███████▌  | 67/88 [00:18<00:05,  3.75it/s, loss=1.120]
  epoch 3/3:  76%|███████▌  | 67/88 [00:18<00:05,  3.75it/s, loss=1.117]
  epoch 3/3:  77%|███████▋  | 68/88 [00:18<00:05,  3.76it/s, loss=1.117]
  epoch 3/3:  77%|███████▋  | 68/88 [00:18<00:05,  3.76it/s, loss=1.116]
  epoch 3/3:  78%|███████▊  | 69/88 [00:18<00:05,  3.77it/s, loss=1.116]
  epoch 3/3:  78%|███████▊  | 69/88 [00:18<00:05,  3.77it/s, loss=1.113]
  epoch 3/3:  80%|███████▉  | 70/88 [00:18<00:04,  3.77it/s, loss=1.113]
  epoch 3/3:  80%|███████▉  | 70/88 [00:19<00:04,  3.77it/s, loss=1.113]
  epoch 3/3:  81%|████████  | 71/88 [00:19<00:04,  3.76it/s, loss=1.113]
  epoch 3/3:  81%|████████  | 71/88 [00:19<00:04,  3.76it/s, loss=1.111]
  epoch 3/3:  82%|████████▏ | 72/88 [00:19<00:04,  3.76it/s, loss=1.111]
  epoch 3/3:  82%|████████▏ | 72/88 [00:19<00:04,  3.76it/s, loss=1.110]
  epoch 3/3:  83%|████████▎ | 73/88 [00:19<00:04,  3.74it/s, loss=1.110]
  epoch 3/3:  83%|████████▎ | 73/88 [00:19<00:04,  3.74it/s, loss=1.109]
  epoch 3/3:  84%|████████▍ | 74/88 [00:19<00:03,  3.76it/s, loss=1.109]
  epoch 3/3:  84%|████████▍ | 74/88 [00:20<00:03,  3.76it/s, loss=1.108]
  epoch 3/3:  85%|████████▌ | 75/88 [00:20<00:03,  3.77it/s, loss=1.108]
  epoch 3/3:  85%|████████▌ | 75/88 [00:20<00:03,  3.77it/s, loss=1.107]
  epoch 3/3:  86%|████████▋ | 76/88 [00:20<00:03,  3.78it/s, loss=1.107]
  epoch 3/3:  86%|████████▋ | 76/88 [00:20<00:03,  3.78it/s, loss=1.106]
  epoch 3/3:  88%|████████▊ | 77/88 [00:20<00:02,  3.77it/s, loss=1.106]
  epoch 3/3:  88%|████████▊ | 77/88 [00:20<00:02,  3.77it/s, loss=1.104]
  epoch 3/3:  89%|████████▊ | 78/88 [00:20<00:02,  3.77it/s, loss=1.104]
  epoch 3/3:  89%|████████▊ | 78/88 [00:21<00:02,  3.77it/s, loss=1.102]
  epoch 3/3:  90%|████████▉ | 79/88 [00:21<00:02,  3.77it/s, loss=1.102]
  epoch 3/3:  90%|████████▉ | 79/88 [00:21<00:02,  3.77it/s, loss=1.102]
  epoch 3/3:  91%|█████████ | 80/88 [00:21<00:02,  3.71it/s, loss=1.102]
  epoch 3/3:  91%|█████████ | 80/88 [00:21<00:02,  3.71it/s, loss=1.100]
  epoch 3/3:  92%|█████████▏| 81/88 [00:21<00:01,  3.74it/s, loss=1.100]
  epoch 3/3:  92%|█████████▏| 81/88 [00:22<00:01,  3.74it/s, loss=1.100]
  epoch 3/3:  93%|█████████▎| 82/88 [00:22<00:01,  3.74it/s, loss=1.100]
  epoch 3/3:  93%|█████████▎| 82/88 [00:22<00:01,  3.74it/s, loss=1.099]
  epoch 3/3:  94%|█████████▍| 83/88 [00:22<00:01,  3.75it/s, loss=1.099]
  epoch 3/3:  94%|█████████▍| 83/88 [00:22<00:01,  3.75it/s, loss=1.098]
  epoch 3/3:  95%|█████████▌| 84/88 [00:22<00:01,  3.75it/s, loss=1.098]
  epoch 3/3:  95%|█████████▌| 84/88 [00:22<00:01,  3.75it/s, loss=1.097]
  epoch 3/3:  97%|█████████▋| 85/88 [00:22<00:00,  3.74it/s, loss=1.097]
  epoch 3/3:  97%|█████████▋| 85/88 [00:23<00:00,  3.74it/s, loss=1.095]
  epoch 3/3:  98%|█████████▊| 86/88 [00:23<00:00,  3.73it/s, loss=1.095]
  epoch 3/3:  98%|█████████▊| 86/88 [00:23<00:00,  3.73it/s, loss=1.093]
  epoch 3/3:  99%|█████████▉| 87/88 [00:23<00:00,  3.75it/s, loss=1.093]
  epoch 3/3:  99%|█████████▉| 87/88 [00:23<00:00,  3.75it/s, loss=1.093]
  epoch 3/3: 100%|██████████| 88/88 [00:23<00:00,  4.11it/s, loss=1.093]
                                                                        
[titans] reset=never | norm(state) sau task = 75.7064
[titans]   self-mod v:β=0.95 |W|=0.46
[titans]   eta_t(avg)=-1.3535  alpha_t/forget-gate(avg)=0.8988
[task 4] test acc so far: 0.834  0.509  0.383  0.543  0.277
[task 4] NCM-head acc so far: 0.837  0.760  0.749  0.797  0.783
[task 5] classes=[1, 8, 14, 29, 38] | train=2800

  epoch 1/3:   0%|          | 0/88 [00:00<?, ?it/s]
  epoch 1/3:   0%|          | 0/88 [00:00<?, ?it/s, loss=1.875]
  epoch 1/3:   1%|          | 1/88 [00:00<00:41,  2.10it/s, loss=1.875]
  epoch 1/3:   1%|          | 1/88 [00:00<00:41,  2.10it/s, loss=1.915]
  epoch 1/3:   2%|▏         | 2/88 [00:00<00:30,  2.85it/s, loss=1.915]
  epoch 1/3:   2%|▏         | 2/88 [00:01<00:30,  2.85it/s, loss=1.903]
  epoch 1/3:   3%|▎         | 3/88 [00:01<00:26,  3.20it/s, loss=1.903]
  epoch 1/3:   3%|▎         | 3/88 [00:01<00:26,  3.20it/s, loss=1.884]
  epoch 1/3:   5%|▍         | 4/88 [00:01<00:24,  3.39it/s, loss=1.884]
  epoch 1/3:   5%|▍         | 4/88 [00:01<00:24,  3.39it/s, loss=1.886]
  epoch 1/3:   6%|▌         | 5/88 [00:01<00:23,  3.52it/s, loss=1.886]
  epoch 1/3:   6%|▌         | 5/88 [00:01<00:23,  3.52it/s, loss=1.867]
  epoch 1/3:   7%|▋         | 6/88 [00:01<00:22,  3.60it/s, loss=1.867]
  epoch 1/3:   7%|▋         | 6/88 [00:02<00:22,  3.60it/s, loss=1.862]
  epoch 1/3:   8%|▊         | 7/88 [00:02<00:22,  3.66it/s, loss=1.862]
  epoch 1/3:   8%|▊         | 7/88 [00:02<00:22,  3.66it/s, loss=1.840]
  epoch 1/3:   9%|▉         | 8/88 [00:02<00:21,  3.65it/s, loss=1.840]
  epoch 1/3:   9%|▉         | 8/88 [00:02<00:21,  3.65it/s, loss=1.837]
  epoch 1/3:  10%|█         | 9/88 [00:02<00:21,  3.70it/s, loss=1.837]
  epoch 1/3:  10%|█         | 9/88 [00:02<00:21,  3.70it/s, loss=1.848]
  epoch 1/3:  11%|█▏        | 10/88 [00:02<00:20,  3.74it/s, loss=1.848]
  epoch 1/3:  11%|█▏        | 10/88 [00:03<00:20,  3.74it/s, loss=1.856]
  epoch 1/3:  12%|█▎        | 11/88 [00:03<00:20,  3.75it/s, loss=1.856]
  epoch 1/3:  12%|█▎        | 11/88 [00:03<00:20,  3.75it/s, loss=1.863]
  epoch 1/3:  14%|█▎        | 12/88 [00:03<00:20,  3.76it/s, loss=1.863]
  epoch 1/3:  14%|█▎        | 12/88 [00:03<00:20,  3.76it/s, loss=1.862]
  epoch 1/3:  15%|█▍        | 13/88 [00:03<00:19,  3.77it/s, loss=1.862]
  epoch 1/3:  15%|█▍        | 13/88 [00:03<00:19,  3.77it/s, loss=1.865]
  epoch 1/3:  16%|█▌        | 14/88 [00:03<00:19,  3.78it/s, loss=1.865]
  epoch 1/3:  16%|█▌        | 14/88 [00:04<00:19,  3.78it/s, loss=1.865]
  epoch 1/3:  17%|█▋        | 15/88 [00:04<00:19,  3.79it/s, loss=1.865]
  epoch 1/3:  17%|█▋        | 15/88 [00:04<00:19,  3.79it/s, loss=1.859]
  epoch 1/3:  18%|█▊        | 16/88 [00:04<00:18,  3.80it/s, loss=1.859]
  epoch 1/3:  18%|█▊        | 16/88 [00:04<00:18,  3.80it/s, loss=1.867]
  epoch 1/3:  19%|█▉        | 17/88 [00:04<00:18,  3.80it/s, loss=1.867]
  epoch 1/3:  19%|█▉        | 17/88 [00:04<00:18,  3.80it/s, loss=1.867]
  epoch 1/3:  20%|██        | 18/88 [00:04<00:18,  3.80it/s, loss=1.867]
  epoch 1/3:  20%|██        | 18/88 [00:05<00:18,  3.80it/s, loss=1.865]
  epoch 1/3:  22%|██▏       | 19/88 [00:05<00:18,  3.81it/s, loss=1.865]
  epoch 1/3:  22%|██▏       | 19/88 [00:05<00:18,  3.81it/s, loss=1.868]
  epoch 1/3:  23%|██▎       | 20/88 [00:05<00:17,  3.81it/s, loss=1.868]
  epoch 1/3:  23%|██▎       | 20/88 [00:05<00:17,  3.81it/s, loss=1.861]
  epoch 1/3:  24%|██▍       | 21/88 [00:05<00:17,  3.81it/s, loss=1.861]
  epoch 1/3:  24%|██▍       | 21/88 [00:06<00:17,  3.81it/s, loss=1.859]
  epoch 1/3:  25%|██▌       | 22/88 [00:06<00:17,  3.80it/s, loss=1.859]
  epoch 1/3:  25%|██▌       | 22/88 [00:06<00:17,  3.80it/s, loss=1.854]
  epoch 1/3:  26%|██▌       | 23/88 [00:06<00:17,  3.80it/s, loss=1.854]
  epoch 1/3:  26%|██▌       | 23/88 [00:06<00:17,  3.80it/s, loss=1.856]
  epoch 1/3:  27%|██▋       | 24/88 [00:06<00:17,  3.75it/s, loss=1.856]
  epoch 1/3:  27%|██▋       | 24/88 [00:06<00:17,  3.75it/s, loss=1.851]
  epoch 1/3:  28%|██▊       | 25/88 [00:06<00:16,  3.78it/s, loss=1.851]
  epoch 1/3:  28%|██▊       | 25/88 [00:07<00:16,  3.78it/s, loss=1.845]
  epoch 1/3:  30%|██▉       | 26/88 [00:07<00:16,  3.80it/s, loss=1.845]
  epoch 1/3:  30%|██▉       | 26/88 [00:07<00:16,  3.80it/s, loss=1.840]
  epoch 1/3:  31%|███       | 27/88 [00:07<00:16,  3.81it/s, loss=1.840]
  epoch 1/3:  31%|███       | 27/88 [00:07<00:16,  3.81it/s, loss=1.835]
  epoch 1/3:  32%|███▏      | 28/88 [00:07<00:15,  3.80it/s, loss=1.835]
  epoch 1/3:  32%|███▏      | 28/88 [00:07<00:15,  3.80it/s, loss=1.830]
  epoch 1/3:  33%|███▎      | 29/88 [00:07<00:15,  3.80it/s, loss=1.830]
  epoch 1/3:  33%|███▎      | 29/88 [00:08<00:15,  3.80it/s, loss=1.828]
  epoch 1/3:  34%|███▍      | 30/88 [00:08<00:15,  3.80it/s, loss=1.828]
  epoch 1/3:  34%|███▍      | 30/88 [00:08<00:15,  3.80it/s, loss=1.825]
  epoch 1/3:  35%|███▌      | 31/88 [00:08<00:15,  3.80it/s, loss=1.825]
  epoch 1/3:  35%|███▌      | 31/88 [00:08<00:15,  3.80it/s, loss=1.822]
  epoch 1/3:  36%|███▋      | 32/88 [00:08<00:14,  3.79it/s, loss=1.822]
  epoch 1/3:  36%|███▋      | 32/88 [00:08<00:14,  3.79it/s, loss=1.823]
  epoch 1/3:  38%|███▊      | 33/88 [00:08<00:14,  3.79it/s, loss=1.823]
  epoch 1/3:  38%|███▊      | 33/88 [00:09<00:14,  3.79it/s, loss=1.821]
  epoch 1/3:  39%|███▊      | 34/88 [00:09<00:14,  3.79it/s, loss=1.821]
  epoch 1/3:  39%|███▊      | 34/88 [00:09<00:14,  3.79it/s, loss=1.822]
  epoch 1/3:  40%|███▉      | 35/88 [00:09<00:13,  3.80it/s, loss=1.822]
  epoch 1/3:  40%|███▉      | 35/88 [00:09<00:13,  3.80it/s, loss=1.821]
  epoch 1/3:  41%|████      | 36/88 [00:09<00:13,  3.80it/s, loss=1.821]
  epoch 1/3:  41%|████      | 36/88 [00:09<00:13,  3.80it/s, loss=1.820]
  epoch 1/3:  42%|████▏     | 37/88 [00:09<00:13,  3.79it/s, loss=1.820]
  epoch 1/3:  42%|████▏     | 37/88 [00:10<00:13,  3.79it/s, loss=1.818]
  epoch 1/3:  43%|████▎     | 38/88 [00:10<00:13,  3.79it/s, loss=1.818]
  epoch 1/3:  43%|████▎     | 38/88 [00:10<00:13,  3.79it/s, loss=1.814]
  epoch 1/3:  44%|████▍     | 39/88 [00:10<00:12,  3.79it/s, loss=1.814]
  epoch 1/3:  44%|████▍     | 39/88 [00:10<00:12,  3.79it/s, loss=1.812]
  epoch 1/3:  45%|████▌     | 40/88 [00:10<00:12,  3.75it/s, loss=1.812]
  epoch 1/3:  45%|████▌     | 40/88 [00:11<00:12,  3.75it/s, loss=1.809]
  epoch 1/3:  47%|████▋     | 41/88 [00:11<00:12,  3.76it/s, loss=1.809]
  epoch 1/3:  47%|████▋     | 41/88 [00:11<00:12,  3.76it/s, loss=1.805]
  epoch 1/3:  48%|████▊     | 42/88 [00:11<00:12,  3.77it/s, loss=1.805]
  epoch 1/3:  48%|████▊     | 42/88 [00:11<00:12,  3.77it/s, loss=1.803]
  epoch 1/3:  49%|████▉     | 43/88 [00:11<00:11,  3.80it/s, loss=1.803]
  epoch 1/3:  49%|████▉     | 43/88 [00:11<00:11,  3.80it/s, loss=1.799]
  epoch 1/3:  50%|█████     | 44/88 [00:11<00:11,  3.80it/s, loss=1.799]
  epoch 1/3:  50%|█████     | 44/88 [00:12<00:11,  3.80it/s, loss=1.800]
  epoch 1/3:  51%|█████     | 45/88 [00:12<00:11,  3.80it/s, loss=1.800]
  epoch 1/3:  51%|█████     | 45/88 [00:12<00:11,  3.80it/s, loss=1.798]
  epoch 1/3:  52%|█████▏    | 46/88 [00:12<00:11,  3.80it/s, loss=1.798]
  epoch 1/3:  52%|█████▏    | 46/88 [00:12<00:11,  3.80it/s, loss=1.797]
  epoch 1/3:  53%|█████▎    | 47/88 [00:12<00:10,  3.80it/s, loss=1.797]
  epoch 1/3:  53%|█████▎    | 47/88 [00:12<00:10,  3.80it/s, loss=1.796]
  epoch 1/3:  55%|█████▍    | 48/88 [00:12<00:10,  3.81it/s, loss=1.796]
  epoch 1/3:  55%|█████▍    | 48/88 [00:13<00:10,  3.81it/s, loss=1.795]
  epoch 1/3:  56%|█████▌    | 49/88 [00:13<00:10,  3.80it/s, loss=1.795]
  epoch 1/3:  56%|█████▌    | 49/88 [00:13<00:10,  3.80it/s, loss=1.797]
  epoch 1/3:  57%|█████▋    | 50/88 [00:13<00:09,  3.81it/s, loss=1.797]
  epoch 1/3:  57%|█████▋    | 50/88 [00:13<00:09,  3.81it/s, loss=1.797]
  epoch 1/3:  58%|█████▊    | 51/88 [00:13<00:09,  3.81it/s, loss=1.797]
  epoch 1/3:  58%|█████▊    | 51/88 [00:13<00:09,  3.81it/s, loss=1.796]
  epoch 1/3:  59%|█████▉    | 52/88 [00:13<00:09,  3.80it/s, loss=1.796]
  epoch 1/3:  59%|█████▉    | 52/88 [00:14<00:09,  3.80it/s, loss=1.794]
  epoch 1/3:  60%|██████    | 53/88 [00:14<00:09,  3.81it/s, loss=1.794]
  epoch 1/3:  60%|██████    | 53/88 [00:14<00:09,  3.81it/s, loss=1.792]
  epoch 1/3:  61%|██████▏   | 54/88 [00:14<00:08,  3.81it/s, loss=1.792]
  epoch 1/3:  61%|██████▏   | 54/88 [00:14<00:08,  3.81it/s, loss=1.790]
  epoch 1/3:  62%|██████▎   | 55/88 [00:14<00:08,  3.81it/s, loss=1.790]
  epoch 1/3:  62%|██████▎   | 55/88 [00:14<00:08,  3.81it/s, loss=1.789]
  epoch 1/3:  64%|██████▎   | 56/88 [00:14<00:08,  3.74it/s, loss=1.789]
  epoch 1/3:  64%|██████▎   | 56/88 [00:15<00:08,  3.74it/s, loss=1.786]
  epoch 1/3:  65%|██████▍   | 57/88 [00:15<00:08,  3.77it/s, loss=1.786]
  epoch 1/3:  65%|██████▍   | 57/88 [00:15<00:08,  3.77it/s, loss=1.784]
  epoch 1/3:  66%|██████▌   | 58/88 [00:15<00:07,  3.77it/s, loss=1.784]
  epoch 1/3:  66%|██████▌   | 58/88 [00:15<00:07,  3.77it/s, loss=1.783]
  epoch 1/3:  67%|██████▋   | 59/88 [00:15<00:07,  3.77it/s, loss=1.783]
  epoch 1/3:  67%|██████▋   | 59/88 [00:16<00:07,  3.77it/s, loss=1.780]
  epoch 1/3:  68%|██████▊   | 60/88 [00:16<00:07,  3.76it/s, loss=1.780]
  epoch 1/3:  68%|██████▊   | 60/88 [00:16<00:07,  3.76it/s, loss=1.776]
  epoch 1/3:  69%|██████▉   | 61/88 [00:16<00:07,  3.76it/s, loss=1.776]
  epoch 1/3:  69%|██████▉   | 61/88 [00:16<00:07,  3.76it/s, loss=1.776]
  epoch 1/3:  70%|███████   | 62/88 [00:16<00:06,  3.77it/s, loss=1.776]
  epoch 1/3:  70%|███████   | 62/88 [00:16<00:06,  3.77it/s, loss=1.777]
  epoch 1/3:  72%|███████▏  | 63/88 [00:16<00:06,  3.78it/s, loss=1.777]
  epoch 1/3:  72%|███████▏  | 63/88 [00:17<00:06,  3.78it/s, loss=1.775]
  epoch 1/3:  73%|███████▎  | 64/88 [00:17<00:06,  3.78it/s, loss=1.775]
  epoch 1/3:  73%|███████▎  | 64/88 [00:17<00:06,  3.78it/s, loss=1.775]
  epoch 1/3:  74%|███████▍  | 65/88 [00:17<00:06,  3.79it/s, loss=1.775]
  epoch 1/3:  74%|███████▍  | 65/88 [00:17<00:06,  3.79it/s, loss=1.776]
  epoch 1/3:  75%|███████▌  | 66/88 [00:17<00:05,  3.79it/s, loss=1.776]
  epoch 1/3:  75%|███████▌  | 66/88 [00:17<00:05,  3.79it/s, loss=1.775]
  epoch 1/3:  76%|███████▌  | 67/88 [00:17<00:05,  3.79it/s, loss=1.775]
  epoch 1/3:  76%|███████▌  | 67/88 [00:18<00:05,  3.79it/s, loss=1.774]
  epoch 1/3:  77%|███████▋  | 68/88 [00:18<00:05,  3.79it/s, loss=1.774]
  epoch 1/3:  77%|███████▋  | 68/88 [00:18<00:05,  3.79it/s, loss=1.770]
  epoch 1/3:  78%|███████▊  | 69/88 [00:18<00:05,  3.80it/s, loss=1.770]
  epoch 1/3:  78%|███████▊  | 69/88 [00:18<00:05,  3.80it/s, loss=1.769]
  epoch 1/3:  80%|███████▉  | 70/88 [00:18<00:04,  3.80it/s, loss=1.769]
  epoch 1/3:  80%|███████▉  | 70/88 [00:18<00:04,  3.80it/s, loss=1.768]
  epoch 1/3:  81%|████████  | 71/88 [00:18<00:04,  3.80it/s, loss=1.768]
  epoch 1/3:  81%|████████  | 71/88 [00:19<00:04,  3.80it/s, loss=1.768]
  epoch 1/3:  82%|████████▏ | 72/88 [00:19<00:04,  3.75it/s, loss=1.768]
  epoch 1/3:  82%|████████▏ | 72/88 [00:19<00:04,  3.75it/s, loss=1.766]
  epoch 1/3:  83%|████████▎ | 73/88 [00:19<00:03,  3.77it/s, loss=1.766]
  epoch 1/3:  83%|████████▎ | 73/88 [00:19<00:03,  3.77it/s, loss=1.763]
  epoch 1/3:  84%|████████▍ | 74/88 [00:19<00:03,  3.76it/s, loss=1.763]
  epoch 1/3:  84%|████████▍ | 74/88 [00:20<00:03,  3.76it/s, loss=1.762]
  epoch 1/3:  85%|████████▌ | 75/88 [00:20<00:03,  3.75it/s, loss=1.762]
  epoch 1/3:  85%|████████▌ | 75/88 [00:20<00:03,  3.75it/s, loss=1.760]
  epoch 1/3:  86%|████████▋ | 76/88 [00:20<00:03,  3.76it/s, loss=1.760]
  epoch 1/3:  86%|████████▋ | 76/88 [00:20<00:03,  3.76it/s, loss=1.759]
  epoch 1/3:  88%|████████▊ | 77/88 [00:20<00:02,  3.77it/s, loss=1.759]
  epoch 1/3:  88%|████████▊ | 77/88 [00:20<00:02,  3.77it/s, loss=1.759]
  epoch 1/3:  89%|████████▊ | 78/88 [00:20<00:02,  3.78it/s, loss=1.759]
  epoch 1/3:  89%|████████▊ | 78/88 [00:21<00:02,  3.78it/s, loss=1.757]
  epoch 1/3:  90%|████████▉ | 79/88 [00:21<00:02,  3.78it/s, loss=1.757]
  epoch 1/3:  90%|████████▉ | 79/88 [00:21<00:02,  3.78it/s, loss=1.756]
  epoch 1/3:  91%|█████████ | 80/88 [00:21<00:02,  3.79it/s, loss=1.756]
  epoch 1/3:  91%|█████████ | 80/88 [00:21<00:02,  3.79it/s, loss=1.755]
  epoch 1/3:  92%|█████████▏| 81/88 [00:21<00:01,  3.79it/s, loss=1.755]
  epoch 1/3:  92%|█████████▏| 81/88 [00:21<00:01,  3.79it/s, loss=1.753]
  epoch 1/3:  93%|█████████▎| 82/88 [00:21<00:01,  3.80it/s, loss=1.753]
  epoch 1/3:  93%|█████████▎| 82/88 [00:22<00:01,  3.80it/s, loss=1.752]
  epoch 1/3:  94%|█████████▍| 83/88 [00:22<00:01,  3.79it/s, loss=1.752]
  epoch 1/3:  94%|█████████▍| 83/88 [00:22<00:01,  3.79it/s, loss=1.751]
  epoch 1/3:  95%|█████████▌| 84/88 [00:22<00:01,  3.80it/s, loss=1.751]
  epoch 1/3:  95%|█████████▌| 84/88 [00:22<00:01,  3.80it/s, loss=1.749]
  epoch 1/3:  97%|█████████▋| 85/88 [00:22<00:00,  3.80it/s, loss=1.749]
  epoch 1/3:  97%|█████████▋| 85/88 [00:22<00:00,  3.80it/s, loss=1.748]
  epoch 1/3:  98%|█████████▊| 86/88 [00:22<00:00,  3.79it/s, loss=1.748]
  epoch 1/3:  98%|█████████▊| 86/88 [00:23<00:00,  3.79it/s, loss=1.746]
  epoch 1/3:  99%|█████████▉| 87/88 [00:23<00:00,  3.78it/s, loss=1.746]
  epoch 1/3:  99%|█████████▉| 87/88 [00:23<00:00,  3.78it/s, loss=1.744]
  epoch 1/3: 100%|██████████| 88/88 [00:23<00:00,  4.09it/s, loss=1.744]
                                                                        

  epoch 2/3:   0%|          | 0/88 [00:00<?, ?it/s]
  epoch 2/3:   0%|          | 0/88 [00:00<?, ?it/s, loss=1.583]
  epoch 2/3:   1%|          | 1/88 [00:00<00:41,  2.09it/s, loss=1.583]
  epoch 2/3:   1%|          | 1/88 [00:00<00:41,  2.09it/s, loss=1.579]
  epoch 2/3:   2%|▏         | 2/88 [00:00<00:30,  2.83it/s, loss=1.579]
  epoch 2/3:   2%|▏         | 2/88 [00:01<00:30,  2.83it/s, loss=1.581]
  epoch 2/3:   3%|▎         | 3/88 [00:01<00:26,  3.20it/s, loss=1.581]
  epoch 2/3:   3%|▎         | 3/88 [00:01<00:26,  3.20it/s, loss=1.576]
  epoch 2/3:   5%|▍         | 4/88 [00:01<00:24,  3.41it/s, loss=1.576]
  epoch 2/3:   5%|▍         | 4/88 [00:01<00:24,  3.41it/s, loss=1.597]
  epoch 2/3:   6%|▌         | 5/88 [00:01<00:23,  3.53it/s, loss=1.597]
  epoch 2/3:   6%|▌         | 5/88 [00:01<00:23,  3.53it/s, loss=1.595]
  epoch 2/3:   7%|▋         | 6/88 [00:01<00:22,  3.60it/s, loss=1.595]
  epoch 2/3:   7%|▋         | 6/88 [00:02<00:22,  3.60it/s, loss=1.593]
  epoch 2/3:   8%|▊         | 7/88 [00:02<00:22,  3.63it/s, loss=1.593]
  epoch 2/3:   8%|▊         | 7/88 [00:02<00:22,  3.63it/s, loss=1.604]
  epoch 2/3:   9%|▉         | 8/88 [00:02<00:21,  3.68it/s, loss=1.604]
  epoch 2/3:   9%|▉         | 8/88 [00:02<00:21,  3.68it/s, loss=1.613]
  epoch 2/3:  10%|█         | 9/88 [00:02<00:21,  3.71it/s, loss=1.613]
  epoch 2/3:  10%|█         | 9/88 [00:02<00:21,  3.71it/s, loss=1.615]
  epoch 2/3:  11%|█▏        | 10/88 [00:02<00:20,  3.74it/s, loss=1.615]
  epoch 2/3:  11%|█▏        | 10/88 [00:03<00:20,  3.74it/s, loss=1.606]
  epoch 2/3:  12%|█▎        | 11/88 [00:03<00:20,  3.76it/s, loss=1.606]
  epoch 2/3:  12%|█▎        | 11/88 [00:03<00:20,  3.76it/s, loss=1.603]
  epoch 2/3:  14%|█▎        | 12/88 [00:03<00:20,  3.77it/s, loss=1.603]
  epoch 2/3:  14%|█▎        | 12/88 [00:03<00:20,  3.77it/s, loss=1.605]
  epoch 2/3:  15%|█▍        | 13/88 [00:03<00:19,  3.78it/s, loss=1.605]
  epoch 2/3:  15%|█▍        | 13/88 [00:03<00:19,  3.78it/s, loss=1.607]
  epoch 2/3:  16%|█▌        | 14/88 [00:03<00:19,  3.79it/s, loss=1.607]
  epoch 2/3:  16%|█▌        | 14/88 [00:04<00:19,  3.79it/s, loss=1.601]
  epoch 2/3:  17%|█▋        | 15/88 [00:04<00:19,  3.79it/s, loss=1.601]
  epoch 2/3:  17%|█▋        | 15/88 [00:04<00:19,  3.79it/s, loss=1.602]
  epoch 2/3:  18%|█▊        | 16/88 [00:04<00:19,  3.75it/s, loss=1.602]
  epoch 2/3:  18%|█▊        | 16/88 [00:04<00:19,  3.75it/s, loss=1.595]
  epoch 2/3:  19%|█▉        | 17/88 [00:04<00:18,  3.75it/s, loss=1.595]
  epoch 2/3:  19%|█▉        | 17/88 [00:04<00:18,  3.75it/s, loss=1.593]
  epoch 2/3:  20%|██        | 18/88 [00:04<00:18,  3.74it/s, loss=1.593]
  epoch 2/3:  20%|██        | 18/88 [00:05<00:18,  3.74it/s, loss=1.592]
  epoch 2/3:  22%|██▏       | 19/88 [00:05<00:18,  3.76it/s, loss=1.592]
  epoch 2/3:  22%|██▏       | 19/88 [00:05<00:18,  3.76it/s, loss=1.589]
  epoch 2/3:  23%|██▎       | 20/88 [00:05<00:18,  3.77it/s, loss=1.589]
  epoch 2/3:  23%|██▎       | 20/88 [00:05<00:18,  3.77it/s, loss=1.587]
  epoch 2/3:  24%|██▍       | 21/88 [00:05<00:17,  3.78it/s, loss=1.587]
  epoch 2/3:  24%|██▍       | 21/88 [00:06<00:17,  3.78it/s, loss=1.582]
  epoch 2/3:  25%|██▌       | 22/88 [00:06<00:17,  3.78it/s, loss=1.582]
  epoch 2/3:  25%|██▌       | 22/88 [00:06<00:17,  3.78it/s, loss=1.579]
  epoch 2/3:  26%|██▌       | 23/88 [00:06<00:17,  3.78it/s, loss=1.579]
  epoch 2/3:  26%|██▌       | 23/88 [00:06<00:17,  3.78it/s, loss=1.575]
  epoch 2/3:  27%|██▋       | 24/88 [00:06<00:16,  3.79it/s, loss=1.575]
  epoch 2/3:  27%|██▋       | 24/88 [00:06<00:16,  3.79it/s, loss=1.574]
  epoch 2/3:  28%|██▊       | 25/88 [00:06<00:16,  3.79it/s, loss=1.574]
  epoch 2/3:  28%|██▊       | 25/88 [00:07<00:16,  3.79it/s, loss=1.576]
  epoch 2/3:  30%|██▉       | 26/88 [00:07<00:16,  3.79it/s, loss=1.576]
  epoch 2/3:  30%|██▉       | 26/88 [00:07<00:16,  3.79it/s, loss=1.572]
  epoch 2/3:  31%|███       | 27/88 [00:07<00:16,  3.79it/s, loss=1.572]
  epoch 2/3:  31%|███       | 27/88 [00:07<00:16,  3.79it/s, loss=1.572]
  epoch 2/3:  32%|███▏      | 28/88 [00:07<00:15,  3.78it/s, loss=1.572]
  epoch 2/3:  32%|███▏      | 28/88 [00:07<00:15,  3.78it/s, loss=1.572]
  epoch 2/3:  33%|███▎      | 29/88 [00:07<00:15,  3.79it/s, loss=1.572]
  epoch 2/3:  33%|███▎      | 29/88 [00:08<00:15,  3.79it/s, loss=1.572]
  epoch 2/3:  34%|███▍      | 30/88 [00:08<00:15,  3.78it/s, loss=1.572]
  epoch 2/3:  34%|███▍      | 30/88 [00:08<00:15,  3.78it/s, loss=1.568]
  epoch 2/3:  35%|███▌      | 31/88 [00:08<00:15,  3.78it/s, loss=1.568]
  epoch 2/3:  35%|███▌      | 31/88 [00:08<00:15,  3.78it/s, loss=1.569]
  epoch 2/3:  36%|███▋      | 32/88 [00:08<00:15,  3.70it/s, loss=1.569]
  epoch 2/3:  36%|███▋      | 32/88 [00:08<00:15,  3.70it/s, loss=1.573]
  epoch 2/3:  38%|███▊      | 33/88 [00:08<00:14,  3.71it/s, loss=1.573]
  epoch 2/3:  38%|███▊      | 33/88 [00:09<00:14,  3.71it/s, loss=1.567]
  epoch 2/3:  39%|███▊      | 34/88 [00:09<00:14,  3.71it/s, loss=1.567]
  epoch 2/3:  39%|███▊      | 34/88 [00:09<00:14,  3.71it/s, loss=1.567]
  epoch 2/3:  40%|███▉      | 35/88 [00:09<00:14,  3.73it/s, loss=1.567]
  epoch 2/3:  40%|███▉      | 35/88 [00:09<00:14,  3.73it/s, loss=1.567]
  epoch 2/3:  41%|████      | 36/88 [00:09<00:13,  3.75it/s, loss=1.567]
  epoch 2/3:  41%|████      | 36/88 [00:10<00:13,  3.75it/s, loss=1.564]
  epoch 2/3:  42%|████▏     | 37/88 [00:10<00:13,  3.76it/s, loss=1.564]
  epoch 2/3:  42%|████▏     | 37/88 [00:10<00:13,  3.76it/s, loss=1.564]
  epoch 2/3:  43%|████▎     | 38/88 [00:10<00:13,  3.77it/s, loss=1.564]
  epoch 2/3:  43%|████▎     | 38/88 [00:10<00:13,  3.77it/s, loss=1.562]
  epoch 2/3:  44%|████▍     | 39/88 [00:10<00:12,  3.78it/s, loss=1.562]
  epoch 2/3:  44%|████▍     | 39/88 [00:10<00:12,  3.78it/s, loss=1.562]
  epoch 2/3:  45%|████▌     | 40/88 [00:10<00:12,  3.77it/s, loss=1.562]
  epoch 2/3:  45%|████▌     | 40/88 [00:11<00:12,  3.77it/s, loss=1.560]
  epoch 2/3:  47%|████▋     | 41/88 [00:11<00:12,  3.77it/s, loss=1.560]
  epoch 2/3:  47%|████▋     | 41/88 [00:11<00:12,  3.77it/s, loss=1.559]
  epoch 2/3:  48%|████▊     | 42/88 [00:11<00:12,  3.77it/s, loss=1.559]
  epoch 2/3:  48%|████▊     | 42/88 [00:11<00:12,  3.77it/s, loss=1.556]
  epoch 2/3:  49%|████▉     | 43/88 [00:11<00:11,  3.76it/s, loss=1.556]
  epoch 2/3:  49%|████▉     | 43/88 [00:11<00:11,  3.76it/s, loss=1.556]
  epoch 2/3:  50%|█████     | 44/88 [00:11<00:11,  3.75it/s, loss=1.556]
  epoch 2/3:  50%|█████     | 44/88 [00:12<00:11,  3.75it/s, loss=1.557]
  epoch 2/3:  51%|█████     | 45/88 [00:12<00:11,  3.75it/s, loss=1.557]
  epoch 2/3:  51%|█████     | 45/88 [00:12<00:11,  3.75it/s, loss=1.556]
  epoch 2/3:  52%|█████▏    | 46/88 [00:12<00:11,  3.75it/s, loss=1.556]
  epoch 2/3:  52%|█████▏    | 46/88 [00:12<00:11,  3.75it/s, loss=1.554]
  epoch 2/3:  53%|█████▎    | 47/88 [00:12<00:10,  3.75it/s, loss=1.554]
  epoch 2/3:  53%|█████▎    | 47/88 [00:12<00:10,  3.75it/s, loss=1.550]
  epoch 2/3:  55%|█████▍    | 48/88 [00:12<00:10,  3.70it/s, loss=1.550]
  epoch 2/3:  55%|█████▍    | 48/88 [00:13<00:10,  3.70it/s, loss=1.553]
  epoch 2/3:  56%|█████▌    | 49/88 [00:13<00:10,  3.72it/s, loss=1.553]
  epoch 2/3:  56%|█████▌    | 49/88 [00:13<00:10,  3.72it/s, loss=1.551]
  epoch 2/3:  57%|█████▋    | 50/88 [00:13<00:10,  3.73it/s, loss=1.551]
  epoch 2/3:  57%|█████▋    | 50/88 [00:13<00:10,  3.73it/s, loss=1.551]
  epoch 2/3:  58%|█████▊    | 51/88 [00:13<00:09,  3.75it/s, loss=1.551]
  epoch 2/3:  58%|█████▊    | 51/88 [00:14<00:09,  3.75it/s, loss=1.552]
  epoch 2/3:  59%|█████▉    | 52/88 [00:14<00:09,  3.73it/s, loss=1.552]
  epoch 2/3:  59%|█████▉    | 52/88 [00:14<00:09,  3.73it/s, loss=1.549]
  epoch 2/3:  60%|██████    | 53/88 [00:14<00:09,  3.72it/s, loss=1.549]
  epoch 2/3:  60%|██████    | 53/88 [00:14<00:09,  3.72it/s, loss=1.548]
  epoch 2/3:  61%|██████▏   | 54/88 [00:14<00:09,  3.74it/s, loss=1.548]
  epoch 2/3:  61%|██████▏   | 54/88 [00:14<00:09,  3.74it/s, loss=1.546]
  epoch 2/3:  62%|██████▎   | 55/88 [00:14<00:08,  3.74it/s, loss=1.546]
  epoch 2/3:  62%|██████▎   | 55/88 [00:15<00:08,  3.74it/s, loss=1.543]
  epoch 2/3:  64%|██████▎   | 56/88 [00:15<00:08,  3.75it/s, loss=1.543]
  epoch 2/3:  64%|██████▎   | 56/88 [00:15<00:08,  3.75it/s, loss=1.542]
  epoch 2/3:  65%|██████▍   | 57/88 [00:15<00:08,  3.76it/s, loss=1.542]
  epoch 2/3:  65%|██████▍   | 57/88 [00:15<00:08,  3.76it/s, loss=1.536]
  epoch 2/3:  66%|██████▌   | 58/88 [00:15<00:07,  3.77it/s, loss=1.536]
  epoch 2/3:  66%|██████▌   | 58/88 [00:15<00:07,  3.77it/s, loss=1.536]
  epoch 2/3:  67%|██████▋   | 59/88 [00:15<00:07,  3.76it/s, loss=1.536]
  epoch 2/3:  67%|██████▋   | 59/88 [00:16<00:07,  3.76it/s, loss=1.537]
  epoch 2/3:  68%|██████▊   | 60/88 [00:16<00:07,  3.76it/s, loss=1.537]
  epoch 2/3:  68%|██████▊   | 60/88 [00:16<00:07,  3.76it/s, loss=1.536]
  epoch 2/3:  69%|██████▉   | 61/88 [00:16<00:07,  3.74it/s, loss=1.536]
  epoch 2/3:  69%|██████▉   | 61/88 [00:16<00:07,  3.74it/s, loss=1.535]
  epoch 2/3:  70%|███████   | 62/88 [00:16<00:06,  3.75it/s, loss=1.535]
  epoch 2/3:  70%|███████   | 62/88 [00:16<00:06,  3.75it/s, loss=1.536]
  epoch 2/3:  72%|███████▏  | 63/88 [00:16<00:06,  3.75it/s, loss=1.536]
  epoch 2/3:  72%|███████▏  | 63/88 [00:17<00:06,  3.75it/s, loss=1.534]
  epoch 2/3:  73%|███████▎  | 64/88 [00:17<00:06,  3.71it/s, loss=1.534]
  epoch 2/3:  73%|███████▎  | 64/88 [00:17<00:06,  3.71it/s, loss=1.534]
  epoch 2/3:  74%|███████▍  | 65/88 [00:17<00:06,  3.71it/s, loss=1.534]
  epoch 2/3:  74%|███████▍  | 65/88 [00:17<00:06,  3.71it/s, loss=1.532]
  epoch 2/3:  75%|███████▌  | 66/88 [00:17<00:05,  3.72it/s, loss=1.532]
  epoch 2/3:  75%|███████▌  | 66/88 [00:18<00:05,  3.72it/s, loss=1.534]
  epoch 2/3:  76%|███████▌  | 67/88 [00:18<00:05,  3.73it/s, loss=1.534]
  epoch 2/3:  76%|███████▌  | 67/88 [00:18<00:05,  3.73it/s, loss=1.533]
  epoch 2/3:  77%|███████▋  | 68/88 [00:18<00:05,  3.73it/s, loss=1.533]
  epoch 2/3:  77%|███████▋  | 68/88 [00:18<00:05,  3.73it/s, loss=1.531]
  epoch 2/3:  78%|███████▊  | 69/88 [00:18<00:05,  3.72it/s, loss=1.531]
  epoch 2/3:  78%|███████▊  | 69/88 [00:18<00:05,  3.72it/s, loss=1.531]
  epoch 2/3:  80%|███████▉  | 70/88 [00:18<00:04,  3.74it/s, loss=1.531]
  epoch 2/3:  80%|███████▉  | 70/88 [00:19<00:04,  3.74it/s, loss=1.531]
  epoch 2/3:  81%|████████  | 71/88 [00:19<00:04,  3.76it/s, loss=1.531]
  epoch 2/3:  81%|████████  | 71/88 [00:19<00:04,  3.76it/s, loss=1.529]
  epoch 2/3:  82%|████████▏ | 72/88 [00:19<00:04,  3.77it/s, loss=1.529]
  epoch 2/3:  82%|████████▏ | 72/88 [00:19<00:04,  3.77it/s, loss=1.528]
  epoch 2/3:  83%|████████▎ | 73/88 [00:19<00:03,  3.78it/s, loss=1.528]
  epoch 2/3:  83%|████████▎ | 73/88 [00:19<00:03,  3.78it/s, loss=1.527]
  epoch 2/3:  84%|████████▍ | 74/88 [00:19<00:03,  3.78it/s, loss=1.527]
  epoch 2/3:  84%|████████▍ | 74/88 [00:20<00:03,  3.78it/s, loss=1.526]
  epoch 2/3:  85%|████████▌ | 75/88 [00:20<00:03,  3.77it/s, loss=1.526]
  epoch 2/3:  85%|████████▌ | 75/88 [00:20<00:03,  3.77it/s, loss=1.526]
  epoch 2/3:  86%|████████▋ | 76/88 [00:20<00:03,  3.78it/s, loss=1.526]
  epoch 2/3:  86%|████████▋ | 76/88 [00:20<00:03,  3.78it/s, loss=1.525]
  epoch 2/3:  88%|████████▊ | 77/88 [00:20<00:02,  3.78it/s, loss=1.525]
  epoch 2/3:  88%|████████▊ | 77/88 [00:20<00:02,  3.78it/s, loss=1.524]
  epoch 2/3:  89%|████████▊ | 78/88 [00:20<00:02,  3.76it/s, loss=1.524]
  epoch 2/3:  89%|████████▊ | 78/88 [00:21<00:02,  3.76it/s, loss=1.522]
  epoch 2/3:  90%|████████▉ | 79/88 [00:21<00:02,  3.74it/s, loss=1.522]
  epoch 2/3:  90%|████████▉ | 79/88 [00:21<00:02,  3.74it/s, loss=1.522]
  epoch 2/3:  91%|█████████ | 80/88 [00:21<00:02,  3.71it/s, loss=1.522]
  epoch 2/3:  91%|█████████ | 80/88 [00:21<00:02,  3.71it/s, loss=1.521]
  epoch 2/3:  92%|█████████▏| 81/88 [00:21<00:01,  3.71it/s, loss=1.521]
  epoch 2/3:  92%|█████████▏| 81/88 [00:22<00:01,  3.71it/s, loss=1.520]
  epoch 2/3:  93%|█████████▎| 82/88 [00:22<00:01,  3.72it/s, loss=1.520]
  epoch 2/3:  93%|█████████▎| 82/88 [00:22<00:01,  3.72it/s, loss=1.520]
  epoch 2/3:  94%|█████████▍| 83/88 [00:22<00:01,  3.74it/s, loss=1.520]
  epoch 2/3:  94%|█████████▍| 83/88 [00:22<00:01,  3.74it/s, loss=1.520]
  epoch 2/3:  95%|█████████▌| 84/88 [00:22<00:01,  3.76it/s, loss=1.520]
  epoch 2/3:  95%|█████████▌| 84/88 [00:22<00:01,  3.76it/s, loss=1.520]
  epoch 2/3:  97%|█████████▋| 85/88 [00:22<00:00,  3.77it/s, loss=1.520]
  epoch 2/3:  97%|█████████▋| 85/88 [00:23<00:00,  3.77it/s, loss=1.519]
  epoch 2/3:  98%|█████████▊| 86/88 [00:23<00:00,  3.77it/s, loss=1.519]
  epoch 2/3:  98%|█████████▊| 86/88 [00:23<00:00,  3.77it/s, loss=1.518]
  epoch 2/3:  99%|█████████▉| 87/88 [00:23<00:00,  3.77it/s, loss=1.518]
  epoch 2/3:  99%|█████████▉| 87/88 [00:23<00:00,  3.77it/s, loss=1.518]
  epoch 2/3: 100%|██████████| 88/88 [00:23<00:00,  4.13it/s, loss=1.518]
                                                                        

  epoch 3/3:   0%|          | 0/88 [00:00<?, ?it/s]
  epoch 3/3:   0%|          | 0/88 [00:00<?, ?it/s, loss=1.408]
  epoch 3/3:   1%|          | 1/88 [00:00<00:41,  2.10it/s, loss=1.408]
  epoch 3/3:   1%|          | 1/88 [00:00<00:41,  2.10it/s, loss=1.401]
  epoch 3/3:   2%|▏         | 2/88 [00:00<00:30,  2.84it/s, loss=1.401]
  epoch 3/3:   2%|▏         | 2/88 [00:01<00:30,  2.84it/s, loss=1.380]
  epoch 3/3:   3%|▎         | 3/88 [00:01<00:26,  3.18it/s, loss=1.380]
  epoch 3/3:   3%|▎         | 3/88 [00:01<00:26,  3.18it/s, loss=1.383]
  epoch 3/3:   5%|▍         | 4/88 [00:01<00:24,  3.38it/s, loss=1.383]
  epoch 3/3:   5%|▍         | 4/88 [00:01<00:24,  3.38it/s, loss=1.392]
  epoch 3/3:   6%|▌         | 5/88 [00:01<00:23,  3.49it/s, loss=1.392]
  epoch 3/3:   6%|▌         | 5/88 [00:01<00:23,  3.49it/s, loss=1.401]
  epoch 3/3:   7%|▋         | 6/88 [00:01<00:22,  3.59it/s, loss=1.401]
  epoch 3/3:   7%|▋         | 6/88 [00:02<00:22,  3.59it/s, loss=1.386]
  epoch 3/3:   8%|▊         | 7/88 [00:02<00:22,  3.65it/s, loss=1.386]
  epoch 3/3:   8%|▊         | 7/88 [00:02<00:22,  3.65it/s, loss=1.376]
  epoch 3/3:   9%|▉         | 8/88 [00:02<00:21,  3.65it/s, loss=1.376]
  epoch 3/3:   9%|▉         | 8/88 [00:02<00:21,  3.65it/s, loss=1.376]
  epoch 3/3:  10%|█         | 9/88 [00:02<00:21,  3.68it/s, loss=1.376]
  epoch 3/3:  10%|█         | 9/88 [00:02<00:21,  3.68it/s, loss=1.371]
  epoch 3/3:  11%|█▏        | 10/88 [00:02<00:21,  3.69it/s, loss=1.371]
  epoch 3/3:  11%|█▏        | 10/88 [00:03<00:21,  3.69it/s, loss=1.380]
  epoch 3/3:  12%|█▎        | 11/88 [00:03<00:20,  3.69it/s, loss=1.380]
  epoch 3/3:  12%|█▎        | 11/88 [00:03<00:20,  3.69it/s, loss=1.387]
  epoch 3/3:  14%|█▎        | 12/88 [00:03<00:20,  3.71it/s, loss=1.387]
  epoch 3/3:  14%|█▎        | 12/88 [00:03<00:20,  3.71it/s, loss=1.398]
  epoch 3/3:  15%|█▍        | 13/88 [00:03<00:20,  3.72it/s, loss=1.398]
  epoch 3/3:  15%|█▍        | 13/88 [00:03<00:20,  3.72it/s, loss=1.392]
  epoch 3/3:  16%|█▌        | 14/88 [00:03<00:19,  3.73it/s, loss=1.392]
  epoch 3/3:  16%|█▌        | 14/88 [00:04<00:19,  3.73it/s, loss=1.393]
  epoch 3/3:  17%|█▋        | 15/88 [00:04<00:19,  3.75it/s, loss=1.393]
  epoch 3/3:  17%|█▋        | 15/88 [00:04<00:19,  3.75it/s, loss=1.399]
  epoch 3/3:  18%|█▊        | 16/88 [00:04<00:19,  3.76it/s, loss=1.399]
  epoch 3/3:  18%|█▊        | 16/88 [00:04<00:19,  3.76it/s, loss=1.403]
  epoch 3/3:  19%|█▉        | 17/88 [00:04<00:18,  3.77it/s, loss=1.403]
  epoch 3/3:  19%|█▉        | 17/88 [00:05<00:18,  3.77it/s, loss=1.400]
  epoch 3/3:  20%|██        | 18/88 [00:05<00:18,  3.78it/s, loss=1.400]
  epoch 3/3:  20%|██        | 18/88 [00:05<00:18,  3.78it/s, loss=1.404]
  epoch 3/3:  22%|██▏       | 19/88 [00:05<00:18,  3.78it/s, loss=1.404]
  epoch 3/3:  22%|██▏       | 19/88 [00:05<00:18,  3.78it/s, loss=1.396]
  epoch 3/3:  23%|██▎       | 20/88 [00:05<00:17,  3.78it/s, loss=1.396]
  epoch 3/3:  23%|██▎       | 20/88 [00:05<00:17,  3.78it/s, loss=1.394]
  epoch 3/3:  24%|██▍       | 21/88 [00:05<00:17,  3.79it/s, loss=1.394]
  epoch 3/3:  24%|██▍       | 21/88 [00:06<00:17,  3.79it/s, loss=1.394]
  epoch 3/3:  25%|██▌       | 22/88 [00:06<00:17,  3.78it/s, loss=1.394]
  epoch 3/3:  25%|██▌       | 22/88 [00:06<00:17,  3.78it/s, loss=1.396]
  epoch 3/3:  26%|██▌       | 23/88 [00:06<00:17,  3.78it/s, loss=1.396]
  epoch 3/3:  26%|██▌       | 23/88 [00:06<00:17,  3.78it/s, loss=1.396]
  epoch 3/3:  27%|██▋       | 24/88 [00:06<00:17,  3.74it/s, loss=1.396]
  epoch 3/3:  27%|██▋       | 24/88 [00:06<00:17,  3.74it/s, loss=1.398]
  epoch 3/3:  28%|██▊       | 25/88 [00:06<00:16,  3.73it/s, loss=1.398]
  epoch 3/3:  28%|██▊       | 25/88 [00:07<00:16,  3.73it/s, loss=1.396]
  epoch 3/3:  30%|██▉       | 26/88 [00:07<00:16,  3.75it/s, loss=1.396]
  epoch 3/3:  30%|██▉       | 26/88 [00:07<00:16,  3.75it/s, loss=1.400]
  epoch 3/3:  31%|███       | 27/88 [00:07<00:16,  3.76it/s, loss=1.400]
  epoch 3/3:  31%|███       | 27/88 [00:07<00:16,  3.76it/s, loss=1.399]
  epoch 3/3:  32%|███▏      | 28/88 [00:07<00:15,  3.77it/s, loss=1.399]
  epoch 3/3:  32%|███▏      | 28/88 [00:07<00:15,  3.77it/s, loss=1.396]
  epoch 3/3:  33%|███▎      | 29/88 [00:07<00:15,  3.76it/s, loss=1.396]
  epoch 3/3:  33%|███▎      | 29/88 [00:08<00:15,  3.76it/s, loss=1.390]
  epoch 3/3:  34%|███▍      | 30/88 [00:08<00:15,  3.76it/s, loss=1.390]
  epoch 3/3:  34%|███▍      | 30/88 [00:08<00:15,  3.76it/s, loss=1.391]
  epoch 3/3:  35%|███▌      | 31/88 [00:08<00:15,  3.75it/s, loss=1.391]
  epoch 3/3:  35%|███▌      | 31/88 [00:08<00:15,  3.75it/s, loss=1.391]
  epoch 3/3:  36%|███▋      | 32/88 [00:08<00:14,  3.74it/s, loss=1.391]
  epoch 3/3:  36%|███▋      | 32/88 [00:09<00:14,  3.74it/s, loss=1.390]
  epoch 3/3:  38%|███▊      | 33/88 [00:09<00:14,  3.75it/s, loss=1.390]
  epoch 3/3:  38%|███▊      | 33/88 [00:09<00:14,  3.75it/s, loss=1.385]
  epoch 3/3:  39%|███▊      | 34/88 [00:09<00:14,  3.76it/s, loss=1.385]
  epoch 3/3:  39%|███▊      | 34/88 [00:09<00:14,  3.76it/s, loss=1.385]
  epoch 3/3:  40%|███▉      | 35/88 [00:09<00:14,  3.76it/s, loss=1.385]
  epoch 3/3:  40%|███▉      | 35/88 [00:09<00:14,  3.76it/s, loss=1.381]
  epoch 3/3:  41%|████      | 36/88 [00:09<00:13,  3.77it/s, loss=1.381]
  epoch 3/3:  41%|████      | 36/88 [00:10<00:13,  3.77it/s, loss=1.379]
  epoch 3/3:  42%|████▏     | 37/88 [00:10<00:13,  3.77it/s, loss=1.379]
  epoch 3/3:  42%|████▏     | 37/88 [00:10<00:13,  3.77it/s, loss=1.376]
  epoch 3/3:  43%|████▎     | 38/88 [00:10<00:13,  3.76it/s, loss=1.376]
  epoch 3/3:  43%|████▎     | 38/88 [00:10<00:13,  3.76it/s, loss=1.375]
  epoch 3/3:  44%|████▍     | 39/88 [00:10<00:13,  3.76it/s, loss=1.375]
  epoch 3/3:  44%|████▍     | 39/88 [00:10<00:13,  3.76it/s, loss=1.378]
  epoch 3/3:  45%|████▌     | 40/88 [00:10<00:12,  3.69it/s, loss=1.378]
  epoch 3/3:  45%|████▌     | 40/88 [00:11<00:12,  3.69it/s, loss=1.377]
  epoch 3/3:  47%|████▋     | 41/88 [00:11<00:12,  3.72it/s, loss=1.377]
  epoch 3/3:  47%|████▋     | 41/88 [00:11<00:12,  3.72it/s, loss=1.375]
  epoch 3/3:  48%|████▊     | 42/88 [00:11<00:12,  3.74it/s, loss=1.375]
  epoch 3/3:  48%|████▊     | 42/88 [00:11<00:12,  3.74it/s, loss=1.374]
  epoch 3/3:  49%|████▉     | 43/88 [00:11<00:12,  3.74it/s, loss=1.374]
  epoch 3/3:  49%|████▉     | 43/88 [00:11<00:12,  3.74it/s, loss=1.373]
  epoch 3/3:  50%|█████     | 44/88 [00:11<00:11,  3.73it/s, loss=1.373]
  epoch 3/3:  50%|█████     | 44/88 [00:12<00:11,  3.73it/s, loss=1.374]
  epoch 3/3:  51%|█████     | 45/88 [00:12<00:11,  3.75it/s, loss=1.374]
  epoch 3/3:  51%|█████     | 45/88 [00:12<00:11,  3.75it/s, loss=1.375]
  epoch 3/3:  52%|█████▏    | 46/88 [00:12<00:11,  3.76it/s, loss=1.375]
  epoch 3/3:  52%|█████▏    | 46/88 [00:12<00:11,  3.76it/s, loss=1.374]
  epoch 3/3:  53%|█████▎    | 47/88 [00:12<00:10,  3.77it/s, loss=1.374]
  epoch 3/3:  53%|█████▎    | 47/88 [00:12<00:10,  3.77it/s, loss=1.373]
  epoch 3/3:  55%|█████▍    | 48/88 [00:12<00:10,  3.78it/s, loss=1.373]
  epoch 3/3:  55%|█████▍    | 48/88 [00:13<00:10,  3.78it/s, loss=1.373]
  epoch 3/3:  56%|█████▌    | 49/88 [00:13<00:10,  3.79it/s, loss=1.373]
  epoch 3/3:  56%|█████▌    | 49/88 [00:13<00:10,  3.79it/s, loss=1.372]
  epoch 3/3:  57%|█████▋    | 50/88 [00:13<00:10,  3.78it/s, loss=1.372]
  epoch 3/3:  57%|█████▋    | 50/88 [00:13<00:10,  3.78it/s, loss=1.373]
  epoch 3/3:  58%|█████▊    | 51/88 [00:13<00:09,  3.76it/s, loss=1.373]
  epoch 3/3:  58%|█████▊    | 51/88 [00:14<00:09,  3.76it/s, loss=1.370]
  epoch 3/3:  59%|█████▉    | 52/88 [00:14<00:09,  3.77it/s, loss=1.370]
  epoch 3/3:  59%|█████▉    | 52/88 [00:14<00:09,  3.77it/s, loss=1.370]
  epoch 3/3:  60%|██████    | 53/88 [00:14<00:09,  3.76it/s, loss=1.370]
  epoch 3/3:  60%|██████    | 53/88 [00:14<00:09,  3.76it/s, loss=1.370]
  epoch 3/3:  61%|██████▏   | 54/88 [00:14<00:09,  3.74it/s, loss=1.370]
  epoch 3/3:  61%|██████▏   | 54/88 [00:14<00:09,  3.74it/s, loss=1.368]
  epoch 3/3:  62%|██████▎   | 55/88 [00:14<00:08,  3.75it/s, loss=1.368]
  epoch 3/3:  62%|██████▎   | 55/88 [00:15<00:08,  3.75it/s, loss=1.368]
  epoch 3/3:  64%|██████▎   | 56/88 [00:15<00:08,  3.72it/s, loss=1.368]
  epoch 3/3:  64%|██████▎   | 56/88 [00:15<00:08,  3.72it/s, loss=1.367]
  epoch 3/3:  65%|██████▍   | 57/88 [00:15<00:08,  3.71it/s, loss=1.367]
  epoch 3/3:  65%|██████▍   | 57/88 [00:15<00:08,  3.71it/s, loss=1.366]
  epoch 3/3:  66%|██████▌   | 58/88 [00:15<00:08,  3.73it/s, loss=1.366]
  epoch 3/3:  66%|██████▌   | 58/88 [00:15<00:08,  3.73it/s, loss=1.364]
  epoch 3/3:  67%|██████▋   | 59/88 [00:15<00:07,  3.74it/s, loss=1.364]
  epoch 3/3:  67%|██████▋   | 59/88 [00:16<00:07,  3.74it/s, loss=1.362]
  epoch 3/3:  68%|██████▊   | 60/88 [00:16<00:07,  3.73it/s, loss=1.362]
  epoch 3/3:  68%|██████▊   | 60/88 [00:16<00:07,  3.73it/s, loss=1.359]
  epoch 3/3:  69%|██████▉   | 61/88 [00:16<00:07,  3.73it/s, loss=1.359]
  epoch 3/3:  69%|██████▉   | 61/88 [00:16<00:07,  3.73it/s, loss=1.359]
  epoch 3/3:  70%|███████   | 62/88 [00:16<00:06,  3.72it/s, loss=1.359]
  epoch 3/3:  70%|███████   | 62/88 [00:17<00:06,  3.72it/s, loss=1.358]
  epoch 3/3:  72%|███████▏  | 63/88 [00:17<00:06,  3.73it/s, loss=1.358]
  epoch 3/3:  72%|███████▏  | 63/88 [00:17<00:06,  3.73it/s, loss=1.359]
  epoch 3/3:  73%|███████▎  | 64/88 [00:17<00:06,  3.74it/s, loss=1.359]
  epoch 3/3:  73%|███████▎  | 64/88 [00:17<00:06,  3.74it/s, loss=1.360]
  epoch 3/3:  74%|███████▍  | 65/88 [00:17<00:06,  3.76it/s, loss=1.360]
  epoch 3/3:  74%|███████▍  | 65/88 [00:17<00:06,  3.76it/s, loss=1.358]
  epoch 3/3:  75%|███████▌  | 66/88 [00:17<00:05,  3.77it/s, loss=1.358]
  epoch 3/3:  75%|███████▌  | 66/88 [00:18<00:05,  3.77it/s, loss=1.357]
  epoch 3/3:  76%|███████▌  | 67/88 [00:18<00:05,  3.76it/s, loss=1.357]
  epoch 3/3:  76%|███████▌  | 67/88 [00:18<00:05,  3.76it/s, loss=1.357]
  epoch 3/3:  77%|███████▋  | 68/88 [00:18<00:05,  3.76it/s, loss=1.357]
  epoch 3/3:  77%|███████▋  | 68/88 [00:18<00:05,  3.76it/s, loss=1.358]
  epoch 3/3:  78%|███████▊  | 69/88 [00:18<00:05,  3.74it/s, loss=1.358]
  epoch 3/3:  78%|███████▊  | 69/88 [00:18<00:05,  3.74it/s, loss=1.358]
  epoch 3/3:  80%|███████▉  | 70/88 [00:18<00:04,  3.73it/s, loss=1.358]
  epoch 3/3:  80%|███████▉  | 70/88 [00:19<00:04,  3.73it/s, loss=1.356]
  epoch 3/3:  81%|████████  | 71/88 [00:19<00:04,  3.74it/s, loss=1.356]
  epoch 3/3:  81%|████████  | 71/88 [00:19<00:04,  3.74it/s, loss=1.357]
  epoch 3/3:  82%|████████▏ | 72/88 [00:19<00:04,  3.69it/s, loss=1.357]
  epoch 3/3:  82%|████████▏ | 72/88 [00:19<00:04,  3.69it/s, loss=1.355]
  epoch 3/3:  83%|████████▎ | 73/88 [00:19<00:04,  3.71it/s, loss=1.355]
  epoch 3/3:  83%|████████▎ | 73/88 [00:19<00:04,  3.71it/s, loss=1.356]
  epoch 3/3:  84%|████████▍ | 74/88 [00:19<00:03,  3.73it/s, loss=1.356]
  epoch 3/3:  84%|████████▍ | 74/88 [00:20<00:03,  3.73it/s, loss=1.354]
  epoch 3/3:  85%|████████▌ | 75/88 [00:20<00:03,  3.74it/s, loss=1.354]
  epoch 3/3:  85%|████████▌ | 75/88 [00:20<00:03,  3.74it/s, loss=1.355]
  epoch 3/3:  86%|████████▋ | 76/88 [00:20<00:03,  3.75it/s, loss=1.355]
  epoch 3/3:  86%|████████▋ | 76/88 [00:20<00:03,  3.75it/s, loss=1.353]
  epoch 3/3:  88%|████████▊ | 77/88 [00:20<00:02,  3.76it/s, loss=1.353]
  epoch 3/3:  88%|████████▊ | 77/88 [00:21<00:02,  3.76it/s, loss=1.352]
  epoch 3/3:  89%|████████▊ | 78/88 [00:21<00:02,  3.75it/s, loss=1.352]
  epoch 3/3:  89%|████████▊ | 78/88 [00:21<00:02,  3.75it/s, loss=1.351]
  epoch 3/3:  90%|████████▉ | 79/88 [00:21<00:02,  3.75it/s, loss=1.351]
  epoch 3/3:  90%|████████▉ | 79/88 [00:21<00:02,  3.75it/s, loss=1.349]
  epoch 3/3:  91%|█████████ | 80/88 [00:21<00:02,  3.74it/s, loss=1.349]
  epoch 3/3:  91%|█████████ | 80/88 [00:21<00:02,  3.74it/s, loss=1.348]
  epoch 3/3:  92%|█████████▏| 81/88 [00:21<00:01,  3.75it/s, loss=1.348]
  epoch 3/3:  92%|█████████▏| 81/88 [00:22<00:01,  3.75it/s, loss=1.347]
  epoch 3/3:  93%|█████████▎| 82/88 [00:22<00:01,  3.76it/s, loss=1.347]
  epoch 3/3:  93%|█████████▎| 82/88 [00:22<00:01,  3.76it/s, loss=1.346]
  epoch 3/3:  94%|█████████▍| 83/88 [00:22<00:01,  3.75it/s, loss=1.346]
  epoch 3/3:  94%|█████████▍| 83/88 [00:22<00:01,  3.75it/s, loss=1.345]
  epoch 3/3:  95%|█████████▌| 84/88 [00:22<00:01,  3.74it/s, loss=1.345]
  epoch 3/3:  95%|█████████▌| 84/88 [00:22<00:01,  3.74it/s, loss=1.345]
  epoch 3/3:  97%|█████████▋| 85/88 [00:22<00:00,  3.75it/s, loss=1.345]
  epoch 3/3:  97%|█████████▋| 85/88 [00:23<00:00,  3.75it/s, loss=1.344]
  epoch 3/3:  98%|█████████▊| 86/88 [00:23<00:00,  3.73it/s, loss=1.344]
  epoch 3/3:  98%|█████████▊| 86/88 [00:23<00:00,  3.73it/s, loss=1.344]
  epoch 3/3:  99%|█████████▉| 87/88 [00:23<00:00,  3.74it/s, loss=1.344]
  epoch 3/3:  99%|█████████▉| 87/88 [00:23<00:00,  3.74it/s, loss=1.343]
  epoch 3/3: 100%|██████████| 88/88 [00:23<00:00,  4.03it/s, loss=1.343]
                                                                        
[titans] reset=never | norm(state) sau task = 71.5507
[titans]   self-mod v:β=0.95 |W|=0.52
[titans]   eta_t(avg)=-2.2844  alpha_t/forget-gate(avg)=0.9329
[task 5] test acc so far: 0.826  0.531  0.397  0.583  0.366  0.034
[task 5] NCM-head acc so far: 0.831  0.731  0.740  0.786  0.771  0.757
[task 6] classes=[17, 25, 27, 32, 41] | train=2800

  epoch 1/3:   0%|          | 0/88 [00:00<?, ?it/s]
  epoch 1/3:   0%|          | 0/88 [00:00<?, ?it/s, loss=1.471]
  epoch 1/3:   1%|          | 1/88 [00:00<00:41,  2.12it/s, loss=1.471]
  epoch 1/3:   1%|          | 1/88 [00:00<00:41,  2.12it/s, loss=1.492]
  epoch 1/3:   2%|▏         | 2/88 [00:00<00:30,  2.86it/s, loss=1.492]
  epoch 1/3:   2%|▏         | 2/88 [00:00<00:30,  2.86it/s, loss=1.506]
  epoch 1/3:   3%|▎         | 3/88 [00:00<00:26,  3.22it/s, loss=1.506]
  epoch 1/3:   3%|▎         | 3/88 [00:01<00:26,  3.22it/s, loss=1.504]
  epoch 1/3:   5%|▍         | 4/88 [00:01<00:24,  3.43it/s, loss=1.504]
  epoch 1/3:   5%|▍         | 4/88 [00:01<00:24,  3.43it/s, loss=1.508]
  epoch 1/3:   6%|▌         | 5/88 [00:01<00:23,  3.55it/s, loss=1.508]
  epoch 1/3:   6%|▌         | 5/88 [00:01<00:23,  3.55it/s, loss=1.515]
  epoch 1/3:   7%|▋         | 6/88 [00:01<00:22,  3.63it/s, loss=1.515]
  epoch 1/3:   7%|▋         | 6/88 [00:02<00:22,  3.63it/s, loss=1.509]
  epoch 1/3:   8%|▊         | 7/88 [00:02<00:21,  3.69it/s, loss=1.509]
  epoch 1/3:   8%|▊         | 7/88 [00:02<00:21,  3.69it/s, loss=1.512]
  epoch 1/3:   9%|▉         | 8/88 [00:02<00:21,  3.72it/s, loss=1.512]
  epoch 1/3:   9%|▉         | 8/88 [00:02<00:21,  3.72it/s, loss=1.518]
  epoch 1/3:  10%|█         | 9/88 [00:02<00:21,  3.74it/s, loss=1.518]
  epoch 1/3:  10%|█         | 9/88 [00:02<00:21,  3.74it/s, loss=1.529]
  epoch 1/3:  11%|█▏        | 10/88 [00:02<00:20,  3.76it/s, loss=1.529]
  epoch 1/3:  11%|█▏        | 10/88 [00:03<00:20,  3.76it/s, loss=1.522]
  epoch 1/3:  12%|█▎        | 11/88 [00:03<00:20,  3.77it/s, loss=1.522]
  epoch 1/3:  12%|█▎        | 11/88 [00:03<00:20,  3.77it/s, loss=1.515]
  epoch 1/3:  14%|█▎        | 12/88 [00:03<00:20,  3.78it/s, loss=1.515]
  epoch 1/3:  14%|█▎        | 12/88 [00:03<00:20,  3.78it/s, loss=1.529]
  epoch 1/3:  15%|█▍        | 13/88 [00:03<00:19,  3.78it/s, loss=1.529]
  epoch 1/3:  15%|█▍        | 13/88 [00:03<00:19,  3.78it/s, loss=1.529]
  epoch 1/3:  16%|█▌        | 14/88 [00:03<00:19,  3.78it/s, loss=1.529]
  epoch 1/3:  16%|█▌        | 14/88 [00:04<00:19,  3.78it/s, loss=1.523]
  epoch 1/3:  17%|█▋        | 15/88 [00:04<00:19,  3.77it/s, loss=1.523]
  epoch 1/3:  17%|█▋        | 15/88 [00:04<00:19,  3.77it/s, loss=1.523]
  epoch 1/3:  18%|█▊        | 16/88 [00:04<00:19,  3.73it/s, loss=1.523]
  epoch 1/3:  18%|█▊        | 16/88 [00:04<00:19,  3.73it/s, loss=1.526]
  epoch 1/3:  19%|█▉        | 17/88 [00:04<00:19,  3.73it/s, loss=1.526]
  epoch 1/3:  19%|█▉        | 17/88 [00:04<00:19,  3.73it/s, loss=1.516]
  epoch 1/3:  20%|██        | 18/88 [00:04<00:18,  3.74it/s, loss=1.516]
  epoch 1/3:  20%|██        | 18/88 [00:05<00:18,  3.74it/s, loss=1.513]
  epoch 1/3:  22%|██▏       | 19/88 [00:05<00:18,  3.75it/s, loss=1.513]
  epoch 1/3:  22%|██▏       | 19/88 [00:05<00:18,  3.75it/s, loss=1.509]
  epoch 1/3:  23%|██▎       | 20/88 [00:05<00:18,  3.75it/s, loss=1.509]
  epoch 1/3:  23%|██▎       | 20/88 [00:05<00:18,  3.75it/s, loss=1.505]
  epoch 1/3:  24%|██▍       | 21/88 [00:05<00:17,  3.75it/s, loss=1.505]
  epoch 1/3:  24%|██▍       | 21/88 [00:06<00:17,  3.75it/s, loss=1.508]
  epoch 1/3:  25%|██▌       | 22/88 [00:06<00:17,  3.76it/s, loss=1.508]
  epoch 1/3:  25%|██▌       | 22/88 [00:06<00:17,  3.76it/s, loss=1.510]
  epoch 1/3:  26%|██▌       | 23/88 [00:06<00:17,  3.74it/s, loss=1.510]
  epoch 1/3:  26%|██▌       | 23/88 [00:06<00:17,  3.74it/s, loss=1.507]
  epoch 1/3:  27%|██▋       | 24/88 [00:06<00:17,  3.75it/s, loss=1.507]
  epoch 1/3:  27%|██▋       | 24/88 [00:06<00:17,  3.75it/s, loss=1.504]
  epoch 1/3:  28%|██▊       | 25/88 [00:06<00:16,  3.76it/s, loss=1.504]
  epoch 1/3:  28%|██▊       | 25/88 [00:07<00:16,  3.76it/s, loss=1.506]
  epoch 1/3:  30%|██▉       | 26/88 [00:07<00:16,  3.77it/s, loss=1.506]
  epoch 1/3:  30%|██▉       | 26/88 [00:07<00:16,  3.77it/s, loss=1.504]
  epoch 1/3:  31%|███       | 27/88 [00:07<00:16,  3.78it/s, loss=1.504]
  epoch 1/3:  31%|███       | 27/88 [00:07<00:16,  3.78it/s, loss=1.502]
  epoch 1/3:  32%|███▏      | 28/88 [00:07<00:15,  3.78it/s, loss=1.502]
  epoch 1/3:  32%|███▏      | 28/88 [00:07<00:15,  3.78it/s, loss=1.502]
  epoch 1/3:  33%|███▎      | 29/88 [00:07<00:15,  3.78it/s, loss=1.502]
  epoch 1/3:  33%|███▎      | 29/88 [00:08<00:15,  3.78it/s, loss=1.499]
  epoch 1/3:  34%|███▍      | 30/88 [00:08<00:15,  3.79it/s, loss=1.499]
  epoch 1/3:  34%|███▍      | 30/88 [00:08<00:15,  3.79it/s, loss=1.496]
  epoch 1/3:  35%|███▌      | 31/88 [00:08<00:15,  3.79it/s, loss=1.496]
  epoch 1/3:  35%|███▌      | 31/88 [00:08<00:15,  3.79it/s, loss=1.494]
  epoch 1/3:  36%|███▋      | 32/88 [00:08<00:14,  3.74it/s, loss=1.494]
  epoch 1/3:  36%|███▋      | 32/88 [00:08<00:14,  3.74it/s, loss=1.490]
  epoch 1/3:  38%|███▊      | 33/88 [00:08<00:14,  3.75it/s, loss=1.490]
  epoch 1/3:  38%|███▊      | 33/88 [00:09<00:14,  3.75it/s, loss=1.490]
  epoch 1/3:  39%|███▊      | 34/88 [00:09<00:14,  3.74it/s, loss=1.490]
  epoch 1/3:  39%|███▊      | 34/88 [00:09<00:14,  3.74it/s, loss=1.489]
  epoch 1/3:  40%|███▉      | 35/88 [00:09<00:14,  3.75it/s, loss=1.489]
  epoch 1/3:  40%|███▉      | 35/88 [00:09<00:14,  3.75it/s, loss=1.489]
  epoch 1/3:  41%|████      | 36/88 [00:09<00:13,  3.76it/s, loss=1.489]
  epoch 1/3:  41%|████      | 36/88 [00:10<00:13,  3.76it/s, loss=1.486]
  epoch 1/3:  42%|████▏     | 37/88 [00:10<00:13,  3.77it/s, loss=1.486]
  epoch 1/3:  42%|████▏     | 37/88 [00:10<00:13,  3.77it/s, loss=1.484]
  epoch 1/3:  43%|████▎     | 38/88 [00:10<00:13,  3.78it/s, loss=1.484]
  epoch 1/3:  43%|████▎     | 38/88 [00:10<00:13,  3.78it/s, loss=1.481]
  epoch 1/3:  44%|████▍     | 39/88 [00:10<00:12,  3.79it/s, loss=1.481]
  epoch 1/3:  44%|████▍     | 39/88 [00:10<00:12,  3.79it/s, loss=1.479]
  epoch 1/3:  45%|████▌     | 40/88 [00:10<00:12,  3.79it/s, loss=1.479]
  epoch 1/3:  45%|████▌     | 40/88 [00:11<00:12,  3.79it/s, loss=1.478]
  epoch 1/3:  47%|████▋     | 41/88 [00:11<00:12,  3.79it/s, loss=1.478]
  epoch 1/3:  47%|████▋     | 41/88 [00:11<00:12,  3.79it/s, loss=1.476]
  epoch 1/3:  48%|████▊     | 42/88 [00:11<00:12,  3.79it/s, loss=1.476]
  epoch 1/3:  48%|████▊     | 42/88 [00:11<00:12,  3.79it/s, loss=1.475]
  epoch 1/3:  49%|████▉     | 43/88 [00:11<00:11,  3.79it/s, loss=1.475]
  epoch 1/3:  49%|████▉     | 43/88 [00:11<00:11,  3.79it/s, loss=1.473]
  epoch 1/3:  50%|█████     | 44/88 [00:11<00:11,  3.78it/s, loss=1.473]
  epoch 1/3:  50%|█████     | 44/88 [00:12<00:11,  3.78it/s, loss=1.472]
  epoch 1/3:  51%|█████     | 45/88 [00:12<00:11,  3.79it/s, loss=1.472]
  epoch 1/3:  51%|█████     | 45/88 [00:12<00:11,  3.79it/s, loss=1.470]
  epoch 1/3:  52%|█████▏    | 46/88 [00:12<00:11,  3.78it/s, loss=1.470]
  epoch 1/3:  52%|█████▏    | 46/88 [00:12<00:11,  3.78it/s, loss=1.469]
  epoch 1/3:  53%|█████▎    | 47/88 [00:12<00:10,  3.78it/s, loss=1.469]
  epoch 1/3:  53%|█████▎    | 47/88 [00:12<00:10,  3.78it/s, loss=1.472]
  epoch 1/3:  55%|█████▍    | 48/88 [00:12<00:10,  3.74it/s, loss=1.472]
  epoch 1/3:  55%|█████▍    | 48/88 [00:13<00:10,  3.74it/s, loss=1.471]
  epoch 1/3:  56%|█████▌    | 49/88 [00:13<00:10,  3.73it/s, loss=1.471]
  epoch 1/3:  56%|█████▌    | 49/88 [00:13<00:10,  3.73it/s, loss=1.468]
  epoch 1/3:  57%|█████▋    | 50/88 [00:13<00:10,  3.75it/s, loss=1.468]
  epoch 1/3:  57%|█████▋    | 50/88 [00:13<00:10,  3.75it/s, loss=1.467]
  epoch 1/3:  58%|█████▊    | 51/88 [00:13<00:09,  3.76it/s, loss=1.467]
  epoch 1/3:  58%|█████▊    | 51/88 [00:13<00:09,  3.76it/s, loss=1.466]
  epoch 1/3:  59%|█████▉    | 52/88 [00:13<00:09,  3.78it/s, loss=1.466]
  epoch 1/3:  59%|█████▉    | 52/88 [00:14<00:09,  3.78it/s, loss=1.465]
  epoch 1/3:  60%|██████    | 53/88 [00:14<00:09,  3.78it/s, loss=1.465]
  epoch 1/3:  60%|██████    | 53/88 [00:14<00:09,  3.78it/s, loss=1.464]
  epoch 1/3:  61%|██████▏   | 54/88 [00:14<00:08,  3.78it/s, loss=1.464]
  epoch 1/3:  61%|██████▏   | 54/88 [00:14<00:08,  3.78it/s, loss=1.462]
  epoch 1/3:  62%|██████▎   | 55/88 [00:14<00:08,  3.78it/s, loss=1.462]
  epoch 1/3:  62%|██████▎   | 55/88 [00:15<00:08,  3.78it/s, loss=1.461]
  epoch 1/3:  64%|██████▎   | 56/88 [00:15<00:08,  3.79it/s, loss=1.461]
  epoch 1/3:  64%|██████▎   | 56/88 [00:15<00:08,  3.79it/s, loss=1.461]
  epoch 1/3:  65%|██████▍   | 57/88 [00:15<00:08,  3.78it/s, loss=1.461]
  epoch 1/3:  65%|██████▍   | 57/88 [00:15<00:08,  3.78it/s, loss=1.458]
  epoch 1/3:  66%|██████▌   | 58/88 [00:15<00:07,  3.78it/s, loss=1.458]
  epoch 1/3:  66%|██████▌   | 58/88 [00:15<00:07,  3.78it/s, loss=1.455]
  epoch 1/3:  67%|██████▋   | 59/88 [00:15<00:07,  3.79it/s, loss=1.455]
  epoch 1/3:  67%|██████▋   | 59/88 [00:16<00:07,  3.79it/s, loss=1.454]
  epoch 1/3:  68%|██████▊   | 60/88 [00:16<00:07,  3.78it/s, loss=1.454]
  epoch 1/3:  68%|██████▊   | 60/88 [00:16<00:07,  3.78it/s, loss=1.453]
  epoch 1/3:  69%|██████▉   | 61/88 [00:16<00:07,  3.77it/s, loss=1.453]
  epoch 1/3:  69%|██████▉   | 61/88 [00:16<00:07,  3.77it/s, loss=1.453]
  epoch 1/3:  70%|███████   | 62/88 [00:16<00:06,  3.77it/s, loss=1.453]
  epoch 1/3:  70%|███████   | 62/88 [00:16<00:06,  3.77it/s, loss=1.453]
  epoch 1/3:  72%|███████▏  | 63/88 [00:16<00:06,  3.77it/s, loss=1.453]
  epoch 1/3:  72%|███████▏  | 63/88 [00:17<00:06,  3.77it/s, loss=1.451]
  epoch 1/3:  73%|███████▎  | 64/88 [00:17<00:06,  3.72it/s, loss=1.451]
  epoch 1/3:  73%|███████▎  | 64/88 [00:17<00:06,  3.72it/s, loss=1.451]
  epoch 1/3:  74%|███████▍  | 65/88 [00:17<00:06,  3.75it/s, loss=1.451]
  epoch 1/3:  74%|███████▍  | 65/88 [00:17<00:06,  3.75it/s, loss=1.450]
  epoch 1/3:  75%|███████▌  | 66/88 [00:17<00:05,  3.77it/s, loss=1.450]
  epoch 1/3:  75%|███████▌  | 66/88 [00:17<00:05,  3.77it/s, loss=1.451]
  epoch 1/3:  76%|███████▌  | 67/88 [00:17<00:05,  3.77it/s, loss=1.451]
  epoch 1/3:  76%|███████▌  | 67/88 [00:18<00:05,  3.77it/s, loss=1.449]
  epoch 1/3:  77%|███████▋  | 68/88 [00:18<00:05,  3.78it/s, loss=1.449]
  epoch 1/3:  77%|███████▋  | 68/88 [00:18<00:05,  3.78it/s, loss=1.449]
  epoch 1/3:  78%|███████▊  | 69/88 [00:18<00:05,  3.78it/s, loss=1.449]
  epoch 1/3:  78%|███████▊  | 69/88 [00:18<00:05,  3.78it/s, loss=1.448]
  epoch 1/3:  80%|███████▉  | 70/88 [00:18<00:04,  3.78it/s, loss=1.448]
  epoch 1/3:  80%|███████▉  | 70/88 [00:19<00:04,  3.78it/s, loss=1.447]
  epoch 1/3:  81%|████████  | 71/88 [00:19<00:04,  3.79it/s, loss=1.447]
  epoch 1/3:  81%|████████  | 71/88 [00:19<00:04,  3.79it/s, loss=1.447]
  epoch 1/3:  82%|████████▏ | 72/88 [00:19<00:04,  3.79it/s, loss=1.447]
  epoch 1/3:  82%|████████▏ | 72/88 [00:19<00:04,  3.79it/s, loss=1.447]
  epoch 1/3:  83%|████████▎ | 73/88 [00:19<00:03,  3.80it/s, loss=1.447]
  epoch 1/3:  83%|████████▎ | 73/88 [00:19<00:03,  3.80it/s, loss=1.445]
  epoch 1/3:  84%|████████▍ | 74/88 [00:19<00:03,  3.80it/s, loss=1.445]
  epoch 1/3:  84%|████████▍ | 74/88 [00:20<00:03,  3.80it/s, loss=1.443]
  epoch 1/3:  85%|████████▌ | 75/88 [00:20<00:03,  3.80it/s, loss=1.443]
  epoch 1/3:  85%|████████▌ | 75/88 [00:20<00:03,  3.80it/s, loss=1.442]
  epoch 1/3:  86%|████████▋ | 76/88 [00:20<00:03,  3.80it/s, loss=1.442]
  epoch 1/3:  86%|████████▋ | 76/88 [00:20<00:03,  3.80it/s, loss=1.441]
  epoch 1/3:  88%|████████▊ | 77/88 [00:20<00:02,  3.80it/s, loss=1.441]
  epoch 1/3:  88%|████████▊ | 77/88 [00:20<00:02,  3.80it/s, loss=1.440]
  epoch 1/3:  89%|████████▊ | 78/88 [00:20<00:02,  3.79it/s, loss=1.440]
  epoch 1/3:  89%|████████▊ | 78/88 [00:21<00:02,  3.79it/s, loss=1.439]
  epoch 1/3:  90%|████████▉ | 79/88 [00:21<00:02,  3.79it/s, loss=1.439]
  epoch 1/3:  90%|████████▉ | 79/88 [00:21<00:02,  3.79it/s, loss=1.437]
  epoch 1/3:  91%|█████████ | 80/88 [00:21<00:02,  3.74it/s, loss=1.437]
  epoch 1/3:  91%|█████████ | 80/88 [00:21<00:02,  3.74it/s, loss=1.436]
  epoch 1/3:  92%|█████████▏| 81/88 [00:21<00:01,  3.76it/s, loss=1.436]
  epoch 1/3:  92%|█████████▏| 81/88 [00:21<00:01,  3.76it/s, loss=1.435]
  epoch 1/3:  93%|█████████▎| 82/88 [00:21<00:01,  3.77it/s, loss=1.435]
  epoch 1/3:  93%|█████████▎| 82/88 [00:22<00:01,  3.77it/s, loss=1.434]
  epoch 1/3:  94%|█████████▍| 83/88 [00:22<00:01,  3.77it/s, loss=1.434]
  epoch 1/3:  94%|█████████▍| 83/88 [00:22<00:01,  3.77it/s, loss=1.433]
  epoch 1/3:  95%|█████████▌| 84/88 [00:22<00:01,  3.79it/s, loss=1.433]
  epoch 1/3:  95%|█████████▌| 84/88 [00:22<00:01,  3.79it/s, loss=1.432]
  epoch 1/3:  97%|█████████▋| 85/88 [00:22<00:00,  3.79it/s, loss=1.432]
  epoch 1/3:  97%|█████████▋| 85/88 [00:22<00:00,  3.79it/s, loss=1.431]
  epoch 1/3:  98%|█████████▊| 86/88 [00:22<00:00,  3.80it/s, loss=1.431]
  epoch 1/3:  98%|█████████▊| 86/88 [00:23<00:00,  3.80it/s, loss=1.429]
  epoch 1/3:  99%|█████████▉| 87/88 [00:23<00:00,  3.80it/s, loss=1.429]
  epoch 1/3:  99%|█████████▉| 87/88 [00:23<00:00,  3.80it/s, loss=1.429]
  epoch 1/3: 100%|██████████| 88/88 [00:23<00:00,  4.17it/s, loss=1.429]
                                                                        

  epoch 2/3:   0%|          | 0/88 [00:00<?, ?it/s]
  epoch 2/3:   0%|          | 0/88 [00:00<?, ?it/s, loss=1.343]
  epoch 2/3:   1%|          | 1/88 [00:00<00:40,  2.13it/s, loss=1.343]
  epoch 2/3:   1%|          | 1/88 [00:00<00:40,  2.13it/s, loss=1.363]
  epoch 2/3:   2%|▏         | 2/88 [00:00<00:30,  2.86it/s, loss=1.363]
  epoch 2/3:   2%|▏         | 2/88 [00:00<00:30,  2.86it/s, loss=1.332]
  epoch 2/3:   3%|▎         | 3/88 [00:00<00:26,  3.23it/s, loss=1.332]
  epoch 2/3:   3%|▎         | 3/88 [00:01<00:26,  3.23it/s, loss=1.331]
  epoch 2/3:   5%|▍         | 4/88 [00:01<00:24,  3.42it/s, loss=1.331]
  epoch 2/3:   5%|▍         | 4/88 [00:01<00:24,  3.42it/s, loss=1.316]
  epoch 2/3:   6%|▌         | 5/88 [00:01<00:23,  3.55it/s, loss=1.316]
  epoch 2/3:   6%|▌         | 5/88 [00:01<00:23,  3.55it/s, loss=1.315]
  epoch 2/3:   7%|▋         | 6/88 [00:01<00:22,  3.63it/s, loss=1.315]
  epoch 2/3:   7%|▋         | 6/88 [00:02<00:22,  3.63it/s, loss=1.327]
  epoch 2/3:   8%|▊         | 7/88 [00:02<00:22,  3.68it/s, loss=1.327]
  epoch 2/3:   8%|▊         | 7/88 [00:02<00:22,  3.68it/s, loss=1.332]
  epoch 2/3:   9%|▉         | 8/88 [00:02<00:21,  3.67it/s, loss=1.332]
  epoch 2/3:   9%|▉         | 8/88 [00:02<00:21,  3.67it/s, loss=1.320]
  epoch 2/3:  10%|█         | 9/88 [00:02<00:21,  3.71it/s, loss=1.320]
  epoch 2/3:  10%|█         | 9/88 [00:02<00:21,  3.71it/s, loss=1.308]
  epoch 2/3:  11%|█▏        | 10/88 [00:02<00:20,  3.72it/s, loss=1.308]
  epoch 2/3:  11%|█▏        | 10/88 [00:03<00:20,  3.72it/s, loss=1.315]
  epoch 2/3:  12%|█▎        | 11/88 [00:03<00:20,  3.72it/s, loss=1.315]
  epoch 2/3:  12%|█▎        | 11/88 [00:03<00:20,  3.72it/s, loss=1.317]
  epoch 2/3:  14%|█▎        | 12/88 [00:03<00:20,  3.74it/s, loss=1.317]
  epoch 2/3:  14%|█▎        | 12/88 [00:03<00:20,  3.74it/s, loss=1.319]
  epoch 2/3:  15%|█▍        | 13/88 [00:03<00:19,  3.76it/s, loss=1.319]
  epoch 2/3:  15%|█▍        | 13/88 [00:03<00:19,  3.76it/s, loss=1.311]
  epoch 2/3:  16%|█▌        | 14/88 [00:03<00:19,  3.77it/s, loss=1.311]
  epoch 2/3:  16%|█▌        | 14/88 [00:04<00:19,  3.77it/s, loss=1.317]
  epoch 2/3:  17%|█▋        | 15/88 [00:04<00:19,  3.78it/s, loss=1.317]
  epoch 2/3:  17%|█▋        | 15/88 [00:04<00:19,  3.78it/s, loss=1.316]
  epoch 2/3:  18%|█▊        | 16/88 [00:04<00:19,  3.78it/s, loss=1.316]
  epoch 2/3:  18%|█▊        | 16/88 [00:04<00:19,  3.78it/s, loss=1.315]
  epoch 2/3:  19%|█▉        | 17/88 [00:04<00:18,  3.78it/s, loss=1.315]
  epoch 2/3:  19%|█▉        | 17/88 [00:04<00:18,  3.78it/s, loss=1.314]
  epoch 2/3:  20%|██        | 18/88 [00:04<00:18,  3.79it/s, loss=1.314]
  epoch 2/3:  20%|██        | 18/88 [00:05<00:18,  3.79it/s, loss=1.308]
  epoch 2/3:  22%|██▏       | 19/88 [00:05<00:18,  3.79it/s, loss=1.308]
  epoch 2/3:  22%|██▏       | 19/88 [00:05<00:18,  3.79it/s, loss=1.311]
  epoch 2/3:  23%|██▎       | 20/88 [00:05<00:17,  3.79it/s, loss=1.311]
  epoch 2/3:  23%|██▎       | 20/88 [00:05<00:17,  3.79it/s, loss=1.310]
  epoch 2/3:  24%|██▍       | 21/88 [00:05<00:17,  3.79it/s, loss=1.310]
  epoch 2/3:  24%|██▍       | 21/88 [00:06<00:17,  3.79it/s, loss=1.307]
  epoch 2/3:  25%|██▌       | 22/88 [00:06<00:17,  3.80it/s, loss=1.307]
  epoch 2/3:  25%|██▌       | 22/88 [00:06<00:17,  3.80it/s, loss=1.305]
  epoch 2/3:  26%|██▌       | 23/88 [00:06<00:17,  3.79it/s, loss=1.305]
  epoch 2/3:  26%|██▌       | 23/88 [00:06<00:17,  3.79it/s, loss=1.301]
  epoch 2/3:  27%|██▋       | 24/88 [00:06<00:17,  3.75it/s, loss=1.301]
  epoch 2/3:  27%|██▋       | 24/88 [00:06<00:17,  3.75it/s, loss=1.294]
  epoch 2/3:  28%|██▊       | 25/88 [00:06<00:16,  3.76it/s, loss=1.294]
  epoch 2/3:  28%|██▊       | 25/88 [00:07<00:16,  3.76it/s, loss=1.293]
  epoch 2/3:  30%|██▉       | 26/88 [00:07<00:16,  3.77it/s, loss=1.293]
  epoch 2/3:  30%|██▉       | 26/88 [00:07<00:16,  3.77it/s, loss=1.292]
  epoch 2/3:  31%|███       | 27/88 [00:07<00:16,  3.76it/s, loss=1.292]
  epoch 2/3:  31%|███       | 27/88 [00:07<00:16,  3.76it/s, loss=1.294]
  epoch 2/3:  32%|███▏      | 28/88 [00:07<00:15,  3.76it/s, loss=1.294]
  epoch 2/3:  32%|███▏      | 28/88 [00:07<00:15,  3.76it/s, loss=1.290]
  epoch 2/3:  33%|███▎      | 29/88 [00:07<00:15,  3.76it/s, loss=1.290]
  epoch 2/3:  33%|███▎      | 29/88 [00:08<00:15,  3.76it/s, loss=1.291]
  epoch 2/3:  34%|███▍      | 30/88 [00:08<00:15,  3.78it/s, loss=1.291]
  epoch 2/3:  34%|███▍      | 30/88 [00:08<00:15,  3.78it/s, loss=1.285]
  epoch 2/3:  35%|███▌      | 31/88 [00:08<00:15,  3.78it/s, loss=1.285]
  epoch 2/3:  35%|███▌      | 31/88 [00:08<00:15,  3.78it/s, loss=1.283]
  epoch 2/3:  36%|███▋      | 32/88 [00:08<00:14,  3.78it/s, loss=1.283]
  epoch 2/3:  36%|███▋      | 32/88 [00:09<00:14,  3.78it/s, loss=1.280]
  epoch 2/3:  38%|███▊      | 33/88 [00:09<00:19,  2.84it/s, loss=1.280]
  epoch 2/3:  38%|███▊      | 33/88 [00:09<00:19,  2.84it/s, loss=1.282]
  epoch 2/3:  39%|███▊      | 34/88 [00:09<00:17,  3.05it/s, loss=1.282]
  epoch 2/3:  39%|███▊      | 34/88 [00:09<00:17,  3.05it/s, loss=1.281]
  epoch 2/3:  40%|███▉      | 35/88 [00:09<00:16,  3.24it/s, loss=1.281]
  epoch 2/3:  40%|███▉      | 35/88 [00:10<00:16,  3.24it/s, loss=1.281]
  epoch 2/3:  41%|████      | 36/88 [00:10<00:15,  3.39it/s, loss=1.281]
  epoch 2/3:  41%|████      | 36/88 [00:10<00:15,  3.39it/s, loss=1.282]
  epoch 2/3:  42%|████▏     | 37/88 [00:10<00:14,  3.50it/s, loss=1.282]
  epoch 2/3:  42%|████▏     | 37/88 [00:10<00:14,  3.50it/s, loss=1.281]
  epoch 2/3:  43%|████▎     | 38/88 [00:10<00:13,  3.59it/s, loss=1.281]
  epoch 2/3:  43%|████▎     | 38/88 [00:10<00:13,  3.59it/s, loss=1.281]
  epoch 2/3:  44%|████▍     | 39/88 [00:10<00:13,  3.65it/s, loss=1.281]
  epoch 2/3:  44%|████▍     | 39/88 [00:11<00:13,  3.65it/s, loss=1.282]
  epoch 2/3:  45%|████▌     | 40/88 [00:11<00:13,  3.64it/s, loss=1.282]
  epoch 2/3:  45%|████▌     | 40/88 [00:11<00:13,  3.64it/s, loss=1.281]
  epoch 2/3:  47%|████▋     | 41/88 [00:11<00:12,  3.69it/s, loss=1.281]
  epoch 2/3:  47%|████▋     | 41/88 [00:11<00:12,  3.69it/s, loss=1.281]
  epoch 2/3:  48%|████▊     | 42/88 [00:11<00:12,  3.71it/s, loss=1.281]
  epoch 2/3:  48%|████▊     | 42/88 [00:11<00:12,  3.71it/s, loss=1.281]
  epoch 2/3:  49%|████▉     | 43/88 [00:11<00:12,  3.71it/s, loss=1.281]
  epoch 2/3:  49%|████▉     | 43/88 [00:12<00:12,  3.71it/s, loss=1.280]
  epoch 2/3:  50%|█████     | 44/88 [00:12<00:11,  3.73it/s, loss=1.280]
  epoch 2/3:  50%|█████     | 44/88 [00:12<00:11,  3.73it/s, loss=1.282]
  epoch 2/3:  51%|█████     | 45/88 [00:12<00:11,  3.74it/s, loss=1.282]
  epoch 2/3:  51%|█████     | 45/88 [00:12<00:11,  3.74it/s, loss=1.281]
  epoch 2/3:  52%|█████▏    | 46/88 [00:12<00:11,  3.75it/s, loss=1.281]
  epoch 2/3:  52%|█████▏    | 46/88 [00:12<00:11,  3.75it/s, loss=1.278]
  epoch 2/3:  53%|█████▎    | 47/88 [00:12<00:10,  3.77it/s, loss=1.278]
  epoch 2/3:  53%|█████▎    | 47/88 [00:13<00:10,  3.77it/s, loss=1.278]
  epoch 2/3:  55%|█████▍    | 48/88 [00:13<00:10,  3.78it/s, loss=1.278]
  epoch 2/3:  55%|█████▍    | 48/88 [00:13<00:10,  3.78it/s, loss=1.279]
  epoch 2/3:  56%|█████▌    | 49/88 [00:13<00:10,  3.78it/s, loss=1.279]
  epoch 2/3:  56%|█████▌    | 49/88 [00:13<00:10,  3.78it/s, loss=1.276]
  epoch 2/3:  57%|█████▋    | 50/88 [00:13<00:10,  3.79it/s, loss=1.276]
  epoch 2/3:  57%|█████▋    | 50/88 [00:14<00:10,  3.79it/s, loss=1.276]
  epoch 2/3:  58%|█████▊    | 51/88 [00:14<00:09,  3.79it/s, loss=1.276]
  epoch 2/3:  58%|█████▊    | 51/88 [00:14<00:09,  3.79it/s, loss=1.275]
  epoch 2/3:  59%|█████▉    | 52/88 [00:14<00:09,  3.79it/s, loss=1.275]
  epoch 2/3:  59%|█████▉    | 52/88 [00:14<00:09,  3.79it/s, loss=1.275]
  epoch 2/3:  60%|██████    | 53/88 [00:14<00:09,  3.80it/s, loss=1.275]
  epoch 2/3:  60%|██████    | 53/88 [00:14<00:09,  3.80it/s, loss=1.276]
  epoch 2/3:  61%|██████▏   | 54/88 [00:14<00:08,  3.80it/s, loss=1.276]
  epoch 2/3:  61%|██████▏   | 54/88 [00:15<00:08,  3.80it/s, loss=1.275]
  epoch 2/3:  62%|██████▎   | 55/88 [00:15<00:08,  3.80it/s, loss=1.275]
  epoch 2/3:  62%|██████▎   | 55/88 [00:15<00:08,  3.80it/s, loss=1.273]
  epoch 2/3:  64%|██████▎   | 56/88 [00:15<00:08,  3.75it/s, loss=1.273]
  epoch 2/3:  64%|██████▎   | 56/88 [00:15<00:08,  3.75it/s, loss=1.272]
  epoch 2/3:  65%|██████▍   | 57/88 [00:15<00:08,  3.75it/s, loss=1.272]
  epoch 2/3:  65%|██████▍   | 57/88 [00:15<00:08,  3.75it/s, loss=1.271]
  epoch 2/3:  66%|██████▌   | 58/88 [00:15<00:07,  3.75it/s, loss=1.271]
  epoch 2/3:  66%|██████▌   | 58/88 [00:16<00:07,  3.75it/s, loss=1.270]
  epoch 2/3:  67%|██████▋   | 59/88 [00:16<00:07,  3.77it/s, loss=1.270]
  epoch 2/3:  67%|██████▋   | 59/88 [00:16<00:07,  3.77it/s, loss=1.269]
  epoch 2/3:  68%|██████▊   | 60/88 [00:16<00:07,  3.78it/s, loss=1.269]
  epoch 2/3:  68%|██████▊   | 60/88 [00:16<00:07,  3.78it/s, loss=1.268]
  epoch 2/3:  69%|██████▉   | 61/88 [00:16<00:07,  3.78it/s, loss=1.268]
  epoch 2/3:  69%|██████▉   | 61/88 [00:16<00:07,  3.78it/s, loss=1.266]
  epoch 2/3:  70%|███████   | 62/88 [00:16<00:06,  3.78it/s, loss=1.266]
  epoch 2/3:  70%|███████   | 62/88 [00:17<00:06,  3.78it/s, loss=1.265]
  epoch 2/3:  72%|███████▏  | 63/88 [00:17<00:06,  3.79it/s, loss=1.265]
  epoch 2/3:  72%|███████▏  | 63/88 [00:17<00:06,  3.79it/s, loss=1.264]
  epoch 2/3:  73%|███████▎  | 64/88 [00:17<00:06,  3.79it/s, loss=1.264]
  epoch 2/3:  73%|███████▎  | 64/88 [00:17<00:06,  3.79it/s, loss=1.265]
  epoch 2/3:  74%|███████▍  | 65/88 [00:17<00:06,  3.79it/s, loss=1.265]
  epoch 2/3:  74%|███████▍  | 65/88 [00:17<00:06,  3.79it/s, loss=1.265]
  epoch 2/3:  75%|███████▌  | 66/88 [00:17<00:05,  3.80it/s, loss=1.265]
  epoch 2/3:  75%|███████▌  | 66/88 [00:18<00:05,  3.80it/s, loss=1.263]
  epoch 2/3:  76%|███████▌  | 67/88 [00:18<00:05,  3.80it/s, loss=1.263]
  epoch 2/3:  76%|███████▌  | 67/88 [00:18<00:05,  3.80it/s, loss=1.262]
  epoch 2/3:  77%|███████▋  | 68/88 [00:18<00:05,  3.80it/s, loss=1.262]
  epoch 2/3:  77%|███████▋  | 68/88 [00:18<00:05,  3.80it/s, loss=1.261]
  epoch 2/3:  78%|███████▊  | 69/88 [00:18<00:05,  3.80it/s, loss=1.261]
  epoch 2/3:  78%|███████▊  | 69/88 [00:19<00:05,  3.80it/s, loss=1.260]
  epoch 2/3:  80%|███████▉  | 70/88 [00:19<00:04,  3.80it/s, loss=1.260]
  epoch 2/3:  80%|███████▉  | 70/88 [00:19<00:04,  3.80it/s, loss=1.258]
  epoch 2/3:  81%|████████  | 71/88 [00:19<00:04,  3.80it/s, loss=1.258]
  epoch 2/3:  81%|████████  | 71/88 [00:19<00:04,  3.80it/s, loss=1.258]
  epoch 2/3:  82%|████████▏ | 72/88 [00:19<00:04,  3.75it/s, loss=1.258]
  epoch 2/3:  82%|████████▏ | 72/88 [00:19<00:04,  3.75it/s, loss=1.257]
  epoch 2/3:  83%|████████▎ | 73/88 [00:19<00:03,  3.75it/s, loss=1.257]
  epoch 2/3:  83%|████████▎ | 73/88 [00:20<00:03,  3.75it/s, loss=1.255]
  epoch 2/3:  84%|████████▍ | 74/88 [00:20<00:03,  3.74it/s, loss=1.255]
  epoch 2/3:  84%|████████▍ | 74/88 [00:20<00:03,  3.74it/s, loss=1.255]
  epoch 2/3:  85%|████████▌ | 75/88 [00:20<00:03,  3.76it/s, loss=1.255]
  epoch 2/3:  85%|████████▌ | 75/88 [00:20<00:03,  3.76it/s, loss=1.254]
  epoch 2/3:  86%|████████▋ | 76/88 [00:20<00:03,  3.77it/s, loss=1.254]
  epoch 2/3:  86%|████████▋ | 76/88 [00:20<00:03,  3.77it/s, loss=1.253]
  epoch 2/3:  88%|████████▊ | 77/88 [00:20<00:02,  3.78it/s, loss=1.253]
  epoch 2/3:  88%|████████▊ | 77/88 [00:21<00:02,  3.78it/s, loss=1.253]
  epoch 2/3:  89%|████████▊ | 78/88 [00:21<00:02,  3.79it/s, loss=1.253]
  epoch 2/3:  89%|████████▊ | 78/88 [00:21<00:02,  3.79it/s, loss=1.253]
  epoch 2/3:  90%|████████▉ | 79/88 [00:21<00:02,  3.79it/s, loss=1.253]
  epoch 2/3:  90%|████████▉ | 79/88 [00:21<00:02,  3.79it/s, loss=1.252]
  epoch 2/3:  91%|█████████ | 80/88 [00:21<00:02,  3.79it/s, loss=1.252]
  epoch 2/3:  91%|█████████ | 80/88 [00:21<00:02,  3.79it/s, loss=1.250]
  epoch 2/3:  92%|█████████▏| 81/88 [00:21<00:01,  3.79it/s, loss=1.250]
  epoch 2/3:  92%|█████████▏| 81/88 [00:22<00:01,  3.79it/s, loss=1.249]
  epoch 2/3:  93%|█████████▎| 82/88 [00:22<00:01,  3.80it/s, loss=1.249]
  epoch 2/3:  93%|█████████▎| 82/88 [00:22<00:01,  3.80it/s, loss=1.249]
  epoch 2/3:  94%|█████████▍| 83/88 [00:22<00:01,  3.80it/s, loss=1.249]
  epoch 2/3:  94%|█████████▍| 83/88 [00:22<00:01,  3.80it/s, loss=1.248]
  epoch 2/3:  95%|█████████▌| 84/88 [00:22<00:01,  3.80it/s, loss=1.248]
  epoch 2/3:  95%|█████████▌| 84/88 [00:22<00:01,  3.80it/s, loss=1.247]
  epoch 2/3:  97%|█████████▋| 85/88 [00:22<00:00,  3.80it/s, loss=1.247]
  epoch 2/3:  97%|█████████▋| 85/88 [00:23<00:00,  3.80it/s, loss=1.246]
  epoch 2/3:  98%|█████████▊| 86/88 [00:23<00:00,  3.80it/s, loss=1.246]
  epoch 2/3:  98%|█████████▊| 86/88 [00:23<00:00,  3.80it/s, loss=1.245]
  epoch 2/3:  99%|█████████▉| 87/88 [00:23<00:00,  3.80it/s, loss=1.245]
  epoch 2/3:  99%|█████████▉| 87/88 [00:23<00:00,  3.80it/s, loss=1.244]
  epoch 2/3: 100%|██████████| 88/88 [00:23<00:00,  4.09it/s, loss=1.244]
                                                                        

  epoch 3/3:   0%|          | 0/88 [00:00<?, ?it/s]
  epoch 3/3:   0%|          | 0/88 [00:00<?, ?it/s, loss=1.197]
  epoch 3/3:   1%|          | 1/88 [00:00<00:41,  2.08it/s, loss=1.197]
  epoch 3/3:   1%|          | 1/88 [00:00<00:41,  2.08it/s, loss=1.193]
  epoch 3/3:   2%|▏         | 2/88 [00:00<00:30,  2.84it/s, loss=1.193]
  epoch 3/3:   2%|▏         | 2/88 [00:01<00:30,  2.84it/s, loss=1.178]
  epoch 3/3:   3%|▎         | 3/88 [00:01<00:26,  3.21it/s, loss=1.178]
  epoch 3/3:   3%|▎         | 3/88 [00:01<00:26,  3.21it/s, loss=1.161]
  epoch 3/3:   5%|▍         | 4/88 [00:01<00:24,  3.41it/s, loss=1.161]
  epoch 3/3:   5%|▍         | 4/88 [00:01<00:24,  3.41it/s, loss=1.164]
  epoch 3/3:   6%|▌         | 5/88 [00:01<00:23,  3.55it/s, loss=1.164]
  epoch 3/3:   6%|▌         | 5/88 [00:01<00:23,  3.55it/s, loss=1.167]
  epoch 3/3:   7%|▋         | 6/88 [00:01<00:22,  3.63it/s, loss=1.167]
  epoch 3/3:   7%|▋         | 6/88 [00:02<00:22,  3.63it/s, loss=1.170]
  epoch 3/3:   8%|▊         | 7/88 [00:02<00:21,  3.68it/s, loss=1.170]
  epoch 3/3:   8%|▊         | 7/88 [00:02<00:21,  3.68it/s, loss=1.183]
  epoch 3/3:   9%|▉         | 8/88 [00:02<00:21,  3.72it/s, loss=1.183]
  epoch 3/3:   9%|▉         | 8/88 [00:02<00:21,  3.72it/s, loss=1.195]
  epoch 3/3:  10%|█         | 9/88 [00:02<00:21,  3.74it/s, loss=1.195]
  epoch 3/3:  10%|█         | 9/88 [00:02<00:21,  3.74it/s, loss=1.187]
  epoch 3/3:  11%|█▏        | 10/88 [00:02<00:20,  3.76it/s, loss=1.187]
  epoch 3/3:  11%|█▏        | 10/88 [00:03<00:20,  3.76it/s, loss=1.187]
  epoch 3/3:  12%|█▎        | 11/88 [00:03<00:20,  3.77it/s, loss=1.187]
  epoch 3/3:  12%|█▎        | 11/88 [00:03<00:20,  3.77it/s, loss=1.182]
  epoch 3/3:  14%|█▎        | 12/88 [00:03<00:20,  3.78it/s, loss=1.182]
  epoch 3/3:  14%|█▎        | 12/88 [00:03<00:20,  3.78it/s, loss=1.183]
  epoch 3/3:  15%|█▍        | 13/88 [00:03<00:19,  3.79it/s, loss=1.183]
  epoch 3/3:  15%|█▍        | 13/88 [00:03<00:19,  3.79it/s, loss=1.181]
  epoch 3/3:  16%|█▌        | 14/88 [00:03<00:19,  3.79it/s, loss=1.181]
  epoch 3/3:  16%|█▌        | 14/88 [00:04<00:19,  3.79it/s, loss=1.183]
  epoch 3/3:  17%|█▋        | 15/88 [00:04<00:19,  3.79it/s, loss=1.183]
  epoch 3/3:  17%|█▋        | 15/88 [00:04<00:19,  3.79it/s, loss=1.181]
  epoch 3/3:  18%|█▊        | 16/88 [00:04<00:19,  3.74it/s, loss=1.181]
  epoch 3/3:  18%|█▊        | 16/88 [00:04<00:19,  3.74it/s, loss=1.185]
  epoch 3/3:  19%|█▉        | 17/88 [00:04<00:18,  3.76it/s, loss=1.185]
  epoch 3/3:  19%|█▉        | 17/88 [00:04<00:18,  3.76it/s, loss=1.193]
  epoch 3/3:  20%|██        | 18/88 [00:04<00:18,  3.74it/s, loss=1.193]
  epoch 3/3:  20%|██        | 18/88 [00:05<00:18,  3.74it/s, loss=1.192]
  epoch 3/3:  22%|██▏       | 19/88 [00:05<00:18,  3.76it/s, loss=1.192]
  epoch 3/3:  22%|██▏       | 19/88 [00:05<00:18,  3.76it/s, loss=1.193]
  epoch 3/3:  23%|██▎       | 20/88 [00:05<00:18,  3.77it/s, loss=1.193]
  epoch 3/3:  23%|██▎       | 20/88 [00:05<00:18,  3.77it/s, loss=1.191]
  epoch 3/3:  24%|██▍       | 21/88 [00:05<00:17,  3.78it/s, loss=1.191]
  epoch 3/3:  24%|██▍       | 21/88 [00:06<00:17,  3.78it/s, loss=1.185]
  epoch 3/3:  25%|██▌       | 22/88 [00:06<00:17,  3.78it/s, loss=1.185]
  epoch 3/3:  25%|██▌       | 22/88 [00:06<00:17,  3.78it/s, loss=1.183]
  epoch 3/3:  26%|██▌       | 23/88 [00:06<00:17,  3.78it/s, loss=1.183]
  epoch 3/3:  26%|██▌       | 23/88 [00:06<00:17,  3.78it/s, loss=1.180]
  epoch 3/3:  27%|██▋       | 24/88 [00:06<00:16,  3.80it/s, loss=1.180]
  epoch 3/3:  27%|██▋       | 24/88 [00:06<00:16,  3.80it/s, loss=1.180]
  epoch 3/3:  28%|██▊       | 25/88 [00:06<00:16,  3.80it/s, loss=1.180]
  epoch 3/3:  28%|██▊       | 25/88 [00:07<00:16,  3.80it/s, loss=1.178]
  epoch 3/3:  30%|██▉       | 26/88 [00:07<00:16,  3.79it/s, loss=1.178]
  epoch 3/3:  30%|██▉       | 26/88 [00:07<00:16,  3.79it/s, loss=1.176]
  epoch 3/3:  31%|███       | 27/88 [00:07<00:16,  3.79it/s, loss=1.176]
  epoch 3/3:  31%|███       | 27/88 [00:07<00:16,  3.79it/s, loss=1.171]
  epoch 3/3:  32%|███▏      | 28/88 [00:07<00:15,  3.80it/s, loss=1.171]
  epoch 3/3:  32%|███▏      | 28/88 [00:07<00:15,  3.80it/s, loss=1.167]
  epoch 3/3:  33%|███▎      | 29/88 [00:07<00:15,  3.79it/s, loss=1.167]
  epoch 3/3:  33%|███▎      | 29/88 [00:08<00:15,  3.79it/s, loss=1.163]
  epoch 3/3:  34%|███▍      | 30/88 [00:08<00:15,  3.80it/s, loss=1.163]
  epoch 3/3:  34%|███▍      | 30/88 [00:08<00:15,  3.80it/s, loss=1.163]
  epoch 3/3:  35%|███▌      | 31/88 [00:08<00:15,  3.80it/s, loss=1.163]
  epoch 3/3:  35%|███▌      | 31/88 [00:08<00:15,  3.80it/s, loss=1.160]
  epoch 3/3:  36%|███▋      | 32/88 [00:08<00:14,  3.75it/s, loss=1.160]
  epoch 3/3:  36%|███▋      | 32/88 [00:08<00:14,  3.75it/s, loss=1.159]
  epoch 3/3:  38%|███▊      | 33/88 [00:08<00:14,  3.77it/s, loss=1.159]
  epoch 3/3:  38%|███▊      | 33/88 [00:09<00:14,  3.77it/s, loss=1.160]
  epoch 3/3:  39%|███▊      | 34/88 [00:09<00:14,  3.77it/s, loss=1.160]
  epoch 3/3:  39%|███▊      | 34/88 [00:09<00:14,  3.77it/s, loss=1.158]
  epoch 3/3:  40%|███▉      | 35/88 [00:09<00:14,  3.77it/s, loss=1.158]
  epoch 3/3:  40%|███▉      | 35/88 [00:09<00:14,  3.77it/s, loss=1.156]
  epoch 3/3:  41%|████      | 36/88 [00:09<00:13,  3.76it/s, loss=1.156]
  epoch 3/3:  41%|████      | 36/88 [00:09<00:13,  3.76it/s, loss=1.157]
  epoch 3/3:  42%|████▏     | 37/88 [00:09<00:13,  3.77it/s, loss=1.157]
  epoch 3/3:  42%|████▏     | 37/88 [00:10<00:13,  3.77it/s, loss=1.155]
  epoch 3/3:  43%|████▎     | 38/88 [00:10<00:13,  3.78it/s, loss=1.155]
  epoch 3/3:  43%|████▎     | 38/88 [00:10<00:13,  3.78it/s, loss=1.155]
  epoch 3/3:  44%|████▍     | 39/88 [00:10<00:12,  3.79it/s, loss=1.155]
  epoch 3/3:  44%|████▍     | 39/88 [00:10<00:12,  3.79it/s, loss=1.155]
  epoch 3/3:  45%|████▌     | 40/88 [00:10<00:12,  3.79it/s, loss=1.155]
  epoch 3/3:  45%|████▌     | 40/88 [00:11<00:12,  3.79it/s, loss=1.153]
  epoch 3/3:  47%|████▋     | 41/88 [00:11<00:12,  3.79it/s, loss=1.153]
  epoch 3/3:  47%|████▋     | 41/88 [00:11<00:12,  3.79it/s, loss=1.152]
  epoch 3/3:  48%|████▊     | 42/88 [00:11<00:12,  3.79it/s, loss=1.152]
  epoch 3/3:  48%|████▊     | 42/88 [00:11<00:12,  3.79it/s, loss=1.150]
  epoch 3/3:  49%|████▉     | 43/88 [00:11<00:11,  3.79it/s, loss=1.150]
  epoch 3/3:  49%|████▉     | 43/88 [00:11<00:11,  3.79it/s, loss=1.148]
  epoch 3/3:  50%|█████     | 44/88 [00:11<00:11,  3.80it/s, loss=1.148]
  epoch 3/3:  50%|█████     | 44/88 [00:12<00:11,  3.80it/s, loss=1.146]
  epoch 3/3:  51%|█████     | 45/88 [00:12<00:11,  3.80it/s, loss=1.146]
  epoch 3/3:  51%|█████     | 45/88 [00:12<00:11,  3.80it/s, loss=1.143]
  epoch 3/3:  52%|█████▏    | 46/88 [00:12<00:11,  3.80it/s, loss=1.143]
  epoch 3/3:  52%|█████▏    | 46/88 [00:12<00:11,  3.80it/s, loss=1.143]
  epoch 3/3:  53%|█████▎    | 47/88 [00:12<00:10,  3.80it/s, loss=1.143]
  epoch 3/3:  53%|█████▎    | 47/88 [00:12<00:10,  3.80it/s, loss=1.143]
  epoch 3/3:  55%|█████▍    | 48/88 [00:12<00:10,  3.75it/s, loss=1.143]
  epoch 3/3:  55%|█████▍    | 48/88 [00:13<00:10,  3.75it/s, loss=1.143]
  epoch 3/3:  56%|█████▌    | 49/88 [00:13<00:10,  3.76it/s, loss=1.143]
  epoch 3/3:  56%|█████▌    | 49/88 [00:13<00:10,  3.76it/s, loss=1.142]
  epoch 3/3:  57%|█████▋    | 50/88 [00:13<00:10,  3.76it/s, loss=1.142]
  epoch 3/3:  57%|█████▋    | 50/88 [00:13<00:10,  3.76it/s, loss=1.141]
  epoch 3/3:  58%|█████▊    | 51/88 [00:13<00:09,  3.74it/s, loss=1.141]
  epoch 3/3:  58%|█████▊    | 51/88 [00:13<00:09,  3.74it/s, loss=1.141]
  epoch 3/3:  59%|█████▉    | 52/88 [00:13<00:09,  3.76it/s, loss=1.141]
  epoch 3/3:  59%|█████▉    | 52/88 [00:14<00:09,  3.76it/s, loss=1.139]
  epoch 3/3:  60%|██████    | 53/88 [00:14<00:09,  3.77it/s, loss=1.139]
  epoch 3/3:  60%|██████    | 53/88 [00:14<00:09,  3.77it/s, loss=1.138]
  epoch 3/3:  61%|██████▏   | 54/88 [00:14<00:09,  3.77it/s, loss=1.138]
  epoch 3/3:  61%|██████▏   | 54/88 [00:14<00:09,  3.77it/s, loss=1.137]
  epoch 3/3:  62%|██████▎   | 55/88 [00:14<00:08,  3.78it/s, loss=1.137]
  epoch 3/3:  62%|██████▎   | 55/88 [00:15<00:08,  3.78it/s, loss=1.135]
  epoch 3/3:  64%|██████▎   | 56/88 [00:15<00:08,  3.79it/s, loss=1.135]
  epoch 3/3:  64%|██████▎   | 56/88 [00:15<00:08,  3.79it/s, loss=1.135]
  epoch 3/3:  65%|██████▍   | 57/88 [00:15<00:08,  3.79it/s, loss=1.135]
  epoch 3/3:  65%|██████▍   | 57/88 [00:15<00:08,  3.79it/s, loss=1.136]
  epoch 3/3:  66%|██████▌   | 58/88 [00:15<00:07,  3.79it/s, loss=1.136]
  epoch 3/3:  66%|██████▌   | 58/88 [00:15<00:07,  3.79it/s, loss=1.136]
  epoch 3/3:  67%|██████▋   | 59/88 [00:15<00:07,  3.79it/s, loss=1.136]
  epoch 3/3:  67%|██████▋   | 59/88 [00:16<00:07,  3.79it/s, loss=1.136]
  epoch 3/3:  68%|██████▊   | 60/88 [00:16<00:07,  3.79it/s, loss=1.136]
  epoch 3/3:  68%|██████▊   | 60/88 [00:16<00:07,  3.79it/s, loss=1.134]
  epoch 3/3:  69%|██████▉   | 61/88 [00:16<00:07,  3.79it/s, loss=1.134]
  epoch 3/3:  69%|██████▉   | 61/88 [00:16<00:07,  3.79it/s, loss=1.132]
  epoch 3/3:  70%|███████   | 62/88 [00:16<00:06,  3.79it/s, loss=1.132]
  epoch 3/3:  70%|███████   | 62/88 [00:16<00:06,  3.79it/s, loss=1.131]
  epoch 3/3:  72%|███████▏  | 63/88 [00:16<00:06,  3.80it/s, loss=1.131]
  epoch 3/3:  72%|███████▏  | 63/88 [00:17<00:06,  3.80it/s, loss=1.130]
  epoch 3/3:  73%|███████▎  | 64/88 [00:17<00:06,  3.74it/s, loss=1.130]
  epoch 3/3:  73%|███████▎  | 64/88 [00:17<00:06,  3.74it/s, loss=1.129]
  epoch 3/3:  74%|███████▍  | 65/88 [00:17<00:06,  3.74it/s, loss=1.129]
  epoch 3/3:  74%|███████▍  | 65/88 [00:17<00:06,  3.74it/s, loss=1.127]
  epoch 3/3:  75%|███████▌  | 66/88 [00:17<00:05,  3.76it/s, loss=1.127]
  epoch 3/3:  75%|███████▌  | 66/88 [00:17<00:05,  3.76it/s, loss=1.127]
  epoch 3/3:  76%|███████▌  | 67/88 [00:17<00:05,  3.77it/s, loss=1.127]
  epoch 3/3:  76%|███████▌  | 67/88 [00:18<00:05,  3.77it/s, loss=1.126]
  epoch 3/3:  77%|███████▋  | 68/88 [00:18<00:05,  3.77it/s, loss=1.126]
  epoch 3/3:  77%|███████▋  | 68/88 [00:18<00:05,  3.77it/s, loss=1.126]
  epoch 3/3:  78%|███████▊  | 69/88 [00:18<00:05,  3.78it/s, loss=1.126]
  epoch 3/3:  78%|███████▊  | 69/88 [00:18<00:05,  3.78it/s, loss=1.124]
  epoch 3/3:  80%|███████▉  | 70/88 [00:18<00:04,  3.78it/s, loss=1.124]
  epoch 3/3:  80%|███████▉  | 70/88 [00:18<00:04,  3.78it/s, loss=1.124]
  epoch 3/3:  81%|████████  | 71/88 [00:18<00:04,  3.78it/s, loss=1.124]
  epoch 3/3:  81%|████████  | 71/88 [00:19<00:04,  3.78it/s, loss=1.123]
  epoch 3/3:  82%|████████▏ | 72/88 [00:19<00:04,  3.78it/s, loss=1.123]
  epoch 3/3:  82%|████████▏ | 72/88 [00:19<00:04,  3.78it/s, loss=1.122]
  epoch 3/3:  83%|████████▎ | 73/88 [00:19<00:03,  3.79it/s, loss=1.122]
  epoch 3/3:  83%|████████▎ | 73/88 [00:19<00:03,  3.79it/s, loss=1.121]
  epoch 3/3:  84%|████████▍ | 74/88 [00:19<00:03,  3.79it/s, loss=1.121]
  epoch 3/3:  84%|████████▍ | 74/88 [00:20<00:03,  3.79it/s, loss=1.120]
  epoch 3/3:  85%|████████▌ | 75/88 [00:20<00:03,  3.79it/s, loss=1.120]
  epoch 3/3:  85%|████████▌ | 75/88 [00:20<00:03,  3.79it/s, loss=1.119]
  epoch 3/3:  86%|████████▋ | 76/88 [00:20<00:03,  3.79it/s, loss=1.119]
  epoch 3/3:  86%|████████▋ | 76/88 [00:20<00:03,  3.79it/s, loss=1.119]
  epoch 3/3:  88%|████████▊ | 77/88 [00:20<00:02,  3.79it/s, loss=1.119]
  epoch 3/3:  88%|████████▊ | 77/88 [00:20<00:02,  3.79it/s, loss=1.117]
  epoch 3/3:  89%|████████▊ | 78/88 [00:20<00:02,  3.80it/s, loss=1.117]
  epoch 3/3:  89%|████████▊ | 78/88 [00:21<00:02,  3.80it/s, loss=1.116]
  epoch 3/3:  90%|████████▉ | 79/88 [00:21<00:02,  3.80it/s, loss=1.116]
  epoch 3/3:  90%|████████▉ | 79/88 [00:21<00:02,  3.80it/s, loss=1.114]
  epoch 3/3:  91%|█████████ | 80/88 [00:21<00:02,  3.75it/s, loss=1.114]
  epoch 3/3:  91%|█████████ | 80/88 [00:21<00:02,  3.75it/s, loss=1.114]
  epoch 3/3:  92%|█████████▏| 81/88 [00:21<00:01,  3.75it/s, loss=1.114]
  epoch 3/3:  92%|█████████▏| 81/88 [00:21<00:01,  3.75it/s, loss=1.113]
  epoch 3/3:  93%|█████████▎| 82/88 [00:21<00:01,  3.74it/s, loss=1.113]
  epoch 3/3:  93%|█████████▎| 82/88 [00:22<00:01,  3.74it/s, loss=1.112]
  epoch 3/3:  94%|█████████▍| 83/88 [00:22<00:01,  3.77it/s, loss=1.112]
  epoch 3/3:  94%|█████████▍| 83/88 [00:22<00:01,  3.77it/s, loss=1.109]
  epoch 3/3:  95%|█████████▌| 84/88 [00:22<00:01,  3.78it/s, loss=1.109]
  epoch 3/3:  95%|█████████▌| 84/88 [00:22<00:01,  3.78it/s, loss=1.108]
  epoch 3/3:  97%|█████████▋| 85/88 [00:22<00:00,  3.79it/s, loss=1.108]
  epoch 3/3:  97%|█████████▋| 85/88 [00:22<00:00,  3.79it/s, loss=1.107]
  epoch 3/3:  98%|█████████▊| 86/88 [00:22<00:00,  3.79it/s, loss=1.107]
  epoch 3/3:  98%|█████████▊| 86/88 [00:23<00:00,  3.79it/s, loss=1.106]
  epoch 3/3:  99%|█████████▉| 87/88 [00:23<00:00,  3.79it/s, loss=1.106]
  epoch 3/3:  99%|█████████▉| 87/88 [00:23<00:00,  3.79it/s, loss=1.105]
  epoch 3/3: 100%|██████████| 88/88 [00:23<00:00,  4.13it/s, loss=1.105]
                                                                        
[titans] reset=never | norm(state) sau task = 76.0429
[titans]   self-mod v:β=0.94 |W|=0.57
[titans]   eta_t(avg)=-1.3837  alpha_t/forget-gate(avg)=0.9506
[task 6] test acc so far: 0.826  0.591  0.440  0.600  0.366  0.071  0.269
[task 6] NCM-head acc so far: 0.829  0.711  0.723  0.720  0.751  0.729  0.731
[task 7] classes=[2, 13, 16, 19, 40] | train=2800

  epoch 1/3:   0%|          | 0/88 [00:00<?, ?it/s]
  epoch 1/3:   0%|          | 0/88 [00:00<?, ?it/s, loss=1.617]
  epoch 1/3:   1%|          | 1/88 [00:00<00:41,  2.10it/s, loss=1.617]
  epoch 1/3:   1%|          | 1/88 [00:00<00:41,  2.10it/s, loss=1.659]
  epoch 1/3:   2%|▏         | 2/88 [00:00<00:30,  2.84it/s, loss=1.659]
  epoch 1/3:   2%|▏         | 2/88 [00:01<00:30,  2.84it/s, loss=1.630]
  epoch 1/3:   3%|▎         | 3/88 [00:01<00:26,  3.21it/s, loss=1.630]
  epoch 1/3:   3%|▎         | 3/88 [00:01<00:26,  3.21it/s, loss=1.618]
  epoch 1/3:   5%|▍         | 4/88 [00:01<00:24,  3.40it/s, loss=1.618]
  epoch 1/3:   5%|▍         | 4/88 [00:01<00:24,  3.40it/s, loss=1.636]
  epoch 1/3:   6%|▌         | 5/88 [00:01<00:23,  3.52it/s, loss=1.636]
  epoch 1/3:   6%|▌         | 5/88 [00:01<00:23,  3.52it/s, loss=1.611]
  epoch 1/3:   7%|▋         | 6/88 [00:01<00:22,  3.60it/s, loss=1.611]
  epoch 1/3:   7%|▋         | 6/88 [00:02<00:22,  3.60it/s, loss=1.612]
  epoch 1/3:   8%|▊         | 7/88 [00:02<00:22,  3.67it/s, loss=1.612]
  epoch 1/3:   8%|▊         | 7/88 [00:02<00:22,  3.67it/s, loss=1.603]
  epoch 1/3:   9%|▉         | 8/88 [00:02<00:21,  3.66it/s, loss=1.603]
  epoch 1/3:   9%|▉         | 8/88 [00:02<00:21,  3.66it/s, loss=1.602]
  epoch 1/3:  10%|█         | 9/88 [00:02<00:21,  3.71it/s, loss=1.602]
  epoch 1/3:  10%|█         | 9/88 [00:02<00:21,  3.71it/s, loss=1.609]
  epoch 1/3:  11%|█▏        | 10/88 [00:02<00:20,  3.74it/s, loss=1.609]
  epoch 1/3:  11%|█▏        | 10/88 [00:03<00:20,  3.74it/s, loss=1.606]
  epoch 1/3:  12%|█▎        | 11/88 [00:03<00:20,  3.76it/s, loss=1.606]
  epoch 1/3:  12%|█▎        | 11/88 [00:03<00:20,  3.76it/s, loss=1.611]
  epoch 1/3:  14%|█▎        | 12/88 [00:03<00:20,  3.78it/s, loss=1.611]
  epoch 1/3:  14%|█▎        | 12/88 [00:03<00:20,  3.78it/s, loss=1.615]
  epoch 1/3:  15%|█▍        | 13/88 [00:03<00:19,  3.79it/s, loss=1.615]
  epoch 1/3:  15%|█▍        | 13/88 [00:03<00:19,  3.79it/s, loss=1.615]
  epoch 1/3:  16%|█▌        | 14/88 [00:03<00:19,  3.79it/s, loss=1.615]
  epoch 1/3:  16%|█▌        | 14/88 [00:04<00:19,  3.79it/s, loss=1.611]
  epoch 1/3:  17%|█▋        | 15/88 [00:04<00:19,  3.79it/s, loss=1.611]
  epoch 1/3:  17%|█▋        | 15/88 [00:04<00:19,  3.79it/s, loss=1.604]
  epoch 1/3:  18%|█▊        | 16/88 [00:04<00:18,  3.79it/s, loss=1.604]
  epoch 1/3:  18%|█▊        | 16/88 [00:04<00:18,  3.79it/s, loss=1.601]
  epoch 1/3:  19%|█▉        | 17/88 [00:04<00:18,  3.79it/s, loss=1.601]
  epoch 1/3:  19%|█▉        | 17/88 [00:04<00:18,  3.79it/s, loss=1.597]
  epoch 1/3:  20%|██        | 18/88 [00:04<00:18,  3.79it/s, loss=1.597]
  epoch 1/3:  20%|██        | 18/88 [00:05<00:18,  3.79it/s, loss=1.594]
  epoch 1/3:  22%|██▏       | 19/88 [00:05<00:18,  3.79it/s, loss=1.594]
  epoch 1/3:  22%|██▏       | 19/88 [00:05<00:18,  3.79it/s, loss=1.593]
  epoch 1/3:  23%|██▎       | 20/88 [00:05<00:17,  3.79it/s, loss=1.593]
  epoch 1/3:  23%|██▎       | 20/88 [00:05<00:17,  3.79it/s, loss=1.590]
  epoch 1/3:  24%|██▍       | 21/88 [00:05<00:17,  3.79it/s, loss=1.590]
  epoch 1/3:  24%|██▍       | 21/88 [00:06<00:17,  3.79it/s, loss=1.589]
  epoch 1/3:  25%|██▌       | 22/88 [00:06<00:17,  3.79it/s, loss=1.589]
  epoch 1/3:  25%|██▌       | 22/88 [00:06<00:17,  3.79it/s, loss=1.586]
  epoch 1/3:  26%|██▌       | 23/88 [00:06<00:17,  3.79it/s, loss=1.586]
  epoch 1/3:  26%|██▌       | 23/88 [00:06<00:17,  3.79it/s, loss=1.583]
  epoch 1/3:  27%|██▋       | 24/88 [00:06<00:17,  3.74it/s, loss=1.583]
  epoch 1/3:  27%|██▋       | 24/88 [00:06<00:17,  3.74it/s, loss=1.589]
  epoch 1/3:  28%|██▊       | 25/88 [00:06<00:16,  3.76it/s, loss=1.589]
  epoch 1/3:  28%|██▊       | 25/88 [00:07<00:16,  3.76it/s, loss=1.584]
  epoch 1/3:  30%|██▉       | 26/88 [00:07<00:16,  3.76it/s, loss=1.584]
  epoch 1/3:  30%|██▉       | 26/88 [00:07<00:16,  3.76it/s, loss=1.586]
  epoch 1/3:  31%|███       | 27/88 [00:07<00:16,  3.77it/s, loss=1.586]
  epoch 1/3:  31%|███       | 27/88 [00:07<00:16,  3.77it/s, loss=1.585]
  epoch 1/3:  32%|███▏      | 28/88 [00:07<00:15,  3.77it/s, loss=1.585]
  epoch 1/3:  32%|███▏      | 28/88 [00:07<00:15,  3.77it/s, loss=1.582]
  epoch 1/3:  33%|███▎      | 29/88 [00:07<00:15,  3.76it/s, loss=1.582]
  epoch 1/3:  33%|███▎      | 29/88 [00:08<00:15,  3.76it/s, loss=1.584]
  epoch 1/3:  34%|███▍      | 30/88 [00:08<00:15,  3.76it/s, loss=1.584]
  epoch 1/3:  34%|███▍      | 30/88 [00:08<00:15,  3.76it/s, loss=1.581]
  epoch 1/3:  35%|███▌      | 31/88 [00:08<00:15,  3.77it/s, loss=1.581]
  epoch 1/3:  35%|███▌      | 31/88 [00:08<00:15,  3.77it/s, loss=1.577]
  epoch 1/3:  36%|███▋      | 32/88 [00:08<00:14,  3.78it/s, loss=1.577]
  epoch 1/3:  36%|███▋      | 32/88 [00:08<00:14,  3.78it/s, loss=1.578]
  epoch 1/3:  38%|███▊      | 33/88 [00:08<00:14,  3.78it/s, loss=1.578]
  epoch 1/3:  38%|███▊      | 33/88 [00:09<00:14,  3.78it/s, loss=1.577]
  epoch 1/3:  39%|███▊      | 34/88 [00:09<00:14,  3.78it/s, loss=1.577]
  epoch 1/3:  39%|███▊      | 34/88 [00:09<00:14,  3.78it/s, loss=1.575]
  epoch 1/3:  40%|███▉      | 35/88 [00:09<00:13,  3.79it/s, loss=1.575]
  epoch 1/3:  40%|███▉      | 35/88 [00:09<00:13,  3.79it/s, loss=1.572]
  epoch 1/3:  41%|████      | 36/88 [00:09<00:13,  3.79it/s, loss=1.572]
  epoch 1/3:  41%|████      | 36/88 [00:10<00:13,  3.79it/s, loss=1.570]
  epoch 1/3:  42%|████▏     | 37/88 [00:10<00:13,  3.79it/s, loss=1.570]
  epoch 1/3:  42%|████▏     | 37/88 [00:10<00:13,  3.79it/s, loss=1.566]
  epoch 1/3:  43%|████▎     | 38/88 [00:10<00:13,  3.79it/s, loss=1.566]
  epoch 1/3:  43%|████▎     | 38/88 [00:10<00:13,  3.79it/s, loss=1.561]
  epoch 1/3:  44%|████▍     | 39/88 [00:10<00:12,  3.79it/s, loss=1.561]
  epoch 1/3:  44%|████▍     | 39/88 [00:10<00:12,  3.79it/s, loss=1.559]
  epoch 1/3:  45%|████▌     | 40/88 [00:10<00:12,  3.74it/s, loss=1.559]
  epoch 1/3:  45%|████▌     | 40/88 [00:11<00:12,  3.74it/s, loss=1.558]
  epoch 1/3:  47%|████▋     | 41/88 [00:11<00:12,  3.76it/s, loss=1.558]
  epoch 1/3:  47%|████▋     | 41/88 [00:11<00:12,  3.76it/s, loss=1.553]
  epoch 1/3:  48%|████▊     | 42/88 [00:11<00:12,  3.77it/s, loss=1.553]
  epoch 1/3:  48%|████▊     | 42/88 [00:11<00:12,  3.77it/s, loss=1.551]
  epoch 1/3:  49%|████▉     | 43/88 [00:11<00:11,  3.78it/s, loss=1.551]
  epoch 1/3:  49%|████▉     | 43/88 [00:11<00:11,  3.78it/s, loss=1.547]
  epoch 1/3:  50%|█████     | 44/88 [00:11<00:11,  3.78it/s, loss=1.547]
  epoch 1/3:  50%|█████     | 44/88 [00:12<00:11,  3.78it/s, loss=1.544]
  epoch 1/3:  51%|█████     | 45/88 [00:12<00:11,  3.79it/s, loss=1.544]
  epoch 1/3:  51%|█████     | 45/88 [00:12<00:11,  3.79it/s, loss=1.542]
  epoch 1/3:  52%|█████▏    | 46/88 [00:12<00:11,  3.78it/s, loss=1.542]
  epoch 1/3:  52%|█████▏    | 46/88 [00:12<00:11,  3.78it/s, loss=1.540]
  epoch 1/3:  53%|█████▎    | 47/88 [00:12<00:10,  3.78it/s, loss=1.540]
  epoch 1/3:  53%|█████▎    | 47/88 [00:12<00:10,  3.78it/s, loss=1.538]
  epoch 1/3:  55%|█████▍    | 48/88 [00:12<00:10,  3.78it/s, loss=1.538]
  epoch 1/3:  55%|█████▍    | 48/88 [00:13<00:10,  3.78it/s, loss=1.539]
  epoch 1/3:  56%|█████▌    | 49/88 [00:13<00:10,  3.77it/s, loss=1.539]
  epoch 1/3:  56%|█████▌    | 49/88 [00:13<00:10,  3.77it/s, loss=1.535]
  epoch 1/3:  57%|█████▋    | 50/88 [00:13<00:10,  3.76it/s, loss=1.535]
  epoch 1/3:  57%|█████▋    | 50/88 [00:13<00:10,  3.76it/s, loss=1.533]
  epoch 1/3:  58%|█████▊    | 51/88 [00:13<00:09,  3.77it/s, loss=1.533]
  epoch 1/3:  58%|█████▊    | 51/88 [00:13<00:09,  3.77it/s, loss=1.531]
  epoch 1/3:  59%|█████▉    | 52/88 [00:13<00:09,  3.77it/s, loss=1.531]
  epoch 1/3:  59%|█████▉    | 52/88 [00:14<00:09,  3.77it/s, loss=1.532]
  epoch 1/3:  60%|██████    | 53/88 [00:14<00:09,  3.79it/s, loss=1.532]
  epoch 1/3:  60%|██████    | 53/88 [00:14<00:09,  3.79it/s, loss=1.532]
  epoch 1/3:  61%|██████▏   | 54/88 [00:14<00:08,  3.78it/s, loss=1.532]
  epoch 1/3:  61%|██████▏   | 54/88 [00:14<00:08,  3.78it/s, loss=1.532]
  epoch 1/3:  62%|██████▎   | 55/88 [00:14<00:08,  3.79it/s, loss=1.532]
  epoch 1/3:  62%|██████▎   | 55/88 [00:15<00:08,  3.79it/s, loss=1.531]
  epoch 1/3:  64%|██████▎   | 56/88 [00:15<00:08,  3.74it/s, loss=1.531]
  epoch 1/3:  64%|██████▎   | 56/88 [00:15<00:08,  3.74it/s, loss=1.530]
  epoch 1/3:  65%|██████▍   | 57/88 [00:15<00:08,  3.77it/s, loss=1.530]
  epoch 1/3:  65%|██████▍   | 57/88 [00:15<00:08,  3.77it/s, loss=1.528]
  epoch 1/3:  66%|██████▌   | 58/88 [00:15<00:07,  3.78it/s, loss=1.528]
  epoch 1/3:  66%|██████▌   | 58/88 [00:15<00:07,  3.78it/s, loss=1.525]
  epoch 1/3:  67%|██████▋   | 59/88 [00:15<00:07,  3.78it/s, loss=1.525]
  epoch 1/3:  67%|██████▋   | 59/88 [00:16<00:07,  3.78it/s, loss=1.524]
  epoch 1/3:  68%|██████▊   | 60/88 [00:16<00:07,  3.78it/s, loss=1.524]
  epoch 1/3:  68%|██████▊   | 60/88 [00:16<00:07,  3.78it/s, loss=1.523]
  epoch 1/3:  69%|██████▉   | 61/88 [00:16<00:07,  3.79it/s, loss=1.523]
  epoch 1/3:  69%|██████▉   | 61/88 [00:16<00:07,  3.79it/s, loss=1.521]
  epoch 1/3:  70%|███████   | 62/88 [00:16<00:06,  3.79it/s, loss=1.521]
  epoch 1/3:  70%|███████   | 62/88 [00:16<00:06,  3.79it/s, loss=1.520]
  epoch 1/3:  72%|███████▏  | 63/88 [00:16<00:06,  3.79it/s, loss=1.520]
  epoch 1/3:  72%|███████▏  | 63/88 [00:17<00:06,  3.79it/s, loss=1.520]
  epoch 1/3:  73%|███████▎  | 64/88 [00:17<00:06,  3.80it/s, loss=1.520]
  epoch 1/3:  73%|███████▎  | 64/88 [00:17<00:06,  3.80it/s, loss=1.518]
  epoch 1/3:  74%|███████▍  | 65/88 [00:17<00:06,  3.79it/s, loss=1.518]
  epoch 1/3:  74%|███████▍  | 65/88 [00:17<00:06,  3.79it/s, loss=1.517]
  epoch 1/3:  75%|███████▌  | 66/88 [00:17<00:05,  3.79it/s, loss=1.517]
  epoch 1/3:  75%|███████▌  | 66/88 [00:17<00:05,  3.79it/s, loss=1.516]
  epoch 1/3:  76%|███████▌  | 67/88 [00:17<00:05,  3.79it/s, loss=1.516]
  epoch 1/3:  76%|███████▌  | 67/88 [00:18<00:05,  3.79it/s, loss=1.514]
  epoch 1/3:  77%|███████▋  | 68/88 [00:18<00:05,  3.79it/s, loss=1.514]
  epoch 1/3:  77%|███████▋  | 68/88 [00:18<00:05,  3.79it/s, loss=1.513]
  epoch 1/3:  78%|███████▊  | 69/88 [00:18<00:05,  3.80it/s, loss=1.513]
  epoch 1/3:  78%|███████▊  | 69/88 [00:18<00:05,  3.80it/s, loss=1.511]
  epoch 1/3:  80%|███████▉  | 70/88 [00:18<00:04,  3.79it/s, loss=1.511]
  epoch 1/3:  80%|███████▉  | 70/88 [00:18<00:04,  3.79it/s, loss=1.510]
  epoch 1/3:  81%|████████  | 71/88 [00:18<00:04,  3.78it/s, loss=1.510]
  epoch 1/3:  81%|████████  | 71/88 [00:19<00:04,  3.78it/s, loss=1.508]
  epoch 1/3:  82%|████████▏ | 72/88 [00:19<00:04,  3.73it/s, loss=1.508]
  epoch 1/3:  82%|████████▏ | 72/88 [00:19<00:04,  3.73it/s, loss=1.506]
  epoch 1/3:  83%|████████▎ | 73/88 [00:19<00:04,  3.75it/s, loss=1.506]
  epoch 1/3:  83%|████████▎ | 73/88 [00:19<00:04,  3.75it/s, loss=1.505]
  epoch 1/3:  84%|████████▍ | 74/88 [00:19<00:03,  3.75it/s, loss=1.505]
  epoch 1/3:  84%|████████▍ | 74/88 [00:20<00:03,  3.75it/s, loss=1.504]
  epoch 1/3:  85%|████████▌ | 75/88 [00:20<00:03,  3.75it/s, loss=1.504]
  epoch 1/3:  85%|████████▌ | 75/88 [00:20<00:03,  3.75it/s, loss=1.501]
  epoch 1/3:  86%|████████▋ | 76/88 [00:20<00:03,  3.74it/s, loss=1.501]
  epoch 1/3:  86%|████████▋ | 76/88 [00:20<00:03,  3.74it/s, loss=1.499]
  epoch 1/3:  88%|████████▊ | 77/88 [00:20<00:02,  3.74it/s, loss=1.499]
  epoch 1/3:  88%|████████▊ | 77/88 [00:20<00:02,  3.74it/s, loss=1.497]
  epoch 1/3:  89%|████████▊ | 78/88 [00:20<00:02,  3.75it/s, loss=1.497]
  epoch 1/3:  89%|████████▊ | 78/88 [00:21<00:02,  3.75it/s, loss=1.497]
  epoch 1/3:  90%|████████▉ | 79/88 [00:21<00:02,  3.76it/s, loss=1.497]
  epoch 1/3:  90%|████████▉ | 79/88 [00:21<00:02,  3.76it/s, loss=1.495]
  epoch 1/3:  91%|█████████ | 80/88 [00:21<00:02,  3.77it/s, loss=1.495]
  epoch 1/3:  91%|█████████ | 80/88 [00:21<00:02,  3.77it/s, loss=1.494]
  epoch 1/3:  92%|█████████▏| 81/88 [00:21<00:01,  3.78it/s, loss=1.494]
  epoch 1/3:  92%|█████████▏| 81/88 [00:21<00:01,  3.78it/s, loss=1.493]
  epoch 1/3:  93%|█████████▎| 82/88 [00:21<00:01,  3.78it/s, loss=1.493]
  epoch 1/3:  93%|█████████▎| 82/88 [00:22<00:01,  3.78it/s, loss=1.492]
  epoch 1/3:  94%|█████████▍| 83/88 [00:22<00:01,  3.79it/s, loss=1.492]
  epoch 1/3:  94%|█████████▍| 83/88 [00:22<00:01,  3.79it/s, loss=1.488]
  epoch 1/3:  95%|█████████▌| 84/88 [00:22<00:01,  3.79it/s, loss=1.488]
  epoch 1/3:  95%|█████████▌| 84/88 [00:22<00:01,  3.79it/s, loss=1.488]
  epoch 1/3:  97%|█████████▋| 85/88 [00:22<00:00,  3.80it/s, loss=1.488]
  epoch 1/3:  97%|█████████▋| 85/88 [00:22<00:00,  3.80it/s, loss=1.487]
  epoch 1/3:  98%|█████████▊| 86/88 [00:22<00:00,  3.80it/s, loss=1.487]
  epoch 1/3:  98%|█████████▊| 86/88 [00:23<00:00,  3.80it/s, loss=1.484]
  epoch 1/3:  99%|█████████▉| 87/88 [00:23<00:00,  3.79it/s, loss=1.484]
  epoch 1/3:  99%|█████████▉| 87/88 [00:23<00:00,  3.79it/s, loss=1.484]
  epoch 1/3: 100%|██████████| 88/88 [00:23<00:00,  4.09it/s, loss=1.484]
                                                                        

  epoch 2/3:   0%|          | 0/88 [00:00<?, ?it/s]
  epoch 2/3:   0%|          | 0/88 [00:00<?, ?it/s, loss=1.467]
  epoch 2/3:   1%|          | 1/88 [00:00<00:41,  2.10it/s, loss=1.467]
  epoch 2/3:   1%|          | 1/88 [00:00<00:41,  2.10it/s, loss=1.406]
  epoch 2/3:   2%|▏         | 2/88 [00:00<00:30,  2.84it/s, loss=1.406]
  epoch 2/3:   2%|▏         | 2/88 [00:01<00:30,  2.84it/s, loss=1.395]
  epoch 2/3:   3%|▎         | 3/88 [00:01<00:26,  3.21it/s, loss=1.395]
  epoch 2/3:   3%|▎         | 3/88 [00:01<00:26,  3.21it/s, loss=1.370]
  epoch 2/3:   5%|▍         | 4/88 [00:01<00:24,  3.42it/s, loss=1.370]
  epoch 2/3:   5%|▍         | 4/88 [00:01<00:24,  3.42it/s, loss=1.380]
  epoch 2/3:   6%|▌         | 5/88 [00:01<00:23,  3.54it/s, loss=1.380]
  epoch 2/3:   6%|▌         | 5/88 [00:01<00:23,  3.54it/s, loss=1.374]
  epoch 2/3:   7%|▋         | 6/88 [00:01<00:22,  3.61it/s, loss=1.374]
  epoch 2/3:   7%|▋         | 6/88 [00:02<00:22,  3.61it/s, loss=1.378]
  epoch 2/3:   8%|▊         | 7/88 [00:02<00:22,  3.65it/s, loss=1.378]
  epoch 2/3:   8%|▊         | 7/88 [00:02<00:22,  3.65it/s, loss=1.360]
  epoch 2/3:   9%|▉         | 8/88 [00:02<00:21,  3.68it/s, loss=1.360]
  epoch 2/3:   9%|▉         | 8/88 [00:02<00:21,  3.68it/s, loss=1.359]
  epoch 2/3:  10%|█         | 9/88 [00:02<00:21,  3.70it/s, loss=1.359]
  epoch 2/3:  10%|█         | 9/88 [00:02<00:21,  3.70it/s, loss=1.363]
  epoch 2/3:  11%|█▏        | 10/88 [00:02<00:21,  3.71it/s, loss=1.363]
  epoch 2/3:  11%|█▏        | 10/88 [00:03<00:21,  3.71it/s, loss=1.369]
  epoch 2/3:  12%|█▎        | 11/88 [00:03<00:20,  3.73it/s, loss=1.369]
  epoch 2/3:  12%|█▎        | 11/88 [00:03<00:20,  3.73it/s, loss=1.362]
  epoch 2/3:  14%|█▎        | 12/88 [00:03<00:20,  3.75it/s, loss=1.362]
  epoch 2/3:  14%|█▎        | 12/88 [00:03<00:20,  3.75it/s, loss=1.367]
  epoch 2/3:  15%|█▍        | 13/88 [00:03<00:19,  3.76it/s, loss=1.367]
  epoch 2/3:  15%|█▍        | 13/88 [00:03<00:19,  3.76it/s, loss=1.372]
  epoch 2/3:  16%|█▌        | 14/88 [00:03<00:19,  3.77it/s, loss=1.372]
  epoch 2/3:  16%|█▌        | 14/88 [00:04<00:19,  3.77it/s, loss=1.378]
  epoch 2/3:  17%|█▋        | 15/88 [00:04<00:19,  3.76it/s, loss=1.378]
  epoch 2/3:  17%|█▋        | 15/88 [00:04<00:19,  3.76it/s, loss=1.373]
  epoch 2/3:  18%|█▊        | 16/88 [00:04<00:19,  3.72it/s, loss=1.373]
  epoch 2/3:  18%|█▊        | 16/88 [00:04<00:19,  3.72it/s, loss=1.372]
  epoch 2/3:  19%|█▉        | 17/88 [00:04<00:19,  3.73it/s, loss=1.372]
  epoch 2/3:  19%|█▉        | 17/88 [00:04<00:19,  3.73it/s, loss=1.373]
  epoch 2/3:  20%|██        | 18/88 [00:04<00:18,  3.74it/s, loss=1.373]
  epoch 2/3:  20%|██        | 18/88 [00:05<00:18,  3.74it/s, loss=1.372]
  epoch 2/3:  22%|██▏       | 19/88 [00:05<00:18,  3.74it/s, loss=1.372]
  epoch 2/3:  22%|██▏       | 19/88 [00:05<00:18,  3.74it/s, loss=1.372]
  epoch 2/3:  23%|██▎       | 20/88 [00:05<00:18,  3.74it/s, loss=1.372]
  epoch 2/3:  23%|██▎       | 20/88 [00:05<00:18,  3.74it/s, loss=1.370]
  epoch 2/3:  24%|██▍       | 21/88 [00:05<00:17,  3.72it/s, loss=1.370]
  epoch 2/3:  24%|██▍       | 21/88 [00:06<00:17,  3.72it/s, loss=1.366]
  epoch 2/3:  25%|██▌       | 22/88 [00:06<00:17,  3.74it/s, loss=1.366]
  epoch 2/3:  25%|██▌       | 22/88 [00:06<00:17,  3.74it/s, loss=1.361]
  epoch 2/3:  26%|██▌       | 23/88 [00:06<00:17,  3.75it/s, loss=1.361]
  epoch 2/3:  26%|██▌       | 23/88 [00:06<00:17,  3.75it/s, loss=1.359]
  epoch 2/3:  27%|██▋       | 24/88 [00:06<00:17,  3.75it/s, loss=1.359]
  epoch 2/3:  27%|██▋       | 24/88 [00:06<00:17,  3.75it/s, loss=1.356]
  epoch 2/3:  28%|██▊       | 25/88 [00:06<00:16,  3.76it/s, loss=1.356]
  epoch 2/3:  28%|██▊       | 25/88 [00:07<00:16,  3.76it/s, loss=1.352]
  epoch 2/3:  30%|██▉       | 26/88 [00:07<00:16,  3.75it/s, loss=1.352]
  epoch 2/3:  30%|██▉       | 26/88 [00:07<00:16,  3.75it/s, loss=1.352]
  epoch 2/3:  31%|███       | 27/88 [00:07<00:16,  3.74it/s, loss=1.352]
  epoch 2/3:  31%|███       | 27/88 [00:07<00:16,  3.74it/s, loss=1.351]
  epoch 2/3:  32%|███▏      | 28/88 [00:07<00:16,  3.74it/s, loss=1.351]
  epoch 2/3:  32%|███▏      | 28/88 [00:07<00:16,  3.74it/s, loss=1.350]
  epoch 2/3:  33%|███▎      | 29/88 [00:07<00:15,  3.76it/s, loss=1.350]
  epoch 2/3:  33%|███▎      | 29/88 [00:08<00:15,  3.76it/s, loss=1.347]
  epoch 2/3:  34%|███▍      | 30/88 [00:08<00:15,  3.77it/s, loss=1.347]
  epoch 2/3:  34%|███▍      | 30/88 [00:08<00:15,  3.77it/s, loss=1.345]
  epoch 2/3:  35%|███▌      | 31/88 [00:08<00:15,  3.76it/s, loss=1.345]
  epoch 2/3:  35%|███▌      | 31/88 [00:08<00:15,  3.76it/s, loss=1.344]
  epoch 2/3:  36%|███▋      | 32/88 [00:08<00:15,  3.70it/s, loss=1.344]
  epoch 2/3:  36%|███▋      | 32/88 [00:09<00:15,  3.70it/s, loss=1.343]
  epoch 2/3:  38%|███▊      | 33/88 [00:09<00:14,  3.73it/s, loss=1.343]
  epoch 2/3:  38%|███▊      | 33/88 [00:09<00:14,  3.73it/s, loss=1.345]
  epoch 2/3:  39%|███▊      | 34/88 [00:09<00:14,  3.74it/s, loss=1.345]
  epoch 2/3:  39%|███▊      | 34/88 [00:09<00:14,  3.74it/s, loss=1.341]
  epoch 2/3:  40%|███▉      | 35/88 [00:09<00:14,  3.75it/s, loss=1.341]
  epoch 2/3:  40%|███▉      | 35/88 [00:09<00:14,  3.75it/s, loss=1.336]
  epoch 2/3:  41%|████      | 36/88 [00:09<00:13,  3.75it/s, loss=1.336]
  epoch 2/3:  41%|████      | 36/88 [00:10<00:13,  3.75it/s, loss=1.335]
  epoch 2/3:  42%|████▏     | 37/88 [00:10<00:13,  3.72it/s, loss=1.335]
  epoch 2/3:  42%|████▏     | 37/88 [00:10<00:13,  3.72it/s, loss=1.332]
  epoch 2/3:  43%|████▎     | 38/88 [00:10<00:13,  3.73it/s, loss=1.332]
  epoch 2/3:  43%|████▎     | 38/88 [00:10<00:13,  3.73it/s, loss=1.332]
  epoch 2/3:  44%|████▍     | 39/88 [00:10<00:13,  3.73it/s, loss=1.332]
  epoch 2/3:  44%|████▍     | 39/88 [00:10<00:13,  3.73it/s, loss=1.330]
  epoch 2/3:  45%|████▌     | 40/88 [00:10<00:12,  3.73it/s, loss=1.330]
  epoch 2/3:  45%|████▌     | 40/88 [00:11<00:12,  3.73it/s, loss=1.329]
  epoch 2/3:  47%|████▋     | 41/88 [00:11<00:12,  3.73it/s, loss=1.329]
  epoch 2/3:  47%|████▋     | 41/88 [00:11<00:12,  3.73it/s, loss=1.331]
  epoch 2/3:  48%|████▊     | 42/88 [00:11<00:12,  3.73it/s, loss=1.331]
  epoch 2/3:  48%|████▊     | 42/88 [00:11<00:12,  3.73it/s, loss=1.329]
  epoch 2/3:  49%|████▉     | 43/88 [00:11<00:12,  3.74it/s, loss=1.329]
  epoch 2/3:  49%|████▉     | 43/88 [00:11<00:12,  3.74it/s, loss=1.331]
  epoch 2/3:  50%|█████     | 44/88 [00:11<00:11,  3.76it/s, loss=1.331]
  epoch 2/3:  50%|█████     | 44/88 [00:12<00:11,  3.76it/s, loss=1.332]
  epoch 2/3:  51%|█████     | 45/88 [00:12<00:11,  3.77it/s, loss=1.332]
  epoch 2/3:  51%|█████     | 45/88 [00:12<00:11,  3.77it/s, loss=1.333]
  epoch 2/3:  52%|█████▏    | 46/88 [00:12<00:11,  3.77it/s, loss=1.333]
  epoch 2/3:  52%|█████▏    | 46/88 [00:12<00:11,  3.77it/s, loss=1.332]
  epoch 2/3:  53%|█████▎    | 47/88 [00:12<00:10,  3.76it/s, loss=1.332]
  epoch 2/3:  53%|█████▎    | 47/88 [00:13<00:10,  3.76it/s, loss=1.331]
  epoch 2/3:  55%|█████▍    | 48/88 [00:13<00:10,  3.71it/s, loss=1.331]
  epoch 2/3:  55%|█████▍    | 48/88 [00:13<00:10,  3.71it/s, loss=1.329]
  epoch 2/3:  56%|█████▌    | 49/88 [00:13<00:10,  3.74it/s, loss=1.329]
  epoch 2/3:  56%|█████▌    | 49/88 [00:13<00:10,  3.74it/s, loss=1.329]
  epoch 2/3:  57%|█████▋    | 50/88 [00:13<00:10,  3.75it/s, loss=1.329]
  epoch 2/3:  57%|█████▋    | 50/88 [00:13<00:10,  3.75it/s, loss=1.329]
  epoch 2/3:  58%|█████▊    | 51/88 [00:13<00:09,  3.75it/s, loss=1.329]
  epoch 2/3:  58%|█████▊    | 51/88 [00:14<00:09,  3.75it/s, loss=1.327]
  epoch 2/3:  59%|█████▉    | 52/88 [00:14<00:09,  3.75it/s, loss=1.327]
  epoch 2/3:  59%|█████▉    | 52/88 [00:14<00:09,  3.75it/s, loss=1.325]
  epoch 2/3:  60%|██████    | 53/88 [00:14<00:09,  3.74it/s, loss=1.325]
  epoch 2/3:  60%|██████    | 53/88 [00:14<00:09,  3.74it/s, loss=1.324]
  epoch 2/3:  61%|██████▏   | 54/88 [00:14<00:09,  3.73it/s, loss=1.324]
  epoch 2/3:  61%|██████▏   | 54/88 [00:14<00:09,  3.73it/s, loss=1.322]
  epoch 2/3:  62%|██████▎   | 55/88 [00:14<00:08,  3.74it/s, loss=1.322]
  epoch 2/3:  62%|██████▎   | 55/88 [00:15<00:08,  3.74it/s, loss=1.322]
  epoch 2/3:  64%|██████▎   | 56/88 [00:15<00:08,  3.74it/s, loss=1.322]
  epoch 2/3:  64%|██████▎   | 56/88 [00:15<00:08,  3.74it/s, loss=1.322]
  epoch 2/3:  65%|██████▍   | 57/88 [00:15<00:08,  3.73it/s, loss=1.322]
  epoch 2/3:  65%|██████▍   | 57/88 [00:15<00:08,  3.73it/s, loss=1.322]
  epoch 2/3:  66%|██████▌   | 58/88 [00:15<00:08,  3.72it/s, loss=1.322]
  epoch 2/3:  66%|██████▌   | 58/88 [00:15<00:08,  3.72it/s, loss=1.323]
  epoch 2/3:  67%|██████▋   | 59/88 [00:15<00:07,  3.73it/s, loss=1.323]
  epoch 2/3:  67%|██████▋   | 59/88 [00:16<00:07,  3.73it/s, loss=1.322]
  epoch 2/3:  68%|██████▊   | 60/88 [00:16<00:07,  3.73it/s, loss=1.322]
  epoch 2/3:  68%|██████▊   | 60/88 [00:16<00:07,  3.73it/s, loss=1.320]
  epoch 2/3:  69%|██████▉   | 61/88 [00:16<00:07,  3.73it/s, loss=1.320]
  epoch 2/3:  69%|██████▉   | 61/88 [00:16<00:07,  3.73it/s, loss=1.320]
  epoch 2/3:  70%|███████   | 62/88 [00:16<00:06,  3.72it/s, loss=1.320]
  epoch 2/3:  70%|███████   | 62/88 [00:17<00:06,  3.72it/s, loss=1.320]
  epoch 2/3:  72%|███████▏  | 63/88 [00:17<00:06,  3.74it/s, loss=1.320]
  epoch 2/3:  72%|███████▏  | 63/88 [00:17<00:06,  3.74it/s, loss=1.319]
  epoch 2/3:  73%|███████▎  | 64/88 [00:17<00:06,  3.72it/s, loss=1.319]
  epoch 2/3:  73%|███████▎  | 64/88 [00:17<00:06,  3.72it/s, loss=1.319]
  epoch 2/3:  74%|███████▍  | 65/88 [00:17<00:06,  3.72it/s, loss=1.319]
  epoch 2/3:  74%|███████▍  | 65/88 [00:17<00:06,  3.72it/s, loss=1.320]
  epoch 2/3:  75%|███████▌  | 66/88 [00:17<00:05,  3.73it/s, loss=1.320]
  epoch 2/3:  75%|███████▌  | 66/88 [00:18<00:05,  3.73it/s, loss=1.318]
  epoch 2/3:  76%|███████▌  | 67/88 [00:18<00:05,  3.75it/s, loss=1.318]
  epoch 2/3:  76%|███████▌  | 67/88 [00:18<00:05,  3.75it/s, loss=1.316]
  epoch 2/3:  77%|███████▋  | 68/88 [00:18<00:05,  3.76it/s, loss=1.316]
  epoch 2/3:  77%|███████▋  | 68/88 [00:18<00:05,  3.76it/s, loss=1.314]
  epoch 2/3:  78%|███████▊  | 69/88 [00:18<00:05,  3.77it/s, loss=1.314]
  epoch 2/3:  78%|███████▊  | 69/88 [00:18<00:05,  3.77it/s, loss=1.312]
  epoch 2/3:  80%|███████▉  | 70/88 [00:18<00:04,  3.78it/s, loss=1.312]
  epoch 2/3:  80%|███████▉  | 70/88 [00:19<00:04,  3.78it/s, loss=1.310]
  epoch 2/3:  81%|████████  | 71/88 [00:19<00:04,  3.77it/s, loss=1.310]
  epoch 2/3:  81%|████████  | 71/88 [00:19<00:04,  3.77it/s, loss=1.307]
  epoch 2/3:  82%|████████▏ | 72/88 [00:19<00:04,  3.76it/s, loss=1.307]
  epoch 2/3:  82%|████████▏ | 72/88 [00:19<00:04,  3.76it/s, loss=1.305]
  epoch 2/3:  83%|████████▎ | 73/88 [00:19<00:03,  3.76it/s, loss=1.305]
  epoch 2/3:  83%|████████▎ | 73/88 [00:19<00:03,  3.76it/s, loss=1.305]
  epoch 2/3:  84%|████████▍ | 74/88 [00:19<00:03,  3.74it/s, loss=1.305]
  epoch 2/3:  84%|████████▍ | 74/88 [00:20<00:03,  3.74it/s, loss=1.304]
  epoch 2/3:  85%|████████▌ | 75/88 [00:20<00:03,  3.75it/s, loss=1.304]
  epoch 2/3:  85%|████████▌ | 75/88 [00:20<00:03,  3.75it/s, loss=1.303]
  epoch 2/3:  86%|████████▋ | 76/88 [00:20<00:03,  3.75it/s, loss=1.303]
  epoch 2/3:  86%|████████▋ | 76/88 [00:20<00:03,  3.75it/s, loss=1.302]
  epoch 2/3:  88%|████████▊ | 77/88 [00:20<00:02,  3.75it/s, loss=1.302]
  epoch 2/3:  88%|████████▊ | 77/88 [00:21<00:02,  3.75it/s, loss=1.302]
  epoch 2/3:  89%|████████▊ | 78/88 [00:21<00:02,  3.73it/s, loss=1.302]
  epoch 2/3:  89%|████████▊ | 78/88 [00:21<00:02,  3.73it/s, loss=1.302]
  epoch 2/3:  90%|████████▉ | 79/88 [00:21<00:02,  3.73it/s, loss=1.302]
  epoch 2/3:  90%|████████▉ | 79/88 [00:21<00:02,  3.73it/s, loss=1.303]
  epoch 2/3:  91%|█████████ | 80/88 [00:21<00:02,  3.69it/s, loss=1.303]
  epoch 2/3:  91%|█████████ | 80/88 [00:21<00:02,  3.69it/s, loss=1.301]
  epoch 2/3:  92%|█████████▏| 81/88 [00:21<00:01,  3.71it/s, loss=1.301]
  epoch 2/3:  92%|█████████▏| 81/88 [00:22<00:01,  3.71it/s, loss=1.299]
  epoch 2/3:  93%|█████████▎| 82/88 [00:22<00:01,  3.72it/s, loss=1.299]
  epoch 2/3:  93%|█████████▎| 82/88 [00:22<00:01,  3.72it/s, loss=1.298]
  epoch 2/3:  94%|█████████▍| 83/88 [00:22<00:01,  3.74it/s, loss=1.298]
  epoch 2/3:  94%|█████████▍| 83/88 [00:22<00:01,  3.74it/s, loss=1.297]
  epoch 2/3:  95%|█████████▌| 84/88 [00:22<00:01,  3.76it/s, loss=1.297]
  epoch 2/3:  95%|█████████▌| 84/88 [00:22<00:01,  3.76it/s, loss=1.297]
  epoch 2/3:  97%|█████████▋| 85/88 [00:22<00:00,  3.76it/s, loss=1.297]
  epoch 2/3:  97%|█████████▋| 85/88 [00:23<00:00,  3.76it/s, loss=1.296]
  epoch 2/3:  98%|█████████▊| 86/88 [00:23<00:00,  3.77it/s, loss=1.296]
  epoch 2/3:  98%|█████████▊| 86/88 [00:23<00:00,  3.77it/s, loss=1.294]
  epoch 2/3:  99%|█████████▉| 87/88 [00:23<00:00,  3.78it/s, loss=1.294]
  epoch 2/3:  99%|█████████▉| 87/88 [00:23<00:00,  3.78it/s, loss=1.294]
  epoch 2/3: 100%|██████████| 88/88 [00:23<00:00,  4.13it/s, loss=1.294]
                                                                        

  epoch 3/3:   0%|          | 0/88 [00:00<?, ?it/s]
  epoch 3/3:   0%|          | 0/88 [00:00<?, ?it/s, loss=1.113]
  epoch 3/3:   1%|          | 1/88 [00:00<00:40,  2.14it/s, loss=1.113]
  epoch 3/3:   1%|          | 1/88 [00:00<00:40,  2.14it/s, loss=1.194]
  epoch 3/3:   2%|▏         | 2/88 [00:00<00:29,  2.87it/s, loss=1.194]
  epoch 3/3:   2%|▏         | 2/88 [00:00<00:29,  2.87it/s, loss=1.178]
  epoch 3/3:   3%|▎         | 3/88 [00:00<00:26,  3.22it/s, loss=1.178]
  epoch 3/3:   3%|▎         | 3/88 [00:01<00:26,  3.22it/s, loss=1.194]
  epoch 3/3:   5%|▍         | 4/88 [00:01<00:24,  3.43it/s, loss=1.194]
  epoch 3/3:   5%|▍         | 4/88 [00:01<00:24,  3.43it/s, loss=1.193]
  epoch 3/3:   6%|▌         | 5/88 [00:01<00:23,  3.54it/s, loss=1.193]
  epoch 3/3:   6%|▌         | 5/88 [00:01<00:23,  3.54it/s, loss=1.208]
  epoch 3/3:   7%|▋         | 6/88 [00:01<00:22,  3.62it/s, loss=1.208]
  epoch 3/3:   7%|▋         | 6/88 [00:02<00:22,  3.62it/s, loss=1.207]
  epoch 3/3:   8%|▊         | 7/88 [00:02<00:22,  3.68it/s, loss=1.207]
  epoch 3/3:   8%|▊         | 7/88 [00:02<00:22,  3.68it/s, loss=1.199]
  epoch 3/3:   9%|▉         | 8/88 [00:02<00:21,  3.66it/s, loss=1.199]
  epoch 3/3:   9%|▉         | 8/88 [00:02<00:21,  3.66it/s, loss=1.196]
  epoch 3/3:  10%|█         | 9/88 [00:02<00:21,  3.68it/s, loss=1.196]
  epoch 3/3:  10%|█         | 9/88 [00:02<00:21,  3.68it/s, loss=1.202]
  epoch 3/3:  11%|█▏        | 10/88 [00:02<00:20,  3.71it/s, loss=1.202]
  epoch 3/3:  11%|█▏        | 10/88 [00:03<00:20,  3.71it/s, loss=1.200]
  epoch 3/3:  12%|█▎        | 11/88 [00:03<00:20,  3.74it/s, loss=1.200]
  epoch 3/3:  12%|█▎        | 11/88 [00:03<00:20,  3.74it/s, loss=1.201]
  epoch 3/3:  14%|█▎        | 12/88 [00:03<00:20,  3.76it/s, loss=1.201]
  epoch 3/3:  14%|█▎        | 12/88 [00:03<00:20,  3.76it/s, loss=1.200]
  epoch 3/3:  15%|█▍        | 13/88 [00:03<00:19,  3.77it/s, loss=1.200]
  epoch 3/3:  15%|█▍        | 13/88 [00:03<00:19,  3.77it/s, loss=1.196]
  epoch 3/3:  16%|█▌        | 14/88 [00:03<00:19,  3.77it/s, loss=1.196]
  epoch 3/3:  16%|█▌        | 14/88 [00:04<00:19,  3.77it/s, loss=1.199]
  epoch 3/3:  17%|█▋        | 15/88 [00:04<00:19,  3.78it/s, loss=1.199]
  epoch 3/3:  17%|█▋        | 15/88 [00:04<00:19,  3.78it/s, loss=1.204]
  epoch 3/3:  18%|█▊        | 16/88 [00:04<00:19,  3.78it/s, loss=1.204]
  epoch 3/3:  18%|█▊        | 16/88 [00:04<00:19,  3.78it/s, loss=1.207]
  epoch 3/3:  19%|█▉        | 17/88 [00:04<00:18,  3.76it/s, loss=1.207]
  epoch 3/3:  19%|█▉        | 17/88 [00:04<00:18,  3.76it/s, loss=1.202]
  epoch 3/3:  20%|██        | 18/88 [00:04<00:18,  3.77it/s, loss=1.202]
  epoch 3/3:  20%|██        | 18/88 [00:05<00:18,  3.77it/s, loss=1.203]
  epoch 3/3:  22%|██▏       | 19/88 [00:05<00:18,  3.77it/s, loss=1.203]
  epoch 3/3:  22%|██▏       | 19/88 [00:05<00:18,  3.77it/s, loss=1.197]
  epoch 3/3:  23%|██▎       | 20/88 [00:05<00:18,  3.76it/s, loss=1.197]
  epoch 3/3:  23%|██▎       | 20/88 [00:05<00:18,  3.76it/s, loss=1.195]
  epoch 3/3:  24%|██▍       | 21/88 [00:05<00:17,  3.75it/s, loss=1.195]
  epoch 3/3:  24%|██▍       | 21/88 [00:06<00:17,  3.75it/s, loss=1.198]
  epoch 3/3:  25%|██▌       | 22/88 [00:06<00:17,  3.76it/s, loss=1.198]
  epoch 3/3:  25%|██▌       | 22/88 [00:06<00:17,  3.76it/s, loss=1.194]
  epoch 3/3:  26%|██▌       | 23/88 [00:06<00:17,  3.77it/s, loss=1.194]
  epoch 3/3:  26%|██▌       | 23/88 [00:06<00:17,  3.77it/s, loss=1.195]
  epoch 3/3:  27%|██▋       | 24/88 [00:06<00:17,  3.73it/s, loss=1.195]
  epoch 3/3:  27%|██▋       | 24/88 [00:06<00:17,  3.73it/s, loss=1.195]
  epoch 3/3:  28%|██▊       | 25/88 [00:06<00:16,  3.73it/s, loss=1.195]
  epoch 3/3:  28%|██▊       | 25/88 [00:07<00:16,  3.73it/s, loss=1.198]
  epoch 3/3:  30%|██▉       | 26/88 [00:07<00:16,  3.74it/s, loss=1.198]
  epoch 3/3:  30%|██▉       | 26/88 [00:07<00:16,  3.74it/s, loss=1.199]
  epoch 3/3:  31%|███       | 27/88 [00:07<00:16,  3.75it/s, loss=1.199]
  epoch 3/3:  31%|███       | 27/88 [00:07<00:16,  3.75it/s, loss=1.200]
  epoch 3/3:  32%|███▏      | 28/88 [00:07<00:15,  3.76it/s, loss=1.200]
  epoch 3/3:  32%|███▏      | 28/88 [00:07<00:15,  3.76it/s, loss=1.197]
  epoch 3/3:  33%|███▎      | 29/88 [00:07<00:15,  3.76it/s, loss=1.197]
  epoch 3/3:  33%|███▎      | 29/88 [00:08<00:15,  3.76it/s, loss=1.196]
  epoch 3/3:  34%|███▍      | 30/88 [00:08<00:15,  3.75it/s, loss=1.196]
  epoch 3/3:  34%|███▍      | 30/88 [00:08<00:15,  3.75it/s, loss=1.195]
  epoch 3/3:  35%|███▌      | 31/88 [00:08<00:15,  3.75it/s, loss=1.195]
  epoch 3/3:  35%|███▌      | 31/88 [00:08<00:15,  3.75it/s, loss=1.196]
  epoch 3/3:  36%|███▋      | 32/88 [00:08<00:15,  3.73it/s, loss=1.196]
  epoch 3/3:  36%|███▋      | 32/88 [00:08<00:15,  3.73it/s, loss=1.196]
  epoch 3/3:  38%|███▊      | 33/88 [00:08<00:14,  3.75it/s, loss=1.196]
  epoch 3/3:  38%|███▊      | 33/88 [00:09<00:14,  3.75it/s, loss=1.191]
  epoch 3/3:  39%|███▊      | 34/88 [00:09<00:14,  3.76it/s, loss=1.191]
  epoch 3/3:  39%|███▊      | 34/88 [00:09<00:14,  3.76it/s, loss=1.189]
  epoch 3/3:  40%|███▉      | 35/88 [00:09<00:14,  3.75it/s, loss=1.189]
  epoch 3/3:  40%|███▉      | 35/88 [00:09<00:14,  3.75it/s, loss=1.188]
  epoch 3/3:  41%|████      | 36/88 [00:09<00:13,  3.74it/s, loss=1.188]
  epoch 3/3:  41%|████      | 36/88 [00:10<00:13,  3.74it/s, loss=1.186]
  epoch 3/3:  42%|████▏     | 37/88 [00:10<00:13,  3.73it/s, loss=1.186]
  epoch 3/3:  42%|████▏     | 37/88 [00:10<00:13,  3.73it/s, loss=1.185]
  epoch 3/3:  43%|████▎     | 38/88 [00:10<00:13,  3.75it/s, loss=1.185]
  epoch 3/3:  43%|████▎     | 38/88 [00:10<00:13,  3.75it/s, loss=1.183]
  epoch 3/3:  44%|████▍     | 39/88 [00:10<00:13,  3.76it/s, loss=1.183]
  epoch 3/3:  44%|████▍     | 39/88 [00:10<00:13,  3.76it/s, loss=1.181]
  epoch 3/3:  45%|████▌     | 40/88 [00:10<00:12,  3.72it/s, loss=1.181]
  epoch 3/3:  45%|████▌     | 40/88 [00:11<00:12,  3.72it/s, loss=1.177]
  epoch 3/3:  47%|████▋     | 41/88 [00:11<00:12,  3.73it/s, loss=1.177]
  epoch 3/3:  47%|████▋     | 41/88 [00:11<00:12,  3.73it/s, loss=1.175]
  epoch 3/3:  48%|████▊     | 42/88 [00:11<00:12,  3.73it/s, loss=1.175]
  epoch 3/3:  48%|████▊     | 42/88 [00:11<00:12,  3.73it/s, loss=1.173]
  epoch 3/3:  49%|████▉     | 43/88 [00:11<00:11,  3.75it/s, loss=1.173]
  epoch 3/3:  49%|████▉     | 43/88 [00:11<00:11,  3.75it/s, loss=1.172]
  epoch 3/3:  50%|█████     | 44/88 [00:11<00:11,  3.76it/s, loss=1.172]
  epoch 3/3:  50%|█████     | 44/88 [00:12<00:11,  3.76it/s, loss=1.171]
  epoch 3/3:  51%|█████     | 45/88 [00:12<00:11,  3.78it/s, loss=1.171]
  epoch 3/3:  51%|█████     | 45/88 [00:12<00:11,  3.78it/s, loss=1.169]
  epoch 3/3:  52%|█████▏    | 46/88 [00:12<00:11,  3.78it/s, loss=1.169]
  epoch 3/3:  52%|█████▏    | 46/88 [00:12<00:11,  3.78it/s, loss=1.168]
  epoch 3/3:  53%|█████▎    | 47/88 [00:12<00:10,  3.79it/s, loss=1.168]
  epoch 3/3:  53%|█████▎    | 47/88 [00:12<00:10,  3.79it/s, loss=1.167]
  epoch 3/3:  55%|█████▍    | 48/88 [00:12<00:10,  3.78it/s, loss=1.167]
  epoch 3/3:  55%|█████▍    | 48/88 [00:13<00:10,  3.78it/s, loss=1.166]
  epoch 3/3:  56%|█████▌    | 49/88 [00:13<00:10,  3.78it/s, loss=1.166]
  epoch 3/3:  56%|█████▌    | 49/88 [00:13<00:10,  3.78it/s, loss=1.164]
  epoch 3/3:  57%|█████▋    | 50/88 [00:13<00:10,  3.76it/s, loss=1.164]
  epoch 3/3:  57%|█████▋    | 50/88 [00:13<00:10,  3.76it/s, loss=1.165]
  epoch 3/3:  58%|█████▊    | 51/88 [00:13<00:09,  3.75it/s, loss=1.165]
  epoch 3/3:  58%|█████▊    | 51/88 [00:14<00:09,  3.75it/s, loss=1.164]
  epoch 3/3:  59%|█████▉    | 52/88 [00:14<00:09,  3.75it/s, loss=1.164]
  epoch 3/3:  59%|█████▉    | 52/88 [00:14<00:09,  3.75it/s, loss=1.164]
  epoch 3/3:  60%|██████    | 53/88 [00:14<00:09,  3.76it/s, loss=1.164]
  epoch 3/3:  60%|██████    | 53/88 [00:14<00:09,  3.76it/s, loss=1.162]
  epoch 3/3:  61%|██████▏   | 54/88 [00:14<00:09,  3.77it/s, loss=1.162]
  epoch 3/3:  61%|██████▏   | 54/88 [00:14<00:09,  3.77it/s, loss=1.162]
  epoch 3/3:  62%|██████▎   | 55/88 [00:14<00:08,  3.78it/s, loss=1.162]
  epoch 3/3:  62%|██████▎   | 55/88 [00:15<00:08,  3.78it/s, loss=1.162]
  epoch 3/3:  64%|██████▎   | 56/88 [00:15<00:08,  3.74it/s, loss=1.162]
  epoch 3/3:  64%|██████▎   | 56/88 [00:15<00:08,  3.74it/s, loss=1.161]
  epoch 3/3:  65%|██████▍   | 57/88 [00:15<00:08,  3.73it/s, loss=1.161]
  epoch 3/3:  65%|██████▍   | 57/88 [00:15<00:08,  3.73it/s, loss=1.160]
  epoch 3/3:  66%|██████▌   | 58/88 [00:15<00:08,  3.74it/s, loss=1.160]
  epoch 3/3:  66%|██████▌   | 58/88 [00:15<00:08,  3.74it/s, loss=1.158]
  epoch 3/3:  67%|██████▋   | 59/88 [00:15<00:07,  3.75it/s, loss=1.158]
  epoch 3/3:  67%|██████▋   | 59/88 [00:16<00:07,  3.75it/s, loss=1.156]
  epoch 3/3:  68%|██████▊   | 60/88 [00:16<00:07,  3.75it/s, loss=1.156]
  epoch 3/3:  68%|██████▊   | 60/88 [00:16<00:07,  3.75it/s, loss=1.153]
  epoch 3/3:  69%|██████▉   | 61/88 [00:16<00:07,  3.76it/s, loss=1.153]
  epoch 3/3:  69%|██████▉   | 61/88 [00:16<00:07,  3.76it/s, loss=1.152]
  epoch 3/3:  70%|███████   | 62/88 [00:16<00:06,  3.76it/s, loss=1.152]
  epoch 3/3:  70%|███████   | 62/88 [00:16<00:06,  3.76it/s, loss=1.151]
  epoch 3/3:  72%|███████▏  | 63/88 [00:16<00:06,  3.75it/s, loss=1.151]
  epoch 3/3:  72%|███████▏  | 63/88 [00:17<00:06,  3.75it/s, loss=1.149]
  epoch 3/3:  73%|███████▎  | 64/88 [00:17<00:06,  3.73it/s, loss=1.149]
  epoch 3/3:  73%|███████▎  | 64/88 [00:17<00:06,  3.73it/s, loss=1.148]
  epoch 3/3:  74%|███████▍  | 65/88 [00:17<00:06,  3.75it/s, loss=1.148]
  epoch 3/3:  74%|███████▍  | 65/88 [00:17<00:06,  3.75it/s, loss=1.148]
  epoch 3/3:  75%|███████▌  | 66/88 [00:17<00:05,  3.73it/s, loss=1.148]
  epoch 3/3:  75%|███████▌  | 66/88 [00:18<00:05,  3.73it/s, loss=1.147]
  epoch 3/3:  76%|███████▌  | 67/88 [00:18<00:05,  3.73it/s, loss=1.147]
  epoch 3/3:  76%|███████▌  | 67/88 [00:18<00:05,  3.73it/s, loss=1.147]
  epoch 3/3:  77%|███████▋  | 68/88 [00:18<00:05,  3.72it/s, loss=1.147]
  epoch 3/3:  77%|███████▋  | 68/88 [00:18<00:05,  3.72it/s, loss=1.146]
  epoch 3/3:  78%|███████▊  | 69/88 [00:18<00:05,  3.75it/s, loss=1.146]
  epoch 3/3:  78%|███████▊  | 69/88 [00:18<00:05,  3.75it/s, loss=1.145]
  epoch 3/3:  80%|███████▉  | 70/88 [00:18<00:04,  3.76it/s, loss=1.145]
  epoch 3/3:  80%|███████▉  | 70/88 [00:19<00:04,  3.76it/s, loss=1.143]
  epoch 3/3:  81%|████████  | 71/88 [00:19<00:04,  3.76it/s, loss=1.143]
  epoch 3/3:  81%|████████  | 71/88 [00:19<00:04,  3.76it/s, loss=1.142]
  epoch 3/3:  82%|████████▏ | 72/88 [00:19<00:04,  3.71it/s, loss=1.142]
  epoch 3/3:  82%|████████▏ | 72/88 [00:19<00:04,  3.71it/s, loss=1.142]
  epoch 3/3:  83%|████████▎ | 73/88 [00:19<00:04,  3.73it/s, loss=1.142]
  epoch 3/3:  83%|████████▎ | 73/88 [00:19<00:04,  3.73it/s, loss=1.141]
  epoch 3/3:  84%|████████▍ | 74/88 [00:19<00:03,  3.74it/s, loss=1.141]
  epoch 3/3:  84%|████████▍ | 74/88 [00:20<00:03,  3.74it/s, loss=1.141]
  epoch 3/3:  85%|████████▌ | 75/88 [00:20<00:03,  3.73it/s, loss=1.141]
  epoch 3/3:  85%|████████▌ | 75/88 [00:20<00:03,  3.73it/s, loss=1.139]
  epoch 3/3:  86%|████████▋ | 76/88 [00:20<00:03,  3.73it/s, loss=1.139]
  epoch 3/3:  86%|████████▋ | 76/88 [00:20<00:03,  3.73it/s, loss=1.139]
  epoch 3/3:  88%|████████▊ | 77/88 [00:20<00:02,  3.72it/s, loss=1.139]
  epoch 3/3:  88%|████████▊ | 77/88 [00:20<00:02,  3.72it/s, loss=1.137]
  epoch 3/3:  89%|████████▊ | 78/88 [00:20<00:02,  3.74it/s, loss=1.137]
  epoch 3/3:  89%|████████▊ | 78/88 [00:21<00:02,  3.74it/s, loss=1.137]
  epoch 3/3:  90%|████████▉ | 79/88 [00:21<00:02,  3.74it/s, loss=1.137]
  epoch 3/3:  90%|████████▉ | 79/88 [00:21<00:02,  3.74it/s, loss=1.135]
  epoch 3/3:  91%|█████████ | 80/88 [00:21<00:02,  3.76it/s, loss=1.135]
  epoch 3/3:  91%|█████████ | 80/88 [00:21<00:02,  3.76it/s, loss=1.135]
  epoch 3/3:  92%|█████████▏| 81/88 [00:21<00:01,  3.74it/s, loss=1.135]
  epoch 3/3:  92%|█████████▏| 81/88 [00:22<00:01,  3.74it/s, loss=1.134]
  epoch 3/3:  93%|█████████▎| 82/88 [00:22<00:01,  3.74it/s, loss=1.134]
  epoch 3/3:  93%|█████████▎| 82/88 [00:22<00:01,  3.74it/s, loss=1.134]
  epoch 3/3:  94%|█████████▍| 83/88 [00:22<00:01,  3.73it/s, loss=1.134]
  epoch 3/3:  94%|█████████▍| 83/88 [00:22<00:01,  3.73it/s, loss=1.134]
  epoch 3/3:  95%|█████████▌| 84/88 [00:22<00:01,  3.75it/s, loss=1.134]
  epoch 3/3:  95%|█████████▌| 84/88 [00:22<00:01,  3.75it/s, loss=1.133]
  epoch 3/3:  97%|█████████▋| 85/88 [00:22<00:00,  3.76it/s, loss=1.133]
  epoch 3/3:  97%|█████████▋| 85/88 [00:23<00:00,  3.76it/s, loss=1.132]
  epoch 3/3:  98%|█████████▊| 86/88 [00:23<00:00,  3.77it/s, loss=1.132]
  epoch 3/3:  98%|█████████▊| 86/88 [00:23<00:00,  3.77it/s, loss=1.131]
  epoch 3/3:  99%|█████████▉| 87/88 [00:23<00:00,  3.77it/s, loss=1.131]
  epoch 3/3:  99%|█████████▉| 87/88 [00:23<00:00,  3.77it/s, loss=1.131]
  epoch 3/3: 100%|██████████| 88/88 [00:23<00:00,  4.07it/s, loss=1.131]
                                                                        
[titans] reset=never | norm(state) sau task = 79.4161
[titans]   self-mod v:β=0.95 |W|=0.63
[titans]   eta_t(avg)=-0.3420  alpha_t/forget-gate(avg)=0.9547
[task 7] test acc so far: 0.846  0.611  0.500  0.623  0.429  0.094  0.389  0.054
[task 7] NCM-head acc so far: 0.800  0.706  0.717  0.717  0.740  0.714  0.723  0.663
[task 8] classes=[3, 5, 10, 23, 43] | train=2800

  epoch 1/3:   0%|          | 0/88 [00:00<?, ?it/s]
  epoch 1/3:   0%|          | 0/88 [00:00<?, ?it/s, loss=1.731]
  epoch 1/3:   1%|          | 1/88 [00:00<00:41,  2.10it/s, loss=1.731]
  epoch 1/3:   1%|          | 1/88 [00:00<00:41,  2.10it/s, loss=1.743]
  epoch 1/3:   2%|▏         | 2/88 [00:00<00:30,  2.84it/s, loss=1.743]
  epoch 1/3:   2%|▏         | 2/88 [00:01<00:30,  2.84it/s, loss=1.734]
  epoch 1/3:   3%|▎         | 3/88 [00:01<00:26,  3.20it/s, loss=1.734]
  epoch 1/3:   3%|▎         | 3/88 [00:01<00:26,  3.20it/s, loss=1.723]
  epoch 1/3:   5%|▍         | 4/88 [00:01<00:24,  3.40it/s, loss=1.723]
  epoch 1/3:   5%|▍         | 4/88 [00:01<00:24,  3.40it/s, loss=1.687]
  epoch 1/3:   6%|▌         | 5/88 [00:01<00:23,  3.53it/s, loss=1.687]
  epoch 1/3:   6%|▌         | 5/88 [00:01<00:23,  3.53it/s, loss=1.684]
  epoch 1/3:   7%|▋         | 6/88 [00:01<00:22,  3.60it/s, loss=1.684]
  epoch 1/3:   7%|▋         | 6/88 [00:02<00:22,  3.60it/s, loss=1.675]
  epoch 1/3:   8%|▊         | 7/88 [00:02<00:22,  3.64it/s, loss=1.675]
  epoch 1/3:   8%|▊         | 7/88 [00:02<00:22,  3.64it/s, loss=1.673]
  epoch 1/3:   9%|▉         | 8/88 [00:02<00:21,  3.68it/s, loss=1.673]
  epoch 1/3:   9%|▉         | 8/88 [00:02<00:21,  3.68it/s, loss=1.675]
  epoch 1/3:  10%|█         | 9/88 [00:02<00:21,  3.72it/s, loss=1.675]
  epoch 1/3:  10%|█         | 9/88 [00:02<00:21,  3.72it/s, loss=1.686]
  epoch 1/3:  11%|█▏        | 10/88 [00:02<00:20,  3.74it/s, loss=1.686]
  epoch 1/3:  11%|█▏        | 10/88 [00:03<00:20,  3.74it/s, loss=1.683]
  epoch 1/3:  12%|█▎        | 11/88 [00:03<00:20,  3.75it/s, loss=1.683]
  epoch 1/3:  12%|█▎        | 11/88 [00:03<00:20,  3.75it/s, loss=1.680]
  epoch 1/3:  14%|█▎        | 12/88 [00:03<00:20,  3.77it/s, loss=1.680]
  epoch 1/3:  14%|█▎        | 12/88 [00:03<00:20,  3.77it/s, loss=1.685]
  epoch 1/3:  15%|█▍        | 13/88 [00:03<00:19,  3.78it/s, loss=1.685]
  epoch 1/3:  15%|█▍        | 13/88 [00:03<00:19,  3.78it/s, loss=1.687]
  epoch 1/3:  16%|█▌        | 14/88 [00:03<00:19,  3.78it/s, loss=1.687]
  epoch 1/3:  16%|█▌        | 14/88 [00:04<00:19,  3.78it/s, loss=1.684]
  epoch 1/3:  17%|█▋        | 15/88 [00:04<00:19,  3.79it/s, loss=1.684]
  epoch 1/3:  17%|█▋        | 15/88 [00:04<00:19,  3.79it/s, loss=1.679]
  epoch 1/3:  18%|█▊        | 16/88 [00:04<00:19,  3.74it/s, loss=1.679]
  epoch 1/3:  18%|█▊        | 16/88 [00:04<00:19,  3.74it/s, loss=1.682]
  epoch 1/3:  19%|█▉        | 17/88 [00:04<00:18,  3.75it/s, loss=1.682]
  epoch 1/3:  19%|█▉        | 17/88 [00:04<00:18,  3.75it/s, loss=1.683]
  epoch 1/3:  20%|██        | 18/88 [00:04<00:18,  3.76it/s, loss=1.683]
  epoch 1/3:  20%|██        | 18/88 [00:05<00:18,  3.76it/s, loss=1.688]
  epoch 1/3:  22%|██▏       | 19/88 [00:05<00:18,  3.75it/s, loss=1.688]
  epoch 1/3:  22%|██▏       | 19/88 [00:05<00:18,  3.75it/s, loss=1.687]
  epoch 1/3:  23%|██▎       | 20/88 [00:05<00:18,  3.76it/s, loss=1.687]
  epoch 1/3:  23%|██▎       | 20/88 [00:05<00:18,  3.76it/s, loss=1.689]
  epoch 1/3:  24%|██▍       | 21/88 [00:05<00:17,  3.77it/s, loss=1.689]
  epoch 1/3:  24%|██▍       | 21/88 [00:06<00:17,  3.77it/s, loss=1.691]
  epoch 1/3:  25%|██▌       | 22/88 [00:06<00:17,  3.78it/s, loss=1.691]
  epoch 1/3:  25%|██▌       | 22/88 [00:06<00:17,  3.78it/s, loss=1.689]
  epoch 1/3:  26%|██▌       | 23/88 [00:06<00:17,  3.78it/s, loss=1.689]
  epoch 1/3:  26%|██▌       | 23/88 [00:06<00:17,  3.78it/s, loss=1.689]
  epoch 1/3:  27%|██▋       | 24/88 [00:06<00:16,  3.78it/s, loss=1.689]
  epoch 1/3:  27%|██▋       | 24/88 [00:06<00:16,  3.78it/s, loss=1.689]
  epoch 1/3:  28%|██▊       | 25/88 [00:06<00:16,  3.78it/s, loss=1.689]
  epoch 1/3:  28%|██▊       | 25/88 [00:07<00:16,  3.78it/s, loss=1.691]
  epoch 1/3:  30%|██▉       | 26/88 [00:07<00:16,  3.78it/s, loss=1.691]
  epoch 1/3:  30%|██▉       | 26/88 [00:07<00:16,  3.78it/s, loss=1.689]
  epoch 1/3:  31%|███       | 27/88 [00:07<00:16,  3.79it/s, loss=1.689]
  epoch 1/3:  31%|███       | 27/88 [00:07<00:16,  3.79it/s, loss=1.690]
  epoch 1/3:  32%|███▏      | 28/88 [00:07<00:15,  3.79it/s, loss=1.690]
  epoch 1/3:  32%|███▏      | 28/88 [00:07<00:15,  3.79it/s, loss=1.691]
  epoch 1/3:  33%|███▎      | 29/88 [00:07<00:15,  3.77it/s, loss=1.691]
  epoch 1/3:  33%|███▎      | 29/88 [00:08<00:15,  3.77it/s, loss=1.693]
  epoch 1/3:  34%|███▍      | 30/88 [00:08<00:15,  3.76it/s, loss=1.693]
  epoch 1/3:  34%|███▍      | 30/88 [00:08<00:15,  3.76it/s, loss=1.692]
  epoch 1/3:  35%|███▌      | 31/88 [00:08<00:15,  3.76it/s, loss=1.692]
  epoch 1/3:  35%|███▌      | 31/88 [00:08<00:15,  3.76it/s, loss=1.691]
  epoch 1/3:  36%|███▋      | 32/88 [00:08<00:15,  3.71it/s, loss=1.691]
  epoch 1/3:  36%|███▋      | 32/88 [00:08<00:15,  3.71it/s, loss=1.691]
  epoch 1/3:  38%|███▊      | 33/88 [00:08<00:14,  3.73it/s, loss=1.691]
  epoch 1/3:  38%|███▊      | 33/88 [00:09<00:14,  3.73it/s, loss=1.693]
  epoch 1/3:  39%|███▊      | 34/88 [00:09<00:14,  3.75it/s, loss=1.693]
  epoch 1/3:  39%|███▊      | 34/88 [00:09<00:14,  3.75it/s, loss=1.691]
  epoch 1/3:  40%|███▉      | 35/88 [00:09<00:14,  3.73it/s, loss=1.691]
  epoch 1/3:  40%|███▉      | 35/88 [00:09<00:14,  3.73it/s, loss=1.692]
  epoch 1/3:  41%|████      | 36/88 [00:09<00:13,  3.75it/s, loss=1.692]
  epoch 1/3:  41%|████      | 36/88 [00:10<00:13,  3.75it/s, loss=1.691]
  epoch 1/3:  42%|████▏     | 37/88 [00:10<00:13,  3.77it/s, loss=1.691]
  epoch 1/3:  42%|████▏     | 37/88 [00:10<00:13,  3.77it/s, loss=1.693]
  epoch 1/3:  43%|████▎     | 38/88 [00:10<00:13,  3.77it/s, loss=1.693]
  epoch 1/3:  43%|████▎     | 38/88 [00:10<00:13,  3.77it/s, loss=1.690]
  epoch 1/3:  44%|████▍     | 39/88 [00:10<00:12,  3.78it/s, loss=1.690]
  epoch 1/3:  44%|████▍     | 39/88 [00:10<00:12,  3.78it/s, loss=1.690]
  epoch 1/3:  45%|████▌     | 40/88 [00:10<00:12,  3.78it/s, loss=1.690]
  epoch 1/3:  45%|████▌     | 40/88 [00:11<00:12,  3.78it/s, loss=1.687]
  epoch 1/3:  47%|████▋     | 41/88 [00:11<00:12,  3.78it/s, loss=1.687]
  epoch 1/3:  47%|████▋     | 41/88 [00:11<00:12,  3.78it/s, loss=1.687]
  epoch 1/3:  48%|████▊     | 42/88 [00:11<00:12,  3.79it/s, loss=1.687]
  epoch 1/3:  48%|████▊     | 42/88 [00:11<00:12,  3.79it/s, loss=1.685]
  epoch 1/3:  49%|████▉     | 43/88 [00:11<00:11,  3.79it/s, loss=1.685]
  epoch 1/3:  49%|████▉     | 43/88 [00:11<00:11,  3.79it/s, loss=1.684]
  epoch 1/3:  50%|█████     | 44/88 [00:11<00:11,  3.80it/s, loss=1.684]
  epoch 1/3:  50%|█████     | 44/88 [00:12<00:11,  3.80it/s, loss=1.681]
  epoch 1/3:  51%|█████     | 45/88 [00:12<00:11,  3.80it/s, loss=1.681]
  epoch 1/3:  51%|█████     | 45/88 [00:12<00:11,  3.80it/s, loss=1.681]
  epoch 1/3:  52%|█████▏    | 46/88 [00:12<00:11,  3.80it/s, loss=1.681]
  epoch 1/3:  52%|█████▏    | 46/88 [00:12<00:11,  3.80it/s, loss=1.680]
  epoch 1/3:  53%|█████▎    | 47/88 [00:12<00:10,  3.80it/s, loss=1.680]
  epoch 1/3:  53%|█████▎    | 47/88 [00:12<00:10,  3.80it/s, loss=1.681]
  epoch 1/3:  55%|█████▍    | 48/88 [00:12<00:10,  3.76it/s, loss=1.681]
  epoch 1/3:  55%|█████▍    | 48/88 [00:13<00:10,  3.76it/s, loss=1.678]
  epoch 1/3:  56%|█████▌    | 49/88 [00:13<00:10,  3.76it/s, loss=1.678]
  epoch 1/3:  56%|█████▌    | 49/88 [00:13<00:10,  3.76it/s, loss=1.677]
  epoch 1/3:  57%|█████▋    | 50/88 [00:13<00:10,  3.76it/s, loss=1.677]
  epoch 1/3:  57%|█████▋    | 50/88 [00:13<00:10,  3.76it/s, loss=1.676]
  epoch 1/3:  58%|█████▊    | 51/88 [00:13<00:09,  3.77it/s, loss=1.676]
  epoch 1/3:  58%|█████▊    | 51/88 [00:14<00:09,  3.77it/s, loss=1.674]
  epoch 1/3:  59%|█████▉    | 52/88 [00:14<00:09,  3.76it/s, loss=1.674]
  epoch 1/3:  59%|█████▉    | 52/88 [00:14<00:09,  3.76it/s, loss=1.672]
  epoch 1/3:  60%|██████    | 53/88 [00:14<00:09,  3.77it/s, loss=1.672]
  epoch 1/3:  60%|██████    | 53/88 [00:14<00:09,  3.77it/s, loss=1.672]
  epoch 1/3:  61%|██████▏   | 54/88 [00:14<00:09,  3.77it/s, loss=1.672]
  epoch 1/3:  61%|██████▏   | 54/88 [00:14<00:09,  3.77it/s, loss=1.670]
  epoch 1/3:  62%|██████▎   | 55/88 [00:14<00:08,  3.78it/s, loss=1.670]
  epoch 1/3:  62%|██████▎   | 55/88 [00:15<00:08,  3.78it/s, loss=1.669]
  epoch 1/3:  64%|██████▎   | 56/88 [00:15<00:08,  3.79it/s, loss=1.669]
  epoch 1/3:  64%|██████▎   | 56/88 [00:15<00:08,  3.79it/s, loss=1.669]
  epoch 1/3:  65%|██████▍   | 57/88 [00:15<00:08,  3.79it/s, loss=1.669]
  epoch 1/3:  65%|██████▍   | 57/88 [00:15<00:08,  3.79it/s, loss=1.668]
  epoch 1/3:  66%|██████▌   | 58/88 [00:15<00:07,  3.80it/s, loss=1.668]
  epoch 1/3:  66%|██████▌   | 58/88 [00:15<00:07,  3.80it/s, loss=1.667]
  epoch 1/3:  67%|██████▋   | 59/88 [00:15<00:07,  3.80it/s, loss=1.667]
  epoch 1/3:  67%|██████▋   | 59/88 [00:16<00:07,  3.80it/s, loss=1.664]
  epoch 1/3:  68%|██████▊   | 60/88 [00:16<00:07,  3.80it/s, loss=1.664]
  epoch 1/3:  68%|██████▊   | 60/88 [00:16<00:07,  3.80it/s, loss=1.664]
  epoch 1/3:  69%|██████▉   | 61/88 [00:16<00:07,  3.80it/s, loss=1.664]
  epoch 1/3:  69%|██████▉   | 61/88 [00:16<00:07,  3.80it/s, loss=1.663]
  epoch 1/3:  70%|███████   | 62/88 [00:16<00:06,  3.79it/s, loss=1.663]
  epoch 1/3:  70%|███████   | 62/88 [00:16<00:06,  3.79it/s, loss=1.664]
  epoch 1/3:  72%|███████▏  | 63/88 [00:16<00:06,  3.79it/s, loss=1.664]
  epoch 1/3:  72%|███████▏  | 63/88 [00:17<00:06,  3.79it/s, loss=1.662]
  epoch 1/3:  73%|███████▎  | 64/88 [00:17<00:06,  3.73it/s, loss=1.662]
  epoch 1/3:  73%|███████▎  | 64/88 [00:17<00:06,  3.73it/s, loss=1.660]
  epoch 1/3:  74%|███████▍  | 65/88 [00:17<00:06,  3.74it/s, loss=1.660]
  epoch 1/3:  74%|███████▍  | 65/88 [00:17<00:06,  3.74it/s, loss=1.659]
  epoch 1/3:  75%|███████▌  | 66/88 [00:17<00:05,  3.76it/s, loss=1.659]
  epoch 1/3:  75%|███████▌  | 66/88 [00:17<00:05,  3.76it/s, loss=1.658]
  epoch 1/3:  76%|███████▌  | 67/88 [00:17<00:05,  3.77it/s, loss=1.658]
  epoch 1/3:  76%|███████▌  | 67/88 [00:18<00:05,  3.77it/s, loss=1.657]
  epoch 1/3:  77%|███████▋  | 68/88 [00:18<00:05,  3.78it/s, loss=1.657]
  epoch 1/3:  77%|███████▋  | 68/88 [00:18<00:05,  3.78it/s, loss=1.656]
  epoch 1/3:  78%|███████▊  | 69/88 [00:18<00:05,  3.79it/s, loss=1.656]
  epoch 1/3:  78%|███████▊  | 69/88 [00:18<00:05,  3.79it/s, loss=1.656]
  epoch 1/3:  80%|███████▉  | 70/88 [00:18<00:04,  3.79it/s, loss=1.656]
  epoch 1/3:  80%|███████▉  | 70/88 [00:19<00:04,  3.79it/s, loss=1.655]
  epoch 1/3:  81%|████████  | 71/88 [00:19<00:04,  3.79it/s, loss=1.655]
  epoch 1/3:  81%|████████  | 71/88 [00:19<00:04,  3.79it/s, loss=1.654]
  epoch 1/3:  82%|████████▏ | 72/88 [00:19<00:04,  3.79it/s, loss=1.654]
  epoch 1/3:  82%|████████▏ | 72/88 [00:19<00:04,  3.79it/s, loss=1.653]
  epoch 1/3:  83%|████████▎ | 73/88 [00:19<00:03,  3.80it/s, loss=1.653]
  epoch 1/3:  83%|████████▎ | 73/88 [00:19<00:03,  3.80it/s, loss=1.653]
  epoch 1/3:  84%|████████▍ | 74/88 [00:19<00:03,  3.80it/s, loss=1.653]
  epoch 1/3:  84%|████████▍ | 74/88 [00:20<00:03,  3.80it/s, loss=1.652]
  epoch 1/3:  85%|████████▌ | 75/88 [00:20<00:03,  3.79it/s, loss=1.652]
  epoch 1/3:  85%|████████▌ | 75/88 [00:20<00:03,  3.79it/s, loss=1.652]
  epoch 1/3:  86%|████████▋ | 76/88 [00:20<00:03,  3.80it/s, loss=1.652]
  epoch 1/3:  86%|████████▋ | 76/88 [00:20<00:03,  3.80it/s, loss=1.651]
  epoch 1/3:  88%|████████▊ | 77/88 [00:20<00:02,  3.79it/s, loss=1.651]
  epoch 1/3:  88%|████████▊ | 77/88 [00:20<00:02,  3.79it/s, loss=1.650]
  epoch 1/3:  89%|████████▊ | 78/88 [00:20<00:02,  3.80it/s, loss=1.650]
  epoch 1/3:  89%|████████▊ | 78/88 [00:21<00:02,  3.80it/s, loss=1.650]
  epoch 1/3:  90%|████████▉ | 79/88 [00:21<00:02,  3.79it/s, loss=1.650]
  epoch 1/3:  90%|████████▉ | 79/88 [00:21<00:02,  3.79it/s, loss=1.649]
  epoch 1/3:  91%|█████████ | 80/88 [00:21<00:02,  3.75it/s, loss=1.649]
  epoch 1/3:  91%|█████████ | 80/88 [00:21<00:02,  3.75it/s, loss=1.649]
  epoch 1/3:  92%|█████████▏| 81/88 [00:21<00:01,  3.75it/s, loss=1.649]
  epoch 1/3:  92%|█████████▏| 81/88 [00:21<00:01,  3.75it/s, loss=1.648]
  epoch 1/3:  93%|█████████▎| 82/88 [00:21<00:01,  3.74it/s, loss=1.648]
  epoch 1/3:  93%|█████████▎| 82/88 [00:22<00:01,  3.74it/s, loss=1.647]
  epoch 1/3:  94%|█████████▍| 83/88 [00:22<00:01,  3.76it/s, loss=1.647]
  epoch 1/3:  94%|█████████▍| 83/88 [00:22<00:01,  3.76it/s, loss=1.645]
  epoch 1/3:  95%|█████████▌| 84/88 [00:22<00:01,  3.77it/s, loss=1.645]
  epoch 1/3:  95%|█████████▌| 84/88 [00:22<00:01,  3.77it/s, loss=1.643]
  epoch 1/3:  97%|█████████▋| 85/88 [00:22<00:00,  3.78it/s, loss=1.643]
  epoch 1/3:  97%|█████████▋| 85/88 [00:22<00:00,  3.78it/s, loss=1.641]
  epoch 1/3:  98%|█████████▊| 86/88 [00:22<00:00,  3.78it/s, loss=1.641]
  epoch 1/3:  98%|█████████▊| 86/88 [00:23<00:00,  3.78it/s, loss=1.640]
  epoch 1/3:  99%|█████████▉| 87/88 [00:23<00:00,  3.79it/s, loss=1.640]
  epoch 1/3:  99%|█████████▉| 87/88 [00:23<00:00,  3.79it/s, loss=1.641]
  epoch 1/3: 100%|██████████| 88/88 [00:23<00:00,  4.14it/s, loss=1.641]
                                                                        

  epoch 2/3:   0%|          | 0/88 [00:00<?, ?it/s]
  epoch 2/3:   0%|          | 0/88 [00:00<?, ?it/s, loss=1.629]
  epoch 2/3:   1%|          | 1/88 [00:00<00:41,  2.10it/s, loss=1.629]
  epoch 2/3:   1%|          | 1/88 [00:00<00:41,  2.10it/s, loss=1.489]
  epoch 2/3:   2%|▏         | 2/88 [00:00<00:30,  2.85it/s, loss=1.489]
  epoch 2/3:   2%|▏         | 2/88 [00:01<00:30,  2.85it/s, loss=1.531]
  epoch 2/3:   3%|▎         | 3/88 [00:01<00:26,  3.22it/s, loss=1.531]
  epoch 2/3:   3%|▎         | 3/88 [00:01<00:26,  3.22it/s, loss=1.510]
  epoch 2/3:   5%|▍         | 4/88 [00:01<00:24,  3.43it/s, loss=1.510]
  epoch 2/3:   5%|▍         | 4/88 [00:01<00:24,  3.43it/s, loss=1.547]
  epoch 2/3:   6%|▌         | 5/88 [00:01<00:23,  3.55it/s, loss=1.547]
  epoch 2/3:   6%|▌         | 5/88 [00:01<00:23,  3.55it/s, loss=1.557]
  epoch 2/3:   7%|▋         | 6/88 [00:01<00:22,  3.63it/s, loss=1.557]
  epoch 2/3:   7%|▋         | 6/88 [00:02<00:22,  3.63it/s, loss=1.567]
  epoch 2/3:   8%|▊         | 7/88 [00:02<00:22,  3.67it/s, loss=1.567]
  epoch 2/3:   8%|▊         | 7/88 [00:02<00:22,  3.67it/s, loss=1.559]
  epoch 2/3:   9%|▉         | 8/88 [00:02<00:21,  3.66it/s, loss=1.559]
  epoch 2/3:   9%|▉         | 8/88 [00:02<00:21,  3.66it/s, loss=1.556]
  epoch 2/3:  10%|█         | 9/88 [00:02<00:21,  3.68it/s, loss=1.556]
  epoch 2/3:  10%|█         | 9/88 [00:02<00:21,  3.68it/s, loss=1.558]
  epoch 2/3:  11%|█▏        | 10/88 [00:02<00:20,  3.71it/s, loss=1.558]
  epoch 2/3:  11%|█▏        | 10/88 [00:03<00:20,  3.71it/s, loss=1.551]
  epoch 2/3:  12%|█▎        | 11/88 [00:03<00:20,  3.73it/s, loss=1.551]
  epoch 2/3:  12%|█▎        | 11/88 [00:03<00:20,  3.73it/s, loss=1.552]
  epoch 2/3:  14%|█▎        | 12/88 [00:03<00:20,  3.75it/s, loss=1.552]
  epoch 2/3:  14%|█▎        | 12/88 [00:03<00:20,  3.75it/s, loss=1.546]
  epoch 2/3:  15%|█▍        | 13/88 [00:03<00:19,  3.76it/s, loss=1.546]
  epoch 2/3:  15%|█▍        | 13/88 [00:03<00:19,  3.76it/s, loss=1.541]
  epoch 2/3:  16%|█▌        | 14/88 [00:03<00:19,  3.77it/s, loss=1.541]
  epoch 2/3:  16%|█▌        | 14/88 [00:04<00:19,  3.77it/s, loss=1.546]
  epoch 2/3:  17%|█▋        | 15/88 [00:04<00:19,  3.76it/s, loss=1.546]
  epoch 2/3:  17%|█▋        | 15/88 [00:04<00:19,  3.76it/s, loss=1.542]
  epoch 2/3:  18%|█▊        | 16/88 [00:04<00:19,  3.76it/s, loss=1.542]
  epoch 2/3:  18%|█▊        | 16/88 [00:04<00:19,  3.76it/s, loss=1.543]
  epoch 2/3:  19%|█▉        | 17/88 [00:04<00:18,  3.74it/s, loss=1.543]
  epoch 2/3:  19%|█▉        | 17/88 [00:04<00:18,  3.74it/s, loss=1.537]
  epoch 2/3:  20%|██        | 18/88 [00:04<00:18,  3.76it/s, loss=1.537]
  epoch 2/3:  20%|██        | 18/88 [00:05<00:18,  3.76it/s, loss=1.538]
  epoch 2/3:  22%|██▏       | 19/88 [00:05<00:18,  3.76it/s, loss=1.538]
  epoch 2/3:  22%|██▏       | 19/88 [00:05<00:18,  3.76it/s, loss=1.539]
  epoch 2/3:  23%|██▎       | 20/88 [00:05<00:18,  3.77it/s, loss=1.539]
  epoch 2/3:  23%|██▎       | 20/88 [00:05<00:18,  3.77it/s, loss=1.541]
  epoch 2/3:  24%|██▍       | 21/88 [00:05<00:17,  3.76it/s, loss=1.541]
  epoch 2/3:  24%|██▍       | 21/88 [00:06<00:17,  3.76it/s, loss=1.541]
  epoch 2/3:  25%|██▌       | 22/88 [00:06<00:17,  3.77it/s, loss=1.541]
  epoch 2/3:  25%|██▌       | 22/88 [00:06<00:17,  3.77it/s, loss=1.541]
  epoch 2/3:  26%|██▌       | 23/88 [00:06<00:17,  3.77it/s, loss=1.541]
  epoch 2/3:  26%|██▌       | 23/88 [00:06<00:17,  3.77it/s, loss=1.536]
  epoch 2/3:  27%|██▋       | 24/88 [00:06<00:17,  3.71it/s, loss=1.536]
  epoch 2/3:  27%|██▋       | 24/88 [00:06<00:17,  3.71it/s, loss=1.536]
  epoch 2/3:  28%|██▊       | 25/88 [00:06<00:16,  3.73it/s, loss=1.536]
  epoch 2/3:  28%|██▊       | 25/88 [00:07<00:16,  3.73it/s, loss=1.532]
  epoch 2/3:  30%|██▉       | 26/88 [00:07<00:16,  3.73it/s, loss=1.532]
  epoch 2/3:  30%|██▉       | 26/88 [00:07<00:16,  3.73it/s, loss=1.531]
  epoch 2/3:  31%|███       | 27/88 [00:07<00:16,  3.73it/s, loss=1.531]
  epoch 2/3:  31%|███       | 27/88 [00:07<00:16,  3.73it/s, loss=1.527]
  epoch 2/3:  32%|███▏      | 28/88 [00:07<00:16,  3.72it/s, loss=1.527]
  epoch 2/3:  32%|███▏      | 28/88 [00:07<00:16,  3.72it/s, loss=1.523]
  epoch 2/3:  33%|███▎      | 29/88 [00:07<00:15,  3.74it/s, loss=1.523]
  epoch 2/3:  33%|███▎      | 29/88 [00:08<00:15,  3.74it/s, loss=1.522]
  epoch 2/3:  34%|███▍      | 30/88 [00:08<00:15,  3.76it/s, loss=1.522]
  epoch 2/3:  34%|███▍      | 30/88 [00:08<00:15,  3.76it/s, loss=1.518]
  epoch 2/3:  35%|███▌      | 31/88 [00:08<00:15,  3.77it/s, loss=1.518]
  epoch 2/3:  35%|███▌      | 31/88 [00:08<00:15,  3.77it/s, loss=1.519]
  epoch 2/3:  36%|███▋      | 32/88 [00:08<00:14,  3.77it/s, loss=1.519]
  epoch 2/3:  36%|███▋      | 32/88 [00:08<00:14,  3.77it/s, loss=1.519]
  epoch 2/3:  38%|███▊      | 33/88 [00:08<00:14,  3.77it/s, loss=1.519]
  epoch 2/3:  38%|███▊      | 33/88 [00:09<00:14,  3.77it/s, loss=1.518]
  epoch 2/3:  39%|███▊      | 34/88 [00:09<00:14,  3.75it/s, loss=1.518]
  epoch 2/3:  39%|███▊      | 34/88 [00:09<00:14,  3.75it/s, loss=1.518]
  epoch 2/3:  40%|███▉      | 35/88 [00:09<00:14,  3.73it/s, loss=1.518]
  epoch 2/3:  40%|███▉      | 35/88 [00:09<00:14,  3.73it/s, loss=1.519]
  epoch 2/3:  41%|████      | 36/88 [00:09<00:13,  3.75it/s, loss=1.519]
  epoch 2/3:  41%|████      | 36/88 [00:10<00:13,  3.75it/s, loss=1.520]
  epoch 2/3:  42%|████▏     | 37/88 [00:10<00:13,  3.76it/s, loss=1.520]
  epoch 2/3:  42%|████▏     | 37/88 [00:10<00:13,  3.76it/s, loss=1.518]
  epoch 2/3:  43%|████▎     | 38/88 [00:10<00:13,  3.77it/s, loss=1.518]
  epoch 2/3:  43%|████▎     | 38/88 [00:10<00:13,  3.77it/s, loss=1.515]
  epoch 2/3:  44%|████▍     | 39/88 [00:10<00:12,  3.78it/s, loss=1.515]
  epoch 2/3:  44%|████▍     | 39/88 [00:10<00:12,  3.78it/s, loss=1.515]
  epoch 2/3:  45%|████▌     | 40/88 [00:10<00:12,  3.74it/s, loss=1.515]
  epoch 2/3:  45%|████▌     | 40/88 [00:11<00:12,  3.74it/s, loss=1.516]
  epoch 2/3:  47%|████▋     | 41/88 [00:11<00:12,  3.76it/s, loss=1.516]
  epoch 2/3:  47%|████▋     | 41/88 [00:11<00:12,  3.76it/s, loss=1.517]
  epoch 2/3:  48%|████▊     | 42/88 [00:11<00:12,  3.74it/s, loss=1.517]
  epoch 2/3:  48%|████▊     | 42/88 [00:11<00:12,  3.74it/s, loss=1.516]
  epoch 2/3:  49%|████▉     | 43/88 [00:11<00:12,  3.75it/s, loss=1.516]
  epoch 2/3:  49%|████▉     | 43/88 [00:11<00:12,  3.75it/s, loss=1.518]
  epoch 2/3:  50%|█████     | 44/88 [00:11<00:11,  3.76it/s, loss=1.518]
  epoch 2/3:  50%|█████     | 44/88 [00:12<00:11,  3.76it/s, loss=1.519]
  epoch 2/3:  51%|█████     | 45/88 [00:12<00:11,  3.76it/s, loss=1.519]
  epoch 2/3:  51%|█████     | 45/88 [00:12<00:11,  3.76it/s, loss=1.518]
  epoch 2/3:  52%|█████▏    | 46/88 [00:12<00:11,  3.77it/s, loss=1.518]
  epoch 2/3:  52%|█████▏    | 46/88 [00:12<00:11,  3.77it/s, loss=1.519]
  epoch 2/3:  53%|█████▎    | 47/88 [00:12<00:10,  3.76it/s, loss=1.519]
  epoch 2/3:  53%|█████▎    | 47/88 [00:12<00:10,  3.76it/s, loss=1.519]
  epoch 2/3:  55%|█████▍    | 48/88 [00:12<00:10,  3.76it/s, loss=1.519]
  epoch 2/3:  55%|█████▍    | 48/88 [00:13<00:10,  3.76it/s, loss=1.519]
  epoch 2/3:  56%|█████▌    | 49/88 [00:13<00:10,  3.74it/s, loss=1.519]
  epoch 2/3:  56%|█████▌    | 49/88 [00:13<00:10,  3.74it/s, loss=1.519]
  epoch 2/3:  57%|█████▋    | 50/88 [00:13<00:10,  3.75it/s, loss=1.519]
  epoch 2/3:  57%|█████▋    | 50/88 [00:13<00:10,  3.75it/s, loss=1.519]
  epoch 2/3:  58%|█████▊    | 51/88 [00:13<00:09,  3.77it/s, loss=1.519]
  epoch 2/3:  58%|█████▊    | 51/88 [00:14<00:09,  3.77it/s, loss=1.520]
  epoch 2/3:  59%|█████▉    | 52/88 [00:14<00:09,  3.78it/s, loss=1.520]
  epoch 2/3:  59%|█████▉    | 52/88 [00:14<00:09,  3.78it/s, loss=1.521]
  epoch 2/3:  60%|██████    | 53/88 [00:14<00:09,  3.78it/s, loss=1.521]
  epoch 2/3:  60%|██████    | 53/88 [00:14<00:09,  3.78it/s, loss=1.519]
  epoch 2/3:  61%|██████▏   | 54/88 [00:14<00:08,  3.78it/s, loss=1.519]
  epoch 2/3:  61%|██████▏   | 54/88 [00:14<00:08,  3.78it/s, loss=1.516]
  epoch 2/3:  62%|██████▎   | 55/88 [00:14<00:08,  3.77it/s, loss=1.516]
  epoch 2/3:  62%|██████▎   | 55/88 [00:15<00:08,  3.77it/s, loss=1.514]
  epoch 2/3:  64%|██████▎   | 56/88 [00:15<00:08,  3.72it/s, loss=1.514]
  epoch 2/3:  64%|██████▎   | 56/88 [00:15<00:08,  3.72it/s, loss=1.514]
  epoch 2/3:  65%|██████▍   | 57/88 [00:15<00:08,  3.73it/s, loss=1.514]
  epoch 2/3:  65%|██████▍   | 57/88 [00:15<00:08,  3.73it/s, loss=1.512]
  epoch 2/3:  66%|██████▌   | 58/88 [00:15<00:07,  3.76it/s, loss=1.512]
  epoch 2/3:  66%|██████▌   | 58/88 [00:15<00:07,  3.76it/s, loss=1.510]
  epoch 2/3:  67%|██████▋   | 59/88 [00:15<00:07,  3.77it/s, loss=1.510]
  epoch 2/3:  67%|██████▋   | 59/88 [00:16<00:07,  3.77it/s, loss=1.511]
  epoch 2/3:  68%|██████▊   | 60/88 [00:16<00:07,  3.76it/s, loss=1.511]
  epoch 2/3:  68%|██████▊   | 60/88 [00:16<00:07,  3.76it/s, loss=1.509]
  epoch 2/3:  69%|██████▉   | 61/88 [00:16<00:07,  3.77it/s, loss=1.509]
  epoch 2/3:  69%|██████▉   | 61/88 [00:16<00:07,  3.77it/s, loss=1.510]
  epoch 2/3:  70%|███████   | 62/88 [00:16<00:06,  3.76it/s, loss=1.510]
  epoch 2/3:  70%|███████   | 62/88 [00:16<00:06,  3.76it/s, loss=1.509]
  epoch 2/3:  72%|███████▏  | 63/88 [00:16<00:06,  3.76it/s, loss=1.509]
  epoch 2/3:  72%|███████▏  | 63/88 [00:17<00:06,  3.76it/s, loss=1.508]
  epoch 2/3:  73%|███████▎  | 64/88 [00:17<00:06,  3.76it/s, loss=1.508]
  epoch 2/3:  73%|███████▎  | 64/88 [00:17<00:06,  3.76it/s, loss=1.506]
  epoch 2/3:  74%|███████▍  | 65/88 [00:17<00:06,  3.74it/s, loss=1.506]
  epoch 2/3:  74%|███████▍  | 65/88 [00:17<00:06,  3.74it/s, loss=1.505]
  epoch 2/3:  75%|███████▌  | 66/88 [00:17<00:05,  3.75it/s, loss=1.505]
  epoch 2/3:  75%|███████▌  | 66/88 [00:18<00:05,  3.75it/s, loss=1.505]
  epoch 2/3:  76%|███████▌  | 67/88 [00:18<00:05,  3.76it/s, loss=1.505]
  epoch 2/3:  76%|███████▌  | 67/88 [00:18<00:05,  3.76it/s, loss=1.502]
  epoch 2/3:  77%|███████▋  | 68/88 [00:18<00:05,  3.76it/s, loss=1.502]
  epoch 2/3:  77%|███████▋  | 68/88 [00:18<00:05,  3.76it/s, loss=1.502]
  epoch 2/3:  78%|███████▊  | 69/88 [00:18<00:05,  3.75it/s, loss=1.502]
  epoch 2/3:  78%|███████▊  | 69/88 [00:18<00:05,  3.75it/s, loss=1.501]
  epoch 2/3:  80%|███████▉  | 70/88 [00:18<00:04,  3.75it/s, loss=1.501]
  epoch 2/3:  80%|███████▉  | 70/88 [00:19<00:04,  3.75it/s, loss=1.502]
  epoch 2/3:  81%|████████  | 71/88 [00:19<00:04,  3.73it/s, loss=1.502]
  epoch 2/3:  81%|████████  | 71/88 [00:19<00:04,  3.73it/s, loss=1.500]
  epoch 2/3:  82%|████████▏ | 72/88 [00:19<00:04,  3.69it/s, loss=1.500]
  epoch 2/3:  82%|████████▏ | 72/88 [00:19<00:04,  3.69it/s, loss=1.498]
  epoch 2/3:  83%|████████▎ | 73/88 [00:19<00:04,  3.71it/s, loss=1.498]
  epoch 2/3:  83%|████████▎ | 73/88 [00:19<00:04,  3.71it/s, loss=1.499]
  epoch 2/3:  84%|████████▍ | 74/88 [00:19<00:03,  3.71it/s, loss=1.499]
  epoch 2/3:  84%|████████▍ | 74/88 [00:20<00:03,  3.71it/s, loss=1.499]
  epoch 2/3:  85%|████████▌ | 75/88 [00:20<00:03,  3.73it/s, loss=1.499]
  epoch 2/3:  85%|████████▌ | 75/88 [00:20<00:03,  3.73it/s, loss=1.499]
  epoch 2/3:  86%|████████▋ | 76/88 [00:20<00:03,  3.74it/s, loss=1.499]
  epoch 2/3:  86%|████████▋ | 76/88 [00:20<00:03,  3.74it/s, loss=1.497]
  epoch 2/3:  88%|████████▊ | 77/88 [00:20<00:02,  3.74it/s, loss=1.497]
  epoch 2/3:  88%|████████▊ | 77/88 [00:20<00:02,  3.74it/s, loss=1.496]
  epoch 2/3:  89%|████████▊ | 78/88 [00:20<00:02,  3.74it/s, loss=1.496]
  epoch 2/3:  89%|████████▊ | 78/88 [00:21<00:02,  3.74it/s, loss=1.495]
  epoch 2/3:  90%|████████▉ | 79/88 [00:21<00:02,  3.72it/s, loss=1.495]
  epoch 2/3:  90%|████████▉ | 79/88 [00:21<00:02,  3.72it/s, loss=1.494]
  epoch 2/3:  91%|█████████ | 80/88 [00:21<00:02,  3.74it/s, loss=1.494]
  epoch 2/3:  91%|█████████ | 80/88 [00:21<00:02,  3.74it/s, loss=1.493]
  epoch 2/3:  92%|█████████▏| 81/88 [00:21<00:01,  3.75it/s, loss=1.493]
  epoch 2/3:  92%|█████████▏| 81/88 [00:22<00:01,  3.75it/s, loss=1.493]
  epoch 2/3:  93%|█████████▎| 82/88 [00:22<00:01,  3.76it/s, loss=1.493]
  epoch 2/3:  93%|█████████▎| 82/88 [00:22<00:01,  3.76it/s, loss=1.492]
  epoch 2/3:  94%|█████████▍| 83/88 [00:22<00:01,  3.76it/s, loss=1.492]
  epoch 2/3:  94%|█████████▍| 83/88 [00:22<00:01,  3.76it/s, loss=1.492]
  epoch 2/3:  95%|█████████▌| 84/88 [00:22<00:01,  3.77it/s, loss=1.492]
  epoch 2/3:  95%|█████████▌| 84/88 [00:22<00:01,  3.77it/s, loss=1.490]
  epoch 2/3:  97%|█████████▋| 85/88 [00:22<00:00,  3.78it/s, loss=1.490]
  epoch 2/3:  97%|█████████▋| 85/88 [00:23<00:00,  3.78it/s, loss=1.489]
  epoch 2/3:  98%|█████████▊| 86/88 [00:23<00:00,  3.77it/s, loss=1.489]
  epoch 2/3:  98%|█████████▊| 86/88 [00:23<00:00,  3.77it/s, loss=1.490]
  epoch 2/3:  99%|█████████▉| 87/88 [00:23<00:00,  3.78it/s, loss=1.490]
  epoch 2/3:  99%|█████████▉| 87/88 [00:23<00:00,  3.78it/s, loss=1.490]
  epoch 2/3: 100%|██████████| 88/88 [00:23<00:00,  4.08it/s, loss=1.490]
                                                                        

  epoch 3/3:   0%|          | 0/88 [00:00<?, ?it/s]
  epoch 3/3:   0%|          | 0/88 [00:00<?, ?it/s, loss=1.391]
  epoch 3/3:   1%|          | 1/88 [00:00<00:41,  2.10it/s, loss=1.391]
  epoch 3/3:   1%|          | 1/88 [00:00<00:41,  2.10it/s, loss=1.402]
  epoch 3/3:   2%|▏         | 2/88 [00:00<00:30,  2.81it/s, loss=1.402]
  epoch 3/3:   2%|▏         | 2/88 [00:01<00:30,  2.81it/s, loss=1.397]
  epoch 3/3:   3%|▎         | 3/88 [00:01<00:26,  3.19it/s, loss=1.397]
  epoch 3/3:   3%|▎         | 3/88 [00:01<00:26,  3.19it/s, loss=1.377]
  epoch 3/3:   5%|▍         | 4/88 [00:01<00:24,  3.40it/s, loss=1.377]
  epoch 3/3:   5%|▍         | 4/88 [00:01<00:24,  3.40it/s, loss=1.374]
  epoch 3/3:   6%|▌         | 5/88 [00:01<00:23,  3.54it/s, loss=1.374]
  epoch 3/3:   6%|▌         | 5/88 [00:01<00:23,  3.54it/s, loss=1.387]
  epoch 3/3:   7%|▋         | 6/88 [00:01<00:22,  3.62it/s, loss=1.387]
  epoch 3/3:   7%|▋         | 6/88 [00:02<00:22,  3.62it/s, loss=1.386]
  epoch 3/3:   8%|▊         | 7/88 [00:02<00:22,  3.67it/s, loss=1.386]
  epoch 3/3:   8%|▊         | 7/88 [00:02<00:22,  3.67it/s, loss=1.392]
  epoch 3/3:   9%|▉         | 8/88 [00:02<00:21,  3.71it/s, loss=1.392]
  epoch 3/3:   9%|▉         | 8/88 [00:02<00:21,  3.71it/s, loss=1.404]
  epoch 3/3:  10%|█         | 9/88 [00:02<00:21,  3.73it/s, loss=1.404]
  epoch 3/3:  10%|█         | 9/88 [00:02<00:21,  3.73it/s, loss=1.404]
  epoch 3/3:  11%|█▏        | 10/88 [00:02<00:20,  3.75it/s, loss=1.404]
  epoch 3/3:  11%|█▏        | 10/88 [00:03<00:20,  3.75it/s, loss=1.404]
  epoch 3/3:  12%|█▎        | 11/88 [00:03<00:20,  3.75it/s, loss=1.404]
  epoch 3/3:  12%|█▎        | 11/88 [00:03<00:20,  3.75it/s, loss=1.405]
  epoch 3/3:  14%|█▎        | 12/88 [00:03<00:20,  3.75it/s, loss=1.405]
  epoch 3/3:  14%|█▎        | 12/88 [00:03<00:20,  3.75it/s, loss=1.402]
  epoch 3/3:  15%|█▍        | 13/88 [00:03<00:19,  3.75it/s, loss=1.402]
  epoch 3/3:  15%|█▍        | 13/88 [00:03<00:19,  3.75it/s, loss=1.404]
  epoch 3/3:  16%|█▌        | 14/88 [00:03<00:19,  3.75it/s, loss=1.404]
  epoch 3/3:  16%|█▌        | 14/88 [00:04<00:19,  3.75it/s, loss=1.405]
  epoch 3/3:  17%|█▋        | 15/88 [00:04<00:19,  3.74it/s, loss=1.405]
  epoch 3/3:  17%|█▋        | 15/88 [00:04<00:19,  3.74it/s, loss=1.403]
  epoch 3/3:  18%|█▊        | 16/88 [00:04<00:19,  3.70it/s, loss=1.403]
  epoch 3/3:  18%|█▊        | 16/88 [00:04<00:19,  3.70it/s, loss=1.399]
  epoch 3/3:  19%|█▉        | 17/88 [00:04<00:19,  3.72it/s, loss=1.399]
  epoch 3/3:  19%|█▉        | 17/88 [00:05<00:19,  3.72it/s, loss=1.399]
  epoch 3/3:  20%|██        | 18/88 [00:05<00:18,  3.72it/s, loss=1.399]
  epoch 3/3:  20%|██        | 18/88 [00:05<00:18,  3.72it/s, loss=1.400]
  epoch 3/3:  22%|██▏       | 19/88 [00:05<00:18,  3.73it/s, loss=1.400]
  epoch 3/3:  22%|██▏       | 19/88 [00:05<00:18,  3.73it/s, loss=1.398]
  epoch 3/3:  23%|██▎       | 20/88 [00:05<00:18,  3.74it/s, loss=1.398]
  epoch 3/3:  23%|██▎       | 20/88 [00:05<00:18,  3.74it/s, loss=1.393]
  epoch 3/3:  24%|██▍       | 21/88 [00:05<00:17,  3.76it/s, loss=1.393]
  epoch 3/3:  24%|██▍       | 21/88 [00:06<00:17,  3.76it/s, loss=1.391]
  epoch 3/3:  25%|██▌       | 22/88 [00:06<00:17,  3.77it/s, loss=1.391]
  epoch 3/3:  25%|██▌       | 22/88 [00:06<00:17,  3.77it/s, loss=1.390]
  epoch 3/3:  26%|██▌       | 23/88 [00:06<00:17,  3.78it/s, loss=1.390]
  epoch 3/3:  26%|██▌       | 23/88 [00:06<00:17,  3.78it/s, loss=1.390]
  epoch 3/3:  27%|██▋       | 24/88 [00:06<00:16,  3.78it/s, loss=1.390]
  epoch 3/3:  27%|██▋       | 24/88 [00:06<00:16,  3.78it/s, loss=1.390]
  epoch 3/3:  28%|██▊       | 25/88 [00:06<00:16,  3.78it/s, loss=1.390]
  epoch 3/3:  28%|██▊       | 25/88 [00:07<00:16,  3.78it/s, loss=1.389]
  epoch 3/3:  30%|██▉       | 26/88 [00:07<00:16,  3.79it/s, loss=1.389]
  epoch 3/3:  30%|██▉       | 26/88 [00:07<00:16,  3.79it/s, loss=1.388]
  epoch 3/3:  31%|███       | 27/88 [00:07<00:16,  3.79it/s, loss=1.388]
  epoch 3/3:  31%|███       | 27/88 [00:07<00:16,  3.79it/s, loss=1.391]
  epoch 3/3:  32%|███▏      | 28/88 [00:07<00:15,  3.79it/s, loss=1.391]
  epoch 3/3:  32%|███▏      | 28/88 [00:07<00:15,  3.79it/s, loss=1.389]
  epoch 3/3:  33%|███▎      | 29/88 [00:07<00:15,  3.79it/s, loss=1.389]
  epoch 3/3:  33%|███▎      | 29/88 [00:08<00:15,  3.79it/s, loss=1.390]
  epoch 3/3:  34%|███▍      | 30/88 [00:08<00:15,  3.79it/s, loss=1.390]
  epoch 3/3:  34%|███▍      | 30/88 [00:08<00:15,  3.79it/s, loss=1.384]
  epoch 3/3:  35%|███▌      | 31/88 [00:08<00:15,  3.79it/s, loss=1.384]
  epoch 3/3:  35%|███▌      | 31/88 [00:08<00:15,  3.79it/s, loss=1.381]
  epoch 3/3:  36%|███▋      | 32/88 [00:08<00:14,  3.74it/s, loss=1.381]
  epoch 3/3:  36%|███▋      | 32/88 [00:08<00:14,  3.74it/s, loss=1.381]
  epoch 3/3:  38%|███▊      | 33/88 [00:08<00:14,  3.75it/s, loss=1.381]
  epoch 3/3:  38%|███▊      | 33/88 [00:09<00:14,  3.75it/s, loss=1.378]
  epoch 3/3:  39%|███▊      | 34/88 [00:09<00:14,  3.73it/s, loss=1.378]
  epoch 3/3:  39%|███▊      | 34/88 [00:09<00:14,  3.73it/s, loss=1.380]
  epoch 3/3:  40%|███▉      | 35/88 [00:09<00:14,  3.75it/s, loss=1.380]
  epoch 3/3:  40%|███▉      | 35/88 [00:09<00:14,  3.75it/s, loss=1.386]
  epoch 3/3:  41%|████      | 36/88 [00:09<00:13,  3.76it/s, loss=1.386]
  epoch 3/3:  41%|████      | 36/88 [00:10<00:13,  3.76it/s, loss=1.387]
  epoch 3/3:  42%|████▏     | 37/88 [00:10<00:13,  3.77it/s, loss=1.387]
  epoch 3/3:  42%|████▏     | 37/88 [00:10<00:13,  3.77it/s, loss=1.388]
  epoch 3/3:  43%|████▎     | 38/88 [00:10<00:13,  3.78it/s, loss=1.388]
  epoch 3/3:  43%|████▎     | 38/88 [00:10<00:13,  3.78it/s, loss=1.389]
  epoch 3/3:  44%|████▍     | 39/88 [00:10<00:12,  3.78it/s, loss=1.389]
  epoch 3/3:  44%|████▍     | 39/88 [00:10<00:12,  3.78it/s, loss=1.388]
  epoch 3/3:  45%|████▌     | 40/88 [00:10<00:12,  3.78it/s, loss=1.388]
  epoch 3/3:  45%|████▌     | 40/88 [00:11<00:12,  3.78it/s, loss=1.387]
  epoch 3/3:  47%|████▋     | 41/88 [00:11<00:12,  3.79it/s, loss=1.387]
  epoch 3/3:  47%|████▋     | 41/88 [00:11<00:12,  3.79it/s, loss=1.387]
  epoch 3/3:  48%|████▊     | 42/88 [00:11<00:12,  3.78it/s, loss=1.387]
  epoch 3/3:  48%|████▊     | 42/88 [00:11<00:12,  3.78it/s, loss=1.386]
  epoch 3/3:  49%|████▉     | 43/88 [00:11<00:11,  3.78it/s, loss=1.386]
  epoch 3/3:  49%|████▉     | 43/88 [00:11<00:11,  3.78it/s, loss=1.386]
  epoch 3/3:  50%|█████     | 44/88 [00:11<00:11,  3.77it/s, loss=1.386]
  epoch 3/3:  50%|█████     | 44/88 [00:12<00:11,  3.77it/s, loss=1.385]
  epoch 3/3:  51%|█████     | 45/88 [00:12<00:11,  3.78it/s, loss=1.385]
  epoch 3/3:  51%|█████     | 45/88 [00:12<00:11,  3.78it/s, loss=1.385]
  epoch 3/3:  52%|█████▏    | 46/88 [00:12<00:11,  3.78it/s, loss=1.385]
  epoch 3/3:  52%|█████▏    | 46/88 [00:12<00:11,  3.78it/s, loss=1.384]
  epoch 3/3:  53%|█████▎    | 47/88 [00:12<00:10,  3.78it/s, loss=1.384]
  epoch 3/3:  53%|█████▎    | 47/88 [00:12<00:10,  3.78it/s, loss=1.383]
  epoch 3/3:  55%|█████▍    | 48/88 [00:12<00:10,  3.73it/s, loss=1.383]
  epoch 3/3:  55%|█████▍    | 48/88 [00:13<00:10,  3.73it/s, loss=1.381]
  epoch 3/3:  56%|█████▌    | 49/88 [00:13<00:10,  3.74it/s, loss=1.381]
  epoch 3/3:  56%|█████▌    | 49/88 [00:13<00:10,  3.74it/s, loss=1.382]
  epoch 3/3:  57%|█████▋    | 50/88 [00:13<00:10,  3.76it/s, loss=1.382]
  epoch 3/3:  57%|█████▋    | 50/88 [00:13<00:10,  3.76it/s, loss=1.380]
  epoch 3/3:  58%|█████▊    | 51/88 [00:13<00:09,  3.77it/s, loss=1.380]
  epoch 3/3:  58%|█████▊    | 51/88 [00:14<00:09,  3.77it/s, loss=1.379]
  epoch 3/3:  59%|█████▉    | 52/88 [00:14<00:09,  3.77it/s, loss=1.379]
  epoch 3/3:  59%|█████▉    | 52/88 [00:14<00:09,  3.77it/s, loss=1.376]
  epoch 3/3:  60%|██████    | 53/88 [00:14<00:09,  3.79it/s, loss=1.376]
  epoch 3/3:  60%|██████    | 53/88 [00:14<00:09,  3.79it/s, loss=1.375]
  epoch 3/3:  61%|██████▏   | 54/88 [00:14<00:08,  3.79it/s, loss=1.375]
  epoch 3/3:  61%|██████▏   | 54/88 [00:14<00:08,  3.79it/s, loss=1.375]
  epoch 3/3:  62%|██████▎   | 55/88 [00:14<00:08,  3.78it/s, loss=1.375]
  epoch 3/3:  62%|██████▎   | 55/88 [00:15<00:08,  3.78it/s, loss=1.374]
  epoch 3/3:  64%|██████▎   | 56/88 [00:15<00:08,  3.79it/s, loss=1.374]
  epoch 3/3:  64%|██████▎   | 56/88 [00:15<00:08,  3.79it/s, loss=1.373]
  epoch 3/3:  65%|██████▍   | 57/88 [00:15<00:08,  3.79it/s, loss=1.373]
  epoch 3/3:  65%|██████▍   | 57/88 [00:15<00:08,  3.79it/s, loss=1.373]
  epoch 3/3:  66%|██████▌   | 58/88 [00:15<00:07,  3.79it/s, loss=1.373]
  epoch 3/3:  66%|██████▌   | 58/88 [00:15<00:07,  3.79it/s, loss=1.372]
  epoch 3/3:  67%|██████▋   | 59/88 [00:15<00:07,  3.79it/s, loss=1.372]
  epoch 3/3:  67%|██████▋   | 59/88 [00:16<00:07,  3.79it/s, loss=1.372]
  epoch 3/3:  68%|██████▊   | 60/88 [00:16<00:07,  3.79it/s, loss=1.372]
  epoch 3/3:  68%|██████▊   | 60/88 [00:16<00:07,  3.79it/s, loss=1.371]
  epoch 3/3:  69%|██████▉   | 61/88 [00:16<00:07,  3.79it/s, loss=1.371]
  epoch 3/3:  69%|██████▉   | 61/88 [00:16<00:07,  3.79it/s, loss=1.370]
  epoch 3/3:  70%|███████   | 62/88 [00:16<00:06,  3.78it/s, loss=1.370]
  epoch 3/3:  70%|███████   | 62/88 [00:16<00:06,  3.78it/s, loss=1.370]
  epoch 3/3:  72%|███████▏  | 63/88 [00:16<00:06,  3.79it/s, loss=1.370]
  epoch 3/3:  72%|███████▏  | 63/88 [00:17<00:06,  3.79it/s, loss=1.368]
  epoch 3/3:  73%|███████▎  | 64/88 [00:17<00:06,  3.73it/s, loss=1.368]
  epoch 3/3:  73%|███████▎  | 64/88 [00:17<00:06,  3.73it/s, loss=1.367]
  epoch 3/3:  74%|███████▍  | 65/88 [00:17<00:06,  3.73it/s, loss=1.367]
  epoch 3/3:  74%|███████▍  | 65/88 [00:17<00:06,  3.73it/s, loss=1.365]
  epoch 3/3:  75%|███████▌  | 66/88 [00:17<00:05,  3.75it/s, loss=1.365]
  epoch 3/3:  75%|███████▌  | 66/88 [00:17<00:05,  3.75it/s, loss=1.364]
  epoch 3/3:  76%|███████▌  | 67/88 [00:17<00:05,  3.76it/s, loss=1.364]
  epoch 3/3:  76%|███████▌  | 67/88 [00:18<00:05,  3.76it/s, loss=1.365]
  epoch 3/3:  77%|███████▋  | 68/88 [00:18<00:05,  3.77it/s, loss=1.365]
  epoch 3/3:  77%|███████▋  | 68/88 [00:18<00:05,  3.77it/s, loss=1.364]
  epoch 3/3:  78%|███████▊  | 69/88 [00:18<00:05,  3.78it/s, loss=1.364]
  epoch 3/3:  78%|███████▊  | 69/88 [00:18<00:05,  3.78it/s, loss=1.362]
  epoch 3/3:  80%|███████▉  | 70/88 [00:18<00:04,  3.78it/s, loss=1.362]
  epoch 3/3:  80%|███████▉  | 70/88 [00:19<00:04,  3.78it/s, loss=1.361]
  epoch 3/3:  81%|████████  | 71/88 [00:19<00:04,  3.78it/s, loss=1.361]
  epoch 3/3:  81%|████████  | 71/88 [00:19<00:04,  3.78it/s, loss=1.361]
  epoch 3/3:  82%|████████▏ | 72/88 [00:19<00:04,  3.77it/s, loss=1.361]
  epoch 3/3:  82%|████████▏ | 72/88 [00:19<00:04,  3.77it/s, loss=1.360]
  epoch 3/3:  83%|████████▎ | 73/88 [00:19<00:03,  3.77it/s, loss=1.360]
  epoch 3/3:  83%|████████▎ | 73/88 [00:19<00:03,  3.77it/s, loss=1.359]
  epoch 3/3:  84%|████████▍ | 74/88 [00:19<00:03,  3.78it/s, loss=1.359]
  epoch 3/3:  84%|████████▍ | 74/88 [00:20<00:03,  3.78it/s, loss=1.359]
  epoch 3/3:  85%|████████▌ | 75/88 [00:20<00:03,  3.78it/s, loss=1.359]
  epoch 3/3:  85%|████████▌ | 75/88 [00:20<00:03,  3.78it/s, loss=1.358]
  epoch 3/3:  86%|████████▋ | 76/88 [00:20<00:03,  3.76it/s, loss=1.358]
  epoch 3/3:  86%|████████▋ | 76/88 [00:20<00:03,  3.76it/s, loss=1.359]
  epoch 3/3:  88%|████████▊ | 77/88 [00:20<00:02,  3.75it/s, loss=1.359]
  epoch 3/3:  88%|████████▊ | 77/88 [00:20<00:02,  3.75it/s, loss=1.358]
  epoch 3/3:  89%|████████▊ | 78/88 [00:20<00:02,  3.76it/s, loss=1.358]
  epoch 3/3:  89%|████████▊ | 78/88 [00:21<00:02,  3.76it/s, loss=1.360]
  epoch 3/3:  90%|████████▉ | 79/88 [00:21<00:02,  3.77it/s, loss=1.360]
  epoch 3/3:  90%|████████▉ | 79/88 [00:21<00:02,  3.77it/s, loss=1.360]
  epoch 3/3:  91%|█████████ | 80/88 [00:21<00:02,  3.73it/s, loss=1.360]
  epoch 3/3:  91%|█████████ | 80/88 [00:21<00:02,  3.73it/s, loss=1.359]
  epoch 3/3:  92%|█████████▏| 81/88 [00:21<00:01,  3.74it/s, loss=1.359]
  epoch 3/3:  92%|█████████▏| 81/88 [00:21<00:01,  3.74it/s, loss=1.360]
  epoch 3/3:  93%|█████████▎| 82/88 [00:21<00:01,  3.73it/s, loss=1.360]
  epoch 3/3:  93%|█████████▎| 82/88 [00:22<00:01,  3.73it/s, loss=1.358]
  epoch 3/3:  94%|█████████▍| 83/88 [00:22<00:01,  3.75it/s, loss=1.358]
  epoch 3/3:  94%|█████████▍| 83/88 [00:22<00:01,  3.75it/s, loss=1.358]
  epoch 3/3:  95%|█████████▌| 84/88 [00:22<00:01,  3.76it/s, loss=1.358]
  epoch 3/3:  95%|█████████▌| 84/88 [00:22<00:01,  3.76it/s, loss=1.358]
  epoch 3/3:  97%|█████████▋| 85/88 [00:22<00:00,  3.77it/s, loss=1.358]
  epoch 3/3:  97%|█████████▋| 85/88 [00:23<00:00,  3.77it/s, loss=1.358]
  epoch 3/3:  98%|█████████▊| 86/88 [00:23<00:00,  3.77it/s, loss=1.358]
  epoch 3/3:  98%|█████████▊| 86/88 [00:23<00:00,  3.77it/s, loss=1.356]
  epoch 3/3:  99%|█████████▉| 87/88 [00:23<00:00,  3.77it/s, loss=1.356]
  epoch 3/3:  99%|█████████▉| 87/88 [00:23<00:00,  3.77it/s, loss=1.356]
  epoch 3/3: 100%|██████████| 88/88 [00:23<00:00,  4.14it/s, loss=1.356]
                                                                        
[titans] reset=never | norm(state) sau task = 81.5861
[titans]   self-mod v:β=0.95 |W|=0.68
[titans]   eta_t(avg)=0.3923  alpha_t/forget-gate(avg)=0.9795
[task 8] test acc so far: 0.843  0.611  0.529  0.631  0.469  0.149  0.431  0.100  0.009
[task 8] NCM-head acc so far: 0.806  0.714  0.706  0.706  0.734  0.709  0.689  0.634  0.640
  memory_state.pt đã lưu (norm=81.5861)

== Ma trận accuracy (hàng = sau khi học task i, cột = đánh giá task j)
[[0.849 0.    0.    0.    0.    0.    0.    0.    0.   ]
 [0.834 0.28  0.    0.    0.    0.    0.    0.    0.   ]
 [0.814 0.42  0.291 0.    0.    0.    0.    0.    0.   ]
 [0.803 0.429 0.291 0.466 0.    0.    0.    0.    0.   ]
 [0.834 0.509 0.383 0.543 0.277 0.    0.    0.    0.   ]
 [0.826 0.531 0.397 0.583 0.366 0.034 0.    0.    0.   ]
 [0.826 0.591 0.44  0.6   0.366 0.071 0.269 0.    0.   ]
 [0.846 0.611 0.5   0.623 0.429 0.094 0.389 0.054 0.   ]
 [0.843 0.611 0.529 0.631 0.469 0.149 0.431 0.1   0.009]]

== Kết quả
  Average Accuracy   : 0.4190  (cao = tốt)
  Average Forgetting : -0.0268  (thấp = tốt — con số dự án cần giảm)
  Backward Transfer  : 0.1554  (âm = quên)

== ĐÒN A — NCM-head (prototype trên feature sau memory, KHÔNG train lại)
  Linear-head : Acc 0.4190 | Forget -0.0268
  NCM-head    : Acc 0.7041 | Forget 0.0850
  Mốc NCM gốc : Acc 0.6933 | Forget 0.1000  (vượt được = head Linear là nút thắt)
  Saved -> /home/an/RaybanMeta/uav-continual-learning/artifacts/titan_m3_study/results/resisc45_titans_seed2_improved_m3_delta_clip_f16_lr0.001_rnever_optkeep_splitcombined31500_v2
